ISO-10303-21;
HEADER;
/* Generated by software containing ST-Developer
 * from STEP Tools, Inc. (www.steptools.com) 
 */

FILE_DESCRIPTION(
/* description */ (''),
/* implementation_level */ '2;1');

FILE_NAME(
/* name */ 
'WristStructureRelease_WristStructure_Feetech_AdapterAndTeeth.step',
/* time_stamp */ '2026-08-17T11:03:02+02:00',
/* author */ (''),
/* organization */ (''),
/* preprocessor_version */ 'ST-DEVELOPER v20.1',
/* originating_system */ 'Autodesk Translation Framework v15.8.0.0',
/* authorisation */ '');

FILE_SCHEMA (('AUTOMOTIVE_DESIGN { 1 0 10303 214 3 1 1 }'));
ENDSEC;

DATA;
#10=MECHANICAL_DESIGN_GEOMETRIC_PRESENTATION_REPRESENTATION('',(#410,#411),
#14719);
#11=SHAPE_REPRESENTATION_RELATIONSHIP('SRR','None',#14726,#12);
#12=ADVANCED_BREP_SHAPE_REPRESENTATION('',(#412,#413),#14718);
#13=TOROIDAL_SURFACE('',#6850,0.650000000000001,0.5);
#14=TOROIDAL_SURFACE('',#6853,8.84036692696235,0.5);
#15=TOROIDAL_SURFACE('',#6856,0.65,0.5);
#16=TOROIDAL_SURFACE('',#6865,0.650000000000001,0.5);
#17=TOROIDAL_SURFACE('',#6868,8.84036692696235,0.5);
#18=TOROIDAL_SURFACE('',#6871,0.649999999999998,0.5);
#19=TOROIDAL_SURFACE('',#6880,0.650000000000002,0.5);
#20=TOROIDAL_SURFACE('',#6883,8.84036692696235,0.5);
#21=TOROIDAL_SURFACE('',#6886,0.650000000000001,0.5);
#22=TOROIDAL_SURFACE('',#6895,0.650000000000001,0.5);
#23=TOROIDAL_SURFACE('',#6898,8.84036692696235,0.5);
#24=TOROIDAL_SURFACE('',#6901,0.649999999999999,0.5);
#25=TOROIDAL_SURFACE('',#6910,0.65,0.5);
#26=TOROIDAL_SURFACE('',#6913,8.84036692696235,0.5);
#27=TOROIDAL_SURFACE('',#6916,0.649999999999997,0.5);
#28=TOROIDAL_SURFACE('',#6925,0.649999999999999,0.5);
#29=TOROIDAL_SURFACE('',#6928,8.84036692696235,0.5);
#30=TOROIDAL_SURFACE('',#6931,0.65,0.5);
#31=TOROIDAL_SURFACE('',#6940,0.650000000000001,0.5);
#32=TOROIDAL_SURFACE('',#6943,8.84036692696235,0.5);
#33=TOROIDAL_SURFACE('',#6946,0.649999999999998,0.5);
#34=TOROIDAL_SURFACE('',#6955,0.650000000000002,0.5);
#35=TOROIDAL_SURFACE('',#6958,8.84036692696235,0.5);
#36=TOROIDAL_SURFACE('',#6961,0.650000000000001,0.5);
#37=TOROIDAL_SURFACE('',#6970,0.649999999999999,0.5);
#38=TOROIDAL_SURFACE('',#6973,8.84036692696235,0.5);
#39=TOROIDAL_SURFACE('',#6976,0.650000000000001,0.5);
#40=TOROIDAL_SURFACE('',#6985,0.649999999999999,0.5);
#41=TOROIDAL_SURFACE('',#6988,8.84036692696235,0.5);
#42=TOROIDAL_SURFACE('',#6991,0.649999999999998,0.5);
#43=TOROIDAL_SURFACE('',#7000,0.650000000000002,0.5);
#44=TOROIDAL_SURFACE('',#7003,8.84036692696235,0.5);
#45=TOROIDAL_SURFACE('',#7006,0.649999999999997,0.5);
#46=TOROIDAL_SURFACE('',#7015,0.649999999999999,0.5);
#47=TOROIDAL_SURFACE('',#7018,8.84036692696235,0.5);
#48=TOROIDAL_SURFACE('',#7021,0.65,0.5);
#49=TOROIDAL_SURFACE('',#7030,0.649999999999998,0.5);
#50=TOROIDAL_SURFACE('',#7033,8.84036692696235,0.5);
#51=TOROIDAL_SURFACE('',#7036,0.650000000000002,0.5);
#52=TOROIDAL_SURFACE('',#7043,0.650000000000001,0.5);
#53=TOROIDAL_SURFACE('',#7048,8.84036692696235,0.5);
#54=TOROIDAL_SURFACE('',#7051,0.649999999999999,0.5);
#55=TOROIDAL_SURFACE('',#7060,0.649999999999999,0.5);
#56=TOROIDAL_SURFACE('',#7063,8.84036692696235,0.5);
#57=TOROIDAL_SURFACE('',#7066,0.65,0.5);
#58=TOROIDAL_SURFACE('',#7075,0.649999999999998,0.5);
#59=TOROIDAL_SURFACE('',#7078,8.84036692696235,0.5);
#60=TOROIDAL_SURFACE('',#7081,0.65,0.5);
#61=TOROIDAL_SURFACE('',#7090,0.649999999999999,0.5);
#62=TOROIDAL_SURFACE('',#7093,8.84036692696235,0.5);
#63=TOROIDAL_SURFACE('',#7096,0.65,0.5);
#64=TOROIDAL_SURFACE('',#7105,0.650000000000002,0.5);
#65=TOROIDAL_SURFACE('',#7108,8.84036692696234,0.5);
#66=TOROIDAL_SURFACE('',#7111,0.649999999999997,0.5);
#67=TOROIDAL_SURFACE('',#7120,0.649999999999999,0.5);
#68=TOROIDAL_SURFACE('',#7123,8.84036692696235,0.5);
#69=TOROIDAL_SURFACE('',#7126,0.649999999999995,0.5);
#70=TOROIDAL_SURFACE('',#7135,0.65,0.5);
#71=TOROIDAL_SURFACE('',#7138,8.84036692696235,0.5);
#72=TOROIDAL_SURFACE('',#7141,0.650000000000003,0.5);
#73=TOROIDAL_SURFACE('',#7150,0.649999999999997,0.5);
#74=TOROIDAL_SURFACE('',#7153,8.84036692696235,0.5);
#75=TOROIDAL_SURFACE('',#7156,0.649999999999995,0.5);
#76=TOROIDAL_SURFACE('',#7165,0.649999999999999,0.5);
#77=TOROIDAL_SURFACE('',#7168,8.84036692696235,0.5);
#78=TOROIDAL_SURFACE('',#7171,0.649999999999992,0.5);
#79=TOROIDAL_SURFACE('',#7180,0.649999999999998,0.5);
#80=TOROIDAL_SURFACE('',#7183,8.84036692696234,0.5);
#81=TOROIDAL_SURFACE('',#7186,0.650000000000002,0.5);
#82=TOROIDAL_SURFACE('',#7195,0.65,0.5);
#83=TOROIDAL_SURFACE('',#7198,8.84036692696234,0.5);
#84=TOROIDAL_SURFACE('',#7201,0.650000000000001,0.5);
#85=TOROIDAL_SURFACE('',#7210,0.649999999999999,0.5);
#86=TOROIDAL_SURFACE('',#7213,8.84036692696235,0.5);
#87=TOROIDAL_SURFACE('',#7216,0.65,0.5);
#88=TOROIDAL_SURFACE('',#7225,0.649999999999999,0.5);
#89=TOROIDAL_SURFACE('',#7228,8.84036692696235,0.5);
#90=TOROIDAL_SURFACE('',#7231,0.649999999999999,0.5);
#91=TOROIDAL_SURFACE('',#7240,0.650000000000003,0.5);
#92=TOROIDAL_SURFACE('',#7243,8.84036692696235,0.5);
#93=TOROIDAL_SURFACE('',#7246,0.649999999999999,0.5);
#94=TOROIDAL_SURFACE('',#7413,9.75,0.5);
#95=(
BOUNDED_SURFACE()
B_SPLINE_SURFACE(2,2,((#10365,#10366,#10367),(#10368,#10369,#10370),(#10371,
#10372,#10373)),.UNSPECIFIED.,.F.,.F.,.F.)
B_SPLINE_SURFACE_WITH_KNOTS((3,3),(3,3),(-1.5707963267949,0.),(1.02898242408601,
1.37577235718923),.UNSPECIFIED.)
GEOMETRIC_REPRESENTATION_ITEM()
RATIONAL_B_SPLINE_SURFACE(((1.,0.98500471977674,1.),(0.707106781186552,
0.696503516854892,0.707106781186552),(1.,0.98500471977674,1.)))
REPRESENTATION_ITEM('')
SURFACE()
);
#96=(
BOUNDED_SURFACE()
B_SPLINE_SURFACE(2,2,((#10404,#10405,#10406,#10407,#10408),(#10409,#10410,
#10411,#10412,#10413),(#10414,#10415,#10416,#10417,#10418)),
 .UNSPECIFIED.,.F.,.F.,.F.)
B_SPLINE_SURFACE_WITH_KNOTS((3,3),(3,2,3),(-1.5707963267949,0.),(-1.22350400126038,
-0.116355283466289,0.9907934343278),.UNSPECIFIED.)
GEOMETRIC_REPRESENTATION_ITEM()
RATIONAL_B_SPLINE_SURFACE(((1.,0.85065080835204,1.,0.85065080835204,1.),
(0.70710678118655,0.601500955007548,0.70710678118655,0.601500955007548,
0.70710678118655),(1.,0.85065080835204,1.,0.85065080835204,1.)))
REPRESENTATION_ITEM('')
SURFACE()
);
#97=(
BOUNDED_SURFACE()
B_SPLINE_SURFACE(2,2,((#10437,#10438,#10439),(#10440,#10441,#10442),(#10443,
#10444,#10445)),.UNSPECIFIED.,.F.,.F.,.F.)
B_SPLINE_SURFACE_WITH_KNOTS((3,3),(3,3),(-1.5707963267949,0.),(-1.60848292412132,
-1.26169299101861),.UNSPECIFIED.)
GEOMETRIC_REPRESENTATION_ITEM()
RATIONAL_B_SPLINE_SURFACE(((1.,0.985004719776785,1.),(0.707106781186549,
0.696503516854921,0.707106781186549),(1.,0.985004719776785,1.)))
REPRESENTATION_ITEM('')
SURFACE()
);
#98=(
BOUNDED_SURFACE()
B_SPLINE_SURFACE(2,2,((#10513,#10514,#10515),(#10516,#10517,#10518),(#10519,
#10520,#10521)),.UNSPECIFIED.,.F.,.F.,.F.)
B_SPLINE_SURFACE_WITH_KNOTS((3,3),(3,3),(-1.57079632679496,0.),(1.26169299101861,
1.60848292411874),.UNSPECIFIED.)
GEOMETRIC_REPRESENTATION_ITEM()
RATIONAL_B_SPLINE_SURFACE(((1.,0.985004719777008,1.),(0.707106781186516,
0.696503516855046,0.707106781186516),(1.,0.985004719777008,1.)))
REPRESENTATION_ITEM('')
SURFACE()
);
#99=(
BOUNDED_SURFACE()
B_SPLINE_SURFACE(2,2,((#10538,#10539,#10540,#10541,#10542),(#10543,#10544,
#10545,#10546,#10547),(#10548,#10549,#10550,#10551,#10552)),
 .UNSPECIFIED.,.F.,.F.,.F.)
B_SPLINE_SURFACE_WITH_KNOTS((3,3),(3,2,3),(-1.5707963267949,3.19744231092045E-13),
(-0.990793434327838,0.11635528346627,1.22350400126038),.UNSPECIFIED.)
GEOMETRIC_REPRESENTATION_ITEM()
RATIONAL_B_SPLINE_SURFACE(((1.,0.850650808352035,1.,0.850650808352035,1.),
(0.707106781186457,0.601500955007465,0.707106781186457,0.601500955007465,
0.707106781186457),(1.,0.850650808352035,1.,0.850650808352035,1.)))
REPRESENTATION_ITEM('')
SURFACE()
);
#100=(
BOUNDED_SURFACE()
B_SPLINE_SURFACE(2,2,((#10571,#10572,#10573),(#10574,#10575,#10576),(#10577,
#10578,#10579)),.UNSPECIFIED.,.F.,.F.,.F.)
B_SPLINE_SURFACE_WITH_KNOTS((3,3),(3,3),(-1.5707963267949,3.19744231092045E-13),
(-1.37577235718709,-1.02898242408604),.UNSPECIFIED.)
GEOMETRIC_REPRESENTATION_ITEM()
RATIONAL_B_SPLINE_SURFACE(((1.,0.985004719776928,1.),(0.707106781186455,
0.69650351685493,0.707106781186455),(1.,0.985004719776928,1.)))
REPRESENTATION_ITEM('')
SURFACE()
);
#101=(
BOUNDED_SURFACE()
B_SPLINE_SURFACE(2,2,((#10647,#10648,#10649),(#10650,#10651,#10652),(#10653,
#10654,#10655)),.UNSPECIFIED.,.F.,.F.,.F.)
B_SPLINE_SURFACE_WITH_KNOTS((3,3),(3,3),(-1.5707963267949,0.),(1.49440355795119,
1.84119349105452),.UNSPECIFIED.)
GEOMETRIC_REPRESENTATION_ITEM()
RATIONAL_B_SPLINE_SURFACE(((1.,0.985004719776731,1.),(0.707106781186552,
0.696503516854886,0.707106781186552),(1.,0.985004719776731,1.)))
REPRESENTATION_ITEM('')
SURFACE()
);
#102=(
BOUNDED_SURFACE()
B_SPLINE_SURFACE(2,2,((#10672,#10673,#10674,#10675,#10676),(#10677,#10678,
#10679,#10680,#10681),(#10682,#10683,#10684,#10685,#10686)),
 .UNSPECIFIED.,.F.,.F.,.F.)
B_SPLINE_SURFACE_WITH_KNOTS((3,3),(3,2,3),(-1.5707963267949,3.19744231092045E-13),
(-0.758082867395266,0.349065850398866,1.456214568193),.UNSPECIFIED.)
GEOMETRIC_REPRESENTATION_ITEM()
RATIONAL_B_SPLINE_SURFACE(((1.,0.850650808352029,1.,0.850650808352029,1.),
(0.707106781186455,0.601500955007459,0.707106781186455,0.601500955007459,
0.707106781186455),(1.,0.850650808352029,1.,0.850650808352029,1.)))
REPRESENTATION_ITEM('')
SURFACE()
);
#103=(
BOUNDED_SURFACE()
B_SPLINE_SURFACE(2,2,((#10705,#10706,#10707),(#10708,#10709,#10710),(#10711,
#10712,#10713)),.UNSPECIFIED.,.F.,.F.,.F.)
B_SPLINE_SURFACE_WITH_KNOTS((3,3),(3,3),(-1.5707963267949,3.19744231092045E-13),
(-1.14306179025478,-0.796271857153465),.UNSPECIFIED.)
GEOMETRIC_REPRESENTATION_ITEM()
RATIONAL_B_SPLINE_SURFACE(((1.,0.985004719776905,1.),(0.707106781186432,
0.696503516854891,0.707106781186432),(1.,0.985004719776905,1.)))
REPRESENTATION_ITEM('')
SURFACE()
);
#104=(
BOUNDED_SURFACE()
B_SPLINE_SURFACE(2,2,((#10781,#10782,#10783),(#10784,#10785,#10786),(#10787,
#10788,#10789)),.UNSPECIFIED.,.F.,.F.,.F.)
B_SPLINE_SURFACE_WITH_KNOTS((3,3),(3,3),(-1.57079632679494,0.),(1.72711412488369,
2.07390405798446),.UNSPECIFIED.)
GEOMETRIC_REPRESENTATION_ITEM()
RATIONAL_B_SPLINE_SURFACE(((1.,0.985004719776952,1.),(0.707106781186541,
0.696503516855032,0.707106781186541),(1.,0.985004719776952,1.)))
REPRESENTATION_ITEM('')
SURFACE()
);
#105=(
BOUNDED_SURFACE()
B_SPLINE_SURFACE(2,2,((#10806,#10807,#10808,#10809,#10810),(#10811,#10812,
#10813,#10814,#10815),(#10816,#10817,#10818,#10819,#10820)),
 .UNSPECIFIED.,.F.,.F.,.F.)
B_SPLINE_SURFACE_WITH_KNOTS((3,3),(3,2,3),(-1.5707963267949,0.),(-0.525372300462644,
0.581776417331445,1.68892513512553),.UNSPECIFIED.)
GEOMETRIC_REPRESENTATION_ITEM()
RATIONAL_B_SPLINE_SURFACE(((1.,0.85065080835204,1.,0.85065080835204,1.),
(0.707106781186549,0.601500955007547,0.707106781186549,0.601500955007547,
0.707106781186549),(1.,0.85065080835204,1.,0.85065080835204,1.)))
REPRESENTATION_ITEM('')
SURFACE()
);
#106=(
BOUNDED_SURFACE()
B_SPLINE_SURFACE(2,2,((#10839,#10840,#10841),(#10842,#10843,#10844),(#10845,
#10846,#10847)),.UNSPECIFIED.,.F.,.F.,.F.)
B_SPLINE_SURFACE_WITH_KNOTS((3,3),(3,3),(-1.5707963267949,0.),(-0.910351223323341,
-0.563561290220881),.UNSPECIFIED.)
GEOMETRIC_REPRESENTATION_ITEM()
RATIONAL_B_SPLINE_SURFACE(((1.,0.985004719776806,1.),(0.707106781186551,
0.696503516854938,0.707106781186551),(1.,0.985004719776806,1.)))
REPRESENTATION_ITEM('')
SURFACE()
);
#107=(
BOUNDED_SURFACE()
B_SPLINE_SURFACE(2,2,((#10915,#10916,#10917),(#10918,#10919,#10920),(#10921,
#10922,#10923)),.UNSPECIFIED.,.F.,.F.,.F.)
B_SPLINE_SURFACE_WITH_KNOTS((3,3),(3,3),(-1.57079632679498,0.),(1.95982469181635,
2.30661462491575),.UNSPECIFIED.)
GEOMETRIC_REPRESENTATION_ITEM()
RATIONAL_B_SPLINE_SURFACE(((1.,0.985004719777071,1.),(0.707106781186519,
0.696503516855093,0.707106781186519),(1.,0.985004719777071,1.)))
REPRESENTATION_ITEM('')
SURFACE()
);
#108=(
BOUNDED_SURFACE()
B_SPLINE_SURFACE(2,2,((#10940,#10941,#10942,#10943,#10944),(#10945,#10946,
#10947,#10948,#10949),(#10950,#10951,#10952,#10953,#10954)),
 .UNSPECIFIED.,.F.,.F.,.F.)
B_SPLINE_SURFACE_WITH_KNOTS((3,3),(3,2,3),(-1.5707963267949,0.),(-0.29266173353009,
0.814486984264059,1.92163570205821),.UNSPECIFIED.)
GEOMETRIC_REPRESENTATION_ITEM()
RATIONAL_B_SPLINE_SURFACE(((1.,0.850650808352024,1.,0.850650808352024,1.),
(0.70710678118655,0.601500955007537,0.70710678118655,0.601500955007537,
0.70710678118655),(1.,0.850650808352024,1.,0.850650808352024,1.)))
REPRESENTATION_ITEM('')
SURFACE()
);
#109=(
BOUNDED_SURFACE()
B_SPLINE_SURFACE(2,2,((#10973,#10974,#10975),(#10976,#10977,#10978),(#10979,
#10980,#10981)),.UNSPECIFIED.,.F.,.F.,.F.)
B_SPLINE_SURFACE_WITH_KNOTS((3,3),(3,3),(-1.5707963267949,0.),(-0.677640656390242,
-0.330850723288309),.UNSPECIFIED.)
GEOMETRIC_REPRESENTATION_ITEM()
RATIONAL_B_SPLINE_SURFACE(((1.,0.985004719776852,1.),(0.707106781186548,
0.696503516854968,0.707106781186548),(1.,0.985004719776852,1.)))
REPRESENTATION_ITEM('')
SURFACE()
);
#110=(
BOUNDED_SURFACE()
B_SPLINE_SURFACE(2,2,((#11049,#11050,#11051),(#11052,#11053,#11054),(#11055,
#11056,#11057)),.UNSPECIFIED.,.F.,.F.,.F.)
B_SPLINE_SURFACE_WITH_KNOTS((3,3),(3,3),(-1.57079632679492,0.),(2.19253525874891,
2.53932519185026),.UNSPECIFIED.)
GEOMETRIC_REPRESENTATION_ITEM()
RATIONAL_B_SPLINE_SURFACE(((1.,0.985004719776901,1.),(0.707106781186547,
0.696503516855001,0.707106781186547),(1.,0.985004719776901,1.)))
REPRESENTATION_ITEM('')
SURFACE()
);
#111=(
BOUNDED_SURFACE()
B_SPLINE_SURFACE(2,2,((#11074,#11075,#11076,#11077,#11078),(#11079,#11080,
#11081,#11082,#11083),(#11084,#11085,#11086,#11087,#11088)),
 .UNSPECIFIED.,.F.,.F.,.F.)
B_SPLINE_SURFACE_WITH_KNOTS((3,3),(3,2,3),(-1.5707963267949,0.),(-0.0599511665975833,
1.04719755119655,2.15434626899069),.UNSPECIFIED.)
GEOMETRIC_REPRESENTATION_ITEM()
RATIONAL_B_SPLINE_SURFACE(((1.,0.850650808352028,1.,0.850650808352028,1.),
(0.707106781186551,0.601500955007541,0.707106781186551,0.601500955007541,
0.707106781186551),(1.,0.850650808352028,1.,0.850650808352028,1.)))
REPRESENTATION_ITEM('')
SURFACE()
);
#112=(
BOUNDED_SURFACE()
B_SPLINE_SURFACE(2,2,((#11107,#11108,#11109),(#11110,#11111,#11112),(#11113,
#11114,#11115)),.UNSPECIFIED.,.F.,.F.,.F.)
B_SPLINE_SURFACE_WITH_KNOTS((3,3),(3,3),(-1.5707963267949,0.),(-0.444930089458421,
-0.0981401563557328),.UNSPECIFIED.)
GEOMETRIC_REPRESENTATION_ITEM()
RATIONAL_B_SPLINE_SURFACE(((1.,0.985004719776787,1.),(0.707106781186547,
0.69650351685492,0.707106781186547),(1.,0.985004719776787,1.)))
REPRESENTATION_ITEM('')
SURFACE()
);
#113=(
BOUNDED_SURFACE()
B_SPLINE_SURFACE(2,2,((#11183,#11184,#11185),(#11186,#11187,#11188),(#11189,
#11190,#11191)),.UNSPECIFIED.,.F.,.F.,.F.)
B_SPLINE_SURFACE_WITH_KNOTS((3,3),(3,3),(-1.57079632679494,0.),(2.42524582568148,
2.77203575878233),.UNSPECIFIED.)
GEOMETRIC_REPRESENTATION_ITEM()
RATIONAL_B_SPLINE_SURFACE(((1.,0.985004719776945,1.),(0.707106781186538,
0.696503516855024,0.707106781186538),(1.,0.985004719776945,1.)))
REPRESENTATION_ITEM('')
SURFACE()
);
#114=(
BOUNDED_SURFACE()
B_SPLINE_SURFACE(2,2,((#11208,#11209,#11210,#11211,#11212),(#11213,#11214,
#11215,#11216,#11217),(#11218,#11219,#11220,#11221,#11222)),
 .UNSPECIFIED.,.F.,.F.,.F.)
B_SPLINE_SURFACE_WITH_KNOTS((3,3),(3,2,3),(-1.5707963267949,0.),(0.172759400335085,
1.27990811812918,2.38705683592327),.UNSPECIFIED.)
GEOMETRIC_REPRESENTATION_ITEM()
RATIONAL_B_SPLINE_SURFACE(((1.,0.85065080835204,1.,0.85065080835204,1.),
(0.707106781186547,0.601500955007545,0.707106781186547,0.601500955007545,
0.707106781186547),(1.,0.85065080835204,1.,0.85065080835204,1.)))
REPRESENTATION_ITEM('')
SURFACE()
);
#115=(
BOUNDED_SURFACE()
B_SPLINE_SURFACE(2,2,((#11241,#11242,#11243),(#11244,#11245,#11246),(#11247,
#11248,#11249)),.UNSPECIFIED.,.F.,.F.,.F.)
B_SPLINE_SURFACE_WITH_KNOTS((3,3),(3,3),(-1.5707963267949,0.),(-0.212219522525796,
0.134570410576861),.UNSPECIFIED.)
GEOMETRIC_REPRESENTATION_ITEM()
RATIONAL_B_SPLINE_SURFACE(((1.,0.985004719776789,1.),(0.707106781186545,
0.69650351685492,0.707106781186545),(1.,0.985004719776789,1.)))
REPRESENTATION_ITEM('')
SURFACE()
);
#116=(
BOUNDED_SURFACE()
B_SPLINE_SURFACE(2,2,((#11317,#11318,#11319),(#11320,#11321,#11322),(#11323,
#11324,#11325)),.UNSPECIFIED.,.F.,.F.,.F.)
B_SPLINE_SURFACE_WITH_KNOTS((3,3),(3,3),(-1.57079632679494,0.),(2.65795639261407,
3.00474632571466),.UNSPECIFIED.)
GEOMETRIC_REPRESENTATION_ITEM()
RATIONAL_B_SPLINE_SURFACE(((1.,0.985004719776968,1.),(0.707106781186538,
0.69650351685504,0.707106781186538),(1.,0.985004719776968,1.)))
REPRESENTATION_ITEM('')
SURFACE()
);
#117=(
BOUNDED_SURFACE()
B_SPLINE_SURFACE(2,2,((#11342,#11343,#11344,#11345,#11346),(#11347,#11348,
#11349,#11350,#11351),(#11352,#11353,#11354,#11355,#11356)),
 .UNSPECIFIED.,.F.,.F.,.F.)
B_SPLINE_SURFACE_WITH_KNOTS((3,3),(3,2,3),(-1.5707963267949,0.),(0.40546996726766,
1.51261868506175,2.61976740285584),.UNSPECIFIED.)
GEOMETRIC_REPRESENTATION_ITEM()
RATIONAL_B_SPLINE_SURFACE(((1.,0.85065080835204,1.,0.85065080835204,1.),
(0.707106781186545,0.601500955007543,0.707106781186545,0.601500955007543,
0.707106781186545),(1.,0.85065080835204,1.,0.85065080835204,1.)))
REPRESENTATION_ITEM('')
SURFACE()
);
#118=(
BOUNDED_SURFACE()
B_SPLINE_SURFACE(2,2,((#11375,#11376,#11377),(#11378,#11379,#11380),(#11381,
#11382,#11383)),.UNSPECIFIED.,.F.,.F.,.F.)
B_SPLINE_SURFACE_WITH_KNOTS((3,3),(3,3),(-1.5707963267949,0.),(0.0204910444084078,
0.36728097750944),.UNSPECIFIED.)
GEOMETRIC_REPRESENTATION_ITEM()
RATIONAL_B_SPLINE_SURFACE(((1.,0.985004719776929,1.),(0.707106781186545,
0.696503516855019,0.707106781186545),(1.,0.985004719776929,1.)))
REPRESENTATION_ITEM('')
SURFACE()
);
#119=(
BOUNDED_SURFACE()
B_SPLINE_SURFACE(2,2,((#11451,#11452,#11453),(#11454,#11455,#11456),(#11457,
#11458,#11459)),.UNSPECIFIED.,.F.,.F.,.F.)
B_SPLINE_SURFACE_WITH_KNOTS((3,3),(3,3),(-1.5707963267949,0.),(-0.173394966551223,
0.173394966551222),.UNSPECIFIED.)
GEOMETRIC_REPRESENTATION_ITEM()
RATIONAL_B_SPLINE_SURFACE(((1.,0.985004719776808,1.),(0.70710678118655,
0.696503516854939,0.70710678118655),(1.,0.985004719776808,1.)))
REPRESENTATION_ITEM('')
SURFACE()
);
#120=(
BOUNDED_SURFACE()
B_SPLINE_SURFACE(2,2,((#11476,#11477,#11478,#11479,#11480),(#11481,#11482,
#11483,#11484,#11485),(#11486,#11487,#11488,#11489,#11490)),
 .UNSPECIFIED.,.F.,.F.,.F.)
B_SPLINE_SURFACE_WITH_KNOTS((3,3),(3,2,3),(-1.5707963267949,0.),(0.638180534200176,
1.74532925199432,2.85247796978846),.UNSPECIFIED.)
GEOMETRIC_REPRESENTATION_ITEM()
RATIONAL_B_SPLINE_SURFACE(((1.,0.850650808352027,1.,0.850650808352027,1.),
(0.707106781186545,0.601500955007534,0.707106781186545,0.601500955007534,
0.707106781186545),(1.,0.850650808352027,1.,0.850650808352027,1.)))
REPRESENTATION_ITEM('')
SURFACE()
);
#121=(
BOUNDED_SURFACE()
B_SPLINE_SURFACE(2,2,((#11509,#11510,#11511),(#11512,#11513,#11514),(#11515,
#11516,#11517)),.UNSPECIFIED.,.F.,.F.,.F.)
B_SPLINE_SURFACE_WITH_KNOTS((3,3),(3,3),(-1.5707963267949,0.),(0.253201611339049,
0.599991544442005),.UNSPECIFIED.)
GEOMETRIC_REPRESENTATION_ITEM()
RATIONAL_B_SPLINE_SURFACE(((1.,0.985004719776764,1.),(0.707106781186545,
0.696503516854902,0.707106781186545),(1.,0.985004719776764,1.)))
REPRESENTATION_ITEM('')
SURFACE()
);
#122=(
BOUNDED_SURFACE()
B_SPLINE_SURFACE(2,2,((#11585,#11586,#11587),(#11588,#11589,#11590),(#11591,
#11592,#11593)),.UNSPECIFIED.,.F.,.F.,.F.)
B_SPLINE_SURFACE_WITH_KNOTS((3,3),(3,3),(-1.57079632679492,0.),(-0.173394966550686,
0.173394966550685),.UNSPECIFIED.)
GEOMETRIC_REPRESENTATION_ITEM()
RATIONAL_B_SPLINE_SURFACE(((1.,0.9850047197769,1.),(0.707106781186556,0.69650351685501,
0.707106781186556),(1.,0.9850047197769,1.)))
REPRESENTATION_ITEM('')
SURFACE()
);
#123=(
BOUNDED_SURFACE()
B_SPLINE_SURFACE(2,2,((#11610,#11611,#11612,#11613,#11614),(#11615,#11616,
#11617,#11618,#11619),(#11620,#11621,#11622,#11623,#11624)),
 .UNSPECIFIED.,.F.,.F.,.F.)
B_SPLINE_SURFACE_WITH_KNOTS((3,3),(3,2,3),(-1.5707963267949,3.19744231092045E-13),
(0.870891101132807,1.97803981892696,3.08518853672112),.UNSPECIFIED.)
GEOMETRIC_REPRESENTATION_ITEM()
RATIONAL_B_SPLINE_SURFACE(((1.,0.850650808352023,1.,0.850650808352023,1.),
(0.707106781186458,0.601500955007457,0.707106781186458,0.601500955007457,
0.707106781186458),(1.,0.850650808352023,1.,0.850650808352023,1.)))
REPRESENTATION_ITEM('')
SURFACE()
);
#124=(
BOUNDED_SURFACE()
B_SPLINE_SURFACE(2,2,((#11643,#11644,#11645),(#11646,#11647,#11648),(#11649,
#11650,#11651)),.UNSPECIFIED.,.F.,.F.,.F.)
B_SPLINE_SURFACE_WITH_KNOTS((3,3),(3,3),(-1.5707963267949,3.19744231092045E-13),
(0.485912178273184,0.832702111374578),.UNSPECIFIED.)
GEOMETRIC_REPRESENTATION_ITEM()
RATIONAL_B_SPLINE_SURFACE(((1.,0.985004719776898,1.),(0.707106781186462,
0.696503516854915,0.707106781186462),(1.,0.985004719776898,1.)))
REPRESENTATION_ITEM('')
SURFACE()
);
#125=(
BOUNDED_SURFACE()
B_SPLINE_SURFACE(2,2,((#11719,#11720,#11721),(#11722,#11723,#11724),(#11725,
#11726,#11727)),.UNSPECIFIED.,.F.,.F.,.F.)
B_SPLINE_SURFACE_WITH_KNOTS((3,3),(3,3),(-1.57079632679494,0.),(-2.92709721376777,
-2.58030728066704),.UNSPECIFIED.)
GEOMETRIC_REPRESENTATION_ITEM()
RATIONAL_B_SPLINE_SURFACE(((1.,0.985004719776955,1.),(0.707106781186538,
0.696503516855031,0.707106781186538),(1.,0.985004719776955,1.)))
REPRESENTATION_ITEM('')
SURFACE()
);
#126=(
BOUNDED_SURFACE()
B_SPLINE_SURFACE(2,2,((#11744,#11745,#11746,#11747,#11748),(#11749,#11750,
#11751,#11752,#11753),(#11754,#11755,#11756,#11757,#11758)),
 .UNSPECIFIED.,.F.,.F.,.F.)
B_SPLINE_SURFACE_WITH_KNOTS((3,3),(3,2,3),(-1.5707963267949,0.),(-1.10714871779418,
0.,1.10714871779418),.UNSPECIFIED.)
GEOMETRIC_REPRESENTATION_ITEM()
RATIONAL_B_SPLINE_SURFACE(((1.,0.850650808352016,1.,0.850650808352016,1.),
(0.707106781186555,0.601500955007535,0.707106781186555,0.601500955007535,
0.707106781186555),(1.,0.850650808352016,1.,0.850650808352016,1.)))
REPRESENTATION_ITEM('')
SURFACE()
);
#127=(
BOUNDED_SURFACE()
B_SPLINE_SURFACE(2,2,((#11777,#11778,#11779),(#11780,#11781,#11782),(#11783,
#11784,#11785)),.UNSPECIFIED.,.F.,.F.,.F.)
B_SPLINE_SURFACE_WITH_KNOTS((3,3),(3,3),(-1.5707963267949,0.),(0.718622745204191,
1.06541267830716),.UNSPECIFIED.)
GEOMETRIC_REPRESENTATION_ITEM()
RATIONAL_B_SPLINE_SURFACE(((1.,0.985004719776763,1.),(0.707106781186549,
0.696503516854905,0.707106781186549),(1.,0.985004719776763,1.)))
REPRESENTATION_ITEM('')
SURFACE()
);
#128=(
BOUNDED_SURFACE()
B_SPLINE_SURFACE(2,2,((#11853,#11854,#11855),(#11856,#11857,#11858),(#11859,
#11860,#11861)),.UNSPECIFIED.,.F.,.F.,.F.)
B_SPLINE_SURFACE_WITH_KNOTS((3,3),(3,3),(-1.57079632679495,0.),(-2.69438664683528,
-2.34759671373513),.UNSPECIFIED.)
GEOMETRIC_REPRESENTATION_ITEM()
RATIONAL_B_SPLINE_SURFACE(((1.,0.985004719777006,1.),(0.707106781186526,
0.696503516855055,0.707106781186526),(1.,0.985004719777006,1.)))
REPRESENTATION_ITEM('')
SURFACE()
);
#129=(
BOUNDED_SURFACE()
B_SPLINE_SURFACE(2,2,((#11878,#11879,#11880,#11881,#11882),(#11883,#11884,
#11885,#11886,#11887),(#11888,#11889,#11890,#11891,#11892)),
 .UNSPECIFIED.,.F.,.F.,.F.)
B_SPLINE_SURFACE_WITH_KNOTS((3,3),(3,2,3),(-1.5707963267949,3.19744231092045E-13),
(-1.10714871779409,0.,1.10714871779409),.UNSPECIFIED.)
GEOMETRIC_REPRESENTATION_ITEM()
RATIONAL_B_SPLINE_SURFACE(((1.,0.85065080835204,1.,0.85065080835204,1.),
(0.707106781186446,0.601500955007459,0.707106781186446,0.601500955007459,
0.707106781186446),(1.,0.85065080835204,1.,0.85065080835204,1.)))
REPRESENTATION_ITEM('')
SURFACE()
);
#130=(
BOUNDED_SURFACE()
B_SPLINE_SURFACE(2,2,((#11911,#11912,#11913),(#11914,#11915,#11916),(#11917,
#11918,#11919)),.UNSPECIFIED.,.F.,.F.,.F.)
B_SPLINE_SURFACE_WITH_KNOTS((3,3),(3,3),(-1.5707963267949,3.19744231092045E-13),
(0.951333312138359,1.29812324523974),.UNSPECIFIED.)
GEOMETRIC_REPRESENTATION_ITEM()
RATIONAL_B_SPLINE_SURFACE(((1.,0.985004719776899,1.),(0.707106781186432,
0.696503516854887,0.707106781186432),(1.,0.985004719776899,1.)))
REPRESENTATION_ITEM('')
SURFACE()
);
#131=(
BOUNDED_SURFACE()
B_SPLINE_SURFACE(2,2,((#11987,#11988,#11989),(#11990,#11991,#11992),(#11993,
#11994,#11995)),.UNSPECIFIED.,.F.,.F.,.F.)
B_SPLINE_SURFACE_WITH_KNOTS((3,3),(3,3),(-1.57079632679491,0.),(-2.46167607990262,
-2.11488614680073),.UNSPECIFIED.)
GEOMETRIC_REPRESENTATION_ITEM()
RATIONAL_B_SPLINE_SURFACE(((1.,0.985004719776856,1.),(0.707106781186548,
0.69650351685497,0.707106781186548),(1.,0.985004719776856,1.)))
REPRESENTATION_ITEM('')
SURFACE()
);
#132=(
BOUNDED_SURFACE()
B_SPLINE_SURFACE(2,2,((#12012,#12013,#12014,#12015,#12016),(#12017,#12018,
#12019,#12020,#12021),(#12022,#12023,#12024,#12025,#12026)),
 .UNSPECIFIED.,.F.,.F.,.F.)
B_SPLINE_SURFACE_WITH_KNOTS((3,3),(3,2,3),(-1.5707963267949,3.19744231092045E-13),
(-1.10714871779415,0.,1.10714871779415),.UNSPECIFIED.)
GEOMETRIC_REPRESENTATION_ITEM()
RATIONAL_B_SPLINE_SURFACE(((1.,0.850650808352023,1.,0.850650808352023,1.),
(0.707106781186452,0.601500955007453,0.707106781186452,0.601500955007453,
0.707106781186452),(1.,0.850650808352023,1.,0.850650808352023,1.)))
REPRESENTATION_ITEM('')
SURFACE()
);
#133=(
BOUNDED_SURFACE()
B_SPLINE_SURFACE(2,2,((#12045,#12046,#12047),(#12048,#12049,#12050),(#12051,
#12052,#12053)),.UNSPECIFIED.,.F.,.F.,.F.)
B_SPLINE_SURFACE_WITH_KNOTS((3,3),(3,3),(-1.5707963267949,3.19744231092045E-13),
(1.18404387906981,1.53083381217231),.UNSPECIFIED.)
GEOMETRIC_REPRESENTATION_ITEM()
RATIONAL_B_SPLINE_SURFACE(((1.,0.985004719776803,1.),(0.707106781186432,
0.696503516854819,0.707106781186432),(1.,0.985004719776803,1.)))
REPRESENTATION_ITEM('')
SURFACE()
);
#134=(
BOUNDED_SURFACE()
B_SPLINE_SURFACE(2,2,((#12121,#12122,#12123),(#12124,#12125,#12126),(#12127,
#12128,#12129)),.UNSPECIFIED.,.F.,.F.,.F.)
B_SPLINE_SURFACE_WITH_KNOTS((3,3),(3,3),(-1.57079632679491,0.),(-2.22896551297015,
-1.88217557986814),.UNSPECIFIED.)
GEOMETRIC_REPRESENTATION_ITEM()
RATIONAL_B_SPLINE_SURFACE(((1.,0.985004719776845,1.),(0.707106781186568,
0.696503516854982,0.707106781186568),(1.,0.985004719776845,1.)))
REPRESENTATION_ITEM('')
SURFACE()
);
#135=(
BOUNDED_SURFACE()
B_SPLINE_SURFACE(2,2,((#12146,#12147,#12148,#12149,#12150),(#12151,#12152,
#12153,#12154,#12155),(#12156,#12157,#12158,#12159,#12160)),
 .UNSPECIFIED.,.F.,.F.,.F.)
B_SPLINE_SURFACE_WITH_KNOTS((3,3),(3,2,3),(-1.5707963267949,3.19744231092045E-13),
(-1.10714871779409,0.,1.10714871779409),.UNSPECIFIED.)
GEOMETRIC_REPRESENTATION_ITEM()
RATIONAL_B_SPLINE_SURFACE(((1.,0.850650808352039,1.,0.850650808352039,1.),
(0.707106781186459,0.60150095500747,0.707106781186459,0.60150095500747,
0.707106781186459),(1.,0.850650808352039,1.,0.850650808352039,1.)))
REPRESENTATION_ITEM('')
SURFACE()
);
#136=(
BOUNDED_SURFACE()
B_SPLINE_SURFACE(2,2,((#12210,#12211,#12212),(#12213,#12214,#12215),(#12216,
#12217,#12218)),.UNSPECIFIED.,.F.,.F.,.F.)
B_SPLINE_SURFACE_WITH_KNOTS((3,3),(3,3),(-1.5707963267949,3.19744231092045E-13),
(1.41675444600225,1.76354437910492),.UNSPECIFIED.)
GEOMETRIC_REPRESENTATION_ITEM()
RATIONAL_B_SPLINE_SURFACE(((1.,0.985004719776788,1.),(0.707106781186432,
0.696503516854808,0.707106781186432),(1.,0.985004719776788,1.)))
REPRESENTATION_ITEM('')
SURFACE()
);
#137=(
BOUNDED_SURFACE()
B_SPLINE_SURFACE(2,2,((#12255,#12256,#12257),(#12258,#12259,#12260),(#12261,
#12262,#12263)),.UNSPECIFIED.,.F.,.F.,.F.)
B_SPLINE_SURFACE_WITH_KNOTS((3,3),(3,3),(-1.57079632679495,0.),(-1.99625494603749,
-1.64946501293708),.UNSPECIFIED.)
GEOMETRIC_REPRESENTATION_ITEM()
RATIONAL_B_SPLINE_SURFACE(((1.,0.985004719776983,1.),(0.707106781186526,
0.696503516855039,0.707106781186526),(1.,0.985004719776983,1.)))
REPRESENTATION_ITEM('')
SURFACE()
);
#138=(
BOUNDED_SURFACE()
B_SPLINE_SURFACE(2,2,((#12280,#12281,#12282,#12283,#12284),(#12285,#12286,
#12287,#12288,#12289),(#12290,#12291,#12292,#12293,#12294)),
 .UNSPECIFIED.,.F.,.F.,.F.)
B_SPLINE_SURFACE_WITH_KNOTS((3,3),(3,2,3),(-1.5707963267949,0.),(-1.10714871779409,
0.,1.10714871779409),.UNSPECIFIED.)
GEOMETRIC_REPRESENTATION_ITEM()
RATIONAL_B_SPLINE_SURFACE(((1.,0.85065080835204,1.,0.85065080835204,1.),
(0.707106781186545,0.601500955007544,0.707106781186545,0.601500955007544,
0.707106781186545),(1.,0.85065080835204,1.,0.85065080835204,1.)))
REPRESENTATION_ITEM('')
SURFACE()
);
#139=(
BOUNDED_SURFACE()
B_SPLINE_SURFACE(2,2,((#12313,#12314,#12315),(#12316,#12317,#12318),(#12319,
#12320,#12321)),.UNSPECIFIED.,.F.,.F.,.F.)
B_SPLINE_SURFACE_WITH_KNOTS((3,3),(3,3),(-1.5707963267949,0.),(1.64946501293645,
1.99625494603747),.UNSPECIFIED.)
GEOMETRIC_REPRESENTATION_ITEM()
RATIONAL_B_SPLINE_SURFACE(((1.,0.985004719776931,1.),(0.707106781186545,
0.69650351685502,0.707106781186545),(1.,0.985004719776931,1.)))
REPRESENTATION_ITEM('')
SURFACE()
);
#140=(
BOUNDED_SURFACE()
B_SPLINE_SURFACE(2,2,((#12389,#12390,#12391),(#12392,#12393,#12394),(#12395,
#12396,#12397)),.UNSPECIFIED.,.F.,.F.,.F.)
B_SPLINE_SURFACE_WITH_KNOTS((3,3),(3,3),(-1.5707963267949,0.),(-1.76354437910495,
-1.41675444600218),.UNSPECIFIED.)
GEOMETRIC_REPRESENTATION_ITEM()
RATIONAL_B_SPLINE_SURFACE(((1.,0.98500471977678,1.),(0.707106781186549,
0.696503516854917,0.707106781186549),(1.,0.98500471977678,1.)))
REPRESENTATION_ITEM('')
SURFACE()
);
#141=(
BOUNDED_SURFACE()
B_SPLINE_SURFACE(2,2,((#12414,#12415,#12416,#12417,#12418),(#12419,#12420,
#12421,#12422,#12423),(#12424,#12425,#12426,#12427,#12428)),
 .UNSPECIFIED.,.F.,.F.,.F.)
B_SPLINE_SURFACE_WITH_KNOTS((3,3),(3,2,3),(-1.5707963267949,0.),(-1.10714871779412,
0.,1.10714871779412),.UNSPECIFIED.)
GEOMETRIC_REPRESENTATION_ITEM()
RATIONAL_B_SPLINE_SURFACE(((1.,0.850650808352032,1.,0.850650808352032,1.),
(0.707106781186558,0.601500955007549,0.707106781186558,0.601500955007549,
0.707106781186558),(1.,0.850650808352032,1.,0.850650808352032,1.)))
REPRESENTATION_ITEM('')
SURFACE()
);
#142=(
BOUNDED_SURFACE()
B_SPLINE_SURFACE(2,2,((#12447,#12448,#12449),(#12450,#12451,#12452),(#12453,
#12454,#12455)),.UNSPECIFIED.,.F.,.F.,.F.)
B_SPLINE_SURFACE_WITH_KNOTS((3,3),(3,3),(-1.5707963267949,0.),(1.88217557986631,
2.22896551297004),.UNSPECIFIED.)
GEOMETRIC_REPRESENTATION_ITEM()
RATIONAL_B_SPLINE_SURFACE(((1.,0.985004719776697,1.),(0.707106781186545,
0.696503516854855,0.707106781186545),(1.,0.985004719776697,1.)))
REPRESENTATION_ITEM('')
SURFACE()
);
#143=(
BOUNDED_SURFACE()
B_SPLINE_SURFACE(2,2,((#12523,#12524,#12525),(#12526,#12527,#12528),(#12529,
#12530,#12531)),.UNSPECIFIED.,.F.,.F.,.F.)
B_SPLINE_SURFACE_WITH_KNOTS((3,3),(3,3),(-1.57079632679492,0.),(-1.53083381217232,
-1.18404387907108),.UNSPECIFIED.)
GEOMETRIC_REPRESENTATION_ITEM()
RATIONAL_B_SPLINE_SURFACE(((1.,0.985004719776911,1.),(0.707106781186552,
0.696503516855013,0.707106781186552),(1.,0.985004719776911,1.)))
REPRESENTATION_ITEM('')
SURFACE()
);
#144=(
BOUNDED_SURFACE()
B_SPLINE_SURFACE(2,2,((#12548,#12549,#12550,#12551,#12552),(#12553,#12554,
#12555,#12556,#12557),(#12558,#12559,#12560,#12561,#12562)),
 .UNSPECIFIED.,.F.,.F.,.F.)
B_SPLINE_SURFACE_WITH_KNOTS((3,3),(3,2,3),(-1.5707963267949,0.),(-1.10714871779411,
0.,1.10714871779411),.UNSPECIFIED.)
GEOMETRIC_REPRESENTATION_ITEM()
RATIONAL_B_SPLINE_SURFACE(((1.,0.850650808352036,1.,0.850650808352036,1.),
(0.707106781186545,0.601500955007541,0.707106781186545,0.601500955007541,
0.707106781186545),(1.,0.850650808352036,1.,0.850650808352036,1.)))
REPRESENTATION_ITEM('')
SURFACE()
);
#145=(
BOUNDED_SURFACE()
B_SPLINE_SURFACE(2,2,((#12581,#12582,#12583),(#12584,#12585,#12586),(#12587,
#12588,#12589)),.UNSPECIFIED.,.F.,.F.,.F.)
B_SPLINE_SURFACE_WITH_KNOTS((3,3),(3,3),(-1.5707963267949,0.),(2.11488614679964,
2.46167607990271),.UNSPECIFIED.)
GEOMETRIC_REPRESENTATION_ITEM()
RATIONAL_B_SPLINE_SURFACE(((1.,0.985004719776754,1.),(0.707106781186545,
0.696503516854895,0.707106781186545),(1.,0.985004719776754,1.)))
REPRESENTATION_ITEM('')
SURFACE()
);
#146=(
BOUNDED_SURFACE()
B_SPLINE_SURFACE(2,2,((#12657,#12658,#12659),(#12660,#12661,#12662),(#12663,
#12664,#12665)),.UNSPECIFIED.,.F.,.F.,.F.)
B_SPLINE_SURFACE_WITH_KNOTS((3,3),(3,3),(-1.57079632679491,0.),(-1.2981232452398,
-0.951333312138321),.UNSPECIFIED.)
GEOMETRIC_REPRESENTATION_ITEM()
RATIONAL_B_SPLINE_SURFACE(((1.,0.985004719776891,1.),(0.707106781186552,
0.696503516854999,0.707106781186552),(1.,0.985004719776891,1.)))
REPRESENTATION_ITEM('')
SURFACE()
);
#147=(
BOUNDED_SURFACE()
B_SPLINE_SURFACE(2,2,((#12682,#12683,#12684,#12685,#12686),(#12687,#12688,
#12689,#12690,#12691),(#12692,#12693,#12694,#12695,#12696)),
 .UNSPECIFIED.,.F.,.F.,.F.)
B_SPLINE_SURFACE_WITH_KNOTS((3,3),(3,2,3),(-1.5707963267949,3.19744231092046E-13),
(-1.10714871779411,2.22044604925031E-16,1.10714871779411),.UNSPECIFIED.)
GEOMETRIC_REPRESENTATION_ITEM()
RATIONAL_B_SPLINE_SURFACE(((1.,0.850650808352035,1.,0.850650808352035,1.),
(0.707106781186455,0.601500955007464,0.707106781186455,0.601500955007464,
0.707106781186455),(1.,0.850650808352035,1.,0.850650808352035,1.)))
REPRESENTATION_ITEM('')
SURFACE()
);
#148=(
BOUNDED_SURFACE()
B_SPLINE_SURFACE(2,2,((#12715,#12716,#12717),(#12718,#12719,#12720),(#12721,
#12722,#12723)),.UNSPECIFIED.,.F.,.F.,.F.)
B_SPLINE_SURFACE_WITH_KNOTS((3,3),(3,3),(-1.5707963267949,3.19744231092046E-13),
(2.34759671373267,2.6943866468352),.UNSPECIFIED.)
GEOMETRIC_REPRESENTATION_ITEM()
RATIONAL_B_SPLINE_SURFACE(((1.,0.985004719776801,1.),(0.707106781186458,
0.696503516854843,0.707106781186458),(1.,0.985004719776801,1.)))
REPRESENTATION_ITEM('')
SURFACE()
);
#149=(
BOUNDED_SURFACE()
B_SPLINE_SURFACE(2,2,((#12791,#12792,#12793),(#12794,#12795,#12796),(#12797,
#12798,#12799)),.UNSPECIFIED.,.F.,.F.,.F.)
B_SPLINE_SURFACE_WITH_KNOTS((3,3),(3,3),(-1.5707963267949,0.),(-1.06541267830719,
-0.718622745205282),.UNSPECIFIED.)
GEOMETRIC_REPRESENTATION_ITEM()
RATIONAL_B_SPLINE_SURFACE(((1.,0.985004719776854,1.),(0.707106781186545,
0.696503516854966,0.707106781186545),(1.,0.985004719776854,1.)))
REPRESENTATION_ITEM('')
SURFACE()
);
#150=(
BOUNDED_SURFACE()
B_SPLINE_SURFACE(2,2,((#12816,#12817,#12818,#12819,#12820),(#12821,#12822,
#12823,#12824,#12825),(#12826,#12827,#12828,#12829,#12830)),
 .UNSPECIFIED.,.F.,.F.,.F.)
B_SPLINE_SURFACE_WITH_KNOTS((3,3),(3,2,3),(-1.5707963267949,3.19744231092045E-13),
(-1.10714871779415,0.,1.10714871779415),.UNSPECIFIED.)
GEOMETRIC_REPRESENTATION_ITEM()
RATIONAL_B_SPLINE_SURFACE(((1.,0.850650808352024,1.,0.850650808352024,1.),
(0.707106781186455,0.601500955007456,0.707106781186455,0.601500955007456,
0.707106781186455),(1.,0.850650808352024,1.,0.850650808352024,1.)))
REPRESENTATION_ITEM('')
SURFACE()
);
#151=(
BOUNDED_SURFACE()
B_SPLINE_SURFACE(2,2,((#12849,#12850,#12851),(#12852,#12853,#12854),(#12855,
#12856,#12857)),.UNSPECIFIED.,.F.,.F.,.F.)
B_SPLINE_SURFACE_WITH_KNOTS((3,3),(3,3),(-1.5707963267949,3.19744231092045E-13),
(2.58030728066684,2.92709721376777),.UNSPECIFIED.)
GEOMETRIC_REPRESENTATION_ITEM()
RATIONAL_B_SPLINE_SURFACE(((1.,0.985004719776938,1.),(0.707106781186438,
0.69650351685492,0.707106781186438),(1.,0.985004719776938,1.)))
REPRESENTATION_ITEM('')
SURFACE()
);
#152=(
BOUNDED_SURFACE()
B_SPLINE_SURFACE(2,2,((#12925,#12926,#12927),(#12928,#12929,#12930),(#12931,
#12932,#12933)),.UNSPECIFIED.,.F.,.F.,.F.)
B_SPLINE_SURFACE_WITH_KNOTS((3,3),(3,3),(-1.5707963267949,0.),(-0.832702111374575,
-0.485912178271096),.UNSPECIFIED.)
GEOMETRIC_REPRESENTATION_ITEM()
RATIONAL_B_SPLINE_SURFACE(((1.,0.985004719776719,1.),(0.707106781186549,
0.696503516854874,0.707106781186549),(1.,0.985004719776719,1.)))
REPRESENTATION_ITEM('')
SURFACE()
);
#153=(
BOUNDED_SURFACE()
B_SPLINE_SURFACE(2,2,((#12950,#12951,#12952,#12953,#12954),(#12955,#12956,
#12957,#12958,#12959),(#12960,#12961,#12962,#12963,#12964)),
 .UNSPECIFIED.,.F.,.F.,.F.)
B_SPLINE_SURFACE_WITH_KNOTS((3,3),(3,2,3),(-1.5707963267949,3.19744231092045E-13),
(-3.08518853672108,-1.97803981892682,-0.870891101132565),.UNSPECIFIED.)
GEOMETRIC_REPRESENTATION_ITEM()
RATIONAL_B_SPLINE_SURFACE(((1.,0.850650808351997,1.,0.850650808351997,1.),
(0.707106781186458,0.601500955007439,0.707106781186458,0.601500955007439,
0.707106781186458),(1.,0.850650808351997,1.,0.850650808351997,1.)))
REPRESENTATION_ITEM('')
SURFACE()
);
#154=(
BOUNDED_SURFACE()
B_SPLINE_SURFACE(2,2,((#12983,#12984,#12985),(#12986,#12987,#12988),(#12989,
#12990,#12991)),.UNSPECIFIED.,.F.,.F.,.F.)
B_SPLINE_SURFACE_WITH_KNOTS((3,3),(3,3),(-1.5707963267949,3.19744231092045E-13),
(-0.173394966550467,0.173394966550467),.UNSPECIFIED.)
GEOMETRIC_REPRESENTATION_ITEM()
RATIONAL_B_SPLINE_SURFACE(((1.,0.985004719776938,1.),(0.707106781186458,
0.69650351685494,0.707106781186458),(1.,0.985004719776938,1.)))
REPRESENTATION_ITEM('')
SURFACE()
);
#155=(
BOUNDED_SURFACE()
B_SPLINE_SURFACE(2,2,((#13059,#13060,#13061),(#13062,#13063,#13064),(#13065,
#13066,#13067)),.UNSPECIFIED.,.F.,.F.,.F.)
B_SPLINE_SURFACE_WITH_KNOTS((3,3),(3,3),(-1.57079632679492,0.),(-0.599991544442,
-0.253201611340479),.UNSPECIFIED.)
GEOMETRIC_REPRESENTATION_ITEM()
RATIONAL_B_SPLINE_SURFACE(((1.,0.985004719776887,1.),(0.707106781186535,
0.69650351685498,0.707106781186535),(1.,0.985004719776887,1.)))
REPRESENTATION_ITEM('')
SURFACE()
);
#156=(
BOUNDED_SURFACE()
B_SPLINE_SURFACE(2,2,((#13084,#13085,#13086,#13087,#13088),(#13089,#13090,
#13091,#13092,#13093),(#13094,#13095,#13096,#13097,#13098)),
 .UNSPECIFIED.,.F.,.F.,.F.)
B_SPLINE_SURFACE_WITH_KNOTS((3,3),(3,2,3),(-1.5707963267949,3.19744231092044E-13),
(-2.85247796978842,-1.74532925199429,-0.638180534200163),.UNSPECIFIED.)
GEOMETRIC_REPRESENTATION_ITEM()
RATIONAL_B_SPLINE_SURFACE(((1.,0.85065080835203,1.,0.85065080835203,1.),
(0.707106781186462,0.601500955007465,0.707106781186462,0.601500955007465,
0.707106781186462),(1.,0.85065080835203,1.,0.85065080835203,1.)))
REPRESENTATION_ITEM('')
SURFACE()
);
#157=(
BOUNDED_SURFACE()
B_SPLINE_SURFACE(2,2,((#13117,#13118,#13119),(#13120,#13121,#13122),(#13123,
#13124,#13125)),.UNSPECIFIED.,.F.,.F.,.F.)
B_SPLINE_SURFACE_WITH_KNOTS((3,3),(3,3),(-1.5707963267949,3.19744231092044E-13),
(-0.173394966551236,0.173394966551235),.UNSPECIFIED.)
GEOMETRIC_REPRESENTATION_ITEM()
RATIONAL_B_SPLINE_SURFACE(((1.,0.985004719776805,1.),(0.707106781186451,
0.696503516854839,0.707106781186451),(1.,0.985004719776805,1.)))
REPRESENTATION_ITEM('')
SURFACE()
);
#158=(
BOUNDED_SURFACE()
B_SPLINE_SURFACE(2,2,((#13193,#13194,#13195),(#13196,#13197,#13198),(#13199,
#13200,#13201)),.UNSPECIFIED.,.F.,.F.,.F.)
B_SPLINE_SURFACE_WITH_KNOTS((3,3),(3,3),(-1.5707963267949,0.),(-0.367280977509421,
-0.020491044406238),.UNSPECIFIED.)
GEOMETRIC_REPRESENTATION_ITEM()
RATIONAL_B_SPLINE_SURFACE(((1.,0.985004719776744,1.),(0.707106781186556,
0.696503516854899,0.707106781186556),(1.,0.985004719776744,1.)))
REPRESENTATION_ITEM('')
SURFACE()
);
#159=(
BOUNDED_SURFACE()
B_SPLINE_SURFACE(2,2,((#13218,#13219,#13220,#13221,#13222),(#13223,#13224,
#13225,#13226,#13227),(#13228,#13229,#13230,#13231,#13232)),
 .UNSPECIFIED.,.F.,.F.,.F.)
B_SPLINE_SURFACE_WITH_KNOTS((3,3),(3,2,3),(-1.5707963267949,0.),(-2.61976740285592,
-1.51261868506178,-0.405469967267632),.UNSPECIFIED.)
GEOMETRIC_REPRESENTATION_ITEM()
RATIONAL_B_SPLINE_SURFACE(((1.,0.850650808352025,1.,0.850650808352025,1.),
(0.707106781186556,0.601500955007543,0.707106781186556,0.601500955007543,
0.707106781186556),(1.,0.850650808352025,1.,0.850650808352025,1.)))
REPRESENTATION_ITEM('')
SURFACE()
);
#160=(
BOUNDED_SURFACE()
B_SPLINE_SURFACE(2,2,((#13251,#13252,#13253),(#13254,#13255,#13256),(#13257,
#13258,#13259)),.UNSPECIFIED.,.F.,.F.,.F.)
B_SPLINE_SURFACE_WITH_KNOTS((3,3),(3,3),(-1.5707963267949,0.),(-3.00474632571621,
-2.65795639261408),.UNSPECIFIED.)
GEOMETRIC_REPRESENTATION_ITEM()
RATIONAL_B_SPLINE_SURFACE(((1.,0.985004719776835,1.),(0.707106781186549,
0.696503516854956,0.707106781186549),(1.,0.985004719776835,1.)))
REPRESENTATION_ITEM('')
SURFACE()
);
#161=(
BOUNDED_SURFACE()
B_SPLINE_SURFACE(2,2,((#13327,#13328,#13329),(#13330,#13331,#13332),(#13333,
#13334,#13335)),.UNSPECIFIED.,.F.,.F.,.F.)
B_SPLINE_SURFACE_WITH_KNOTS((3,3),(3,3),(-1.5707963267949,0.),(-0.134570410576907,
0.212219522524853),.UNSPECIFIED.)
GEOMETRIC_REPRESENTATION_ITEM()
RATIONAL_B_SPLINE_SURFACE(((1.,0.985004719776867,1.),(0.707106781186551,
0.696503516854981,0.707106781186551),(1.,0.985004719776867,1.)))
REPRESENTATION_ITEM('')
SURFACE()
);
#162=(
BOUNDED_SURFACE()
B_SPLINE_SURFACE(2,2,((#13352,#13353,#13354,#13355,#13356),(#13357,#13358,
#13359,#13360,#13361),(#13362,#13363,#13364,#13365,#13366)),
 .UNSPECIFIED.,.F.,.F.,.F.)
B_SPLINE_SURFACE_WITH_KNOTS((3,3),(3,2,3),(-1.5707963267949,0.),(-2.38705683592341,
-1.27990811812925,-0.172759400335084),.UNSPECIFIED.)
GEOMETRIC_REPRESENTATION_ITEM()
RATIONAL_B_SPLINE_SURFACE(((1.,0.850650808352021,1.,0.850650808352021,1.),
(0.707106781186547,0.601500955007532,0.707106781186547,0.601500955007532,
0.707106781186547),(1.,0.850650808352021,1.,0.850650808352021,1.)))
REPRESENTATION_ITEM('')
SURFACE()
);
#163=(
BOUNDED_SURFACE()
B_SPLINE_SURFACE(2,2,((#13385,#13386,#13387),(#13388,#13389,#13390),(#13391,
#13392,#13393)),.UNSPECIFIED.,.F.,.F.,.F.)
B_SPLINE_SURFACE_WITH_KNOTS((3,3),(3,3),(-1.5707963267949,0.),(-2.77203575878378,
-2.4252458256815),.UNSPECIFIED.)
GEOMETRIC_REPRESENTATION_ITEM()
RATIONAL_B_SPLINE_SURFACE(((1.,0.985004719776822,1.),(0.707106781186547,
0.696503516854945,0.707106781186547),(1.,0.985004719776822,1.)))
REPRESENTATION_ITEM('')
SURFACE()
);
#164=(
BOUNDED_SURFACE()
B_SPLINE_SURFACE(2,2,((#13461,#13462,#13463),(#13464,#13465,#13466),(#13467,
#13468,#13469)),.UNSPECIFIED.,.F.,.F.,.F.)
B_SPLINE_SURFACE_WITH_KNOTS((3,3),(3,3),(-1.5707963267949,0.),(0.0981401563556596,
0.444930089458614),.UNSPECIFIED.)
GEOMETRIC_REPRESENTATION_ITEM()
RATIONAL_B_SPLINE_SURFACE(((1.,0.985004719776764,1.),(0.707106781186547,
0.696503516854904,0.707106781186547),(1.,0.985004719776764,1.)))
REPRESENTATION_ITEM('')
SURFACE()
);
#165=(
BOUNDED_SURFACE()
B_SPLINE_SURFACE(2,2,((#13486,#13487,#13488,#13489,#13490),(#13491,#13492,
#13493,#13494,#13495),(#13496,#13497,#13498,#13499,#13500)),
 .UNSPECIFIED.,.F.,.F.,.F.)
B_SPLINE_SURFACE_WITH_KNOTS((3,3),(3,2,3),(-1.5707963267949,0.),(-2.15434626899069,
-1.0471975511966,0.0599511665974951),.UNSPECIFIED.)
GEOMETRIC_REPRESENTATION_ITEM()
RATIONAL_B_SPLINE_SURFACE(((1.,0.85065080835204,1.,0.85065080835204,1.),
(0.707106781186547,0.601500955007545,0.707106781186547,0.601500955007545,
0.707106781186547),(1.,0.85065080835204,1.,0.85065080835204,1.)))
REPRESENTATION_ITEM('')
SURFACE()
);
#166=(
BOUNDED_SURFACE()
B_SPLINE_SURFACE(2,2,((#13519,#13520,#13521),(#13522,#13523,#13524),(#13525,
#13526,#13527)),.UNSPECIFIED.,.F.,.F.,.F.)
B_SPLINE_SURFACE_WITH_KNOTS((3,3),(3,3),(-1.5707963267949,0.),(-2.53932519185195,
-2.19253525874893),.UNSPECIFIED.)
GEOMETRIC_REPRESENTATION_ITEM()
RATIONAL_B_SPLINE_SURFACE(((1.,0.985004719776758,1.),(0.707106781186547,
0.6965035168549,0.707106781186547),(1.,0.985004719776758,1.)))
REPRESENTATION_ITEM('')
SURFACE()
);
#167=(
BOUNDED_SURFACE()
B_SPLINE_SURFACE(2,2,((#13595,#13596,#13597),(#13598,#13599,#13600),(#13601,
#13602,#13603)),.UNSPECIFIED.,.F.,.F.,.F.)
B_SPLINE_SURFACE_WITH_KNOTS((3,3),(3,3),(-1.5707963267949,0.),(0.330850723288306,
0.677640656391934),.UNSPECIFIED.)
GEOMETRIC_REPRESENTATION_ITEM()
RATIONAL_B_SPLINE_SURFACE(((1.,0.985004719776706,1.),(0.707106781186549,
0.696503516854865,0.707106781186549),(1.,0.985004719776706,1.)))
REPRESENTATION_ITEM('')
SURFACE()
);
#168=(
BOUNDED_SURFACE()
B_SPLINE_SURFACE(2,2,((#13620,#13621,#13622,#13623,#13624),(#13625,#13626,
#13627,#13628,#13629),(#13630,#13631,#13632,#13633,#13634)),
 .UNSPECIFIED.,.F.,.F.,.F.)
B_SPLINE_SURFACE_WITH_KNOTS((3,3),(3,2,3),(-1.5707963267949,3.19744231092045E-13),
(-1.92163570205811,-0.814486984263988,0.292661733530135),.UNSPECIFIED.)
GEOMETRIC_REPRESENTATION_ITEM()
RATIONAL_B_SPLINE_SURFACE(((1.,0.850650808352031,1.,0.850650808352031,1.),
(0.707106781186432,0.601500955007441,0.707106781186432,0.601500955007441,
0.707106781186432),(1.,0.850650808352031,1.,0.850650808352031,1.)))
REPRESENTATION_ITEM('')
SURFACE()
);
#169=(
BOUNDED_SURFACE()
B_SPLINE_SURFACE(2,2,((#13653,#13654,#13655),(#13656,#13657,#13658),(#13659,
#13660,#13661)),.UNSPECIFIED.,.F.,.F.,.F.)
B_SPLINE_SURFACE_WITH_KNOTS((3,3),(3,3),(-1.5707963267949,3.19744231092045E-13),
(-2.30661462491895,-1.95982469181626),.UNSPECIFIED.)
GEOMETRIC_REPRESENTATION_ITEM()
RATIONAL_B_SPLINE_SURFACE(((1.,0.985004719776786,1.),(0.707106781186453,
0.696503516854828,0.707106781186453),(1.,0.985004719776786,1.)))
REPRESENTATION_ITEM('')
SURFACE()
);
#170=(
BOUNDED_SURFACE()
B_SPLINE_SURFACE(2,2,((#13729,#13730,#13731),(#13732,#13733,#13734),(#13735,
#13736,#13737)),.UNSPECIFIED.,.F.,.F.,.F.)
B_SPLINE_SURFACE_WITH_KNOTS((3,3),(3,3),(-1.57079632679492,0.),(0.563561290220829,
0.910351223322557),.UNSPECIFIED.)
GEOMETRIC_REPRESENTATION_ITEM()
RATIONAL_B_SPLINE_SURFACE(((1.,0.98500471977687,1.),(0.707106781186553,
0.696503516854985,0.707106781186553),(1.,0.98500471977687,1.)))
REPRESENTATION_ITEM('')
SURFACE()
);
#171=(
BOUNDED_SURFACE()
B_SPLINE_SURFACE(2,2,((#13754,#13755,#13756,#13757,#13758),(#13759,#13760,
#13761,#13762,#13763),(#13764,#13765,#13766,#13767,#13768)),
 .UNSPECIFIED.,.F.,.F.,.F.)
B_SPLINE_SURFACE_WITH_KNOTS((3,3),(3,2,3),(-1.5707963267949,0.),(-1.68892513512569,
-0.581776417331522,0.525372300462644),.UNSPECIFIED.)
GEOMETRIC_REPRESENTATION_ITEM()
RATIONAL_B_SPLINE_SURFACE(((1.,0.85065080835202,1.,0.85065080835202,1.),
(0.707106781186551,0.601500955007535,0.707106781186551,0.601500955007535,
0.707106781186551),(1.,0.85065080835202,1.,0.85065080835202,1.)))
REPRESENTATION_ITEM('')
SURFACE()
);
#172=(
BOUNDED_SURFACE()
B_SPLINE_SURFACE(2,2,((#13787,#13788,#13789),(#13790,#13791,#13792),(#13793,
#13794,#13795)),.UNSPECIFIED.,.F.,.F.,.F.)
B_SPLINE_SURFACE_WITH_KNOTS((3,3),(3,3),(-1.5707963267949,0.),(-2.07390405798506,
-1.72711412488377),.UNSPECIFIED.)
GEOMETRIC_REPRESENTATION_ITEM()
RATIONAL_B_SPLINE_SURFACE(((1.,0.985004719776908,1.),(0.707106781186552,
0.696503516855011,0.707106781186552),(1.,0.985004719776908,1.)))
REPRESENTATION_ITEM('')
SURFACE()
);
#173=(
BOUNDED_SURFACE()
B_SPLINE_SURFACE(2,2,((#13863,#13864,#13865),(#13866,#13867,#13868),(#13869,
#13870,#13871)),.UNSPECIFIED.,.F.,.F.,.F.)
B_SPLINE_SURFACE_WITH_KNOTS((3,3),(3,3),(-1.57079632679494,0.),(0.796271857153445,
1.14306179025404),.UNSPECIFIED.)
GEOMETRIC_REPRESENTATION_ITEM()
RATIONAL_B_SPLINE_SURFACE(((1.,0.985004719776967,1.),(0.707106781186541,
0.696503516855042,0.707106781186541),(1.,0.985004719776967,1.)))
REPRESENTATION_ITEM('')
SURFACE()
);
#174=(
BOUNDED_SURFACE()
B_SPLINE_SURFACE(2,2,((#13888,#13889,#13890,#13891,#13892),(#13893,#13894,
#13895,#13896,#13897),(#13898,#13899,#13900,#13901,#13902)),
 .UNSPECIFIED.,.F.,.F.,.F.)
B_SPLINE_SURFACE_WITH_KNOTS((3,3),(3,2,3),(-1.5707963267949,3.19744231092046E-13),
(-1.45621456819302,-0.349065850398894,0.758082867395227),.UNSPECIFIED.)
GEOMETRIC_REPRESENTATION_ITEM()
RATIONAL_B_SPLINE_SURFACE(((1.,0.850650808352032,1.,0.850650808352032,1.),
(0.707106781186431,0.601500955007441,0.707106781186431,0.601500955007441,
0.707106781186431),(1.,0.850650808352032,1.,0.850650808352032,1.)))
REPRESENTATION_ITEM('')
SURFACE()
);
#175=(
BOUNDED_SURFACE()
B_SPLINE_SURFACE(2,2,((#13921,#13922,#13923),(#13924,#13925,#13926),(#13927,
#13928,#13929)),.UNSPECIFIED.,.F.,.F.,.F.)
B_SPLINE_SURFACE_WITH_KNOTS((3,3),(3,3),(-1.5707963267949,3.19744231092046E-13),
(-1.8411934910529,-1.4944035579512),.UNSPECIFIED.)
GEOMETRIC_REPRESENTATION_ITEM()
RATIONAL_B_SPLINE_SURFACE(((1.,0.985004719776871,1.),(0.707106781186456,
0.696503516854891,0.707106781186456),(1.,0.985004719776871,1.)))
REPRESENTATION_ITEM('')
SURFACE()
);
#176=B_SPLINE_CURVE_WITH_KNOTS('',3,(#9769,#9770,#9771,#9772,#9773),
 .UNSPECIFIED.,.F.,.F.,(4,1,4),(0.,0.0500896648431993,0.0949384233697732),
 .UNSPECIFIED.);
#177=B_SPLINE_CURVE_WITH_KNOTS('',3,(#9777,#9778,#9779,#9780,#9781),
 .UNSPECIFIED.,.F.,.F.,(4,1,4),(0.,0.0500896648431993,0.0949384233697732),
 .UNSPECIFIED.);
#178=B_SPLINE_CURVE_WITH_KNOTS('',3,(#9794,#9795,#9796,#9797,#9798),
 .UNSPECIFIED.,.F.,.F.,(4,1,4),(0.,0.0518027502443349,0.103992070393501),
 .UNSPECIFIED.);
#179=B_SPLINE_CURVE_WITH_KNOTS('',3,(#9801,#9802,#9803,#9804,#9805),
 .UNSPECIFIED.,.F.,.F.,(4,1,4),(0.,0.0518027502443349,0.103992070393501),
 .UNSPECIFIED.);
#180=B_SPLINE_CURVE_WITH_KNOTS('',3,(#9817,#9818,#9819,#9820,#9821),
 .UNSPECIFIED.,.F.,.F.,(4,1,4),(0.,0.0392688713566802,0.0868134231031851),
 .UNSPECIFIED.);
#181=B_SPLINE_CURVE_WITH_KNOTS('',3,(#9824,#9825,#9826,#9827,#9828),
 .UNSPECIFIED.,.F.,.F.,(4,1,4),(0.,0.0392688713566802,0.0868134231031851),
 .UNSPECIFIED.);
#182=B_SPLINE_CURVE_WITH_KNOTS('',3,(#9846,#9847,#9848,#9849,#9850),
 .UNSPECIFIED.,.F.,.F.,(4,1,4),(0.,0.0404701306821753,0.0837924648444526),
 .UNSPECIFIED.);
#183=B_SPLINE_CURVE_WITH_KNOTS('',3,(#9853,#9854,#9855,#9856,#9857),
 .UNSPECIFIED.,.F.,.F.,(4,1,4),(0.,0.0404701306821753,0.0837924648444526),
 .UNSPECIFIED.);
#184=B_SPLINE_CURVE_WITH_KNOTS('',3,(#9869,#9870,#9871,#9872,#9873),
 .UNSPECIFIED.,.F.,.F.,(4,1,4),(0.,0.0569735271561123,0.112827653576273),
 .UNSPECIFIED.);
#185=B_SPLINE_CURVE_WITH_KNOTS('',3,(#9876,#9877,#9878,#9879,#9880),
 .UNSPECIFIED.,.F.,.F.,(4,1,4),(0.,0.0569735271561123,0.112827653576273),
 .UNSPECIFIED.);
#186=B_SPLINE_CURVE_WITH_KNOTS('',3,(#9892,#9893,#9894,#9895,#9896),
 .UNSPECIFIED.,.F.,.F.,(4,1,4),(0.,0.0455579374624471,0.099190581194804),
 .UNSPECIFIED.);
#187=B_SPLINE_CURVE_WITH_KNOTS('',3,(#9899,#9900,#9901,#9902,#9903),
 .UNSPECIFIED.,.F.,.F.,(4,1,4),(0.,0.0455579374624471,0.099190581194804),
 .UNSPECIFIED.);
#188=B_SPLINE_CURVE_WITH_KNOTS('',3,(#9938,#9939,#9940,#9941,#9942),
 .UNSPECIFIED.,.F.,.F.,(4,1,4),(0.,0.0130905633436516,0.0252533453653664),
 .UNSPECIFIED.);
#189=B_SPLINE_CURVE_WITH_KNOTS('',3,(#9946,#9947,#9948,#9949,#9950),
 .UNSPECIFIED.,.F.,.F.,(4,1,4),(0.,0.0130905633436516,0.0252533453653664),
 .UNSPECIFIED.);
#190=B_SPLINE_CURVE_WITH_KNOTS('',3,(#9963,#9964,#9965,#9966,#9967),
 .UNSPECIFIED.,.F.,.F.,(4,1,4),(0.,0.0358800977675233,0.0569792712157346),
 .UNSPECIFIED.);
#191=B_SPLINE_CURVE_WITH_KNOTS('',3,(#9970,#9971,#9972,#9973,#9974),
 .UNSPECIFIED.,.F.,.F.,(4,1,4),(0.,0.0358800977675233,0.0569792712157346),
 .UNSPECIFIED.);
#192=B_SPLINE_CURVE_WITH_KNOTS('',3,(#9986,#9987,#9988,#9989,#9990),
 .UNSPECIFIED.,.F.,.F.,(4,1,4),(0.,0.0321600407786864,0.0775055117165545),
 .UNSPECIFIED.);
#193=B_SPLINE_CURVE_WITH_KNOTS('',3,(#9993,#9994,#9995,#9996,#9997),
 .UNSPECIFIED.,.F.,.F.,(4,1,4),(0.,0.0321600407786864,0.0775055117165545),
 .UNSPECIFIED.);
#194=B_SPLINE_CURVE_WITH_KNOTS('',3,(#10009,#10010,#10011,#10012,#10013),
 .UNSPECIFIED.,.F.,.F.,(4,1,4),(0.,0.0203782899516767,0.0442448432856414),
 .UNSPECIFIED.);
#195=B_SPLINE_CURVE_WITH_KNOTS('',3,(#10016,#10017,#10018,#10019,#10020),
 .UNSPECIFIED.,.F.,.F.,(4,1,4),(0.,0.0203782899516767,0.0442448432856414),
 .UNSPECIFIED.);
#196=B_SPLINE_CURVE_WITH_KNOTS('',3,(#10032,#10033,#10034,#10035,#10036),
 .UNSPECIFIED.,.F.,.F.,(4,1,4),(0.,0.0179494431304113,0.0363464966756706),
 .UNSPECIFIED.);
#197=B_SPLINE_CURVE_WITH_KNOTS('',3,(#10039,#10040,#10041,#10042,#10043),
 .UNSPECIFIED.,.F.,.F.,(4,1,4),(0.,0.0179494431304113,0.0363464966756706),
 .UNSPECIFIED.);
#198=B_SPLINE_CURVE_WITH_KNOTS('',3,(#10055,#10056,#10057,#10058,#10059),
 .UNSPECIFIED.,.F.,.F.,(4,1,4),(0.,0.0327875619579973,0.0659279834416857),
 .UNSPECIFIED.);
#199=B_SPLINE_CURVE_WITH_KNOTS('',3,(#10062,#10063,#10064,#10065,#10066),
 .UNSPECIFIED.,.F.,.F.,(4,1,4),(0.,0.0327875619579973,0.0659279834416857),
 .UNSPECIFIED.);
#200=B_SPLINE_CURVE_WITH_KNOTS('',3,(#10078,#10079,#10080,#10081,#10082),
 .UNSPECIFIED.,.F.,.F.,(4,1,4),(0.,0.0391371158992543,0.0738201951734332),
 .UNSPECIFIED.);
#201=B_SPLINE_CURVE_WITH_KNOTS('',3,(#10085,#10086,#10087,#10088,#10089),
 .UNSPECIFIED.,.F.,.F.,(4,1,4),(0.,0.0391371158992543,0.0738201951734332),
 .UNSPECIFIED.);
#202=B_SPLINE_CURVE_WITH_KNOTS('',3,(#10101,#10102,#10103,#10104,#10105),
 .UNSPECIFIED.,.F.,.F.,(4,1,4),(0.,0.0341081646035877,0.0729316130843444),
 .UNSPECIFIED.);
#203=B_SPLINE_CURVE_WITH_KNOTS('',3,(#10108,#10109,#10110,#10111,#10112),
 .UNSPECIFIED.,.F.,.F.,(4,1,4),(0.,0.0341081646035877,0.0729316130843444),
 .UNSPECIFIED.);
#204=B_SPLINE_CURVE_WITH_KNOTS('',3,(#10124,#10125,#10126,#10127,#10128),
 .UNSPECIFIED.,.F.,.F.,(4,1,4),(0.,0.038427713319342,0.0721636699134596),
 .UNSPECIFIED.);
#205=B_SPLINE_CURVE_WITH_KNOTS('',3,(#10131,#10132,#10133,#10134,#10135),
 .UNSPECIFIED.,.F.,.F.,(4,1,4),(0.,0.038427713319342,0.0721636699134596),
 .UNSPECIFIED.);
#206=B_SPLINE_CURVE_WITH_KNOTS('',3,(#10153,#10154,#10155,#10156,#10157),
 .UNSPECIFIED.,.F.,.F.,(4,1,4),(0.,0.0225107512144146,0.0480201218160327),
 .UNSPECIFIED.);
#207=B_SPLINE_CURVE_WITH_KNOTS('',3,(#10160,#10161,#10162,#10163,#10164),
 .UNSPECIFIED.,.F.,.F.,(4,1,4),(0.,0.0225107512144146,0.0480201218160327),
 .UNSPECIFIED.);
#208=B_SPLINE_CURVE_WITH_KNOTS('',3,(#10176,#10177,#10178,#10179,#10180),
 .UNSPECIFIED.,.F.,.F.,(4,1,4),(0.,0.0242729610743658,0.0464110678446861),
 .UNSPECIFIED.);
#209=B_SPLINE_CURVE_WITH_KNOTS('',3,(#10183,#10184,#10185,#10186,#10187),
 .UNSPECIFIED.,.F.,.F.,(4,1,4),(0.,0.0242729610743658,0.0464110678446861),
 .UNSPECIFIED.);
#210=B_SPLINE_CURVE_WITH_KNOTS('',3,(#10199,#10200,#10201,#10202,#10203),
 .UNSPECIFIED.,.F.,.F.,(4,1,4),(0.,0.0212472656508338,0.0443259257066816),
 .UNSPECIFIED.);
#211=B_SPLINE_CURVE_WITH_KNOTS('',3,(#10206,#10207,#10208,#10209,#10210),
 .UNSPECIFIED.,.F.,.F.,(4,1,4),(0.,0.0212472656508338,0.0443259257066816),
 .UNSPECIFIED.);
#212=B_SPLINE_CURVE_WITH_KNOTS('',3,(#10222,#10223,#10224,#10225,#10226),
 .UNSPECIFIED.,.F.,.F.,(4,1,4),(0.,0.0205381983911406,0.0409788190057006),
 .UNSPECIFIED.);
#213=B_SPLINE_CURVE_WITH_KNOTS('',3,(#10229,#10230,#10231,#10232,#10233),
 .UNSPECIFIED.,.F.,.F.,(4,1,4),(0.,0.0205381983911406,0.0409788190057006),
 .UNSPECIFIED.);
#214=B_SPLINE_CURVE_WITH_KNOTS('',3,(#10245,#10246,#10247,#10248,#10249),
 .UNSPECIFIED.,.F.,.F.,(4,1,4),(0.,0.0262520808525428,0.048214814441734),
 .UNSPECIFIED.);
#215=B_SPLINE_CURVE_WITH_KNOTS('',3,(#10252,#10253,#10254,#10255,#10256),
 .UNSPECIFIED.,.F.,.F.,(4,1,4),(0.,0.0262520808525428,0.048214814441734),
 .UNSPECIFIED.);
#216=B_SPLINE_CURVE_WITH_KNOTS('',3,(#10268,#10269,#10270,#10271,#10272),
 .UNSPECIFIED.,.F.,.F.,(4,1,4),(0.,0.0544893159622561,0.0917525172329917),
 .UNSPECIFIED.);
#217=B_SPLINE_CURVE_WITH_KNOTS('',3,(#10275,#10276,#10277,#10278,#10279),
 .UNSPECIFIED.,.F.,.F.,(4,1,4),(0.,0.0544893159622561,0.0917525172329917),
 .UNSPECIFIED.);
#218=B_SPLINE_CURVE_WITH_KNOTS('',3,(#10291,#10292,#10293,#10294,#10295),
 .UNSPECIFIED.,.F.,.F.,(4,1,4),(0.,0.0294510485448167,0.0663644855120617),
 .UNSPECIFIED.);
#219=B_SPLINE_CURVE_WITH_KNOTS('',3,(#10298,#10299,#10300,#10301,#10302),
 .UNSPECIFIED.,.F.,.F.,(4,1,4),(0.,0.0294510485448167,0.0663644855120617),
 .UNSPECIFIED.);
#220=B_SPLINE_CURVE_WITH_KNOTS('',3,(#10314,#10315,#10316,#10317,#10318),
 .UNSPECIFIED.,.F.,.F.,(4,1,4),(0.,0.0223768973537607,0.0468143196460833),
 .UNSPECIFIED.);
#221=B_SPLINE_CURVE_WITH_KNOTS('',3,(#10321,#10322,#10323,#10324,#10325),
 .UNSPECIFIED.,.F.,.F.,(4,1,4),(0.,0.0223768973537607,0.0468143196460833),
 .UNSPECIFIED.);
#222=B_SPLINE_CURVE_WITH_KNOTS('',3,(#10337,#10338,#10339,#10340,#10341),
 .UNSPECIFIED.,.F.,.F.,(4,1,4),(0.,0.0130746566760824,0.0260690036542793),
 .UNSPECIFIED.);
#223=B_SPLINE_CURVE_WITH_KNOTS('',3,(#10344,#10345,#10346,#10347,#10348),
 .UNSPECIFIED.,.F.,.F.,(4,1,4),(0.,0.0130746566760824,0.0260690036542793),
 .UNSPECIFIED.);
#224=B_SPLINE_CURVE_WITH_KNOTS('',3,(#10378,#10379,#10380,#10381,#10382,
#10383,#10384,#10385,#10386,#10387,#10388,#10389),.UNSPECIFIED.,.F.,.F.,
(4,2,2,2,2,4),(-0.119862374137312,-0.119106323162803,-0.102294973062178,
-0.0878961723740804,-0.0734993572597053,-0.0595275685329158),
 .UNSPECIFIED.);
#225=B_SPLINE_CURVE_WITH_KNOTS('',3,(#10392,#10393,#10394,#10395,#10396,
#10397,#10398,#10399,#10400,#10401,#10402,#10403),.UNSPECIFIED.,.F.,.F.,
(4,2,2,2,2,4),(-0.0787823573801712,-0.0773241295049098,-0.0585935088589126,
-0.0390598763322569,-0.0195284558014964,0.),.UNSPECIFIED.);
#226=B_SPLINE_CURVE_WITH_KNOTS('',3,(#10422,#10423,#10424,#10425,#10426,
#10427,#10428,#10429,#10430,#10431,#10432,#10433,#10434,#10435),
 .UNSPECIFIED.,.F.,.F.,(4,2,2,2,2,2,4),(-0.114705348904893,-0.114177514805297,
-0.110424876849416,-0.0964489709358004,-0.0824012416527359,-0.0683574899726077,
-0.0580085901657868),.UNSPECIFIED.);
#227=B_SPLINE_CURVE_WITH_KNOTS('',3,(#10449,#10450,#10451,#10452,#10453,
#10454,#10455,#10456,#10457,#10458,#10459,#10460),.UNSPECIFIED.,.F.,.F.,
(4,2,2,2,2,4),(-0.00145822773489085,0.,0.018730618842855,0.0382642494890944,
0.0577956681396571,0.077324122061241),.UNSPECIFIED.);
#228=B_SPLINE_CURVE_WITH_KNOTS('',3,(#10466,#10467,#10468,#10469,#10470,
#10471,#10472,#10473,#10474,#10475,#10476,#10477),.UNSPECIFIED.,.F.,.F.,
(4,2,2,2,2,4),(-0.00138279740201262,0.,0.0188254769122449,0.0383706607099929,
0.0578994862018743,0.0774102120375719),.UNSPECIFIED.);
#229=B_SPLINE_CURVE_WITH_KNOTS('',3,(#10483,#10484,#10485,#10486,#10487,
#10488,#10489,#10490,#10491,#10492,#10493,#10494),.UNSPECIFIED.,.F.,.F.,
(4,2,2,2,2,4),(-0.000444566798963376,0.,0.0197707901284093,0.039311981349115,
0.0588420849702731,0.078357028652802),.UNSPECIFIED.);
#230=B_SPLINE_CURVE_WITH_KNOTS('',3,(#10500,#10501,#10502,#10503,#10504,
#10505,#10506,#10507,#10508,#10509,#10510,#10511),.UNSPECIFIED.,.F.,.F.,
(4,2,2,2,2,4),(-0.0787823573802315,-0.0773241295048827,-0.0585935088589218,
-0.0390598763322556,-0.0195284558014978,0.),.UNSPECIFIED.);
#231=B_SPLINE_CURVE_WITH_KNOTS('',3,(#10525,#10526,#10527,#10528,#10529,
#10530,#10531,#10532,#10533,#10534,#10535,#10536),.UNSPECIFIED.,.F.,.F.,
(4,2,2,2,2,4),(-0.119862374146472,-0.119106323172146,-0.102294973072373,
-0.0878961723827662,-0.0734993572668854,-0.0595275685385215),
 .UNSPECIFIED.);
#232=B_SPLINE_CURVE_WITH_KNOTS('',3,(#10556,#10557,#10558,#10559,#10560,
#10561,#10562,#10563,#10564,#10565,#10566,#10567,#10568,#10569),
 .UNSPECIFIED.,.F.,.F.,(4,2,2,2,2,2,4),(-0.158870599699836,-0.157861604050241,
-0.138458535319214,-0.121599253167268,-0.102182239791348,-0.0827663743423267,
-0.077659043090479),.UNSPECIFIED.);
#233=B_SPLINE_CURVE_WITH_KNOTS('',3,(#10583,#10584,#10585,#10586,#10587,
#10588,#10589,#10590,#10591,#10592,#10593,#10594),.UNSPECIFIED.,.F.,.F.,
(4,2,2,2,2,4),(-0.00145822773494569,0.,0.0187306188429297,0.038264249489282,
0.0577956681399419,0.0773241220616283),.UNSPECIFIED.);
#234=B_SPLINE_CURVE_WITH_KNOTS('',3,(#10600,#10601,#10602,#10603,#10604,
#10605,#10606,#10607,#10608,#10609,#10610,#10611),.UNSPECIFIED.,.F.,.F.,
(4,2,2,2,2,4),(-0.00138279740201357,0.,0.0188254769122405,0.0383706607099751,
0.0578994862018455,0.0774102120375293),.UNSPECIFIED.);
#235=B_SPLINE_CURVE_WITH_KNOTS('',3,(#10617,#10618,#10619,#10620,#10621,
#10622,#10623,#10624,#10625,#10626,#10627,#10628),.UNSPECIFIED.,.F.,.F.,
(4,2,2,2,2,4),(-0.000444566798949267,0.,0.0197707901284594,0.0393119813492581,
0.0588420849705084,0.078357028653131),.UNSPECIFIED.);
#236=B_SPLINE_CURVE_WITH_KNOTS('',3,(#10634,#10635,#10636,#10637,#10638,
#10639,#10640,#10641,#10642,#10643,#10644,#10645),.UNSPECIFIED.,.F.,.F.,
(4,2,2,2,2,4),(-0.0787823573802209,-0.0773241295049565,-0.0585935088589174,
-0.0390598763322589,-0.0195284558015003,0.),.UNSPECIFIED.);
#237=B_SPLINE_CURVE_WITH_KNOTS('',3,(#10659,#10660,#10661,#10662,#10663,
#10664,#10665,#10666,#10667,#10668,#10669,#10670),.UNSPECIFIED.,.F.,.F.,
(4,2,2,2,2,4),(-0.119862374489341,-0.119106323512473,-0.102294973363813,
-0.0878961726311612,-0.0734993574722407,-0.0595275686986185),
 .UNSPECIFIED.);
#238=B_SPLINE_CURVE_WITH_KNOTS('',3,(#10690,#10691,#10692,#10693,#10694,
#10695,#10696,#10697,#10698,#10699,#10700,#10701,#10702,#10703),
 .UNSPECIFIED.,.F.,.F.,(4,2,2,2,2,2,4),(-0.15887059973104,-0.157861604081081,
-0.138458535341104,-0.121599253182602,-0.102182239803073,-0.0827663743504474,
-0.0776590431044765),.UNSPECIFIED.);
#239=B_SPLINE_CURVE_WITH_KNOTS('',3,(#10717,#10718,#10719,#10720,#10721,
#10722,#10723,#10724,#10725,#10726,#10727,#10728),.UNSPECIFIED.,.F.,.F.,
(4,2,2,2,2,4),(-0.00145822773493357,0.,0.0187306188428764,0.038264249489153,
0.0577956681397437,0.0773241220613584),.UNSPECIFIED.);
#240=B_SPLINE_CURVE_WITH_KNOTS('',3,(#10734,#10735,#10736,#10737,#10738,
#10739,#10740,#10741,#10742,#10743,#10744,#10745),.UNSPECIFIED.,.F.,.F.,
(4,2,2,2,2,4),(-0.00138279740202226,0.,0.0188254769122774,0.0383706607100955,
0.0578994862020473,0.0774102120378176),.UNSPECIFIED.);
#241=B_SPLINE_CURVE_WITH_KNOTS('',3,(#10751,#10752,#10753,#10754,#10755,
#10756,#10757,#10758,#10759,#10760,#10761,#10762),.UNSPECIFIED.,.F.,.F.,
(4,2,2,2,2,4),(-0.000444566798963262,0.,0.0197707901284144,0.0393119813491313,
0.0588420849702989,0.0783570286528392),.UNSPECIFIED.);
#242=B_SPLINE_CURVE_WITH_KNOTS('',3,(#10768,#10769,#10770,#10771,#10772,
#10773,#10774,#10775,#10776,#10777,#10778,#10779),.UNSPECIFIED.,.F.,.F.,
(4,2,2,2,2,4),(-0.0787823573801917,-0.0773241295048621,-0.0585935088589183,
-0.0390598763322594,-0.0195284558014997,0.),.UNSPECIFIED.);
#243=B_SPLINE_CURVE_WITH_KNOTS('',3,(#10793,#10794,#10795,#10796,#10797,
#10798,#10799,#10800,#10801,#10802,#10803,#10804),.UNSPECIFIED.,.F.,.F.,
(4,2,2,2,2,4),(-0.119862374125227,-0.119106323151051,-0.102294973054252,
-0.0878961723673238,-0.0734993572541195,-0.0595275685285611),
 .UNSPECIFIED.);
#244=B_SPLINE_CURVE_WITH_KNOTS('',3,(#10824,#10825,#10826,#10827,#10828,
#10829,#10830,#10831,#10832,#10833,#10834,#10835,#10836,#10837),
 .UNSPECIFIED.,.F.,.F.,(4,2,2,2,2,2,4),(-0.114705348865494,-0.114177514766156,
-0.110424876808855,-0.0964489709000547,-0.0824012416220435,-0.0683574899469615,
-0.0580085901466371),.UNSPECIFIED.);
#245=B_SPLINE_CURVE_WITH_KNOTS('',3,(#10851,#10852,#10853,#10854,#10855,
#10856,#10857,#10858,#10859,#10860,#10861,#10862),.UNSPECIFIED.,.F.,.F.,
(4,2,2,2,2,4),(-0.00145822773489532,0.,0.0187306188428003,0.038264249488979,
0.0577956681394809,0.0773241220610054),.UNSPECIFIED.);
#246=B_SPLINE_CURVE_WITH_KNOTS('',3,(#10868,#10869,#10870,#10871,#10872,
#10873,#10874,#10875,#10876,#10877,#10878,#10879),.UNSPECIFIED.,.F.,.F.,
(4,2,2,2,2,4),(-0.00138279740201852,0.,0.0188254769122402,0.0383706607099829,
0.0578994862018617,0.0774102120375549),.UNSPECIFIED.);
#247=B_SPLINE_CURVE_WITH_KNOTS('',3,(#10885,#10886,#10887,#10888,#10889,
#10890,#10891,#10892,#10893,#10894,#10895,#10896),.UNSPECIFIED.,.F.,.F.,
(4,2,2,2,2,4),(-0.000444566798950207,0.,0.0197707901283572,0.0393119813489676,
0.0588420849700271,0.07835702865246),.UNSPECIFIED.);
#248=B_SPLINE_CURVE_WITH_KNOTS('',3,(#10902,#10903,#10904,#10905,#10906,
#10907,#10908,#10909,#10910,#10911,#10912,#10913),.UNSPECIFIED.,.F.,.F.,
(4,2,2,2,2,4),(-0.0787823573802172,-0.0773241295048504,-0.0585935088589158,
-0.0390598763322574,-0.0195284558014968,0.),.UNSPECIFIED.);
#249=B_SPLINE_CURVE_WITH_KNOTS('',3,(#10927,#10928,#10929,#10930,#10931,
#10932,#10933,#10934,#10935,#10936,#10937,#10938),.UNSPECIFIED.,.F.,.F.,
(4,2,2,2,2,4),(-0.119862374449494,-0.119106323473095,-0.10229497333155,
-0.0878961726036621,-0.0734993574495052,-0.0595275686809006),
 .UNSPECIFIED.);
#250=B_SPLINE_CURVE_WITH_KNOTS('',3,(#10958,#10959,#10960,#10961,#10962,
#10963,#10964,#10965,#10966,#10967,#10968,#10969,#10970,#10971),
 .UNSPECIFIED.,.F.,.F.,(4,2,2,2,2,2,4),(-0.114705349386878,-0.11417751528496,
-0.110424877312921,-0.0964489713377432,-0.0824012419927733,-0.0683574902507588,
-0.0580085903979434),.UNSPECIFIED.);
#251=B_SPLINE_CURVE_WITH_KNOTS('',3,(#10985,#10986,#10987,#10988,#10989,
#10990,#10991,#10992,#10993,#10994,#10995,#10996),.UNSPECIFIED.,.F.,.F.,
(4,2,2,2,2,4),(-0.0014582277349041,0.,0.0187306188426908,0.0382642494887313,
0.0577956681390846,0.0773241220604623),.UNSPECIFIED.);
#252=B_SPLINE_CURVE_WITH_KNOTS('',3,(#11002,#11003,#11004,#11005,#11006,
#11007,#11008,#11009,#11010,#11011,#11012,#11013),.UNSPECIFIED.,.F.,.F.,
(4,2,2,2,2,4),(-0.00138279740204338,0.,0.0188254769122907,0.0383706607101511,
0.0578994862021473,0.0774102120379557),.UNSPECIFIED.);
#253=B_SPLINE_CURVE_WITH_KNOTS('',3,(#11019,#11020,#11021,#11022,#11023,
#11024,#11025,#11026,#11027,#11028,#11029,#11030),.UNSPECIFIED.,.F.,.F.,
(4,2,2,2,2,4),(-0.000444566798941819,0.,0.0197707901283192,0.0393119813488518,
0.0588420849698367,0.0783570286521943),.UNSPECIFIED.);
#254=B_SPLINE_CURVE_WITH_KNOTS('',3,(#11036,#11037,#11038,#11039,#11040,
#11041,#11042,#11043,#11044,#11045,#11046,#11047),.UNSPECIFIED.,.F.,.F.,
(4,2,2,2,2,4),(-0.0787823573802426,-0.0773241295049222,-0.0585935088589131,
-0.0390598763322547,-0.0195284558014961,0.),.UNSPECIFIED.);
#255=B_SPLINE_CURVE_WITH_KNOTS('',3,(#11061,#11062,#11063,#11064,#11065,
#11066,#11067,#11068,#11069,#11070,#11071,#11072),.UNSPECIFIED.,.F.,.F.,
(4,2,2,2,2,4),(-0.119862374139114,-0.119106323164804,-0.102294973065712,
-0.0878961723770902,-0.0734993572621934,-0.0595275685348583),
 .UNSPECIFIED.);
#256=B_SPLINE_CURVE_WITH_KNOTS('',3,(#11092,#11093,#11094,#11095,#11096,
#11097,#11098,#11099,#11100,#11101,#11102,#11103,#11104,#11105),
 .UNSPECIFIED.,.F.,.F.,(4,2,2,2,2,2,4),(-0.114705348914139,-0.114177514814496,
-0.110424876858573,-0.0964489709437912,-0.0824012416595406,-0.0683574899782243,
-0.0580085901702613),.UNSPECIFIED.);
#257=B_SPLINE_CURVE_WITH_KNOTS('',3,(#11119,#11120,#11121,#11122,#11123,
#11124,#11125,#11126,#11127,#11128,#11129,#11130),.UNSPECIFIED.,.F.,.F.,
(4,2,2,2,2,4),(-0.0014582277348838,0.,0.0187306188427277,0.0382642494888203,
0.0577956681392317,0.0773241220606659),.UNSPECIFIED.);
#258=B_SPLINE_CURVE_WITH_KNOTS('',3,(#11136,#11137,#11138,#11139,#11140,
#11141,#11142,#11143,#11144,#11145,#11146,#11147),.UNSPECIFIED.,.F.,.F.,
(4,2,2,2,2,4),(-0.00138279740202585,0.,0.0188254769122807,0.038370660710112,
0.0578994862020753,0.077410212037854),.UNSPECIFIED.);
#259=B_SPLINE_CURVE_WITH_KNOTS('',3,(#11153,#11154,#11155,#11156,#11157,
#11158,#11159,#11160,#11161,#11162,#11163,#11164),.UNSPECIFIED.,.F.,.F.,
(4,2,2,2,2,4),(-0.000444566798960452,0.,0.0197707901285424,0.039311981349507,
0.0588420849709204,0.0783570286537056),.UNSPECIFIED.);
#260=B_SPLINE_CURVE_WITH_KNOTS('',3,(#11170,#11171,#11172,#11173,#11174,
#11175,#11176,#11177,#11178,#11179,#11180,#11181),.UNSPECIFIED.,.F.,.F.,
(4,2,2,2,2,4),(-0.0787823573801716,-0.0773241295048492,-0.0585935088589219,
-0.0390598763322592,-0.0195284558014999,0.),.UNSPECIFIED.);
#261=B_SPLINE_CURVE_WITH_KNOTS('',3,(#11195,#11196,#11197,#11198,#11199,
#11200,#11201,#11202,#11203,#11204,#11205,#11206),.UNSPECIFIED.,.F.,.F.,
(4,2,2,2,2,4),(-0.119862374159316,-0.119106323185682,-0.102294973091314,
-0.0878961723989119,-0.0734993572802358,-0.0595275685489236),
 .UNSPECIFIED.);
#262=B_SPLINE_CURVE_WITH_KNOTS('',3,(#11226,#11227,#11228,#11229,#11230,
#11231,#11232,#11233,#11234,#11235,#11236,#11237,#11238,#11239),
 .UNSPECIFIED.,.F.,.F.,(4,2,2,2,2,2,4),(-0.114705348903058,-0.114177514803472,
-0.110424876847652,-0.0964489709342526,-0.0824012416514257,-0.0683574899715319,
-0.0580085901649065),.UNSPECIFIED.);
#263=B_SPLINE_CURVE_WITH_KNOTS('',3,(#11253,#11254,#11255,#11256,#11257,
#11258,#11259,#11260,#11261,#11262,#11263,#11264),.UNSPECIFIED.,.F.,.F.,
(4,2,2,2,2,4),(-0.00145822773489227,0.,0.0187306188428452,0.0382642494890814,
0.0577956681396303,0.0773241220612054),.UNSPECIFIED.);
#264=B_SPLINE_CURVE_WITH_KNOTS('',3,(#11270,#11271,#11272,#11273,#11274,
#11275,#11276,#11277,#11278,#11279,#11280,#11281),.UNSPECIFIED.,.F.,.F.,
(4,2,2,2,2,4),(-0.00138279740201415,0.,0.0188254769122405,0.038370660709984,
0.0578994862018631,0.0774102120375596),.UNSPECIFIED.);
#265=B_SPLINE_CURVE_WITH_KNOTS('',3,(#11287,#11288,#11289,#11290,#11291,
#11292,#11293,#11294,#11295,#11296,#11297,#11298),.UNSPECIFIED.,.F.,.F.,
(4,2,2,2,2,4),(-0.000444566798986602,0.,0.0197707901288851,0.039311981350505,
0.0588420849725748,0.0783570286560162),.UNSPECIFIED.);
#266=B_SPLINE_CURVE_WITH_KNOTS('',3,(#11304,#11305,#11306,#11307,#11308,
#11309,#11310,#11311,#11312,#11313,#11314,#11315),.UNSPECIFIED.,.F.,.F.,
(4,2,2,2,2,4),(-0.078782357380274,-0.0773241295049291,-0.0585935088589119,
-0.0390598763322542,-0.0195284558014979,0.),.UNSPECIFIED.);
#267=B_SPLINE_CURVE_WITH_KNOTS('',3,(#11329,#11330,#11331,#11332,#11333,
#11334,#11335,#11336,#11337,#11338,#11339,#11340),.UNSPECIFIED.,.F.,.F.,
(4,2,2,2,2,4),(-0.119862374098995,-0.119106323124964,-0.102294973031524,
-0.0878961723479516,-0.0734993572381042,-0.0595275685160754),
 .UNSPECIFIED.);
#268=B_SPLINE_CURVE_WITH_KNOTS('',3,(#11360,#11361,#11362,#11363,#11364,
#11365,#11366,#11367,#11368,#11369,#11370,#11371,#11372,#11373),
 .UNSPECIFIED.,.F.,.F.,(4,2,2,2,2,2,4),(-0.114705349353501,-0.114177515251803,
-0.110424877277986,-0.0964489713068452,-0.0824012419661565,-0.0683574902284127,
-0.0580085903816845),.UNSPECIFIED.);
#269=B_SPLINE_CURVE_WITH_KNOTS('',3,(#11387,#11388,#11389,#11390,#11391,
#11392,#11393,#11394,#11395,#11396,#11397,#11398),.UNSPECIFIED.,.F.,.F.,
(4,2,2,2,2,4),(-0.0014582277349492,0.,0.0187306188429856,0.038264249489388,
0.0577956681401082,0.0773241220618492),.UNSPECIFIED.);
#270=B_SPLINE_CURVE_WITH_KNOTS('',3,(#11404,#11405,#11406,#11407,#11408,
#11409,#11410,#11411,#11412,#11413,#11414,#11415),.UNSPECIFIED.,.F.,.F.,
(4,2,2,2,2,4),(-0.00138279740200737,0.,0.018825476912234,0.0383706607099513,
0.0578994862018047,0.0774102120374753),.UNSPECIFIED.);
#271=B_SPLINE_CURVE_WITH_KNOTS('',3,(#11421,#11422,#11423,#11424,#11425,
#11426,#11427,#11428,#11429,#11430,#11431,#11432),.UNSPECIFIED.,.F.,.F.,
(4,2,2,2,2,4),(-0.000444566798947992,0.,0.0197707901283164,0.0393119813488408,
0.0588420849698157,0.0783570286521614),.UNSPECIFIED.);
#272=B_SPLINE_CURVE_WITH_KNOTS('',3,(#11438,#11439,#11440,#11441,#11442,
#11443,#11444,#11445,#11446,#11447,#11448,#11449),.UNSPECIFIED.,.F.,.F.,
(4,2,2,2,2,4),(-0.0787823573800552,-0.0773241295047966,-0.0585935088589258,
-0.0390598763322583,-0.0195284558014977,0.),.UNSPECIFIED.);
#273=B_SPLINE_CURVE_WITH_KNOTS('',3,(#11463,#11464,#11465,#11466,#11467,
#11468,#11469,#11470,#11471,#11472,#11473,#11474),.UNSPECIFIED.,.F.,.F.,
(4,2,2,2,2,4),(-0.11986237411606,-0.119106323141829,-0.102294973045266,
-0.0878961723596655,-0.0734993572477894,-0.0595275685236241),
 .UNSPECIFIED.);
#274=B_SPLINE_CURVE_WITH_KNOTS('',3,(#11494,#11495,#11496,#11497,#11498,
#11499,#11500,#11501,#11502,#11503,#11504,#11505,#11506,#11507),
 .UNSPECIFIED.,.F.,.F.,(4,2,2,2,2,2,4),(-0.114705348893549,-0.114177514794081,
-0.110424876836178,-0.0964489709238183,-0.0824012416421989,-0.0683574899635116,
-0.0580085901601912),.UNSPECIFIED.);
#275=B_SPLINE_CURVE_WITH_KNOTS('',3,(#11521,#11522,#11523,#11524,#11525,
#11526,#11527,#11528,#11529,#11530,#11531,#11532),.UNSPECIFIED.,.F.,.F.,
(4,2,2,2,2,4),(-0.00145822773488693,0.,0.0187306188429152,0.0382642494892353,
0.0577956681398737,0.077324122061535),.UNSPECIFIED.);
#276=B_SPLINE_CURVE_WITH_KNOTS('',3,(#11538,#11539,#11540,#11541,#11542,
#11543,#11544,#11545,#11546,#11547,#11548,#11549),.UNSPECIFIED.,.F.,.F.,
(4,2,2,2,2,4),(-0.00138279740201572,0.,0.0188254769122563,0.0383706607100276,
0.057899486201934,0.0774102120376557),.UNSPECIFIED.);
#277=B_SPLINE_CURVE_WITH_KNOTS('',3,(#11555,#11556,#11557,#11558,#11559,
#11560,#11561,#11562,#11563,#11564,#11565,#11566),.UNSPECIFIED.,.F.,.F.,
(4,2,2,2,2,4),(-0.000444566798949055,0.,0.019770790128416,0.0393119813491345,
0.0588420849703014,0.0783570286528409),.UNSPECIFIED.);
#278=B_SPLINE_CURVE_WITH_KNOTS('',3,(#11572,#11573,#11574,#11575,#11576,
#11577,#11578,#11579,#11580,#11581,#11582,#11583),.UNSPECIFIED.,.F.,.F.,
(4,2,2,2,2,4),(-0.0787823573803028,-0.0773241295049746,-0.0585935088589049,
-0.0390598763322486,-0.0195284558014942,0.),.UNSPECIFIED.);
#279=B_SPLINE_CURVE_WITH_KNOTS('',3,(#11597,#11598,#11599,#11600,#11601,
#11602,#11603,#11604,#11605,#11606,#11607,#11608),.UNSPECIFIED.,.F.,.F.,
(4,2,2,2,2,4),(-0.11986237412144,-0.119106323147222,-0.102294973050372,
-0.0878961723640172,-0.0734993572513872,-0.0595275685264308),
 .UNSPECIFIED.);
#280=B_SPLINE_CURVE_WITH_KNOTS('',3,(#11628,#11629,#11630,#11631,#11632,
#11633,#11634,#11635,#11636,#11637,#11638,#11639,#11640,#11641),
 .UNSPECIFIED.,.F.,.F.,(4,2,2,2,2,2,4),(-0.158870599722381,-0.157861604073119,
-0.138458535339357,-0.121599253181376,-0.102182239802135,-0.0827663743497931,
-0.0776590431033665),.UNSPECIFIED.);
#281=B_SPLINE_CURVE_WITH_KNOTS('',3,(#11655,#11656,#11657,#11658,#11659,
#11660,#11661,#11662,#11663,#11664,#11665,#11666),.UNSPECIFIED.,.F.,.F.,
(4,2,2,2,2,4),(-0.00145822773493651,0.,0.0187306188429561,0.038264249489322,
0.0577956681400048,0.0773241220617118),.UNSPECIFIED.);
#282=B_SPLINE_CURVE_WITH_KNOTS('',3,(#11672,#11673,#11674,#11675,#11676,
#11677,#11678,#11679,#11680,#11681,#11682,#11683),.UNSPECIFIED.,.F.,.F.,
(4,2,2,2,2,4),(-0.00138279740197884,0.,0.0188254769121041,0.038370660709544,
0.0578994862011193,0.0774102120365073),.UNSPECIFIED.);
#283=B_SPLINE_CURVE_WITH_KNOTS('',3,(#11689,#11690,#11691,#11692,#11693,
#11694,#11695,#11696,#11697,#11698,#11699,#11700),.UNSPECIFIED.,.F.,.F.,
(4,2,2,2,2,4),(-0.000444566798978698,0.,0.01977079012845,0.0393119813492402,
0.0588420849704818,0.0783570286530957),.UNSPECIFIED.);
#284=B_SPLINE_CURVE_WITH_KNOTS('',3,(#11706,#11707,#11708,#11709,#11710,
#11711,#11712,#11713,#11714,#11715,#11716,#11717),.UNSPECIFIED.,.F.,.F.,
(4,2,2,2,2,4),(-0.0787823573802088,-0.0773241295048788,-0.0585935088589162,
-0.0390598763322563,-0.0195284558014978,0.),.UNSPECIFIED.);
#285=B_SPLINE_CURVE_WITH_KNOTS('',3,(#11731,#11732,#11733,#11734,#11735,
#11736,#11737,#11738,#11739,#11740,#11741,#11742),.UNSPECIFIED.,.F.,.F.,
(4,2,2,2,2,4),(-0.119862374110629,-0.119106323136474,-0.10229497304102,
-0.0878961723560465,-0.0734993572447985,-0.0595275685212902),
 .UNSPECIFIED.);
#286=B_SPLINE_CURVE_WITH_KNOTS('',3,(#11762,#11763,#11764,#11765,#11766,
#11767,#11768,#11769,#11770,#11771,#11772,#11773,#11774,#11775),
 .UNSPECIFIED.,.F.,.F.,(4,2,2,2,2,2,4),(-0.114705348836806,-0.114177514737543,
-0.110424876783557,-0.0964489708785927,-0.0824012416042735,-0.0683574899328847,
-0.0580085901329689),.UNSPECIFIED.);
#287=B_SPLINE_CURVE_WITH_KNOTS('',3,(#11789,#11790,#11791,#11792,#11793,
#11794,#11795,#11796,#11797,#11798,#11799,#11800),.UNSPECIFIED.,.F.,.F.,
(4,2,2,2,2,4),(-0.00145822773488318,0.,0.0187306188428457,0.0382642494890987,
0.0577956681396564,0.0773241220612391),.UNSPECIFIED.);
#288=B_SPLINE_CURVE_WITH_KNOTS('',3,(#11806,#11807,#11808,#11809,#11810,
#11811,#11812,#11813,#11814,#11815,#11816,#11817),.UNSPECIFIED.,.F.,.F.,
(4,2,2,2,2,4),(-0.00138279740199205,0.,0.0188254769121905,0.0383706607098095,
0.0578994862015631,0.0774102120371329),.UNSPECIFIED.);
#289=B_SPLINE_CURVE_WITH_KNOTS('',3,(#11823,#11824,#11825,#11826,#11827,
#11828,#11829,#11830,#11831,#11832,#11833,#11834),.UNSPECIFIED.,.F.,.F.,
(4,2,2,2,2,4),(-0.000444566798971288,0.,0.0197707901284463,0.0393119813492222,
0.0588420849704466,0.0783570286530452),.UNSPECIFIED.);
#290=B_SPLINE_CURVE_WITH_KNOTS('',3,(#11840,#11841,#11842,#11843,#11844,
#11845,#11846,#11847,#11848,#11849,#11850,#11851),.UNSPECIFIED.,.F.,.F.,
(4,2,2,2,2,4),(-0.0787823573803057,-0.0773241295049371,-0.0585935088589015,
-0.0390598763322482,-0.0195284558014946,0.),.UNSPECIFIED.);
#291=B_SPLINE_CURVE_WITH_KNOTS('',3,(#11865,#11866,#11867,#11868,#11869,
#11870,#11871,#11872,#11873,#11874,#11875,#11876),.UNSPECIFIED.,.F.,.F.,
(4,2,2,2,2,4),(-0.119862374145806,-0.119106323171262,-0.102294973069808,
-0.0878961723805827,-0.0734993572650819,-0.0595275685371114),
 .UNSPECIFIED.);
#292=B_SPLINE_CURVE_WITH_KNOTS('',3,(#11896,#11897,#11898,#11899,#11900,
#11901,#11902,#11903,#11904,#11905,#11906,#11907,#11908,#11909),
 .UNSPECIFIED.,.F.,.F.,(4,2,2,2,2,2,4),(-0.158870599693959,-0.157861604044952,
-0.138458535318209,-0.121599253166047,-0.102182239790226,-0.0827663743413082,
-0.0776590430900934),.UNSPECIFIED.);
#293=B_SPLINE_CURVE_WITH_KNOTS('',3,(#11923,#11924,#11925,#11926,#11927,
#11928,#11929,#11930,#11931,#11932,#11933,#11934),.UNSPECIFIED.,.F.,.F.,
(4,2,2,2,2,4),(-0.00145822773493512,0.,0.0187306188429233,0.038264249489266,
0.0577956681399307,0.0773241220616192),.UNSPECIFIED.);
#294=B_SPLINE_CURVE_WITH_KNOTS('',3,(#11940,#11941,#11942,#11943,#11944,
#11945,#11946,#11947,#11948,#11949,#11950,#11951),.UNSPECIFIED.,.F.,.F.,
(4,2,2,2,2,4),(-0.00138279740202386,0.,0.0188254769122898,0.0383706607101318,
0.0578994862021091,0.0774102120379035),.UNSPECIFIED.);
#295=B_SPLINE_CURVE_WITH_KNOTS('',3,(#11957,#11958,#11959,#11960,#11961,
#11962,#11963,#11964,#11965,#11966,#11967,#11968),.UNSPECIFIED.,.F.,.F.,
(4,2,2,2,2,4),(-0.000444566798919895,0.,0.0197707901278454,0.0393119813474643,
0.0588420849675343,0.078357028648975),.UNSPECIFIED.);
#296=B_SPLINE_CURVE_WITH_KNOTS('',3,(#11974,#11975,#11976,#11977,#11978,
#11979,#11980,#11981,#11982,#11983,#11984,#11985),.UNSPECIFIED.,.F.,.F.,
(4,2,2,2,2,4),(-0.0787823573801595,-0.0773241295048686,-0.0585935088589302,
-0.0390598763322629,-0.0195284558015028,0.),.UNSPECIFIED.);
#297=B_SPLINE_CURVE_WITH_KNOTS('',3,(#11999,#12000,#12001,#12002,#12003,
#12004,#12005,#12006,#12007,#12008,#12009,#12010),.UNSPECIFIED.,.F.,.F.,
(4,2,2,2,2,4),(-0.119862374548109,-0.119106323570974,-0.102294973415446,
-0.0878961726751684,-0.0734993575086246,-0.0595275687269768),
 .UNSPECIFIED.);
#298=B_SPLINE_CURVE_WITH_KNOTS('',3,(#12030,#12031,#12032,#12033,#12034,
#12035,#12036,#12037,#12038,#12039,#12040,#12041,#12042,#12043),
 .UNSPECIFIED.,.F.,.F.,(4,2,2,2,2,2,4),(-0.158870599727157,-0.157861604077599,
-0.138458535340862,-0.121599253182393,-0.102182239802901,-0.0827663743503068,
-0.0776590431043451),.UNSPECIFIED.);
#299=B_SPLINE_CURVE_WITH_KNOTS('',3,(#12057,#12058,#12059,#12060,#12061,
#12062,#12063,#12064,#12065,#12066,#12067,#12068),.UNSPECIFIED.,.F.,.F.,
(4,2,2,2,2,4),(-0.00145822773489836,0.,0.0187306188428706,0.0382642494891419,
0.0577956681397275,0.0773241220613369),.UNSPECIFIED.);
#300=B_SPLINE_CURVE_WITH_KNOTS('',3,(#12074,#12075,#12076,#12077,#12078,
#12079,#12080,#12081,#12082,#12083,#12084,#12085),.UNSPECIFIED.,.F.,.F.,
(4,2,2,2,2,4),(-0.00138279740201332,0.,0.0188254769122243,0.0383706607099305,
0.0578994862017737,0.0774102120374295),.UNSPECIFIED.);
#301=B_SPLINE_CURVE_WITH_KNOTS('',3,(#12091,#12092,#12093,#12094,#12095,
#12096,#12097,#12098,#12099,#12100,#12101,#12102),.UNSPECIFIED.,.F.,.F.,
(4,2,2,2,2,4),(-0.000444566798958834,0.,0.0197707901284901,0.0393119813493509,
0.0588420849706599,0.0783570286533406),.UNSPECIFIED.);
#302=B_SPLINE_CURVE_WITH_KNOTS('',3,(#12108,#12109,#12110,#12111,#12112,
#12113,#12114,#12115,#12116,#12117,#12118,#12119),.UNSPECIFIED.,.F.,.F.,
(4,2,2,2,2,4),(-0.07878235738019,-0.0773241295048945,-0.0585935088589243,
-0.0390598763322599,-0.0195284558014981,0.),.UNSPECIFIED.);
#303=B_SPLINE_CURVE_WITH_KNOTS('',3,(#12133,#12134,#12135,#12136,#12137,
#12138,#12139,#12140,#12141,#12142,#12143,#12144),.UNSPECIFIED.,.F.,.F.,
(4,2,2,2,2,4),(-0.119862374076006,-0.119106323102058,-0.10229497301107,
-0.0878961723305219,-0.0734993572236963,-0.0595275685048405),
 .UNSPECIFIED.);
#304=B_SPLINE_CURVE_WITH_KNOTS('',3,(#12164,#12165,#12166,#12167,#12168,
#12169,#12170,#12171,#12172,#12173,#12174,#12175,#12176,#12177),
 .UNSPECIFIED.,.F.,.F.,(4,2,2,2,2,2,4),(-0.158870599727885,-0.15786160407817,
-0.138458535340291,-0.12159925318198,-0.10218223980258,-0.082766374350081,
-0.0776590431039864),.UNSPECIFIED.);
#305=B_SPLINE_CURVE_WITH_KNOTS('',3,(#12184,#12185,#12186,#12187,#12188,
#12189,#12190,#12191,#12192,#12193,#12194,#12195),.UNSPECIFIED.,.F.,.F.,
(4,2,2,2,2,4),(-0.0773241220613119,-0.0577956681397099,-0.0382642494891339,
-0.0187306188428674,0.,0.00145822773489287),.UNSPECIFIED.);
#306=B_SPLINE_CURVE_WITH_KNOTS('',3,(#12198,#12199,#12200,#12201,#12202,
#12203,#12204,#12205,#12206,#12207,#12208,#12209),.UNSPECIFIED.,.F.,.F.,
(4,2,2,2,2,4),(-0.00138279740200857,0.,0.0188254769122229,0.0383706607099239,
0.0578994862017588,0.0774102120374087),.UNSPECIFIED.);
#307=B_SPLINE_CURVE_WITH_KNOTS('',3,(#12226,#12227,#12228,#12229,#12230,
#12231,#12232,#12233,#12234,#12235,#12236,#12237),.UNSPECIFIED.,.F.,.F.,
(4,2,2,2,2,4),(-0.000444566798963317,0.,0.0197707901284883,0.0393119813493429,
0.0588420849706485,0.0783570286533267),.UNSPECIFIED.);
#308=B_SPLINE_CURVE_WITH_KNOTS('',3,(#12243,#12244,#12245,#12246,#12247,
#12248,#12249,#12250,#12251,#12252,#12253,#12254),.UNSPECIFIED.,.F.,.F.,
(4,2,2,2,2,4),(-0.0787823573802023,-0.0773241295048642,-0.0585935088589179,
-0.0390598763322609,-0.0195284558015002,0.),.UNSPECIFIED.);
#309=B_SPLINE_CURVE_WITH_KNOTS('',3,(#12268,#12269,#12270,#12271,#12272,
#12273,#12274,#12275,#12276,#12277,#12278,#12279),.UNSPECIFIED.,.F.,.F.,
(4,2,2,2,2,4),(-0.119862374144146,-0.119106323169749,-0.102294973069548,
-0.0878961723803604,-0.0734993572648972,-0.0595275685369725),
 .UNSPECIFIED.);
#310=B_SPLINE_CURVE_WITH_KNOTS('',3,(#12299,#12300,#12301,#12302,#12303,
#12304,#12305,#12306,#12307,#12308,#12309,#12310,#12311,#12312),
 .UNSPECIFIED.,.F.,.F.,(4,2,2,2,2,2,4),(-0.114705348877746,-0.11417751477836,
-0.110424876820896,-0.0964489709105349,-0.082401241630944,-0.0683574899542828,
-0.0580085901525801),.UNSPECIFIED.);
#311=B_SPLINE_CURVE_WITH_KNOTS('',3,(#12326,#12327,#12328,#12329,#12330,
#12331,#12332,#12333,#12334,#12335,#12336,#12337),.UNSPECIFIED.,.F.,.F.,
(4,2,2,2,2,4),(-0.00145822773494717,0.,0.0187306188429378,0.0382642494892882,
0.0577956681399543,0.0773241220616448),.UNSPECIFIED.);
#312=B_SPLINE_CURVE_WITH_KNOTS('',3,(#12343,#12344,#12345,#12346,#12347,
#12348,#12349,#12350,#12351,#12352,#12353,#12354),.UNSPECIFIED.,.F.,.F.,
(4,2,2,2,2,4),(-0.00138279740201239,0.,0.0188254769122229,0.0383706607099285,
0.0578994862017695,0.0774102120374235),.UNSPECIFIED.);
#313=B_SPLINE_CURVE_WITH_KNOTS('',3,(#12360,#12361,#12362,#12363,#12364,
#12365,#12366,#12367,#12368,#12369,#12370,#12371),.UNSPECIFIED.,.F.,.F.,
(4,2,2,2,2,4),(-0.000444566798902999,0.,0.0197707901277528,0.039311981347204,
0.0588420849671074,0.0783570286483843),.UNSPECIFIED.);
#314=B_SPLINE_CURVE_WITH_KNOTS('',3,(#12377,#12378,#12379,#12380,#12381,
#12382,#12383,#12384,#12385,#12386,#12387,#12388),.UNSPECIFIED.,.F.,.F.,
(4,2,2,2,2,4),(-0.0787823573801722,-0.077324129504905,-0.0585935088589293,
-0.0390598763322639,-0.0195284558015028,0.),.UNSPECIFIED.);
#315=B_SPLINE_CURVE_WITH_KNOTS('',3,(#12402,#12403,#12404,#12405,#12406,
#12407,#12408,#12409,#12410,#12411,#12412,#12413),.UNSPECIFIED.,.F.,.F.,
(4,2,2,2,2,4),(-0.119862374102676,-0.119106323129521,-0.102294973043727,
-0.0878961723583542,-0.0734993572467044,-0.0595275685227812),
 .UNSPECIFIED.);
#316=B_SPLINE_CURVE_WITH_KNOTS('',3,(#12433,#12434,#12435,#12436,#12437,
#12438,#12439,#12440,#12441,#12442,#12443,#12444,#12445,#12446),
 .UNSPECIFIED.,.F.,.F.,(4,2,2,2,2,2,4),(-0.114705349286253,-0.114177515184892,
-0.110424877213145,-0.0964489712505649,-0.0824012419185029,-0.0683574901893884,
-0.0580085903493044),.UNSPECIFIED.);
#317=B_SPLINE_CURVE_WITH_KNOTS('',3,(#12460,#12461,#12462,#12463,#12464,
#12465,#12466,#12467,#12468,#12469,#12470,#12471),.UNSPECIFIED.,.F.,.F.,
(4,2,2,2,2,4),(-0.00145822773487581,0.,0.0187306188431166,0.0382642494897034,
0.0577956681405985,0.0773241220625178),.UNSPECIFIED.);
#318=B_SPLINE_CURVE_WITH_KNOTS('',3,(#12477,#12478,#12479,#12480,#12481,
#12482,#12483,#12484,#12485,#12486,#12487,#12488),.UNSPECIFIED.,.F.,.F.,
(4,2,2,2,2,4),(-0.00138279740200214,0.,0.0188254769121858,0.0383706607098036,
0.0578994862015582,0.0774102120371244),.UNSPECIFIED.);
#319=B_SPLINE_CURVE_WITH_KNOTS('',3,(#12494,#12495,#12496,#12497,#12498,
#12499,#12500,#12501,#12502,#12503,#12504,#12505),.UNSPECIFIED.,.F.,.F.,
(4,2,2,2,2,4),(-0.000444566798916421,0.,0.0197707901279839,0.0393119813478752,
0.058842084968218,0.0783570286499338),.UNSPECIFIED.);
#320=B_SPLINE_CURVE_WITH_KNOTS('',3,(#12511,#12512,#12513,#12514,#12515,
#12516,#12517,#12518,#12519,#12520,#12521,#12522),.UNSPECIFIED.,.F.,.F.,
(4,2,2,2,2,4),(-0.0787823573802485,-0.0773241295049252,-0.0585935088589201,
-0.0390598763322589,-0.0195284558014997,0.),.UNSPECIFIED.);
#321=B_SPLINE_CURVE_WITH_KNOTS('',3,(#12536,#12537,#12538,#12539,#12540,
#12541,#12542,#12543,#12544,#12545,#12546,#12547),.UNSPECIFIED.,.F.,.F.,
(4,2,2,2,2,4),(-0.119862374108359,-0.119106323134174,-0.10229497303861,
-0.0878961723539919,-0.0734993572430976,-0.0595275685199749),
 .UNSPECIFIED.);
#322=B_SPLINE_CURVE_WITH_KNOTS('',3,(#12567,#12568,#12569,#12570,#12571,
#12572,#12573,#12574,#12575,#12576,#12577,#12578,#12579,#12580),
 .UNSPECIFIED.,.F.,.F.,(4,2,2,2,2,2,4),(-0.114705348954358,-0.114177514854464,
-0.11042487689938,-0.0964489709796262,-0.0824012416902167,-0.0683574900037459,
-0.0580085901897698),.UNSPECIFIED.);
#323=B_SPLINE_CURVE_WITH_KNOTS('',3,(#12594,#12595,#12596,#12597,#12598,
#12599,#12600,#12601,#12602,#12603,#12604,#12605),.UNSPECIFIED.,.F.,.F.,
(4,2,2,2,2,4),(-0.00145822773488565,0.,0.018730618842906,0.0382642494892251,
0.0577956681398555,0.0773241220615122),.UNSPECIFIED.);
#324=B_SPLINE_CURVE_WITH_KNOTS('',3,(#12611,#12612,#12613,#12614,#12615,
#12616,#12617,#12618,#12619,#12620,#12621,#12622),.UNSPECIFIED.,.F.,.F.,
(4,2,2,2,2,4),(-0.00138279740201515,0.,0.0188254769122288,0.0383706607099478,
0.0578994862018035,0.0774102120374739),.UNSPECIFIED.);
#325=B_SPLINE_CURVE_WITH_KNOTS('',3,(#12628,#12629,#12630,#12631,#12632,
#12633,#12634,#12635,#12636,#12637,#12638,#12639),.UNSPECIFIED.,.F.,.F.,
(4,2,2,2,2,4),(-0.000444566798986981,0.,0.0197707901284689,0.0393119813493004,
0.0588420849705822,0.0783570286532344),.UNSPECIFIED.);
#326=B_SPLINE_CURVE_WITH_KNOTS('',3,(#12645,#12646,#12647,#12648,#12649,
#12650,#12651,#12652,#12653,#12654,#12655,#12656),.UNSPECIFIED.,.F.,.F.,
(4,2,2,2,2,4),(-0.0787823573802232,-0.0773241295049062,-0.0585935088589038,
-0.0390598763322508,-0.0195284558014946,0.),.UNSPECIFIED.);
#327=B_SPLINE_CURVE_WITH_KNOTS('',3,(#12670,#12671,#12672,#12673,#12674,
#12675,#12676,#12677,#12678,#12679,#12680,#12681),.UNSPECIFIED.,.F.,.F.,
(4,2,2,2,2,4),(-0.11986237414825,-0.119106323174011,-0.102294973074808,
-0.0878961723848432,-0.0734993572686007,-0.0595275685398633),
 .UNSPECIFIED.);
#328=B_SPLINE_CURVE_WITH_KNOTS('',3,(#12701,#12702,#12703,#12704,#12705,
#12706,#12707,#12708,#12709,#12710,#12711,#12712,#12713,#12714),
 .UNSPECIFIED.,.F.,.F.,(4,2,2,2,2,2,4),(-0.158870599695341,-0.157861604045959,
-0.138458535316725,-0.121599253164915,-0.102182239789328,-0.0827663743406428,
-0.0776590430891906),.UNSPECIFIED.);
#329=B_SPLINE_CURVE_WITH_KNOTS('',3,(#12728,#12729,#12730,#12731,#12732,
#12733,#12734,#12735,#12736,#12737,#12738,#12739),.UNSPECIFIED.,.F.,.F.,
(4,2,2,2,2,4),(-0.00145822773489894,0.,0.0187306188429022,0.0382642494892,
0.0577956681398192,0.0773241220614623),.UNSPECIFIED.);
#330=B_SPLINE_CURVE_WITH_KNOTS('',3,(#12745,#12746,#12747,#12748,#12749,
#12750,#12751,#12752,#12753,#12754,#12755,#12756),.UNSPECIFIED.,.F.,.F.,
(4,2,2,2,2,4),(-0.00138279740200888,0.,0.0188254769122313,0.0383706607099444,
0.0578994862017949,0.0774102120374624),.UNSPECIFIED.);
#331=B_SPLINE_CURVE_WITH_KNOTS('',3,(#12762,#12763,#12764,#12765,#12766,
#12767,#12768,#12769,#12770,#12771,#12772,#12773),.UNSPECIFIED.,.F.,.F.,
(4,2,2,2,2,4),(-0.000444566798945798,0.,0.0197707901278456,0.039311981347472,
0.0588420849675497,0.078357028648999),.UNSPECIFIED.);
#332=B_SPLINE_CURVE_WITH_KNOTS('',3,(#12779,#12780,#12781,#12782,#12783,
#12784,#12785,#12786,#12787,#12788,#12789,#12790),.UNSPECIFIED.,.F.,.F.,
(4,2,2,2,2,4),(-0.0787823573802083,-0.0773241295049059,-0.058593508858916,
-0.0390598763322524,-0.0195284558014965,0.),.UNSPECIFIED.);
#333=B_SPLINE_CURVE_WITH_KNOTS('',3,(#12804,#12805,#12806,#12807,#12808,
#12809,#12810,#12811,#12812,#12813,#12814,#12815),.UNSPECIFIED.,.F.,.F.,
(4,2,2,2,2,4),(-0.119862374137795,-0.119106323163675,-0.102294973066316,
-0.0878961723776059,-0.0734993572626202,-0.0595275685351937),
 .UNSPECIFIED.);
#334=B_SPLINE_CURVE_WITH_KNOTS('',3,(#12835,#12836,#12837,#12838,#12839,
#12840,#12841,#12842,#12843,#12844,#12845,#12846,#12847,#12848),
 .UNSPECIFIED.,.F.,.F.,(4,2,2,2,2,2,4),(-0.158870599709945,-0.157861604062199,
-0.138458535340405,-0.121599253182125,-0.102182239802713,-0.0827663743502037,
-0.07765904310403),.UNSPECIFIED.);
#335=B_SPLINE_CURVE_WITH_KNOTS('',3,(#12862,#12863,#12864,#12865,#12866,
#12867,#12868,#12869,#12870,#12871,#12872,#12873),.UNSPECIFIED.,.F.,.F.,
(4,2,2,2,2,4),(-0.00145822773496466,0.,0.0187306188432005,0.0382642494898666,
0.0577956681408435,0.0773241220628461),.UNSPECIFIED.);
#336=B_SPLINE_CURVE_WITH_KNOTS('',3,(#12879,#12880,#12881,#12882,#12883,
#12884,#12885,#12886,#12887,#12888,#12889,#12890),.UNSPECIFIED.,.F.,.F.,
(4,2,2,2,2,4),(-0.00138279740199662,0.,0.0188254769121665,0.0383706607097431,
0.0578994862014541,0.077410212036981),.UNSPECIFIED.);
#337=B_SPLINE_CURVE_WITH_KNOTS('',3,(#12896,#12897,#12898,#12899,#12900,
#12901,#12902,#12903,#12904,#12905,#12906,#12907),.UNSPECIFIED.,.F.,.F.,
(4,2,2,2,2,4),(-0.000444566798984327,0.,0.0197707901285295,0.0393119813494656,
0.0588420849708535,0.078357028653614),.UNSPECIFIED.);
#338=B_SPLINE_CURVE_WITH_KNOTS('',3,(#12913,#12914,#12915,#12916,#12917,
#12918,#12919,#12920,#12921,#12922,#12923,#12924),.UNSPECIFIED.,.F.,.F.,
(4,2,2,2,2,4),(-0.0787823573801707,-0.0773241295049217,-0.0585935088589158,
-0.039059876332256,-0.0195284558014984,0.),.UNSPECIFIED.);
#339=B_SPLINE_CURVE_WITH_KNOTS('',3,(#12938,#12939,#12940,#12941,#12942,
#12943,#12944,#12945,#12946,#12947,#12948,#12949),.UNSPECIFIED.,.F.,.F.,
(4,2,2,2,2,4),(-0.119862374425134,-0.119106323449912,-0.102294973320913,
-0.0878961725945979,-0.0734993574420125,-0.0595275686750485),
 .UNSPECIFIED.);
#340=B_SPLINE_CURVE_WITH_KNOTS('',3,(#12969,#12970,#12971,#12972,#12973,
#12974,#12975,#12976,#12977,#12978,#12979,#12980,#12981,#12982),
 .UNSPECIFIED.,.F.,.F.,(4,2,2,2,2,2,4),(-0.158870599742392,-0.157861604091212,
-0.138458535341162,-0.121599253182661,-0.102182239803126,-0.0827663743504892,
-0.0776590431045045),.UNSPECIFIED.);
#341=B_SPLINE_CURVE_WITH_KNOTS('',3,(#12996,#12997,#12998,#12999,#13000,
#13001,#13002,#13003,#13004,#13005,#13006,#13007),.UNSPECIFIED.,.F.,.F.,
(4,2,2,2,2,4),(-0.00145822773493883,0.,0.0187306188427824,0.0382642494889368,
0.0577956681394064,0.0773241220609008),.UNSPECIFIED.);
#342=B_SPLINE_CURVE_WITH_KNOTS('',3,(#13013,#13014,#13015,#13016,#13017,
#13018,#13019,#13020,#13021,#13022,#13023,#13024),.UNSPECIFIED.,.F.,.F.,
(4,2,2,2,2,4),(-0.00138279740201908,0.,0.0188254769122436,0.0383706607099961,
0.0578994862018845,0.0774102120375876),.UNSPECIFIED.);
#343=B_SPLINE_CURVE_WITH_KNOTS('',3,(#13030,#13031,#13032,#13033,#13034,
#13035,#13036,#13037,#13038,#13039,#13040,#13041),.UNSPECIFIED.,.F.,.F.,
(4,2,2,2,2,4),(-0.000444566798970344,0.,0.0197707901285162,0.0393119813494287,
0.0588420849707921,0.0783570286535291),.UNSPECIFIED.);
#344=B_SPLINE_CURVE_WITH_KNOTS('',3,(#13047,#13048,#13049,#13050,#13051,
#13052,#13053,#13054,#13055,#13056,#13057,#13058),.UNSPECIFIED.,.F.,.F.,
(4,2,2,2,2,4),(-0.0787823573801203,-0.0773241295048298,-0.0585935088589326,
-0.0390598763322692,-0.019528455801504,0.),.UNSPECIFIED.);
#345=B_SPLINE_CURVE_WITH_KNOTS('',3,(#13072,#13073,#13074,#13075,#13076,
#13077,#13078,#13079,#13080,#13081,#13082,#13083),.UNSPECIFIED.,.F.,.F.,
(4,2,2,2,2,4),(-0.119862374090905,-0.119106323117052,-0.102294973025756,
-0.087896172343038,-0.0734993572340426,-0.0595275685129093),
 .UNSPECIFIED.);
#346=B_SPLINE_CURVE_WITH_KNOTS('',3,(#13103,#13104,#13105,#13106,#13107,
#13108,#13109,#13110,#13111,#13112,#13113,#13114,#13115,#13116),
 .UNSPECIFIED.,.F.,.F.,(4,2,2,2,2,2,4),(-0.158870599726779,-0.157861604077249,
-0.138458535340775,-0.121599253182405,-0.102182239802935,-0.0827663743503644,
-0.077659043104254),.UNSPECIFIED.);
#347=B_SPLINE_CURVE_WITH_KNOTS('',3,(#13130,#13131,#13132,#13133,#13134,
#13135,#13136,#13137,#13138,#13139,#13140,#13141),.UNSPECIFIED.,.F.,.F.,
(4,2,2,2,2,4),(-0.0014582277348991,0.,0.0187306188428752,0.038264249489166,
0.0577956681397636,0.0773241220613868),.UNSPECIFIED.);
#348=B_SPLINE_CURVE_WITH_KNOTS('',3,(#13147,#13148,#13149,#13150,#13151,
#13152,#13153,#13154,#13155,#13156,#13157,#13158),.UNSPECIFIED.,.F.,.F.,
(4,2,2,2,2,4),(-0.00138279740200481,0.,0.0188254769121822,0.0383706607098003,
0.0578994862015533,0.0774102120371195),.UNSPECIFIED.);
#349=B_SPLINE_CURVE_WITH_KNOTS('',3,(#13164,#13165,#13166,#13167,#13168,
#13169,#13170,#13171,#13172,#13173,#13174,#13175),.UNSPECIFIED.,.F.,.F.,
(4,2,2,2,2,4),(-0.000444566798957289,0.,0.019770790128309,0.039311981348818,
0.0588420849697789,0.07835702865211),.UNSPECIFIED.);
#350=B_SPLINE_CURVE_WITH_KNOTS('',3,(#13181,#13182,#13183,#13184,#13185,
#13186,#13187,#13188,#13189,#13190,#13191,#13192),.UNSPECIFIED.,.F.,.F.,
(4,2,2,2,2,4),(-0.0787823573802134,-0.077324129504944,-0.0585935088589156,
-0.0390598763322574,-0.0195284558014999,0.),.UNSPECIFIED.);
#351=B_SPLINE_CURVE_WITH_KNOTS('',3,(#13206,#13207,#13208,#13209,#13210,
#13211,#13212,#13213,#13214,#13215,#13216,#13217),.UNSPECIFIED.,.F.,.F.,
(4,2,2,2,2,4),(-0.119862374135649,-0.119106323161101,-0.102294973060234,
-0.0878961723724228,-0.0734993572583347,-0.0595275685318501),
 .UNSPECIFIED.);
#352=B_SPLINE_CURVE_WITH_KNOTS('',3,(#13237,#13238,#13239,#13240,#13241,
#13242,#13243,#13244,#13245,#13246,#13247,#13248,#13249,#13250),
 .UNSPECIFIED.,.F.,.F.,(4,2,2,2,2,2,4),(-0.114705348919711,-0.114177514819977,
-0.110424876865913,-0.0964489709505647,-0.0824012416656084,-0.0683574899835834,
-0.0580085901730701),.UNSPECIFIED.);
#353=B_SPLINE_CURVE_WITH_KNOTS('',3,(#13264,#13265,#13266,#13267,#13268,
#13269,#13270,#13271,#13272,#13273,#13274,#13275),.UNSPECIFIED.,.F.,.F.,
(4,2,2,2,2,4),(-0.00145822773491022,0.,0.0187306188428829,0.0382642494891677,
0.0577956681397704,0.0773241220613964),.UNSPECIFIED.);
#354=B_SPLINE_CURVE_WITH_KNOTS('',3,(#13281,#13282,#13283,#13284,#13285,
#13286,#13287,#13288,#13289,#13290,#13291,#13292),.UNSPECIFIED.,.F.,.F.,
(4,2,2,2,2,4),(-0.00138279740200709,0.,0.0188254769122074,0.0383706607098732,
0.0578994862016755,0.07741021203729),.UNSPECIFIED.);
#355=B_SPLINE_CURVE_WITH_KNOTS('',3,(#13298,#13299,#13300,#13301,#13302,
#13303,#13304,#13305,#13306,#13307,#13308,#13309),.UNSPECIFIED.,.F.,.F.,
(4,2,2,2,2,4),(-0.000444566798949525,0.,0.0197707901283077,0.0393119813488142,
0.058842084969771,0.0783570286521027),.UNSPECIFIED.);
#356=B_SPLINE_CURVE_WITH_KNOTS('',3,(#13315,#13316,#13317,#13318,#13319,
#13320,#13321,#13322,#13323,#13324,#13325,#13326),.UNSPECIFIED.,.F.,.F.,
(4,2,2,2,2,4),(-0.0787823573803877,-0.0773241295050513,-0.0585935088589076,
-0.0390598763322518,-0.0195284558014974,0.),.UNSPECIFIED.);
#357=B_SPLINE_CURVE_WITH_KNOTS('',3,(#13340,#13341,#13342,#13343,#13344,
#13345,#13346,#13347,#13348,#13349,#13350,#13351),.UNSPECIFIED.,.F.,.F.,
(4,2,2,2,2,4),(-0.119862374113732,-0.119106323139588,-0.102294973043949,
-0.0878961723585415,-0.073499357246856,-0.0595275685229105),
 .UNSPECIFIED.);
#358=B_SPLINE_CURVE_WITH_KNOTS('',3,(#13371,#13372,#13373,#13374,#13375,
#13376,#13377,#13378,#13379,#13380,#13381,#13382,#13383,#13384),
 .UNSPECIFIED.,.F.,.F.,(4,2,2,2,2,2,4),(-0.114705349399602,-0.114177515297623,
-0.110424877324705,-0.0964489713478592,-0.0824012420012552,-0.0683574902576045,
-0.0580085904040443),.UNSPECIFIED.);
#359=B_SPLINE_CURVE_WITH_KNOTS('',3,(#13398,#13399,#13400,#13401,#13402,
#13403,#13404,#13405,#13406,#13407,#13408,#13409),.UNSPECIFIED.,.F.,.F.,
(4,2,2,2,2,4),(-0.00145822773490667,0.,0.0187306188428976,0.0382642494892064,
0.0577956681398321,0.0773241220614828),.UNSPECIFIED.);
#360=B_SPLINE_CURVE_WITH_KNOTS('',3,(#13415,#13416,#13417,#13418,#13419,
#13420,#13421,#13422,#13423,#13424,#13425,#13426),.UNSPECIFIED.,.F.,.F.,
(4,2,2,2,2,4),(-0.00138279740200909,0.,0.0188254769122122,0.0383706607098918,
0.0578994862017083,0.0774102120373399),.UNSPECIFIED.);
#361=B_SPLINE_CURVE_WITH_KNOTS('',3,(#13432,#13433,#13434,#13435,#13436,
#13437,#13438,#13439,#13440,#13441,#13442,#13443),.UNSPECIFIED.,.F.,.F.,
(4,2,2,2,2,4),(-0.000444566798906975,0.,0.0197707901280443,0.039311981348055,
0.0588420849685156,0.0783570286503483),.UNSPECIFIED.);
#362=B_SPLINE_CURVE_WITH_KNOTS('',3,(#13449,#13450,#13451,#13452,#13453,
#13454,#13455,#13456,#13457,#13458,#13459,#13460),.UNSPECIFIED.,.F.,.F.,
(4,2,2,2,2,4),(-0.0787823573800309,-0.0773241295047886,-0.058593508858932,
-0.0390598763322645,-0.0195284558015002,0.),.UNSPECIFIED.);
#363=B_SPLINE_CURVE_WITH_KNOTS('',3,(#13474,#13475,#13476,#13477,#13478,
#13479,#13480,#13481,#13482,#13483,#13484,#13485),.UNSPECIFIED.,.F.,.F.,
(4,2,2,2,2,4),(-0.119862374103263,-0.119106323128965,-0.102294973032884,
-0.0878961723491106,-0.0734993572390624,-0.059527568516828),
 .UNSPECIFIED.);
#364=B_SPLINE_CURVE_WITH_KNOTS('',3,(#13505,#13506,#13507,#13508,#13509,
#13510,#13511,#13512,#13513,#13514,#13515,#13516,#13517,#13518),
 .UNSPECIFIED.,.F.,.F.,(4,2,2,2,2,2,4),(-0.114705348894218,-0.114177514794664,
-0.110424876839647,-0.0964489709274199,-0.0824012416457306,-0.0683574899669747,
-0.0580085901606799),.UNSPECIFIED.);
#365=B_SPLINE_CURVE_WITH_KNOTS('',3,(#13532,#13533,#13534,#13535,#13536,
#13537,#13538,#13539,#13540,#13541,#13542,#13543),.UNSPECIFIED.,.F.,.F.,
(4,2,2,2,2,4),(-0.00145822773488385,0.,0.0187306188428923,0.0382642494892004,
0.057795668139818,0.0773241220614617),.UNSPECIFIED.);
#366=B_SPLINE_CURVE_WITH_KNOTS('',3,(#13549,#13550,#13551,#13552,#13553,
#13554,#13555,#13556,#13557,#13558,#13559,#13560),.UNSPECIFIED.,.F.,.F.,
(4,2,2,2,2,4),(-0.00138279740199889,0.,0.0188254769122005,0.038370660709843,
0.057899486201622,0.0774102120372184),.UNSPECIFIED.);
#367=B_SPLINE_CURVE_WITH_KNOTS('',3,(#13566,#13567,#13568,#13569,#13570,
#13571,#13572,#13573,#13574,#13575,#13576,#13577),.UNSPECIFIED.,.F.,.F.,
(4,2,2,2,2,4),(-0.00044456679898391,0.,0.0197707901285127,0.0393119813494174,
0.0588420849707718,0.0783570286534957),.UNSPECIFIED.);
#368=B_SPLINE_CURVE_WITH_KNOTS('',3,(#13583,#13584,#13585,#13586,#13587,
#13588,#13589,#13590,#13591,#13592,#13593,#13594),.UNSPECIFIED.,.F.,.F.,
(4,2,2,2,2,4),(-0.0787823573801303,-0.0773241295048932,-0.0585935088589209,
-0.0390598763322574,-0.0195284558014971,0.),.UNSPECIFIED.);
#369=B_SPLINE_CURVE_WITH_KNOTS('',3,(#13608,#13609,#13610,#13611,#13612,
#13613,#13614,#13615,#13616,#13617,#13618,#13619),.UNSPECIFIED.,.F.,.F.,
(4,2,2,2,2,4),(-0.119862374104739,-0.119106323130822,-0.102294973037802,
-0.0878961723533037,-0.0734993572425288,-0.0595275685195284),
 .UNSPECIFIED.);
#370=B_SPLINE_CURVE_WITH_KNOTS('',3,(#13639,#13640,#13641,#13642,#13643,
#13644,#13645,#13646,#13647,#13648,#13649,#13650,#13651,#13652),
 .UNSPECIFIED.,.F.,.F.,(4,2,2,2,2,2,4),(-0.158870599709292,-0.157861604061619,
-0.138458535340401,-0.121599253182164,-0.102182239802757,-0.08276637435025,
-0.0776590431040055),.UNSPECIFIED.);
#371=B_SPLINE_CURVE_WITH_KNOTS('',3,(#13666,#13667,#13668,#13669,#13670,
#13671,#13672,#13673,#13674,#13675,#13676,#13677),.UNSPECIFIED.,.F.,.F.,
(4,2,2,2,2,4),(-0.0014582277348939,0.,0.0187306188428542,0.0382642494891038,
0.0577956681396748,0.0773241220612666),.UNSPECIFIED.);
#372=B_SPLINE_CURVE_WITH_KNOTS('',3,(#13683,#13684,#13685,#13686,#13687,
#13688,#13689,#13690,#13691,#13692,#13693,#13694),.UNSPECIFIED.,.F.,.F.,
(4,2,2,2,2,4),(-0.00138279740202658,0.,0.0188254769123182,0.0383706607102165,
0.0578994862022476,0.0774102120380973),.UNSPECIFIED.);
#373=B_SPLINE_CURVE_WITH_KNOTS('',3,(#13700,#13701,#13702,#13703,#13704,
#13705,#13706,#13707,#13708,#13709,#13710,#13711),.UNSPECIFIED.,.F.,.F.,
(4,2,2,2,2,4),(-0.00044456679892155,0.,0.0197707901284135,0.0393119813491258,
0.0588420849702892,0.0783570286528222),.UNSPECIFIED.);
#374=B_SPLINE_CURVE_WITH_KNOTS('',3,(#13717,#13718,#13719,#13720,#13721,
#13722,#13723,#13724,#13725,#13726,#13727,#13728),.UNSPECIFIED.,.F.,.F.,
(4,2,2,2,2,4),(-0.0787823573801075,-0.0773241295048176,-0.0585935088589211,
-0.0390598763322616,-0.0195284558015007,0.),.UNSPECIFIED.);
#375=B_SPLINE_CURVE_WITH_KNOTS('',3,(#13742,#13743,#13744,#13745,#13746,
#13747,#13748,#13749,#13750,#13751,#13752,#13753),.UNSPECIFIED.,.F.,.F.,
(4,2,2,2,2,4),(-0.119862374138803,-0.119106323165165,-0.102294973072401,
-0.0878961723827927,-0.0734993572669083,-0.059527568538534),
 .UNSPECIFIED.);
#376=B_SPLINE_CURVE_WITH_KNOTS('',3,(#13773,#13774,#13775,#13776,#13777,
#13778,#13779,#13780,#13781,#13782,#13783,#13784,#13785,#13786),
 .UNSPECIFIED.,.F.,.F.,(4,2,2,2,2,2,4),(-0.114705348945036,-0.114177514845243,
-0.110424876888028,-0.0964489709692817,-0.0824012416810645,-0.0683574899957819,
-0.0580085901851207),.UNSPECIFIED.);
#377=B_SPLINE_CURVE_WITH_KNOTS('',3,(#13800,#13801,#13802,#13803,#13804,
#13805,#13806,#13807,#13808,#13809,#13810,#13811),.UNSPECIFIED.,.F.,.F.,
(4,2,2,2,2,4),(-0.00145822773493606,0.,0.0187306188429157,0.0382642494892273,
0.0577956681398528,0.0773241220615017),.UNSPECIFIED.);
#378=B_SPLINE_CURVE_WITH_KNOTS('',3,(#13817,#13818,#13819,#13820,#13821,
#13822,#13823,#13824,#13825,#13826,#13827,#13828),.UNSPECIFIED.,.F.,.F.,
(4,2,2,2,2,4),(-0.00138279740199471,0.,0.0188254769121738,0.0383706607097711,
0.0578994862015015,0.0774102120370468),.UNSPECIFIED.);
#379=B_SPLINE_CURVE_WITH_KNOTS('',3,(#13834,#13835,#13836,#13837,#13838,
#13839,#13840,#13841,#13842,#13843,#13844,#13845),.UNSPECIFIED.,.F.,.F.,
(4,2,2,2,2,4),(-0.000444566798950735,0.,0.0197707901284394,0.0393119813492078,
0.0588420849704259,0.0783570286530163),.UNSPECIFIED.);
#380=B_SPLINE_CURVE_WITH_KNOTS('',3,(#13851,#13852,#13853,#13854,#13855,
#13856,#13857,#13858,#13859,#13860,#13861,#13862),.UNSPECIFIED.,.F.,.F.,
(4,2,2,2,2,4),(-0.0787823573802537,-0.0773241295049141,-0.058593508858925,
-0.0390598763322632,-0.0195284558015027,0.),.UNSPECIFIED.);
#381=B_SPLINE_CURVE_WITH_KNOTS('',3,(#13876,#13877,#13878,#13879,#13880,
#13881,#13882,#13883,#13884,#13885,#13886,#13887),.UNSPECIFIED.,.F.,.F.,
(4,2,2,2,2,4),(-0.119862374146177,-0.119106323171521,-0.10229497306889,
-0.0878961723797978,-0.0734993572644329,-0.0595275685366068),
 .UNSPECIFIED.);
#382=B_SPLINE_CURVE_WITH_KNOTS('',3,(#13907,#13908,#13909,#13910,#13911,
#13912,#13913,#13914,#13915,#13916,#13917,#13918,#13919,#13920),
 .UNSPECIFIED.,.F.,.F.,(4,2,2,2,2,2,4),(-0.158870599711434,-0.157861604060313,
-0.138458535316707,-0.121599253164968,-0.102182239789396,-0.082766374340722,
-0.0776590430891557),.UNSPECIFIED.);
#383=B_SPLINE_CURVE_WITH_KNOTS('',3,(#13934,#13935,#13936,#13937,#13938,
#13939,#13940,#13941,#13942,#13943,#13944,#13945),.UNSPECIFIED.,.F.,.F.,
(4,2,2,2,2,4),(-0.00145822773492313,0.,0.0187306188429037,0.038264249489206,
0.0577956681398276,0.0773241220614739),.UNSPECIFIED.);
#384=B_SPLINE_CURVE_WITH_KNOTS('',3,(#13951,#13952,#13953,#13954,#13955,
#13956,#13957,#13958,#13959,#13960,#13961,#13962),.UNSPECIFIED.,.F.,.F.,
(4,2,2,2,2,4),(-0.00138279740201114,0.,0.0188254769122472,0.0383706607099969,
0.0578994862018831,0.0774102120375889),.UNSPECIFIED.);
#385=B_SPLINE_CURVE_WITH_KNOTS('',3,(#13968,#13969,#13970,#13971,#13972,
#13973,#13974,#13975,#13976,#13977,#13978,#13979),.UNSPECIFIED.,.F.,.F.,
(4,2,2,2,2,4),(-0.000444566798897824,0.,0.0197707901278619,0.0393119813475174,
0.0588420849676232,0.0783570286491021),.UNSPECIFIED.);
#386=B_SPLINE_SURFACE_WITH_KNOTS('',3,1,((#9757,#9758),(#9759,#9760),(#9761,
#9762),(#9763,#9764),(#9765,#9766)),.UNSPECIFIED.,.F.,.F.,.F.,(4,1,4),(2,
2),(0.,0.0500896648431993,0.0949384233697732),(0.,0.05),.UNSPECIFIED.);
#387=B_SPLINE_SURFACE_WITH_KNOTS('',3,1,((#9783,#9784),(#9785,#9786),(#9787,
#9788),(#9789,#9790),(#9791,#9792)),.UNSPECIFIED.,.F.,.F.,.F.,(4,1,4),(2,
2),(0.,0.0518027502443349,0.103992070393501),(0.,0.05),.UNSPECIFIED.);
#388=B_SPLINE_SURFACE_WITH_KNOTS('',3,1,((#9806,#9807),(#9808,#9809),(#9810,
#9811),(#9812,#9813),(#9814,#9815)),.UNSPECIFIED.,.F.,.F.,.F.,(4,1,4),(2,
2),(0.,0.0392688713566802,0.0868134231031851),(0.,0.05),.UNSPECIFIED.);
#389=B_SPLINE_SURFACE_WITH_KNOTS('',3,1,((#9835,#9836),(#9837,#9838),(#9839,
#9840),(#9841,#9842),(#9843,#9844)),.UNSPECIFIED.,.F.,.F.,.F.,(4,1,4),(2,
2),(0.,0.0404701306821753,0.0837924648444526),(0.,0.05),.UNSPECIFIED.);
#390=B_SPLINE_SURFACE_WITH_KNOTS('',3,1,((#9858,#9859),(#9860,#9861),(#9862,
#9863),(#9864,#9865),(#9866,#9867)),.UNSPECIFIED.,.F.,.F.,.F.,(4,1,4),(2,
2),(0.,0.0569735271561123,0.112827653576273),(0.,0.05),.UNSPECIFIED.);
#391=B_SPLINE_SURFACE_WITH_KNOTS('',3,1,((#9881,#9882),(#9883,#9884),(#9885,
#9886),(#9887,#9888),(#9889,#9890)),.UNSPECIFIED.,.F.,.F.,.F.,(4,1,4),(2,
2),(0.,0.0455579374624471,0.099190581194804),(0.,0.05),.UNSPECIFIED.);
#392=B_SPLINE_SURFACE_WITH_KNOTS('',3,1,((#9926,#9927),(#9928,#9929),(#9930,
#9931),(#9932,#9933),(#9934,#9935)),.UNSPECIFIED.,.F.,.F.,.F.,(4,1,4),(2,
2),(0.,0.0130905633436516,0.0252533453653664),(0.,0.05),.UNSPECIFIED.);
#393=B_SPLINE_SURFACE_WITH_KNOTS('',3,1,((#9952,#9953),(#9954,#9955),(#9956,
#9957),(#9958,#9959),(#9960,#9961)),.UNSPECIFIED.,.F.,.F.,.F.,(4,1,4),(2,
2),(0.,0.0358800977675233,0.0569792712157346),(0.,0.05),.UNSPECIFIED.);
#394=B_SPLINE_SURFACE_WITH_KNOTS('',3,1,((#9975,#9976),(#9977,#9978),(#9979,
#9980),(#9981,#9982),(#9983,#9984)),.UNSPECIFIED.,.F.,.F.,.F.,(4,1,4),(2,
2),(0.,0.0321600407786864,0.0775055117165545),(0.,0.05),.UNSPECIFIED.);
#395=B_SPLINE_SURFACE_WITH_KNOTS('',3,1,((#9998,#9999),(#10000,#10001),
(#10002,#10003),(#10004,#10005),(#10006,#10007)),.UNSPECIFIED.,.F.,.F.,
 .F.,(4,1,4),(2,2),(0.,0.0203782899516767,0.0442448432856414),(0.,0.05),
 .UNSPECIFIED.);
#396=B_SPLINE_SURFACE_WITH_KNOTS('',3,1,((#10021,#10022),(#10023,#10024),
(#10025,#10026),(#10027,#10028),(#10029,#10030)),.UNSPECIFIED.,.F.,.F.,
 .F.,(4,1,4),(2,2),(0.,0.0179494431304113,0.0363464966756706),(0.,0.05),
 .UNSPECIFIED.);
#397=B_SPLINE_SURFACE_WITH_KNOTS('',3,1,((#10044,#10045),(#10046,#10047),
(#10048,#10049),(#10050,#10051),(#10052,#10053)),.UNSPECIFIED.,.F.,.F.,
 .F.,(4,1,4),(2,2),(0.,0.0327875619579973,0.0659279834416857),(0.,0.05),
 .UNSPECIFIED.);
#398=B_SPLINE_SURFACE_WITH_KNOTS('',3,1,((#10067,#10068),(#10069,#10070),
(#10071,#10072),(#10073,#10074),(#10075,#10076)),.UNSPECIFIED.,.F.,.F.,
 .F.,(4,1,4),(2,2),(0.,0.0391371158992543,0.0738201951734332),(0.,0.05),
 .UNSPECIFIED.);
#399=B_SPLINE_SURFACE_WITH_KNOTS('',3,1,((#10090,#10091),(#10092,#10093),
(#10094,#10095),(#10096,#10097),(#10098,#10099)),.UNSPECIFIED.,.F.,.F.,
 .F.,(4,1,4),(2,2),(0.,0.0341081646035877,0.0729316130843444),(0.,0.05),
 .UNSPECIFIED.);
#400=B_SPLINE_SURFACE_WITH_KNOTS('',3,1,((#10113,#10114),(#10115,#10116),
(#10117,#10118),(#10119,#10120),(#10121,#10122)),.UNSPECIFIED.,.F.,.F.,
 .F.,(4,1,4),(2,2),(0.,0.038427713319342,0.0721636699134596),(0.,0.05),
 .UNSPECIFIED.);
#401=B_SPLINE_SURFACE_WITH_KNOTS('',3,1,((#10142,#10143),(#10144,#10145),
(#10146,#10147),(#10148,#10149),(#10150,#10151)),.UNSPECIFIED.,.F.,.F.,
 .F.,(4,1,4),(2,2),(0.,0.0225107512144146,0.0480201218160327),(0.,0.05),
 .UNSPECIFIED.);
#402=B_SPLINE_SURFACE_WITH_KNOTS('',3,1,((#10165,#10166),(#10167,#10168),
(#10169,#10170),(#10171,#10172),(#10173,#10174)),.UNSPECIFIED.,.F.,.F.,
 .F.,(4,1,4),(2,2),(0.,0.0242729610743658,0.0464110678446861),(0.,0.05),
 .UNSPECIFIED.);
#403=B_SPLINE_SURFACE_WITH_KNOTS('',3,1,((#10188,#10189),(#10190,#10191),
(#10192,#10193),(#10194,#10195),(#10196,#10197)),.UNSPECIFIED.,.F.,.F.,
 .F.,(4,1,4),(2,2),(0.,0.0212472656508338,0.0443259257066816),(0.,0.05),
 .UNSPECIFIED.);
#404=B_SPLINE_SURFACE_WITH_KNOTS('',3,1,((#10211,#10212),(#10213,#10214),
(#10215,#10216),(#10217,#10218),(#10219,#10220)),.UNSPECIFIED.,.F.,.F.,
 .F.,(4,1,4),(2,2),(0.,0.0205381983911406,0.0409788190057006),(0.,0.05),
 .UNSPECIFIED.);
#405=B_SPLINE_SURFACE_WITH_KNOTS('',3,1,((#10234,#10235),(#10236,#10237),
(#10238,#10239),(#10240,#10241),(#10242,#10243)),.UNSPECIFIED.,.F.,.F.,
 .F.,(4,1,4),(2,2),(0.,0.0262520808525428,0.048214814441734),(0.,0.05),
 .UNSPECIFIED.);
#406=B_SPLINE_SURFACE_WITH_KNOTS('',3,1,((#10257,#10258),(#10259,#10260),
(#10261,#10262),(#10263,#10264),(#10265,#10266)),.UNSPECIFIED.,.F.,.F.,
 .F.,(4,1,4),(2,2),(0.,0.0544893159622561,0.0917525172329917),(0.,0.05),
 .UNSPECIFIED.);
#407=B_SPLINE_SURFACE_WITH_KNOTS('',3,1,((#10280,#10281),(#10282,#10283),
(#10284,#10285),(#10286,#10287),(#10288,#10289)),.UNSPECIFIED.,.F.,.F.,
 .F.,(4,1,4),(2,2),(0.,0.0294510485448167,0.0663644855120617),(0.,0.05),
 .UNSPECIFIED.);
#408=B_SPLINE_SURFACE_WITH_KNOTS('',3,1,((#10303,#10304),(#10305,#10306),
(#10307,#10308),(#10309,#10310),(#10311,#10312)),.UNSPECIFIED.,.F.,.F.,
 .F.,(4,1,4),(2,2),(0.,0.0223768973537607,0.0468143196460833),(0.,0.05),
 .UNSPECIFIED.);
#409=B_SPLINE_SURFACE_WITH_KNOTS('',3,1,((#10326,#10327),(#10328,#10329),
(#10330,#10331),(#10332,#10333),(#10334,#10335)),.UNSPECIFIED.,.F.,.F.,
 .F.,(4,1,4),(2,2),(0.,0.0130746566760824,0.0260690036542793),(0.,0.05),
 .UNSPECIFIED.);
#410=STYLED_ITEM('',(#14735),#412);
#411=STYLED_ITEM('',(#14735),#413);
#412=MANIFOLD_SOLID_BREP(
'HLS3930Assembly_1_WristAdaper_Dynamixel_1_Body1',#6761);
#413=MANIFOLD_SOLID_BREP('HLS3930Assembly_1_WristTeeth_1_Body3',#6762);
#414=CYLINDRICAL_SURFACE('',#6796,1.95);
#415=CYLINDRICAL_SURFACE('',#6800,1.95);
#416=CYLINDRICAL_SURFACE('',#6804,1.95);
#417=CYLINDRICAL_SURFACE('',#6808,1.95);
#418=CYLINDRICAL_SURFACE('',#6812,1.);
#419=CYLINDRICAL_SURFACE('',#6815,1.);
#420=CYLINDRICAL_SURFACE('',#6817,1.);
#421=CYLINDRICAL_SURFACE('',#6819,1.);
#422=CYLINDRICAL_SURFACE('',#6822,1.2);
#423=CYLINDRICAL_SURFACE('',#6824,1.2);
#424=CYLINDRICAL_SURFACE('',#6826,1.2);
#425=CYLINDRICAL_SURFACE('',#6828,1.2);
#426=CYLINDRICAL_SURFACE('',#6830,10.25);
#427=CYLINDRICAL_SURFACE('',#7249,0.555000000000001);
#428=CYLINDRICAL_SURFACE('',#7251,1.);
#429=CYLINDRICAL_SURFACE('',#7253,0.150000000000001);
#430=CYLINDRICAL_SURFACE('',#7255,8.34036692696235);
#431=CYLINDRICAL_SURFACE('',#7257,0.15);
#432=CYLINDRICAL_SURFACE('',#7259,1.);
#433=CYLINDRICAL_SURFACE('',#7261,0.554999999999999);
#434=CYLINDRICAL_SURFACE('',#7263,1.);
#435=CYLINDRICAL_SURFACE('',#7265,0.150000000000001);
#436=CYLINDRICAL_SURFACE('',#7267,8.34036692696235);
#437=CYLINDRICAL_SURFACE('',#7269,0.149999999999998);
#438=CYLINDRICAL_SURFACE('',#7271,1.);
#439=CYLINDRICAL_SURFACE('',#7273,0.554999999999999);
#440=CYLINDRICAL_SURFACE('',#7275,1.);
#441=CYLINDRICAL_SURFACE('',#7277,0.150000000000002);
#442=CYLINDRICAL_SURFACE('',#7279,8.34036692696235);
#443=CYLINDRICAL_SURFACE('',#7281,0.150000000000001);
#444=CYLINDRICAL_SURFACE('',#7283,1.);
#445=CYLINDRICAL_SURFACE('',#7285,0.555);
#446=CYLINDRICAL_SURFACE('',#7287,1.);
#447=CYLINDRICAL_SURFACE('',#7289,0.150000000000001);
#448=CYLINDRICAL_SURFACE('',#7291,8.34036692696235);
#449=CYLINDRICAL_SURFACE('',#7293,0.149999999999999);
#450=CYLINDRICAL_SURFACE('',#7295,1.);
#451=CYLINDRICAL_SURFACE('',#7297,0.555000000000001);
#452=CYLINDRICAL_SURFACE('',#7299,1.);
#453=CYLINDRICAL_SURFACE('',#7301,0.15);
#454=CYLINDRICAL_SURFACE('',#7303,8.34036692696235);
#455=CYLINDRICAL_SURFACE('',#7305,0.149999999999997);
#456=CYLINDRICAL_SURFACE('',#7307,1.);
#457=CYLINDRICAL_SURFACE('',#7309,0.555);
#458=CYLINDRICAL_SURFACE('',#7311,1.);
#459=CYLINDRICAL_SURFACE('',#7313,0.149999999999999);
#460=CYLINDRICAL_SURFACE('',#7315,8.34036692696235);
#461=CYLINDRICAL_SURFACE('',#7317,0.15);
#462=CYLINDRICAL_SURFACE('',#7319,1.);
#463=CYLINDRICAL_SURFACE('',#7321,0.555);
#464=CYLINDRICAL_SURFACE('',#7323,1.);
#465=CYLINDRICAL_SURFACE('',#7325,0.15);
#466=CYLINDRICAL_SURFACE('',#7327,8.34036692696235);
#467=CYLINDRICAL_SURFACE('',#7329,0.149999999999998);
#468=CYLINDRICAL_SURFACE('',#7331,1.);
#469=CYLINDRICAL_SURFACE('',#7333,0.554999999999999);
#470=CYLINDRICAL_SURFACE('',#7335,1.);
#471=CYLINDRICAL_SURFACE('',#7337,0.150000000000001);
#472=CYLINDRICAL_SURFACE('',#7339,8.34036692696234);
#473=CYLINDRICAL_SURFACE('',#7341,0.150000000000001);
#474=CYLINDRICAL_SURFACE('',#7343,1.);
#475=CYLINDRICAL_SURFACE('',#7345,0.555);
#476=CYLINDRICAL_SURFACE('',#7347,1.);
#477=CYLINDRICAL_SURFACE('',#7349,0.149999999999999);
#478=CYLINDRICAL_SURFACE('',#7351,8.34036692696235);
#479=CYLINDRICAL_SURFACE('',#7353,0.150000000000001);
#480=CYLINDRICAL_SURFACE('',#7355,0.999999999999999);
#481=CYLINDRICAL_SURFACE('',#7357,0.554999999999999);
#482=CYLINDRICAL_SURFACE('',#7359,1.);
#483=CYLINDRICAL_SURFACE('',#7361,0.149999999999999);
#484=CYLINDRICAL_SURFACE('',#7363,8.34036692696235);
#485=CYLINDRICAL_SURFACE('',#7365,0.149999999999998);
#486=CYLINDRICAL_SURFACE('',#7367,1.);
#487=CYLINDRICAL_SURFACE('',#7369,0.555);
#488=CYLINDRICAL_SURFACE('',#7371,1.);
#489=CYLINDRICAL_SURFACE('',#7373,0.150000000000002);
#490=CYLINDRICAL_SURFACE('',#7375,8.34036692696235);
#491=CYLINDRICAL_SURFACE('',#7377,0.149999999999997);
#492=CYLINDRICAL_SURFACE('',#7379,0.999999999999999);
#493=CYLINDRICAL_SURFACE('',#7381,0.555);
#494=CYLINDRICAL_SURFACE('',#7383,1.);
#495=CYLINDRICAL_SURFACE('',#7385,0.149999999999999);
#496=CYLINDRICAL_SURFACE('',#7387,8.34036692696235);
#497=CYLINDRICAL_SURFACE('',#7389,0.15);
#498=CYLINDRICAL_SURFACE('',#7391,0.999999999999999);
#499=CYLINDRICAL_SURFACE('',#7393,0.555);
#500=CYLINDRICAL_SURFACE('',#7395,1.);
#501=CYLINDRICAL_SURFACE('',#7397,0.149999999999998);
#502=CYLINDRICAL_SURFACE('',#7399,8.34036692696235);
#503=CYLINDRICAL_SURFACE('',#7401,0.150000000000002);
#504=CYLINDRICAL_SURFACE('',#7403,1.);
#505=CYLINDRICAL_SURFACE('',#7405,0.555000000000001);
#506=CYLINDRICAL_SURFACE('',#7407,1.);
#507=CYLINDRICAL_SURFACE('',#7409,0.150000000000001);
#508=CYLINDRICAL_SURFACE('',#7417,10.25);
#509=CYLINDRICAL_SURFACE('',#7419,1.);
#510=CYLINDRICAL_SURFACE('',#7427,1.);
#511=CYLINDRICAL_SURFACE('',#7430,1.);
#512=CYLINDRICAL_SURFACE('',#7432,1.);
#513=CYLINDRICAL_SURFACE('',#7518,8.5);
#514=CYLINDRICAL_SURFACE('',#7520,1.);
#515=CYLINDRICAL_SURFACE('',#7521,2.125);
#516=CYLINDRICAL_SURFACE('',#7526,4.);
#517=CYLINDRICAL_SURFACE('',#7530,0.149999999999999);
#518=CYLINDRICAL_SURFACE('',#7531,8.34036692696235);
#519=CYLINDRICAL_SURFACE('',#7532,0.150000000000003);
#520=CYLINDRICAL_SURFACE('',#7533,1.);
#521=CYLINDRICAL_SURFACE('',#7534,0.555);
#522=CYLINDRICAL_SURFACE('',#7535,1.);
#523=CYLINDRICAL_SURFACE('',#7536,0.149999999999999);
#524=CYLINDRICAL_SURFACE('',#7537,8.34036692696235);
#525=CYLINDRICAL_SURFACE('',#7538,0.149999999999999);
#526=CYLINDRICAL_SURFACE('',#7539,1.);
#527=CYLINDRICAL_SURFACE('',#7540,0.555);
#528=CYLINDRICAL_SURFACE('',#7541,1.);
#529=CYLINDRICAL_SURFACE('',#7542,0.15);
#530=CYLINDRICAL_SURFACE('',#7543,8.34036692696235);
#531=CYLINDRICAL_SURFACE('',#7544,0.149999999999999);
#532=CYLINDRICAL_SURFACE('',#7545,1.);
#533=CYLINDRICAL_SURFACE('',#7546,0.555);
#534=CYLINDRICAL_SURFACE('',#7547,0.999999999999999);
#535=CYLINDRICAL_SURFACE('',#7548,0.150000000000001);
#536=CYLINDRICAL_SURFACE('',#7549,8.34036692696234);
#537=CYLINDRICAL_SURFACE('',#7550,0.15);
#538=CYLINDRICAL_SURFACE('',#7551,0.999999999999999);
#539=CYLINDRICAL_SURFACE('',#7552,0.555000000000001);
#540=CYLINDRICAL_SURFACE('',#7553,1.);
#541=CYLINDRICAL_SURFACE('',#7554,0.150000000000002);
#542=CYLINDRICAL_SURFACE('',#7555,8.34036692696234);
#543=CYLINDRICAL_SURFACE('',#7556,0.149999999999998);
#544=CYLINDRICAL_SURFACE('',#7557,1.);
#545=CYLINDRICAL_SURFACE('',#7558,0.555000000000001);
#546=CYLINDRICAL_SURFACE('',#7559,1.);
#547=CYLINDRICAL_SURFACE('',#7560,0.149999999999992);
#548=CYLINDRICAL_SURFACE('',#7561,8.34036692696235);
#549=CYLINDRICAL_SURFACE('',#7562,0.149999999999999);
#550=CYLINDRICAL_SURFACE('',#7563,1.);
#551=CYLINDRICAL_SURFACE('',#7564,0.554999999999999);
#552=CYLINDRICAL_SURFACE('',#7565,0.999999999999999);
#553=CYLINDRICAL_SURFACE('',#7566,0.149999999999995);
#554=CYLINDRICAL_SURFACE('',#7567,8.34036692696235);
#555=CYLINDRICAL_SURFACE('',#7568,0.149999999999997);
#556=CYLINDRICAL_SURFACE('',#7569,1.);
#557=CYLINDRICAL_SURFACE('',#7570,0.555);
#558=CYLINDRICAL_SURFACE('',#7571,1.);
#559=CYLINDRICAL_SURFACE('',#7572,0.150000000000004);
#560=CYLINDRICAL_SURFACE('',#7573,8.34036692696235);
#561=CYLINDRICAL_SURFACE('',#7574,0.15);
#562=CYLINDRICAL_SURFACE('',#7575,1.);
#563=CYLINDRICAL_SURFACE('',#7576,0.555);
#564=CYLINDRICAL_SURFACE('',#7577,1.);
#565=CYLINDRICAL_SURFACE('',#7578,0.149999999999995);
#566=CYLINDRICAL_SURFACE('',#7579,8.34036692696235);
#567=CYLINDRICAL_SURFACE('',#7580,0.149999999999999);
#568=CYLINDRICAL_SURFACE('',#7581,1.);
#569=CYLINDRICAL_SURFACE('',#7582,0.555);
#570=CYLINDRICAL_SURFACE('',#7583,1.);
#571=CYLINDRICAL_SURFACE('',#7584,0.149999999999997);
#572=CYLINDRICAL_SURFACE('',#7585,8.34036692696235);
#573=CYLINDRICAL_SURFACE('',#7586,0.150000000000002);
#574=CYLINDRICAL_SURFACE('',#7587,1.);
#575=CYLINDRICAL_SURFACE('',#7588,0.554999999999999);
#576=CYLINDRICAL_SURFACE('',#7589,0.999999999999999);
#577=CYLINDRICAL_SURFACE('',#7590,0.15);
#578=CYLINDRICAL_SURFACE('',#7591,8.34036692696235);
#579=CYLINDRICAL_SURFACE('',#7592,0.149999999999999);
#580=CYLINDRICAL_SURFACE('',#7593,1.);
#581=CYLINDRICAL_SURFACE('',#7594,0.555);
#582=CYLINDRICAL_SURFACE('',#7595,0.999999999999999);
#583=CYLINDRICAL_SURFACE('',#7596,0.15);
#584=CYLINDRICAL_SURFACE('',#7597,8.34036692696235);
#585=CYLINDRICAL_SURFACE('',#7598,0.149999999999998);
#586=CYLINDRICAL_SURFACE('',#7599,1.);
#587=CYLINDRICAL_SURFACE('',#7600,0.555);
#588=CYLINDRICAL_SURFACE('',#7601,1.);
#589=CYLINDRICAL_SURFACE('',#7602,0.15);
#590=CYLINDRICAL_SURFACE('',#7603,8.34036692696235);
#591=CYLINDRICAL_SURFACE('',#7604,0.149999999999999);
#592=CYLINDRICAL_SURFACE('',#7605,1.);
#593=CYLINDRICAL_SURFACE('',#7606,0.555000000000001);
#594=CYLINDRICAL_SURFACE('',#7607,1.);
#595=CYLINDRICAL_SURFACE('',#7608,0.149999999999999);
#596=CYLINDRICAL_SURFACE('',#7609,8.34036692696235);
#597=FACE_BOUND('',#1563,.T.);
#598=FACE_BOUND('',#1569,.T.);
#599=FACE_BOUND('',#1572,.T.);
#600=FACE_BOUND('',#1575,.T.);
#601=FACE_BOUND('',#1578,.T.);
#602=FACE_BOUND('',#1591,.T.);
#603=FACE_BOUND('',#1592,.T.);
#604=FACE_BOUND('',#1593,.T.);
#605=FACE_BOUND('',#1594,.T.);
#606=FACE_BOUND('',#1595,.T.);
#607=FACE_BOUND('',#1875,.T.);
#608=FACE_BOUND('',#1881,.T.);
#609=FACE_BOUND('',#1882,.T.);
#610=FACE_BOUND('',#1889,.T.);
#611=FACE_BOUND('',#1897,.T.);
#612=FACE_BOUND('',#1979,.T.);
#613=FACE_BOUND('',#1981,.T.);
#614=CIRCLE('',#6784,10.25);
#615=CIRCLE('',#6785,1.95);
#616=CIRCLE('',#6786,1.);
#617=CIRCLE('',#6787,1.95);
#618=CIRCLE('',#6788,1.);
#619=CIRCLE('',#6789,1.95);
#620=CIRCLE('',#6790,1.);
#621=CIRCLE('',#6791,1.95);
#622=CIRCLE('',#6792,1.);
#623=CIRCLE('',#6797,1.95);
#624=CIRCLE('',#6799,1.2);
#625=CIRCLE('',#6801,1.95);
#626=CIRCLE('',#6803,1.2);
#627=CIRCLE('',#6805,1.95);
#628=CIRCLE('',#6807,1.2);
#629=CIRCLE('',#6809,1.95);
#630=CIRCLE('',#6811,1.2);
#631=CIRCLE('',#6813,1.);
#632=CIRCLE('',#6816,1.);
#633=CIRCLE('',#6818,1.);
#634=CIRCLE('',#6820,1.);
#635=CIRCLE('',#6823,1.2);
#636=CIRCLE('',#6825,1.2);
#637=CIRCLE('',#6827,1.2);
#638=CIRCLE('',#6829,1.2);
#639=CIRCLE('',#6831,10.25);
#640=CIRCLE('',#6844,0.5);
#641=CIRCLE('',#6845,1.);
#642=CIRCLE('',#6846,0.0550000000000005);
#643=CIRCLE('',#6847,0.555000000000001);
#644=CIRCLE('',#6848,0.5);
#645=CIRCLE('',#6849,1.);
#646=CIRCLE('',#6851,0.650000000000001);
#647=CIRCLE('',#6852,0.150000000000001);
#648=CIRCLE('',#6854,8.84036692696235);
#649=CIRCLE('',#6855,8.34036692696235);
#650=CIRCLE('',#6857,0.65);
#651=CIRCLE('',#6858,0.15);
#652=CIRCLE('',#6859,0.5);
#653=CIRCLE('',#6860,1.);
#654=CIRCLE('',#6861,0.0549999999999994);
#655=CIRCLE('',#6862,0.554999999999999);
#656=CIRCLE('',#6863,0.500000000000001);
#657=CIRCLE('',#6864,1.);
#658=CIRCLE('',#6866,0.650000000000001);
#659=CIRCLE('',#6867,0.150000000000001);
#660=CIRCLE('',#6869,8.84036692696235);
#661=CIRCLE('',#6870,8.34036692696235);
#662=CIRCLE('',#6872,0.649999999999998);
#663=CIRCLE('',#6873,0.149999999999998);
#664=CIRCLE('',#6874,0.5);
#665=CIRCLE('',#6875,1.);
#666=CIRCLE('',#6876,0.0549999999999993);
#667=CIRCLE('',#6877,0.554999999999999);
#668=CIRCLE('',#6878,0.5);
#669=CIRCLE('',#6879,1.);
#670=CIRCLE('',#6881,0.650000000000001);
#671=CIRCLE('',#6882,0.150000000000001);
#672=CIRCLE('',#6884,8.84036692696235);
#673=CIRCLE('',#6885,8.34036692696235);
#674=CIRCLE('',#6887,0.650000000000001);
#675=CIRCLE('',#6888,0.150000000000001);
#676=CIRCLE('',#6889,0.5);
#677=CIRCLE('',#6890,1.);
#678=CIRCLE('',#6891,0.0550000000000003);
#679=CIRCLE('',#6892,0.555);
#680=CIRCLE('',#6893,0.5);
#681=CIRCLE('',#6894,1.);
#682=CIRCLE('',#6896,0.650000000000001);
#683=CIRCLE('',#6897,0.150000000000001);
#684=CIRCLE('',#6899,8.84036692696235);
#685=CIRCLE('',#6900,8.34036692696235);
#686=CIRCLE('',#6902,0.649999999999999);
#687=CIRCLE('',#6903,0.149999999999999);
#688=CIRCLE('',#6904,0.5);
#689=CIRCLE('',#6905,1.);
#690=CIRCLE('',#6906,0.0550000000000009);
#691=CIRCLE('',#6907,0.555000000000001);
#692=CIRCLE('',#6908,0.5);
#693=CIRCLE('',#6909,1.);
#694=CIRCLE('',#6911,0.65);
#695=CIRCLE('',#6912,0.15);
#696=CIRCLE('',#6914,8.84036692696235);
#697=CIRCLE('',#6915,8.34036692696235);
#698=CIRCLE('',#6917,0.649999999999997);
#699=CIRCLE('',#6918,0.149999999999997);
#700=CIRCLE('',#6919,0.5);
#701=CIRCLE('',#6920,1.);
#702=CIRCLE('',#6921,0.0550000000000001);
#703=CIRCLE('',#6922,0.555);
#704=CIRCLE('',#6923,0.5);
#705=CIRCLE('',#6924,1.);
#706=CIRCLE('',#6926,0.649999999999999);
#707=CIRCLE('',#6927,0.149999999999999);
#708=CIRCLE('',#6929,8.84036692696235);
#709=CIRCLE('',#6930,8.34036692696235);
#710=CIRCLE('',#6932,0.65);
#711=CIRCLE('',#6933,0.15);
#712=CIRCLE('',#6934,0.5);
#713=CIRCLE('',#6935,1.);
#714=CIRCLE('',#6936,0.0550000000000003);
#715=CIRCLE('',#6937,0.555);
#716=CIRCLE('',#6938,0.5);
#717=CIRCLE('',#6939,1.);
#718=CIRCLE('',#6941,0.650000000000001);
#719=CIRCLE('',#6942,0.15);
#720=CIRCLE('',#6944,8.84036692696235);
#721=CIRCLE('',#6945,8.34036692696235);
#722=CIRCLE('',#6947,0.649999999999998);
#723=CIRCLE('',#6948,0.149999999999998);
#724=CIRCLE('',#6949,0.5);
#725=CIRCLE('',#6950,1.);
#726=CIRCLE('',#6951,0.0549999999999994);
#727=CIRCLE('',#6952,0.554999999999999);
#728=CIRCLE('',#6953,0.5);
#729=CIRCLE('',#6954,1.);
#730=CIRCLE('',#6956,0.650000000000002);
#731=CIRCLE('',#6957,0.150000000000001);
#732=CIRCLE('',#6959,8.84036692696234);
#733=CIRCLE('',#6960,8.34036692696234);
#734=CIRCLE('',#6962,0.650000000000001);
#735=CIRCLE('',#6963,0.150000000000001);
#736=CIRCLE('',#6964,0.5);
#737=CIRCLE('',#6965,1.);
#738=CIRCLE('',#6966,0.0549999999999996);
#739=CIRCLE('',#6967,0.555);
#740=CIRCLE('',#6968,0.5);
#741=CIRCLE('',#6969,1.);
#742=CIRCLE('',#6971,0.649999999999999);
#743=CIRCLE('',#6972,0.149999999999999);
#744=CIRCLE('',#6974,8.84036692696235);
#745=CIRCLE('',#6975,8.34036692696235);
#746=CIRCLE('',#6977,0.650000000000001);
#747=CIRCLE('',#6978,0.150000000000001);
#748=CIRCLE('',#6979,0.499999999999999);
#749=CIRCLE('',#6980,0.999999999999999);
#750=CIRCLE('',#6981,0.0549999999999994);
#751=CIRCLE('',#6982,0.554999999999999);
#752=CIRCLE('',#6983,0.5);
#753=CIRCLE('',#6984,1.);
#754=CIRCLE('',#6986,0.649999999999999);
#755=CIRCLE('',#6987,0.149999999999999);
#756=CIRCLE('',#6989,8.84036692696235);
#757=CIRCLE('',#6990,8.34036692696235);
#758=CIRCLE('',#6992,0.649999999999998);
#759=CIRCLE('',#6993,0.149999999999998);
#760=CIRCLE('',#6994,0.5);
#761=CIRCLE('',#6995,1.);
#762=CIRCLE('',#6996,0.0550000000000005);
#763=CIRCLE('',#6997,0.555);
#764=CIRCLE('',#6998,0.5);
#765=CIRCLE('',#6999,1.);
#766=CIRCLE('',#7001,0.650000000000002);
#767=CIRCLE('',#7002,0.150000000000002);
#768=CIRCLE('',#7004,8.84036692696235);
#769=CIRCLE('',#7005,8.34036692696235);
#770=CIRCLE('',#7007,0.649999999999997);
#771=CIRCLE('',#7008,0.149999999999997);
#772=CIRCLE('',#7009,0.499999999999999);
#773=CIRCLE('',#7010,0.999999999999999);
#774=CIRCLE('',#7011,0.0550000000000005);
#775=CIRCLE('',#7012,0.555);
#776=CIRCLE('',#7013,0.5);
#777=CIRCLE('',#7014,1.);
#778=CIRCLE('',#7016,0.649999999999999);
#779=CIRCLE('',#7017,0.149999999999999);
#780=CIRCLE('',#7019,8.84036692696235);
#781=CIRCLE('',#7020,8.34036692696235);
#782=CIRCLE('',#7022,0.65);
#783=CIRCLE('',#7023,0.15);
#784=CIRCLE('',#7024,0.499999999999999);
#785=CIRCLE('',#7025,0.999999999999999);
#786=CIRCLE('',#7026,0.0549999999999996);
#787=CIRCLE('',#7027,0.555);
#788=CIRCLE('',#7028,0.5);
#789=CIRCLE('',#7029,1.);
#790=CIRCLE('',#7031,0.649999999999998);
#791=CIRCLE('',#7032,0.149999999999998);
#792=CIRCLE('',#7034,8.84036692696235);
#793=CIRCLE('',#7035,8.34036692696235);
#794=CIRCLE('',#7037,0.650000000000002);
#795=CIRCLE('',#7038,0.150000000000002);
#796=CIRCLE('',#7039,0.5);
#797=CIRCLE('',#7040,1.);
#798=CIRCLE('',#7041,0.0550000000000009);
#799=CIRCLE('',#7042,0.555000000000001);
#800=CIRCLE('',#7044,0.150000000000001);
#801=CIRCLE('',#7045,0.650000000000001);
#802=CIRCLE('',#7046,0.5);
#803=CIRCLE('',#7047,1.);
#804=CIRCLE('',#7049,8.34036692696235);
#805=CIRCLE('',#7050,8.84036692696235);
#806=CIRCLE('',#7052,0.149999999999999);
#807=CIRCLE('',#7053,0.649999999999999);
#808=CIRCLE('',#7054,1.);
#809=CIRCLE('',#7055,0.5);
#810=CIRCLE('',#7056,0.555000000000001);
#811=CIRCLE('',#7057,0.055000000000001);
#812=CIRCLE('',#7058,1.);
#813=CIRCLE('',#7059,0.5);
#814=CIRCLE('',#7061,0.149999999999999);
#815=CIRCLE('',#7062,0.649999999999999);
#816=CIRCLE('',#7064,8.34036692696235);
#817=CIRCLE('',#7065,8.84036692696235);
#818=CIRCLE('',#7067,0.15);
#819=CIRCLE('',#7068,0.65);
#820=CIRCLE('',#7069,1.);
#821=CIRCLE('',#7070,0.5);
#822=CIRCLE('',#7071,0.555);
#823=CIRCLE('',#7072,0.0549999999999999);
#824=CIRCLE('',#7073,1.);
#825=CIRCLE('',#7074,0.5);
#826=CIRCLE('',#7076,0.149999999999998);
#827=CIRCLE('',#7077,0.649999999999998);
#828=CIRCLE('',#7079,8.34036692696235);
#829=CIRCLE('',#7080,8.84036692696235);
#830=CIRCLE('',#7082,0.15);
#831=CIRCLE('',#7083,0.65);
#832=CIRCLE('',#7084,0.999999999999999);
#833=CIRCLE('',#7085,0.499999999999999);
#834=CIRCLE('',#7086,0.555);
#835=CIRCLE('',#7087,0.0550000000000001);
#836=CIRCLE('',#7088,1.);
#837=CIRCLE('',#7089,0.5);
#838=CIRCLE('',#7091,0.149999999999999);
#839=CIRCLE('',#7092,0.649999999999999);
#840=CIRCLE('',#7094,8.34036692696235);
#841=CIRCLE('',#7095,8.84036692696235);
#842=CIRCLE('',#7097,0.15);
#843=CIRCLE('',#7098,0.65);
#844=CIRCLE('',#7099,0.999999999999999);
#845=CIRCLE('',#7100,0.499999999999999);
#846=CIRCLE('',#7101,0.554999999999999);
#847=CIRCLE('',#7102,0.0549999999999988);
#848=CIRCLE('',#7103,1.);
#849=CIRCLE('',#7104,0.5);
#850=CIRCLE('',#7106,0.150000000000002);
#851=CIRCLE('',#7107,0.650000000000002);
#852=CIRCLE('',#7109,8.34036692696235);
#853=CIRCLE('',#7110,8.84036692696234);
#854=CIRCLE('',#7112,0.149999999999997);
#855=CIRCLE('',#7113,0.649999999999997);
#856=CIRCLE('',#7114,1.);
#857=CIRCLE('',#7115,0.5);
#858=CIRCLE('',#7116,0.555);
#859=CIRCLE('',#7117,0.0550000000000005);
#860=CIRCLE('',#7118,1.);
#861=CIRCLE('',#7119,0.5);
#862=CIRCLE('',#7121,0.149999999999999);
#863=CIRCLE('',#7122,0.649999999999999);
#864=CIRCLE('',#7124,8.34036692696235);
#865=CIRCLE('',#7125,8.84036692696235);
#866=CIRCLE('',#7127,0.149999999999995);
#867=CIRCLE('',#7128,0.649999999999995);
#868=CIRCLE('',#7129,1.);
#869=CIRCLE('',#7130,0.500000000000001);
#870=CIRCLE('',#7131,0.555);
#871=CIRCLE('',#7132,0.0550000000000003);
#872=CIRCLE('',#7133,1.);
#873=CIRCLE('',#7134,0.500000000000001);
#874=CIRCLE('',#7136,0.15);
#875=CIRCLE('',#7137,0.65);
#876=CIRCLE('',#7139,8.34036692696235);
#877=CIRCLE('',#7140,8.84036692696235);
#878=CIRCLE('',#7142,0.150000000000004);
#879=CIRCLE('',#7143,0.650000000000003);
#880=CIRCLE('',#7144,1.);
#881=CIRCLE('',#7145,0.5);
#882=CIRCLE('',#7146,0.555);
#883=CIRCLE('',#7147,0.0550000000000002);
#884=CIRCLE('',#7148,1.);
#885=CIRCLE('',#7149,0.5);
#886=CIRCLE('',#7151,0.149999999999997);
#887=CIRCLE('',#7152,0.649999999999997);
#888=CIRCLE('',#7154,8.34036692696235);
#889=CIRCLE('',#7155,8.84036692696235);
#890=CIRCLE('',#7157,0.149999999999995);
#891=CIRCLE('',#7158,0.649999999999995);
#892=CIRCLE('',#7159,1.);
#893=CIRCLE('',#7160,0.5);
#894=CIRCLE('',#7161,0.555);
#895=CIRCLE('',#7162,0.0549999999999995);
#896=CIRCLE('',#7163,1.);
#897=CIRCLE('',#7164,0.5);
#898=CIRCLE('',#7166,0.149999999999999);
#899=CIRCLE('',#7167,0.649999999999999);
#900=CIRCLE('',#7169,8.34036692696235);
#901=CIRCLE('',#7170,8.84036692696235);
#902=CIRCLE('',#7172,0.149999999999992);
#903=CIRCLE('',#7173,0.649999999999992);
#904=CIRCLE('',#7174,1.);
#905=CIRCLE('',#7175,0.5);
#906=CIRCLE('',#7176,0.555000000000001);
#907=CIRCLE('',#7177,0.0550000000000006);
#908=CIRCLE('',#7178,1.);
#909=CIRCLE('',#7179,0.5);
#910=CIRCLE('',#7181,0.149999999999998);
#911=CIRCLE('',#7182,0.649999999999999);
#912=CIRCLE('',#7184,8.34036692696235);
#913=CIRCLE('',#7185,8.84036692696234);
#914=CIRCLE('',#7187,0.150000000000002);
#915=CIRCLE('',#7188,0.650000000000002);
#916=CIRCLE('',#7189,1.);
#917=CIRCLE('',#7190,0.5);
#918=CIRCLE('',#7191,0.555000000000001);
#919=CIRCLE('',#7192,0.0550000000000007);
#920=CIRCLE('',#7193,0.999999999999999);
#921=CIRCLE('',#7194,0.499999999999999);
#922=CIRCLE('',#7196,0.15);
#923=CIRCLE('',#7197,0.65);
#924=CIRCLE('',#7199,8.34036692696235);
#925=CIRCLE('',#7200,8.84036692696235);
#926=CIRCLE('',#7202,0.150000000000001);
#927=CIRCLE('',#7203,0.650000000000001);
#928=CIRCLE('',#7204,0.999999999999999);
#929=CIRCLE('',#7205,0.499999999999999);
#930=CIRCLE('',#7206,0.555);
#931=CIRCLE('',#7207,0.0550000000000002);
#932=CIRCLE('',#7208,1.);
#933=CIRCLE('',#7209,0.500000000000001);
#934=CIRCLE('',#7211,0.149999999999999);
#935=CIRCLE('',#7212,0.649999999999999);
#936=CIRCLE('',#7214,8.34036692696235);
#937=CIRCLE('',#7215,8.84036692696235);
#938=CIRCLE('',#7217,0.15);
#939=CIRCLE('',#7218,0.65);
#940=CIRCLE('',#7219,1.);
#941=CIRCLE('',#7220,0.500000000000001);
#942=CIRCLE('',#7221,0.555);
#943=CIRCLE('',#7222,0.0550000000000005);
#944=CIRCLE('',#7223,1.);
#945=CIRCLE('',#7224,0.5);
#946=CIRCLE('',#7226,0.149999999999999);
#947=CIRCLE('',#7227,0.649999999999999);
#948=CIRCLE('',#7229,8.34036692696235);
#949=CIRCLE('',#7230,8.84036692696235);
#950=CIRCLE('',#7232,0.149999999999999);
#951=CIRCLE('',#7233,0.649999999999999);
#952=CIRCLE('',#7234,1.);
#953=CIRCLE('',#7235,0.5);
#954=CIRCLE('',#7236,0.555);
#955=CIRCLE('',#7237,0.055);
#956=CIRCLE('',#7238,1.);
#957=CIRCLE('',#7239,0.500000000000001);
#958=CIRCLE('',#7241,0.150000000000003);
#959=CIRCLE('',#7242,0.650000000000003);
#960=CIRCLE('',#7244,8.34036692696235);
#961=CIRCLE('',#7245,8.84036692696235);
#962=CIRCLE('',#7247,0.149999999999999);
#963=CIRCLE('',#7248,0.649999999999999);
#964=CIRCLE('',#7250,0.555000000000001);
#965=CIRCLE('',#7252,1.);
#966=CIRCLE('',#7254,0.150000000000001);
#967=CIRCLE('',#7256,8.34036692696235);
#968=CIRCLE('',#7258,0.15);
#969=CIRCLE('',#7260,1.);
#970=CIRCLE('',#7262,0.554999999999999);
#971=CIRCLE('',#7264,1.);
#972=CIRCLE('',#7266,0.150000000000001);
#973=CIRCLE('',#7268,8.34036692696235);
#974=CIRCLE('',#7270,0.149999999999998);
#975=CIRCLE('',#7272,1.);
#976=CIRCLE('',#7274,0.554999999999999);
#977=CIRCLE('',#7276,1.);
#978=CIRCLE('',#7278,0.150000000000002);
#979=CIRCLE('',#7280,8.34036692696235);
#980=CIRCLE('',#7282,0.150000000000001);
#981=CIRCLE('',#7284,1.);
#982=CIRCLE('',#7286,0.555);
#983=CIRCLE('',#7288,1.);
#984=CIRCLE('',#7290,0.150000000000001);
#985=CIRCLE('',#7292,8.34036692696235);
#986=CIRCLE('',#7294,0.149999999999999);
#987=CIRCLE('',#7296,1.);
#988=CIRCLE('',#7298,0.555000000000001);
#989=CIRCLE('',#7300,1.);
#990=CIRCLE('',#7302,0.15);
#991=CIRCLE('',#7304,8.34036692696235);
#992=CIRCLE('',#7306,0.149999999999997);
#993=CIRCLE('',#7308,1.);
#994=CIRCLE('',#7310,0.555);
#995=CIRCLE('',#7312,1.);
#996=CIRCLE('',#7314,0.149999999999999);
#997=CIRCLE('',#7316,8.34036692696235);
#998=CIRCLE('',#7318,0.15);
#999=CIRCLE('',#7320,1.);
#1000=CIRCLE('',#7322,0.555);
#1001=CIRCLE('',#7324,1.);
#1002=CIRCLE('',#7326,0.15);
#1003=CIRCLE('',#7328,8.34036692696235);
#1004=CIRCLE('',#7330,0.149999999999998);
#1005=CIRCLE('',#7332,1.);
#1006=CIRCLE('',#7334,0.554999999999999);
#1007=CIRCLE('',#7336,1.);
#1008=CIRCLE('',#7338,0.150000000000001);
#1009=CIRCLE('',#7340,8.34036692696234);
#1010=CIRCLE('',#7342,0.150000000000001);
#1011=CIRCLE('',#7344,1.);
#1012=CIRCLE('',#7346,0.555);
#1013=CIRCLE('',#7348,1.);
#1014=CIRCLE('',#7350,0.149999999999999);
#1015=CIRCLE('',#7352,8.34036692696235);
#1016=CIRCLE('',#7354,0.150000000000001);
#1017=CIRCLE('',#7356,0.999999999999999);
#1018=CIRCLE('',#7358,0.554999999999999);
#1019=CIRCLE('',#7360,1.);
#1020=CIRCLE('',#7362,0.149999999999999);
#1021=CIRCLE('',#7364,8.34036692696235);
#1022=CIRCLE('',#7366,0.149999999999998);
#1023=CIRCLE('',#7368,1.);
#1024=CIRCLE('',#7370,0.555);
#1025=CIRCLE('',#7372,1.);
#1026=CIRCLE('',#7374,0.150000000000002);
#1027=CIRCLE('',#7376,8.34036692696235);
#1028=CIRCLE('',#7378,0.149999999999997);
#1029=CIRCLE('',#7380,0.999999999999999);
#1030=CIRCLE('',#7382,0.555);
#1031=CIRCLE('',#7384,1.);
#1032=CIRCLE('',#7386,0.149999999999999);
#1033=CIRCLE('',#7388,8.34036692696235);
#1034=CIRCLE('',#7390,0.15);
#1035=CIRCLE('',#7392,0.999999999999999);
#1036=CIRCLE('',#7394,0.555);
#1037=CIRCLE('',#7396,1.);
#1038=CIRCLE('',#7398,0.149999999999998);
#1039=CIRCLE('',#7400,8.34036692696235);
#1040=CIRCLE('',#7402,0.150000000000002);
#1041=CIRCLE('',#7404,1.);
#1042=CIRCLE('',#7406,0.555000000000001);
#1043=CIRCLE('',#7408,1.);
#1044=CIRCLE('',#7410,0.150000000000001);
#1045=CIRCLE('',#7412,9.75);
#1046=CIRCLE('',#7414,10.25);
#1047=CIRCLE('',#7415,0.5);
#1048=CIRCLE('',#7416,10.25);
#1049=CIRCLE('',#7418,10.25);
#1050=CIRCLE('',#7420,1.);
#1051=CIRCLE('',#7421,1.);
#1052=CIRCLE('',#7424,1.);
#1053=CIRCLE('',#7425,1.);
#1054=CIRCLE('',#7426,1.);
#1055=CIRCLE('',#7428,1.);
#1056=CIRCLE('',#7431,1.);
#1057=CIRCLE('',#7433,1.);
#1058=CIRCLE('',#7436,8.5);
#1059=CIRCLE('',#7437,0.149999999999999);
#1060=CIRCLE('',#7438,1.);
#1061=CIRCLE('',#7439,8.34036692696235);
#1062=CIRCLE('',#7440,0.149999999999999);
#1063=CIRCLE('',#7441,1.);
#1064=CIRCLE('',#7442,0.555000000000001);
#1065=CIRCLE('',#7443,1.);
#1066=CIRCLE('',#7444,0.149999999999999);
#1067=CIRCLE('',#7445,8.34036692696235);
#1068=CIRCLE('',#7446,0.15);
#1069=CIRCLE('',#7447,1.);
#1070=CIRCLE('',#7448,0.555);
#1071=CIRCLE('',#7449,1.);
#1072=CIRCLE('',#7450,0.149999999999998);
#1073=CIRCLE('',#7451,8.34036692696235);
#1074=CIRCLE('',#7452,0.15);
#1075=CIRCLE('',#7453,0.999999999999999);
#1076=CIRCLE('',#7454,0.555);
#1077=CIRCLE('',#7455,1.);
#1078=CIRCLE('',#7456,0.149999999999999);
#1079=CIRCLE('',#7457,8.34036692696235);
#1080=CIRCLE('',#7458,0.15);
#1081=CIRCLE('',#7459,0.999999999999999);
#1082=CIRCLE('',#7460,0.554999999999999);
#1083=CIRCLE('',#7461,1.);
#1084=CIRCLE('',#7462,0.150000000000002);
#1085=CIRCLE('',#7463,8.34036692696235);
#1086=CIRCLE('',#7464,0.149999999999997);
#1087=CIRCLE('',#7465,1.);
#1088=CIRCLE('',#7466,0.555);
#1089=CIRCLE('',#7467,1.);
#1090=CIRCLE('',#7468,0.149999999999999);
#1091=CIRCLE('',#7469,8.34036692696235);
#1092=CIRCLE('',#7470,0.149999999999995);
#1093=CIRCLE('',#7471,1.);
#1094=CIRCLE('',#7472,0.555);
#1095=CIRCLE('',#7473,1.);
#1096=CIRCLE('',#7474,0.15);
#1097=CIRCLE('',#7475,8.34036692696235);
#1098=CIRCLE('',#7476,0.150000000000004);
#1099=CIRCLE('',#7477,1.);
#1100=CIRCLE('',#7478,0.555);
#1101=CIRCLE('',#7479,1.);
#1102=CIRCLE('',#7480,0.149999999999997);
#1103=CIRCLE('',#7481,8.34036692696235);
#1104=CIRCLE('',#7482,0.149999999999995);
#1105=CIRCLE('',#7483,0.999999999999999);
#1106=CIRCLE('',#7484,0.554999999999999);
#1107=CIRCLE('',#7485,1.);
#1108=CIRCLE('',#7486,0.149999999999999);
#1109=CIRCLE('',#7487,8.34036692696235);
#1110=CIRCLE('',#7488,0.149999999999992);
#1111=CIRCLE('',#7489,1.);
#1112=CIRCLE('',#7490,0.555000000000001);
#1113=CIRCLE('',#7491,1.);
#1114=CIRCLE('',#7492,0.149999999999998);
#1115=CIRCLE('',#7493,8.34036692696234);
#1116=CIRCLE('',#7494,0.150000000000002);
#1117=CIRCLE('',#7495,1.);
#1118=CIRCLE('',#7496,0.555000000000001);
#1119=CIRCLE('',#7497,0.999999999999999);
#1120=CIRCLE('',#7498,0.15);
#1121=CIRCLE('',#7499,8.34036692696234);
#1122=CIRCLE('',#7500,0.150000000000001);
#1123=CIRCLE('',#7501,0.999999999999999);
#1124=CIRCLE('',#7502,0.555);
#1125=CIRCLE('',#7503,1.);
#1126=CIRCLE('',#7504,0.149999999999999);
#1127=CIRCLE('',#7505,8.34036692696235);
#1128=CIRCLE('',#7506,0.15);
#1129=CIRCLE('',#7507,1.);
#1130=CIRCLE('',#7508,0.555);
#1131=CIRCLE('',#7509,1.);
#1132=CIRCLE('',#7510,0.149999999999999);
#1133=CIRCLE('',#7511,8.34036692696235);
#1134=CIRCLE('',#7512,0.149999999999999);
#1135=CIRCLE('',#7513,1.);
#1136=CIRCLE('',#7514,0.555);
#1137=CIRCLE('',#7515,1.);
#1138=CIRCLE('',#7516,0.150000000000003);
#1139=CIRCLE('',#7517,8.34036692696235);
#1140=CIRCLE('',#7519,8.5);
#1141=CIRCLE('',#7522,2.125);
#1142=CIRCLE('',#7523,2.125);
#1143=CIRCLE('',#7527,4.);
#1144=CIRCLE('',#7528,4.);
#1145=FACE_OUTER_BOUND('',#1555,.T.);
#1146=FACE_OUTER_BOUND('',#1556,.T.);
#1147=FACE_OUTER_BOUND('',#1557,.T.);
#1148=FACE_OUTER_BOUND('',#1558,.T.);
#1149=FACE_OUTER_BOUND('',#1559,.T.);
#1150=FACE_OUTER_BOUND('',#1560,.T.);
#1151=FACE_OUTER_BOUND('',#1561,.T.);
#1152=FACE_OUTER_BOUND('',#1562,.T.);
#1153=FACE_OUTER_BOUND('',#1564,.T.);
#1154=FACE_OUTER_BOUND('',#1565,.T.);
#1155=FACE_OUTER_BOUND('',#1566,.T.);
#1156=FACE_OUTER_BOUND('',#1567,.T.);
#1157=FACE_OUTER_BOUND('',#1568,.T.);
#1158=FACE_OUTER_BOUND('',#1570,.T.);
#1159=FACE_OUTER_BOUND('',#1571,.T.);
#1160=FACE_OUTER_BOUND('',#1573,.T.);
#1161=FACE_OUTER_BOUND('',#1574,.T.);
#1162=FACE_OUTER_BOUND('',#1576,.T.);
#1163=FACE_OUTER_BOUND('',#1577,.T.);
#1164=FACE_OUTER_BOUND('',#1579,.T.);
#1165=FACE_OUTER_BOUND('',#1580,.T.);
#1166=FACE_OUTER_BOUND('',#1581,.T.);
#1167=FACE_OUTER_BOUND('',#1582,.T.);
#1168=FACE_OUTER_BOUND('',#1583,.T.);
#1169=FACE_OUTER_BOUND('',#1584,.T.);
#1170=FACE_OUTER_BOUND('',#1585,.T.);
#1171=FACE_OUTER_BOUND('',#1586,.T.);
#1172=FACE_OUTER_BOUND('',#1587,.T.);
#1173=FACE_OUTER_BOUND('',#1588,.T.);
#1174=FACE_OUTER_BOUND('',#1589,.T.);
#1175=FACE_OUTER_BOUND('',#1590,.T.);
#1176=FACE_OUTER_BOUND('',#1596,.T.);
#1177=FACE_OUTER_BOUND('',#1597,.T.);
#1178=FACE_OUTER_BOUND('',#1598,.T.);
#1179=FACE_OUTER_BOUND('',#1599,.T.);
#1180=FACE_OUTER_BOUND('',#1600,.T.);
#1181=FACE_OUTER_BOUND('',#1601,.T.);
#1182=FACE_OUTER_BOUND('',#1602,.T.);
#1183=FACE_OUTER_BOUND('',#1603,.T.);
#1184=FACE_OUTER_BOUND('',#1604,.T.);
#1185=FACE_OUTER_BOUND('',#1605,.T.);
#1186=FACE_OUTER_BOUND('',#1606,.T.);
#1187=FACE_OUTER_BOUND('',#1607,.T.);
#1188=FACE_OUTER_BOUND('',#1608,.T.);
#1189=FACE_OUTER_BOUND('',#1609,.T.);
#1190=FACE_OUTER_BOUND('',#1610,.T.);
#1191=FACE_OUTER_BOUND('',#1611,.T.);
#1192=FACE_OUTER_BOUND('',#1612,.T.);
#1193=FACE_OUTER_BOUND('',#1613,.T.);
#1194=FACE_OUTER_BOUND('',#1614,.T.);
#1195=FACE_OUTER_BOUND('',#1615,.T.);
#1196=FACE_OUTER_BOUND('',#1616,.T.);
#1197=FACE_OUTER_BOUND('',#1617,.T.);
#1198=FACE_OUTER_BOUND('',#1618,.T.);
#1199=FACE_OUTER_BOUND('',#1619,.T.);
#1200=FACE_OUTER_BOUND('',#1620,.T.);
#1201=FACE_OUTER_BOUND('',#1621,.T.);
#1202=FACE_OUTER_BOUND('',#1622,.T.);
#1203=FACE_OUTER_BOUND('',#1623,.T.);
#1204=FACE_OUTER_BOUND('',#1624,.T.);
#1205=FACE_OUTER_BOUND('',#1625,.T.);
#1206=FACE_OUTER_BOUND('',#1626,.T.);
#1207=FACE_OUTER_BOUND('',#1627,.T.);
#1208=FACE_OUTER_BOUND('',#1628,.T.);
#1209=FACE_OUTER_BOUND('',#1629,.T.);
#1210=FACE_OUTER_BOUND('',#1630,.T.);
#1211=FACE_OUTER_BOUND('',#1631,.T.);
#1212=FACE_OUTER_BOUND('',#1632,.T.);
#1213=FACE_OUTER_BOUND('',#1633,.T.);
#1214=FACE_OUTER_BOUND('',#1634,.T.);
#1215=FACE_OUTER_BOUND('',#1635,.T.);
#1216=FACE_OUTER_BOUND('',#1636,.T.);
#1217=FACE_OUTER_BOUND('',#1637,.T.);
#1218=FACE_OUTER_BOUND('',#1638,.T.);
#1219=FACE_OUTER_BOUND('',#1639,.T.);
#1220=FACE_OUTER_BOUND('',#1640,.T.);
#1221=FACE_OUTER_BOUND('',#1641,.T.);
#1222=FACE_OUTER_BOUND('',#1642,.T.);
#1223=FACE_OUTER_BOUND('',#1643,.T.);
#1224=FACE_OUTER_BOUND('',#1644,.T.);
#1225=FACE_OUTER_BOUND('',#1645,.T.);
#1226=FACE_OUTER_BOUND('',#1646,.T.);
#1227=FACE_OUTER_BOUND('',#1647,.T.);
#1228=FACE_OUTER_BOUND('',#1648,.T.);
#1229=FACE_OUTER_BOUND('',#1649,.T.);
#1230=FACE_OUTER_BOUND('',#1650,.T.);
#1231=FACE_OUTER_BOUND('',#1651,.T.);
#1232=FACE_OUTER_BOUND('',#1652,.T.);
#1233=FACE_OUTER_BOUND('',#1653,.T.);
#1234=FACE_OUTER_BOUND('',#1654,.T.);
#1235=FACE_OUTER_BOUND('',#1655,.T.);
#1236=FACE_OUTER_BOUND('',#1656,.T.);
#1237=FACE_OUTER_BOUND('',#1657,.T.);
#1238=FACE_OUTER_BOUND('',#1658,.T.);
#1239=FACE_OUTER_BOUND('',#1659,.T.);
#1240=FACE_OUTER_BOUND('',#1660,.T.);
#1241=FACE_OUTER_BOUND('',#1661,.T.);
#1242=FACE_OUTER_BOUND('',#1662,.T.);
#1243=FACE_OUTER_BOUND('',#1663,.T.);
#1244=FACE_OUTER_BOUND('',#1664,.T.);
#1245=FACE_OUTER_BOUND('',#1665,.T.);
#1246=FACE_OUTER_BOUND('',#1666,.T.);
#1247=FACE_OUTER_BOUND('',#1667,.T.);
#1248=FACE_OUTER_BOUND('',#1668,.T.);
#1249=FACE_OUTER_BOUND('',#1669,.T.);
#1250=FACE_OUTER_BOUND('',#1670,.T.);
#1251=FACE_OUTER_BOUND('',#1671,.T.);
#1252=FACE_OUTER_BOUND('',#1672,.T.);
#1253=FACE_OUTER_BOUND('',#1673,.T.);
#1254=FACE_OUTER_BOUND('',#1674,.T.);
#1255=FACE_OUTER_BOUND('',#1675,.T.);
#1256=FACE_OUTER_BOUND('',#1676,.T.);
#1257=FACE_OUTER_BOUND('',#1677,.T.);
#1258=FACE_OUTER_BOUND('',#1678,.T.);
#1259=FACE_OUTER_BOUND('',#1679,.T.);
#1260=FACE_OUTER_BOUND('',#1680,.T.);
#1261=FACE_OUTER_BOUND('',#1681,.T.);
#1262=FACE_OUTER_BOUND('',#1682,.T.);
#1263=FACE_OUTER_BOUND('',#1683,.T.);
#1264=FACE_OUTER_BOUND('',#1684,.T.);
#1265=FACE_OUTER_BOUND('',#1685,.T.);
#1266=FACE_OUTER_BOUND('',#1686,.T.);
#1267=FACE_OUTER_BOUND('',#1687,.T.);
#1268=FACE_OUTER_BOUND('',#1688,.T.);
#1269=FACE_OUTER_BOUND('',#1689,.T.);
#1270=FACE_OUTER_BOUND('',#1690,.T.);
#1271=FACE_OUTER_BOUND('',#1691,.T.);
#1272=FACE_OUTER_BOUND('',#1692,.T.);
#1273=FACE_OUTER_BOUND('',#1693,.T.);
#1274=FACE_OUTER_BOUND('',#1694,.T.);
#1275=FACE_OUTER_BOUND('',#1695,.T.);
#1276=FACE_OUTER_BOUND('',#1696,.T.);
#1277=FACE_OUTER_BOUND('',#1697,.T.);
#1278=FACE_OUTER_BOUND('',#1698,.T.);
#1279=FACE_OUTER_BOUND('',#1699,.T.);
#1280=FACE_OUTER_BOUND('',#1700,.T.);
#1281=FACE_OUTER_BOUND('',#1701,.T.);
#1282=FACE_OUTER_BOUND('',#1702,.T.);
#1283=FACE_OUTER_BOUND('',#1703,.T.);
#1284=FACE_OUTER_BOUND('',#1704,.T.);
#1285=FACE_OUTER_BOUND('',#1705,.T.);
#1286=FACE_OUTER_BOUND('',#1706,.T.);
#1287=FACE_OUTER_BOUND('',#1707,.T.);
#1288=FACE_OUTER_BOUND('',#1708,.T.);
#1289=FACE_OUTER_BOUND('',#1709,.T.);
#1290=FACE_OUTER_BOUND('',#1710,.T.);
#1291=FACE_OUTER_BOUND('',#1711,.T.);
#1292=FACE_OUTER_BOUND('',#1712,.T.);
#1293=FACE_OUTER_BOUND('',#1713,.T.);
#1294=FACE_OUTER_BOUND('',#1714,.T.);
#1295=FACE_OUTER_BOUND('',#1715,.T.);
#1296=FACE_OUTER_BOUND('',#1716,.T.);
#1297=FACE_OUTER_BOUND('',#1717,.T.);
#1298=FACE_OUTER_BOUND('',#1718,.T.);
#1299=FACE_OUTER_BOUND('',#1719,.T.);
#1300=FACE_OUTER_BOUND('',#1720,.T.);
#1301=FACE_OUTER_BOUND('',#1721,.T.);
#1302=FACE_OUTER_BOUND('',#1722,.T.);
#1303=FACE_OUTER_BOUND('',#1723,.T.);
#1304=FACE_OUTER_BOUND('',#1724,.T.);
#1305=FACE_OUTER_BOUND('',#1725,.T.);
#1306=FACE_OUTER_BOUND('',#1726,.T.);
#1307=FACE_OUTER_BOUND('',#1727,.T.);
#1308=FACE_OUTER_BOUND('',#1728,.T.);
#1309=FACE_OUTER_BOUND('',#1729,.T.);
#1310=FACE_OUTER_BOUND('',#1730,.T.);
#1311=FACE_OUTER_BOUND('',#1731,.T.);
#1312=FACE_OUTER_BOUND('',#1732,.T.);
#1313=FACE_OUTER_BOUND('',#1733,.T.);
#1314=FACE_OUTER_BOUND('',#1734,.T.);
#1315=FACE_OUTER_BOUND('',#1735,.T.);
#1316=FACE_OUTER_BOUND('',#1736,.T.);
#1317=FACE_OUTER_BOUND('',#1737,.T.);
#1318=FACE_OUTER_BOUND('',#1738,.T.);
#1319=FACE_OUTER_BOUND('',#1739,.T.);
#1320=FACE_OUTER_BOUND('',#1740,.T.);
#1321=FACE_OUTER_BOUND('',#1741,.T.);
#1322=FACE_OUTER_BOUND('',#1742,.T.);
#1323=FACE_OUTER_BOUND('',#1743,.T.);
#1324=FACE_OUTER_BOUND('',#1744,.T.);
#1325=FACE_OUTER_BOUND('',#1745,.T.);
#1326=FACE_OUTER_BOUND('',#1746,.T.);
#1327=FACE_OUTER_BOUND('',#1747,.T.);
#1328=FACE_OUTER_BOUND('',#1748,.T.);
#1329=FACE_OUTER_BOUND('',#1749,.T.);
#1330=FACE_OUTER_BOUND('',#1750,.T.);
#1331=FACE_OUTER_BOUND('',#1751,.T.);
#1332=FACE_OUTER_BOUND('',#1752,.T.);
#1333=FACE_OUTER_BOUND('',#1753,.T.);
#1334=FACE_OUTER_BOUND('',#1754,.T.);
#1335=FACE_OUTER_BOUND('',#1755,.T.);
#1336=FACE_OUTER_BOUND('',#1756,.T.);
#1337=FACE_OUTER_BOUND('',#1757,.T.);
#1338=FACE_OUTER_BOUND('',#1758,.T.);
#1339=FACE_OUTER_BOUND('',#1759,.T.);
#1340=FACE_OUTER_BOUND('',#1760,.T.);
#1341=FACE_OUTER_BOUND('',#1761,.T.);
#1342=FACE_OUTER_BOUND('',#1762,.T.);
#1343=FACE_OUTER_BOUND('',#1763,.T.);
#1344=FACE_OUTER_BOUND('',#1764,.T.);
#1345=FACE_OUTER_BOUND('',#1765,.T.);
#1346=FACE_OUTER_BOUND('',#1766,.T.);
#1347=FACE_OUTER_BOUND('',#1767,.T.);
#1348=FACE_OUTER_BOUND('',#1768,.T.);
#1349=FACE_OUTER_BOUND('',#1769,.T.);
#1350=FACE_OUTER_BOUND('',#1770,.T.);
#1351=FACE_OUTER_BOUND('',#1771,.T.);
#1352=FACE_OUTER_BOUND('',#1772,.T.);
#1353=FACE_OUTER_BOUND('',#1773,.T.);
#1354=FACE_OUTER_BOUND('',#1774,.T.);
#1355=FACE_OUTER_BOUND('',#1775,.T.);
#1356=FACE_OUTER_BOUND('',#1776,.T.);
#1357=FACE_OUTER_BOUND('',#1777,.T.);
#1358=FACE_OUTER_BOUND('',#1778,.T.);
#1359=FACE_OUTER_BOUND('',#1779,.T.);
#1360=FACE_OUTER_BOUND('',#1780,.T.);
#1361=FACE_OUTER_BOUND('',#1781,.T.);
#1362=FACE_OUTER_BOUND('',#1782,.T.);
#1363=FACE_OUTER_BOUND('',#1783,.T.);
#1364=FACE_OUTER_BOUND('',#1784,.T.);
#1365=FACE_OUTER_BOUND('',#1785,.T.);
#1366=FACE_OUTER_BOUND('',#1786,.T.);
#1367=FACE_OUTER_BOUND('',#1787,.T.);
#1368=FACE_OUTER_BOUND('',#1788,.T.);
#1369=FACE_OUTER_BOUND('',#1789,.T.);
#1370=FACE_OUTER_BOUND('',#1790,.T.);
#1371=FACE_OUTER_BOUND('',#1791,.T.);
#1372=FACE_OUTER_BOUND('',#1792,.T.);
#1373=FACE_OUTER_BOUND('',#1793,.T.);
#1374=FACE_OUTER_BOUND('',#1794,.T.);
#1375=FACE_OUTER_BOUND('',#1795,.T.);
#1376=FACE_OUTER_BOUND('',#1796,.T.);
#1377=FACE_OUTER_BOUND('',#1797,.T.);
#1378=FACE_OUTER_BOUND('',#1798,.T.);
#1379=FACE_OUTER_BOUND('',#1799,.T.);
#1380=FACE_OUTER_BOUND('',#1800,.T.);
#1381=FACE_OUTER_BOUND('',#1801,.T.);
#1382=FACE_OUTER_BOUND('',#1802,.T.);
#1383=FACE_OUTER_BOUND('',#1803,.T.);
#1384=FACE_OUTER_BOUND('',#1804,.T.);
#1385=FACE_OUTER_BOUND('',#1805,.T.);
#1386=FACE_OUTER_BOUND('',#1806,.T.);
#1387=FACE_OUTER_BOUND('',#1807,.T.);
#1388=FACE_OUTER_BOUND('',#1808,.T.);
#1389=FACE_OUTER_BOUND('',#1809,.T.);
#1390=FACE_OUTER_BOUND('',#1810,.T.);
#1391=FACE_OUTER_BOUND('',#1811,.T.);
#1392=FACE_OUTER_BOUND('',#1812,.T.);
#1393=FACE_OUTER_BOUND('',#1813,.T.);
#1394=FACE_OUTER_BOUND('',#1814,.T.);
#1395=FACE_OUTER_BOUND('',#1815,.T.);
#1396=FACE_OUTER_BOUND('',#1816,.T.);
#1397=FACE_OUTER_BOUND('',#1817,.T.);
#1398=FACE_OUTER_BOUND('',#1818,.T.);
#1399=FACE_OUTER_BOUND('',#1819,.T.);
#1400=FACE_OUTER_BOUND('',#1820,.T.);
#1401=FACE_OUTER_BOUND('',#1821,.T.);
#1402=FACE_OUTER_BOUND('',#1822,.T.);
#1403=FACE_OUTER_BOUND('',#1823,.T.);
#1404=FACE_OUTER_BOUND('',#1824,.T.);
#1405=FACE_OUTER_BOUND('',#1825,.T.);
#1406=FACE_OUTER_BOUND('',#1826,.T.);
#1407=FACE_OUTER_BOUND('',#1827,.T.);
#1408=FACE_OUTER_BOUND('',#1828,.T.);
#1409=FACE_OUTER_BOUND('',#1829,.T.);
#1410=FACE_OUTER_BOUND('',#1830,.T.);
#1411=FACE_OUTER_BOUND('',#1831,.T.);
#1412=FACE_OUTER_BOUND('',#1832,.T.);
#1413=FACE_OUTER_BOUND('',#1833,.T.);
#1414=FACE_OUTER_BOUND('',#1834,.T.);
#1415=FACE_OUTER_BOUND('',#1835,.T.);
#1416=FACE_OUTER_BOUND('',#1836,.T.);
#1417=FACE_OUTER_BOUND('',#1837,.T.);
#1418=FACE_OUTER_BOUND('',#1838,.T.);
#1419=FACE_OUTER_BOUND('',#1839,.T.);
#1420=FACE_OUTER_BOUND('',#1840,.T.);
#1421=FACE_OUTER_BOUND('',#1841,.T.);
#1422=FACE_OUTER_BOUND('',#1842,.T.);
#1423=FACE_OUTER_BOUND('',#1843,.T.);
#1424=FACE_OUTER_BOUND('',#1844,.T.);
#1425=FACE_OUTER_BOUND('',#1845,.T.);
#1426=FACE_OUTER_BOUND('',#1846,.T.);
#1427=FACE_OUTER_BOUND('',#1847,.T.);
#1428=FACE_OUTER_BOUND('',#1848,.T.);
#1429=FACE_OUTER_BOUND('',#1849,.T.);
#1430=FACE_OUTER_BOUND('',#1850,.T.);
#1431=FACE_OUTER_BOUND('',#1851,.T.);
#1432=FACE_OUTER_BOUND('',#1852,.T.);
#1433=FACE_OUTER_BOUND('',#1853,.T.);
#1434=FACE_OUTER_BOUND('',#1854,.T.);
#1435=FACE_OUTER_BOUND('',#1855,.T.);
#1436=FACE_OUTER_BOUND('',#1856,.T.);
#1437=FACE_OUTER_BOUND('',#1857,.T.);
#1438=FACE_OUTER_BOUND('',#1858,.T.);
#1439=FACE_OUTER_BOUND('',#1859,.T.);
#1440=FACE_OUTER_BOUND('',#1860,.T.);
#1441=FACE_OUTER_BOUND('',#1861,.T.);
#1442=FACE_OUTER_BOUND('',#1862,.T.);
#1443=FACE_OUTER_BOUND('',#1863,.T.);
#1444=FACE_OUTER_BOUND('',#1864,.T.);
#1445=FACE_OUTER_BOUND('',#1865,.T.);
#1446=FACE_OUTER_BOUND('',#1866,.T.);
#1447=FACE_OUTER_BOUND('',#1867,.T.);
#1448=FACE_OUTER_BOUND('',#1868,.T.);
#1449=FACE_OUTER_BOUND('',#1869,.T.);
#1450=FACE_OUTER_BOUND('',#1870,.T.);
#1451=FACE_OUTER_BOUND('',#1871,.T.);
#1452=FACE_OUTER_BOUND('',#1872,.T.);
#1453=FACE_OUTER_BOUND('',#1873,.T.);
#1454=FACE_OUTER_BOUND('',#1874,.T.);
#1455=FACE_OUTER_BOUND('',#1876,.T.);
#1456=FACE_OUTER_BOUND('',#1877,.T.);
#1457=FACE_OUTER_BOUND('',#1878,.T.);
#1458=FACE_OUTER_BOUND('',#1879,.T.);
#1459=FACE_OUTER_BOUND('',#1880,.T.);
#1460=FACE_OUTER_BOUND('',#1883,.T.);
#1461=FACE_OUTER_BOUND('',#1884,.T.);
#1462=FACE_OUTER_BOUND('',#1885,.T.);
#1463=FACE_OUTER_BOUND('',#1886,.T.);
#1464=FACE_OUTER_BOUND('',#1887,.T.);
#1465=FACE_OUTER_BOUND('',#1888,.T.);
#1466=FACE_OUTER_BOUND('',#1890,.T.);
#1467=FACE_OUTER_BOUND('',#1891,.T.);
#1468=FACE_OUTER_BOUND('',#1892,.T.);
#1469=FACE_OUTER_BOUND('',#1893,.T.);
#1470=FACE_OUTER_BOUND('',#1894,.T.);
#1471=FACE_OUTER_BOUND('',#1895,.T.);
#1472=FACE_OUTER_BOUND('',#1896,.T.);
#1473=FACE_OUTER_BOUND('',#1898,.T.);
#1474=FACE_OUTER_BOUND('',#1899,.T.);
#1475=FACE_OUTER_BOUND('',#1900,.T.);
#1476=FACE_OUTER_BOUND('',#1901,.T.);
#1477=FACE_OUTER_BOUND('',#1902,.T.);
#1478=FACE_OUTER_BOUND('',#1903,.T.);
#1479=FACE_OUTER_BOUND('',#1904,.T.);
#1480=FACE_OUTER_BOUND('',#1905,.T.);
#1481=FACE_OUTER_BOUND('',#1906,.T.);
#1482=FACE_OUTER_BOUND('',#1907,.T.);
#1483=FACE_OUTER_BOUND('',#1908,.T.);
#1484=FACE_OUTER_BOUND('',#1909,.T.);
#1485=FACE_OUTER_BOUND('',#1910,.T.);
#1486=FACE_OUTER_BOUND('',#1911,.T.);
#1487=FACE_OUTER_BOUND('',#1912,.T.);
#1488=FACE_OUTER_BOUND('',#1913,.T.);
#1489=FACE_OUTER_BOUND('',#1914,.T.);
#1490=FACE_OUTER_BOUND('',#1915,.T.);
#1491=FACE_OUTER_BOUND('',#1916,.T.);
#1492=FACE_OUTER_BOUND('',#1917,.T.);
#1493=FACE_OUTER_BOUND('',#1918,.T.);
#1494=FACE_OUTER_BOUND('',#1919,.T.);
#1495=FACE_OUTER_BOUND('',#1920,.T.);
#1496=FACE_OUTER_BOUND('',#1921,.T.);
#1497=FACE_OUTER_BOUND('',#1922,.T.);
#1498=FACE_OUTER_BOUND('',#1923,.T.);
#1499=FACE_OUTER_BOUND('',#1924,.T.);
#1500=FACE_OUTER_BOUND('',#1925,.T.);
#1501=FACE_OUTER_BOUND('',#1926,.T.);
#1502=FACE_OUTER_BOUND('',#1927,.T.);
#1503=FACE_OUTER_BOUND('',#1928,.T.);
#1504=FACE_OUTER_BOUND('',#1929,.T.);
#1505=FACE_OUTER_BOUND('',#1930,.T.);
#1506=FACE_OUTER_BOUND('',#1931,.T.);
#1507=FACE_OUTER_BOUND('',#1932,.T.);
#1508=FACE_OUTER_BOUND('',#1933,.T.);
#1509=FACE_OUTER_BOUND('',#1934,.T.);
#1510=FACE_OUTER_BOUND('',#1935,.T.);
#1511=FACE_OUTER_BOUND('',#1936,.T.);
#1512=FACE_OUTER_BOUND('',#1937,.T.);
#1513=FACE_OUTER_BOUND('',#1938,.T.);
#1514=FACE_OUTER_BOUND('',#1939,.T.);
#1515=FACE_OUTER_BOUND('',#1940,.T.);
#1516=FACE_OUTER_BOUND('',#1941,.T.);
#1517=FACE_OUTER_BOUND('',#1942,.T.);
#1518=FACE_OUTER_BOUND('',#1943,.T.);
#1519=FACE_OUTER_BOUND('',#1944,.T.);
#1520=FACE_OUTER_BOUND('',#1945,.T.);
#1521=FACE_OUTER_BOUND('',#1946,.T.);
#1522=FACE_OUTER_BOUND('',#1947,.T.);
#1523=FACE_OUTER_BOUND('',#1948,.T.);
#1524=FACE_OUTER_BOUND('',#1949,.T.);
#1525=FACE_OUTER_BOUND('',#1950,.T.);
#1526=FACE_OUTER_BOUND('',#1951,.T.);
#1527=FACE_OUTER_BOUND('',#1952,.T.);
#1528=FACE_OUTER_BOUND('',#1953,.T.);
#1529=FACE_OUTER_BOUND('',#1954,.T.);
#1530=FACE_OUTER_BOUND('',#1955,.T.);
#1531=FACE_OUTER_BOUND('',#1956,.T.);
#1532=FACE_OUTER_BOUND('',#1957,.T.);
#1533=FACE_OUTER_BOUND('',#1958,.T.);
#1534=FACE_OUTER_BOUND('',#1959,.T.);
#1535=FACE_OUTER_BOUND('',#1960,.T.);
#1536=FACE_OUTER_BOUND('',#1961,.T.);
#1537=FACE_OUTER_BOUND('',#1962,.T.);
#1538=FACE_OUTER_BOUND('',#1963,.T.);
#1539=FACE_OUTER_BOUND('',#1964,.T.);
#1540=FACE_OUTER_BOUND('',#1965,.T.);
#1541=FACE_OUTER_BOUND('',#1966,.T.);
#1542=FACE_OUTER_BOUND('',#1967,.T.);
#1543=FACE_OUTER_BOUND('',#1968,.T.);
#1544=FACE_OUTER_BOUND('',#1969,.T.);
#1545=FACE_OUTER_BOUND('',#1970,.T.);
#1546=FACE_OUTER_BOUND('',#1971,.T.);
#1547=FACE_OUTER_BOUND('',#1972,.T.);
#1548=FACE_OUTER_BOUND('',#1973,.T.);
#1549=FACE_OUTER_BOUND('',#1974,.T.);
#1550=FACE_OUTER_BOUND('',#1975,.T.);
#1551=FACE_OUTER_BOUND('',#1976,.T.);
#1552=FACE_OUTER_BOUND('',#1977,.T.);
#1553=FACE_OUTER_BOUND('',#1978,.T.);
#1554=FACE_OUTER_BOUND('',#1980,.T.);
#1555=EDGE_LOOP('',(#4241,#4242,#4243,#4244));
#1556=EDGE_LOOP('',(#4245,#4246,#4247,#4248));
#1557=EDGE_LOOP('',(#4249,#4250,#4251,#4252));
#1558=EDGE_LOOP('',(#4253,#4254,#4255,#4256));
#1559=EDGE_LOOP('',(#4257,#4258,#4259,#4260));
#1560=EDGE_LOOP('',(#4261,#4262,#4263,#4264));
#1561=EDGE_LOOP('',(#4265,#4266,#4267,#4268,#4269,#4270,#4271,#4272));
#1562=EDGE_LOOP('',(#4273));
#1563=EDGE_LOOP('',(#4274,#4275,#4276,#4277,#4278,#4279,#4280,#4281,#4282,
#4283,#4284,#4285,#4286,#4287,#4288,#4289,#4290,#4291,#4292,#4293,#4294,
#4295,#4296,#4297));
#1564=EDGE_LOOP('',(#4298,#4299,#4300,#4301));
#1565=EDGE_LOOP('',(#4302,#4303,#4304,#4305));
#1566=EDGE_LOOP('',(#4306,#4307,#4308,#4309,#4310,#4311,#4312,#4313));
#1567=EDGE_LOOP('',(#4314,#4315,#4316,#4317));
#1568=EDGE_LOOP('',(#4318,#4319,#4320,#4321));
#1569=EDGE_LOOP('',(#4322));
#1570=EDGE_LOOP('',(#4323,#4324,#4325,#4326));
#1571=EDGE_LOOP('',(#4327,#4328,#4329,#4330));
#1572=EDGE_LOOP('',(#4331));
#1573=EDGE_LOOP('',(#4332,#4333,#4334,#4335));
#1574=EDGE_LOOP('',(#4336,#4337,#4338,#4339));
#1575=EDGE_LOOP('',(#4340));
#1576=EDGE_LOOP('',(#4341,#4342,#4343,#4344));
#1577=EDGE_LOOP('',(#4345,#4346,#4347,#4348));
#1578=EDGE_LOOP('',(#4349));
#1579=EDGE_LOOP('',(#4350,#4351,#4352,#4353));
#1580=EDGE_LOOP('',(#4354,#4355,#4356,#4357,#4358,#4359,#4360,#4361));
#1581=EDGE_LOOP('',(#4362,#4363,#4364,#4365));
#1582=EDGE_LOOP('',(#4366,#4367,#4368,#4369));
#1583=EDGE_LOOP('',(#4370,#4371,#4372,#4373));
#1584=EDGE_LOOP('',(#4374,#4375,#4376,#4377,#4378,#4379,#4380,#4381));
#1585=EDGE_LOOP('',(#4382,#4383,#4384,#4385));
#1586=EDGE_LOOP('',(#4386,#4387,#4388,#4389));
#1587=EDGE_LOOP('',(#4390,#4391,#4392,#4393));
#1588=EDGE_LOOP('',(#4394,#4395,#4396,#4397));
#1589=EDGE_LOOP('',(#4398,#4399,#4400,#4401));
#1590=EDGE_LOOP('',(#4402));
#1591=EDGE_LOOP('',(#4403,#4404,#4405,#4406,#4407,#4408,#4409,#4410));
#1592=EDGE_LOOP('',(#4411));
#1593=EDGE_LOOP('',(#4412));
#1594=EDGE_LOOP('',(#4413));
#1595=EDGE_LOOP('',(#4414));
#1596=EDGE_LOOP('',(#4415,#4416,#4417,#4418));
#1597=EDGE_LOOP('',(#4419,#4420,#4421,#4422));
#1598=EDGE_LOOP('',(#4423,#4424,#4425,#4426));
#1599=EDGE_LOOP('',(#4427,#4428,#4429,#4430));
#1600=EDGE_LOOP('',(#4431,#4432,#4433,#4434));
#1601=EDGE_LOOP('',(#4435,#4436,#4437,#4438));
#1602=EDGE_LOOP('',(#4439,#4440,#4441,#4442));
#1603=EDGE_LOOP('',(#4443,#4444,#4445,#4446));
#1604=EDGE_LOOP('',(#4447,#4448,#4449,#4450));
#1605=EDGE_LOOP('',(#4451,#4452,#4453,#4454));
#1606=EDGE_LOOP('',(#4455,#4456,#4457,#4458));
#1607=EDGE_LOOP('',(#4459,#4460,#4461,#4462,#4463,#4464,#4465,#4466,#4467,
#4468,#4469));
#1608=EDGE_LOOP('',(#4470,#4471,#4472,#4473));
#1609=EDGE_LOOP('',(#4474,#4475,#4476,#4477));
#1610=EDGE_LOOP('',(#4478,#4479,#4480,#4481));
#1611=EDGE_LOOP('',(#4482,#4483,#4484,#4485));
#1612=EDGE_LOOP('',(#4486,#4487,#4488,#4489));
#1613=EDGE_LOOP('',(#4490,#4491,#4492,#4493));
#1614=EDGE_LOOP('',(#4494,#4495,#4496,#4497));
#1615=EDGE_LOOP('',(#4498,#4499,#4500,#4501));
#1616=EDGE_LOOP('',(#4502,#4503,#4504,#4505));
#1617=EDGE_LOOP('',(#4506,#4507,#4508,#4509));
#1618=EDGE_LOOP('',(#4510,#4511,#4512,#4513));
#1619=EDGE_LOOP('',(#4514,#4515,#4516,#4517));
#1620=EDGE_LOOP('',(#4518,#4519,#4520,#4521));
#1621=EDGE_LOOP('',(#4522,#4523,#4524,#4525));
#1622=EDGE_LOOP('',(#4526,#4527,#4528,#4529));
#1623=EDGE_LOOP('',(#4530,#4531,#4532,#4533));
#1624=EDGE_LOOP('',(#4534,#4535,#4536,#4537));
#1625=EDGE_LOOP('',(#4538,#4539,#4540,#4541));
#1626=EDGE_LOOP('',(#4542,#4543,#4544,#4545));
#1627=EDGE_LOOP('',(#4546,#4547,#4548,#4549));
#1628=EDGE_LOOP('',(#4550,#4551,#4552,#4553));
#1629=EDGE_LOOP('',(#4554,#4555,#4556,#4557));
#1630=EDGE_LOOP('',(#4558,#4559,#4560,#4561,#4562,#4563,#4564,#4565,#4566,
#4567,#4568,#4569,#4570,#4571,#4572,#4573,#4574,#4575,#4576,#4577,#4578,
#4579));
#1631=EDGE_LOOP('',(#4580,#4581,#4582,#4583));
#1632=EDGE_LOOP('',(#4584,#4585,#4586,#4587));
#1633=EDGE_LOOP('',(#4588,#4589,#4590,#4591));
#1634=EDGE_LOOP('',(#4592,#4593,#4594,#4595));
#1635=EDGE_LOOP('',(#4596,#4597,#4598,#4599));
#1636=EDGE_LOOP('',(#4600,#4601,#4602,#4603));
#1637=EDGE_LOOP('',(#4604,#4605,#4606,#4607));
#1638=EDGE_LOOP('',(#4608,#4609,#4610,#4611));
#1639=EDGE_LOOP('',(#4612,#4613,#4614,#4615));
#1640=EDGE_LOOP('',(#4616,#4617,#4618,#4619));
#1641=EDGE_LOOP('',(#4620,#4621,#4622,#4623));
#1642=EDGE_LOOP('',(#4624,#4625,#4626,#4627));
#1643=EDGE_LOOP('',(#4628,#4629,#4630,#4631));
#1644=EDGE_LOOP('',(#4632,#4633,#4634,#4635));
#1645=EDGE_LOOP('',(#4636,#4637,#4638,#4639));
#1646=EDGE_LOOP('',(#4640,#4641,#4642,#4643));
#1647=EDGE_LOOP('',(#4644,#4645,#4646,#4647));
#1648=EDGE_LOOP('',(#4648,#4649,#4650,#4651));
#1649=EDGE_LOOP('',(#4652,#4653,#4654,#4655));
#1650=EDGE_LOOP('',(#4656,#4657,#4658,#4659));
#1651=EDGE_LOOP('',(#4660,#4661,#4662,#4663));
#1652=EDGE_LOOP('',(#4664,#4665,#4666,#4667));
#1653=EDGE_LOOP('',(#4668,#4669,#4670,#4671));
#1654=EDGE_LOOP('',(#4672,#4673,#4674,#4675));
#1655=EDGE_LOOP('',(#4676,#4677,#4678,#4679));
#1656=EDGE_LOOP('',(#4680,#4681,#4682,#4683));
#1657=EDGE_LOOP('',(#4684,#4685,#4686,#4687));
#1658=EDGE_LOOP('',(#4688,#4689,#4690,#4691));
#1659=EDGE_LOOP('',(#4692,#4693,#4694,#4695));
#1660=EDGE_LOOP('',(#4696,#4697,#4698,#4699));
#1661=EDGE_LOOP('',(#4700,#4701,#4702,#4703));
#1662=EDGE_LOOP('',(#4704,#4705,#4706,#4707));
#1663=EDGE_LOOP('',(#4708,#4709,#4710,#4711));
#1664=EDGE_LOOP('',(#4712,#4713,#4714,#4715));
#1665=EDGE_LOOP('',(#4716,#4717,#4718,#4719));
#1666=EDGE_LOOP('',(#4720,#4721,#4722,#4723));
#1667=EDGE_LOOP('',(#4724,#4725,#4726,#4727));
#1668=EDGE_LOOP('',(#4728,#4729,#4730,#4731));
#1669=EDGE_LOOP('',(#4732,#4733,#4734,#4735));
#1670=EDGE_LOOP('',(#4736,#4737,#4738,#4739));
#1671=EDGE_LOOP('',(#4740,#4741,#4742,#4743));
#1672=EDGE_LOOP('',(#4744,#4745,#4746,#4747));
#1673=EDGE_LOOP('',(#4748,#4749,#4750,#4751));
#1674=EDGE_LOOP('',(#4752,#4753,#4754,#4755));
#1675=EDGE_LOOP('',(#4756,#4757,#4758,#4759));
#1676=EDGE_LOOP('',(#4760,#4761,#4762,#4763));
#1677=EDGE_LOOP('',(#4764,#4765,#4766,#4767));
#1678=EDGE_LOOP('',(#4768,#4769,#4770,#4771));
#1679=EDGE_LOOP('',(#4772,#4773,#4774,#4775));
#1680=EDGE_LOOP('',(#4776,#4777,#4778,#4779));
#1681=EDGE_LOOP('',(#4780,#4781,#4782,#4783));
#1682=EDGE_LOOP('',(#4784,#4785,#4786,#4787));
#1683=EDGE_LOOP('',(#4788,#4789,#4790,#4791));
#1684=EDGE_LOOP('',(#4792,#4793,#4794,#4795));
#1685=EDGE_LOOP('',(#4796,#4797,#4798,#4799));
#1686=EDGE_LOOP('',(#4800,#4801,#4802,#4803));
#1687=EDGE_LOOP('',(#4804,#4805,#4806,#4807));
#1688=EDGE_LOOP('',(#4808,#4809,#4810,#4811));
#1689=EDGE_LOOP('',(#4812,#4813,#4814,#4815));
#1690=EDGE_LOOP('',(#4816,#4817,#4818,#4819));
#1691=EDGE_LOOP('',(#4820,#4821,#4822,#4823));
#1692=EDGE_LOOP('',(#4824,#4825,#4826,#4827));
#1693=EDGE_LOOP('',(#4828,#4829,#4830,#4831));
#1694=EDGE_LOOP('',(#4832,#4833,#4834,#4835));
#1695=EDGE_LOOP('',(#4836,#4837,#4838,#4839));
#1696=EDGE_LOOP('',(#4840,#4841,#4842,#4843));
#1697=EDGE_LOOP('',(#4844,#4845,#4846,#4847));
#1698=EDGE_LOOP('',(#4848,#4849,#4850,#4851));
#1699=EDGE_LOOP('',(#4852,#4853,#4854,#4855));
#1700=EDGE_LOOP('',(#4856,#4857,#4858,#4859));
#1701=EDGE_LOOP('',(#4860,#4861,#4862,#4863));
#1702=EDGE_LOOP('',(#4864,#4865,#4866,#4867));
#1703=EDGE_LOOP('',(#4868,#4869,#4870,#4871));
#1704=EDGE_LOOP('',(#4872,#4873,#4874,#4875));
#1705=EDGE_LOOP('',(#4876,#4877,#4878,#4879));
#1706=EDGE_LOOP('',(#4880,#4881,#4882,#4883));
#1707=EDGE_LOOP('',(#4884,#4885,#4886,#4887));
#1708=EDGE_LOOP('',(#4888,#4889,#4890,#4891));
#1709=EDGE_LOOP('',(#4892,#4893,#4894,#4895));
#1710=EDGE_LOOP('',(#4896,#4897,#4898,#4899));
#1711=EDGE_LOOP('',(#4900,#4901,#4902,#4903));
#1712=EDGE_LOOP('',(#4904,#4905,#4906,#4907));
#1713=EDGE_LOOP('',(#4908,#4909,#4910,#4911));
#1714=EDGE_LOOP('',(#4912,#4913,#4914,#4915));
#1715=EDGE_LOOP('',(#4916,#4917,#4918,#4919));
#1716=EDGE_LOOP('',(#4920,#4921,#4922,#4923));
#1717=EDGE_LOOP('',(#4924,#4925,#4926,#4927));
#1718=EDGE_LOOP('',(#4928,#4929,#4930,#4931));
#1719=EDGE_LOOP('',(#4932,#4933,#4934,#4935));
#1720=EDGE_LOOP('',(#4936,#4937,#4938,#4939));
#1721=EDGE_LOOP('',(#4940,#4941,#4942,#4943));
#1722=EDGE_LOOP('',(#4944,#4945,#4946,#4947));
#1723=EDGE_LOOP('',(#4948,#4949,#4950,#4951));
#1724=EDGE_LOOP('',(#4952,#4953,#4954,#4955));
#1725=EDGE_LOOP('',(#4956,#4957,#4958,#4959));
#1726=EDGE_LOOP('',(#4960,#4961,#4962,#4963));
#1727=EDGE_LOOP('',(#4964,#4965,#4966,#4967));
#1728=EDGE_LOOP('',(#4968,#4969,#4970,#4971));
#1729=EDGE_LOOP('',(#4972,#4973,#4974,#4975));
#1730=EDGE_LOOP('',(#4976,#4977,#4978,#4979));
#1731=EDGE_LOOP('',(#4980,#4981,#4982,#4983));
#1732=EDGE_LOOP('',(#4984,#4985,#4986,#4987));
#1733=EDGE_LOOP('',(#4988,#4989,#4990,#4991));
#1734=EDGE_LOOP('',(#4992,#4993,#4994,#4995));
#1735=EDGE_LOOP('',(#4996,#4997,#4998,#4999));
#1736=EDGE_LOOP('',(#5000,#5001,#5002,#5003));
#1737=EDGE_LOOP('',(#5004,#5005,#5006,#5007));
#1738=EDGE_LOOP('',(#5008,#5009,#5010,#5011));
#1739=EDGE_LOOP('',(#5012,#5013,#5014,#5015));
#1740=EDGE_LOOP('',(#5016,#5017,#5018,#5019));
#1741=EDGE_LOOP('',(#5020,#5021,#5022,#5023));
#1742=EDGE_LOOP('',(#5024,#5025,#5026,#5027));
#1743=EDGE_LOOP('',(#5028,#5029,#5030,#5031));
#1744=EDGE_LOOP('',(#5032,#5033,#5034,#5035));
#1745=EDGE_LOOP('',(#5036,#5037,#5038,#5039));
#1746=EDGE_LOOP('',(#5040,#5041,#5042,#5043));
#1747=EDGE_LOOP('',(#5044,#5045,#5046,#5047));
#1748=EDGE_LOOP('',(#5048,#5049,#5050,#5051));
#1749=EDGE_LOOP('',(#5052,#5053,#5054,#5055));
#1750=EDGE_LOOP('',(#5056,#5057,#5058,#5059));
#1751=EDGE_LOOP('',(#5060,#5061,#5062,#5063));
#1752=EDGE_LOOP('',(#5064,#5065,#5066,#5067));
#1753=EDGE_LOOP('',(#5068,#5069,#5070,#5071));
#1754=EDGE_LOOP('',(#5072,#5073,#5074,#5075));
#1755=EDGE_LOOP('',(#5076,#5077,#5078,#5079));
#1756=EDGE_LOOP('',(#5080,#5081,#5082,#5083));
#1757=EDGE_LOOP('',(#5084,#5085,#5086,#5087));
#1758=EDGE_LOOP('',(#5088,#5089,#5090,#5091));
#1759=EDGE_LOOP('',(#5092,#5093,#5094,#5095));
#1760=EDGE_LOOP('',(#5096,#5097,#5098,#5099));
#1761=EDGE_LOOP('',(#5100,#5101,#5102,#5103));
#1762=EDGE_LOOP('',(#5104,#5105,#5106,#5107));
#1763=EDGE_LOOP('',(#5108,#5109,#5110,#5111));
#1764=EDGE_LOOP('',(#5112,#5113,#5114,#5115));
#1765=EDGE_LOOP('',(#5116,#5117,#5118,#5119));
#1766=EDGE_LOOP('',(#5120,#5121,#5122,#5123));
#1767=EDGE_LOOP('',(#5124,#5125,#5126,#5127));
#1768=EDGE_LOOP('',(#5128,#5129,#5130,#5131));
#1769=EDGE_LOOP('',(#5132,#5133,#5134,#5135));
#1770=EDGE_LOOP('',(#5136,#5137,#5138,#5139));
#1771=EDGE_LOOP('',(#5140,#5141,#5142,#5143));
#1772=EDGE_LOOP('',(#5144,#5145,#5146,#5147));
#1773=EDGE_LOOP('',(#5148,#5149,#5150,#5151));
#1774=EDGE_LOOP('',(#5152,#5153,#5154,#5155));
#1775=EDGE_LOOP('',(#5156,#5157,#5158,#5159));
#1776=EDGE_LOOP('',(#5160,#5161,#5162,#5163));
#1777=EDGE_LOOP('',(#5164,#5165,#5166,#5167));
#1778=EDGE_LOOP('',(#5168,#5169,#5170,#5171));
#1779=EDGE_LOOP('',(#5172,#5173,#5174,#5175));
#1780=EDGE_LOOP('',(#5176,#5177,#5178,#5179));
#1781=EDGE_LOOP('',(#5180,#5181,#5182,#5183));
#1782=EDGE_LOOP('',(#5184,#5185,#5186,#5187));
#1783=EDGE_LOOP('',(#5188,#5189,#5190,#5191));
#1784=EDGE_LOOP('',(#5192,#5193,#5194,#5195));
#1785=EDGE_LOOP('',(#5196,#5197,#5198,#5199));
#1786=EDGE_LOOP('',(#5200,#5201,#5202,#5203));
#1787=EDGE_LOOP('',(#5204,#5205,#5206,#5207));
#1788=EDGE_LOOP('',(#5208,#5209,#5210,#5211));
#1789=EDGE_LOOP('',(#5212,#5213,#5214,#5215));
#1790=EDGE_LOOP('',(#5216,#5217,#5218,#5219));
#1791=EDGE_LOOP('',(#5220,#5221,#5222,#5223));
#1792=EDGE_LOOP('',(#5224,#5225,#5226,#5227));
#1793=EDGE_LOOP('',(#5228,#5229,#5230,#5231));
#1794=EDGE_LOOP('',(#5232,#5233,#5234,#5235));
#1795=EDGE_LOOP('',(#5236,#5237,#5238,#5239));
#1796=EDGE_LOOP('',(#5240,#5241,#5242,#5243));
#1797=EDGE_LOOP('',(#5244,#5245,#5246,#5247));
#1798=EDGE_LOOP('',(#5248,#5249,#5250,#5251));
#1799=EDGE_LOOP('',(#5252,#5253,#5254,#5255));
#1800=EDGE_LOOP('',(#5256,#5257,#5258,#5259));
#1801=EDGE_LOOP('',(#5260,#5261,#5262,#5263));
#1802=EDGE_LOOP('',(#5264,#5265,#5266,#5267));
#1803=EDGE_LOOP('',(#5268,#5269,#5270,#5271));
#1804=EDGE_LOOP('',(#5272,#5273,#5274,#5275));
#1805=EDGE_LOOP('',(#5276,#5277,#5278,#5279));
#1806=EDGE_LOOP('',(#5280,#5281,#5282,#5283));
#1807=EDGE_LOOP('',(#5284,#5285,#5286,#5287));
#1808=EDGE_LOOP('',(#5288,#5289,#5290,#5291));
#1809=EDGE_LOOP('',(#5292,#5293,#5294,#5295));
#1810=EDGE_LOOP('',(#5296,#5297,#5298,#5299));
#1811=EDGE_LOOP('',(#5300,#5301,#5302,#5303));
#1812=EDGE_LOOP('',(#5304,#5305,#5306,#5307));
#1813=EDGE_LOOP('',(#5308,#5309,#5310,#5311));
#1814=EDGE_LOOP('',(#5312,#5313,#5314,#5315));
#1815=EDGE_LOOP('',(#5316,#5317,#5318,#5319));
#1816=EDGE_LOOP('',(#5320,#5321,#5322,#5323));
#1817=EDGE_LOOP('',(#5324,#5325,#5326,#5327));
#1818=EDGE_LOOP('',(#5328,#5329,#5330,#5331));
#1819=EDGE_LOOP('',(#5332,#5333,#5334,#5335));
#1820=EDGE_LOOP('',(#5336,#5337,#5338,#5339));
#1821=EDGE_LOOP('',(#5340,#5341,#5342,#5343));
#1822=EDGE_LOOP('',(#5344,#5345,#5346,#5347));
#1823=EDGE_LOOP('',(#5348,#5349,#5350,#5351));
#1824=EDGE_LOOP('',(#5352,#5353,#5354,#5355));
#1825=EDGE_LOOP('',(#5356,#5357,#5358,#5359));
#1826=EDGE_LOOP('',(#5360,#5361,#5362,#5363));
#1827=EDGE_LOOP('',(#5364,#5365,#5366,#5367));
#1828=EDGE_LOOP('',(#5368,#5369,#5370,#5371));
#1829=EDGE_LOOP('',(#5372,#5373,#5374,#5375));
#1830=EDGE_LOOP('',(#5376,#5377,#5378,#5379));
#1831=EDGE_LOOP('',(#5380,#5381,#5382,#5383));
#1832=EDGE_LOOP('',(#5384,#5385,#5386,#5387));
#1833=EDGE_LOOP('',(#5388,#5389,#5390,#5391));
#1834=EDGE_LOOP('',(#5392,#5393,#5394,#5395));
#1835=EDGE_LOOP('',(#5396,#5397,#5398,#5399));
#1836=EDGE_LOOP('',(#5400,#5401,#5402,#5403));
#1837=EDGE_LOOP('',(#5404,#5405,#5406,#5407));
#1838=EDGE_LOOP('',(#5408,#5409,#5410,#5411));
#1839=EDGE_LOOP('',(#5412,#5413,#5414,#5415));
#1840=EDGE_LOOP('',(#5416,#5417,#5418,#5419));
#1841=EDGE_LOOP('',(#5420,#5421,#5422,#5423));
#1842=EDGE_LOOP('',(#5424,#5425,#5426,#5427));
#1843=EDGE_LOOP('',(#5428,#5429,#5430,#5431));
#1844=EDGE_LOOP('',(#5432,#5433,#5434,#5435));
#1845=EDGE_LOOP('',(#5436,#5437,#5438,#5439));
#1846=EDGE_LOOP('',(#5440,#5441,#5442,#5443));
#1847=EDGE_LOOP('',(#5444,#5445,#5446,#5447));
#1848=EDGE_LOOP('',(#5448,#5449,#5450,#5451));
#1849=EDGE_LOOP('',(#5452,#5453,#5454,#5455));
#1850=EDGE_LOOP('',(#5456,#5457,#5458,#5459));
#1851=EDGE_LOOP('',(#5460,#5461,#5462,#5463));
#1852=EDGE_LOOP('',(#5464,#5465,#5466,#5467));
#1853=EDGE_LOOP('',(#5468,#5469,#5470,#5471));
#1854=EDGE_LOOP('',(#5472,#5473,#5474,#5475));
#1855=EDGE_LOOP('',(#5476,#5477,#5478,#5479));
#1856=EDGE_LOOP('',(#5480,#5481,#5482,#5483));
#1857=EDGE_LOOP('',(#5484,#5485,#5486,#5487));
#1858=EDGE_LOOP('',(#5488,#5489,#5490,#5491));
#1859=EDGE_LOOP('',(#5492,#5493,#5494,#5495));
#1860=EDGE_LOOP('',(#5496,#5497,#5498,#5499));
#1861=EDGE_LOOP('',(#5500,#5501,#5502,#5503));
#1862=EDGE_LOOP('',(#5504,#5505,#5506,#5507));
#1863=EDGE_LOOP('',(#5508,#5509,#5510,#5511));
#1864=EDGE_LOOP('',(#5512,#5513,#5514,#5515));
#1865=EDGE_LOOP('',(#5516,#5517,#5518,#5519));
#1866=EDGE_LOOP('',(#5520,#5521,#5522,#5523));
#1867=EDGE_LOOP('',(#5524,#5525,#5526,#5527));
#1868=EDGE_LOOP('',(#5528,#5529,#5530,#5531));
#1869=EDGE_LOOP('',(#5532,#5533,#5534,#5535));
#1870=EDGE_LOOP('',(#5536,#5537,#5538,#5539));
#1871=EDGE_LOOP('',(#5540,#5541,#5542,#5543));
#1872=EDGE_LOOP('',(#5544,#5545,#5546,#5547));
#1873=EDGE_LOOP('',(#5548,#5549,#5550,#5551));
#1874=EDGE_LOOP('',(#5552));
#1875=EDGE_LOOP('',(#5553,#5554,#5555,#5556,#5557,#5558,#5559,#5560,#5561,
#5562,#5563,#5564,#5565,#5566,#5567,#5568,#5569,#5570,#5571,#5572,#5573,
#5574,#5575,#5576,#5577,#5578,#5579,#5580,#5581,#5582,#5583,#5584,#5585,
#5586,#5587,#5588,#5589,#5590,#5591,#5592,#5593,#5594,#5595,#5596,#5597,
#5598,#5599,#5600,#5601,#5602,#5603,#5604,#5605,#5606,#5607,#5608,#5609,
#5610,#5611,#5612,#5613,#5614,#5615,#5616,#5617,#5618,#5619,#5620,#5621,
#5622,#5623,#5624,#5625,#5626,#5627,#5628,#5629,#5630,#5631,#5632,#5633,
#5634,#5635,#5636,#5637,#5638,#5639,#5640,#5641,#5642,#5643,#5644,#5645,
#5646,#5647,#5648,#5649,#5650,#5651,#5652,#5653,#5654,#5655,#5656,#5657,
#5658,#5659,#5660,#5661,#5662,#5663,#5664,#5665,#5666,#5667,#5668,#5669,
#5670,#5671,#5672,#5673,#5674,#5675,#5676,#5677,#5678,#5679,#5680,#5681,
#5682,#5683,#5684,#5685,#5686,#5687,#5688,#5689,#5690,#5691,#5692,#5693,
#5694,#5695,#5696,#5697,#5698,#5699,#5700,#5701,#5702,#5703,#5704,#5705,
#5706,#5707,#5708,#5709,#5710,#5711,#5712,#5713,#5714));
#1876=EDGE_LOOP('',(#5715,#5716,#5717,#5718,#5719));
#1877=EDGE_LOOP('',(#5720,#5721,#5722,#5723,#5724));
#1878=EDGE_LOOP('',(#5725,#5726,#5727,#5728));
#1879=EDGE_LOOP('',(#5729,#5730,#5731,#5732));
#1880=EDGE_LOOP('',(#5733,#5734,#5735,#5736,#5737,#5738,#5739,#5740));
#1881=EDGE_LOOP('',(#5741,#5742,#5743,#5744,#5745,#5746,#5747,#5748,#5749,
#5750,#5751));
#1882=EDGE_LOOP('',(#5752,#5753,#5754,#5755,#5756,#5757,#5758,#5759,#5760,
#5761,#5762,#5763,#5764,#5765,#5766,#5767,#5768,#5769,#5770,#5771,#5772,
#5773));
#1883=EDGE_LOOP('',(#5774,#5775,#5776,#5777));
#1884=EDGE_LOOP('',(#5778,#5779,#5780,#5781));
#1885=EDGE_LOOP('',(#5782,#5783,#5784,#5785));
#1886=EDGE_LOOP('',(#5786,#5787,#5788,#5789));
#1887=EDGE_LOOP('',(#5790,#5791,#5792,#5793));
#1888=EDGE_LOOP('',(#5794));
#1889=EDGE_LOOP('',(#5795,#5796,#5797,#5798,#5799,#5800,#5801,#5802,#5803,
#5804,#5805,#5806,#5807,#5808,#5809,#5810,#5811,#5812,#5813,#5814,#5815,
#5816,#5817,#5818,#5819,#5820,#5821,#5822,#5823,#5824,#5825,#5826,#5827,
#5828,#5829,#5830,#5831,#5832,#5833,#5834,#5835,#5836,#5837,#5838,#5839,
#5840,#5841,#5842,#5843,#5844,#5845,#5846,#5847,#5848,#5849,#5850,#5851,
#5852,#5853,#5854,#5855,#5856,#5857,#5858,#5859,#5860,#5861,#5862,#5863,
#5864,#5865,#5866,#5867,#5868,#5869,#5870,#5871,#5872,#5873,#5874,#5875,
#5876,#5877,#5878,#5879,#5880,#5881,#5882,#5883,#5884,#5885,#5886,#5887,
#5888,#5889,#5890,#5891,#5892,#5893,#5894,#5895,#5896,#5897,#5898,#5899,
#5900,#5901,#5902,#5903,#5904,#5905,#5906,#5907,#5908,#5909,#5910,#5911,
#5912,#5913,#5914,#5915,#5916,#5917,#5918,#5919,#5920,#5921,#5922,#5923,
#5924,#5925,#5926,#5927,#5928,#5929,#5930,#5931,#5932,#5933,#5934,#5935,
#5936,#5937,#5938,#5939,#5940,#5941,#5942,#5943,#5944,#5945,#5946,#5947,
#5948,#5949,#5950,#5951,#5952,#5953,#5954,#5955,#5956));
#1890=EDGE_LOOP('',(#5957,#5958,#5959,#5960));
#1891=EDGE_LOOP('',(#5961,#5962,#5963,#5964));
#1892=EDGE_LOOP('',(#5965,#5966,#5967,#5968));
#1893=EDGE_LOOP('',(#5969));
#1894=EDGE_LOOP('',(#5970,#5971,#5972,#5973));
#1895=EDGE_LOOP('',(#5974,#5975,#5976,#5977));
#1896=EDGE_LOOP('',(#5978));
#1897=EDGE_LOOP('',(#5979));
#1898=EDGE_LOOP('',(#5980,#5981,#5982,#5983));
#1899=EDGE_LOOP('',(#5984,#5985,#5986,#5987));
#1900=EDGE_LOOP('',(#5988,#5989,#5990,#5991));
#1901=EDGE_LOOP('',(#5992,#5993,#5994,#5995));
#1902=EDGE_LOOP('',(#5996,#5997,#5998,#5999));
#1903=EDGE_LOOP('',(#6000,#6001,#6002,#6003));
#1904=EDGE_LOOP('',(#6004,#6005,#6006,#6007));
#1905=EDGE_LOOP('',(#6008,#6009,#6010,#6011));
#1906=EDGE_LOOP('',(#6012,#6013,#6014,#6015));
#1907=EDGE_LOOP('',(#6016,#6017,#6018,#6019));
#1908=EDGE_LOOP('',(#6020,#6021,#6022,#6023));
#1909=EDGE_LOOP('',(#6024,#6025,#6026,#6027));
#1910=EDGE_LOOP('',(#6028,#6029,#6030,#6031));
#1911=EDGE_LOOP('',(#6032,#6033,#6034,#6035));
#1912=EDGE_LOOP('',(#6036,#6037,#6038,#6039));
#1913=EDGE_LOOP('',(#6040,#6041,#6042,#6043));
#1914=EDGE_LOOP('',(#6044,#6045,#6046,#6047));
#1915=EDGE_LOOP('',(#6048,#6049,#6050,#6051));
#1916=EDGE_LOOP('',(#6052,#6053,#6054,#6055));
#1917=EDGE_LOOP('',(#6056,#6057,#6058,#6059));
#1918=EDGE_LOOP('',(#6060,#6061,#6062,#6063));
#1919=EDGE_LOOP('',(#6064,#6065,#6066,#6067));
#1920=EDGE_LOOP('',(#6068,#6069,#6070,#6071));
#1921=EDGE_LOOP('',(#6072,#6073,#6074,#6075));
#1922=EDGE_LOOP('',(#6076,#6077,#6078,#6079));
#1923=EDGE_LOOP('',(#6080,#6081,#6082,#6083));
#1924=EDGE_LOOP('',(#6084,#6085,#6086,#6087));
#1925=EDGE_LOOP('',(#6088,#6089,#6090,#6091));
#1926=EDGE_LOOP('',(#6092,#6093,#6094,#6095));
#1927=EDGE_LOOP('',(#6096,#6097,#6098,#6099));
#1928=EDGE_LOOP('',(#6100,#6101,#6102,#6103));
#1929=EDGE_LOOP('',(#6104,#6105,#6106,#6107));
#1930=EDGE_LOOP('',(#6108,#6109,#6110,#6111));
#1931=EDGE_LOOP('',(#6112,#6113,#6114,#6115));
#1932=EDGE_LOOP('',(#6116,#6117,#6118,#6119));
#1933=EDGE_LOOP('',(#6120,#6121,#6122,#6123));
#1934=EDGE_LOOP('',(#6124,#6125,#6126,#6127));
#1935=EDGE_LOOP('',(#6128,#6129,#6130,#6131));
#1936=EDGE_LOOP('',(#6132,#6133,#6134,#6135));
#1937=EDGE_LOOP('',(#6136,#6137,#6138,#6139));
#1938=EDGE_LOOP('',(#6140,#6141,#6142,#6143));
#1939=EDGE_LOOP('',(#6144,#6145,#6146,#6147));
#1940=EDGE_LOOP('',(#6148,#6149,#6150,#6151));
#1941=EDGE_LOOP('',(#6152,#6153,#6154,#6155));
#1942=EDGE_LOOP('',(#6156,#6157,#6158,#6159));
#1943=EDGE_LOOP('',(#6160,#6161,#6162,#6163));
#1944=EDGE_LOOP('',(#6164,#6165,#6166,#6167));
#1945=EDGE_LOOP('',(#6168,#6169,#6170,#6171));
#1946=EDGE_LOOP('',(#6172,#6173,#6174,#6175));
#1947=EDGE_LOOP('',(#6176,#6177,#6178,#6179));
#1948=EDGE_LOOP('',(#6180,#6181,#6182,#6183));
#1949=EDGE_LOOP('',(#6184,#6185,#6186,#6187));
#1950=EDGE_LOOP('',(#6188,#6189,#6190,#6191));
#1951=EDGE_LOOP('',(#6192,#6193,#6194,#6195));
#1952=EDGE_LOOP('',(#6196,#6197,#6198,#6199));
#1953=EDGE_LOOP('',(#6200,#6201,#6202,#6203));
#1954=EDGE_LOOP('',(#6204,#6205,#6206,#6207));
#1955=EDGE_LOOP('',(#6208,#6209,#6210,#6211));
#1956=EDGE_LOOP('',(#6212,#6213,#6214,#6215));
#1957=EDGE_LOOP('',(#6216,#6217,#6218,#6219));
#1958=EDGE_LOOP('',(#6220,#6221,#6222,#6223));
#1959=EDGE_LOOP('',(#6224,#6225,#6226,#6227));
#1960=EDGE_LOOP('',(#6228,#6229,#6230,#6231));
#1961=EDGE_LOOP('',(#6232,#6233,#6234,#6235));
#1962=EDGE_LOOP('',(#6236,#6237,#6238,#6239));
#1963=EDGE_LOOP('',(#6240,#6241,#6242,#6243));
#1964=EDGE_LOOP('',(#6244,#6245,#6246,#6247));
#1965=EDGE_LOOP('',(#6248,#6249,#6250,#6251));
#1966=EDGE_LOOP('',(#6252,#6253,#6254,#6255));
#1967=EDGE_LOOP('',(#6256,#6257,#6258,#6259));
#1968=EDGE_LOOP('',(#6260,#6261,#6262,#6263));
#1969=EDGE_LOOP('',(#6264,#6265,#6266,#6267));
#1970=EDGE_LOOP('',(#6268,#6269,#6270,#6271));
#1971=EDGE_LOOP('',(#6272,#6273,#6274,#6275));
#1972=EDGE_LOOP('',(#6276,#6277,#6278,#6279));
#1973=EDGE_LOOP('',(#6280,#6281,#6282,#6283));
#1974=EDGE_LOOP('',(#6284,#6285,#6286,#6287));
#1975=EDGE_LOOP('',(#6288,#6289,#6290,#6291));
#1976=EDGE_LOOP('',(#6292,#6293,#6294,#6295));
#1977=EDGE_LOOP('',(#6296,#6297,#6298,#6299));
#1978=EDGE_LOOP('',(#6300));
#1979=EDGE_LOOP('',(#6301,#6302,#6303,#6304,#6305,#6306,#6307,#6308));
#1980=EDGE_LOOP('',(#6309));
#1981=EDGE_LOOP('',(#6310));
#1982=LINE('',#9584,#2276);
#1983=LINE('',#9586,#2277);
#1984=LINE('',#9588,#2278);
#1985=LINE('',#9589,#2279);
#1986=LINE('',#9593,#2280);
#1987=LINE('',#9595,#2281);
#1988=LINE('',#9597,#2282);
#1989=LINE('',#9598,#2283);
#1990=LINE('',#9602,#2284);
#1991=LINE('',#9604,#2285);
#1992=LINE('',#9606,#2286);
#1993=LINE('',#9607,#2287);
#1994=LINE('',#9611,#2288);
#1995=LINE('',#9613,#2289);
#1996=LINE('',#9615,#2290);
#1997=LINE('',#9616,#2291);
#1998=LINE('',#9620,#2292);
#1999=LINE('',#9622,#2293);
#2000=LINE('',#9624,#2294);
#2001=LINE('',#9625,#2295);
#2002=LINE('',#9629,#2296);
#2003=LINE('',#9631,#2297);
#2004=LINE('',#9633,#2298);
#2005=LINE('',#9634,#2299);
#2006=LINE('',#9636,#2300);
#2007=LINE('',#9638,#2301);
#2008=LINE('',#9640,#2302);
#2009=LINE('',#9642,#2303);
#2010=LINE('',#9644,#2304);
#2011=LINE('',#9645,#2305);
#2012=LINE('',#9651,#2306);
#2013=LINE('',#9654,#2307);
#2014=LINE('',#9657,#2308);
#2015=LINE('',#9663,#2309);
#2016=LINE('',#9665,#2310);
#2017=LINE('',#9669,#2311);
#2018=LINE('',#9671,#2312);
#2019=LINE('',#9674,#2313);
#2020=LINE('',#9677,#2314);
#2021=LINE('',#9679,#2315);
#2022=LINE('',#9680,#2316);
#2023=LINE('',#9683,#2317);
#2024=LINE('',#9685,#2318);
#2025=LINE('',#9686,#2319);
#2026=LINE('',#9688,#2320);
#2027=LINE('',#9690,#2321);
#2028=LINE('',#9692,#2322);
#2029=LINE('',#9693,#2323);
#2030=LINE('',#9707,#2324);
#2031=LINE('',#9713,#2325);
#2032=LINE('',#9718,#2326);
#2033=LINE('',#9722,#2327);
#2034=LINE('',#9723,#2328);
#2035=LINE('',#9729,#2329);
#2036=LINE('',#9732,#2330);
#2037=LINE('',#9735,#2331);
#2038=LINE('',#9739,#2332);
#2039=LINE('',#9743,#2333);
#2040=LINE('',#9747,#2334);
#2041=LINE('',#9751,#2335);
#2042=LINE('',#9755,#2336);
#2043=LINE('',#9775,#2337);
#2044=LINE('',#9782,#2338);
#2045=LINE('',#9800,#2339);
#2046=LINE('',#9823,#2340);
#2047=LINE('',#9831,#2341);
#2048=LINE('',#9833,#2342);
#2049=LINE('',#9834,#2343);
#2050=LINE('',#9852,#2344);
#2051=LINE('',#9875,#2345);
#2052=LINE('',#9898,#2346);
#2053=LINE('',#9906,#2347);
#2054=LINE('',#9908,#2348);
#2055=LINE('',#9909,#2349);
#2056=LINE('',#9912,#2350);
#2057=LINE('',#9914,#2351);
#2058=LINE('',#9915,#2352);
#2059=LINE('',#9918,#2353);
#2060=LINE('',#9920,#2354);
#2061=LINE('',#9921,#2355);
#2062=LINE('',#9923,#2356);
#2063=LINE('',#9924,#2357);
#2064=LINE('',#9944,#2358);
#2065=LINE('',#9951,#2359);
#2066=LINE('',#9969,#2360);
#2067=LINE('',#9992,#2361);
#2068=LINE('',#10015,#2362);
#2069=LINE('',#10038,#2363);
#2070=LINE('',#10061,#2364);
#2071=LINE('',#10084,#2365);
#2072=LINE('',#10107,#2366);
#2073=LINE('',#10130,#2367);
#2074=LINE('',#10138,#2368);
#2075=LINE('',#10140,#2369);
#2076=LINE('',#10141,#2370);
#2077=LINE('',#10159,#2371);
#2078=LINE('',#10182,#2372);
#2079=LINE('',#10205,#2373);
#2080=LINE('',#10228,#2374);
#2081=LINE('',#10251,#2375);
#2082=LINE('',#10274,#2376);
#2083=LINE('',#10297,#2377);
#2084=LINE('',#10320,#2378);
#2085=LINE('',#10343,#2379);
#2086=LINE('',#10351,#2380);
#2087=LINE('',#10353,#2381);
#2088=LINE('',#10354,#2382);
#2089=LINE('',#10357,#2383);
#2090=LINE('',#10359,#2384);
#2091=LINE('',#10360,#2385);
#2092=LINE('',#10362,#2386);
#2093=LINE('',#10363,#2387);
#2094=LINE('',#13985,#2388);
#2095=LINE('',#13988,#2389);
#2096=LINE('',#13991,#2390);
#2097=LINE('',#13995,#2391);
#2098=LINE('',#13999,#2392);
#2099=LINE('',#14003,#2393);
#2100=LINE('',#14007,#2394);
#2101=LINE('',#14011,#2395);
#2102=LINE('',#14015,#2396);
#2103=LINE('',#14019,#2397);
#2104=LINE('',#14023,#2398);
#2105=LINE('',#14027,#2399);
#2106=LINE('',#14031,#2400);
#2107=LINE('',#14035,#2401);
#2108=LINE('',#14039,#2402);
#2109=LINE('',#14043,#2403);
#2110=LINE('',#14047,#2404);
#2111=LINE('',#14051,#2405);
#2112=LINE('',#14055,#2406);
#2113=LINE('',#14059,#2407);
#2114=LINE('',#14063,#2408);
#2115=LINE('',#14067,#2409);
#2116=LINE('',#14071,#2410);
#2117=LINE('',#14075,#2411);
#2118=LINE('',#14079,#2412);
#2119=LINE('',#14083,#2413);
#2120=LINE('',#14087,#2414);
#2121=LINE('',#14091,#2415);
#2122=LINE('',#14095,#2416);
#2123=LINE('',#14099,#2417);
#2124=LINE('',#14103,#2418);
#2125=LINE('',#14107,#2419);
#2126=LINE('',#14111,#2420);
#2127=LINE('',#14115,#2421);
#2128=LINE('',#14119,#2422);
#2129=LINE('',#14123,#2423);
#2130=LINE('',#14127,#2424);
#2131=LINE('',#14131,#2425);
#2132=LINE('',#14135,#2426);
#2133=LINE('',#14139,#2427);
#2134=LINE('',#14143,#2428);
#2135=LINE('',#14147,#2429);
#2136=LINE('',#14151,#2430);
#2137=LINE('',#14155,#2431);
#2138=LINE('',#14159,#2432);
#2139=LINE('',#14163,#2433);
#2140=LINE('',#14167,#2434);
#2141=LINE('',#14171,#2435);
#2142=LINE('',#14175,#2436);
#2143=LINE('',#14179,#2437);
#2144=LINE('',#14183,#2438);
#2145=LINE('',#14187,#2439);
#2146=LINE('',#14191,#2440);
#2147=LINE('',#14195,#2441);
#2148=LINE('',#14199,#2442);
#2149=LINE('',#14203,#2443);
#2150=LINE('',#14207,#2444);
#2151=LINE('',#14211,#2445);
#2152=LINE('',#14215,#2446);
#2153=LINE('',#14219,#2447);
#2154=LINE('',#14223,#2448);
#2155=LINE('',#14227,#2449);
#2156=LINE('',#14231,#2450);
#2157=LINE('',#14235,#2451);
#2158=LINE('',#14239,#2452);
#2159=LINE('',#14243,#2453);
#2160=LINE('',#14247,#2454);
#2161=LINE('',#14251,#2455);
#2162=LINE('',#14255,#2456);
#2163=LINE('',#14259,#2457);
#2164=LINE('',#14263,#2458);
#2165=LINE('',#14267,#2459);
#2166=LINE('',#14271,#2460);
#2167=LINE('',#14275,#2461);
#2168=LINE('',#14279,#2462);
#2169=LINE('',#14283,#2463);
#2170=LINE('',#14287,#2464);
#2171=LINE('',#14291,#2465);
#2172=LINE('',#14295,#2466);
#2173=LINE('',#14299,#2467);
#2174=LINE('',#14303,#2468);
#2175=LINE('',#14307,#2469);
#2176=LINE('',#14321,#2470);
#2177=LINE('',#14327,#2471);
#2178=LINE('',#14330,#2472);
#2179=LINE('',#14333,#2473);
#2180=LINE('',#14335,#2474);
#2181=LINE('',#14336,#2475);
#2182=LINE('',#14339,#2476);
#2183=LINE('',#14343,#2477);
#2184=LINE('',#14347,#2478);
#2185=LINE('',#14351,#2479);
#2186=LINE('',#14354,#2480);
#2187=LINE('',#14357,#2481);
#2188=LINE('',#14358,#2482);
#2189=LINE('',#14361,#2483);
#2190=LINE('',#14366,#2484);
#2191=LINE('',#14368,#2485);
#2192=LINE('',#14535,#2486);
#2193=LINE('',#14538,#2487);
#2194=LINE('',#14543,#2488);
#2195=LINE('',#14547,#2489);
#2196=LINE('',#14552,#2490);
#2197=LINE('',#14556,#2491);
#2198=LINE('',#14558,#2492);
#2199=LINE('',#14560,#2493);
#2200=LINE('',#14562,#2494);
#2201=LINE('',#14564,#2495);
#2202=LINE('',#14566,#2496);
#2203=LINE('',#14568,#2497);
#2204=LINE('',#14570,#2498);
#2205=LINE('',#14572,#2499);
#2206=LINE('',#14574,#2500);
#2207=LINE('',#14576,#2501);
#2208=LINE('',#14578,#2502);
#2209=LINE('',#14580,#2503);
#2210=LINE('',#14582,#2504);
#2211=LINE('',#14584,#2505);
#2212=LINE('',#14586,#2506);
#2213=LINE('',#14588,#2507);
#2214=LINE('',#14590,#2508);
#2215=LINE('',#14592,#2509);
#2216=LINE('',#14594,#2510);
#2217=LINE('',#14596,#2511);
#2218=LINE('',#14598,#2512);
#2219=LINE('',#14600,#2513);
#2220=LINE('',#14602,#2514);
#2221=LINE('',#14604,#2515);
#2222=LINE('',#14606,#2516);
#2223=LINE('',#14608,#2517);
#2224=LINE('',#14610,#2518);
#2225=LINE('',#14612,#2519);
#2226=LINE('',#14614,#2520);
#2227=LINE('',#14616,#2521);
#2228=LINE('',#14618,#2522);
#2229=LINE('',#14620,#2523);
#2230=LINE('',#14622,#2524);
#2231=LINE('',#14624,#2525);
#2232=LINE('',#14626,#2526);
#2233=LINE('',#14628,#2527);
#2234=LINE('',#14630,#2528);
#2235=LINE('',#14632,#2529);
#2236=LINE('',#14634,#2530);
#2237=LINE('',#14636,#2531);
#2238=LINE('',#14638,#2532);
#2239=LINE('',#14640,#2533);
#2240=LINE('',#14642,#2534);
#2241=LINE('',#14644,#2535);
#2242=LINE('',#14646,#2536);
#2243=LINE('',#14648,#2537);
#2244=LINE('',#14650,#2538);
#2245=LINE('',#14652,#2539);
#2246=LINE('',#14654,#2540);
#2247=LINE('',#14656,#2541);
#2248=LINE('',#14658,#2542);
#2249=LINE('',#14660,#2543);
#2250=LINE('',#14662,#2544);
#2251=LINE('',#14664,#2545);
#2252=LINE('',#14666,#2546);
#2253=LINE('',#14668,#2547);
#2254=LINE('',#14670,#2548);
#2255=LINE('',#14672,#2549);
#2256=LINE('',#14674,#2550);
#2257=LINE('',#14676,#2551);
#2258=LINE('',#14678,#2552);
#2259=LINE('',#14680,#2553);
#2260=LINE('',#14682,#2554);
#2261=LINE('',#14684,#2555);
#2262=LINE('',#14686,#2556);
#2263=LINE('',#14688,#2557);
#2264=LINE('',#14690,#2558);
#2265=LINE('',#14692,#2559);
#2266=LINE('',#14694,#2560);
#2267=LINE('',#14696,#2561);
#2268=LINE('',#14698,#2562);
#2269=LINE('',#14700,#2563);
#2270=LINE('',#14702,#2564);
#2271=LINE('',#14704,#2565);
#2272=LINE('',#14706,#2566);
#2273=LINE('',#14708,#2567);
#2274=LINE('',#14710,#2568);
#2275=LINE('',#14712,#2569);
#2276=VECTOR('',#7616,10.);
#2277=VECTOR('',#7617,10.);
#2278=VECTOR('',#7618,10.);
#2279=VECTOR('',#7619,10.);
#2280=VECTOR('',#7622,10.);
#2281=VECTOR('',#7623,10.);
#2282=VECTOR('',#7624,10.);
#2283=VECTOR('',#7625,10.);
#2284=VECTOR('',#7628,10.);
#2285=VECTOR('',#7629,10.);
#2286=VECTOR('',#7630,10.);
#2287=VECTOR('',#7631,10.);
#2288=VECTOR('',#7634,10.);
#2289=VECTOR('',#7635,10.);
#2290=VECTOR('',#7636,10.);
#2291=VECTOR('',#7637,10.);
#2292=VECTOR('',#7640,10.);
#2293=VECTOR('',#7641,10.);
#2294=VECTOR('',#7642,10.);
#2295=VECTOR('',#7643,10.);
#2296=VECTOR('',#7646,10.);
#2297=VECTOR('',#7647,10.);
#2298=VECTOR('',#7648,10.);
#2299=VECTOR('',#7649,10.);
#2300=VECTOR('',#7652,10.);
#2301=VECTOR('',#7653,10.);
#2302=VECTOR('',#7654,10.);
#2303=VECTOR('',#7655,10.);
#2304=VECTOR('',#7656,10.);
#2305=VECTOR('',#7657,10.);
#2306=VECTOR('',#7664,10.);
#2307=VECTOR('',#7667,10.);
#2308=VECTOR('',#7670,10.);
#2309=VECTOR('',#7677,10.);
#2310=VECTOR('',#7678,10.);
#2311=VECTOR('',#7681,10.);
#2312=VECTOR('',#7682,10.);
#2313=VECTOR('',#7685,10.);
#2314=VECTOR('',#7688,10.);
#2315=VECTOR('',#7689,10.);
#2316=VECTOR('',#7690,10.);
#2317=VECTOR('',#7693,10.);
#2318=VECTOR('',#7694,10.);
#2319=VECTOR('',#7695,10.);
#2320=VECTOR('',#7698,10.);
#2321=VECTOR('',#7699,10.);
#2322=VECTOR('',#7700,10.);
#2323=VECTOR('',#7701,10.);
#2324=VECTOR('',#7724,10.);
#2325=VECTOR('',#7733,10.);
#2326=VECTOR('',#7738,10.);
#2327=VECTOR('',#7743,10.);
#2328=VECTOR('',#7744,10.);
#2329=VECTOR('',#7753,10.);
#2330=VECTOR('',#7756,10.);
#2331=VECTOR('',#7761,10.);
#2332=VECTOR('',#7766,1.2);
#2333=VECTOR('',#7771,1.2);
#2334=VECTOR('',#7776,1.2);
#2335=VECTOR('',#7781,1.2);
#2336=VECTOR('',#7786,10.25);
#2337=VECTOR('',#7789,10.);
#2338=VECTOR('',#7790,10.);
#2339=VECTOR('',#7791,10.);
#2340=VECTOR('',#7792,10.);
#2341=VECTOR('',#7795,10.);
#2342=VECTOR('',#7796,10.);
#2343=VECTOR('',#7797,10.);
#2344=VECTOR('',#7798,10.);
#2345=VECTOR('',#7799,10.);
#2346=VECTOR('',#7800,10.);
#2347=VECTOR('',#7803,10.);
#2348=VECTOR('',#7804,10.);
#2349=VECTOR('',#7805,10.);
#2350=VECTOR('',#7808,10.);
#2351=VECTOR('',#7809,10.);
#2352=VECTOR('',#7810,10.);
#2353=VECTOR('',#7813,10.);
#2354=VECTOR('',#7814,10.);
#2355=VECTOR('',#7815,10.);
#2356=VECTOR('',#7818,10.);
#2357=VECTOR('',#7819,10.);
#2358=VECTOR('',#7822,10.);
#2359=VECTOR('',#7823,10.);
#2360=VECTOR('',#7824,10.);
#2361=VECTOR('',#7825,10.);
#2362=VECTOR('',#7826,10.);
#2363=VECTOR('',#7827,10.);
#2364=VECTOR('',#7828,10.);
#2365=VECTOR('',#7829,10.);
#2366=VECTOR('',#7830,10.);
#2367=VECTOR('',#7831,10.);
#2368=VECTOR('',#7834,10.);
#2369=VECTOR('',#7835,10.);
#2370=VECTOR('',#7836,10.);
#2371=VECTOR('',#7837,10.);
#2372=VECTOR('',#7838,10.);
#2373=VECTOR('',#7839,10.);
#2374=VECTOR('',#7840,10.);
#2375=VECTOR('',#7841,10.);
#2376=VECTOR('',#7842,10.);
#2377=VECTOR('',#7843,10.);
#2378=VECTOR('',#7844,10.);
#2379=VECTOR('',#7845,10.);
#2380=VECTOR('',#7848,10.);
#2381=VECTOR('',#7849,10.);
#2382=VECTOR('',#7850,10.);
#2383=VECTOR('',#7853,10.);
#2384=VECTOR('',#7854,10.);
#2385=VECTOR('',#7855,10.);
#2386=VECTOR('',#7858,10.);
#2387=VECTOR('',#7859,10.);
#2388=VECTOR('',#8674,10.);
#2389=VECTOR('',#8677,10.);
#2390=VECTOR('',#8680,10.);
#2391=VECTOR('',#8685,10.);
#2392=VECTOR('',#8690,10.);
#2393=VECTOR('',#8695,10.);
#2394=VECTOR('',#8700,10.);
#2395=VECTOR('',#8705,10.);
#2396=VECTOR('',#8710,10.);
#2397=VECTOR('',#8715,10.);
#2398=VECTOR('',#8720,10.);
#2399=VECTOR('',#8725,10.);
#2400=VECTOR('',#8730,10.);
#2401=VECTOR('',#8735,10.);
#2402=VECTOR('',#8740,10.);
#2403=VECTOR('',#8745,10.);
#2404=VECTOR('',#8750,10.);
#2405=VECTOR('',#8755,10.);
#2406=VECTOR('',#8760,10.);
#2407=VECTOR('',#8765,10.);
#2408=VECTOR('',#8770,10.);
#2409=VECTOR('',#8775,10.);
#2410=VECTOR('',#8780,10.);
#2411=VECTOR('',#8785,10.);
#2412=VECTOR('',#8790,10.);
#2413=VECTOR('',#8795,10.);
#2414=VECTOR('',#8800,10.);
#2415=VECTOR('',#8805,10.);
#2416=VECTOR('',#8810,10.);
#2417=VECTOR('',#8815,10.);
#2418=VECTOR('',#8820,10.);
#2419=VECTOR('',#8825,10.);
#2420=VECTOR('',#8830,10.);
#2421=VECTOR('',#8835,10.);
#2422=VECTOR('',#8840,10.);
#2423=VECTOR('',#8845,10.);
#2424=VECTOR('',#8850,10.);
#2425=VECTOR('',#8855,10.);
#2426=VECTOR('',#8860,10.);
#2427=VECTOR('',#8865,10.);
#2428=VECTOR('',#8870,10.);
#2429=VECTOR('',#8875,10.);
#2430=VECTOR('',#8880,10.);
#2431=VECTOR('',#8885,10.);
#2432=VECTOR('',#8890,10.);
#2433=VECTOR('',#8895,10.);
#2434=VECTOR('',#8900,10.);
#2435=VECTOR('',#8905,10.);
#2436=VECTOR('',#8910,10.);
#2437=VECTOR('',#8915,10.);
#2438=VECTOR('',#8920,10.);
#2439=VECTOR('',#8925,10.);
#2440=VECTOR('',#8930,10.);
#2441=VECTOR('',#8935,10.);
#2442=VECTOR('',#8940,10.);
#2443=VECTOR('',#8945,10.);
#2444=VECTOR('',#8950,10.);
#2445=VECTOR('',#8955,10.);
#2446=VECTOR('',#8960,10.);
#2447=VECTOR('',#8965,10.);
#2448=VECTOR('',#8970,10.);
#2449=VECTOR('',#8975,10.);
#2450=VECTOR('',#8980,10.);
#2451=VECTOR('',#8985,10.);
#2452=VECTOR('',#8990,10.);
#2453=VECTOR('',#8995,10.);
#2454=VECTOR('',#9000,10.);
#2455=VECTOR('',#9005,10.);
#2456=VECTOR('',#9010,10.);
#2457=VECTOR('',#9015,10.);
#2458=VECTOR('',#9020,10.);
#2459=VECTOR('',#9025,10.);
#2460=VECTOR('',#9030,10.);
#2461=VECTOR('',#9035,10.);
#2462=VECTOR('',#9040,10.);
#2463=VECTOR('',#9045,10.);
#2464=VECTOR('',#9050,10.);
#2465=VECTOR('',#9055,10.);
#2466=VECTOR('',#9060,10.);
#2467=VECTOR('',#9065,10.);
#2468=VECTOR('',#9070,10.);
#2469=VECTOR('',#9075,10.);
#2470=VECTOR('',#9094,10.25);
#2471=VECTOR('',#9099,10.);
#2472=VECTOR('',#9102,10.);
#2473=VECTOR('',#9105,10.);
#2474=VECTOR('',#9106,10.);
#2475=VECTOR('',#9107,10.);
#2476=VECTOR('',#9110,10.);
#2477=VECTOR('',#9113,10.);
#2478=VECTOR('',#9116,10.);
#2479=VECTOR('',#9121,10.);
#2480=VECTOR('',#9124,10.);
#2481=VECTOR('',#9127,10.);
#2482=VECTOR('',#9128,10.);
#2483=VECTOR('',#9131,10.);
#2484=VECTOR('',#9138,10.);
#2485=VECTOR('',#9141,10.);
#2486=VECTOR('',#9310,8.5);
#2487=VECTOR('',#9315,10.);
#2488=VECTOR('',#9320,2.125);
#2489=VECTOR('',#9327,10.);
#2490=VECTOR('',#9332,4.);
#2491=VECTOR('',#9339,10.);
#2492=VECTOR('',#9342,10.);
#2493=VECTOR('',#9345,10.);
#2494=VECTOR('',#9348,10.);
#2495=VECTOR('',#9351,10.);
#2496=VECTOR('',#9354,10.);
#2497=VECTOR('',#9357,10.);
#2498=VECTOR('',#9360,10.);
#2499=VECTOR('',#9363,10.);
#2500=VECTOR('',#9366,10.);
#2501=VECTOR('',#9369,10.);
#2502=VECTOR('',#9372,10.);
#2503=VECTOR('',#9375,10.);
#2504=VECTOR('',#9378,10.);
#2505=VECTOR('',#9381,10.);
#2506=VECTOR('',#9384,10.);
#2507=VECTOR('',#9387,10.);
#2508=VECTOR('',#9390,10.);
#2509=VECTOR('',#9393,10.);
#2510=VECTOR('',#9396,10.);
#2511=VECTOR('',#9399,10.);
#2512=VECTOR('',#9402,10.);
#2513=VECTOR('',#9405,10.);
#2514=VECTOR('',#9408,10.);
#2515=VECTOR('',#9411,10.);
#2516=VECTOR('',#9414,10.);
#2517=VECTOR('',#9417,10.);
#2518=VECTOR('',#9420,10.);
#2519=VECTOR('',#9423,10.);
#2520=VECTOR('',#9426,10.);
#2521=VECTOR('',#9429,10.);
#2522=VECTOR('',#9432,10.);
#2523=VECTOR('',#9435,10.);
#2524=VECTOR('',#9438,10.);
#2525=VECTOR('',#9441,10.);
#2526=VECTOR('',#9444,10.);
#2527=VECTOR('',#9447,10.);
#2528=VECTOR('',#9450,10.);
#2529=VECTOR('',#9453,10.);
#2530=VECTOR('',#9456,10.);
#2531=VECTOR('',#9459,10.);
#2532=VECTOR('',#9462,10.);
#2533=VECTOR('',#9465,10.);
#2534=VECTOR('',#9468,10.);
#2535=VECTOR('',#9471,10.);
#2536=VECTOR('',#9474,10.);
#2537=VECTOR('',#9477,10.);
#2538=VECTOR('',#9480,10.);
#2539=VECTOR('',#9483,10.);
#2540=VECTOR('',#9486,10.);
#2541=VECTOR('',#9489,10.);
#2542=VECTOR('',#9492,10.);
#2543=VECTOR('',#9495,10.);
#2544=VECTOR('',#9498,10.);
#2545=VECTOR('',#9501,10.);
#2546=VECTOR('',#9504,10.);
#2547=VECTOR('',#9507,10.);
#2548=VECTOR('',#9510,10.);
#2549=VECTOR('',#9513,10.);
#2550=VECTOR('',#9516,10.);
#2551=VECTOR('',#9519,10.);
#2552=VECTOR('',#9522,10.);
#2553=VECTOR('',#9525,10.);
#2554=VECTOR('',#9528,10.);
#2555=VECTOR('',#9531,10.);
#2556=VECTOR('',#9534,10.);
#2557=VECTOR('',#9537,10.);
#2558=VECTOR('',#9540,10.);
#2559=VECTOR('',#9543,10.);
#2560=VECTOR('',#9546,10.);
#2561=VECTOR('',#9549,10.);
#2562=VECTOR('',#9552,10.);
#2563=VECTOR('',#9555,10.);
#2564=VECTOR('',#9558,10.);
#2565=VECTOR('',#9561,10.);
#2566=VECTOR('',#9564,10.);
#2567=VECTOR('',#9567,10.);
#2568=VECTOR('',#9570,10.);
#2569=VECTOR('',#9573,10.);
#2570=VERTEX_POINT('',#9582);
#2571=VERTEX_POINT('',#9583);
#2572=VERTEX_POINT('',#9585);
#2573=VERTEX_POINT('',#9587);
#2574=VERTEX_POINT('',#9591);
#2575=VERTEX_POINT('',#9592);
#2576=VERTEX_POINT('',#9594);
#2577=VERTEX_POINT('',#9596);
#2578=VERTEX_POINT('',#9600);
#2579=VERTEX_POINT('',#9601);
#2580=VERTEX_POINT('',#9603);
#2581=VERTEX_POINT('',#9605);
#2582=VERTEX_POINT('',#9609);
#2583=VERTEX_POINT('',#9610);
#2584=VERTEX_POINT('',#9612);
#2585=VERTEX_POINT('',#9614);
#2586=VERTEX_POINT('',#9618);
#2587=VERTEX_POINT('',#9619);
#2588=VERTEX_POINT('',#9621);
#2589=VERTEX_POINT('',#9623);
#2590=VERTEX_POINT('',#9627);
#2591=VERTEX_POINT('',#9628);
#2592=VERTEX_POINT('',#9630);
#2593=VERTEX_POINT('',#9632);
#2594=VERTEX_POINT('',#9637);
#2595=VERTEX_POINT('',#9639);
#2596=VERTEX_POINT('',#9641);
#2597=VERTEX_POINT('',#9643);
#2598=VERTEX_POINT('',#9647);
#2599=VERTEX_POINT('',#9650);
#2600=VERTEX_POINT('',#9652);
#2601=VERTEX_POINT('',#9656);
#2602=VERTEX_POINT('',#9660);
#2603=VERTEX_POINT('',#9662);
#2604=VERTEX_POINT('',#9664);
#2605=VERTEX_POINT('',#9666);
#2606=VERTEX_POINT('',#9668);
#2607=VERTEX_POINT('',#9670);
#2608=VERTEX_POINT('',#9672);
#2609=VERTEX_POINT('',#9676);
#2610=VERTEX_POINT('',#9678);
#2611=VERTEX_POINT('',#9682);
#2612=VERTEX_POINT('',#9684);
#2613=VERTEX_POINT('',#9689);
#2614=VERTEX_POINT('',#9691);
#2615=VERTEX_POINT('',#9697);
#2616=VERTEX_POINT('',#9702);
#2617=VERTEX_POINT('',#9708);
#2618=VERTEX_POINT('',#9714);
#2619=VERTEX_POINT('',#9717);
#2620=VERTEX_POINT('',#9721);
#2621=VERTEX_POINT('',#9727);
#2622=VERTEX_POINT('',#9731);
#2623=VERTEX_POINT('',#9737);
#2624=VERTEX_POINT('',#9741);
#2625=VERTEX_POINT('',#9745);
#2626=VERTEX_POINT('',#9749);
#2627=VERTEX_POINT('',#9753);
#2628=VERTEX_POINT('',#9767);
#2629=VERTEX_POINT('',#9768);
#2630=VERTEX_POINT('',#9774);
#2631=VERTEX_POINT('',#9776);
#2632=VERTEX_POINT('',#9793);
#2633=VERTEX_POINT('',#9799);
#2634=VERTEX_POINT('',#9816);
#2635=VERTEX_POINT('',#9822);
#2636=VERTEX_POINT('',#9830);
#2637=VERTEX_POINT('',#9832);
#2638=VERTEX_POINT('',#9845);
#2639=VERTEX_POINT('',#9851);
#2640=VERTEX_POINT('',#9868);
#2641=VERTEX_POINT('',#9874);
#2642=VERTEX_POINT('',#9891);
#2643=VERTEX_POINT('',#9897);
#2644=VERTEX_POINT('',#9905);
#2645=VERTEX_POINT('',#9907);
#2646=VERTEX_POINT('',#9911);
#2647=VERTEX_POINT('',#9913);
#2648=VERTEX_POINT('',#9917);
#2649=VERTEX_POINT('',#9919);
#2650=VERTEX_POINT('',#9936);
#2651=VERTEX_POINT('',#9937);
#2652=VERTEX_POINT('',#9943);
#2653=VERTEX_POINT('',#9945);
#2654=VERTEX_POINT('',#9962);
#2655=VERTEX_POINT('',#9968);
#2656=VERTEX_POINT('',#9985);
#2657=VERTEX_POINT('',#9991);
#2658=VERTEX_POINT('',#10008);
#2659=VERTEX_POINT('',#10014);
#2660=VERTEX_POINT('',#10031);
#2661=VERTEX_POINT('',#10037);
#2662=VERTEX_POINT('',#10054);
#2663=VERTEX_POINT('',#10060);
#2664=VERTEX_POINT('',#10077);
#2665=VERTEX_POINT('',#10083);
#2666=VERTEX_POINT('',#10100);
#2667=VERTEX_POINT('',#10106);
#2668=VERTEX_POINT('',#10123);
#2669=VERTEX_POINT('',#10129);
#2670=VERTEX_POINT('',#10137);
#2671=VERTEX_POINT('',#10139);
#2672=VERTEX_POINT('',#10152);
#2673=VERTEX_POINT('',#10158);
#2674=VERTEX_POINT('',#10175);
#2675=VERTEX_POINT('',#10181);
#2676=VERTEX_POINT('',#10198);
#2677=VERTEX_POINT('',#10204);
#2678=VERTEX_POINT('',#10221);
#2679=VERTEX_POINT('',#10227);
#2680=VERTEX_POINT('',#10244);
#2681=VERTEX_POINT('',#10250);
#2682=VERTEX_POINT('',#10267);
#2683=VERTEX_POINT('',#10273);
#2684=VERTEX_POINT('',#10290);
#2685=VERTEX_POINT('',#10296);
#2686=VERTEX_POINT('',#10313);
#2687=VERTEX_POINT('',#10319);
#2688=VERTEX_POINT('',#10336);
#2689=VERTEX_POINT('',#10342);
#2690=VERTEX_POINT('',#10350);
#2691=VERTEX_POINT('',#10352);
#2692=VERTEX_POINT('',#10356);
#2693=VERTEX_POINT('',#10358);
#2694=VERTEX_POINT('',#10374);
#2695=VERTEX_POINT('',#10375);
#2696=VERTEX_POINT('',#10377);
#2697=VERTEX_POINT('',#10390);
#2698=VERTEX_POINT('',#10419);
#2699=VERTEX_POINT('',#10421);
#2700=VERTEX_POINT('',#10446);
#2701=VERTEX_POINT('',#10448);
#2702=VERTEX_POINT('',#10463);
#2703=VERTEX_POINT('',#10465);
#2704=VERTEX_POINT('',#10480);
#2705=VERTEX_POINT('',#10482);
#2706=VERTEX_POINT('',#10497);
#2707=VERTEX_POINT('',#10499);
#2708=VERTEX_POINT('',#10522);
#2709=VERTEX_POINT('',#10524);
#2710=VERTEX_POINT('',#10553);
#2711=VERTEX_POINT('',#10555);
#2712=VERTEX_POINT('',#10580);
#2713=VERTEX_POINT('',#10582);
#2714=VERTEX_POINT('',#10597);
#2715=VERTEX_POINT('',#10599);
#2716=VERTEX_POINT('',#10614);
#2717=VERTEX_POINT('',#10616);
#2718=VERTEX_POINT('',#10631);
#2719=VERTEX_POINT('',#10633);
#2720=VERTEX_POINT('',#10656);
#2721=VERTEX_POINT('',#10658);
#2722=VERTEX_POINT('',#10687);
#2723=VERTEX_POINT('',#10689);
#2724=VERTEX_POINT('',#10714);
#2725=VERTEX_POINT('',#10716);
#2726=VERTEX_POINT('',#10731);
#2727=VERTEX_POINT('',#10733);
#2728=VERTEX_POINT('',#10748);
#2729=VERTEX_POINT('',#10750);
#2730=VERTEX_POINT('',#10765);
#2731=VERTEX_POINT('',#10767);
#2732=VERTEX_POINT('',#10790);
#2733=VERTEX_POINT('',#10792);
#2734=VERTEX_POINT('',#10821);
#2735=VERTEX_POINT('',#10823);
#2736=VERTEX_POINT('',#10848);
#2737=VERTEX_POINT('',#10850);
#2738=VERTEX_POINT('',#10865);
#2739=VERTEX_POINT('',#10867);
#2740=VERTEX_POINT('',#10882);
#2741=VERTEX_POINT('',#10884);
#2742=VERTEX_POINT('',#10899);
#2743=VERTEX_POINT('',#10901);
#2744=VERTEX_POINT('',#10924);
#2745=VERTEX_POINT('',#10926);
#2746=VERTEX_POINT('',#10955);
#2747=VERTEX_POINT('',#10957);
#2748=VERTEX_POINT('',#10982);
#2749=VERTEX_POINT('',#10984);
#2750=VERTEX_POINT('',#10999);
#2751=VERTEX_POINT('',#11001);
#2752=VERTEX_POINT('',#11016);
#2753=VERTEX_POINT('',#11018);
#2754=VERTEX_POINT('',#11033);
#2755=VERTEX_POINT('',#11035);
#2756=VERTEX_POINT('',#11058);
#2757=VERTEX_POINT('',#11060);
#2758=VERTEX_POINT('',#11089);
#2759=VERTEX_POINT('',#11091);
#2760=VERTEX_POINT('',#11116);
#2761=VERTEX_POINT('',#11118);
#2762=VERTEX_POINT('',#11133);
#2763=VERTEX_POINT('',#11135);
#2764=VERTEX_POINT('',#11150);
#2765=VERTEX_POINT('',#11152);
#2766=VERTEX_POINT('',#11167);
#2767=VERTEX_POINT('',#11169);
#2768=VERTEX_POINT('',#11192);
#2769=VERTEX_POINT('',#11194);
#2770=VERTEX_POINT('',#11223);
#2771=VERTEX_POINT('',#11225);
#2772=VERTEX_POINT('',#11250);
#2773=VERTEX_POINT('',#11252);
#2774=VERTEX_POINT('',#11267);
#2775=VERTEX_POINT('',#11269);
#2776=VERTEX_POINT('',#11284);
#2777=VERTEX_POINT('',#11286);
#2778=VERTEX_POINT('',#11301);
#2779=VERTEX_POINT('',#11303);
#2780=VERTEX_POINT('',#11326);
#2781=VERTEX_POINT('',#11328);
#2782=VERTEX_POINT('',#11357);
#2783=VERTEX_POINT('',#11359);
#2784=VERTEX_POINT('',#11384);
#2785=VERTEX_POINT('',#11386);
#2786=VERTEX_POINT('',#11401);
#2787=VERTEX_POINT('',#11403);
#2788=VERTEX_POINT('',#11418);
#2789=VERTEX_POINT('',#11420);
#2790=VERTEX_POINT('',#11435);
#2791=VERTEX_POINT('',#11437);
#2792=VERTEX_POINT('',#11460);
#2793=VERTEX_POINT('',#11462);
#2794=VERTEX_POINT('',#11491);
#2795=VERTEX_POINT('',#11493);
#2796=VERTEX_POINT('',#11518);
#2797=VERTEX_POINT('',#11520);
#2798=VERTEX_POINT('',#11535);
#2799=VERTEX_POINT('',#11537);
#2800=VERTEX_POINT('',#11552);
#2801=VERTEX_POINT('',#11554);
#2802=VERTEX_POINT('',#11569);
#2803=VERTEX_POINT('',#11571);
#2804=VERTEX_POINT('',#11594);
#2805=VERTEX_POINT('',#11596);
#2806=VERTEX_POINT('',#11625);
#2807=VERTEX_POINT('',#11627);
#2808=VERTEX_POINT('',#11652);
#2809=VERTEX_POINT('',#11654);
#2810=VERTEX_POINT('',#11669);
#2811=VERTEX_POINT('',#11671);
#2812=VERTEX_POINT('',#11686);
#2813=VERTEX_POINT('',#11688);
#2814=VERTEX_POINT('',#11703);
#2815=VERTEX_POINT('',#11705);
#2816=VERTEX_POINT('',#11728);
#2817=VERTEX_POINT('',#11730);
#2818=VERTEX_POINT('',#11759);
#2819=VERTEX_POINT('',#11761);
#2820=VERTEX_POINT('',#11786);
#2821=VERTEX_POINT('',#11788);
#2822=VERTEX_POINT('',#11803);
#2823=VERTEX_POINT('',#11805);
#2824=VERTEX_POINT('',#11820);
#2825=VERTEX_POINT('',#11822);
#2826=VERTEX_POINT('',#11837);
#2827=VERTEX_POINT('',#11839);
#2828=VERTEX_POINT('',#11862);
#2829=VERTEX_POINT('',#11864);
#2830=VERTEX_POINT('',#11893);
#2831=VERTEX_POINT('',#11895);
#2832=VERTEX_POINT('',#11920);
#2833=VERTEX_POINT('',#11922);
#2834=VERTEX_POINT('',#11937);
#2835=VERTEX_POINT('',#11939);
#2836=VERTEX_POINT('',#11954);
#2837=VERTEX_POINT('',#11956);
#2838=VERTEX_POINT('',#11971);
#2839=VERTEX_POINT('',#11973);
#2840=VERTEX_POINT('',#11996);
#2841=VERTEX_POINT('',#11998);
#2842=VERTEX_POINT('',#12027);
#2843=VERTEX_POINT('',#12029);
#2844=VERTEX_POINT('',#12054);
#2845=VERTEX_POINT('',#12056);
#2846=VERTEX_POINT('',#12071);
#2847=VERTEX_POINT('',#12073);
#2848=VERTEX_POINT('',#12088);
#2849=VERTEX_POINT('',#12090);
#2850=VERTEX_POINT('',#12105);
#2851=VERTEX_POINT('',#12107);
#2852=VERTEX_POINT('',#12130);
#2853=VERTEX_POINT('',#12132);
#2854=VERTEX_POINT('',#12161);
#2855=VERTEX_POINT('',#12163);
#2856=VERTEX_POINT('',#12180);
#2857=VERTEX_POINT('',#12181);
#2858=VERTEX_POINT('',#12183);
#2859=VERTEX_POINT('',#12196);
#2860=VERTEX_POINT('',#12222);
#2861=VERTEX_POINT('',#12224);
#2862=VERTEX_POINT('',#12239);
#2863=VERTEX_POINT('',#12241);
#2864=VERTEX_POINT('',#12264);
#2865=VERTEX_POINT('',#12266);
#2866=VERTEX_POINT('',#12295);
#2867=VERTEX_POINT('',#12297);
#2868=VERTEX_POINT('',#12322);
#2869=VERTEX_POINT('',#12324);
#2870=VERTEX_POINT('',#12339);
#2871=VERTEX_POINT('',#12341);
#2872=VERTEX_POINT('',#12356);
#2873=VERTEX_POINT('',#12358);
#2874=VERTEX_POINT('',#12373);
#2875=VERTEX_POINT('',#12375);
#2876=VERTEX_POINT('',#12398);
#2877=VERTEX_POINT('',#12400);
#2878=VERTEX_POINT('',#12429);
#2879=VERTEX_POINT('',#12431);
#2880=VERTEX_POINT('',#12456);
#2881=VERTEX_POINT('',#12458);
#2882=VERTEX_POINT('',#12473);
#2883=VERTEX_POINT('',#12475);
#2884=VERTEX_POINT('',#12490);
#2885=VERTEX_POINT('',#12492);
#2886=VERTEX_POINT('',#12507);
#2887=VERTEX_POINT('',#12509);
#2888=VERTEX_POINT('',#12532);
#2889=VERTEX_POINT('',#12534);
#2890=VERTEX_POINT('',#12563);
#2891=VERTEX_POINT('',#12565);
#2892=VERTEX_POINT('',#12590);
#2893=VERTEX_POINT('',#12592);
#2894=VERTEX_POINT('',#12607);
#2895=VERTEX_POINT('',#12609);
#2896=VERTEX_POINT('',#12624);
#2897=VERTEX_POINT('',#12626);
#2898=VERTEX_POINT('',#12641);
#2899=VERTEX_POINT('',#12643);
#2900=VERTEX_POINT('',#12666);
#2901=VERTEX_POINT('',#12668);
#2902=VERTEX_POINT('',#12697);
#2903=VERTEX_POINT('',#12699);
#2904=VERTEX_POINT('',#12724);
#2905=VERTEX_POINT('',#12726);
#2906=VERTEX_POINT('',#12741);
#2907=VERTEX_POINT('',#12743);
#2908=VERTEX_POINT('',#12758);
#2909=VERTEX_POINT('',#12760);
#2910=VERTEX_POINT('',#12775);
#2911=VERTEX_POINT('',#12777);
#2912=VERTEX_POINT('',#12800);
#2913=VERTEX_POINT('',#12802);
#2914=VERTEX_POINT('',#12831);
#2915=VERTEX_POINT('',#12833);
#2916=VERTEX_POINT('',#12858);
#2917=VERTEX_POINT('',#12860);
#2918=VERTEX_POINT('',#12875);
#2919=VERTEX_POINT('',#12877);
#2920=VERTEX_POINT('',#12892);
#2921=VERTEX_POINT('',#12894);
#2922=VERTEX_POINT('',#12909);
#2923=VERTEX_POINT('',#12911);
#2924=VERTEX_POINT('',#12934);
#2925=VERTEX_POINT('',#12936);
#2926=VERTEX_POINT('',#12965);
#2927=VERTEX_POINT('',#12967);
#2928=VERTEX_POINT('',#12992);
#2929=VERTEX_POINT('',#12994);
#2930=VERTEX_POINT('',#13009);
#2931=VERTEX_POINT('',#13011);
#2932=VERTEX_POINT('',#13026);
#2933=VERTEX_POINT('',#13028);
#2934=VERTEX_POINT('',#13043);
#2935=VERTEX_POINT('',#13045);
#2936=VERTEX_POINT('',#13068);
#2937=VERTEX_POINT('',#13070);
#2938=VERTEX_POINT('',#13099);
#2939=VERTEX_POINT('',#13101);
#2940=VERTEX_POINT('',#13126);
#2941=VERTEX_POINT('',#13128);
#2942=VERTEX_POINT('',#13143);
#2943=VERTEX_POINT('',#13145);
#2944=VERTEX_POINT('',#13160);
#2945=VERTEX_POINT('',#13162);
#2946=VERTEX_POINT('',#13177);
#2947=VERTEX_POINT('',#13179);
#2948=VERTEX_POINT('',#13202);
#2949=VERTEX_POINT('',#13204);
#2950=VERTEX_POINT('',#13233);
#2951=VERTEX_POINT('',#13235);
#2952=VERTEX_POINT('',#13260);
#2953=VERTEX_POINT('',#13262);
#2954=VERTEX_POINT('',#13277);
#2955=VERTEX_POINT('',#13279);
#2956=VERTEX_POINT('',#13294);
#2957=VERTEX_POINT('',#13296);
#2958=VERTEX_POINT('',#13311);
#2959=VERTEX_POINT('',#13313);
#2960=VERTEX_POINT('',#13336);
#2961=VERTEX_POINT('',#13338);
#2962=VERTEX_POINT('',#13367);
#2963=VERTEX_POINT('',#13369);
#2964=VERTEX_POINT('',#13394);
#2965=VERTEX_POINT('',#13396);
#2966=VERTEX_POINT('',#13411);
#2967=VERTEX_POINT('',#13413);
#2968=VERTEX_POINT('',#13428);
#2969=VERTEX_POINT('',#13430);
#2970=VERTEX_POINT('',#13445);
#2971=VERTEX_POINT('',#13447);
#2972=VERTEX_POINT('',#13470);
#2973=VERTEX_POINT('',#13472);
#2974=VERTEX_POINT('',#13501);
#2975=VERTEX_POINT('',#13503);
#2976=VERTEX_POINT('',#13528);
#2977=VERTEX_POINT('',#13530);
#2978=VERTEX_POINT('',#13545);
#2979=VERTEX_POINT('',#13547);
#2980=VERTEX_POINT('',#13562);
#2981=VERTEX_POINT('',#13564);
#2982=VERTEX_POINT('',#13579);
#2983=VERTEX_POINT('',#13581);
#2984=VERTEX_POINT('',#13604);
#2985=VERTEX_POINT('',#13606);
#2986=VERTEX_POINT('',#13635);
#2987=VERTEX_POINT('',#13637);
#2988=VERTEX_POINT('',#13662);
#2989=VERTEX_POINT('',#13664);
#2990=VERTEX_POINT('',#13679);
#2991=VERTEX_POINT('',#13681);
#2992=VERTEX_POINT('',#13696);
#2993=VERTEX_POINT('',#13698);
#2994=VERTEX_POINT('',#13713);
#2995=VERTEX_POINT('',#13715);
#2996=VERTEX_POINT('',#13738);
#2997=VERTEX_POINT('',#13740);
#2998=VERTEX_POINT('',#13769);
#2999=VERTEX_POINT('',#13771);
#3000=VERTEX_POINT('',#13796);
#3001=VERTEX_POINT('',#13798);
#3002=VERTEX_POINT('',#13813);
#3003=VERTEX_POINT('',#13815);
#3004=VERTEX_POINT('',#13830);
#3005=VERTEX_POINT('',#13832);
#3006=VERTEX_POINT('',#13847);
#3007=VERTEX_POINT('',#13849);
#3008=VERTEX_POINT('',#13872);
#3009=VERTEX_POINT('',#13874);
#3010=VERTEX_POINT('',#13903);
#3011=VERTEX_POINT('',#13905);
#3012=VERTEX_POINT('',#13930);
#3013=VERTEX_POINT('',#13932);
#3014=VERTEX_POINT('',#13947);
#3015=VERTEX_POINT('',#13949);
#3016=VERTEX_POINT('',#13964);
#3017=VERTEX_POINT('',#13966);
#3018=VERTEX_POINT('',#13984);
#3019=VERTEX_POINT('',#13986);
#3020=VERTEX_POINT('',#13990);
#3021=VERTEX_POINT('',#13994);
#3022=VERTEX_POINT('',#13998);
#3023=VERTEX_POINT('',#14002);
#3024=VERTEX_POINT('',#14006);
#3025=VERTEX_POINT('',#14010);
#3026=VERTEX_POINT('',#14014);
#3027=VERTEX_POINT('',#14018);
#3028=VERTEX_POINT('',#14022);
#3029=VERTEX_POINT('',#14026);
#3030=VERTEX_POINT('',#14030);
#3031=VERTEX_POINT('',#14034);
#3032=VERTEX_POINT('',#14038);
#3033=VERTEX_POINT('',#14042);
#3034=VERTEX_POINT('',#14046);
#3035=VERTEX_POINT('',#14050);
#3036=VERTEX_POINT('',#14054);
#3037=VERTEX_POINT('',#14058);
#3038=VERTEX_POINT('',#14062);
#3039=VERTEX_POINT('',#14066);
#3040=VERTEX_POINT('',#14070);
#3041=VERTEX_POINT('',#14074);
#3042=VERTEX_POINT('',#14078);
#3043=VERTEX_POINT('',#14082);
#3044=VERTEX_POINT('',#14086);
#3045=VERTEX_POINT('',#14090);
#3046=VERTEX_POINT('',#14094);
#3047=VERTEX_POINT('',#14098);
#3048=VERTEX_POINT('',#14102);
#3049=VERTEX_POINT('',#14106);
#3050=VERTEX_POINT('',#14110);
#3051=VERTEX_POINT('',#14114);
#3052=VERTEX_POINT('',#14118);
#3053=VERTEX_POINT('',#14122);
#3054=VERTEX_POINT('',#14126);
#3055=VERTEX_POINT('',#14130);
#3056=VERTEX_POINT('',#14134);
#3057=VERTEX_POINT('',#14138);
#3058=VERTEX_POINT('',#14142);
#3059=VERTEX_POINT('',#14146);
#3060=VERTEX_POINT('',#14150);
#3061=VERTEX_POINT('',#14154);
#3062=VERTEX_POINT('',#14158);
#3063=VERTEX_POINT('',#14162);
#3064=VERTEX_POINT('',#14166);
#3065=VERTEX_POINT('',#14170);
#3066=VERTEX_POINT('',#14174);
#3067=VERTEX_POINT('',#14178);
#3068=VERTEX_POINT('',#14182);
#3069=VERTEX_POINT('',#14186);
#3070=VERTEX_POINT('',#14190);
#3071=VERTEX_POINT('',#14194);
#3072=VERTEX_POINT('',#14198);
#3073=VERTEX_POINT('',#14202);
#3074=VERTEX_POINT('',#14206);
#3075=VERTEX_POINT('',#14210);
#3076=VERTEX_POINT('',#14214);
#3077=VERTEX_POINT('',#14218);
#3078=VERTEX_POINT('',#14222);
#3079=VERTEX_POINT('',#14226);
#3080=VERTEX_POINT('',#14230);
#3081=VERTEX_POINT('',#14234);
#3082=VERTEX_POINT('',#14238);
#3083=VERTEX_POINT('',#14242);
#3084=VERTEX_POINT('',#14246);
#3085=VERTEX_POINT('',#14250);
#3086=VERTEX_POINT('',#14254);
#3087=VERTEX_POINT('',#14258);
#3088=VERTEX_POINT('',#14262);
#3089=VERTEX_POINT('',#14266);
#3090=VERTEX_POINT('',#14270);
#3091=VERTEX_POINT('',#14274);
#3092=VERTEX_POINT('',#14278);
#3093=VERTEX_POINT('',#14282);
#3094=VERTEX_POINT('',#14286);
#3095=VERTEX_POINT('',#14290);
#3096=VERTEX_POINT('',#14294);
#3097=VERTEX_POINT('',#14298);
#3098=VERTEX_POINT('',#14302);
#3099=VERTEX_POINT('',#14306);
#3100=VERTEX_POINT('',#14310);
#3101=VERTEX_POINT('',#14313);
#3102=VERTEX_POINT('',#14314);
#3103=VERTEX_POINT('',#14319);
#3104=VERTEX_POINT('',#14323);
#3105=VERTEX_POINT('',#14324);
#3106=VERTEX_POINT('',#14326);
#3107=VERTEX_POINT('',#14328);
#3108=VERTEX_POINT('',#14332);
#3109=VERTEX_POINT('',#14334);
#3110=VERTEX_POINT('',#14338);
#3111=VERTEX_POINT('',#14340);
#3112=VERTEX_POINT('',#14342);
#3113=VERTEX_POINT('',#14344);
#3114=VERTEX_POINT('',#14346);
#3115=VERTEX_POINT('',#14350);
#3116=VERTEX_POINT('',#14352);
#3117=VERTEX_POINT('',#14356);
#3118=VERTEX_POINT('',#14360);
#3119=VERTEX_POINT('',#14364);
#3120=VERTEX_POINT('',#14370);
#3121=VERTEX_POINT('',#14372);
#3122=VERTEX_POINT('',#14373);
#3123=VERTEX_POINT('',#14376);
#3124=VERTEX_POINT('',#14378);
#3125=VERTEX_POINT('',#14380);
#3126=VERTEX_POINT('',#14382);
#3127=VERTEX_POINT('',#14384);
#3128=VERTEX_POINT('',#14386);
#3129=VERTEX_POINT('',#14388);
#3130=VERTEX_POINT('',#14390);
#3131=VERTEX_POINT('',#14392);
#3132=VERTEX_POINT('',#14394);
#3133=VERTEX_POINT('',#14396);
#3134=VERTEX_POINT('',#14398);
#3135=VERTEX_POINT('',#14400);
#3136=VERTEX_POINT('',#14402);
#3137=VERTEX_POINT('',#14404);
#3138=VERTEX_POINT('',#14406);
#3139=VERTEX_POINT('',#14408);
#3140=VERTEX_POINT('',#14410);
#3141=VERTEX_POINT('',#14412);
#3142=VERTEX_POINT('',#14414);
#3143=VERTEX_POINT('',#14416);
#3144=VERTEX_POINT('',#14418);
#3145=VERTEX_POINT('',#14420);
#3146=VERTEX_POINT('',#14422);
#3147=VERTEX_POINT('',#14424);
#3148=VERTEX_POINT('',#14426);
#3149=VERTEX_POINT('',#14428);
#3150=VERTEX_POINT('',#14430);
#3151=VERTEX_POINT('',#14432);
#3152=VERTEX_POINT('',#14434);
#3153=VERTEX_POINT('',#14436);
#3154=VERTEX_POINT('',#14438);
#3155=VERTEX_POINT('',#14440);
#3156=VERTEX_POINT('',#14442);
#3157=VERTEX_POINT('',#14444);
#3158=VERTEX_POINT('',#14446);
#3159=VERTEX_POINT('',#14448);
#3160=VERTEX_POINT('',#14450);
#3161=VERTEX_POINT('',#14452);
#3162=VERTEX_POINT('',#14454);
#3163=VERTEX_POINT('',#14456);
#3164=VERTEX_POINT('',#14458);
#3165=VERTEX_POINT('',#14460);
#3166=VERTEX_POINT('',#14462);
#3167=VERTEX_POINT('',#14464);
#3168=VERTEX_POINT('',#14466);
#3169=VERTEX_POINT('',#14468);
#3170=VERTEX_POINT('',#14470);
#3171=VERTEX_POINT('',#14472);
#3172=VERTEX_POINT('',#14474);
#3173=VERTEX_POINT('',#14476);
#3174=VERTEX_POINT('',#14478);
#3175=VERTEX_POINT('',#14480);
#3176=VERTEX_POINT('',#14482);
#3177=VERTEX_POINT('',#14484);
#3178=VERTEX_POINT('',#14486);
#3179=VERTEX_POINT('',#14488);
#3180=VERTEX_POINT('',#14490);
#3181=VERTEX_POINT('',#14492);
#3182=VERTEX_POINT('',#14494);
#3183=VERTEX_POINT('',#14496);
#3184=VERTEX_POINT('',#14498);
#3185=VERTEX_POINT('',#14500);
#3186=VERTEX_POINT('',#14502);
#3187=VERTEX_POINT('',#14504);
#3188=VERTEX_POINT('',#14506);
#3189=VERTEX_POINT('',#14508);
#3190=VERTEX_POINT('',#14510);
#3191=VERTEX_POINT('',#14512);
#3192=VERTEX_POINT('',#14514);
#3193=VERTEX_POINT('',#14516);
#3194=VERTEX_POINT('',#14518);
#3195=VERTEX_POINT('',#14520);
#3196=VERTEX_POINT('',#14522);
#3197=VERTEX_POINT('',#14524);
#3198=VERTEX_POINT('',#14526);
#3199=VERTEX_POINT('',#14528);
#3200=VERTEX_POINT('',#14530);
#3201=VERTEX_POINT('',#14534);
#3202=VERTEX_POINT('',#14540);
#3203=VERTEX_POINT('',#14542);
#3204=VERTEX_POINT('',#14549);
#3205=VERTEX_POINT('',#14551);
#3206=EDGE_CURVE('',#2570,#2571,#1982,.T.);
#3207=EDGE_CURVE('',#2572,#2570,#1983,.T.);
#3208=EDGE_CURVE('',#2572,#2573,#1984,.T.);
#3209=EDGE_CURVE('',#2571,#2573,#1985,.T.);
#3210=EDGE_CURVE('',#2574,#2575,#1986,.T.);
#3211=EDGE_CURVE('',#2576,#2574,#1987,.T.);
#3212=EDGE_CURVE('',#2577,#2576,#1988,.T.);
#3213=EDGE_CURVE('',#2575,#2577,#1989,.T.);
#3214=EDGE_CURVE('',#2578,#2579,#1990,.T.);
#3215=EDGE_CURVE('',#2580,#2578,#1991,.T.);
#3216=EDGE_CURVE('',#2580,#2581,#1992,.T.);
#3217=EDGE_CURVE('',#2579,#2581,#1993,.T.);
#3218=EDGE_CURVE('',#2582,#2583,#1994,.T.);
#3219=EDGE_CURVE('',#2584,#2582,#1995,.T.);
#3220=EDGE_CURVE('',#2585,#2584,#1996,.T.);
#3221=EDGE_CURVE('',#2583,#2585,#1997,.T.);
#3222=EDGE_CURVE('',#2586,#2587,#1998,.T.);
#3223=EDGE_CURVE('',#2588,#2586,#1999,.T.);
#3224=EDGE_CURVE('',#2588,#2589,#2000,.T.);
#3225=EDGE_CURVE('',#2587,#2589,#2001,.T.);
#3226=EDGE_CURVE('',#2590,#2591,#2002,.T.);
#3227=EDGE_CURVE('',#2592,#2590,#2003,.T.);
#3228=EDGE_CURVE('',#2593,#2592,#2004,.T.);
#3229=EDGE_CURVE('',#2591,#2593,#2005,.T.);
#3230=EDGE_CURVE('',#2589,#2592,#2006,.T.);
#3231=EDGE_CURVE('',#2594,#2590,#2007,.T.);
#3232=EDGE_CURVE('',#2595,#2594,#2008,.T.);
#3233=EDGE_CURVE('',#2596,#2595,#2009,.T.);
#3234=EDGE_CURVE('',#2597,#2596,#2010,.T.);
#3235=EDGE_CURVE('',#2587,#2597,#2011,.T.);
#3236=EDGE_CURVE('',#2598,#2598,#614,.T.);
#3237=EDGE_CURVE('',#2575,#2570,#615,.T.);
#3238=EDGE_CURVE('',#2571,#2599,#2012,.T.);
#3239=EDGE_CURVE('',#2599,#2600,#616,.T.);
#3240=EDGE_CURVE('',#2600,#2582,#2013,.T.);
#3241=EDGE_CURVE('',#2583,#2578,#617,.T.);
#3242=EDGE_CURVE('',#2579,#2601,#2014,.T.);
#3243=EDGE_CURVE('',#2601,#2594,#618,.T.);
#3244=EDGE_CURVE('',#2591,#2586,#619,.T.);
#3245=EDGE_CURVE('',#2597,#2602,#620,.T.);
#3246=EDGE_CURVE('',#2602,#2603,#2015,.T.);
#3247=EDGE_CURVE('',#2603,#2604,#2016,.T.);
#3248=EDGE_CURVE('',#2604,#2605,#621,.T.);
#3249=EDGE_CURVE('',#2605,#2606,#2017,.T.);
#3250=EDGE_CURVE('',#2606,#2607,#2018,.T.);
#3251=EDGE_CURVE('',#2607,#2608,#622,.T.);
#3252=EDGE_CURVE('',#2608,#2574,#2019,.T.);
#3253=EDGE_CURVE('',#2609,#2603,#2020,.T.);
#3254=EDGE_CURVE('',#2610,#2609,#2021,.T.);
#3255=EDGE_CURVE('',#2604,#2610,#2022,.T.);
#3256=EDGE_CURVE('',#2611,#2605,#2023,.T.);
#3257=EDGE_CURVE('',#2611,#2612,#2024,.T.);
#3258=EDGE_CURVE('',#2606,#2612,#2025,.T.);
#3259=EDGE_CURVE('',#2612,#2609,#2026,.T.);
#3260=EDGE_CURVE('',#2613,#2602,#2027,.T.);
#3261=EDGE_CURVE('',#2614,#2613,#2028,.T.);
#3262=EDGE_CURVE('',#2607,#2614,#2029,.T.);
#3263=EDGE_CURVE('',#2588,#2593,#623,.T.);
#3264=EDGE_CURVE('',#2615,#2615,#624,.T.);
#3265=EDGE_CURVE('',#2611,#2610,#625,.T.);
#3266=EDGE_CURVE('',#2616,#2616,#626,.T.);
#3267=EDGE_CURVE('',#2580,#2585,#627,.T.);
#3268=EDGE_CURVE('',#2581,#2584,#2030,.T.);
#3269=EDGE_CURVE('',#2617,#2617,#628,.T.);
#3270=EDGE_CURVE('',#2572,#2577,#629,.T.);
#3271=EDGE_CURVE('',#2573,#2576,#2031,.T.);
#3272=EDGE_CURVE('',#2618,#2618,#630,.T.);
#3273=EDGE_CURVE('',#2601,#2619,#2032,.T.);
#3274=EDGE_CURVE('',#2619,#2595,#631,.T.);
#3275=EDGE_CURVE('',#2620,#2600,#2033,.T.);
#3276=EDGE_CURVE('',#2619,#2620,#2034,.T.);
#3277=EDGE_CURVE('',#2596,#2613,#632,.T.);
#3278=EDGE_CURVE('',#2614,#2621,#633,.T.);
#3279=EDGE_CURVE('',#2621,#2608,#2035,.T.);
#3280=EDGE_CURVE('',#2599,#2622,#2036,.T.);
#3281=EDGE_CURVE('',#2622,#2620,#634,.T.);
#3282=EDGE_CURVE('',#2622,#2621,#2037,.T.);
#3283=EDGE_CURVE('',#2623,#2623,#635,.T.);
#3284=EDGE_CURVE('',#2623,#2615,#2038,.T.);
#3285=EDGE_CURVE('',#2624,#2624,#636,.T.);
#3286=EDGE_CURVE('',#2624,#2618,#2039,.T.);
#3287=EDGE_CURVE('',#2625,#2625,#637,.T.);
#3288=EDGE_CURVE('',#2625,#2617,#2040,.T.);
#3289=EDGE_CURVE('',#2626,#2626,#638,.T.);
#3290=EDGE_CURVE('',#2626,#2616,#2041,.T.);
#3291=EDGE_CURVE('',#2627,#2627,#639,.T.);
#3292=EDGE_CURVE('',#2627,#2598,#2042,.T.);
#3293=EDGE_CURVE('',#2628,#2629,#176,.T.);
#3294=EDGE_CURVE('',#2628,#2630,#2043,.T.);
#3295=EDGE_CURVE('',#2630,#2631,#177,.T.);
#3296=EDGE_CURVE('',#2629,#2631,#2044,.T.);
#3297=EDGE_CURVE('',#2632,#2628,#178,.T.);
#3298=EDGE_CURVE('',#2632,#2633,#2045,.T.);
#3299=EDGE_CURVE('',#2633,#2630,#179,.T.);
#3300=EDGE_CURVE('',#2634,#2632,#180,.T.);
#3301=EDGE_CURVE('',#2634,#2635,#2046,.T.);
#3302=EDGE_CURVE('',#2635,#2633,#181,.T.);
#3303=EDGE_CURVE('',#2636,#2634,#2047,.T.);
#3304=EDGE_CURVE('',#2636,#2637,#2048,.T.);
#3305=EDGE_CURVE('',#2637,#2635,#2049,.T.);
#3306=EDGE_CURVE('',#2638,#2636,#182,.T.);
#3307=EDGE_CURVE('',#2638,#2639,#2050,.T.);
#3308=EDGE_CURVE('',#2639,#2637,#183,.T.);
#3309=EDGE_CURVE('',#2640,#2638,#184,.T.);
#3310=EDGE_CURVE('',#2640,#2641,#2051,.T.);
#3311=EDGE_CURVE('',#2641,#2639,#185,.T.);
#3312=EDGE_CURVE('',#2642,#2640,#186,.T.);
#3313=EDGE_CURVE('',#2642,#2643,#2052,.T.);
#3314=EDGE_CURVE('',#2643,#2641,#187,.T.);
#3315=EDGE_CURVE('',#2644,#2642,#2053,.T.);
#3316=EDGE_CURVE('',#2644,#2645,#2054,.T.);
#3317=EDGE_CURVE('',#2645,#2643,#2055,.T.);
#3318=EDGE_CURVE('',#2646,#2644,#2056,.T.);
#3319=EDGE_CURVE('',#2646,#2647,#2057,.T.);
#3320=EDGE_CURVE('',#2647,#2645,#2058,.T.);
#3321=EDGE_CURVE('',#2648,#2646,#2059,.T.);
#3322=EDGE_CURVE('',#2648,#2649,#2060,.T.);
#3323=EDGE_CURVE('',#2649,#2647,#2061,.T.);
#3324=EDGE_CURVE('',#2629,#2648,#2062,.T.);
#3325=EDGE_CURVE('',#2631,#2649,#2063,.T.);
#3326=EDGE_CURVE('',#2650,#2651,#188,.T.);
#3327=EDGE_CURVE('',#2650,#2652,#2064,.T.);
#3328=EDGE_CURVE('',#2652,#2653,#189,.T.);
#3329=EDGE_CURVE('',#2651,#2653,#2065,.T.);
#3330=EDGE_CURVE('',#2654,#2650,#190,.T.);
#3331=EDGE_CURVE('',#2654,#2655,#2066,.T.);
#3332=EDGE_CURVE('',#2655,#2652,#191,.T.);
#3333=EDGE_CURVE('',#2656,#2654,#192,.T.);
#3334=EDGE_CURVE('',#2656,#2657,#2067,.T.);
#3335=EDGE_CURVE('',#2657,#2655,#193,.T.);
#3336=EDGE_CURVE('',#2658,#2656,#194,.T.);
#3337=EDGE_CURVE('',#2658,#2659,#2068,.T.);
#3338=EDGE_CURVE('',#2659,#2657,#195,.T.);
#3339=EDGE_CURVE('',#2660,#2658,#196,.T.);
#3340=EDGE_CURVE('',#2660,#2661,#2069,.T.);
#3341=EDGE_CURVE('',#2661,#2659,#197,.T.);
#3342=EDGE_CURVE('',#2662,#2660,#198,.T.);
#3343=EDGE_CURVE('',#2662,#2663,#2070,.T.);
#3344=EDGE_CURVE('',#2663,#2661,#199,.T.);
#3345=EDGE_CURVE('',#2664,#2662,#200,.T.);
#3346=EDGE_CURVE('',#2664,#2665,#2071,.T.);
#3347=EDGE_CURVE('',#2665,#2663,#201,.T.);
#3348=EDGE_CURVE('',#2666,#2664,#202,.T.);
#3349=EDGE_CURVE('',#2666,#2667,#2072,.T.);
#3350=EDGE_CURVE('',#2667,#2665,#203,.T.);
#3351=EDGE_CURVE('',#2668,#2666,#204,.T.);
#3352=EDGE_CURVE('',#2668,#2669,#2073,.T.);
#3353=EDGE_CURVE('',#2669,#2667,#205,.T.);
#3354=EDGE_CURVE('',#2670,#2668,#2074,.T.);
#3355=EDGE_CURVE('',#2670,#2671,#2075,.T.);
#3356=EDGE_CURVE('',#2671,#2669,#2076,.T.);
#3357=EDGE_CURVE('',#2672,#2670,#206,.T.);
#3358=EDGE_CURVE('',#2672,#2673,#2077,.T.);
#3359=EDGE_CURVE('',#2673,#2671,#207,.T.);
#3360=EDGE_CURVE('',#2674,#2672,#208,.T.);
#3361=EDGE_CURVE('',#2674,#2675,#2078,.T.);
#3362=EDGE_CURVE('',#2675,#2673,#209,.T.);
#3363=EDGE_CURVE('',#2676,#2674,#210,.T.);
#3364=EDGE_CURVE('',#2676,#2677,#2079,.T.);
#3365=EDGE_CURVE('',#2677,#2675,#211,.T.);
#3366=EDGE_CURVE('',#2678,#2676,#212,.T.);
#3367=EDGE_CURVE('',#2678,#2679,#2080,.T.);
#3368=EDGE_CURVE('',#2679,#2677,#213,.T.);
#3369=EDGE_CURVE('',#2680,#2678,#214,.T.);
#3370=EDGE_CURVE('',#2680,#2681,#2081,.T.);
#3371=EDGE_CURVE('',#2681,#2679,#215,.T.);
#3372=EDGE_CURVE('',#2682,#2680,#216,.T.);
#3373=EDGE_CURVE('',#2682,#2683,#2082,.T.);
#3374=EDGE_CURVE('',#2683,#2681,#217,.T.);
#3375=EDGE_CURVE('',#2684,#2682,#218,.T.);
#3376=EDGE_CURVE('',#2684,#2685,#2083,.T.);
#3377=EDGE_CURVE('',#2685,#2683,#219,.T.);
#3378=EDGE_CURVE('',#2686,#2684,#220,.T.);
#3379=EDGE_CURVE('',#2686,#2687,#2084,.T.);
#3380=EDGE_CURVE('',#2687,#2685,#221,.T.);
#3381=EDGE_CURVE('',#2688,#2686,#222,.T.);
#3382=EDGE_CURVE('',#2688,#2689,#2085,.T.);
#3383=EDGE_CURVE('',#2689,#2687,#223,.T.);
#3384=EDGE_CURVE('',#2690,#2688,#2086,.T.);
#3385=EDGE_CURVE('',#2690,#2691,#2087,.T.);
#3386=EDGE_CURVE('',#2691,#2689,#2088,.T.);
#3387=EDGE_CURVE('',#2692,#2690,#2089,.T.);
#3388=EDGE_CURVE('',#2692,#2693,#2090,.T.);
#3389=EDGE_CURVE('',#2693,#2691,#2091,.T.);
#3390=EDGE_CURVE('',#2651,#2692,#2092,.T.);
#3391=EDGE_CURVE('',#2653,#2693,#2093,.T.);
#3392=EDGE_CURVE('',#2694,#2695,#640,.T.);
#3393=EDGE_CURVE('',#2695,#2696,#224,.T.);
#3394=EDGE_CURVE('',#2696,#2697,#641,.T.);
#3395=EDGE_CURVE('',#2694,#2697,#225,.T.);
#3396=EDGE_CURVE('',#2695,#2698,#642,.T.);
#3397=EDGE_CURVE('',#2698,#2699,#226,.T.);
#3398=EDGE_CURVE('',#2699,#2696,#643,.T.);
#3399=EDGE_CURVE('',#2698,#2700,#644,.T.);
#3400=EDGE_CURVE('',#2700,#2701,#227,.T.);
#3401=EDGE_CURVE('',#2701,#2699,#645,.T.);
#3402=EDGE_CURVE('',#2700,#2702,#646,.T.);
#3403=EDGE_CURVE('',#2702,#2703,#228,.T.);
#3404=EDGE_CURVE('',#2703,#2701,#647,.T.);
#3405=EDGE_CURVE('',#2702,#2704,#648,.T.);
#3406=EDGE_CURVE('',#2704,#2705,#229,.T.);
#3407=EDGE_CURVE('',#2705,#2703,#649,.T.);
#3408=EDGE_CURVE('',#2704,#2706,#650,.T.);
#3409=EDGE_CURVE('',#2706,#2707,#230,.T.);
#3410=EDGE_CURVE('',#2707,#2705,#651,.T.);
#3411=EDGE_CURVE('',#2706,#2708,#652,.T.);
#3412=EDGE_CURVE('',#2708,#2709,#231,.T.);
#3413=EDGE_CURVE('',#2709,#2707,#653,.T.);
#3414=EDGE_CURVE('',#2708,#2710,#654,.T.);
#3415=EDGE_CURVE('',#2710,#2711,#232,.T.);
#3416=EDGE_CURVE('',#2711,#2709,#655,.T.);
#3417=EDGE_CURVE('',#2710,#2712,#656,.T.);
#3418=EDGE_CURVE('',#2712,#2713,#233,.T.);
#3419=EDGE_CURVE('',#2713,#2711,#657,.T.);
#3420=EDGE_CURVE('',#2712,#2714,#658,.T.);
#3421=EDGE_CURVE('',#2714,#2715,#234,.T.);
#3422=EDGE_CURVE('',#2715,#2713,#659,.T.);
#3423=EDGE_CURVE('',#2714,#2716,#660,.T.);
#3424=EDGE_CURVE('',#2716,#2717,#235,.T.);
#3425=EDGE_CURVE('',#2717,#2715,#661,.T.);
#3426=EDGE_CURVE('',#2716,#2718,#662,.T.);
#3427=EDGE_CURVE('',#2718,#2719,#236,.T.);
#3428=EDGE_CURVE('',#2719,#2717,#663,.T.);
#3429=EDGE_CURVE('',#2718,#2720,#664,.T.);
#3430=EDGE_CURVE('',#2720,#2721,#237,.T.);
#3431=EDGE_CURVE('',#2721,#2719,#665,.T.);
#3432=EDGE_CURVE('',#2720,#2722,#666,.T.);
#3433=EDGE_CURVE('',#2722,#2723,#238,.T.);
#3434=EDGE_CURVE('',#2723,#2721,#667,.T.);
#3435=EDGE_CURVE('',#2722,#2724,#668,.T.);
#3436=EDGE_CURVE('',#2724,#2725,#239,.T.);
#3437=EDGE_CURVE('',#2725,#2723,#669,.T.);
#3438=EDGE_CURVE('',#2724,#2726,#670,.T.);
#3439=EDGE_CURVE('',#2726,#2727,#240,.T.);
#3440=EDGE_CURVE('',#2727,#2725,#671,.T.);
#3441=EDGE_CURVE('',#2726,#2728,#672,.T.);
#3442=EDGE_CURVE('',#2728,#2729,#241,.T.);
#3443=EDGE_CURVE('',#2729,#2727,#673,.T.);
#3444=EDGE_CURVE('',#2728,#2730,#674,.T.);
#3445=EDGE_CURVE('',#2730,#2731,#242,.T.);
#3446=EDGE_CURVE('',#2731,#2729,#675,.T.);
#3447=EDGE_CURVE('',#2730,#2732,#676,.T.);
#3448=EDGE_CURVE('',#2732,#2733,#243,.T.);
#3449=EDGE_CURVE('',#2733,#2731,#677,.T.);
#3450=EDGE_CURVE('',#2732,#2734,#678,.T.);
#3451=EDGE_CURVE('',#2734,#2735,#244,.T.);
#3452=EDGE_CURVE('',#2735,#2733,#679,.T.);
#3453=EDGE_CURVE('',#2734,#2736,#680,.T.);
#3454=EDGE_CURVE('',#2736,#2737,#245,.T.);
#3455=EDGE_CURVE('',#2737,#2735,#681,.T.);
#3456=EDGE_CURVE('',#2736,#2738,#682,.T.);
#3457=EDGE_CURVE('',#2738,#2739,#246,.T.);
#3458=EDGE_CURVE('',#2739,#2737,#683,.T.);
#3459=EDGE_CURVE('',#2738,#2740,#684,.T.);
#3460=EDGE_CURVE('',#2740,#2741,#247,.T.);
#3461=EDGE_CURVE('',#2741,#2739,#685,.T.);
#3462=EDGE_CURVE('',#2740,#2742,#686,.T.);
#3463=EDGE_CURVE('',#2742,#2743,#248,.T.);
#3464=EDGE_CURVE('',#2743,#2741,#687,.T.);
#3465=EDGE_CURVE('',#2742,#2744,#688,.T.);
#3466=EDGE_CURVE('',#2744,#2745,#249,.T.);
#3467=EDGE_CURVE('',#2745,#2743,#689,.T.);
#3468=EDGE_CURVE('',#2744,#2746,#690,.T.);
#3469=EDGE_CURVE('',#2746,#2747,#250,.T.);
#3470=EDGE_CURVE('',#2747,#2745,#691,.T.);
#3471=EDGE_CURVE('',#2746,#2748,#692,.T.);
#3472=EDGE_CURVE('',#2748,#2749,#251,.T.);
#3473=EDGE_CURVE('',#2749,#2747,#693,.T.);
#3474=EDGE_CURVE('',#2748,#2750,#694,.T.);
#3475=EDGE_CURVE('',#2750,#2751,#252,.T.);
#3476=EDGE_CURVE('',#2751,#2749,#695,.T.);
#3477=EDGE_CURVE('',#2750,#2752,#696,.T.);
#3478=EDGE_CURVE('',#2752,#2753,#253,.T.);
#3479=EDGE_CURVE('',#2753,#2751,#697,.T.);
#3480=EDGE_CURVE('',#2752,#2754,#698,.T.);
#3481=EDGE_CURVE('',#2754,#2755,#254,.T.);
#3482=EDGE_CURVE('',#2755,#2753,#699,.T.);
#3483=EDGE_CURVE('',#2754,#2756,#700,.T.);
#3484=EDGE_CURVE('',#2756,#2757,#255,.T.);
#3485=EDGE_CURVE('',#2757,#2755,#701,.T.);
#3486=EDGE_CURVE('',#2756,#2758,#702,.T.);
#3487=EDGE_CURVE('',#2758,#2759,#256,.T.);
#3488=EDGE_CURVE('',#2759,#2757,#703,.T.);
#3489=EDGE_CURVE('',#2758,#2760,#704,.T.);
#3490=EDGE_CURVE('',#2760,#2761,#257,.T.);
#3491=EDGE_CURVE('',#2761,#2759,#705,.T.);
#3492=EDGE_CURVE('',#2760,#2762,#706,.T.);
#3493=EDGE_CURVE('',#2762,#2763,#258,.T.);
#3494=EDGE_CURVE('',#2763,#2761,#707,.T.);
#3495=EDGE_CURVE('',#2762,#2764,#708,.T.);
#3496=EDGE_CURVE('',#2764,#2765,#259,.T.);
#3497=EDGE_CURVE('',#2765,#2763,#709,.T.);
#3498=EDGE_CURVE('',#2764,#2766,#710,.T.);
#3499=EDGE_CURVE('',#2766,#2767,#260,.T.);
#3500=EDGE_CURVE('',#2767,#2765,#711,.T.);
#3501=EDGE_CURVE('',#2766,#2768,#712,.T.);
#3502=EDGE_CURVE('',#2768,#2769,#261,.T.);
#3503=EDGE_CURVE('',#2769,#2767,#713,.T.);
#3504=EDGE_CURVE('',#2768,#2770,#714,.T.);
#3505=EDGE_CURVE('',#2770,#2771,#262,.T.);
#3506=EDGE_CURVE('',#2771,#2769,#715,.T.);
#3507=EDGE_CURVE('',#2770,#2772,#716,.T.);
#3508=EDGE_CURVE('',#2772,#2773,#263,.T.);
#3509=EDGE_CURVE('',#2773,#2771,#717,.T.);
#3510=EDGE_CURVE('',#2772,#2774,#718,.T.);
#3511=EDGE_CURVE('',#2774,#2775,#264,.T.);
#3512=EDGE_CURVE('',#2775,#2773,#719,.T.);
#3513=EDGE_CURVE('',#2774,#2776,#720,.T.);
#3514=EDGE_CURVE('',#2776,#2777,#265,.T.);
#3515=EDGE_CURVE('',#2777,#2775,#721,.T.);
#3516=EDGE_CURVE('',#2776,#2778,#722,.T.);
#3517=EDGE_CURVE('',#2778,#2779,#266,.T.);
#3518=EDGE_CURVE('',#2779,#2777,#723,.T.);
#3519=EDGE_CURVE('',#2778,#2780,#724,.T.);
#3520=EDGE_CURVE('',#2780,#2781,#267,.T.);
#3521=EDGE_CURVE('',#2781,#2779,#725,.T.);
#3522=EDGE_CURVE('',#2780,#2782,#726,.T.);
#3523=EDGE_CURVE('',#2782,#2783,#268,.T.);
#3524=EDGE_CURVE('',#2783,#2781,#727,.T.);
#3525=EDGE_CURVE('',#2782,#2784,#728,.T.);
#3526=EDGE_CURVE('',#2784,#2785,#269,.T.);
#3527=EDGE_CURVE('',#2785,#2783,#729,.T.);
#3528=EDGE_CURVE('',#2784,#2786,#730,.T.);
#3529=EDGE_CURVE('',#2786,#2787,#270,.T.);
#3530=EDGE_CURVE('',#2787,#2785,#731,.T.);
#3531=EDGE_CURVE('',#2786,#2788,#732,.T.);
#3532=EDGE_CURVE('',#2788,#2789,#271,.T.);
#3533=EDGE_CURVE('',#2789,#2787,#733,.T.);
#3534=EDGE_CURVE('',#2788,#2790,#734,.T.);
#3535=EDGE_CURVE('',#2790,#2791,#272,.T.);
#3536=EDGE_CURVE('',#2791,#2789,#735,.T.);
#3537=EDGE_CURVE('',#2790,#2792,#736,.T.);
#3538=EDGE_CURVE('',#2792,#2793,#273,.T.);
#3539=EDGE_CURVE('',#2793,#2791,#737,.T.);
#3540=EDGE_CURVE('',#2792,#2794,#738,.T.);
#3541=EDGE_CURVE('',#2794,#2795,#274,.T.);
#3542=EDGE_CURVE('',#2795,#2793,#739,.T.);
#3543=EDGE_CURVE('',#2794,#2796,#740,.T.);
#3544=EDGE_CURVE('',#2796,#2797,#275,.T.);
#3545=EDGE_CURVE('',#2797,#2795,#741,.T.);
#3546=EDGE_CURVE('',#2796,#2798,#742,.T.);
#3547=EDGE_CURVE('',#2798,#2799,#276,.T.);
#3548=EDGE_CURVE('',#2799,#2797,#743,.T.);
#3549=EDGE_CURVE('',#2798,#2800,#744,.T.);
#3550=EDGE_CURVE('',#2800,#2801,#277,.T.);
#3551=EDGE_CURVE('',#2801,#2799,#745,.T.);
#3552=EDGE_CURVE('',#2800,#2802,#746,.T.);
#3553=EDGE_CURVE('',#2802,#2803,#278,.T.);
#3554=EDGE_CURVE('',#2803,#2801,#747,.T.);
#3555=EDGE_CURVE('',#2802,#2804,#748,.T.);
#3556=EDGE_CURVE('',#2804,#2805,#279,.T.);
#3557=EDGE_CURVE('',#2805,#2803,#749,.T.);
#3558=EDGE_CURVE('',#2804,#2806,#750,.T.);
#3559=EDGE_CURVE('',#2806,#2807,#280,.T.);
#3560=EDGE_CURVE('',#2807,#2805,#751,.T.);
#3561=EDGE_CURVE('',#2806,#2808,#752,.T.);
#3562=EDGE_CURVE('',#2808,#2809,#281,.T.);
#3563=EDGE_CURVE('',#2809,#2807,#753,.T.);
#3564=EDGE_CURVE('',#2808,#2810,#754,.T.);
#3565=EDGE_CURVE('',#2810,#2811,#282,.T.);
#3566=EDGE_CURVE('',#2811,#2809,#755,.T.);
#3567=EDGE_CURVE('',#2810,#2812,#756,.T.);
#3568=EDGE_CURVE('',#2812,#2813,#283,.T.);
#3569=EDGE_CURVE('',#2813,#2811,#757,.T.);
#3570=EDGE_CURVE('',#2812,#2814,#758,.T.);
#3571=EDGE_CURVE('',#2814,#2815,#284,.T.);
#3572=EDGE_CURVE('',#2815,#2813,#759,.T.);
#3573=EDGE_CURVE('',#2814,#2816,#760,.T.);
#3574=EDGE_CURVE('',#2816,#2817,#285,.T.);
#3575=EDGE_CURVE('',#2817,#2815,#761,.T.);
#3576=EDGE_CURVE('',#2816,#2818,#762,.T.);
#3577=EDGE_CURVE('',#2818,#2819,#286,.T.);
#3578=EDGE_CURVE('',#2819,#2817,#763,.T.);
#3579=EDGE_CURVE('',#2818,#2820,#764,.T.);
#3580=EDGE_CURVE('',#2820,#2821,#287,.T.);
#3581=EDGE_CURVE('',#2821,#2819,#765,.T.);
#3582=EDGE_CURVE('',#2820,#2822,#766,.T.);
#3583=EDGE_CURVE('',#2822,#2823,#288,.T.);
#3584=EDGE_CURVE('',#2823,#2821,#767,.T.);
#3585=EDGE_CURVE('',#2822,#2824,#768,.T.);
#3586=EDGE_CURVE('',#2824,#2825,#289,.T.);
#3587=EDGE_CURVE('',#2825,#2823,#769,.T.);
#3588=EDGE_CURVE('',#2824,#2826,#770,.T.);
#3589=EDGE_CURVE('',#2826,#2827,#290,.T.);
#3590=EDGE_CURVE('',#2827,#2825,#771,.T.);
#3591=EDGE_CURVE('',#2826,#2828,#772,.T.);
#3592=EDGE_CURVE('',#2828,#2829,#291,.T.);
#3593=EDGE_CURVE('',#2829,#2827,#773,.T.);
#3594=EDGE_CURVE('',#2828,#2830,#774,.T.);
#3595=EDGE_CURVE('',#2830,#2831,#292,.T.);
#3596=EDGE_CURVE('',#2831,#2829,#775,.T.);
#3597=EDGE_CURVE('',#2830,#2832,#776,.T.);
#3598=EDGE_CURVE('',#2832,#2833,#293,.T.);
#3599=EDGE_CURVE('',#2833,#2831,#777,.T.);
#3600=EDGE_CURVE('',#2832,#2834,#778,.T.);
#3601=EDGE_CURVE('',#2834,#2835,#294,.T.);
#3602=EDGE_CURVE('',#2835,#2833,#779,.T.);
#3603=EDGE_CURVE('',#2834,#2836,#780,.T.);
#3604=EDGE_CURVE('',#2836,#2837,#295,.T.);
#3605=EDGE_CURVE('',#2837,#2835,#781,.T.);
#3606=EDGE_CURVE('',#2836,#2838,#782,.T.);
#3607=EDGE_CURVE('',#2838,#2839,#296,.T.);
#3608=EDGE_CURVE('',#2839,#2837,#783,.T.);
#3609=EDGE_CURVE('',#2838,#2840,#784,.T.);
#3610=EDGE_CURVE('',#2840,#2841,#297,.T.);
#3611=EDGE_CURVE('',#2841,#2839,#785,.T.);
#3612=EDGE_CURVE('',#2840,#2842,#786,.T.);
#3613=EDGE_CURVE('',#2842,#2843,#298,.T.);
#3614=EDGE_CURVE('',#2843,#2841,#787,.T.);
#3615=EDGE_CURVE('',#2842,#2844,#788,.T.);
#3616=EDGE_CURVE('',#2844,#2845,#299,.T.);
#3617=EDGE_CURVE('',#2845,#2843,#789,.T.);
#3618=EDGE_CURVE('',#2844,#2846,#790,.T.);
#3619=EDGE_CURVE('',#2846,#2847,#300,.T.);
#3620=EDGE_CURVE('',#2847,#2845,#791,.T.);
#3621=EDGE_CURVE('',#2846,#2848,#792,.T.);
#3622=EDGE_CURVE('',#2848,#2849,#301,.T.);
#3623=EDGE_CURVE('',#2849,#2847,#793,.T.);
#3624=EDGE_CURVE('',#2848,#2850,#794,.T.);
#3625=EDGE_CURVE('',#2850,#2851,#302,.T.);
#3626=EDGE_CURVE('',#2851,#2849,#795,.T.);
#3627=EDGE_CURVE('',#2850,#2852,#796,.T.);
#3628=EDGE_CURVE('',#2852,#2853,#303,.T.);
#3629=EDGE_CURVE('',#2853,#2851,#797,.T.);
#3630=EDGE_CURVE('',#2852,#2854,#798,.T.);
#3631=EDGE_CURVE('',#2854,#2855,#304,.T.);
#3632=EDGE_CURVE('',#2855,#2853,#799,.T.);
#3633=EDGE_CURVE('',#2856,#2857,#800,.T.);
#3634=EDGE_CURVE('',#2857,#2858,#305,.T.);
#3635=EDGE_CURVE('',#2858,#2859,#801,.T.);
#3636=EDGE_CURVE('',#2859,#2856,#306,.T.);
#3637=EDGE_CURVE('',#2854,#2858,#802,.T.);
#3638=EDGE_CURVE('',#2857,#2855,#803,.T.);
#3639=EDGE_CURVE('',#2860,#2856,#804,.T.);
#3640=EDGE_CURVE('',#2859,#2861,#805,.T.);
#3641=EDGE_CURVE('',#2861,#2860,#307,.T.);
#3642=EDGE_CURVE('',#2862,#2860,#806,.T.);
#3643=EDGE_CURVE('',#2861,#2863,#807,.T.);
#3644=EDGE_CURVE('',#2863,#2862,#308,.T.);
#3645=EDGE_CURVE('',#2864,#2862,#808,.T.);
#3646=EDGE_CURVE('',#2863,#2865,#809,.T.);
#3647=EDGE_CURVE('',#2865,#2864,#309,.T.);
#3648=EDGE_CURVE('',#2866,#2864,#810,.T.);
#3649=EDGE_CURVE('',#2865,#2867,#811,.T.);
#3650=EDGE_CURVE('',#2867,#2866,#310,.T.);
#3651=EDGE_CURVE('',#2868,#2866,#812,.T.);
#3652=EDGE_CURVE('',#2867,#2869,#813,.T.);
#3653=EDGE_CURVE('',#2869,#2868,#311,.T.);
#3654=EDGE_CURVE('',#2870,#2868,#814,.T.);
#3655=EDGE_CURVE('',#2869,#2871,#815,.T.);
#3656=EDGE_CURVE('',#2871,#2870,#312,.T.);
#3657=EDGE_CURVE('',#2872,#2870,#816,.T.);
#3658=EDGE_CURVE('',#2871,#2873,#817,.T.);
#3659=EDGE_CURVE('',#2873,#2872,#313,.T.);
#3660=EDGE_CURVE('',#2874,#2872,#818,.T.);
#3661=EDGE_CURVE('',#2873,#2875,#819,.T.);
#3662=EDGE_CURVE('',#2875,#2874,#314,.T.);
#3663=EDGE_CURVE('',#2876,#2874,#820,.T.);
#3664=EDGE_CURVE('',#2875,#2877,#821,.T.);
#3665=EDGE_CURVE('',#2877,#2876,#315,.T.);
#3666=EDGE_CURVE('',#2878,#2876,#822,.T.);
#3667=EDGE_CURVE('',#2877,#2879,#823,.T.);
#3668=EDGE_CURVE('',#2879,#2878,#316,.T.);
#3669=EDGE_CURVE('',#2880,#2878,#824,.T.);
#3670=EDGE_CURVE('',#2879,#2881,#825,.T.);
#3671=EDGE_CURVE('',#2881,#2880,#317,.T.);
#3672=EDGE_CURVE('',#2882,#2880,#826,.T.);
#3673=EDGE_CURVE('',#2881,#2883,#827,.T.);
#3674=EDGE_CURVE('',#2883,#2882,#318,.T.);
#3675=EDGE_CURVE('',#2884,#2882,#828,.T.);
#3676=EDGE_CURVE('',#2883,#2885,#829,.T.);
#3677=EDGE_CURVE('',#2885,#2884,#319,.T.);
#3678=EDGE_CURVE('',#2886,#2884,#830,.T.);
#3679=EDGE_CURVE('',#2885,#2887,#831,.T.);
#3680=EDGE_CURVE('',#2887,#2886,#320,.T.);
#3681=EDGE_CURVE('',#2888,#2886,#832,.T.);
#3682=EDGE_CURVE('',#2887,#2889,#833,.T.);
#3683=EDGE_CURVE('',#2889,#2888,#321,.T.);
#3684=EDGE_CURVE('',#2890,#2888,#834,.T.);
#3685=EDGE_CURVE('',#2889,#2891,#835,.T.);
#3686=EDGE_CURVE('',#2891,#2890,#322,.T.);
#3687=EDGE_CURVE('',#2892,#2890,#836,.T.);
#3688=EDGE_CURVE('',#2891,#2893,#837,.T.);
#3689=EDGE_CURVE('',#2893,#2892,#323,.T.);
#3690=EDGE_CURVE('',#2894,#2892,#838,.T.);
#3691=EDGE_CURVE('',#2893,#2895,#839,.T.);
#3692=EDGE_CURVE('',#2895,#2894,#324,.T.);
#3693=EDGE_CURVE('',#2896,#2894,#840,.T.);
#3694=EDGE_CURVE('',#2895,#2897,#841,.T.);
#3695=EDGE_CURVE('',#2897,#2896,#325,.T.);
#3696=EDGE_CURVE('',#2898,#2896,#842,.T.);
#3697=EDGE_CURVE('',#2897,#2899,#843,.T.);
#3698=EDGE_CURVE('',#2899,#2898,#326,.T.);
#3699=EDGE_CURVE('',#2900,#2898,#844,.T.);
#3700=EDGE_CURVE('',#2899,#2901,#845,.T.);
#3701=EDGE_CURVE('',#2901,#2900,#327,.T.);
#3702=EDGE_CURVE('',#2902,#2900,#846,.T.);
#3703=EDGE_CURVE('',#2901,#2903,#847,.T.);
#3704=EDGE_CURVE('',#2903,#2902,#328,.T.);
#3705=EDGE_CURVE('',#2904,#2902,#848,.T.);
#3706=EDGE_CURVE('',#2903,#2905,#849,.T.);
#3707=EDGE_CURVE('',#2905,#2904,#329,.T.);
#3708=EDGE_CURVE('',#2906,#2904,#850,.T.);
#3709=EDGE_CURVE('',#2905,#2907,#851,.T.);
#3710=EDGE_CURVE('',#2907,#2906,#330,.T.);
#3711=EDGE_CURVE('',#2908,#2906,#852,.T.);
#3712=EDGE_CURVE('',#2907,#2909,#853,.T.);
#3713=EDGE_CURVE('',#2909,#2908,#331,.T.);
#3714=EDGE_CURVE('',#2910,#2908,#854,.T.);
#3715=EDGE_CURVE('',#2909,#2911,#855,.T.);
#3716=EDGE_CURVE('',#2911,#2910,#332,.T.);
#3717=EDGE_CURVE('',#2912,#2910,#856,.T.);
#3718=EDGE_CURVE('',#2911,#2913,#857,.T.);
#3719=EDGE_CURVE('',#2913,#2912,#333,.T.);
#3720=EDGE_CURVE('',#2914,#2912,#858,.T.);
#3721=EDGE_CURVE('',#2913,#2915,#859,.T.);
#3722=EDGE_CURVE('',#2915,#2914,#334,.T.);
#3723=EDGE_CURVE('',#2916,#2914,#860,.T.);
#3724=EDGE_CURVE('',#2915,#2917,#861,.T.);
#3725=EDGE_CURVE('',#2917,#2916,#335,.T.);
#3726=EDGE_CURVE('',#2918,#2916,#862,.T.);
#3727=EDGE_CURVE('',#2917,#2919,#863,.T.);
#3728=EDGE_CURVE('',#2919,#2918,#336,.T.);
#3729=EDGE_CURVE('',#2920,#2918,#864,.T.);
#3730=EDGE_CURVE('',#2919,#2921,#865,.T.);
#3731=EDGE_CURVE('',#2921,#2920,#337,.T.);
#3732=EDGE_CURVE('',#2922,#2920,#866,.T.);
#3733=EDGE_CURVE('',#2921,#2923,#867,.T.);
#3734=EDGE_CURVE('',#2923,#2922,#338,.T.);
#3735=EDGE_CURVE('',#2924,#2922,#868,.T.);
#3736=EDGE_CURVE('',#2923,#2925,#869,.T.);
#3737=EDGE_CURVE('',#2925,#2924,#339,.T.);
#3738=EDGE_CURVE('',#2926,#2924,#870,.T.);
#3739=EDGE_CURVE('',#2925,#2927,#871,.T.);
#3740=EDGE_CURVE('',#2927,#2926,#340,.T.);
#3741=EDGE_CURVE('',#2928,#2926,#872,.T.);
#3742=EDGE_CURVE('',#2927,#2929,#873,.T.);
#3743=EDGE_CURVE('',#2929,#2928,#341,.T.);
#3744=EDGE_CURVE('',#2930,#2928,#874,.T.);
#3745=EDGE_CURVE('',#2929,#2931,#875,.T.);
#3746=EDGE_CURVE('',#2931,#2930,#342,.T.);
#3747=EDGE_CURVE('',#2932,#2930,#876,.T.);
#3748=EDGE_CURVE('',#2931,#2933,#877,.T.);
#3749=EDGE_CURVE('',#2933,#2932,#343,.T.);
#3750=EDGE_CURVE('',#2934,#2932,#878,.T.);
#3751=EDGE_CURVE('',#2933,#2935,#879,.T.);
#3752=EDGE_CURVE('',#2935,#2934,#344,.T.);
#3753=EDGE_CURVE('',#2936,#2934,#880,.T.);
#3754=EDGE_CURVE('',#2935,#2937,#881,.T.);
#3755=EDGE_CURVE('',#2937,#2936,#345,.T.);
#3756=EDGE_CURVE('',#2938,#2936,#882,.T.);
#3757=EDGE_CURVE('',#2937,#2939,#883,.T.);
#3758=EDGE_CURVE('',#2939,#2938,#346,.T.);
#3759=EDGE_CURVE('',#2940,#2938,#884,.T.);
#3760=EDGE_CURVE('',#2939,#2941,#885,.T.);
#3761=EDGE_CURVE('',#2941,#2940,#347,.T.);
#3762=EDGE_CURVE('',#2942,#2940,#886,.T.);
#3763=EDGE_CURVE('',#2941,#2943,#887,.T.);
#3764=EDGE_CURVE('',#2943,#2942,#348,.T.);
#3765=EDGE_CURVE('',#2944,#2942,#888,.T.);
#3766=EDGE_CURVE('',#2943,#2945,#889,.T.);
#3767=EDGE_CURVE('',#2945,#2944,#349,.T.);
#3768=EDGE_CURVE('',#2946,#2944,#890,.T.);
#3769=EDGE_CURVE('',#2945,#2947,#891,.T.);
#3770=EDGE_CURVE('',#2947,#2946,#350,.T.);
#3771=EDGE_CURVE('',#2948,#2946,#892,.T.);
#3772=EDGE_CURVE('',#2947,#2949,#893,.T.);
#3773=EDGE_CURVE('',#2949,#2948,#351,.T.);
#3774=EDGE_CURVE('',#2950,#2948,#894,.T.);
#3775=EDGE_CURVE('',#2949,#2951,#895,.T.);
#3776=EDGE_CURVE('',#2951,#2950,#352,.T.);
#3777=EDGE_CURVE('',#2952,#2950,#896,.T.);
#3778=EDGE_CURVE('',#2951,#2953,#897,.T.);
#3779=EDGE_CURVE('',#2953,#2952,#353,.T.);
#3780=EDGE_CURVE('',#2954,#2952,#898,.T.);
#3781=EDGE_CURVE('',#2953,#2955,#899,.T.);
#3782=EDGE_CURVE('',#2955,#2954,#354,.T.);
#3783=EDGE_CURVE('',#2956,#2954,#900,.T.);
#3784=EDGE_CURVE('',#2955,#2957,#901,.T.);
#3785=EDGE_CURVE('',#2957,#2956,#355,.T.);
#3786=EDGE_CURVE('',#2958,#2956,#902,.T.);
#3787=EDGE_CURVE('',#2957,#2959,#903,.T.);
#3788=EDGE_CURVE('',#2959,#2958,#356,.T.);
#3789=EDGE_CURVE('',#2960,#2958,#904,.T.);
#3790=EDGE_CURVE('',#2959,#2961,#905,.T.);
#3791=EDGE_CURVE('',#2961,#2960,#357,.T.);
#3792=EDGE_CURVE('',#2962,#2960,#906,.T.);
#3793=EDGE_CURVE('',#2961,#2963,#907,.T.);
#3794=EDGE_CURVE('',#2963,#2962,#358,.T.);
#3795=EDGE_CURVE('',#2964,#2962,#908,.T.);
#3796=EDGE_CURVE('',#2963,#2965,#909,.T.);
#3797=EDGE_CURVE('',#2965,#2964,#359,.T.);
#3798=EDGE_CURVE('',#2966,#2964,#910,.T.);
#3799=EDGE_CURVE('',#2965,#2967,#911,.T.);
#3800=EDGE_CURVE('',#2967,#2966,#360,.T.);
#3801=EDGE_CURVE('',#2968,#2966,#912,.T.);
#3802=EDGE_CURVE('',#2967,#2969,#913,.T.);
#3803=EDGE_CURVE('',#2969,#2968,#361,.T.);
#3804=EDGE_CURVE('',#2970,#2968,#914,.T.);
#3805=EDGE_CURVE('',#2969,#2971,#915,.T.);
#3806=EDGE_CURVE('',#2971,#2970,#362,.T.);
#3807=EDGE_CURVE('',#2972,#2970,#916,.T.);
#3808=EDGE_CURVE('',#2971,#2973,#917,.T.);
#3809=EDGE_CURVE('',#2973,#2972,#363,.T.);
#3810=EDGE_CURVE('',#2974,#2972,#918,.T.);
#3811=EDGE_CURVE('',#2973,#2975,#919,.T.);
#3812=EDGE_CURVE('',#2975,#2974,#364,.T.);
#3813=EDGE_CURVE('',#2976,#2974,#920,.T.);
#3814=EDGE_CURVE('',#2975,#2977,#921,.T.);
#3815=EDGE_CURVE('',#2977,#2976,#365,.T.);
#3816=EDGE_CURVE('',#2978,#2976,#922,.T.);
#3817=EDGE_CURVE('',#2977,#2979,#923,.T.);
#3818=EDGE_CURVE('',#2979,#2978,#366,.T.);
#3819=EDGE_CURVE('',#2980,#2978,#924,.T.);
#3820=EDGE_CURVE('',#2979,#2981,#925,.T.);
#3821=EDGE_CURVE('',#2981,#2980,#367,.T.);
#3822=EDGE_CURVE('',#2982,#2980,#926,.T.);
#3823=EDGE_CURVE('',#2981,#2983,#927,.T.);
#3824=EDGE_CURVE('',#2983,#2982,#368,.T.);
#3825=EDGE_CURVE('',#2984,#2982,#928,.T.);
#3826=EDGE_CURVE('',#2983,#2985,#929,.T.);
#3827=EDGE_CURVE('',#2985,#2984,#369,.T.);
#3828=EDGE_CURVE('',#2986,#2984,#930,.T.);
#3829=EDGE_CURVE('',#2985,#2987,#931,.T.);
#3830=EDGE_CURVE('',#2987,#2986,#370,.T.);
#3831=EDGE_CURVE('',#2988,#2986,#932,.T.);
#3832=EDGE_CURVE('',#2987,#2989,#933,.T.);
#3833=EDGE_CURVE('',#2989,#2988,#371,.T.);
#3834=EDGE_CURVE('',#2990,#2988,#934,.T.);
#3835=EDGE_CURVE('',#2989,#2991,#935,.T.);
#3836=EDGE_CURVE('',#2991,#2990,#372,.T.);
#3837=EDGE_CURVE('',#2992,#2990,#936,.T.);
#3838=EDGE_CURVE('',#2991,#2993,#937,.T.);
#3839=EDGE_CURVE('',#2993,#2992,#373,.T.);
#3840=EDGE_CURVE('',#2994,#2992,#938,.T.);
#3841=EDGE_CURVE('',#2993,#2995,#939,.T.);
#3842=EDGE_CURVE('',#2995,#2994,#374,.T.);
#3843=EDGE_CURVE('',#2996,#2994,#940,.T.);
#3844=EDGE_CURVE('',#2995,#2997,#941,.T.);
#3845=EDGE_CURVE('',#2997,#2996,#375,.T.);
#3846=EDGE_CURVE('',#2998,#2996,#942,.T.);
#3847=EDGE_CURVE('',#2997,#2999,#943,.T.);
#3848=EDGE_CURVE('',#2999,#2998,#376,.T.);
#3849=EDGE_CURVE('',#3000,#2998,#944,.T.);
#3850=EDGE_CURVE('',#2999,#3001,#945,.T.);
#3851=EDGE_CURVE('',#3001,#3000,#377,.T.);
#3852=EDGE_CURVE('',#3002,#3000,#946,.T.);
#3853=EDGE_CURVE('',#3001,#3003,#947,.T.);
#3854=EDGE_CURVE('',#3003,#3002,#378,.T.);
#3855=EDGE_CURVE('',#3004,#3002,#948,.T.);
#3856=EDGE_CURVE('',#3003,#3005,#949,.T.);
#3857=EDGE_CURVE('',#3005,#3004,#379,.T.);
#3858=EDGE_CURVE('',#3006,#3004,#950,.T.);
#3859=EDGE_CURVE('',#3005,#3007,#951,.T.);
#3860=EDGE_CURVE('',#3007,#3006,#380,.T.);
#3861=EDGE_CURVE('',#3008,#3006,#952,.T.);
#3862=EDGE_CURVE('',#3007,#3009,#953,.T.);
#3863=EDGE_CURVE('',#3009,#3008,#381,.T.);
#3864=EDGE_CURVE('',#3010,#3008,#954,.T.);
#3865=EDGE_CURVE('',#3009,#3011,#955,.T.);
#3866=EDGE_CURVE('',#3011,#3010,#382,.T.);
#3867=EDGE_CURVE('',#3012,#3010,#956,.T.);
#3868=EDGE_CURVE('',#3011,#3013,#957,.T.);
#3869=EDGE_CURVE('',#3013,#3012,#383,.T.);
#3870=EDGE_CURVE('',#3014,#3012,#958,.T.);
#3871=EDGE_CURVE('',#3013,#3015,#959,.T.);
#3872=EDGE_CURVE('',#3015,#3014,#384,.T.);
#3873=EDGE_CURVE('',#3016,#3014,#960,.T.);
#3874=EDGE_CURVE('',#3015,#3017,#961,.T.);
#3875=EDGE_CURVE('',#3017,#3016,#385,.T.);
#3876=EDGE_CURVE('',#2697,#3016,#962,.T.);
#3877=EDGE_CURVE('',#3017,#2694,#963,.T.);
#3878=EDGE_CURVE('',#2699,#3018,#2094,.T.);
#3879=EDGE_CURVE('',#3018,#3019,#964,.T.);
#3880=EDGE_CURVE('',#2696,#3019,#2095,.T.);
#3881=EDGE_CURVE('',#2701,#3020,#2096,.T.);
#3882=EDGE_CURVE('',#3020,#3018,#965,.T.);
#3883=EDGE_CURVE('',#2703,#3021,#2097,.T.);
#3884=EDGE_CURVE('',#3021,#3020,#966,.T.);
#3885=EDGE_CURVE('',#2705,#3022,#2098,.T.);
#3886=EDGE_CURVE('',#3022,#3021,#967,.T.);
#3887=EDGE_CURVE('',#2707,#3023,#2099,.T.);
#3888=EDGE_CURVE('',#3023,#3022,#968,.T.);
#3889=EDGE_CURVE('',#2709,#3024,#2100,.T.);
#3890=EDGE_CURVE('',#3024,#3023,#969,.T.);
#3891=EDGE_CURVE('',#2711,#3025,#2101,.T.);
#3892=EDGE_CURVE('',#3025,#3024,#970,.T.);
#3893=EDGE_CURVE('',#2713,#3026,#2102,.T.);
#3894=EDGE_CURVE('',#3026,#3025,#971,.T.);
#3895=EDGE_CURVE('',#2715,#3027,#2103,.T.);
#3896=EDGE_CURVE('',#3027,#3026,#972,.T.);
#3897=EDGE_CURVE('',#2717,#3028,#2104,.T.);
#3898=EDGE_CURVE('',#3028,#3027,#973,.T.);
#3899=EDGE_CURVE('',#2719,#3029,#2105,.T.);
#3900=EDGE_CURVE('',#3029,#3028,#974,.T.);
#3901=EDGE_CURVE('',#2721,#3030,#2106,.T.);
#3902=EDGE_CURVE('',#3030,#3029,#975,.T.);
#3903=EDGE_CURVE('',#2723,#3031,#2107,.T.);
#3904=EDGE_CURVE('',#3031,#3030,#976,.T.);
#3905=EDGE_CURVE('',#2725,#3032,#2108,.T.);
#3906=EDGE_CURVE('',#3032,#3031,#977,.T.);
#3907=EDGE_CURVE('',#2727,#3033,#2109,.T.);
#3908=EDGE_CURVE('',#3033,#3032,#978,.T.);
#3909=EDGE_CURVE('',#2729,#3034,#2110,.T.);
#3910=EDGE_CURVE('',#3034,#3033,#979,.T.);
#3911=EDGE_CURVE('',#2731,#3035,#2111,.T.);
#3912=EDGE_CURVE('',#3035,#3034,#980,.T.);
#3913=EDGE_CURVE('',#2733,#3036,#2112,.T.);
#3914=EDGE_CURVE('',#3036,#3035,#981,.T.);
#3915=EDGE_CURVE('',#2735,#3037,#2113,.T.);
#3916=EDGE_CURVE('',#3037,#3036,#982,.T.);
#3917=EDGE_CURVE('',#2737,#3038,#2114,.T.);
#3918=EDGE_CURVE('',#3038,#3037,#983,.T.);
#3919=EDGE_CURVE('',#2739,#3039,#2115,.T.);
#3920=EDGE_CURVE('',#3039,#3038,#984,.T.);
#3921=EDGE_CURVE('',#2741,#3040,#2116,.T.);
#3922=EDGE_CURVE('',#3040,#3039,#985,.T.);
#3923=EDGE_CURVE('',#2743,#3041,#2117,.T.);
#3924=EDGE_CURVE('',#3041,#3040,#986,.T.);
#3925=EDGE_CURVE('',#2745,#3042,#2118,.T.);
#3926=EDGE_CURVE('',#3042,#3041,#987,.T.);
#3927=EDGE_CURVE('',#2747,#3043,#2119,.T.);
#3928=EDGE_CURVE('',#3043,#3042,#988,.T.);
#3929=EDGE_CURVE('',#2749,#3044,#2120,.T.);
#3930=EDGE_CURVE('',#3044,#3043,#989,.T.);
#3931=EDGE_CURVE('',#2751,#3045,#2121,.T.);
#3932=EDGE_CURVE('',#3045,#3044,#990,.T.);
#3933=EDGE_CURVE('',#2753,#3046,#2122,.T.);
#3934=EDGE_CURVE('',#3046,#3045,#991,.T.);
#3935=EDGE_CURVE('',#2755,#3047,#2123,.T.);
#3936=EDGE_CURVE('',#3047,#3046,#992,.T.);
#3937=EDGE_CURVE('',#2757,#3048,#2124,.T.);
#3938=EDGE_CURVE('',#3048,#3047,#993,.T.);
#3939=EDGE_CURVE('',#2759,#3049,#2125,.T.);
#3940=EDGE_CURVE('',#3049,#3048,#994,.T.);
#3941=EDGE_CURVE('',#2761,#3050,#2126,.T.);
#3942=EDGE_CURVE('',#3050,#3049,#995,.T.);
#3943=EDGE_CURVE('',#2763,#3051,#2127,.T.);
#3944=EDGE_CURVE('',#3051,#3050,#996,.T.);
#3945=EDGE_CURVE('',#2765,#3052,#2128,.T.);
#3946=EDGE_CURVE('',#3052,#3051,#997,.T.);
#3947=EDGE_CURVE('',#2767,#3053,#2129,.T.);
#3948=EDGE_CURVE('',#3053,#3052,#998,.T.);
#3949=EDGE_CURVE('',#2769,#3054,#2130,.T.);
#3950=EDGE_CURVE('',#3054,#3053,#999,.T.);
#3951=EDGE_CURVE('',#2771,#3055,#2131,.T.);
#3952=EDGE_CURVE('',#3055,#3054,#1000,.T.);
#3953=EDGE_CURVE('',#2773,#3056,#2132,.T.);
#3954=EDGE_CURVE('',#3056,#3055,#1001,.T.);
#3955=EDGE_CURVE('',#2775,#3057,#2133,.T.);
#3956=EDGE_CURVE('',#3057,#3056,#1002,.T.);
#3957=EDGE_CURVE('',#2777,#3058,#2134,.T.);
#3958=EDGE_CURVE('',#3058,#3057,#1003,.T.);
#3959=EDGE_CURVE('',#2779,#3059,#2135,.T.);
#3960=EDGE_CURVE('',#3059,#3058,#1004,.T.);
#3961=EDGE_CURVE('',#2781,#3060,#2136,.T.);
#3962=EDGE_CURVE('',#3060,#3059,#1005,.T.);
#3963=EDGE_CURVE('',#2783,#3061,#2137,.T.);
#3964=EDGE_CURVE('',#3061,#3060,#1006,.T.);
#3965=EDGE_CURVE('',#2785,#3062,#2138,.T.);
#3966=EDGE_CURVE('',#3062,#3061,#1007,.T.);
#3967=EDGE_CURVE('',#2787,#3063,#2139,.T.);
#3968=EDGE_CURVE('',#3063,#3062,#1008,.T.);
#3969=EDGE_CURVE('',#2789,#3064,#2140,.T.);
#3970=EDGE_CURVE('',#3064,#3063,#1009,.T.);
#3971=EDGE_CURVE('',#2791,#3065,#2141,.T.);
#3972=EDGE_CURVE('',#3065,#3064,#1010,.T.);
#3973=EDGE_CURVE('',#2793,#3066,#2142,.T.);
#3974=EDGE_CURVE('',#3066,#3065,#1011,.T.);
#3975=EDGE_CURVE('',#2795,#3067,#2143,.T.);
#3976=EDGE_CURVE('',#3067,#3066,#1012,.T.);
#3977=EDGE_CURVE('',#2797,#3068,#2144,.T.);
#3978=EDGE_CURVE('',#3068,#3067,#1013,.T.);
#3979=EDGE_CURVE('',#2799,#3069,#2145,.T.);
#3980=EDGE_CURVE('',#3069,#3068,#1014,.T.);
#3981=EDGE_CURVE('',#2801,#3070,#2146,.T.);
#3982=EDGE_CURVE('',#3070,#3069,#1015,.T.);
#3983=EDGE_CURVE('',#2803,#3071,#2147,.T.);
#3984=EDGE_CURVE('',#3071,#3070,#1016,.T.);
#3985=EDGE_CURVE('',#2805,#3072,#2148,.T.);
#3986=EDGE_CURVE('',#3072,#3071,#1017,.T.);
#3987=EDGE_CURVE('',#2807,#3073,#2149,.T.);
#3988=EDGE_CURVE('',#3073,#3072,#1018,.T.);
#3989=EDGE_CURVE('',#2809,#3074,#2150,.T.);
#3990=EDGE_CURVE('',#3074,#3073,#1019,.T.);
#3991=EDGE_CURVE('',#2811,#3075,#2151,.T.);
#3992=EDGE_CURVE('',#3075,#3074,#1020,.T.);
#3993=EDGE_CURVE('',#2813,#3076,#2152,.T.);
#3994=EDGE_CURVE('',#3076,#3075,#1021,.T.);
#3995=EDGE_CURVE('',#2815,#3077,#2153,.T.);
#3996=EDGE_CURVE('',#3077,#3076,#1022,.T.);
#3997=EDGE_CURVE('',#2817,#3078,#2154,.T.);
#3998=EDGE_CURVE('',#3078,#3077,#1023,.T.);
#3999=EDGE_CURVE('',#2819,#3079,#2155,.T.);
#4000=EDGE_CURVE('',#3079,#3078,#1024,.T.);
#4001=EDGE_CURVE('',#2821,#3080,#2156,.T.);
#4002=EDGE_CURVE('',#3080,#3079,#1025,.T.);
#4003=EDGE_CURVE('',#2823,#3081,#2157,.T.);
#4004=EDGE_CURVE('',#3081,#3080,#1026,.T.);
#4005=EDGE_CURVE('',#2825,#3082,#2158,.T.);
#4006=EDGE_CURVE('',#3082,#3081,#1027,.T.);
#4007=EDGE_CURVE('',#2827,#3083,#2159,.T.);
#4008=EDGE_CURVE('',#3083,#3082,#1028,.T.);
#4009=EDGE_CURVE('',#2829,#3084,#2160,.T.);
#4010=EDGE_CURVE('',#3084,#3083,#1029,.T.);
#4011=EDGE_CURVE('',#2831,#3085,#2161,.T.);
#4012=EDGE_CURVE('',#3085,#3084,#1030,.T.);
#4013=EDGE_CURVE('',#2833,#3086,#2162,.T.);
#4014=EDGE_CURVE('',#3086,#3085,#1031,.T.);
#4015=EDGE_CURVE('',#2835,#3087,#2163,.T.);
#4016=EDGE_CURVE('',#3087,#3086,#1032,.T.);
#4017=EDGE_CURVE('',#2837,#3088,#2164,.T.);
#4018=EDGE_CURVE('',#3088,#3087,#1033,.T.);
#4019=EDGE_CURVE('',#2839,#3089,#2165,.T.);
#4020=EDGE_CURVE('',#3089,#3088,#1034,.T.);
#4021=EDGE_CURVE('',#2841,#3090,#2166,.T.);
#4022=EDGE_CURVE('',#3090,#3089,#1035,.T.);
#4023=EDGE_CURVE('',#2843,#3091,#2167,.T.);
#4024=EDGE_CURVE('',#3091,#3090,#1036,.T.);
#4025=EDGE_CURVE('',#2845,#3092,#2168,.T.);
#4026=EDGE_CURVE('',#3092,#3091,#1037,.T.);
#4027=EDGE_CURVE('',#2847,#3093,#2169,.T.);
#4028=EDGE_CURVE('',#3093,#3092,#1038,.T.);
#4029=EDGE_CURVE('',#2849,#3094,#2170,.T.);
#4030=EDGE_CURVE('',#3094,#3093,#1039,.T.);
#4031=EDGE_CURVE('',#2851,#3095,#2171,.T.);
#4032=EDGE_CURVE('',#3095,#3094,#1040,.T.);
#4033=EDGE_CURVE('',#2853,#3096,#2172,.T.);
#4034=EDGE_CURVE('',#3096,#3095,#1041,.T.);
#4035=EDGE_CURVE('',#2855,#3097,#2173,.T.);
#4036=EDGE_CURVE('',#3097,#3096,#1042,.T.);
#4037=EDGE_CURVE('',#2857,#3098,#2174,.T.);
#4038=EDGE_CURVE('',#3098,#3097,#1043,.T.);
#4039=EDGE_CURVE('',#2856,#3099,#2175,.T.);
#4040=EDGE_CURVE('',#3099,#3098,#1044,.T.);
#4041=EDGE_CURVE('',#3100,#3100,#1045,.T.);
#4042=EDGE_CURVE('',#3101,#3102,#1046,.T.);
#4043=EDGE_CURVE('',#3102,#3100,#1047,.T.);
#4044=EDGE_CURVE('',#3102,#3101,#1048,.T.);
#4045=EDGE_CURVE('',#3103,#3103,#1049,.T.);
#4046=EDGE_CURVE('',#3103,#3101,#2176,.T.);
#4047=EDGE_CURVE('',#3104,#3105,#1050,.T.);
#4048=EDGE_CURVE('',#3105,#3106,#2177,.T.);
#4049=EDGE_CURVE('',#3106,#3107,#1051,.F.);
#4050=EDGE_CURVE('',#3107,#3104,#2178,.T.);
#4051=EDGE_CURVE('',#3108,#3105,#2179,.T.);
#4052=EDGE_CURVE('',#3109,#3108,#2180,.T.);
#4053=EDGE_CURVE('',#3106,#3109,#2181,.T.);
#4054=EDGE_CURVE('',#3104,#3110,#2182,.T.);
#4055=EDGE_CURVE('',#3111,#3110,#1052,.T.);
#4056=EDGE_CURVE('',#3111,#3112,#2183,.T.);
#4057=EDGE_CURVE('',#3113,#3112,#1053,.T.);
#4058=EDGE_CURVE('',#3113,#3114,#2184,.T.);
#4059=EDGE_CURVE('',#3108,#3114,#1054,.T.);
#4060=EDGE_CURVE('',#3110,#3115,#2185,.T.);
#4061=EDGE_CURVE('',#3115,#3116,#1055,.F.);
#4062=EDGE_CURVE('',#3116,#3111,#2186,.T.);
#4063=EDGE_CURVE('',#3117,#3116,#2187,.T.);
#4064=EDGE_CURVE('',#3112,#3117,#2188,.T.);
#4065=EDGE_CURVE('',#3114,#3118,#2189,.T.);
#4066=EDGE_CURVE('',#3118,#3109,#1056,.F.);
#4067=EDGE_CURVE('',#3117,#3119,#1057,.F.);
#4068=EDGE_CURVE('',#3119,#3113,#2190,.T.);
#4069=EDGE_CURVE('',#3118,#3119,#2191,.T.);
#4070=EDGE_CURVE('',#3120,#3120,#1058,.T.);
#4071=EDGE_CURVE('',#3121,#3122,#1059,.T.);
#4072=EDGE_CURVE('',#3019,#3121,#1060,.T.);
#4073=EDGE_CURVE('',#3123,#3099,#1061,.T.);
#4074=EDGE_CURVE('',#3124,#3123,#1062,.T.);
#4075=EDGE_CURVE('',#3125,#3124,#1063,.T.);
#4076=EDGE_CURVE('',#3126,#3125,#1064,.T.);
#4077=EDGE_CURVE('',#3127,#3126,#1065,.T.);
#4078=EDGE_CURVE('',#3128,#3127,#1066,.T.);
#4079=EDGE_CURVE('',#3129,#3128,#1067,.T.);
#4080=EDGE_CURVE('',#3130,#3129,#1068,.T.);
#4081=EDGE_CURVE('',#3131,#3130,#1069,.T.);
#4082=EDGE_CURVE('',#3132,#3131,#1070,.T.);
#4083=EDGE_CURVE('',#3133,#3132,#1071,.T.);
#4084=EDGE_CURVE('',#3134,#3133,#1072,.T.);
#4085=EDGE_CURVE('',#3135,#3134,#1073,.T.);
#4086=EDGE_CURVE('',#3136,#3135,#1074,.T.);
#4087=EDGE_CURVE('',#3137,#3136,#1075,.T.);
#4088=EDGE_CURVE('',#3138,#3137,#1076,.T.);
#4089=EDGE_CURVE('',#3139,#3138,#1077,.T.);
#4090=EDGE_CURVE('',#3140,#3139,#1078,.T.);
#4091=EDGE_CURVE('',#3141,#3140,#1079,.T.);
#4092=EDGE_CURVE('',#3142,#3141,#1080,.T.);
#4093=EDGE_CURVE('',#3143,#3142,#1081,.T.);
#4094=EDGE_CURVE('',#3144,#3143,#1082,.T.);
#4095=EDGE_CURVE('',#3145,#3144,#1083,.T.);
#4096=EDGE_CURVE('',#3146,#3145,#1084,.T.);
#4097=EDGE_CURVE('',#3147,#3146,#1085,.T.);
#4098=EDGE_CURVE('',#3148,#3147,#1086,.T.);
#4099=EDGE_CURVE('',#3149,#3148,#1087,.T.);
#4100=EDGE_CURVE('',#3150,#3149,#1088,.T.);
#4101=EDGE_CURVE('',#3151,#3150,#1089,.T.);
#4102=EDGE_CURVE('',#3152,#3151,#1090,.T.);
#4103=EDGE_CURVE('',#3153,#3152,#1091,.T.);
#4104=EDGE_CURVE('',#3154,#3153,#1092,.T.);
#4105=EDGE_CURVE('',#3155,#3154,#1093,.T.);
#4106=EDGE_CURVE('',#3156,#3155,#1094,.T.);
#4107=EDGE_CURVE('',#3157,#3156,#1095,.T.);
#4108=EDGE_CURVE('',#3158,#3157,#1096,.T.);
#4109=EDGE_CURVE('',#3159,#3158,#1097,.T.);
#4110=EDGE_CURVE('',#3160,#3159,#1098,.T.);
#4111=EDGE_CURVE('',#3161,#3160,#1099,.T.);
#4112=EDGE_CURVE('',#3162,#3161,#1100,.T.);
#4113=EDGE_CURVE('',#3163,#3162,#1101,.T.);
#4114=EDGE_CURVE('',#3164,#3163,#1102,.T.);
#4115=EDGE_CURVE('',#3165,#3164,#1103,.T.);
#4116=EDGE_CURVE('',#3166,#3165,#1104,.T.);
#4117=EDGE_CURVE('',#3167,#3166,#1105,.T.);
#4118=EDGE_CURVE('',#3168,#3167,#1106,.T.);
#4119=EDGE_CURVE('',#3169,#3168,#1107,.T.);
#4120=EDGE_CURVE('',#3170,#3169,#1108,.T.);
#4121=EDGE_CURVE('',#3171,#3170,#1109,.T.);
#4122=EDGE_CURVE('',#3172,#3171,#1110,.T.);
#4123=EDGE_CURVE('',#3173,#3172,#1111,.T.);
#4124=EDGE_CURVE('',#3174,#3173,#1112,.T.);
#4125=EDGE_CURVE('',#3175,#3174,#1113,.T.);
#4126=EDGE_CURVE('',#3176,#3175,#1114,.T.);
#4127=EDGE_CURVE('',#3177,#3176,#1115,.T.);
#4128=EDGE_CURVE('',#3178,#3177,#1116,.T.);
#4129=EDGE_CURVE('',#3179,#3178,#1117,.T.);
#4130=EDGE_CURVE('',#3180,#3179,#1118,.T.);
#4131=EDGE_CURVE('',#3181,#3180,#1119,.T.);
#4132=EDGE_CURVE('',#3182,#3181,#1120,.T.);
#4133=EDGE_CURVE('',#3183,#3182,#1121,.T.);
#4134=EDGE_CURVE('',#3184,#3183,#1122,.T.);
#4135=EDGE_CURVE('',#3185,#3184,#1123,.T.);
#4136=EDGE_CURVE('',#3186,#3185,#1124,.T.);
#4137=EDGE_CURVE('',#3187,#3186,#1125,.T.);
#4138=EDGE_CURVE('',#3188,#3187,#1126,.T.);
#4139=EDGE_CURVE('',#3189,#3188,#1127,.T.);
#4140=EDGE_CURVE('',#3190,#3189,#1128,.T.);
#4141=EDGE_CURVE('',#3191,#3190,#1129,.T.);
#4142=EDGE_CURVE('',#3192,#3191,#1130,.T.);
#4143=EDGE_CURVE('',#3193,#3192,#1131,.T.);
#4144=EDGE_CURVE('',#3194,#3193,#1132,.T.);
#4145=EDGE_CURVE('',#3195,#3194,#1133,.T.);
#4146=EDGE_CURVE('',#3196,#3195,#1134,.T.);
#4147=EDGE_CURVE('',#3197,#3196,#1135,.T.);
#4148=EDGE_CURVE('',#3198,#3197,#1136,.T.);
#4149=EDGE_CURVE('',#3199,#3198,#1137,.T.);
#4150=EDGE_CURVE('',#3200,#3199,#1138,.T.);
#4151=EDGE_CURVE('',#3122,#3200,#1139,.T.);
#4152=EDGE_CURVE('',#3120,#3201,#2192,.T.);
#4153=EDGE_CURVE('',#3201,#3201,#1140,.T.);
#4154=EDGE_CURVE('',#2697,#3121,#2193,.T.);
#4155=EDGE_CURVE('',#3202,#3202,#1141,.T.);
#4156=EDGE_CURVE('',#3202,#3203,#2194,.T.);
#4157=EDGE_CURVE('',#3203,#3203,#1142,.T.);
#4158=EDGE_CURVE('',#3115,#3107,#2195,.T.);
#4159=EDGE_CURVE('',#3204,#3204,#1143,.T.);
#4160=EDGE_CURVE('',#3204,#3205,#2196,.T.);
#4161=EDGE_CURVE('',#3205,#3205,#1144,.T.);
#4162=EDGE_CURVE('',#3016,#3122,#2197,.T.);
#4163=EDGE_CURVE('',#3014,#3200,#2198,.T.);
#4164=EDGE_CURVE('',#3012,#3199,#2199,.T.);
#4165=EDGE_CURVE('',#3010,#3198,#2200,.T.);
#4166=EDGE_CURVE('',#3008,#3197,#2201,.T.);
#4167=EDGE_CURVE('',#3006,#3196,#2202,.T.);
#4168=EDGE_CURVE('',#3004,#3195,#2203,.T.);
#4169=EDGE_CURVE('',#3002,#3194,#2204,.T.);
#4170=EDGE_CURVE('',#3000,#3193,#2205,.T.);
#4171=EDGE_CURVE('',#2998,#3192,#2206,.T.);
#4172=EDGE_CURVE('',#2996,#3191,#2207,.T.);
#4173=EDGE_CURVE('',#2994,#3190,#2208,.T.);
#4174=EDGE_CURVE('',#2992,#3189,#2209,.T.);
#4175=EDGE_CURVE('',#2990,#3188,#2210,.T.);
#4176=EDGE_CURVE('',#2988,#3187,#2211,.T.);
#4177=EDGE_CURVE('',#2986,#3186,#2212,.T.);
#4178=EDGE_CURVE('',#2984,#3185,#2213,.T.);
#4179=EDGE_CURVE('',#2982,#3184,#2214,.T.);
#4180=EDGE_CURVE('',#2980,#3183,#2215,.T.);
#4181=EDGE_CURVE('',#2978,#3182,#2216,.T.);
#4182=EDGE_CURVE('',#2976,#3181,#2217,.T.);
#4183=EDGE_CURVE('',#2974,#3180,#2218,.T.);
#4184=EDGE_CURVE('',#2972,#3179,#2219,.T.);
#4185=EDGE_CURVE('',#2970,#3178,#2220,.T.);
#4186=EDGE_CURVE('',#2968,#3177,#2221,.T.);
#4187=EDGE_CURVE('',#2966,#3176,#2222,.T.);
#4188=EDGE_CURVE('',#2964,#3175,#2223,.T.);
#4189=EDGE_CURVE('',#2962,#3174,#2224,.T.);
#4190=EDGE_CURVE('',#2960,#3173,#2225,.T.);
#4191=EDGE_CURVE('',#2958,#3172,#2226,.T.);
#4192=EDGE_CURVE('',#2956,#3171,#2227,.T.);
#4193=EDGE_CURVE('',#2954,#3170,#2228,.T.);
#4194=EDGE_CURVE('',#2952,#3169,#2229,.T.);
#4195=EDGE_CURVE('',#2950,#3168,#2230,.T.);
#4196=EDGE_CURVE('',#2948,#3167,#2231,.T.);
#4197=EDGE_CURVE('',#2946,#3166,#2232,.T.);
#4198=EDGE_CURVE('',#2944,#3165,#2233,.T.);
#4199=EDGE_CURVE('',#2942,#3164,#2234,.T.);
#4200=EDGE_CURVE('',#2940,#3163,#2235,.T.);
#4201=EDGE_CURVE('',#2938,#3162,#2236,.T.);
#4202=EDGE_CURVE('',#2936,#3161,#2237,.T.);
#4203=EDGE_CURVE('',#2934,#3160,#2238,.T.);
#4204=EDGE_CURVE('',#2932,#3159,#2239,.T.);
#4205=EDGE_CURVE('',#2930,#3158,#2240,.T.);
#4206=EDGE_CURVE('',#2928,#3157,#2241,.T.);
#4207=EDGE_CURVE('',#2926,#3156,#2242,.T.);
#4208=EDGE_CURVE('',#2924,#3155,#2243,.T.);
#4209=EDGE_CURVE('',#2922,#3154,#2244,.T.);
#4210=EDGE_CURVE('',#2920,#3153,#2245,.T.);
#4211=EDGE_CURVE('',#2918,#3152,#2246,.T.);
#4212=EDGE_CURVE('',#2916,#3151,#2247,.T.);
#4213=EDGE_CURVE('',#2914,#3150,#2248,.T.);
#4214=EDGE_CURVE('',#2912,#3149,#2249,.T.);
#4215=EDGE_CURVE('',#2910,#3148,#2250,.T.);
#4216=EDGE_CURVE('',#2908,#3147,#2251,.T.);
#4217=EDGE_CURVE('',#2906,#3146,#2252,.T.);
#4218=EDGE_CURVE('',#2904,#3145,#2253,.T.);
#4219=EDGE_CURVE('',#2902,#3144,#2254,.T.);
#4220=EDGE_CURVE('',#2900,#3143,#2255,.T.);
#4221=EDGE_CURVE('',#2898,#3142,#2256,.T.);
#4222=EDGE_CURVE('',#2896,#3141,#2257,.T.);
#4223=EDGE_CURVE('',#2894,#3140,#2258,.T.);
#4224=EDGE_CURVE('',#2892,#3139,#2259,.T.);
#4225=EDGE_CURVE('',#2890,#3138,#2260,.T.);
#4226=EDGE_CURVE('',#2888,#3137,#2261,.T.);
#4227=EDGE_CURVE('',#2886,#3136,#2262,.T.);
#4228=EDGE_CURVE('',#2884,#3135,#2263,.T.);
#4229=EDGE_CURVE('',#2882,#3134,#2264,.T.);
#4230=EDGE_CURVE('',#2880,#3133,#2265,.T.);
#4231=EDGE_CURVE('',#2878,#3132,#2266,.T.);
#4232=EDGE_CURVE('',#2876,#3131,#2267,.T.);
#4233=EDGE_CURVE('',#2874,#3130,#2268,.T.);
#4234=EDGE_CURVE('',#2872,#3129,#2269,.T.);
#4235=EDGE_CURVE('',#2870,#3128,#2270,.T.);
#4236=EDGE_CURVE('',#2868,#3127,#2271,.T.);
#4237=EDGE_CURVE('',#2866,#3126,#2272,.T.);
#4238=EDGE_CURVE('',#2864,#3125,#2273,.T.);
#4239=EDGE_CURVE('',#2862,#3124,#2274,.T.);
#4240=EDGE_CURVE('',#2860,#3123,#2275,.T.);
#4241=ORIENTED_EDGE('',*,*,#3206,.F.);
#4242=ORIENTED_EDGE('',*,*,#3207,.F.);
#4243=ORIENTED_EDGE('',*,*,#3208,.T.);
#4244=ORIENTED_EDGE('',*,*,#3209,.F.);
#4245=ORIENTED_EDGE('',*,*,#3210,.F.);
#4246=ORIENTED_EDGE('',*,*,#3211,.F.);
#4247=ORIENTED_EDGE('',*,*,#3212,.F.);
#4248=ORIENTED_EDGE('',*,*,#3213,.F.);
#4249=ORIENTED_EDGE('',*,*,#3214,.F.);
#4250=ORIENTED_EDGE('',*,*,#3215,.F.);
#4251=ORIENTED_EDGE('',*,*,#3216,.T.);
#4252=ORIENTED_EDGE('',*,*,#3217,.F.);
#4253=ORIENTED_EDGE('',*,*,#3218,.F.);
#4254=ORIENTED_EDGE('',*,*,#3219,.F.);
#4255=ORIENTED_EDGE('',*,*,#3220,.F.);
#4256=ORIENTED_EDGE('',*,*,#3221,.F.);
#4257=ORIENTED_EDGE('',*,*,#3222,.F.);
#4258=ORIENTED_EDGE('',*,*,#3223,.F.);
#4259=ORIENTED_EDGE('',*,*,#3224,.T.);
#4260=ORIENTED_EDGE('',*,*,#3225,.F.);
#4261=ORIENTED_EDGE('',*,*,#3226,.F.);
#4262=ORIENTED_EDGE('',*,*,#3227,.F.);
#4263=ORIENTED_EDGE('',*,*,#3228,.F.);
#4264=ORIENTED_EDGE('',*,*,#3229,.F.);
#4265=ORIENTED_EDGE('',*,*,#3225,.T.);
#4266=ORIENTED_EDGE('',*,*,#3230,.T.);
#4267=ORIENTED_EDGE('',*,*,#3227,.T.);
#4268=ORIENTED_EDGE('',*,*,#3231,.F.);
#4269=ORIENTED_EDGE('',*,*,#3232,.F.);
#4270=ORIENTED_EDGE('',*,*,#3233,.F.);
#4271=ORIENTED_EDGE('',*,*,#3234,.F.);
#4272=ORIENTED_EDGE('',*,*,#3235,.F.);
#4273=ORIENTED_EDGE('',*,*,#3236,.T.);
#4274=ORIENTED_EDGE('',*,*,#3210,.T.);
#4275=ORIENTED_EDGE('',*,*,#3237,.T.);
#4276=ORIENTED_EDGE('',*,*,#3206,.T.);
#4277=ORIENTED_EDGE('',*,*,#3238,.T.);
#4278=ORIENTED_EDGE('',*,*,#3239,.T.);
#4279=ORIENTED_EDGE('',*,*,#3240,.T.);
#4280=ORIENTED_EDGE('',*,*,#3218,.T.);
#4281=ORIENTED_EDGE('',*,*,#3241,.T.);
#4282=ORIENTED_EDGE('',*,*,#3214,.T.);
#4283=ORIENTED_EDGE('',*,*,#3242,.T.);
#4284=ORIENTED_EDGE('',*,*,#3243,.T.);
#4285=ORIENTED_EDGE('',*,*,#3231,.T.);
#4286=ORIENTED_EDGE('',*,*,#3226,.T.);
#4287=ORIENTED_EDGE('',*,*,#3244,.T.);
#4288=ORIENTED_EDGE('',*,*,#3222,.T.);
#4289=ORIENTED_EDGE('',*,*,#3235,.T.);
#4290=ORIENTED_EDGE('',*,*,#3245,.T.);
#4291=ORIENTED_EDGE('',*,*,#3246,.T.);
#4292=ORIENTED_EDGE('',*,*,#3247,.T.);
#4293=ORIENTED_EDGE('',*,*,#3248,.T.);
#4294=ORIENTED_EDGE('',*,*,#3249,.T.);
#4295=ORIENTED_EDGE('',*,*,#3250,.T.);
#4296=ORIENTED_EDGE('',*,*,#3251,.T.);
#4297=ORIENTED_EDGE('',*,*,#3252,.T.);
#4298=ORIENTED_EDGE('',*,*,#3247,.F.);
#4299=ORIENTED_EDGE('',*,*,#3253,.F.);
#4300=ORIENTED_EDGE('',*,*,#3254,.F.);
#4301=ORIENTED_EDGE('',*,*,#3255,.F.);
#4302=ORIENTED_EDGE('',*,*,#3249,.F.);
#4303=ORIENTED_EDGE('',*,*,#3256,.F.);
#4304=ORIENTED_EDGE('',*,*,#3257,.T.);
#4305=ORIENTED_EDGE('',*,*,#3258,.F.);
#4306=ORIENTED_EDGE('',*,*,#3258,.T.);
#4307=ORIENTED_EDGE('',*,*,#3259,.T.);
#4308=ORIENTED_EDGE('',*,*,#3253,.T.);
#4309=ORIENTED_EDGE('',*,*,#3246,.F.);
#4310=ORIENTED_EDGE('',*,*,#3260,.F.);
#4311=ORIENTED_EDGE('',*,*,#3261,.F.);
#4312=ORIENTED_EDGE('',*,*,#3262,.F.);
#4313=ORIENTED_EDGE('',*,*,#3250,.F.);
#4314=ORIENTED_EDGE('',*,*,#3223,.T.);
#4315=ORIENTED_EDGE('',*,*,#3244,.F.);
#4316=ORIENTED_EDGE('',*,*,#3229,.T.);
#4317=ORIENTED_EDGE('',*,*,#3263,.F.);
#4318=ORIENTED_EDGE('',*,*,#3263,.T.);
#4319=ORIENTED_EDGE('',*,*,#3228,.T.);
#4320=ORIENTED_EDGE('',*,*,#3230,.F.);
#4321=ORIENTED_EDGE('',*,*,#3224,.F.);
#4322=ORIENTED_EDGE('',*,*,#3264,.F.);
#4323=ORIENTED_EDGE('',*,*,#3256,.T.);
#4324=ORIENTED_EDGE('',*,*,#3248,.F.);
#4325=ORIENTED_EDGE('',*,*,#3255,.T.);
#4326=ORIENTED_EDGE('',*,*,#3265,.F.);
#4327=ORIENTED_EDGE('',*,*,#3265,.T.);
#4328=ORIENTED_EDGE('',*,*,#3254,.T.);
#4329=ORIENTED_EDGE('',*,*,#3259,.F.);
#4330=ORIENTED_EDGE('',*,*,#3257,.F.);
#4331=ORIENTED_EDGE('',*,*,#3266,.F.);
#4332=ORIENTED_EDGE('',*,*,#3221,.T.);
#4333=ORIENTED_EDGE('',*,*,#3267,.F.);
#4334=ORIENTED_EDGE('',*,*,#3215,.T.);
#4335=ORIENTED_EDGE('',*,*,#3241,.F.);
#4336=ORIENTED_EDGE('',*,*,#3267,.T.);
#4337=ORIENTED_EDGE('',*,*,#3220,.T.);
#4338=ORIENTED_EDGE('',*,*,#3268,.F.);
#4339=ORIENTED_EDGE('',*,*,#3216,.F.);
#4340=ORIENTED_EDGE('',*,*,#3269,.F.);
#4341=ORIENTED_EDGE('',*,*,#3213,.T.);
#4342=ORIENTED_EDGE('',*,*,#3270,.F.);
#4343=ORIENTED_EDGE('',*,*,#3207,.T.);
#4344=ORIENTED_EDGE('',*,*,#3237,.F.);
#4345=ORIENTED_EDGE('',*,*,#3270,.T.);
#4346=ORIENTED_EDGE('',*,*,#3212,.T.);
#4347=ORIENTED_EDGE('',*,*,#3271,.F.);
#4348=ORIENTED_EDGE('',*,*,#3208,.F.);
#4349=ORIENTED_EDGE('',*,*,#3272,.F.);
#4350=ORIENTED_EDGE('',*,*,#3273,.T.);
#4351=ORIENTED_EDGE('',*,*,#3274,.T.);
#4352=ORIENTED_EDGE('',*,*,#3232,.T.);
#4353=ORIENTED_EDGE('',*,*,#3243,.F.);
#4354=ORIENTED_EDGE('',*,*,#3219,.T.);
#4355=ORIENTED_EDGE('',*,*,#3240,.F.);
#4356=ORIENTED_EDGE('',*,*,#3275,.F.);
#4357=ORIENTED_EDGE('',*,*,#3276,.F.);
#4358=ORIENTED_EDGE('',*,*,#3273,.F.);
#4359=ORIENTED_EDGE('',*,*,#3242,.F.);
#4360=ORIENTED_EDGE('',*,*,#3217,.T.);
#4361=ORIENTED_EDGE('',*,*,#3268,.T.);
#4362=ORIENTED_EDGE('',*,*,#3234,.T.);
#4363=ORIENTED_EDGE('',*,*,#3277,.T.);
#4364=ORIENTED_EDGE('',*,*,#3260,.T.);
#4365=ORIENTED_EDGE('',*,*,#3245,.F.);
#4366=ORIENTED_EDGE('',*,*,#3262,.T.);
#4367=ORIENTED_EDGE('',*,*,#3278,.T.);
#4368=ORIENTED_EDGE('',*,*,#3279,.T.);
#4369=ORIENTED_EDGE('',*,*,#3251,.F.);
#4370=ORIENTED_EDGE('',*,*,#3280,.T.);
#4371=ORIENTED_EDGE('',*,*,#3281,.T.);
#4372=ORIENTED_EDGE('',*,*,#3275,.T.);
#4373=ORIENTED_EDGE('',*,*,#3239,.F.);
#4374=ORIENTED_EDGE('',*,*,#3211,.T.);
#4375=ORIENTED_EDGE('',*,*,#3252,.F.);
#4376=ORIENTED_EDGE('',*,*,#3279,.F.);
#4377=ORIENTED_EDGE('',*,*,#3282,.F.);
#4378=ORIENTED_EDGE('',*,*,#3280,.F.);
#4379=ORIENTED_EDGE('',*,*,#3238,.F.);
#4380=ORIENTED_EDGE('',*,*,#3209,.T.);
#4381=ORIENTED_EDGE('',*,*,#3271,.T.);
#4382=ORIENTED_EDGE('',*,*,#3283,.F.);
#4383=ORIENTED_EDGE('',*,*,#3284,.T.);
#4384=ORIENTED_EDGE('',*,*,#3264,.T.);
#4385=ORIENTED_EDGE('',*,*,#3284,.F.);
#4386=ORIENTED_EDGE('',*,*,#3285,.F.);
#4387=ORIENTED_EDGE('',*,*,#3286,.T.);
#4388=ORIENTED_EDGE('',*,*,#3272,.T.);
#4389=ORIENTED_EDGE('',*,*,#3286,.F.);
#4390=ORIENTED_EDGE('',*,*,#3287,.F.);
#4391=ORIENTED_EDGE('',*,*,#3288,.T.);
#4392=ORIENTED_EDGE('',*,*,#3269,.T.);
#4393=ORIENTED_EDGE('',*,*,#3288,.F.);
#4394=ORIENTED_EDGE('',*,*,#3289,.F.);
#4395=ORIENTED_EDGE('',*,*,#3290,.T.);
#4396=ORIENTED_EDGE('',*,*,#3266,.T.);
#4397=ORIENTED_EDGE('',*,*,#3290,.F.);
#4398=ORIENTED_EDGE('',*,*,#3291,.F.);
#4399=ORIENTED_EDGE('',*,*,#3292,.T.);
#4400=ORIENTED_EDGE('',*,*,#3236,.F.);
#4401=ORIENTED_EDGE('',*,*,#3292,.F.);
#4402=ORIENTED_EDGE('',*,*,#3291,.T.);
#4403=ORIENTED_EDGE('',*,*,#3282,.T.);
#4404=ORIENTED_EDGE('',*,*,#3278,.F.);
#4405=ORIENTED_EDGE('',*,*,#3261,.T.);
#4406=ORIENTED_EDGE('',*,*,#3277,.F.);
#4407=ORIENTED_EDGE('',*,*,#3233,.T.);
#4408=ORIENTED_EDGE('',*,*,#3274,.F.);
#4409=ORIENTED_EDGE('',*,*,#3276,.T.);
#4410=ORIENTED_EDGE('',*,*,#3281,.F.);
#4411=ORIENTED_EDGE('',*,*,#3289,.T.);
#4412=ORIENTED_EDGE('',*,*,#3287,.T.);
#4413=ORIENTED_EDGE('',*,*,#3285,.T.);
#4414=ORIENTED_EDGE('',*,*,#3283,.T.);
#4415=ORIENTED_EDGE('',*,*,#3293,.F.);
#4416=ORIENTED_EDGE('',*,*,#3294,.T.);
#4417=ORIENTED_EDGE('',*,*,#3295,.T.);
#4418=ORIENTED_EDGE('',*,*,#3296,.F.);
#4419=ORIENTED_EDGE('',*,*,#3297,.F.);
#4420=ORIENTED_EDGE('',*,*,#3298,.T.);
#4421=ORIENTED_EDGE('',*,*,#3299,.T.);
#4422=ORIENTED_EDGE('',*,*,#3294,.F.);
#4423=ORIENTED_EDGE('',*,*,#3300,.F.);
#4424=ORIENTED_EDGE('',*,*,#3301,.T.);
#4425=ORIENTED_EDGE('',*,*,#3302,.T.);
#4426=ORIENTED_EDGE('',*,*,#3298,.F.);
#4427=ORIENTED_EDGE('',*,*,#3303,.F.);
#4428=ORIENTED_EDGE('',*,*,#3304,.T.);
#4429=ORIENTED_EDGE('',*,*,#3305,.T.);
#4430=ORIENTED_EDGE('',*,*,#3301,.F.);
#4431=ORIENTED_EDGE('',*,*,#3306,.F.);
#4432=ORIENTED_EDGE('',*,*,#3307,.T.);
#4433=ORIENTED_EDGE('',*,*,#3308,.T.);
#4434=ORIENTED_EDGE('',*,*,#3304,.F.);
#4435=ORIENTED_EDGE('',*,*,#3309,.F.);
#4436=ORIENTED_EDGE('',*,*,#3310,.T.);
#4437=ORIENTED_EDGE('',*,*,#3311,.T.);
#4438=ORIENTED_EDGE('',*,*,#3307,.F.);
#4439=ORIENTED_EDGE('',*,*,#3312,.F.);
#4440=ORIENTED_EDGE('',*,*,#3313,.T.);
#4441=ORIENTED_EDGE('',*,*,#3314,.T.);
#4442=ORIENTED_EDGE('',*,*,#3310,.F.);
#4443=ORIENTED_EDGE('',*,*,#3315,.F.);
#4444=ORIENTED_EDGE('',*,*,#3316,.T.);
#4445=ORIENTED_EDGE('',*,*,#3317,.T.);
#4446=ORIENTED_EDGE('',*,*,#3313,.F.);
#4447=ORIENTED_EDGE('',*,*,#3318,.F.);
#4448=ORIENTED_EDGE('',*,*,#3319,.T.);
#4449=ORIENTED_EDGE('',*,*,#3320,.T.);
#4450=ORIENTED_EDGE('',*,*,#3316,.F.);
#4451=ORIENTED_EDGE('',*,*,#3321,.F.);
#4452=ORIENTED_EDGE('',*,*,#3322,.T.);
#4453=ORIENTED_EDGE('',*,*,#3323,.T.);
#4454=ORIENTED_EDGE('',*,*,#3319,.F.);
#4455=ORIENTED_EDGE('',*,*,#3324,.F.);
#4456=ORIENTED_EDGE('',*,*,#3296,.T.);
#4457=ORIENTED_EDGE('',*,*,#3325,.T.);
#4458=ORIENTED_EDGE('',*,*,#3322,.F.);
#4459=ORIENTED_EDGE('',*,*,#3325,.F.);
#4460=ORIENTED_EDGE('',*,*,#3295,.F.);
#4461=ORIENTED_EDGE('',*,*,#3299,.F.);
#4462=ORIENTED_EDGE('',*,*,#3302,.F.);
#4463=ORIENTED_EDGE('',*,*,#3305,.F.);
#4464=ORIENTED_EDGE('',*,*,#3308,.F.);
#4465=ORIENTED_EDGE('',*,*,#3311,.F.);
#4466=ORIENTED_EDGE('',*,*,#3314,.F.);
#4467=ORIENTED_EDGE('',*,*,#3317,.F.);
#4468=ORIENTED_EDGE('',*,*,#3320,.F.);
#4469=ORIENTED_EDGE('',*,*,#3323,.F.);
#4470=ORIENTED_EDGE('',*,*,#3326,.F.);
#4471=ORIENTED_EDGE('',*,*,#3327,.T.);
#4472=ORIENTED_EDGE('',*,*,#3328,.T.);
#4473=ORIENTED_EDGE('',*,*,#3329,.F.);
#4474=ORIENTED_EDGE('',*,*,#3330,.F.);
#4475=ORIENTED_EDGE('',*,*,#3331,.T.);
#4476=ORIENTED_EDGE('',*,*,#3332,.T.);
#4477=ORIENTED_EDGE('',*,*,#3327,.F.);
#4478=ORIENTED_EDGE('',*,*,#3333,.F.);
#4479=ORIENTED_EDGE('',*,*,#3334,.T.);
#4480=ORIENTED_EDGE('',*,*,#3335,.T.);
#4481=ORIENTED_EDGE('',*,*,#3331,.F.);
#4482=ORIENTED_EDGE('',*,*,#3336,.F.);
#4483=ORIENTED_EDGE('',*,*,#3337,.T.);
#4484=ORIENTED_EDGE('',*,*,#3338,.T.);
#4485=ORIENTED_EDGE('',*,*,#3334,.F.);
#4486=ORIENTED_EDGE('',*,*,#3339,.F.);
#4487=ORIENTED_EDGE('',*,*,#3340,.T.);
#4488=ORIENTED_EDGE('',*,*,#3341,.T.);
#4489=ORIENTED_EDGE('',*,*,#3337,.F.);
#4490=ORIENTED_EDGE('',*,*,#3342,.F.);
#4491=ORIENTED_EDGE('',*,*,#3343,.T.);
#4492=ORIENTED_EDGE('',*,*,#3344,.T.);
#4493=ORIENTED_EDGE('',*,*,#3340,.F.);
#4494=ORIENTED_EDGE('',*,*,#3345,.F.);
#4495=ORIENTED_EDGE('',*,*,#3346,.T.);
#4496=ORIENTED_EDGE('',*,*,#3347,.T.);
#4497=ORIENTED_EDGE('',*,*,#3343,.F.);
#4498=ORIENTED_EDGE('',*,*,#3348,.F.);
#4499=ORIENTED_EDGE('',*,*,#3349,.T.);
#4500=ORIENTED_EDGE('',*,*,#3350,.T.);
#4501=ORIENTED_EDGE('',*,*,#3346,.F.);
#4502=ORIENTED_EDGE('',*,*,#3351,.F.);
#4503=ORIENTED_EDGE('',*,*,#3352,.T.);
#4504=ORIENTED_EDGE('',*,*,#3353,.T.);
#4505=ORIENTED_EDGE('',*,*,#3349,.F.);
#4506=ORIENTED_EDGE('',*,*,#3354,.F.);
#4507=ORIENTED_EDGE('',*,*,#3355,.T.);
#4508=ORIENTED_EDGE('',*,*,#3356,.T.);
#4509=ORIENTED_EDGE('',*,*,#3352,.F.);
#4510=ORIENTED_EDGE('',*,*,#3357,.F.);
#4511=ORIENTED_EDGE('',*,*,#3358,.T.);
#4512=ORIENTED_EDGE('',*,*,#3359,.T.);
#4513=ORIENTED_EDGE('',*,*,#3355,.F.);
#4514=ORIENTED_EDGE('',*,*,#3360,.F.);
#4515=ORIENTED_EDGE('',*,*,#3361,.T.);
#4516=ORIENTED_EDGE('',*,*,#3362,.T.);
#4517=ORIENTED_EDGE('',*,*,#3358,.F.);
#4518=ORIENTED_EDGE('',*,*,#3363,.F.);
#4519=ORIENTED_EDGE('',*,*,#3364,.T.);
#4520=ORIENTED_EDGE('',*,*,#3365,.T.);
#4521=ORIENTED_EDGE('',*,*,#3361,.F.);
#4522=ORIENTED_EDGE('',*,*,#3366,.F.);
#4523=ORIENTED_EDGE('',*,*,#3367,.T.);
#4524=ORIENTED_EDGE('',*,*,#3368,.T.);
#4525=ORIENTED_EDGE('',*,*,#3364,.F.);
#4526=ORIENTED_EDGE('',*,*,#3369,.F.);
#4527=ORIENTED_EDGE('',*,*,#3370,.T.);
#4528=ORIENTED_EDGE('',*,*,#3371,.T.);
#4529=ORIENTED_EDGE('',*,*,#3367,.F.);
#4530=ORIENTED_EDGE('',*,*,#3372,.F.);
#4531=ORIENTED_EDGE('',*,*,#3373,.T.);
#4532=ORIENTED_EDGE('',*,*,#3374,.T.);
#4533=ORIENTED_EDGE('',*,*,#3370,.F.);
#4534=ORIENTED_EDGE('',*,*,#3375,.F.);
#4535=ORIENTED_EDGE('',*,*,#3376,.T.);
#4536=ORIENTED_EDGE('',*,*,#3377,.T.);
#4537=ORIENTED_EDGE('',*,*,#3373,.F.);
#4538=ORIENTED_EDGE('',*,*,#3378,.F.);
#4539=ORIENTED_EDGE('',*,*,#3379,.T.);
#4540=ORIENTED_EDGE('',*,*,#3380,.T.);
#4541=ORIENTED_EDGE('',*,*,#3376,.F.);
#4542=ORIENTED_EDGE('',*,*,#3381,.F.);
#4543=ORIENTED_EDGE('',*,*,#3382,.T.);
#4544=ORIENTED_EDGE('',*,*,#3383,.T.);
#4545=ORIENTED_EDGE('',*,*,#3379,.F.);
#4546=ORIENTED_EDGE('',*,*,#3384,.F.);
#4547=ORIENTED_EDGE('',*,*,#3385,.T.);
#4548=ORIENTED_EDGE('',*,*,#3386,.T.);
#4549=ORIENTED_EDGE('',*,*,#3382,.F.);
#4550=ORIENTED_EDGE('',*,*,#3387,.F.);
#4551=ORIENTED_EDGE('',*,*,#3388,.T.);
#4552=ORIENTED_EDGE('',*,*,#3389,.T.);
#4553=ORIENTED_EDGE('',*,*,#3385,.F.);
#4554=ORIENTED_EDGE('',*,*,#3390,.F.);
#4555=ORIENTED_EDGE('',*,*,#3329,.T.);
#4556=ORIENTED_EDGE('',*,*,#3391,.T.);
#4557=ORIENTED_EDGE('',*,*,#3388,.F.);
#4558=ORIENTED_EDGE('',*,*,#3391,.F.);
#4559=ORIENTED_EDGE('',*,*,#3328,.F.);
#4560=ORIENTED_EDGE('',*,*,#3332,.F.);
#4561=ORIENTED_EDGE('',*,*,#3335,.F.);
#4562=ORIENTED_EDGE('',*,*,#3338,.F.);
#4563=ORIENTED_EDGE('',*,*,#3341,.F.);
#4564=ORIENTED_EDGE('',*,*,#3344,.F.);
#4565=ORIENTED_EDGE('',*,*,#3347,.F.);
#4566=ORIENTED_EDGE('',*,*,#3350,.F.);
#4567=ORIENTED_EDGE('',*,*,#3353,.F.);
#4568=ORIENTED_EDGE('',*,*,#3356,.F.);
#4569=ORIENTED_EDGE('',*,*,#3359,.F.);
#4570=ORIENTED_EDGE('',*,*,#3362,.F.);
#4571=ORIENTED_EDGE('',*,*,#3365,.F.);
#4572=ORIENTED_EDGE('',*,*,#3368,.F.);
#4573=ORIENTED_EDGE('',*,*,#3371,.F.);
#4574=ORIENTED_EDGE('',*,*,#3374,.F.);
#4575=ORIENTED_EDGE('',*,*,#3377,.F.);
#4576=ORIENTED_EDGE('',*,*,#3380,.F.);
#4577=ORIENTED_EDGE('',*,*,#3383,.F.);
#4578=ORIENTED_EDGE('',*,*,#3386,.F.);
#4579=ORIENTED_EDGE('',*,*,#3389,.F.);
#4580=ORIENTED_EDGE('',*,*,#3392,.T.);
#4581=ORIENTED_EDGE('',*,*,#3393,.T.);
#4582=ORIENTED_EDGE('',*,*,#3394,.T.);
#4583=ORIENTED_EDGE('',*,*,#3395,.F.);
#4584=ORIENTED_EDGE('',*,*,#3396,.T.);
#4585=ORIENTED_EDGE('',*,*,#3397,.T.);
#4586=ORIENTED_EDGE('',*,*,#3398,.T.);
#4587=ORIENTED_EDGE('',*,*,#3393,.F.);
#4588=ORIENTED_EDGE('',*,*,#3399,.T.);
#4589=ORIENTED_EDGE('',*,*,#3400,.T.);
#4590=ORIENTED_EDGE('',*,*,#3401,.T.);
#4591=ORIENTED_EDGE('',*,*,#3397,.F.);
#4592=ORIENTED_EDGE('',*,*,#3402,.T.);
#4593=ORIENTED_EDGE('',*,*,#3403,.T.);
#4594=ORIENTED_EDGE('',*,*,#3404,.T.);
#4595=ORIENTED_EDGE('',*,*,#3400,.F.);
#4596=ORIENTED_EDGE('',*,*,#3405,.T.);
#4597=ORIENTED_EDGE('',*,*,#3406,.T.);
#4598=ORIENTED_EDGE('',*,*,#3407,.T.);
#4599=ORIENTED_EDGE('',*,*,#3403,.F.);
#4600=ORIENTED_EDGE('',*,*,#3408,.T.);
#4601=ORIENTED_EDGE('',*,*,#3409,.T.);
#4602=ORIENTED_EDGE('',*,*,#3410,.T.);
#4603=ORIENTED_EDGE('',*,*,#3406,.F.);
#4604=ORIENTED_EDGE('',*,*,#3411,.T.);
#4605=ORIENTED_EDGE('',*,*,#3412,.T.);
#4606=ORIENTED_EDGE('',*,*,#3413,.T.);
#4607=ORIENTED_EDGE('',*,*,#3409,.F.);
#4608=ORIENTED_EDGE('',*,*,#3414,.T.);
#4609=ORIENTED_EDGE('',*,*,#3415,.T.);
#4610=ORIENTED_EDGE('',*,*,#3416,.T.);
#4611=ORIENTED_EDGE('',*,*,#3412,.F.);
#4612=ORIENTED_EDGE('',*,*,#3417,.T.);
#4613=ORIENTED_EDGE('',*,*,#3418,.T.);
#4614=ORIENTED_EDGE('',*,*,#3419,.T.);
#4615=ORIENTED_EDGE('',*,*,#3415,.F.);
#4616=ORIENTED_EDGE('',*,*,#3420,.T.);
#4617=ORIENTED_EDGE('',*,*,#3421,.T.);
#4618=ORIENTED_EDGE('',*,*,#3422,.T.);
#4619=ORIENTED_EDGE('',*,*,#3418,.F.);
#4620=ORIENTED_EDGE('',*,*,#3423,.T.);
#4621=ORIENTED_EDGE('',*,*,#3424,.T.);
#4622=ORIENTED_EDGE('',*,*,#3425,.T.);
#4623=ORIENTED_EDGE('',*,*,#3421,.F.);
#4624=ORIENTED_EDGE('',*,*,#3426,.T.);
#4625=ORIENTED_EDGE('',*,*,#3427,.T.);
#4626=ORIENTED_EDGE('',*,*,#3428,.T.);
#4627=ORIENTED_EDGE('',*,*,#3424,.F.);
#4628=ORIENTED_EDGE('',*,*,#3429,.T.);
#4629=ORIENTED_EDGE('',*,*,#3430,.T.);
#4630=ORIENTED_EDGE('',*,*,#3431,.T.);
#4631=ORIENTED_EDGE('',*,*,#3427,.F.);
#4632=ORIENTED_EDGE('',*,*,#3432,.T.);
#4633=ORIENTED_EDGE('',*,*,#3433,.T.);
#4634=ORIENTED_EDGE('',*,*,#3434,.T.);
#4635=ORIENTED_EDGE('',*,*,#3430,.F.);
#4636=ORIENTED_EDGE('',*,*,#3435,.T.);
#4637=ORIENTED_EDGE('',*,*,#3436,.T.);
#4638=ORIENTED_EDGE('',*,*,#3437,.T.);
#4639=ORIENTED_EDGE('',*,*,#3433,.F.);
#4640=ORIENTED_EDGE('',*,*,#3438,.T.);
#4641=ORIENTED_EDGE('',*,*,#3439,.T.);
#4642=ORIENTED_EDGE('',*,*,#3440,.T.);
#4643=ORIENTED_EDGE('',*,*,#3436,.F.);
#4644=ORIENTED_EDGE('',*,*,#3441,.T.);
#4645=ORIENTED_EDGE('',*,*,#3442,.T.);
#4646=ORIENTED_EDGE('',*,*,#3443,.T.);
#4647=ORIENTED_EDGE('',*,*,#3439,.F.);
#4648=ORIENTED_EDGE('',*,*,#3444,.T.);
#4649=ORIENTED_EDGE('',*,*,#3445,.T.);
#4650=ORIENTED_EDGE('',*,*,#3446,.T.);
#4651=ORIENTED_EDGE('',*,*,#3442,.F.);
#4652=ORIENTED_EDGE('',*,*,#3447,.T.);
#4653=ORIENTED_EDGE('',*,*,#3448,.T.);
#4654=ORIENTED_EDGE('',*,*,#3449,.T.);
#4655=ORIENTED_EDGE('',*,*,#3445,.F.);
#4656=ORIENTED_EDGE('',*,*,#3450,.T.);
#4657=ORIENTED_EDGE('',*,*,#3451,.T.);
#4658=ORIENTED_EDGE('',*,*,#3452,.T.);
#4659=ORIENTED_EDGE('',*,*,#3448,.F.);
#4660=ORIENTED_EDGE('',*,*,#3453,.T.);
#4661=ORIENTED_EDGE('',*,*,#3454,.T.);
#4662=ORIENTED_EDGE('',*,*,#3455,.T.);
#4663=ORIENTED_EDGE('',*,*,#3451,.F.);
#4664=ORIENTED_EDGE('',*,*,#3456,.T.);
#4665=ORIENTED_EDGE('',*,*,#3457,.T.);
#4666=ORIENTED_EDGE('',*,*,#3458,.T.);
#4667=ORIENTED_EDGE('',*,*,#3454,.F.);
#4668=ORIENTED_EDGE('',*,*,#3459,.T.);
#4669=ORIENTED_EDGE('',*,*,#3460,.T.);
#4670=ORIENTED_EDGE('',*,*,#3461,.T.);
#4671=ORIENTED_EDGE('',*,*,#3457,.F.);
#4672=ORIENTED_EDGE('',*,*,#3462,.T.);
#4673=ORIENTED_EDGE('',*,*,#3463,.T.);
#4674=ORIENTED_EDGE('',*,*,#3464,.T.);
#4675=ORIENTED_EDGE('',*,*,#3460,.F.);
#4676=ORIENTED_EDGE('',*,*,#3465,.T.);
#4677=ORIENTED_EDGE('',*,*,#3466,.T.);
#4678=ORIENTED_EDGE('',*,*,#3467,.T.);
#4679=ORIENTED_EDGE('',*,*,#3463,.F.);
#4680=ORIENTED_EDGE('',*,*,#3468,.T.);
#4681=ORIENTED_EDGE('',*,*,#3469,.T.);
#4682=ORIENTED_EDGE('',*,*,#3470,.T.);
#4683=ORIENTED_EDGE('',*,*,#3466,.F.);
#4684=ORIENTED_EDGE('',*,*,#3471,.T.);
#4685=ORIENTED_EDGE('',*,*,#3472,.T.);
#4686=ORIENTED_EDGE('',*,*,#3473,.T.);
#4687=ORIENTED_EDGE('',*,*,#3469,.F.);
#4688=ORIENTED_EDGE('',*,*,#3474,.T.);
#4689=ORIENTED_EDGE('',*,*,#3475,.T.);
#4690=ORIENTED_EDGE('',*,*,#3476,.T.);
#4691=ORIENTED_EDGE('',*,*,#3472,.F.);
#4692=ORIENTED_EDGE('',*,*,#3477,.T.);
#4693=ORIENTED_EDGE('',*,*,#3478,.T.);
#4694=ORIENTED_EDGE('',*,*,#3479,.T.);
#4695=ORIENTED_EDGE('',*,*,#3475,.F.);
#4696=ORIENTED_EDGE('',*,*,#3480,.T.);
#4697=ORIENTED_EDGE('',*,*,#3481,.T.);
#4698=ORIENTED_EDGE('',*,*,#3482,.T.);
#4699=ORIENTED_EDGE('',*,*,#3478,.F.);
#4700=ORIENTED_EDGE('',*,*,#3483,.T.);
#4701=ORIENTED_EDGE('',*,*,#3484,.T.);
#4702=ORIENTED_EDGE('',*,*,#3485,.T.);
#4703=ORIENTED_EDGE('',*,*,#3481,.F.);
#4704=ORIENTED_EDGE('',*,*,#3486,.T.);
#4705=ORIENTED_EDGE('',*,*,#3487,.T.);
#4706=ORIENTED_EDGE('',*,*,#3488,.T.);
#4707=ORIENTED_EDGE('',*,*,#3484,.F.);
#4708=ORIENTED_EDGE('',*,*,#3489,.T.);
#4709=ORIENTED_EDGE('',*,*,#3490,.T.);
#4710=ORIENTED_EDGE('',*,*,#3491,.T.);
#4711=ORIENTED_EDGE('',*,*,#3487,.F.);
#4712=ORIENTED_EDGE('',*,*,#3492,.T.);
#4713=ORIENTED_EDGE('',*,*,#3493,.T.);
#4714=ORIENTED_EDGE('',*,*,#3494,.T.);
#4715=ORIENTED_EDGE('',*,*,#3490,.F.);
#4716=ORIENTED_EDGE('',*,*,#3495,.T.);
#4717=ORIENTED_EDGE('',*,*,#3496,.T.);
#4718=ORIENTED_EDGE('',*,*,#3497,.T.);
#4719=ORIENTED_EDGE('',*,*,#3493,.F.);
#4720=ORIENTED_EDGE('',*,*,#3498,.T.);
#4721=ORIENTED_EDGE('',*,*,#3499,.T.);
#4722=ORIENTED_EDGE('',*,*,#3500,.T.);
#4723=ORIENTED_EDGE('',*,*,#3496,.F.);
#4724=ORIENTED_EDGE('',*,*,#3501,.T.);
#4725=ORIENTED_EDGE('',*,*,#3502,.T.);
#4726=ORIENTED_EDGE('',*,*,#3503,.T.);
#4727=ORIENTED_EDGE('',*,*,#3499,.F.);
#4728=ORIENTED_EDGE('',*,*,#3504,.T.);
#4729=ORIENTED_EDGE('',*,*,#3505,.T.);
#4730=ORIENTED_EDGE('',*,*,#3506,.T.);
#4731=ORIENTED_EDGE('',*,*,#3502,.F.);
#4732=ORIENTED_EDGE('',*,*,#3507,.T.);
#4733=ORIENTED_EDGE('',*,*,#3508,.T.);
#4734=ORIENTED_EDGE('',*,*,#3509,.T.);
#4735=ORIENTED_EDGE('',*,*,#3505,.F.);
#4736=ORIENTED_EDGE('',*,*,#3510,.T.);
#4737=ORIENTED_EDGE('',*,*,#3511,.T.);
#4738=ORIENTED_EDGE('',*,*,#3512,.T.);
#4739=ORIENTED_EDGE('',*,*,#3508,.F.);
#4740=ORIENTED_EDGE('',*,*,#3513,.T.);
#4741=ORIENTED_EDGE('',*,*,#3514,.T.);
#4742=ORIENTED_EDGE('',*,*,#3515,.T.);
#4743=ORIENTED_EDGE('',*,*,#3511,.F.);
#4744=ORIENTED_EDGE('',*,*,#3516,.T.);
#4745=ORIENTED_EDGE('',*,*,#3517,.T.);
#4746=ORIENTED_EDGE('',*,*,#3518,.T.);
#4747=ORIENTED_EDGE('',*,*,#3514,.F.);
#4748=ORIENTED_EDGE('',*,*,#3519,.T.);
#4749=ORIENTED_EDGE('',*,*,#3520,.T.);
#4750=ORIENTED_EDGE('',*,*,#3521,.T.);
#4751=ORIENTED_EDGE('',*,*,#3517,.F.);
#4752=ORIENTED_EDGE('',*,*,#3522,.T.);
#4753=ORIENTED_EDGE('',*,*,#3523,.T.);
#4754=ORIENTED_EDGE('',*,*,#3524,.T.);
#4755=ORIENTED_EDGE('',*,*,#3520,.F.);
#4756=ORIENTED_EDGE('',*,*,#3525,.T.);
#4757=ORIENTED_EDGE('',*,*,#3526,.T.);
#4758=ORIENTED_EDGE('',*,*,#3527,.T.);
#4759=ORIENTED_EDGE('',*,*,#3523,.F.);
#4760=ORIENTED_EDGE('',*,*,#3528,.T.);
#4761=ORIENTED_EDGE('',*,*,#3529,.T.);
#4762=ORIENTED_EDGE('',*,*,#3530,.T.);
#4763=ORIENTED_EDGE('',*,*,#3526,.F.);
#4764=ORIENTED_EDGE('',*,*,#3531,.T.);
#4765=ORIENTED_EDGE('',*,*,#3532,.T.);
#4766=ORIENTED_EDGE('',*,*,#3533,.T.);
#4767=ORIENTED_EDGE('',*,*,#3529,.F.);
#4768=ORIENTED_EDGE('',*,*,#3534,.T.);
#4769=ORIENTED_EDGE('',*,*,#3535,.T.);
#4770=ORIENTED_EDGE('',*,*,#3536,.T.);
#4771=ORIENTED_EDGE('',*,*,#3532,.F.);
#4772=ORIENTED_EDGE('',*,*,#3537,.T.);
#4773=ORIENTED_EDGE('',*,*,#3538,.T.);
#4774=ORIENTED_EDGE('',*,*,#3539,.T.);
#4775=ORIENTED_EDGE('',*,*,#3535,.F.);
#4776=ORIENTED_EDGE('',*,*,#3540,.T.);
#4777=ORIENTED_EDGE('',*,*,#3541,.T.);
#4778=ORIENTED_EDGE('',*,*,#3542,.T.);
#4779=ORIENTED_EDGE('',*,*,#3538,.F.);
#4780=ORIENTED_EDGE('',*,*,#3543,.T.);
#4781=ORIENTED_EDGE('',*,*,#3544,.T.);
#4782=ORIENTED_EDGE('',*,*,#3545,.T.);
#4783=ORIENTED_EDGE('',*,*,#3541,.F.);
#4784=ORIENTED_EDGE('',*,*,#3546,.T.);
#4785=ORIENTED_EDGE('',*,*,#3547,.T.);
#4786=ORIENTED_EDGE('',*,*,#3548,.T.);
#4787=ORIENTED_EDGE('',*,*,#3544,.F.);
#4788=ORIENTED_EDGE('',*,*,#3549,.T.);
#4789=ORIENTED_EDGE('',*,*,#3550,.T.);
#4790=ORIENTED_EDGE('',*,*,#3551,.T.);
#4791=ORIENTED_EDGE('',*,*,#3547,.F.);
#4792=ORIENTED_EDGE('',*,*,#3552,.T.);
#4793=ORIENTED_EDGE('',*,*,#3553,.T.);
#4794=ORIENTED_EDGE('',*,*,#3554,.T.);
#4795=ORIENTED_EDGE('',*,*,#3550,.F.);
#4796=ORIENTED_EDGE('',*,*,#3555,.T.);
#4797=ORIENTED_EDGE('',*,*,#3556,.T.);
#4798=ORIENTED_EDGE('',*,*,#3557,.T.);
#4799=ORIENTED_EDGE('',*,*,#3553,.F.);
#4800=ORIENTED_EDGE('',*,*,#3558,.T.);
#4801=ORIENTED_EDGE('',*,*,#3559,.T.);
#4802=ORIENTED_EDGE('',*,*,#3560,.T.);
#4803=ORIENTED_EDGE('',*,*,#3556,.F.);
#4804=ORIENTED_EDGE('',*,*,#3561,.T.);
#4805=ORIENTED_EDGE('',*,*,#3562,.T.);
#4806=ORIENTED_EDGE('',*,*,#3563,.T.);
#4807=ORIENTED_EDGE('',*,*,#3559,.F.);
#4808=ORIENTED_EDGE('',*,*,#3564,.T.);
#4809=ORIENTED_EDGE('',*,*,#3565,.T.);
#4810=ORIENTED_EDGE('',*,*,#3566,.T.);
#4811=ORIENTED_EDGE('',*,*,#3562,.F.);
#4812=ORIENTED_EDGE('',*,*,#3567,.T.);
#4813=ORIENTED_EDGE('',*,*,#3568,.T.);
#4814=ORIENTED_EDGE('',*,*,#3569,.T.);
#4815=ORIENTED_EDGE('',*,*,#3565,.F.);
#4816=ORIENTED_EDGE('',*,*,#3570,.T.);
#4817=ORIENTED_EDGE('',*,*,#3571,.T.);
#4818=ORIENTED_EDGE('',*,*,#3572,.T.);
#4819=ORIENTED_EDGE('',*,*,#3568,.F.);
#4820=ORIENTED_EDGE('',*,*,#3573,.T.);
#4821=ORIENTED_EDGE('',*,*,#3574,.T.);
#4822=ORIENTED_EDGE('',*,*,#3575,.T.);
#4823=ORIENTED_EDGE('',*,*,#3571,.F.);
#4824=ORIENTED_EDGE('',*,*,#3576,.T.);
#4825=ORIENTED_EDGE('',*,*,#3577,.T.);
#4826=ORIENTED_EDGE('',*,*,#3578,.T.);
#4827=ORIENTED_EDGE('',*,*,#3574,.F.);
#4828=ORIENTED_EDGE('',*,*,#3579,.T.);
#4829=ORIENTED_EDGE('',*,*,#3580,.T.);
#4830=ORIENTED_EDGE('',*,*,#3581,.T.);
#4831=ORIENTED_EDGE('',*,*,#3577,.F.);
#4832=ORIENTED_EDGE('',*,*,#3582,.T.);
#4833=ORIENTED_EDGE('',*,*,#3583,.T.);
#4834=ORIENTED_EDGE('',*,*,#3584,.T.);
#4835=ORIENTED_EDGE('',*,*,#3580,.F.);
#4836=ORIENTED_EDGE('',*,*,#3585,.T.);
#4837=ORIENTED_EDGE('',*,*,#3586,.T.);
#4838=ORIENTED_EDGE('',*,*,#3587,.T.);
#4839=ORIENTED_EDGE('',*,*,#3583,.F.);
#4840=ORIENTED_EDGE('',*,*,#3588,.T.);
#4841=ORIENTED_EDGE('',*,*,#3589,.T.);
#4842=ORIENTED_EDGE('',*,*,#3590,.T.);
#4843=ORIENTED_EDGE('',*,*,#3586,.F.);
#4844=ORIENTED_EDGE('',*,*,#3591,.T.);
#4845=ORIENTED_EDGE('',*,*,#3592,.T.);
#4846=ORIENTED_EDGE('',*,*,#3593,.T.);
#4847=ORIENTED_EDGE('',*,*,#3589,.F.);
#4848=ORIENTED_EDGE('',*,*,#3594,.T.);
#4849=ORIENTED_EDGE('',*,*,#3595,.T.);
#4850=ORIENTED_EDGE('',*,*,#3596,.T.);
#4851=ORIENTED_EDGE('',*,*,#3592,.F.);
#4852=ORIENTED_EDGE('',*,*,#3597,.T.);
#4853=ORIENTED_EDGE('',*,*,#3598,.T.);
#4854=ORIENTED_EDGE('',*,*,#3599,.T.);
#4855=ORIENTED_EDGE('',*,*,#3595,.F.);
#4856=ORIENTED_EDGE('',*,*,#3600,.T.);
#4857=ORIENTED_EDGE('',*,*,#3601,.T.);
#4858=ORIENTED_EDGE('',*,*,#3602,.T.);
#4859=ORIENTED_EDGE('',*,*,#3598,.F.);
#4860=ORIENTED_EDGE('',*,*,#3603,.T.);
#4861=ORIENTED_EDGE('',*,*,#3604,.T.);
#4862=ORIENTED_EDGE('',*,*,#3605,.T.);
#4863=ORIENTED_EDGE('',*,*,#3601,.F.);
#4864=ORIENTED_EDGE('',*,*,#3606,.T.);
#4865=ORIENTED_EDGE('',*,*,#3607,.T.);
#4866=ORIENTED_EDGE('',*,*,#3608,.T.);
#4867=ORIENTED_EDGE('',*,*,#3604,.F.);
#4868=ORIENTED_EDGE('',*,*,#3609,.T.);
#4869=ORIENTED_EDGE('',*,*,#3610,.T.);
#4870=ORIENTED_EDGE('',*,*,#3611,.T.);
#4871=ORIENTED_EDGE('',*,*,#3607,.F.);
#4872=ORIENTED_EDGE('',*,*,#3612,.T.);
#4873=ORIENTED_EDGE('',*,*,#3613,.T.);
#4874=ORIENTED_EDGE('',*,*,#3614,.T.);
#4875=ORIENTED_EDGE('',*,*,#3610,.F.);
#4876=ORIENTED_EDGE('',*,*,#3615,.T.);
#4877=ORIENTED_EDGE('',*,*,#3616,.T.);
#4878=ORIENTED_EDGE('',*,*,#3617,.T.);
#4879=ORIENTED_EDGE('',*,*,#3613,.F.);
#4880=ORIENTED_EDGE('',*,*,#3618,.T.);
#4881=ORIENTED_EDGE('',*,*,#3619,.T.);
#4882=ORIENTED_EDGE('',*,*,#3620,.T.);
#4883=ORIENTED_EDGE('',*,*,#3616,.F.);
#4884=ORIENTED_EDGE('',*,*,#3621,.T.);
#4885=ORIENTED_EDGE('',*,*,#3622,.T.);
#4886=ORIENTED_EDGE('',*,*,#3623,.T.);
#4887=ORIENTED_EDGE('',*,*,#3619,.F.);
#4888=ORIENTED_EDGE('',*,*,#3624,.T.);
#4889=ORIENTED_EDGE('',*,*,#3625,.T.);
#4890=ORIENTED_EDGE('',*,*,#3626,.T.);
#4891=ORIENTED_EDGE('',*,*,#3622,.F.);
#4892=ORIENTED_EDGE('',*,*,#3627,.T.);
#4893=ORIENTED_EDGE('',*,*,#3628,.T.);
#4894=ORIENTED_EDGE('',*,*,#3629,.T.);
#4895=ORIENTED_EDGE('',*,*,#3625,.F.);
#4896=ORIENTED_EDGE('',*,*,#3630,.T.);
#4897=ORIENTED_EDGE('',*,*,#3631,.T.);
#4898=ORIENTED_EDGE('',*,*,#3632,.T.);
#4899=ORIENTED_EDGE('',*,*,#3628,.F.);
#4900=ORIENTED_EDGE('',*,*,#3633,.T.);
#4901=ORIENTED_EDGE('',*,*,#3634,.T.);
#4902=ORIENTED_EDGE('',*,*,#3635,.T.);
#4903=ORIENTED_EDGE('',*,*,#3636,.T.);
#4904=ORIENTED_EDGE('',*,*,#3637,.T.);
#4905=ORIENTED_EDGE('',*,*,#3634,.F.);
#4906=ORIENTED_EDGE('',*,*,#3638,.T.);
#4907=ORIENTED_EDGE('',*,*,#3631,.F.);
#4908=ORIENTED_EDGE('',*,*,#3639,.T.);
#4909=ORIENTED_EDGE('',*,*,#3636,.F.);
#4910=ORIENTED_EDGE('',*,*,#3640,.T.);
#4911=ORIENTED_EDGE('',*,*,#3641,.T.);
#4912=ORIENTED_EDGE('',*,*,#3642,.T.);
#4913=ORIENTED_EDGE('',*,*,#3641,.F.);
#4914=ORIENTED_EDGE('',*,*,#3643,.T.);
#4915=ORIENTED_EDGE('',*,*,#3644,.T.);
#4916=ORIENTED_EDGE('',*,*,#3645,.T.);
#4917=ORIENTED_EDGE('',*,*,#3644,.F.);
#4918=ORIENTED_EDGE('',*,*,#3646,.T.);
#4919=ORIENTED_EDGE('',*,*,#3647,.T.);
#4920=ORIENTED_EDGE('',*,*,#3648,.T.);
#4921=ORIENTED_EDGE('',*,*,#3647,.F.);
#4922=ORIENTED_EDGE('',*,*,#3649,.T.);
#4923=ORIENTED_EDGE('',*,*,#3650,.T.);
#4924=ORIENTED_EDGE('',*,*,#3651,.T.);
#4925=ORIENTED_EDGE('',*,*,#3650,.F.);
#4926=ORIENTED_EDGE('',*,*,#3652,.T.);
#4927=ORIENTED_EDGE('',*,*,#3653,.T.);
#4928=ORIENTED_EDGE('',*,*,#3654,.T.);
#4929=ORIENTED_EDGE('',*,*,#3653,.F.);
#4930=ORIENTED_EDGE('',*,*,#3655,.T.);
#4931=ORIENTED_EDGE('',*,*,#3656,.T.);
#4932=ORIENTED_EDGE('',*,*,#3657,.T.);
#4933=ORIENTED_EDGE('',*,*,#3656,.F.);
#4934=ORIENTED_EDGE('',*,*,#3658,.T.);
#4935=ORIENTED_EDGE('',*,*,#3659,.T.);
#4936=ORIENTED_EDGE('',*,*,#3660,.T.);
#4937=ORIENTED_EDGE('',*,*,#3659,.F.);
#4938=ORIENTED_EDGE('',*,*,#3661,.T.);
#4939=ORIENTED_EDGE('',*,*,#3662,.T.);
#4940=ORIENTED_EDGE('',*,*,#3663,.T.);
#4941=ORIENTED_EDGE('',*,*,#3662,.F.);
#4942=ORIENTED_EDGE('',*,*,#3664,.T.);
#4943=ORIENTED_EDGE('',*,*,#3665,.T.);
#4944=ORIENTED_EDGE('',*,*,#3666,.T.);
#4945=ORIENTED_EDGE('',*,*,#3665,.F.);
#4946=ORIENTED_EDGE('',*,*,#3667,.T.);
#4947=ORIENTED_EDGE('',*,*,#3668,.T.);
#4948=ORIENTED_EDGE('',*,*,#3669,.T.);
#4949=ORIENTED_EDGE('',*,*,#3668,.F.);
#4950=ORIENTED_EDGE('',*,*,#3670,.T.);
#4951=ORIENTED_EDGE('',*,*,#3671,.T.);
#4952=ORIENTED_EDGE('',*,*,#3672,.T.);
#4953=ORIENTED_EDGE('',*,*,#3671,.F.);
#4954=ORIENTED_EDGE('',*,*,#3673,.T.);
#4955=ORIENTED_EDGE('',*,*,#3674,.T.);
#4956=ORIENTED_EDGE('',*,*,#3675,.T.);
#4957=ORIENTED_EDGE('',*,*,#3674,.F.);
#4958=ORIENTED_EDGE('',*,*,#3676,.T.);
#4959=ORIENTED_EDGE('',*,*,#3677,.T.);
#4960=ORIENTED_EDGE('',*,*,#3678,.T.);
#4961=ORIENTED_EDGE('',*,*,#3677,.F.);
#4962=ORIENTED_EDGE('',*,*,#3679,.T.);
#4963=ORIENTED_EDGE('',*,*,#3680,.T.);
#4964=ORIENTED_EDGE('',*,*,#3681,.T.);
#4965=ORIENTED_EDGE('',*,*,#3680,.F.);
#4966=ORIENTED_EDGE('',*,*,#3682,.T.);
#4967=ORIENTED_EDGE('',*,*,#3683,.T.);
#4968=ORIENTED_EDGE('',*,*,#3684,.T.);
#4969=ORIENTED_EDGE('',*,*,#3683,.F.);
#4970=ORIENTED_EDGE('',*,*,#3685,.T.);
#4971=ORIENTED_EDGE('',*,*,#3686,.T.);
#4972=ORIENTED_EDGE('',*,*,#3687,.T.);
#4973=ORIENTED_EDGE('',*,*,#3686,.F.);
#4974=ORIENTED_EDGE('',*,*,#3688,.T.);
#4975=ORIENTED_EDGE('',*,*,#3689,.T.);
#4976=ORIENTED_EDGE('',*,*,#3690,.T.);
#4977=ORIENTED_EDGE('',*,*,#3689,.F.);
#4978=ORIENTED_EDGE('',*,*,#3691,.T.);
#4979=ORIENTED_EDGE('',*,*,#3692,.T.);
#4980=ORIENTED_EDGE('',*,*,#3693,.T.);
#4981=ORIENTED_EDGE('',*,*,#3692,.F.);
#4982=ORIENTED_EDGE('',*,*,#3694,.T.);
#4983=ORIENTED_EDGE('',*,*,#3695,.T.);
#4984=ORIENTED_EDGE('',*,*,#3696,.T.);
#4985=ORIENTED_EDGE('',*,*,#3695,.F.);
#4986=ORIENTED_EDGE('',*,*,#3697,.T.);
#4987=ORIENTED_EDGE('',*,*,#3698,.T.);
#4988=ORIENTED_EDGE('',*,*,#3699,.T.);
#4989=ORIENTED_EDGE('',*,*,#3698,.F.);
#4990=ORIENTED_EDGE('',*,*,#3700,.T.);
#4991=ORIENTED_EDGE('',*,*,#3701,.T.);
#4992=ORIENTED_EDGE('',*,*,#3702,.T.);
#4993=ORIENTED_EDGE('',*,*,#3701,.F.);
#4994=ORIENTED_EDGE('',*,*,#3703,.T.);
#4995=ORIENTED_EDGE('',*,*,#3704,.T.);
#4996=ORIENTED_EDGE('',*,*,#3705,.T.);
#4997=ORIENTED_EDGE('',*,*,#3704,.F.);
#4998=ORIENTED_EDGE('',*,*,#3706,.T.);
#4999=ORIENTED_EDGE('',*,*,#3707,.T.);
#5000=ORIENTED_EDGE('',*,*,#3708,.T.);
#5001=ORIENTED_EDGE('',*,*,#3707,.F.);
#5002=ORIENTED_EDGE('',*,*,#3709,.T.);
#5003=ORIENTED_EDGE('',*,*,#3710,.T.);
#5004=ORIENTED_EDGE('',*,*,#3711,.T.);
#5005=ORIENTED_EDGE('',*,*,#3710,.F.);
#5006=ORIENTED_EDGE('',*,*,#3712,.T.);
#5007=ORIENTED_EDGE('',*,*,#3713,.T.);
#5008=ORIENTED_EDGE('',*,*,#3714,.T.);
#5009=ORIENTED_EDGE('',*,*,#3713,.F.);
#5010=ORIENTED_EDGE('',*,*,#3715,.T.);
#5011=ORIENTED_EDGE('',*,*,#3716,.T.);
#5012=ORIENTED_EDGE('',*,*,#3717,.T.);
#5013=ORIENTED_EDGE('',*,*,#3716,.F.);
#5014=ORIENTED_EDGE('',*,*,#3718,.T.);
#5015=ORIENTED_EDGE('',*,*,#3719,.T.);
#5016=ORIENTED_EDGE('',*,*,#3720,.T.);
#5017=ORIENTED_EDGE('',*,*,#3719,.F.);
#5018=ORIENTED_EDGE('',*,*,#3721,.T.);
#5019=ORIENTED_EDGE('',*,*,#3722,.T.);
#5020=ORIENTED_EDGE('',*,*,#3723,.T.);
#5021=ORIENTED_EDGE('',*,*,#3722,.F.);
#5022=ORIENTED_EDGE('',*,*,#3724,.T.);
#5023=ORIENTED_EDGE('',*,*,#3725,.T.);
#5024=ORIENTED_EDGE('',*,*,#3726,.T.);
#5025=ORIENTED_EDGE('',*,*,#3725,.F.);
#5026=ORIENTED_EDGE('',*,*,#3727,.T.);
#5027=ORIENTED_EDGE('',*,*,#3728,.T.);
#5028=ORIENTED_EDGE('',*,*,#3729,.T.);
#5029=ORIENTED_EDGE('',*,*,#3728,.F.);
#5030=ORIENTED_EDGE('',*,*,#3730,.T.);
#5031=ORIENTED_EDGE('',*,*,#3731,.T.);
#5032=ORIENTED_EDGE('',*,*,#3732,.T.);
#5033=ORIENTED_EDGE('',*,*,#3731,.F.);
#5034=ORIENTED_EDGE('',*,*,#3733,.T.);
#5035=ORIENTED_EDGE('',*,*,#3734,.T.);
#5036=ORIENTED_EDGE('',*,*,#3735,.T.);
#5037=ORIENTED_EDGE('',*,*,#3734,.F.);
#5038=ORIENTED_EDGE('',*,*,#3736,.T.);
#5039=ORIENTED_EDGE('',*,*,#3737,.T.);
#5040=ORIENTED_EDGE('',*,*,#3738,.T.);
#5041=ORIENTED_EDGE('',*,*,#3737,.F.);
#5042=ORIENTED_EDGE('',*,*,#3739,.T.);
#5043=ORIENTED_EDGE('',*,*,#3740,.T.);
#5044=ORIENTED_EDGE('',*,*,#3741,.T.);
#5045=ORIENTED_EDGE('',*,*,#3740,.F.);
#5046=ORIENTED_EDGE('',*,*,#3742,.T.);
#5047=ORIENTED_EDGE('',*,*,#3743,.T.);
#5048=ORIENTED_EDGE('',*,*,#3744,.T.);
#5049=ORIENTED_EDGE('',*,*,#3743,.F.);
#5050=ORIENTED_EDGE('',*,*,#3745,.T.);
#5051=ORIENTED_EDGE('',*,*,#3746,.T.);
#5052=ORIENTED_EDGE('',*,*,#3747,.T.);
#5053=ORIENTED_EDGE('',*,*,#3746,.F.);
#5054=ORIENTED_EDGE('',*,*,#3748,.T.);
#5055=ORIENTED_EDGE('',*,*,#3749,.T.);
#5056=ORIENTED_EDGE('',*,*,#3750,.T.);
#5057=ORIENTED_EDGE('',*,*,#3749,.F.);
#5058=ORIENTED_EDGE('',*,*,#3751,.T.);
#5059=ORIENTED_EDGE('',*,*,#3752,.T.);
#5060=ORIENTED_EDGE('',*,*,#3753,.T.);
#5061=ORIENTED_EDGE('',*,*,#3752,.F.);
#5062=ORIENTED_EDGE('',*,*,#3754,.T.);
#5063=ORIENTED_EDGE('',*,*,#3755,.T.);
#5064=ORIENTED_EDGE('',*,*,#3756,.T.);
#5065=ORIENTED_EDGE('',*,*,#3755,.F.);
#5066=ORIENTED_EDGE('',*,*,#3757,.T.);
#5067=ORIENTED_EDGE('',*,*,#3758,.T.);
#5068=ORIENTED_EDGE('',*,*,#3759,.T.);
#5069=ORIENTED_EDGE('',*,*,#3758,.F.);
#5070=ORIENTED_EDGE('',*,*,#3760,.T.);
#5071=ORIENTED_EDGE('',*,*,#3761,.T.);
#5072=ORIENTED_EDGE('',*,*,#3762,.T.);
#5073=ORIENTED_EDGE('',*,*,#3761,.F.);
#5074=ORIENTED_EDGE('',*,*,#3763,.T.);
#5075=ORIENTED_EDGE('',*,*,#3764,.T.);
#5076=ORIENTED_EDGE('',*,*,#3765,.T.);
#5077=ORIENTED_EDGE('',*,*,#3764,.F.);
#5078=ORIENTED_EDGE('',*,*,#3766,.T.);
#5079=ORIENTED_EDGE('',*,*,#3767,.T.);
#5080=ORIENTED_EDGE('',*,*,#3768,.T.);
#5081=ORIENTED_EDGE('',*,*,#3767,.F.);
#5082=ORIENTED_EDGE('',*,*,#3769,.T.);
#5083=ORIENTED_EDGE('',*,*,#3770,.T.);
#5084=ORIENTED_EDGE('',*,*,#3771,.T.);
#5085=ORIENTED_EDGE('',*,*,#3770,.F.);
#5086=ORIENTED_EDGE('',*,*,#3772,.T.);
#5087=ORIENTED_EDGE('',*,*,#3773,.T.);
#5088=ORIENTED_EDGE('',*,*,#3774,.T.);
#5089=ORIENTED_EDGE('',*,*,#3773,.F.);
#5090=ORIENTED_EDGE('',*,*,#3775,.T.);
#5091=ORIENTED_EDGE('',*,*,#3776,.T.);
#5092=ORIENTED_EDGE('',*,*,#3777,.T.);
#5093=ORIENTED_EDGE('',*,*,#3776,.F.);
#5094=ORIENTED_EDGE('',*,*,#3778,.T.);
#5095=ORIENTED_EDGE('',*,*,#3779,.T.);
#5096=ORIENTED_EDGE('',*,*,#3780,.T.);
#5097=ORIENTED_EDGE('',*,*,#3779,.F.);
#5098=ORIENTED_EDGE('',*,*,#3781,.T.);
#5099=ORIENTED_EDGE('',*,*,#3782,.T.);
#5100=ORIENTED_EDGE('',*,*,#3783,.T.);
#5101=ORIENTED_EDGE('',*,*,#3782,.F.);
#5102=ORIENTED_EDGE('',*,*,#3784,.T.);
#5103=ORIENTED_EDGE('',*,*,#3785,.T.);
#5104=ORIENTED_EDGE('',*,*,#3786,.T.);
#5105=ORIENTED_EDGE('',*,*,#3785,.F.);
#5106=ORIENTED_EDGE('',*,*,#3787,.T.);
#5107=ORIENTED_EDGE('',*,*,#3788,.T.);
#5108=ORIENTED_EDGE('',*,*,#3789,.T.);
#5109=ORIENTED_EDGE('',*,*,#3788,.F.);
#5110=ORIENTED_EDGE('',*,*,#3790,.T.);
#5111=ORIENTED_EDGE('',*,*,#3791,.T.);
#5112=ORIENTED_EDGE('',*,*,#3792,.T.);
#5113=ORIENTED_EDGE('',*,*,#3791,.F.);
#5114=ORIENTED_EDGE('',*,*,#3793,.T.);
#5115=ORIENTED_EDGE('',*,*,#3794,.T.);
#5116=ORIENTED_EDGE('',*,*,#3795,.T.);
#5117=ORIENTED_EDGE('',*,*,#3794,.F.);
#5118=ORIENTED_EDGE('',*,*,#3796,.T.);
#5119=ORIENTED_EDGE('',*,*,#3797,.T.);
#5120=ORIENTED_EDGE('',*,*,#3798,.T.);
#5121=ORIENTED_EDGE('',*,*,#3797,.F.);
#5122=ORIENTED_EDGE('',*,*,#3799,.T.);
#5123=ORIENTED_EDGE('',*,*,#3800,.T.);
#5124=ORIENTED_EDGE('',*,*,#3801,.T.);
#5125=ORIENTED_EDGE('',*,*,#3800,.F.);
#5126=ORIENTED_EDGE('',*,*,#3802,.T.);
#5127=ORIENTED_EDGE('',*,*,#3803,.T.);
#5128=ORIENTED_EDGE('',*,*,#3804,.T.);
#5129=ORIENTED_EDGE('',*,*,#3803,.F.);
#5130=ORIENTED_EDGE('',*,*,#3805,.T.);
#5131=ORIENTED_EDGE('',*,*,#3806,.T.);
#5132=ORIENTED_EDGE('',*,*,#3807,.T.);
#5133=ORIENTED_EDGE('',*,*,#3806,.F.);
#5134=ORIENTED_EDGE('',*,*,#3808,.T.);
#5135=ORIENTED_EDGE('',*,*,#3809,.T.);
#5136=ORIENTED_EDGE('',*,*,#3810,.T.);
#5137=ORIENTED_EDGE('',*,*,#3809,.F.);
#5138=ORIENTED_EDGE('',*,*,#3811,.T.);
#5139=ORIENTED_EDGE('',*,*,#3812,.T.);
#5140=ORIENTED_EDGE('',*,*,#3813,.T.);
#5141=ORIENTED_EDGE('',*,*,#3812,.F.);
#5142=ORIENTED_EDGE('',*,*,#3814,.T.);
#5143=ORIENTED_EDGE('',*,*,#3815,.T.);
#5144=ORIENTED_EDGE('',*,*,#3816,.T.);
#5145=ORIENTED_EDGE('',*,*,#3815,.F.);
#5146=ORIENTED_EDGE('',*,*,#3817,.T.);
#5147=ORIENTED_EDGE('',*,*,#3818,.T.);
#5148=ORIENTED_EDGE('',*,*,#3819,.T.);
#5149=ORIENTED_EDGE('',*,*,#3818,.F.);
#5150=ORIENTED_EDGE('',*,*,#3820,.T.);
#5151=ORIENTED_EDGE('',*,*,#3821,.T.);
#5152=ORIENTED_EDGE('',*,*,#3822,.T.);
#5153=ORIENTED_EDGE('',*,*,#3821,.F.);
#5154=ORIENTED_EDGE('',*,*,#3823,.T.);
#5155=ORIENTED_EDGE('',*,*,#3824,.T.);
#5156=ORIENTED_EDGE('',*,*,#3825,.T.);
#5157=ORIENTED_EDGE('',*,*,#3824,.F.);
#5158=ORIENTED_EDGE('',*,*,#3826,.T.);
#5159=ORIENTED_EDGE('',*,*,#3827,.T.);
#5160=ORIENTED_EDGE('',*,*,#3828,.T.);
#5161=ORIENTED_EDGE('',*,*,#3827,.F.);
#5162=ORIENTED_EDGE('',*,*,#3829,.T.);
#5163=ORIENTED_EDGE('',*,*,#3830,.T.);
#5164=ORIENTED_EDGE('',*,*,#3831,.T.);
#5165=ORIENTED_EDGE('',*,*,#3830,.F.);
#5166=ORIENTED_EDGE('',*,*,#3832,.T.);
#5167=ORIENTED_EDGE('',*,*,#3833,.T.);
#5168=ORIENTED_EDGE('',*,*,#3834,.T.);
#5169=ORIENTED_EDGE('',*,*,#3833,.F.);
#5170=ORIENTED_EDGE('',*,*,#3835,.T.);
#5171=ORIENTED_EDGE('',*,*,#3836,.T.);
#5172=ORIENTED_EDGE('',*,*,#3837,.T.);
#5173=ORIENTED_EDGE('',*,*,#3836,.F.);
#5174=ORIENTED_EDGE('',*,*,#3838,.T.);
#5175=ORIENTED_EDGE('',*,*,#3839,.T.);
#5176=ORIENTED_EDGE('',*,*,#3840,.T.);
#5177=ORIENTED_EDGE('',*,*,#3839,.F.);
#5178=ORIENTED_EDGE('',*,*,#3841,.T.);
#5179=ORIENTED_EDGE('',*,*,#3842,.T.);
#5180=ORIENTED_EDGE('',*,*,#3843,.T.);
#5181=ORIENTED_EDGE('',*,*,#3842,.F.);
#5182=ORIENTED_EDGE('',*,*,#3844,.T.);
#5183=ORIENTED_EDGE('',*,*,#3845,.T.);
#5184=ORIENTED_EDGE('',*,*,#3846,.T.);
#5185=ORIENTED_EDGE('',*,*,#3845,.F.);
#5186=ORIENTED_EDGE('',*,*,#3847,.T.);
#5187=ORIENTED_EDGE('',*,*,#3848,.T.);
#5188=ORIENTED_EDGE('',*,*,#3849,.T.);
#5189=ORIENTED_EDGE('',*,*,#3848,.F.);
#5190=ORIENTED_EDGE('',*,*,#3850,.T.);
#5191=ORIENTED_EDGE('',*,*,#3851,.T.);
#5192=ORIENTED_EDGE('',*,*,#3852,.T.);
#5193=ORIENTED_EDGE('',*,*,#3851,.F.);
#5194=ORIENTED_EDGE('',*,*,#3853,.T.);
#5195=ORIENTED_EDGE('',*,*,#3854,.T.);
#5196=ORIENTED_EDGE('',*,*,#3855,.T.);
#5197=ORIENTED_EDGE('',*,*,#3854,.F.);
#5198=ORIENTED_EDGE('',*,*,#3856,.T.);
#5199=ORIENTED_EDGE('',*,*,#3857,.T.);
#5200=ORIENTED_EDGE('',*,*,#3858,.T.);
#5201=ORIENTED_EDGE('',*,*,#3857,.F.);
#5202=ORIENTED_EDGE('',*,*,#3859,.T.);
#5203=ORIENTED_EDGE('',*,*,#3860,.T.);
#5204=ORIENTED_EDGE('',*,*,#3861,.T.);
#5205=ORIENTED_EDGE('',*,*,#3860,.F.);
#5206=ORIENTED_EDGE('',*,*,#3862,.T.);
#5207=ORIENTED_EDGE('',*,*,#3863,.T.);
#5208=ORIENTED_EDGE('',*,*,#3864,.T.);
#5209=ORIENTED_EDGE('',*,*,#3863,.F.);
#5210=ORIENTED_EDGE('',*,*,#3865,.T.);
#5211=ORIENTED_EDGE('',*,*,#3866,.T.);
#5212=ORIENTED_EDGE('',*,*,#3867,.T.);
#5213=ORIENTED_EDGE('',*,*,#3866,.F.);
#5214=ORIENTED_EDGE('',*,*,#3868,.T.);
#5215=ORIENTED_EDGE('',*,*,#3869,.T.);
#5216=ORIENTED_EDGE('',*,*,#3870,.T.);
#5217=ORIENTED_EDGE('',*,*,#3869,.F.);
#5218=ORIENTED_EDGE('',*,*,#3871,.T.);
#5219=ORIENTED_EDGE('',*,*,#3872,.T.);
#5220=ORIENTED_EDGE('',*,*,#3873,.T.);
#5221=ORIENTED_EDGE('',*,*,#3872,.F.);
#5222=ORIENTED_EDGE('',*,*,#3874,.T.);
#5223=ORIENTED_EDGE('',*,*,#3875,.T.);
#5224=ORIENTED_EDGE('',*,*,#3876,.T.);
#5225=ORIENTED_EDGE('',*,*,#3875,.F.);
#5226=ORIENTED_EDGE('',*,*,#3877,.T.);
#5227=ORIENTED_EDGE('',*,*,#3395,.T.);
#5228=ORIENTED_EDGE('',*,*,#3398,.F.);
#5229=ORIENTED_EDGE('',*,*,#3878,.T.);
#5230=ORIENTED_EDGE('',*,*,#3879,.T.);
#5231=ORIENTED_EDGE('',*,*,#3880,.F.);
#5232=ORIENTED_EDGE('',*,*,#3401,.F.);
#5233=ORIENTED_EDGE('',*,*,#3881,.T.);
#5234=ORIENTED_EDGE('',*,*,#3882,.T.);
#5235=ORIENTED_EDGE('',*,*,#3878,.F.);
#5236=ORIENTED_EDGE('',*,*,#3404,.F.);
#5237=ORIENTED_EDGE('',*,*,#3883,.T.);
#5238=ORIENTED_EDGE('',*,*,#3884,.T.);
#5239=ORIENTED_EDGE('',*,*,#3881,.F.);
#5240=ORIENTED_EDGE('',*,*,#3407,.F.);
#5241=ORIENTED_EDGE('',*,*,#3885,.T.);
#5242=ORIENTED_EDGE('',*,*,#3886,.T.);
#5243=ORIENTED_EDGE('',*,*,#3883,.F.);
#5244=ORIENTED_EDGE('',*,*,#3410,.F.);
#5245=ORIENTED_EDGE('',*,*,#3887,.T.);
#5246=ORIENTED_EDGE('',*,*,#3888,.T.);
#5247=ORIENTED_EDGE('',*,*,#3885,.F.);
#5248=ORIENTED_EDGE('',*,*,#3413,.F.);
#5249=ORIENTED_EDGE('',*,*,#3889,.T.);
#5250=ORIENTED_EDGE('',*,*,#3890,.T.);
#5251=ORIENTED_EDGE('',*,*,#3887,.F.);
#5252=ORIENTED_EDGE('',*,*,#3416,.F.);
#5253=ORIENTED_EDGE('',*,*,#3891,.T.);
#5254=ORIENTED_EDGE('',*,*,#3892,.T.);
#5255=ORIENTED_EDGE('',*,*,#3889,.F.);
#5256=ORIENTED_EDGE('',*,*,#3419,.F.);
#5257=ORIENTED_EDGE('',*,*,#3893,.T.);
#5258=ORIENTED_EDGE('',*,*,#3894,.T.);
#5259=ORIENTED_EDGE('',*,*,#3891,.F.);
#5260=ORIENTED_EDGE('',*,*,#3422,.F.);
#5261=ORIENTED_EDGE('',*,*,#3895,.T.);
#5262=ORIENTED_EDGE('',*,*,#3896,.T.);
#5263=ORIENTED_EDGE('',*,*,#3893,.F.);
#5264=ORIENTED_EDGE('',*,*,#3425,.F.);
#5265=ORIENTED_EDGE('',*,*,#3897,.T.);
#5266=ORIENTED_EDGE('',*,*,#3898,.T.);
#5267=ORIENTED_EDGE('',*,*,#3895,.F.);
#5268=ORIENTED_EDGE('',*,*,#3428,.F.);
#5269=ORIENTED_EDGE('',*,*,#3899,.T.);
#5270=ORIENTED_EDGE('',*,*,#3900,.T.);
#5271=ORIENTED_EDGE('',*,*,#3897,.F.);
#5272=ORIENTED_EDGE('',*,*,#3431,.F.);
#5273=ORIENTED_EDGE('',*,*,#3901,.T.);
#5274=ORIENTED_EDGE('',*,*,#3902,.T.);
#5275=ORIENTED_EDGE('',*,*,#3899,.F.);
#5276=ORIENTED_EDGE('',*,*,#3434,.F.);
#5277=ORIENTED_EDGE('',*,*,#3903,.T.);
#5278=ORIENTED_EDGE('',*,*,#3904,.T.);
#5279=ORIENTED_EDGE('',*,*,#3901,.F.);
#5280=ORIENTED_EDGE('',*,*,#3437,.F.);
#5281=ORIENTED_EDGE('',*,*,#3905,.T.);
#5282=ORIENTED_EDGE('',*,*,#3906,.T.);
#5283=ORIENTED_EDGE('',*,*,#3903,.F.);
#5284=ORIENTED_EDGE('',*,*,#3440,.F.);
#5285=ORIENTED_EDGE('',*,*,#3907,.T.);
#5286=ORIENTED_EDGE('',*,*,#3908,.T.);
#5287=ORIENTED_EDGE('',*,*,#3905,.F.);
#5288=ORIENTED_EDGE('',*,*,#3443,.F.);
#5289=ORIENTED_EDGE('',*,*,#3909,.T.);
#5290=ORIENTED_EDGE('',*,*,#3910,.T.);
#5291=ORIENTED_EDGE('',*,*,#3907,.F.);
#5292=ORIENTED_EDGE('',*,*,#3446,.F.);
#5293=ORIENTED_EDGE('',*,*,#3911,.T.);
#5294=ORIENTED_EDGE('',*,*,#3912,.T.);
#5295=ORIENTED_EDGE('',*,*,#3909,.F.);
#5296=ORIENTED_EDGE('',*,*,#3449,.F.);
#5297=ORIENTED_EDGE('',*,*,#3913,.T.);
#5298=ORIENTED_EDGE('',*,*,#3914,.T.);
#5299=ORIENTED_EDGE('',*,*,#3911,.F.);
#5300=ORIENTED_EDGE('',*,*,#3452,.F.);
#5301=ORIENTED_EDGE('',*,*,#3915,.T.);
#5302=ORIENTED_EDGE('',*,*,#3916,.T.);
#5303=ORIENTED_EDGE('',*,*,#3913,.F.);
#5304=ORIENTED_EDGE('',*,*,#3455,.F.);
#5305=ORIENTED_EDGE('',*,*,#3917,.T.);
#5306=ORIENTED_EDGE('',*,*,#3918,.T.);
#5307=ORIENTED_EDGE('',*,*,#3915,.F.);
#5308=ORIENTED_EDGE('',*,*,#3458,.F.);
#5309=ORIENTED_EDGE('',*,*,#3919,.T.);
#5310=ORIENTED_EDGE('',*,*,#3920,.T.);
#5311=ORIENTED_EDGE('',*,*,#3917,.F.);
#5312=ORIENTED_EDGE('',*,*,#3461,.F.);
#5313=ORIENTED_EDGE('',*,*,#3921,.T.);
#5314=ORIENTED_EDGE('',*,*,#3922,.T.);
#5315=ORIENTED_EDGE('',*,*,#3919,.F.);
#5316=ORIENTED_EDGE('',*,*,#3464,.F.);
#5317=ORIENTED_EDGE('',*,*,#3923,.T.);
#5318=ORIENTED_EDGE('',*,*,#3924,.T.);
#5319=ORIENTED_EDGE('',*,*,#3921,.F.);
#5320=ORIENTED_EDGE('',*,*,#3467,.F.);
#5321=ORIENTED_EDGE('',*,*,#3925,.T.);
#5322=ORIENTED_EDGE('',*,*,#3926,.T.);
#5323=ORIENTED_EDGE('',*,*,#3923,.F.);
#5324=ORIENTED_EDGE('',*,*,#3470,.F.);
#5325=ORIENTED_EDGE('',*,*,#3927,.T.);
#5326=ORIENTED_EDGE('',*,*,#3928,.T.);
#5327=ORIENTED_EDGE('',*,*,#3925,.F.);
#5328=ORIENTED_EDGE('',*,*,#3473,.F.);
#5329=ORIENTED_EDGE('',*,*,#3929,.T.);
#5330=ORIENTED_EDGE('',*,*,#3930,.T.);
#5331=ORIENTED_EDGE('',*,*,#3927,.F.);
#5332=ORIENTED_EDGE('',*,*,#3476,.F.);
#5333=ORIENTED_EDGE('',*,*,#3931,.T.);
#5334=ORIENTED_EDGE('',*,*,#3932,.T.);
#5335=ORIENTED_EDGE('',*,*,#3929,.F.);
#5336=ORIENTED_EDGE('',*,*,#3479,.F.);
#5337=ORIENTED_EDGE('',*,*,#3933,.T.);
#5338=ORIENTED_EDGE('',*,*,#3934,.T.);
#5339=ORIENTED_EDGE('',*,*,#3931,.F.);
#5340=ORIENTED_EDGE('',*,*,#3482,.F.);
#5341=ORIENTED_EDGE('',*,*,#3935,.T.);
#5342=ORIENTED_EDGE('',*,*,#3936,.T.);
#5343=ORIENTED_EDGE('',*,*,#3933,.F.);
#5344=ORIENTED_EDGE('',*,*,#3485,.F.);
#5345=ORIENTED_EDGE('',*,*,#3937,.T.);
#5346=ORIENTED_EDGE('',*,*,#3938,.T.);
#5347=ORIENTED_EDGE('',*,*,#3935,.F.);
#5348=ORIENTED_EDGE('',*,*,#3488,.F.);
#5349=ORIENTED_EDGE('',*,*,#3939,.T.);
#5350=ORIENTED_EDGE('',*,*,#3940,.T.);
#5351=ORIENTED_EDGE('',*,*,#3937,.F.);
#5352=ORIENTED_EDGE('',*,*,#3491,.F.);
#5353=ORIENTED_EDGE('',*,*,#3941,.T.);
#5354=ORIENTED_EDGE('',*,*,#3942,.T.);
#5355=ORIENTED_EDGE('',*,*,#3939,.F.);
#5356=ORIENTED_EDGE('',*,*,#3494,.F.);
#5357=ORIENTED_EDGE('',*,*,#3943,.T.);
#5358=ORIENTED_EDGE('',*,*,#3944,.T.);
#5359=ORIENTED_EDGE('',*,*,#3941,.F.);
#5360=ORIENTED_EDGE('',*,*,#3497,.F.);
#5361=ORIENTED_EDGE('',*,*,#3945,.T.);
#5362=ORIENTED_EDGE('',*,*,#3946,.T.);
#5363=ORIENTED_EDGE('',*,*,#3943,.F.);
#5364=ORIENTED_EDGE('',*,*,#3500,.F.);
#5365=ORIENTED_EDGE('',*,*,#3947,.T.);
#5366=ORIENTED_EDGE('',*,*,#3948,.T.);
#5367=ORIENTED_EDGE('',*,*,#3945,.F.);
#5368=ORIENTED_EDGE('',*,*,#3503,.F.);
#5369=ORIENTED_EDGE('',*,*,#3949,.T.);
#5370=ORIENTED_EDGE('',*,*,#3950,.T.);
#5371=ORIENTED_EDGE('',*,*,#3947,.F.);
#5372=ORIENTED_EDGE('',*,*,#3506,.F.);
#5373=ORIENTED_EDGE('',*,*,#3951,.T.);
#5374=ORIENTED_EDGE('',*,*,#3952,.T.);
#5375=ORIENTED_EDGE('',*,*,#3949,.F.);
#5376=ORIENTED_EDGE('',*,*,#3509,.F.);
#5377=ORIENTED_EDGE('',*,*,#3953,.T.);
#5378=ORIENTED_EDGE('',*,*,#3954,.T.);
#5379=ORIENTED_EDGE('',*,*,#3951,.F.);
#5380=ORIENTED_EDGE('',*,*,#3512,.F.);
#5381=ORIENTED_EDGE('',*,*,#3955,.T.);
#5382=ORIENTED_EDGE('',*,*,#3956,.T.);
#5383=ORIENTED_EDGE('',*,*,#3953,.F.);
#5384=ORIENTED_EDGE('',*,*,#3515,.F.);
#5385=ORIENTED_EDGE('',*,*,#3957,.T.);
#5386=ORIENTED_EDGE('',*,*,#3958,.T.);
#5387=ORIENTED_EDGE('',*,*,#3955,.F.);
#5388=ORIENTED_EDGE('',*,*,#3518,.F.);
#5389=ORIENTED_EDGE('',*,*,#3959,.T.);
#5390=ORIENTED_EDGE('',*,*,#3960,.T.);
#5391=ORIENTED_EDGE('',*,*,#3957,.F.);
#5392=ORIENTED_EDGE('',*,*,#3521,.F.);
#5393=ORIENTED_EDGE('',*,*,#3961,.T.);
#5394=ORIENTED_EDGE('',*,*,#3962,.T.);
#5395=ORIENTED_EDGE('',*,*,#3959,.F.);
#5396=ORIENTED_EDGE('',*,*,#3524,.F.);
#5397=ORIENTED_EDGE('',*,*,#3963,.T.);
#5398=ORIENTED_EDGE('',*,*,#3964,.T.);
#5399=ORIENTED_EDGE('',*,*,#3961,.F.);
#5400=ORIENTED_EDGE('',*,*,#3527,.F.);
#5401=ORIENTED_EDGE('',*,*,#3965,.T.);
#5402=ORIENTED_EDGE('',*,*,#3966,.T.);
#5403=ORIENTED_EDGE('',*,*,#3963,.F.);
#5404=ORIENTED_EDGE('',*,*,#3530,.F.);
#5405=ORIENTED_EDGE('',*,*,#3967,.T.);
#5406=ORIENTED_EDGE('',*,*,#3968,.T.);
#5407=ORIENTED_EDGE('',*,*,#3965,.F.);
#5408=ORIENTED_EDGE('',*,*,#3533,.F.);
#5409=ORIENTED_EDGE('',*,*,#3969,.T.);
#5410=ORIENTED_EDGE('',*,*,#3970,.T.);
#5411=ORIENTED_EDGE('',*,*,#3967,.F.);
#5412=ORIENTED_EDGE('',*,*,#3536,.F.);
#5413=ORIENTED_EDGE('',*,*,#3971,.T.);
#5414=ORIENTED_EDGE('',*,*,#3972,.T.);
#5415=ORIENTED_EDGE('',*,*,#3969,.F.);
#5416=ORIENTED_EDGE('',*,*,#3539,.F.);
#5417=ORIENTED_EDGE('',*,*,#3973,.T.);
#5418=ORIENTED_EDGE('',*,*,#3974,.T.);
#5419=ORIENTED_EDGE('',*,*,#3971,.F.);
#5420=ORIENTED_EDGE('',*,*,#3542,.F.);
#5421=ORIENTED_EDGE('',*,*,#3975,.T.);
#5422=ORIENTED_EDGE('',*,*,#3976,.T.);
#5423=ORIENTED_EDGE('',*,*,#3973,.F.);
#5424=ORIENTED_EDGE('',*,*,#3545,.F.);
#5425=ORIENTED_EDGE('',*,*,#3977,.T.);
#5426=ORIENTED_EDGE('',*,*,#3978,.T.);
#5427=ORIENTED_EDGE('',*,*,#3975,.F.);
#5428=ORIENTED_EDGE('',*,*,#3548,.F.);
#5429=ORIENTED_EDGE('',*,*,#3979,.T.);
#5430=ORIENTED_EDGE('',*,*,#3980,.T.);
#5431=ORIENTED_EDGE('',*,*,#3977,.F.);
#5432=ORIENTED_EDGE('',*,*,#3551,.F.);
#5433=ORIENTED_EDGE('',*,*,#3981,.T.);
#5434=ORIENTED_EDGE('',*,*,#3982,.T.);
#5435=ORIENTED_EDGE('',*,*,#3979,.F.);
#5436=ORIENTED_EDGE('',*,*,#3554,.F.);
#5437=ORIENTED_EDGE('',*,*,#3983,.T.);
#5438=ORIENTED_EDGE('',*,*,#3984,.T.);
#5439=ORIENTED_EDGE('',*,*,#3981,.F.);
#5440=ORIENTED_EDGE('',*,*,#3557,.F.);
#5441=ORIENTED_EDGE('',*,*,#3985,.T.);
#5442=ORIENTED_EDGE('',*,*,#3986,.T.);
#5443=ORIENTED_EDGE('',*,*,#3983,.F.);
#5444=ORIENTED_EDGE('',*,*,#3560,.F.);
#5445=ORIENTED_EDGE('',*,*,#3987,.T.);
#5446=ORIENTED_EDGE('',*,*,#3988,.T.);
#5447=ORIENTED_EDGE('',*,*,#3985,.F.);
#5448=ORIENTED_EDGE('',*,*,#3563,.F.);
#5449=ORIENTED_EDGE('',*,*,#3989,.T.);
#5450=ORIENTED_EDGE('',*,*,#3990,.T.);
#5451=ORIENTED_EDGE('',*,*,#3987,.F.);
#5452=ORIENTED_EDGE('',*,*,#3566,.F.);
#5453=ORIENTED_EDGE('',*,*,#3991,.T.);
#5454=ORIENTED_EDGE('',*,*,#3992,.T.);
#5455=ORIENTED_EDGE('',*,*,#3989,.F.);
#5456=ORIENTED_EDGE('',*,*,#3569,.F.);
#5457=ORIENTED_EDGE('',*,*,#3993,.T.);
#5458=ORIENTED_EDGE('',*,*,#3994,.T.);
#5459=ORIENTED_EDGE('',*,*,#3991,.F.);
#5460=ORIENTED_EDGE('',*,*,#3572,.F.);
#5461=ORIENTED_EDGE('',*,*,#3995,.T.);
#5462=ORIENTED_EDGE('',*,*,#3996,.T.);
#5463=ORIENTED_EDGE('',*,*,#3993,.F.);
#5464=ORIENTED_EDGE('',*,*,#3575,.F.);
#5465=ORIENTED_EDGE('',*,*,#3997,.T.);
#5466=ORIENTED_EDGE('',*,*,#3998,.T.);
#5467=ORIENTED_EDGE('',*,*,#3995,.F.);
#5468=ORIENTED_EDGE('',*,*,#3578,.F.);
#5469=ORIENTED_EDGE('',*,*,#3999,.T.);
#5470=ORIENTED_EDGE('',*,*,#4000,.T.);
#5471=ORIENTED_EDGE('',*,*,#3997,.F.);
#5472=ORIENTED_EDGE('',*,*,#3581,.F.);
#5473=ORIENTED_EDGE('',*,*,#4001,.T.);
#5474=ORIENTED_EDGE('',*,*,#4002,.T.);
#5475=ORIENTED_EDGE('',*,*,#3999,.F.);
#5476=ORIENTED_EDGE('',*,*,#3584,.F.);
#5477=ORIENTED_EDGE('',*,*,#4003,.T.);
#5478=ORIENTED_EDGE('',*,*,#4004,.T.);
#5479=ORIENTED_EDGE('',*,*,#4001,.F.);
#5480=ORIENTED_EDGE('',*,*,#3587,.F.);
#5481=ORIENTED_EDGE('',*,*,#4005,.T.);
#5482=ORIENTED_EDGE('',*,*,#4006,.T.);
#5483=ORIENTED_EDGE('',*,*,#4003,.F.);
#5484=ORIENTED_EDGE('',*,*,#3590,.F.);
#5485=ORIENTED_EDGE('',*,*,#4007,.T.);
#5486=ORIENTED_EDGE('',*,*,#4008,.T.);
#5487=ORIENTED_EDGE('',*,*,#4005,.F.);
#5488=ORIENTED_EDGE('',*,*,#3593,.F.);
#5489=ORIENTED_EDGE('',*,*,#4009,.T.);
#5490=ORIENTED_EDGE('',*,*,#4010,.T.);
#5491=ORIENTED_EDGE('',*,*,#4007,.F.);
#5492=ORIENTED_EDGE('',*,*,#3596,.F.);
#5493=ORIENTED_EDGE('',*,*,#4011,.T.);
#5494=ORIENTED_EDGE('',*,*,#4012,.T.);
#5495=ORIENTED_EDGE('',*,*,#4009,.F.);
#5496=ORIENTED_EDGE('',*,*,#3599,.F.);
#5497=ORIENTED_EDGE('',*,*,#4013,.T.);
#5498=ORIENTED_EDGE('',*,*,#4014,.T.);
#5499=ORIENTED_EDGE('',*,*,#4011,.F.);
#5500=ORIENTED_EDGE('',*,*,#3602,.F.);
#5501=ORIENTED_EDGE('',*,*,#4015,.T.);
#5502=ORIENTED_EDGE('',*,*,#4016,.T.);
#5503=ORIENTED_EDGE('',*,*,#4013,.F.);
#5504=ORIENTED_EDGE('',*,*,#3605,.F.);
#5505=ORIENTED_EDGE('',*,*,#4017,.T.);
#5506=ORIENTED_EDGE('',*,*,#4018,.T.);
#5507=ORIENTED_EDGE('',*,*,#4015,.F.);
#5508=ORIENTED_EDGE('',*,*,#3608,.F.);
#5509=ORIENTED_EDGE('',*,*,#4019,.T.);
#5510=ORIENTED_EDGE('',*,*,#4020,.T.);
#5511=ORIENTED_EDGE('',*,*,#4017,.F.);
#5512=ORIENTED_EDGE('',*,*,#3611,.F.);
#5513=ORIENTED_EDGE('',*,*,#4021,.T.);
#5514=ORIENTED_EDGE('',*,*,#4022,.T.);
#5515=ORIENTED_EDGE('',*,*,#4019,.F.);
#5516=ORIENTED_EDGE('',*,*,#3614,.F.);
#5517=ORIENTED_EDGE('',*,*,#4023,.T.);
#5518=ORIENTED_EDGE('',*,*,#4024,.T.);
#5519=ORIENTED_EDGE('',*,*,#4021,.F.);
#5520=ORIENTED_EDGE('',*,*,#3617,.F.);
#5521=ORIENTED_EDGE('',*,*,#4025,.T.);
#5522=ORIENTED_EDGE('',*,*,#4026,.T.);
#5523=ORIENTED_EDGE('',*,*,#4023,.F.);
#5524=ORIENTED_EDGE('',*,*,#3620,.F.);
#5525=ORIENTED_EDGE('',*,*,#4027,.T.);
#5526=ORIENTED_EDGE('',*,*,#4028,.T.);
#5527=ORIENTED_EDGE('',*,*,#4025,.F.);
#5528=ORIENTED_EDGE('',*,*,#3623,.F.);
#5529=ORIENTED_EDGE('',*,*,#4029,.T.);
#5530=ORIENTED_EDGE('',*,*,#4030,.T.);
#5531=ORIENTED_EDGE('',*,*,#4027,.F.);
#5532=ORIENTED_EDGE('',*,*,#3626,.F.);
#5533=ORIENTED_EDGE('',*,*,#4031,.T.);
#5534=ORIENTED_EDGE('',*,*,#4032,.T.);
#5535=ORIENTED_EDGE('',*,*,#4029,.F.);
#5536=ORIENTED_EDGE('',*,*,#3629,.F.);
#5537=ORIENTED_EDGE('',*,*,#4033,.T.);
#5538=ORIENTED_EDGE('',*,*,#4034,.T.);
#5539=ORIENTED_EDGE('',*,*,#4031,.F.);
#5540=ORIENTED_EDGE('',*,*,#3632,.F.);
#5541=ORIENTED_EDGE('',*,*,#4035,.T.);
#5542=ORIENTED_EDGE('',*,*,#4036,.T.);
#5543=ORIENTED_EDGE('',*,*,#4033,.F.);
#5544=ORIENTED_EDGE('',*,*,#3638,.F.);
#5545=ORIENTED_EDGE('',*,*,#4037,.T.);
#5546=ORIENTED_EDGE('',*,*,#4038,.T.);
#5547=ORIENTED_EDGE('',*,*,#4035,.F.);
#5548=ORIENTED_EDGE('',*,*,#3633,.F.);
#5549=ORIENTED_EDGE('',*,*,#4039,.T.);
#5550=ORIENTED_EDGE('',*,*,#4040,.T.);
#5551=ORIENTED_EDGE('',*,*,#4037,.F.);
#5552=ORIENTED_EDGE('',*,*,#4041,.F.);
#5553=ORIENTED_EDGE('',*,*,#3635,.F.);
#5554=ORIENTED_EDGE('',*,*,#3637,.F.);
#5555=ORIENTED_EDGE('',*,*,#3630,.F.);
#5556=ORIENTED_EDGE('',*,*,#3627,.F.);
#5557=ORIENTED_EDGE('',*,*,#3624,.F.);
#5558=ORIENTED_EDGE('',*,*,#3621,.F.);
#5559=ORIENTED_EDGE('',*,*,#3618,.F.);
#5560=ORIENTED_EDGE('',*,*,#3615,.F.);
#5561=ORIENTED_EDGE('',*,*,#3612,.F.);
#5562=ORIENTED_EDGE('',*,*,#3609,.F.);
#5563=ORIENTED_EDGE('',*,*,#3606,.F.);
#5564=ORIENTED_EDGE('',*,*,#3603,.F.);
#5565=ORIENTED_EDGE('',*,*,#3600,.F.);
#5566=ORIENTED_EDGE('',*,*,#3597,.F.);
#5567=ORIENTED_EDGE('',*,*,#3594,.F.);
#5568=ORIENTED_EDGE('',*,*,#3591,.F.);
#5569=ORIENTED_EDGE('',*,*,#3588,.F.);
#5570=ORIENTED_EDGE('',*,*,#3585,.F.);
#5571=ORIENTED_EDGE('',*,*,#3582,.F.);
#5572=ORIENTED_EDGE('',*,*,#3579,.F.);
#5573=ORIENTED_EDGE('',*,*,#3576,.F.);
#5574=ORIENTED_EDGE('',*,*,#3573,.F.);
#5575=ORIENTED_EDGE('',*,*,#3570,.F.);
#5576=ORIENTED_EDGE('',*,*,#3567,.F.);
#5577=ORIENTED_EDGE('',*,*,#3564,.F.);
#5578=ORIENTED_EDGE('',*,*,#3561,.F.);
#5579=ORIENTED_EDGE('',*,*,#3558,.F.);
#5580=ORIENTED_EDGE('',*,*,#3555,.F.);
#5581=ORIENTED_EDGE('',*,*,#3552,.F.);
#5582=ORIENTED_EDGE('',*,*,#3549,.F.);
#5583=ORIENTED_EDGE('',*,*,#3546,.F.);
#5584=ORIENTED_EDGE('',*,*,#3543,.F.);
#5585=ORIENTED_EDGE('',*,*,#3540,.F.);
#5586=ORIENTED_EDGE('',*,*,#3537,.F.);
#5587=ORIENTED_EDGE('',*,*,#3534,.F.);
#5588=ORIENTED_EDGE('',*,*,#3531,.F.);
#5589=ORIENTED_EDGE('',*,*,#3528,.F.);
#5590=ORIENTED_EDGE('',*,*,#3525,.F.);
#5591=ORIENTED_EDGE('',*,*,#3522,.F.);
#5592=ORIENTED_EDGE('',*,*,#3519,.F.);
#5593=ORIENTED_EDGE('',*,*,#3516,.F.);
#5594=ORIENTED_EDGE('',*,*,#3513,.F.);
#5595=ORIENTED_EDGE('',*,*,#3510,.F.);
#5596=ORIENTED_EDGE('',*,*,#3507,.F.);
#5597=ORIENTED_EDGE('',*,*,#3504,.F.);
#5598=ORIENTED_EDGE('',*,*,#3501,.F.);
#5599=ORIENTED_EDGE('',*,*,#3498,.F.);
#5600=ORIENTED_EDGE('',*,*,#3495,.F.);
#5601=ORIENTED_EDGE('',*,*,#3492,.F.);
#5602=ORIENTED_EDGE('',*,*,#3489,.F.);
#5603=ORIENTED_EDGE('',*,*,#3486,.F.);
#5604=ORIENTED_EDGE('',*,*,#3483,.F.);
#5605=ORIENTED_EDGE('',*,*,#3480,.F.);
#5606=ORIENTED_EDGE('',*,*,#3477,.F.);
#5607=ORIENTED_EDGE('',*,*,#3474,.F.);
#5608=ORIENTED_EDGE('',*,*,#3471,.F.);
#5609=ORIENTED_EDGE('',*,*,#3468,.F.);
#5610=ORIENTED_EDGE('',*,*,#3465,.F.);
#5611=ORIENTED_EDGE('',*,*,#3462,.F.);
#5612=ORIENTED_EDGE('',*,*,#3459,.F.);
#5613=ORIENTED_EDGE('',*,*,#3456,.F.);
#5614=ORIENTED_EDGE('',*,*,#3453,.F.);
#5615=ORIENTED_EDGE('',*,*,#3450,.F.);
#5616=ORIENTED_EDGE('',*,*,#3447,.F.);
#5617=ORIENTED_EDGE('',*,*,#3444,.F.);
#5618=ORIENTED_EDGE('',*,*,#3441,.F.);
#5619=ORIENTED_EDGE('',*,*,#3438,.F.);
#5620=ORIENTED_EDGE('',*,*,#3435,.F.);
#5621=ORIENTED_EDGE('',*,*,#3432,.F.);
#5622=ORIENTED_EDGE('',*,*,#3429,.F.);
#5623=ORIENTED_EDGE('',*,*,#3426,.F.);
#5624=ORIENTED_EDGE('',*,*,#3423,.F.);
#5625=ORIENTED_EDGE('',*,*,#3420,.F.);
#5626=ORIENTED_EDGE('',*,*,#3417,.F.);
#5627=ORIENTED_EDGE('',*,*,#3414,.F.);
#5628=ORIENTED_EDGE('',*,*,#3411,.F.);
#5629=ORIENTED_EDGE('',*,*,#3408,.F.);
#5630=ORIENTED_EDGE('',*,*,#3405,.F.);
#5631=ORIENTED_EDGE('',*,*,#3402,.F.);
#5632=ORIENTED_EDGE('',*,*,#3399,.F.);
#5633=ORIENTED_EDGE('',*,*,#3396,.F.);
#5634=ORIENTED_EDGE('',*,*,#3392,.F.);
#5635=ORIENTED_EDGE('',*,*,#3877,.F.);
#5636=ORIENTED_EDGE('',*,*,#3874,.F.);
#5637=ORIENTED_EDGE('',*,*,#3871,.F.);
#5638=ORIENTED_EDGE('',*,*,#3868,.F.);
#5639=ORIENTED_EDGE('',*,*,#3865,.F.);
#5640=ORIENTED_EDGE('',*,*,#3862,.F.);
#5641=ORIENTED_EDGE('',*,*,#3859,.F.);
#5642=ORIENTED_EDGE('',*,*,#3856,.F.);
#5643=ORIENTED_EDGE('',*,*,#3853,.F.);
#5644=ORIENTED_EDGE('',*,*,#3850,.F.);
#5645=ORIENTED_EDGE('',*,*,#3847,.F.);
#5646=ORIENTED_EDGE('',*,*,#3844,.F.);
#5647=ORIENTED_EDGE('',*,*,#3841,.F.);
#5648=ORIENTED_EDGE('',*,*,#3838,.F.);
#5649=ORIENTED_EDGE('',*,*,#3835,.F.);
#5650=ORIENTED_EDGE('',*,*,#3832,.F.);
#5651=ORIENTED_EDGE('',*,*,#3829,.F.);
#5652=ORIENTED_EDGE('',*,*,#3826,.F.);
#5653=ORIENTED_EDGE('',*,*,#3823,.F.);
#5654=ORIENTED_EDGE('',*,*,#3820,.F.);
#5655=ORIENTED_EDGE('',*,*,#3817,.F.);
#5656=ORIENTED_EDGE('',*,*,#3814,.F.);
#5657=ORIENTED_EDGE('',*,*,#3811,.F.);
#5658=ORIENTED_EDGE('',*,*,#3808,.F.);
#5659=ORIENTED_EDGE('',*,*,#3805,.F.);
#5660=ORIENTED_EDGE('',*,*,#3802,.F.);
#5661=ORIENTED_EDGE('',*,*,#3799,.F.);
#5662=ORIENTED_EDGE('',*,*,#3796,.F.);
#5663=ORIENTED_EDGE('',*,*,#3793,.F.);
#5664=ORIENTED_EDGE('',*,*,#3790,.F.);
#5665=ORIENTED_EDGE('',*,*,#3787,.F.);
#5666=ORIENTED_EDGE('',*,*,#3784,.F.);
#5667=ORIENTED_EDGE('',*,*,#3781,.F.);
#5668=ORIENTED_EDGE('',*,*,#3778,.F.);
#5669=ORIENTED_EDGE('',*,*,#3775,.F.);
#5670=ORIENTED_EDGE('',*,*,#3772,.F.);
#5671=ORIENTED_EDGE('',*,*,#3769,.F.);
#5672=ORIENTED_EDGE('',*,*,#3766,.F.);
#5673=ORIENTED_EDGE('',*,*,#3763,.F.);
#5674=ORIENTED_EDGE('',*,*,#3760,.F.);
#5675=ORIENTED_EDGE('',*,*,#3757,.F.);
#5676=ORIENTED_EDGE('',*,*,#3754,.F.);
#5677=ORIENTED_EDGE('',*,*,#3751,.F.);
#5678=ORIENTED_EDGE('',*,*,#3748,.F.);
#5679=ORIENTED_EDGE('',*,*,#3745,.F.);
#5680=ORIENTED_EDGE('',*,*,#3742,.F.);
#5681=ORIENTED_EDGE('',*,*,#3739,.F.);
#5682=ORIENTED_EDGE('',*,*,#3736,.F.);
#5683=ORIENTED_EDGE('',*,*,#3733,.F.);
#5684=ORIENTED_EDGE('',*,*,#3730,.F.);
#5685=ORIENTED_EDGE('',*,*,#3727,.F.);
#5686=ORIENTED_EDGE('',*,*,#3724,.F.);
#5687=ORIENTED_EDGE('',*,*,#3721,.F.);
#5688=ORIENTED_EDGE('',*,*,#3718,.F.);
#5689=ORIENTED_EDGE('',*,*,#3715,.F.);
#5690=ORIENTED_EDGE('',*,*,#3712,.F.);
#5691=ORIENTED_EDGE('',*,*,#3709,.F.);
#5692=ORIENTED_EDGE('',*,*,#3706,.F.);
#5693=ORIENTED_EDGE('',*,*,#3703,.F.);
#5694=ORIENTED_EDGE('',*,*,#3700,.F.);
#5695=ORIENTED_EDGE('',*,*,#3697,.F.);
#5696=ORIENTED_EDGE('',*,*,#3694,.F.);
#5697=ORIENTED_EDGE('',*,*,#3691,.F.);
#5698=ORIENTED_EDGE('',*,*,#3688,.F.);
#5699=ORIENTED_EDGE('',*,*,#3685,.F.);
#5700=ORIENTED_EDGE('',*,*,#3682,.F.);
#5701=ORIENTED_EDGE('',*,*,#3679,.F.);
#5702=ORIENTED_EDGE('',*,*,#3676,.F.);
#5703=ORIENTED_EDGE('',*,*,#3673,.F.);
#5704=ORIENTED_EDGE('',*,*,#3670,.F.);
#5705=ORIENTED_EDGE('',*,*,#3667,.F.);
#5706=ORIENTED_EDGE('',*,*,#3664,.F.);
#5707=ORIENTED_EDGE('',*,*,#3661,.F.);
#5708=ORIENTED_EDGE('',*,*,#3658,.F.);
#5709=ORIENTED_EDGE('',*,*,#3655,.F.);
#5710=ORIENTED_EDGE('',*,*,#3652,.F.);
#5711=ORIENTED_EDGE('',*,*,#3649,.F.);
#5712=ORIENTED_EDGE('',*,*,#3646,.F.);
#5713=ORIENTED_EDGE('',*,*,#3643,.F.);
#5714=ORIENTED_EDGE('',*,*,#3640,.F.);
#5715=ORIENTED_EDGE('',*,*,#4042,.T.);
#5716=ORIENTED_EDGE('',*,*,#4043,.T.);
#5717=ORIENTED_EDGE('',*,*,#4041,.T.);
#5718=ORIENTED_EDGE('',*,*,#4043,.F.);
#5719=ORIENTED_EDGE('',*,*,#4044,.T.);
#5720=ORIENTED_EDGE('',*,*,#4045,.F.);
#5721=ORIENTED_EDGE('',*,*,#4046,.T.);
#5722=ORIENTED_EDGE('',*,*,#4044,.F.);
#5723=ORIENTED_EDGE('',*,*,#4042,.F.);
#5724=ORIENTED_EDGE('',*,*,#4046,.F.);
#5725=ORIENTED_EDGE('',*,*,#4047,.T.);
#5726=ORIENTED_EDGE('',*,*,#4048,.T.);
#5727=ORIENTED_EDGE('',*,*,#4049,.T.);
#5728=ORIENTED_EDGE('',*,*,#4050,.T.);
#5729=ORIENTED_EDGE('',*,*,#4048,.F.);
#5730=ORIENTED_EDGE('',*,*,#4051,.F.);
#5731=ORIENTED_EDGE('',*,*,#4052,.F.);
#5732=ORIENTED_EDGE('',*,*,#4053,.F.);
#5733=ORIENTED_EDGE('',*,*,#4047,.F.);
#5734=ORIENTED_EDGE('',*,*,#4054,.T.);
#5735=ORIENTED_EDGE('',*,*,#4055,.F.);
#5736=ORIENTED_EDGE('',*,*,#4056,.T.);
#5737=ORIENTED_EDGE('',*,*,#4057,.F.);
#5738=ORIENTED_EDGE('',*,*,#4058,.T.);
#5739=ORIENTED_EDGE('',*,*,#4059,.F.);
#5740=ORIENTED_EDGE('',*,*,#4051,.T.);
#5741=ORIENTED_EDGE('',*,*,#3293,.T.);
#5742=ORIENTED_EDGE('',*,*,#3324,.T.);
#5743=ORIENTED_EDGE('',*,*,#3321,.T.);
#5744=ORIENTED_EDGE('',*,*,#3318,.T.);
#5745=ORIENTED_EDGE('',*,*,#3315,.T.);
#5746=ORIENTED_EDGE('',*,*,#3312,.T.);
#5747=ORIENTED_EDGE('',*,*,#3309,.T.);
#5748=ORIENTED_EDGE('',*,*,#3306,.T.);
#5749=ORIENTED_EDGE('',*,*,#3303,.T.);
#5750=ORIENTED_EDGE('',*,*,#3300,.T.);
#5751=ORIENTED_EDGE('',*,*,#3297,.T.);
#5752=ORIENTED_EDGE('',*,*,#3326,.T.);
#5753=ORIENTED_EDGE('',*,*,#3390,.T.);
#5754=ORIENTED_EDGE('',*,*,#3387,.T.);
#5755=ORIENTED_EDGE('',*,*,#3384,.T.);
#5756=ORIENTED_EDGE('',*,*,#3381,.T.);
#5757=ORIENTED_EDGE('',*,*,#3378,.T.);
#5758=ORIENTED_EDGE('',*,*,#3375,.T.);
#5759=ORIENTED_EDGE('',*,*,#3372,.T.);
#5760=ORIENTED_EDGE('',*,*,#3369,.T.);
#5761=ORIENTED_EDGE('',*,*,#3366,.T.);
#5762=ORIENTED_EDGE('',*,*,#3363,.T.);
#5763=ORIENTED_EDGE('',*,*,#3360,.T.);
#5764=ORIENTED_EDGE('',*,*,#3357,.T.);
#5765=ORIENTED_EDGE('',*,*,#3354,.T.);
#5766=ORIENTED_EDGE('',*,*,#3351,.T.);
#5767=ORIENTED_EDGE('',*,*,#3348,.T.);
#5768=ORIENTED_EDGE('',*,*,#3345,.T.);
#5769=ORIENTED_EDGE('',*,*,#3342,.T.);
#5770=ORIENTED_EDGE('',*,*,#3339,.T.);
#5771=ORIENTED_EDGE('',*,*,#3336,.T.);
#5772=ORIENTED_EDGE('',*,*,#3333,.T.);
#5773=ORIENTED_EDGE('',*,*,#3330,.T.);
#5774=ORIENTED_EDGE('',*,*,#4055,.T.);
#5775=ORIENTED_EDGE('',*,*,#4060,.T.);
#5776=ORIENTED_EDGE('',*,*,#4061,.T.);
#5777=ORIENTED_EDGE('',*,*,#4062,.T.);
#5778=ORIENTED_EDGE('',*,*,#4062,.F.);
#5779=ORIENTED_EDGE('',*,*,#4063,.F.);
#5780=ORIENTED_EDGE('',*,*,#4064,.F.);
#5781=ORIENTED_EDGE('',*,*,#4056,.F.);
#5782=ORIENTED_EDGE('',*,*,#4059,.T.);
#5783=ORIENTED_EDGE('',*,*,#4065,.T.);
#5784=ORIENTED_EDGE('',*,*,#4066,.T.);
#5785=ORIENTED_EDGE('',*,*,#4052,.T.);
#5786=ORIENTED_EDGE('',*,*,#4057,.T.);
#5787=ORIENTED_EDGE('',*,*,#4064,.T.);
#5788=ORIENTED_EDGE('',*,*,#4067,.T.);
#5789=ORIENTED_EDGE('',*,*,#4068,.T.);
#5790=ORIENTED_EDGE('',*,*,#4065,.F.);
#5791=ORIENTED_EDGE('',*,*,#4058,.F.);
#5792=ORIENTED_EDGE('',*,*,#4068,.F.);
#5793=ORIENTED_EDGE('',*,*,#4069,.F.);
#5794=ORIENTED_EDGE('',*,*,#4070,.T.);
#5795=ORIENTED_EDGE('',*,*,#4071,.F.);
#5796=ORIENTED_EDGE('',*,*,#4072,.F.);
#5797=ORIENTED_EDGE('',*,*,#3879,.F.);
#5798=ORIENTED_EDGE('',*,*,#3882,.F.);
#5799=ORIENTED_EDGE('',*,*,#3884,.F.);
#5800=ORIENTED_EDGE('',*,*,#3886,.F.);
#5801=ORIENTED_EDGE('',*,*,#3888,.F.);
#5802=ORIENTED_EDGE('',*,*,#3890,.F.);
#5803=ORIENTED_EDGE('',*,*,#3892,.F.);
#5804=ORIENTED_EDGE('',*,*,#3894,.F.);
#5805=ORIENTED_EDGE('',*,*,#3896,.F.);
#5806=ORIENTED_EDGE('',*,*,#3898,.F.);
#5807=ORIENTED_EDGE('',*,*,#3900,.F.);
#5808=ORIENTED_EDGE('',*,*,#3902,.F.);
#5809=ORIENTED_EDGE('',*,*,#3904,.F.);
#5810=ORIENTED_EDGE('',*,*,#3906,.F.);
#5811=ORIENTED_EDGE('',*,*,#3908,.F.);
#5812=ORIENTED_EDGE('',*,*,#3910,.F.);
#5813=ORIENTED_EDGE('',*,*,#3912,.F.);
#5814=ORIENTED_EDGE('',*,*,#3914,.F.);
#5815=ORIENTED_EDGE('',*,*,#3916,.F.);
#5816=ORIENTED_EDGE('',*,*,#3918,.F.);
#5817=ORIENTED_EDGE('',*,*,#3920,.F.);
#5818=ORIENTED_EDGE('',*,*,#3922,.F.);
#5819=ORIENTED_EDGE('',*,*,#3924,.F.);
#5820=ORIENTED_EDGE('',*,*,#3926,.F.);
#5821=ORIENTED_EDGE('',*,*,#3928,.F.);
#5822=ORIENTED_EDGE('',*,*,#3930,.F.);
#5823=ORIENTED_EDGE('',*,*,#3932,.F.);
#5824=ORIENTED_EDGE('',*,*,#3934,.F.);
#5825=ORIENTED_EDGE('',*,*,#3936,.F.);
#5826=ORIENTED_EDGE('',*,*,#3938,.F.);
#5827=ORIENTED_EDGE('',*,*,#3940,.F.);
#5828=ORIENTED_EDGE('',*,*,#3942,.F.);
#5829=ORIENTED_EDGE('',*,*,#3944,.F.);
#5830=ORIENTED_EDGE('',*,*,#3946,.F.);
#5831=ORIENTED_EDGE('',*,*,#3948,.F.);
#5832=ORIENTED_EDGE('',*,*,#3950,.F.);
#5833=ORIENTED_EDGE('',*,*,#3952,.F.);
#5834=ORIENTED_EDGE('',*,*,#3954,.F.);
#5835=ORIENTED_EDGE('',*,*,#3956,.F.);
#5836=ORIENTED_EDGE('',*,*,#3958,.F.);
#5837=ORIENTED_EDGE('',*,*,#3960,.F.);
#5838=ORIENTED_EDGE('',*,*,#3962,.F.);
#5839=ORIENTED_EDGE('',*,*,#3964,.F.);
#5840=ORIENTED_EDGE('',*,*,#3966,.F.);
#5841=ORIENTED_EDGE('',*,*,#3968,.F.);
#5842=ORIENTED_EDGE('',*,*,#3970,.F.);
#5843=ORIENTED_EDGE('',*,*,#3972,.F.);
#5844=ORIENTED_EDGE('',*,*,#3974,.F.);
#5845=ORIENTED_EDGE('',*,*,#3976,.F.);
#5846=ORIENTED_EDGE('',*,*,#3978,.F.);
#5847=ORIENTED_EDGE('',*,*,#3980,.F.);
#5848=ORIENTED_EDGE('',*,*,#3982,.F.);
#5849=ORIENTED_EDGE('',*,*,#3984,.F.);
#5850=ORIENTED_EDGE('',*,*,#3986,.F.);
#5851=ORIENTED_EDGE('',*,*,#3988,.F.);
#5852=ORIENTED_EDGE('',*,*,#3990,.F.);
#5853=ORIENTED_EDGE('',*,*,#3992,.F.);
#5854=ORIENTED_EDGE('',*,*,#3994,.F.);
#5855=ORIENTED_EDGE('',*,*,#3996,.F.);
#5856=ORIENTED_EDGE('',*,*,#3998,.F.);
#5857=ORIENTED_EDGE('',*,*,#4000,.F.);
#5858=ORIENTED_EDGE('',*,*,#4002,.F.);
#5859=ORIENTED_EDGE('',*,*,#4004,.F.);
#5860=ORIENTED_EDGE('',*,*,#4006,.F.);
#5861=ORIENTED_EDGE('',*,*,#4008,.F.);
#5862=ORIENTED_EDGE('',*,*,#4010,.F.);
#5863=ORIENTED_EDGE('',*,*,#4012,.F.);
#5864=ORIENTED_EDGE('',*,*,#4014,.F.);
#5865=ORIENTED_EDGE('',*,*,#4016,.F.);
#5866=ORIENTED_EDGE('',*,*,#4018,.F.);
#5867=ORIENTED_EDGE('',*,*,#4020,.F.);
#5868=ORIENTED_EDGE('',*,*,#4022,.F.);
#5869=ORIENTED_EDGE('',*,*,#4024,.F.);
#5870=ORIENTED_EDGE('',*,*,#4026,.F.);
#5871=ORIENTED_EDGE('',*,*,#4028,.F.);
#5872=ORIENTED_EDGE('',*,*,#4030,.F.);
#5873=ORIENTED_EDGE('',*,*,#4032,.F.);
#5874=ORIENTED_EDGE('',*,*,#4034,.F.);
#5875=ORIENTED_EDGE('',*,*,#4036,.F.);
#5876=ORIENTED_EDGE('',*,*,#4038,.F.);
#5877=ORIENTED_EDGE('',*,*,#4040,.F.);
#5878=ORIENTED_EDGE('',*,*,#4073,.F.);
#5879=ORIENTED_EDGE('',*,*,#4074,.F.);
#5880=ORIENTED_EDGE('',*,*,#4075,.F.);
#5881=ORIENTED_EDGE('',*,*,#4076,.F.);
#5882=ORIENTED_EDGE('',*,*,#4077,.F.);
#5883=ORIENTED_EDGE('',*,*,#4078,.F.);
#5884=ORIENTED_EDGE('',*,*,#4079,.F.);
#5885=ORIENTED_EDGE('',*,*,#4080,.F.);
#5886=ORIENTED_EDGE('',*,*,#4081,.F.);
#5887=ORIENTED_EDGE('',*,*,#4082,.F.);
#5888=ORIENTED_EDGE('',*,*,#4083,.F.);
#5889=ORIENTED_EDGE('',*,*,#4084,.F.);
#5890=ORIENTED_EDGE('',*,*,#4085,.F.);
#5891=ORIENTED_EDGE('',*,*,#4086,.F.);
#5892=ORIENTED_EDGE('',*,*,#4087,.F.);
#5893=ORIENTED_EDGE('',*,*,#4088,.F.);
#5894=ORIENTED_EDGE('',*,*,#4089,.F.);
#5895=ORIENTED_EDGE('',*,*,#4090,.F.);
#5896=ORIENTED_EDGE('',*,*,#4091,.F.);
#5897=ORIENTED_EDGE('',*,*,#4092,.F.);
#5898=ORIENTED_EDGE('',*,*,#4093,.F.);
#5899=ORIENTED_EDGE('',*,*,#4094,.F.);
#5900=ORIENTED_EDGE('',*,*,#4095,.F.);
#5901=ORIENTED_EDGE('',*,*,#4096,.F.);
#5902=ORIENTED_EDGE('',*,*,#4097,.F.);
#5903=ORIENTED_EDGE('',*,*,#4098,.F.);
#5904=ORIENTED_EDGE('',*,*,#4099,.F.);
#5905=ORIENTED_EDGE('',*,*,#4100,.F.);
#5906=ORIENTED_EDGE('',*,*,#4101,.F.);
#5907=ORIENTED_EDGE('',*,*,#4102,.F.);
#5908=ORIENTED_EDGE('',*,*,#4103,.F.);
#5909=ORIENTED_EDGE('',*,*,#4104,.F.);
#5910=ORIENTED_EDGE('',*,*,#4105,.F.);
#5911=ORIENTED_EDGE('',*,*,#4106,.F.);
#5912=ORIENTED_EDGE('',*,*,#4107,.F.);
#5913=ORIENTED_EDGE('',*,*,#4108,.F.);
#5914=ORIENTED_EDGE('',*,*,#4109,.F.);
#5915=ORIENTED_EDGE('',*,*,#4110,.F.);
#5916=ORIENTED_EDGE('',*,*,#4111,.F.);
#5917=ORIENTED_EDGE('',*,*,#4112,.F.);
#5918=ORIENTED_EDGE('',*,*,#4113,.F.);
#5919=ORIENTED_EDGE('',*,*,#4114,.F.);
#5920=ORIENTED_EDGE('',*,*,#4115,.F.);
#5921=ORIENTED_EDGE('',*,*,#4116,.F.);
#5922=ORIENTED_EDGE('',*,*,#4117,.F.);
#5923=ORIENTED_EDGE('',*,*,#4118,.F.);
#5924=ORIENTED_EDGE('',*,*,#4119,.F.);
#5925=ORIENTED_EDGE('',*,*,#4120,.F.);
#5926=ORIENTED_EDGE('',*,*,#4121,.F.);
#5927=ORIENTED_EDGE('',*,*,#4122,.F.);
#5928=ORIENTED_EDGE('',*,*,#4123,.F.);
#5929=ORIENTED_EDGE('',*,*,#4124,.F.);
#5930=ORIENTED_EDGE('',*,*,#4125,.F.);
#5931=ORIENTED_EDGE('',*,*,#4126,.F.);
#5932=ORIENTED_EDGE('',*,*,#4127,.F.);
#5933=ORIENTED_EDGE('',*,*,#4128,.F.);
#5934=ORIENTED_EDGE('',*,*,#4129,.F.);
#5935=ORIENTED_EDGE('',*,*,#4130,.F.);
#5936=ORIENTED_EDGE('',*,*,#4131,.F.);
#5937=ORIENTED_EDGE('',*,*,#4132,.F.);
#5938=ORIENTED_EDGE('',*,*,#4133,.F.);
#5939=ORIENTED_EDGE('',*,*,#4134,.F.);
#5940=ORIENTED_EDGE('',*,*,#4135,.F.);
#5941=ORIENTED_EDGE('',*,*,#4136,.F.);
#5942=ORIENTED_EDGE('',*,*,#4137,.F.);
#5943=ORIENTED_EDGE('',*,*,#4138,.F.);
#5944=ORIENTED_EDGE('',*,*,#4139,.F.);
#5945=ORIENTED_EDGE('',*,*,#4140,.F.);
#5946=ORIENTED_EDGE('',*,*,#4141,.F.);
#5947=ORIENTED_EDGE('',*,*,#4142,.F.);
#5948=ORIENTED_EDGE('',*,*,#4143,.F.);
#5949=ORIENTED_EDGE('',*,*,#4144,.F.);
#5950=ORIENTED_EDGE('',*,*,#4145,.F.);
#5951=ORIENTED_EDGE('',*,*,#4146,.F.);
#5952=ORIENTED_EDGE('',*,*,#4147,.F.);
#5953=ORIENTED_EDGE('',*,*,#4148,.F.);
#5954=ORIENTED_EDGE('',*,*,#4149,.F.);
#5955=ORIENTED_EDGE('',*,*,#4150,.F.);
#5956=ORIENTED_EDGE('',*,*,#4151,.F.);
#5957=ORIENTED_EDGE('',*,*,#4070,.F.);
#5958=ORIENTED_EDGE('',*,*,#4152,.T.);
#5959=ORIENTED_EDGE('',*,*,#4153,.T.);
#5960=ORIENTED_EDGE('',*,*,#4152,.F.);
#5961=ORIENTED_EDGE('',*,*,#3394,.F.);
#5962=ORIENTED_EDGE('',*,*,#3880,.T.);
#5963=ORIENTED_EDGE('',*,*,#4072,.T.);
#5964=ORIENTED_EDGE('',*,*,#4154,.F.);
#5965=ORIENTED_EDGE('',*,*,#4155,.F.);
#5966=ORIENTED_EDGE('',*,*,#4156,.T.);
#5967=ORIENTED_EDGE('',*,*,#4157,.T.);
#5968=ORIENTED_EDGE('',*,*,#4156,.F.);
#5969=ORIENTED_EDGE('',*,*,#4157,.F.);
#5970=ORIENTED_EDGE('',*,*,#4050,.F.);
#5971=ORIENTED_EDGE('',*,*,#4158,.F.);
#5972=ORIENTED_EDGE('',*,*,#4060,.F.);
#5973=ORIENTED_EDGE('',*,*,#4054,.F.);
#5974=ORIENTED_EDGE('',*,*,#4159,.F.);
#5975=ORIENTED_EDGE('',*,*,#4160,.T.);
#5976=ORIENTED_EDGE('',*,*,#4161,.T.);
#5977=ORIENTED_EDGE('',*,*,#4160,.F.);
#5978=ORIENTED_EDGE('',*,*,#4153,.F.);
#5979=ORIENTED_EDGE('',*,*,#4161,.F.);
#5980=ORIENTED_EDGE('',*,*,#3876,.F.);
#5981=ORIENTED_EDGE('',*,*,#4154,.T.);
#5982=ORIENTED_EDGE('',*,*,#4071,.T.);
#5983=ORIENTED_EDGE('',*,*,#4162,.F.);
#5984=ORIENTED_EDGE('',*,*,#3873,.F.);
#5985=ORIENTED_EDGE('',*,*,#4162,.T.);
#5986=ORIENTED_EDGE('',*,*,#4151,.T.);
#5987=ORIENTED_EDGE('',*,*,#4163,.F.);
#5988=ORIENTED_EDGE('',*,*,#3870,.F.);
#5989=ORIENTED_EDGE('',*,*,#4163,.T.);
#5990=ORIENTED_EDGE('',*,*,#4150,.T.);
#5991=ORIENTED_EDGE('',*,*,#4164,.F.);
#5992=ORIENTED_EDGE('',*,*,#3867,.F.);
#5993=ORIENTED_EDGE('',*,*,#4164,.T.);
#5994=ORIENTED_EDGE('',*,*,#4149,.T.);
#5995=ORIENTED_EDGE('',*,*,#4165,.F.);
#5996=ORIENTED_EDGE('',*,*,#3864,.F.);
#5997=ORIENTED_EDGE('',*,*,#4165,.T.);
#5998=ORIENTED_EDGE('',*,*,#4148,.T.);
#5999=ORIENTED_EDGE('',*,*,#4166,.F.);
#6000=ORIENTED_EDGE('',*,*,#3861,.F.);
#6001=ORIENTED_EDGE('',*,*,#4166,.T.);
#6002=ORIENTED_EDGE('',*,*,#4147,.T.);
#6003=ORIENTED_EDGE('',*,*,#4167,.F.);
#6004=ORIENTED_EDGE('',*,*,#3858,.F.);
#6005=ORIENTED_EDGE('',*,*,#4167,.T.);
#6006=ORIENTED_EDGE('',*,*,#4146,.T.);
#6007=ORIENTED_EDGE('',*,*,#4168,.F.);
#6008=ORIENTED_EDGE('',*,*,#3855,.F.);
#6009=ORIENTED_EDGE('',*,*,#4168,.T.);
#6010=ORIENTED_EDGE('',*,*,#4145,.T.);
#6011=ORIENTED_EDGE('',*,*,#4169,.F.);
#6012=ORIENTED_EDGE('',*,*,#3852,.F.);
#6013=ORIENTED_EDGE('',*,*,#4169,.T.);
#6014=ORIENTED_EDGE('',*,*,#4144,.T.);
#6015=ORIENTED_EDGE('',*,*,#4170,.F.);
#6016=ORIENTED_EDGE('',*,*,#3849,.F.);
#6017=ORIENTED_EDGE('',*,*,#4170,.T.);
#6018=ORIENTED_EDGE('',*,*,#4143,.T.);
#6019=ORIENTED_EDGE('',*,*,#4171,.F.);
#6020=ORIENTED_EDGE('',*,*,#3846,.F.);
#6021=ORIENTED_EDGE('',*,*,#4171,.T.);
#6022=ORIENTED_EDGE('',*,*,#4142,.T.);
#6023=ORIENTED_EDGE('',*,*,#4172,.F.);
#6024=ORIENTED_EDGE('',*,*,#3843,.F.);
#6025=ORIENTED_EDGE('',*,*,#4172,.T.);
#6026=ORIENTED_EDGE('',*,*,#4141,.T.);
#6027=ORIENTED_EDGE('',*,*,#4173,.F.);
#6028=ORIENTED_EDGE('',*,*,#3840,.F.);
#6029=ORIENTED_EDGE('',*,*,#4173,.T.);
#6030=ORIENTED_EDGE('',*,*,#4140,.T.);
#6031=ORIENTED_EDGE('',*,*,#4174,.F.);
#6032=ORIENTED_EDGE('',*,*,#3837,.F.);
#6033=ORIENTED_EDGE('',*,*,#4174,.T.);
#6034=ORIENTED_EDGE('',*,*,#4139,.T.);
#6035=ORIENTED_EDGE('',*,*,#4175,.F.);
#6036=ORIENTED_EDGE('',*,*,#3834,.F.);
#6037=ORIENTED_EDGE('',*,*,#4175,.T.);
#6038=ORIENTED_EDGE('',*,*,#4138,.T.);
#6039=ORIENTED_EDGE('',*,*,#4176,.F.);
#6040=ORIENTED_EDGE('',*,*,#3831,.F.);
#6041=ORIENTED_EDGE('',*,*,#4176,.T.);
#6042=ORIENTED_EDGE('',*,*,#4137,.T.);
#6043=ORIENTED_EDGE('',*,*,#4177,.F.);
#6044=ORIENTED_EDGE('',*,*,#3828,.F.);
#6045=ORIENTED_EDGE('',*,*,#4177,.T.);
#6046=ORIENTED_EDGE('',*,*,#4136,.T.);
#6047=ORIENTED_EDGE('',*,*,#4178,.F.);
#6048=ORIENTED_EDGE('',*,*,#3825,.F.);
#6049=ORIENTED_EDGE('',*,*,#4178,.T.);
#6050=ORIENTED_EDGE('',*,*,#4135,.T.);
#6051=ORIENTED_EDGE('',*,*,#4179,.F.);
#6052=ORIENTED_EDGE('',*,*,#3822,.F.);
#6053=ORIENTED_EDGE('',*,*,#4179,.T.);
#6054=ORIENTED_EDGE('',*,*,#4134,.T.);
#6055=ORIENTED_EDGE('',*,*,#4180,.F.);
#6056=ORIENTED_EDGE('',*,*,#3819,.F.);
#6057=ORIENTED_EDGE('',*,*,#4180,.T.);
#6058=ORIENTED_EDGE('',*,*,#4133,.T.);
#6059=ORIENTED_EDGE('',*,*,#4181,.F.);
#6060=ORIENTED_EDGE('',*,*,#3816,.F.);
#6061=ORIENTED_EDGE('',*,*,#4181,.T.);
#6062=ORIENTED_EDGE('',*,*,#4132,.T.);
#6063=ORIENTED_EDGE('',*,*,#4182,.F.);
#6064=ORIENTED_EDGE('',*,*,#3813,.F.);
#6065=ORIENTED_EDGE('',*,*,#4182,.T.);
#6066=ORIENTED_EDGE('',*,*,#4131,.T.);
#6067=ORIENTED_EDGE('',*,*,#4183,.F.);
#6068=ORIENTED_EDGE('',*,*,#3810,.F.);
#6069=ORIENTED_EDGE('',*,*,#4183,.T.);
#6070=ORIENTED_EDGE('',*,*,#4130,.T.);
#6071=ORIENTED_EDGE('',*,*,#4184,.F.);
#6072=ORIENTED_EDGE('',*,*,#3807,.F.);
#6073=ORIENTED_EDGE('',*,*,#4184,.T.);
#6074=ORIENTED_EDGE('',*,*,#4129,.T.);
#6075=ORIENTED_EDGE('',*,*,#4185,.F.);
#6076=ORIENTED_EDGE('',*,*,#3804,.F.);
#6077=ORIENTED_EDGE('',*,*,#4185,.T.);
#6078=ORIENTED_EDGE('',*,*,#4128,.T.);
#6079=ORIENTED_EDGE('',*,*,#4186,.F.);
#6080=ORIENTED_EDGE('',*,*,#3801,.F.);
#6081=ORIENTED_EDGE('',*,*,#4186,.T.);
#6082=ORIENTED_EDGE('',*,*,#4127,.T.);
#6083=ORIENTED_EDGE('',*,*,#4187,.F.);
#6084=ORIENTED_EDGE('',*,*,#3798,.F.);
#6085=ORIENTED_EDGE('',*,*,#4187,.T.);
#6086=ORIENTED_EDGE('',*,*,#4126,.T.);
#6087=ORIENTED_EDGE('',*,*,#4188,.F.);
#6088=ORIENTED_EDGE('',*,*,#3795,.F.);
#6089=ORIENTED_EDGE('',*,*,#4188,.T.);
#6090=ORIENTED_EDGE('',*,*,#4125,.T.);
#6091=ORIENTED_EDGE('',*,*,#4189,.F.);
#6092=ORIENTED_EDGE('',*,*,#3792,.F.);
#6093=ORIENTED_EDGE('',*,*,#4189,.T.);
#6094=ORIENTED_EDGE('',*,*,#4124,.T.);
#6095=ORIENTED_EDGE('',*,*,#4190,.F.);
#6096=ORIENTED_EDGE('',*,*,#3789,.F.);
#6097=ORIENTED_EDGE('',*,*,#4190,.T.);
#6098=ORIENTED_EDGE('',*,*,#4123,.T.);
#6099=ORIENTED_EDGE('',*,*,#4191,.F.);
#6100=ORIENTED_EDGE('',*,*,#3786,.F.);
#6101=ORIENTED_EDGE('',*,*,#4191,.T.);
#6102=ORIENTED_EDGE('',*,*,#4122,.T.);
#6103=ORIENTED_EDGE('',*,*,#4192,.F.);
#6104=ORIENTED_EDGE('',*,*,#3783,.F.);
#6105=ORIENTED_EDGE('',*,*,#4192,.T.);
#6106=ORIENTED_EDGE('',*,*,#4121,.T.);
#6107=ORIENTED_EDGE('',*,*,#4193,.F.);
#6108=ORIENTED_EDGE('',*,*,#3780,.F.);
#6109=ORIENTED_EDGE('',*,*,#4193,.T.);
#6110=ORIENTED_EDGE('',*,*,#4120,.T.);
#6111=ORIENTED_EDGE('',*,*,#4194,.F.);
#6112=ORIENTED_EDGE('',*,*,#3777,.F.);
#6113=ORIENTED_EDGE('',*,*,#4194,.T.);
#6114=ORIENTED_EDGE('',*,*,#4119,.T.);
#6115=ORIENTED_EDGE('',*,*,#4195,.F.);
#6116=ORIENTED_EDGE('',*,*,#3774,.F.);
#6117=ORIENTED_EDGE('',*,*,#4195,.T.);
#6118=ORIENTED_EDGE('',*,*,#4118,.T.);
#6119=ORIENTED_EDGE('',*,*,#4196,.F.);
#6120=ORIENTED_EDGE('',*,*,#3771,.F.);
#6121=ORIENTED_EDGE('',*,*,#4196,.T.);
#6122=ORIENTED_EDGE('',*,*,#4117,.T.);
#6123=ORIENTED_EDGE('',*,*,#4197,.F.);
#6124=ORIENTED_EDGE('',*,*,#3768,.F.);
#6125=ORIENTED_EDGE('',*,*,#4197,.T.);
#6126=ORIENTED_EDGE('',*,*,#4116,.T.);
#6127=ORIENTED_EDGE('',*,*,#4198,.F.);
#6128=ORIENTED_EDGE('',*,*,#3765,.F.);
#6129=ORIENTED_EDGE('',*,*,#4198,.T.);
#6130=ORIENTED_EDGE('',*,*,#4115,.T.);
#6131=ORIENTED_EDGE('',*,*,#4199,.F.);
#6132=ORIENTED_EDGE('',*,*,#3762,.F.);
#6133=ORIENTED_EDGE('',*,*,#4199,.T.);
#6134=ORIENTED_EDGE('',*,*,#4114,.T.);
#6135=ORIENTED_EDGE('',*,*,#4200,.F.);
#6136=ORIENTED_EDGE('',*,*,#3759,.F.);
#6137=ORIENTED_EDGE('',*,*,#4200,.T.);
#6138=ORIENTED_EDGE('',*,*,#4113,.T.);
#6139=ORIENTED_EDGE('',*,*,#4201,.F.);
#6140=ORIENTED_EDGE('',*,*,#3756,.F.);
#6141=ORIENTED_EDGE('',*,*,#4201,.T.);
#6142=ORIENTED_EDGE('',*,*,#4112,.T.);
#6143=ORIENTED_EDGE('',*,*,#4202,.F.);
#6144=ORIENTED_EDGE('',*,*,#3753,.F.);
#6145=ORIENTED_EDGE('',*,*,#4202,.T.);
#6146=ORIENTED_EDGE('',*,*,#4111,.T.);
#6147=ORIENTED_EDGE('',*,*,#4203,.F.);
#6148=ORIENTED_EDGE('',*,*,#3750,.F.);
#6149=ORIENTED_EDGE('',*,*,#4203,.T.);
#6150=ORIENTED_EDGE('',*,*,#4110,.T.);
#6151=ORIENTED_EDGE('',*,*,#4204,.F.);
#6152=ORIENTED_EDGE('',*,*,#3747,.F.);
#6153=ORIENTED_EDGE('',*,*,#4204,.T.);
#6154=ORIENTED_EDGE('',*,*,#4109,.T.);
#6155=ORIENTED_EDGE('',*,*,#4205,.F.);
#6156=ORIENTED_EDGE('',*,*,#3744,.F.);
#6157=ORIENTED_EDGE('',*,*,#4205,.T.);
#6158=ORIENTED_EDGE('',*,*,#4108,.T.);
#6159=ORIENTED_EDGE('',*,*,#4206,.F.);
#6160=ORIENTED_EDGE('',*,*,#3741,.F.);
#6161=ORIENTED_EDGE('',*,*,#4206,.T.);
#6162=ORIENTED_EDGE('',*,*,#4107,.T.);
#6163=ORIENTED_EDGE('',*,*,#4207,.F.);
#6164=ORIENTED_EDGE('',*,*,#3738,.F.);
#6165=ORIENTED_EDGE('',*,*,#4207,.T.);
#6166=ORIENTED_EDGE('',*,*,#4106,.T.);
#6167=ORIENTED_EDGE('',*,*,#4208,.F.);
#6168=ORIENTED_EDGE('',*,*,#3735,.F.);
#6169=ORIENTED_EDGE('',*,*,#4208,.T.);
#6170=ORIENTED_EDGE('',*,*,#4105,.T.);
#6171=ORIENTED_EDGE('',*,*,#4209,.F.);
#6172=ORIENTED_EDGE('',*,*,#3732,.F.);
#6173=ORIENTED_EDGE('',*,*,#4209,.T.);
#6174=ORIENTED_EDGE('',*,*,#4104,.T.);
#6175=ORIENTED_EDGE('',*,*,#4210,.F.);
#6176=ORIENTED_EDGE('',*,*,#3729,.F.);
#6177=ORIENTED_EDGE('',*,*,#4210,.T.);
#6178=ORIENTED_EDGE('',*,*,#4103,.T.);
#6179=ORIENTED_EDGE('',*,*,#4211,.F.);
#6180=ORIENTED_EDGE('',*,*,#3726,.F.);
#6181=ORIENTED_EDGE('',*,*,#4211,.T.);
#6182=ORIENTED_EDGE('',*,*,#4102,.T.);
#6183=ORIENTED_EDGE('',*,*,#4212,.F.);
#6184=ORIENTED_EDGE('',*,*,#3723,.F.);
#6185=ORIENTED_EDGE('',*,*,#4212,.T.);
#6186=ORIENTED_EDGE('',*,*,#4101,.T.);
#6187=ORIENTED_EDGE('',*,*,#4213,.F.);
#6188=ORIENTED_EDGE('',*,*,#3720,.F.);
#6189=ORIENTED_EDGE('',*,*,#4213,.T.);
#6190=ORIENTED_EDGE('',*,*,#4100,.T.);
#6191=ORIENTED_EDGE('',*,*,#4214,.F.);
#6192=ORIENTED_EDGE('',*,*,#3717,.F.);
#6193=ORIENTED_EDGE('',*,*,#4214,.T.);
#6194=ORIENTED_EDGE('',*,*,#4099,.T.);
#6195=ORIENTED_EDGE('',*,*,#4215,.F.);
#6196=ORIENTED_EDGE('',*,*,#3714,.F.);
#6197=ORIENTED_EDGE('',*,*,#4215,.T.);
#6198=ORIENTED_EDGE('',*,*,#4098,.T.);
#6199=ORIENTED_EDGE('',*,*,#4216,.F.);
#6200=ORIENTED_EDGE('',*,*,#3711,.F.);
#6201=ORIENTED_EDGE('',*,*,#4216,.T.);
#6202=ORIENTED_EDGE('',*,*,#4097,.T.);
#6203=ORIENTED_EDGE('',*,*,#4217,.F.);
#6204=ORIENTED_EDGE('',*,*,#3708,.F.);
#6205=ORIENTED_EDGE('',*,*,#4217,.T.);
#6206=ORIENTED_EDGE('',*,*,#4096,.T.);
#6207=ORIENTED_EDGE('',*,*,#4218,.F.);
#6208=ORIENTED_EDGE('',*,*,#3705,.F.);
#6209=ORIENTED_EDGE('',*,*,#4218,.T.);
#6210=ORIENTED_EDGE('',*,*,#4095,.T.);
#6211=ORIENTED_EDGE('',*,*,#4219,.F.);
#6212=ORIENTED_EDGE('',*,*,#3702,.F.);
#6213=ORIENTED_EDGE('',*,*,#4219,.T.);
#6214=ORIENTED_EDGE('',*,*,#4094,.T.);
#6215=ORIENTED_EDGE('',*,*,#4220,.F.);
#6216=ORIENTED_EDGE('',*,*,#3699,.F.);
#6217=ORIENTED_EDGE('',*,*,#4220,.T.);
#6218=ORIENTED_EDGE('',*,*,#4093,.T.);
#6219=ORIENTED_EDGE('',*,*,#4221,.F.);
#6220=ORIENTED_EDGE('',*,*,#3696,.F.);
#6221=ORIENTED_EDGE('',*,*,#4221,.T.);
#6222=ORIENTED_EDGE('',*,*,#4092,.T.);
#6223=ORIENTED_EDGE('',*,*,#4222,.F.);
#6224=ORIENTED_EDGE('',*,*,#3693,.F.);
#6225=ORIENTED_EDGE('',*,*,#4222,.T.);
#6226=ORIENTED_EDGE('',*,*,#4091,.T.);
#6227=ORIENTED_EDGE('',*,*,#4223,.F.);
#6228=ORIENTED_EDGE('',*,*,#3690,.F.);
#6229=ORIENTED_EDGE('',*,*,#4223,.T.);
#6230=ORIENTED_EDGE('',*,*,#4090,.T.);
#6231=ORIENTED_EDGE('',*,*,#4224,.F.);
#6232=ORIENTED_EDGE('',*,*,#3687,.F.);
#6233=ORIENTED_EDGE('',*,*,#4224,.T.);
#6234=ORIENTED_EDGE('',*,*,#4089,.T.);
#6235=ORIENTED_EDGE('',*,*,#4225,.F.);
#6236=ORIENTED_EDGE('',*,*,#3684,.F.);
#6237=ORIENTED_EDGE('',*,*,#4225,.T.);
#6238=ORIENTED_EDGE('',*,*,#4088,.T.);
#6239=ORIENTED_EDGE('',*,*,#4226,.F.);
#6240=ORIENTED_EDGE('',*,*,#3681,.F.);
#6241=ORIENTED_EDGE('',*,*,#4226,.T.);
#6242=ORIENTED_EDGE('',*,*,#4087,.T.);
#6243=ORIENTED_EDGE('',*,*,#4227,.F.);
#6244=ORIENTED_EDGE('',*,*,#3678,.F.);
#6245=ORIENTED_EDGE('',*,*,#4227,.T.);
#6246=ORIENTED_EDGE('',*,*,#4086,.T.);
#6247=ORIENTED_EDGE('',*,*,#4228,.F.);
#6248=ORIENTED_EDGE('',*,*,#3675,.F.);
#6249=ORIENTED_EDGE('',*,*,#4228,.T.);
#6250=ORIENTED_EDGE('',*,*,#4085,.T.);
#6251=ORIENTED_EDGE('',*,*,#4229,.F.);
#6252=ORIENTED_EDGE('',*,*,#3672,.F.);
#6253=ORIENTED_EDGE('',*,*,#4229,.T.);
#6254=ORIENTED_EDGE('',*,*,#4084,.T.);
#6255=ORIENTED_EDGE('',*,*,#4230,.F.);
#6256=ORIENTED_EDGE('',*,*,#3669,.F.);
#6257=ORIENTED_EDGE('',*,*,#4230,.T.);
#6258=ORIENTED_EDGE('',*,*,#4083,.T.);
#6259=ORIENTED_EDGE('',*,*,#4231,.F.);
#6260=ORIENTED_EDGE('',*,*,#3666,.F.);
#6261=ORIENTED_EDGE('',*,*,#4231,.T.);
#6262=ORIENTED_EDGE('',*,*,#4082,.T.);
#6263=ORIENTED_EDGE('',*,*,#4232,.F.);
#6264=ORIENTED_EDGE('',*,*,#3663,.F.);
#6265=ORIENTED_EDGE('',*,*,#4232,.T.);
#6266=ORIENTED_EDGE('',*,*,#4081,.T.);
#6267=ORIENTED_EDGE('',*,*,#4233,.F.);
#6268=ORIENTED_EDGE('',*,*,#3660,.F.);
#6269=ORIENTED_EDGE('',*,*,#4233,.T.);
#6270=ORIENTED_EDGE('',*,*,#4080,.T.);
#6271=ORIENTED_EDGE('',*,*,#4234,.F.);
#6272=ORIENTED_EDGE('',*,*,#3657,.F.);
#6273=ORIENTED_EDGE('',*,*,#4234,.T.);
#6274=ORIENTED_EDGE('',*,*,#4079,.T.);
#6275=ORIENTED_EDGE('',*,*,#4235,.F.);
#6276=ORIENTED_EDGE('',*,*,#3654,.F.);
#6277=ORIENTED_EDGE('',*,*,#4235,.T.);
#6278=ORIENTED_EDGE('',*,*,#4078,.T.);
#6279=ORIENTED_EDGE('',*,*,#4236,.F.);
#6280=ORIENTED_EDGE('',*,*,#3651,.F.);
#6281=ORIENTED_EDGE('',*,*,#4236,.T.);
#6282=ORIENTED_EDGE('',*,*,#4077,.T.);
#6283=ORIENTED_EDGE('',*,*,#4237,.F.);
#6284=ORIENTED_EDGE('',*,*,#3648,.F.);
#6285=ORIENTED_EDGE('',*,*,#4237,.T.);
#6286=ORIENTED_EDGE('',*,*,#4076,.T.);
#6287=ORIENTED_EDGE('',*,*,#4238,.F.);
#6288=ORIENTED_EDGE('',*,*,#3645,.F.);
#6289=ORIENTED_EDGE('',*,*,#4238,.T.);
#6290=ORIENTED_EDGE('',*,*,#4075,.T.);
#6291=ORIENTED_EDGE('',*,*,#4239,.F.);
#6292=ORIENTED_EDGE('',*,*,#3642,.F.);
#6293=ORIENTED_EDGE('',*,*,#4239,.T.);
#6294=ORIENTED_EDGE('',*,*,#4074,.T.);
#6295=ORIENTED_EDGE('',*,*,#4240,.F.);
#6296=ORIENTED_EDGE('',*,*,#3639,.F.);
#6297=ORIENTED_EDGE('',*,*,#4240,.T.);
#6298=ORIENTED_EDGE('',*,*,#4073,.T.);
#6299=ORIENTED_EDGE('',*,*,#4039,.F.);
#6300=ORIENTED_EDGE('',*,*,#4045,.T.);
#6301=ORIENTED_EDGE('',*,*,#4063,.T.);
#6302=ORIENTED_EDGE('',*,*,#4061,.F.);
#6303=ORIENTED_EDGE('',*,*,#4158,.T.);
#6304=ORIENTED_EDGE('',*,*,#4049,.F.);
#6305=ORIENTED_EDGE('',*,*,#4053,.T.);
#6306=ORIENTED_EDGE('',*,*,#4066,.F.);
#6307=ORIENTED_EDGE('',*,*,#4069,.T.);
#6308=ORIENTED_EDGE('',*,*,#4067,.F.);
#6309=ORIENTED_EDGE('',*,*,#4159,.T.);
#6310=ORIENTED_EDGE('',*,*,#4155,.T.);
#6311=PLANE('',#6776);
#6312=PLANE('',#6777);
#6313=PLANE('',#6778);
#6314=PLANE('',#6779);
#6315=PLANE('',#6780);
#6316=PLANE('',#6781);
#6317=PLANE('',#6782);
#6318=PLANE('',#6783);
#6319=PLANE('',#6793);
#6320=PLANE('',#6794);
#6321=PLANE('',#6795);
#6322=PLANE('',#6798);
#6323=PLANE('',#6802);
#6324=PLANE('',#6806);
#6325=PLANE('',#6810);
#6326=PLANE('',#6814);
#6327=PLANE('',#6821);
#6328=PLANE('',#6832);
#6329=PLANE('',#6833);
#6330=PLANE('',#6834);
#6331=PLANE('',#6835);
#6332=PLANE('',#6836);
#6333=PLANE('',#6837);
#6334=PLANE('',#6838);
#6335=PLANE('',#6839);
#6336=PLANE('',#6840);
#6337=PLANE('',#6841);
#6338=PLANE('',#6842);
#6339=PLANE('',#6843);
#6340=PLANE('',#7411);
#6341=PLANE('',#7422);
#6342=PLANE('',#7423);
#6343=PLANE('',#7429);
#6344=PLANE('',#7434);
#6345=PLANE('',#7435);
#6346=PLANE('',#7524);
#6347=PLANE('',#7525);
#6348=PLANE('',#7529);
#6349=PLANE('',#7610);
#6350=PLANE('',#7611);
#6351=ADVANCED_FACE('',(#1145),#6311,.F.);
#6352=ADVANCED_FACE('',(#1146),#6312,.F.);
#6353=ADVANCED_FACE('',(#1147),#6313,.F.);
#6354=ADVANCED_FACE('',(#1148),#6314,.F.);
#6355=ADVANCED_FACE('',(#1149),#6315,.F.);
#6356=ADVANCED_FACE('',(#1150),#6316,.F.);
#6357=ADVANCED_FACE('',(#1151),#6317,.F.);
#6358=ADVANCED_FACE('',(#1152,#597),#6318,.T.);
#6359=ADVANCED_FACE('',(#1153),#6319,.F.);
#6360=ADVANCED_FACE('',(#1154),#6320,.F.);
#6361=ADVANCED_FACE('',(#1155),#6321,.F.);
#6362=ADVANCED_FACE('',(#1156),#414,.F.);
#6363=ADVANCED_FACE('',(#1157,#598),#6322,.T.);
#6364=ADVANCED_FACE('',(#1158),#415,.F.);
#6365=ADVANCED_FACE('',(#1159,#599),#6323,.T.);
#6366=ADVANCED_FACE('',(#1160),#416,.F.);
#6367=ADVANCED_FACE('',(#1161,#600),#6324,.T.);
#6368=ADVANCED_FACE('',(#1162),#417,.F.);
#6369=ADVANCED_FACE('',(#1163,#601),#6325,.T.);
#6370=ADVANCED_FACE('',(#1164),#418,.F.);
#6371=ADVANCED_FACE('',(#1165),#6326,.F.);
#6372=ADVANCED_FACE('',(#1166),#419,.F.);
#6373=ADVANCED_FACE('',(#1167),#420,.F.);
#6374=ADVANCED_FACE('',(#1168),#421,.F.);
#6375=ADVANCED_FACE('',(#1169),#6327,.F.);
#6376=ADVANCED_FACE('',(#1170),#422,.F.);
#6377=ADVANCED_FACE('',(#1171),#423,.F.);
#6378=ADVANCED_FACE('',(#1172),#424,.F.);
#6379=ADVANCED_FACE('',(#1173),#425,.F.);
#6380=ADVANCED_FACE('',(#1174),#426,.T.);
#6381=ADVANCED_FACE('',(#1175,#602,#603,#604,#605,#606),#6328,.F.);
#6382=ADVANCED_FACE('',(#1176),#386,.F.);
#6383=ADVANCED_FACE('',(#1177),#387,.F.);
#6384=ADVANCED_FACE('',(#1178),#388,.F.);
#6385=ADVANCED_FACE('',(#1179),#6329,.F.);
#6386=ADVANCED_FACE('',(#1180),#389,.F.);
#6387=ADVANCED_FACE('',(#1181),#390,.F.);
#6388=ADVANCED_FACE('',(#1182),#391,.F.);
#6389=ADVANCED_FACE('',(#1183),#6330,.F.);
#6390=ADVANCED_FACE('',(#1184),#6331,.F.);
#6391=ADVANCED_FACE('',(#1185),#6332,.F.);
#6392=ADVANCED_FACE('',(#1186),#6333,.F.);
#6393=ADVANCED_FACE('',(#1187),#6334,.T.);
#6394=ADVANCED_FACE('',(#1188),#392,.F.);
#6395=ADVANCED_FACE('',(#1189),#393,.F.);
#6396=ADVANCED_FACE('',(#1190),#394,.F.);
#6397=ADVANCED_FACE('',(#1191),#395,.F.);
#6398=ADVANCED_FACE('',(#1192),#396,.F.);
#6399=ADVANCED_FACE('',(#1193),#397,.F.);
#6400=ADVANCED_FACE('',(#1194),#398,.F.);
#6401=ADVANCED_FACE('',(#1195),#399,.F.);
#6402=ADVANCED_FACE('',(#1196),#400,.F.);
#6403=ADVANCED_FACE('',(#1197),#6335,.F.);
#6404=ADVANCED_FACE('',(#1198),#401,.F.);
#6405=ADVANCED_FACE('',(#1199),#402,.F.);
#6406=ADVANCED_FACE('',(#1200),#403,.F.);
#6407=ADVANCED_FACE('',(#1201),#404,.F.);
#6408=ADVANCED_FACE('',(#1202),#405,.F.);
#6409=ADVANCED_FACE('',(#1203),#406,.F.);
#6410=ADVANCED_FACE('',(#1204),#407,.F.);
#6411=ADVANCED_FACE('',(#1205),#408,.F.);
#6412=ADVANCED_FACE('',(#1206),#409,.F.);
#6413=ADVANCED_FACE('',(#1207),#6336,.F.);
#6414=ADVANCED_FACE('',(#1208),#6337,.F.);
#6415=ADVANCED_FACE('',(#1209),#6338,.F.);
#6416=ADVANCED_FACE('',(#1210),#6339,.T.);
#6417=ADVANCED_FACE('',(#1211),#95,.T.);
#6418=ADVANCED_FACE('',(#1212),#96,.T.);
#6419=ADVANCED_FACE('',(#1213),#97,.T.);
#6420=ADVANCED_FACE('',(#1214),#13,.F.);
#6421=ADVANCED_FACE('',(#1215),#14,.F.);
#6422=ADVANCED_FACE('',(#1216),#15,.F.);
#6423=ADVANCED_FACE('',(#1217),#98,.T.);
#6424=ADVANCED_FACE('',(#1218),#99,.T.);
#6425=ADVANCED_FACE('',(#1219),#100,.T.);
#6426=ADVANCED_FACE('',(#1220),#16,.F.);
#6427=ADVANCED_FACE('',(#1221),#17,.F.);
#6428=ADVANCED_FACE('',(#1222),#18,.F.);
#6429=ADVANCED_FACE('',(#1223),#101,.T.);
#6430=ADVANCED_FACE('',(#1224),#102,.T.);
#6431=ADVANCED_FACE('',(#1225),#103,.T.);
#6432=ADVANCED_FACE('',(#1226),#19,.F.);
#6433=ADVANCED_FACE('',(#1227),#20,.F.);
#6434=ADVANCED_FACE('',(#1228),#21,.F.);
#6435=ADVANCED_FACE('',(#1229),#104,.T.);
#6436=ADVANCED_FACE('',(#1230),#105,.T.);
#6437=ADVANCED_FACE('',(#1231),#106,.T.);
#6438=ADVANCED_FACE('',(#1232),#22,.F.);
#6439=ADVANCED_FACE('',(#1233),#23,.F.);
#6440=ADVANCED_FACE('',(#1234),#24,.F.);
#6441=ADVANCED_FACE('',(#1235),#107,.T.);
#6442=ADVANCED_FACE('',(#1236),#108,.T.);
#6443=ADVANCED_FACE('',(#1237),#109,.T.);
#6444=ADVANCED_FACE('',(#1238),#25,.F.);
#6445=ADVANCED_FACE('',(#1239),#26,.F.);
#6446=ADVANCED_FACE('',(#1240),#27,.F.);
#6447=ADVANCED_FACE('',(#1241),#110,.T.);
#6448=ADVANCED_FACE('',(#1242),#111,.T.);
#6449=ADVANCED_FACE('',(#1243),#112,.T.);
#6450=ADVANCED_FACE('',(#1244),#28,.F.);
#6451=ADVANCED_FACE('',(#1245),#29,.F.);
#6452=ADVANCED_FACE('',(#1246),#30,.F.);
#6453=ADVANCED_FACE('',(#1247),#113,.T.);
#6454=ADVANCED_FACE('',(#1248),#114,.T.);
#6455=ADVANCED_FACE('',(#1249),#115,.T.);
#6456=ADVANCED_FACE('',(#1250),#31,.F.);
#6457=ADVANCED_FACE('',(#1251),#32,.F.);
#6458=ADVANCED_FACE('',(#1252),#33,.F.);
#6459=ADVANCED_FACE('',(#1253),#116,.T.);
#6460=ADVANCED_FACE('',(#1254),#117,.T.);
#6461=ADVANCED_FACE('',(#1255),#118,.T.);
#6462=ADVANCED_FACE('',(#1256),#34,.F.);
#6463=ADVANCED_FACE('',(#1257),#35,.F.);
#6464=ADVANCED_FACE('',(#1258),#36,.F.);
#6465=ADVANCED_FACE('',(#1259),#119,.T.);
#6466=ADVANCED_FACE('',(#1260),#120,.T.);
#6467=ADVANCED_FACE('',(#1261),#121,.T.);
#6468=ADVANCED_FACE('',(#1262),#37,.F.);
#6469=ADVANCED_FACE('',(#1263),#38,.F.);
#6470=ADVANCED_FACE('',(#1264),#39,.F.);
#6471=ADVANCED_FACE('',(#1265),#122,.T.);
#6472=ADVANCED_FACE('',(#1266),#123,.T.);
#6473=ADVANCED_FACE('',(#1267),#124,.T.);
#6474=ADVANCED_FACE('',(#1268),#40,.F.);
#6475=ADVANCED_FACE('',(#1269),#41,.F.);
#6476=ADVANCED_FACE('',(#1270),#42,.F.);
#6477=ADVANCED_FACE('',(#1271),#125,.T.);
#6478=ADVANCED_FACE('',(#1272),#126,.T.);
#6479=ADVANCED_FACE('',(#1273),#127,.T.);
#6480=ADVANCED_FACE('',(#1274),#43,.F.);
#6481=ADVANCED_FACE('',(#1275),#44,.F.);
#6482=ADVANCED_FACE('',(#1276),#45,.F.);
#6483=ADVANCED_FACE('',(#1277),#128,.T.);
#6484=ADVANCED_FACE('',(#1278),#129,.T.);
#6485=ADVANCED_FACE('',(#1279),#130,.T.);
#6486=ADVANCED_FACE('',(#1280),#46,.F.);
#6487=ADVANCED_FACE('',(#1281),#47,.F.);
#6488=ADVANCED_FACE('',(#1282),#48,.F.);
#6489=ADVANCED_FACE('',(#1283),#131,.T.);
#6490=ADVANCED_FACE('',(#1284),#132,.T.);
#6491=ADVANCED_FACE('',(#1285),#133,.T.);
#6492=ADVANCED_FACE('',(#1286),#49,.F.);
#6493=ADVANCED_FACE('',(#1287),#50,.F.);
#6494=ADVANCED_FACE('',(#1288),#51,.F.);
#6495=ADVANCED_FACE('',(#1289),#134,.T.);
#6496=ADVANCED_FACE('',(#1290),#135,.T.);
#6497=ADVANCED_FACE('',(#1291),#52,.F.);
#6498=ADVANCED_FACE('',(#1292),#136,.T.);
#6499=ADVANCED_FACE('',(#1293),#53,.F.);
#6500=ADVANCED_FACE('',(#1294),#54,.F.);
#6501=ADVANCED_FACE('',(#1295),#137,.T.);
#6502=ADVANCED_FACE('',(#1296),#138,.T.);
#6503=ADVANCED_FACE('',(#1297),#139,.T.);
#6504=ADVANCED_FACE('',(#1298),#55,.F.);
#6505=ADVANCED_FACE('',(#1299),#56,.F.);
#6506=ADVANCED_FACE('',(#1300),#57,.F.);
#6507=ADVANCED_FACE('',(#1301),#140,.T.);
#6508=ADVANCED_FACE('',(#1302),#141,.T.);
#6509=ADVANCED_FACE('',(#1303),#142,.T.);
#6510=ADVANCED_FACE('',(#1304),#58,.F.);
#6511=ADVANCED_FACE('',(#1305),#59,.F.);
#6512=ADVANCED_FACE('',(#1306),#60,.F.);
#6513=ADVANCED_FACE('',(#1307),#143,.T.);
#6514=ADVANCED_FACE('',(#1308),#144,.T.);
#6515=ADVANCED_FACE('',(#1309),#145,.T.);
#6516=ADVANCED_FACE('',(#1310),#61,.F.);
#6517=ADVANCED_FACE('',(#1311),#62,.F.);
#6518=ADVANCED_FACE('',(#1312),#63,.F.);
#6519=ADVANCED_FACE('',(#1313),#146,.T.);
#6520=ADVANCED_FACE('',(#1314),#147,.T.);
#6521=ADVANCED_FACE('',(#1315),#148,.T.);
#6522=ADVANCED_FACE('',(#1316),#64,.F.);
#6523=ADVANCED_FACE('',(#1317),#65,.F.);
#6524=ADVANCED_FACE('',(#1318),#66,.F.);
#6525=ADVANCED_FACE('',(#1319),#149,.T.);
#6526=ADVANCED_FACE('',(#1320),#150,.T.);
#6527=ADVANCED_FACE('',(#1321),#151,.T.);
#6528=ADVANCED_FACE('',(#1322),#67,.F.);
#6529=ADVANCED_FACE('',(#1323),#68,.F.);
#6530=ADVANCED_FACE('',(#1324),#69,.F.);
#6531=ADVANCED_FACE('',(#1325),#152,.T.);
#6532=ADVANCED_FACE('',(#1326),#153,.T.);
#6533=ADVANCED_FACE('',(#1327),#154,.T.);
#6534=ADVANCED_FACE('',(#1328),#70,.F.);
#6535=ADVANCED_FACE('',(#1329),#71,.F.);
#6536=ADVANCED_FACE('',(#1330),#72,.F.);
#6537=ADVANCED_FACE('',(#1331),#155,.T.);
#6538=ADVANCED_FACE('',(#1332),#156,.T.);
#6539=ADVANCED_FACE('',(#1333),#157,.T.);
#6540=ADVANCED_FACE('',(#1334),#73,.F.);
#6541=ADVANCED_FACE('',(#1335),#74,.F.);
#6542=ADVANCED_FACE('',(#1336),#75,.F.);
#6543=ADVANCED_FACE('',(#1337),#158,.T.);
#6544=ADVANCED_FACE('',(#1338),#159,.T.);
#6545=ADVANCED_FACE('',(#1339),#160,.T.);
#6546=ADVANCED_FACE('',(#1340),#76,.F.);
#6547=ADVANCED_FACE('',(#1341),#77,.F.);
#6548=ADVANCED_FACE('',(#1342),#78,.F.);
#6549=ADVANCED_FACE('',(#1343),#161,.T.);
#6550=ADVANCED_FACE('',(#1344),#162,.T.);
#6551=ADVANCED_FACE('',(#1345),#163,.T.);
#6552=ADVANCED_FACE('',(#1346),#79,.F.);
#6553=ADVANCED_FACE('',(#1347),#80,.F.);
#6554=ADVANCED_FACE('',(#1348),#81,.F.);
#6555=ADVANCED_FACE('',(#1349),#164,.T.);
#6556=ADVANCED_FACE('',(#1350),#165,.T.);
#6557=ADVANCED_FACE('',(#1351),#166,.T.);
#6558=ADVANCED_FACE('',(#1352),#82,.F.);
#6559=ADVANCED_FACE('',(#1353),#83,.F.);
#6560=ADVANCED_FACE('',(#1354),#84,.F.);
#6561=ADVANCED_FACE('',(#1355),#167,.T.);
#6562=ADVANCED_FACE('',(#1356),#168,.T.);
#6563=ADVANCED_FACE('',(#1357),#169,.T.);
#6564=ADVANCED_FACE('',(#1358),#85,.F.);
#6565=ADVANCED_FACE('',(#1359),#86,.F.);
#6566=ADVANCED_FACE('',(#1360),#87,.F.);
#6567=ADVANCED_FACE('',(#1361),#170,.T.);
#6568=ADVANCED_FACE('',(#1362),#171,.T.);
#6569=ADVANCED_FACE('',(#1363),#172,.T.);
#6570=ADVANCED_FACE('',(#1364),#88,.F.);
#6571=ADVANCED_FACE('',(#1365),#89,.F.);
#6572=ADVANCED_FACE('',(#1366),#90,.F.);
#6573=ADVANCED_FACE('',(#1367),#173,.T.);
#6574=ADVANCED_FACE('',(#1368),#174,.T.);
#6575=ADVANCED_FACE('',(#1369),#175,.T.);
#6576=ADVANCED_FACE('',(#1370),#91,.F.);
#6577=ADVANCED_FACE('',(#1371),#92,.F.);
#6578=ADVANCED_FACE('',(#1372),#93,.F.);
#6579=ADVANCED_FACE('',(#1373),#427,.F.);
#6580=ADVANCED_FACE('',(#1374),#428,.F.);
#6581=ADVANCED_FACE('',(#1375),#429,.T.);
#6582=ADVANCED_FACE('',(#1376),#430,.T.);
#6583=ADVANCED_FACE('',(#1377),#431,.T.);
#6584=ADVANCED_FACE('',(#1378),#432,.F.);
#6585=ADVANCED_FACE('',(#1379),#433,.F.);
#6586=ADVANCED_FACE('',(#1380),#434,.F.);
#6587=ADVANCED_FACE('',(#1381),#435,.T.);
#6588=ADVANCED_FACE('',(#1382),#436,.T.);
#6589=ADVANCED_FACE('',(#1383),#437,.T.);
#6590=ADVANCED_FACE('',(#1384),#438,.F.);
#6591=ADVANCED_FACE('',(#1385),#439,.F.);
#6592=ADVANCED_FACE('',(#1386),#440,.F.);
#6593=ADVANCED_FACE('',(#1387),#441,.T.);
#6594=ADVANCED_FACE('',(#1388),#442,.T.);
#6595=ADVANCED_FACE('',(#1389),#443,.T.);
#6596=ADVANCED_FACE('',(#1390),#444,.F.);
#6597=ADVANCED_FACE('',(#1391),#445,.F.);
#6598=ADVANCED_FACE('',(#1392),#446,.F.);
#6599=ADVANCED_FACE('',(#1393),#447,.T.);
#6600=ADVANCED_FACE('',(#1394),#448,.T.);
#6601=ADVANCED_FACE('',(#1395),#449,.T.);
#6602=ADVANCED_FACE('',(#1396),#450,.F.);
#6603=ADVANCED_FACE('',(#1397),#451,.F.);
#6604=ADVANCED_FACE('',(#1398),#452,.F.);
#6605=ADVANCED_FACE('',(#1399),#453,.T.);
#6606=ADVANCED_FACE('',(#1400),#454,.T.);
#6607=ADVANCED_FACE('',(#1401),#455,.T.);
#6608=ADVANCED_FACE('',(#1402),#456,.F.);
#6609=ADVANCED_FACE('',(#1403),#457,.F.);
#6610=ADVANCED_FACE('',(#1404),#458,.F.);
#6611=ADVANCED_FACE('',(#1405),#459,.T.);
#6612=ADVANCED_FACE('',(#1406),#460,.T.);
#6613=ADVANCED_FACE('',(#1407),#461,.T.);
#6614=ADVANCED_FACE('',(#1408),#462,.F.);
#6615=ADVANCED_FACE('',(#1409),#463,.F.);
#6616=ADVANCED_FACE('',(#1410),#464,.F.);
#6617=ADVANCED_FACE('',(#1411),#465,.T.);
#6618=ADVANCED_FACE('',(#1412),#466,.T.);
#6619=ADVANCED_FACE('',(#1413),#467,.T.);
#6620=ADVANCED_FACE('',(#1414),#468,.F.);
#6621=ADVANCED_FACE('',(#1415),#469,.F.);
#6622=ADVANCED_FACE('',(#1416),#470,.F.);
#6623=ADVANCED_FACE('',(#1417),#471,.T.);
#6624=ADVANCED_FACE('',(#1418),#472,.T.);
#6625=ADVANCED_FACE('',(#1419),#473,.T.);
#6626=ADVANCED_FACE('',(#1420),#474,.F.);
#6627=ADVANCED_FACE('',(#1421),#475,.F.);
#6628=ADVANCED_FACE('',(#1422),#476,.F.);
#6629=ADVANCED_FACE('',(#1423),#477,.T.);
#6630=ADVANCED_FACE('',(#1424),#478,.T.);
#6631=ADVANCED_FACE('',(#1425),#479,.T.);
#6632=ADVANCED_FACE('',(#1426),#480,.F.);
#6633=ADVANCED_FACE('',(#1427),#481,.F.);
#6634=ADVANCED_FACE('',(#1428),#482,.F.);
#6635=ADVANCED_FACE('',(#1429),#483,.T.);
#6636=ADVANCED_FACE('',(#1430),#484,.T.);
#6637=ADVANCED_FACE('',(#1431),#485,.T.);
#6638=ADVANCED_FACE('',(#1432),#486,.F.);
#6639=ADVANCED_FACE('',(#1433),#487,.F.);
#6640=ADVANCED_FACE('',(#1434),#488,.F.);
#6641=ADVANCED_FACE('',(#1435),#489,.T.);
#6642=ADVANCED_FACE('',(#1436),#490,.T.);
#6643=ADVANCED_FACE('',(#1437),#491,.T.);
#6644=ADVANCED_FACE('',(#1438),#492,.F.);
#6645=ADVANCED_FACE('',(#1439),#493,.F.);
#6646=ADVANCED_FACE('',(#1440),#494,.F.);
#6647=ADVANCED_FACE('',(#1441),#495,.T.);
#6648=ADVANCED_FACE('',(#1442),#496,.T.);
#6649=ADVANCED_FACE('',(#1443),#497,.T.);
#6650=ADVANCED_FACE('',(#1444),#498,.F.);
#6651=ADVANCED_FACE('',(#1445),#499,.F.);
#6652=ADVANCED_FACE('',(#1446),#500,.F.);
#6653=ADVANCED_FACE('',(#1447),#501,.T.);
#6654=ADVANCED_FACE('',(#1448),#502,.T.);
#6655=ADVANCED_FACE('',(#1449),#503,.T.);
#6656=ADVANCED_FACE('',(#1450),#504,.F.);
#6657=ADVANCED_FACE('',(#1451),#505,.F.);
#6658=ADVANCED_FACE('',(#1452),#506,.F.);
#6659=ADVANCED_FACE('',(#1453),#507,.T.);
#6660=ADVANCED_FACE('',(#1454,#607),#6340,.F.);
#6661=ADVANCED_FACE('',(#1455),#94,.T.);
#6662=ADVANCED_FACE('',(#1456),#508,.T.);
#6663=ADVANCED_FACE('',(#1457),#509,.T.);
#6664=ADVANCED_FACE('',(#1458),#6341,.T.);
#6665=ADVANCED_FACE('',(#1459,#608,#609),#6342,.T.);
#6666=ADVANCED_FACE('',(#1460),#510,.T.);
#6667=ADVANCED_FACE('',(#1461),#6343,.T.);
#6668=ADVANCED_FACE('',(#1462),#511,.T.);
#6669=ADVANCED_FACE('',(#1463),#512,.T.);
#6670=ADVANCED_FACE('',(#1464),#6344,.T.);
#6671=ADVANCED_FACE('',(#1465,#610),#6345,.F.);
#6672=ADVANCED_FACE('',(#1466),#513,.T.);
#6673=ADVANCED_FACE('',(#1467),#514,.F.);
#6674=ADVANCED_FACE('',(#1468),#515,.F.);
#6675=ADVANCED_FACE('',(#1469),#6346,.T.);
#6676=ADVANCED_FACE('',(#1470),#6347,.T.);
#6677=ADVANCED_FACE('',(#1471),#516,.T.);
#6678=ADVANCED_FACE('',(#1472,#611),#6348,.T.);
#6679=ADVANCED_FACE('',(#1473),#517,.T.);
#6680=ADVANCED_FACE('',(#1474),#518,.T.);
#6681=ADVANCED_FACE('',(#1475),#519,.T.);
#6682=ADVANCED_FACE('',(#1476),#520,.F.);
#6683=ADVANCED_FACE('',(#1477),#521,.F.);
#6684=ADVANCED_FACE('',(#1478),#522,.F.);
#6685=ADVANCED_FACE('',(#1479),#523,.T.);
#6686=ADVANCED_FACE('',(#1480),#524,.T.);
#6687=ADVANCED_FACE('',(#1481),#525,.T.);
#6688=ADVANCED_FACE('',(#1482),#526,.F.);
#6689=ADVANCED_FACE('',(#1483),#527,.F.);
#6690=ADVANCED_FACE('',(#1484),#528,.F.);
#6691=ADVANCED_FACE('',(#1485),#529,.T.);
#6692=ADVANCED_FACE('',(#1486),#530,.T.);
#6693=ADVANCED_FACE('',(#1487),#531,.T.);
#6694=ADVANCED_FACE('',(#1488),#532,.F.);
#6695=ADVANCED_FACE('',(#1489),#533,.F.);
#6696=ADVANCED_FACE('',(#1490),#534,.F.);
#6697=ADVANCED_FACE('',(#1491),#535,.T.);
#6698=ADVANCED_FACE('',(#1492),#536,.T.);
#6699=ADVANCED_FACE('',(#1493),#537,.T.);
#6700=ADVANCED_FACE('',(#1494),#538,.F.);
#6701=ADVANCED_FACE('',(#1495),#539,.F.);
#6702=ADVANCED_FACE('',(#1496),#540,.F.);
#6703=ADVANCED_FACE('',(#1497),#541,.T.);
#6704=ADVANCED_FACE('',(#1498),#542,.T.);
#6705=ADVANCED_FACE('',(#1499),#543,.T.);
#6706=ADVANCED_FACE('',(#1500),#544,.F.);
#6707=ADVANCED_FACE('',(#1501),#545,.F.);
#6708=ADVANCED_FACE('',(#1502),#546,.F.);
#6709=ADVANCED_FACE('',(#1503),#547,.T.);
#6710=ADVANCED_FACE('',(#1504),#548,.T.);
#6711=ADVANCED_FACE('',(#1505),#549,.T.);
#6712=ADVANCED_FACE('',(#1506),#550,.F.);
#6713=ADVANCED_FACE('',(#1507),#551,.F.);
#6714=ADVANCED_FACE('',(#1508),#552,.F.);
#6715=ADVANCED_FACE('',(#1509),#553,.T.);
#6716=ADVANCED_FACE('',(#1510),#554,.T.);
#6717=ADVANCED_FACE('',(#1511),#555,.T.);
#6718=ADVANCED_FACE('',(#1512),#556,.F.);
#6719=ADVANCED_FACE('',(#1513),#557,.F.);
#6720=ADVANCED_FACE('',(#1514),#558,.F.);
#6721=ADVANCED_FACE('',(#1515),#559,.T.);
#6722=ADVANCED_FACE('',(#1516),#560,.T.);
#6723=ADVANCED_FACE('',(#1517),#561,.T.);
#6724=ADVANCED_FACE('',(#1518),#562,.F.);
#6725=ADVANCED_FACE('',(#1519),#563,.F.);
#6726=ADVANCED_FACE('',(#1520),#564,.F.);
#6727=ADVANCED_FACE('',(#1521),#565,.T.);
#6728=ADVANCED_FACE('',(#1522),#566,.T.);
#6729=ADVANCED_FACE('',(#1523),#567,.T.);
#6730=ADVANCED_FACE('',(#1524),#568,.F.);
#6731=ADVANCED_FACE('',(#1525),#569,.F.);
#6732=ADVANCED_FACE('',(#1526),#570,.F.);
#6733=ADVANCED_FACE('',(#1527),#571,.T.);
#6734=ADVANCED_FACE('',(#1528),#572,.T.);
#6735=ADVANCED_FACE('',(#1529),#573,.T.);
#6736=ADVANCED_FACE('',(#1530),#574,.F.);
#6737=ADVANCED_FACE('',(#1531),#575,.F.);
#6738=ADVANCED_FACE('',(#1532),#576,.F.);
#6739=ADVANCED_FACE('',(#1533),#577,.T.);
#6740=ADVANCED_FACE('',(#1534),#578,.T.);
#6741=ADVANCED_FACE('',(#1535),#579,.T.);
#6742=ADVANCED_FACE('',(#1536),#580,.F.);
#6743=ADVANCED_FACE('',(#1537),#581,.F.);
#6744=ADVANCED_FACE('',(#1538),#582,.F.);
#6745=ADVANCED_FACE('',(#1539),#583,.T.);
#6746=ADVANCED_FACE('',(#1540),#584,.T.);
#6747=ADVANCED_FACE('',(#1541),#585,.T.);
#6748=ADVANCED_FACE('',(#1542),#586,.F.);
#6749=ADVANCED_FACE('',(#1543),#587,.F.);
#6750=ADVANCED_FACE('',(#1544),#588,.F.);
#6751=ADVANCED_FACE('',(#1545),#589,.T.);
#6752=ADVANCED_FACE('',(#1546),#590,.T.);
#6753=ADVANCED_FACE('',(#1547),#591,.T.);
#6754=ADVANCED_FACE('',(#1548),#592,.F.);
#6755=ADVANCED_FACE('',(#1549),#593,.F.);
#6756=ADVANCED_FACE('',(#1550),#594,.F.);
#6757=ADVANCED_FACE('',(#1551),#595,.T.);
#6758=ADVANCED_FACE('',(#1552),#596,.T.);
#6759=ADVANCED_FACE('',(#1553,#612),#6349,.T.);
#6760=ADVANCED_FACE('',(#1554,#613),#6350,.T.);
#6761=CLOSED_SHELL('',(#6351,#6352,#6353,#6354,#6355,#6356,#6357,#6358,
#6359,#6360,#6361,#6362,#6363,#6364,#6365,#6366,#6367,#6368,#6369,#6370,
#6371,#6372,#6373,#6374,#6375,#6376,#6377,#6378,#6379,#6380,#6381));
#6762=CLOSED_SHELL('',(#6382,#6383,#6384,#6385,#6386,#6387,#6388,#6389,
#6390,#6391,#6392,#6393,#6394,#6395,#6396,#6397,#6398,#6399,#6400,#6401,
#6402,#6403,#6404,#6405,#6406,#6407,#6408,#6409,#6410,#6411,#6412,#6413,
#6414,#6415,#6416,#6417,#6418,#6419,#6420,#6421,#6422,#6423,#6424,#6425,
#6426,#6427,#6428,#6429,#6430,#6431,#6432,#6433,#6434,#6435,#6436,#6437,
#6438,#6439,#6440,#6441,#6442,#6443,#6444,#6445,#6446,#6447,#6448,#6449,
#6450,#6451,#6452,#6453,#6454,#6455,#6456,#6457,#6458,#6459,#6460,#6461,
#6462,#6463,#6464,#6465,#6466,#6467,#6468,#6469,#6470,#6471,#6472,#6473,
#6474,#6475,#6476,#6477,#6478,#6479,#6480,#6481,#6482,#6483,#6484,#6485,
#6486,#6487,#6488,#6489,#6490,#6491,#6492,#6493,#6494,#6495,#6496,#6497,
#6498,#6499,#6500,#6501,#6502,#6503,#6504,#6505,#6506,#6507,#6508,#6509,
#6510,#6511,#6512,#6513,#6514,#6515,#6516,#6517,#6518,#6519,#6520,#6521,
#6522,#6523,#6524,#6525,#6526,#6527,#6528,#6529,#6530,#6531,#6532,#6533,
#6534,#6535,#6536,#6537,#6538,#6539,#6540,#6541,#6542,#6543,#6544,#6545,
#6546,#6547,#6548,#6549,#6550,#6551,#6552,#6553,#6554,#6555,#6556,#6557,
#6558,#6559,#6560,#6561,#6562,#6563,#6564,#6565,#6566,#6567,#6568,#6569,
#6570,#6571,#6572,#6573,#6574,#6575,#6576,#6577,#6578,#6579,#6580,#6581,
#6582,#6583,#6584,#6585,#6586,#6587,#6588,#6589,#6590,#6591,#6592,#6593,
#6594,#6595,#6596,#6597,#6598,#6599,#6600,#6601,#6602,#6603,#6604,#6605,
#6606,#6607,#6608,#6609,#6610,#6611,#6612,#6613,#6614,#6615,#6616,#6617,
#6618,#6619,#6620,#6621,#6622,#6623,#6624,#6625,#6626,#6627,#6628,#6629,
#6630,#6631,#6632,#6633,#6634,#6635,#6636,#6637,#6638,#6639,#6640,#6641,
#6642,#6643,#6644,#6645,#6646,#6647,#6648,#6649,#6650,#6651,#6652,#6653,
#6654,#6655,#6656,#6657,#6658,#6659,#6660,#6661,#6662,#6663,#6664,#6665,
#6666,#6667,#6668,#6669,#6670,#6671,#6672,#6673,#6674,#6675,#6676,#6677,
#6678,#6679,#6680,#6681,#6682,#6683,#6684,#6685,#6686,#6687,#6688,#6689,
#6690,#6691,#6692,#6693,#6694,#6695,#6696,#6697,#6698,#6699,#6700,#6701,
#6702,#6703,#6704,#6705,#6706,#6707,#6708,#6709,#6710,#6711,#6712,#6713,
#6714,#6715,#6716,#6717,#6718,#6719,#6720,#6721,#6722,#6723,#6724,#6725,
#6726,#6727,#6728,#6729,#6730,#6731,#6732,#6733,#6734,#6735,#6736,#6737,
#6738,#6739,#6740,#6741,#6742,#6743,#6744,#6745,#6746,#6747,#6748,#6749,
#6750,#6751,#6752,#6753,#6754,#6755,#6756,#6757,#6758,#6759,#6760));
#6763=DERIVED_UNIT_ELEMENT(#6765,1.);
#6764=DERIVED_UNIT_ELEMENT(#14721,-3.);
#6765=(
MASS_UNIT()
NAMED_UNIT(*)
SI_UNIT(.KILO.,.GRAM.)
);
#6766=DERIVED_UNIT((#6763,#6764));
#6767=MEASURE_REPRESENTATION_ITEM('density measure',
POSITIVE_RATIO_MEASURE(7850.),#6766);
#6768=PROPERTY_DEFINITION_REPRESENTATION(#6773,#6770);
#6769=PROPERTY_DEFINITION_REPRESENTATION(#6774,#6771);
#6770=REPRESENTATION('material name',(#6772),#14718);
#6771=REPRESENTATION('density',(#6767),#14718);
#6772=DESCRIPTIVE_REPRESENTATION_ITEM('Steel','Steel');
#6773=PROPERTY_DEFINITION('material property','material name',#14728);
#6774=PROPERTY_DEFINITION('material property','density of part',#14728);
#6775=AXIS2_PLACEMENT_3D('',#9580,#7612,#7613);
#6776=AXIS2_PLACEMENT_3D('',#9581,#7614,#7615);
#6777=AXIS2_PLACEMENT_3D('',#9590,#7620,#7621);
#6778=AXIS2_PLACEMENT_3D('',#9599,#7626,#7627);
#6779=AXIS2_PLACEMENT_3D('',#9608,#7632,#7633);
#6780=AXIS2_PLACEMENT_3D('',#9617,#7638,#7639);
#6781=AXIS2_PLACEMENT_3D('',#9626,#7644,#7645);
#6782=AXIS2_PLACEMENT_3D('',#9635,#7650,#7651);
#6783=AXIS2_PLACEMENT_3D('',#9646,#7658,#7659);
#6784=AXIS2_PLACEMENT_3D('',#9648,#7660,#7661);
#6785=AXIS2_PLACEMENT_3D('',#9649,#7662,#7663);
#6786=AXIS2_PLACEMENT_3D('',#9653,#7665,#7666);
#6787=AXIS2_PLACEMENT_3D('',#9655,#7668,#7669);
#6788=AXIS2_PLACEMENT_3D('',#9658,#7671,#7672);
#6789=AXIS2_PLACEMENT_3D('',#9659,#7673,#7674);
#6790=AXIS2_PLACEMENT_3D('',#9661,#7675,#7676);
#6791=AXIS2_PLACEMENT_3D('',#9667,#7679,#7680);
#6792=AXIS2_PLACEMENT_3D('',#9673,#7683,#7684);
#6793=AXIS2_PLACEMENT_3D('',#9675,#7686,#7687);
#6794=AXIS2_PLACEMENT_3D('',#9681,#7691,#7692);
#6795=AXIS2_PLACEMENT_3D('',#9687,#7696,#7697);
#6796=AXIS2_PLACEMENT_3D('',#9694,#7702,#7703);
#6797=AXIS2_PLACEMENT_3D('',#9695,#7704,#7705);
#6798=AXIS2_PLACEMENT_3D('',#9696,#7706,#7707);
#6799=AXIS2_PLACEMENT_3D('',#9698,#7708,#7709);
#6800=AXIS2_PLACEMENT_3D('',#9699,#7710,#7711);
#6801=AXIS2_PLACEMENT_3D('',#9700,#7712,#7713);
#6802=AXIS2_PLACEMENT_3D('',#9701,#7714,#7715);
#6803=AXIS2_PLACEMENT_3D('',#9703,#7716,#7717);
#6804=AXIS2_PLACEMENT_3D('',#9704,#7718,#7719);
#6805=AXIS2_PLACEMENT_3D('',#9705,#7720,#7721);
#6806=AXIS2_PLACEMENT_3D('',#9706,#7722,#7723);
#6807=AXIS2_PLACEMENT_3D('',#9709,#7725,#7726);
#6808=AXIS2_PLACEMENT_3D('',#9710,#7727,#7728);
#6809=AXIS2_PLACEMENT_3D('',#9711,#7729,#7730);
#6810=AXIS2_PLACEMENT_3D('',#9712,#7731,#7732);
#6811=AXIS2_PLACEMENT_3D('',#9715,#7734,#7735);
#6812=AXIS2_PLACEMENT_3D('',#9716,#7736,#7737);
#6813=AXIS2_PLACEMENT_3D('',#9719,#7739,#7740);
#6814=AXIS2_PLACEMENT_3D('',#9720,#7741,#7742);
#6815=AXIS2_PLACEMENT_3D('',#9724,#7745,#7746);
#6816=AXIS2_PLACEMENT_3D('',#9725,#7747,#7748);
#6817=AXIS2_PLACEMENT_3D('',#9726,#7749,#7750);
#6818=AXIS2_PLACEMENT_3D('',#9728,#7751,#7752);
#6819=AXIS2_PLACEMENT_3D('',#9730,#7754,#7755);
#6820=AXIS2_PLACEMENT_3D('',#9733,#7757,#7758);
#6821=AXIS2_PLACEMENT_3D('',#9734,#7759,#7760);
#6822=AXIS2_PLACEMENT_3D('',#9736,#7762,#7763);
#6823=AXIS2_PLACEMENT_3D('',#9738,#7764,#7765);
#6824=AXIS2_PLACEMENT_3D('',#9740,#7767,#7768);
#6825=AXIS2_PLACEMENT_3D('',#9742,#7769,#7770);
#6826=AXIS2_PLACEMENT_3D('',#9744,#7772,#7773);
#6827=AXIS2_PLACEMENT_3D('',#9746,#7774,#7775);
#6828=AXIS2_PLACEMENT_3D('',#9748,#7777,#7778);
#6829=AXIS2_PLACEMENT_3D('',#9750,#7779,#7780);
#6830=AXIS2_PLACEMENT_3D('',#9752,#7782,#7783);
#6831=AXIS2_PLACEMENT_3D('',#9754,#7784,#7785);
#6832=AXIS2_PLACEMENT_3D('',#9756,#7787,#7788);
#6833=AXIS2_PLACEMENT_3D('',#9829,#7793,#7794);
#6834=AXIS2_PLACEMENT_3D('',#9904,#7801,#7802);
#6835=AXIS2_PLACEMENT_3D('',#9910,#7806,#7807);
#6836=AXIS2_PLACEMENT_3D('',#9916,#7811,#7812);
#6837=AXIS2_PLACEMENT_3D('',#9922,#7816,#7817);
#6838=AXIS2_PLACEMENT_3D('',#9925,#7820,#7821);
#6839=AXIS2_PLACEMENT_3D('',#10136,#7832,#7833);
#6840=AXIS2_PLACEMENT_3D('',#10349,#7846,#7847);
#6841=AXIS2_PLACEMENT_3D('',#10355,#7851,#7852);
#6842=AXIS2_PLACEMENT_3D('',#10361,#7856,#7857);
#6843=AXIS2_PLACEMENT_3D('',#10364,#7860,#7861);
#6844=AXIS2_PLACEMENT_3D('',#10376,#7862,#7863);
#6845=AXIS2_PLACEMENT_3D('',#10391,#7864,#7865);
#6846=AXIS2_PLACEMENT_3D('',#10420,#7866,#7867);
#6847=AXIS2_PLACEMENT_3D('',#10436,#7868,#7869);
#6848=AXIS2_PLACEMENT_3D('',#10447,#7870,#7871);
#6849=AXIS2_PLACEMENT_3D('',#10461,#7872,#7873);
#6850=AXIS2_PLACEMENT_3D('',#10462,#7874,#7875);
#6851=AXIS2_PLACEMENT_3D('',#10464,#7876,#7877);
#6852=AXIS2_PLACEMENT_3D('',#10478,#7878,#7879);
#6853=AXIS2_PLACEMENT_3D('',#10479,#7880,#7881);
#6854=AXIS2_PLACEMENT_3D('',#10481,#7882,#7883);
#6855=AXIS2_PLACEMENT_3D('',#10495,#7884,#7885);
#6856=AXIS2_PLACEMENT_3D('',#10496,#7886,#7887);
#6857=AXIS2_PLACEMENT_3D('',#10498,#7888,#7889);
#6858=AXIS2_PLACEMENT_3D('',#10512,#7890,#7891);
#6859=AXIS2_PLACEMENT_3D('',#10523,#7892,#7893);
#6860=AXIS2_PLACEMENT_3D('',#10537,#7894,#7895);
#6861=AXIS2_PLACEMENT_3D('',#10554,#7896,#7897);
#6862=AXIS2_PLACEMENT_3D('',#10570,#7898,#7899);
#6863=AXIS2_PLACEMENT_3D('',#10581,#7900,#7901);
#6864=AXIS2_PLACEMENT_3D('',#10595,#7902,#7903);
#6865=AXIS2_PLACEMENT_3D('',#10596,#7904,#7905);
#6866=AXIS2_PLACEMENT_3D('',#10598,#7906,#7907);
#6867=AXIS2_PLACEMENT_3D('',#10612,#7908,#7909);
#6868=AXIS2_PLACEMENT_3D('',#10613,#7910,#7911);
#6869=AXIS2_PLACEMENT_3D('',#10615,#7912,#7913);
#6870=AXIS2_PLACEMENT_3D('',#10629,#7914,#7915);
#6871=AXIS2_PLACEMENT_3D('',#10630,#7916,#7917);
#6872=AXIS2_PLACEMENT_3D('',#10632,#7918,#7919);
#6873=AXIS2_PLACEMENT_3D('',#10646,#7920,#7921);
#6874=AXIS2_PLACEMENT_3D('',#10657,#7922,#7923);
#6875=AXIS2_PLACEMENT_3D('',#10671,#7924,#7925);
#6876=AXIS2_PLACEMENT_3D('',#10688,#7926,#7927);
#6877=AXIS2_PLACEMENT_3D('',#10704,#7928,#7929);
#6878=AXIS2_PLACEMENT_3D('',#10715,#7930,#7931);
#6879=AXIS2_PLACEMENT_3D('',#10729,#7932,#7933);
#6880=AXIS2_PLACEMENT_3D('',#10730,#7934,#7935);
#6881=AXIS2_PLACEMENT_3D('',#10732,#7936,#7937);
#6882=AXIS2_PLACEMENT_3D('',#10746,#7938,#7939);
#6883=AXIS2_PLACEMENT_3D('',#10747,#7940,#7941);
#6884=AXIS2_PLACEMENT_3D('',#10749,#7942,#7943);
#6885=AXIS2_PLACEMENT_3D('',#10763,#7944,#7945);
#6886=AXIS2_PLACEMENT_3D('',#10764,#7946,#7947);
#6887=AXIS2_PLACEMENT_3D('',#10766,#7948,#7949);
#6888=AXIS2_PLACEMENT_3D('',#10780,#7950,#7951);
#6889=AXIS2_PLACEMENT_3D('',#10791,#7952,#7953);
#6890=AXIS2_PLACEMENT_3D('',#10805,#7954,#7955);
#6891=AXIS2_PLACEMENT_3D('',#10822,#7956,#7957);
#6892=AXIS2_PLACEMENT_3D('',#10838,#7958,#7959);
#6893=AXIS2_PLACEMENT_3D('',#10849,#7960,#7961);
#6894=AXIS2_PLACEMENT_3D('',#10863,#7962,#7963);
#6895=AXIS2_PLACEMENT_3D('',#10864,#7964,#7965);
#6896=AXIS2_PLACEMENT_3D('',#10866,#7966,#7967);
#6897=AXIS2_PLACEMENT_3D('',#10880,#7968,#7969);
#6898=AXIS2_PLACEMENT_3D('',#10881,#7970,#7971);
#6899=AXIS2_PLACEMENT_3D('',#10883,#7972,#7973);
#6900=AXIS2_PLACEMENT_3D('',#10897,#7974,#7975);
#6901=AXIS2_PLACEMENT_3D('',#10898,#7976,#7977);
#6902=AXIS2_PLACEMENT_3D('',#10900,#7978,#7979);
#6903=AXIS2_PLACEMENT_3D('',#10914,#7980,#7981);
#6904=AXIS2_PLACEMENT_3D('',#10925,#7982,#7983);
#6905=AXIS2_PLACEMENT_3D('',#10939,#7984,#7985);
#6906=AXIS2_PLACEMENT_3D('',#10956,#7986,#7987);
#6907=AXIS2_PLACEMENT_3D('',#10972,#7988,#7989);
#6908=AXIS2_PLACEMENT_3D('',#10983,#7990,#7991);
#6909=AXIS2_PLACEMENT_3D('',#10997,#7992,#7993);
#6910=AXIS2_PLACEMENT_3D('',#10998,#7994,#7995);
#6911=AXIS2_PLACEMENT_3D('',#11000,#7996,#7997);
#6912=AXIS2_PLACEMENT_3D('',#11014,#7998,#7999);
#6913=AXIS2_PLACEMENT_3D('',#11015,#8000,#8001);
#6914=AXIS2_PLACEMENT_3D('',#11017,#8002,#8003);
#6915=AXIS2_PLACEMENT_3D('',#11031,#8004,#8005);
#6916=AXIS2_PLACEMENT_3D('',#11032,#8006,#8007);
#6917=AXIS2_PLACEMENT_3D('',#11034,#8008,#8009);
#6918=AXIS2_PLACEMENT_3D('',#11048,#8010,#8011);
#6919=AXIS2_PLACEMENT_3D('',#11059,#8012,#8013);
#6920=AXIS2_PLACEMENT_3D('',#11073,#8014,#8015);
#6921=AXIS2_PLACEMENT_3D('',#11090,#8016,#8017);
#6922=AXIS2_PLACEMENT_3D('',#11106,#8018,#8019);
#6923=AXIS2_PLACEMENT_3D('',#11117,#8020,#8021);
#6924=AXIS2_PLACEMENT_3D('',#11131,#8022,#8023);
#6925=AXIS2_PLACEMENT_3D('',#11132,#8024,#8025);
#6926=AXIS2_PLACEMENT_3D('',#11134,#8026,#8027);
#6927=AXIS2_PLACEMENT_3D('',#11148,#8028,#8029);
#6928=AXIS2_PLACEMENT_3D('',#11149,#8030,#8031);
#6929=AXIS2_PLACEMENT_3D('',#11151,#8032,#8033);
#6930=AXIS2_PLACEMENT_3D('',#11165,#8034,#8035);
#6931=AXIS2_PLACEMENT_3D('',#11166,#8036,#8037);
#6932=AXIS2_PLACEMENT_3D('',#11168,#8038,#8039);
#6933=AXIS2_PLACEMENT_3D('',#11182,#8040,#8041);
#6934=AXIS2_PLACEMENT_3D('',#11193,#8042,#8043);
#6935=AXIS2_PLACEMENT_3D('',#11207,#8044,#8045);
#6936=AXIS2_PLACEMENT_3D('',#11224,#8046,#8047);
#6937=AXIS2_PLACEMENT_3D('',#11240,#8048,#8049);
#6938=AXIS2_PLACEMENT_3D('',#11251,#8050,#8051);
#6939=AXIS2_PLACEMENT_3D('',#11265,#8052,#8053);
#6940=AXIS2_PLACEMENT_3D('',#11266,#8054,#8055);
#6941=AXIS2_PLACEMENT_3D('',#11268,#8056,#8057);
#6942=AXIS2_PLACEMENT_3D('',#11282,#8058,#8059);
#6943=AXIS2_PLACEMENT_3D('',#11283,#8060,#8061);
#6944=AXIS2_PLACEMENT_3D('',#11285,#8062,#8063);
#6945=AXIS2_PLACEMENT_3D('',#11299,#8064,#8065);
#6946=AXIS2_PLACEMENT_3D('',#11300,#8066,#8067);
#6947=AXIS2_PLACEMENT_3D('',#11302,#8068,#8069);
#6948=AXIS2_PLACEMENT_3D('',#11316,#8070,#8071);
#6949=AXIS2_PLACEMENT_3D('',#11327,#8072,#8073);
#6950=AXIS2_PLACEMENT_3D('',#11341,#8074,#8075);
#6951=AXIS2_PLACEMENT_3D('',#11358,#8076,#8077);
#6952=AXIS2_PLACEMENT_3D('',#11374,#8078,#8079);
#6953=AXIS2_PLACEMENT_3D('',#11385,#8080,#8081);
#6954=AXIS2_PLACEMENT_3D('',#11399,#8082,#8083);
#6955=AXIS2_PLACEMENT_3D('',#11400,#8084,#8085);
#6956=AXIS2_PLACEMENT_3D('',#11402,#8086,#8087);
#6957=AXIS2_PLACEMENT_3D('',#11416,#8088,#8089);
#6958=AXIS2_PLACEMENT_3D('',#11417,#8090,#8091);
#6959=AXIS2_PLACEMENT_3D('',#11419,#8092,#8093);
#6960=AXIS2_PLACEMENT_3D('',#11433,#8094,#8095);
#6961=AXIS2_PLACEMENT_3D('',#11434,#8096,#8097);
#6962=AXIS2_PLACEMENT_3D('',#11436,#8098,#8099);
#6963=AXIS2_PLACEMENT_3D('',#11450,#8100,#8101);
#6964=AXIS2_PLACEMENT_3D('',#11461,#8102,#8103);
#6965=AXIS2_PLACEMENT_3D('',#11475,#8104,#8105);
#6966=AXIS2_PLACEMENT_3D('',#11492,#8106,#8107);
#6967=AXIS2_PLACEMENT_3D('',#11508,#8108,#8109);
#6968=AXIS2_PLACEMENT_3D('',#11519,#8110,#8111);
#6969=AXIS2_PLACEMENT_3D('',#11533,#8112,#8113);
#6970=AXIS2_PLACEMENT_3D('',#11534,#8114,#8115);
#6971=AXIS2_PLACEMENT_3D('',#11536,#8116,#8117);
#6972=AXIS2_PLACEMENT_3D('',#11550,#8118,#8119);
#6973=AXIS2_PLACEMENT_3D('',#11551,#8120,#8121);
#6974=AXIS2_PLACEMENT_3D('',#11553,#8122,#8123);
#6975=AXIS2_PLACEMENT_3D('',#11567,#8124,#8125);
#6976=AXIS2_PLACEMENT_3D('',#11568,#8126,#8127);
#6977=AXIS2_PLACEMENT_3D('',#11570,#8128,#8129);
#6978=AXIS2_PLACEMENT_3D('',#11584,#8130,#8131);
#6979=AXIS2_PLACEMENT_3D('',#11595,#8132,#8133);
#6980=AXIS2_PLACEMENT_3D('',#11609,#8134,#8135);
#6981=AXIS2_PLACEMENT_3D('',#11626,#8136,#8137);
#6982=AXIS2_PLACEMENT_3D('',#11642,#8138,#8139);
#6983=AXIS2_PLACEMENT_3D('',#11653,#8140,#8141);
#6984=AXIS2_PLACEMENT_3D('',#11667,#8142,#8143);
#6985=AXIS2_PLACEMENT_3D('',#11668,#8144,#8145);
#6986=AXIS2_PLACEMENT_3D('',#11670,#8146,#8147);
#6987=AXIS2_PLACEMENT_3D('',#11684,#8148,#8149);
#6988=AXIS2_PLACEMENT_3D('',#11685,#8150,#8151);
#6989=AXIS2_PLACEMENT_3D('',#11687,#8152,#8153);
#6990=AXIS2_PLACEMENT_3D('',#11701,#8154,#8155);
#6991=AXIS2_PLACEMENT_3D('',#11702,#8156,#8157);
#6992=AXIS2_PLACEMENT_3D('',#11704,#8158,#8159);
#6993=AXIS2_PLACEMENT_3D('',#11718,#8160,#8161);
#6994=AXIS2_PLACEMENT_3D('',#11729,#8162,#8163);
#6995=AXIS2_PLACEMENT_3D('',#11743,#8164,#8165);
#6996=AXIS2_PLACEMENT_3D('',#11760,#8166,#8167);
#6997=AXIS2_PLACEMENT_3D('',#11776,#8168,#8169);
#6998=AXIS2_PLACEMENT_3D('',#11787,#8170,#8171);
#6999=AXIS2_PLACEMENT_3D('',#11801,#8172,#8173);
#7000=AXIS2_PLACEMENT_3D('',#11802,#8174,#8175);
#7001=AXIS2_PLACEMENT_3D('',#11804,#8176,#8177);
#7002=AXIS2_PLACEMENT_3D('',#11818,#8178,#8179);
#7003=AXIS2_PLACEMENT_3D('',#11819,#8180,#8181);
#7004=AXIS2_PLACEMENT_3D('',#11821,#8182,#8183);
#7005=AXIS2_PLACEMENT_3D('',#11835,#8184,#8185);
#7006=AXIS2_PLACEMENT_3D('',#11836,#8186,#8187);
#7007=AXIS2_PLACEMENT_3D('',#11838,#8188,#8189);
#7008=AXIS2_PLACEMENT_3D('',#11852,#8190,#8191);
#7009=AXIS2_PLACEMENT_3D('',#11863,#8192,#8193);
#7010=AXIS2_PLACEMENT_3D('',#11877,#8194,#8195);
#7011=AXIS2_PLACEMENT_3D('',#11894,#8196,#8197);
#7012=AXIS2_PLACEMENT_3D('',#11910,#8198,#8199);
#7013=AXIS2_PLACEMENT_3D('',#11921,#8200,#8201);
#7014=AXIS2_PLACEMENT_3D('',#11935,#8202,#8203);
#7015=AXIS2_PLACEMENT_3D('',#11936,#8204,#8205);
#7016=AXIS2_PLACEMENT_3D('',#11938,#8206,#8207);
#7017=AXIS2_PLACEMENT_3D('',#11952,#8208,#8209);
#7018=AXIS2_PLACEMENT_3D('',#11953,#8210,#8211);
#7019=AXIS2_PLACEMENT_3D('',#11955,#8212,#8213);
#7020=AXIS2_PLACEMENT_3D('',#11969,#8214,#8215);
#7021=AXIS2_PLACEMENT_3D('',#11970,#8216,#8217);
#7022=AXIS2_PLACEMENT_3D('',#11972,#8218,#8219);
#7023=AXIS2_PLACEMENT_3D('',#11986,#8220,#8221);
#7024=AXIS2_PLACEMENT_3D('',#11997,#8222,#8223);
#7025=AXIS2_PLACEMENT_3D('',#12011,#8224,#8225);
#7026=AXIS2_PLACEMENT_3D('',#12028,#8226,#8227);
#7027=AXIS2_PLACEMENT_3D('',#12044,#8228,#8229);
#7028=AXIS2_PLACEMENT_3D('',#12055,#8230,#8231);
#7029=AXIS2_PLACEMENT_3D('',#12069,#8232,#8233);
#7030=AXIS2_PLACEMENT_3D('',#12070,#8234,#8235);
#7031=AXIS2_PLACEMENT_3D('',#12072,#8236,#8237);
#7032=AXIS2_PLACEMENT_3D('',#12086,#8238,#8239);
#7033=AXIS2_PLACEMENT_3D('',#12087,#8240,#8241);
#7034=AXIS2_PLACEMENT_3D('',#12089,#8242,#8243);
#7035=AXIS2_PLACEMENT_3D('',#12103,#8244,#8245);
#7036=AXIS2_PLACEMENT_3D('',#12104,#8246,#8247);
#7037=AXIS2_PLACEMENT_3D('',#12106,#8248,#8249);
#7038=AXIS2_PLACEMENT_3D('',#12120,#8250,#8251);
#7039=AXIS2_PLACEMENT_3D('',#12131,#8252,#8253);
#7040=AXIS2_PLACEMENT_3D('',#12145,#8254,#8255);
#7041=AXIS2_PLACEMENT_3D('',#12162,#8256,#8257);
#7042=AXIS2_PLACEMENT_3D('',#12178,#8258,#8259);
#7043=AXIS2_PLACEMENT_3D('',#12179,#8260,#8261);
#7044=AXIS2_PLACEMENT_3D('',#12182,#8262,#8263);
#7045=AXIS2_PLACEMENT_3D('',#12197,#8264,#8265);
#7046=AXIS2_PLACEMENT_3D('',#12219,#8266,#8267);
#7047=AXIS2_PLACEMENT_3D('',#12220,#8268,#8269);
#7048=AXIS2_PLACEMENT_3D('',#12221,#8270,#8271);
#7049=AXIS2_PLACEMENT_3D('',#12223,#8272,#8273);
#7050=AXIS2_PLACEMENT_3D('',#12225,#8274,#8275);
#7051=AXIS2_PLACEMENT_3D('',#12238,#8276,#8277);
#7052=AXIS2_PLACEMENT_3D('',#12240,#8278,#8279);
#7053=AXIS2_PLACEMENT_3D('',#12242,#8280,#8281);
#7054=AXIS2_PLACEMENT_3D('',#12265,#8282,#8283);
#7055=AXIS2_PLACEMENT_3D('',#12267,#8284,#8285);
#7056=AXIS2_PLACEMENT_3D('',#12296,#8286,#8287);
#7057=AXIS2_PLACEMENT_3D('',#12298,#8288,#8289);
#7058=AXIS2_PLACEMENT_3D('',#12323,#8290,#8291);
#7059=AXIS2_PLACEMENT_3D('',#12325,#8292,#8293);
#7060=AXIS2_PLACEMENT_3D('',#12338,#8294,#8295);
#7061=AXIS2_PLACEMENT_3D('',#12340,#8296,#8297);
#7062=AXIS2_PLACEMENT_3D('',#12342,#8298,#8299);
#7063=AXIS2_PLACEMENT_3D('',#12355,#8300,#8301);
#7064=AXIS2_PLACEMENT_3D('',#12357,#8302,#8303);
#7065=AXIS2_PLACEMENT_3D('',#12359,#8304,#8305);
#7066=AXIS2_PLACEMENT_3D('',#12372,#8306,#8307);
#7067=AXIS2_PLACEMENT_3D('',#12374,#8308,#8309);
#7068=AXIS2_PLACEMENT_3D('',#12376,#8310,#8311);
#7069=AXIS2_PLACEMENT_3D('',#12399,#8312,#8313);
#7070=AXIS2_PLACEMENT_3D('',#12401,#8314,#8315);
#7071=AXIS2_PLACEMENT_3D('',#12430,#8316,#8317);
#7072=AXIS2_PLACEMENT_3D('',#12432,#8318,#8319);
#7073=AXIS2_PLACEMENT_3D('',#12457,#8320,#8321);
#7074=AXIS2_PLACEMENT_3D('',#12459,#8322,#8323);
#7075=AXIS2_PLACEMENT_3D('',#12472,#8324,#8325);
#7076=AXIS2_PLACEMENT_3D('',#12474,#8326,#8327);
#7077=AXIS2_PLACEMENT_3D('',#12476,#8328,#8329);
#7078=AXIS2_PLACEMENT_3D('',#12489,#8330,#8331);
#7079=AXIS2_PLACEMENT_3D('',#12491,#8332,#8333);
#7080=AXIS2_PLACEMENT_3D('',#12493,#8334,#8335);
#7081=AXIS2_PLACEMENT_3D('',#12506,#8336,#8337);
#7082=AXIS2_PLACEMENT_3D('',#12508,#8338,#8339);
#7083=AXIS2_PLACEMENT_3D('',#12510,#8340,#8341);
#7084=AXIS2_PLACEMENT_3D('',#12533,#8342,#8343);
#7085=AXIS2_PLACEMENT_3D('',#12535,#8344,#8345);
#7086=AXIS2_PLACEMENT_3D('',#12564,#8346,#8347);
#7087=AXIS2_PLACEMENT_3D('',#12566,#8348,#8349);
#7088=AXIS2_PLACEMENT_3D('',#12591,#8350,#8351);
#7089=AXIS2_PLACEMENT_3D('',#12593,#8352,#8353);
#7090=AXIS2_PLACEMENT_3D('',#12606,#8354,#8355);
#7091=AXIS2_PLACEMENT_3D('',#12608,#8356,#8357);
#7092=AXIS2_PLACEMENT_3D('',#12610,#8358,#8359);
#7093=AXIS2_PLACEMENT_3D('',#12623,#8360,#8361);
#7094=AXIS2_PLACEMENT_3D('',#12625,#8362,#8363);
#7095=AXIS2_PLACEMENT_3D('',#12627,#8364,#8365);
#7096=AXIS2_PLACEMENT_3D('',#12640,#8366,#8367);
#7097=AXIS2_PLACEMENT_3D('',#12642,#8368,#8369);
#7098=AXIS2_PLACEMENT_3D('',#12644,#8370,#8371);
#7099=AXIS2_PLACEMENT_3D('',#12667,#8372,#8373);
#7100=AXIS2_PLACEMENT_3D('',#12669,#8374,#8375);
#7101=AXIS2_PLACEMENT_3D('',#12698,#8376,#8377);
#7102=AXIS2_PLACEMENT_3D('',#12700,#8378,#8379);
#7103=AXIS2_PLACEMENT_3D('',#12725,#8380,#8381);
#7104=AXIS2_PLACEMENT_3D('',#12727,#8382,#8383);
#7105=AXIS2_PLACEMENT_3D('',#12740,#8384,#8385);
#7106=AXIS2_PLACEMENT_3D('',#12742,#8386,#8387);
#7107=AXIS2_PLACEMENT_3D('',#12744,#8388,#8389);
#7108=AXIS2_PLACEMENT_3D('',#12757,#8390,#8391);
#7109=AXIS2_PLACEMENT_3D('',#12759,#8392,#8393);
#7110=AXIS2_PLACEMENT_3D('',#12761,#8394,#8395);
#7111=AXIS2_PLACEMENT_3D('',#12774,#8396,#8397);
#7112=AXIS2_PLACEMENT_3D('',#12776,#8398,#8399);
#7113=AXIS2_PLACEMENT_3D('',#12778,#8400,#8401);
#7114=AXIS2_PLACEMENT_3D('',#12801,#8402,#8403);
#7115=AXIS2_PLACEMENT_3D('',#12803,#8404,#8405);
#7116=AXIS2_PLACEMENT_3D('',#12832,#8406,#8407);
#7117=AXIS2_PLACEMENT_3D('',#12834,#8408,#8409);
#7118=AXIS2_PLACEMENT_3D('',#12859,#8410,#8411);
#7119=AXIS2_PLACEMENT_3D('',#12861,#8412,#8413);
#7120=AXIS2_PLACEMENT_3D('',#12874,#8414,#8415);
#7121=AXIS2_PLACEMENT_3D('',#12876,#8416,#8417);
#7122=AXIS2_PLACEMENT_3D('',#12878,#8418,#8419);
#7123=AXIS2_PLACEMENT_3D('',#12891,#8420,#8421);
#7124=AXIS2_PLACEMENT_3D('',#12893,#8422,#8423);
#7125=AXIS2_PLACEMENT_3D('',#12895,#8424,#8425);
#7126=AXIS2_PLACEMENT_3D('',#12908,#8426,#8427);
#7127=AXIS2_PLACEMENT_3D('',#12910,#8428,#8429);
#7128=AXIS2_PLACEMENT_3D('',#12912,#8430,#8431);
#7129=AXIS2_PLACEMENT_3D('',#12935,#8432,#8433);
#7130=AXIS2_PLACEMENT_3D('',#12937,#8434,#8435);
#7131=AXIS2_PLACEMENT_3D('',#12966,#8436,#8437);
#7132=AXIS2_PLACEMENT_3D('',#12968,#8438,#8439);
#7133=AXIS2_PLACEMENT_3D('',#12993,#8440,#8441);
#7134=AXIS2_PLACEMENT_3D('',#12995,#8442,#8443);
#7135=AXIS2_PLACEMENT_3D('',#13008,#8444,#8445);
#7136=AXIS2_PLACEMENT_3D('',#13010,#8446,#8447);
#7137=AXIS2_PLACEMENT_3D('',#13012,#8448,#8449);
#7138=AXIS2_PLACEMENT_3D('',#13025,#8450,#8451);
#7139=AXIS2_PLACEMENT_3D('',#13027,#8452,#8453);
#7140=AXIS2_PLACEMENT_3D('',#13029,#8454,#8455);
#7141=AXIS2_PLACEMENT_3D('',#13042,#8456,#8457);
#7142=AXIS2_PLACEMENT_3D('',#13044,#8458,#8459);
#7143=AXIS2_PLACEMENT_3D('',#13046,#8460,#8461);
#7144=AXIS2_PLACEMENT_3D('',#13069,#8462,#8463);
#7145=AXIS2_PLACEMENT_3D('',#13071,#8464,#8465);
#7146=AXIS2_PLACEMENT_3D('',#13100,#8466,#8467);
#7147=AXIS2_PLACEMENT_3D('',#13102,#8468,#8469);
#7148=AXIS2_PLACEMENT_3D('',#13127,#8470,#8471);
#7149=AXIS2_PLACEMENT_3D('',#13129,#8472,#8473);
#7150=AXIS2_PLACEMENT_3D('',#13142,#8474,#8475);
#7151=AXIS2_PLACEMENT_3D('',#13144,#8476,#8477);
#7152=AXIS2_PLACEMENT_3D('',#13146,#8478,#8479);
#7153=AXIS2_PLACEMENT_3D('',#13159,#8480,#8481);
#7154=AXIS2_PLACEMENT_3D('',#13161,#8482,#8483);
#7155=AXIS2_PLACEMENT_3D('',#13163,#8484,#8485);
#7156=AXIS2_PLACEMENT_3D('',#13176,#8486,#8487);
#7157=AXIS2_PLACEMENT_3D('',#13178,#8488,#8489);
#7158=AXIS2_PLACEMENT_3D('',#13180,#8490,#8491);
#7159=AXIS2_PLACEMENT_3D('',#13203,#8492,#8493);
#7160=AXIS2_PLACEMENT_3D('',#13205,#8494,#8495);
#7161=AXIS2_PLACEMENT_3D('',#13234,#8496,#8497);
#7162=AXIS2_PLACEMENT_3D('',#13236,#8498,#8499);
#7163=AXIS2_PLACEMENT_3D('',#13261,#8500,#8501);
#7164=AXIS2_PLACEMENT_3D('',#13263,#8502,#8503);
#7165=AXIS2_PLACEMENT_3D('',#13276,#8504,#8505);
#7166=AXIS2_PLACEMENT_3D('',#13278,#8506,#8507);
#7167=AXIS2_PLACEMENT_3D('',#13280,#8508,#8509);
#7168=AXIS2_PLACEMENT_3D('',#13293,#8510,#8511);
#7169=AXIS2_PLACEMENT_3D('',#13295,#8512,#8513);
#7170=AXIS2_PLACEMENT_3D('',#13297,#8514,#8515);
#7171=AXIS2_PLACEMENT_3D('',#13310,#8516,#8517);
#7172=AXIS2_PLACEMENT_3D('',#13312,#8518,#8519);
#7173=AXIS2_PLACEMENT_3D('',#13314,#8520,#8521);
#7174=AXIS2_PLACEMENT_3D('',#13337,#8522,#8523);
#7175=AXIS2_PLACEMENT_3D('',#13339,#8524,#8525);
#7176=AXIS2_PLACEMENT_3D('',#13368,#8526,#8527);
#7177=AXIS2_PLACEMENT_3D('',#13370,#8528,#8529);
#7178=AXIS2_PLACEMENT_3D('',#13395,#8530,#8531);
#7179=AXIS2_PLACEMENT_3D('',#13397,#8532,#8533);
#7180=AXIS2_PLACEMENT_3D('',#13410,#8534,#8535);
#7181=AXIS2_PLACEMENT_3D('',#13412,#8536,#8537);
#7182=AXIS2_PLACEMENT_3D('',#13414,#8538,#8539);
#7183=AXIS2_PLACEMENT_3D('',#13427,#8540,#8541);
#7184=AXIS2_PLACEMENT_3D('',#13429,#8542,#8543);
#7185=AXIS2_PLACEMENT_3D('',#13431,#8544,#8545);
#7186=AXIS2_PLACEMENT_3D('',#13444,#8546,#8547);
#7187=AXIS2_PLACEMENT_3D('',#13446,#8548,#8549);
#7188=AXIS2_PLACEMENT_3D('',#13448,#8550,#8551);
#7189=AXIS2_PLACEMENT_3D('',#13471,#8552,#8553);
#7190=AXIS2_PLACEMENT_3D('',#13473,#8554,#8555);
#7191=AXIS2_PLACEMENT_3D('',#13502,#8556,#8557);
#7192=AXIS2_PLACEMENT_3D('',#13504,#8558,#8559);
#7193=AXIS2_PLACEMENT_3D('',#13529,#8560,#8561);
#7194=AXIS2_PLACEMENT_3D('',#13531,#8562,#8563);
#7195=AXIS2_PLACEMENT_3D('',#13544,#8564,#8565);
#7196=AXIS2_PLACEMENT_3D('',#13546,#8566,#8567);
#7197=AXIS2_PLACEMENT_3D('',#13548,#8568,#8569);
#7198=AXIS2_PLACEMENT_3D('',#13561,#8570,#8571);
#7199=AXIS2_PLACEMENT_3D('',#13563,#8572,#8573);
#7200=AXIS2_PLACEMENT_3D('',#13565,#8574,#8575);
#7201=AXIS2_PLACEMENT_3D('',#13578,#8576,#8577);
#7202=AXIS2_PLACEMENT_3D('',#13580,#8578,#8579);
#7203=AXIS2_PLACEMENT_3D('',#13582,#8580,#8581);
#7204=AXIS2_PLACEMENT_3D('',#13605,#8582,#8583);
#7205=AXIS2_PLACEMENT_3D('',#13607,#8584,#8585);
#7206=AXIS2_PLACEMENT_3D('',#13636,#8586,#8587);
#7207=AXIS2_PLACEMENT_3D('',#13638,#8588,#8589);
#7208=AXIS2_PLACEMENT_3D('',#13663,#8590,#8591);
#7209=AXIS2_PLACEMENT_3D('',#13665,#8592,#8593);
#7210=AXIS2_PLACEMENT_3D('',#13678,#8594,#8595);
#7211=AXIS2_PLACEMENT_3D('',#13680,#8596,#8597);
#7212=AXIS2_PLACEMENT_3D('',#13682,#8598,#8599);
#7213=AXIS2_PLACEMENT_3D('',#13695,#8600,#8601);
#7214=AXIS2_PLACEMENT_3D('',#13697,#8602,#8603);
#7215=AXIS2_PLACEMENT_3D('',#13699,#8604,#8605);
#7216=AXIS2_PLACEMENT_3D('',#13712,#8606,#8607);
#7217=AXIS2_PLACEMENT_3D('',#13714,#8608,#8609);
#7218=AXIS2_PLACEMENT_3D('',#13716,#8610,#8611);
#7219=AXIS2_PLACEMENT_3D('',#13739,#8612,#8613);
#7220=AXIS2_PLACEMENT_3D('',#13741,#8614,#8615);
#7221=AXIS2_PLACEMENT_3D('',#13770,#8616,#8617);
#7222=AXIS2_PLACEMENT_3D('',#13772,#8618,#8619);
#7223=AXIS2_PLACEMENT_3D('',#13797,#8620,#8621);
#7224=AXIS2_PLACEMENT_3D('',#13799,#8622,#8623);
#7225=AXIS2_PLACEMENT_3D('',#13812,#8624,#8625);
#7226=AXIS2_PLACEMENT_3D('',#13814,#8626,#8627);
#7227=AXIS2_PLACEMENT_3D('',#13816,#8628,#8629);
#7228=AXIS2_PLACEMENT_3D('',#13829,#8630,#8631);
#7229=AXIS2_PLACEMENT_3D('',#13831,#8632,#8633);
#7230=AXIS2_PLACEMENT_3D('',#13833,#8634,#8635);
#7231=AXIS2_PLACEMENT_3D('',#13846,#8636,#8637);
#7232=AXIS2_PLACEMENT_3D('',#13848,#8638,#8639);
#7233=AXIS2_PLACEMENT_3D('',#13850,#8640,#8641);
#7234=AXIS2_PLACEMENT_3D('',#13873,#8642,#8643);
#7235=AXIS2_PLACEMENT_3D('',#13875,#8644,#8645);
#7236=AXIS2_PLACEMENT_3D('',#13904,#8646,#8647);
#7237=AXIS2_PLACEMENT_3D('',#13906,#8648,#8649);
#7238=AXIS2_PLACEMENT_3D('',#13931,#8650,#8651);
#7239=AXIS2_PLACEMENT_3D('',#13933,#8652,#8653);
#7240=AXIS2_PLACEMENT_3D('',#13946,#8654,#8655);
#7241=AXIS2_PLACEMENT_3D('',#13948,#8656,#8657);
#7242=AXIS2_PLACEMENT_3D('',#13950,#8658,#8659);
#7243=AXIS2_PLACEMENT_3D('',#13963,#8660,#8661);
#7244=AXIS2_PLACEMENT_3D('',#13965,#8662,#8663);
#7245=AXIS2_PLACEMENT_3D('',#13967,#8664,#8665);
#7246=AXIS2_PLACEMENT_3D('',#13980,#8666,#8667);
#7247=AXIS2_PLACEMENT_3D('',#13981,#8668,#8669);
#7248=AXIS2_PLACEMENT_3D('',#13982,#8670,#8671);
#7249=AXIS2_PLACEMENT_3D('',#13983,#8672,#8673);
#7250=AXIS2_PLACEMENT_3D('',#13987,#8675,#8676);
#7251=AXIS2_PLACEMENT_3D('',#13989,#8678,#8679);
#7252=AXIS2_PLACEMENT_3D('',#13992,#8681,#8682);
#7253=AXIS2_PLACEMENT_3D('',#13993,#8683,#8684);
#7254=AXIS2_PLACEMENT_3D('',#13996,#8686,#8687);
#7255=AXIS2_PLACEMENT_3D('',#13997,#8688,#8689);
#7256=AXIS2_PLACEMENT_3D('',#14000,#8691,#8692);
#7257=AXIS2_PLACEMENT_3D('',#14001,#8693,#8694);
#7258=AXIS2_PLACEMENT_3D('',#14004,#8696,#8697);
#7259=AXIS2_PLACEMENT_3D('',#14005,#8698,#8699);
#7260=AXIS2_PLACEMENT_3D('',#14008,#8701,#8702);
#7261=AXIS2_PLACEMENT_3D('',#14009,#8703,#8704);
#7262=AXIS2_PLACEMENT_3D('',#14012,#8706,#8707);
#7263=AXIS2_PLACEMENT_3D('',#14013,#8708,#8709);
#7264=AXIS2_PLACEMENT_3D('',#14016,#8711,#8712);
#7265=AXIS2_PLACEMENT_3D('',#14017,#8713,#8714);
#7266=AXIS2_PLACEMENT_3D('',#14020,#8716,#8717);
#7267=AXIS2_PLACEMENT_3D('',#14021,#8718,#8719);
#7268=AXIS2_PLACEMENT_3D('',#14024,#8721,#8722);
#7269=AXIS2_PLACEMENT_3D('',#14025,#8723,#8724);
#7270=AXIS2_PLACEMENT_3D('',#14028,#8726,#8727);
#7271=AXIS2_PLACEMENT_3D('',#14029,#8728,#8729);
#7272=AXIS2_PLACEMENT_3D('',#14032,#8731,#8732);
#7273=AXIS2_PLACEMENT_3D('',#14033,#8733,#8734);
#7274=AXIS2_PLACEMENT_3D('',#14036,#8736,#8737);
#7275=AXIS2_PLACEMENT_3D('',#14037,#8738,#8739);
#7276=AXIS2_PLACEMENT_3D('',#14040,#8741,#8742);
#7277=AXIS2_PLACEMENT_3D('',#14041,#8743,#8744);
#7278=AXIS2_PLACEMENT_3D('',#14044,#8746,#8747);
#7279=AXIS2_PLACEMENT_3D('',#14045,#8748,#8749);
#7280=AXIS2_PLACEMENT_3D('',#14048,#8751,#8752);
#7281=AXIS2_PLACEMENT_3D('',#14049,#8753,#8754);
#7282=AXIS2_PLACEMENT_3D('',#14052,#8756,#8757);
#7283=AXIS2_PLACEMENT_3D('',#14053,#8758,#8759);
#7284=AXIS2_PLACEMENT_3D('',#14056,#8761,#8762);
#7285=AXIS2_PLACEMENT_3D('',#14057,#8763,#8764);
#7286=AXIS2_PLACEMENT_3D('',#14060,#8766,#8767);
#7287=AXIS2_PLACEMENT_3D('',#14061,#8768,#8769);
#7288=AXIS2_PLACEMENT_3D('',#14064,#8771,#8772);
#7289=AXIS2_PLACEMENT_3D('',#14065,#8773,#8774);
#7290=AXIS2_PLACEMENT_3D('',#14068,#8776,#8777);
#7291=AXIS2_PLACEMENT_3D('',#14069,#8778,#8779);
#7292=AXIS2_PLACEMENT_3D('',#14072,#8781,#8782);
#7293=AXIS2_PLACEMENT_3D('',#14073,#8783,#8784);
#7294=AXIS2_PLACEMENT_3D('',#14076,#8786,#8787);
#7295=AXIS2_PLACEMENT_3D('',#14077,#8788,#8789);
#7296=AXIS2_PLACEMENT_3D('',#14080,#8791,#8792);
#7297=AXIS2_PLACEMENT_3D('',#14081,#8793,#8794);
#7298=AXIS2_PLACEMENT_3D('',#14084,#8796,#8797);
#7299=AXIS2_PLACEMENT_3D('',#14085,#8798,#8799);
#7300=AXIS2_PLACEMENT_3D('',#14088,#8801,#8802);
#7301=AXIS2_PLACEMENT_3D('',#14089,#8803,#8804);
#7302=AXIS2_PLACEMENT_3D('',#14092,#8806,#8807);
#7303=AXIS2_PLACEMENT_3D('',#14093,#8808,#8809);
#7304=AXIS2_PLACEMENT_3D('',#14096,#8811,#8812);
#7305=AXIS2_PLACEMENT_3D('',#14097,#8813,#8814);
#7306=AXIS2_PLACEMENT_3D('',#14100,#8816,#8817);
#7307=AXIS2_PLACEMENT_3D('',#14101,#8818,#8819);
#7308=AXIS2_PLACEMENT_3D('',#14104,#8821,#8822);
#7309=AXIS2_PLACEMENT_3D('',#14105,#8823,#8824);
#7310=AXIS2_PLACEMENT_3D('',#14108,#8826,#8827);
#7311=AXIS2_PLACEMENT_3D('',#14109,#8828,#8829);
#7312=AXIS2_PLACEMENT_3D('',#14112,#8831,#8832);
#7313=AXIS2_PLACEMENT_3D('',#14113,#8833,#8834);
#7314=AXIS2_PLACEMENT_3D('',#14116,#8836,#8837);
#7315=AXIS2_PLACEMENT_3D('',#14117,#8838,#8839);
#7316=AXIS2_PLACEMENT_3D('',#14120,#8841,#8842);
#7317=AXIS2_PLACEMENT_3D('',#14121,#8843,#8844);
#7318=AXIS2_PLACEMENT_3D('',#14124,#8846,#8847);
#7319=AXIS2_PLACEMENT_3D('',#14125,#8848,#8849);
#7320=AXIS2_PLACEMENT_3D('',#14128,#8851,#8852);
#7321=AXIS2_PLACEMENT_3D('',#14129,#8853,#8854);
#7322=AXIS2_PLACEMENT_3D('',#14132,#8856,#8857);
#7323=AXIS2_PLACEMENT_3D('',#14133,#8858,#8859);
#7324=AXIS2_PLACEMENT_3D('',#14136,#8861,#8862);
#7325=AXIS2_PLACEMENT_3D('',#14137,#8863,#8864);
#7326=AXIS2_PLACEMENT_3D('',#14140,#8866,#8867);
#7327=AXIS2_PLACEMENT_3D('',#14141,#8868,#8869);
#7328=AXIS2_PLACEMENT_3D('',#14144,#8871,#8872);
#7329=AXIS2_PLACEMENT_3D('',#14145,#8873,#8874);
#7330=AXIS2_PLACEMENT_3D('',#14148,#8876,#8877);
#7331=AXIS2_PLACEMENT_3D('',#14149,#8878,#8879);
#7332=AXIS2_PLACEMENT_3D('',#14152,#8881,#8882);
#7333=AXIS2_PLACEMENT_3D('',#14153,#8883,#8884);
#7334=AXIS2_PLACEMENT_3D('',#14156,#8886,#8887);
#7335=AXIS2_PLACEMENT_3D('',#14157,#8888,#8889);
#7336=AXIS2_PLACEMENT_3D('',#14160,#8891,#8892);
#7337=AXIS2_PLACEMENT_3D('',#14161,#8893,#8894);
#7338=AXIS2_PLACEMENT_3D('',#14164,#8896,#8897);
#7339=AXIS2_PLACEMENT_3D('',#14165,#8898,#8899);
#7340=AXIS2_PLACEMENT_3D('',#14168,#8901,#8902);
#7341=AXIS2_PLACEMENT_3D('',#14169,#8903,#8904);
#7342=AXIS2_PLACEMENT_3D('',#14172,#8906,#8907);
#7343=AXIS2_PLACEMENT_3D('',#14173,#8908,#8909);
#7344=AXIS2_PLACEMENT_3D('',#14176,#8911,#8912);
#7345=AXIS2_PLACEMENT_3D('',#14177,#8913,#8914);
#7346=AXIS2_PLACEMENT_3D('',#14180,#8916,#8917);
#7347=AXIS2_PLACEMENT_3D('',#14181,#8918,#8919);
#7348=AXIS2_PLACEMENT_3D('',#14184,#8921,#8922);
#7349=AXIS2_PLACEMENT_3D('',#14185,#8923,#8924);
#7350=AXIS2_PLACEMENT_3D('',#14188,#8926,#8927);
#7351=AXIS2_PLACEMENT_3D('',#14189,#8928,#8929);
#7352=AXIS2_PLACEMENT_3D('',#14192,#8931,#8932);
#7353=AXIS2_PLACEMENT_3D('',#14193,#8933,#8934);
#7354=AXIS2_PLACEMENT_3D('',#14196,#8936,#8937);
#7355=AXIS2_PLACEMENT_3D('',#14197,#8938,#8939);
#7356=AXIS2_PLACEMENT_3D('',#14200,#8941,#8942);
#7357=AXIS2_PLACEMENT_3D('',#14201,#8943,#8944);
#7358=AXIS2_PLACEMENT_3D('',#14204,#8946,#8947);
#7359=AXIS2_PLACEMENT_3D('',#14205,#8948,#8949);
#7360=AXIS2_PLACEMENT_3D('',#14208,#8951,#8952);
#7361=AXIS2_PLACEMENT_3D('',#14209,#8953,#8954);
#7362=AXIS2_PLACEMENT_3D('',#14212,#8956,#8957);
#7363=AXIS2_PLACEMENT_3D('',#14213,#8958,#8959);
#7364=AXIS2_PLACEMENT_3D('',#14216,#8961,#8962);
#7365=AXIS2_PLACEMENT_3D('',#14217,#8963,#8964);
#7366=AXIS2_PLACEMENT_3D('',#14220,#8966,#8967);
#7367=AXIS2_PLACEMENT_3D('',#14221,#8968,#8969);
#7368=AXIS2_PLACEMENT_3D('',#14224,#8971,#8972);
#7369=AXIS2_PLACEMENT_3D('',#14225,#8973,#8974);
#7370=AXIS2_PLACEMENT_3D('',#14228,#8976,#8977);
#7371=AXIS2_PLACEMENT_3D('',#14229,#8978,#8979);
#7372=AXIS2_PLACEMENT_3D('',#14232,#8981,#8982);
#7373=AXIS2_PLACEMENT_3D('',#14233,#8983,#8984);
#7374=AXIS2_PLACEMENT_3D('',#14236,#8986,#8987);
#7375=AXIS2_PLACEMENT_3D('',#14237,#8988,#8989);
#7376=AXIS2_PLACEMENT_3D('',#14240,#8991,#8992);
#7377=AXIS2_PLACEMENT_3D('',#14241,#8993,#8994);
#7378=AXIS2_PLACEMENT_3D('',#14244,#8996,#8997);
#7379=AXIS2_PLACEMENT_3D('',#14245,#8998,#8999);
#7380=AXIS2_PLACEMENT_3D('',#14248,#9001,#9002);
#7381=AXIS2_PLACEMENT_3D('',#14249,#9003,#9004);
#7382=AXIS2_PLACEMENT_3D('',#14252,#9006,#9007);
#7383=AXIS2_PLACEMENT_3D('',#14253,#9008,#9009);
#7384=AXIS2_PLACEMENT_3D('',#14256,#9011,#9012);
#7385=AXIS2_PLACEMENT_3D('',#14257,#9013,#9014);
#7386=AXIS2_PLACEMENT_3D('',#14260,#9016,#9017);
#7387=AXIS2_PLACEMENT_3D('',#14261,#9018,#9019);
#7388=AXIS2_PLACEMENT_3D('',#14264,#9021,#9022);
#7389=AXIS2_PLACEMENT_3D('',#14265,#9023,#9024);
#7390=AXIS2_PLACEMENT_3D('',#14268,#9026,#9027);
#7391=AXIS2_PLACEMENT_3D('',#14269,#9028,#9029);
#7392=AXIS2_PLACEMENT_3D('',#14272,#9031,#9032);
#7393=AXIS2_PLACEMENT_3D('',#14273,#9033,#9034);
#7394=AXIS2_PLACEMENT_3D('',#14276,#9036,#9037);
#7395=AXIS2_PLACEMENT_3D('',#14277,#9038,#9039);
#7396=AXIS2_PLACEMENT_3D('',#14280,#9041,#9042);
#7397=AXIS2_PLACEMENT_3D('',#14281,#9043,#9044);
#7398=AXIS2_PLACEMENT_3D('',#14284,#9046,#9047);
#7399=AXIS2_PLACEMENT_3D('',#14285,#9048,#9049);
#7400=AXIS2_PLACEMENT_3D('',#14288,#9051,#9052);
#7401=AXIS2_PLACEMENT_3D('',#14289,#9053,#9054);
#7402=AXIS2_PLACEMENT_3D('',#14292,#9056,#9057);
#7403=AXIS2_PLACEMENT_3D('',#14293,#9058,#9059);
#7404=AXIS2_PLACEMENT_3D('',#14296,#9061,#9062);
#7405=AXIS2_PLACEMENT_3D('',#14297,#9063,#9064);
#7406=AXIS2_PLACEMENT_3D('',#14300,#9066,#9067);
#7407=AXIS2_PLACEMENT_3D('',#14301,#9068,#9069);
#7408=AXIS2_PLACEMENT_3D('',#14304,#9071,#9072);
#7409=AXIS2_PLACEMENT_3D('',#14305,#9073,#9074);
#7410=AXIS2_PLACEMENT_3D('',#14308,#9076,#9077);
#7411=AXIS2_PLACEMENT_3D('',#14309,#9078,#9079);
#7412=AXIS2_PLACEMENT_3D('',#14311,#9080,#9081);
#7413=AXIS2_PLACEMENT_3D('',#14312,#9082,#9083);
#7414=AXIS2_PLACEMENT_3D('',#14315,#9084,#9085);
#7415=AXIS2_PLACEMENT_3D('',#14316,#9086,#9087);
#7416=AXIS2_PLACEMENT_3D('',#14317,#9088,#9089);
#7417=AXIS2_PLACEMENT_3D('',#14318,#9090,#9091);
#7418=AXIS2_PLACEMENT_3D('',#14320,#9092,#9093);
#7419=AXIS2_PLACEMENT_3D('',#14322,#9095,#9096);
#7420=AXIS2_PLACEMENT_3D('',#14325,#9097,#9098);
#7421=AXIS2_PLACEMENT_3D('',#14329,#9100,#9101);
#7422=AXIS2_PLACEMENT_3D('',#14331,#9103,#9104);
#7423=AXIS2_PLACEMENT_3D('',#14337,#9108,#9109);
#7424=AXIS2_PLACEMENT_3D('',#14341,#9111,#9112);
#7425=AXIS2_PLACEMENT_3D('',#14345,#9114,#9115);
#7426=AXIS2_PLACEMENT_3D('',#14348,#9117,#9118);
#7427=AXIS2_PLACEMENT_3D('',#14349,#9119,#9120);
#7428=AXIS2_PLACEMENT_3D('',#14353,#9122,#9123);
#7429=AXIS2_PLACEMENT_3D('',#14355,#9125,#9126);
#7430=AXIS2_PLACEMENT_3D('',#14359,#9129,#9130);
#7431=AXIS2_PLACEMENT_3D('',#14362,#9132,#9133);
#7432=AXIS2_PLACEMENT_3D('',#14363,#9134,#9135);
#7433=AXIS2_PLACEMENT_3D('',#14365,#9136,#9137);
#7434=AXIS2_PLACEMENT_3D('',#14367,#9139,#9140);
#7435=AXIS2_PLACEMENT_3D('',#14369,#9142,#9143);
#7436=AXIS2_PLACEMENT_3D('',#14371,#9144,#9145);
#7437=AXIS2_PLACEMENT_3D('',#14374,#9146,#9147);
#7438=AXIS2_PLACEMENT_3D('',#14375,#9148,#9149);
#7439=AXIS2_PLACEMENT_3D('',#14377,#9150,#9151);
#7440=AXIS2_PLACEMENT_3D('',#14379,#9152,#9153);
#7441=AXIS2_PLACEMENT_3D('',#14381,#9154,#9155);
#7442=AXIS2_PLACEMENT_3D('',#14383,#9156,#9157);
#7443=AXIS2_PLACEMENT_3D('',#14385,#9158,#9159);
#7444=AXIS2_PLACEMENT_3D('',#14387,#9160,#9161);
#7445=AXIS2_PLACEMENT_3D('',#14389,#9162,#9163);
#7446=AXIS2_PLACEMENT_3D('',#14391,#9164,#9165);
#7447=AXIS2_PLACEMENT_3D('',#14393,#9166,#9167);
#7448=AXIS2_PLACEMENT_3D('',#14395,#9168,#9169);
#7449=AXIS2_PLACEMENT_3D('',#14397,#9170,#9171);
#7450=AXIS2_PLACEMENT_3D('',#14399,#9172,#9173);
#7451=AXIS2_PLACEMENT_3D('',#14401,#9174,#9175);
#7452=AXIS2_PLACEMENT_3D('',#14403,#9176,#9177);
#7453=AXIS2_PLACEMENT_3D('',#14405,#9178,#9179);
#7454=AXIS2_PLACEMENT_3D('',#14407,#9180,#9181);
#7455=AXIS2_PLACEMENT_3D('',#14409,#9182,#9183);
#7456=AXIS2_PLACEMENT_3D('',#14411,#9184,#9185);
#7457=AXIS2_PLACEMENT_3D('',#14413,#9186,#9187);
#7458=AXIS2_PLACEMENT_3D('',#14415,#9188,#9189);
#7459=AXIS2_PLACEMENT_3D('',#14417,#9190,#9191);
#7460=AXIS2_PLACEMENT_3D('',#14419,#9192,#9193);
#7461=AXIS2_PLACEMENT_3D('',#14421,#9194,#9195);
#7462=AXIS2_PLACEMENT_3D('',#14423,#9196,#9197);
#7463=AXIS2_PLACEMENT_3D('',#14425,#9198,#9199);
#7464=AXIS2_PLACEMENT_3D('',#14427,#9200,#9201);
#7465=AXIS2_PLACEMENT_3D('',#14429,#9202,#9203);
#7466=AXIS2_PLACEMENT_3D('',#14431,#9204,#9205);
#7467=AXIS2_PLACEMENT_3D('',#14433,#9206,#9207);
#7468=AXIS2_PLACEMENT_3D('',#14435,#9208,#9209);
#7469=AXIS2_PLACEMENT_3D('',#14437,#9210,#9211);
#7470=AXIS2_PLACEMENT_3D('',#14439,#9212,#9213);
#7471=AXIS2_PLACEMENT_3D('',#14441,#9214,#9215);
#7472=AXIS2_PLACEMENT_3D('',#14443,#9216,#9217);
#7473=AXIS2_PLACEMENT_3D('',#14445,#9218,#9219);
#7474=AXIS2_PLACEMENT_3D('',#14447,#9220,#9221);
#7475=AXIS2_PLACEMENT_3D('',#14449,#9222,#9223);
#7476=AXIS2_PLACEMENT_3D('',#14451,#9224,#9225);
#7477=AXIS2_PLACEMENT_3D('',#14453,#9226,#9227);
#7478=AXIS2_PLACEMENT_3D('',#14455,#9228,#9229);
#7479=AXIS2_PLACEMENT_3D('',#14457,#9230,#9231);
#7480=AXIS2_PLACEMENT_3D('',#14459,#9232,#9233);
#7481=AXIS2_PLACEMENT_3D('',#14461,#9234,#9235);
#7482=AXIS2_PLACEMENT_3D('',#14463,#9236,#9237);
#7483=AXIS2_PLACEMENT_3D('',#14465,#9238,#9239);
#7484=AXIS2_PLACEMENT_3D('',#14467,#9240,#9241);
#7485=AXIS2_PLACEMENT_3D('',#14469,#9242,#9243);
#7486=AXIS2_PLACEMENT_3D('',#14471,#9244,#9245);
#7487=AXIS2_PLACEMENT_3D('',#14473,#9246,#9247);
#7488=AXIS2_PLACEMENT_3D('',#14475,#9248,#9249);
#7489=AXIS2_PLACEMENT_3D('',#14477,#9250,#9251);
#7490=AXIS2_PLACEMENT_3D('',#14479,#9252,#9253);
#7491=AXIS2_PLACEMENT_3D('',#14481,#9254,#9255);
#7492=AXIS2_PLACEMENT_3D('',#14483,#9256,#9257);
#7493=AXIS2_PLACEMENT_3D('',#14485,#9258,#9259);
#7494=AXIS2_PLACEMENT_3D('',#14487,#9260,#9261);
#7495=AXIS2_PLACEMENT_3D('',#14489,#9262,#9263);
#7496=AXIS2_PLACEMENT_3D('',#14491,#9264,#9265);
#7497=AXIS2_PLACEMENT_3D('',#14493,#9266,#9267);
#7498=AXIS2_PLACEMENT_3D('',#14495,#9268,#9269);
#7499=AXIS2_PLACEMENT_3D('',#14497,#9270,#9271);
#7500=AXIS2_PLACEMENT_3D('',#14499,#9272,#9273);
#7501=AXIS2_PLACEMENT_3D('',#14501,#9274,#9275);
#7502=AXIS2_PLACEMENT_3D('',#14503,#9276,#9277);
#7503=AXIS2_PLACEMENT_3D('',#14505,#9278,#9279);
#7504=AXIS2_PLACEMENT_3D('',#14507,#9280,#9281);
#7505=AXIS2_PLACEMENT_3D('',#14509,#9282,#9283);
#7506=AXIS2_PLACEMENT_3D('',#14511,#9284,#9285);
#7507=AXIS2_PLACEMENT_3D('',#14513,#9286,#9287);
#7508=AXIS2_PLACEMENT_3D('',#14515,#9288,#9289);
#7509=AXIS2_PLACEMENT_3D('',#14517,#9290,#9291);
#7510=AXIS2_PLACEMENT_3D('',#14519,#9292,#9293);
#7511=AXIS2_PLACEMENT_3D('',#14521,#9294,#9295);
#7512=AXIS2_PLACEMENT_3D('',#14523,#9296,#9297);
#7513=AXIS2_PLACEMENT_3D('',#14525,#9298,#9299);
#7514=AXIS2_PLACEMENT_3D('',#14527,#9300,#9301);
#7515=AXIS2_PLACEMENT_3D('',#14529,#9302,#9303);
#7516=AXIS2_PLACEMENT_3D('',#14531,#9304,#9305);
#7517=AXIS2_PLACEMENT_3D('',#14532,#9306,#9307);
#7518=AXIS2_PLACEMENT_3D('',#14533,#9308,#9309);
#7519=AXIS2_PLACEMENT_3D('',#14536,#9311,#9312);
#7520=AXIS2_PLACEMENT_3D('',#14537,#9313,#9314);
#7521=AXIS2_PLACEMENT_3D('',#14539,#9316,#9317);
#7522=AXIS2_PLACEMENT_3D('',#14541,#9318,#9319);
#7523=AXIS2_PLACEMENT_3D('',#14544,#9321,#9322);
#7524=AXIS2_PLACEMENT_3D('',#14545,#9323,#9324);
#7525=AXIS2_PLACEMENT_3D('',#14546,#9325,#9326);
#7526=AXIS2_PLACEMENT_3D('',#14548,#9328,#9329);
#7527=AXIS2_PLACEMENT_3D('',#14550,#9330,#9331);
#7528=AXIS2_PLACEMENT_3D('',#14553,#9333,#9334);
#7529=AXIS2_PLACEMENT_3D('',#14554,#9335,#9336);
#7530=AXIS2_PLACEMENT_3D('',#14555,#9337,#9338);
#7531=AXIS2_PLACEMENT_3D('',#14557,#9340,#9341);
#7532=AXIS2_PLACEMENT_3D('',#14559,#9343,#9344);
#7533=AXIS2_PLACEMENT_3D('',#14561,#9346,#9347);
#7534=AXIS2_PLACEMENT_3D('',#14563,#9349,#9350);
#7535=AXIS2_PLACEMENT_3D('',#14565,#9352,#9353);
#7536=AXIS2_PLACEMENT_3D('',#14567,#9355,#9356);
#7537=AXIS2_PLACEMENT_3D('',#14569,#9358,#9359);
#7538=AXIS2_PLACEMENT_3D('',#14571,#9361,#9362);
#7539=AXIS2_PLACEMENT_3D('',#14573,#9364,#9365);
#7540=AXIS2_PLACEMENT_3D('',#14575,#9367,#9368);
#7541=AXIS2_PLACEMENT_3D('',#14577,#9370,#9371);
#7542=AXIS2_PLACEMENT_3D('',#14579,#9373,#9374);
#7543=AXIS2_PLACEMENT_3D('',#14581,#9376,#9377);
#7544=AXIS2_PLACEMENT_3D('',#14583,#9379,#9380);
#7545=AXIS2_PLACEMENT_3D('',#14585,#9382,#9383);
#7546=AXIS2_PLACEMENT_3D('',#14587,#9385,#9386);
#7547=AXIS2_PLACEMENT_3D('',#14589,#9388,#9389);
#7548=AXIS2_PLACEMENT_3D('',#14591,#9391,#9392);
#7549=AXIS2_PLACEMENT_3D('',#14593,#9394,#9395);
#7550=AXIS2_PLACEMENT_3D('',#14595,#9397,#9398);
#7551=AXIS2_PLACEMENT_3D('',#14597,#9400,#9401);
#7552=AXIS2_PLACEMENT_3D('',#14599,#9403,#9404);
#7553=AXIS2_PLACEMENT_3D('',#14601,#9406,#9407);
#7554=AXIS2_PLACEMENT_3D('',#14603,#9409,#9410);
#7555=AXIS2_PLACEMENT_3D('',#14605,#9412,#9413);
#7556=AXIS2_PLACEMENT_3D('',#14607,#9415,#9416);
#7557=AXIS2_PLACEMENT_3D('',#14609,#9418,#9419);
#7558=AXIS2_PLACEMENT_3D('',#14611,#9421,#9422);
#7559=AXIS2_PLACEMENT_3D('',#14613,#9424,#9425);
#7560=AXIS2_PLACEMENT_3D('',#14615,#9427,#9428);
#7561=AXIS2_PLACEMENT_3D('',#14617,#9430,#9431);
#7562=AXIS2_PLACEMENT_3D('',#14619,#9433,#9434);
#7563=AXIS2_PLACEMENT_3D('',#14621,#9436,#9437);
#7564=AXIS2_PLACEMENT_3D('',#14623,#9439,#9440);
#7565=AXIS2_PLACEMENT_3D('',#14625,#9442,#9443);
#7566=AXIS2_PLACEMENT_3D('',#14627,#9445,#9446);
#7567=AXIS2_PLACEMENT_3D('',#14629,#9448,#9449);
#7568=AXIS2_PLACEMENT_3D('',#14631,#9451,#9452);
#7569=AXIS2_PLACEMENT_3D('',#14633,#9454,#9455);
#7570=AXIS2_PLACEMENT_3D('',#14635,#9457,#9458);
#7571=AXIS2_PLACEMENT_3D('',#14637,#9460,#9461);
#7572=AXIS2_PLACEMENT_3D('',#14639,#9463,#9464);
#7573=AXIS2_PLACEMENT_3D('',#14641,#9466,#9467);
#7574=AXIS2_PLACEMENT_3D('',#14643,#9469,#9470);
#7575=AXIS2_PLACEMENT_3D('',#14645,#9472,#9473);
#7576=AXIS2_PLACEMENT_3D('',#14647,#9475,#9476);
#7577=AXIS2_PLACEMENT_3D('',#14649,#9478,#9479);
#7578=AXIS2_PLACEMENT_3D('',#14651,#9481,#9482);
#7579=AXIS2_PLACEMENT_3D('',#14653,#9484,#9485);
#7580=AXIS2_PLACEMENT_3D('',#14655,#9487,#9488);
#7581=AXIS2_PLACEMENT_3D('',#14657,#9490,#9491);
#7582=AXIS2_PLACEMENT_3D('',#14659,#9493,#9494);
#7583=AXIS2_PLACEMENT_3D('',#14661,#9496,#9497);
#7584=AXIS2_PLACEMENT_3D('',#14663,#9499,#9500);
#7585=AXIS2_PLACEMENT_3D('',#14665,#9502,#9503);
#7586=AXIS2_PLACEMENT_3D('',#14667,#9505,#9506);
#7587=AXIS2_PLACEMENT_3D('',#14669,#9508,#9509);
#7588=AXIS2_PLACEMENT_3D('',#14671,#9511,#9512);
#7589=AXIS2_PLACEMENT_3D('',#14673,#9514,#9515);
#7590=AXIS2_PLACEMENT_3D('',#14675,#9517,#9518);
#7591=AXIS2_PLACEMENT_3D('',#14677,#9520,#9521);
#7592=AXIS2_PLACEMENT_3D('',#14679,#9523,#9524);
#7593=AXIS2_PLACEMENT_3D('',#14681,#9526,#9527);
#7594=AXIS2_PLACEMENT_3D('',#14683,#9529,#9530);
#7595=AXIS2_PLACEMENT_3D('',#14685,#9532,#9533);
#7596=AXIS2_PLACEMENT_3D('',#14687,#9535,#9536);
#7597=AXIS2_PLACEMENT_3D('',#14689,#9538,#9539);
#7598=AXIS2_PLACEMENT_3D('',#14691,#9541,#9542);
#7599=AXIS2_PLACEMENT_3D('',#14693,#9544,#9545);
#7600=AXIS2_PLACEMENT_3D('',#14695,#9547,#9548);
#7601=AXIS2_PLACEMENT_3D('',#14697,#9550,#9551);
#7602=AXIS2_PLACEMENT_3D('',#14699,#9553,#9554);
#7603=AXIS2_PLACEMENT_3D('',#14701,#9556,#9557);
#7604=AXIS2_PLACEMENT_3D('',#14703,#9559,#9560);
#7605=AXIS2_PLACEMENT_3D('',#14705,#9562,#9563);
#7606=AXIS2_PLACEMENT_3D('',#14707,#9565,#9566);
#7607=AXIS2_PLACEMENT_3D('',#14709,#9568,#9569);
#7608=AXIS2_PLACEMENT_3D('',#14711,#9571,#9572);
#7609=AXIS2_PLACEMENT_3D('',#14713,#9574,#9575);
#7610=AXIS2_PLACEMENT_3D('',#14714,#9576,#9577);
#7611=AXIS2_PLACEMENT_3D('',#14715,#9578,#9579);
#7612=DIRECTION('axis',(0.,0.,1.));
#7613=DIRECTION('refdir',(1.,0.,0.));
#7614=DIRECTION('center_axis',(-1.,0.,-5.75123468118634E-16));
#7615=DIRECTION('ref_axis',(5.75123468118634E-16,0.,-1.));
#7616=DIRECTION('',(-5.75123468118634E-16,0.,1.));
#7617=DIRECTION('',(0.,-1.,0.));
#7618=DIRECTION('',(-5.75123468118634E-16,0.,1.));
#7619=DIRECTION('',(0.,1.,0.));
#7620=DIRECTION('center_axis',(1.,0.,9.92862581976194E-17));
#7621=DIRECTION('ref_axis',(-9.92862581976194E-17,0.,1.));
#7622=DIRECTION('',(9.92862581976194E-17,0.,-1.));
#7623=DIRECTION('',(0.,-1.,0.));
#7624=DIRECTION('',(-9.92862581976194E-17,0.,1.));
#7625=DIRECTION('',(0.,1.,0.));
#7626=DIRECTION('center_axis',(-6.36355808076002E-16,0.,1.));
#7627=DIRECTION('ref_axis',(-1.,0.,-6.36355808076002E-16));
#7628=DIRECTION('',(1.,0.,6.36355808076002E-16));
#7629=DIRECTION('',(0.,-1.,0.));
#7630=DIRECTION('',(1.,0.,6.36355808076002E-16));
#7631=DIRECTION('',(0.,1.,0.));
#7632=DIRECTION('center_axis',(1.60518598154987E-16,0.,-1.));
#7633=DIRECTION('ref_axis',(1.,0.,1.60518598154987E-16));
#7634=DIRECTION('',(-1.,0.,-1.60518598154987E-16));
#7635=DIRECTION('',(0.,-1.,0.));
#7636=DIRECTION('',(1.,0.,1.60518598154987E-16));
#7637=DIRECTION('',(0.,1.,0.));
#7638=DIRECTION('center_axis',(1.,0.,6.97588148033369E-16));
#7639=DIRECTION('ref_axis',(-6.97588148033369E-16,0.,1.));
#7640=DIRECTION('',(6.97588148033369E-16,0.,-1.));
#7641=DIRECTION('',(0.,-1.,0.));
#7642=DIRECTION('',(6.97588148033369E-16,0.,-1.));
#7643=DIRECTION('',(0.,1.,0.));
#7644=DIRECTION('center_axis',(-1.,0.,-2.21750938112355E-16));
#7645=DIRECTION('ref_axis',(2.21750938112355E-16,0.,-1.));
#7646=DIRECTION('',(-2.21750938112355E-16,0.,1.));
#7647=DIRECTION('',(0.,-1.,0.));
#7648=DIRECTION('',(2.21750938112355E-16,0.,-1.));
#7649=DIRECTION('',(0.,1.,0.));
#7650=DIRECTION('center_axis',(-1.1522162624395E-15,0.,1.));
#7651=DIRECTION('ref_axis',(1.,0.,1.1522162624395E-15));
#7652=DIRECTION('',(-1.,0.,-1.1522162624395E-15));
#7653=DIRECTION('',(1.,0.,1.1522162624395E-15));
#7654=DIRECTION('',(0.,-1.,0.));
#7655=DIRECTION('',(-1.,0.,-1.1522162624395E-15));
#7656=DIRECTION('',(0.,1.,0.));
#7657=DIRECTION('',(1.,0.,1.1522162624395E-15));
#7658=DIRECTION('center_axis',(0.,-1.,0.));
#7659=DIRECTION('ref_axis',(-9.18485099360515E-16,0.,1.));
#7660=DIRECTION('center_axis',(0.,-1.,0.));
#7661=DIRECTION('ref_axis',(-9.18485099360515E-16,0.,1.));
#7662=DIRECTION('center_axis',(0.,1.,0.));
#7663=DIRECTION('ref_axis',(-9.18485099360515E-16,0.,1.));
#7664=DIRECTION('',(-1.,0.,-1.09378347166975E-15));
#7665=DIRECTION('center_axis',(0.,1.,0.));
#7666=DIRECTION('ref_axis',(-0.707106781186547,0.,-0.707106781186548));
#7667=DIRECTION('',(-8.6005230859077E-16,0.,1.));
#7668=DIRECTION('center_axis',(0.,1.,0.));
#7669=DIRECTION('ref_axis',(-9.18485099360515E-16,0.,1.));
#7670=DIRECTION('',(-8.6005230859077E-16,0.,1.));
#7671=DIRECTION('center_axis',(0.,1.,0.));
#7672=DIRECTION('ref_axis',(-0.707106781186548,0.,0.707106781186547));
#7673=DIRECTION('center_axis',(0.,1.,0.));
#7674=DIRECTION('ref_axis',(-9.18485099360515E-16,0.,1.));
#7675=DIRECTION('center_axis',(0.,1.,0.));
#7676=DIRECTION('ref_axis',(0.707106781186547,0.,0.707106781186548));
#7677=DIRECTION('',(6.84753936281535E-16,0.,-1.));
#7678=DIRECTION('',(1.,0.,2.82983278069722E-16));
#7679=DIRECTION('center_axis',(0.,1.,0.));
#7680=DIRECTION('ref_axis',(-9.18485099360515E-16,0.,1.));
#7681=DIRECTION('',(-1.,0.,-7.58820487990737E-16));
#7682=DIRECTION('',(6.84753936281535E-16,0.,-1.));
#7683=DIRECTION('center_axis',(0.,1.,0.));
#7684=DIRECTION('ref_axis',(0.707106781186549,0.,-0.707106781186546));
#7685=DIRECTION('',(-1.,0.,-1.09378347166975E-15));
#7686=DIRECTION('center_axis',(-2.82983278069722E-16,0.,1.));
#7687=DIRECTION('ref_axis',(-1.,0.,-2.82983278069722E-16));
#7688=DIRECTION('',(0.,-1.,0.));
#7689=DIRECTION('',(-1.,0.,-2.82983278069722E-16));
#7690=DIRECTION('',(0.,1.,0.));
#7691=DIRECTION('center_axis',(7.58820487990737E-16,0.,-1.));
#7692=DIRECTION('ref_axis',(1.,0.,7.58820487990737E-16));
#7693=DIRECTION('',(0.,-1.,0.));
#7694=DIRECTION('',(-1.,0.,-7.58820487990737E-16));
#7695=DIRECTION('',(0.,1.,0.));
#7696=DIRECTION('center_axis',(1.,0.,6.84753936281535E-16));
#7697=DIRECTION('ref_axis',(6.84753936281535E-16,0.,-1.));
#7698=DIRECTION('',(-6.84753936281535E-16,0.,1.));
#7699=DIRECTION('',(0.,-1.,0.));
#7700=DIRECTION('',(-6.84753936281535E-16,0.,1.));
#7701=DIRECTION('',(0.,1.,0.));
#7702=DIRECTION('center_axis',(0.,-1.,0.));
#7703=DIRECTION('ref_axis',(-9.18485099360515E-16,0.,1.));
#7704=DIRECTION('center_axis',(0.,-1.,0.));
#7705=DIRECTION('ref_axis',(-9.18485099360515E-16,0.,1.));
#7706=DIRECTION('center_axis',(0.,-1.,0.));
#7707=DIRECTION('ref_axis',(-9.18485099360515E-16,0.,1.));
#7708=DIRECTION('center_axis',(0.,-1.,0.));
#7709=DIRECTION('ref_axis',(-9.18485099360515E-16,0.,1.));
#7710=DIRECTION('center_axis',(0.,-1.,0.));
#7711=DIRECTION('ref_axis',(0.999993910509771,0.,-0.00348983429070334));
#7712=DIRECTION('center_axis',(0.,-1.,0.));
#7713=DIRECTION('ref_axis',(-9.18485099360515E-16,0.,1.));
#7714=DIRECTION('center_axis',(0.,-1.,0.));
#7715=DIRECTION('ref_axis',(-9.18485099360515E-16,0.,1.));
#7716=DIRECTION('center_axis',(0.,-1.,0.));
#7717=DIRECTION('ref_axis',(-9.18485099360515E-16,0.,1.));
#7718=DIRECTION('center_axis',(0.,-1.,0.));
#7719=DIRECTION('ref_axis',(-0.999993910509771,0.,0.00348983429070208));
#7720=DIRECTION('center_axis',(0.,-1.,0.));
#7721=DIRECTION('ref_axis',(-9.18485099360515E-16,0.,1.));
#7722=DIRECTION('center_axis',(0.,-1.,0.));
#7723=DIRECTION('ref_axis',(-9.18485099360515E-16,0.,1.));
#7724=DIRECTION('',(8.6005230859077E-16,0.,-1.));
#7725=DIRECTION('center_axis',(0.,-1.,0.));
#7726=DIRECTION('ref_axis',(-9.18485099360515E-16,0.,1.));
#7727=DIRECTION('center_axis',(0.,-1.,0.));
#7728=DIRECTION('ref_axis',(-0.00348983429070303,0.,-0.999993910509771));
#7729=DIRECTION('center_axis',(0.,-1.,0.));
#7730=DIRECTION('ref_axis',(-9.18485099360515E-16,0.,1.));
#7731=DIRECTION('center_axis',(0.,-1.,0.));
#7732=DIRECTION('ref_axis',(-9.18485099360515E-16,0.,1.));
#7733=DIRECTION('',(1.,0.,1.09378347166975E-15));
#7734=DIRECTION('center_axis',(0.,-1.,0.));
#7735=DIRECTION('ref_axis',(-9.18485099360515E-16,0.,1.));
#7736=DIRECTION('center_axis',(0.,1.,0.));
#7737=DIRECTION('ref_axis',(-0.707106781186548,0.,0.707106781186547));
#7738=DIRECTION('',(0.,1.,0.));
#7739=DIRECTION('center_axis',(0.,1.,0.));
#7740=DIRECTION('ref_axis',(-0.707106781186548,0.,0.707106781186547));
#7741=DIRECTION('center_axis',(-1.,0.,-8.6005230859077E-16));
#7742=DIRECTION('ref_axis',(-8.6005230859077E-16,0.,1.));
#7743=DIRECTION('',(0.,-1.,0.));
#7744=DIRECTION('',(8.6005230859077E-16,0.,-1.));
#7745=DIRECTION('center_axis',(0.,1.,0.));
#7746=DIRECTION('ref_axis',(0.707106781186547,0.,0.707106781186548));
#7747=DIRECTION('center_axis',(0.,1.,0.));
#7748=DIRECTION('ref_axis',(0.707106781186547,0.,0.707106781186548));
#7749=DIRECTION('center_axis',(0.,1.,0.));
#7750=DIRECTION('ref_axis',(0.707106781186549,0.,-0.707106781186546));
#7751=DIRECTION('center_axis',(0.,1.,0.));
#7752=DIRECTION('ref_axis',(0.707106781186549,0.,-0.707106781186546));
#7753=DIRECTION('',(0.,-1.,0.));
#7754=DIRECTION('center_axis',(0.,1.,0.));
#7755=DIRECTION('ref_axis',(-0.707106781186547,0.,-0.707106781186548));
#7756=DIRECTION('',(0.,1.,0.));
#7757=DIRECTION('center_axis',(0.,1.,0.));
#7758=DIRECTION('ref_axis',(-0.707106781186547,0.,-0.707106781186548));
#7759=DIRECTION('center_axis',(1.09378347166975E-15,0.,-1.));
#7760=DIRECTION('ref_axis',(-1.,0.,-1.09378347166975E-15));
#7761=DIRECTION('',(1.,0.,1.09378347166975E-15));
#7762=DIRECTION('center_axis',(0.,1.,0.));
#7763=DIRECTION('ref_axis',(-9.18485099360515E-16,0.,1.));
#7764=DIRECTION('center_axis',(0.,-1.,0.));
#7765=DIRECTION('ref_axis',(-9.18485099360515E-16,0.,1.));
#7766=DIRECTION('',(0.,-1.,0.));
#7767=DIRECTION('center_axis',(0.,1.,0.));
#7768=DIRECTION('ref_axis',(-9.18485099360515E-16,0.,1.));
#7769=DIRECTION('center_axis',(0.,-1.,0.));
#7770=DIRECTION('ref_axis',(-9.18485099360515E-16,0.,1.));
#7771=DIRECTION('',(0.,-1.,0.));
#7772=DIRECTION('center_axis',(0.,1.,0.));
#7773=DIRECTION('ref_axis',(-9.18485099360515E-16,0.,1.));
#7774=DIRECTION('center_axis',(0.,-1.,0.));
#7775=DIRECTION('ref_axis',(-9.18485099360515E-16,0.,1.));
#7776=DIRECTION('',(0.,-1.,0.));
#7777=DIRECTION('center_axis',(0.,1.,0.));
#7778=DIRECTION('ref_axis',(-9.18485099360515E-16,0.,1.));
#7779=DIRECTION('center_axis',(0.,-1.,0.));
#7780=DIRECTION('ref_axis',(-9.18485099360515E-16,0.,1.));
#7781=DIRECTION('',(0.,-1.,0.));
#7782=DIRECTION('center_axis',(0.,1.,0.));
#7783=DIRECTION('ref_axis',(-9.18485099360515E-16,0.,1.));
#7784=DIRECTION('center_axis',(0.,1.,0.));
#7785=DIRECTION('ref_axis',(-9.18485099360515E-16,0.,1.));
#7786=DIRECTION('',(0.,-1.,0.));
#7787=DIRECTION('center_axis',(0.,-1.,0.));
#7788=DIRECTION('ref_axis',(-9.18485099360515E-16,0.,1.));
#7789=DIRECTION('',(0.,-1.,0.));
#7790=DIRECTION('',(0.,-1.,0.));
#7791=DIRECTION('',(0.,-1.,0.));
#7792=DIRECTION('',(0.,-1.,0.));
#7793=DIRECTION('center_axis',(1.,0.,9.18485099360515E-16));
#7794=DIRECTION('ref_axis',(-9.18485099360515E-16,0.,1.));
#7795=DIRECTION('',(-9.18485099360515E-16,0.,1.));
#7796=DIRECTION('',(0.,-1.,0.));
#7797=DIRECTION('',(-9.18485099360515E-16,0.,1.));
#7798=DIRECTION('',(0.,-1.,0.));
#7799=DIRECTION('',(0.,-1.,0.));
#7800=DIRECTION('',(0.,-1.,0.));
#7801=DIRECTION('center_axis',(9.18485099360515E-16,0.,-1.));
#7802=DIRECTION('ref_axis',(1.,0.,9.18485099360515E-16));
#7803=DIRECTION('',(1.,0.,9.18485099360515E-16));
#7804=DIRECTION('',(0.,-1.,0.));
#7805=DIRECTION('',(1.,0.,9.18485099360515E-16));
#7806=DIRECTION('center_axis',(-1.,0.,-9.18485099360515E-16));
#7807=DIRECTION('ref_axis',(9.18485099360515E-16,0.,-1.));
#7808=DIRECTION('',(9.18485099360515E-16,0.,-1.));
#7809=DIRECTION('',(0.,-1.,0.));
#7810=DIRECTION('',(9.18485099360515E-16,0.,-1.));
#7811=DIRECTION('center_axis',(-1.0164852187525E-15,0.,1.));
#7812=DIRECTION('ref_axis',(-1.,0.,-1.0164852187525E-15));
#7813=DIRECTION('',(-1.,0.,-1.0164852187525E-15));
#7814=DIRECTION('',(0.,-1.,0.));
#7815=DIRECTION('',(-1.,0.,-1.0164852187525E-15));
#7816=DIRECTION('center_axis',(1.,0.,9.18485099360515E-16));
#7817=DIRECTION('ref_axis',(-9.18485099360515E-16,0.,1.));
#7818=DIRECTION('',(-9.18485099360515E-16,0.,1.));
#7819=DIRECTION('',(-9.18485099360515E-16,0.,1.));
#7820=DIRECTION('center_axis',(0.,1.,0.));
#7821=DIRECTION('ref_axis',(-9.18485099360515E-16,0.,1.));
#7822=DIRECTION('',(0.,-1.,0.));
#7823=DIRECTION('',(0.,-1.,0.));
#7824=DIRECTION('',(0.,-1.,0.));
#7825=DIRECTION('',(0.,-1.,0.));
#7826=DIRECTION('',(0.,-1.,0.));
#7827=DIRECTION('',(0.,-1.,0.));
#7828=DIRECTION('',(0.,-1.,0.));
#7829=DIRECTION('',(0.,-1.,0.));
#7830=DIRECTION('',(0.,-1.,0.));
#7831=DIRECTION('',(0.,-1.,0.));
#7832=DIRECTION('center_axis',(0.994767438052968,0.,0.102165278786557));
#7833=DIRECTION('ref_axis',(-0.102165278786557,0.,0.994767438052968));
#7834=DIRECTION('',(-0.102165278786557,0.,0.994767438052968));
#7835=DIRECTION('',(0.,-1.,0.));
#7836=DIRECTION('',(-0.102165278786557,0.,0.994767438052968));
#7837=DIRECTION('',(0.,-1.,0.));
#7838=DIRECTION('',(0.,-1.,0.));
#7839=DIRECTION('',(0.,-1.,0.));
#7840=DIRECTION('',(0.,-1.,0.));
#7841=DIRECTION('',(0.,-1.,0.));
#7842=DIRECTION('',(0.,-1.,0.));
#7843=DIRECTION('',(0.,-1.,0.));
#7844=DIRECTION('',(0.,-1.,0.));
#7845=DIRECTION('',(0.,-1.,0.));
#7846=DIRECTION('center_axis',(1.,0.,9.18485099360515E-16));
#7847=DIRECTION('ref_axis',(-9.18485099360515E-16,0.,1.));
#7848=DIRECTION('',(-9.18485099360515E-16,0.,1.));
#7849=DIRECTION('',(0.,-1.,0.));
#7850=DIRECTION('',(-9.18485099360515E-16,0.,1.));
#7851=DIRECTION('center_axis',(1.0164853012505E-15,0.,-1.));
#7852=DIRECTION('ref_axis',(1.,0.,1.0164853012505E-15));
#7853=DIRECTION('',(1.,0.,1.0164853012505E-15));
#7854=DIRECTION('',(0.,-1.,0.));
#7855=DIRECTION('',(1.,0.,1.0164853012505E-15));
#7856=DIRECTION('center_axis',(-1.,0.,-9.18485099360515E-16));
#7857=DIRECTION('ref_axis',(9.18485099360515E-16,0.,-1.));
#7858=DIRECTION('',(9.18485099360515E-16,0.,-1.));
#7859=DIRECTION('',(9.18485099360515E-16,0.,-1.));
#7860=DIRECTION('center_axis',(0.,1.,0.));
#7861=DIRECTION('ref_axis',(-9.18485099360515E-16,0.,1.));
#7862=DIRECTION('center_axis',(0.,1.,0.));
#7863=DIRECTION('ref_axis',(-0.931026644955079,0.,0.364951210963451));
#7864=DIRECTION('center_axis',(0.,-1.,0.));
#7865=DIRECTION('ref_axis',(-0.931026644955079,0.,0.364951210963451));
#7866=DIRECTION('center_axis',(0.,1.,0.));
#7867=DIRECTION('ref_axis',(0.116092914125229,0.,0.993238357741943));
#7868=DIRECTION('center_axis',(0.,-1.,0.));
#7869=DIRECTION('ref_axis',(0.11609291412523,0.,0.993238357741943));
#7870=DIRECTION('center_axis',(0.,1.,0.));
#7871=DIRECTION('ref_axis',(0.990094242541526,0.,0.14040438342916));
#7872=DIRECTION('center_axis',(0.,-1.,0.));
#7873=DIRECTION('ref_axis',(0.990094242541526,0.,0.14040438342916));
#7874=DIRECTION('center_axis',(0.,-1.,0.));
#7875=DIRECTION('ref_axis',(0.,0.,1.));
#7876=DIRECTION('center_axis',(0.,-1.,0.));
#7877=DIRECTION('ref_axis',(-0.742571869461852,0.,-0.669766391127481));
#7878=DIRECTION('center_axis',(0.,1.,0.));
#7879=DIRECTION('ref_axis',(-0.742571869461852,0.,-0.669766391127481));
#7880=DIRECTION('center_axis',(0.,-1.,0.));
#7881=DIRECTION('ref_axis',(-4.94469630428392E-15,0.,-1.));
#7882=DIRECTION('center_axis',(0.,-1.,0.));
#7883=DIRECTION('ref_axis',(-1.44429568230874E-15,0.,-1.));
#7884=DIRECTION('center_axis',(0.,1.,0.));
#7885=DIRECTION('ref_axis',(-1.44429568230874E-15,0.,-1.));
#7886=DIRECTION('center_axis',(0.,-1.,0.));
#7887=DIRECTION('ref_axis',(0.,0.,1.));
#7888=DIRECTION('center_axis',(0.,-1.,0.));
#7889=DIRECTION('ref_axis',(0.742571869461827,0.,-0.669766391127509));
#7890=DIRECTION('center_axis',(0.,1.,0.));
#7891=DIRECTION('ref_axis',(0.742571869461827,0.,-0.669766391127509));
#7892=DIRECTION('center_axis',(0.,1.,0.));
#7893=DIRECTION('ref_axis',(-0.990094242541526,0.,0.140404383429157));
#7894=DIRECTION('center_axis',(0.,-1.,0.));
#7895=DIRECTION('ref_axis',(-0.990094242541526,0.,0.140404383429157));
#7896=DIRECTION('center_axis',(0.,1.,0.));
#7897=DIRECTION('ref_axis',(-0.11609291412523,0.,0.993238357741943));
#7898=DIRECTION('center_axis',(0.,-1.,0.));
#7899=DIRECTION('ref_axis',(-0.11609291412523,0.,0.993238357741943));
#7900=DIRECTION('center_axis',(0.,1.,0.));
#7901=DIRECTION('ref_axis',(0.931026644955077,0.,0.364951210963455));
#7902=DIRECTION('center_axis',(0.,-1.,0.));
#7903=DIRECTION('ref_axis',(0.931026644955077,0.,0.364951210963455));
#7904=DIRECTION('center_axis',(0.,-1.,0.));
#7905=DIRECTION('ref_axis',(-0.559208828790082,0.,-0.829026830568966));
#7906=DIRECTION('center_axis',(0.,-1.,0.));
#7907=DIRECTION('ref_axis',(-0.568096989132847,0.,-0.822961609638137));
#7908=DIRECTION('center_axis',(0.,1.,0.));
#7909=DIRECTION('ref_axis',(-0.568096989132847,0.,-0.822961609638137));
#7910=DIRECTION('center_axis',(0.,-1.,0.));
#7911=DIRECTION('ref_axis',(-9.50903135439216E-16,0.,1.));
#7912=DIRECTION('center_axis',(0.,-1.,0.));
#7913=DIRECTION('ref_axis',(0.230615870742442,0.,-0.973044870579823));
#7914=DIRECTION('center_axis',(0.,1.,0.));
#7915=DIRECTION('ref_axis',(0.230615870742442,0.,-0.973044870579823));
#7916=DIRECTION('center_axis',(0.,-1.,0.));
#7917=DIRECTION('ref_axis',(0.,0.,1.));
#7918=DIRECTION('center_axis',(0.,-1.,0.));
#7919=DIRECTION('ref_axis',(0.877014508100599,0.,-0.480463893108591));
#7920=DIRECTION('center_axis',(0.,1.,0.));
#7921=DIRECTION('ref_axis',(0.877014508100599,0.,-0.480463893108591));
#7922=DIRECTION('center_axis',(0.,1.,0.));
#7923=DIRECTION('ref_axis',(-0.995785603236218,0.,-0.0917116807581273));
#7924=DIRECTION('center_axis',(0.,-1.,0.));
#7925=DIRECTION('ref_axis',(-0.995785603236218,0.,-0.0917116807581273));
#7926=DIRECTION('center_axis',(0.,1.,0.));
#7927=DIRECTION('ref_axis',(-0.34202014332567,0.,0.939692620785908));
#7928=DIRECTION('center_axis',(0.,-1.,0.));
#7929=DIRECTION('ref_axis',(-0.34202014332567,0.,0.939692620785908));
#7930=DIRECTION('center_axis',(0.,1.,0.));
#7931=DIRECTION('ref_axis',(0.821767159951835,0.,0.569823424250613));
#7932=DIRECTION('center_axis',(0.,-1.,0.));
#7933=DIRECTION('ref_axis',(0.821767159951835,0.,0.569823424250613));
#7934=DIRECTION('center_axis',(0.,-1.,0.));
#7935=DIRECTION('ref_axis',(-0.352948538036476,0.,-0.935642736036525));
#7936=DIRECTION('center_axis',(0.,-1.,0.));
#7937=DIRECTION('ref_axis',(-0.362995853073263,0.,-0.931790754757534));
#7938=DIRECTION('center_axis',(0.,1.,0.));
#7939=DIRECTION('ref_axis',(-0.362995853073263,0.,-0.931790754757534));
#7940=DIRECTION('center_axis',(0.,-1.,0.));
#7941=DIRECTION('ref_axis',(-9.50903135439216E-16,0.,1.));
#7942=DIRECTION('center_axis',(0.,-1.,0.));
#7943=DIRECTION('ref_axis',(0.448799180200463,0.,-0.893632640323412));
#7944=DIRECTION('center_axis',(0.,1.,0.));
#7945=DIRECTION('ref_axis',(0.448799180200463,0.,-0.893632640323412));
#7946=DIRECTION('center_axis',(0.,-1.,0.));
#7947=DIRECTION('ref_axis',(-1.54465812121761E-15,0.,1.));
#7948=DIRECTION('center_axis',(0.,-1.,0.));
#7949=DIRECTION('ref_axis',(0.96417706760093,0.,-0.265259462248703));
#7950=DIRECTION('center_axis',(0.,1.,0.));
#7951=DIRECTION('ref_axis',(0.96417706760093,0.,-0.265259462248703));
#7952=DIRECTION('center_axis',(0.,1.,0.));
#7953=DIRECTION('ref_axis',(-0.94779390431095,0.,-0.318883544497055));
#7954=DIRECTION('center_axis',(0.,-1.,0.));
#7955=DIRECTION('ref_axis',(-0.94779390431095,0.,-0.318883544497055));
#7956=DIRECTION('center_axis',(0.,1.,0.));
#7957=DIRECTION('ref_axis',(-0.549508978070807,0.,0.835487811412936));
#7958=DIRECTION('center_axis',(0.,-1.,0.));
#7959=DIRECTION('ref_axis',(-0.549508978070807,0.,0.835487811412936));
#7960=DIRECTION('center_axis',(0.,1.,0.));
#7961=DIRECTION('ref_axis',(0.668205994649089,0.,0.743976309243124));
#7962=DIRECTION('center_axis',(0.,-1.,0.));
#7963=DIRECTION('ref_axis',(0.668205994649089,0.,0.743976309243124));
#7964=DIRECTION('center_axis',(0.,-1.,0.));
#7965=DIRECTION('ref_axis',(-0.127660700239684,0.,-0.991817899422224));
#7966=DIRECTION('center_axis',(0.,-1.,0.));
#7967=DIRECTION('ref_axis',(-0.138325516616513,0.,-0.990386819102907));
#7968=DIRECTION('center_axis',(0.,1.,0.));
#7969=DIRECTION('ref_axis',(-0.138325516616513,0.,-0.990386819102907));
#7970=DIRECTION('center_axis',(0.,-1.,0.));
#7971=DIRECTION('ref_axis',(-9.50903135439216E-16,0.,1.));
#7972=DIRECTION('center_axis',(0.,-1.,0.));
#7973=DIRECTION('ref_axis',(0.642787609686541,0.,-0.766044443118977));
#7974=DIRECTION('center_axis',(0.,1.,0.));
#7975=DIRECTION('ref_axis',(0.64278760968654,0.,-0.766044443118977));
#7976=DIRECTION('center_axis',(0.,-1.,0.));
#7977=DIRECTION('ref_axis',(-1.54465812121761E-15,0.,1.));
#7978=DIRECTION('center_axis',(0.,-1.,0.));
#7979=DIRECTION('ref_axis',(0.999360591818935,0.,-0.0357548251192377));
#7980=DIRECTION('center_axis',(0.,1.,0.));
#7981=DIRECTION('ref_axis',(0.999360591818935,0.,-0.0357548251192378));
#7982=DIRECTION('center_axis',(0.,1.,0.));
#7983=DIRECTION('ref_axis',(-0.848706390676969,0.,-0.528864313812221));
#7984=DIRECTION('center_axis',(0.,-1.,0.));
#7985=DIRECTION('ref_axis',(-0.848706390676969,0.,-0.528864313812221));
#7986=DIRECTION('center_axis',(0.,1.,0.));
#7987=DIRECTION('ref_axis',(-0.727373641573048,0.,0.686241637868734));
#7988=DIRECTION('center_axis',(0.,-1.,0.));
#7989=DIRECTION('ref_axis',(-0.727373641573049,0.,0.686241637868734));
#7990=DIRECTION('center_axis',(0.,1.,0.));
#7991=DIRECTION('ref_axis',(0.478621671216135,0.,0.878021238833249));
#7992=DIRECTION('center_axis',(0.,-1.,0.));
#7993=DIRECTION('ref_axis',(0.478621671216135,0.,0.878021238833249));
#7994=DIRECTION('center_axis',(0.,-1.,0.));
#7995=DIRECTION('ref_axis',(0.104509358950404,0.,-0.994523903127409));
#7996=DIRECTION('center_axis',(0.,-1.,0.));
#7997=DIRECTION('ref_axis',(0.0938019842452535,0.,-0.995590873678367));
#7998=DIRECTION('center_axis',(0.,1.,0.));
#7999=DIRECTION('ref_axis',(0.0938019842452535,0.,-0.995590873678366));
#8000=DIRECTION('center_axis',(0.,-1.,0.));
#8001=DIRECTION('ref_axis',(-9.50903135439216E-16,0.,1.));
#8002=DIRECTION('center_axis',(0.,-1.,0.));
#8003=DIRECTION('ref_axis',(0.802123192755045,0.,-0.597158591702785));
#8004=DIRECTION('center_axis',(0.,1.,0.));
#8005=DIRECTION('ref_axis',(0.802123192755045,0.,-0.597158591702785));
#8006=DIRECTION('center_axis',(0.,-1.,0.));
#8007=DIRECTION('ref_axis',(-1.54465812121761E-15,0.,1.));
#8008=DIRECTION('center_axis',(0.,-1.,0.));
#8009=DIRECTION('ref_axis',(0.98066832785715,0.,0.195677363887245));
#8010=DIRECTION('center_axis',(0.,1.,0.));
#8011=DIRECTION('ref_axis',(0.98066832785715,0.,0.195677363887245));
#8012=DIRECTION('center_axis',(0.,1.,0.));
#8013=DIRECTION('ref_axis',(-0.703864895842132,0.,-0.710333871078344));
#8014=DIRECTION('center_axis',(0.,-1.,0.));
#8015=DIRECTION('ref_axis',(-0.703864895842132,0.,-0.710333871078344));
#8016=DIRECTION('center_axis',(0.,1.,0.));
#8017=DIRECTION('ref_axis',(-0.866025403784439,0.,0.499999999999999));
#8018=DIRECTION('center_axis',(0.,-1.,0.));
#8019=DIRECTION('ref_axis',(-0.866025403784439,0.,0.499999999999999));
#8020=DIRECTION('center_axis',(0.,1.,0.));
#8021=DIRECTION('ref_axis',(0.263234729601318,0.,0.964731816170546));
#8022=DIRECTION('center_axis',(0.,-1.,0.));
#8023=DIRECTION('ref_axis',(0.263234729601318,0.,0.964731816170546));
#8024=DIRECTION('center_axis',(0.,-1.,0.));
#8025=DIRECTION('ref_axis',(0.331045291548209,0.,-0.943614865792057));
#8026=DIRECTION('center_axis',(0.,-1.,0.));
#8027=DIRECTION('ref_axis',(0.32087259585662,0.,-0.947122366554731));
#8028=DIRECTION('center_axis',(0.,1.,0.));
#8029=DIRECTION('ref_axis',(0.32087259585662,0.,-0.947122366554731));
#8030=DIRECTION('center_axis',(0.,-1.,0.));
#8031=DIRECTION('ref_axis',(-9.50903135439216E-16,0.,1.));
#8032=DIRECTION('center_axis',(0.,-1.,0.));
#8033=DIRECTION('ref_axis',(0.918216106880273,0.,-0.39607976603916));
#8034=DIRECTION('center_axis',(0.,1.,0.));
#8035=DIRECTION('ref_axis',(0.918216106880272,0.,-0.39607976603916));
#8036=DIRECTION('center_axis',(0.,-1.,0.));
#8037=DIRECTION('ref_axis',(-7.72329060608805E-16,0.,1.));
#8038=DIRECTION('center_axis',(0.,-1.,0.));
#8039=DIRECTION('ref_axis',(0.909107980504031,0.,0.416560535557417));
#8040=DIRECTION('center_axis',(0.,1.,0.));
#8041=DIRECTION('ref_axis',(0.909107980504031,0.,0.416560535557417));
#8042=DIRECTION('center_axis',(0.,1.,0.));
#8043=DIRECTION('ref_axis',(-0.521077862283809,0.,-0.853509145491562));
#8044=DIRECTION('center_axis',(0.,-1.,0.));
#8045=DIRECTION('ref_axis',(-0.521077862283809,0.,-0.853509145491562));
#8046=DIRECTION('center_axis',(0.,1.,0.));
#8047=DIRECTION('ref_axis',(-0.95798951231549,0.,0.286803232711087));
#8048=DIRECTION('center_axis',(0.,-1.,0.));
#8049=DIRECTION('ref_axis',(-0.95798951231549,0.,0.286803232711087));
#8050=DIRECTION('center_axis',(0.,1.,0.));
#8051=DIRECTION('ref_axis',(0.033656735577924,0.,0.999433451586566));
#8052=DIRECTION('center_axis',(0.,-1.,0.));
#8053=DIRECTION('ref_axis',(0.033656735577924,0.,0.999433451586567));
#8054=DIRECTION('center_axis',(0.,-1.,0.));
#8055=DIRECTION('ref_axis',(0.539734486790644,0.,-0.841835306796312));
#8056=DIRECTION('center_axis',(0.,-1.,0.));
#8057=DIRECTION('ref_axis',(0.530644882770569,0.,-0.847594247496648));
#8058=DIRECTION('center_axis',(0.,1.,0.));
#8059=DIRECTION('ref_axis',(0.530644882770569,0.,-0.847594247496648));
#8060=DIRECTION('center_axis',(0.,-1.,0.));
#8061=DIRECTION('ref_axis',(-9.50903135439216E-16,0.,1.));
#8062=DIRECTION('center_axis',(0.,-1.,0.));
#8063=DIRECTION('ref_axis',(0.984807753012208,0.,-0.173648177666932));
#8064=DIRECTION('center_axis',(0.,1.,0.));
#8065=DIRECTION('ref_axis',(0.984807753012208,0.,-0.173648177666932));
#8066=DIRECTION('center_axis',(0.,-1.,0.));
#8067=DIRECTION('ref_axis',(-7.72329060608806E-16,0.,1.));
#8068=DIRECTION('center_axis',(0.,-1.,0.));
#8069=DIRECTION('ref_axis',(0.78853738660813,0.,0.614986820932953));
#8070=DIRECTION('center_axis',(0.,1.,0.));
#8071=DIRECTION('ref_axis',(0.78853738660813,0.,0.614986820932953));
#8072=DIRECTION('center_axis',(0.,1.,0.));
#8073=DIRECTION('ref_axis',(-0.310199386293787,0.,-0.950671520948723));
#8074=DIRECTION('center_axis',(0.,-1.,0.));
#8075=DIRECTION('ref_axis',(-0.310199386293787,0.,-0.950671520948723));
#8076=DIRECTION('center_axis',(0.,1.,0.));
#8077=DIRECTION('ref_axis',(-0.998308158271268,0.,0.0581448289104734));
#8078=DIRECTION('center_axis',(0.,-1.,0.));
#8079=DIRECTION('ref_axis',(-0.998308158271268,0.,0.0581448289104734));
#8080=DIRECTION('center_axis',(0.,1.,0.));
#8081=DIRECTION('ref_axis',(-0.197735701772198,0.,0.980255370933848));
#8082=DIRECTION('center_axis',(0.,-1.,0.));
#8083=DIRECTION('ref_axis',(-0.197735701772198,0.,0.980255370933848));
#8084=DIRECTION('center_axis',(0.,-1.,0.));
#8085=DIRECTION('ref_axis',(-7.72329060608803E-16,0.,1.));
#8086=DIRECTION('center_axis',(0.,-1.,0.));
#8087=DIRECTION('ref_axis',(0.71180996670206,0.,-0.702372103164421));
#8088=DIRECTION('center_axis',(0.,1.,0.));
#8089=DIRECTION('ref_axis',(0.71180996670206,0.,-0.702372103164421));
#8090=DIRECTION('center_axis',(0.,-1.,0.));
#8091=DIRECTION('ref_axis',(-9.50903135439216E-16,0.,1.));
#8092=DIRECTION('center_axis',(0.,-1.,0.));
#8093=DIRECTION('ref_axis',(0.998308158271268,0.,0.0581448289104767));
#8094=DIRECTION('center_axis',(0.,1.,0.));
#8095=DIRECTION('ref_axis',(0.998308158271268,0.,0.0581448289104767));
#8096=DIRECTION('center_axis',(0.,-1.,0.));
#8097=DIRECTION('ref_axis',(-7.72329060608804E-16,0.,1.));
#8098=DIRECTION('center_axis',(0.,-1.,0.));
#8099=DIRECTION('ref_axis',(0.62545653809488,0.,0.780259007608607));
#8100=DIRECTION('center_axis',(0.,1.,0.));
#8101=DIRECTION('ref_axis',(0.62545653809488,0.,0.780259007608607));
#8102=DIRECTION('center_axis',(0.,1.,0.));
#8103=DIRECTION('ref_axis',(-0.0825979810965473,0.,-0.996582948639387));
#8104=DIRECTION('center_axis',(0.,-1.,0.));
#8105=DIRECTION('ref_axis',(-0.0825979810965473,0.,-0.996582948639387));
#8106=DIRECTION('center_axis',(0.,1.,0.));
#8107=DIRECTION('ref_axis',(-0.984807753012207,0.,-0.173648177666934));
#8108=DIRECTION('center_axis',(0.,-1.,0.));
#8109=DIRECTION('ref_axis',(-0.984807753012207,0.,-0.173648177666934));
#8110=DIRECTION('center_axis',(0.,1.,0.));
#8111=DIRECTION('ref_axis',(-0.418468156257806,0.,0.908231469504439));
#8112=DIRECTION('center_axis',(0.,-1.,0.));
#8113=DIRECTION('ref_axis',(-0.418468156257806,0.,0.908231469504439));
#8114=DIRECTION('center_axis',(0.,-1.,0.));
#8115=DIRECTION('ref_axis',(-7.72329060608806E-16,0.,1.));
#8116=DIRECTION('center_axis',(0.,-1.,0.));
#8117=DIRECTION('ref_axis',(0.854601191083495,0.,-0.519284896948363));
#8118=DIRECTION('center_axis',(0.,1.,0.));
#8119=DIRECTION('ref_axis',(0.854601191083495,0.,-0.519284896948363));
#8120=DIRECTION('center_axis',(0.,-1.,0.));
#8121=DIRECTION('ref_axis',(-9.50903135439216E-16,0.,1.));
#8122=DIRECTION('center_axis',(0.,-1.,0.));
#8123=DIRECTION('ref_axis',(0.957989512315488,0.,0.286803232711091));
#8124=DIRECTION('center_axis',(0.,1.,0.));
#8125=DIRECTION('ref_axis',(0.957989512315488,0.,0.286803232711091));
#8126=DIRECTION('center_axis',(0.,-1.,0.));
#8127=DIRECTION('ref_axis',(-7.72329060608804E-16,0.,1.));
#8128=DIRECTION('center_axis',(0.,-1.,0.));
#8129=DIRECTION('ref_axis',(0.428657165719533,0.,0.903467229221568));
#8130=DIRECTION('center_axis',(0.,1.,0.));
#8131=DIRECTION('ref_axis',(0.428657165719533,0.,0.903467229221568));
#8132=DIRECTION('center_axis',(0.,1.,0.));
#8133=DIRECTION('ref_axis',(0.149456302641298,0.,-0.988768331613019));
#8134=DIRECTION('center_axis',(0.,-1.,0.));
#8135=DIRECTION('ref_axis',(0.149456302641298,0.,-0.988768331613019));
#8136=DIRECTION('center_axis',(0.,1.,0.));
#8137=DIRECTION('ref_axis',(-0.918216106880273,0.,-0.396079766039158));
#8138=DIRECTION('center_axis',(0.,-1.,0.));
#8139=DIRECTION('ref_axis',(-0.918216106880273,0.,-0.396079766039158));
#8140=DIRECTION('center_axis',(0.,1.,0.));
#8141=DIRECTION('ref_axis',(-0.616640884123104,0.,0.787244574467095));
#8142=DIRECTION('center_axis',(0.,-1.,0.));
#8143=DIRECTION('ref_axis',(-0.616640884123104,0.,0.787244574467095));
#8144=DIRECTION('center_axis',(0.,-1.,0.));
#8145=DIRECTION('ref_axis',(-1.54465812121761E-15,0.,1.));
#8146=DIRECTION('center_axis',(0.,-1.,0.));
#8147=DIRECTION('ref_axis',(0.95132064404835,0.,-0.308202907525923));
#8148=DIRECTION('center_axis',(0.,1.,0.));
#8149=DIRECTION('ref_axis',(0.95132064404835,0.,-0.308202907525923));
#8150=DIRECTION('center_axis',(0.,-1.,0.));
#8151=DIRECTION('ref_axis',(-9.50903135439216E-16,0.,1.));
#8152=DIRECTION('center_axis',(0.,-1.,0.));
#8153=DIRECTION('ref_axis',(0.866025403784438,0.,0.500000000000001));
#8154=DIRECTION('center_axis',(0.,1.,0.));
#8155=DIRECTION('ref_axis',(0.866025403784438,0.,0.500000000000001));
#8156=DIRECTION('center_axis',(0.,-1.,0.));
#8157=DIRECTION('ref_axis',(-1.54465812121761E-15,0.,1.));
#8158=DIRECTION('center_axis',(0.,-1.,0.));
#8159=DIRECTION('ref_axis',(0.208748774586507,0.,0.977969298653404));
#8160=DIRECTION('center_axis',(0.,1.,0.));
#8161=DIRECTION('ref_axis',(0.208748774586507,0.,0.977969298653404));
#8162=DIRECTION('center_axis',(0.,1.,0.));
#8163=DIRECTION('ref_axis',(0.373453358418421,0.,-0.927648957896252));
#8164=DIRECTION('center_axis',(0.,-1.,0.));
#8165=DIRECTION('ref_axis',(0.373453358418421,0.,-0.927648957896252));
#8166=DIRECTION('center_axis',(0.,1.,0.));
#8167=DIRECTION('ref_axis',(-0.802123192755044,0.,-0.597158591702786));
#8168=DIRECTION('center_axis',(0.,-1.,0.));
#8169=DIRECTION('ref_axis',(-0.802123192755044,0.,-0.597158591702786));
#8170=DIRECTION('center_axis',(0.,1.,0.));
#8171=DIRECTION('ref_axis',(-0.781570342313786,0.,0.623817120649564));
#8172=DIRECTION('center_axis',(0.,-1.,0.));
#8173=DIRECTION('ref_axis',(-0.781570342313785,0.,0.623817120649564));
#8174=DIRECTION('center_axis',(0.,-1.,0.));
#8175=DIRECTION('ref_axis',(-1.54465812121761E-15,0.,1.));
#8176=DIRECTION('center_axis',(0.,-1.,0.));
#8177=DIRECTION('ref_axis',(0.996754154852383,0.,-0.0805056195834283));
#8178=DIRECTION('center_axis',(0.,1.,0.));
#8179=DIRECTION('ref_axis',(0.996754154852383,0.,-0.0805056195834283));
#8180=DIRECTION('center_axis',(0.,-1.,0.));
#8181=DIRECTION('ref_axis',(-9.50903135439216E-16,0.,1.));
#8182=DIRECTION('center_axis',(0.,-1.,0.));
#8183=DIRECTION('ref_axis',(0.727373641573047,0.,0.686241637868736));
#8184=DIRECTION('center_axis',(0.,1.,0.));
#8185=DIRECTION('ref_axis',(0.727373641573046,0.,0.686241637868736));
#8186=DIRECTION('center_axis',(0.,-1.,0.));
#8187=DIRECTION('ref_axis',(-1.54465812121761E-15,0.,1.));
#8188=DIRECTION('center_axis',(0.,-1.,0.));
#8189=DIRECTION('ref_axis',(-0.0224133170171128,0.,0.999748790056928));
#8190=DIRECTION('center_axis',(0.,1.,0.));
#8191=DIRECTION('ref_axis',(-0.0224133170171128,0.,0.999748790056927));
#8192=DIRECTION('center_axis',(0.,1.,0.));
#8193=DIRECTION('ref_axis',(0.577317446978417,0.,-0.816519788746312));
#8194=DIRECTION('center_axis',(0.,-1.,0.));
#8195=DIRECTION('ref_axis',(0.577317446978417,0.,-0.816519788746312));
#8196=DIRECTION('center_axis',(0.,1.,0.));
#8197=DIRECTION('ref_axis',(-0.642787609686539,0.,-0.766044443118978));
#8198=DIRECTION('center_axis',(0.,-1.,0.));
#8199=DIRECTION('ref_axis',(-0.642787609686539,0.,-0.766044443118979));
#8200=DIRECTION('center_axis',(0.,1.,0.));
#8201=DIRECTION('ref_axis',(-0.904365141048387,0.,0.426759524388773));
#8202=DIRECTION('center_axis',(0.,-1.,0.));
#8203=DIRECTION('ref_axis',(-0.904365141048387,0.,0.426759524388773));
#8204=DIRECTION('center_axis',(0.,-1.,0.));
#8205=DIRECTION('ref_axis',(-1.54465812121761E-15,0.,1.));
#8206=DIRECTION('center_axis',(0.,-1.,0.));
#8207=DIRECTION('ref_axis',(0.98845239116813,0.,0.151531747148927));
#8208=DIRECTION('center_axis',(0.,1.,0.));
#8209=DIRECTION('ref_axis',(0.98845239116813,0.,0.151531747148927));
#8210=DIRECTION('center_axis',(0.,-1.,0.));
#8211=DIRECTION('ref_axis',(-9.50903135439216E-16,0.,1.));
#8212=DIRECTION('center_axis',(0.,-1.,0.));
#8213=DIRECTION('ref_axis',(0.549508978070809,0.,0.835487811412935));
#8214=DIRECTION('center_axis',(0.,1.,0.));
#8215=DIRECTION('ref_axis',(0.549508978070809,0.,0.835487811412935));
#8216=DIRECTION('center_axis',(0.,-1.,0.));
#8217=DIRECTION('ref_axis',(-1.54465812121761E-15,0.,1.));
#8218=DIRECTION('center_axis',(0.,-1.,0.));
#8219=DIRECTION('ref_axis',(-0.252367100898858,0.,0.967631565413151));
#8220=DIRECTION('center_axis',(0.,1.,0.));
#8221=DIRECTION('ref_axis',(-0.252367100898858,0.,0.967631565413151));
#8222=DIRECTION('center_axis',(0.,1.,0.));
#8223=DIRECTION('ref_axis',(0.750058202538754,0.,-0.661371826436788));
#8224=DIRECTION('center_axis',(0.,-1.,0.));
#8225=DIRECTION('ref_axis',(0.750058202538754,0.,-0.661371826436788));
#8226=DIRECTION('center_axis',(0.,1.,0.));
#8227=DIRECTION('ref_axis',(-0.448799180200462,0.,-0.893632640323412));
#8228=DIRECTION('center_axis',(0.,-1.,0.));
#8229=DIRECTION('ref_axis',(-0.448799180200462,0.,-0.893632640323412));
#8230=DIRECTION('center_axis',(0.,1.,0.));
#8231=DIRECTION('ref_axis',(-0.978405380942878,0.,0.206695211705598));
#8232=DIRECTION('center_axis',(0.,-1.,0.));
#8233=DIRECTION('ref_axis',(-0.978405380942878,0.,0.206695211705598));
#8234=DIRECTION('center_axis',(0.,-1.,0.));
#8235=DIRECTION('ref_axis',(0.,0.,1.));
#8236=DIRECTION('center_axis',(0.,-1.,0.));
#8237=DIRECTION('ref_axis',(0.926862903224638,0.,0.375399998169947));
#8238=DIRECTION('center_axis',(0.,1.,0.));
#8239=DIRECTION('ref_axis',(0.926862903224638,0.,0.375399998169947));
#8240=DIRECTION('center_axis',(0.,-1.,0.));
#8241=DIRECTION('ref_axis',(-9.50903135439216E-16,0.,1.));
#8242=DIRECTION('center_axis',(0.,-1.,0.));
#8243=DIRECTION('ref_axis',(0.342020143325669,0.,0.939692620785908));
#8244=DIRECTION('center_axis',(0.,1.,0.));
#8245=DIRECTION('ref_axis',(0.342020143325669,0.,0.939692620785908));
#8246=DIRECTION('center_axis',(0.,-1.,0.));
#8247=DIRECTION('ref_axis',(0.,0.,1.));
#8248=DIRECTION('center_axis',(0.,-1.,0.));
#8249=DIRECTION('ref_axis',(-0.468715709048363,0.,0.883349072615855));
#8250=DIRECTION('center_axis',(0.,1.,0.));
#8251=DIRECTION('ref_axis',(-0.468715709048363,0.,0.883349072615855));
#8252=DIRECTION('center_axis',(0.,1.,0.));
#8253=DIRECTION('ref_axis',(0.882363126254894,0.,-0.470569137774344));
#8254=DIRECTION('center_axis',(0.,-1.,0.));
#8255=DIRECTION('ref_axis',(0.882363126254894,0.,-0.470569137774344));
#8256=DIRECTION('center_axis',(0.,1.,0.));
#8257=DIRECTION('ref_axis',(-0.230615870742442,0.,-0.973044870579823));
#8258=DIRECTION('center_axis',(0.,-1.,0.));
#8259=DIRECTION('ref_axis',(-0.230615870742442,0.,-0.973044870579823));
#8260=DIRECTION('center_axis',(0.,-1.,0.));
#8261=DIRECTION('ref_axis',(0.,0.,1.));
#8262=DIRECTION('center_axis',(0.,1.,0.));
#8263=DIRECTION('ref_axis',(0.81530599625878,0.,0.579030338120965));
#8264=DIRECTION('center_axis',(0.,-1.,0.));
#8265=DIRECTION('ref_axis',(0.81530599625878,0.,0.579030338120965));
#8266=DIRECTION('center_axis',(0.,1.,0.));
#8267=DIRECTION('ref_axis',(-0.999699533499945,0.,-0.0245120933416874));
#8268=DIRECTION('center_axis',(0.,-1.,0.));
#8269=DIRECTION('ref_axis',(-0.999699533499945,0.,-0.0245120933416874));
#8270=DIRECTION('center_axis',(0.,-1.,0.));
#8271=DIRECTION('ref_axis',(-9.50903135439216E-16,0.,1.));
#8272=DIRECTION('center_axis',(0.,1.,0.));
#8273=DIRECTION('ref_axis',(0.11609291412523,0.,0.993238357741943));
#8274=DIRECTION('center_axis',(0.,-1.,0.));
#8275=DIRECTION('ref_axis',(0.11609291412523,0.,0.993238357741943));
#8276=DIRECTION('center_axis',(0.,-1.,0.));
#8277=DIRECTION('ref_axis',(0.,0.,1.));
#8278=DIRECTION('center_axis',(0.,1.,0.));
#8279=DIRECTION('ref_axis',(-0.659795732000531,0.,0.751445002667449));
#8280=DIRECTION('center_axis',(0.,-1.,0.));
#8281=DIRECTION('ref_axis',(-0.659795732000531,0.,0.751445002667449));
#8282=DIRECTION('center_axis',(0.,-1.,0.));
#8283=DIRECTION('ref_axis',(0.967099625443453,0.,-0.254397945092198));
#8284=DIRECTION('center_axis',(0.,1.,0.));
#8285=DIRECTION('ref_axis',(0.967099625443453,0.,-0.254397945092198));
#8286=DIRECTION('center_axis',(0.,-1.,0.));
#8287=DIRECTION('ref_axis',(1.25155200674806E-15,0.,-1.));
#8288=DIRECTION('center_axis',(0.,1.,0.));
#8289=DIRECTION('ref_axis',(1.25155200674806E-15,0.,-1.));
#8290=DIRECTION('center_axis',(0.,-1.,0.));
#8291=DIRECTION('ref_axis',(-0.967099625443452,0.,-0.2543979450922));
#8292=DIRECTION('center_axis',(0.,1.,0.));
#8293=DIRECTION('ref_axis',(-0.967099625443452,0.,-0.254397945092201));
#8294=DIRECTION('center_axis',(0.,-1.,0.));
#8295=DIRECTION('ref_axis',(0.,0.,1.));
#8296=DIRECTION('center_axis',(0.,1.,0.));
#8297=DIRECTION('ref_axis',(0.659795732000522,0.,0.751445002667457));
#8298=DIRECTION('center_axis',(0.,-1.,0.));
#8299=DIRECTION('ref_axis',(0.659795732000522,0.,0.751445002667457));
#8300=DIRECTION('center_axis',(0.,-1.,0.));
#8301=DIRECTION('ref_axis',(-9.50903135439216E-16,0.,1.));
#8302=DIRECTION('center_axis',(0.,1.,0.));
#8303=DIRECTION('ref_axis',(-0.116092914125226,0.,0.993238357741944));
#8304=DIRECTION('center_axis',(0.,-1.,0.));
#8305=DIRECTION('ref_axis',(-0.116092914125226,0.,0.993238357741944));
#8306=DIRECTION('center_axis',(0.,-1.,0.));
#8307=DIRECTION('ref_axis',(0.,0.,1.));
#8308=DIRECTION('center_axis',(0.,1.,0.));
#8309=DIRECTION('ref_axis',(-0.815305996258792,0.,0.579030338120947));
#8310=DIRECTION('center_axis',(0.,-1.,0.));
#8311=DIRECTION('ref_axis',(-0.815305996258792,0.,0.579030338120947));
#8312=DIRECTION('center_axis',(0.,-1.,0.));
#8313=DIRECTION('ref_axis',(0.999699533499945,0.,-0.0245120933416845));
#8314=DIRECTION('center_axis',(0.,1.,0.));
#8315=DIRECTION('ref_axis',(0.999699533499945,0.,-0.0245120933416845));
#8316=DIRECTION('center_axis',(0.,-1.,0.));
#8317=DIRECTION('ref_axis',(0.230615870742437,0.,-0.973044870579825));
#8318=DIRECTION('center_axis',(0.,1.,0.));
#8319=DIRECTION('ref_axis',(0.230615870742437,0.,-0.973044870579825));
#8320=DIRECTION('center_axis',(0.,-1.,0.));
#8321=DIRECTION('ref_axis',(-0.882363126254894,0.,-0.470569137774344));
#8322=DIRECTION('center_axis',(0.,1.,0.));
#8323=DIRECTION('ref_axis',(-0.882363126254894,0.,-0.470569137774344));
#8324=DIRECTION('center_axis',(0.,-1.,0.));
#8325=DIRECTION('ref_axis',(0.,0.,1.));
#8326=DIRECTION('center_axis',(0.,1.,0.));
#8327=DIRECTION('ref_axis',(0.468715709048353,0.,0.88334907261586));
#8328=DIRECTION('center_axis',(0.,-1.,0.));
#8329=DIRECTION('ref_axis',(0.468715709048353,0.,0.88334907261586));
#8330=DIRECTION('center_axis',(0.,-1.,0.));
#8331=DIRECTION('ref_axis',(-9.50903135439216E-16,0.,1.));
#8332=DIRECTION('center_axis',(0.,1.,0.));
#8333=DIRECTION('ref_axis',(-0.342020143325673,0.,0.939692620785907));
#8334=DIRECTION('center_axis',(0.,-1.,0.));
#8335=DIRECTION('ref_axis',(-0.342020143325673,0.,0.939692620785907));
#8336=DIRECTION('center_axis',(0.,-1.,0.));
#8337=DIRECTION('ref_axis',(0.,0.,1.));
#8338=DIRECTION('center_axis',(0.,1.,0.));
#8339=DIRECTION('ref_axis',(-0.926862903224637,0.,0.375399998169948));
#8340=DIRECTION('center_axis',(0.,-1.,0.));
#8341=DIRECTION('ref_axis',(-0.926862903224637,0.,0.375399998169948));
#8342=DIRECTION('center_axis',(0.,-1.,0.));
#8343=DIRECTION('ref_axis',(0.978405380942879,0.,0.206695211705592));
#8344=DIRECTION('center_axis',(0.,1.,0.));
#8345=DIRECTION('ref_axis',(0.978405380942879,0.,0.206695211705592));
#8346=DIRECTION('center_axis',(0.,-1.,0.));
#8347=DIRECTION('ref_axis',(0.448799180200466,0.,-0.89363264032341));
#8348=DIRECTION('center_axis',(0.,1.,0.));
#8349=DIRECTION('ref_axis',(0.448799180200466,0.,-0.89363264032341));
#8350=DIRECTION('center_axis',(0.,-1.,0.));
#8351=DIRECTION('ref_axis',(-0.75005820253875,0.,-0.661371826436793));
#8352=DIRECTION('center_axis',(0.,1.,0.));
#8353=DIRECTION('ref_axis',(-0.75005820253875,0.,-0.661371826436793));
#8354=DIRECTION('center_axis',(0.,-1.,0.));
#8355=DIRECTION('ref_axis',(0.,0.,1.));
#8356=DIRECTION('center_axis',(0.,1.,0.));
#8357=DIRECTION('ref_axis',(0.252367100898867,0.,0.967631565413149));
#8358=DIRECTION('center_axis',(0.,-1.,0.));
#8359=DIRECTION('ref_axis',(0.252367100898867,0.,0.967631565413149));
#8360=DIRECTION('center_axis',(0.,-1.,0.));
#8361=DIRECTION('ref_axis',(-9.50903135439216E-16,0.,1.));
#8362=DIRECTION('center_axis',(0.,1.,0.));
#8363=DIRECTION('ref_axis',(-0.549508978070808,0.,0.835487811412935));
#8364=DIRECTION('center_axis',(0.,-1.,0.));
#8365=DIRECTION('ref_axis',(-0.549508978070808,0.,0.835487811412935));
#8366=DIRECTION('center_axis',(0.,-1.,0.));
#8367=DIRECTION('ref_axis',(0.,0.,1.));
#8368=DIRECTION('center_axis',(0.,1.,0.));
#8369=DIRECTION('ref_axis',(-0.988452391168131,0.,0.151531747148917));
#8370=DIRECTION('center_axis',(0.,-1.,0.));
#8371=DIRECTION('ref_axis',(-0.988452391168131,0.,0.151531747148917));
#8372=DIRECTION('center_axis',(0.,-1.,0.));
#8373=DIRECTION('ref_axis',(0.904365141048387,0.,0.426759524388773));
#8374=DIRECTION('center_axis',(0.,1.,0.));
#8375=DIRECTION('ref_axis',(0.904365141048387,0.,0.426759524388773));
#8376=DIRECTION('center_axis',(0.,-1.,0.));
#8377=DIRECTION('ref_axis',(0.642787609686542,0.,-0.766044443118976));
#8378=DIRECTION('center_axis',(0.,1.,0.));
#8379=DIRECTION('ref_axis',(0.642787609686542,0.,-0.766044443118976));
#8380=DIRECTION('center_axis',(0.,-1.,0.));
#8381=DIRECTION('ref_axis',(-0.577317446978414,0.,-0.816519788746315));
#8382=DIRECTION('center_axis',(0.,1.,0.));
#8383=DIRECTION('ref_axis',(-0.577317446978414,0.,-0.816519788746315));
#8384=DIRECTION('center_axis',(0.,-1.,0.));
#8385=DIRECTION('ref_axis',(0.,0.,1.));
#8386=DIRECTION('center_axis',(0.,1.,0.));
#8387=DIRECTION('ref_axis',(0.0224133170171103,0.,0.999748790056927));
#8388=DIRECTION('center_axis',(0.,-1.,0.));
#8389=DIRECTION('ref_axis',(0.0224133170171103,0.,0.999748790056928));
#8390=DIRECTION('center_axis',(0.,-1.,0.));
#8391=DIRECTION('ref_axis',(-9.50903135439217E-16,0.,1.));
#8392=DIRECTION('center_axis',(0.,1.,0.));
#8393=DIRECTION('ref_axis',(-0.727373641573047,0.,0.686241637868735));
#8394=DIRECTION('center_axis',(0.,-1.,0.));
#8395=DIRECTION('ref_axis',(-0.727373641573047,0.,0.686241637868735));
#8396=DIRECTION('center_axis',(0.,-1.,0.));
#8397=DIRECTION('ref_axis',(0.,0.,1.));
#8398=DIRECTION('center_axis',(0.,1.,0.));
#8399=DIRECTION('ref_axis',(-0.996754154852383,0.,-0.0805056195834325));
#8400=DIRECTION('center_axis',(0.,-1.,0.));
#8401=DIRECTION('ref_axis',(-0.996754154852383,0.,-0.0805056195834325));
#8402=DIRECTION('center_axis',(0.,-1.,0.));
#8403=DIRECTION('ref_axis',(0.781570342313786,0.,0.623817120649563));
#8404=DIRECTION('center_axis',(0.,1.,0.));
#8405=DIRECTION('ref_axis',(0.781570342313786,0.,0.623817120649563));
#8406=DIRECTION('center_axis',(0.,-1.,0.));
#8407=DIRECTION('ref_axis',(0.802123192755043,0.,-0.597158591702787));
#8408=DIRECTION('center_axis',(0.,1.,0.));
#8409=DIRECTION('ref_axis',(0.802123192755043,0.,-0.597158591702787));
#8410=DIRECTION('center_axis',(0.,-1.,0.));
#8411=DIRECTION('ref_axis',(-0.373453358418422,0.,-0.927648957896252));
#8412=DIRECTION('center_axis',(0.,1.,0.));
#8413=DIRECTION('ref_axis',(-0.373453358418422,0.,-0.927648957896252));
#8414=DIRECTION('center_axis',(0.,-1.,0.));
#8415=DIRECTION('ref_axis',(0.,0.,1.));
#8416=DIRECTION('center_axis',(0.,1.,0.));
#8417=DIRECTION('ref_axis',(-0.208748774586485,0.,0.977969298653409));
#8418=DIRECTION('center_axis',(0.,-1.,0.));
#8419=DIRECTION('ref_axis',(-0.208748774586485,0.,0.977969298653409));
#8420=DIRECTION('center_axis',(0.,-1.,0.));
#8421=DIRECTION('ref_axis',(-9.50903135439216E-16,0.,1.));
#8422=DIRECTION('center_axis',(0.,1.,0.));
#8423=DIRECTION('ref_axis',(-0.86602540378444,0.,0.499999999999997));
#8424=DIRECTION('center_axis',(0.,-1.,0.));
#8425=DIRECTION('ref_axis',(-0.86602540378444,0.,0.499999999999997));
#8426=DIRECTION('center_axis',(0.,-1.,0.));
#8427=DIRECTION('ref_axis',(0.,0.,1.));
#8428=DIRECTION('center_axis',(0.,1.,0.));
#8429=DIRECTION('ref_axis',(-0.951320644048348,0.,-0.30820290752593));
#8430=DIRECTION('center_axis',(0.,-1.,0.));
#8431=DIRECTION('ref_axis',(-0.951320644048348,0.,-0.30820290752593));
#8432=DIRECTION('center_axis',(0.,-1.,0.));
#8433=DIRECTION('ref_axis',(0.616640884123101,0.,0.787244574467096));
#8434=DIRECTION('center_axis',(0.,1.,0.));
#8435=DIRECTION('ref_axis',(0.616640884123102,0.,0.787244574467097));
#8436=DIRECTION('center_axis',(0.,-1.,0.));
#8437=DIRECTION('ref_axis',(0.918216106880272,0.,-0.396079766039161));
#8438=DIRECTION('center_axis',(0.,1.,0.));
#8439=DIRECTION('ref_axis',(0.918216106880272,0.,-0.396079766039161));
#8440=DIRECTION('center_axis',(0.,-1.,0.));
#8441=DIRECTION('ref_axis',(-0.149456302641299,0.,-0.988768331613019));
#8442=DIRECTION('center_axis',(0.,1.,0.));
#8443=DIRECTION('ref_axis',(-0.149456302641299,0.,-0.988768331613019));
#8444=DIRECTION('center_axis',(0.,-1.,0.));
#8445=DIRECTION('ref_axis',(0.,0.,1.));
#8446=DIRECTION('center_axis',(0.,1.,0.));
#8447=DIRECTION('ref_axis',(-0.428657165719544,0.,0.903467229221563));
#8448=DIRECTION('center_axis',(0.,-1.,0.));
#8449=DIRECTION('ref_axis',(-0.428657165719544,0.,0.903467229221563));
#8450=DIRECTION('center_axis',(0.,-1.,0.));
#8451=DIRECTION('ref_axis',(-9.50903135439216E-16,0.,1.));
#8452=DIRECTION('center_axis',(0.,1.,0.));
#8453=DIRECTION('ref_axis',(-0.957989512315489,0.,0.286803232711089));
#8454=DIRECTION('center_axis',(0.,-1.,0.));
#8455=DIRECTION('ref_axis',(-0.957989512315489,0.,0.286803232711089));
#8456=DIRECTION('center_axis',(0.,-1.,0.));
#8457=DIRECTION('ref_axis',(0.,0.,1.));
#8458=DIRECTION('center_axis',(0.,1.,0.));
#8459=DIRECTION('ref_axis',(-0.854601191083494,0.,-0.519284896948364));
#8460=DIRECTION('center_axis',(0.,-1.,0.));
#8461=DIRECTION('ref_axis',(-0.854601191083494,0.,-0.519284896948364));
#8462=DIRECTION('center_axis',(0.,-1.,0.));
#8463=DIRECTION('ref_axis',(0.418468156257805,0.,0.908231469504439));
#8464=DIRECTION('center_axis',(0.,1.,0.));
#8465=DIRECTION('ref_axis',(0.418468156257805,0.,0.908231469504439));
#8466=DIRECTION('center_axis',(0.,-1.,0.));
#8467=DIRECTION('ref_axis',(0.984807753012208,0.,-0.173648177666928));
#8468=DIRECTION('center_axis',(0.,1.,0.));
#8469=DIRECTION('ref_axis',(0.984807753012208,0.,-0.173648177666928));
#8470=DIRECTION('center_axis',(0.,-1.,0.));
#8471=DIRECTION('ref_axis',(0.0825979810965525,0.,-0.996582948639386));
#8472=DIRECTION('center_axis',(0.,1.,0.));
#8473=DIRECTION('ref_axis',(0.0825979810965525,0.,-0.996582948639386));
#8474=DIRECTION('center_axis',(0.,-1.,0.));
#8475=DIRECTION('ref_axis',(0.,0.,1.));
#8476=DIRECTION('center_axis',(0.,1.,0.));
#8477=DIRECTION('ref_axis',(-0.625456538094875,0.,0.780259007608611));
#8478=DIRECTION('center_axis',(0.,-1.,0.));
#8479=DIRECTION('ref_axis',(-0.625456538094875,0.,0.780259007608611));
#8480=DIRECTION('center_axis',(0.,-1.,0.));
#8481=DIRECTION('ref_axis',(-9.50903135439216E-16,0.,1.));
#8482=DIRECTION('center_axis',(0.,1.,0.));
#8483=DIRECTION('ref_axis',(-0.998308158271268,0.,0.058144828910472));
#8484=DIRECTION('center_axis',(0.,-1.,0.));
#8485=DIRECTION('ref_axis',(-0.998308158271269,0.,0.0581448289104721));
#8486=DIRECTION('center_axis',(0.,-1.,0.));
#8487=DIRECTION('ref_axis',(0.,0.,1.));
#8488=DIRECTION('center_axis',(0.,1.,0.));
#8489=DIRECTION('ref_axis',(-0.711809966702054,0.,-0.702372103164427));
#8490=DIRECTION('center_axis',(0.,-1.,0.));
#8491=DIRECTION('ref_axis',(-0.711809966702054,0.,-0.702372103164427));
#8492=DIRECTION('center_axis',(0.,-1.,0.));
#8493=DIRECTION('ref_axis',(0.197735701772196,0.,0.980255370933849));
#8494=DIRECTION('center_axis',(0.,1.,0.));
#8495=DIRECTION('ref_axis',(0.197735701772196,0.,0.980255370933849));
#8496=DIRECTION('center_axis',(0.,-1.,0.));
#8497=DIRECTION('ref_axis',(0.998308158271268,0.,0.0581448289104761));
#8498=DIRECTION('center_axis',(0.,1.,0.));
#8499=DIRECTION('ref_axis',(0.998308158271268,0.,0.0581448289104761));
#8500=DIRECTION('center_axis',(0.,-1.,0.));
#8501=DIRECTION('ref_axis',(0.310199386293788,0.,-0.950671520948723));
#8502=DIRECTION('center_axis',(0.,1.,0.));
#8503=DIRECTION('ref_axis',(0.310199386293788,0.,-0.950671520948723));
#8504=DIRECTION('center_axis',(0.,-1.,0.));
#8505=DIRECTION('ref_axis',(0.,0.,1.));
#8506=DIRECTION('center_axis',(0.,1.,0.));
#8507=DIRECTION('ref_axis',(-0.788537386608125,0.,0.61498682093296));
#8508=DIRECTION('center_axis',(0.,-1.,0.));
#8509=DIRECTION('ref_axis',(-0.788537386608125,0.,0.61498682093296));
#8510=DIRECTION('center_axis',(0.,-1.,0.));
#8511=DIRECTION('ref_axis',(-9.50903135439216E-16,0.,1.));
#8512=DIRECTION('center_axis',(0.,1.,0.));
#8513=DIRECTION('ref_axis',(-0.984807753012208,0.,-0.173648177666931));
#8514=DIRECTION('center_axis',(0.,-1.,0.));
#8515=DIRECTION('ref_axis',(-0.984807753012208,0.,-0.173648177666931));
#8516=DIRECTION('center_axis',(0.,-1.,0.));
#8517=DIRECTION('ref_axis',(-0.53973448679038,0.,-0.841835306796481));
#8518=DIRECTION('center_axis',(0.,1.,0.));
#8519=DIRECTION('ref_axis',(-0.530644882770567,0.,-0.84759424749665));
#8520=DIRECTION('center_axis',(0.,-1.,0.));
#8521=DIRECTION('ref_axis',(-0.530644882770567,0.,-0.84759424749665));
#8522=DIRECTION('center_axis',(0.,-1.,0.));
#8523=DIRECTION('ref_axis',(-0.0336567355779248,0.,0.999433451586566));
#8524=DIRECTION('center_axis',(0.,1.,0.));
#8525=DIRECTION('ref_axis',(-0.0336567355779247,0.,0.999433451586566));
#8526=DIRECTION('center_axis',(0.,-1.,0.));
#8527=DIRECTION('ref_axis',(0.957989512315489,0.,0.286803232711091));
#8528=DIRECTION('center_axis',(0.,1.,0.));
#8529=DIRECTION('ref_axis',(0.957989512315489,0.,0.286803232711091));
#8530=DIRECTION('center_axis',(0.,-1.,0.));
#8531=DIRECTION('ref_axis',(0.52107786228381,0.,-0.853509145491561));
#8532=DIRECTION('center_axis',(0.,1.,0.));
#8533=DIRECTION('ref_axis',(0.52107786228381,0.,-0.853509145491561));
#8534=DIRECTION('center_axis',(0.,-1.,0.));
#8535=DIRECTION('ref_axis',(0.,0.,1.));
#8536=DIRECTION('center_axis',(0.,1.,0.));
#8537=DIRECTION('ref_axis',(-0.909107980504033,0.,0.416560535557412));
#8538=DIRECTION('center_axis',(0.,-1.,0.));
#8539=DIRECTION('ref_axis',(-0.909107980504033,0.,0.416560535557412));
#8540=DIRECTION('center_axis',(0.,-1.,0.));
#8541=DIRECTION('ref_axis',(-9.50903135439216E-16,0.,1.));
#8542=DIRECTION('center_axis',(0.,1.,0.));
#8543=DIRECTION('ref_axis',(-0.918216106880273,0.,-0.396079766039159));
#8544=DIRECTION('center_axis',(0.,-1.,0.));
#8545=DIRECTION('ref_axis',(-0.918216106880273,0.,-0.396079766039159));
#8546=DIRECTION('center_axis',(0.,-1.,0.));
#8547=DIRECTION('ref_axis',(-0.33104529154801,0.,-0.943614865792127));
#8548=DIRECTION('center_axis',(0.,1.,0.));
#8549=DIRECTION('ref_axis',(-0.320872595856611,0.,-0.947122366554734));
#8550=DIRECTION('center_axis',(0.,-1.,0.));
#8551=DIRECTION('ref_axis',(-0.320872595856611,0.,-0.947122366554734));
#8552=DIRECTION('center_axis',(0.,-1.,0.));
#8553=DIRECTION('ref_axis',(-0.263234729601318,0.,0.964731816170546));
#8554=DIRECTION('center_axis',(0.,1.,0.));
#8555=DIRECTION('ref_axis',(-0.263234729601318,0.,0.964731816170546));
#8556=DIRECTION('center_axis',(0.,-1.,0.));
#8557=DIRECTION('ref_axis',(0.866025403784438,0.,0.500000000000002));
#8558=DIRECTION('center_axis',(0.,1.,0.));
#8559=DIRECTION('ref_axis',(0.866025403784438,0.,0.500000000000001));
#8560=DIRECTION('center_axis',(0.,-1.,0.));
#8561=DIRECTION('ref_axis',(0.703864895842134,0.,-0.710333871078342));
#8562=DIRECTION('center_axis',(0.,1.,0.));
#8563=DIRECTION('ref_axis',(0.703864895842134,0.,-0.710333871078342));
#8564=DIRECTION('center_axis',(0.,-1.,0.));
#8565=DIRECTION('ref_axis',(0.,0.,1.));
#8566=DIRECTION('center_axis',(0.,1.,0.));
#8567=DIRECTION('ref_axis',(-0.980668327857146,0.,0.195677363887265));
#8568=DIRECTION('center_axis',(0.,-1.,0.));
#8569=DIRECTION('ref_axis',(-0.980668327857146,0.,0.195677363887265));
#8570=DIRECTION('center_axis',(0.,-1.,0.));
#8571=DIRECTION('ref_axis',(-9.50903135439216E-16,0.,1.));
#8572=DIRECTION('center_axis',(0.,1.,0.));
#8573=DIRECTION('ref_axis',(-0.802123192755048,0.,-0.597158591702781));
#8574=DIRECTION('center_axis',(0.,-1.,0.));
#8575=DIRECTION('ref_axis',(-0.802123192755048,0.,-0.597158591702781));
#8576=DIRECTION('center_axis',(0.,-1.,0.));
#8577=DIRECTION('ref_axis',(-0.104509358950783,0.,-0.994523903127369));
#8578=DIRECTION('center_axis',(0.,1.,0.));
#8579=DIRECTION('ref_axis',(-0.0938019842452363,0.,-0.995590873678368));
#8580=DIRECTION('center_axis',(0.,-1.,0.));
#8581=DIRECTION('ref_axis',(-0.0938019842452363,0.,-0.995590873678368));
#8582=DIRECTION('center_axis',(0.,-1.,0.));
#8583=DIRECTION('ref_axis',(-0.478621671216135,0.,0.878021238833249));
#8584=DIRECTION('center_axis',(0.,1.,0.));
#8585=DIRECTION('ref_axis',(-0.478621671216135,0.,0.878021238833249));
#8586=DIRECTION('center_axis',(0.,-1.,0.));
#8587=DIRECTION('ref_axis',(0.727373641573046,0.,0.686241637868736));
#8588=DIRECTION('center_axis',(0.,1.,0.));
#8589=DIRECTION('ref_axis',(0.727373641573046,0.,0.686241637868736));
#8590=DIRECTION('center_axis',(0.,-1.,0.));
#8591=DIRECTION('ref_axis',(0.84870639067697,0.,-0.528864313812221));
#8592=DIRECTION('center_axis',(0.,1.,0.));
#8593=DIRECTION('ref_axis',(0.84870639067697,0.,-0.528864313812221));
#8594=DIRECTION('center_axis',(0.,-1.,0.));
#8595=DIRECTION('ref_axis',(0.,0.,1.));
#8596=DIRECTION('center_axis',(0.,1.,0.));
#8597=DIRECTION('ref_axis',(-0.999360591818937,0.,-0.0357548251191952));
#8598=DIRECTION('center_axis',(0.,-1.,0.));
#8599=DIRECTION('ref_axis',(-0.999360591818937,0.,-0.0357548251191952));
#8600=DIRECTION('center_axis',(0.,-1.,0.));
#8601=DIRECTION('ref_axis',(-9.50903135439216E-16,0.,1.));
#8602=DIRECTION('center_axis',(0.,1.,0.));
#8603=DIRECTION('ref_axis',(-0.642787609686539,0.,-0.766044443118978));
#8604=DIRECTION('center_axis',(0.,-1.,0.));
#8605=DIRECTION('ref_axis',(-0.642787609686539,0.,-0.766044443118978));
#8606=DIRECTION('center_axis',(0.,-1.,0.));
#8607=DIRECTION('ref_axis',(0.127660700240343,0.,-0.99181789942214));
#8608=DIRECTION('center_axis',(0.,1.,0.));
#8609=DIRECTION('ref_axis',(0.138325516616516,0.,-0.990386819102907));
#8610=DIRECTION('center_axis',(0.,-1.,0.));
#8611=DIRECTION('ref_axis',(0.138325516616516,0.,-0.990386819102907));
#8612=DIRECTION('center_axis',(0.,-1.,0.));
#8613=DIRECTION('ref_axis',(-0.668205994649091,0.,0.743976309243123));
#8614=DIRECTION('center_axis',(0.,1.,0.));
#8615=DIRECTION('ref_axis',(-0.668205994649091,0.,0.743976309243123));
#8616=DIRECTION('center_axis',(0.,-1.,0.));
#8617=DIRECTION('ref_axis',(0.549508978070806,0.,0.835487811412936));
#8618=DIRECTION('center_axis',(0.,1.,0.));
#8619=DIRECTION('ref_axis',(0.549508978070807,0.,0.835487811412936));
#8620=DIRECTION('center_axis',(0.,-1.,0.));
#8621=DIRECTION('ref_axis',(0.947793904310949,0.,-0.318883544497058));
#8622=DIRECTION('center_axis',(0.,1.,0.));
#8623=DIRECTION('ref_axis',(0.947793904310949,0.,-0.318883544497058));
#8624=DIRECTION('center_axis',(0.,-1.,0.));
#8625=DIRECTION('ref_axis',(0.,0.,1.));
#8626=DIRECTION('center_axis',(0.,1.,0.));
#8627=DIRECTION('ref_axis',(-0.964177067600927,0.,-0.265259462248715));
#8628=DIRECTION('center_axis',(0.,-1.,0.));
#8629=DIRECTION('ref_axis',(-0.964177067600927,0.,-0.265259462248715));
#8630=DIRECTION('center_axis',(0.,-1.,0.));
#8631=DIRECTION('ref_axis',(-9.50903135439216E-16,0.,1.));
#8632=DIRECTION('center_axis',(0.,1.,0.));
#8633=DIRECTION('ref_axis',(-0.448799180200461,0.,-0.893632640323413));
#8634=DIRECTION('center_axis',(0.,-1.,0.));
#8635=DIRECTION('ref_axis',(-0.448799180200461,0.,-0.893632640323413));
#8636=DIRECTION('center_axis',(0.,-1.,0.));
#8637=DIRECTION('ref_axis',(0.352948538036839,0.,-0.935642736036388));
#8638=DIRECTION('center_axis',(0.,1.,0.));
#8639=DIRECTION('ref_axis',(0.362995853073242,0.,-0.931790754757542));
#8640=DIRECTION('center_axis',(0.,-1.,0.));
#8641=DIRECTION('ref_axis',(0.362995853073242,0.,-0.931790754757542));
#8642=DIRECTION('center_axis',(0.,-1.,0.));
#8643=DIRECTION('ref_axis',(-0.821767159951837,0.,0.569823424250611));
#8644=DIRECTION('center_axis',(0.,1.,0.));
#8645=DIRECTION('ref_axis',(-0.821767159951837,0.,0.569823424250611));
#8646=DIRECTION('center_axis',(0.,-1.,0.));
#8647=DIRECTION('ref_axis',(0.34202014332567,0.,0.939692620785908));
#8648=DIRECTION('center_axis',(0.,1.,0.));
#8649=DIRECTION('ref_axis',(0.34202014332567,0.,0.939692620785908));
#8650=DIRECTION('center_axis',(0.,-1.,0.));
#8651=DIRECTION('ref_axis',(0.995785603236218,0.,-0.0917116807581276));
#8652=DIRECTION('center_axis',(0.,1.,0.));
#8653=DIRECTION('ref_axis',(0.995785603236218,0.,-0.0917116807581276));
#8654=DIRECTION('center_axis',(0.,-1.,0.));
#8655=DIRECTION('ref_axis',(0.,0.,1.));
#8656=DIRECTION('center_axis',(0.,1.,0.));
#8657=DIRECTION('ref_axis',(-0.877014508100608,0.,-0.480463893108575));
#8658=DIRECTION('center_axis',(0.,-1.,0.));
#8659=DIRECTION('ref_axis',(-0.877014508100608,0.,-0.480463893108575));
#8660=DIRECTION('center_axis',(0.,-1.,0.));
#8661=DIRECTION('ref_axis',(-9.50903135439216E-16,0.,1.));
#8662=DIRECTION('center_axis',(0.,1.,0.));
#8663=DIRECTION('ref_axis',(-0.230615870742441,0.,-0.973044870579824));
#8664=DIRECTION('center_axis',(0.,-1.,0.));
#8665=DIRECTION('ref_axis',(-0.230615870742441,0.,-0.973044870579824));
#8666=DIRECTION('center_axis',(0.,-1.,0.));
#8667=DIRECTION('ref_axis',(0.559208828789495,0.,-0.829026830569362));
#8668=DIRECTION('center_axis',(0.,1.,0.));
#8669=DIRECTION('ref_axis',(0.568096989132826,0.,-0.822961609638152));
#8670=DIRECTION('center_axis',(0.,-1.,0.));
#8671=DIRECTION('ref_axis',(0.568096989132826,0.,-0.822961609638152));
#8672=DIRECTION('center_axis',(0.,-1.,0.));
#8673=DIRECTION('ref_axis',(0.116092914125229,0.,0.993238357741943));
#8674=DIRECTION('',(0.,-1.,0.));
#8675=DIRECTION('center_axis',(0.,-1.,0.));
#8676=DIRECTION('ref_axis',(0.116092914125229,0.,0.993238357741943));
#8677=DIRECTION('',(0.,-1.,0.));
#8678=DIRECTION('center_axis',(0.,-1.,0.));
#8679=DIRECTION('ref_axis',(0.999625638100386,0.,-0.0273602568042843));
#8680=DIRECTION('',(0.,-1.,0.));
#8681=DIRECTION('center_axis',(0.,-1.,0.));
#8682=DIRECTION('ref_axis',(0.999625638100386,0.,-0.0273602568042843));
#8683=DIRECTION('center_axis',(0.,-1.,0.));
#8684=DIRECTION('ref_axis',(-0.999910926731845,0.,-0.0133468573927754));
#8685=DIRECTION('',(0.,-1.,0.));
#8686=DIRECTION('center_axis',(0.,1.,0.));
#8687=DIRECTION('ref_axis',(-0.999910926731845,0.,-0.0133468573927754));
#8688=DIRECTION('center_axis',(0.,-1.,0.));
#8689=DIRECTION('ref_axis',(-0.0291356005801793,0.,-0.999575468275824));
#8690=DIRECTION('',(0.,-1.,0.));
#8691=DIRECTION('center_axis',(0.,1.,0.));
#8692=DIRECTION('ref_axis',(-0.0291356005801793,0.,-0.999575468275824));
#8693=DIRECTION('center_axis',(0.,-1.,0.));
#8694=DIRECTION('ref_axis',(0.116092914125148,0.,-0.993238357741953));
#8695=DIRECTION('',(0.,-1.,0.));
#8696=DIRECTION('center_axis',(0.,1.,0.));
#8697=DIRECTION('ref_axis',(0.116092914125148,0.,-0.993238357741953));
#8698=DIRECTION('center_axis',(0.,-1.,0.));
#8699=DIRECTION('ref_axis',(-0.952606722173222,0.,0.304204590482115));
#8700=DIRECTION('',(0.,-1.,0.));
#8701=DIRECTION('center_axis',(0.,-1.,0.));
#8702=DIRECTION('ref_axis',(-0.952606722173222,0.,0.304204590482115));
#8703=DIRECTION('center_axis',(0.,-1.,0.));
#8704=DIRECTION('ref_axis',(-0.116092914125231,0.,0.993238357741943));
#8705=DIRECTION('',(0.,-1.,0.));
#8706=DIRECTION('center_axis',(0.,-1.,0.));
#8707=DIRECTION('ref_axis',(-0.116092914125231,0.,0.993238357741943));
#8708=DIRECTION('center_axis',(0.,-1.,0.));
#8709=DIRECTION('ref_axis',(0.978990309100321,0.,0.203906779405831));
#8710=DIRECTION('',(0.,-1.,0.));
#8711=DIRECTION('center_axis',(0.,-1.,0.));
#8712=DIRECTION('ref_axis',(0.978990309100321,0.,0.203906779405831));
#8713=DIRECTION('center_axis',(0.,-1.,0.));
#8714=DIRECTION('ref_axis',(-0.969880201153831,0.,-0.24358242015754));
#8715=DIRECTION('',(0.,-1.,0.));
#8716=DIRECTION('center_axis',(0.,1.,0.));
#8717=DIRECTION('ref_axis',(-0.969880201153831,0.,-0.24358242015754));
#8718=DIRECTION('center_axis',(0.,-1.,0.));
#8719=DIRECTION('ref_axis',(0.202167720293408,0.,-0.979350914060617));
#8720=DIRECTION('',(0.,-1.,0.));
#8721=DIRECTION('center_axis',(0.,1.,0.));
#8722=DIRECTION('ref_axis',(0.202167720293408,0.,-0.979350914060617));
#8723=DIRECTION('center_axis',(0.,-1.,0.));
#8724=DIRECTION('ref_axis',(0.342020143325604,0.,-0.939692620785932));
#8725=DIRECTION('',(0.,-1.,0.));
#8726=DIRECTION('center_axis',(0.,1.,0.));
#8727=DIRECTION('ref_axis',(0.342020143325604,0.,-0.939692620785932));
#8728=DIRECTION('center_axis',(0.,-1.,0.));
#8729=DIRECTION('ref_axis',(-0.997083491208393,0.,0.0763184876663782));
#8730=DIRECTION('',(0.,-1.,0.));
#8731=DIRECTION('center_axis',(0.,-1.,0.));
#8732=DIRECTION('ref_axis',(-0.997083491208393,0.,0.0763184876663782));
#8733=DIRECTION('center_axis',(0.,-1.,0.));
#8734=DIRECTION('ref_axis',(-0.34202014332567,0.,0.939692620785908));
#8735=DIRECTION('',(0.,-1.,0.));
#8736=DIRECTION('center_axis',(0.,-1.,0.));
#8737=DIRECTION('ref_axis',(-0.34202014332567,0.,0.939692620785908));
#8738=DIRECTION('center_axis',(0.,-1.,0.));
#8739=DIRECTION('ref_axis',(0.90557735913446,0.,0.424181148358878));
#8740=DIRECTION('',(0.,-1.,0.));
#8741=DIRECTION('center_axis',(0.,-1.,0.));
#8742=DIRECTION('ref_axis',(0.90557735913446,0.,0.424181148358878));
#8743=DIRECTION('center_axis',(0.,-1.,0.));
#8744=DIRECTION('ref_axis',(-0.887562982887485,0.,-0.460686391602649));
#8745=DIRECTION('',(0.,-1.,0.));
#8746=DIRECTION('center_axis',(0.,1.,0.));
#8747=DIRECTION('ref_axis',(-0.887562982887485,0.,-0.460686391602649));
#8748=DIRECTION('center_axis',(0.,-1.,0.));
#8749=DIRECTION('ref_axis',(0.422572127036811,0.,-0.906329298572867));
#8750=DIRECTION('',(0.,-1.,0.));
#8751=DIRECTION('center_axis',(0.,1.,0.));
#8752=DIRECTION('ref_axis',(0.422572127036811,0.,-0.906329298572867));
#8753=DIRECTION('center_axis',(0.,-1.,0.));
#8754=DIRECTION('ref_axis',(0.549508978070832,0.,-0.835487811412919));
#8755=DIRECTION('',(0.,-1.,0.));
#8756=DIRECTION('center_axis',(0.,1.,0.));
#8757=DIRECTION('ref_axis',(0.549508978070832,0.,-0.835487811412919));
#8758=DIRECTION('center_axis',(0.,-1.,0.));
#8759=DIRECTION('ref_axis',(-0.987807231147077,0.,-0.155681964573756));
#8760=DIRECTION('',(0.,-1.,0.));
#8761=DIRECTION('center_axis',(0.,-1.,0.));
#8762=DIRECTION('ref_axis',(-0.987807231147077,0.,-0.155681964573756));
#8763=DIRECTION('center_axis',(0.,-1.,0.));
#8764=DIRECTION('ref_axis',(-0.549508978070807,0.,0.835487811412936));
#8765=DIRECTION('',(0.,-1.,0.));
#8766=DIRECTION('center_axis',(0.,-1.,0.));
#8767=DIRECTION('ref_axis',(-0.549508978070807,0.,0.835487811412936));
#8768=DIRECTION('center_axis',(0.,-1.,0.));
#8769=DIRECTION('ref_axis',(0.7833444993377,0.,0.621587801808697));
#8770=DIRECTION('',(0.,-1.,0.));
#8771=DIRECTION('center_axis',(0.,-1.,0.));
#8772=DIRECTION('ref_axis',(0.7833444993377,0.,0.621587801808697));
#8773=DIRECTION('center_axis',(0.,-1.,0.));
#8774=DIRECTION('ref_axis',(-0.757397014476556,0.,-0.652954640432243));
#8775=DIRECTION('',(0.,-1.,0.));
#8776=DIRECTION('center_axis',(0.,1.,0.));
#8777=DIRECTION('ref_axis',(-0.757397014476556,0.,-0.652954640432243));
#8778=DIRECTION('center_axis',(0.,-1.,0.));
#8779=DIRECTION('ref_axis',(0.620195561032942,0.,-0.784447236004458));
#8780=DIRECTION('',(0.,-1.,0.));
#8781=DIRECTION('center_axis',(0.,1.,0.));
#8782=DIRECTION('ref_axis',(0.620195561032942,0.,-0.784447236004458));
#8783=DIRECTION('center_axis',(0.,-1.,0.));
#8784=DIRECTION('ref_axis',(0.727373641573007,0.,-0.686241637868777));
#8785=DIRECTION('',(0.,-1.,0.));
#8786=DIRECTION('center_axis',(0.,1.,0.));
#8787=DIRECTION('ref_axis',(0.727373641573007,0.,-0.686241637868777));
#8788=DIRECTION('center_axis',(0.,-1.,0.));
#8789=DIRECTION('ref_axis',(-0.925278027570251,0.,-0.379289561806947));
#8790=DIRECTION('',(0.,-1.,0.));
#8791=DIRECTION('center_axis',(0.,-1.,0.));
#8792=DIRECTION('ref_axis',(-0.925278027570251,0.,-0.379289561806947));
#8793=DIRECTION('center_axis',(0.,-1.,0.));
#8794=DIRECTION('ref_axis',(-0.72737364157305,0.,0.686241637868732));
#8795=DIRECTION('',(0.,-1.,0.));
#8796=DIRECTION('center_axis',(0.,-1.,0.));
#8797=DIRECTION('ref_axis',(-0.72737364157305,0.,0.686241637868732));
#8798=DIRECTION('center_axis',(0.,-1.,0.));
#8799=DIRECTION('ref_axis',(0.618881334820476,0.,0.785484495971006));
#8800=DIRECTION('',(0.,-1.,0.));
#8801=DIRECTION('center_axis',(0.,-1.,0.));
#8802=DIRECTION('ref_axis',(0.618881334820476,0.,0.785484495971006));
#8803=DIRECTION('center_axis',(0.,-1.,0.));
#8804=DIRECTION('ref_axis',(-0.58639957697028,0.,-0.810021935585128));
#8805=DIRECTION('',(0.,-1.,0.));
#8806=DIRECTION('center_axis',(0.,1.,0.));
#8807=DIRECTION('ref_axis',(-0.58639957697028,0.,-0.810021935585128));
#8808=DIRECTION('center_axis',(0.,-1.,0.));
#8809=DIRECTION('ref_axis',(0.784384091802149,0.,-0.620275419896451));
#8810=DIRECTION('',(0.,-1.,0.));
#8811=DIRECTION('center_axis',(0.,1.,0.));
#8812=DIRECTION('ref_axis',(0.784384091802149,0.,-0.620275419896451));
#8813=DIRECTION('center_axis',(0.,-1.,0.));
#8814=DIRECTION('ref_axis',(0.866025403784399,0.,-0.500000000000068));
#8815=DIRECTION('',(0.,-1.,0.));
#8816=DIRECTION('center_axis',(0.,1.,0.));
#8817=DIRECTION('ref_axis',(0.866025403784399,0.,-0.500000000000068));
#8818=DIRECTION('center_axis',(0.,-1.,0.));
#8819=DIRECTION('ref_axis',(-0.812866846027822,0.,-0.58244956058768));
#8820=DIRECTION('',(0.,-1.,0.));
#8821=DIRECTION('center_axis',(0.,-1.,0.));
#8822=DIRECTION('ref_axis',(-0.812866846027822,0.,-0.58244956058768));
#8823=DIRECTION('center_axis',(0.,-1.,0.));
#8824=DIRECTION('ref_axis',(-0.866025403784439,0.,0.499999999999999));
#8825=DIRECTION('',(0.,-1.,0.));
#8826=DIRECTION('center_axis',(0.,-1.,0.));
#8827=DIRECTION('ref_axis',(-0.866025403784439,0.,0.499999999999999));
#8828=DIRECTION('center_axis',(0.,-1.,0.));
#8829=DIRECTION('ref_axis',(0.421054117351619,0.,0.907035517640433));
#8830=DIRECTION('',(0.,-1.,0.));
#8831=DIRECTION('center_axis',(0.,-1.,0.));
#8832=DIRECTION('ref_axis',(0.421054117351619,0.,0.907035517640433));
#8833=DIRECTION('center_axis',(0.,-1.,0.));
#8834=DIRECTION('ref_axis',(-0.383789186485665,0.,-0.92342073852425));
#8835=DIRECTION('',(0.,-1.,0.));
#8836=DIRECTION('center_axis',(0.,1.,0.));
#8837=DIRECTION('ref_axis',(-0.383789186485665,0.,-0.92342073852425));
#8838=DIRECTION('center_axis',(0.,-1.,0.));
#8839=DIRECTION('ref_axis',(0.906286273152044,0.,-0.422664395349523));
#8840=DIRECTION('',(0.,-1.,0.));
#8841=DIRECTION('center_axis',(0.,1.,0.));
#8842=DIRECTION('ref_axis',(0.906286273152044,0.,-0.422664395349523));
#8843=DIRECTION('center_axis',(0.,-1.,0.));
#8844=DIRECTION('ref_axis',(0.957989512315493,0.,-0.286803232711077));
#8845=DIRECTION('',(0.,-1.,0.));
#8846=DIRECTION('center_axis',(0.,1.,0.));
#8847=DIRECTION('ref_axis',(0.957989512315493,0.,-0.286803232711077));
#8848=DIRECTION('center_axis',(0.,-1.,0.));
#8849=DIRECTION('ref_axis',(-0.656633802413293,0.,-0.754209552795681));
#8850=DIRECTION('',(0.,-1.,0.));
#8851=DIRECTION('center_axis',(0.,-1.,0.));
#8852=DIRECTION('ref_axis',(-0.656633802413293,0.,-0.754209552795681));
#8853=DIRECTION('center_axis',(0.,-1.,0.));
#8854=DIRECTION('ref_axis',(-0.957989512315489,0.,0.286803232711088));
#8855=DIRECTION('',(0.,-1.,0.));
#8856=DIRECTION('center_axis',(0.,-1.,0.));
#8857=DIRECTION('ref_axis',(-0.957989512315489,0.,0.286803232711088));
#8858=DIRECTION('center_axis',(0.,-1.,0.));
#8859=DIRECTION('ref_axis',(0.20052776343054,0.,0.979688019776472));
#8860=DIRECTION('',(0.,-1.,0.));
#8861=DIRECTION('center_axis',(0.,-1.,0.));
#8862=DIRECTION('ref_axis',(0.20052776343054,0.,0.979688019776472));
#8863=DIRECTION('center_axis',(0.,-1.,0.));
#8864=DIRECTION('ref_axis',(-0.160488621617489,0.,-0.987037690430978));
#8865=DIRECTION('',(0.,-1.,0.));
#8866=DIRECTION('center_axis',(0.,1.,0.));
#8867=DIRECTION('ref_axis',(-0.160488621617489,0.,-0.987037690430978));
#8868=DIRECTION('center_axis',(0.,-1.,0.));
#8869=DIRECTION('ref_axis',(0.97933032693286,0.,-0.202267423846694));
#8870=DIRECTION('',(0.,-1.,0.));
#8871=DIRECTION('center_axis',(0.,1.,0.));
#8872=DIRECTION('ref_axis',(0.97933032693286,0.,-0.202267423846694));
#8873=DIRECTION('center_axis',(0.,-1.,0.));
#8874=DIRECTION('ref_axis',(0.998308158271267,0.,-0.0581448289104891));
#8875=DIRECTION('',(0.,-1.,0.));
#8876=DIRECTION('center_axis',(0.,1.,0.));
#8877=DIRECTION('ref_axis',(0.998308158271267,0.,-0.0581448289104891));
#8878=DIRECTION('center_axis',(0.,-1.,0.));
#8879=DIRECTION('ref_axis',(-0.465001460547338,0.,-0.885309912792601));
#8880=DIRECTION('',(0.,-1.,0.));
#8881=DIRECTION('center_axis',(0.,-1.,0.));
#8882=DIRECTION('ref_axis',(-0.465001460547338,0.,-0.885309912792601));
#8883=DIRECTION('center_axis',(0.,-1.,0.));
#8884=DIRECTION('ref_axis',(-0.998308158271268,0.,0.0581448289104727));
#8885=DIRECTION('',(0.,-1.,0.));
#8886=DIRECTION('center_axis',(0.,-1.,0.));
#8887=DIRECTION('ref_axis',(-0.998308158271268,0.,0.0581448289104727));
#8888=DIRECTION('center_axis',(0.,-1.,0.));
#8889=DIRECTION('ref_axis',(-0.0308090941217563,0.,0.999525287183569));
#8890=DIRECTION('',(0.,-1.,0.));
#8891=DIRECTION('center_axis',(0.,-1.,0.));
#8892=DIRECTION('ref_axis',(-0.0308090941217563,0.,0.999525287183569));
#8893=DIRECTION('center_axis',(0.,-1.,0.));
#8894=DIRECTION('ref_axis',(0.0714639263830273,0.,-0.99744318496139));
#8895=DIRECTION('',(0.,-1.,0.));
#8896=DIRECTION('center_axis',(0.,1.,0.));
#8897=DIRECTION('ref_axis',(0.0714639263830273,0.,-0.99744318496139));
#8898=DIRECTION('center_axis',(0.,-1.,0.));
#8899=DIRECTION('ref_axis',(0.999578429298517,0.,0.0290338368306817));
#8900=DIRECTION('',(0.,-1.,0.));
#8901=DIRECTION('center_axis',(0.,1.,0.));
#8902=DIRECTION('ref_axis',(0.999578429298517,0.,0.0290338368306817));
#8903=DIRECTION('center_axis',(0.,-1.,0.));
#8904=DIRECTION('ref_axis',(0.984807753012212,0.,0.173648177666911));
#8905=DIRECTION('',(0.,-1.,0.));
#8906=DIRECTION('center_axis',(0.,1.,0.));
#8907=DIRECTION('ref_axis',(0.984807753012212,0.,0.173648177666911));
#8908=DIRECTION('center_axis',(0.,-1.,0.));
#8909=DIRECTION('ref_axis',(-0.248300769582132,0.,-0.968682986236943));
#8910=DIRECTION('',(0.,-1.,0.));
#8911=DIRECTION('center_axis',(0.,-1.,0.));
#8912=DIRECTION('ref_axis',(-0.248300769582132,0.,-0.968682986236943));
#8913=DIRECTION('center_axis',(0.,-1.,0.));
#8914=DIRECTION('ref_axis',(-0.984807753012208,0.,-0.173648177666933));
#8915=DIRECTION('',(0.,-1.,0.));
#8916=DIRECTION('center_axis',(0.,-1.,0.));
#8917=DIRECTION('ref_axis',(-0.984807753012208,0.,-0.173648177666933));
#8918=DIRECTION('center_axis',(0.,-1.,0.));
#8919=DIRECTION('ref_axis',(-0.260485025435316,0.,0.965477887641122));
#8920=DIRECTION('',(0.,-1.,0.));
#8921=DIRECTION('center_axis',(0.,-1.,0.));
#8922=DIRECTION('ref_axis',(-0.260485025435316,0.,0.965477887641122));
#8923=DIRECTION('center_axis',(0.,-1.,0.));
#8924=DIRECTION('ref_axis',(0.299563835614479,0.,-0.954076259211989));
#8925=DIRECTION('',(0.,-1.,0.));
#8926=DIRECTION('center_axis',(0.,1.,0.));
#8927=DIRECTION('ref_axis',(0.299563835614479,0.,-0.954076259211989));
#8928=DIRECTION('center_axis',(0.,-1.,0.));
#8929=DIRECTION('ref_axis',(0.965938999809457,0.,0.258769875849385));
#8930=DIRECTION('',(0.,-1.,0.));
#8931=DIRECTION('center_axis',(0.,1.,0.));
#8932=DIRECTION('ref_axis',(0.965938999809457,0.,0.258769875849385));
#8933=DIRECTION('center_axis',(0.,-1.,0.));
#8934=DIRECTION('ref_axis',(0.918216106880269,0.,0.396079766039168));
#8935=DIRECTION('',(0.,-1.,0.));
#8936=DIRECTION('center_axis',(0.,1.,0.));
#8937=DIRECTION('ref_axis',(0.918216106880269,0.,0.396079766039168));
#8938=DIRECTION('center_axis',(0.,-1.,0.));
#8939=DIRECTION('ref_axis',(-0.0182141198584931,0.,-0.999834109159005));
#8940=DIRECTION('',(0.,-1.,0.));
#8941=DIRECTION('center_axis',(0.,-1.,0.));
#8942=DIRECTION('ref_axis',(-0.0182141198584931,0.,-0.999834109159005));
#8943=DIRECTION('center_axis',(0.,-1.,0.));
#8944=DIRECTION('ref_axis',(-0.918216106880274,0.,-0.396079766039157));
#8945=DIRECTION('',(0.,-1.,0.));
#8946=DIRECTION('center_axis',(0.,-1.,0.));
#8947=DIRECTION('ref_axis',(-0.918216106880274,0.,-0.396079766039157));
#8948=DIRECTION('center_axis',(0.,-1.,0.));
#8949=DIRECTION('ref_axis',(-0.476118141603616,0.,0.879381325271306));
#8950=DIRECTION('',(0.,-1.,0.));
#8951=DIRECTION('center_axis',(0.,-1.,0.));
#8952=DIRECTION('ref_axis',(-0.476118141603616,0.,0.879381325271306));
#8953=DIRECTION('center_axis',(0.,-1.,0.));
#8954=DIRECTION('ref_axis',(0.511514180928759,0.,-0.859274835375028));
#8955=DIRECTION('',(0.,-1.,0.));
#8956=DIRECTION('center_axis',(0.,1.,0.));
#8957=DIRECTION('ref_axis',(0.511514180928759,0.,-0.859274835375028));
#8958=DIRECTION('center_axis',(0.,-1.,0.));
#8959=DIRECTION('ref_axis',(0.880225548816679,0.,0.474555563880961));
#8960=DIRECTION('',(0.,-1.,0.));
#8961=DIRECTION('center_axis',(0.,1.,0.));
#8962=DIRECTION('ref_axis',(0.880225548816679,0.,0.474555563880961));
#8963=DIRECTION('center_axis',(0.,-1.,0.));
#8964=DIRECTION('ref_axis',(0.802123192755064,0.,0.597158591702759));
#8965=DIRECTION('',(0.,-1.,0.));
#8966=DIRECTION('center_axis',(0.,1.,0.));
#8967=DIRECTION('ref_axis',(0.802123192755064,0.,0.597158591702759));
#8968=DIRECTION('center_axis',(0.,-1.,0.));
#8969=DIRECTION('ref_axis',(0.212854457781257,0.,-0.977083916458892));
#8970=DIRECTION('',(0.,-1.,0.));
#8971=DIRECTION('center_axis',(0.,-1.,0.));
#8972=DIRECTION('ref_axis',(0.212854457781257,0.,-0.977083916458892));
#8973=DIRECTION('center_axis',(0.,-1.,0.));
#8974=DIRECTION('ref_axis',(-0.802123192755042,0.,-0.597158591702788));
#8975=DIRECTION('',(0.,-1.,0.));
#8976=DIRECTION('center_axis',(0.,-1.,0.));
#8977=DIRECTION('ref_axis',(-0.802123192755042,0.,-0.597158591702788));
#8978=DIRECTION('center_axis',(0.,-1.,0.));
#8979=DIRECTION('ref_axis',(-0.666083605519481,0.,0.745877088036741));
#8980=DIRECTION('',(0.,-1.,0.));
#8981=DIRECTION('center_axis',(0.,-1.,0.));
#8982=DIRECTION('ref_axis',(-0.666083605519481,0.,0.745877088036741));
#8983=DIRECTION('center_axis',(0.,-1.,0.));
#8984=DIRECTION('ref_axis',(0.695888664348628,0.,-0.71814968274802));
#8985=DIRECTION('',(0.,-1.,0.));
#8986=DIRECTION('center_axis',(0.,1.,0.));
#8987=DIRECTION('ref_axis',(0.695888664348628,0.,-0.71814968274802));
#8988=DIRECTION('center_axis',(0.,-1.,0.));
#8989=DIRECTION('ref_axis',(0.7470589106493,0.,0.664757838629588));
#8990=DIRECTION('',(0.,-1.,0.));
#8991=DIRECTION('center_axis',(0.,1.,0.));
#8992=DIRECTION('ref_axis',(0.7470589106493,0.,0.664757838629588));
#8993=DIRECTION('center_axis',(0.,-1.,0.));
#8994=DIRECTION('ref_axis',(0.642787609686557,0.,0.766044443118963));
#8995=DIRECTION('',(0.,-1.,0.));
#8996=DIRECTION('center_axis',(0.,1.,0.));
#8997=DIRECTION('ref_axis',(0.642787609686557,0.,0.766044443118963));
#8998=DIRECTION('center_axis',(0.,-1.,0.));
#8999=DIRECTION('ref_axis',(0.432447996506705,0.,-0.901658876913734));
#9000=DIRECTION('',(0.,-1.,0.));
#9001=DIRECTION('center_axis',(0.,-1.,0.));
#9002=DIRECTION('ref_axis',(0.432447996506705,0.,-0.901658876913734));
#9003=DIRECTION('center_axis',(0.,-1.,0.));
#9004=DIRECTION('ref_axis',(-0.642787609686538,0.,-0.766044443118979));
#9005=DIRECTION('',(0.,-1.,0.));
#9006=DIRECTION('center_axis',(0.,-1.,0.));
#9007=DIRECTION('ref_axis',(-0.642787609686538,0.,-0.766044443118979));
#9008=DIRECTION('center_axis',(0.,-1.,0.));
#9009=DIRECTION('ref_axis',(-0.820140329852474,0.,0.572162423923028));
#9010=DIRECTION('',(0.,-1.,0.));
#9011=DIRECTION('center_axis',(0.,-1.,0.));
#9012=DIRECTION('ref_axis',(-0.820140329852474,0.,0.572162423923028));
#9013=DIRECTION('center_axis',(0.,-1.,0.));
#9014=DIRECTION('ref_axis',(0.84274760974943,0.,-0.53830889483792));
#9015=DIRECTION('',(0.,-1.,0.));
#9016=DIRECTION('center_axis',(0.,1.,0.));
#9017=DIRECTION('ref_axis',(0.84274760974943,0.,-0.53830889483792));
#9018=DIRECTION('center_axis',(0.,-1.,0.));
#9019=DIRECTION('ref_axis',(0.573618133239833,0.,0.819122846231534));
#9020=DIRECTION('',(0.,-1.,0.));
#9021=DIRECTION('center_axis',(0.,1.,0.));
#9022=DIRECTION('ref_axis',(0.573618133239833,0.,0.819122846231534));
#9023=DIRECTION('center_axis',(0.,-1.,0.));
#9024=DIRECTION('ref_axis',(0.448799180200476,0.,0.893632640323405));
#9025=DIRECTION('',(0.,-1.,0.));
#9026=DIRECTION('center_axis',(0.,1.,0.));
#9027=DIRECTION('ref_axis',(0.448799180200476,0.,0.893632640323405));
#9028=DIRECTION('center_axis',(0.,-1.,0.));
#9029=DIRECTION('ref_axis',(0.628728151805484,0.,-0.777625173928456));
#9030=DIRECTION('',(0.,-1.,0.));
#9031=DIRECTION('center_axis',(0.,-1.,0.));
#9032=DIRECTION('ref_axis',(0.628728151805484,0.,-0.777625173928456));
#9033=DIRECTION('center_axis',(0.,-1.,0.));
#9034=DIRECTION('ref_axis',(-0.448799180200461,0.,-0.893632640323413));
#9035=DIRECTION('',(0.,-1.,0.));
#9036=DIRECTION('center_axis',(0.,-1.,0.));
#9037=DIRECTION('ref_axis',(-0.448799180200461,0.,-0.893632640323413));
#9038=DIRECTION('center_axis',(0.,-1.,0.));
#9039=DIRECTION('ref_axis',(-0.929983076717709,0.,0.367602335436902));
#9040=DIRECTION('',(0.,-1.,0.));
#9041=DIRECTION('center_axis',(0.,-1.,0.));
#9042=DIRECTION('ref_axis',(-0.929983076717709,0.,0.367602335436902));
#9043=DIRECTION('center_axis',(0.,-1.,0.));
#9044=DIRECTION('ref_axis',(0.944173813371536,0.,-0.329447735071061));
#9045=DIRECTION('',(0.,-1.,0.));
#9046=DIRECTION('center_axis',(0.,1.,0.));
#9047=DIRECTION('ref_axis',(0.944173813371536,0.,-0.329447735071061));
#9048=DIRECTION('center_axis',(0.,-1.,0.));
#9049=DIRECTION('ref_axis',(0.36925345379188,0.,0.929328729171098));
#9050=DIRECTION('',(0.,-1.,0.));
#9051=DIRECTION('center_axis',(0.,1.,0.));
#9052=DIRECTION('ref_axis',(0.36925345379188,0.,0.929328729171098));
#9053=DIRECTION('center_axis',(0.,-1.,0.));
#9054=DIRECTION('ref_axis',(0.230615870742434,0.,0.973044870579825));
#9055=DIRECTION('',(0.,-1.,0.));
#9056=DIRECTION('center_axis',(0.,1.,0.));
#9057=DIRECTION('ref_axis',(0.230615870742434,0.,0.973044870579825));
#9058=DIRECTION('center_axis',(0.,-1.,0.));
#9059=DIRECTION('ref_axis',(0.791113409700211,0.,-0.61166949653592));
#9060=DIRECTION('',(0.,-1.,0.));
#9061=DIRECTION('center_axis',(0.,-1.,0.));
#9062=DIRECTION('ref_axis',(0.791113409700211,0.,-0.61166949653592));
#9063=DIRECTION('center_axis',(0.,-1.,0.));
#9064=DIRECTION('ref_axis',(-0.230615870742441,0.,-0.973044870579823));
#9065=DIRECTION('',(0.,-1.,0.));
#9066=DIRECTION('center_axis',(0.,-1.,0.));
#9067=DIRECTION('ref_axis',(-0.230615870742441,0.,-0.973044870579823));
#9068=DIRECTION('center_axis',(0.,-1.,0.));
#9069=DIRECTION('ref_axis',(-0.989690195199945,0.,0.143224709897053));
#9070=DIRECTION('',(0.,-1.,0.));
#9071=DIRECTION('center_axis',(0.,-1.,0.));
#9072=DIRECTION('ref_axis',(-0.989690195199945,0.,0.143224709897053));
#9073=DIRECTION('center_axis',(0.,-1.,0.));
#9074=DIRECTION('ref_axis',(0.994699362324505,0.,-0.102825962632127));
#9075=DIRECTION('',(0.,-1.,0.));
#9076=DIRECTION('center_axis',(0.,1.,0.));
#9077=DIRECTION('ref_axis',(0.994699362324505,0.,-0.102825962632127));
#9078=DIRECTION('center_axis',(0.,1.,0.));
#9079=DIRECTION('ref_axis',(-9.18485099360515E-16,0.,1.));
#9080=DIRECTION('center_axis',(0.,1.,0.));
#9081=DIRECTION('ref_axis',(-9.18485099360515E-16,0.,1.));
#9082=DIRECTION('center_axis',(0.,1.,0.));
#9083=DIRECTION('ref_axis',(8.66515531414756E-16,0.,-1.));
#9084=DIRECTION('center_axis',(0.,-1.,0.));
#9085=DIRECTION('ref_axis',(-9.18485099360515E-16,0.,1.));
#9086=DIRECTION('center_axis',(1.,0.,8.66515531414756E-16));
#9087=DIRECTION('ref_axis',(-8.66515531414757E-16,0.,1.));
#9088=DIRECTION('center_axis',(0.,-1.,0.));
#9089=DIRECTION('ref_axis',(-9.18485099360515E-16,0.,1.));
#9090=DIRECTION('center_axis',(0.,1.,0.));
#9091=DIRECTION('ref_axis',(-9.18485099360515E-16,0.,1.));
#9092=DIRECTION('center_axis',(0.,1.,0.));
#9093=DIRECTION('ref_axis',(-9.18485099360515E-16,0.,1.));
#9094=DIRECTION('',(0.,-1.,0.));
#9095=DIRECTION('center_axis',(0.,1.,0.));
#9096=DIRECTION('ref_axis',(0.707106781186547,0.,0.707106781186548));
#9097=DIRECTION('center_axis',(0.,-1.,0.));
#9098=DIRECTION('ref_axis',(0.707106781186547,0.,0.707106781186548));
#9099=DIRECTION('',(0.,-1.,0.));
#9100=DIRECTION('center_axis',(0.,-1.,0.));
#9101=DIRECTION('ref_axis',(0.707106781186547,0.,0.707106781186548));
#9102=DIRECTION('',(0.,1.,0.));
#9103=DIRECTION('center_axis',(-9.18485099360515E-16,0.,1.));
#9104=DIRECTION('ref_axis',(1.,0.,9.18485099360515E-16));
#9105=DIRECTION('',(1.,0.,9.18485099360515E-16));
#9106=DIRECTION('',(0.,1.,0.));
#9107=DIRECTION('',(-1.,0.,-9.18485099360515E-16));
#9108=DIRECTION('center_axis',(0.,1.,0.));
#9109=DIRECTION('ref_axis',(9.18485099360515E-16,0.,-1.));
#9110=DIRECTION('',(9.18485099360515E-16,0.,-1.));
#9111=DIRECTION('center_axis',(0.,-1.,0.));
#9112=DIRECTION('ref_axis',(0.707106781186548,0.,-0.707106781186547));
#9113=DIRECTION('',(-1.,0.,-9.18485099360515E-16));
#9114=DIRECTION('center_axis',(0.,-1.,0.));
#9115=DIRECTION('ref_axis',(-0.707106781186547,0.,-0.707106781186548));
#9116=DIRECTION('',(-9.18485099360515E-16,0.,1.));
#9117=DIRECTION('center_axis',(0.,-1.,0.));
#9118=DIRECTION('ref_axis',(-0.707106781186548,0.,0.707106781186547));
#9119=DIRECTION('center_axis',(0.,1.,0.));
#9120=DIRECTION('ref_axis',(0.707106781186548,0.,-0.707106781186547));
#9121=DIRECTION('',(0.,-1.,0.));
#9122=DIRECTION('center_axis',(0.,-1.,0.));
#9123=DIRECTION('ref_axis',(0.707106781186548,0.,-0.707106781186547));
#9124=DIRECTION('',(0.,1.,0.));
#9125=DIRECTION('center_axis',(9.18485099360515E-16,0.,-1.));
#9126=DIRECTION('ref_axis',(-1.,0.,-9.18485099360515E-16));
#9127=DIRECTION('',(1.,0.,9.18485099360515E-16));
#9128=DIRECTION('',(0.,-1.,0.));
#9129=DIRECTION('center_axis',(0.,1.,0.));
#9130=DIRECTION('ref_axis',(-0.707106781186548,0.,0.707106781186547));
#9131=DIRECTION('',(0.,-1.,0.));
#9132=DIRECTION('center_axis',(0.,-1.,0.));
#9133=DIRECTION('ref_axis',(-0.707106781186548,0.,0.707106781186547));
#9134=DIRECTION('center_axis',(0.,1.,0.));
#9135=DIRECTION('ref_axis',(-0.707106781186547,0.,-0.707106781186548));
#9136=DIRECTION('center_axis',(0.,-1.,0.));
#9137=DIRECTION('ref_axis',(-0.707106781186547,0.,-0.707106781186548));
#9138=DIRECTION('',(0.,1.,0.));
#9139=DIRECTION('center_axis',(-1.,0.,-9.18485099360515E-16));
#9140=DIRECTION('ref_axis',(-9.18485099360515E-16,0.,1.));
#9141=DIRECTION('',(9.18485099360515E-16,0.,-1.));
#9142=DIRECTION('center_axis',(0.,-1.,0.));
#9143=DIRECTION('ref_axis',(-9.18485099360515E-16,0.,1.));
#9144=DIRECTION('center_axis',(0.,1.,0.));
#9145=DIRECTION('ref_axis',(-9.18485099360515E-16,0.,1.));
#9146=DIRECTION('center_axis',(0.,1.,0.));
#9147=DIRECTION('ref_axis',(-0.116092914125273,0.,-0.993238357741938));
#9148=DIRECTION('center_axis',(0.,-1.,0.));
#9149=DIRECTION('ref_axis',(-0.856774678172634,0.,0.515690945084533));
#9150=DIRECTION('center_axis',(0.,1.,0.));
#9151=DIRECTION('ref_axis',(0.144982225072315,0.,0.989434259773271));
#9152=DIRECTION('center_axis',(0.,1.,0.));
#9153=DIRECTION('ref_axis',(6.48300173147391E-15,0.,1.));
#9154=DIRECTION('center_axis',(0.,-1.,0.));
#9155=DIRECTION('ref_axis',(0.910849538905926,0.,-0.412738558260385));
#9156=DIRECTION('center_axis',(0.,-1.,0.));
#9157=DIRECTION('ref_axis',(9.18485099360515E-16,0.,-1.));
#9158=DIRECTION('center_axis',(0.,-1.,0.));
#9159=DIRECTION('ref_axis',(-0.996042859087194,0.,-0.0888741968256754));
#9160=DIRECTION('center_axis',(0.,1.,0.));
#9161=DIRECTION('ref_axis',(0.991600411186222,0.,0.129339184067769));
#9162=DIRECTION('center_axis',(0.,1.,0.));
#9163=DIRECTION('ref_axis',(-0.0871050329281458,0.,0.996199133325555));
#9164=DIRECTION('center_axis',(0.,1.,0.));
#9165=DIRECTION('ref_axis',(-0.230615870742432,0.,0.973044870579826));
#9166=DIRECTION('center_axis',(0.,-1.,0.));
#9167=DIRECTION('ref_axis',(0.981481533704607,0.,-0.19155677747564));
#9168=DIRECTION('center_axis',(0.,-1.,0.));
#9169=DIRECTION('ref_axis',(0.230615870742436,0.,-0.973044870579825));
#9170=DIRECTION('center_axis',(0.,-1.,0.));
#9171=DIRECTION('ref_axis',(-0.948698594624968,0.,-0.316181872593309));
#9172=DIRECTION('center_axis',(0.,1.,0.));
#9173=DIRECTION('ref_axis',(0.935044025214683,0.,0.354531621876418));
#9174=DIRECTION('center_axis',(0.,1.,0.));
#9175=DIRECTION('ref_axis',(-0.314496436057164,0.,0.949258653743721));
#9176=DIRECTION('center_axis',(0.,1.,0.));
#9177=DIRECTION('ref_axis',(-0.44879918020048,0.,0.893632640323403));
#9178=DIRECTION('center_axis',(0.,-1.,0.));
#9179=DIRECTION('ref_axis',(0.999201604974248,0.,0.0399518787654305));
#9180=DIRECTION('center_axis',(0.,-1.,0.));
#9181=DIRECTION('ref_axis',(0.448799180200464,0.,-0.893632640323411));
#9182=DIRECTION('center_axis',(0.,-1.,0.));
#9183=DIRECTION('ref_axis',(-0.850209743365028,0.,-0.526444101768813));
#9184=DIRECTION('center_axis',(0.,1.,0.));
#9185=DIRECTION('ref_axis',(0.828079173816716,0.,0.56061116818257));
#9186=DIRECTION('center_axis',(0.,1.,0.));
#9187=DIRECTION('ref_axis',(-0.524933254913962,0.,0.851143394432121));
#9188=DIRECTION('center_axis',(0.,1.,0.));
#9189=DIRECTION('ref_axis',(-0.64278760968654,0.,0.766044443118978));
#9190=DIRECTION('center_axis',(0.,-1.,0.));
#9191=DIRECTION('ref_axis',(0.963054459086031,0.,0.269306718881116));
#9192=DIRECTION('center_axis',(0.,-1.,0.));
#9193=DIRECTION('ref_axis',(0.642787609686537,0.,-0.76604444311898));
#9194=DIRECTION('center_axis',(0.,-1.,0.));
#9195=DIRECTION('ref_axis',(-0.705885864771693,0.,-0.708325593152979));
#9196=DIRECTION('center_axis',(0.,1.,0.));
#9197=DIRECTION('ref_axis',(0.676472359817966,0.,0.736468021303242));
#9198=DIRECTION('center_axis',(0.,1.,0.));
#9199=DIRECTION('ref_axis',(-0.707070786124439,0.,0.707142774416432));
#9200=DIRECTION('center_axis',(0.,1.,0.));
#9201=DIRECTION('ref_axis',(-0.80212319275505,0.,0.597158591702777));
#9202=DIRECTION('center_axis',(0.,-1.,0.));
#9203=DIRECTION('ref_axis',(0.874988798031132,0.,0.484143164074465));
#9204=DIRECTION('center_axis',(0.,-1.,0.));
#9205=DIRECTION('ref_axis',(0.802123192755043,0.,-0.597158591702787));
#9206=DIRECTION('center_axis',(0.,-1.,0.));
#9207=DIRECTION('ref_axis',(-0.523507496496768,0.,-0.852021068467022));
#9208=DIRECTION('center_axis',(0.,1.,0.));
#9209=DIRECTION('ref_axis',(0.488396745803117,0.,0.872621692767791));
#9210=DIRECTION('center_axis',(0.,1.,0.));
#9211=DIRECTION('ref_axis',(-0.851089948236502,0.,0.525019904394861));
#9212=DIRECTION('center_axis',(0.,1.,0.));
#9213=DIRECTION('ref_axis',(-0.918216106880276,0.,0.396079766039152));
#9214=DIRECTION('center_axis',(0.,-1.,0.));
#9215=DIRECTION('ref_axis',(0.739752264391963,0.,0.672879325976779));
#9216=DIRECTION('center_axis',(0.,-1.,0.));
#9217=DIRECTION('ref_axis',(0.918216106880273,0.,-0.396079766039159));
#9218=DIRECTION('center_axis',(0.,-1.,0.));
#9219=DIRECTION('ref_axis',(-0.312906703580843,0.,-0.949783867442573));
#9220=DIRECTION('center_axis',(0.,1.,0.));
#9221=DIRECTION('ref_axis',(0.273991536805192,0.,0.961732102905549));
#9222=DIRECTION('center_axis',(0.,1.,0.));
#9223=DIRECTION('ref_axis',(-0.949226630942709,0.,0.314593075431031));
#9224=DIRECTION('center_axis',(0.,1.,0.));
#9225=DIRECTION('ref_axis',(-0.98480775301221,0.,0.173648177666921));
#9226=DIRECTION('center_axis',(0.,-1.,0.));
#9227=DIRECTION('ref_axis',(0.56463549470169,0.,0.825340389247357));
#9228=DIRECTION('center_axis',(0.,-1.,0.));
#9229=DIRECTION('ref_axis',(0.984807753012207,0.,-0.173648177666937));
#9230=DIRECTION('center_axis',(0.,-1.,0.));
#9231=DIRECTION('ref_axis',(-0.0854370292819863,0.,-0.996343572281906));
#9232=DIRECTION('center_axis',(0.,1.,0.));
#9233=DIRECTION('ref_axis',(0.0448153731380517,0.,0.99899528644058));
#9234=DIRECTION('center_axis',(0.,1.,0.));
#9235=DIRECTION('ref_axis',(-0.99619026027664,0.,0.0872064523413284));
#9236=DIRECTION('center_axis',(0.,1.,0.));
#9237=DIRECTION('ref_axis',(-0.998308158271268,0.,-0.0581448289104771));
#9238=DIRECTION('center_axis',(0.,-1.,0.));
#9239=DIRECTION('ref_axis',(0.359079079341593,0.,0.933307138502216));
#9240=DIRECTION('center_axis',(0.,-1.,0.));
#9241=DIRECTION('ref_axis',(0.998308158271268,0.,0.0581448289104785));
#9242=DIRECTION('center_axis',(0.,-1.,0.));
#9243=DIRECTION('ref_axis',(0.146638577380008,0.,-0.989190137245599));
#9244=DIRECTION('center_axis',(0.,1.,0.));
#9245=DIRECTION('ref_axis',(-0.186776798894978,0.,0.982402375503309));
#9246=DIRECTION('center_axis',(0.,1.,0.));
#9247=DIRECTION('ref_axis',(-0.989449014824819,0.,-0.144881493166639));
#9248=DIRECTION('center_axis',(0.,1.,0.));
#9249=DIRECTION('ref_axis',(-0.95798951231549,0.,-0.286803232711086));
#9250=DIRECTION('center_axis',(0.,-1.,0.));
#9251=DIRECTION('ref_axis',(0.134164617870042,0.,0.990959058342869));
#9252=DIRECTION('center_axis',(0.,-1.,0.));
#9253=DIRECTION('ref_axis',(0.957989512315489,0.,0.286803232711092));
#9254=DIRECTION('center_axis',(0.,-1.,0.));
#9255=DIRECTION('ref_axis',(0.370808860379469,0.,-0.928709205868058));
#9256=DIRECTION('center_axis',(0.,1.,0.));
#9257=DIRECTION('ref_axis',(-0.408299785354214,0.,0.912847898217279));
#9258=DIRECTION('center_axis',(0.,1.,0.));
#9259=DIRECTION('ref_axis',(-0.92936631687446,0.,-0.369158839876821));
#9260=DIRECTION('center_axis',(0.,1.,0.));
#9261=DIRECTION('ref_axis',(-0.866025403784444,0.,-0.49999999999999));
#9262=DIRECTION('center_axis',(0.,-1.,0.));
#9263=DIRECTION('ref_axis',(-0.0979826928781034,0.,0.995188118848068));
#9264=DIRECTION('center_axis',(0.,-1.,0.));
#9265=DIRECTION('ref_axis',(0.866025403784439,0.,0.499999999999999));
#9266=DIRECTION('center_axis',(0.,-1.,0.));
#9267=DIRECTION('ref_axis',(0.574988741735575,0.,-0.818161320814753));
#9268=DIRECTION('center_axis',(0.,1.,0.));
#9269=DIRECTION('ref_axis',(-0.607811224700565,0.,0.794081554456467));
#9270=DIRECTION('center_axis',(0.,1.,0.));
#9271=DIRECTION('ref_axis',(-0.8191812402239,0.,-0.57353473797603));
#9272=DIRECTION('center_axis',(0.,1.,0.));
#9273=DIRECTION('ref_axis',(-0.72737364157302,0.,-0.686241637868764));
#9274=DIRECTION('center_axis',(0.,-1.,0.));
#9275=DIRECTION('ref_axis',(-0.324847731291312,0.,0.945766330271324));
#9276=DIRECTION('center_axis',(0.,-1.,0.));
#9277=DIRECTION('ref_axis',(0.72737364157305,0.,0.686241637868732));
#9278=DIRECTION('center_axis',(0.,-1.,0.));
#9279=DIRECTION('ref_axis',(0.748170831194426,0.,-0.663506147183161));
#9280=DIRECTION('center_axis',(0.,1.,0.));
#9281=DIRECTION('ref_axis',(-0.7745554035972,0.,0.632506068554586));
#9282=DIRECTION('center_axis',(0.,1.,0.));
#9283=DIRECTION('ref_axis',(-0.6648338908757,0.,-0.74699122989703));
#9284=DIRECTION('center_axis',(0.,1.,0.));
#9285=DIRECTION('ref_axis',(-0.549508978070801,0.,-0.83548781141294));
#9286=DIRECTION('center_axis',(0.,-1.,0.));
#9287=DIRECTION('ref_axis',(-0.534200144426911,0.,0.845358034027161));
#9288=DIRECTION('center_axis',(0.,-1.,0.));
#9289=DIRECTION('ref_axis',(0.549508978070807,0.,0.835487811412936));
#9290=DIRECTION('center_axis',(0.,-1.,0.));
#9291=DIRECTION('ref_axis',(0.881018837486785,0.,-0.473081185414759));
#9292=DIRECTION('center_axis',(0.,1.,0.));
#9293=DIRECTION('ref_axis',(-0.899543100199736,0.,0.436832016778816));
#9294=DIRECTION('center_axis',(0.,1.,0.));
#9295=DIRECTION('ref_axis',(-0.474645174384555,0.,-0.880177231262804));
#9296=DIRECTION('center_axis',(0.,1.,0.));
#9297=DIRECTION('ref_axis',(-0.342020143325697,0.,-0.939692620785898));
#9298=DIRECTION('center_axis',(0.,-1.,0.));
#9299=DIRECTION('ref_axis',(-0.714753689503898,0.,0.699376267355824));
#9300=DIRECTION('center_axis',(0.,-1.,0.));
#9301=DIRECTION('ref_axis',(0.342020143325672,0.,0.939692620785907));
#9302=DIRECTION('center_axis',(0.,-1.,0.));
#9303=DIRECTION('ref_axis',(0.966370890207006,0.,-0.257152294488147));
#9304=DIRECTION('center_axis',(0.,1.,0.));
#9305=DIRECTION('ref_axis',(-0.976036195432451,0.,0.217608237908738));
#9306=DIRECTION('center_axis',(0.,1.,0.));
#9307=DIRECTION('ref_axis',(-0.258868213685017,0.,-0.965912650265814));
#9308=DIRECTION('center_axis',(0.,1.,0.));
#9309=DIRECTION('ref_axis',(-9.18485099360515E-16,0.,1.));
#9310=DIRECTION('',(0.,-1.,0.));
#9311=DIRECTION('center_axis',(0.,1.,0.));
#9312=DIRECTION('ref_axis',(-9.18485099360515E-16,0.,1.));
#9313=DIRECTION('center_axis',(0.,-1.,0.));
#9314=DIRECTION('ref_axis',(-0.856774678172634,0.,0.515690945084533));
#9315=DIRECTION('',(0.,-1.,0.));
#9316=DIRECTION('center_axis',(0.,1.,0.));
#9317=DIRECTION('ref_axis',(9.18485099360515E-16,0.,-1.));
#9318=DIRECTION('center_axis',(0.,1.,0.));
#9319=DIRECTION('ref_axis',(9.18485099360515E-16,0.,-1.));
#9320=DIRECTION('',(0.,1.,0.));
#9321=DIRECTION('center_axis',(0.,1.,0.));
#9322=DIRECTION('ref_axis',(9.18485099360515E-16,0.,-1.));
#9323=DIRECTION('center_axis',(0.,-1.,0.));
#9324=DIRECTION('ref_axis',(9.18485099360515E-16,0.,-1.));
#9325=DIRECTION('center_axis',(1.,0.,9.18485099360515E-16));
#9326=DIRECTION('ref_axis',(9.18485099360515E-16,0.,-1.));
#9327=DIRECTION('',(-9.18485099360515E-16,0.,1.));
#9328=DIRECTION('center_axis',(0.,1.,0.));
#9329=DIRECTION('ref_axis',(-9.18485099360515E-16,0.,1.));
#9330=DIRECTION('center_axis',(0.,-1.,0.));
#9331=DIRECTION('ref_axis',(-9.18485099360515E-16,0.,1.));
#9332=DIRECTION('',(0.,1.,0.));
#9333=DIRECTION('center_axis',(0.,-1.,0.));
#9334=DIRECTION('ref_axis',(-9.18485099360515E-16,0.,1.));
#9335=DIRECTION('center_axis',(0.,-1.,0.));
#9336=DIRECTION('ref_axis',(-9.18485099360515E-16,0.,1.));
#9337=DIRECTION('center_axis',(0.,-1.,0.));
#9338=DIRECTION('ref_axis',(-0.116092914125273,0.,-0.993238357741938));
#9339=DIRECTION('',(0.,-1.,0.));
#9340=DIRECTION('center_axis',(0.,-1.,0.));
#9341=DIRECTION('ref_axis',(-0.258868213685017,0.,-0.965912650265814));
#9342=DIRECTION('',(0.,-1.,0.));
#9343=DIRECTION('center_axis',(0.,-1.,0.));
#9344=DIRECTION('ref_axis',(-0.976036195432451,0.,0.217608237908738));
#9345=DIRECTION('',(0.,-1.,0.));
#9346=DIRECTION('center_axis',(0.,-1.,0.));
#9347=DIRECTION('ref_axis',(0.966370890207006,0.,-0.257152294488147));
#9348=DIRECTION('',(0.,-1.,0.));
#9349=DIRECTION('center_axis',(0.,-1.,0.));
#9350=DIRECTION('ref_axis',(0.342020143325672,0.,0.939692620785907));
#9351=DIRECTION('',(0.,-1.,0.));
#9352=DIRECTION('center_axis',(0.,-1.,0.));
#9353=DIRECTION('ref_axis',(-0.714753689503898,0.,0.699376267355824));
#9354=DIRECTION('',(0.,-1.,0.));
#9355=DIRECTION('center_axis',(0.,-1.,0.));
#9356=DIRECTION('ref_axis',(-0.342020143325697,0.,-0.939692620785898));
#9357=DIRECTION('',(0.,-1.,0.));
#9358=DIRECTION('center_axis',(0.,-1.,0.));
#9359=DIRECTION('ref_axis',(-0.474645174384555,0.,-0.880177231262804));
#9360=DIRECTION('',(0.,-1.,0.));
#9361=DIRECTION('center_axis',(0.,-1.,0.));
#9362=DIRECTION('ref_axis',(-0.899543100199736,0.,0.436832016778816));
#9363=DIRECTION('',(0.,-1.,0.));
#9364=DIRECTION('center_axis',(0.,-1.,0.));
#9365=DIRECTION('ref_axis',(0.881018837486785,0.,-0.473081185414759));
#9366=DIRECTION('',(0.,-1.,0.));
#9367=DIRECTION('center_axis',(0.,-1.,0.));
#9368=DIRECTION('ref_axis',(0.549508978070807,0.,0.835487811412936));
#9369=DIRECTION('',(0.,-1.,0.));
#9370=DIRECTION('center_axis',(0.,-1.,0.));
#9371=DIRECTION('ref_axis',(-0.534200144426911,0.,0.845358034027161));
#9372=DIRECTION('',(0.,-1.,0.));
#9373=DIRECTION('center_axis',(0.,-1.,0.));
#9374=DIRECTION('ref_axis',(-0.549508978070801,0.,-0.83548781141294));
#9375=DIRECTION('',(0.,-1.,0.));
#9376=DIRECTION('center_axis',(0.,-1.,0.));
#9377=DIRECTION('ref_axis',(-0.6648338908757,0.,-0.74699122989703));
#9378=DIRECTION('',(0.,-1.,0.));
#9379=DIRECTION('center_axis',(0.,-1.,0.));
#9380=DIRECTION('ref_axis',(-0.7745554035972,0.,0.632506068554586));
#9381=DIRECTION('',(0.,-1.,0.));
#9382=DIRECTION('center_axis',(0.,-1.,0.));
#9383=DIRECTION('ref_axis',(0.748170831194426,0.,-0.663506147183161));
#9384=DIRECTION('',(0.,-1.,0.));
#9385=DIRECTION('center_axis',(0.,-1.,0.));
#9386=DIRECTION('ref_axis',(0.72737364157305,0.,0.686241637868732));
#9387=DIRECTION('',(0.,-1.,0.));
#9388=DIRECTION('center_axis',(0.,-1.,0.));
#9389=DIRECTION('ref_axis',(-0.324847731291312,0.,0.945766330271324));
#9390=DIRECTION('',(0.,-1.,0.));
#9391=DIRECTION('center_axis',(0.,-1.,0.));
#9392=DIRECTION('ref_axis',(-0.72737364157302,0.,-0.686241637868764));
#9393=DIRECTION('',(0.,-1.,0.));
#9394=DIRECTION('center_axis',(0.,-1.,0.));
#9395=DIRECTION('ref_axis',(-0.8191812402239,0.,-0.57353473797603));
#9396=DIRECTION('',(0.,-1.,0.));
#9397=DIRECTION('center_axis',(0.,-1.,0.));
#9398=DIRECTION('ref_axis',(-0.607811224700565,0.,0.794081554456467));
#9399=DIRECTION('',(0.,-1.,0.));
#9400=DIRECTION('center_axis',(0.,-1.,0.));
#9401=DIRECTION('ref_axis',(0.574988741735575,0.,-0.818161320814753));
#9402=DIRECTION('',(0.,-1.,0.));
#9403=DIRECTION('center_axis',(0.,-1.,0.));
#9404=DIRECTION('ref_axis',(0.866025403784439,0.,0.499999999999999));
#9405=DIRECTION('',(0.,-1.,0.));
#9406=DIRECTION('center_axis',(0.,-1.,0.));
#9407=DIRECTION('ref_axis',(-0.0979826928781034,0.,0.995188118848068));
#9408=DIRECTION('',(0.,-1.,0.));
#9409=DIRECTION('center_axis',(0.,-1.,0.));
#9410=DIRECTION('ref_axis',(-0.866025403784444,0.,-0.49999999999999));
#9411=DIRECTION('',(0.,-1.,0.));
#9412=DIRECTION('center_axis',(0.,-1.,0.));
#9413=DIRECTION('ref_axis',(-0.92936631687446,0.,-0.369158839876821));
#9414=DIRECTION('',(0.,-1.,0.));
#9415=DIRECTION('center_axis',(0.,-1.,0.));
#9416=DIRECTION('ref_axis',(-0.408299785354214,0.,0.912847898217279));
#9417=DIRECTION('',(0.,-1.,0.));
#9418=DIRECTION('center_axis',(0.,-1.,0.));
#9419=DIRECTION('ref_axis',(0.370808860379469,0.,-0.928709205868058));
#9420=DIRECTION('',(0.,-1.,0.));
#9421=DIRECTION('center_axis',(0.,-1.,0.));
#9422=DIRECTION('ref_axis',(0.957989512315489,0.,0.286803232711092));
#9423=DIRECTION('',(0.,-1.,0.));
#9424=DIRECTION('center_axis',(0.,-1.,0.));
#9425=DIRECTION('ref_axis',(0.134164617870042,0.,0.990959058342869));
#9426=DIRECTION('',(0.,-1.,0.));
#9427=DIRECTION('center_axis',(0.,-1.,0.));
#9428=DIRECTION('ref_axis',(-0.95798951231549,0.,-0.286803232711086));
#9429=DIRECTION('',(0.,-1.,0.));
#9430=DIRECTION('center_axis',(0.,-1.,0.));
#9431=DIRECTION('ref_axis',(-0.989449014824819,0.,-0.144881493166639));
#9432=DIRECTION('',(0.,-1.,0.));
#9433=DIRECTION('center_axis',(0.,-1.,0.));
#9434=DIRECTION('ref_axis',(-0.186776798894978,0.,0.982402375503309));
#9435=DIRECTION('',(0.,-1.,0.));
#9436=DIRECTION('center_axis',(0.,-1.,0.));
#9437=DIRECTION('ref_axis',(0.146638577380008,0.,-0.989190137245599));
#9438=DIRECTION('',(0.,-1.,0.));
#9439=DIRECTION('center_axis',(0.,-1.,0.));
#9440=DIRECTION('ref_axis',(0.998308158271268,0.,0.0581448289104785));
#9441=DIRECTION('',(0.,-1.,0.));
#9442=DIRECTION('center_axis',(0.,-1.,0.));
#9443=DIRECTION('ref_axis',(0.359079079341593,0.,0.933307138502216));
#9444=DIRECTION('',(0.,-1.,0.));
#9445=DIRECTION('center_axis',(0.,-1.,0.));
#9446=DIRECTION('ref_axis',(-0.998308158271268,0.,-0.0581448289104771));
#9447=DIRECTION('',(0.,-1.,0.));
#9448=DIRECTION('center_axis',(0.,-1.,0.));
#9449=DIRECTION('ref_axis',(-0.99619026027664,0.,0.0872064523413284));
#9450=DIRECTION('',(0.,-1.,0.));
#9451=DIRECTION('center_axis',(0.,-1.,0.));
#9452=DIRECTION('ref_axis',(0.0448153731380517,0.,0.99899528644058));
#9453=DIRECTION('',(0.,-1.,0.));
#9454=DIRECTION('center_axis',(0.,-1.,0.));
#9455=DIRECTION('ref_axis',(-0.0854370292819863,0.,-0.996343572281906));
#9456=DIRECTION('',(0.,-1.,0.));
#9457=DIRECTION('center_axis',(0.,-1.,0.));
#9458=DIRECTION('ref_axis',(0.984807753012207,0.,-0.173648177666937));
#9459=DIRECTION('',(0.,-1.,0.));
#9460=DIRECTION('center_axis',(0.,-1.,0.));
#9461=DIRECTION('ref_axis',(0.56463549470169,0.,0.825340389247357));
#9462=DIRECTION('',(0.,-1.,0.));
#9463=DIRECTION('center_axis',(0.,-1.,0.));
#9464=DIRECTION('ref_axis',(-0.98480775301221,0.,0.173648177666921));
#9465=DIRECTION('',(0.,-1.,0.));
#9466=DIRECTION('center_axis',(0.,-1.,0.));
#9467=DIRECTION('ref_axis',(-0.949226630942709,0.,0.314593075431031));
#9468=DIRECTION('',(0.,-1.,0.));
#9469=DIRECTION('center_axis',(0.,-1.,0.));
#9470=DIRECTION('ref_axis',(0.273991536805192,0.,0.961732102905549));
#9471=DIRECTION('',(0.,-1.,0.));
#9472=DIRECTION('center_axis',(0.,-1.,0.));
#9473=DIRECTION('ref_axis',(-0.312906703580843,0.,-0.949783867442573));
#9474=DIRECTION('',(0.,-1.,0.));
#9475=DIRECTION('center_axis',(0.,-1.,0.));
#9476=DIRECTION('ref_axis',(0.918216106880273,0.,-0.396079766039159));
#9477=DIRECTION('',(0.,-1.,0.));
#9478=DIRECTION('center_axis',(0.,-1.,0.));
#9479=DIRECTION('ref_axis',(0.739752264391963,0.,0.672879325976779));
#9480=DIRECTION('',(0.,-1.,0.));
#9481=DIRECTION('center_axis',(0.,-1.,0.));
#9482=DIRECTION('ref_axis',(-0.918216106880276,0.,0.396079766039152));
#9483=DIRECTION('',(0.,-1.,0.));
#9484=DIRECTION('center_axis',(0.,-1.,0.));
#9485=DIRECTION('ref_axis',(-0.851089948236502,0.,0.525019904394861));
#9486=DIRECTION('',(0.,-1.,0.));
#9487=DIRECTION('center_axis',(0.,-1.,0.));
#9488=DIRECTION('ref_axis',(0.488396745803117,0.,0.872621692767791));
#9489=DIRECTION('',(0.,-1.,0.));
#9490=DIRECTION('center_axis',(0.,-1.,0.));
#9491=DIRECTION('ref_axis',(-0.523507496496768,0.,-0.852021068467022));
#9492=DIRECTION('',(0.,-1.,0.));
#9493=DIRECTION('center_axis',(0.,-1.,0.));
#9494=DIRECTION('ref_axis',(0.802123192755043,0.,-0.597158591702787));
#9495=DIRECTION('',(0.,-1.,0.));
#9496=DIRECTION('center_axis',(0.,-1.,0.));
#9497=DIRECTION('ref_axis',(0.874988798031132,0.,0.484143164074465));
#9498=DIRECTION('',(0.,-1.,0.));
#9499=DIRECTION('center_axis',(0.,-1.,0.));
#9500=DIRECTION('ref_axis',(-0.80212319275505,0.,0.597158591702777));
#9501=DIRECTION('',(0.,-1.,0.));
#9502=DIRECTION('center_axis',(0.,-1.,0.));
#9503=DIRECTION('ref_axis',(-0.707070786124439,0.,0.707142774416432));
#9504=DIRECTION('',(0.,-1.,0.));
#9505=DIRECTION('center_axis',(0.,-1.,0.));
#9506=DIRECTION('ref_axis',(0.676472359817966,0.,0.736468021303242));
#9507=DIRECTION('',(0.,-1.,0.));
#9508=DIRECTION('center_axis',(0.,-1.,0.));
#9509=DIRECTION('ref_axis',(-0.705885864771693,0.,-0.708325593152979));
#9510=DIRECTION('',(0.,-1.,0.));
#9511=DIRECTION('center_axis',(0.,-1.,0.));
#9512=DIRECTION('ref_axis',(0.642787609686537,0.,-0.76604444311898));
#9513=DIRECTION('',(0.,-1.,0.));
#9514=DIRECTION('center_axis',(0.,-1.,0.));
#9515=DIRECTION('ref_axis',(0.963054459086031,0.,0.269306718881116));
#9516=DIRECTION('',(0.,-1.,0.));
#9517=DIRECTION('center_axis',(0.,-1.,0.));
#9518=DIRECTION('ref_axis',(-0.64278760968654,0.,0.766044443118978));
#9519=DIRECTION('',(0.,-1.,0.));
#9520=DIRECTION('center_axis',(0.,-1.,0.));
#9521=DIRECTION('ref_axis',(-0.524933254913962,0.,0.851143394432121));
#9522=DIRECTION('',(0.,-1.,0.));
#9523=DIRECTION('center_axis',(0.,-1.,0.));
#9524=DIRECTION('ref_axis',(0.828079173816716,0.,0.56061116818257));
#9525=DIRECTION('',(0.,-1.,0.));
#9526=DIRECTION('center_axis',(0.,-1.,0.));
#9527=DIRECTION('ref_axis',(-0.850209743365028,0.,-0.526444101768813));
#9528=DIRECTION('',(0.,-1.,0.));
#9529=DIRECTION('center_axis',(0.,-1.,0.));
#9530=DIRECTION('ref_axis',(0.448799180200464,0.,-0.893632640323411));
#9531=DIRECTION('',(0.,-1.,0.));
#9532=DIRECTION('center_axis',(0.,-1.,0.));
#9533=DIRECTION('ref_axis',(0.999201604974248,0.,0.0399518787654305));
#9534=DIRECTION('',(0.,-1.,0.));
#9535=DIRECTION('center_axis',(0.,-1.,0.));
#9536=DIRECTION('ref_axis',(-0.44879918020048,0.,0.893632640323403));
#9537=DIRECTION('',(0.,-1.,0.));
#9538=DIRECTION('center_axis',(0.,-1.,0.));
#9539=DIRECTION('ref_axis',(-0.314496436057164,0.,0.949258653743721));
#9540=DIRECTION('',(0.,-1.,0.));
#9541=DIRECTION('center_axis',(0.,-1.,0.));
#9542=DIRECTION('ref_axis',(0.935044025214683,0.,0.354531621876418));
#9543=DIRECTION('',(0.,-1.,0.));
#9544=DIRECTION('center_axis',(0.,-1.,0.));
#9545=DIRECTION('ref_axis',(-0.948698594624968,0.,-0.316181872593309));
#9546=DIRECTION('',(0.,-1.,0.));
#9547=DIRECTION('center_axis',(0.,-1.,0.));
#9548=DIRECTION('ref_axis',(0.230615870742436,0.,-0.973044870579825));
#9549=DIRECTION('',(0.,-1.,0.));
#9550=DIRECTION('center_axis',(0.,-1.,0.));
#9551=DIRECTION('ref_axis',(0.981481533704607,0.,-0.19155677747564));
#9552=DIRECTION('',(0.,-1.,0.));
#9553=DIRECTION('center_axis',(0.,-1.,0.));
#9554=DIRECTION('ref_axis',(-0.230615870742432,0.,0.973044870579826));
#9555=DIRECTION('',(0.,-1.,0.));
#9556=DIRECTION('center_axis',(0.,-1.,0.));
#9557=DIRECTION('ref_axis',(-0.0871050329281458,0.,0.996199133325555));
#9558=DIRECTION('',(0.,-1.,0.));
#9559=DIRECTION('center_axis',(0.,-1.,0.));
#9560=DIRECTION('ref_axis',(0.991600411186222,0.,0.129339184067769));
#9561=DIRECTION('',(0.,-1.,0.));
#9562=DIRECTION('center_axis',(0.,-1.,0.));
#9563=DIRECTION('ref_axis',(-0.996042859087194,0.,-0.0888741968256754));
#9564=DIRECTION('',(0.,-1.,0.));
#9565=DIRECTION('center_axis',(0.,-1.,0.));
#9566=DIRECTION('ref_axis',(9.18485099360515E-16,0.,-1.));
#9567=DIRECTION('',(0.,-1.,0.));
#9568=DIRECTION('center_axis',(0.,-1.,0.));
#9569=DIRECTION('ref_axis',(0.910849538905926,0.,-0.412738558260385));
#9570=DIRECTION('',(0.,-1.,0.));
#9571=DIRECTION('center_axis',(0.,-1.,0.));
#9572=DIRECTION('ref_axis',(6.48300173147391E-15,0.,1.));
#9573=DIRECTION('',(0.,-1.,0.));
#9574=DIRECTION('center_axis',(0.,-1.,0.));
#9575=DIRECTION('ref_axis',(0.144982225072315,0.,0.989434259773271));
#9576=DIRECTION('center_axis',(0.,1.,0.));
#9577=DIRECTION('ref_axis',(-9.18485099360515E-16,0.,1.));
#9578=DIRECTION('center_axis',(0.,-1.,0.));
#9579=DIRECTION('ref_axis',(-9.18485099360515E-16,0.,1.));
#9580=CARTESIAN_POINT('',(0.,0.,0.));
#9581=CARTESIAN_POINT('Origin',(-12.7318550637533,-17.,5.38781655672176));
#9582=CARTESIAN_POINT('',(-12.7318550637533,-19.,3.6494491516023));
#9583=CARTESIAN_POINT('',(-12.7318550637533,-19.,5.38781655672176));
#9584=CARTESIAN_POINT('',(-12.7318550637533,-19.,7.76281655672177));
#9585=CARTESIAN_POINT('',(-12.7318550637533,-17.,3.6494491516023));
#9586=CARTESIAN_POINT('',(-12.7318550637533,-17.,3.6494491516023));
#9587=CARTESIAN_POINT('',(-12.7318550637533,-17.,5.38781655672176));
#9588=CARTESIAN_POINT('',(-12.7318550637533,-17.,3.6494491516023));
#9589=CARTESIAN_POINT('',(-12.7318550637533,-17.,5.38781655672177));
#9590=CARTESIAN_POINT('Origin',(-10.257624311352,-17.,3.64081444369849));
#9591=CARTESIAN_POINT('',(-10.257624311352,-19.,5.38781655672177));
#9592=CARTESIAN_POINT('',(-10.257624311352,-19.,3.64081444369849));
#9593=CARTESIAN_POINT('',(-10.257624311352,-19.,6.88931550021013));
#9594=CARTESIAN_POINT('',(-10.257624311352,-17.,5.38781655672177));
#9595=CARTESIAN_POINT('',(-10.257624311352,-17.,5.38781655672177));
#9596=CARTESIAN_POINT('',(-10.257624311352,-17.,3.64081444369849));
#9597=CARTESIAN_POINT('',(-10.257624311352,-17.,3.64081444369849));
#9598=CARTESIAN_POINT('',(-10.257624311352,-17.,3.64081444369849));
#9599=CARTESIAN_POINT('Origin',(-16.25,-17.,11.3696716204751));
#9600=CARTESIAN_POINT('',(-17.9883674051195,-19.,11.3696716204751));
#9601=CARTESIAN_POINT('',(-16.25,-19.,11.3696716204751));
#9602=CARTESIAN_POINT('',(-13.875,-19.,11.3696716204751));
#9603=CARTESIAN_POINT('',(-17.9883674051195,-17.,11.3696716204751));
#9604=CARTESIAN_POINT('',(-17.9883674051195,-17.,11.3696716204751));
#9605=CARTESIAN_POINT('',(-16.25,-17.,11.3696716204751));
#9606=CARTESIAN_POINT('',(-17.9883674051195,-17.,11.3696716204751));
#9607=CARTESIAN_POINT('',(-16.25,-17.,11.3696716204751));
#9608=CARTESIAN_POINT('Origin',(-17.9970021130233,-17.,8.89544086807379));
#9609=CARTESIAN_POINT('',(-16.25,-19.,8.89544086807379));
#9610=CARTESIAN_POINT('',(-17.9970021130233,-19.,8.89544086807379));
#9611=CARTESIAN_POINT('',(-14.7485010565116,-19.,8.89544086807379));
#9612=CARTESIAN_POINT('',(-16.25,-17.,8.89544086807379));
#9613=CARTESIAN_POINT('',(-16.25,-17.,8.89544086807379));
#9614=CARTESIAN_POINT('',(-17.9970021130233,-17.,8.89544086807379));
#9615=CARTESIAN_POINT('',(-17.9970021130233,-17.,8.89544086807379));
#9616=CARTESIAN_POINT('',(-17.9970021130233,-17.,8.89544086807379));
#9617=CARTESIAN_POINT('Origin',(-10.2681449362467,-17.,14.8878165567218));
#9618=CARTESIAN_POINT('',(-10.2681449362467,-19.,16.6261839618412));
#9619=CARTESIAN_POINT('',(-10.2681449362467,-19.,14.8878165567218));
#9620=CARTESIAN_POINT('',(-10.2681449362467,-19.,12.5128165567218));
#9621=CARTESIAN_POINT('',(-10.2681449362467,-17.,16.6261839618412));
#9622=CARTESIAN_POINT('',(-10.2681449362467,-17.,16.6261839618412));
#9623=CARTESIAN_POINT('',(-10.2681449362467,-17.,14.8878165567218));
#9624=CARTESIAN_POINT('',(-10.2681449362467,-17.,16.6261839618412));
#9625=CARTESIAN_POINT('',(-10.2681449362467,-17.,14.8878165567218));
#9626=CARTESIAN_POINT('Origin',(-12.742375688648,-17.,16.634818669745));
#9627=CARTESIAN_POINT('',(-12.742375688648,-19.,14.8878165567218));
#9628=CARTESIAN_POINT('',(-12.742375688648,-19.,16.634818669745));
#9629=CARTESIAN_POINT('',(-12.742375688648,-19.,13.3863176132334));
#9630=CARTESIAN_POINT('',(-12.742375688648,-17.,14.8878165567218));
#9631=CARTESIAN_POINT('',(-12.742375688648,-17.,14.8878165567218));
#9632=CARTESIAN_POINT('',(-12.742375688648,-17.,16.634818669745));
#9633=CARTESIAN_POINT('',(-12.742375688648,-17.,16.634818669745));
#9634=CARTESIAN_POINT('',(-12.742375688648,-17.,16.634818669745));
#9635=CARTESIAN_POINT('Origin',(-16.25,-17.,14.8878165567218));
#9636=CARTESIAN_POINT('',(-13.8776301562237,-17.,14.8878165567218));
#9637=CARTESIAN_POINT('',(-15.25,-19.,14.8878165567218));
#9638=CARTESIAN_POINT('',(-13.875,-19.,14.8878165567218));
#9639=CARTESIAN_POINT('',(-15.25,-12.,14.8878165567218));
#9640=CARTESIAN_POINT('',(-15.25,-17.,14.8878165567218));
#9641=CARTESIAN_POINT('',(-7.75,-12.,14.8878165567218));
#9642=CARTESIAN_POINT('',(-13.875,-12.,14.8878165567218));
#9643=CARTESIAN_POINT('',(-7.75,-19.,14.8878165567218));
#9644=CARTESIAN_POINT('',(-7.75,-17.,14.8878165567218));
#9645=CARTESIAN_POINT('',(-13.875,-19.,14.8878165567218));
#9646=CARTESIAN_POINT('Origin',(-11.5,-19.,10.1378165567218));
#9647=CARTESIAN_POINT('',(-11.5,-19.,-0.112183443278233));
#9648=CARTESIAN_POINT('Origin',(-11.5,-19.,10.1378165567218));
#9649=CARTESIAN_POINT('Origin',(-11.5,-19.,2.13781655672177));
#9650=CARTESIAN_POINT('',(-15.25,-19.,5.38781655672176));
#9651=CARTESIAN_POINT('',(-9.12499999999999,-19.,5.38781655672177));
#9652=CARTESIAN_POINT('',(-16.25,-19.,6.38781655672176));
#9653=CARTESIAN_POINT('Origin',(-15.25,-19.,6.38781655672176));
#9654=CARTESIAN_POINT('',(-16.25,-19.,7.76281655672176));
#9655=CARTESIAN_POINT('Origin',(-19.5,-19.,10.1378165567218));
#9656=CARTESIAN_POINT('',(-16.25,-19.,13.8878165567218));
#9657=CARTESIAN_POINT('',(-16.25,-19.,7.76281655672176));
#9658=CARTESIAN_POINT('Origin',(-15.25,-19.,13.8878165567218));
#9659=CARTESIAN_POINT('Origin',(-11.5,-19.,18.1378165567218));
#9660=CARTESIAN_POINT('',(-6.75,-19.,13.8878165567218));
#9661=CARTESIAN_POINT('Origin',(-7.75,-19.,13.8878165567218));
#9662=CARTESIAN_POINT('',(-6.74999999999999,-19.,11.3801922453697));
#9663=CARTESIAN_POINT('',(-6.74999999999999,-19.,12.5128165567218));
#9664=CARTESIAN_POINT('',(-5.00299788697671,-19.,11.3801922453697));
#9665=CARTESIAN_POINT('',(-8.25149894348836,-19.,11.3801922453697));
#9666=CARTESIAN_POINT('',(-5.01163259488053,-19.,8.90596149296843));
#9667=CARTESIAN_POINT('Origin',(-3.49999999999999,-19.,10.1378165567218));
#9668=CARTESIAN_POINT('',(-6.74999999999999,-19.,8.90596149296843));
#9669=CARTESIAN_POINT('',(-9.12499999999999,-19.,8.90596149296843));
#9670=CARTESIAN_POINT('',(-6.74999999999999,-19.,6.38781655672177));
#9671=CARTESIAN_POINT('',(-6.74999999999999,-19.,12.5128165567218));
#9672=CARTESIAN_POINT('',(-7.74999999999999,-19.,5.38781655672177));
#9673=CARTESIAN_POINT('Origin',(-7.74999999999999,-19.,6.38781655672177));
#9674=CARTESIAN_POINT('',(-9.12499999999999,-19.,5.38781655672177));
#9675=CARTESIAN_POINT('Origin',(-5.00299788697672,-17.,11.3801922453697));
#9676=CARTESIAN_POINT('',(-6.74999999999999,-17.,11.3801922453697));
#9677=CARTESIAN_POINT('',(-6.74999999999999,-17.,11.3801922453697));
#9678=CARTESIAN_POINT('',(-5.00299788697672,-17.,11.3801922453697));
#9679=CARTESIAN_POINT('',(-5.00299788697672,-17.,11.3801922453697));
#9680=CARTESIAN_POINT('',(-5.00299788697671,-17.,11.3801922453697));
#9681=CARTESIAN_POINT('Origin',(-6.74999999999999,-17.,8.90596149296843));
#9682=CARTESIAN_POINT('',(-5.01163259488053,-17.,8.90596149296843));
#9683=CARTESIAN_POINT('',(-5.01163259488053,-17.,8.90596149296843));
#9684=CARTESIAN_POINT('',(-6.74999999999999,-17.,8.90596149296843));
#9685=CARTESIAN_POINT('',(-5.01163259488052,-17.,8.90596149296843));
#9686=CARTESIAN_POINT('',(-6.74999999999999,-17.,8.90596149296843));
#9687=CARTESIAN_POINT('Origin',(-6.75,-17.,14.8878165567218));
#9688=CARTESIAN_POINT('',(-6.74999999999999,-17.,12.5154467129454));
#9689=CARTESIAN_POINT('',(-6.75,-12.,13.8878165567218));
#9690=CARTESIAN_POINT('',(-6.75,-17.,13.8878165567218));
#9691=CARTESIAN_POINT('',(-6.74999999999999,-12.,6.38781655672177));
#9692=CARTESIAN_POINT('',(-6.74999999999999,-12.,12.5128165567218));
#9693=CARTESIAN_POINT('',(-6.74999999999999,-17.,6.38781655672177));
#9694=CARTESIAN_POINT('Origin',(-11.5,-17.,18.1378165567218));
#9695=CARTESIAN_POINT('Origin',(-11.5,-17.,18.1378165567218));
#9696=CARTESIAN_POINT('Origin',(-11.5,-17.,18.1378165567218));
#9697=CARTESIAN_POINT('',(-11.5,-17.,16.9378165567218));
#9698=CARTESIAN_POINT('Origin',(-11.5,-17.,18.1378165567218));
#9699=CARTESIAN_POINT('Origin',(-3.49999999999999,-17.,10.1378165567218));
#9700=CARTESIAN_POINT('Origin',(-3.49999999999999,-17.,10.1378165567218));
#9701=CARTESIAN_POINT('Origin',(-3.49999999999999,-17.,10.1378165567218));
#9702=CARTESIAN_POINT('',(-3.49999999999999,-17.,8.93781655672177));
#9703=CARTESIAN_POINT('Origin',(-3.49999999999999,-17.,10.1378165567218));
#9704=CARTESIAN_POINT('Origin',(-19.5,-17.,10.1378165567218));
#9705=CARTESIAN_POINT('Origin',(-19.5,-17.,10.1378165567218));
#9706=CARTESIAN_POINT('Origin',(-19.5,-17.,10.1378165567218));
#9707=CARTESIAN_POINT('',(-16.25,-17.,7.76018640049811));
#9708=CARTESIAN_POINT('',(-19.5,-17.,8.93781655672176));
#9709=CARTESIAN_POINT('Origin',(-19.5,-17.,10.1378165567218));
#9710=CARTESIAN_POINT('Origin',(-11.5,-17.,2.13781655672177));
#9711=CARTESIAN_POINT('Origin',(-11.5,-17.,2.13781655672177));
#9712=CARTESIAN_POINT('Origin',(-11.5,-17.,2.13781655672177));
#9713=CARTESIAN_POINT('',(-9.12236984377633,-17.,5.38781655672177));
#9714=CARTESIAN_POINT('',(-11.5,-17.,0.937816556721768));
#9715=CARTESIAN_POINT('Origin',(-11.5,-17.,2.13781655672177));
#9716=CARTESIAN_POINT('Origin',(-15.25,-17.,13.8878165567218));
#9717=CARTESIAN_POINT('',(-16.25,-12.,13.8878165567218));
#9718=CARTESIAN_POINT('',(-16.25,-17.,13.8878165567218));
#9719=CARTESIAN_POINT('Origin',(-15.25,-12.,13.8878165567218));
#9720=CARTESIAN_POINT('Origin',(-16.25,-17.,5.38781655672176));
#9721=CARTESIAN_POINT('',(-16.25,-12.,6.38781655672176));
#9722=CARTESIAN_POINT('',(-16.25,-17.,6.38781655672176));
#9723=CARTESIAN_POINT('',(-16.25,-12.,7.76281655672176));
#9724=CARTESIAN_POINT('Origin',(-7.75,-17.,13.8878165567218));
#9725=CARTESIAN_POINT('Origin',(-7.75,-12.,13.8878165567218));
#9726=CARTESIAN_POINT('Origin',(-7.74999999999999,-17.,6.38781655672177));
#9727=CARTESIAN_POINT('',(-7.74999999999999,-12.,5.38781655672177));
#9728=CARTESIAN_POINT('Origin',(-7.74999999999999,-12.,6.38781655672177));
#9729=CARTESIAN_POINT('',(-7.74999999999999,-17.,5.38781655672177));
#9730=CARTESIAN_POINT('Origin',(-15.25,-17.,6.38781655672176));
#9731=CARTESIAN_POINT('',(-15.25,-12.,5.38781655672176));
#9732=CARTESIAN_POINT('',(-15.25,-17.,5.38781655672176));
#9733=CARTESIAN_POINT('Origin',(-15.25,-12.,6.38781655672176));
#9734=CARTESIAN_POINT('Origin',(-6.74999999999999,-17.,5.38781655672177));
#9735=CARTESIAN_POINT('',(-9.12499999999999,-12.,5.38781655672177));
#9736=CARTESIAN_POINT('Origin',(-11.5,-17.,18.1378165567218));
#9737=CARTESIAN_POINT('',(-11.5,-12.,16.9378165567218));
#9738=CARTESIAN_POINT('Origin',(-11.5,-12.,18.1378165567218));
#9739=CARTESIAN_POINT('',(-11.5,-17.,16.9378165567218));
#9740=CARTESIAN_POINT('Origin',(-11.5,-17.,2.13781655672177));
#9741=CARTESIAN_POINT('',(-11.5,-12.,0.937816556721768));
#9742=CARTESIAN_POINT('Origin',(-11.5,-12.,2.13781655672177));
#9743=CARTESIAN_POINT('',(-11.5,-17.,0.937816556721768));
#9744=CARTESIAN_POINT('Origin',(-19.5,-17.,10.1378165567218));
#9745=CARTESIAN_POINT('',(-19.5,-12.,8.93781655672176));
#9746=CARTESIAN_POINT('Origin',(-19.5,-12.,10.1378165567218));
#9747=CARTESIAN_POINT('',(-19.5,-17.,8.93781655672176));
#9748=CARTESIAN_POINT('Origin',(-3.49999999999999,-17.,10.1378165567218));
#9749=CARTESIAN_POINT('',(-3.49999999999999,-12.,8.93781655672177));
#9750=CARTESIAN_POINT('Origin',(-3.49999999999999,-12.,10.1378165567218));
#9751=CARTESIAN_POINT('',(-3.49999999999999,-17.,8.93781655672177));
#9752=CARTESIAN_POINT('Origin',(-11.5,-17.,10.1378165567218));
#9753=CARTESIAN_POINT('',(-11.5,-12.,-0.112183443278233));
#9754=CARTESIAN_POINT('Origin',(-11.5,-12.,10.1378165567218));
#9755=CARTESIAN_POINT('',(-11.5,-17.,-0.112183443278233));
#9756=CARTESIAN_POINT('Origin',(-11.5,-12.,10.1378165567218));
#9757=CARTESIAN_POINT('Ctrl Pts',(-12.0374454825417,-14.,8.98087146668684));
#9758=CARTESIAN_POINT('Ctrl Pts',(-12.0374454825417,-14.5,8.98087146668684));
#9759=CARTESIAN_POINT('Ctrl Pts',(-12.1835115646211,-14.,8.89924524998829));
#9760=CARTESIAN_POINT('Ctrl Pts',(-12.1835115646211,-14.5,8.89924524998829));
#9761=CARTESIAN_POINT('Ctrl Pts',(-12.4603607626309,-14.,8.7445334078696));
#9762=CARTESIAN_POINT('Ctrl Pts',(-12.4603607626309,-14.5,8.7445334078696));
#9763=CARTESIAN_POINT('Ctrl Pts',(-12.7068268450303,-14.,8.54507945378557));
#9764=CARTESIAN_POINT('Ctrl Pts',(-12.7068268450303,-14.5,8.54507945378557));
#9765=CARTESIAN_POINT('Ctrl Pts',(-12.8232570260064,-14.,8.45085772662412));
#9766=CARTESIAN_POINT('Ctrl Pts',(-12.8232570260064,-14.5,8.45085772662412));
#9767=CARTESIAN_POINT('',(-12.0374454825417,-14.,8.98087146668684));
#9768=CARTESIAN_POINT('',(-12.8232570260064,-14.,8.45085772662412));
#9769=CARTESIAN_POINT('Ctrl Pts',(-12.0374454825417,-14.,8.98087146668684));
#9770=CARTESIAN_POINT('Ctrl Pts',(-12.1835115646211,-14.,8.89924524998829));
#9771=CARTESIAN_POINT('Ctrl Pts',(-12.4603607626309,-14.,8.7445334078696));
#9772=CARTESIAN_POINT('Ctrl Pts',(-12.7068268450303,-14.,8.54507945378557));
#9773=CARTESIAN_POINT('Ctrl Pts',(-12.8232570260064,-14.,8.45085772662412));
#9774=CARTESIAN_POINT('',(-12.0374454825417,-14.5,8.98087146668684));
#9775=CARTESIAN_POINT('',(-12.0374454825417,-14.,8.98087146668684));
#9776=CARTESIAN_POINT('',(-12.8232570260064,-14.5,8.45085772662412));
#9777=CARTESIAN_POINT('Ctrl Pts',(-12.0374454825417,-14.5,8.98087146668684));
#9778=CARTESIAN_POINT('Ctrl Pts',(-12.1835115646211,-14.5,8.89924524998829));
#9779=CARTESIAN_POINT('Ctrl Pts',(-12.4603607626309,-14.5,8.7445334078696));
#9780=CARTESIAN_POINT('Ctrl Pts',(-12.7068268450303,-14.5,8.54507945378557));
#9781=CARTESIAN_POINT('Ctrl Pts',(-12.8232570260064,-14.5,8.45085772662412));
#9782=CARTESIAN_POINT('',(-12.8232570260064,-14.,8.45085772662412));
#9783=CARTESIAN_POINT('Ctrl Pts',(-11.0715519159333,-14.,9.36149897961866));
#9784=CARTESIAN_POINT('Ctrl Pts',(-11.0715519159333,-14.5,9.36149897961866));
#9785=CARTESIAN_POINT('Ctrl Pts',(-11.2374241865591,-14.,9.31223329262565));
#9786=CARTESIAN_POINT('Ctrl Pts',(-11.2374241865591,-14.5,9.31223329262565));
#9787=CARTESIAN_POINT('Ctrl Pts',(-11.5704065236335,-14.,9.21333428117167));
#9788=CARTESIAN_POINT('Ctrl Pts',(-11.5704065236335,-14.5,9.21333428117167));
#9789=CARTESIAN_POINT('Ctrl Pts',(-11.8813805015353,-14.,9.05855086373774));
#9790=CARTESIAN_POINT('Ctrl Pts',(-11.8813805015353,-14.5,9.05855086373774));
#9791=CARTESIAN_POINT('Ctrl Pts',(-12.0374454825417,-14.,8.98087146668684));
#9792=CARTESIAN_POINT('Ctrl Pts',(-12.0374454825417,-14.5,8.98087146668684));
#9793=CARTESIAN_POINT('',(-11.0715519159333,-14.,9.36149897961866));
#9794=CARTESIAN_POINT('Ctrl Pts',(-11.0715519159333,-14.,9.36149897961866));
#9795=CARTESIAN_POINT('Ctrl Pts',(-11.2374241865591,-14.,9.31223329262565));
#9796=CARTESIAN_POINT('Ctrl Pts',(-11.5704065236335,-14.,9.21333428117167));
#9797=CARTESIAN_POINT('Ctrl Pts',(-11.8813805015353,-14.,9.05855086373774));
#9798=CARTESIAN_POINT('Ctrl Pts',(-12.0374454825417,-14.,8.98087146668684));
#9799=CARTESIAN_POINT('',(-11.0715519159333,-14.5,9.36149897961866));
#9800=CARTESIAN_POINT('',(-11.0715519159333,-14.,9.36149897961866));
#9801=CARTESIAN_POINT('Ctrl Pts',(-11.0715519159333,-14.5,9.36149897961866));
#9802=CARTESIAN_POINT('Ctrl Pts',(-11.2374241865591,-14.5,9.31223329262565));
#9803=CARTESIAN_POINT('Ctrl Pts',(-11.5704065236335,-14.5,9.21333428117167));
#9804=CARTESIAN_POINT('Ctrl Pts',(-11.8813805015353,-14.5,9.05855086373774));
#9805=CARTESIAN_POINT('Ctrl Pts',(-12.0374454825417,-14.5,8.98087146668684));
#9806=CARTESIAN_POINT('Ctrl Pts',(-10.2161629765526,-14.,9.50065317540418));
#9807=CARTESIAN_POINT('Ctrl Pts',(-10.2161629765526,-14.5,9.50065317540418));
#9808=CARTESIAN_POINT('Ctrl Pts',(-10.3469913055394,-14.,9.49148707187713));
#9809=CARTESIAN_POINT('Ctrl Pts',(-10.3469913055394,-14.5,9.49148707187713));
#9810=CARTESIAN_POINT('Ctrl Pts',(-10.6362192534232,-14.,9.47122316318279));
#9811=CARTESIAN_POINT('Ctrl Pts',(-10.6362192534232,-14.5,9.47122316318279));
#9812=CARTESIAN_POINT('Ctrl Pts',(-10.917503030314,-14.,9.40032650086661));
#9813=CARTESIAN_POINT('Ctrl Pts',(-10.917503030314,-14.5,9.40032650086661));
#9814=CARTESIAN_POINT('Ctrl Pts',(-11.0715519159333,-14.,9.36149897961866));
#9815=CARTESIAN_POINT('Ctrl Pts',(-11.0715519159333,-14.5,9.36149897961866));
#9816=CARTESIAN_POINT('',(-10.2161629765526,-14.,9.50065317540418));
#9817=CARTESIAN_POINT('Ctrl Pts',(-10.2161629765526,-14.,9.50065317540418));
#9818=CARTESIAN_POINT('Ctrl Pts',(-10.3469913055394,-14.,9.49148707187713));
#9819=CARTESIAN_POINT('Ctrl Pts',(-10.6362192534232,-14.,9.47122316318279));
#9820=CARTESIAN_POINT('Ctrl Pts',(-10.917503030314,-14.,9.40032650086661));
#9821=CARTESIAN_POINT('Ctrl Pts',(-11.0715519159333,-14.,9.36149897961866));
#9822=CARTESIAN_POINT('',(-10.2161629765526,-14.5,9.50065317540418));
#9823=CARTESIAN_POINT('',(-10.2161629765526,-14.,9.50065317540418));
#9824=CARTESIAN_POINT('Ctrl Pts',(-10.2161629765526,-14.5,9.50065317540418));
#9825=CARTESIAN_POINT('Ctrl Pts',(-10.3469913055394,-14.5,9.49148707187713));
#9826=CARTESIAN_POINT('Ctrl Pts',(-10.6362192534232,-14.5,9.47122316318279));
#9827=CARTESIAN_POINT('Ctrl Pts',(-10.917503030314,-14.5,9.40032650086661));
#9828=CARTESIAN_POINT('Ctrl Pts',(-11.0715519159333,-14.5,9.36149897961866));
#9829=CARTESIAN_POINT('Origin',(-10.2161629765526,-14.,9.1220718899275));
#9830=CARTESIAN_POINT('',(-10.2161629765526,-14.,9.1220718899275));
#9831=CARTESIAN_POINT('',(-10.2161629765526,-14.,9.62994422332463));
#9832=CARTESIAN_POINT('',(-10.2161629765526,-14.5,9.1220718899275));
#9833=CARTESIAN_POINT('',(-10.2161629765526,-14.,9.1220718899275));
#9834=CARTESIAN_POINT('',(-10.2161629765526,-14.5,9.1220718899275));
#9835=CARTESIAN_POINT('Ctrl Pts',(-11.0408561199204,-14.,8.98087146668684));
#9836=CARTESIAN_POINT('Ctrl Pts',(-11.0408561199204,-14.5,8.98087146668684));
#9837=CARTESIAN_POINT('Ctrl Pts',(-10.9099784823507,-14.,9.01453627206571));
#9838=CARTESIAN_POINT('Ctrl Pts',(-10.9099784823507,-14.5,9.01453627206571));
#9839=CARTESIAN_POINT('Ctrl Pts',(-10.6389993760287,-14.,9.08423846906028));
#9840=CARTESIAN_POINT('Ctrl Pts',(-10.6389993760287,-14.5,9.08423846906028));
#9841=CARTESIAN_POINT('Ctrl Pts',(-10.3602709792181,-14.,9.1091777807119));
#9842=CARTESIAN_POINT('Ctrl Pts',(-10.3602709792181,-14.5,9.1091777807119));
#9843=CARTESIAN_POINT('Ctrl Pts',(-10.2161629765526,-14.,9.1220718899275));
#9844=CARTESIAN_POINT('Ctrl Pts',(-10.2161629765526,-14.5,9.1220718899275));
#9845=CARTESIAN_POINT('',(-11.0408561199204,-14.,8.98087146668684));
#9846=CARTESIAN_POINT('Ctrl Pts',(-11.0408561199204,-14.,8.98087146668684));
#9847=CARTESIAN_POINT('Ctrl Pts',(-10.9099784823507,-14.,9.01453627206571));
#9848=CARTESIAN_POINT('Ctrl Pts',(-10.6389993760287,-14.,9.08423846906028));
#9849=CARTESIAN_POINT('Ctrl Pts',(-10.3602709792181,-14.,9.1091777807119));
#9850=CARTESIAN_POINT('Ctrl Pts',(-10.2161629765526,-14.,9.1220718899275));
#9851=CARTESIAN_POINT('',(-11.0408561199204,-14.5,8.98087146668684));
#9852=CARTESIAN_POINT('',(-11.0408561199204,-14.,8.98087146668684));
#9853=CARTESIAN_POINT('Ctrl Pts',(-11.0408561199204,-14.5,8.98087146668684));
#9854=CARTESIAN_POINT('Ctrl Pts',(-10.9099784823507,-14.5,9.01453627206571));
#9855=CARTESIAN_POINT('Ctrl Pts',(-10.6389993760287,-14.5,9.08423846906028));
#9856=CARTESIAN_POINT('Ctrl Pts',(-10.3602709792181,-14.5,9.1091777807119));
#9857=CARTESIAN_POINT('Ctrl Pts',(-10.2161629765526,-14.5,9.1220718899275));
#9858=CARTESIAN_POINT('Ctrl Pts',(-12.0804195373551,-14.,8.54703786759626));
#9859=CARTESIAN_POINT('Ctrl Pts',(-12.0804195373551,-14.5,8.54703786759626));
#9860=CARTESIAN_POINT('Ctrl Pts',(-11.9116408013827,-14.,8.63494299889025));
#9861=CARTESIAN_POINT('Ctrl Pts',(-11.9116408013827,-14.5,8.63494299889025));
#9862=CARTESIAN_POINT('Ctrl Pts',(-11.5773994492342,-14.,8.80902612479607));
#9863=CARTESIAN_POINT('Ctrl Pts',(-11.5773994492342,-14.5,8.80902612479607));
#9864=CARTESIAN_POINT('Ctrl Pts',(-11.2185170323558,-14.,8.92396981761196));
#9865=CARTESIAN_POINT('Ctrl Pts',(-11.2185170323558,-14.5,8.92396981761196));
#9866=CARTESIAN_POINT('Ctrl Pts',(-11.0408561199204,-14.,8.98087146668684));
#9867=CARTESIAN_POINT('Ctrl Pts',(-11.0408561199204,-14.5,8.98087146668684));
#9868=CARTESIAN_POINT('',(-12.0804195373551,-14.,8.54703786759626));
#9869=CARTESIAN_POINT('Ctrl Pts',(-12.0804195373551,-14.,8.54703786759626));
#9870=CARTESIAN_POINT('Ctrl Pts',(-11.9116408013827,-14.,8.63494299889025));
#9871=CARTESIAN_POINT('Ctrl Pts',(-11.5773994492342,-14.,8.80902612479607));
#9872=CARTESIAN_POINT('Ctrl Pts',(-11.2185170323558,-14.,8.92396981761196));
#9873=CARTESIAN_POINT('Ctrl Pts',(-11.0408561199204,-14.,8.98087146668684));
#9874=CARTESIAN_POINT('',(-12.0804195373551,-14.5,8.54703786759626));
#9875=CARTESIAN_POINT('',(-12.0804195373551,-14.,8.54703786759626));
#9876=CARTESIAN_POINT('Ctrl Pts',(-12.0804195373551,-14.5,8.54703786759626));
#9877=CARTESIAN_POINT('Ctrl Pts',(-11.9116408013827,-14.5,8.63494299889025));
#9878=CARTESIAN_POINT('Ctrl Pts',(-11.5773994492342,-14.5,8.80902612479607));
#9879=CARTESIAN_POINT('Ctrl Pts',(-11.2185170323558,-14.5,8.92396981761196));
#9880=CARTESIAN_POINT('Ctrl Pts',(-11.0408561199204,-14.5,8.98087146668684));
#9881=CARTESIAN_POINT('Ctrl Pts',(-12.890787896444,-14.,7.97814282565366));
#9882=CARTESIAN_POINT('Ctrl Pts',(-12.890787896444,-14.5,7.97814282565366));
#9883=CARTESIAN_POINT('Ctrl Pts',(-12.7748668638714,-14.,8.07672287083598));
#9884=CARTESIAN_POINT('Ctrl Pts',(-12.7748668638714,-14.5,8.07672287083598));
#9885=CARTESIAN_POINT('Ctrl Pts',(-12.5224789105524,-14.,8.29135532613325));
#9886=CARTESIAN_POINT('Ctrl Pts',(-12.5224789105524,-14.5,8.29135532613325));
#9887=CARTESIAN_POINT('Ctrl Pts',(-12.2355583448403,-14.,8.45730719569475));
#9888=CARTESIAN_POINT('Ctrl Pts',(-12.2355583448403,-14.5,8.45730719569475));
#9889=CARTESIAN_POINT('Ctrl Pts',(-12.0804195373551,-14.,8.54703786759626));
#9890=CARTESIAN_POINT('Ctrl Pts',(-12.0804195373551,-14.5,8.54703786759626));
#9891=CARTESIAN_POINT('',(-12.890787896444,-14.,7.97814282565366));
#9892=CARTESIAN_POINT('Ctrl Pts',(-12.890787896444,-14.,7.97814282565366));
#9893=CARTESIAN_POINT('Ctrl Pts',(-12.7748668638714,-14.,8.07672287083598));
#9894=CARTESIAN_POINT('Ctrl Pts',(-12.5224789105524,-14.,8.29135532613325));
#9895=CARTESIAN_POINT('Ctrl Pts',(-12.2355583448403,-14.,8.45730719569475));
#9896=CARTESIAN_POINT('Ctrl Pts',(-12.0804195373551,-14.,8.54703786759626));
#9897=CARTESIAN_POINT('',(-12.890787896444,-14.5,7.97814282565366));
#9898=CARTESIAN_POINT('',(-12.890787896444,-14.,7.97814282565366));
#9899=CARTESIAN_POINT('Ctrl Pts',(-12.890787896444,-14.5,7.97814282565366));
#9900=CARTESIAN_POINT('Ctrl Pts',(-12.7748668638714,-14.5,8.07672287083598));
#9901=CARTESIAN_POINT('Ctrl Pts',(-12.5224789105524,-14.5,8.29135532613325));
#9902=CARTESIAN_POINT('Ctrl Pts',(-12.2355583448403,-14.5,8.45730719569475));
#9903=CARTESIAN_POINT('Ctrl Pts',(-12.0804195373551,-14.5,8.54703786759626));
#9904=CARTESIAN_POINT('Origin',(-13.1772817938821,-14.,7.97814282565366));
#9905=CARTESIAN_POINT('',(-13.1772817938821,-14.,7.97814282565366));
#9906=CARTESIAN_POINT('',(-12.338640896941,-14.,7.97814282565366));
#9907=CARTESIAN_POINT('',(-13.1772817938821,-14.5,7.97814282565366));
#9908=CARTESIAN_POINT('',(-13.1772817938821,-14.,7.97814282565366));
#9909=CARTESIAN_POINT('',(-13.1772817938821,-14.5,7.97814282565366));
#9910=CARTESIAN_POINT('Origin',(-13.1772817938821,-14.,9.92016199021589));
#9911=CARTESIAN_POINT('',(-13.1772817938821,-14.,9.92016199021589));
#9912=CARTESIAN_POINT('',(-13.1772817938821,-14.,10.0289892734688));
#9913=CARTESIAN_POINT('',(-13.1772817938821,-14.5,9.92016199021589));
#9914=CARTESIAN_POINT('',(-13.1772817938821,-14.,9.92016199021589));
#9915=CARTESIAN_POINT('',(-13.1772817938821,-14.5,9.92016199021589));
#9916=CARTESIAN_POINT('Origin',(-12.8232570260064,-14.,9.92016199021589));
#9917=CARTESIAN_POINT('',(-12.8232570260064,-14.,9.92016199021589));
#9918=CARTESIAN_POINT('',(-12.1616285130032,-14.,9.92016199021589));
#9919=CARTESIAN_POINT('',(-12.8232570260064,-14.5,9.92016199021589));
#9920=CARTESIAN_POINT('',(-12.8232570260064,-14.,9.92016199021589));
#9921=CARTESIAN_POINT('',(-12.8232570260064,-14.5,9.92016199021589));
#9922=CARTESIAN_POINT('Origin',(-12.8232570260064,-14.,8.45085772662412));
#9923=CARTESIAN_POINT('',(-12.8232570260064,-14.,9.29433714167294));
#9924=CARTESIAN_POINT('',(-12.8232570260064,-14.5,8.45085772662412));
#9925=CARTESIAN_POINT('Origin',(-11.7223021655575,-14.5,10.1503802041988));
#9926=CARTESIAN_POINT('Ctrl Pts',(-10.7686870067612,-14.,11.6554961630608));
#9927=CARTESIAN_POINT('Ctrl Pts',(-10.7686870067612,-14.5,11.6554961630608));
#9928=CARTESIAN_POINT('Ctrl Pts',(-10.7365201844844,-14.,11.6851013756667));
#9929=CARTESIAN_POINT('Ctrl Pts',(-10.7365201844844,-14.5,11.6851013756667));
#9930=CARTESIAN_POINT('Ctrl Pts',(-10.6744663331,-14.,11.7422135593768));
#9931=CARTESIAN_POINT('Ctrl Pts',(-10.6744663331,-14.5,11.7422135593768));
#9932=CARTESIAN_POINT('Ctrl Pts',(-10.6040851653009,-14.,11.7886541597677));
#9933=CARTESIAN_POINT('Ctrl Pts',(-10.6040851653009,-14.5,11.7886541597677));
#9934=CARTESIAN_POINT('Ctrl Pts',(-10.5701874464051,-14.,11.8110213705803));
#9935=CARTESIAN_POINT('Ctrl Pts',(-10.5701874464051,-14.5,11.8110213705803));
#9936=CARTESIAN_POINT('',(-10.7686870067612,-14.,11.6554961630608));
#9937=CARTESIAN_POINT('',(-10.5701874464051,-14.,11.8110213705803));
#9938=CARTESIAN_POINT('Ctrl Pts',(-10.7686870067612,-14.,11.6554961630608));
#9939=CARTESIAN_POINT('Ctrl Pts',(-10.7365201844844,-14.,11.6851013756667));
#9940=CARTESIAN_POINT('Ctrl Pts',(-10.6744663331,-14.,11.7422135593768));
#9941=CARTESIAN_POINT('Ctrl Pts',(-10.6040851653009,-14.,11.7886541597677));
#9942=CARTESIAN_POINT('Ctrl Pts',(-10.5701874464051,-14.,11.8110213705803));
#9943=CARTESIAN_POINT('',(-10.7686870067612,-14.5,11.6554961630608));
#9944=CARTESIAN_POINT('',(-10.7686870067612,-14.,11.6554961630608));
#9945=CARTESIAN_POINT('',(-10.5701874464051,-14.5,11.8110213705803));
#9946=CARTESIAN_POINT('Ctrl Pts',(-10.7686870067612,-14.5,11.6554961630608));
#9947=CARTESIAN_POINT('Ctrl Pts',(-10.7365201844844,-14.5,11.6851013756667));
#9948=CARTESIAN_POINT('Ctrl Pts',(-10.6744663331,-14.5,11.7422135593768));
#9949=CARTESIAN_POINT('Ctrl Pts',(-10.6040851653009,-14.5,11.7886541597677));
#9950=CARTESIAN_POINT('Ctrl Pts',(-10.5701874464051,-14.5,11.8110213705803));
#9951=CARTESIAN_POINT('',(-10.5701874464051,-14.,11.8110213705803));
#9952=CARTESIAN_POINT('Ctrl Pts',(-11.1472679942147,-14.,11.229848144343));
#9953=CARTESIAN_POINT('Ctrl Pts',(-11.1472679942147,-14.5,11.229848144343));
#9954=CARTESIAN_POINT('Ctrl Pts',(-11.0706372253853,-14.,11.3217436641052));
#9955=CARTESIAN_POINT('Ctrl Pts',(-11.0706372253853,-14.5,11.3217436641052));
#9956=CARTESIAN_POINT('Ctrl Pts',(-10.9489439850578,-14.,11.4676780419311));
#9957=CARTESIAN_POINT('Ctrl Pts',(-10.9489439850578,-14.5,11.4676780419311));
#9958=CARTESIAN_POINT('Ctrl Pts',(-10.81739793161,-14.,11.6047419871613));
#9959=CARTESIAN_POINT('Ctrl Pts',(-10.81739793161,-14.5,11.6047419871613));
#9960=CARTESIAN_POINT('Ctrl Pts',(-10.7686870067612,-14.,11.6554961630608));
#9961=CARTESIAN_POINT('Ctrl Pts',(-10.7686870067612,-14.5,11.6554961630608));
#9962=CARTESIAN_POINT('',(-11.1472679942147,-14.,11.229848144343));
#9963=CARTESIAN_POINT('Ctrl Pts',(-11.1472679942147,-14.,11.229848144343));
#9964=CARTESIAN_POINT('Ctrl Pts',(-11.0706372253853,-14.,11.3217436641052));
#9965=CARTESIAN_POINT('Ctrl Pts',(-10.9489439850578,-14.,11.4676780419311));
#9966=CARTESIAN_POINT('Ctrl Pts',(-10.81739793161,-14.,11.6047419871613));
#9967=CARTESIAN_POINT('Ctrl Pts',(-10.7686870067612,-14.,11.6554961630608));
#9968=CARTESIAN_POINT('',(-11.1472679942147,-14.5,11.229848144343));
#9969=CARTESIAN_POINT('',(-11.1472679942147,-14.,11.229848144343));
#9970=CARTESIAN_POINT('Ctrl Pts',(-11.1472679942147,-14.5,11.229848144343));
#9971=CARTESIAN_POINT('Ctrl Pts',(-11.0706372253853,-14.5,11.3217436641052));
#9972=CARTESIAN_POINT('Ctrl Pts',(-10.9489439850578,-14.5,11.4676780419311));
#9973=CARTESIAN_POINT('Ctrl Pts',(-10.81739793161,-14.5,11.6047419871613));
#9974=CARTESIAN_POINT('Ctrl Pts',(-10.7686870067612,-14.5,11.6554961630608));
#9975=CARTESIAN_POINT('Ctrl Pts',(-11.6752353578107,-14.,10.6629994788672));
#9976=CARTESIAN_POINT('Ctrl Pts',(-11.6752353578107,-14.5,10.6629994788672));
#9977=CARTESIAN_POINT('Ctrl Pts',(-11.5981027130741,-14.,10.7375322058449));
#9978=CARTESIAN_POINT('Ctrl Pts',(-11.5981027130741,-14.5,10.7375322058449));
#9979=CARTESIAN_POINT('Ctrl Pts',(-11.4122134867047,-14.,10.9171556454977));
#9980=CARTESIAN_POINT('Ctrl Pts',(-11.4122134867047,-14.5,10.9171556454977));
#9981=CARTESIAN_POINT('Ctrl Pts',(-11.2450619057507,-14.,11.1144303567722));
#9982=CARTESIAN_POINT('Ctrl Pts',(-11.2450619057507,-14.5,11.1144303567722));
#9983=CARTESIAN_POINT('Ctrl Pts',(-11.1472679942147,-14.,11.229848144343));
#9984=CARTESIAN_POINT('Ctrl Pts',(-11.1472679942147,-14.5,11.229848144343));
#9985=CARTESIAN_POINT('',(-11.6752353578107,-14.,10.6629994788672));
#9986=CARTESIAN_POINT('Ctrl Pts',(-11.6752353578107,-14.,10.6629994788672));
#9987=CARTESIAN_POINT('Ctrl Pts',(-11.5981027130741,-14.,10.7375322058449));
#9988=CARTESIAN_POINT('Ctrl Pts',(-11.4122134867047,-14.,10.9171556454977));
#9989=CARTESIAN_POINT('Ctrl Pts',(-11.2450619057507,-14.,11.1144303567722));
#9990=CARTESIAN_POINT('Ctrl Pts',(-11.1472679942147,-14.,11.229848144343));
#9991=CARTESIAN_POINT('',(-11.6752353578107,-14.5,10.6629994788672));
#9992=CARTESIAN_POINT('',(-11.6752353578107,-14.,10.6629994788672));
#9993=CARTESIAN_POINT('Ctrl Pts',(-11.6752353578107,-14.5,10.6629994788672));
#9994=CARTESIAN_POINT('Ctrl Pts',(-11.5981027130741,-14.5,10.7375322058449));
#9995=CARTESIAN_POINT('Ctrl Pts',(-11.4122134867047,-14.5,10.9171556454977));
#9996=CARTESIAN_POINT('Ctrl Pts',(-11.2450619057507,-14.5,11.1144303567722));
#9997=CARTESIAN_POINT('Ctrl Pts',(-11.1472679942147,-14.5,11.229848144343));
#9998=CARTESIAN_POINT('Ctrl Pts',(-12.0415382354752,-14.,10.4174334087874));
#9999=CARTESIAN_POINT('Ctrl Pts',(-12.0415382354752,-14.5,10.4174334087874));
#10000=CARTESIAN_POINT('Ctrl Pts',(-11.9806229205,-14.,10.448058505772));
#10001=CARTESIAN_POINT('Ctrl Pts',(-11.9806229205,-14.5,10.448058505772));
#10002=CARTESIAN_POINT('Ctrl Pts',(-11.8483650828126,-14.,10.5145509651447));
#10003=CARTESIAN_POINT('Ctrl Pts',(-11.8483650828126,-14.5,10.5145509651447));
#10004=CARTESIAN_POINT('Ctrl Pts',(-11.7359008267414,-14.,10.6109824223106));
#10005=CARTESIAN_POINT('Ctrl Pts',(-11.7359008267414,-14.5,10.6109824223106));
#10006=CARTESIAN_POINT('Ctrl Pts',(-11.6752353578107,-14.,10.6629994788672));
#10007=CARTESIAN_POINT('Ctrl Pts',(-11.6752353578107,-14.5,10.6629994788672));
#10008=CARTESIAN_POINT('',(-12.0415382354752,-14.,10.4174334087874));
#10009=CARTESIAN_POINT('Ctrl Pts',(-12.0415382354752,-14.,10.4174334087874));
#10010=CARTESIAN_POINT('Ctrl Pts',(-11.9806229205,-14.,10.448058505772));
#10011=CARTESIAN_POINT('Ctrl Pts',(-11.8483650828126,-14.,10.5145509651447));
#10012=CARTESIAN_POINT('Ctrl Pts',(-11.7359008267414,-14.,10.6109824223106));
#10013=CARTESIAN_POINT('Ctrl Pts',(-11.6752353578107,-14.,10.6629994788672));
#10014=CARTESIAN_POINT('',(-12.0415382354752,-14.5,10.4174334087874));
#10015=CARTESIAN_POINT('',(-12.0415382354752,-14.,10.4174334087874));
#10016=CARTESIAN_POINT('Ctrl Pts',(-12.0415382354752,-14.5,10.4174334087874));
#10017=CARTESIAN_POINT('Ctrl Pts',(-11.9806229205,-14.5,10.448058505772));
#10018=CARTESIAN_POINT('Ctrl Pts',(-11.8483650828126,-14.5,10.5145509651447));
#10019=CARTESIAN_POINT('Ctrl Pts',(-11.7359008267414,-14.5,10.6109824223106));
#10020=CARTESIAN_POINT('Ctrl Pts',(-11.6752353578107,-14.5,10.6629994788672));
#10021=CARTESIAN_POINT('Ctrl Pts',(-12.3955627053277,-14.,10.3437635579611));
#10022=CARTESIAN_POINT('Ctrl Pts',(-12.3955627053277,-14.5,10.3437635579611));
#10023=CARTESIAN_POINT('Ctrl Pts',(-12.3354429605363,-14.,10.3469815473754));
#10024=CARTESIAN_POINT('Ctrl Pts',(-12.3354429605363,-14.5,10.3469815473754));
#10025=CARTESIAN_POINT('Ctrl Pts',(-12.2137042476232,-14.,10.3534977741295));
#10026=CARTESIAN_POINT('Ctrl Pts',(-12.2137042476232,-14.5,10.3534977741295));
#10027=CARTESIAN_POINT('Ctrl Pts',(-12.099396144423,-14.,10.3959472740828));
#10028=CARTESIAN_POINT('Ctrl Pts',(-12.099396144423,-14.5,10.3959472740828));
#10029=CARTESIAN_POINT('Ctrl Pts',(-12.0415382354752,-14.,10.4174334087874));
#10030=CARTESIAN_POINT('Ctrl Pts',(-12.0415382354752,-14.5,10.4174334087874));
#10031=CARTESIAN_POINT('',(-12.3955627053277,-14.,10.3437635579611));
#10032=CARTESIAN_POINT('Ctrl Pts',(-12.3955627053277,-14.,10.3437635579611));
#10033=CARTESIAN_POINT('Ctrl Pts',(-12.3354429605363,-14.,10.3469815473754));
#10034=CARTESIAN_POINT('Ctrl Pts',(-12.2137042476232,-14.,10.3534977741295));
#10035=CARTESIAN_POINT('Ctrl Pts',(-12.099396144423,-14.,10.3959472740828));
#10036=CARTESIAN_POINT('Ctrl Pts',(-12.0415382354752,-14.,10.4174334087874));
#10037=CARTESIAN_POINT('',(-12.3955627053277,-14.5,10.3437635579611));
#10038=CARTESIAN_POINT('',(-12.3955627053277,-14.,10.3437635579611));
#10039=CARTESIAN_POINT('Ctrl Pts',(-12.3955627053277,-14.5,10.3437635579611));
#10040=CARTESIAN_POINT('Ctrl Pts',(-12.3354429605363,-14.5,10.3469815473754));
#10041=CARTESIAN_POINT('Ctrl Pts',(-12.2137042476232,-14.5,10.3534977741295));
#10042=CARTESIAN_POINT('Ctrl Pts',(-12.099396144423,-14.5,10.3959472740828));
#10043=CARTESIAN_POINT('Ctrl Pts',(-12.0415382354752,-14.5,10.4174334087874));
#10044=CARTESIAN_POINT('Ctrl Pts',(-12.9890142648713,-14.,10.5954689064528));
#10045=CARTESIAN_POINT('Ctrl Pts',(-12.9890142648713,-14.5,10.5954689064528));
#10046=CARTESIAN_POINT('Ctrl Pts',(-12.9041176701896,-14.,10.5220554812607));
#10047=CARTESIAN_POINT('Ctrl Pts',(-12.9041176701896,-14.5,10.5220554812607));
#10048=CARTESIAN_POINT('Ctrl Pts',(-12.7334108242339,-14.,10.3744385560785));
#10049=CARTESIAN_POINT('Ctrl Pts',(-12.7334108242339,-14.5,10.3744385560785));
#10050=CARTESIAN_POINT('Ctrl Pts',(-12.508579858137,-14.,10.354024976497));
#10051=CARTESIAN_POINT('Ctrl Pts',(-12.508579858137,-14.5,10.354024976497));
#10052=CARTESIAN_POINT('Ctrl Pts',(-12.3955627053277,-14.,10.3437635579611));
#10053=CARTESIAN_POINT('Ctrl Pts',(-12.3955627053277,-14.5,10.3437635579611));
#10054=CARTESIAN_POINT('',(-12.9890142648713,-14.,10.5954689064528));
#10055=CARTESIAN_POINT('Ctrl Pts',(-12.9890142648713,-14.,10.5954689064528));
#10056=CARTESIAN_POINT('Ctrl Pts',(-12.9041176701896,-14.,10.5220554812607));
#10057=CARTESIAN_POINT('Ctrl Pts',(-12.7334108242339,-14.,10.3744385560785));
#10058=CARTESIAN_POINT('Ctrl Pts',(-12.508579858137,-14.,10.354024976497));
#10059=CARTESIAN_POINT('Ctrl Pts',(-12.3955627053277,-14.,10.3437635579611));
#10060=CARTESIAN_POINT('',(-12.9890142648713,-14.5,10.5954689064528));
#10061=CARTESIAN_POINT('',(-12.9890142648713,-14.,10.5954689064528));
#10062=CARTESIAN_POINT('Ctrl Pts',(-12.9890142648713,-14.5,10.5954689064528));
#10063=CARTESIAN_POINT('Ctrl Pts',(-12.9041176701896,-14.5,10.5220554812607));
#10064=CARTESIAN_POINT('Ctrl Pts',(-12.7334108242339,-14.5,10.3744385560785));
#10065=CARTESIAN_POINT('Ctrl Pts',(-12.508579858137,-14.5,10.354024976497));
#10066=CARTESIAN_POINT('Ctrl Pts',(-12.3955627053277,-14.5,10.3437635579611));
#10067=CARTESIAN_POINT('Ctrl Pts',(-13.2284413545624,-14.,11.2789613285566));
#10068=CARTESIAN_POINT('Ctrl Pts',(-13.2284413545624,-14.5,11.2789613285566));
#10069=CARTESIAN_POINT('Ctrl Pts',(-13.2211048147171,-14.,11.1454499866951));
#10070=CARTESIAN_POINT('Ctrl Pts',(-13.2211048147171,-14.5,11.1454499866951));
#10071=CARTESIAN_POINT('Ctrl Pts',(-13.2072666769077,-14.,10.8936216879655));
#10072=CARTESIAN_POINT('Ctrl Pts',(-13.2072666769077,-14.5,10.8936216879655));
#10073=CARTESIAN_POINT('Ctrl Pts',(-13.05877866366,-14.,10.6907734639389));
#10074=CARTESIAN_POINT('Ctrl Pts',(-13.05877866366,-14.5,10.6907734639389));
#10075=CARTESIAN_POINT('Ctrl Pts',(-12.9890142648713,-14.,10.5954689064528));
#10076=CARTESIAN_POINT('Ctrl Pts',(-12.9890142648713,-14.5,10.5954689064528));
#10077=CARTESIAN_POINT('',(-13.2284413545624,-14.,11.2789613285566));
#10078=CARTESIAN_POINT('Ctrl Pts',(-13.2284413545624,-14.,11.2789613285566));
#10079=CARTESIAN_POINT('Ctrl Pts',(-13.2211048147171,-14.,11.1454499866951));
#10080=CARTESIAN_POINT('Ctrl Pts',(-13.2072666769077,-14.,10.8936216879655));
#10081=CARTESIAN_POINT('Ctrl Pts',(-13.05877866366,-14.,10.6907734639389));
#10082=CARTESIAN_POINT('Ctrl Pts',(-12.9890142648713,-14.,10.5954689064528));
#10083=CARTESIAN_POINT('',(-13.2284413545624,-14.5,11.2789613285566));
#10084=CARTESIAN_POINT('',(-13.2284413545624,-14.,11.2789613285566));
#10085=CARTESIAN_POINT('Ctrl Pts',(-13.2284413545624,-14.5,11.2789613285566));
#10086=CARTESIAN_POINT('Ctrl Pts',(-13.2211048147171,-14.5,11.1454499866951));
#10087=CARTESIAN_POINT('Ctrl Pts',(-13.2072666769077,-14.5,10.8936216879655));
#10088=CARTESIAN_POINT('Ctrl Pts',(-13.05877866366,-14.5,10.6907734639389));
#10089=CARTESIAN_POINT('Ctrl Pts',(-12.9890142648713,-14.5,10.5954689064528));
#10090=CARTESIAN_POINT('Ctrl Pts',(-13.0053852766053,-14.,11.9604074859525));
#10091=CARTESIAN_POINT('Ctrl Pts',(-13.0053852766053,-14.5,11.9604074859525));
#10092=CARTESIAN_POINT('Ctrl Pts',(-13.0703703185495,-14.,11.864470152072));
#10093=CARTESIAN_POINT('Ctrl Pts',(-13.0703703185495,-14.5,11.864470152072));
#10094=CARTESIAN_POINT('Ctrl Pts',(-13.209324260822,-14.,11.6593326257279));
#10095=CARTESIAN_POINT('Ctrl Pts',(-13.209324260822,-14.5,11.6593326257279));
#10096=CARTESIAN_POINT('Ctrl Pts',(-13.2218001206573,-14.,11.4111014325705));
#10097=CARTESIAN_POINT('Ctrl Pts',(-13.2218001206573,-14.5,11.4111014325705));
#10098=CARTESIAN_POINT('Ctrl Pts',(-13.2284413545624,-14.,11.2789613285566));
#10099=CARTESIAN_POINT('Ctrl Pts',(-13.2284413545624,-14.5,11.2789613285566));
#10100=CARTESIAN_POINT('',(-13.0053852766053,-14.,11.9604074859525));
#10101=CARTESIAN_POINT('Ctrl Pts',(-13.0053852766053,-14.,11.9604074859525));
#10102=CARTESIAN_POINT('Ctrl Pts',(-13.0703703185495,-14.,11.864470152072));
#10103=CARTESIAN_POINT('Ctrl Pts',(-13.209324260822,-14.,11.6593326257279));
#10104=CARTESIAN_POINT('Ctrl Pts',(-13.2218001206573,-14.,11.4111014325705));
#10105=CARTESIAN_POINT('Ctrl Pts',(-13.2284413545624,-14.,11.2789613285566));
#10106=CARTESIAN_POINT('',(-13.0053852766053,-14.5,11.9604074859525));
#10107=CARTESIAN_POINT('',(-13.0053852766053,-14.,11.9604074859525));
#10108=CARTESIAN_POINT('Ctrl Pts',(-13.0053852766053,-14.5,11.9604074859525));
#10109=CARTESIAN_POINT('Ctrl Pts',(-13.0703703185495,-14.5,11.864470152072));
#10110=CARTESIAN_POINT('Ctrl Pts',(-13.209324260822,-14.5,11.6593326257279));
#10111=CARTESIAN_POINT('Ctrl Pts',(-13.2218001206573,-14.5,11.4111014325705));
#10112=CARTESIAN_POINT('Ctrl Pts',(-13.2284413545624,-14.5,11.2789613285566));
#10113=CARTESIAN_POINT('Ctrl Pts',(-12.3607741563813,-14.,12.2530404941643));
#10114=CARTESIAN_POINT('Ctrl Pts',(-12.3607741563813,-14.5,12.2530404941643));
#10115=CARTESIAN_POINT('Ctrl Pts',(-12.490729121021,-14.,12.2341782139355));
#10116=CARTESIAN_POINT('Ctrl Pts',(-12.490729121021,-14.5,12.2341782139355));
#10117=CARTESIAN_POINT('Ctrl Pts',(-12.7347724522996,-14.,12.1987566068016));
#10118=CARTESIAN_POINT('Ctrl Pts',(-12.7347724522996,-14.5,12.1987566068016));
#10119=CARTESIAN_POINT('Ctrl Pts',(-12.9191773947113,-14.,12.0363372683359));
#10120=CARTESIAN_POINT('Ctrl Pts',(-12.9191773947113,-14.5,12.0363372683359));
#10121=CARTESIAN_POINT('Ctrl Pts',(-13.0053852766053,-14.,11.9604074859525));
#10122=CARTESIAN_POINT('Ctrl Pts',(-13.0053852766053,-14.5,11.9604074859525));
#10123=CARTESIAN_POINT('',(-12.3607741563813,-14.,12.2530404941643));
#10124=CARTESIAN_POINT('Ctrl Pts',(-12.3607741563813,-14.,12.2530404941643));
#10125=CARTESIAN_POINT('Ctrl Pts',(-12.490729121021,-14.,12.2341782139355));
#10126=CARTESIAN_POINT('Ctrl Pts',(-12.7347724522996,-14.,12.1987566068016));
#10127=CARTESIAN_POINT('Ctrl Pts',(-12.9191773947113,-14.,12.0363372683359));
#10128=CARTESIAN_POINT('Ctrl Pts',(-13.0053852766053,-14.,11.9604074859525));
#10129=CARTESIAN_POINT('',(-12.3607741563813,-14.5,12.2530404941643));
#10130=CARTESIAN_POINT('',(-12.3607741563813,-14.,12.2530404941643));
#10131=CARTESIAN_POINT('Ctrl Pts',(-12.3607741563813,-14.5,12.2530404941643));
#10132=CARTESIAN_POINT('Ctrl Pts',(-12.490729121021,-14.5,12.2341782139355));
#10133=CARTESIAN_POINT('Ctrl Pts',(-12.7347724522996,-14.5,12.1987566068016));
#10134=CARTESIAN_POINT('Ctrl Pts',(-12.9191773947113,-14.5,12.0363372683359));
#10135=CARTESIAN_POINT('Ctrl Pts',(-13.0053852766053,-14.5,11.9604074859525));
#10136=CARTESIAN_POINT('Origin',(-12.3218928545014,-14.,11.8744593018199));
#10137=CARTESIAN_POINT('',(-12.3218928545014,-14.,11.8744593018199));
#10138=CARTESIAN_POINT('',(-12.229355398295,-14.,10.9734364755938));
#10139=CARTESIAN_POINT('',(-12.3218928545014,-14.5,11.8744593018199));
#10140=CARTESIAN_POINT('',(-12.3218928545014,-14.,11.8744593018199));
#10141=CARTESIAN_POINT('',(-12.3218928545014,-14.5,11.8744593018199));
#10142=CARTESIAN_POINT('Ctrl Pts',(-12.763911959459,-14.,11.7127949276472));
#10143=CARTESIAN_POINT('Ctrl Pts',(-12.763911959459,-14.5,11.7127949276472));
#10144=CARTESIAN_POINT('Ctrl Pts',(-12.7029588502008,-14.,11.7594060301124));
#10145=CARTESIAN_POINT('Ctrl Pts',(-12.7029588502008,-14.5,11.7594060301124));
#10146=CARTESIAN_POINT('Ctrl Pts',(-12.5729331703039,-14.,11.8588372217702));
#10147=CARTESIAN_POINT('Ctrl Pts',(-12.5729331703039,-14.5,11.8588372217702));
#10148=CARTESIAN_POINT('Ctrl Pts',(-12.408985533115,-14.,11.8690395795227));
#10149=CARTESIAN_POINT('Ctrl Pts',(-12.408985533115,-14.5,11.8690395795227));
#10150=CARTESIAN_POINT('Ctrl Pts',(-12.3218928545014,-14.,11.8744593018199));
#10151=CARTESIAN_POINT('Ctrl Pts',(-12.3218928545014,-14.5,11.8744593018199));
#10152=CARTESIAN_POINT('',(-12.763911959459,-14.,11.7127949276472));
#10153=CARTESIAN_POINT('Ctrl Pts',(-12.763911959459,-14.,11.7127949276472));
#10154=CARTESIAN_POINT('Ctrl Pts',(-12.7029588502008,-14.,11.7594060301124));
#10155=CARTESIAN_POINT('Ctrl Pts',(-12.5729331703039,-14.,11.8588372217702));
#10156=CARTESIAN_POINT('Ctrl Pts',(-12.408985533115,-14.,11.8690395795227));
#10157=CARTESIAN_POINT('Ctrl Pts',(-12.3218928545014,-14.,11.8744593018199));
#10158=CARTESIAN_POINT('',(-12.763911959459,-14.5,11.7127949276472));
#10159=CARTESIAN_POINT('',(-12.763911959459,-14.,11.7127949276472));
#10160=CARTESIAN_POINT('Ctrl Pts',(-12.763911959459,-14.5,11.7127949276472));
#10161=CARTESIAN_POINT('Ctrl Pts',(-12.7029588502008,-14.5,11.7594060301124));
#10162=CARTESIAN_POINT('Ctrl Pts',(-12.5729331703039,-14.5,11.8588372217702));
#10163=CARTESIAN_POINT('Ctrl Pts',(-12.408985533115,-14.5,11.8690395795227));
#10164=CARTESIAN_POINT('Ctrl Pts',(-12.3218928545014,-14.5,11.8744593018199));
#10165=CARTESIAN_POINT('Ctrl Pts',(-12.923529919912,-14.,11.2871469089295));
#10166=CARTESIAN_POINT('Ctrl Pts',(-12.923529919912,-14.5,11.2871469089295));
#10167=CARTESIAN_POINT('Ctrl Pts',(-12.918191382511,-14.,11.370028367758));
#10168=CARTESIAN_POINT('Ctrl Pts',(-12.918191382511,-14.5,11.370028367758));
#10169=CARTESIAN_POINT('Ctrl Pts',(-12.9079838424934,-14.,11.5285016993376));
#10170=CARTESIAN_POINT('Ctrl Pts',(-12.9079838424934,-14.5,11.5285016993376));
#10171=CARTESIAN_POINT('Ctrl Pts',(-12.8104402910856,-14.,11.6532770240652));
#10172=CARTESIAN_POINT('Ctrl Pts',(-12.8104402910856,-14.5,11.6532770240652));
#10173=CARTESIAN_POINT('Ctrl Pts',(-12.763911959459,-14.,11.7127949276472));
#10174=CARTESIAN_POINT('Ctrl Pts',(-12.763911959459,-14.5,11.7127949276472));
#10175=CARTESIAN_POINT('',(-12.923529919912,-14.,11.2871469089295));
#10176=CARTESIAN_POINT('Ctrl Pts',(-12.923529919912,-14.,11.2871469089295));
#10177=CARTESIAN_POINT('Ctrl Pts',(-12.918191382511,-14.,11.370028367758));
#10178=CARTESIAN_POINT('Ctrl Pts',(-12.9079838424934,-14.,11.5285016993376));
#10179=CARTESIAN_POINT('Ctrl Pts',(-12.8104402910856,-14.,11.6532770240652));
#10180=CARTESIAN_POINT('Ctrl Pts',(-12.763911959459,-14.,11.7127949276472));
#10181=CARTESIAN_POINT('',(-12.923529919912,-14.5,11.2871469089295));
#10182=CARTESIAN_POINT('',(-12.923529919912,-14.,11.2871469089295));
#10183=CARTESIAN_POINT('Ctrl Pts',(-12.923529919912,-14.5,11.2871469089295));
#10184=CARTESIAN_POINT('Ctrl Pts',(-12.918191382511,-14.5,11.370028367758));
#10185=CARTESIAN_POINT('Ctrl Pts',(-12.9079838424934,-14.5,11.5285016993376));
#10186=CARTESIAN_POINT('Ctrl Pts',(-12.8104402910856,-14.5,11.6532770240652));
#10187=CARTESIAN_POINT('Ctrl Pts',(-12.763911959459,-14.5,11.7127949276472));
#10188=CARTESIAN_POINT('Ctrl Pts',(-12.772097465326,-14.,10.8799162784125));
#10189=CARTESIAN_POINT('Ctrl Pts',(-12.772097465326,-14.5,10.8799162784125));
#10190=CARTESIAN_POINT('Ctrl Pts',(-12.8162445773151,-14.,10.9373744139233));
#10191=CARTESIAN_POINT('Ctrl Pts',(-12.8162445773151,-14.5,10.9373744139233));
#10192=CARTESIAN_POINT('Ctrl Pts',(-12.9083440332333,-14.,11.0572432520012));
#10193=CARTESIAN_POINT('Ctrl Pts',(-12.9083440332333,-14.5,11.0572432520012));
#10194=CARTESIAN_POINT('Ctrl Pts',(-12.9183304232852,-14.,11.2084301824068));
#10195=CARTESIAN_POINT('Ctrl Pts',(-12.9183304232852,-14.5,11.2084301824068));
#10196=CARTESIAN_POINT('Ctrl Pts',(-12.923529919912,-14.,11.2871469089295));
#10197=CARTESIAN_POINT('Ctrl Pts',(-12.923529919912,-14.5,11.2871469089295));
#10198=CARTESIAN_POINT('',(-12.772097465326,-14.,10.8799162784125));
#10199=CARTESIAN_POINT('Ctrl Pts',(-12.772097465326,-14.,10.8799162784125));
#10200=CARTESIAN_POINT('Ctrl Pts',(-12.8162445773151,-14.,10.9373744139233));
#10201=CARTESIAN_POINT('Ctrl Pts',(-12.9083440332333,-14.,11.0572432520012));
#10202=CARTESIAN_POINT('Ctrl Pts',(-12.9183304232852,-14.,11.2084301824068));
#10203=CARTESIAN_POINT('Ctrl Pts',(-12.923529919912,-14.,11.2871469089295));
#10204=CARTESIAN_POINT('',(-12.772097465326,-14.5,10.8799162784125));
#10205=CARTESIAN_POINT('',(-12.772097465326,-14.,10.8799162784125));
#10206=CARTESIAN_POINT('Ctrl Pts',(-12.772097465326,-14.5,10.8799162784125));
#10207=CARTESIAN_POINT('Ctrl Pts',(-12.8162445773151,-14.5,10.9373744139233));
#10208=CARTESIAN_POINT('Ctrl Pts',(-12.9083440332333,-14.5,11.0572432520012));
#10209=CARTESIAN_POINT('Ctrl Pts',(-12.9183304232852,-14.5,11.2084301824068));
#10210=CARTESIAN_POINT('Ctrl Pts',(-12.923529919912,-14.5,11.2871469089295));
#10211=CARTESIAN_POINT('Ctrl Pts',(-12.4037483602063,-14.,10.7223446944262));
#10212=CARTESIAN_POINT('Ctrl Pts',(-12.4037483602063,-14.5,10.7223446944262));
#10213=CARTESIAN_POINT('Ctrl Pts',(-12.4737773759581,-14.,10.7288474002688));
#10214=CARTESIAN_POINT('Ctrl Pts',(-12.4737773759581,-14.5,10.7288474002688));
#10215=CARTESIAN_POINT('Ctrl Pts',(-12.6135026968938,-14.,10.7418219173465));
#10216=CARTESIAN_POINT('Ctrl Pts',(-12.6135026968938,-14.5,10.7418219173465));
#10217=CARTESIAN_POINT('Ctrl Pts',(-12.7193165296317,-14.,10.8339579554285));
#10218=CARTESIAN_POINT('Ctrl Pts',(-12.7193165296317,-14.5,10.8339579554285));
#10219=CARTESIAN_POINT('Ctrl Pts',(-12.772097465326,-14.,10.8799162784125));
#10220=CARTESIAN_POINT('Ctrl Pts',(-12.772097465326,-14.5,10.8799162784125));
#10221=CARTESIAN_POINT('',(-12.4037483602063,-14.,10.7223446944262));
#10222=CARTESIAN_POINT('Ctrl Pts',(-12.4037483602063,-14.,10.7223446944262));
#10223=CARTESIAN_POINT('Ctrl Pts',(-12.4737773759581,-14.,10.7288474002688));
#10224=CARTESIAN_POINT('Ctrl Pts',(-12.6135026968938,-14.,10.7418219173465));
#10225=CARTESIAN_POINT('Ctrl Pts',(-12.7193165296317,-14.,10.8339579554285));
#10226=CARTESIAN_POINT('Ctrl Pts',(-12.772097465326,-14.,10.8799162784125));
#10227=CARTESIAN_POINT('',(-12.4037483602063,-14.5,10.7223446944262));
#10228=CARTESIAN_POINT('',(-12.4037483602063,-14.,10.7223446944262));
#10229=CARTESIAN_POINT('Ctrl Pts',(-12.4037483602063,-14.5,10.7223446944262));
#10230=CARTESIAN_POINT('Ctrl Pts',(-12.4737773759581,-14.5,10.7288474002688));
#10231=CARTESIAN_POINT('Ctrl Pts',(-12.6135026968938,-14.5,10.7418219173465));
#10232=CARTESIAN_POINT('Ctrl Pts',(-12.7193165296317,-14.5,10.8339579554285));
#10233=CARTESIAN_POINT('Ctrl Pts',(-12.772097465326,-14.5,10.8799162784125));
#10234=CARTESIAN_POINT('Ctrl Pts',(-11.9596827297703,-14.,10.8942410626913));
#10235=CARTESIAN_POINT('Ctrl Pts',(-11.9596827297703,-14.5,10.8942410626913));
#10236=CARTESIAN_POINT('Ctrl Pts',(-12.033300488187,-14.,10.8442290452544));
#10237=CARTESIAN_POINT('Ctrl Pts',(-12.033300488187,-14.5,10.8442290452544));
#10238=CARTESIAN_POINT('Ctrl Pts',(-12.1685075440244,-14.,10.7523765115781));
#10239=CARTESIAN_POINT('Ctrl Pts',(-12.1685075440244,-14.5,10.7523765115781));
#10240=CARTESIAN_POINT('Ctrl Pts',(-12.3301275011129,-14.,10.7317434382953));
#10241=CARTESIAN_POINT('Ctrl Pts',(-12.3301275011129,-14.5,10.7317434382953));
#10242=CARTESIAN_POINT('Ctrl Pts',(-12.4037483602063,-14.,10.7223446944262));
#10243=CARTESIAN_POINT('Ctrl Pts',(-12.4037483602063,-14.5,10.7223446944262));
#10244=CARTESIAN_POINT('',(-11.9596827297703,-14.,10.8942410626913));
#10245=CARTESIAN_POINT('Ctrl Pts',(-11.9596827297703,-14.,10.8942410626913));
#10246=CARTESIAN_POINT('Ctrl Pts',(-12.033300488187,-14.,10.8442290452544));
#10247=CARTESIAN_POINT('Ctrl Pts',(-12.1685075440244,-14.,10.7523765115781));
#10248=CARTESIAN_POINT('Ctrl Pts',(-12.3301275011129,-14.,10.7317434382953));
#10249=CARTESIAN_POINT('Ctrl Pts',(-12.4037483602063,-14.,10.7223446944262));
#10250=CARTESIAN_POINT('',(-11.9596827297703,-14.5,10.8942410626913));
#10251=CARTESIAN_POINT('',(-11.9596827297703,-14.,10.8942410626913));
#10252=CARTESIAN_POINT('Ctrl Pts',(-11.9596827297703,-14.5,10.8942410626913));
#10253=CARTESIAN_POINT('Ctrl Pts',(-12.033300488187,-14.5,10.8442290452544));
#10254=CARTESIAN_POINT('Ctrl Pts',(-12.1685075440244,-14.5,10.7523765115781));
#10255=CARTESIAN_POINT('Ctrl Pts',(-12.3301275011129,-14.5,10.7317434382953));
#10256=CARTESIAN_POINT('Ctrl Pts',(-12.4037483602063,-14.5,10.7223446944262));
#10257=CARTESIAN_POINT('Ctrl Pts',(-11.3253034918801,-14.,11.5552232691551));
#10258=CARTESIAN_POINT('Ctrl Pts',(-11.3253034918801,-14.5,11.5552232691551));
#10259=CARTESIAN_POINT('Ctrl Pts',(-11.4407276183818,-14.,11.4144231977102));
#10260=CARTESIAN_POINT('Ctrl Pts',(-11.4407276183818,-14.5,11.4144231977102));
#10261=CARTESIAN_POINT('Ctrl Pts',(-11.6350859796299,-14.,11.1773352337026));
#10262=CARTESIAN_POINT('Ctrl Pts',(-11.6350859796299,-14.5,11.1773352337026));
#10263=CARTESIAN_POINT('Ctrl Pts',(-11.8659304787068,-14.,10.9760062552997));
#10264=CARTESIAN_POINT('Ctrl Pts',(-11.8659304787068,-14.5,10.9760062552997));
#10265=CARTESIAN_POINT('Ctrl Pts',(-11.9596827297703,-14.,10.8942410626913));
#10266=CARTESIAN_POINT('Ctrl Pts',(-11.9596827297703,-14.5,10.8942410626913));
#10267=CARTESIAN_POINT('',(-11.3253034918801,-14.,11.5552232691551));
#10268=CARTESIAN_POINT('Ctrl Pts',(-11.3253034918801,-14.,11.5552232691551));
#10269=CARTESIAN_POINT('Ctrl Pts',(-11.4407276183818,-14.,11.4144231977102));
#10270=CARTESIAN_POINT('Ctrl Pts',(-11.6350859796299,-14.,11.1773352337026));
#10271=CARTESIAN_POINT('Ctrl Pts',(-11.8659304787068,-14.,10.9760062552997));
#10272=CARTESIAN_POINT('Ctrl Pts',(-11.9596827297703,-14.,10.8942410626913));
#10273=CARTESIAN_POINT('',(-11.3253034918801,-14.5,11.5552232691551));
#10274=CARTESIAN_POINT('',(-11.3253034918801,-14.,11.5552232691551));
#10275=CARTESIAN_POINT('Ctrl Pts',(-11.3253034918801,-14.5,11.5552232691551));
#10276=CARTESIAN_POINT('Ctrl Pts',(-11.4407276183818,-14.5,11.4144231977102));
#10277=CARTESIAN_POINT('Ctrl Pts',(-11.6350859796299,-14.5,11.1773352337026));
#10278=CARTESIAN_POINT('Ctrl Pts',(-11.8659304787068,-14.5,10.9760062552997));
#10279=CARTESIAN_POINT('Ctrl Pts',(-11.9596827297703,-14.5,10.8942410626913));
#10280=CARTESIAN_POINT('Ctrl Pts',(-10.871006128122,-14.,12.0381700897123));
#10281=CARTESIAN_POINT('Ctrl Pts',(-10.871006128122,-14.5,12.0381700897123));
#10282=CARTESIAN_POINT('Ctrl Pts',(-10.9429618450957,-14.,11.9712447451175));
#10283=CARTESIAN_POINT('Ctrl Pts',(-10.9429618450957,-14.5,11.9712447451175));
#10284=CARTESIAN_POINT('Ctrl Pts',(-11.1051056183249,-14.,11.8204363263616));
#10285=CARTESIAN_POINT('Ctrl Pts',(-11.1051056183249,-14.5,11.8204363263616));
#10286=CARTESIAN_POINT('Ctrl Pts',(-11.2466007049662,-14.,11.6500153141059));
#10287=CARTESIAN_POINT('Ctrl Pts',(-11.2466007049662,-14.5,11.6500153141059));
#10288=CARTESIAN_POINT('Ctrl Pts',(-11.3253034918801,-14.,11.5552232691551));
#10289=CARTESIAN_POINT('Ctrl Pts',(-11.3253034918801,-14.5,11.5552232691551));
#10290=CARTESIAN_POINT('',(-10.871006128122,-14.,12.0381700897123));
#10291=CARTESIAN_POINT('Ctrl Pts',(-10.871006128122,-14.,12.0381700897123));
#10292=CARTESIAN_POINT('Ctrl Pts',(-10.9429618450957,-14.,11.9712447451175));
#10293=CARTESIAN_POINT('Ctrl Pts',(-11.1051056183249,-14.,11.8204363263616));
#10294=CARTESIAN_POINT('Ctrl Pts',(-11.2466007049662,-14.,11.6500153141059));
#10295=CARTESIAN_POINT('Ctrl Pts',(-11.3253034918801,-14.,11.5552232691551));
#10296=CARTESIAN_POINT('',(-10.871006128122,-14.5,12.0381700897123));
#10297=CARTESIAN_POINT('',(-10.871006128122,-14.,12.0381700897123));
#10298=CARTESIAN_POINT('Ctrl Pts',(-10.871006128122,-14.5,12.0381700897123));
#10299=CARTESIAN_POINT('Ctrl Pts',(-10.9429618450957,-14.5,11.9712447451175));
#10300=CARTESIAN_POINT('Ctrl Pts',(-11.1051056183249,-14.5,11.8204363263616));
#10301=CARTESIAN_POINT('Ctrl Pts',(-11.2466007049662,-14.5,11.6500153141059));
#10302=CARTESIAN_POINT('Ctrl Pts',(-11.3253034918801,-14.5,11.5552232691551));
#10303=CARTESIAN_POINT('Ctrl Pts',(-10.4719610779778,-14.,12.2796434999908));
#10304=CARTESIAN_POINT('Ctrl Pts',(-10.4719610779778,-14.5,12.2796434999908));
#10305=CARTESIAN_POINT('Ctrl Pts',(-10.5405547449944,-14.,12.2495256950944));
#10306=CARTESIAN_POINT('Ctrl Pts',(-10.5405547449944,-14.5,12.2495256950944));
#10307=CARTESIAN_POINT('Ctrl Pts',(-10.6840583685148,-14.,12.186516756761));
#10308=CARTESIAN_POINT('Ctrl Pts',(-10.6840583685148,-14.5,12.186516756761));
#10309=CARTESIAN_POINT('Ctrl Pts',(-10.8068880978278,-14.,12.0890489882445));
#10310=CARTESIAN_POINT('Ctrl Pts',(-10.8068880978278,-14.5,12.0890489882445));
#10311=CARTESIAN_POINT('Ctrl Pts',(-10.871006128122,-14.,12.0381700897123));
#10312=CARTESIAN_POINT('Ctrl Pts',(-10.871006128122,-14.5,12.0381700897123));
#10313=CARTESIAN_POINT('',(-10.4719610779778,-14.,12.2796434999908));
#10314=CARTESIAN_POINT('Ctrl Pts',(-10.4719610779778,-14.,12.2796434999908));
#10315=CARTESIAN_POINT('Ctrl Pts',(-10.5405547449944,-14.,12.2495256950944));
#10316=CARTESIAN_POINT('Ctrl Pts',(-10.6840583685148,-14.,12.186516756761));
#10317=CARTESIAN_POINT('Ctrl Pts',(-10.8068880978278,-14.,12.0890489882445));
#10318=CARTESIAN_POINT('Ctrl Pts',(-10.871006128122,-14.,12.0381700897123));
#10319=CARTESIAN_POINT('',(-10.4719610779778,-14.5,12.2796434999908));
#10320=CARTESIAN_POINT('',(-10.4719610779778,-14.,12.2796434999908));
#10321=CARTESIAN_POINT('Ctrl Pts',(-10.4719610779778,-14.5,12.2796434999908));
#10322=CARTESIAN_POINT('Ctrl Pts',(-10.5405547449944,-14.5,12.2495256950944));
#10323=CARTESIAN_POINT('Ctrl Pts',(-10.6840583685148,-14.5,12.186516756761));
#10324=CARTESIAN_POINT('Ctrl Pts',(-10.8068880978278,-14.5,12.0890489882445));
#10325=CARTESIAN_POINT('Ctrl Pts',(-10.871006128122,-14.5,12.0381700897123));
#10326=CARTESIAN_POINT('Ctrl Pts',(-10.2161629765527,-14.,12.3226175827439));
#10327=CARTESIAN_POINT('Ctrl Pts',(-10.2161629765527,-14.5,12.3226175827439));
#10328=CARTESIAN_POINT('Ctrl Pts',(-10.2600115202052,-14.,12.3218744672727));
#10329=CARTESIAN_POINT('Ctrl Pts',(-10.2600115202052,-14.5,12.3218744672727));
#10330=CARTESIAN_POINT('Ctrl Pts',(-10.3474392724617,-14.,12.3203928008387));
#10331=CARTESIAN_POINT('Ctrl Pts',(-10.3474392724617,-14.5,12.3203928008387));
#10332=CARTESIAN_POINT('Ctrl Pts',(-10.4305391435807,-14.,12.2931986750017));
#10333=CARTESIAN_POINT('Ctrl Pts',(-10.4305391435807,-14.5,12.2931986750017));
#10334=CARTESIAN_POINT('Ctrl Pts',(-10.4719610779778,-14.,12.2796434999908));
#10335=CARTESIAN_POINT('Ctrl Pts',(-10.4719610779778,-14.5,12.2796434999908));
#10336=CARTESIAN_POINT('',(-10.2161629765527,-14.,12.3226175827439));
#10337=CARTESIAN_POINT('Ctrl Pts',(-10.2161629765527,-14.,12.3226175827439));
#10338=CARTESIAN_POINT('Ctrl Pts',(-10.2600115202052,-14.,12.3218744672727));
#10339=CARTESIAN_POINT('Ctrl Pts',(-10.3474392724617,-14.,12.3203928008387));
#10340=CARTESIAN_POINT('Ctrl Pts',(-10.4305391435807,-14.,12.2931986750017));
#10341=CARTESIAN_POINT('Ctrl Pts',(-10.4719610779778,-14.,12.2796434999908));
#10342=CARTESIAN_POINT('',(-10.2161629765527,-14.5,12.3226175827439));
#10343=CARTESIAN_POINT('',(-10.2161629765527,-14.,12.3226175827439));
#10344=CARTESIAN_POINT('Ctrl Pts',(-10.2161629765527,-14.5,12.3226175827439));
#10345=CARTESIAN_POINT('Ctrl Pts',(-10.2600115202052,-14.5,12.3218744672727));
#10346=CARTESIAN_POINT('Ctrl Pts',(-10.3474392724617,-14.5,12.3203928008387));
#10347=CARTESIAN_POINT('Ctrl Pts',(-10.4305391435807,-14.5,12.2931986750017));
#10348=CARTESIAN_POINT('Ctrl Pts',(-10.4719610779778,-14.5,12.2796434999908));
#10349=CARTESIAN_POINT('Origin',(-10.2161629765526,-14.,10.3396708050276));
#10350=CARTESIAN_POINT('',(-10.2161629765526,-14.,10.3396708050276));
#10351=CARTESIAN_POINT('',(-10.2161629765526,-14.,10.2387436808747));
#10352=CARTESIAN_POINT('',(-10.2161629765526,-14.5,10.3396708050276));
#10353=CARTESIAN_POINT('',(-10.2161629765526,-14.,10.3396708050276));
#10354=CARTESIAN_POINT('',(-10.2161629765526,-14.5,10.3396708050276));
#10355=CARTESIAN_POINT('Origin',(-10.5701874464051,-14.,10.3396708050276));
#10356=CARTESIAN_POINT('',(-10.5701874464051,-14.,10.3396708050276));
#10357=CARTESIAN_POINT('',(-11.0350937232025,-14.,10.3396708050276));
#10358=CARTESIAN_POINT('',(-10.5701874464051,-14.5,10.3396708050276));
#10359=CARTESIAN_POINT('',(-10.5701874464051,-14.,10.3396708050276));
#10360=CARTESIAN_POINT('',(-10.5701874464051,-14.5,10.3396708050276));
#10361=CARTESIAN_POINT('Origin',(-10.5701874464051,-14.,11.8110213705803));
#10362=CARTESIAN_POINT('',(-10.5701874464051,-14.,10.974418963651));
#10363=CARTESIAN_POINT('',(-10.5701874464051,-14.5,11.8110213705803));
#10364=CARTESIAN_POINT('Origin',(-11.7223021655575,-14.5,10.1503802041988));
#10365=CARTESIAN_POINT('Ctrl Pts',(-12.4803070058904,-20.5,2.10376722572311));
#10366=CARTESIAN_POINT('Ctrl Pts',(-12.5254696399277,-20.5,2.0287335226659));
#10367=CARTESIAN_POINT('Ctrl Pts',(-12.5424411791842,-20.5,1.9428167782971));
#10368=CARTESIAN_POINT('Ctrl Pts',(-12.9086943449767,-20.5,2.3616126982654));
#10369=CARTESIAN_POINT('Ctrl Pts',(-12.9990196130513,-20.5,2.21154529215097));
#10370=CARTESIAN_POINT('Ctrl Pts',(-13.0329626915644,-20.5,2.03971180341337));
#10371=CARTESIAN_POINT('Ctrl Pts',(-12.9086943449767,-21.,2.3616126982654));
#10372=CARTESIAN_POINT('Ctrl Pts',(-12.9990196130513,-21.,2.21154529215097));
#10373=CARTESIAN_POINT('Ctrl Pts',(-13.0329626915644,-21.,2.03971180341337));
#10374=CARTESIAN_POINT('',(-12.5424411791842,-20.5,1.9428167782971));
#10375=CARTESIAN_POINT('',(-12.4869776222061,-20.5,2.09234532234867));
#10376=CARTESIAN_POINT('Origin',(-12.0519196668041,-20.5,1.84592175318083));
#10377=CARTESIAN_POINT('',(-12.9086943449767,-21.,2.36161269826536));
#10378=CARTESIAN_POINT('Ctrl Pts',(-12.4869776222061,-20.5,2.09234532234867));
#10379=CARTESIAN_POINT('Ctrl Pts',(-12.4890799971492,-20.5,2.09378746366672));
#10380=CARTESIAN_POINT('Ctrl Pts',(-12.491186824827,-20.5000193649464,2.09522449724935));
#10381=CARTESIAN_POINT('Ctrl Pts',(-12.5401903730199,-20.5009195998105,
2.12849692287827));
#10382=CARTESIAN_POINT('Ctrl Pts',(-12.5972548896084,-20.5117151946338,
2.16480944069599));
#10383=CARTESIAN_POINT('Ctrl Pts',(-12.7062767721093,-20.568498382413,2.23413508336533));
#10384=CARTESIAN_POINT('Ctrl Pts',(-12.7518780471906,-20.6060833908594,
2.26290762220323));
#10385=CARTESIAN_POINT('Ctrl Pts',(-12.8283467107845,-20.6998035863784,
2.31110665283359));
#10386=CARTESIAN_POINT('Ctrl Pts',(-12.858491803593,-20.7550385720973,2.3300604886311));
#10387=CARTESIAN_POINT('Ctrl Pts',(-12.8985629893581,-20.8742638619777,
2.35525012843004));
#10388=CARTESIAN_POINT('Ctrl Pts',(-12.9086943449767,-20.9368571785457,
2.3616126982654));
#10389=CARTESIAN_POINT('Ctrl Pts',(-12.9086943449767,-21.,2.3616126982654));
#10390=CARTESIAN_POINT('',(-13.0309099759044,-21.,2.04982853258666));
#10391=CARTESIAN_POINT('Origin',(-12.0519196668041,-21.,1.84592175318083));
#10392=CARTESIAN_POINT('Ctrl Pts',(-12.5424411791842,-20.5,1.9428167782971));
#10393=CARTESIAN_POINT('Ctrl Pts',(-12.5471963117027,-20.5,1.94382459470787));
#10394=CARTESIAN_POINT('Ctrl Pts',(-12.5519510117202,-20.5000708673841,
1.94483320578447));
#10395=CARTESIAN_POINT('Ctrl Pts',(-12.6177518494976,-20.5020328435784,
1.95880363561822));
#10396=CARTESIAN_POINT('Ctrl Pts',(-12.6779003261246,-20.5155244486359,
1.97171998624157));
#10397=CARTESIAN_POINT('Ctrl Pts',(-12.7925816525101,-20.5655016765599,
1.99659607286723));
#10398=CARTESIAN_POINT('Ctrl Pts',(-12.845666673305,-20.6024705644824,2.00825474442474));
#10399=CARTESIAN_POINT('Ctrl Pts',(-12.9349611022765,-20.6951546687044,
2.02806646028657));
#10400=CARTESIAN_POINT('Ctrl Pts',(-12.9703188619776,-20.7499819675023,
2.03603110775832));
#10401=CARTESIAN_POINT('Ctrl Pts',(-13.0185206097475,-20.8704337538343,
2.04697039732664));
#10402=CARTESIAN_POINT('Ctrl Pts',(-13.0309099759044,-20.9349051473284,
2.04982853258666));
#10403=CARTESIAN_POINT('Ctrl Pts',(-13.0309099759044,-21.,2.04982853258666));
#10404=CARTESIAN_POINT('Ctrl Pts',(-12.3927420792175,-20.5,2.07617748765186));
#10405=CARTESIAN_POINT('Ctrl Pts',(-12.4043113152314,-20.5,2.10813996506034));
#10406=CARTESIAN_POINT('Ctrl Pts',(-12.4380733437522,-20.5,2.11208618023337));
#10407=CARTESIAN_POINT('Ctrl Pts',(-12.471835372273,-20.5,2.1160323954064));
#10408=CARTESIAN_POINT('Ctrl Pts',(-12.4904638125914,-20.5,2.08759952015023));
#10409=CARTESIAN_POINT('Ctrl Pts',(-11.9225932172943,-20.5,2.24635400669098));
#10410=CARTESIAN_POINT('Ctrl Pts',(-12.0393373261614,-20.5,2.5688844605401));
#10411=CARTESIAN_POINT('Ctrl Pts',(-12.3800268866896,-20.5,2.60870535910434));
#10412=CARTESIAN_POINT('Ctrl Pts',(-12.7207164472177,-20.5,2.64852625766858));
#10413=CARTESIAN_POINT('Ctrl Pts',(-12.9086943449767,-20.5,2.36161269826536));
#10414=CARTESIAN_POINT('Ctrl Pts',(-11.9225932172943,-21.,2.24635400669098));
#10415=CARTESIAN_POINT('Ctrl Pts',(-12.0393373261614,-21.,2.5688844605401));
#10416=CARTESIAN_POINT('Ctrl Pts',(-12.3800268866896,-21.,2.60870535910434));
#10417=CARTESIAN_POINT('Ctrl Pts',(-12.7207164472177,-21.,2.64852625766858));
#10418=CARTESIAN_POINT('Ctrl Pts',(-12.9086943449767,-21.,2.36161269826536));
#10419=CARTESIAN_POINT('',(-12.3950398415835,-20.5,2.08159933696913));
#10420=CARTESIAN_POINT('Origin',(-12.4444584540291,-20.5,2.05745807055756));
#10421=CARTESIAN_POINT('',(-11.9225932172943,-21.,2.24635400669098));
#10422=CARTESIAN_POINT('Ctrl Pts',(-12.3950398415835,-20.5,2.08159933696913));
#10423=CARTESIAN_POINT('Ctrl Pts',(-12.3927705632317,-20.5,2.0824756685269));
#10424=CARTESIAN_POINT('Ctrl Pts',(-12.3904984283342,-20.5000176298661,
2.08334653136762));
#10425=CARTESIAN_POINT('Ctrl Pts',(-12.3720654036562,-20.5003036692757,
2.09036834000345));
#10426=CARTESIAN_POINT('Ctrl Pts',(-12.3557969797499,-20.5014486379371,
2.09632200645785));
#10427=CARTESIAN_POINT('Ctrl Pts',(-12.279161711979,-20.5111194614604,2.12401041401279));
#10428=CARTESIAN_POINT('Ctrl Pts',(-12.2203596578269,-20.5311210958382,
2.14429504430646));
#10429=CARTESIAN_POINT('Ctrl Pts',(-12.1128890843395,-20.5939728162799,
2.18137388613955));
#10430=CARTESIAN_POINT('Ctrl Pts',(-12.0653072264179,-20.6363086591462,
2.19765334507466));
#10431=CARTESIAN_POINT('Ctrl Pts',(-11.9881812595694,-20.7378656917309,
2.22400937781925));
#10432=CARTESIAN_POINT('Ctrl Pts',(-11.9593675634914,-20.7961097918275,
2.23382696615302));
#10433=CARTESIAN_POINT('Ctrl Pts',(-11.9290829358216,-20.9045613576151,
2.24414478172987));
#10434=CARTESIAN_POINT('Ctrl Pts',(-11.9225932172943,-20.9522028903198,
2.24635400669098));
#10435=CARTESIAN_POINT('Ctrl Pts',(-11.9225932172943,-20.9999999999998,
2.24635400669099));
#10436=CARTESIAN_POINT('Origin',(-12.4444584540291,-21.,2.05745807055756));
#10437=CARTESIAN_POINT('Ctrl Pts',(-12.3755549673491,-20.5,1.92331057768774));
#10438=CARTESIAN_POINT('Ctrl Pts',(-12.3722552717546,-20.5,2.01082533139607));
#10439=CARTESIAN_POINT('Ctrl Pts',(-12.3988965783809,-20.5,2.09425171144992));
#10440=CARTESIAN_POINT('Ctrl Pts',(-11.8759099952307,-20.5,1.90447173916663));
#10441=CARTESIAN_POINT('Ctrl Pts',(-11.8693106040417,-20.5,2.07950124658328));
#10442=CARTESIAN_POINT('Ctrl Pts',(-11.9225932172943,-20.5,2.24635400669099));
#10443=CARTESIAN_POINT('Ctrl Pts',(-11.8759099952307,-21.,1.90447173916663));
#10444=CARTESIAN_POINT('Ctrl Pts',(-11.8693106040417,-21.,2.07950124658328));
#10445=CARTESIAN_POINT('Ctrl Pts',(-11.9225932172943,-21.,2.24635400669099));
#10446=CARTESIAN_POINT('',(-12.3755549673491,-20.5,1.92331057768774));
#10447=CARTESIAN_POINT('Origin',(-12.8751999394675,-20.5,1.94214941620886));
#10448=CARTESIAN_POINT('',(-11.8755743013671,-21.,1.91478915940458));
#10449=CARTESIAN_POINT('Ctrl Pts',(-12.3755549673491,-20.5,1.92331057768774));
#10450=CARTESIAN_POINT('Ctrl Pts',(-12.3706955915839,-20.5,1.92319461925049));
#10451=CARTESIAN_POINT('Ctrl Pts',(-12.3658364533992,-20.5000708673841,
1.92307953380001));
#10452=CARTESIAN_POINT('Ctrl Pts',(-12.2985874828783,-20.5020328435784,
1.92149867138989));
#10453=CARTESIAN_POINT('Ctrl Pts',(-12.2370816007781,-20.515524448636,1.92019566679941));
#10454=CARTESIAN_POINT('Ctrl Pts',(-12.1197547040096,-20.56550167656,1.91795388134832));
#10455=CARTESIAN_POINT('Ctrl Pts',(-12.0654119221276,-20.6024705644824,
1.91705604361113));
#10456=CARTESIAN_POINT('Ctrl Pts',(-11.9739555399412,-20.6951546687044,
1.91574101961817));
#10457=CARTESIAN_POINT('Ctrl Pts',(-11.937714079117,-20.7499819675023,1.91533691844556));
#10458=CARTESIAN_POINT('Ctrl Pts',(-11.8882888419074,-20.8704337538343,
1.91486525001454));
#10459=CARTESIAN_POINT('Ctrl Pts',(-11.8755743013671,-20.9349051473284,
1.91478915940458));
#10460=CARTESIAN_POINT('Ctrl Pts',(-11.8755743013671,-21.,1.91478915940458));
#10461=CARTESIAN_POINT('Origin',(-12.8751999394675,-21.,1.94214941620886));
#10462=CARTESIAN_POINT('Origin',(-11.7255876623573,-21.,1.91679118801349));
#10463=CARTESIAN_POINT('',(-11.7719952723955,-20.5,1.26844997095989));
#10464=CARTESIAN_POINT('Origin',(-11.7255876623573,-20.5,1.91679118801349));
#10465=CARTESIAN_POINT('',(-11.7430015994761,-21.,1.7678054343522));
#10466=CARTESIAN_POINT('Ctrl Pts',(-11.7719952723955,-20.5,1.26844997095989));
#10467=CARTESIAN_POINT('Ctrl Pts',(-11.7717597707418,-20.5,1.27305327552462));
#10468=CARTESIAN_POINT('Ctrl Pts',(-11.7715238189344,-20.5000637112497,
1.27765633664521));
#10469=CARTESIAN_POINT('Ctrl Pts',(-11.7680697870621,-20.5019255904462,
1.3449028670829));
#10470=CARTESIAN_POINT('Ctrl Pts',(-11.7648072258453,-20.5154483772103,
1.40666180211769));
#10471=CARTESIAN_POINT('Ctrl Pts',(-11.7583519582112,-20.5655930721688,
1.52414731722571));
#10472=CARTESIAN_POINT('Ctrl Pts',(-11.7552239037072,-20.6025993182672,
1.57843065646884));
#10473=CARTESIAN_POINT('Ctrl Pts',(-11.7496810984769,-20.6953318665278,
1.66972126026878));
#10474=CARTESIAN_POINT('Ctrl Pts',(-11.7473147070816,-20.7501592270512,
1.70587312074743));
#10475=CARTESIAN_POINT('Ctrl Pts',(-11.7439468954861,-20.8705545403287,
1.75513896296085));
#10476=CARTESIAN_POINT('Ctrl Pts',(-11.7430015994761,-20.9349638289935,
1.7678054343522));
#10477=CARTESIAN_POINT('Ctrl Pts',(-11.7430015994761,-21.,1.7678054343522));
#10478=CARTESIAN_POINT('Origin',(-11.7255876623573,-21.,1.91679118801349));
#10479=CARTESIAN_POINT('Origin',(-11.5,-21.,10.1046316109628));
#10480=CARTESIAN_POINT('',(-11.2280047276046,-20.5,1.26844997095988));
#10481=CARTESIAN_POINT('Origin',(-11.5,-20.5,10.1046316109628));
#10482=CARTESIAN_POINT('',(-11.2569984005239,-21.,1.7678054343522));
#10483=CARTESIAN_POINT('Ctrl Pts',(-11.2280047276046,-20.5,1.26844997095989));
#10484=CARTESIAN_POINT('Ctrl Pts',(-11.2280804409493,-20.5,1.26992992483601));
#10485=CARTESIAN_POINT('Ctrl Pts',(-11.2281562016094,-20.5000065852621,
1.27140986896766));
#10486=CARTESIAN_POINT('Ctrl Pts',(-11.2316032662742,-20.500605465566,1.33870350194889));
#10487=CARTESIAN_POINT('Ctrl Pts',(-11.2350329591493,-20.5142089162494,
1.40375278597709));
#10488=CARTESIAN_POINT('Ctrl Pts',(-11.2416466329002,-20.5655801655659,
1.52412206396764));
#10489=CARTESIAN_POINT('Ctrl Pts',(-11.2447741228148,-20.6025749389461,
1.57839669055995));
#10490=CARTESIAN_POINT('Ctrl Pts',(-11.2503169797996,-20.6952910966961,
1.66969107607967));
#10491=CARTESIAN_POINT('Ctrl Pts',(-11.2526837955197,-20.7501186359423,
1.70585063229982));
#10492=CARTESIAN_POINT('Ctrl Pts',(-11.2560526897653,-20.8705267944507,
1.75513347953144));
#10493=CARTESIAN_POINT('Ctrl Pts',(-11.2569984005239,-20.934949752736,1.7678054343522));
#10494=CARTESIAN_POINT('Ctrl Pts',(-11.2569984005239,-21.,1.7678054343522));
#10495=CARTESIAN_POINT('Origin',(-11.5,-21.,10.1046316109628));
#10496=CARTESIAN_POINT('Origin',(-11.2744123376427,-21.,1.91679118801349));
#10497=CARTESIAN_POINT('',(-10.6244450326509,-20.5,1.92331057768904));
#10498=CARTESIAN_POINT('Origin',(-11.2744123376427,-20.5,1.91679118801349));
#10499=CARTESIAN_POINT('',(-11.1244256986329,-21.,1.91478915940458));
#10500=CARTESIAN_POINT('Ctrl Pts',(-10.6244450326509,-20.5,1.92331057768904));
#10501=CARTESIAN_POINT('Ctrl Pts',(-10.6293044084164,-20.5,1.92319461925178));
#10502=CARTESIAN_POINT('Ctrl Pts',(-10.6341635466005,-20.5000708673841,
1.9230795338));
#10503=CARTESIAN_POINT('Ctrl Pts',(-10.7014125171218,-20.5020328435784,
1.9214986713901));
#10504=CARTESIAN_POINT('Ctrl Pts',(-10.7629183992219,-20.515524448636,1.92019566679945));
#10505=CARTESIAN_POINT('Ctrl Pts',(-10.8802452959901,-20.5655016765599,
1.91795388134835));
#10506=CARTESIAN_POINT('Ctrl Pts',(-10.9345880778723,-20.6024705644824,
1.91705604361115));
#10507=CARTESIAN_POINT('Ctrl Pts',(-11.0260444600588,-20.6951546687044,
1.91574101961818));
#10508=CARTESIAN_POINT('Ctrl Pts',(-11.062285920883,-20.7499819675023,1.91533691844559));
#10509=CARTESIAN_POINT('Ctrl Pts',(-11.1117111580926,-20.8704337538343,
1.91486525001456));
#10510=CARTESIAN_POINT('Ctrl Pts',(-11.1244256986329,-20.9349051473283,
1.91478915940458));
#10511=CARTESIAN_POINT('Ctrl Pts',(-11.1244256986329,-21.,1.91478915940458));
#10512=CARTESIAN_POINT('Origin',(-11.2744123376427,-21.,1.91679118801349));
#10513=CARTESIAN_POINT('Ctrl Pts',(-10.6011034216191,-20.5,2.09425171144991));
#10514=CARTESIAN_POINT('Ctrl Pts',(-10.6277447282452,-20.5,2.0108253313967));
#10515=CARTESIAN_POINT('Ctrl Pts',(-10.6244450326509,-20.5,1.92331057768904));
#10516=CARTESIAN_POINT('Ctrl Pts',(-11.0774067827057,-20.5,2.24635400669098));
#10517=CARTESIAN_POINT('Ctrl Pts',(-11.1306893959579,-20.5,2.07950124658455));
#10518=CARTESIAN_POINT('Ctrl Pts',(-11.1240900047694,-20.5,1.90447173916921));
#10519=CARTESIAN_POINT('Ctrl Pts',(-11.0774067827057,-21.,2.24635400669098));
#10520=CARTESIAN_POINT('Ctrl Pts',(-11.1306893959579,-21.,2.07950124658455));
#10521=CARTESIAN_POINT('Ctrl Pts',(-11.1240900047694,-21.,1.90447173916921));
#10522=CARTESIAN_POINT('',(-10.6049601584165,-20.5,2.08159933696914));
#10523=CARTESIAN_POINT('Origin',(-10.1248000605325,-20.5,1.94214941620886));
#10524=CARTESIAN_POINT('',(-11.0774067827057,-21.,2.24635400669098));
#10525=CARTESIAN_POINT('Ctrl Pts',(-10.6049601584165,-20.5,2.08159933696914));
#10526=CARTESIAN_POINT('Ctrl Pts',(-10.6073384442468,-20.5,2.08251776415321));
#10527=CARTESIAN_POINT('Ctrl Pts',(-10.6097198848627,-20.5000193649464,
2.08343019441017));
#10528=CARTESIAN_POINT('Ctrl Pts',(-10.6650756854921,-20.5009195998107,
2.10450476156863));
#10529=CARTESIAN_POINT('Ctrl Pts',(-10.728976263563,-20.5117151946381,2.12667848758601));
#10530=CARTESIAN_POINT('Ctrl Pts',(-10.8510470405503,-20.5684983824122,
2.16899327221867));
#10531=CARTESIAN_POINT('Ctrl Pts',(-10.9020545314577,-20.6060833908584,
2.18647386578866));
#10532=CARTESIAN_POINT('Ctrl Pts',(-10.9875774337459,-20.6998035863772,
2.21573879787133));
#10533=CARTESIAN_POINT('Ctrl Pts',(-11.0212810170229,-20.755038572096,2.22722979374533));
#10534=CARTESIAN_POINT('Ctrl Pts',(-11.0660812095061,-20.8742638619766,
2.2424993921467));
#10535=CARTESIAN_POINT('Ctrl Pts',(-11.0774067827057,-20.9368571785451,
2.24635400669098));
#10536=CARTESIAN_POINT('Ctrl Pts',(-11.0774067827057,-21.,2.24635400669098));
#10537=CARTESIAN_POINT('Origin',(-10.1248000605325,-21.,1.94214941620886));
#10538=CARTESIAN_POINT('Ctrl Pts',(-10.5095361874085,-20.5,2.08759952015023));
#10539=CARTESIAN_POINT('Ctrl Pts',(-10.528164627727,-20.5,2.1160323954064));
#10540=CARTESIAN_POINT('Ctrl Pts',(-10.5619266562478,-20.5,2.11208618023337));
#10541=CARTESIAN_POINT('Ctrl Pts',(-10.5956886847686,-20.5,2.10813996506034));
#10542=CARTESIAN_POINT('Ctrl Pts',(-10.6072579207825,-20.5,2.07617748765187));
#10543=CARTESIAN_POINT('Ctrl Pts',(-10.0913056550231,-20.5,2.36161269826544));
#10544=CARTESIAN_POINT('Ctrl Pts',(-10.2792835527822,-20.5,2.64852625766875));
#10545=CARTESIAN_POINT('Ctrl Pts',(-10.6199731133104,-20.5,2.6087053591045));
#10546=CARTESIAN_POINT('Ctrl Pts',(-10.9606626738387,-20.5,2.56888446054026));
#10547=CARTESIAN_POINT('Ctrl Pts',(-11.0774067827059,-20.5,2.24635400669103));
#10548=CARTESIAN_POINT('Ctrl Pts',(-10.0913056550233,-21.0000000000002,
2.36161269826535));
#10549=CARTESIAN_POINT('Ctrl Pts',(-10.2792835527823,-21.0000000000002,
2.64852625766858));
#10550=CARTESIAN_POINT('Ctrl Pts',(-10.6199731133104,-21.0000000000002,
2.60870535910434));
#10551=CARTESIAN_POINT('Ctrl Pts',(-10.9606626738385,-21.0000000000002,
2.56888446054011));
#10552=CARTESIAN_POINT('Ctrl Pts',(-11.0774067827057,-21.0000000000002,
2.24635400669098));
#10553=CARTESIAN_POINT('',(-10.5130223777939,-20.5,2.09234532234866));
#10554=CARTESIAN_POINT('Origin',(-10.5555415459709,-20.5,2.05745807055756));
#10555=CARTESIAN_POINT('',(-10.0913056550233,-21.,2.36161269826537));
#10556=CARTESIAN_POINT('Ctrl Pts',(-10.5130223777939,-20.5,2.09234532234866));
#10557=CARTESIAN_POINT('Ctrl Pts',(-10.5110163640991,-20.5,2.0937213638789));
#10558=CARTESIAN_POINT('Ctrl Pts',(-10.509006309684,-20.5000176298661,2.09509274286691));
#10559=CARTESIAN_POINT('Ctrl Pts',(-10.4683021376678,-20.5007311878768,
2.12274175818094));
#10560=CARTESIAN_POINT('Ctrl Pts',(-10.4201532935499,-20.50817141495,2.15361771490659));
#10561=CARTESIAN_POINT('Ctrl Pts',(-10.323906494712,-20.5499909340447,2.21500544287465));
#10562=CARTESIAN_POINT('Ctrl Pts',(-10.2821541046382,-20.5782902163656,
2.24140415024132));
#10563=CARTESIAN_POINT('Ctrl Pts',(-10.2027961376419,-20.6556556301249,
2.29150186491261));
#10564=CARTESIAN_POINT('Ctrl Pts',(-10.167531492964,-20.7064797977812,2.31369030667467));
#10565=CARTESIAN_POINT('Ctrl Pts',(-10.1154719857133,-20.821236302504,2.34643249287274));
#10566=CARTESIAN_POINT('Ctrl Pts',(-10.099172278863,-20.8840698611916,2.35667057117666));
#10567=CARTESIAN_POINT('Ctrl Pts',(-10.0920452085695,-20.9658580936098,
2.36114810966281));
#10568=CARTESIAN_POINT('Ctrl Pts',(-10.0913056550233,-20.982938957935,2.36161269826535));
#10569=CARTESIAN_POINT('Ctrl Pts',(-10.0913056550233,-21.0000000000002,
2.36161269826535));
#10570=CARTESIAN_POINT('Origin',(-10.5555415459709,-21.,2.05745807055756));
#10571=CARTESIAN_POINT('Ctrl Pts',(-10.457558820816,-20.5,1.94281677829814));
#10572=CARTESIAN_POINT('Ctrl Pts',(-10.4745303600726,-20.5,2.02873352266636));
#10573=CARTESIAN_POINT('Ctrl Pts',(-10.5196929941096,-20.5,2.1037672257231));
#10574=CARTESIAN_POINT('Ctrl Pts',(-9.96703730843586,-20.5,2.03971180341549));
#10575=CARTESIAN_POINT('Ctrl Pts',(-10.000980386949,-20.5,2.21154529215195));
#10576=CARTESIAN_POINT('Ctrl Pts',(-10.0913056550232,-20.5,2.36161269826545));
#10577=CARTESIAN_POINT('Ctrl Pts',(-9.96703730843602,-21.0000000000002,
2.03971180341546));
#10578=CARTESIAN_POINT('Ctrl Pts',(-10.0009803869492,-21.0000000000002,
2.21154529215189));
#10579=CARTESIAN_POINT('Ctrl Pts',(-10.0913056550233,-21.0000000000002,
2.36161269826536));
#10580=CARTESIAN_POINT('',(-10.457558820816,-20.5,1.94281677829814));
#10581=CARTESIAN_POINT('Origin',(-10.9480803331959,-20.5,1.84592175318083));
#10582=CARTESIAN_POINT('',(-9.9690900240956,-21.,2.04982853258666));
#10583=CARTESIAN_POINT('Ctrl Pts',(-10.457558820816,-20.5,1.94281677829815));
#10584=CARTESIAN_POINT('Ctrl Pts',(-10.4528036882973,-20.5,1.94382459470897));
#10585=CARTESIAN_POINT('Ctrl Pts',(-10.44804898828,-20.5000708673841,1.94483320578431));
#10586=CARTESIAN_POINT('Ctrl Pts',(-10.3822481505013,-20.5020328435784,
1.95880363561847));
#10587=CARTESIAN_POINT('Ctrl Pts',(-10.3220996738752,-20.515524448636,1.97171998624155));
#10588=CARTESIAN_POINT('Ctrl Pts',(-10.20741834749,-20.5655016765599,1.99659607286714));
#10589=CARTESIAN_POINT('Ctrl Pts',(-10.154333326695,-20.6024705644824,2.00825474442467));
#10590=CARTESIAN_POINT('Ctrl Pts',(-10.0650388977234,-20.6951546687044,
2.02806646028652));
#10591=CARTESIAN_POINT('Ctrl Pts',(-10.0296811380223,-20.7499819675023,
2.03603110775827));
#10592=CARTESIAN_POINT('Ctrl Pts',(-9.98147939025243,-20.8704337538342,
2.04697039732659));
#10593=CARTESIAN_POINT('Ctrl Pts',(-9.9690900240956,-20.9349051473283,2.04982853258666));
#10594=CARTESIAN_POINT('Ctrl Pts',(-9.9690900240956,-21.,2.04982853258666));
#10595=CARTESIAN_POINT('Origin',(-10.9480803331959,-21.,1.84592175318083));
#10596=CARTESIAN_POINT('Origin',(-9.82360799392253,-21.,2.08636589561029));
#10597=CARTESIAN_POINT('',(-9.71924690651695,-20.5,1.44479846857278));
#10598=CARTESIAN_POINT('Origin',(-9.82360799392253,-20.5,2.08636589561029));
#10599=CARTESIAN_POINT('',(-9.80619405680374,-21.,1.937380141949));
#10600=CARTESIAN_POINT('Ctrl Pts',(-9.71924690651695,-20.5,1.44479846857278));
#10601=CARTESIAN_POINT('Ctrl Pts',(-9.7200793479313,-20.5,1.44933200088615));
#10602=CARTESIAN_POINT('Ctrl Pts',(-9.72091129518383,-20.5000637112497,
1.45386540013001));
#10603=CARTESIAN_POINT('Ctrl Pts',(-9.733058484359,-20.5019255904462,1.52009584620449));
#10604=CARTESIAN_POINT('Ctrl Pts',(-9.74412645648121,-20.5154483772103,
1.58094245954842));
#10605=CARTESIAN_POINT('Ctrl Pts',(-9.76493921578785,-20.5655930721688,
1.69674982455805));
#10606=CARTESIAN_POINT('Ctrl Pts',(-9.77441407794423,-20.6025993182672,
1.75029132837967));
#10607=CARTESIAN_POINT('Ctrl Pts',(-9.79007374183216,-20.6953318665278,
1.84039944099389));
#10608=CARTESIAN_POINT('Ctrl Pts',(-9.79610832960645,-20.7501592270512,
1.87612255080669));
#10609=CARTESIAN_POINT('Ctrl Pts',(-9.80419278290824,-20.8705545403287,
1.92483709667085));
#10610=CARTESIAN_POINT('Ctrl Pts',(-9.80619405680373,-20.9349638289935,
1.937380141949));
#10611=CARTESIAN_POINT('Ctrl Pts',(-9.80619405680373,-21.,1.937380141949));
#10612=CARTESIAN_POINT('Origin',(-9.82360799392253,-21.,2.08636589561029));
#10613=CARTESIAN_POINT('Origin',(-11.4923470248383,-21.,10.1055261154705));
#10614=CARTESIAN_POINT('',(-9.18991969726421,-20.5,1.57025132173541));
#10615=CARTESIAN_POINT('Origin',(-11.4923470248383,-20.5,10.1055261154705));
#10616=CARTESIAN_POINT('',(-9.33329113697791,-21.,2.04946019285898));
#10617=CARTESIAN_POINT('Ctrl Pts',(-9.18991969726421,-20.5,1.57025132173541));
#10618=CARTESIAN_POINT('Ctrl Pts',(-9.19033467059768,-20.5,1.5716739225643));
#10619=CARTESIAN_POINT('Ctrl Pts',(-9.1907496877241,-20.5000065852621,1.57309650299981));
#10620=CARTESIAN_POINT('Ctrl Pts',(-9.20962281608059,-20.500605465566,1.63778127957568));
#10621=CARTESIAN_POINT('Ctrl Pts',(-9.2279614584173,-20.5142089162495,1.70028621012555));
#10622=CARTESIAN_POINT('Ctrl Pts',(-9.26215592559066,-20.5655801655659,
1.81588570051863));
#10623=CARTESIAN_POINT('Ctrl Pts',(-9.27771570388067,-20.6025749389461,
1.86797609871703));
#10624=CARTESIAN_POINT('Ctrl Pts',(-9.30416308664867,-20.6952910966961,
1.95553136146976));
#10625=CARTESIAN_POINT('Ctrl Pts',(-9.31480507208801,-20.7501186359423,
1.99017040690407));
#10626=CARTESIAN_POINT('Ctrl Pts',(-9.32944856408025,-20.8705267944507,
2.03734790813047));
#10627=CARTESIAN_POINT('Ctrl Pts',(-9.33329113697793,-20.934949752736,2.04946019285897));
#10628=CARTESIAN_POINT('Ctrl Pts',(-9.33329113697793,-21.,2.04946019285897));
#10629=CARTESIAN_POINT('Origin',(-11.4923470248383,-21.,10.1055261154705));
#10630=CARTESIAN_POINT('Origin',(-9.38459415847674,-21.,2.19041408597687));
#10631=CARTESIAN_POINT('',(-8.75365028103625,-20.5,2.3466505206532));
#10632=CARTESIAN_POINT('Origin',(-9.38459415847674,-20.5,2.19041408597687));
#10633=CARTESIAN_POINT('',(-9.23818872916188,-21.,2.22305532166318));
#10634=CARTESIAN_POINT('Ctrl Pts',(-8.75365028103627,-20.5,2.3466505206532));
#10635=CARTESIAN_POINT('Ctrl Pts',(-8.7583519298427,-20.5,2.34541703871731));
#10636=CARTESIAN_POINT('Ctrl Pts',(-8.76305354879779,-20.5000708673841,
2.3441844610269));
#10637=CARTESIAN_POINT('Ctrl Pts',(-8.82812524265193,-20.5020328435783,
2.32713753107468));
#10638=CARTESIAN_POINT('Ctrl Pts',(-8.88767273220305,-20.5155244486358,
2.31168541658509));
#10639=CARTESIAN_POINT('Ctrl Pts',(-9.00132007598105,-20.5655016765599,
2.28244661429114));
#10640=CARTESIAN_POINT('Ctrl Pts',(-9.05399098551289,-20.6024705644824,
2.26904066992404));
#10641=CARTESIAN_POINT('Ctrl Pts',(-9.14267888367805,-20.6951546687044,
2.24666979936009));
#10642=CARTESIAN_POINT('Ctrl Pts',(-9.17785025909155,-20.7499819675023,
2.23791873474193));
#10643=CARTESIAN_POINT('Ctrl Pts',(-9.22583445840962,-20.8704337538343,
2.22606153607876));
#10644=CARTESIAN_POINT('Ctrl Pts',(-9.23818872916189,-20.9349051473283,
2.22305532166321));
#10645=CARTESIAN_POINT('Ctrl Pts',(-9.23818872916189,-21.,2.22305532166321));
#10646=CARTESIAN_POINT('Origin',(-9.38459415847674,-21.,2.19041408597687));
#10647=CARTESIAN_POINT('Ctrl Pts',(-8.77035958455907,-20.5,2.51836685998451));
#10648=CARTESIAN_POINT('Ctrl Pts',(-8.77704332403833,-20.5,2.43104534067657));
#10649=CARTESIAN_POINT('Ctrl Pts',(-8.75365028103625,-20.5,2.3466505206532));
#10650=CARTESIAN_POINT('Ctrl Pts',(-9.26890133016326,-20.5,2.5565261038177));
#10651=CARTESIAN_POINT('Ctrl Pts',(-9.28226880912179,-20.5,2.38188306520182));
#10652=CARTESIAN_POINT('Ctrl Pts',(-9.23548272311763,-20.5,2.21309342515508));
#10653=CARTESIAN_POINT('Ctrl Pts',(-9.26890133016326,-21.,2.5565261038177));
#10654=CARTESIAN_POINT('Ctrl Pts',(-9.28226880912179,-21.,2.38188306520182));
#10655=CARTESIAN_POINT('Ctrl Pts',(-9.23548272311763,-21.,2.21309342515508));
#10656=CARTESIAN_POINT('',(-8.77119452415908,-20.5,2.50516610718057));
#10657=CARTESIAN_POINT('Origin',(-8.27181783895487,-20.5,2.48020761615132));
#10658=CARTESIAN_POINT('',(-9.26890133016326,-21.,2.5565261038177));
#10659=CARTESIAN_POINT('Ctrl Pts',(-8.77119452415908,-20.5,2.50516610718057));
#10660=CARTESIAN_POINT('Ctrl Pts',(-8.77372050687173,-20.5,2.5055113075834));
#10661=CARTESIAN_POINT('Ctrl Pts',(-8.77624817634596,-20.5000193649464,
2.50584994516345));
#10662=CARTESIAN_POINT('Ctrl Pts',(-8.83497198383384,-20.5009195998103,
2.51359051847037));
#10663=CARTESIAN_POINT('Ctrl Pts',(-8.9022637266727,-20.5117151946281,2.52043006137976));
#10664=CARTESIAN_POINT('Ctrl Pts',(-9.03080253097096,-20.5684983823875,
2.53345278698932));
#10665=CARTESIAN_POINT('Ctrl Pts',(-9.08446641067034,-20.6060833908287,
2.53869905196767));
#10666=CARTESIAN_POINT('Ctrl Pts',(-9.17443298986221,-20.6998035863388,
2.54745220543987));
#10667=CARTESIAN_POINT('Ctrl Pts',(-9.2098780947144,-20.7550385720543,2.55086087882885));
#10668=CARTESIAN_POINT('Ctrl Pts',(-9.25699210395946,-20.8742638619451,
2.55538724783181));
#10669=CARTESIAN_POINT('Ctrl Pts',(-9.26890133016327,-20.9368571785291,
2.55652610381768));
#10670=CARTESIAN_POINT('Ctrl Pts',(-9.26890133016327,-21.,2.55652610381768));
#10671=CARTESIAN_POINT('Origin',(-8.27181783895487,-21.,2.48020761615132));
#10672=CARTESIAN_POINT('Ctrl Pts',(-8.67972645610836,-20.5,2.53301083681118));
#10673=CARTESIAN_POINT('Ctrl Pts',(-8.70440983669205,-20.5,2.55638128625042));
#10674=CARTESIAN_POINT('Ctrl Pts',(-8.73635174551633,-20.5,2.54475538221274));
#10675=CARTESIAN_POINT('Ctrl Pts',(-8.7682936543406,-20.5,2.53312947817506));
#10676=CARTESIAN_POINT('Ctrl Pts',(-8.77217998554178,-20.5,2.49936050404456));
#10677=CARTESIAN_POINT('Ctrl Pts',(-8.33596116951683,-20.5,2.89608855264459));
#10678=CARTESIAN_POINT('Ctrl Pts',(-8.58503891904325,-20.5,3.13191763334975));
#10679=CARTESIAN_POINT('Ctrl Pts',(-8.90736181717921,-20.5,3.01460169260585));
#10680=CARTESIAN_POINT('Ctrl Pts',(-9.22968471531517,-20.5,2.89728575186194));
#10681=CARTESIAN_POINT('Ctrl Pts',(-9.26890133016343,-20.5,2.5565261038177));
#10682=CARTESIAN_POINT('Ctrl Pts',(-8.33596116951694,-21.0000000000002,
2.89608855264447));
#10683=CARTESIAN_POINT('Ctrl Pts',(-8.58503891904329,-21.0000000000002,
3.13191763334957));
#10684=CARTESIAN_POINT('Ctrl Pts',(-8.90736181717916,-21.0000000000002,
3.0146016926057));
#10685=CARTESIAN_POINT('Ctrl Pts',(-9.22968471531503,-21.0000000000002,
2.89728575186182));
#10686=CARTESIAN_POINT('Ctrl Pts',(-9.26890133016327,-21.0000000000002,
2.55652610381768));
#10687=CARTESIAN_POINT('',(-8.68421313308707,-20.5,2.53682474446586));
#10688=CARTESIAN_POINT('Origin',(-8.71754063763341,-20.5,2.49307228806952));
#10689=CARTESIAN_POINT('',(-8.33596116951696,-21.,2.89608855264449));
#10690=CARTESIAN_POINT('Ctrl Pts',(-8.68421313308707,-20.5,2.53682474446586));
#10691=CARTESIAN_POINT('Ctrl Pts',(-8.68257852876672,-20.5,2.5386263132135));
#10692=CARTESIAN_POINT('Ctrl Pts',(-8.68093891738794,-20.5000176298661,
2.54042427695262));
#10693=CARTESIAN_POINT('Ctrl Pts',(-8.64770823333553,-20.5007311878769,
2.57671503755583));
#10694=CARTESIAN_POINT('Ctrl Pts',(-8.60797773317861,-20.5081714149515,
2.61786261649267));
#10695=CARTESIAN_POINT('Ctrl Pts',(-8.52848226358048,-20.5499909340641,
2.69979166964637));
#10696=CARTESIAN_POINT('Ctrl Pts',(-8.4939432754655,-20.5782902163959,2.73510756023702));
#10697=CARTESIAN_POINT('Ctrl Pts',(-8.42827774083236,-20.6556556301754,
2.8021560911836));
#10698=CARTESIAN_POINT('Ctrl Pts',(-8.39908066603799,-20.7064797978373,
2.83187902736017));
#10699=CARTESIAN_POINT('Ctrl Pts',(-8.35597529733379,-20.8212363025685,
2.87574439227562));
#10700=CARTESIAN_POINT('Ctrl Pts',(-8.34247601454001,-20.8840698612588,
2.88946547293582));
#10701=CARTESIAN_POINT('Ctrl Pts',(-8.33657364679494,-20.9658580936553,
2.89546593430452));
#10702=CARTESIAN_POINT('Ctrl Pts',(-8.33596116951694,-20.9829389579577,
2.89608855264447));
#10703=CARTESIAN_POINT('Ctrl Pts',(-8.33596116951694,-21.0000000000002,
2.89608855264447));
#10704=CARTESIAN_POINT('Origin',(-8.71754063763341,-21.,2.49307228806952));
#10705=CARTESIAN_POINT('Ctrl Pts',(-8.59576094807847,-20.5,2.40411753815905));
#10706=CARTESIAN_POINT('Ctrl Pts',(-8.63208878211178,-20.5,2.48380447926003));
#10707=CARTESIAN_POINT('Ctrl Pts',(-8.69333801426891,-20.5,2.54640041896657));
#10708=CARTESIAN_POINT('Ctrl Pts',(-8.14080703713594,-20.5,2.6115227910295));
#10709=CARTESIAN_POINT('Ctrl Pts',(-8.21346270520256,-20.5,2.7708966732315));
#10710=CARTESIAN_POINT('Ctrl Pts',(-8.33596116951684,-20.5,2.8960885526446));
#10711=CARTESIAN_POINT('Ctrl Pts',(-8.14080703713609,-21.0000000000002,
2.61152279102944));
#10712=CARTESIAN_POINT('Ctrl Pts',(-8.21346270520269,-21.0000000000002,
2.77089667323141));
#10713=CARTESIAN_POINT('Ctrl Pts',(-8.33596116951696,-21.0000000000002,
2.89608855264449));
#10714=CARTESIAN_POINT('',(-8.59576094807848,-20.5,2.40411753815904));
#10715=CARTESIAN_POINT('Origin',(-9.05071485902085,-20.5,2.19671228528866));
#10716=CARTESIAN_POINT('',(-8.1451374998864,-21.,2.62089343364754));
#10717=CARTESIAN_POINT('Ctrl Pts',(-8.59576094807847,-20.5,2.40411753815905));
#10718=CARTESIAN_POINT('Ctrl Pts',(-8.59136640923137,-20.5,2.40619479777437));
#10719=CARTESIAN_POINT('Ctrl Pts',(-8.58697247448983,-20.5000708673841,
2.40827273089241));
#10720=CARTESIAN_POINT('Ctrl Pts',(-8.52616710965035,-20.5020328435784,
2.43704130348203));
#10721=CARTESIAN_POINT('Ctrl Pts',(-8.4706186584418,-20.515524448636,2.46348068551357));
#10722=CARTESIAN_POINT('Ctrl Pts',(-8.36476540242911,-20.5655016765599,
2.51413356794698));
#10723=CARTESIAN_POINT('Ctrl Pts',(-8.31579996993289,-20.6024705644824,
2.53772022679779));
#10724=CARTESIAN_POINT('Ctrl Pts',(-8.23348137995518,-20.6951546687044,
2.57759062778425));
#10725=CARTESIAN_POINT('Ctrl Pts',(-8.20091346735472,-20.7499819675023,
2.5934946476936));
#10726=CARTESIAN_POINT('Ctrl Pts',(-8.15653377772332,-20.8704337538343,
2.61525515532911));
#10727=CARTESIAN_POINT('Ctrl Pts',(-8.1451374998864,-20.9349051473283,2.62089343364754));
#10728=CARTESIAN_POINT('Ctrl Pts',(-8.1451374998864,-21.,2.62089343364754));
#10729=CARTESIAN_POINT('Origin',(-9.05071485902085,-21.,2.19671228528866));
#10730=CARTESIAN_POINT('Origin',(-8.01200305245327,-21.,2.68999639238794));
#10731=CARTESIAN_POINT('',(-7.76249940083883,-20.5,2.0897898214217));
#10732=CARTESIAN_POINT('Origin',(-8.01200305245327,-20.5,2.68999639238794));
#10733=CARTESIAN_POINT('',(-7.96070003095442,-21.,2.54904249927005));
#10734=CARTESIAN_POINT('Ctrl Pts',(-7.76249940083883,-20.5,2.08978982142169));
#10735=CARTESIAN_POINT('Ctrl Pts',(-7.76435490818911,-20.5,2.09400917758323));
#10736=CARTESIAN_POINT('Ctrl Pts',(-7.76620990400994,-20.5000637112497,
2.09822851822361));
#10737=CARTESIAN_POINT('Ctrl Pts',(-7.79330345612014,-20.5019255904462,
2.15987237944396));
#10738=CARTESIAN_POINT('Ctrl Pts',(-7.81810528433929,-20.5154483772104,
2.21652641442216));
#10739=CARTESIAN_POINT('Ctrl Pts',(-7.86506404934523,-20.5655930721688,
2.32441242430995));
#10740=CARTESIAN_POINT('Ctrl Pts',(-7.88663103589064,-20.6025993182672,
2.37432565638037));
#10741=CARTESIAN_POINT('Ctrl Pts',(-7.92264895236327,-20.6953318665277,
2.45839352613423));
#10742=CARTESIAN_POINT('Ctrl Pts',(-7.9367591931182,-20.7501592270512,2.4917620431846));
#10743=CARTESIAN_POINT('Ctrl Pts',(-7.95586007634724,-20.8705545403287,
2.5372990789227));
#10744=CARTESIAN_POINT('Ctrl Pts',(-7.96070003095442,-20.9349638289935,
2.54904249927005));
#10745=CARTESIAN_POINT('Ctrl Pts',(-7.96070003095442,-21.,2.54904249927005));
#10746=CARTESIAN_POINT('Origin',(-8.01200305245327,-21.,2.68999639238794));
#10747=CARTESIAN_POINT('Origin',(-11.4851066235484,-21.,10.1081614060242));
#10748=CARTESIAN_POINT('',(-7.27637169398647,-20.5,2.3339323319606));
#10749=CARTESIAN_POINT('Origin',(-11.4851066235484,-20.5,10.1081614060242));
#10750=CARTESIAN_POINT('',(-7.52639170906912,-21.,2.76716033653461));
#10751=CARTESIAN_POINT('Ctrl Pts',(-7.27637169398647,-20.5,2.33393233196061));
#10752=CARTESIAN_POINT('Ctrl Pts',(-7.27710355598893,-20.5,2.33522088696345));
#10753=CARTESIAN_POINT('Ctrl Pts',(-7.27783545590067,-20.5000065852621,
2.33650941202321));
#10754=CARTESIAN_POINT('Ctrl Pts',(-7.31111719271308,-20.500605465566,2.39509815914557));
#10755=CARTESIAN_POINT('Ctrl Pts',(-7.34337614355708,-20.5142089162494,
2.45168907923214));
#10756=CARTESIAN_POINT('Ctrl Pts',(-7.40330797157681,-20.5655801655659,
2.5562867835791));
#10757=CARTESIAN_POINT('Ctrl Pts',(-7.43046120656712,-20.6025749389461,
2.60338474653359));
#10758=CARTESIAN_POINT('Ctrl Pts',(-7.4763873298676,-20.6952910966961,2.6824807596415));
#10759=CARTESIAN_POINT('Ctrl Pts',(-7.49473077283665,-20.7501186359423,
2.71373189438462));
#10760=CARTESIAN_POINT('Ctrl Pts',(-7.51985942813186,-20.8705267944507,
2.75626069830323));
#10761=CARTESIAN_POINT('Ctrl Pts',(-7.52639170906912,-20.934949752736,2.76716033653461));
#10762=CARTESIAN_POINT('Ctrl Pts',(-7.52639170906912,-21.,2.76716033653461));
#10763=CARTESIAN_POINT('Origin',(-11.4851066235484,-21.,10.1081614060242));
#10764=CARTESIAN_POINT('Origin',(-7.60881805577975,-21.,2.89248350824655));
#10765=CARTESIAN_POINT('',(-7.03091195363774,-20.5,3.19001424129275));
#10766=CARTESIAN_POINT('Origin',(-7.60881805577975,-20.5,2.89248350824655));
#10767=CARTESIAN_POINT('',(-7.47388659074979,-21.,2.95800831076337));
#10768=CARTESIAN_POINT('Ctrl Pts',(-7.03091195363772,-20.5,3.19001424129276));
#10769=CARTESIAN_POINT('Ctrl Pts',(-7.03520240838173,-20.5,3.18772973318849));
#10770=CARTESIAN_POINT('Ctrl Pts',(-7.03949304261072,-20.5000708673841,
3.18544611183904));
#10771=CARTESIAN_POINT('Ctrl Pts',(-7.098879427943,-20.5020328435784,3.15385211875037));
#10772=CARTESIAN_POINT('Ctrl Pts',(-7.15325830436747,-20.515524448636,3.12508392185374));
#10773=CARTESIAN_POINT('Ctrl Pts',(-7.25709933743494,-20.5655016765599,
3.0704243741169));
#10774=CARTESIAN_POINT('Ctrl Pts',(-7.30525887225032,-20.6024705644824,
3.04523304105077));
#10775=CARTESIAN_POINT('Ctrl Pts',(-7.38639709884806,-20.6951546687044,
3.00301234333845));
#10776=CARTESIAN_POINT('Ctrl Pts',(-7.41860229089856,-20.7499819675023,
2.98638608743344));
#10777=CARTESIAN_POINT('Ctrl Pts',(-7.46255861171961,-20.8704337538343,
2.96378258318719));
#10778=CARTESIAN_POINT('Ctrl Pts',(-7.47388659074979,-20.9349051473283,
2.95800831076337));
#10779=CARTESIAN_POINT('Ctrl Pts',(-7.47388659074979,-21.,2.95800831076337));
#10780=CARTESIAN_POINT('Origin',(-7.60881805577975,-21.,2.89248350824655));
#10781=CARTESIAN_POINT('Ctrl Pts',(-7.08677136883652,-20.5,3.35324851389129));
#10782=CARTESIAN_POINT('Ctrl Pts',(-7.07313721904347,-20.5,3.26673938103829));
#10783=CARTESIAN_POINT('Ctrl Pts',(-7.03091195363772,-20.5,3.19001424129276));
#10784=CARTESIAN_POINT('Ctrl Pts',(-7.58067498441009,-20.5,3.27540753160445));
#10785=CARTESIAN_POINT('Ctrl Pts',(-7.55340668482398,-20.5,3.10238926589844));
#10786=CARTESIAN_POINT('Ctrl Pts',(-7.46895615401248,-20.5,2.94893898640737));
#10787=CARTESIAN_POINT('Ctrl Pts',(-7.58067498441009,-21.,3.27540753160445));
#10788=CARTESIAN_POINT('Ctrl Pts',(-7.55340668482398,-21.,3.10238926589844));
#10789=CARTESIAN_POINT('Ctrl Pts',(-7.46895615401248,-21.,2.94893898640737));
#10790=CARTESIAN_POINT('',(-7.08453949942924,-20.5,3.34021103876473));
#10791=CARTESIAN_POINT('Origin',(-6.592867753263,-20.5,3.43108949617813));
#10792=CARTESIAN_POINT('',(-7.58067498441008,-21.,3.27540753160437));
#10793=CARTESIAN_POINT('Ctrl Pts',(-7.08453949942924,-20.5,3.34021103876473));
#10794=CARTESIAN_POINT('Ctrl Pts',(-7.08707700264251,-20.5,3.33996440254325));
#10795=CARTESIAN_POINT('Ctrl Pts',(-7.08961463365917,-20.5000193649464,
3.33971099140678));
#10796=CARTESIAN_POINT('Ctrl Pts',(-7.14854063239789,-20.5009195998107,
3.33370027455834));
#10797=CARTESIAN_POINT('Ctrl Pts',(-7.21559582475703,-20.5117151946386,
3.32483691283235));
#10798=CARTESIAN_POINT('Ctrl Pts',(-7.34367309615635,-20.5684983824136,
3.30786552090995));
#10799=CARTESIAN_POINT('Ctrl Pts',(-7.39710033099564,-20.6060833908602,
3.30059462979302));
#10800=CARTESIAN_POINT('Ctrl Pts',(-7.48666046550233,-20.6998035863794,
3.28836411988371));
#10801=CARTESIAN_POINT('Ctrl Pts',(-7.52193623714211,-20.7550385720985,
3.28350670832207));
#10802=CARTESIAN_POINT('Ctrl Pts',(-7.56882413468144,-20.8742638619785,
3.277045830199));
#10803=CARTESIAN_POINT('Ctrl Pts',(-7.58067498441009,-20.9368571785461,
3.27540753160445));
#10804=CARTESIAN_POINT('Ctrl Pts',(-7.58067498441009,-21.,3.27540753160445));
#10805=CARTESIAN_POINT('Origin',(-6.592867753263,-21.,3.43108949617813));
#10806=CARTESIAN_POINT('Ctrl Pts',(-7.00195840155999,-20.5,3.3883991982631));
#10807=CARTESIAN_POINT('Ctrl Pts',(-7.03136603497259,-20.5,3.40544731490693));
#10808=CARTESIAN_POINT('Ctrl Pts',(-7.05976582752776,-20.5,3.38676847750052));
#10809=CARTESIAN_POINT('Ctrl Pts',(-7.08816562008293,-20.5,3.36808964009412));
#10810=CARTESIAN_POINT('Ctrl Pts',(-7.08415953335043,-20.5,3.33433466337774));
#10811=CARTESIAN_POINT('Ctrl Pts',(-6.7511908363429,-20.5,3.82096783817484));
#10812=CARTESIAN_POINT('Ctrl Pts',(-7.04794059168827,-20.5,3.99299883339889));
#10813=CARTESIAN_POINT('Ctrl Pts',(-7.33452031656317,-20.5,3.80451238320699));
#10814=CARTESIAN_POINT('Ctrl Pts',(-7.62110004143807,-20.5,3.6160259330151));
#10815=CARTESIAN_POINT('Ctrl Pts',(-7.58067498441008,-20.5,3.27540753160438));
#10816=CARTESIAN_POINT('Ctrl Pts',(-6.7511908363429,-21.,3.82096783817484));
#10817=CARTESIAN_POINT('Ctrl Pts',(-7.04794059168827,-21.,3.99299883339889));
#10818=CARTESIAN_POINT('Ctrl Pts',(-7.33452031656317,-21.,3.80451238320699));
#10819=CARTESIAN_POINT('Ctrl Pts',(-7.62110004143807,-21.,3.6160259330151));
#10820=CARTESIAN_POINT('Ctrl Pts',(-7.58067498441008,-21.,3.27540753160438));
#10821=CARTESIAN_POINT('',(-7.00720368721479,-20.5,3.39107560262517));
#10822=CARTESIAN_POINT('Origin',(-7.02954283373387,-20.5,3.34081664787281));
#10823=CARTESIAN_POINT('',(-6.7511908363429,-21.,3.82096783817484));
#10824=CARTESIAN_POINT('Ctrl Pts',(-7.00720368721479,-20.5,3.39107560262517));
#10825=CARTESIAN_POINT('Ctrl Pts',(-7.00602861421114,-20.5,3.39320557555224));
#10826=CARTESIAN_POINT('Ctrl Pts',(-7.004847837742,-20.5000176298661,3.39533319535277));
#10827=CARTESIAN_POINT('Ctrl Pts',(-6.99524085320138,-20.5003036692759,
3.41256073271987));
#10828=CARTESIAN_POINT('Ctrl Pts',(-6.98660546049271,-20.5014486379385,
3.42757864714974));
#10829=CARTESIAN_POINT('Ctrl Pts',(-6.94569720477103,-20.5111194614693,
3.49804939849529));
#10830=CARTESIAN_POINT('Ctrl Pts',(-6.91369092696388,-20.5311210958521,
3.55138555864518));
#10831=CARTESIAN_POINT('Ctrl Pts',(-6.85519751145888,-20.593972816303,3.64887035242877));
#10832=CARTESIAN_POINT('Ctrl Pts',(-6.82921192810228,-20.6363086591731,
3.69192617019809));
#10833=CARTESIAN_POINT('Ctrl Pts',(-6.78707134107056,-20.737865691764,3.76169167849333));
#10834=CARTESIAN_POINT('Ctrl Pts',(-6.77130939344464,-20.796109791863,3.78773347430558));
#10835=CARTESIAN_POINT('Ctrl Pts',(-6.75474218672429,-20.9045613576407,
3.81510396301321));
#10836=CARTESIAN_POINT('Ctrl Pts',(-6.75119083634291,-20.9522028903327,
3.82096783817483));
#10837=CARTESIAN_POINT('Ctrl Pts',(-6.7511908363429,-20.9999999999998,3.82096783817485));
#10838=CARTESIAN_POINT('Origin',(-7.02954283373387,-21.,3.34081664787281));
#10839=CARTESIAN_POINT('Ctrl Pts',(-6.890531354364,-20.5,3.28234401390373));
#10840=CARTESIAN_POINT('Ctrl Pts',(-6.94425704023829,-20.5,3.35150520811675));
#10841=CARTESIAN_POINT('Ctrl Pts',(-7.01829090855635,-20.5,3.39828882116126));
#10842=CARTESIAN_POINT('Ctrl Pts',(-6.4956717279582,-20.5,3.58907822365978));
#10843=CARTESIAN_POINT('Ctrl Pts',(-6.60312309970677,-20.5,3.72740061208583));
#10844=CARTESIAN_POINT('Ctrl Pts',(-6.7511908363429,-20.5,3.82096783817485));
#10845=CARTESIAN_POINT('Ctrl Pts',(-6.4956717279582,-21.,3.58907822365978));
#10846=CARTESIAN_POINT('Ctrl Pts',(-6.60312309970677,-21.,3.72740061208583));
#10847=CARTESIAN_POINT('Ctrl Pts',(-6.7511908363429,-21.,3.82096783817485));
#10848=CARTESIAN_POINT('',(-6.890531354364,-20.5,3.28234401390373));
#10849=CARTESIAN_POINT('Origin',(-7.28539098076981,-20.5,2.97560980414768));
#10850=CARTESIAN_POINT('',(-6.50204648143211,-21.,3.59719760595638));
#10851=CARTESIAN_POINT('Ctrl Pts',(-6.890531354364,-20.5,3.28234401390373));
#10852=CARTESIAN_POINT('Ctrl Pts',(-6.88673431991532,-20.5,3.28537873111994));
#10853=CARTESIAN_POINT('Ctrl Pts',(-6.88293802860892,-20.5000708673841,
3.28841396436889));
#10854=CARTESIAN_POINT('Ctrl Pts',(-6.83040616966618,-20.5020328435784,
3.33042975851912));
#10855=CARTESIAN_POINT('Ctrl Pts',(-6.78245237525797,-20.515524448636,3.3689668180302));
#10856=CARTESIAN_POINT('Ctrl Pts',(-6.69113376604855,-20.56550167656,3.44266578626847));
#10857=CARTESIAN_POINT('Ctrl Pts',(-6.64892766099124,-20.6024705644824,
3.47690886952875));
#10858=CARTESIAN_POINT('Ctrl Pts',(-6.57802272650043,-20.6951546687044,
3.53468853200256));
#10859=CARTESIAN_POINT('Ctrl Pts',(-6.55000040559873,-20.7499819675023,
3.55767453451957));
#10860=CARTESIAN_POINT('Ctrl Pts',(-6.51183529466114,-20.8704337538343,
3.58908314562314));
#10861=CARTESIAN_POINT('Ctrl Pts',(-6.50204648143211,-20.9349051473283,
3.59719760595638));
#10862=CARTESIAN_POINT('Ctrl Pts',(-6.50204648143211,-21.,3.59719760595638));
#10863=CARTESIAN_POINT('Origin',(-7.28539098076981,-21.,2.97560980414768));
#10864=CARTESIAN_POINT('Origin',(-6.38843692926062,-21.,3.69514080202121));
#10865=CARTESIAN_POINT('',(-6.00724151987752,-20.5,3.16865237872471));
#10866=CARTESIAN_POINT('Origin',(-6.38843692926062,-20.5,3.69514080202121));
#10867=CARTESIAN_POINT('',(-6.30601058255,-21.,3.56981763030927));
#10868=CARTESIAN_POINT('Ctrl Pts',(-6.00724151987751,-20.5,3.16865237872471));
#10869=CARTESIAN_POINT('Ctrl Pts',(-6.01002006228219,-20.5,3.17233009215158));
#10870=CARTESIAN_POINT('Ctrl Pts',(-6.01279810336632,-20.5000637112497,
3.17600790844252));
#10871=CARTESIAN_POINT('Ctrl Pts',(-6.05337739800419,-20.5019255904462,
3.22974194829416));
#10872=CARTESIAN_POINT('Ctrl Pts',(-6.09057600934132,-20.5154483772103,
3.27914917121665));
#10873=CARTESIAN_POINT('Ctrl Pts',(-6.16114922087042,-20.5655930721688,
3.37329766326455));
#10874=CARTESIAN_POINT('Ctrl Pts',(-6.19364564997778,-20.6025993182672,
3.41689178832326));
#10875=CARTESIAN_POINT('Ctrl Pts',(-6.24808008383521,-20.6953318665278,
3.49038729459815));
#10876=CARTESIAN_POINT('Ctrl Pts',(-6.26950529083939,-20.7501592270512,
3.51960231349478));
#10877=CARTESIAN_POINT('Ctrl Pts',(-6.29859287043671,-20.8705545403287,
3.55950692572332));
#10878=CARTESIAN_POINT('Ctrl Pts',(-6.30601058254998,-20.9349638289935,
3.56981763030929));
#10879=CARTESIAN_POINT('Ctrl Pts',(-6.30601058254998,-21.,3.56981763030929));
#10880=CARTESIAN_POINT('Origin',(-6.38843692926062,-21.,3.69514080202121));
#10881=CARTESIAN_POINT('Origin',(-11.478669128038,-21.,10.1123954134279));
#10882=CARTESIAN_POINT('',(-5.59052058593129,-20.5,3.51832276070285));
#10883=CARTESIAN_POINT('Origin',(-11.478669128038,-20.5,10.1123954134279));
#10884=CARTESIAN_POINT('',(-5.93371053265462,-21.,3.88221446486378));
#10885=CARTESIAN_POINT('Ctrl Pts',(-5.59052058593129,-20.5,3.51832276070285));
#10886=CARTESIAN_POINT('Ctrl Pts',(-5.59152988173271,-20.5,3.51940780354583));
#10887=CARTESIAN_POINT('Ctrl Pts',(-5.59253920751636,-20.5000065852621,
3.52049280851041));
#10888=CARTESIAN_POINT('Ctrl Pts',(-5.63843532573881,-20.500605465566,3.56982699165656));
#10889=CARTESIAN_POINT('Ctrl Pts',(-5.68287549669974,-20.5142089162493,
3.61745307013006));
#10890=CARTESIAN_POINT('Ctrl Pts',(-5.76531374520456,-20.5655801655659,
3.70541009911546));
#10891=CARTESIAN_POINT('Ctrl Pts',(-5.80259659896847,-20.6025749389461,
3.74497656345234));
#10892=CARTESIAN_POINT('Ctrl Pts',(-5.86552557360675,-20.6952910966961,
3.81134924037556));
#10893=CARTESIAN_POINT('Ctrl Pts',(-5.89058157434703,-20.7501186359423,
3.83752770766442));
#10894=CARTESIAN_POINT('Ctrl Pts',(-5.92484070063393,-20.8705267944507,
3.87311507544783));
#10895=CARTESIAN_POINT('Ctrl Pts',(-5.93371053265465,-20.934949752736,3.88221446486374));
#10896=CARTESIAN_POINT('Ctrl Pts',(-5.93371053265465,-21.,3.88221446486374));
#10897=CARTESIAN_POINT('Origin',(-11.478669128038,-21.,10.1123954134279));
#10898=CARTESIAN_POINT('Origin',(-6.04281657889057,-21.,3.9851507105441));
#10899=CARTESIAN_POINT('',(-5.54910331959903,-20.5,4.40793578312788));
#10900=CARTESIAN_POINT('Origin',(-6.04281657889057,-20.5,3.9851507105441));
#10901=CARTESIAN_POINT('',(-5.92663326835098,-21.,4.08002662082728));
#10902=CARTESIAN_POINT('Ctrl Pts',(-5.549103319599,-20.5,4.40793578312791));
#10903=CARTESIAN_POINT('Ctrl Pts',(-5.55275128075455,-20.5,4.40472340727847));
#10904=CARTESIAN_POINT('Ctrl Pts',(-5.55639962105597,-20.5000708673841,
4.40151185288897));
#10905=CARTESIAN_POINT('Ctrl Pts',(-5.60689916245997,-20.5020328435784,
4.35707403700901));
#10906=CARTESIAN_POINT('Ctrl Pts',(-5.65317784645536,-20.515524448636,4.31654065864634));
#10907=CARTESIAN_POINT('Ctrl Pts',(-5.74161447184155,-20.5655016765599,
4.23940707583326));
#10908=CARTESIAN_POINT('Ctrl Pts',(-5.78266633895297,-20.6024705644824,
4.20378842535416));
#10909=CARTESIAN_POINT('Ctrl Pts',(-5.85188071118557,-20.6951546687044,
4.14399402923557));
#10910=CARTESIAN_POINT('Ctrl Pts',(-5.87938352963362,-20.7499819675023,
4.12038890780309));
#10911=CARTESIAN_POINT('Ctrl Pts',(-5.91694227532453,-20.8704337538343,
4.08825765873837));
#10912=CARTESIAN_POINT('Ctrl Pts',(-5.92663326835098,-20.9349051473284,
4.08002662082728));
#10913=CARTESIAN_POINT('Ctrl Pts',(-5.92663326835098,-21.,4.08002662082728));
#10914=CARTESIAN_POINT('Origin',(-6.04281657889057,-21.,3.9851507105441));
#10915=CARTESIAN_POINT('Ctrl Pts',(-5.64110145094165,-20.5,4.55388798710698));
#10916=CARTESIAN_POINT('Ctrl Pts',(-5.60788443242086,-20.5,4.47285497045275));
#10917=CARTESIAN_POINT('Ctrl Pts',(-5.549103319599,-20.5,4.40793578312791));
#10918=CARTESIAN_POINT('Ctrl Pts',(-6.10374046472681,-20.5,4.36424320620349));
#10919=CARTESIAN_POINT('Ctrl Pts',(-6.03730642768523,-20.5,4.20217717289502));
#10920=CARTESIAN_POINT('Ctrl Pts',(-5.9197442020415,-20.5,4.07233879824531));
#10921=CARTESIAN_POINT('Ctrl Pts',(-6.10374046472681,-21.,4.36424320620349));
#10922=CARTESIAN_POINT('Ctrl Pts',(-6.03730642768523,-21.,4.20217717289502));
#10923=CARTESIAN_POINT('Ctrl Pts',(-5.9197442020415,-21.,4.07233879824531));
#10924=CARTESIAN_POINT('',(-5.63592309318452,-20.5,4.54171664331652));
#10925=CARTESIAN_POINT('Origin',(-5.17846243715656,-20.5,4.74353276801044));
#10926=CARTESIAN_POINT('',(-6.10374046472681,-21.,4.3642432062035));
#10927=CARTESIAN_POINT('Ctrl Pts',(-5.63592309318452,-20.5,4.54171664331652));
#10928=CARTESIAN_POINT('Ctrl Pts',(-5.63833531944327,-20.5,4.54089146669329));
#10929=CARTESIAN_POINT('Ctrl Pts',(-5.64074610765762,-20.5000193649464,
4.54005966830025));
#10930=CARTESIAN_POINT('Ctrl Pts',(-5.69669758175877,-20.5009195998104,
4.52062170059926));
#10931=CARTESIAN_POINT('Ctrl Pts',(-5.75990126083396,-20.5117151946324,
4.49653326036754));
#10932=CARTESIAN_POINT('Ctrl Pts',(-5.88061232047399,-20.5684983823903,
4.45048268304768));
#10933=CARTESIAN_POINT('Ctrl Pts',(-5.93092263440075,-20.606083390832,4.43108661145678));
#10934=CARTESIAN_POINT('Ctrl Pts',(-6.01524811420639,-20.6998035863432,
4.39853178811891));
#10935=CARTESIAN_POINT('Ctrl Pts',(-6.04845282666401,-20.755038572059,4.38567015591999));
#10936=CARTESIAN_POINT('Ctrl Pts',(-6.09258687383791,-20.8742638619487,
4.36857033827873));
#10937=CARTESIAN_POINT('Ctrl Pts',(-6.10374046472679,-20.9368571785309,
4.36424320620344));
#10938=CARTESIAN_POINT('Ctrl Pts',(-6.10374046472679,-21.,4.36424320620344));
#10939=CARTESIAN_POINT('Origin',(-5.17846243715656,-21.,4.74353276801044));
#10940=CARTESIAN_POINT('Ctrl Pts',(-5.56668093385819,-20.5,4.6076503965311));
#10941=CARTESIAN_POINT('Ctrl Pts',(-5.59922744697055,-20.5,4.6174571119985));
#10942=CARTESIAN_POINT('Ctrl Pts',(-5.62255408308896,-20.5,4.59273232218279));
#10943=CARTESIAN_POINT('Ctrl Pts',(-5.64588071920736,-20.5,4.56800753236707));
#10944=CARTESIAN_POINT('Ctrl Pts',(-5.63419818371386,-20.5,4.53608629259674));
#10945=CARTESIAN_POINT('Ctrl Pts',(-5.42243003436501,-20.5,5.08639007317741));
#10946=CARTESIAN_POINT('Ctrl Pts',(-5.75085393940795,-20.5,5.18534874743934));
#10947=CARTESIAN_POINT('Ctrl Pts',(-5.98624090387549,-20.5,4.93585314111714));
#10948=CARTESIAN_POINT('Ctrl Pts',(-6.22162786834304,-20.5,4.68635753479494));
#10949=CARTESIAN_POINT('Ctrl Pts',(-6.10374046472679,-20.5,4.36424320620344));
#10950=CARTESIAN_POINT('Ctrl Pts',(-5.42243003436501,-21.,5.08639007317741));
#10951=CARTESIAN_POINT('Ctrl Pts',(-5.75085393940795,-21.,5.18534874743934));
#10952=CARTESIAN_POINT('Ctrl Pts',(-5.98624090387549,-21.,4.93585314111714));
#10953=CARTESIAN_POINT('Ctrl Pts',(-6.22162786834304,-21.,4.68635753479494));
#10954=CARTESIAN_POINT('Ctrl Pts',(-6.10374046472679,-21.,4.36424320620344));
#10955=CARTESIAN_POINT('',(-5.57240205348173,-20.5,4.60904501194863));
#10956=CARTESIAN_POINT('Origin',(-5.58254853280244,-20.5,4.55498903210001));
#10957=CARTESIAN_POINT('',(-5.42243003436502,-21.,5.08639007317741));
#10958=CARTESIAN_POINT('Ctrl Pts',(-5.57240205348173,-20.5,4.60904501194863));
#10959=CARTESIAN_POINT('Ctrl Pts',(-5.57174986028405,-20.5,4.6113885616643));
#10960=CARTESIAN_POINT('Ctrl Pts',(-5.57109157469071,-20.5000176298661,
4.61373113699021));
#10961=CARTESIAN_POINT('Ctrl Pts',(-5.56571649119547,-20.5003036692757,
4.63270982695176));
#10962=CARTESIAN_POINT('Ctrl Pts',(-5.56077723603187,-20.5014486379369,
4.64931439015037));
#10963=CARTESIAN_POINT('Ctrl Pts',(-5.53722334132592,-20.5111194614592,
4.72731968627268));
#10964=CARTESIAN_POINT('Ctrl Pts',(-5.51837996189422,-20.5311210958363,
4.78659931894919));
#10965=CARTESIAN_POINT('Ctrl Pts',(-5.48394478457565,-20.5939728162767,
4.89494590745366));
#10966=CARTESIAN_POINT('Ctrl Pts',(-5.46858900088574,-20.6363086591425,
4.9428338380188));
#10967=CARTESIAN_POINT('Ctrl Pts',(-5.44367335227191,-20.7378656917262,
5.0204370961893));
#10968=CARTESIAN_POINT('Ctrl Pts',(-5.43434192139952,-20.7961097918225,
5.04941188730631));
#10969=CARTESIAN_POINT('Ctrl Pts',(-5.42453335496223,-20.9045613576115,
5.07986526176512));
#10970=CARTESIAN_POINT('Ctrl Pts',(-5.42243003436502,-20.952202890318,5.08639007317739));
#10971=CARTESIAN_POINT('Ctrl Pts',(-5.42243003436501,-20.9999999999998,
5.08639007317741));
#10972=CARTESIAN_POINT('Origin',(-5.58254853280244,-21.,4.55498903210001));
#10973=CARTESIAN_POINT('Ctrl Pts',(-5.43379940845269,-20.5,4.53015078890534));
#10974=CARTESIAN_POINT('Ctrl Pts',(-5.502026580536,-20.5,4.58505773834824));
#10975=CARTESIAN_POINT('Ctrl Pts',(-5.58485390001068,-20.5,4.61350690804175));
#10976=CARTESIAN_POINT('Ctrl Pts',(-5.12032105124905,-20.5,4.91967783490459));
#10977=CARTESIAN_POINT('Ctrl Pts',(-5.25677539541566,-20.5,5.0294917337904));
#10978=CARTESIAN_POINT('Ctrl Pts',(-5.42243003436502,-20.5,5.08639007317741));
#10979=CARTESIAN_POINT('Ctrl Pts',(-5.12032105124905,-21.,4.91967783490459));
#10980=CARTESIAN_POINT('Ctrl Pts',(-5.25677539541566,-21.,5.0294917337904));
#10981=CARTESIAN_POINT('Ctrl Pts',(-5.42243003436502,-21.,5.08639007317741));
#10982=CARTESIAN_POINT('',(-5.4337994084527,-20.5,4.53015078890534));
#10983=CARTESIAN_POINT('Origin',(-5.74727776565634,-20.5,4.14062374290609));
#10984=CARTESIAN_POINT('',(-5.12839643083586,-21.,4.92610823887709));
#10985=CARTESIAN_POINT('Ctrl Pts',(-5.43379940845269,-20.5,4.53015078890534));
#10986=CARTESIAN_POINT('Ctrl Pts',(-5.43080457751224,-20.5,4.53397936133188));
#10987=CARTESIAN_POINT('Ctrl Pts',(-5.4278105886878,-20.5000708673841,4.53780826450082));
#10988=CARTESIAN_POINT('Ctrl Pts',(-5.38638424175454,-20.5020328435784,
4.59080619787349));
#10989=CARTESIAN_POINT('Ctrl Pts',(-5.34861030561567,-20.5155244486359,
4.63936339201113));
#10990=CARTESIAN_POINT('Ctrl Pts',(-5.27674935306909,-20.5655016765599,
4.73213531560019));
#10991=CARTESIAN_POINT('Ctrl Pts',(-5.2435779174988,-20.6024705644824,4.77518876978792));
#10992=CARTESIAN_POINT('Ctrl Pts',(-5.18790914186631,-20.6951546687044,
4.84776277718947));
#10993=CARTESIAN_POINT('Ctrl Pts',(-5.16594310323653,-20.7499819675023,
4.87659158096873));
#10994=CARTESIAN_POINT('Ctrl Pts',(-5.13605006200207,-20.8704337538343,
4.91595504918595));
#10995=CARTESIAN_POINT('Ctrl Pts',(-5.12839643083586,-20.9349051473283,
4.92610823887709));
#10996=CARTESIAN_POINT('Ctrl Pts',(-5.12839643083586,-21.,4.92610823887709));
#10997=CARTESIAN_POINT('Origin',(-5.74727776565634,-21.,4.14062374290609));
#10998=CARTESIAN_POINT('Origin',(-5.04043649429032,-21.,5.04761152921486));
#10999=CARTESIAN_POINT('',(-4.54809967032696,-20.5,4.62322438076471));
#11000=CARTESIAN_POINT('Origin',(-5.04043649429032,-20.5,5.04761152921486));
#11001=CARTESIAN_POINT('',(-4.93133044805436,-21.,4.94467528353455));
#11002=CARTESIAN_POINT('Ctrl Pts',(-4.54809967032695,-20.5,4.6232243807647));
#11003=CARTESIAN_POINT('Ctrl Pts',(-4.55165145584585,-20.5,4.62616218497418));
#11004=CARTESIAN_POINT('Ctrl Pts',(-4.55520277727952,-20.5000637112497,
4.62910020488717));
#11005=CARTESIAN_POINT('Ctrl Pts',(-4.60708017416761,-20.5019255904462,
4.67202760737362));
#11006=CARTESIAN_POINT('Ctrl Pts',(-4.65467018185722,-20.5154483772104,
4.71152446206385));
#11007=CARTESIAN_POINT('Ctrl Pts',(-4.74505321980853,-20.5655930721688,
4.78685986669586));
#11008=CARTESIAN_POINT('Ctrl Pts',(-4.78672720057327,-20.6025993182672,
4.82178471417705));
#11009=CARTESIAN_POINT('Ctrl Pts',(-4.85664357739639,-20.6953318665278,
4.88074569520609));
#11010=CARTESIAN_POINT('Ctrl Pts',(-4.88422871219454,-20.7501592270512,
4.90423222671823));
#11011=CARTESIAN_POINT('Ctrl Pts',(-4.92173486921502,-20.8705545403287,
4.93635314746306));
#11012=CARTESIAN_POINT('Ctrl Pts',(-4.93133044805433,-20.9349638289935,
4.94467528353459));
#11013=CARTESIAN_POINT('Ctrl Pts',(-4.93133044805433,-21.,4.94467528353459));
#11014=CARTESIAN_POINT('Origin',(-5.04043649429032,-21.,5.04761152921486));
#11015=CARTESIAN_POINT('Origin',(-11.4733815853564,-21.,10.1179998812466));
#11016=CARTESIAN_POINT('',(-4.22325104270027,-20.5,5.05957181338061));
#11017=CARTESIAN_POINT('Origin',(-11.4733815853564,-20.5,10.1179998812466));
#11018=CARTESIAN_POINT('',(-4.64110946220502,-21.,5.33450972116726));
#11019=CARTESIAN_POINT('Ctrl Pts',(-4.22325104270027,-20.5,5.05957181338061));
#11020=CARTESIAN_POINT('Ctrl Pts',(-4.22448336090274,-20.5,5.06039484912324));
#11021=CARTESIAN_POINT('Ctrl Pts',(-4.22571569954401,-20.5000065852621,
5.0612178410941));
#11022=CARTESIAN_POINT('Ctrl Pts',(-4.2817519275638,-20.500605465566,5.09863784168041));
#11023=CARTESIAN_POINT('Ctrl Pts',(-4.33597753752185,-20.5142089162493,
5.13473154432334));
#11024=CARTESIAN_POINT('Ctrl Pts',(-4.43647793919655,-20.5655801655659,
5.20130611174774));
#11025=CARTESIAN_POINT('Ctrl Pts',(-4.48188048343732,-20.6025749389461,
5.23120803913319));
#11026=CARTESIAN_POINT('Ctrl Pts',(-4.5584197921021,-20.6952910966961,5.28127921167884));
#11027=CARTESIAN_POINT('Ctrl Pts',(-4.5888375751282,-20.7501186359423,5.30097372356587));
#11028=CARTESIAN_POINT('Ctrl Pts',(-4.63038025404101,-20.8705267944507,
5.32770113100543));
#11029=CARTESIAN_POINT('Ctrl Pts',(-4.64110946220505,-20.934949752736,5.33450972116721));
#11030=CARTESIAN_POINT('Ctrl Pts',(-4.64110946220505,-21.,5.33450972116721));
#11031=CARTESIAN_POINT('Origin',(-11.4733815853564,-21.,10.1179998812466));
#11032=CARTESIAN_POINT('Origin',(-4.77101327277268,-21.,5.40950972116727));
#11033=CARTESIAN_POINT('',(-4.38810906593182,-20.5,5.9347566805907));
#11034=CARTESIAN_POINT('Origin',(-4.77101327277268,-20.5,5.40950972116727));
#11035=CARTESIAN_POINT('',(-4.67984158906759,-21.,5.52862195433574));
#11036=CARTESIAN_POINT('Ctrl Pts',(-4.38810906593181,-20.5,5.9347566805907));
#11037=CARTESIAN_POINT('Ctrl Pts',(-4.39091787096846,-20.5,5.93078961700994));
#11038=CARTESIAN_POINT('Ctrl Pts',(-4.39372723437413,-20.5000708673841,
5.92682326530948));
#11039=CARTESIAN_POINT('Ctrl Pts',(-4.43261748849987,-20.5020328435784,
5.87193728079593));
#11040=CARTESIAN_POINT('Ctrl Pts',(-4.46830108423426,-20.5155244486359,
5.8218238858857));
#11041=CARTESIAN_POINT('Ctrl Pts',(-4.53656566057386,-20.5655016765599,
5.72637455941084));
#11042=CARTESIAN_POINT('Ctrl Pts',(-4.56829674319945,-20.6024705644824,
5.68224880218564));
#11043=CARTESIAN_POINT('Ctrl Pts',(-4.62185589634436,-20.6951546687044,
5.60810423903269));
#11044=CARTESIAN_POINT('Ctrl Pts',(-4.64317365712862,-20.7499819675023,
5.57879281027916));
#11045=CARTESIAN_POINT('Ctrl Pts',(-4.67231002598746,-20.8704337538343,
5.5388660203499));
#11046=CARTESIAN_POINT('Ctrl Pts',(-4.67984158906768,-20.9349051473284,
5.5286219543358));
#11047=CARTESIAN_POINT('Ctrl Pts',(-4.67984158906768,-21.,5.5286219543358));
#11048=CARTESIAN_POINT('Origin',(-4.77101327277268,-21.,5.40950972116727));
#11049=CARTESIAN_POINT('Ctrl Pts',(-4.51128627034593,-20.5,6.05555849485667));
#11050=CARTESIAN_POINT('Ctrl Pts',(-4.46027712116342,-20.5,5.98437010530288));
#11051=CARTESIAN_POINT('Ctrl Pts',(-4.38810906593181,-20.5,5.9347566805907));
#11052=CARTESIAN_POINT('Ctrl Pts',(-4.91771969335985,-20.5,5.76433371456283));
#11053=CARTESIAN_POINT('Ctrl Pts',(-4.81570139499484,-20.5,5.62195693545526));
#11054=CARTESIAN_POINT('Ctrl Pts',(-4.67136528453161,-20.5,5.5227300860309));
#11055=CARTESIAN_POINT('Ctrl Pts',(-4.91771969335985,-21.,5.76433371456283));
#11056=CARTESIAN_POINT('Ctrl Pts',(-4.81570139499484,-21.,5.62195693545526));
#11057=CARTESIAN_POINT('Ctrl Pts',(-4.67136528453161,-21.,5.5227300860309));
#11058=CARTESIAN_POINT('',(-4.50344059084596,-20.5,6.0449094426965));
#11059=CARTESIAN_POINT('Origin',(-4.10485284733202,-20.5,6.34678327515049));
#11060=CARTESIAN_POINT('',(-4.91771969335984,-21.,5.76433371456281));
#11061=CARTESIAN_POINT('Ctrl Pts',(-4.50344059084596,-20.5,6.0449094426965));
#11062=CARTESIAN_POINT('Ctrl Pts',(-4.50559749640824,-20.5,6.04355021115685));
#11063=CARTESIAN_POINT('Ctrl Pts',(-4.50775147560356,-20.5000193649464,
6.04218486797391));
#11064=CARTESIAN_POINT('Ctrl Pts',(-4.55771206664359,-20.5009195998107,
6.01036755528161));
#11065=CARTESIAN_POINT('Ctrl Pts',(-4.61365690576241,-20.5117151946375,
5.97235265058142));
#11066=CARTESIAN_POINT('Ctrl Pts',(-4.72049418918804,-20.5684983824127,
5.89970548640066));
#11067=CARTESIAN_POINT('Ctrl Pts',(-4.76497534015016,-20.606083390859,5.86922988157801));
#11068=CARTESIAN_POINT('Ctrl Pts',(-4.83952015679665,-20.699803586378,5.81810578376983));
#11069=CARTESIAN_POINT('Ctrl Pts',(-4.86886373541996,-20.7550385720969,
5.79793330485788));
#11070=CARTESIAN_POINT('Ctrl Pts',(-4.90786465429277,-20.8742638619773,
5.7711164033046));
#11071=CARTESIAN_POINT('Ctrl Pts',(-4.91771969335985,-20.9368571785455,
5.76433371456283));
#11072=CARTESIAN_POINT('Ctrl Pts',(-4.91771969335985,-21.,5.76433371456283));
#11073=CARTESIAN_POINT('Origin',(-4.10485284733202,-21.,6.34678327515049));
#11074=CARTESIAN_POINT('Ctrl Pts',(-4.45127023279449,-20.5,6.12503428392513));
#11075=CARTESIAN_POINT('Ctrl Pts',(-4.48520103466037,-20.5,6.12707091564688));
#11076=CARTESIAN_POINT('Ctrl Pts',(-4.502196969351,-20.5,6.0976330932406));
#11077=CARTESIAN_POINT('Ctrl Pts',(-4.51919290404162,-20.5,6.06819527083432));
#11078=CARTESIAN_POINT('Ctrl Pts',(-4.50046372829949,-20.5,6.03982865030857));
#11079=CARTESIAN_POINT('Ctrl Pts',(-4.42131260235484,-20.5,6.62413601742086));
#11080=CARTESIAN_POINT('Ctrl Pts',(-4.76370523936509,-20.5,6.64468748297673));
#11081=CARTESIAN_POINT('Ctrl Pts',(-4.93520967124321,-20.5,6.34763309324062));
#11082=CARTESIAN_POINT('Ctrl Pts',(-5.10671410312132,-20.5,6.05057870350452));
#11083=CARTESIAN_POINT('Ctrl Pts',(-4.91771969335984,-20.5,5.76433371456281));
#11084=CARTESIAN_POINT('Ctrl Pts',(-4.42131260235484,-21.,6.62413601742086));
#11085=CARTESIAN_POINT('Ctrl Pts',(-4.76370523936509,-21.,6.64468748297673));
#11086=CARTESIAN_POINT('Ctrl Pts',(-4.93520967124321,-21.,6.34763309324062));
#11087=CARTESIAN_POINT('Ctrl Pts',(-5.10671410312132,-21.,6.05057870350452));
#11088=CARTESIAN_POINT('Ctrl Pts',(-4.91771969335984,-21.,5.76433371456281));
#11089=CARTESIAN_POINT('',(-4.45715875934702,-20.5,6.12507192631998));
#11090=CARTESIAN_POINT('Origin',(-4.45456557214285,-20.5,6.0701330932406));
#11091=CARTESIAN_POINT('',(-4.42131260235489,-21.,6.62413601742086));
#11092=CARTESIAN_POINT('Ctrl Pts',(-4.45715875934702,-20.5,6.12507192631998));
#11093=CARTESIAN_POINT('Ctrl Pts',(-4.45706460585969,-20.5,6.12750271145198));
#11094=CARTESIAN_POINT('Ctrl Pts',(-4.45696429948828,-20.5000176298661,
6.12993395346204));
#11095=CARTESIAN_POINT('Ctrl Pts',(-4.45611088917532,-20.5003036692757,
6.14964064994053));
#11096=CARTESIAN_POINT('Ctrl Pts',(-4.45513404807418,-20.501448637937,6.16693670562003));
#11097=CARTESIAN_POINT('Ctrl Pts',(-4.45020431093609,-20.5111194614596,
6.24827126082742));
#11098=CARTESIAN_POINT('Ctrl Pts',(-4.44553968134265,-20.5311210958369,
6.31029858568853));
#11099=CARTESIAN_POINT('Ctrl Pts',(-4.43701915153525,-20.5939728162777,
6.42366597627895));
#11100=CARTESIAN_POINT('Ctrl Pts',(-4.43312100178742,-20.6363086591437,
6.47380436890448));
#11101=CARTESIAN_POINT('Ctrl Pts',(-4.42677350066201,-20.7378656917277,
6.55506176520743));
#11102=CARTESIAN_POINT('Ctrl Pts',(-4.42437564639951,-20.7961097918241,
6.58540751313567));
#11103=CARTESIAN_POINT('Ctrl Pts',(-4.42185450260786,-20.9045613576126,
6.61730202403382));
#11104=CARTESIAN_POINT('Ctrl Pts',(-4.42131260235484,-20.9522028903186,
6.62413601742084));
#11105=CARTESIAN_POINT('Ctrl Pts',(-4.42131260235484,-20.9999999999998,
6.62413601742086));
#11106=CARTESIAN_POINT('Origin',(-4.45456557214285,-21.,6.0701330932406));
#11107=CARTESIAN_POINT('Ctrl Pts',(-4.3040979066087,-20.5,6.08026827693974));
#11108=CARTESIAN_POINT('Ctrl Pts',(-4.38314842039427,-20.5,6.1179609337562));
#11109=CARTESIAN_POINT('Ctrl Pts',(-4.47030394879394,-20.5,6.12654195799683));
#11110=CARTESIAN_POINT('Ctrl Pts',(-4.08890051798441,-20.5,6.53158865530669));
#11111=CARTESIAN_POINT('Ctrl Pts',(-4.24700154555554,-20.5,6.60697396893962));
#11112=CARTESIAN_POINT('Ctrl Pts',(-4.42131260235489,-20.5,6.62413601742086));
#11113=CARTESIAN_POINT('Ctrl Pts',(-4.08890051798441,-21.,6.53158865530669));
#11114=CARTESIAN_POINT('Ctrl Pts',(-4.24700154555554,-21.,6.60697396893962));
#11115=CARTESIAN_POINT('Ctrl Pts',(-4.42131260235489,-21.,6.62413601742086));
#11116=CARTESIAN_POINT('',(-4.3040979066087,-20.5,6.08026827693975));
#11117=CARTESIAN_POINT('Origin',(-4.51929529523299,-20.5,5.62894789857279));
#11118=CARTESIAN_POINT('',(-4.09824117788137,-21.,6.53598341621323));
#11119=CARTESIAN_POINT('Ctrl Pts',(-4.3040979066087,-20.5,6.08026827693974));
#11120=CARTESIAN_POINT('Ctrl Pts',(-4.30206673128771,-20.5,6.08468430524603));
#11121=CARTESIAN_POINT('Ctrl Pts',(-4.30003645165808,-20.5000708673841,
6.08910046117453));
#11122=CARTESIAN_POINT('Ctrl Pts',(-4.27194892182013,-20.5020328435784,
6.15022340146391));
#11123=CARTESIAN_POINT('Ctrl Pts',(-4.24639124662548,-20.5155244486359,
6.2061829993232));
#11124=CARTESIAN_POINT('Ctrl Pts',(-4.19786199329395,-20.56550167656,6.31302651984934));
#11125=CARTESIAN_POINT('Ctrl Pts',(-4.17551350788855,-20.6024705644824,
6.36256932210524));
#11126=CARTESIAN_POINT('Ctrl Pts',(-4.13808200921807,-20.6951546687044,
6.44602519091036));
#11127=CARTESIAN_POINT('Ctrl Pts',(-4.12335644768841,-20.7499819675023,
6.47914262767809));
#11128=CARTESIAN_POINT('Ctrl Pts',(-4.10334701774754,-20.8704337538343,
6.52433885824851));
#11129=CARTESIAN_POINT('Ctrl Pts',(-4.09824117788137,-20.9349051473283,
6.53598341621323));
#11130=CARTESIAN_POINT('Ctrl Pts',(-4.09824117788137,-21.,6.53598341621323));
#11131=CARTESIAN_POINT('Origin',(-4.51929529523299,-21.,5.62894789857279));
#11132=CARTESIAN_POINT('Origin',(-4.04067279990852,-21.,6.67449652699186));
#11133=CARTESIAN_POINT('',(-3.46373656698182,-20.5,6.37508947440903));
#11134=CARTESIAN_POINT('Origin',(-4.04067279990852,-20.5,6.67449652699186));
#11135=CARTESIAN_POINT('',(-3.91076898934086,-21.,6.59949652699187));
#11136=CARTESIAN_POINT('Ctrl Pts',(-3.46373656698182,-20.5,6.37508947440903));
#11137=CARTESIAN_POINT('Ctrl Pts',(-3.46787011793817,-20.5,6.37712899161567));
#11138=CARTESIAN_POINT('Ctrl Pts',(-3.47200326706342,-20.5000637112497,
6.37916882573721));
#11139=CARTESIAN_POINT('Ctrl Pts',(-3.53238204230743,-20.5019255904462,
6.40897536347874));
#11140=CARTESIAN_POINT('Ctrl Pts',(-3.58779785671665,-20.5154483772104,
6.43643256427715));
#11141=CARTESIAN_POINT('Ctrl Pts',(-3.69311814811957,-20.5655930721688,
6.48889353032996));
#11142=CARTESIAN_POINT('Ctrl Pts',(-3.74172302545178,-20.6025993182672,
6.51326629266593));
#11143=CARTESIAN_POINT('Ctrl Pts',(-3.82335213526889,-20.6953318665278,
6.55451414670038));
#11144=CARTESIAN_POINT('Ctrl Pts',(-3.85561007610388,-20.7501592270512,
6.57100602583495));
#11145=CARTESIAN_POINT('Ctrl Pts',(-3.89951284391444,-20.8705545403287,
6.59361160794453));
#11146=CARTESIAN_POINT('Ctrl Pts',(-3.91076898934085,-20.9349638289935,
6.59949652699189));
#11147=CARTESIAN_POINT('Ctrl Pts',(-3.91076898934085,-21.,6.59949652699189));
#11148=CARTESIAN_POINT('Origin',(-4.04067279990852,-21.,6.67449652699186));
#11149=CARTESIAN_POINT('Origin',(-11.4695290482981,-21.,10.1246726711696));
#11150=CARTESIAN_POINT('',(-3.24827291927356,-20.5,6.87459035462654));
#11151=CARTESIAN_POINT('Origin',(-11.4695290482981,-20.5,10.1246726711696));
#11152=CARTESIAN_POINT('',(-3.71827295600558,-21.,7.04575249226513));
#11153=CARTESIAN_POINT('Ctrl Pts',(-3.24827291927356,-20.5,6.87459035462654));
#11154=CARTESIAN_POINT('Ctrl Pts',(-3.2496618252839,-20.5,6.87510701319894));
#11155=CARTESIAN_POINT('Ctrl Pts',(-3.25105074108743,-20.5000065852621,
6.87562362446594));
#11156=CARTESIAN_POINT('Ctrl Pts',(-3.31420615134779,-20.500605465566,6.89911212057616));
#11157=CARTESIAN_POINT('Ctrl Pts',(-3.37529388363489,-20.5142089162496,
6.92172762653583));
#11158=CARTESIAN_POINT('Ctrl Pts',(-3.48843843581088,-20.5655801655659,
6.96333068023676));
#11159=CARTESIAN_POINT('Ctrl Pts',(-3.53951300761654,-20.6025749389461,
6.98195605002561));
#11160=CARTESIAN_POINT('Ctrl Pts',(-3.62553639636625,-20.6952910966961,
7.01302636832132));
#11161=CARTESIAN_POINT('Ctrl Pts',(-3.65967613112188,-20.7501186359423,
7.02517518857294));
#11162=CARTESIAN_POINT('Ctrl Pts',(-3.7062627860875,-20.8705267944507,7.04160175421544));
#11163=CARTESIAN_POINT('Ctrl Pts',(-3.71827295600558,-20.934949752736,7.04575249226513));
#11164=CARTESIAN_POINT('Ctrl Pts',(-3.71827295600558,-21.,7.04575249226513));
#11165=CARTESIAN_POINT('Origin',(-11.4695290482981,-21.,10.1246726711696));
#11166=CARTESIAN_POINT('Origin',(-3.8619713828529,-21.,7.0887729771718));
#11167=CARTESIAN_POINT('',(-3.61051869336546,-20.5,7.68816562389805));
#11168=CARTESIAN_POINT('Origin',(-3.8619713828529,-20.5,7.0887729771718));
#11169=CARTESIAN_POINT('',(-3.80072641504977,-21.,7.22570016190439));
#11170=CARTESIAN_POINT('Ctrl Pts',(-3.61051869336545,-20.5,7.68816562389807));
#11171=CARTESIAN_POINT('Ctrl Pts',(-3.6123369188769,-20.5,7.68365773801016));
#11172=CARTESIAN_POINT('Ctrl Pts',(-3.61415585187687,-20.5000708673841,
7.67915041604515));
#11173=CARTESIAN_POINT('Ctrl Pts',(-3.63934023505976,-20.5020328435784,
7.61677518052776));
#11174=CARTESIAN_POINT('Ctrl Pts',(-3.66250503064952,-20.515524448636,7.55978339516241));
#11175=CARTESIAN_POINT('Ctrl Pts',(-3.70691739696226,-20.5655016765599,
7.45116402292245));
#11176=CARTESIAN_POINT('Ctrl Pts',(-3.72761706422436,-20.6024705644824,
7.40090998994475));
#11177=CARTESIAN_POINT('Ctrl Pts',(-3.76263361047231,-20.6951546687044,
7.31641241234864));
#11178=CARTESIAN_POINT('Ctrl Pts',(-3.77661706759098,-20.7499819675023,
7.28297486298512));
#11179=CARTESIAN_POINT('Ctrl Pts',(-3.79576031043091,-20.8704337538343,
7.23740499577109));
#11180=CARTESIAN_POINT('Ctrl Pts',(-3.80072641504974,-20.9349051473283,
7.22570016190438));
#11181=CARTESIAN_POINT('Ctrl Pts',(-3.80072641504974,-21.,7.22570016190438));
#11182=CARTESIAN_POINT('Origin',(-3.8619713828529,-21.,7.0887729771718));
#11183=CARTESIAN_POINT('Ctrl Pts',(-3.75823445587694,-20.5,7.77730459137463));
#11184=CARTESIAN_POINT('Ctrl Pts',(-3.69218309246867,-20.5,7.71979861342912));
#11185=CARTESIAN_POINT('Ctrl Pts',(-3.61051869336545,-20.5,7.68816562389807));
#11186=CARTESIAN_POINT('Ctrl Pts',(-4.08655135708361,-20.5,7.40019981497678));
#11187=CARTESIAN_POINT('Ctrl Pts',(-3.95444863026706,-20.5,7.28518785908576));
#11188=CARTESIAN_POINT('Ctrl Pts',(-3.79111983206061,-20.5,7.22192188002365));
#11189=CARTESIAN_POINT('Ctrl Pts',(-4.08655135708361,-21.,7.40019981497678));
#11190=CARTESIAN_POINT('Ctrl Pts',(-3.95444863026706,-21.,7.28518785908576));
#11191=CARTESIAN_POINT('Ctrl Pts',(-3.79111983206061,-21.,7.22192188002365));
#11192=CARTESIAN_POINT('',(-3.74814441724679,-20.5,7.76875192400308));
#11193=CARTESIAN_POINT('Origin',(-3.4299175546703,-20.5,8.15440936777245));
#11194=CARTESIAN_POINT('',(-4.0865513570836,-21.,7.40019981497676));
#11195=CARTESIAN_POINT('Ctrl Pts',(-3.74814441724679,-20.5,7.76875192400308));
#11196=CARTESIAN_POINT('Ctrl Pts',(-3.74992972277577,-20.5,7.7669319140708));
#11197=CARTESIAN_POINT('Ctrl Pts',(-3.75171077137548,-20.5000193649464,
7.76510663210308));
#11198=CARTESIAN_POINT('Ctrl Pts',(-3.79298709097867,-20.5009195998113,
7.72262525395372));
#11199=CARTESIAN_POINT('Ctrl Pts',(-3.83865708936135,-20.511715194653,7.67273327815036));
#11200=CARTESIAN_POINT('Ctrl Pts',(-3.92586097093564,-20.5684983824105,
7.57740595456471));
#11201=CARTESIAN_POINT('Ctrl Pts',(-3.96211496857444,-20.6060833908564,
7.53749376425323));
#11202=CARTESIAN_POINT('Ctrl Pts',(-4.02286039170918,-20.6998035863746,
7.47055650531712));
#11203=CARTESIAN_POINT('Ctrl Pts',(-4.04676091658404,-20.7550385720932,
7.44416068324973));
#11204=CARTESIAN_POINT('Ctrl Pts',(-4.07852615753981,-20.8742638619745,
7.40907240388174));
#11205=CARTESIAN_POINT('Ctrl Pts',(-4.08655135708361,-20.9368571785441,
7.40019981497678));
#11206=CARTESIAN_POINT('Ctrl Pts',(-4.08655135708361,-21.,7.40019981497678));
#11207=CARTESIAN_POINT('Origin',(-3.4299175546703,-21.,8.15440936777245));
#11208=CARTESIAN_POINT('Ctrl Pts',(-3.71585837797654,-20.5,7.85874830231561));
#11209=CARTESIAN_POINT('Ctrl Pts',(-3.74934425028469,-20.5,7.85290505494843));
#11210=CARTESIAN_POINT('Ctrl Pts',(-3.75909322830912,-20.5,7.8203412005772));
#11211=CARTESIAN_POINT('Ctrl Pts',(-3.76884220633356,-20.5,7.78777734620597));
#11212=CARTESIAN_POINT('Ctrl Pts',(-3.74407608505493,-20.5,7.76449459677976));
#11213=CARTESIAN_POINT('Ctrl Pts',(-3.80180904020174,-20.5,8.35130538902034));
#11214=CARTESIAN_POINT('Ctrl Pts',(-4.13971193349304,-20.5,8.29234171104243));
#11215=CARTESIAN_POINT('Ctrl Pts',(-4.23808798446687,-20.5,7.96374281693274));
#11216=CARTESIAN_POINT('Ctrl Pts',(-4.3364640354407,-20.5,7.63514392282306));
#11217=CARTESIAN_POINT('Ctrl Pts',(-4.0865513570836,-20.5,7.40019981497676));
#11218=CARTESIAN_POINT('Ctrl Pts',(-3.80180904020174,-21.,8.35130538902034));
#11219=CARTESIAN_POINT('Ctrl Pts',(-4.13971193349304,-21.,8.29234171104243));
#11220=CARTESIAN_POINT('Ctrl Pts',(-4.23808798446687,-21.,7.96374281693274));
#11221=CARTESIAN_POINT('Ctrl Pts',(-4.3364640354407,-21.,7.63514392282306));
#11222=CARTESIAN_POINT('Ctrl Pts',(-4.0865513570836,-21.,7.40019981497676));
#11223=CARTESIAN_POINT('',(-3.72159685946742,-20.5,7.85742694237653));
#11224=CARTESIAN_POINT('Origin',(-3.70640380513177,-20.5,7.80456702277809));
#11225=CARTESIAN_POINT('',(-3.80180904020174,-21.,8.35130538902033));
#11226=CARTESIAN_POINT('Ctrl Pts',(-3.72159685946742,-20.5,7.85742694237653));
#11227=CARTESIAN_POINT('Ctrl Pts',(-3.72206582152932,-20.5,7.85981391866911));
#11228=CARTESIAN_POINT('Ctrl Pts',(-3.7225289019223,-20.5000176298661,7.86220275847743));
#11229=CARTESIAN_POINT('Ctrl Pts',(-3.72624317236281,-20.5003036692757,
7.88157506836531));
#11230=CARTESIAN_POINT('Ctrl Pts',(-3.72928140708111,-20.5014486379371,
7.89863018168776));
#11231=CARTESIAN_POINT('Ctrl Pts',(-3.74324159091639,-20.5111194614605,
7.97890922905729));
#11232=CARTESIAN_POINT('Ctrl Pts',(-3.75300718255001,-20.5311210958384,
8.0403403369646));
#11233=CARTESIAN_POINT('Ctrl Pts',(-3.77086064422104,-20.5939728162801,
8.15261686426994));
#11234=CARTESIAN_POINT('Ctrl Pts',(-3.77863027867708,-20.6363086591465,
8.20230274523136));
#11235=CARTESIAN_POINT('Ctrl Pts',(-3.79119312046854,-20.7378656917312,
8.28283367239886));
#11236=CARTESIAN_POINT('Ctrl Pts',(-3.79585811175973,-20.7961097918278,
8.31291443001255));
#11237=CARTESIAN_POINT('Ctrl Pts',(-3.80076030612777,-20.9045613576153,
8.34453063601118));
#11238=CARTESIAN_POINT('Ctrl Pts',(-3.80180904020175,-20.9522028903199,
8.35130538902032));
#11239=CARTESIAN_POINT('Ctrl Pts',(-3.80180904020176,-20.9999999999998,
8.35130538902033));
#11240=CARTESIAN_POINT('Origin',(-3.70640380513177,-21.,7.80456702277809));
#11241=CARTESIAN_POINT('Ctrl Pts',(-3.56232934920958,-20.5,7.84912924299467));
#11242=CARTESIAN_POINT('Ctrl Pts',(-3.64794157103764,-20.5,7.86757558629915));
#11243=CARTESIAN_POINT('Ctrl Pts',(-3.73472673126673,-20.5,7.8558258598489));
#11244=CARTESIAN_POINT('Ctrl Pts',(-3.45701427608747,-20.5,8.33791215531187));
#11245=CARTESIAN_POINT('Ctrl Pts',(-3.62823871974359,-20.5,8.37480484192083));
#11246=CARTESIAN_POINT('Ctrl Pts',(-3.80180904020176,-20.5,8.35130538902033));
#11247=CARTESIAN_POINT('Ctrl Pts',(-3.45701427608747,-21.,8.33791215531187));
#11248=CARTESIAN_POINT('Ctrl Pts',(-3.62823871974359,-21.,8.37480484192083));
#11249=CARTESIAN_POINT('Ctrl Pts',(-3.80180904020176,-21.,8.35130538902033));
#11250=CARTESIAN_POINT('',(-3.56232934920958,-20.5,7.84912924299467));
#11251=CARTESIAN_POINT('Origin',(-3.6676444223317,-20.5,7.36034633067747));
#11252=CARTESIAN_POINT('',(-3.46711665890116,-21.,8.34003435045394));
#11253=CARTESIAN_POINT('Ctrl Pts',(-3.56232934920958,-20.5,7.84912924299467));
#11254=CARTESIAN_POINT('Ctrl Pts',(-3.56137133069532,-20.5,7.85389465795174));
#11255=CARTESIAN_POINT('Ctrl Pts',(-3.5604142131606,-20.5000708673841,7.85865999053022));
#11256=CARTESIAN_POINT('Ctrl Pts',(-3.54717970642177,-20.5020328435784,
7.92461278420458));
#11257=CARTESIAN_POINT('Ctrl Pts',(-3.53521611305634,-20.515524448636,7.98495798938011));
#11258=CARTESIAN_POINT('Ctrl Pts',(-3.51263478354837,-20.5655016765599,
8.10011314499612));
#11259=CARTESIAN_POINT('Ctrl Pts',(-3.50231406094066,-20.6024705644824,
8.15347443002696));
#11260=CARTESIAN_POINT('Ctrl Pts',(-3.48513778101429,-20.6951546687044,
8.24331303274668));
#11261=CARTESIAN_POINT('Ctrl Pts',(-3.47844655541842,-20.7499819675023,
8.27893373291462));
#11262=CARTESIAN_POINT('Ctrl Pts',(-3.46939945031849,-20.8704337538342,
8.32752618534959));
#11263=CARTESIAN_POINT('Ctrl Pts',(-3.46711665890118,-20.9349051473283,
8.34003435045394));
#11264=CARTESIAN_POINT('Ctrl Pts',(-3.46711665890118,-21.,8.34003435045394));
#11265=CARTESIAN_POINT('Origin',(-3.6676444223317,-21.,7.36034633067747));
#11266=CARTESIAN_POINT('Origin',(-3.44304336565853,-21.,8.48809000401859));
#11267=CARTESIAN_POINT('',(-2.81261050541977,-20.5,8.32980415900657));
#11268=CARTESIAN_POINT('Origin',(-3.44304336565853,-20.5,8.48809000401859));
#11269=CARTESIAN_POINT('',(-3.29934493881121,-21.,8.44506951911192));
#11270=CARTESIAN_POINT('Ctrl Pts',(-2.81261050541976,-20.5,8.32980415900657));
#11271=CARTESIAN_POINT('Ctrl Pts',(-2.81710298101159,-20.5,8.3308354383099));
#11272=CARTESIAN_POINT('Ctrl Pts',(-2.82159513868937,-20.5000637112497,
8.3318671186544));
#11273=CARTESIAN_POINT('Ctrl Pts',(-2.88722025688743,-20.5019255904462,
8.34694591348597));
#11274=CARTESIAN_POINT('Ctrl Pts',(-2.94747439711758,-20.5154483772103,
8.36088323559068));
#11275=CARTESIAN_POINT('Ctrl Pts',(-3.06205409780156,-20.5655930721688,
8.3876415788053));
#11276=CARTESIAN_POINT('Ctrl Pts',(-3.11496957018333,-20.6025993182672,
8.40014831406991));
#11277=CARTESIAN_POINT('Ctrl Pts',(-3.20391076655528,-20.6953318665278,
8.42145935862215));
#11278=CARTESIAN_POINT('Ctrl Pts',(-3.23910247948702,-20.7501592270512,
8.43006750390629));
#11279=CARTESIAN_POINT('Ctrl Pts',(-3.28703504851118,-20.8705545403287,
8.44193907459785));
#11280=CARTESIAN_POINT('Ctrl Pts',(-3.29934493881121,-20.9349638289935,
8.44506951911192));
#11281=CARTESIAN_POINT('Ctrl Pts',(-3.29934493881121,-21.,8.44506951911192));
#11282=CARTESIAN_POINT('Origin',(-3.44304336565853,-21.,8.48809000401859));
#11283=CARTESIAN_POINT('Origin',(-11.4673192081333,-21.,10.1320540513648));
#11284=CARTESIAN_POINT('',(-2.71814753864879,-20.5,8.86553026508201));
#11285=CARTESIAN_POINT('Origin',(-11.4673192081333,-20.5,10.1320540513648));
#11286=CARTESIAN_POINT('',(-3.21495136897286,-21.,8.9236892374288));
#11287=CARTESIAN_POINT('Ctrl Pts',(-2.71814753864879,-20.5,8.86553026508201));
#11288=CARTESIAN_POINT('Ctrl Pts',(-2.7196181561845,-20.5,8.86571269328679));
#11289=CARTESIAN_POINT('Ctrl Pts',(-2.72108877233977,-20.5000065852621,
8.86589507320292));
#11290=CARTESIAN_POINT('Ctrl Pts',(-2.78795864032738,-20.500605465566,8.87418579392906));
#11291=CARTESIAN_POINT('Ctrl Pts',(-2.85261523948341,-20.51420891625,8.88210389542781));
#11292=CARTESIAN_POINT('Ctrl Pts',(-2.97230429006617,-20.5655801655659,
8.89649260401204));
#11293=CARTESIAN_POINT('Ctrl Pts',(-3.02629744605046,-20.6025749389461,
8.90283731769797));
#11294=CARTESIAN_POINT('Ctrl Pts',(-3.11716737173126,-20.6952910966961,
8.91323177284217));
#11295=CARTESIAN_POINT('Ctrl Pts',(-3.15318857627901,-20.7501186359423,
8.91717995541401));
#11296=CARTESIAN_POINT('Ctrl Pts',(-3.20230770866973,-20.8705267944507,
8.92242011885383));
#11297=CARTESIAN_POINT('Ctrl Pts',(-3.21495136897286,-20.934949752736,8.92368923742876));
#11298=CARTESIAN_POINT('Ctrl Pts',(-3.21495136897286,-21.,8.92368923742876));
#11299=CARTESIAN_POINT('Origin',(-11.4673192081333,-21.,10.1320540513648));
#11300=CARTESIAN_POINT('Origin',(-3.36469759271355,-21.,8.93241096176537));
#11301=CARTESIAN_POINT('',(-3.2582523001558,-20.5,9.57363588306231));
#11302=CARTESIAN_POINT('Origin',(-3.36469759271355,-20.5,8.93241096176537));
#11303=CARTESIAN_POINT('',(-3.3366810728793,-21.,9.07977131809087));
#11304=CARTESIAN_POINT('Ctrl Pts',(-3.2582523001558,-20.5,9.57363588306233));
#11305=CARTESIAN_POINT('Ctrl Pts',(-3.25898192513402,-20.5,9.56883019616246));
#11306=CARTESIAN_POINT('Ctrl Pts',(-3.25971236857991,-20.5000708673841,
9.56402489482666));
#11307=CARTESIAN_POINT('Ctrl Pts',(-3.26983318420294,-20.5020328435784,
9.4975230733996));
#11308=CARTESIAN_POINT('Ctrl Pts',(-3.27923035952254,-20.5155244486359,
9.43672533947815));
#11309=CARTESIAN_POINT('Ctrl Pts',(-3.29739623364486,-20.5655016765599,
9.32079161994542));
#11310=CARTESIAN_POINT('Ctrl Pts',(-3.30594856112351,-20.6024705644824,
9.26711851914075));
#11311=CARTESIAN_POINT('Ctrl Pts',(-3.32053474940252,-20.6951546687044,
9.17682321338109));
#11312=CARTESIAN_POINT('Ctrl Pts',(-3.32643005106284,-20.7499819675023,
9.14106217034873));
#11313=CARTESIAN_POINT('Ctrl Pts',(-3.33454815070731,-20.8704337538343,
9.09230590918674));
#11314=CARTESIAN_POINT('Ctrl Pts',(-3.33668107287938,-20.9349051473283,
9.07977131809088));
#11315=CARTESIAN_POINT('Ctrl Pts',(-3.33668107287938,-21.,9.07977131809088));
#11316=CARTESIAN_POINT('Origin',(-3.36469759271355,-21.,8.93241096176537));
#11317=CARTESIAN_POINT('Ctrl Pts',(-3.42254322577296,-20.5,9.62630649894019));
#11318=CARTESIAN_POINT('Ctrl Pts',(-3.34501049423699,-20.5,9.58558309475879));
#11319=CARTESIAN_POINT('Ctrl Pts',(-3.2582523001558,-20.5,9.57363588306233));
#11320=CARTESIAN_POINT('Ctrl Pts',(-3.65504395604664,-20.5,9.18365154254387));
#11321=CARTESIAN_POINT('Ctrl Pts',(-3.4999784929747,-20.5,9.10220473418108));
#11322=CARTESIAN_POINT('Ctrl Pts',(-3.32646210481231,-20.5,9.07831031078816));
#11323=CARTESIAN_POINT('Ctrl Pts',(-3.65504395604664,-21.,9.18365154254387));
#11324=CARTESIAN_POINT('Ctrl Pts',(-3.4999784929747,-21.,9.10220473418108));
#11325=CARTESIAN_POINT('Ctrl Pts',(-3.32646210481231,-21.,9.07831031078816));
#11326=CARTESIAN_POINT('',(-3.41075278460688,-20.5,9.62031129286905));
#11327=CARTESIAN_POINT('Origin',(-3.19004249549929,-20.5,10.0689614553365));
#11328=CARTESIAN_POINT('',(-3.65504395604663,-21.,9.18365154254387));
#11329=CARTESIAN_POINT('Ctrl Pts',(-3.41075278460688,-20.5,9.62031129286905));
#11330=CARTESIAN_POINT('Ctrl Pts',(-3.41207024381874,-20.5,9.61812862175131));
#11331=CARTESIAN_POINT('Ctrl Pts',(-3.41338234503304,-20.5000193649464,
9.61594180242082));
#11332=CARTESIAN_POINT('Ctrl Pts',(-3.44374917606518,-20.5009195998107,
9.56508654096813));
#11333=CARTESIAN_POINT('Ctrl Pts',(-3.47668225229529,-20.5117151946385,
9.50600718337483));
#11334=CARTESIAN_POINT('Ctrl Pts',(-3.53955154823987,-20.5684983824156,
9.39313882101933));
#11335=CARTESIAN_POINT('Ctrl Pts',(-3.56562393015804,-20.6060833908625,
9.34594172173039));
#11336=CARTESIAN_POINT('Ctrl Pts',(-3.60929515829496,-20.6998035863825,
9.26679990662367));
#11337=CARTESIAN_POINT('Ctrl Pts',(-3.62646414593805,-20.7550385721017,
9.23560374700197));
#11338=CARTESIAN_POINT('Ctrl Pts',(-3.64928123661181,-20.874263861981,9.19413570804619));
#11339=CARTESIAN_POINT('Ctrl Pts',(-3.65504395604664,-20.9368571785473,
9.18365154254387));
#11340=CARTESIAN_POINT('Ctrl Pts',(-3.65504395604664,-21.,9.18365154254387));
#11341=CARTESIAN_POINT('Origin',(-3.19004249549929,-21.,10.0689614553365));
#11342=CARTESIAN_POINT('Ctrl Pts',(-3.40009161285184,-20.5,9.71532748021595));
#11343=CARTESIAN_POINT('Ctrl Pts',(-3.43132732355862,-20.5,9.70191936473787));
#11344=CARTESIAN_POINT('Ctrl Pts',(-3.43330377498814,-20.5,9.66798500421968));
#11345=CARTESIAN_POINT('Ctrl Pts',(-3.43528022641766,-20.5,9.6340506437015));
#11346=CARTESIAN_POINT('Ctrl Pts',(-3.40581230761113,-20.5,9.61710694442291));
#11347=CARTESIAN_POINT('Ctrl Pts',(-3.59731694529377,-20.5,10.1747860400918));
#11348=CARTESIAN_POINT('Ctrl Pts',(-3.9125136624259,-20.5,10.0394859657221));
#11349=CARTESIAN_POINT('Ctrl Pts',(-3.93245785412378,-20.5,9.69705741867492));
#11350=CARTESIAN_POINT('Ctrl Pts',(-3.95240204582166,-20.5,9.35462887162775));
#11351=CARTESIAN_POINT('Ctrl Pts',(-3.65504395604663,-20.5,9.18365154254387));
#11352=CARTESIAN_POINT('Ctrl Pts',(-3.59731694529377,-21.,10.1747860400918));
#11353=CARTESIAN_POINT('Ctrl Pts',(-3.9125136624259,-21.,10.0394859657221));
#11354=CARTESIAN_POINT('Ctrl Pts',(-3.93245785412378,-21.,9.69705741867492));
#11355=CARTESIAN_POINT('Ctrl Pts',(-3.95240204582166,-21.,9.35462887162775));
#11356=CARTESIAN_POINT('Ctrl Pts',(-3.65504395604663,-21.,9.18365154254387));
#11357=CARTESIAN_POINT('',(-3.40537068625854,-20.5,9.71271835279928));
#11358=CARTESIAN_POINT('Origin',(-3.37839682628323,-20.5,9.66478703862961));
#11359=CARTESIAN_POINT('',(-3.59731694529377,-21.,10.1747860400918));
#11360=CARTESIAN_POINT('Ctrl Pts',(-3.40537068625854,-20.5,9.71271835279928));
#11361=CARTESIAN_POINT('Ctrl Pts',(-3.4063774820033,-20.5,9.71493283774224));
#11362=CARTESIAN_POINT('Ctrl Pts',(-3.4073789843772,-20.5000176298661,9.71715049237726));
#11363=CARTESIAN_POINT('Ctrl Pts',(-3.41546069829429,-20.5003036692759,
9.73514404944166));
#11364=CARTESIAN_POINT('Ctrl Pts',(-3.42235021681622,-20.5014486379384,
9.75103877484222));
#11365=CARTESIAN_POINT('Ctrl Pts',(-3.4544477245052,-20.5111194614686,9.82593445016043));
#11366=CARTESIAN_POINT('Ctrl Pts',(-3.47811707179296,-20.5311210958509,
9.88345757418526));
#11367=CARTESIAN_POINT('Ctrl Pts',(-3.52138204020099,-20.5939728163011,
9.98859038155381));
#11368=CARTESIAN_POINT('Ctrl Pts',(-3.5404005958551,-20.6363086591709,10.0351451721454));
#11369=CARTESIAN_POINT('Ctrl Pts',(-3.57119651450792,-20.7378656917613,
10.1106081870435));
#11370=CARTESIAN_POINT('Ctrl Pts',(-3.58267286046325,-20.7961097918601,
10.1388022929102));
#11371=CARTESIAN_POINT('Ctrl Pts',(-3.59473411441948,-20.9045613576386,
10.1684357561515));
#11372=CARTESIAN_POINT('Ctrl Pts',(-3.59731694529378,-20.9522028903317,
10.1747860400918));
#11373=CARTESIAN_POINT('Ctrl Pts',(-3.59731694529379,-20.9999999999998,
10.1747860400918));
#11374=CARTESIAN_POINT('Origin',(-3.37839682628323,-21.,9.66478703862961));
#11375=CARTESIAN_POINT('Ctrl Pts',(-3.24848267118484,-20.5,9.74137393453722));
#11376=CARTESIAN_POINT('Ctrl Pts',(-3.33604122401633,-20.5,9.7395795171874));
#11377=CARTESIAN_POINT('Ctrl Pts',(-3.41777740562298,-20.5,9.70813247084066));
#11378=CARTESIAN_POINT('Ctrl Pts',(-3.25872747641749,-20.5,10.2412689674849));
#11379=CARTESIAN_POINT('Ctrl Pts',(-3.43384458208047,-20.5,10.2376801327852));
#11380=CARTESIAN_POINT('Ctrl Pts',(-3.59731694529379,-20.5,10.1747860400918));
#11381=CARTESIAN_POINT('Ctrl Pts',(-3.25872747641749,-21.,10.2412689674849));
#11382=CARTESIAN_POINT('Ctrl Pts',(-3.43384458208047,-21.,10.2376801327852));
#11383=CARTESIAN_POINT('Ctrl Pts',(-3.59731694529379,-21.,10.1747860400918));
#11384=CARTESIAN_POINT('',(-3.24848267118484,-20.5,9.7413739345372));
#11385=CARTESIAN_POINT('Origin',(-3.23823786595218,-20.5,9.24147890158956));
#11386=CARTESIAN_POINT('',(-3.26904696007393,-21.,10.2410041887731));
#11387=CARTESIAN_POINT('Ctrl Pts',(-3.24848267118484,-20.5,9.74137393453722));
#11388=CARTESIAN_POINT('Ctrl Pts',(-3.24864945650339,-20.5,9.74623183139143));
#11389=CARTESIAN_POINT('Ctrl Pts',(-3.24881709951677,-20.5000708673841,
9.75108944030683));
#11390=CARTESIAN_POINT('Ctrl Pts',(-3.25114909156115,-20.5020328435784,
9.81831655518816));
#11391=CARTESIAN_POINT('Ctrl Pts',(-3.25342454043982,-20.515524448636,9.87979414204912));
#11392=CARTESIAN_POINT('Ctrl Pts',(-3.25800850007408,-20.5655016765599,
9.99705288850905));
#11393=CARTESIAN_POINT('Ctrl Pts',(-3.2602719330913,-20.6024705644824,10.0513559356267));
#11394=CARTESIAN_POINT('Ctrl Pts',(-3.2642768496058,-20.6951546687044,10.1427340499345));
#11395=CARTESIAN_POINT('Ctrl Pts',(-3.26598068564751,-20.7499819675023,
10.1789376923365));
#11396=CARTESIAN_POINT('Ctrl Pts',(-3.26838363716624,-20.8704337538343,
10.2283067349476));
#11397=CARTESIAN_POINT('Ctrl Pts',(-3.26904696007393,-20.9349051473284,
10.2410041887731));
#11398=CARTESIAN_POINT('Ctrl Pts',(-3.26904696007393,-21.,10.2410041887731));
#11399=CARTESIAN_POINT('Origin',(-3.23823786595218,-21.,9.24147890158956));
#11400=CARTESIAN_POINT('Origin',(-3.27976654903139,-21.,10.3906206665173));
#11401=CARTESIAN_POINT('',(-2.62982386015744,-20.5,10.3819892599515));
#11402=CARTESIAN_POINT('Origin',(-3.27976654903139,-20.5,10.3906206665173));
#11403=CARTESIAN_POINT('',(-3.1300203252907,-21.,10.3818989421808));
#11404=CARTESIAN_POINT('Ctrl Pts',(-2.62982386015744,-20.5,10.3819892599515));
#11405=CARTESIAN_POINT('Ctrl Pts',(-2.63443306986276,-20.5,10.3819567048173));
#11406=CARTESIAN_POINT('Ctrl Pts',(-2.63904206270995,-20.5000637112497,
10.3819246132303));
#11407=CARTESIAN_POINT('Ctrl Pts',(-2.70637565675355,-20.5019255904462,
10.3814627634203));
#11408=CARTESIAN_POINT('Ctrl Pts',(-2.76821980650869,-20.5154483772103,
10.3811288421885));
#11409=CARTESIAN_POINT('Ctrl Pts',(-2.88588189515194,-20.5655930721688,
10.3807420133561));
#11410=CARTESIAN_POINT('Ctrl Pts',(-2.94025527577051,-20.6025993182672,
10.380708480214));
#11411=CARTESIAN_POINT('Ctrl Pts',(-3.03171371577931,-20.6953318665278,
10.380933831356));
#11412=CARTESIAN_POINT('Ctrl Pts',(-3.06794200645464,-20.7501592270512,
10.3811941754493));
#11413=CARTESIAN_POINT('Ctrl Pts',(-3.11732031948943,-20.8705545403287,
10.381691735274));
#11414=CARTESIAN_POINT('Ctrl Pts',(-3.1300203252907,-20.9349638289935,10.3818989421807));
#11415=CARTESIAN_POINT('Ctrl Pts',(-3.1300203252907,-21.,10.3818989421807));
#11416=CARTESIAN_POINT('Origin',(-3.27976654903139,-21.,10.3906206665173));
#11417=CARTESIAN_POINT('Origin',(-11.466871197917,-21.,10.1397460897153));
#11418=CARTESIAN_POINT('',(-2.66145409731323,-20.5,10.9250594588389));
#11419=CARTESIAN_POINT('Origin',(-11.466871197917,-20.5,10.1397460897153));
#11420=CARTESIAN_POINT('',(-3.15827889814372,-21.,10.8670799006407));
#11421=CARTESIAN_POINT('Ctrl Pts',(-2.66145409731324,-20.5,10.9250594588389));
#11422=CARTESIAN_POINT('Ctrl Pts',(-2.66292714500211,-20.5,10.9248978219243));
#11423=CARTESIAN_POINT('Ctrl Pts',(-2.66440018021199,-20.5000065852621,
10.9247361383408));
#11424=CARTESIAN_POINT('Ctrl Pts',(-2.73137953403134,-20.500605465566,10.9173821287876));
#11425=CARTESIAN_POINT('Ctrl Pts',(-2.79611934606099,-20.5142089162493,
10.9101759589192));
#11426=CARTESIAN_POINT('Ctrl Pts',(-2.91590042735573,-20.5655801655659,
10.8965746233827));
#11427=CARTESIAN_POINT('Ctrl Pts',(-2.96990138250396,-20.6025749389461,
10.8902966358086));
#11428=CARTESIAN_POINT('Ctrl Pts',(-3.06071902390159,-20.6952910966961,
10.879454860034));
#11429=CARTESIAN_POINT('Ctrl Pts',(-3.09667978578054,-20.7501186359423,
10.8749895573817));
#11430=CARTESIAN_POINT('Ctrl Pts',(-3.14568337045517,-20.8705267944507,
10.8687608200514));
#11431=CARTESIAN_POINT('Ctrl Pts',(-3.15827889814372,-20.934949752736,10.8670799006407));
#11432=CARTESIAN_POINT('Ctrl Pts',(-3.15827889814372,-21.,10.8670799006407));
#11433=CARTESIAN_POINT('Origin',(-11.466871197917,-21.,10.1397460897153));
#11434=CARTESIAN_POINT('Origin',(-3.30600006109555,-21.,10.8410326739907));
#11435=CARTESIAN_POINT('',(-3.35030065874058,-20.5,11.4895212683763));
#11436=CARTESIAN_POINT('Origin',(-3.30600006109555,-20.5,10.8410326739907));
#11437=CARTESIAN_POINT('',(-3.31272236706626,-21.,10.9908819669567));
#11438=CARTESIAN_POINT('Ctrl Pts',(-3.35030065874058,-20.5,11.4895212683763));
#11439=CARTESIAN_POINT('Ctrl Pts',(-3.34990234891416,-20.5,11.4846768562892));
#11440=CARTESIAN_POINT('Ctrl Pts',(-3.34950492441139,-20.5000708673841,
11.4798326306213));
#11441=CARTESIAN_POINT('Ctrl Pts',(-3.3440165566849,-20.5020328435784,11.4127893536879));
#11442=CARTESIAN_POINT('Ctrl Pts',(-3.33913950758028,-20.5155244486361,
11.3514632927857));
#11443=CARTESIAN_POINT('Ctrl Pts',(-3.3300795625362,-20.5655016765599,11.234465242789));
#11444=CARTESIAN_POINT('Ctrl Pts',(-3.32602349204329,-20.6024705644824,
11.1802666049145));
#11445=CARTESIAN_POINT('Ctrl Pts',(-3.3193929771678,-20.6951546687044,11.0890414142968));
#11446=CARTESIAN_POINT('Ctrl Pts',(-3.31688230613136,-20.7499819675023,
11.0528847646819));
#11447=CARTESIAN_POINT('Ctrl Pts',(-3.31353761372727,-20.8704337538343,
11.0035705722313));
#11448=CARTESIAN_POINT('Ctrl Pts',(-3.3127223670662,-20.9349051473283,10.9908819669568));
#11449=CARTESIAN_POINT('Ctrl Pts',(-3.3127223670662,-21.,10.9908819669568));
#11450=CARTESIAN_POINT('Origin',(-3.30600006109555,-21.,10.8410326739907));
#11451=CARTESIAN_POINT('Ctrl Pts',(-3.52230978113931,-20.5,11.5028840461202));
#11452=CARTESIAN_POINT('Ctrl Pts',(-3.43747549110084,-20.5,11.481138624963));
#11453=CARTESIAN_POINT('Ctrl Pts',(-3.35030065874058,-20.5,11.4895212683763));
#11454=CARTESIAN_POINT('Ctrl Pts',(-3.64646016593038,-20.5,11.0185425530017));
#11455=CARTESIAN_POINT('Ctrl Pts',(-3.47679158585344,-20.5,10.9750517106874));
#11456=CARTESIAN_POINT('Ctrl Pts',(-3.30244192113292,-20.5,10.991816997514));
#11457=CARTESIAN_POINT('Ctrl Pts',(-3.64646016593038,-21.,11.0185425530017));
#11458=CARTESIAN_POINT('Ctrl Pts',(-3.47679158585344,-21.,10.9750517106874));
#11459=CARTESIAN_POINT('Ctrl Pts',(-3.30244192113292,-21.,10.991816997514));
#11460=CARTESIAN_POINT('',(-3.5094545631724,-20.5,11.4997695044606));
#11461=CARTESIAN_POINT('Origin',(-3.39815939634825,-20.5,11.9872255392387));
#11462=CARTESIAN_POINT('',(-3.64646016593038,-21.,11.0185425530017));
#11463=CARTESIAN_POINT('Ctrl Pts',(-3.5094545631724,-20.5,11.4997695044606));
#11464=CARTESIAN_POINT('Ctrl Pts',(-3.51023315150033,-20.5,11.497341840522));
#11465=CARTESIAN_POINT('Ctrl Pts',(-3.51100556961255,-20.5000193649464,
11.4949113758255));
#11466=CARTESIAN_POINT('Ctrl Pts',(-3.52882582838071,-20.5009195998106,
11.4384238513522));
#11467=CARTESIAN_POINT('Ctrl Pts',(-3.54724655178477,-20.5117151946366,
11.3733420954375));
#11468=CARTESIAN_POINT('Ctrl Pts',(-3.58239196205764,-20.5684983824144,
11.2490174569664));
#11469=CARTESIAN_POINT('Ctrl Pts',(-3.59687715939794,-20.6060833908611,
11.1970798565385));
#11470=CARTESIAN_POINT('Ctrl Pts',(-3.62111986532562,-20.6998035863806,
11.1100000409969));
#11471=CARTESIAN_POINT('Ctrl Pts',(-3.63063173116986,-20.7550385720997,
11.0756853368599));
#11472=CARTESIAN_POINT('Ctrl Pts',(-3.64327059629997,-20.8742638619795,
11.0300730910266));
#11473=CARTESIAN_POINT('Ctrl Pts',(-3.64646016593036,-20.9368571785466,
11.0185425530017));
#11474=CARTESIAN_POINT('Ctrl Pts',(-3.64646016593036,-21.,11.0185425530017));
#11475=CARTESIAN_POINT('Origin',(-3.39815939634825,-21.,11.9872255392387));
#11476=CARTESIAN_POINT('Ctrl Pts',(-3.52099300546143,-20.5,11.5946831535879));
#11477=CARTESIAN_POINT('Ctrl Pts',(-3.54829462931759,-20.5,11.574433004975));
#11478=CARTESIAN_POINT('Ctrl Pts',(-3.54239200314405,-20.5,11.5409575484689));
#11479=CARTESIAN_POINT('Ctrl Pts',(-3.5364893769705,-20.5,11.5074820919629));
#11480=CARTESIAN_POINT('Ctrl Pts',(-3.50390828376641,-20.5,11.4977908820458));
#11481=CARTESIAN_POINT('Ctrl Pts',(-3.81886053939826,-20.5,11.9962736567456));
#11482=CARTESIAN_POINT('Ctrl Pts',(-4.09435874376502,-20.5,11.7919312480145));
#11483=CARTESIAN_POINT('Ctrl Pts',(-4.03479587965015,-20.5,11.4541334596355));
#11484=CARTESIAN_POINT('Ctrl Pts',(-3.97523301553529,-20.5,11.1163356712564));
#11485=CARTESIAN_POINT('Ctrl Pts',(-3.64646016593036,-20.5,11.0185425530017));
#11486=CARTESIAN_POINT('Ctrl Pts',(-3.81886053939826,-21.,11.9962736567456));
#11487=CARTESIAN_POINT('Ctrl Pts',(-4.09435874376502,-21.,11.7919312480145));
#11488=CARTESIAN_POINT('Ctrl Pts',(-4.03479587965015,-21.,11.4541334596355));
#11489=CARTESIAN_POINT('Ctrl Pts',(-3.97523301553529,-21.,11.1163356712564));
#11490=CARTESIAN_POINT('Ctrl Pts',(-3.64646016593036,-21.,11.0185425530017));
#11491=CARTESIAN_POINT('',(-3.52552807457015,-20.5,11.5909269174281));
#11492=CARTESIAN_POINT('Origin',(-3.48822757672837,-20.5,11.5505081982406));
#11493=CARTESIAN_POINT('',(-3.81886053939829,-21.,11.9962736567455));
#11494=CARTESIAN_POINT('Ctrl Pts',(-3.52552807457015,-20.5,11.5909269174281));
#11495=CARTESIAN_POINT('Ctrl Pts',(-3.52701842737868,-20.5,11.5928495275655));
#11496=CARTESIAN_POINT('Ctrl Pts',(-3.52850436048114,-20.5000176298661,
11.5947764426908));
#11497=CARTESIAN_POINT('Ctrl Pts',(-3.54051783058364,-20.5003036692759,
11.6104212096035));
#11498=CARTESIAN_POINT('Ctrl Pts',(-3.55088721718036,-20.5014486379384,
11.6242986583104));
#11499=CARTESIAN_POINT('Ctrl Pts',(-3.59939166377349,-20.5111194614682,
11.6897733163225));
#11500=CARTESIAN_POINT('Ctrl Pts',(-3.63568874607664,-20.5311210958504,
11.74028736996));
#11501=CARTESIAN_POINT('Ctrl Pts',(-3.70203279557686,-20.5939728163002,
11.8326087205377));
#11502=CARTESIAN_POINT('Ctrl Pts',(-3.73127497717151,-20.6363086591699,
11.8735226399514));
#11503=CARTESIAN_POINT('Ctrl Pts',(-3.77864375674116,-20.73786569176,11.9398495119213));
#11504=CARTESIAN_POINT('Ctrl Pts',(-3.79631276458037,-20.7961097918587,
11.9646370145002));
#11505=CARTESIAN_POINT('Ctrl Pts',(-3.81488285280403,-20.9045613576376,
11.9906901873217));
#11506=CARTESIAN_POINT('Ctrl Pts',(-3.81886053939825,-20.9522028903312,
11.9962736567455));
#11507=CARTESIAN_POINT('Ctrl Pts',(-3.81886053939826,-20.9999999999998,
11.9962736567456));
#11508=CARTESIAN_POINT('Origin',(-3.48822757672837,-21.,11.5505081982406));
#11509=CARTESIAN_POINT('Ctrl Pts',(-3.37947742818043,-20.5,11.6549909504572));
#11510=CARTESIAN_POINT('Ctrl Pts',(-3.46426200776942,-20.5,11.6330525099571));
#11511=CARTESIAN_POINT('Ctrl Pts',(-3.53654279204744,-20.5,11.5836034621219));
#11512=CARTESIAN_POINT('Ctrl Pts',(-3.50472981166427,-20.5,12.1390486334161));
#11513=CARTESIAN_POINT('Ctrl Pts',(-3.67429897084225,-20.5,12.095171752416));
#11514=CARTESIAN_POINT('Ctrl Pts',(-3.81886053939829,-20.5,11.9962736567455));
#11515=CARTESIAN_POINT('Ctrl Pts',(-3.50472981166427,-21.,12.1390486334161));
#11516=CARTESIAN_POINT('Ctrl Pts',(-3.67429897084225,-21.,12.095171752416));
#11517=CARTESIAN_POINT('Ctrl Pts',(-3.81886053939829,-21.,11.9962736567455));
#11518=CARTESIAN_POINT('',(-3.37947742818043,-20.5,11.6549909504572));
#11519=CARTESIAN_POINT('Origin',(-3.25422504469659,-20.5,11.1709332674982));
#11520=CARTESIAN_POINT('',(-3.51471007013191,-21.,12.1364111551393));
#11521=CARTESIAN_POINT('Ctrl Pts',(-3.37947742818043,-20.5,11.6549909504572));
#11522=CARTESIAN_POINT('Ctrl Pts',(-3.38076002589209,-20.5,11.6596794387313));
#11523=CARTESIAN_POINT('Ctrl Pts',(-3.38204339177718,-20.5000708673841,
11.6643674490304));
#11524=CARTESIAN_POINT('Ctrl Pts',(-3.39981616430988,-20.5020328435784,
11.7292446539532));
#11525=CARTESIAN_POINT('Ctrl Pts',(-3.4162079853947,-20.515524448636,11.7885403498796));
#11526=CARTESIAN_POINT('Ctrl Pts',(-3.44771011172082,-20.56550167656,11.9015812378106));
#11527=CARTESIAN_POINT('Ctrl Pts',(-3.46243567810313,-20.6024705644824,
11.9538985556892));
#11528=CARTESIAN_POINT('Ctrl Pts',(-3.48740588497255,-20.6951546687044,
12.0418899637904));
#11529=CARTESIAN_POINT('Ctrl Pts',(-3.49741292840981,-20.7499819675023,
12.0767248006936));
#11530=CARTESIAN_POINT('Ctrl Pts',(-3.51113639280883,-20.8704337538343,
12.1242089356149));
#11531=CARTESIAN_POINT('Ctrl Pts',(-3.51471007013191,-20.9349051473284,
12.1364111551393));
#11532=CARTESIAN_POINT('Ctrl Pts',(-3.51471007013191,-21.,12.1364111551393));
#11533=CARTESIAN_POINT('Origin',(-3.25422504469659,-21.,11.1709332674982));
#11534=CARTESIAN_POINT('Origin',(-3.55964464547408,-21.,12.2795225940211));
#11535=CARTESIAN_POINT('',(-2.92523070655354,-20.5,12.4210109472638));
#11536=CARTESIAN_POINT('Origin',(-3.55964464547408,-20.5,12.2795225940211));
#11537=CARTESIAN_POINT('',(-3.41192348252225,-21.,12.3055698206711));
#11538=CARTESIAN_POINT('Ctrl Pts',(-2.92523070655354,-20.5,12.4210109472638));
#11539=CARTESIAN_POINT('Ctrl Pts',(-2.92970816668415,-20.5,12.4199163127478));
#11540=CARTESIAN_POINT('Ctrl Pts',(-2.93418552270331,-20.5000637112497,
12.4188221792949));
#11541=CARTESIAN_POINT('Ctrl Pts',(-2.99959762110914,-20.5019255904462,
12.4028445832856));
#11542=CARTESIAN_POINT('Ctrl Pts',(-3.05969774626812,-20.5154483772103,
12.3882574204979));
#11543=CARTESIAN_POINT('Ctrl Pts',(-3.17409902921605,-20.5655930721688,
12.3607462736608));
#11544=CARTESIAN_POINT('Ctrl Pts',(-3.22699903504825,-20.6025993182672,
12.3481742798923));
#11545=CARTESIAN_POINT('Ctrl Pts',(-3.3160441705199,-20.6953318665278,12.3273017888858));
#11546=CARTESIAN_POINT('Ctrl Pts',(-3.35135596241116,-20.7501592270512,
12.3192002965707));
#11547=CARTESIAN_POINT('Ctrl Pts',(-3.39951802181977,-20.8705545403287,
12.3082970219497));
#11548=CARTESIAN_POINT('Ctrl Pts',(-3.41192348252225,-20.9349638289935,
12.3055698206711));
#11549=CARTESIAN_POINT('Ctrl Pts',(-3.41192348252225,-21.,12.3055698206711));
#11550=CARTESIAN_POINT('Origin',(-3.55964464547408,-21.,12.2795225940211));
#11551=CARTESIAN_POINT('Origin',(-11.4682091699961,-21.,10.1473341064428));
#11552=CARTESIAN_POINT('',(-3.08124895336388,-20.5,12.9421481839724));
#11553=CARTESIAN_POINT('Origin',(-11.4682091699961,-20.5,10.1473341064428));
#11554=CARTESIAN_POINT('',(-3.55131077108968,-21.,12.7711557882191));
#11555=CARTESIAN_POINT('Ctrl Pts',(-3.08124895336388,-20.5,12.9421481839724));
#11556=CARTESIAN_POINT('Ctrl Pts',(-3.08264501882385,-20.5,12.9416511958263));
#11557=CARTESIAN_POINT('Ctrl Pts',(-3.08404106137861,-20.5000065852621,
12.9411541651472));
#11558=CARTESIAN_POINT('Ctrl Pts',(-3.1475190267307,-20.500605465566,12.9185518818693));
#11559=CARTESIAN_POINT('Ctrl Pts',(-3.20885191160983,-20.5142089162494,
12.8966099271205));
#11560=CARTESIAN_POINT('Ctrl Pts',(-3.32226759451785,-20.5655801655659,
12.8557517989824));
#11561=CARTESIAN_POINT('Ctrl Pts',(-3.37336514336037,-20.602574938946,12.8371895580835));
#11562=CARTESIAN_POINT('Ctrl Pts',(-3.45923449791985,-20.6952910966961,
12.8056960343283));
#11563=CARTESIAN_POINT('Ctrl Pts',(-3.49319616314901,-20.7501186359423,
12.7930579720736));
#11564=CARTESIAN_POINT('Ctrl Pts',(-3.53944240417363,-20.8705267944507,
12.7756961268149));
#11565=CARTESIAN_POINT('Ctrl Pts',(-3.55131077108968,-20.934949752736,12.7711557882192));
#11566=CARTESIAN_POINT('Ctrl Pts',(-3.55131077108968,-21.,12.7711557882192));
#11567=CARTESIAN_POINT('Origin',(-11.4682091699961,-21.,10.1473341064428));
#11568=CARTESIAN_POINT('Origin',(-3.68904318712172,-21.,12.7117438233133));
#11569=CARTESIAN_POINT('',(-3.88170141828514,-20.5,13.3325359028093));
#11570=CARTESIAN_POINT('Origin',(-3.68904318712172,-20.5,12.7117438233133));
#11571=CARTESIAN_POINT('',(-3.7301419176425,-21.,12.8560036387491));
#11572=CARTESIAN_POINT('Ctrl Pts',(-3.88170141828514,-20.5,13.3325359028093));
#11573=CARTESIAN_POINT('Ctrl Pts',(-3.88019664663995,-20.5,13.3279139290444));
#11574=CARTESIAN_POINT('Ctrl Pts',(-3.87869277944537,-20.5000708673841,
13.3232919325041));
#11575=CARTESIAN_POINT('Ctrl Pts',(-3.85789110769468,-20.5020328435783,
13.2593215204822));
#11576=CARTESIAN_POINT('Ctrl Pts',(-3.839002757145,-20.5155244486359,13.200773236412));
#11577=CARTESIAN_POINT('Ctrl Pts',(-3.8032054169168,-20.5655016765599,13.0890182511097));
#11578=CARTESIAN_POINT('Ctrl Pts',(-3.7867596122625,-20.6024705644824,13.037215938762));
#11579=CARTESIAN_POINT('Ctrl Pts',(-3.75926984700564,-20.6951546687044,
12.9499788369253));
#11580=CARTESIAN_POINT('Ctrl Pts',(-3.7484885541978,-20.7499819675023,12.9153757950674));
#11581=CARTESIAN_POINT('Ctrl Pts',(-3.73386138297835,-20.8704337538343,
12.8681622122077));
#11582=CARTESIAN_POINT('Ctrl Pts',(-3.73014191764256,-20.9349051473284,
12.8560036387491));
#11583=CARTESIAN_POINT('Ctrl Pts',(-3.73014191764256,-21.,12.8560036387491));
#11584=CARTESIAN_POINT('Origin',(-3.68904318712172,-21.,12.7117438233133));
#11585=CARTESIAN_POINT('Ctrl Pts',(-4.05215568115259,-20.5,13.3058704516122));
#11586=CARTESIAN_POINT('Ctrl Pts',(-3.96459327114683,-20.5,13.3042753147627));
#11587=CARTESIAN_POINT('Ctrl Pts',(-3.88170141828514,-20.5,13.3325359028093));
#11588=CARTESIAN_POINT('Ctrl Pts',(-4.06126274108184,-20.5,12.8059533970327));
#11589=CARTESIAN_POINT('Ctrl Pts',(-3.88613792107032,-20.5,12.8027631233336));
#11590=CARTESIAN_POINT('Ctrl Pts',(-3.72035421534694,-20.5,12.8592842994269));
#11591=CARTESIAN_POINT('Ctrl Pts',(-4.06126274108184,-21.,12.8059533970327));
#11592=CARTESIAN_POINT('Ctrl Pts',(-3.88613792107032,-21.,12.8027631233336));
#11593=CARTESIAN_POINT('Ctrl Pts',(-3.72035421534694,-21.,12.8592842994269));
#11594=CARTESIAN_POINT('',(-4.03892871451292,-20.5,13.3058044801111));
#11595=CARTESIAN_POINT('Origin',(-4.04304862122334,-20.5,13.8057875061917));
#11596=CARTESIAN_POINT('',(-4.06126274108184,-21.,12.8059533970327));
#11597=CARTESIAN_POINT('Ctrl Pts',(-4.03892871451292,-20.5,13.3058044801111));
#11598=CARTESIAN_POINT('Ctrl Pts',(-4.03912645805865,-20.5,13.303262699343));
#11599=CARTESIAN_POINT('Ctrl Pts',(-4.03931755180838,-20.5000193649464,
13.3007196162614));
#11600=CARTESIAN_POINT('Ctrl Pts',(-4.04363054355283,-20.5009195998106,
13.2416450858257));
#11601=CARTESIAN_POINT('Ctrl Pts',(-4.04654584816372,-20.5117151946374,
13.174069505898));
#11602=CARTESIAN_POINT('Ctrl Pts',(-4.05207267459831,-20.5684983824139,
13.0449909647566));
#11603=CARTESIAN_POINT('Ctrl Pts',(-4.05418978662268,-20.6060833908606,
12.9911128326724));
#11604=CARTESIAN_POINT('Ctrl Pts',(-4.05769703978939,-20.69980358638,12.9007895120918));
#11605=CARTESIAN_POINT('Ctrl Pts',(-4.05903899668494,-20.755038572099,12.8652061780217));
#11606=CARTESIAN_POINT('Ctrl Pts',(-4.0608182717804,-20.8742638619789,12.8179086932906));
#11607=CARTESIAN_POINT('Ctrl Pts',(-4.06126274108177,-20.9368571785463,
12.8059533970327));
#11608=CARTESIAN_POINT('Ctrl Pts',(-4.06126274108177,-21.,12.8059533970327));
#11609=CARTESIAN_POINT('Origin',(-4.04304862122334,-21.,13.8057875061917));
#11610=CARTESIAN_POINT('Ctrl Pts',(-4.07204473043557,-20.5,13.395498771627));
#11611=CARTESIAN_POINT('Ctrl Pts',(-4.09394042983226,-20.5,13.3694982806324));
#11612=CARTESIAN_POINT('Ctrl Pts',(-4.08047693816051,-20.5,13.3382863986636));
#11613=CARTESIAN_POINT('Ctrl Pts',(-4.06701344648875,-20.5,13.3070745166947));
#11614=CARTESIAN_POINT('Ctrl Pts',(-4.03307563405503,-20.5,13.3051582517742));
#11615=CARTESIAN_POINT('Ctrl Pts',(-4.4544963500128,-20.5,13.7175713700934));
#11616=CARTESIAN_POINT('Ctrl Pts',(-4.67544386210675,-20.5,13.4552027791476));
#11617=CARTESIAN_POINT('Ctrl Pts',(-4.53958499160078,-20.5,13.1402465156439));
#11618=CARTESIAN_POINT('Ctrl Pts',(-4.4037261210948,-20.5,12.8252902521402));
#11619=CARTESIAN_POINT('Ctrl Pts',(-4.06126274108178,-20.5,12.8059533970325));
#11620=CARTESIAN_POINT('Ctrl Pts',(-4.45449635001267,-21.0000000000002,
13.7175713700933));
#11621=CARTESIAN_POINT('Ctrl Pts',(-4.67544386210657,-21.0000000000002,
13.4552027791476));
#11622=CARTESIAN_POINT('Ctrl Pts',(-4.53958499160063,-21.0000000000002,
13.140246515644));
#11623=CARTESIAN_POINT('Ctrl Pts',(-4.4037261210947,-21.0000000000002,12.8252902521403));
#11624=CARTESIAN_POINT('Ctrl Pts',(-4.06126274108177,-21.0000000000002,
12.8059533970327));
#11625=CARTESIAN_POINT('',(-4.07559130849682,-20.5,13.3907979263876));
#11626=CARTESIAN_POINT('Origin',(-4.02997505228209,-20.5,13.3600707857957));
#11627=CARTESIAN_POINT('',(-4.45449635001268,-21.,13.7175713700933));
#11628=CARTESIAN_POINT('Ctrl Pts',(-4.07559130849682,-20.5,13.3907979263876));
#11629=CARTESIAN_POINT('Ctrl Pts',(-4.07748487306398,-20.5,13.3923250133097));
#11630=CARTESIAN_POINT('Ctrl Pts',(-4.07937512985582,-20.5000176298661,
13.3938573084312));
#11631=CARTESIAN_POINT('Ctrl Pts',(-4.11753668469136,-20.5007311878772,
13.424921651373));
#11632=CARTESIAN_POINT('Ctrl Pts',(-4.16092477156685,-20.5081714149577,
13.4621924148715));
#11633=CARTESIAN_POINT('Ctrl Pts',(-4.24733746419397,-20.5499909340626,
13.5367896399259));
#11634=CARTESIAN_POINT('Ctrl Pts',(-4.28460186944147,-20.5782902163935,
13.5692167571229));
#11635=CARTESIAN_POINT('Ctrl Pts',(-4.35535507616221,-20.6556556301714,
13.6308726707039));
#11636=CARTESIAN_POINT('Ctrl Pts',(-4.38672538475408,-20.7064797978329,
13.6582921136305));
#11637=CARTESIAN_POINT('Ctrl Pts',(-4.43302289070408,-20.8212363025635,
13.6987740107359));
#11638=CARTESIAN_POINT('Ctrl Pts',(-4.44750567095642,-20.8840698612535,
13.7114526449927));
#11639=CARTESIAN_POINT('Ctrl Pts',(-4.45383917265768,-20.9658580936518,
13.7169961310668));
#11640=CARTESIAN_POINT('Ctrl Pts',(-4.45449635001268,-20.9829389579559,
13.7175713700933));
#11641=CARTESIAN_POINT('Ctrl Pts',(-4.45449635001267,-21.0000000000002,
13.7175713700933));
#11642=CARTESIAN_POINT('Origin',(-4.02997505228209,-21.,13.3600707857957));
#11643=CARTESIAN_POINT('Ctrl Pts',(-3.9482516589434,-20.5,13.4868167021045));
#11644=CARTESIAN_POINT('Ctrl Pts',(-4.02569150665766,-20.5,13.44591694546));
#11645=CARTESIAN_POINT('Ctrl Pts',(-4.0846202178167,-20.5,13.3811317071049));
#11646=CARTESIAN_POINT('Ctrl Pts',(-4.18175923226616,-20.5,13.9289413600926));
#11647=CARTESIAN_POINT('Ctrl Pts',(-4.33663892769471,-20.5,13.8471418468036));
#11648=CARTESIAN_POINT('Ctrl Pts',(-4.4544963500128,-20.5,13.7175713700934));
#11649=CARTESIAN_POINT('Ctrl Pts',(-4.18175923226609,-21.0000000000002,
13.9289413600924));
#11650=CARTESIAN_POINT('Ctrl Pts',(-4.33663892769461,-21.0000000000002,
13.8471418468034));
#11651=CARTESIAN_POINT('Ctrl Pts',(-4.45449635001268,-21.0000000000002,
13.7175713700933));
#11652=CARTESIAN_POINT('',(-3.9482516589434,-20.5,13.4868167021045));
#11653=CARTESIAN_POINT('Origin',(-3.71474408562071,-20.5,13.0446920441166));
#11654=CARTESIAN_POINT('',(-4.19086222722433,-21.,13.9240733693879));
#11655=CARTESIAN_POINT('Ctrl Pts',(-3.9482516589434,-20.5,13.4868167021045));
#11656=CARTESIAN_POINT('Ctrl Pts',(-3.95058092387364,-20.5,13.4910830241825));
#11657=CARTESIAN_POINT('Ctrl Pts',(-3.9529108260415,-20.5000708673841,13.4953487040162));
#11658=CARTESIAN_POINT('Ctrl Pts',(-3.98516624429529,-20.5020328435784,
13.554378452071));
#11659=CARTESIAN_POINT('Ctrl Pts',(-4.01479075026853,-20.515524448636,13.6082956107471));
#11660=CARTESIAN_POINT('Ctrl Pts',(-4.07151275550221,-20.56550167656,13.7110245766212));
#11661=CARTESIAN_POINT('Ctrl Pts',(-4.09790659615438,-20.6024705644824,
13.758535725112));
#11662=CARTESIAN_POINT('Ctrl Pts',(-4.1424959430631,-20.6951546687044,13.8383967874201));
#11663=CARTESIAN_POINT('Ctrl Pts',(-4.16026671159401,-20.7499819675023,
13.8699848637504));
#11664=CARTESIAN_POINT('Ctrl Pts',(-4.18457085335538,-20.8704337538343,
13.9130242089775));
#11665=CARTESIAN_POINT('Ctrl Pts',(-4.19086222722432,-20.9349051473283,
13.9240733693879));
#11666=CARTESIAN_POINT('Ctrl Pts',(-4.19086222722432,-21.,13.9240733693879));
#11667=CARTESIAN_POINT('Origin',(-3.71474408562071,-21.,13.0446920441166));
#11668=CARTESIAN_POINT('Origin',(-4.26758935436364,-21.,14.0529645946941));
#11669=CARTESIAN_POINT('',(-3.68290558505548,-20.5,14.3369450339987));
#11670=CARTESIAN_POINT('Origin',(-4.26758935436364,-20.5,14.0529645946941));
#11671=CARTESIAN_POINT('',(-4.1298569383316,-21.,14.1123765596));
#11672=CARTESIAN_POINT('Ctrl Pts',(-3.6829055850555,-20.5,14.3369450339987));
#11673=CARTESIAN_POINT('Ctrl Pts',(-3.68700991457666,-20.5,14.3348473321311));
#11674=CARTESIAN_POINT('Ctrl Pts',(-3.69111425834627,-20.5000637112497,
14.3327501418304));
#11675=CARTESIAN_POINT('Ctrl Pts',(-3.75107847795721,-20.5019255904462,
14.3021181559585));
#11676=CARTESIAN_POINT('Ctrl Pts',(-3.80619456521655,-20.5154483772101,
14.2740641493363));
#11677=CARTESIAN_POINT('Ctrl Pts',(-3.91116763969427,-20.5655930721688,
14.2209118175415));
#11678=CARTESIAN_POINT('Ctrl Pts',(-3.95974241773305,-20.6025993182672,
14.1964791225848));
#11679=CARTESIAN_POINT('Ctrl Pts',(-4.04157380236578,-20.6953318665278,
14.1556340308225));
#11680=CARTESIAN_POINT('Ctrl Pts',(-4.07406542763199,-20.7501592270512,
14.1396074556468));
#11681=CARTESIAN_POINT('Ctrl Pts',(-4.11841480432542,-20.8705545403287,
14.117891144937));
#11682=CARTESIAN_POINT('Ctrl Pts',(-4.12985693833163,-20.9349638289935,
14.1123765596));
#11683=CARTESIAN_POINT('Ctrl Pts',(-4.12985693833163,-21.,14.1123765596));
#11684=CARTESIAN_POINT('Origin',(-4.26758935436364,-21.,14.0529645946941));
#11685=CARTESIAN_POINT('Origin',(-11.4712609939495,-21.,10.1544090296013));
#11686=CARTESIAN_POINT('',(-3.95490085745097,-20.5,14.8080546652063));
#11687=CARTESIAN_POINT('Origin',(-11.4712609939495,-20.5,10.1544090296013));
#11688=CARTESIAN_POINT('',(-4.37285853780771,-21.,14.5332676762131));
#11689=CARTESIAN_POINT('Ctrl Pts',(-3.95490085745097,-20.5,14.8080546652063));
#11690=CARTESIAN_POINT('Ctrl Pts',(-3.95614467843182,-20.5,14.8072491185883));
#11691=CARTESIAN_POINT('Ctrl Pts',(-3.95738846731595,-20.5000065852621,
14.8064435358663));
#11692=CARTESIAN_POINT('Ctrl Pts',(-4.01394293065828,-20.500605465566,14.7698114738072));
#11693=CARTESIAN_POINT('Ctrl Pts',(-4.06856241668722,-20.5142089162495,
14.7343166306363));
#11694=CARTESIAN_POINT('Ctrl Pts',(-4.16949843238669,-20.5655801655659,
14.6684043821605));
#11695=CARTESIAN_POINT('Ctrl Pts',(-4.21493789283925,-20.6025749389461,
14.6385585831482));
#11696=CARTESIAN_POINT('Ctrl Pts',(-4.29122972142979,-20.6952910966961,
14.5881111354299));
#11697=CARTESIAN_POINT('Ctrl Pts',(-4.32136140784601,-20.7501186359423,
14.5679816347802));
#11698=CARTESIAN_POINT('Ctrl Pts',(-4.36235715839659,-20.8705267944507,
14.540422663165));
#11699=CARTESIAN_POINT('Ctrl Pts',(-4.37285853780769,-20.934949752736,14.5332676762131));
#11700=CARTESIAN_POINT('Ctrl Pts',(-4.37285853780769,-21.,14.5332676762131));
#11701=CARTESIAN_POINT('Origin',(-11.4712609939495,-21.,10.1544090296013));
#11702=CARTESIAN_POINT('Origin',(-4.49317701672097,-21.,14.4436938874577));
#11703=CARTESIAN_POINT('',(-4.82380662629277,-20.5,15.0033223903722));
#11704=CARTESIAN_POINT('Origin',(-4.49317701672097,-20.5,14.4436938874577));
#11705=CARTESIAN_POINT('',(-4.56643652859144,-21.,14.5745871413729));
#11706=CARTESIAN_POINT('Ctrl Pts',(-4.82380662629278,-20.5,15.0033223903723));
#11707=CARTESIAN_POINT('Ctrl Pts',(-4.82127651545762,-20.5,14.9991720267315));
#11708=CARTESIAN_POINT('Ctrl Pts',(-4.81874727944092,-20.5000708673841,
14.9950214323492));
#11709=CARTESIAN_POINT('Ctrl Pts',(-4.7837537271734,-20.5020328435784,14.9375725467046));
#11710=CARTESIAN_POINT('Ctrl Pts',(-4.75187235104667,-20.515524448636,14.8849583926189));
#11711=CARTESIAN_POINT('Ctrl Pts',(-4.691267459512,-20.5655016765599,14.7844712121958));
#11712=CARTESIAN_POINT('Ctrl Pts',(-4.66331851828205,-20.6024705644824,
14.7378579014422));
#11713=CARTESIAN_POINT('Ctrl Pts',(-4.61645148300432,-20.6951546687044,
14.659311863127));
#11714=CARTESIAN_POINT('Ctrl Pts',(-4.59798079071106,-20.7499819675023,
14.6281278879693));
#11715=CARTESIAN_POINT('Ctrl Pts',(-4.57285969526283,-20.8704337538343,
14.5855602111732));
#11716=CARTESIAN_POINT('Ctrl Pts',(-4.56643652859148,-20.9349051473283,
14.5745871413728));
#11717=CARTESIAN_POINT('Ctrl Pts',(-4.56643652859148,-21.,14.5745871413728));
#11718=CARTESIAN_POINT('Origin',(-4.49317701672097,-21.,14.4436938874577));
#11719=CARTESIAN_POINT('Ctrl Pts',(-4.98351679619758,-20.5,14.9380662516105));
#11720=CARTESIAN_POINT('Ctrl Pts',(-4.89794677841252,-20.5,14.9567073933089));
#11721=CARTESIAN_POINT('Ctrl Pts',(-4.82380662629278,-20.5,15.0033223903723));
#11722=CARTESIAN_POINT('Ctrl Pts',(-4.87708956730694,-20.5,14.449524293381));
#11723=CARTESIAN_POINT('Ctrl Pts',(-4.70594953173682,-20.5,14.4868065767779));
#11724=CARTESIAN_POINT('Ctrl Pts',(-4.55766922749733,-20.5,14.5800365709046));
#11725=CARTESIAN_POINT('Ctrl Pts',(-4.87708956730694,-21.,14.449524293381));
#11726=CARTESIAN_POINT('Ctrl Pts',(-4.70594953173682,-21.,14.4868065767779));
#11727=CARTESIAN_POINT('Ctrl Pts',(-4.55766922749733,-21.,14.5800365709046));
#11728=CARTESIAN_POINT('',(-4.97063115008033,-20.5,14.9410524068086));
#11729=CARTESIAN_POINT('Origin',(-5.0899440250882,-20.5,15.4266082098399));
#11730=CARTESIAN_POINT('',(-4.87708956730695,-21.,14.449524293381));
#11731=CARTESIAN_POINT('Ctrl Pts',(-4.97063115008033,-20.5,14.9410524068086));
#11732=CARTESIAN_POINT('Ctrl Pts',(-4.97023738843812,-20.5,14.9385335372701));
#11733=CARTESIAN_POINT('Ctrl Pts',(-4.96983685591187,-20.5000193649464,
14.9360149340706));
#11734=CARTESIAN_POINT('Ctrl Pts',(-4.96041006613052,-20.5009195998106,
14.8775381209016));
#11735=CARTESIAN_POINT('Ctrl Pts',(-4.94766278712228,-20.5117151946374,
14.8111117339646));
#11736=CARTESIAN_POINT('Ctrl Pts',(-4.92327307707537,-20.5684983824147,
14.6842379477137));
#11737=CARTESIAN_POINT('Ctrl Pts',(-4.91290796972658,-20.6060833908615,
14.6313238680199));
#11738=CARTESIAN_POINT('Ctrl Pts',(-4.89549069320628,-20.6998035863812,
14.5426263959926));
#11739=CARTESIAN_POINT('Ctrl Pts',(-4.88859039590956,-20.7550385721003,
14.5076927387397));
#11740=CARTESIAN_POINT('Ctrl Pts',(-4.87941415978945,-20.8742638619799,
14.4612598347558));
#11741=CARTESIAN_POINT('Ctrl Pts',(-4.87708956730687,-20.9368571785468,
14.449524293381));
#11742=CARTESIAN_POINT('Ctrl Pts',(-4.87708956730687,-21.,14.449524293381));
#11743=CARTESIAN_POINT('Origin',(-5.0899440250882,-21.,15.4266082098399));
#11744=CARTESIAN_POINT('Ctrl Pts',(-5.0235394466465,-20.5,15.0206918982409));
#11745=CARTESIAN_POINT('Ctrl Pts',(-5.03884881876175,-20.5,14.9903427580642));
#11746=CARTESIAN_POINT('Ctrl Pts',(-5.0185502819127,-20.5,14.9630770912684));
#11747=CARTESIAN_POINT('Ctrl Pts',(-4.99825174506364,-20.5,14.9358114244726));
#11748=CARTESIAN_POINT('Ctrl Pts',(-4.96478680965309,-20.5,14.9417734108864));
#11749=CARTESIAN_POINT('Ctrl Pts',(-5.46995708605852,-20.5,15.2458835748673));
#11750=CARTESIAN_POINT('Ctrl Pts',(-5.62444256831246,-20.5,14.9396331603564));
#11751=CARTESIAN_POINT('Ctrl Pts',(-5.4196118782902,-20.5,14.664497795417));
#11752=CARTESIAN_POINT('Ctrl Pts',(-5.21478118826795,-20.5,14.3893624304776));
#11753=CARTESIAN_POINT('Ctrl Pts',(-4.87708956730687,-20.5,14.449524293381));
#11754=CARTESIAN_POINT('Ctrl Pts',(-5.46995708605853,-21.,15.2458835748673));
#11755=CARTESIAN_POINT('Ctrl Pts',(-5.62444256831246,-21.,14.9396331603564));
#11756=CARTESIAN_POINT('Ctrl Pts',(-5.41961187829021,-21.,14.664497795417));
#11757=CARTESIAN_POINT('Ctrl Pts',(-5.21478118826795,-21.,14.3893624304776));
#11758=CARTESIAN_POINT('Ctrl Pts',(-4.87708956730687,-21.,14.449524293381));
#11759=CARTESIAN_POINT('',(-5.02590633671899,-20.5,15.0152998677056));
#11760=CARTESIAN_POINT('Origin',(-4.97443350631117,-20.5,14.995920813812));
#11761=CARTESIAN_POINT('',(-5.46995708605854,-21.,15.2458835748673));
#11762=CARTESIAN_POINT('Ctrl Pts',(-5.02590633671899,-20.5,15.0152998677056));
#11763=CARTESIAN_POINT('Ctrl Pts',(-5.02810103048822,-20.5,15.0163491057605));
#11764=CARTESIAN_POINT('Ctrl Pts',(-5.03029370673766,-20.5000176298661,
15.0174041744529));
#11765=CARTESIAN_POINT('Ctrl Pts',(-5.04805069430292,-20.5003036692758,
15.0259932132798));
#11766=CARTESIAN_POINT('Ctrl Pts',(-5.06354530422125,-20.5014486379373,
15.0337407822011));
#11767=CARTESIAN_POINT('Ctrl Pts',(-5.13627543372942,-20.5111194614619,
15.0704823178431));
#11768=CARTESIAN_POINT('Ctrl Pts',(-5.19138235708549,-20.5311210958405,
15.0993332241874));
#11769=CARTESIAN_POINT('Ctrl Pts',(-5.29210331166703,-20.5939728162838,
15.1520594414368));
#11770=CARTESIAN_POINT('Ctrl Pts',(-5.33659721310801,-20.6363086591507,
15.1754975881426));
#11771=CARTESIAN_POINT('Ctrl Pts',(-5.40869494643402,-20.7378656917364,
15.21351037643));
#11772=CARTESIAN_POINT('Ctrl Pts',(-5.43560915940073,-20.7961097918334,
15.227731461575));
#11773=CARTESIAN_POINT('Ctrl Pts',(-5.46389663898253,-20.9045613576194,
15.2426791868252));
#11774=CARTESIAN_POINT('Ctrl Pts',(-5.46995708605851,-20.952202890322,15.2458835748673));
#11775=CARTESIAN_POINT('Ctrl Pts',(-5.46995708605853,-20.9999999999998,
15.2458835748673));
#11776=CARTESIAN_POINT('Origin',(-4.97443350631117,-21.,14.995920813812));
#11777=CARTESIAN_POINT('Ctrl Pts',(-4.92414259746859,-20.5,15.1380969890586));
#11778=CARTESIAN_POINT('Ctrl Pts',(-4.9900629110741,-20.5,15.0804408327367));
#11779=CARTESIAN_POINT('Ctrl Pts',(-5.03246268704297,-20.5,15.00381199283));
#11780=CARTESIAN_POINT('Ctrl Pts',(-5.25331690690977,-20.5,15.5144535673243));
#11781=CARTESIAN_POINT('Ctrl Pts',(-5.38515753412081,-20.5,15.3991412546807));
#11782=CARTESIAN_POINT('Ctrl Pts',(-5.46995708605854,-20.5,15.2458835748673));
#11783=CARTESIAN_POINT('Ctrl Pts',(-5.25331690690977,-21.,15.5144535673243));
#11784=CARTESIAN_POINT('Ctrl Pts',(-5.38515753412081,-21.,15.3991412546807));
#11785=CARTESIAN_POINT('Ctrl Pts',(-5.46995708605854,-21.,15.2458835748673));
#11786=CARTESIAN_POINT('',(-4.9241425974686,-20.5,15.1380969890586));
#11787=CARTESIAN_POINT('Origin',(-4.59496828802741,-20.5,14.7617404107928));
#11788=CARTESIAN_POINT('',(-5.26105189354689,-21.,15.5076174988295));
#11789=CARTESIAN_POINT('Ctrl Pts',(-4.92414259746859,-20.5,15.1380969890586));
#11790=CARTESIAN_POINT('Ctrl Pts',(-4.92739295834193,-20.5,15.1417111464126));
#11791=CARTESIAN_POINT('Ctrl Pts',(-4.93064379116535,-20.5000708673841,
15.1453245318769));
#11792=CARTESIAN_POINT('Ctrl Pts',(-4.97564295719249,-20.5020328435784,
15.1953245140662));
#11793=CARTESIAN_POINT('Ctrl Pts',(-5.01690308326949,-20.515524448636,15.2409564475119));
#11794=CARTESIAN_POINT('Ctrl Pts',(-5.09578706942663,-20.5655016765599,
15.3278353461884));
#11795=CARTESIAN_POINT('Ctrl Pts',(-5.13242628556735,-20.6024705644823,
15.3679789869786));
#11796=CARTESIAN_POINT('Ctrl Pts',(-5.19423094928206,-20.6951546687044,
15.4354043729534));
#11797=CARTESIAN_POINT('Ctrl Pts',(-5.2188074161753,-20.7499819675023,15.4620427673396));
#11798=CARTESIAN_POINT('Ctrl Pts',(-5.25238199272578,-20.8704337538343,
15.498317060631));
#11799=CARTESIAN_POINT('Ctrl Pts',(-5.26105189354693,-20.9349051473283,
15.5076174988295));
#11800=CARTESIAN_POINT('Ctrl Pts',(-5.26105189354693,-21.,15.5076174988295));
#11801=CARTESIAN_POINT('Origin',(-4.59496828802741,-21.,14.7617404107928));
#11802=CARTESIAN_POINT('Origin',(-5.36543519319918,-21.,15.6153399512417));
#11803=CARTESIAN_POINT('',(-4.86200204684665,-20.5,16.0265030176201));
#11804=CARTESIAN_POINT('Origin',(-5.36543519319918,-20.5,15.6153399512417));
#11805=CARTESIAN_POINT('',(-5.24511671428593,-21.,15.7049137399972));
#11806=CARTESIAN_POINT('Ctrl Pts',(-4.86200204684666,-20.5,16.02650301762));
#11807=CARTESIAN_POINT('Ctrl Pts',(-4.86551198029168,-20.5,16.0235153360514));
#11808=CARTESIAN_POINT('Ctrl Pts',(-4.86902204557632,-20.5000637112497,
16.0205281489744));
#11809=CARTESIAN_POINT('Ctrl Pts',(-4.92030569979322,-20.5019255904462,
15.9768931515272));
#11810=CARTESIAN_POINT('Ctrl Pts',(-4.96746642662209,-20.5154483772102,
15.9368846998288));
#11811=CARTESIAN_POINT('Ctrl Pts',(-5.05735216701256,-20.5655930721688,
15.8609566390415));
#11812=CARTESIAN_POINT('Ctrl Pts',(-5.09898303840073,-20.6025993182672,
15.8259804158059));
#11813=CARTESIAN_POINT('Ctrl Pts',(-5.16918912106775,-20.6953318665278,
15.7673646927571));
#11814=CARTESIAN_POINT('Ctrl Pts',(-5.19710894778068,-20.7501592270512,
15.7442770315368));
#11815=CARTESIAN_POINT('Ctrl Pts',(-5.23525475538198,-20.8705545403287,
15.7129184166697));
#11816=CARTESIAN_POINT('Ctrl Pts',(-5.24511671428592,-20.9349638289935,
15.7049137399972));
#11817=CARTESIAN_POINT('Ctrl Pts',(-5.24511671428592,-21.,15.7049137399972));
#11818=CARTESIAN_POINT('Origin',(-5.36543519319918,-21.,15.6153399512417));
#11819=CARTESIAN_POINT('Origin',(-11.4758621451579,-21.,10.160589448252));
#11820=CARTESIAN_POINT('',(-5.23531100928917,-20.5,16.422187401166));
#11821=CARTESIAN_POINT('Origin',(-11.4758621451579,-20.5,10.160589448252));
#11822=CARTESIAN_POINT('',(-5.57863234554434,-21.,16.0584196566352));
#11823=CARTESIAN_POINT('Ctrl Pts',(-5.23531100928917,-20.5,16.422187401166));
#11824=CARTESIAN_POINT('Ctrl Pts',(-5.23633553107975,-20.5,16.4211167233029));
#11825=CARTESIAN_POINT('Ctrl Pts',(-5.23736001331267,-20.5000065852621,
16.4200460177109));
#11826=CARTESIAN_POINT('Ctrl Pts',(-5.28394210888658,-20.500605465566,16.3713590208167));
#11827=CARTESIAN_POINT('Ctrl Pts',(-5.32890364543683,-20.5142089162494,
16.3242248254079));
#11828=CARTESIAN_POINT('Ctrl Pts',(-5.41191850719514,-20.5655801655659,
16.2368118029703));
#11829=CARTESIAN_POINT('Ctrl Pts',(-5.44925022618319,-20.6025749389461,
16.1972914405947));
#11830=CARTESIAN_POINT('Ctrl Pts',(-5.51185161657808,-20.6952910966961,
16.1306097038776));
#11831=CARTESIAN_POINT('Ctrl Pts',(-5.53652891716738,-20.7501186359423,
16.1040739514233));
#11832=CARTESIAN_POINT('Ctrl Pts',(-5.57006408572039,-20.8705267944507,
16.0678035647447));
#11833=CARTESIAN_POINT('Ctrl Pts',(-5.57863234554429,-20.934949752736,16.0584196566351));
#11834=CARTESIAN_POINT('Ctrl Pts',(-5.57863234554429,-21.,16.0584196566351));
#11835=CARTESIAN_POINT('Origin',(-11.4758621451579,-21.,10.160589448252));
#11836=CARTESIAN_POINT('Origin',(-5.67505048699732,-21.,15.9435129901673));
#11837=CARTESIAN_POINT('',(-6.12582714714513,-20.5,16.4118081990537));
#11838=CARTESIAN_POINT('Origin',(-5.67505048699732,-20.5,15.9435129901673));
#11839=CARTESIAN_POINT('',(-5.77652134097001,-21.,16.0539831933628));
#11840=CARTESIAN_POINT('Ctrl Pts',(-6.12582714714515,-20.5,16.4118081990538));
#11841=CARTESIAN_POINT('Ctrl Pts',(-6.12240809605009,-20.5,16.4083531927154));
#11842=CARTESIAN_POINT('Ctrl Pts',(-6.11898984297983,-20.5000708673841,
16.4048977601082));
#11843=CARTESIAN_POINT('Ctrl Pts',(-6.07169092165756,-20.5020328435783,
16.3570674851389));
#11844=CARTESIAN_POINT('Ctrl Pts',(-6.0285352531917,-20.5155244486358,16.313223903701));
#11845=CARTESIAN_POINT('Ctrl Pts',(-5.94639003573989,-20.5655016765599,
16.2294218180636));
#11846=CARTESIAN_POINT('Ctrl Pts',(-5.90844469259035,-20.6024705644824,
16.1905104445521));
#11847=CARTESIAN_POINT('Ctrl Pts',(-5.8447270012946,-20.6951546687044,16.1248899070148));
#11848=CARTESIAN_POINT('Ctrl Pts',(-5.81956266931839,-20.7499819675023,
16.0988061347298));
#11849=CARTESIAN_POINT('Ctrl Pts',(-5.78530193439932,-20.8704337538343,
16.0631791984717));
#11850=CARTESIAN_POINT('Ctrl Pts',(-5.77652134097007,-20.9349051473284,
16.0539831933628));
#11851=CARTESIAN_POINT('Ctrl Pts',(-5.77652134097007,-21.,16.0539831933628));
#11852=CARTESIAN_POINT('Origin',(-5.67505048699732,-21.,15.9435129901673));
#11853=CARTESIAN_POINT('Ctrl Pts',(-6.26618320748841,-20.5,16.3114793480589));
#11854=CARTESIAN_POINT('Ctrl Pts',(-6.18721868373178,-20.5,16.3493518195312));
#11855=CARTESIAN_POINT('Ctrl Pts',(-6.12582714714515,-20.5,16.4118081990538));
#11856=CARTESIAN_POINT('Ctrl Pts',(-6.04995920923508,-20.5,15.860649909602));
#11857=CARTESIAN_POINT('Ctrl Pts',(-5.89203016172182,-20.5,15.9363948525466));
#11858=CARTESIAN_POINT('Ctrl Pts',(-5.76924708854854,-20.5,16.0613076115917));
#11859=CARTESIAN_POINT('Ctrl Pts',(-6.04995920923508,-21.,15.860649909602));
#11860=CARTESIAN_POINT('Ctrl Pts',(-5.89203016172182,-21.,15.9363948525466));
#11861=CARTESIAN_POINT('Ctrl Pts',(-5.76924708854854,-21.,16.0613076115917));
#11862=CARTESIAN_POINT('',(-6.25433355041108,-20.5,16.3173566455567));
#11863=CARTESIAN_POINT('Origin',(-6.48240720574171,-20.5,16.7623087865158));
#11864=CARTESIAN_POINT('',(-6.049959209235,-21.,15.8606499096021));
#11865=CARTESIAN_POINT('Ctrl Pts',(-6.25433355041108,-20.5,16.3173566455567));
#11866=CARTESIAN_POINT('Ctrl Pts',(-6.25336951137298,-20.5,16.3149964801565));
#11867=CARTESIAN_POINT('Ctrl Pts',(-6.25239894538292,-20.5000193649464,
16.3126381353895));
#11868=CARTESIAN_POINT('Ctrl Pts',(-6.22974057475634,-20.5009195998105,
16.2579115396294));
#11869=CARTESIAN_POINT('Ctrl Pts',(-6.20201792123993,-20.5117151946343,
16.1962154093971));
#11870=CARTESIAN_POINT('Ctrl Pts',(-6.14902653029128,-20.5684983824124,
16.0783861766898));
#11871=CARTESIAN_POINT('Ctrl Pts',(-6.12673798918927,-20.6060833908587,
16.0292887611187));
#11872=CARTESIAN_POINT('Ctrl Pts',(-6.08933515286716,-20.6998035863775,
15.946998841319));
#11873=CARTESIAN_POINT('Ctrl Pts',(-6.07456459819135,-20.7550385720963,
15.9145981433875));
#11874=CARTESIAN_POINT('Ctrl Pts',(-6.05492754411942,-20.8742638619769,
15.8715330300213));
#11875=CARTESIAN_POINT('Ctrl Pts',(-6.04995920923508,-20.9368571785453,
15.860649909602));
#11876=CARTESIAN_POINT('Ctrl Pts',(-6.04995920923508,-21.,15.860649909602));
#11877=CARTESIAN_POINT('Origin',(-6.48240720574171,-21.,16.7623087865158));
#11878=CARTESIAN_POINT('Ctrl Pts',(-6.32418182765803,-20.5,16.3826479513084));
#11879=CARTESIAN_POINT('Ctrl Pts',(-6.33207954027843,-20.5,16.349586291952));
#11880=CARTESIAN_POINT('Ctrl Pts',(-6.3060402576277,-20.5,16.3277367394836));
#11881=CARTESIAN_POINT('Ctrl Pts',(-6.28000097497698,-20.5,16.3058871870153));
#11882=CARTESIAN_POINT('Ctrl Pts',(-6.24881301991964,-20.5,16.3194060125328));
#11883=CARTESIAN_POINT('Ctrl Pts',(-6.81049899641356,-20.5,16.4988185645192));
#11884=CARTESIAN_POINT('Ctrl Pts',(-6.89019409649214,-20.5,16.1651963655592));
#11885=CARTESIAN_POINT('Ctrl Pts',(-6.62743406247108,-20.5,15.944714517924));
#11886=CARTESIAN_POINT('Ctrl Pts',(-6.36467402845002,-20.5,15.7242326702888));
#11887=CARTESIAN_POINT('Ctrl Pts',(-6.04995920923494,-20.5,15.8606499096019));
#11888=CARTESIAN_POINT('Ctrl Pts',(-6.81049899641341,-21.0000000000002,
16.4988185645191));
#11889=CARTESIAN_POINT('Ctrl Pts',(-6.89019409649196,-21.0000000000002,
16.1651963655593));
#11890=CARTESIAN_POINT('Ctrl Pts',(-6.62743406247097,-21.0000000000002,
15.9447145179242));
#11891=CARTESIAN_POINT('Ctrl Pts',(-6.36467402844999,-21.0000000000002,
15.724232670289));
#11892=CARTESIAN_POINT('Ctrl Pts',(-6.049959209235,-21.0000000000002,15.8606499096021));
#11893=CARTESIAN_POINT('',(-6.32524143008532,-20.5,16.3768554212389));
#11894=CARTESIAN_POINT('Origin',(-6.27068693909494,-20.5,16.3698691838552));
#11895=CARTESIAN_POINT('',(-6.81049899641341,-21.,16.4988185645191));
#11896=CARTESIAN_POINT('Ctrl Pts',(-6.32524143008532,-20.5,16.3768554212389));
#11897=CARTESIAN_POINT('Ctrl Pts',(-6.32761893654774,-20.5,16.3773702457317));
#11898=CARTESIAN_POINT('Ctrl Pts',(-6.32999582451005,-20.5000176298661,
16.3778912089684));
#11899=CARTESIAN_POINT('Ctrl Pts',(-6.37803988715571,-20.5007311878771,
16.3885244452446));
#11900=CARTESIAN_POINT('Ctrl Pts',(-6.43353998588268,-20.5081714149555,
16.4023582782138));
#11901=CARTESIAN_POINT('Ctrl Pts',(-6.54424036198482,-20.5499909340464,
16.4302388477854));
#11902=CARTESIAN_POINT('Ctrl Pts',(-6.59209431444468,-20.5782902163683,
16.442492543617));
#11903=CARTESIAN_POINT('Ctrl Pts',(-6.68299281284897,-20.6556556301294,
16.4658362992894));
#11904=CARTESIAN_POINT('Ctrl Pts',(-6.72333216805628,-20.7064797977861,
16.4762602396908));
#11905=CARTESIAN_POINT('Ctrl Pts',(-6.7828733727853,-20.8212363025097,16.491657901574));
#11906=CARTESIAN_POINT('Ctrl Pts',(-6.80150581860889,-20.8840698611976,
16.4964880830782));
#11907=CARTESIAN_POINT('Ctrl Pts',(-6.80965355447308,-20.9658580936138,
16.4985994528066));
#11908=CARTESIAN_POINT('Ctrl Pts',(-6.81049899641341,-20.982938957937,16.4988185645191));
#11909=CARTESIAN_POINT('Ctrl Pts',(-6.81049899641341,-21.0000000000002,
16.4988185645191));
#11910=CARTESIAN_POINT('Origin',(-6.27068693909494,-21.,16.3698691838552));
#11911=CARTESIAN_POINT('Ctrl Pts',(-6.25453971066264,-20.5,16.51981086363));
#11912=CARTESIAN_POINT('Ctrl Pts',(-6.30538670898933,-20.5,16.4485065659422));
#11913=CARTESIAN_POINT('Ctrl Pts',(-6.32897176687039,-20.5,16.3641652050785));
#11914=CARTESIAN_POINT('Ctrl Pts',(-6.66163488399804,-20.5,16.8101098816221));
#11915=CARTESIAN_POINT('Ctrl Pts',(-6.76332888065144,-20.5,16.6675012862465));
#11916=CARTESIAN_POINT('Ctrl Pts',(-6.81049899641356,-20.5,16.4988185645191));
#11917=CARTESIAN_POINT('Ctrl Pts',(-6.66163488399791,-21.0000000000002,
16.810109881622));
#11918=CARTESIAN_POINT('Ctrl Pts',(-6.76332888065129,-21.0000000000002,
16.6675012862464));
#11919=CARTESIAN_POINT('Ctrl Pts',(-6.81049899641341,-21.0000000000002,
16.4988185645191));
#11920=CARTESIAN_POINT('',(-6.25453971066263,-20.5,16.51981086363));
#11921=CARTESIAN_POINT('Origin',(-5.84744453732737,-20.5,16.229511845638));
#11922=CARTESIAN_POINT('',(-6.66758486717985,-21.,16.801674269561));
#11923=CARTESIAN_POINT('Ctrl Pts',(-6.25453971066264,-20.5,16.51981086363));
#11924=CARTESIAN_POINT('Ctrl Pts',(-6.25853593968332,-20.5,16.5225780161019));
#11925=CARTESIAN_POINT('Ctrl Pts',(-6.26253244992168,-20.5000708673841,
16.5253443086516));
#11926=CARTESIAN_POINT('Ctrl Pts',(-6.31784944703477,-20.5020328435784,
16.5636190129942));
#11927=CARTESIAN_POINT('Ctrl Pts',(-6.36852084913861,-20.515524448636,16.5985056918659));
#11928=CARTESIAN_POINT('Ctrl Pts',(-6.46531416010725,-20.56550167656,16.6648508594295));
#11929=CARTESIAN_POINT('Ctrl Pts',(-6.51022352211053,-20.6024705644824,
16.695462838453));
#11930=CARTESIAN_POINT('Ctrl Pts',(-6.58591159721271,-20.6951546687044,
16.7468176280842));
#11931=CARTESIAN_POINT('Ctrl Pts',(-6.61596883877672,-20.7499819675023,
16.7670702577898));
#11932=CARTESIAN_POINT('Ctrl Pts',(-6.65700383600401,-20.8704337538343,
16.7946239426049));
#11933=CARTESIAN_POINT('Ctrl Pts',(-6.66758486717985,-20.9349051473283,
16.801674269561));
#11934=CARTESIAN_POINT('Ctrl Pts',(-6.66758486717985,-21.,16.801674269561));
#11935=CARTESIAN_POINT('Origin',(-5.84744453732737,-21.,16.229511845638));
#11936=CARTESIAN_POINT('Origin',(-6.79399700864226,-21.,16.8824206037867));
#11937=CARTESIAN_POINT('',(-6.39895469647438,-20.5,17.3986003899049));
#11938=CARTESIAN_POINT('Origin',(-6.79399700864226,-20.5,16.8824206037867));
#11939=CARTESIAN_POINT('',(-6.69757886718928,-21.,16.9973272702546));
#11940=CARTESIAN_POINT('Ctrl Pts',(-6.39895469647437,-20.5,17.3986003899049));
#11941=CARTESIAN_POINT('Ctrl Pts',(-6.40168101242274,-20.5,17.3948837953219));
#11942=CARTESIAN_POINT('Ctrl Pts',(-6.4044075706941,-20.5000637112497,17.391167651497));
#11943=CARTESIAN_POINT('Ctrl Pts',(-6.44424594444333,-20.5019255904462,
17.3368820164806));
#11944=CARTESIAN_POINT('Ctrl Pts',(-6.48090886385171,-20.5154483772104,
17.2870759856934));
#11945=CARTESIAN_POINT('Ctrl Pts',(-6.55086150662448,-20.5655930721688,
17.192465497324));
#11946=CARTESIAN_POINT('Ctrl Pts',(-6.58330414030973,-20.6025993182672,
17.1488313230574));
#11947=CARTESIAN_POINT('Ctrl Pts',(-6.63810009292229,-20.6953318665278,
17.0756049575238));
#11948=CARTESIAN_POINT('Ctrl Pts',(-6.65994295599705,-20.7501592270512,
17.0467008720513));
#11949=CARTESIAN_POINT('Ctrl Pts',(-6.68982874414476,-20.8705545403287,
17.0073905040712));
#11950=CARTESIAN_POINT('Ctrl Pts',(-6.69757886718929,-20.9349638289935,
16.9973272702546));
#11951=CARTESIAN_POINT('Ctrl Pts',(-6.69757886718929,-21.,16.9973272702546));
#11952=CARTESIAN_POINT('Origin',(-6.79399700864226,-21.,16.8824206037867));
#11953=CARTESIAN_POINT('Origin',(-11.4817645743687,-21.,10.1655421744258));
#11954=CARTESIAN_POINT('',(-6.85345216617099,-20.5,17.6975280782531));
#11955=CARTESIAN_POINT('Origin',(-11.4817645743687,-20.5,10.1655421744258));
#11956=CARTESIAN_POINT('',(-7.10362861622156,-21.,17.2643903914499));
#11957=CARTESIAN_POINT('Ctrl Pts',(-6.85345216617099,-20.5,17.6975280782531));
#11958=CARTESIAN_POINT('Ctrl Pts',(-6.85420215653633,-20.5,17.6962499896656));
#11959=CARTESIAN_POINT('Ctrl Pts',(-6.8549521020156,-20.5000065852621,17.6949718832188));
#11960=CARTESIAN_POINT('Ctrl Pts',(-6.88905057699396,-20.500605465566,17.6368546800988));
#11961=CARTESIAN_POINT('Ctrl Pts',(-6.92193027598902,-20.5142089162487,
17.580622149124));
#11962=CARTESIAN_POINT('Ctrl Pts',(-6.98254863112201,-20.5655801655659,
17.4764208113888));
#11963=CARTESIAN_POINT('Ctrl Pts',(-7.00976004601192,-20.6025749389461,
17.429356438615));
#11964=CARTESIAN_POINT('Ctrl Pts',(-7.05529614105121,-20.6952910966961,
17.3500352425855));
#11965=CARTESIAN_POINT('Ctrl Pts',(-7.07318869615132,-20.7501186359423,
17.3185237876099));
#11966=CARTESIAN_POINT('Ctrl Pts',(-7.09745539308979,-20.8705267944507,
17.275497331802));
#11967=CARTESIAN_POINT('Ctrl Pts',(-7.10362861622158,-20.934949752736,17.26439039145));
#11968=CARTESIAN_POINT('Ctrl Pts',(-7.10362861622158,-21.,17.26439039145));
#11969=CARTESIAN_POINT('Origin',(-11.4817645743687,-21.,10.1655421744258));
#11970=CARTESIAN_POINT('Origin',(-7.17094849325163,-21.,17.1303454954014));
#11971=CARTESIAN_POINT('',(-7.71757071754693,-20.5,17.4820614943359));
#11972=CARTESIAN_POINT('Origin',(-7.17094849325163,-20.5,17.1303454954014));
#11973=CARTESIAN_POINT('',(-7.29516036932413,-21.,17.2144371706288));
#11974=CARTESIAN_POINT('Ctrl Pts',(-7.71757071754694,-20.5,17.4820614943359));
#11975=CARTESIAN_POINT('Ctrl Pts',(-7.71344704812159,-20.5,17.479488105586));
#11976=CARTESIAN_POINT('Ctrl Pts',(-7.70932405690596,-20.5000708673841,
17.4769141180194));
#11977=CARTESIAN_POINT('Ctrl Pts',(-7.65226966361807,-20.5020328435784,
17.4412809962272));
#11978=CARTESIAN_POINT('Ctrl Pts',(-7.60016623607236,-20.515524448636,17.4085716062626));
#11979=CARTESIAN_POINT('Ctrl Pts',(-7.50090916263921,-20.5655016765599,
17.3459724075394));
#11980=CARTESIAN_POINT('Ctrl Pts',(-7.455013060841,-20.6024705644824,17.3168606934879));
#11981=CARTESIAN_POINT('Ctrl Pts',(-7.37787975075773,-20.6951546687044,
17.2677032768924));
#11982=CARTESIAN_POINT('Ctrl Pts',(-7.34737839474895,-20.7499819675023,
17.2481258903954));
#11983=CARTESIAN_POINT('Ctrl Pts',(-7.30582502544662,-20.8704337538342,
17.2213603520306));
#11984=CARTESIAN_POINT('Ctrl Pts',(-7.2951603693241,-20.9349051473283,17.2144371706289));
#11985=CARTESIAN_POINT('Ctrl Pts',(-7.2951603693241,-21.,17.2144371706289));
#11986=CARTESIAN_POINT('Origin',(-7.17094849325163,-21.,17.1303454954014));
#11987=CARTESIAN_POINT('Ctrl Pts',(-7.83100603678643,-20.5,17.3520686854334));
#11988=CARTESIAN_POINT('Ctrl Pts',(-7.76290400497267,-20.5,17.4071307719399));
#11989=CARTESIAN_POINT('Ctrl Pts',(-7.71757071754694,-20.5,17.4820614943359));
#11990=CARTESIAN_POINT('Ctrl Pts',(-7.51664196088368,-20.5,16.9632560984692));
#11991=CARTESIAN_POINT('Ctrl Pts',(-7.38043789725617,-20.5,17.0733802714821));
#11992=CARTESIAN_POINT('Ctrl Pts',(-7.2897713224047,-20.5,17.2232417162741));
#11993=CARTESIAN_POINT('Ctrl Pts',(-7.51664196088368,-21.,16.9632560984692));
#11994=CARTESIAN_POINT('Ctrl Pts',(-7.38043789725617,-21.,17.0733802714821));
#11995=CARTESIAN_POINT('Ctrl Pts',(-7.2897713224047,-21.,17.2232417162741));
#11996=CARTESIAN_POINT('',(-7.82083118682928,-20.5,17.3605202786013));
#11997=CARTESIAN_POINT('Origin',(-8.14537011268916,-20.5,17.7408812723976));
#11998=CARTESIAN_POINT('',(-7.51664196088368,-21.,16.9632560984692));
#11999=CARTESIAN_POINT('Ctrl Pts',(-7.82083118682928,-20.5,17.3605202786013));
#12000=CARTESIAN_POINT('Ctrl Pts',(-7.81934884198936,-20.5,17.3584460544672));
#12001=CARTESIAN_POINT('Ctrl Pts',(-7.81786056599923,-20.5000193649464,
17.3563751071095));
#12002=CARTESIAN_POINT('Ctrl Pts',(-7.78319213315823,-20.5009195998103,
17.3083490537021));
#12003=CARTESIAN_POINT('Ctrl Pts',(-7.74198864057274,-20.5117151946296,
17.2547092345408));
#12004=CARTESIAN_POINT('Ctrl Pts',(-7.66325234833582,-20.5684983823831,
17.152276759829));
#12005=CARTESIAN_POINT('Ctrl Pts',(-7.63024195449809,-20.6060833908233,
17.1096428627592));
#12006=CARTESIAN_POINT('Ctrl Pts',(-7.57486995495535,-20.699803586332,17.038196766056));
#12007=CARTESIAN_POINT('Ctrl Pts',(-7.5530254273225,-20.7550385720468,17.0100757574536));
#12008=CARTESIAN_POINT('Ctrl Pts',(-7.52398619395451,-20.8742638619395,
16.9727000860993));
#12009=CARTESIAN_POINT('Ctrl Pts',(-7.51664196088364,-20.9368571785262,
16.9632560984692));
#12010=CARTESIAN_POINT('Ctrl Pts',(-7.51664196088364,-21.,16.9632560984692));
#12011=CARTESIAN_POINT('Origin',(-8.14537011268916,-21.,17.7408812723976));
#12012=CARTESIAN_POINT('Ctrl Pts',(-7.90385390605113,-20.5,17.4079435274793));
#12013=CARTESIAN_POINT('Ctrl Pts',(-7.90391419144506,-20.5,17.3739517115569));
#12014=CARTESIAN_POINT('Ctrl Pts',(-7.87353794746037,-20.5,17.3586961884451));
#12015=CARTESIAN_POINT('Ctrl Pts',(-7.84316170347568,-20.5,17.3434406653333));
#12016=CARTESIAN_POINT('Ctrl Pts',(-7.81593207950139,-20.5,17.3637875265716));
#12017=CARTESIAN_POINT('Ctrl Pts',(-8.40385311970389,-20.5,17.4088302894466));
#12018=CARTESIAN_POINT('Ctrl Pts',(-8.40446145413355,-20.5,17.0658219651386));
#12019=CARTESIAN_POINT('Ctrl Pts',(-8.09793753756066,-20.5,16.9118798682833));
#12020=CARTESIAN_POINT('Ctrl Pts',(-7.79141362098776,-20.5,16.7579377714279));
#12021=CARTESIAN_POINT('Ctrl Pts',(-7.51664196088355,-20.5,16.9632560984691));
#12022=CARTESIAN_POINT('Ctrl Pts',(-8.40385311970373,-21.0000000000002,
17.4088302894466));
#12023=CARTESIAN_POINT('Ctrl Pts',(-8.40446145413339,-21.0000000000002,
17.0658219651387));
#12024=CARTESIAN_POINT('Ctrl Pts',(-8.09793753756059,-21.0000000000002,
16.9118798682834));
#12025=CARTESIAN_POINT('Ctrl Pts',(-7.79141362098778,-21.0000000000002,
16.7579377714281));
#12026=CARTESIAN_POINT('Ctrl Pts',(-7.51664196088364,-21.0000000000002,
16.9632560984692));
#12027=CARTESIAN_POINT('',(-7.90354909739207,-20.5,17.4020627746711));
#12028=CARTESIAN_POINT('Origin',(-7.84885399254934,-20.5,17.4078459836629));
#12029=CARTESIAN_POINT('',(-8.40385311970373,-21.,17.4088302894466));
#12030=CARTESIAN_POINT('Ctrl Pts',(-7.90354909739207,-20.5,17.4020627746711));
#12031=CARTESIAN_POINT('Ctrl Pts',(-7.90598124455875,-20.5,17.40201543128));
#12032=CARTESIAN_POINT('Ctrl Pts',(-7.90841420558895,-20.5000176298661,
17.4019742037982));
#12033=CARTESIAN_POINT('Ctrl Pts',(-7.95761542734868,-20.500731187877,17.4012410964734));
#12034=CARTESIAN_POINT('Ctrl Pts',(-8.0148098151804,-20.5081714149552,17.4019028330904));
#12035=CARTESIAN_POINT('Ctrl Pts',(-8.12895595017347,-20.5499909340641,
17.4035026146752));
#12036=CARTESIAN_POINT('Ctrl Pts',(-8.17834588989214,-20.5782902163959,
17.4043901296349));
#12037=CARTESIAN_POINT('Ctrl Pts',(-8.27217764804705,-20.6556556301753,
17.4061420149934));
#12038=CARTESIAN_POINT('Ctrl Pts',(-8.31383357679992,-20.7064797978372,
17.4069820812058));
#12039=CARTESIAN_POINT('Ctrl Pts',(-8.37532078583792,-20.8212363025685,
17.4082335503462));
#12040=CARTESIAN_POINT('Ctrl Pts',(-8.39456490817852,-20.8840698612588,
17.408636595965));
#12041=CARTESIAN_POINT('Ctrl Pts',(-8.40297993612407,-20.9658580936553,
17.408812056248));
#12042=CARTESIAN_POINT('Ctrl Pts',(-8.40385311970373,-20.9829389579577,
17.4088302894466));
#12043=CARTESIAN_POINT('Ctrl Pts',(-8.40385311970372,-21.0000000000002,
17.4088302894466));
#12044=CARTESIAN_POINT('Origin',(-7.84885399254934,-21.,17.4078459836629));
#12045=CARTESIAN_POINT('Ctrl Pts',(-7.86772094579086,-20.5,17.5574697731994));
#12046=CARTESIAN_POINT('Ctrl Pts',(-7.90075345399827,-20.5,17.47636136729));
#12047=CARTESIAN_POINT('Ctrl Pts',(-7.9042523172166,-20.5,17.3888543500639));
#12048=CARTESIAN_POINT('Ctrl Pts',(-8.33079037685238,-20.5,17.7460611357177));
#12049=CARTESIAN_POINT('Ctrl Pts',(-8.39685539326722,-20.5,17.5838443238989));
#12050=CARTESIAN_POINT('Ctrl Pts',(-8.40385311970389,-20.5,17.4088302894466));
#12051=CARTESIAN_POINT('Ctrl Pts',(-8.33079037685223,-21.0000000000002,
17.7460611357177));
#12052=CARTESIAN_POINT('Ctrl Pts',(-8.39685539326706,-21.0000000000002,
17.5838443238989));
#12053=CARTESIAN_POINT('Ctrl Pts',(-8.40385311970373,-21.0000000000002,
17.4088302894466));
#12054=CARTESIAN_POINT('',(-7.86772094579086,-20.5,17.5574697731994));
#12055=CARTESIAN_POINT('Origin',(-7.40465151472948,-20.5,17.3688784106812));
#12056=CARTESIAN_POINT('',(-8.33463459144719,-21.,17.7364807461181));
#12057=CARTESIAN_POINT('Ctrl Pts',(-7.86772094579086,-20.5,17.5574697731994));
#12058=CARTESIAN_POINT('Ctrl Pts',(-7.87224760521775,-20.5,17.5592407428829));
#12059=CARTESIAN_POINT('Ctrl Pts',(-7.87677433997093,-20.5000708673841,
17.56101081097));
#12060=CARTESIAN_POINT('Ctrl Pts',(-7.93942701453684,-20.5020328435784,
17.5854968382473));
#12061=CARTESIAN_POINT('Ctrl Pts',(-7.99677798426448,-20.515524448636,17.6077575126571));
#12062=CARTESIAN_POINT('Ctrl Pts',(-8.10626246759609,-20.5655016765599,
17.6499922639515));
#12063=CARTESIAN_POINT('Ctrl Pts',(-8.15702090013211,-20.6024705644824,
17.6694222814959));
#12064=CARTESIAN_POINT('Ctrl Pts',(-8.24251202290197,-20.6951546687044,
17.7019379247817));
#12065=CARTESIAN_POINT('Ctrl Pts',(-8.276429645464,-20.7499819675023,17.714712965297));
#12066=CARTESIAN_POINT('Ctrl Pts',(-8.32271285604608,-20.8704337538343,
17.7320606153554));
#12067=CARTESIAN_POINT('Ctrl Pts',(-8.33463459144719,-20.9349051473283,
17.7364807461181));
#12068=CARTESIAN_POINT('Ctrl Pts',(-8.33463459144719,-21.,17.7364807461181));
#12069=CARTESIAN_POINT('Origin',(-7.40465151472948,-21.,17.3688784106812));
#12070=CARTESIAN_POINT('Origin',(-8.47626066345292,-21.,17.7858979063787));
#12071=CARTESIAN_POINT('',(-8.21090601877122,-20.5,18.3792670263587));
#12072=CARTESIAN_POINT('Origin',(-8.47626066345292,-20.5,17.7858979063787));
#12073=CARTESIAN_POINT('',(-8.40894078642285,-21.,17.9199428024272));
#12074=CARTESIAN_POINT('Ctrl Pts',(-8.21090601877122,-20.5,18.3792670263587));
#12075=CARTESIAN_POINT('Ctrl Pts',(-8.21270174082438,-20.5,18.3750218813374));
#12076=CARTESIAN_POINT('Ctrl Pts',(-8.21449780262084,-20.5000637112497,
18.3707771190403));
#12077=CARTESIAN_POINT('Ctrl Pts',(-8.24074319886146,-20.5019255904462,
18.3087673990905));
#12078=CARTESIAN_POINT('Ctrl Pts',(-8.2649318033741,-20.5154483772103,18.2518488452258));
#12079=CARTESIAN_POINT('Ctrl Pts',(-8.31118018345106,-20.5655930721688,
18.1436564051909));
#12080=CARTESIAN_POINT('Ctrl Pts',(-8.33268558865399,-20.6025993182672,
18.0937166095223));
#12081=CARTESIAN_POINT('Ctrl Pts',(-8.36911734722332,-20.6953318665278,
18.0098272538237));
#12082=CARTESIAN_POINT('Ctrl Pts',(-8.38370569225774,-20.7501592270512,
17.9766649708284));
#12083=CARTESIAN_POINT('Ctrl Pts',(-8.40372031037716,-20.8705545403287,
17.9315220818483));
#12084=CARTESIAN_POINT('Ctrl Pts',(-8.40894078642287,-20.9349638289935,
17.9199428024272));
#12085=CARTESIAN_POINT('Ctrl Pts',(-8.40894078642287,-21.,17.9199428024272));
#12086=CARTESIAN_POINT('Origin',(-8.47626066345292,-21.,17.7858979063787));
#12087=CARTESIAN_POINT('Origin',(-11.4886500800953,-21.,10.1690002053727));
#12088=CARTESIAN_POINT('',(-8.72208991948852,-20.5,18.5653227504559));
#12089=CARTESIAN_POINT('Origin',(-11.4886500800953,-20.5,10.1690002053727));
#12090=CARTESIAN_POINT('',(-8.86563440615659,-21.,18.0861656861896));
#12091=CARTESIAN_POINT('Ctrl Pts',(-8.72208991948852,-20.5,18.5653227504559));
#12092=CARTESIAN_POINT('Ctrl Pts',(-8.72252494625404,-20.5,18.5639061532304));
#12093=CARTESIAN_POINT('Ctrl Pts',(-8.72295992522479,-20.5000065852621,
18.5624895489789));
#12094=CARTESIAN_POINT('Ctrl Pts',(-8.74273652199238,-20.500605465566,18.4980752530894));
#12095=CARTESIAN_POINT('Ctrl Pts',(-8.76176183035334,-20.5142089162495,
18.4357758968522));
#12096=CARTESIAN_POINT('Ctrl Pts',(-8.79671572764359,-20.5655801655659,
18.3204037649112));
#12097=CARTESIAN_POINT('Ctrl Pts',(-8.81233986401531,-20.6025749389461,
18.2683326342576));
#12098=CARTESIAN_POINT('Ctrl Pts',(-8.83835580102884,-20.6952910966961,
18.1806482051252));
#12099=CARTESIAN_POINT('Ctrl Pts',(-8.84849901836299,-20.7501186359423,
18.1458598383224));
#12100=CARTESIAN_POINT('Ctrl Pts',(-8.86218901977379,-20.8705267944507,
18.0983968807548));
#12101=CARTESIAN_POINT('Ctrl Pts',(-8.86563440615654,-20.934949752736,18.0861656861896));
#12102=CARTESIAN_POINT('Ctrl Pts',(-8.86563440615654,-21.,18.0861656861896));
#12103=CARTESIAN_POINT('Origin',(-11.4886500800953,-21.,10.1690002053727));
#12104=CARTESIAN_POINT('Origin',(-8.90022678676795,-21.,17.9402089556026));
#12105=CARTESIAN_POINT('',(-9.51322602961175,-20.5,18.1563846440436));
#12106=CARTESIAN_POINT('Origin',(-8.90022678676795,-20.5,17.9402089556026));
#12107=CARTESIAN_POINT('',(-9.04048339055016,-21.,17.9933886988841));
#12108=CARTESIAN_POINT('Ctrl Pts',(-9.51322602961175,-20.5,18.1563846440436));
#12109=CARTESIAN_POINT('Ctrl Pts',(-9.50862004994215,-20.5,18.1548316049357));
#12110=CARTESIAN_POINT('Ctrl Pts',(-9.50401459210437,-20.5000708673841,
18.1532778267463));
#12111=CARTESIAN_POINT('Ctrl Pts',(-9.44028054396256,-20.5020328435784,
18.1317628489515));
#12112=CARTESIAN_POINT('Ctrl Pts',(-9.38203826660112,-20.515524448636,18.1119510221388));
#12113=CARTESIAN_POINT('Ctrl Pts',(-9.27102031170691,-20.5655016765599,
18.0739294493359));
#12114=CARTESIAN_POINT('Ctrl Pts',(-9.21964772198773,-20.6024705644823,
18.0561868147841));
#12115=CARTESIAN_POINT('Ctrl Pts',(-9.13325706982873,-20.6951546687044,
18.026142608183));
#12116=CARTESIAN_POINT('Ctrl Pts',(-9.09906302578476,-20.7499819675023,
18.0141270294475));
#12117=CARTESIAN_POINT('Ctrl Pts',(-9.05245717499392,-20.8704337538343,
17.9976658260773));
#12118=CARTESIAN_POINT('Ctrl Pts',(-9.04048339055016,-20.9349051473283,
17.9933886988841));
#12119=CARTESIAN_POINT('Ctrl Pts',(-9.04048339055016,-21.,17.9933886988841));
#12120=CARTESIAN_POINT('Origin',(-8.90022678676795,-21.,17.9402089556026));
#12121=CARTESIAN_POINT('Ctrl Pts',(-9.59362528032506,-20.5,18.0037358232094));
#12122=CARTESIAN_POINT('Ctrl Pts',(-9.54005713861718,-20.5,18.073019113414));
#12123=CARTESIAN_POINT('Ctrl Pts',(-9.51322602961175,-20.5,18.1563846440436));
#12124=CARTESIAN_POINT('Ctrl Pts',(-9.19806857547498,-20.5,17.6979010749414));
#12125=CARTESIAN_POINT('Ctrl Pts',(-9.09093229205922,-20.5,17.8364676553507));
#12126=CARTESIAN_POINT('Ctrl Pts',(-9.03727007404836,-20.5,18.0031987166098));
#12127=CARTESIAN_POINT('Ctrl Pts',(-9.19806857547498,-21.,17.6979010749414));
#12128=CARTESIAN_POINT('Ctrl Pts',(-9.09093229205922,-21.,17.8364676553507));
#12129=CARTESIAN_POINT('Ctrl Pts',(-9.03727007404836,-21.,18.0031987166098));
#12130=CARTESIAN_POINT('',(-9.5856737662829,-20.5,18.0143060844722));
#12131=CARTESIAN_POINT('Origin',(-9.98918198517513,-20.5,18.3095705714774));
#12132=CARTESIAN_POINT('',(-9.19806857547491,-21.,17.6979010749415));
#12133=CARTESIAN_POINT('Ctrl Pts',(-9.5856737662829,-20.5,18.0143060844722));
#12134=CARTESIAN_POINT('Ctrl Pts',(-9.58375302923521,-20.5,18.0126296235641));
#12135=CARTESIAN_POINT('Ctrl Pts',(-9.58182727658882,-20.5000193649464,
18.0109577189238));
#12136=CARTESIAN_POINT('Ctrl Pts',(-9.5370177657015,-20.5009195998106,17.9722213048151));
#12137=CARTESIAN_POINT('Ctrl Pts',(-9.48455472497143,-20.5117151946374,
17.9295295332279));
#12138=CARTESIAN_POINT('Ctrl Pts',(-9.38431822532278,-20.5684983824173,
17.8480159777134));
#12139=CARTESIAN_POINT('Ctrl Pts',(-9.34236557763109,-20.6060833908646,
17.8141440035784));
#12140=CARTESIAN_POINT('Ctrl Pts',(-9.27200953370948,-20.6998035863851,
17.7573934075555));
#12141=CARTESIAN_POINT('Ctrl Pts',(-9.24426867726672,-20.7550385721046,
17.7350680991449));
#12142=CARTESIAN_POINT('Ctrl Pts',(-9.20739277721694,-20.8742638619832,
17.7053968019528));
#12143=CARTESIAN_POINT('Ctrl Pts',(-9.19806857547499,-20.9368571785484,
17.6979010749414));
#12144=CARTESIAN_POINT('Ctrl Pts',(-9.19806857547499,-21.,17.6979010749414));
#12145=CARTESIAN_POINT('Origin',(-9.98918198517513,-21.,18.3095705714774));
#12146=CARTESIAN_POINT('Ctrl Pts',(-9.67739515119672,-20.5,18.0413046768545));
#12147=CARTESIAN_POINT('Ctrl Pts',(-9.66961475936299,-20.5,18.0082152119609));
#12148=CARTESIAN_POINT('Ctrl Pts',(-9.63653914522015,-20.5,18.0003761474053));
#12149=CARTESIAN_POINT('Ctrl Pts',(-9.60346353107731,-20.5,17.9925370828498));
#12150=CARTESIAN_POINT('Ctrl Pts',(-9.58166019426267,-20.5,18.018615075253));
#12151=CARTESIAN_POINT('Ctrl Pts',(-10.1641213227187,-20.5,17.9268597820111));
#12152=CARTESIAN_POINT('Ctrl Pts',(-10.0856100960329,-20.5,17.5929569999028));
#12153=CARTESIAN_POINT('Ctrl Pts',(-9.75184708059141,-20.5,17.5138537121153));
#12154=CARTESIAN_POINT('Ctrl Pts',(-9.41808406514994,-20.5,17.4347504243277));
#12155=CARTESIAN_POINT('Ctrl Pts',(-9.19806857547479,-20.5,17.6979010749414));
#12156=CARTESIAN_POINT('Ctrl Pts',(-10.1641213227186,-21.0000000000002,
17.9268597820111));
#12157=CARTESIAN_POINT('Ctrl Pts',(-10.0856100960328,-21.0000000000002,
17.5929569999029));
#12158=CARTESIAN_POINT('Ctrl Pts',(-9.75184708059138,-21.0000000000002,
17.5138537121154));
#12159=CARTESIAN_POINT('Ctrl Pts',(-9.41808406515,-21.0000000000002,17.4347504243279));
#12160=CARTESIAN_POINT('Ctrl Pts',(-9.19806857547491,-21.0000000000002,
17.6979010749415));
#12161=CARTESIAN_POINT('',(-9.67574236376504,-20.5,18.0356527342136));
#12162=CARTESIAN_POINT('Origin',(-9.62385527232932,-20.5,18.0538936152872));
#12163=CARTESIAN_POINT('',(-10.1641213227186,-21.,17.9268597820111));
#12164=CARTESIAN_POINT('Ctrl Pts',(-9.67574236376504,-20.5,18.0356527342136));
#12165=CARTESIAN_POINT('Ctrl Pts',(-9.67809803395266,-20.5,18.0350457752332));
#12166=CARTESIAN_POINT('Ctrl Pts',(-9.68045590649189,-20.5000176298661,
18.034444579617));
#12167=CARTESIAN_POINT('Ctrl Pts',(-9.72816183676209,-20.500731187877,18.0223846506986));
#12168=CARTESIAN_POINT('Ctrl Pts',(-9.78396714943455,-20.5081714149536,
18.0098386165677));
#12169=CARTESIAN_POINT('Ctrl Pts',(-9.89540539561287,-20.5499909340636,
17.9850713655187));
#12170=CARTESIAN_POINT('Ctrl Pts',(-9.94366869814945,-20.5782902163952,
17.9745448534437));
#12171=CARTESIAN_POINT('Ctrl Pts',(-10.035375221687,-20.6556556301742,17.9546104238954));
#12172=CARTESIAN_POINT('Ctrl Pts',(-10.0761020420904,-20.706479797836,17.9458213277334));
#12173=CARTESIAN_POINT('Ctrl Pts',(-10.136220464097,-20.821236302567,17.9328591371093));
#12174=CARTESIAN_POINT('Ctrl Pts',(-10.1550388073458,-20.8840698612572,
17.9288133185509));
#12175=CARTESIAN_POINT('Ctrl Pts',(-10.1632674710503,-20.9658580936543,
17.9270434102822));
#12176=CARTESIAN_POINT('Ctrl Pts',(-10.1641213227186,-20.9829389579572,
17.9268597820111));
#12177=CARTESIAN_POINT('Ctrl Pts',(-10.1641213227185,-21.0000000000002,
17.9268597820111));
#12178=CARTESIAN_POINT('Origin',(-9.62385527232932,-21.,18.0538936152872));
#12179=CARTESIAN_POINT('Origin',(-10.3215348885626,-21.,18.2770651637787));
#12180=CARTESIAN_POINT('',(-10.2869425079512,-21.,18.4230218943656));
#12181=CARTESIAN_POINT('',(-10.1723299842139,-21.,18.2616412693838));
#12182=CARTESIAN_POINT('Origin',(-10.3215348885626,-21.,18.2770651637787));
#12183=CARTESIAN_POINT('',(-9.67671928491218,-20.5,18.1951332573625));
#12184=CARTESIAN_POINT('Ctrl Pts',(-10.1723299842139,-21.,18.2616412693838));
#12185=CARTESIAN_POINT('Ctrl Pts',(-10.1723299842139,-20.9349051473283,
18.2616412693838));
#12186=CARTESIAN_POINT('Ctrl Pts',(-10.1597102484288,-20.8704337538342,
18.2600896252083));
#12187=CARTESIAN_POINT('Ctrl Pts',(-10.1106739643544,-20.7499819675023,
18.2538832262114));
#12188=CARTESIAN_POINT('Ctrl Pts',(-10.074724468606,-20.6951546687044,18.2492744806272));
#12189=CARTESIAN_POINT('Ctrl Pts',(-9.98403914672552,-20.6024705644824,
18.2373509104326));
#12190=CARTESIAN_POINT('Ctrl Pts',(-9.9301680438931,-20.5655016765599,18.2301503316427));
#12191=CARTESIAN_POINT('Ctrl Pts',(-9.81389472503387,-20.515524448636,18.2143028829917));
#12192=CARTESIAN_POINT('Ctrl Pts',(-9.75295599330527,-20.5020328435784,
18.2058682917633));
#12193=CARTESIAN_POINT('Ctrl Pts',(-9.68634526318925,-20.5000708673841,
18.1964909896195));
#12194=CARTESIAN_POINT('Ctrl Pts',(-9.68153234136399,-20.5,18.1958125708237));
#12195=CARTESIAN_POINT('Ctrl Pts',(-9.67671928491218,-20.5,18.1951332573625));
#12196=CARTESIAN_POINT('',(-10.2001732489463,-20.5,18.9156349347745));
#12197=CARTESIAN_POINT('Origin',(-10.3215348885626,-20.5,18.2770651637787));
#12198=CARTESIAN_POINT('Ctrl Pts',(-10.2001732489463,-20.5,18.9156349347745));
#12199=CARTESIAN_POINT('Ctrl Pts',(-10.2009415692636,-20.5,18.9110900961817));
#12200=CARTESIAN_POINT('Ctrl Pts',(-10.2017103084287,-20.5000637112497,
18.9065455516466));
#12201=CARTESIAN_POINT('Ctrl Pts',(-10.2129478310562,-20.5019255904462,
18.8401547068164));
#12202=CARTESIAN_POINT('Ctrl Pts',(-10.2233581067429,-20.5154483772103,
18.7791921238457));
#12203=CARTESIAN_POINT('Ctrl Pts',(-10.243408961983,-20.5655930721688,18.6632504145924));
#12204=CARTESIAN_POINT('Ctrl Pts',(-10.2528177767426,-20.6025993182672,
18.6096972648327));
#12205=CARTESIAN_POINT('Ctrl Pts',(-10.2689212957343,-20.6953318665278,
18.5196674158488));
#12206=CARTESIAN_POINT('Ctrl Pts',(-10.2754686612715,-20.7501592270512,
18.4840347225907));
#12207=CARTESIAN_POINT('Ctrl Pts',(-10.2845331161192,-20.8705545403287,
18.4354929774403));
#12208=CARTESIAN_POINT('Ctrl Pts',(-10.2869425079512,-20.9349638289935,
18.4230218943656));
#12209=CARTESIAN_POINT('Ctrl Pts',(-10.2869425079512,-21.,18.4230218943656));
#12210=CARTESIAN_POINT('Ctrl Pts',(-9.67671928491218,-20.5,18.1951332573625));
#12211=CARTESIAN_POINT('Ctrl Pts',(-9.69015651193248,-20.5,18.1085933183883));
#12212=CARTESIAN_POINT('Ctrl Pts',(-9.67338055586625,-20.5,18.0226381707489));
#12213=CARTESIAN_POINT('Ctrl Pts',(-10.1707987808106,-20.5,18.2718499552382));
#12214=CARTESIAN_POINT('Ctrl Pts',(-10.1976732348512,-20.5,18.0987700772899));
#12215=CARTESIAN_POINT('Ctrl Pts',(-10.1641213227187,-20.5,17.9268597820111));
#12216=CARTESIAN_POINT('Ctrl Pts',(-10.1707987808104,-21.0000000000002,
18.2718499552382));
#12217=CARTESIAN_POINT('Ctrl Pts',(-10.197673234851,-21.0000000000002,18.0987700772899));
#12218=CARTESIAN_POINT('Ctrl Pts',(-10.1641213227185,-21.0000000000002,
17.9268597820111));
#12219=CARTESIAN_POINT('Origin',(-9.18263978901395,-20.5,18.1184165594868));
#12220=CARTESIAN_POINT('Origin',(-9.18263978901395,-21.,18.1184165594868));
#12221=CARTESIAN_POINT('Origin',(-11.4961474629418,-21.,10.1707771177492));
#12222=CARTESIAN_POINT('',(-10.7696595271359,-21.,18.4794434220062));
#12223=CARTESIAN_POINT('Origin',(-11.4961474629418,-21.,10.1707771177492));
#12224=CARTESIAN_POINT('',(-10.7404855242816,-20.5,18.9787883823758));
#12225=CARTESIAN_POINT('Origin',(-11.4961474629418,-20.5,10.1707771177492));
#12226=CARTESIAN_POINT('Ctrl Pts',(-10.7404855242816,-20.5,18.9787883823758));
#12227=CARTESIAN_POINT('Ctrl Pts',(-10.7405821350417,-20.5,18.9773096456356));
#12228=CARTESIAN_POINT('Ctrl Pts',(-10.7406786976751,-20.5000065852621,
18.9758309130809));
#12229=CARTESIAN_POINT('Ctrl Pts',(-10.7450672547826,-20.500605465566,18.9085921157897));
#12230=CARTESIAN_POINT('Ctrl Pts',(-10.749212513209,-20.5142089162495,18.8435845087089));
#12231=CARTESIAN_POINT('Ctrl Pts',(-10.7566175790071,-20.5655801655659,
18.7232613240564));
#12232=CARTESIAN_POINT('Ctrl Pts',(-10.7598121356246,-20.6025749389461,
18.6689906036547));
#12233=CARTESIAN_POINT('Ctrl Pts',(-10.764905388714,-20.6952910966961,18.5776700316901));
#12234=CARTESIAN_POINT('Ctrl Pts',(-10.7667524448102,-20.7501186359423,
18.5414802029192));
#12235=CARTESIAN_POINT('Ctrl Pts',(-10.7691277191738,-20.8705267944507,
18.4921394839196));
#12236=CARTESIAN_POINT('Ctrl Pts',(-10.7696595271359,-20.934949752736,18.4794434220062));
#12237=CARTESIAN_POINT('Ctrl Pts',(-10.7696595271359,-21.,18.4794434220062));
#12238=CARTESIAN_POINT('Origin',(-10.7696595271358,-21.,18.3294434220062));
#12239=CARTESIAN_POINT('',(-10.9183995888138,-21.,18.3488442996163));
#12240=CARTESIAN_POINT('Origin',(-10.7696595271358,-21.,18.3294434220062));
#12241=CARTESIAN_POINT('',(-11.4159888406775,-20.5,18.3984247126341));
#12242=CARTESIAN_POINT('Origin',(-10.7696595271358,-20.5,18.3294434220062));
#12243=CARTESIAN_POINT('Ctrl Pts',(-11.4159888406776,-20.5,18.3984247126341));
#12244=CARTESIAN_POINT('Ctrl Pts',(-11.4111488603197,-20.5,18.3979757479085));
#12245=CARTESIAN_POINT('Ctrl Pts',(-11.4063092172842,-20.5000708673841,
18.3975259436815));
#12246=CARTESIAN_POINT('Ctrl Pts',(-11.3393314333197,-20.5020328435784,
18.3912889879057));
#12247=CARTESIAN_POINT('Ctrl Pts',(-11.2780901623912,-20.515524448636,18.3854427849565));
#12248=CARTESIAN_POINT('Ctrl Pts',(-11.1612963327202,-20.5655016765599,
18.3740485909053));
#12249=CARTESIAN_POINT('Ctrl Pts',(-11.1072167646892,-20.6024705644824,
18.3686315458745));
#12250=CARTESIAN_POINT('Ctrl Pts',(-11.0162261128738,-20.6951546687044,
18.3593202402223));
#12251=CARTESIAN_POINT('Ctrl Pts',(-10.9801827905599,-20.7499819675023,
18.3555142322081));
#12252=CARTESIAN_POINT('Ctrl Pts',(-10.9310369917602,-20.8704337538343,
18.350244791567));
#12253=CARTESIAN_POINT('Ctrl Pts',(-10.9183995888138,-20.9349051473283,
18.3488442996163));
#12254=CARTESIAN_POINT('Ctrl Pts',(-10.9183995888138,-21.,18.3488442996163));
#12255=CARTESIAN_POINT('Ctrl Pts',(-11.459017678448,-20.5,18.2313492173118));
#12256=CARTESIAN_POINT('Ctrl Pts',(-11.4228712992313,-20.5,18.311118631106));
#12257=CARTESIAN_POINT('Ctrl Pts',(-11.4159888406776,-20.5,18.3984247126341));
#12258=CARTESIAN_POINT('Ctrl Pts',(-11.0035929089951,-20.5,18.0249799381816));
#12259=CARTESIAN_POINT('Ctrl Pts',(-10.9313001505616,-20.5,18.1845187657699));
#12260=CARTESIAN_POINT('Ctrl Pts',(-10.9175352334541,-20.5,18.3591309288262));
#12261=CARTESIAN_POINT('Ctrl Pts',(-11.0035929089951,-21.,18.0249799381816));
#12262=CARTESIAN_POINT('Ctrl Pts',(-10.9313001505616,-21.,18.1845187657699));
#12263=CARTESIAN_POINT('Ctrl Pts',(-10.9175352334541,-21.,18.3591309288262));
#12264=CARTESIAN_POINT('',(-11.003592908995,-21.,18.0249799381816));
#12265=CARTESIAN_POINT('Origin',(-11.914442447901,-21.,18.437718496442));
#12266=CARTESIAN_POINT('',(-11.4537181685011,-20.5,18.2434683011488));
#12267=CARTESIAN_POINT('Origin',(-11.914442447901,-20.5,18.437718496442));
#12268=CARTESIAN_POINT('Ctrl Pts',(-11.4537181685011,-20.5,18.2434683011488));
#12269=CARTESIAN_POINT('Ctrl Pts',(-11.451462586677,-20.5,18.2422799819082));
#12270=CARTESIAN_POINT('Ctrl Pts',(-11.449203175198,-20.5000193649464,18.2410972527973));
#12271=CARTESIAN_POINT('Ctrl Pts',(-11.3966682786087,-20.5009195998106,
18.2137387681159));
#12272=CARTESIAN_POINT('Ctrl Pts',(-11.3357739858562,-20.5117151946366,
18.1842965685782));
#12273=CARTESIAN_POINT('Ctrl Pts',(-11.2194410544482,-20.5684983824124,
18.1280963491499));
#12274=CARTESIAN_POINT('Ctrl Pts',(-11.170807830995,-20.6060833908587,18.1048123448384));
#12275=CARTESIAN_POINT('Ctrl Pts',(-11.0892606552242,-20.6998035863776,
18.0658166888062));
#12276=CARTESIAN_POINT('Ctrl Pts',(-11.0571189867175,-20.7550385720964,
18.0504906437364));
#12277=CARTESIAN_POINT('Ctrl Pts',(-11.014394409285,-20.874263861977,18.0301233079981));
#12278=CARTESIAN_POINT('Ctrl Pts',(-11.0035929089951,-20.9368571785453,
18.0249799381816));
#12279=CARTESIAN_POINT('Ctrl Pts',(-11.0035929089951,-21.,18.0249799381816));
#12280=CARTESIAN_POINT('Ctrl Pts',(-11.549193495505,-20.5,18.2485867359316));
#12281=CARTESIAN_POINT('Ctrl Pts',(-11.5339918693812,-20.5,18.2181834836841));
#12282=CARTESIAN_POINT('Ctrl Pts',(-11.5,-20.5,18.2181834836841));
#12283=CARTESIAN_POINT('Ctrl Pts',(-11.4660081306188,-20.5,18.2181834836841));
#12284=CARTESIAN_POINT('Ctrl Pts',(-11.450806504495,-20.5,18.2485867359316));
#12285=CARTESIAN_POINT('Ctrl Pts',(-11.996407091005,-20.5,18.0249799381816));
#12286=CARTESIAN_POINT('Ctrl Pts',(-11.8430088637562,-20.5,17.7181834836841));
#12287=CARTESIAN_POINT('Ctrl Pts',(-11.5,-20.5,17.7181834836841));
#12288=CARTESIAN_POINT('Ctrl Pts',(-11.1569911362438,-20.5,17.7181834836841));
#12289=CARTESIAN_POINT('Ctrl Pts',(-11.003592908995,-20.5,18.0249799381816));
#12290=CARTESIAN_POINT('Ctrl Pts',(-11.996407091005,-21.,18.0249799381816));
#12291=CARTESIAN_POINT('Ctrl Pts',(-11.8430088637562,-21.,17.7181834836841));
#12292=CARTESIAN_POINT('Ctrl Pts',(-11.5,-21.,17.7181834836841));
#12293=CARTESIAN_POINT('Ctrl Pts',(-11.1569911362438,-21.,17.7181834836841));
#12294=CARTESIAN_POINT('Ctrl Pts',(-11.003592908995,-21.,18.0249799381816));
#12295=CARTESIAN_POINT('',(-11.996407091005,-21.,18.0249799381816));
#12296=CARTESIAN_POINT('Origin',(-11.5,-21.,18.2731834836841));
#12297=CARTESIAN_POINT('',(-11.5462818314989,-20.5,18.2434683011488));
#12298=CARTESIAN_POINT('Origin',(-11.5,-20.5,18.2731834836841));
#12299=CARTESIAN_POINT('Ctrl Pts',(-11.5462818314989,-20.5,18.2434683011488));
#12300=CARTESIAN_POINT('Ctrl Pts',(-11.5484340299175,-20.5,18.242334447895));
#12301=CARTESIAN_POINT('Ctrl Pts',(-11.5505897004477,-20.5000176298661,
18.2412056947553));
#12302=CARTESIAN_POINT('Ctrl Pts',(-11.5680829053885,-20.5003036692759,
18.232091421522));
#12303=CARTESIAN_POINT('Ctrl Pts',(-11.5835501495537,-20.5014486379384,
18.224289362886));
#12304=CARTESIAN_POINT('Ctrl Pts',(-11.65645280915,-20.5111194614686,18.1878913628724));
#12305=CARTESIAN_POINT('Ctrl Pts',(-11.7125023630048,-20.531121095851,18.1609173881692));
#12306=CARTESIAN_POINT('Ctrl Pts',(-11.8149416681169,-20.5939728163012,
18.1116126881428));
#12307=CARTESIAN_POINT('Ctrl Pts',(-11.8603118647064,-20.636308659171,18.0899193885409));
#12308=CARTESIAN_POINT('Ctrl Pts',(-11.9338565847057,-20.7378656917614,
18.054787787618));
#12309=CARTESIAN_POINT('Ctrl Pts',(-11.9613357004355,-20.7961097918602,
18.0416915163618));
#12310=CARTESIAN_POINT('Ctrl Pts',(-11.9902177289994,-20.9045613576387,
18.0279276354881));
#12311=CARTESIAN_POINT('Ctrl Pts',(-11.9964070910049,-20.9522028903317,
18.0249799381816));
#12312=CARTESIAN_POINT('Ctrl Pts',(-11.996407091005,-20.9999999999998,18.0249799381816));
#12313=CARTESIAN_POINT('Ctrl Pts',(-11.5840111593225,-20.5,18.3984247126344));
#12314=CARTESIAN_POINT('Ctrl Pts',(-11.5771287007688,-20.5,18.3111186311061));
#12315=CARTESIAN_POINT('Ctrl Pts',(-11.540982321552,-20.5,18.2313492173118));
#12316=CARTESIAN_POINT('Ctrl Pts',(-12.082464766546,-20.5,18.3591309288268));
#12317=CARTESIAN_POINT('Ctrl Pts',(-12.0686998494385,-20.5,18.1845187657702));
#12318=CARTESIAN_POINT('Ctrl Pts',(-11.996407091005,-20.5,18.0249799381816));
#12319=CARTESIAN_POINT('Ctrl Pts',(-12.082464766546,-21.,18.3591309288268));
#12320=CARTESIAN_POINT('Ctrl Pts',(-12.0686998494385,-21.,18.1845187657702));
#12321=CARTESIAN_POINT('Ctrl Pts',(-11.996407091005,-21.,18.0249799381816));
#12322=CARTESIAN_POINT('',(-12.0816004111862,-21.,18.3488442996163));
#12323=CARTESIAN_POINT('Origin',(-11.085557552099,-21.,18.437718496442));
#12324=CARTESIAN_POINT('',(-11.5840111593225,-20.5,18.3984247126344));
#12325=CARTESIAN_POINT('Origin',(-11.085557552099,-20.5,18.437718496442));
#12326=CARTESIAN_POINT('Ctrl Pts',(-11.5840111593225,-20.5,18.3984247126344));
#12327=CARTESIAN_POINT('Ctrl Pts',(-11.5888511396803,-20.5,18.3979757479088));
#12328=CARTESIAN_POINT('Ctrl Pts',(-11.5936907827159,-20.5000708673841,
18.3975259436815));
#12329=CARTESIAN_POINT('Ctrl Pts',(-11.6606685666804,-20.5020328435784,
18.3912889879057));
#12330=CARTESIAN_POINT('Ctrl Pts',(-11.7219098376088,-20.515524448636,18.3854427849565));
#12331=CARTESIAN_POINT('Ctrl Pts',(-11.8387036672798,-20.5655016765599,
18.3740485909053));
#12332=CARTESIAN_POINT('Ctrl Pts',(-11.8927832353108,-20.6024705644824,
18.3686315458745));
#12333=CARTESIAN_POINT('Ctrl Pts',(-11.9837738871262,-20.6951546687044,
18.3593202402223));
#12334=CARTESIAN_POINT('Ctrl Pts',(-12.0198172094401,-20.7499819675023,
18.3555142322081));
#12335=CARTESIAN_POINT('Ctrl Pts',(-12.0689630082399,-20.8704337538343,
18.350244791567));
#12336=CARTESIAN_POINT('Ctrl Pts',(-12.0816004111862,-20.9349051473283,
18.3488442996163));
#12337=CARTESIAN_POINT('Ctrl Pts',(-12.0816004111862,-21.,18.3488442996163));
#12338=CARTESIAN_POINT('Origin',(-12.2303404728642,-21.,18.3294434220062));
#12339=CARTESIAN_POINT('',(-12.2303404728642,-21.,18.4794434220062));
#12340=CARTESIAN_POINT('Origin',(-12.2303404728642,-21.,18.3294434220062));
#12341=CARTESIAN_POINT('',(-12.2595144757184,-20.5,18.9787883823758));
#12342=CARTESIAN_POINT('Origin',(-12.2303404728642,-20.5,18.3294434220062));
#12343=CARTESIAN_POINT('Ctrl Pts',(-12.2595144757184,-20.5,18.9787883823758));
#12344=CARTESIAN_POINT('Ctrl Pts',(-12.2592139739527,-20.5,18.9741888636365));
#12345=CARTESIAN_POINT('Ctrl Pts',(-12.258913947559,-20.5000637112497,18.9695895344356));
#12346=CARTESIAN_POINT('Ctrl Pts',(-12.2545377788198,-20.5019255904462,
18.9023967123544));
#12347=CARTESIAN_POINT('Ctrl Pts',(-12.2506085050235,-20.5154483772103,
18.8406766089053));
#12348=CARTESIAN_POINT('Ctrl Pts',(-12.2433808886309,-20.5655930721688,
18.7232360779898));
#12349=CARTESIAN_POINT('Ctrl Pts',(-12.2401858813082,-20.6025993182672,
18.6689566383043));
#12350=CARTESIAN_POINT('Ctrl Pts',(-12.235093015845,-20.6953318665278,18.5776398284972));
#12351=CARTESIAN_POINT('Ctrl Pts',(-12.2332464317142,-20.7501592270512,
18.541457692693));
#12352=CARTESIAN_POINT('Ctrl Pts',(-12.2308720561832,-20.8705545403287,
18.4921339894178));
#12353=CARTESIAN_POINT('Ctrl Pts',(-12.2303404728642,-20.9349638289935,
18.4794434220062));
#12354=CARTESIAN_POINT('Ctrl Pts',(-12.2303404728642,-21.,18.4794434220062));
#12355=CARTESIAN_POINT('Origin',(-11.5038525370583,-21.,10.1707771177492));
#12356=CARTESIAN_POINT('',(-12.7130574920488,-21.,18.4230218943656));
#12357=CARTESIAN_POINT('Origin',(-11.5038525370583,-21.,10.1707771177492));
#12358=CARTESIAN_POINT('',(-12.7998267510536,-20.5,18.9156349347745));
#12359=CARTESIAN_POINT('Origin',(-11.5038525370583,-20.5,10.1707771177492));
#12360=CARTESIAN_POINT('Ctrl Pts',(-12.7998267510536,-20.5,18.9156349347745));
#12361=CARTESIAN_POINT('Ctrl Pts',(-12.7995797374973,-20.5,18.9141737776001));
#12362=CARTESIAN_POINT('Ctrl Pts',(-12.7993326780763,-20.5000065852621,
18.9127126355966));
#12363=CARTESIAN_POINT('Ctrl Pts',(-12.7880966072776,-20.500605465566,18.8462741978719));
#12364=CARTESIAN_POINT('Ctrl Pts',(-12.7771383438119,-20.5142089162486,
18.782062916872));
#12365=CARTESIAN_POINT('Ctrl Pts',(-12.7565953691035,-20.5655801655659,
18.663275333535));
#12366=CARTESIAN_POINT('Ctrl Pts',(-12.7471881265928,-20.6025749389461,
18.6097307719695));
#12367=CARTESIAN_POINT('Ctrl Pts',(-12.7310841171657,-20.6952910966961,
18.5196971728448));
#12368=CARTESIAN_POINT('Ctrl Pts',(-12.7245354367518,-20.7501186359423,
18.4840568851421));
#12369=CARTESIAN_POINT('Ctrl Pts',(-12.7154679324123,-20.8705267944507,
18.4354983756433));
#12370=CARTESIAN_POINT('Ctrl Pts',(-12.7130574920487,-20.934949752736,18.4230218943657));
#12371=CARTESIAN_POINT('Ctrl Pts',(-12.7130574920487,-21.,18.4230218943657));
#12372=CARTESIAN_POINT('Origin',(-12.6784651114374,-21.,18.2770651637787));
#12373=CARTESIAN_POINT('',(-12.8276700157861,-21.,18.2616412693838));
#12374=CARTESIAN_POINT('Origin',(-12.6784651114374,-21.,18.2770651637787));
#12375=CARTESIAN_POINT('',(-13.3232807150878,-20.5,18.1951332573625));
#12376=CARTESIAN_POINT('Origin',(-12.6784651114374,-20.5,18.2770651637787));
#12377=CARTESIAN_POINT('Ctrl Pts',(-13.3232807150878,-20.5,18.1951332573625));
#12378=CARTESIAN_POINT('Ctrl Pts',(-13.318467658636,-20.5,18.1958125708237));
#12379=CARTESIAN_POINT('Ctrl Pts',(-13.3136547368107,-20.5000708673841,
18.1964909896195));
#12380=CARTESIAN_POINT('Ctrl Pts',(-13.2470440066947,-20.5020328435784,
18.2058682917632));
#12381=CARTESIAN_POINT('Ctrl Pts',(-13.1861052749661,-20.515524448636,18.2143028829917));
#12382=CARTESIAN_POINT('Ctrl Pts',(-13.0698319561069,-20.5655016765599,
18.2301503316426));
#12383=CARTESIAN_POINT('Ctrl Pts',(-13.0159608532745,-20.6024705644824,
18.2373509104326));
#12384=CARTESIAN_POINT('Ctrl Pts',(-12.925275531394,-20.6951546687044,18.2492744806272));
#12385=CARTESIAN_POINT('Ctrl Pts',(-12.8893260356456,-20.7499819675023,
18.2538832262114));
#12386=CARTESIAN_POINT('Ctrl Pts',(-12.8402897515712,-20.8704337538342,
18.2600896252083));
#12387=CARTESIAN_POINT('Ctrl Pts',(-12.8276700157861,-20.9349051473283,
18.2616412693838));
#12388=CARTESIAN_POINT('Ctrl Pts',(-12.8276700157861,-21.,18.2616412693838));
#12389=CARTESIAN_POINT('Ctrl Pts',(-13.3266194441338,-20.5,18.0226381707489));
#12390=CARTESIAN_POINT('Ctrl Pts',(-13.3098434880675,-20.5,18.1085933183883));
#12391=CARTESIAN_POINT('Ctrl Pts',(-13.3232807150878,-20.5,18.1951332573625));
#12392=CARTESIAN_POINT('Ctrl Pts',(-12.8358786772815,-20.5,17.9268597820111));
#12393=CARTESIAN_POINT('Ctrl Pts',(-12.802326765149,-20.5,18.0987700772899));
#12394=CARTESIAN_POINT('Ctrl Pts',(-12.8292012191896,-20.5,18.2718499552382));
#12395=CARTESIAN_POINT('Ctrl Pts',(-12.8358786772815,-21.,17.9268597820111));
#12396=CARTESIAN_POINT('Ctrl Pts',(-12.802326765149,-21.,18.0987700772899));
#12397=CARTESIAN_POINT('Ctrl Pts',(-12.8292012191896,-21.,18.2718499552382));
#12398=CARTESIAN_POINT('',(-12.8358786772814,-21.,17.9268597820111));
#12399=CARTESIAN_POINT('Origin',(-13.817360210986,-21.,18.1184165594868));
#12400=CARTESIAN_POINT('',(-13.324257636235,-20.5,18.0356527342136));
#12401=CARTESIAN_POINT('Origin',(-13.817360210986,-20.5,18.1184165594868));
#12402=CARTESIAN_POINT('Ctrl Pts',(-13.324257636235,-20.5,18.0356527342136));
#12403=CARTESIAN_POINT('Ctrl Pts',(-13.321788808634,-20.5,18.0350166192381));
#12404=CARTESIAN_POINT('Ctrl Pts',(-13.319317543781,-20.5000193649464,18.0343868268893));
#12405=CARTESIAN_POINT('Ctrl Pts',(-13.2618894313069,-20.5009195998115,
18.019881174611));
#12406=CARTESIAN_POINT('Ctrl Pts',(-13.1958467136234,-20.5117151946557,
18.0052757837223));
#12407=CARTESIAN_POINT('Ctrl Pts',(-13.0696888889387,-20.5684983824145,
17.9774186687638));
#12408=CARTESIAN_POINT('Ctrl Pts',(-13.0169969193894,-20.6060833908613,
17.9659778809757));
#12409=CARTESIAN_POINT('Ctrl Pts',(-12.9286548411251,-20.6998035863809,
17.9468394308458));
#12410=CARTESIAN_POINT('Ctrl Pts',(-12.8938451262243,-20.7550385721,17.9393388801742));
#12411=CARTESIAN_POINT('Ctrl Pts',(-12.8475751644414,-20.8742638619797,
17.9293735142338));
#12412=CARTESIAN_POINT('Ctrl Pts',(-12.8358786772815,-20.9368571785467,
17.9268597820111));
#12413=CARTESIAN_POINT('Ctrl Pts',(-12.8358786772815,-21.,17.9268597820111));
#12414=CARTESIAN_POINT('Ctrl Pts',(-13.4183398057373,-20.5,18.018615075253));
#12415=CARTESIAN_POINT('Ctrl Pts',(-13.3965364689227,-20.5,17.9925370828498));
#12416=CARTESIAN_POINT('Ctrl Pts',(-13.3634608547798,-20.5,18.0003761474053));
#12417=CARTESIAN_POINT('Ctrl Pts',(-13.330385240637,-20.5,18.0082152119608));
#12418=CARTESIAN_POINT('Ctrl Pts',(-13.3226048488033,-20.5,18.0413046768545));
#12419=CARTESIAN_POINT('Ctrl Pts',(-13.8019314245251,-20.5,17.6979010749415));
#12420=CARTESIAN_POINT('Ctrl Pts',(-13.58191593485,-20.5,17.4347504243279));
#12421=CARTESIAN_POINT('Ctrl Pts',(-13.2481529194086,-20.5,17.5138537121154));
#12422=CARTESIAN_POINT('Ctrl Pts',(-12.9143899039672,-20.5,17.5929569999029));
#12423=CARTESIAN_POINT('Ctrl Pts',(-12.8358786772814,-20.5,17.9268597820111));
#12424=CARTESIAN_POINT('Ctrl Pts',(-13.8019314245251,-21.,17.6979010749415));
#12425=CARTESIAN_POINT('Ctrl Pts',(-13.58191593485,-21.,17.4347504243279));
#12426=CARTESIAN_POINT('Ctrl Pts',(-13.2481529194086,-21.,17.5138537121154));
#12427=CARTESIAN_POINT('Ctrl Pts',(-12.9143899039672,-21.,17.5929569999029));
#12428=CARTESIAN_POINT('Ctrl Pts',(-12.8358786772814,-21.,17.9268597820111));
#12429=CARTESIAN_POINT('',(-13.8019314245251,-21.,17.6979010749415));
#12430=CARTESIAN_POINT('Origin',(-13.3761447276707,-21.,18.0538936152872));
#12431=CARTESIAN_POINT('',(-13.4143262337171,-20.5,18.0143060844723));
#12432=CARTESIAN_POINT('Origin',(-13.3761447276707,-20.5,18.0538936152872));
#12433=CARTESIAN_POINT('Ctrl Pts',(-13.4143262337171,-20.5,18.0143060844723));
#12434=CARTESIAN_POINT('Ctrl Pts',(-13.4161589347933,-20.5,18.0127064632673));
#12435=CARTESIAN_POINT('Ctrl Pts',(-13.4179961905573,-20.5000176298661,
18.0111110039782));
#12436=CARTESIAN_POINT('Ctrl Pts',(-13.4329159678379,-20.5003036692759,
17.9982081964692));
#12437=CARTESIAN_POINT('Ctrl Pts',(-13.4461670118898,-20.5014486379386,
17.9870494513516));
#12438=CARTESIAN_POINT('Ctrl Pts',(-13.5087106143962,-20.5111194614695,
17.934820053816));
#12439=CARTESIAN_POINT('Ctrl Pts',(-13.5570287186093,-20.5311210958524,
17.8956472494251));
#12440=CARTESIAN_POINT('Ctrl Pts',(-13.6453363126658,-20.5939728163035,
17.8240474344225));
#12441=CARTESIAN_POINT('Ctrl Pts',(-13.6844807305572,-20.6363086591737,
17.7924757931268));
#12442=CARTESIAN_POINT('Ctrl Pts',(-13.7479411383727,-20.7378656917647,
17.7413305894129));
#12443=CARTESIAN_POINT('Ctrl Pts',(-13.7716593429821,-20.7961097918638,
17.7222502096423));
#12444=CARTESIAN_POINT('Ctrl Pts',(-13.7965886833547,-20.9045613576412,
17.7021966817936));
#12445=CARTESIAN_POINT('Ctrl Pts',(-13.8019314245251,-20.952202890333,17.6979010749415));
#12446=CARTESIAN_POINT('Ctrl Pts',(-13.8019314245251,-20.9999999999998,
17.6979010749415));
#12447=CARTESIAN_POINT('Ctrl Pts',(-13.4867739703885,-20.5,18.1563846440445));
#12448=CARTESIAN_POINT('Ctrl Pts',(-13.4599428613831,-20.5,18.0730191134144));
#12449=CARTESIAN_POINT('Ctrl Pts',(-13.406374719675,-20.5,18.0037358232094));
#12450=CARTESIAN_POINT('Ctrl Pts',(-13.9627299259522,-20.5,18.0031987166116));
#12451=CARTESIAN_POINT('Ctrl Pts',(-13.9090677079414,-20.5,17.8364676553514));
#12452=CARTESIAN_POINT('Ctrl Pts',(-13.8019314245251,-20.5,17.6979010749415));
#12453=CARTESIAN_POINT('Ctrl Pts',(-13.9627299259522,-21.,18.0031987166116));
#12454=CARTESIAN_POINT('Ctrl Pts',(-13.9090677079414,-21.,17.8364676553514));
#12455=CARTESIAN_POINT('Ctrl Pts',(-13.8019314245251,-21.,17.6979010749415));
#12456=CARTESIAN_POINT('',(-13.9595166094498,-21.,17.9933886988841));
#12457=CARTESIAN_POINT('Origin',(-13.0108180148249,-21.,18.3095705714774));
#12458=CARTESIAN_POINT('',(-13.4867739703886,-20.5,18.1563846440445));
#12459=CARTESIAN_POINT('Origin',(-13.0108180148249,-20.5,18.3095705714774));
#12460=CARTESIAN_POINT('Ctrl Pts',(-13.4867739703885,-20.5,18.1563846440445));
#12461=CARTESIAN_POINT('Ctrl Pts',(-13.491379950058,-20.5,18.1548316049366));
#12462=CARTESIAN_POINT('Ctrl Pts',(-13.4959854078958,-20.5000708673841,
18.1532778267464));
#12463=CARTESIAN_POINT('Ctrl Pts',(-13.5597194560385,-20.5020328435784,
18.1317628489511));
#12464=CARTESIAN_POINT('Ctrl Pts',(-13.6179617333991,-20.515524448636,18.1119510221387));
#12465=CARTESIAN_POINT('Ctrl Pts',(-13.7289796882932,-20.5655016765599,
18.0739294493359));
#12466=CARTESIAN_POINT('Ctrl Pts',(-13.7803522780123,-20.6024705644824,
18.0561868147842));
#12467=CARTESIAN_POINT('Ctrl Pts',(-13.8667429301713,-20.6951546687044,
18.026142608183));
#12468=CARTESIAN_POINT('Ctrl Pts',(-13.9009369742153,-20.7499819675023,
18.0141270294476));
#12469=CARTESIAN_POINT('Ctrl Pts',(-13.9475428250061,-20.8704337538343,
17.9976658260773));
#12470=CARTESIAN_POINT('Ctrl Pts',(-13.9595166094498,-20.9349051473284,
17.9933886988841));
#12471=CARTESIAN_POINT('Ctrl Pts',(-13.9595166094498,-21.,17.9933886988841));
#12472=CARTESIAN_POINT('Origin',(-14.099773213232,-21.,17.9402089556026));
#12473=CARTESIAN_POINT('',(-14.1343655938434,-21.,18.0861656861896));
#12474=CARTESIAN_POINT('Origin',(-14.099773213232,-21.,17.9402089556026));
#12475=CARTESIAN_POINT('',(-14.2779100805114,-20.5,18.5653227504559));
#12476=CARTESIAN_POINT('Origin',(-14.099773213232,-20.5,17.9402089556026));
#12477=CARTESIAN_POINT('Ctrl Pts',(-14.2779100805114,-20.5,18.5653227504559));
#12478=CARTESIAN_POINT('Ctrl Pts',(-14.2765569567906,-20.5,18.5609165128159));
#12479=CARTESIAN_POINT('Ctrl Pts',(-14.2752043393388,-20.5000637112497,
18.5565103499768));
#12480=CARTESIAN_POINT('Ctrl Pts',(-14.2554503996227,-20.5019255904462,
18.4921379330752));
#12481=CARTESIAN_POINT('Ctrl Pts',(-14.2373934045108,-20.5154483772102,
18.4329876559004));
#12482=CARTESIAN_POINT('Ctrl Pts',(-14.2032769591558,-20.5655930721688,
18.3203795527426));
#12483=CARTESIAN_POINT('Ctrl Pts',(-14.1876503734224,-20.6025993182672,
18.2683000417744));
#12484=CARTESIAN_POINT('Ctrl Pts',(-14.1616356811999,-20.6953318665278,
18.1806191839972));
#12485=CARTESIAN_POINT('Ctrl Pts',(-14.1514946972295,-20.7501592270512,
18.1458381939536));
#12486=CARTESIAN_POINT('Ctrl Pts',(-14.1378094945192,-20.8705545403287,
18.0983915861643));
#12487=CARTESIAN_POINT('Ctrl Pts',(-14.1343655938435,-20.9349638289935,
18.0861656861896));
#12488=CARTESIAN_POINT('Ctrl Pts',(-14.1343655938435,-21.,18.0861656861896));
#12489=CARTESIAN_POINT('Origin',(-11.5113499199047,-21.,10.1690002053727));
#12490=CARTESIAN_POINT('',(-14.5910592135772,-21.,17.9199428024272));
#12491=CARTESIAN_POINT('Origin',(-11.5113499199047,-21.,10.1690002053727));
#12492=CARTESIAN_POINT('',(-14.7890939812289,-20.5,18.3792670263587));
#12493=CARTESIAN_POINT('Origin',(-11.5113499199047,-20.5,10.1690002053727));
#12494=CARTESIAN_POINT('Ctrl Pts',(-14.7890939812289,-20.5,18.3792670263587));
#12495=CARTESIAN_POINT('Ctrl Pts',(-14.7885166599208,-20.5,18.3779022201113));
#12496=CARTESIAN_POINT('Ctrl Pts',(-14.7879392974832,-20.5000065852621,
18.3765374392033));
#12497=CARTESIAN_POINT('Ctrl Pts',(-14.7616843382593,-20.500605465566,18.3144810744165));
#12498=CARTESIAN_POINT('Ctrl Pts',(-14.736213315725,-20.5142089162489,18.2545277662769));
#12499=CARTESIAN_POINT('Ctrl Pts',(-14.6888297775942,-20.5655801655659,
18.1436796536229));
#12500=CARTESIAN_POINT('Ctrl Pts',(-14.6673278828338,-20.6025749389461,
18.093747852067));
#12501=CARTESIAN_POINT('Ctrl Pts',(-14.6308947822068,-20.6952910966961,
18.0098549604154));
#12502=CARTESIAN_POINT('Ctrl Pts',(-14.6163034063389,-20.7501186359423,
17.9766855909162));
#12503=CARTESIAN_POINT('Ctrl Pts',(-14.5962819548024,-20.8705267944507,
17.931527092734));
#12504=CARTESIAN_POINT('Ctrl Pts',(-14.5910592135772,-20.934949752736,17.9199428024272));
#12505=CARTESIAN_POINT('Ctrl Pts',(-14.5910592135772,-21.,17.9199428024272));
#12506=CARTESIAN_POINT('Origin',(-14.5237393365471,-21.,17.7858979063787));
#12507=CARTESIAN_POINT('',(-14.6653654085528,-21.,17.7364807461181));
#12508=CARTESIAN_POINT('Origin',(-14.5237393365471,-21.,17.7858979063787));
#12509=CARTESIAN_POINT('',(-15.1322790542089,-20.5,17.5574697731988));
#12510=CARTESIAN_POINT('Origin',(-14.5237393365471,-20.5,17.7858979063787));
#12511=CARTESIAN_POINT('Ctrl Pts',(-15.1322790542089,-20.5,17.5574697731988));
#12512=CARTESIAN_POINT('Ctrl Pts',(-15.127752394782,-20.5,17.5592407428824));
#12513=CARTESIAN_POINT('Ctrl Pts',(-15.1232256600291,-20.5000708673841,
17.5610108109698));
#12514=CARTESIAN_POINT('Ctrl Pts',(-15.060572985464,-20.5020328435784,17.5854968382469));
#12515=CARTESIAN_POINT('Ctrl Pts',(-15.0032220157357,-20.5155244486359,
17.6077575126569));
#12516=CARTESIAN_POINT('Ctrl Pts',(-14.8937375324039,-20.5655016765599,
17.6499922639514));
#12517=CARTESIAN_POINT('Ctrl Pts',(-14.8429790998679,-20.6024705644824,
17.6694222814958));
#12518=CARTESIAN_POINT('Ctrl Pts',(-14.757487977098,-20.6951546687044,17.7019379247816));
#12519=CARTESIAN_POINT('Ctrl Pts',(-14.723570354536,-20.7499819675023,17.7147129652969));
#12520=CARTESIAN_POINT('Ctrl Pts',(-14.6772871439539,-20.8704337538343,
17.7320606153554));
#12521=CARTESIAN_POINT('Ctrl Pts',(-14.6653654085528,-20.9349051473283,
17.736480746118));
#12522=CARTESIAN_POINT('Ctrl Pts',(-14.6653654085528,-21.,17.736480746118));
#12523=CARTESIAN_POINT('Ctrl Pts',(-15.0957476827834,-20.5,17.3888543500639));
#12524=CARTESIAN_POINT('Ctrl Pts',(-15.0992465460017,-20.5,17.4763613672897));
#12525=CARTESIAN_POINT('Ctrl Pts',(-15.1322790542089,-20.5,17.5574697731988));
#12526=CARTESIAN_POINT('Ctrl Pts',(-14.5961468802963,-20.5,17.4088302894466));
#12527=CARTESIAN_POINT('Ctrl Pts',(-14.6031446067329,-20.5,17.5838443238982));
#12528=CARTESIAN_POINT('Ctrl Pts',(-14.6692096231473,-20.5,17.7460611357165));
#12529=CARTESIAN_POINT('Ctrl Pts',(-14.5961468802963,-21.,17.4088302894466));
#12530=CARTESIAN_POINT('Ctrl Pts',(-14.6031446067329,-21.,17.5838443238982));
#12531=CARTESIAN_POINT('Ctrl Pts',(-14.6692096231473,-21.,17.7460611357165));
#12532=CARTESIAN_POINT('',(-14.5961468802963,-21.,17.4088302894466));
#12533=CARTESIAN_POINT('Origin',(-15.5953484852705,-21.,17.3688784106812));
#12534=CARTESIAN_POINT('',(-15.0964509026079,-20.5,17.4020627746711));
#12535=CARTESIAN_POINT('Origin',(-15.5953484852705,-20.5,17.3688784106812));
#12536=CARTESIAN_POINT('Ctrl Pts',(-15.0964509026079,-20.5,17.4020627746711));
#12537=CARTESIAN_POINT('Ctrl Pts',(-15.093901924366,-20.5,17.402013157084));
#12538=CARTESIAN_POINT('Ctrl Pts',(-15.091352032665,-20.5000193649464,17.4019702537654));
#12539=CARTESIAN_POINT('Ctrl Pts',(-15.0321266688204,-20.5009195998106,
17.4010994373855));
#12540=CARTESIAN_POINT('Ctrl Pts',(-14.9644959061895,-20.5117151946366,
17.402118235542));
#12541=CARTESIAN_POINT('Ctrl Pts',(-14.8353143891299,-20.568498382415,17.4041060093137));
#12542=CARTESIAN_POINT('Ctrl Pts',(-14.7814043112016,-20.6060833908619,
17.4051252138799));
#12543=CARTESIAN_POINT('Ctrl Pts',(-14.691029874749,-20.6998035863816,17.4068757284522));
#12544=CARTESIAN_POINT('Ctrl Pts',(-14.6554287141944,-20.7550385721008,
17.4076050288069));
#12545=CARTESIAN_POINT('Ctrl Pts',(-14.6081077936763,-20.8742638619803,
17.4085788681209));
#12546=CARTESIAN_POINT('Ctrl Pts',(-14.5961468802963,-20.936857178547,17.4088302894466));
#12547=CARTESIAN_POINT('Ctrl Pts',(-14.5961468802963,-21.,17.4088302894466));
#12548=CARTESIAN_POINT('Ctrl Pts',(-15.1840679204986,-20.5,17.3637875265716));
#12549=CARTESIAN_POINT('Ctrl Pts',(-15.1568382965243,-20.5,17.3434406653333));
#12550=CARTESIAN_POINT('Ctrl Pts',(-15.1264620525396,-20.5,17.3586961884451));
#12551=CARTESIAN_POINT('Ctrl Pts',(-15.0960858085549,-20.5,17.3739517115569));
#12552=CARTESIAN_POINT('Ctrl Pts',(-15.0961460939489,-20.5,17.4079435274793));
#12553=CARTESIAN_POINT('Ctrl Pts',(-15.4833580391163,-20.5,16.9632560984692));
#12554=CARTESIAN_POINT('Ctrl Pts',(-15.2085863790122,-20.5,16.7579377714281));
#12555=CARTESIAN_POINT('Ctrl Pts',(-14.9020624624394,-20.5,16.9118798682834));
#12556=CARTESIAN_POINT('Ctrl Pts',(-14.5955385458666,-20.5,17.0658219651387));
#12557=CARTESIAN_POINT('Ctrl Pts',(-14.5961468802963,-20.5,17.4088302894466));
#12558=CARTESIAN_POINT('Ctrl Pts',(-15.4833580391163,-21.,16.9632560984692));
#12559=CARTESIAN_POINT('Ctrl Pts',(-15.2085863790122,-21.,16.7579377714281));
#12560=CARTESIAN_POINT('Ctrl Pts',(-14.9020624624394,-21.,16.9118798682834));
#12561=CARTESIAN_POINT('Ctrl Pts',(-14.5955385458666,-21.,17.0658219651387));
#12562=CARTESIAN_POINT('Ctrl Pts',(-14.5961468802963,-21.,17.4088302894466));
#12563=CARTESIAN_POINT('',(-15.4833580391163,-21.,16.9632560984692));
#12564=CARTESIAN_POINT('Origin',(-15.1511460074507,-21.,17.4078459836629));
#12565=CARTESIAN_POINT('',(-15.1791688131707,-20.5,17.3605202786013));
#12566=CARTESIAN_POINT('Origin',(-15.1511460074507,-20.5,17.4078459836629));
#12567=CARTESIAN_POINT('Ctrl Pts',(-15.1791688131707,-20.5,17.3605202786013));
#12568=CARTESIAN_POINT('Ctrl Pts',(-15.1805832155158,-20.5,17.3585411254376));
#12569=CARTESIAN_POINT('Ctrl Pts',(-15.1820030095784,-20.5000176298661,
17.3565649716239));
#12570=CARTESIAN_POINT('Ctrl Pts',(-15.1935450301313,-20.5003036692756,
17.3405692235486));
#12571=CARTESIAN_POINT('Ctrl Pts',(-15.2038655068403,-20.5014486379358,
17.3266553628056));
#12572=CARTESIAN_POINT('Ctrl Pts',(-15.2526783104399,-20.5111194614525,
17.2614102681082));
#12573=CARTESIAN_POINT('Ctrl Pts',(-15.2906601235071,-20.5311210958259,
17.2121504500528));
#12574=CARTESIAN_POINT('Ctrl Pts',(-15.3600753212597,-20.5939728162593,
17.1221154846272));
#12575=CARTESIAN_POINT('Ctrl Pts',(-15.3908836747565,-20.6363086591222,
17.082367536987));
#12576=CARTESIAN_POINT('Ctrl Pts',(-15.4408386033866,-20.7378656917012,
17.0179659816405));
#12577=CARTESIAN_POINT('Ctrl Pts',(-15.4595172423315,-20.7961097917958,
16.9939301215608));
#12578=CARTESIAN_POINT('Ctrl Pts',(-15.4791499473358,-20.9045613575922,
16.9686680375954));
#12579=CARTESIAN_POINT('Ctrl Pts',(-15.4833580391162,-20.9522028903083,
16.9632560984691));
#12580=CARTESIAN_POINT('Ctrl Pts',(-15.4833580391162,-20.9999999999998,
16.9632560984691));
#12581=CARTESIAN_POINT('Ctrl Pts',(-15.2824292824534,-20.5,17.4820614943363));
#12582=CARTESIAN_POINT('Ctrl Pts',(-15.2370959950275,-20.5,17.40713077194));
#12583=CARTESIAN_POINT('Ctrl Pts',(-15.1689939632135,-20.5,17.3520686854334));
#12584=CARTESIAN_POINT('Ctrl Pts',(-15.7102286775959,-20.5,17.223241716275));
#12585=CARTESIAN_POINT('Ctrl Pts',(-15.6195621027443,-20.5,17.0733802714824));
#12586=CARTESIAN_POINT('Ctrl Pts',(-15.4833580391163,-20.5,16.9632560984691));
#12587=CARTESIAN_POINT('Ctrl Pts',(-15.7102286775959,-21.,17.223241716275));
#12588=CARTESIAN_POINT('Ctrl Pts',(-15.6195621027443,-21.,17.0733802714824));
#12589=CARTESIAN_POINT('Ctrl Pts',(-15.4833580391163,-21.,16.9632560984691));
#12590=CARTESIAN_POINT('',(-15.7048396306759,-21.,17.2144371706288));
#12591=CARTESIAN_POINT('Origin',(-14.8546298873108,-21.,17.7408812723976));
#12592=CARTESIAN_POINT('',(-15.2824292824534,-20.5,17.4820614943363));
#12593=CARTESIAN_POINT('Origin',(-14.8546298873108,-20.5,17.7408812723976));
#12594=CARTESIAN_POINT('Ctrl Pts',(-15.2824292824534,-20.5,17.4820614943363));
#12595=CARTESIAN_POINT('Ctrl Pts',(-15.2865529518786,-20.5,17.4794881055865));
#12596=CARTESIAN_POINT('Ctrl Pts',(-15.2906759430941,-20.5000708673841,
17.4769141180193));
#12597=CARTESIAN_POINT('Ctrl Pts',(-15.347730336382,-20.5020328435784,17.4412809962272));
#12598=CARTESIAN_POINT('Ctrl Pts',(-15.3998337639277,-20.515524448636,17.4085716062626));
#12599=CARTESIAN_POINT('Ctrl Pts',(-15.4990908373608,-20.5655016765599,
17.3459724075394));
#12600=CARTESIAN_POINT('Ctrl Pts',(-15.544986939159,-20.6024705644824,17.3168606934879));
#12601=CARTESIAN_POINT('Ctrl Pts',(-15.6221202492423,-20.6951546687044,
17.2677032768924));
#12602=CARTESIAN_POINT('Ctrl Pts',(-15.652621605251,-20.7499819675023,17.2481258903954));
#12603=CARTESIAN_POINT('Ctrl Pts',(-15.6941749745534,-20.8704337538343,
17.2213603520306));
#12604=CARTESIAN_POINT('Ctrl Pts',(-15.7048396306759,-20.9349051473283,
17.2144371706288));
#12605=CARTESIAN_POINT('Ctrl Pts',(-15.7048396306759,-21.,17.2144371706288));
#12606=CARTESIAN_POINT('Origin',(-15.8290515067484,-21.,17.1303454954014));
#12607=CARTESIAN_POINT('',(-15.8963713837784,-21.,17.2643903914499));
#12608=CARTESIAN_POINT('Origin',(-15.8290515067484,-21.,17.1303454954014));
#12609=CARTESIAN_POINT('',(-16.1465478338291,-20.5,17.697528078253));
#12610=CARTESIAN_POINT('Origin',(-15.8290515067484,-20.5,17.1303454954014));
#12611=CARTESIAN_POINT('Ctrl Pts',(-16.1465478338291,-20.5,17.6975280782531));
#12612=CARTESIAN_POINT('Ctrl Pts',(-16.1442150354032,-20.5,17.6935526631239));
#12613=CARTESIAN_POINT('Ctrl Pts',(-16.14188274685,-20.5000637112497,17.6895772040259));
#12614=CARTESIAN_POINT('Ctrl Pts',(-16.1078159761596,-20.5019255904462,
17.6314955259613));
#12615=CARTESIAN_POINT('Ctrl Pts',(-16.0766047170128,-20.5154483772103,
17.5781038818136));
#12616=CARTESIAN_POINT('Ctrl Pts',(-16.0174386690953,-20.5655930721688,
17.4763989384024));
#12617=CARTESIAN_POINT('Ctrl Pts',(-15.9902229382331,-20.6025993182672,
17.4293269760682));
#12618=CARTESIAN_POINT('Ctrl Pts',(-15.9446888780425,-20.6953318665278,
17.3500089680591));
#12619=CARTESIAN_POINT('Ctrl Pts',(-15.9268001973033,-20.7501592270512,
17.3185041759519));
#12620=CARTESIAN_POINT('Ctrl Pts',(-15.902541940234,-20.8705545403287,17.2754925225554));
#12621=CARTESIAN_POINT('Ctrl Pts',(-15.8963713837784,-20.9349638289935,
17.2643903914499));
#12622=CARTESIAN_POINT('Ctrl Pts',(-15.8963713837784,-21.,17.2643903914499));
#12623=CARTESIAN_POINT('Origin',(-11.5182354256313,-21.,10.1655421744258));
#12624=CARTESIAN_POINT('',(-16.3024211328107,-21.,16.9973272702546));
#12625=CARTESIAN_POINT('Origin',(-11.5182354256313,-21.,10.1655421744258));
#12626=CARTESIAN_POINT('',(-16.6010453035256,-20.5,17.398600389905));
#12627=CARTESIAN_POINT('Origin',(-11.5182354256313,-20.5,10.1655421744258));
#12628=CARTESIAN_POINT('Ctrl Pts',(-16.6010453035256,-20.5,17.398600389905));
#12629=CARTESIAN_POINT('Ctrl Pts',(-16.6001687980068,-20.5,17.3974055116426));
#12630=CARTESIAN_POINT('Ctrl Pts',(-16.5992922583116,-20.5000065852621,
17.396210667522));
#12631=CARTESIAN_POINT('Ctrl Pts',(-16.5594338223085,-20.500605465566,17.3418818503616));
#12632=CARTESIAN_POINT('Ctrl Pts',(-16.520823190124,-20.5142089162495,17.2894186134418));
#12633=CARTESIAN_POINT('Ctrl Pts',(-16.4491535473769,-20.5655801655659,
17.1924858219164));
#12634=CARTESIAN_POINT('Ctrl Pts',(-16.416716173079,-20.6025749389461,17.1488586167164));
#12635=CARTESIAN_POINT('Ctrl Pts',(-16.3619180991372,-20.6952910966961,
17.0756291200416));
#12636=CARTESIAN_POINT('Ctrl Pts',(-16.3400706526652,-20.7501186359423,
17.0467188380412));
#12637=CARTESIAN_POINT('Ctrl Pts',(-16.3101746155664,-20.8705267944507,
17.0073948575016));
#12638=CARTESIAN_POINT('Ctrl Pts',(-16.3024211328107,-20.934949752736,16.9973272702546));
#12639=CARTESIAN_POINT('Ctrl Pts',(-16.3024211328107,-21.,16.9973272702546));
#12640=CARTESIAN_POINT('Origin',(-16.2060029913577,-21.,16.8824206037867));
#12641=CARTESIAN_POINT('',(-16.3324151328202,-21.,16.801674269561));
#12642=CARTESIAN_POINT('Origin',(-16.2060029913577,-21.,16.8824206037867));
#12643=CARTESIAN_POINT('',(-16.7454602893374,-20.5,16.51981086363));
#12644=CARTESIAN_POINT('Origin',(-16.2060029913577,-20.5,16.8824206037867));
#12645=CARTESIAN_POINT('Ctrl Pts',(-16.7454602893374,-20.5,16.51981086363));
#12646=CARTESIAN_POINT('Ctrl Pts',(-16.7414640603167,-20.5,16.5225780161018));
#12647=CARTESIAN_POINT('Ctrl Pts',(-16.7374675500782,-20.5000708673841,
16.5253443086515));
#12648=CARTESIAN_POINT('Ctrl Pts',(-16.682150552966,-20.5020328435784,16.5636190129935));
#12649=CARTESIAN_POINT('Ctrl Pts',(-16.6314791508615,-20.5155244486359,
16.5985056918657));
#12650=CARTESIAN_POINT('Ctrl Pts',(-16.5346858398927,-20.5655016765599,
16.6648508594294));
#12651=CARTESIAN_POINT('Ctrl Pts',(-16.4897764778894,-20.6024705644824,
16.6954628384529));
#12652=CARTESIAN_POINT('Ctrl Pts',(-16.4140884027872,-20.6951546687044,
16.7468176280841));
#12653=CARTESIAN_POINT('Ctrl Pts',(-16.3840311612232,-20.7499819675023,
16.7670702577897));
#12654=CARTESIAN_POINT('Ctrl Pts',(-16.3429961639959,-20.8704337538343,
16.7946239426048));
#12655=CARTESIAN_POINT('Ctrl Pts',(-16.3324151328201,-20.9349051473284,
16.8016742695609));
#12656=CARTESIAN_POINT('Ctrl Pts',(-16.3324151328201,-21.,16.8016742695609));
#12657=CARTESIAN_POINT('Ctrl Pts',(-16.6710282331296,-20.5,16.3641652050785));
#12658=CARTESIAN_POINT('Ctrl Pts',(-16.6946132910107,-20.5,16.4485065659422));
#12659=CARTESIAN_POINT('Ctrl Pts',(-16.7454602893374,-20.5,16.51981086363));
#12660=CARTESIAN_POINT('Ctrl Pts',(-16.1895010035866,-20.5,16.498818564519));
#12661=CARTESIAN_POINT('Ctrl Pts',(-16.2366711193487,-20.5,16.6675012862464));
#12662=CARTESIAN_POINT('Ctrl Pts',(-16.3383651160021,-20.5,16.8101098816221));
#12663=CARTESIAN_POINT('Ctrl Pts',(-16.1895010035866,-21.,16.498818564519));
#12664=CARTESIAN_POINT('Ctrl Pts',(-16.2366711193487,-21.,16.6675012862464));
#12665=CARTESIAN_POINT('Ctrl Pts',(-16.3383651160021,-21.,16.8101098816221));
#12666=CARTESIAN_POINT('',(-16.1895010035866,-21.,16.4988185645191));
#12667=CARTESIAN_POINT('Origin',(-17.1525554626726,-21.,16.229511845638));
#12668=CARTESIAN_POINT('',(-16.6747585699147,-20.5,16.3768554212389));
#12669=CARTESIAN_POINT('Origin',(-17.1525554626726,-20.5,16.229511845638));
#12670=CARTESIAN_POINT('Ctrl Pts',(-16.6747585699147,-20.5,16.3768554212389));
#12671=CARTESIAN_POINT('Ctrl Pts',(-16.672266857108,-20.5,16.3773949759371));
#12672=CARTESIAN_POINT('Ctrl Pts',(-16.6697758038818,-20.5000193649464,
16.3779412745778));
#12673=CARTESIAN_POINT('Ctrl Pts',(-16.6119460432975,-20.5009195998108,
16.3907522400213));
#12674=CARTESIAN_POINT('Ctrl Pts',(-16.5463732276544,-20.5117151946398,
16.4073403035539));
#12675=CARTESIAN_POINT('Ctrl Pts',(-16.4211322272949,-20.568498382412,16.4390658046644));
#12676=CARTESIAN_POINT('Ctrl Pts',(-16.3689103472423,-20.6060833908582,
16.4524900560029));
#12677=CARTESIAN_POINT('Ctrl Pts',(-16.2813756618618,-20.6998035863769,
16.475035164584));
#12678=CARTESIAN_POINT('Ctrl Pts',(-16.2469023234332,-20.7550385720957,
16.4839549991941));
#12679=CARTESIAN_POINT('Ctrl Pts',(-16.2010815272512,-20.8742638619764,
16.4958155438335));
#12680=CARTESIAN_POINT('Ctrl Pts',(-16.1895010035866,-20.936857178545,16.498818564519));
#12681=CARTESIAN_POINT('Ctrl Pts',(-16.1895010035866,-21.,16.498818564519));
#12682=CARTESIAN_POINT('Ctrl Pts',(-16.7511869800804,-20.5,16.3194060125328));
#12683=CARTESIAN_POINT('Ctrl Pts',(-16.719999025023,-20.5,16.3058871870153));
#12684=CARTESIAN_POINT('Ctrl Pts',(-16.6939597423723,-20.5,16.3277367394836));
#12685=CARTESIAN_POINT('Ctrl Pts',(-16.6679204597216,-20.5,16.349586291952));
#12686=CARTESIAN_POINT('Ctrl Pts',(-16.675818172342,-20.5,16.3826479513084));
#12687=CARTESIAN_POINT('Ctrl Pts',(-16.9500407907651,-20.5,15.8606499096019));
#12688=CARTESIAN_POINT('Ctrl Pts',(-16.63532597155,-20.5,15.7242326702888));
#12689=CARTESIAN_POINT('Ctrl Pts',(-16.3725659375289,-20.5,15.944714517924));
#12690=CARTESIAN_POINT('Ctrl Pts',(-16.1098059035079,-20.5,16.1651963655592));
#12691=CARTESIAN_POINT('Ctrl Pts',(-16.1895010035864,-20.5,16.4988185645191));
#12692=CARTESIAN_POINT('Ctrl Pts',(-16.950040790765,-21.0000000000002,15.8606499096021));
#12693=CARTESIAN_POINT('Ctrl Pts',(-16.63532597155,-21.0000000000002,15.724232670289));
#12694=CARTESIAN_POINT('Ctrl Pts',(-16.372565937529,-21.0000000000002,15.9447145179241));
#12695=CARTESIAN_POINT('Ctrl Pts',(-16.109805903508,-21.0000000000002,16.1651963655593));
#12696=CARTESIAN_POINT('Ctrl Pts',(-16.1895010035866,-21.0000000000002,
16.4988185645191));
#12697=CARTESIAN_POINT('',(-16.950040790765,-21.,15.8606499096021));
#12698=CARTESIAN_POINT('Origin',(-16.7293130609051,-21.,16.3698691838552));
#12699=CARTESIAN_POINT('',(-16.7456664495889,-20.5,16.3173566455567));
#12700=CARTESIAN_POINT('Origin',(-16.7293130609051,-20.5,16.3698691838552));
#12701=CARTESIAN_POINT('Ctrl Pts',(-16.7456664495889,-20.5,16.3173566455567));
#12702=CARTESIAN_POINT('Ctrl Pts',(-16.7465863024054,-20.5,16.3151046570946));
#12703=CARTESIAN_POINT('Ctrl Pts',(-16.7475120933032,-20.5000176298661,
16.312854343718));
#12704=CARTESIAN_POINT('Ctrl Pts',(-16.7663265507492,-20.5007311878769,
16.2673866204513));
#12705=CARTESIAN_POINT('Ctrl Pts',(-16.7895877077159,-20.508171414952,16.2151319128156));
#12706=CARTESIAN_POINT('Ctrl Pts',(-16.836267627369,-20.5499909340456,16.1109547342597));
#12707=CARTESIAN_POINT('Ctrl Pts',(-16.8566449136656,-20.578290216367,16.0659556228161));
#12708=CARTESIAN_POINT('Ctrl Pts',(-16.8954183838368,-20.6556556301272,
15.9804916774827));
#12709=CARTESIAN_POINT('Ctrl Pts',(-16.9126888166812,-20.7064797977837,
15.9425752659776));
#12710=CARTESIAN_POINT('Ctrl Pts',(-16.9381917751796,-20.8212363025069,
15.8866124018625));
#12711=CARTESIAN_POINT('Ctrl Pts',(-16.9461840656363,-20.8840698611947,
15.8691017769735));
#12712=CARTESIAN_POINT('Ctrl Pts',(-16.9496781983995,-20.9658580936119,
15.8614444590301));
#12713=CARTESIAN_POINT('Ctrl Pts',(-16.950040790765,-20.982938957936,15.8606499096021));
#12714=CARTESIAN_POINT('Ctrl Pts',(-16.950040790765,-21.0000000000002,15.8606499096021));
#12715=CARTESIAN_POINT('Ctrl Pts',(-16.8741728528557,-20.5,16.4118081990546));
#12716=CARTESIAN_POINT('Ctrl Pts',(-16.8127813162688,-20.5,16.3493518195315));
#12717=CARTESIAN_POINT('Ctrl Pts',(-16.7338167925116,-20.5,16.3114793480589));
#12718=CARTESIAN_POINT('Ctrl Pts',(-17.2307529114533,-20.5,16.0613076115933));
#12719=CARTESIAN_POINT('Ctrl Pts',(-17.1079698382794,-20.5,15.9363948525471));
#12720=CARTESIAN_POINT('Ctrl Pts',(-16.9500407907651,-20.5,15.8606499096019));
#12721=CARTESIAN_POINT('Ctrl Pts',(-17.2307529114532,-21.0000000000002,
16.0613076115934));
#12722=CARTESIAN_POINT('Ctrl Pts',(-17.1079698382793,-21.0000000000002,
15.9363948525472));
#12723=CARTESIAN_POINT('Ctrl Pts',(-16.950040790765,-21.0000000000002,15.8606499096021));
#12724=CARTESIAN_POINT('',(-17.22347865903,-21.,16.0539831933628));
#12725=CARTESIAN_POINT('Origin',(-16.5175927942583,-21.,16.7623087865158));
#12726=CARTESIAN_POINT('',(-16.8741728528557,-20.5,16.4118081990546));
#12727=CARTESIAN_POINT('Origin',(-16.5175927942583,-20.5,16.7623087865158));
#12728=CARTESIAN_POINT('Ctrl Pts',(-16.8741728528557,-20.5,16.4118081990546));
#12729=CARTESIAN_POINT('Ctrl Pts',(-16.8775919039507,-20.5,16.4083531927164));
#12730=CARTESIAN_POINT('Ctrl Pts',(-16.8810101570204,-20.5000708673841,
16.4048977601082));
#12731=CARTESIAN_POINT('Ctrl Pts',(-16.9283090783438,-20.5020328435784,
16.3570674851378));
#12732=CARTESIAN_POINT('Ctrl Pts',(-16.9714647468087,-20.515524448636,16.3132239037008));
#12733=CARTESIAN_POINT('Ctrl Pts',(-17.0536099642603,-20.56550167656,16.2294218180637));
#12734=CARTESIAN_POINT('Ctrl Pts',(-17.0915553074098,-20.6024705644824,
16.1905104445522));
#12735=CARTESIAN_POINT('Ctrl Pts',(-17.1552729987055,-20.6951546687044,
16.124889907015));
#12736=CARTESIAN_POINT('Ctrl Pts',(-17.1804373306817,-20.7499819675023,
16.0988061347299));
#12737=CARTESIAN_POINT('Ctrl Pts',(-17.2146980656008,-20.8704337538342,
16.0631791984718));
#12738=CARTESIAN_POINT('Ctrl Pts',(-17.22347865903,-20.9349051473283,16.0539831933628));
#12739=CARTESIAN_POINT('Ctrl Pts',(-17.22347865903,-21.,16.0539831933628));
#12740=CARTESIAN_POINT('Origin',(-17.3249495130027,-21.,15.9435129901673));
#12741=CARTESIAN_POINT('',(-17.4213676544557,-21.,16.0584196566352));
#12742=CARTESIAN_POINT('Origin',(-17.3249495130027,-21.,15.9435129901673));
#12743=CARTESIAN_POINT('',(-17.7646889907107,-20.5,16.4221874011662));
#12744=CARTESIAN_POINT('Origin',(-17.3249495130027,-20.5,15.9435129901673));
#12745=CARTESIAN_POINT('Ctrl Pts',(-17.7646889907107,-20.5,16.4221874011662));
#12746=CARTESIAN_POINT('Ctrl Pts',(-17.7615022793467,-20.5,16.4188571242066));
#12747=CARTESIAN_POINT('Ctrl Pts',(-17.7583160539718,-20.5000637112497,
16.4155266868787));
#12748=CARTESIAN_POINT('Ctrl Pts',(-17.7117730007334,-20.5019255904462,
16.3668669459492));
#12749=CARTESIAN_POINT('Ctrl Pts',(-17.6690900846106,-20.5154483772103,
16.3221122921847));
#12750=CARTESIAN_POINT('Ctrl Pts',(-17.5880640910885,-20.5655930721688,
16.2367934483447));
#12751=CARTESIAN_POINT('Ctrl Pts',(-17.5507264221927,-20.6025993182672,
16.1972666963179));
#12752=CARTESIAN_POINT('Ctrl Pts',(-17.4881277470049,-20.6953318665278,
16.1305875924193));
#12753=CARTESIAN_POINT('Ctrl Pts',(-17.4634557529059,-20.7501592270512,
16.1040574297459));
#12754=CARTESIAN_POINT('Ctrl Pts',(-17.4299322103953,-20.8705545403287,
16.0677995001099));
#12755=CARTESIAN_POINT('Ctrl Pts',(-17.4213676544556,-20.9349638289935,
16.0584196566352));
#12756=CARTESIAN_POINT('Ctrl Pts',(-17.4213676544556,-21.,16.0584196566352));
#12757=CARTESIAN_POINT('Origin',(-11.5241378548421,-21.,10.160589448252));
#12758=CARTESIAN_POINT('',(-17.7548832857141,-21.,15.7049137399972));
#12759=CARTESIAN_POINT('Origin',(-11.5241378548421,-21.,10.160589448252));
#12760=CARTESIAN_POINT('',(-18.137997953153,-20.5,16.0265030176204));
#12761=CARTESIAN_POINT('Origin',(-11.5241378548421,-20.5,10.160589448252));
#12762=CARTESIAN_POINT('Ctrl Pts',(-18.137997953153,-20.5,16.0265030176204));
#12763=CARTESIAN_POINT('Ctrl Pts',(-18.1368695160632,-20.5,16.0255424835398));
#12764=CARTESIAN_POINT('Ctrl Pts',(-18.1357410535912,-20.5000065852621,
16.0245819905621));
#12765=CARTESIAN_POINT('Ctrl Pts',(-18.0844279194166,-20.500605465566,15.9809096016243));
#12766=CARTESIAN_POINT('Ctrl Pts',(-18.0347591867537,-20.5142089162487,
15.9387647426082));
#12767=CARTESIAN_POINT('Ctrl Pts',(-17.9426671683798,-20.5655801655659,
15.8609729440902));
#12768=CARTESIAN_POINT('Ctrl Pts',(-17.9010430217889,-20.6025749389461,
15.8260022891709));
#12769=CARTESIAN_POINT('Ctrl Pts',(-17.8308341528825,-20.6952910966961,
15.7673840085934));
#12770=CARTESIAN_POINT('Ctrl Pts',(-17.8029084373007,-20.7501186359423,
15.7442913748775));
#12771=CARTESIAN_POINT('Ctrl Pts',(-17.7647495177378,-20.8705267944507,
15.71292187795));
#12772=CARTESIAN_POINT('Ctrl Pts',(-17.7548832857141,-20.934949752736,15.7049137399971));
#12773=CARTESIAN_POINT('Ctrl Pts',(-17.7548832857141,-21.,15.7049137399971));
#12774=CARTESIAN_POINT('Origin',(-17.6345648068008,-21.,15.6153399512417));
#12775=CARTESIAN_POINT('',(-17.7389481064531,-21.,15.5076174988295));
#12776=CARTESIAN_POINT('Origin',(-17.6345648068008,-21.,15.6153399512417));
#12777=CARTESIAN_POINT('',(-18.075857402531,-20.5,15.1380969890582));
#12778=CARTESIAN_POINT('Origin',(-17.6345648068008,-20.5,15.6153399512417));
#12779=CARTESIAN_POINT('Ctrl Pts',(-18.075857402531,-20.5,15.1380969890582));
#12780=CARTESIAN_POINT('Ctrl Pts',(-18.0726070416576,-20.5,15.1417111464123));
#12781=CARTESIAN_POINT('Ctrl Pts',(-18.0693562088347,-20.5000708673841,
15.1453245318768));
#12782=CARTESIAN_POINT('Ctrl Pts',(-18.0243570428073,-20.5020328435784,
15.1953245140655));
#12783=CARTESIAN_POINT('Ctrl Pts',(-17.9830969167304,-20.515524448636,15.2409564475117));
#12784=CARTESIAN_POINT('Ctrl Pts',(-17.9042129305732,-20.5655016765599,
15.3278353461883));
#12785=CARTESIAN_POINT('Ctrl Pts',(-17.8675737144325,-20.6024705644824,
15.3679789869785));
#12786=CARTESIAN_POINT('Ctrl Pts',(-17.8057690507178,-20.6951546687044,
15.4354043729533));
#12787=CARTESIAN_POINT('Ctrl Pts',(-17.7811925838246,-20.7499819675023,
15.4620427673395));
#12788=CARTESIAN_POINT('Ctrl Pts',(-17.7476180072741,-20.8704337538343,
15.4983170606309));
#12789=CARTESIAN_POINT('Ctrl Pts',(-17.7389481064531,-20.9349051473284,
15.5076174988295));
#12790=CARTESIAN_POINT('Ctrl Pts',(-17.7389481064531,-21.,15.5076174988295));
#12791=CARTESIAN_POINT('Ctrl Pts',(-17.967537312957,-20.5,15.00381199283));
#12792=CARTESIAN_POINT('Ctrl Pts',(-18.0099370889258,-20.5,15.0804408327365));
#12793=CARTESIAN_POINT('Ctrl Pts',(-18.075857402531,-20.5,15.1380969890582));
#12794=CARTESIAN_POINT('Ctrl Pts',(-17.5300429139414,-20.5,15.2458835748672));
#12795=CARTESIAN_POINT('Ctrl Pts',(-17.6148424658789,-20.5,15.3991412546802));
#12796=CARTESIAN_POINT('Ctrl Pts',(-17.7466830930894,-20.5,15.5144535673236));
#12797=CARTESIAN_POINT('Ctrl Pts',(-17.5300429139414,-21.,15.2458835748672));
#12798=CARTESIAN_POINT('Ctrl Pts',(-17.6148424658789,-21.,15.3991412546802));
#12799=CARTESIAN_POINT('Ctrl Pts',(-17.7466830930894,-21.,15.5144535673236));
#12800=CARTESIAN_POINT('',(-17.5300429139415,-21.,15.2458835748673));
#12801=CARTESIAN_POINT('Origin',(-18.4050317119726,-21.,14.7617404107928));
#12802=CARTESIAN_POINT('',(-17.974093663281,-20.5,15.0152998677055));
#12803=CARTESIAN_POINT('Origin',(-18.4050317119726,-20.5,14.7617404107928));
#12804=CARTESIAN_POINT('Ctrl Pts',(-17.974093663281,-20.5,15.0152998677055));
#12805=CARTESIAN_POINT('Ctrl Pts',(-17.9717935447921,-20.5,15.0163995071556));
#12806=CARTESIAN_POINT('Ctrl Pts',(-17.9694956233647,-20.5000193649464,
15.0175055566545));
#12807=CARTESIAN_POINT('Ctrl Pts',(-17.9161790834094,-20.5009195998108,
15.0433076614598));
#12808=CARTESIAN_POINT('Ctrl Pts',(-17.8561992622141,-20.5117151946408,
15.0745707235696));
#12809=CARTESIAN_POINT('Ctrl Pts',(-17.7416505532929,-20.5684983824127,
15.1343236220415));
#12810=CARTESIAN_POINT('Ctrl Pts',(-17.6939321661872,-20.606083390859,15.1594292152879));
#12811=CARTESIAN_POINT('Ctrl Pts',(-17.6139562494265,-20.699803586378,15.2015535052385));
#12812=CARTESIAN_POINT('Ctrl Pts',(-17.5824691997224,-20.7550385720968,
15.2181830035114));
#12813=CARTESIAN_POINT('Ctrl Pts',(-17.5406187388616,-20.8742638619773,
15.2402908484444));
#12814=CARTESIAN_POINT('Ctrl Pts',(-17.5300429139414,-20.9368571785454,
15.2458835748672));
#12815=CARTESIAN_POINT('Ctrl Pts',(-17.5300429139414,-21.,15.2458835748672));
#12816=CARTESIAN_POINT('Ctrl Pts',(-18.0352131903469,-20.5,14.9417734108864));
#12817=CARTESIAN_POINT('Ctrl Pts',(-18.0017482549364,-20.5,14.9358114244726));
#12818=CARTESIAN_POINT('Ctrl Pts',(-17.9814497180873,-20.5,14.9630770912684));
#12819=CARTESIAN_POINT('Ctrl Pts',(-17.9611511812383,-20.5,14.9903427580642));
#12820=CARTESIAN_POINT('Ctrl Pts',(-17.9764605533535,-20.5,15.0206918982409));
#12821=CARTESIAN_POINT('Ctrl Pts',(-18.1229104326931,-20.5,14.4495242933808));
#12822=CARTESIAN_POINT('Ctrl Pts',(-17.785218811732,-20.5,14.3893624304774));
#12823=CARTESIAN_POINT('Ctrl Pts',(-17.5803881217097,-20.5,14.6644977954168));
#12824=CARTESIAN_POINT('Ctrl Pts',(-17.3755574316874,-20.5,14.9396331603563));
#12825=CARTESIAN_POINT('Ctrl Pts',(-17.5300429139413,-20.5,15.2458835748673));
#12826=CARTESIAN_POINT('Ctrl Pts',(-18.1229104326931,-21.0000000000002,
14.449524293381));
#12827=CARTESIAN_POINT('Ctrl Pts',(-17.7852188117321,-21.0000000000002,
14.3893624304775));
#12828=CARTESIAN_POINT('Ctrl Pts',(-17.5803881217098,-21.0000000000002,
14.6644977954169));
#12829=CARTESIAN_POINT('Ctrl Pts',(-17.3755574316875,-21.0000000000002,
14.9396331603563));
#12830=CARTESIAN_POINT('Ctrl Pts',(-17.5300429139415,-21.0000000000002,
15.2458835748673));
#12831=CARTESIAN_POINT('',(-18.1229104326931,-21.,14.449524293381));
#12832=CARTESIAN_POINT('Origin',(-18.0255664936888,-21.,14.995920813812));
#12833=CARTESIAN_POINT('',(-18.0293688499197,-20.5,14.9410524068086));
#12834=CARTESIAN_POINT('Origin',(-18.0255664936888,-20.5,14.995920813812));
#12835=CARTESIAN_POINT('Ctrl Pts',(-18.0293688499197,-20.5,14.9410524068086));
#12836=CARTESIAN_POINT('Ctrl Pts',(-18.0297445637045,-20.5,14.9386489883283));
#12837=CARTESIAN_POINT('Ctrl Pts',(-18.0301264418098,-20.5000176298661,
14.9362458303668));
#12838=CARTESIAN_POINT('Ctrl Pts',(-18.0379481745395,-20.5007311878779,
14.8876647829119));
#12839=CARTESIAN_POINT('Ctrl Pts',(-18.0485315591094,-20.508171414972,14.8314542157161));
#12840=CARTESIAN_POINT('Ctrl Pts',(-18.0699283047377,-20.5499909340634,
14.7193200162016));
#12841=CARTESIAN_POINT('Ctrl Pts',(-18.0793788093781,-20.5782902163949,
14.6708345360015));
#12842=CARTESIAN_POINT('Ctrl Pts',(-18.0973977934724,-20.6556556301736,
14.5787325047917));
#12843=CARTESIAN_POINT('Ctrl Pts',(-18.1054585733084,-20.7064797978353,
14.5378552991636));
#12844=CARTESIAN_POINT('Ctrl Pts',(-18.11736817162,-20.8212363025663,14.4775195343271));
#12845=CARTESIAN_POINT('Ctrl Pts',(-18.1211068008454,-20.8840698612565,
14.4586377615831));
#12846=CARTESIAN_POINT('Ctrl Pts',(-18.1227408497604,-20.9658580936538,
14.4503810451784));
#12847=CARTESIAN_POINT('Ctrl Pts',(-18.1229104326931,-20.9829389579569,
14.449524293381));
#12848=CARTESIAN_POINT('Ctrl Pts',(-18.1229104326931,-21.0000000000002,
14.449524293381));
#12849=CARTESIAN_POINT('Ctrl Pts',(-18.1761933737073,-20.5,15.0033223903723));
#12850=CARTESIAN_POINT('Ctrl Pts',(-18.1020532215875,-20.5,14.9567073933089));
#12851=CARTESIAN_POINT('Ctrl Pts',(-18.0164832038024,-20.5,14.9380662516104));
#12852=CARTESIAN_POINT('Ctrl Pts',(-18.4423307725029,-20.5,14.5800365709045));
#12853=CARTESIAN_POINT('Ctrl Pts',(-18.2940504682633,-20.5,14.4868065767777));
#12854=CARTESIAN_POINT('Ctrl Pts',(-18.1229104326931,-20.5,14.4495242933808));
#12855=CARTESIAN_POINT('Ctrl Pts',(-18.4423307725028,-21.0000000000002,
14.5800365709047));
#12856=CARTESIAN_POINT('Ctrl Pts',(-18.2940504682633,-21.0000000000002,
14.4868065767779));
#12857=CARTESIAN_POINT('Ctrl Pts',(-18.1229104326931,-21.0000000000002,
14.449524293381));
#12858=CARTESIAN_POINT('',(-18.4335634714086,-21.,14.5745871413729));
#12859=CARTESIAN_POINT('Origin',(-17.9100559749118,-21.,15.4266082098399));
#12860=CARTESIAN_POINT('',(-18.1761933737073,-20.5,15.0033223903723));
#12861=CARTESIAN_POINT('Origin',(-17.9100559749118,-20.5,15.4266082098399));
#12862=CARTESIAN_POINT('Ctrl Pts',(-18.1761933737073,-20.5,15.0033223903723));
#12863=CARTESIAN_POINT('Ctrl Pts',(-18.1787234845425,-20.5,14.9991720267315));
#12864=CARTESIAN_POINT('Ctrl Pts',(-18.1812527205592,-20.5000708673841,
14.9950214323492));
#12865=CARTESIAN_POINT('Ctrl Pts',(-18.216246272827,-20.5020328435784,14.9375725467034));
#12866=CARTESIAN_POINT('Ctrl Pts',(-18.2481276489535,-20.5155244486361,
14.8849583926187));
#12867=CARTESIAN_POINT('Ctrl Pts',(-18.308732540488,-20.5655016765599,14.7844712121959));
#12868=CARTESIAN_POINT('Ctrl Pts',(-18.336681481718,-20.6024705644824,14.7378579014422));
#12869=CARTESIAN_POINT('Ctrl Pts',(-18.3835485169957,-20.6951546687044,
14.659311863127));
#12870=CARTESIAN_POINT('Ctrl Pts',(-18.4020192092889,-20.7499819675023,
14.6281278879693));
#12871=CARTESIAN_POINT('Ctrl Pts',(-18.4271403047372,-20.8704337538342,
14.5855602111732));
#12872=CARTESIAN_POINT('Ctrl Pts',(-18.4335634714086,-20.9349051473283,
14.5745871413729));
#12873=CARTESIAN_POINT('Ctrl Pts',(-18.4335634714086,-21.,14.5745871413729));
#12874=CARTESIAN_POINT('Origin',(-18.506822983279,-21.,14.4436938874577));
#12875=CARTESIAN_POINT('',(-18.6271414621923,-21.,14.5332676762131));
#12876=CARTESIAN_POINT('Origin',(-18.506822983279,-21.,14.4436938874577));
#12877=CARTESIAN_POINT('',(-19.0450991425488,-20.5,14.8080546652065));
#12878=CARTESIAN_POINT('Origin',(-18.506822983279,-20.5,14.4436938874577));
#12879=CARTESIAN_POINT('Ctrl Pts',(-19.0450991425488,-20.5,14.8080546652065));
#12880=CARTESIAN_POINT('Ctrl Pts',(-19.0412303146813,-20.5,14.8055490625095));
#12881=CARTESIAN_POINT('Ctrl Pts',(-19.0373619227195,-20.5000637112497,
14.8030431916897));
#12882=CARTESIAN_POINT('Ctrl Pts',(-18.9808517349803,-20.5019255904462,
14.7664286471244));
#12883=CARTESIAN_POINT('Ctrl Pts',(-18.928998208938,-20.5154483772102,14.7327237187116));
#12884=CARTESIAN_POINT('Ctrl Pts',(-18.8304804020946,-20.5655930721688,
14.6683905353981));
#12885=CARTESIAN_POINT('Ctrl Pts',(-18.7850336785598,-20.6025993182672,
14.6385398911117));
#12886=CARTESIAN_POINT('Ctrl Pts',(-18.7087450991574,-20.6953318665278,
14.588094379074));
#12887=CARTESIAN_POINT('Ctrl Pts',(-18.6786198652864,-20.7501592270512,
14.5679690937711));
#12888=CARTESIAN_POINT('Ctrl Pts',(-18.6376383001885,-20.8705545403287,
14.5404195622675));
#12889=CARTESIAN_POINT('Ctrl Pts',(-18.6271414621923,-20.9349638289935,
14.5332676762131));
#12890=CARTESIAN_POINT('Ctrl Pts',(-18.6271414621923,-21.,14.5332676762131));
#12891=CARTESIAN_POINT('Origin',(-11.5287390060505,-21.,10.1544090296013));
#12892=CARTESIAN_POINT('',(-18.8701430616684,-21.,14.1123765596));
#12893=CARTESIAN_POINT('Origin',(-11.5287390060505,-21.,10.1544090296013));
#12894=CARTESIAN_POINT('',(-19.3170944149443,-20.5,14.3369450339991));
#12895=CARTESIAN_POINT('Origin',(-11.5287390060505,-20.5,10.1544090296013));
#12896=CARTESIAN_POINT('Ctrl Pts',(-19.3170944149443,-20.5,14.3369450339991));
#12897=CARTESIAN_POINT('Ctrl Pts',(-19.3157748806187,-20.5,14.336270626741));
#12898=CARTESIAN_POINT('Ctrl Pts',(-19.3144553310747,-20.5000065852621,
14.3355962653313));
#12899=CARTESIAN_POINT('Ctrl Pts',(-19.2544538030668,-20.500605465566,14.3049346944094));
#12900=CARTESIAN_POINT('Ctrl Pts',(-19.1964046241632,-20.5142089162496,
14.2753802535517));
#12901=CARTESIAN_POINT('Ctrl Pts',(-19.0888549347131,-20.5655801655659,
14.2209232240372));
#12902=CARTESIAN_POINT('Ctrl Pts',(-19.0402879843459,-20.6025749389461,
14.1964943964571));
#12903=CARTESIAN_POINT('Ctrl Pts',(-18.9584532987705,-20.6952910966961,
14.1556474586557));
#12904=CARTESIAN_POINT('Ctrl Pts',(-18.9259547966343,-20.7501186359423,
14.1396174030852));
#12905=CARTESIAN_POINT('Ctrl Pts',(-18.8815901518381,-20.8705267944507,
14.1178935274688));
#12906=CARTESIAN_POINT('Ctrl Pts',(-18.8701430616684,-20.934949752736,14.1123765596));
#12907=CARTESIAN_POINT('Ctrl Pts',(-18.8701430616684,-21.,14.1123765596));
#12908=CARTESIAN_POINT('Origin',(-18.7324106456364,-21.,14.0529645946941));
#12909=CARTESIAN_POINT('',(-18.8091377727757,-21.,13.9240733693878));
#12910=CARTESIAN_POINT('Origin',(-18.7324106456364,-21.,14.0529645946941));
#12911=CARTESIAN_POINT('',(-19.0517483410575,-20.5,13.486816702105));
#12912=CARTESIAN_POINT('Origin',(-18.7324106456364,-20.5,14.0529645946941));
#12913=CARTESIAN_POINT('Ctrl Pts',(-19.0517483410575,-20.5,13.486816702105));
#12914=CARTESIAN_POINT('Ctrl Pts',(-19.0494190761274,-20.5,13.4910830241827));
#12915=CARTESIAN_POINT('Ctrl Pts',(-19.0470891739583,-20.5000708673841,
13.4953487040164));
#12916=CARTESIAN_POINT('Ctrl Pts',(-19.0148337557053,-20.5020328435784,
13.5543784520703));
#12917=CARTESIAN_POINT('Ctrl Pts',(-18.9852092497315,-20.515524448636,13.6082956107469));
#12918=CARTESIAN_POINT('Ctrl Pts',(-18.9284872444978,-20.5655016765599,
13.7110245766211));
#12919=CARTESIAN_POINT('Ctrl Pts',(-18.9020934038456,-20.6024705644824,
13.7585357251119));
#12920=CARTESIAN_POINT('Ctrl Pts',(-18.8575040569369,-20.6951546687044,
13.8383967874201));
#12921=CARTESIAN_POINT('Ctrl Pts',(-18.8397332884059,-20.7499819675023,
13.8699848637504));
#12922=CARTESIAN_POINT('Ctrl Pts',(-18.8154291466446,-20.8704337538343,
13.9130242089775));
#12923=CARTESIAN_POINT('Ctrl Pts',(-18.8091377727757,-20.9349051473283,
13.9240733693878));
#12924=CARTESIAN_POINT('Ctrl Pts',(-18.8091377727757,-21.,13.9240733693878));
#12925=CARTESIAN_POINT('Ctrl Pts',(-18.9153797821833,-20.5,13.3811317071049));
#12926=CARTESIAN_POINT('Ctrl Pts',(-18.9743084933427,-20.5,13.4459169454604));
#12927=CARTESIAN_POINT('Ctrl Pts',(-19.0517483410575,-20.5,13.486816702105));
#12928=CARTESIAN_POINT('Ctrl Pts',(-18.5455036499873,-20.5,13.7175713700933));
#12929=CARTESIAN_POINT('Ctrl Pts',(-18.6633610723061,-20.5,13.8471418468042));
#12930=CARTESIAN_POINT('Ctrl Pts',(-18.8182407677358,-20.5,13.9289413600934));
#12931=CARTESIAN_POINT('Ctrl Pts',(-18.5455036499873,-21.,13.7175713700933));
#12932=CARTESIAN_POINT('Ctrl Pts',(-18.6633610723061,-21.,13.8471418468042));
#12933=CARTESIAN_POINT('Ctrl Pts',(-18.8182407677358,-21.,13.9289413600934));
#12934=CARTESIAN_POINT('',(-18.5455036499873,-21.,13.7175713700933));
#12935=CARTESIAN_POINT('Origin',(-19.2852559143793,-21.,13.0446920441165));
#12936=CARTESIAN_POINT('',(-18.9244086915032,-20.5,13.3907979263876));
#12937=CARTESIAN_POINT('Origin',(-19.2852559143793,-20.5,13.0446920441165));
#12938=CARTESIAN_POINT('Ctrl Pts',(-18.9244086915032,-20.5,13.3907979263876));
#12939=CARTESIAN_POINT('Ctrl Pts',(-18.9224241673147,-20.5,13.3923983687424));
#12940=CARTESIAN_POINT('Ctrl Pts',(-18.9204432592258,-20.5000193649464,
13.3940045416842));
#12941=CARTESIAN_POINT('Ctrl Pts',(-18.8745142483448,-20.5009195998113,
13.4314067877243));
#12942=CARTESIAN_POINT('Ctrl Pts',(-18.8233609493019,-20.5117151946523,
13.4756594486256));
#12943=CARTESIAN_POINT('Ctrl Pts',(-18.7256798823998,-20.5684983823911,
13.560218450206));
#12944=CARTESIAN_POINT('Ctrl Pts',(-18.685037498839,-20.606083390833,13.5956519363321));
#12945=CARTESIAN_POINT('Ctrl Pts',(-18.6169318730655,-20.6998035863444,
13.6550844762826));
#12946=CARTESIAN_POINT('Ctrl Pts',(-18.5901285870821,-20.7550385720604,
13.678527137665));
#12947=CARTESIAN_POINT('Ctrl Pts',(-18.5545046307083,-20.8742638619497,
13.7096904432589));
#12948=CARTESIAN_POINT('Ctrl Pts',(-18.5455036499874,-20.9368571785314,
13.7175713700934));
#12949=CARTESIAN_POINT('Ctrl Pts',(-18.5455036499874,-21.,13.7175713700934));
#12950=CARTESIAN_POINT('Ctrl Pts',(-18.966924365945,-20.5,13.3051582517741));
#12951=CARTESIAN_POINT('Ctrl Pts',(-18.9329865535112,-20.5,13.3070745166947));
#12952=CARTESIAN_POINT('Ctrl Pts',(-18.9195230618395,-20.5,13.3382863986636));
#12953=CARTESIAN_POINT('Ctrl Pts',(-18.9060595701677,-20.5,13.3694982806324));
#12954=CARTESIAN_POINT('Ctrl Pts',(-18.9279552695644,-20.5,13.395498771627));
#12955=CARTESIAN_POINT('Ctrl Pts',(-18.9387372589182,-20.5,12.8059533970325));
#12956=CARTESIAN_POINT('Ctrl Pts',(-18.5962738789051,-20.5,12.8252902521401));
#12957=CARTESIAN_POINT('Ctrl Pts',(-18.4604150083992,-20.5,13.1402465156439));
#12958=CARTESIAN_POINT('Ctrl Pts',(-18.3245561378932,-20.5,13.4552027791477));
#12959=CARTESIAN_POINT('Ctrl Pts',(-18.5455036499873,-20.5,13.7175713700935));
#12960=CARTESIAN_POINT('Ctrl Pts',(-18.9387372589182,-21.0000000000002,
12.8059533970327));
#12961=CARTESIAN_POINT('Ctrl Pts',(-18.5962738789052,-21.0000000000002,
12.8252902521403));
#12962=CARTESIAN_POINT('Ctrl Pts',(-18.4604150083993,-21.0000000000002,
13.140246515644));
#12963=CARTESIAN_POINT('Ctrl Pts',(-18.3245561378934,-21.0000000000002,
13.4552027791477));
#12964=CARTESIAN_POINT('Ctrl Pts',(-18.5455036499874,-21.0000000000002,
13.7175713700934));
#12965=CARTESIAN_POINT('',(-18.9387372589182,-21.,12.8059533970327));
#12966=CARTESIAN_POINT('Origin',(-18.9700249477179,-21.,13.3600707857957));
#12967=CARTESIAN_POINT('',(-18.9610712854871,-20.5,13.3058044801111));
#12968=CARTESIAN_POINT('Origin',(-18.9700249477179,-20.5,13.3600707857957));
#12969=CARTESIAN_POINT('Ctrl Pts',(-18.9610712854871,-20.5,13.3058044801111));
#12970=CARTESIAN_POINT('Ctrl Pts',(-18.9608826054127,-20.5,13.3033792005263));
#12971=CARTESIAN_POINT('Ctrl Pts',(-18.9606999835784,-20.5000176298661,
13.3009527528451));
#12972=CARTESIAN_POINT('Ctrl Pts',(-18.9571073199374,-20.5007311878763,
13.251877398218));
#12973=CARTESIAN_POINT('Ctrl Pts',(-18.9544423791038,-20.5081714149398,
13.1947412976655));
#12974=CARTESIAN_POINT('Ctrl Pts',(-18.9494024466196,-20.549990934064,13.0806952607985));
#12975=CARTESIAN_POINT('Ctrl Pts',(-18.9474166904496,-20.5782902163958,
13.0313372766354));
#12976=CARTESIAN_POINT('Ctrl Pts',(-18.943709780371,-20.6556556301752,12.93756240389));
#12977=CARTESIAN_POINT('Ctrl Pts',(-18.9421263484739,-20.7064797978371,
12.8959281048694));
#12978=CARTESIAN_POINT('Ctrl Pts',(-18.9398005370769,-20.8212363025684,
12.8344721559983));
#12979=CARTESIAN_POINT('Ctrl Pts',(-18.9390839546053,-20.8840698612587,
12.8152371566484));
#12980=CARTESIAN_POINT('Ctrl Pts',(-18.9387698276771,-20.9658580936552,
12.8068261634901));
#12981=CARTESIAN_POINT('Ctrl Pts',(-18.9387372589182,-20.9829389579577,
12.8059533970327));
#12982=CARTESIAN_POINT('Ctrl Pts',(-18.9387372589182,-21.0000000000002,
12.8059533970327));
#12983=CARTESIAN_POINT('Ctrl Pts',(-19.1182985817147,-20.5,13.3325359028092));
#12984=CARTESIAN_POINT('Ctrl Pts',(-19.0354067288531,-20.5,13.3042753147626));
#12985=CARTESIAN_POINT('Ctrl Pts',(-18.9478443188474,-20.5,13.3058704516122));
#12986=CARTESIAN_POINT('Ctrl Pts',(-19.2796457846527,-20.5,12.8592842994266));
#12987=CARTESIAN_POINT('Ctrl Pts',(-19.1138620789295,-20.5,12.8027631233334));
#12988=CARTESIAN_POINT('Ctrl Pts',(-18.9387372589182,-20.5,12.8059533970325));
#12989=CARTESIAN_POINT('Ctrl Pts',(-19.2796457846526,-21.0000000000002,
12.8592842994267));
#12990=CARTESIAN_POINT('Ctrl Pts',(-19.1138620789295,-21.0000000000002,
12.8027631233336));
#12991=CARTESIAN_POINT('Ctrl Pts',(-18.9387372589182,-21.0000000000002,
12.8059533970327));
#12992=CARTESIAN_POINT('',(-19.2698580823575,-21.,12.8560036387491));
#12993=CARTESIAN_POINT('Origin',(-18.9569513787767,-21.,13.8057875061917));
#12994=CARTESIAN_POINT('',(-19.1182985817146,-20.5,13.3325359028092));
#12995=CARTESIAN_POINT('Origin',(-18.9569513787767,-20.5,13.8057875061917));
#12996=CARTESIAN_POINT('Ctrl Pts',(-19.1182985817147,-20.5,13.3325359028092));
#12997=CARTESIAN_POINT('Ctrl Pts',(-19.1198033533599,-20.5,13.3279139290442));
#12998=CARTESIAN_POINT('Ctrl Pts',(-19.1213072205547,-20.5000708673841,
13.3232919325042));
#12999=CARTESIAN_POINT('Ctrl Pts',(-19.1421088923061,-20.5020328435784,
13.259321520481));
#13000=CARTESIAN_POINT('Ctrl Pts',(-19.1609972428553,-20.515524448636,13.2007732364119));
#13001=CARTESIAN_POINT('Ctrl Pts',(-19.1967945830834,-20.5655016765599,
13.0890182511096));
#13002=CARTESIAN_POINT('Ctrl Pts',(-19.2132403877377,-20.6024705644824,
13.037215938762));
#13003=CARTESIAN_POINT('Ctrl Pts',(-19.2407301529945,-20.6951546687044,
12.9499788369254));
#13004=CARTESIAN_POINT('Ctrl Pts',(-19.2515114458023,-20.7499819675023,
12.9153757950674));
#13005=CARTESIAN_POINT('Ctrl Pts',(-19.2661386170218,-20.8704337538343,
12.8681622122077));
#13006=CARTESIAN_POINT('Ctrl Pts',(-19.2698580823574,-20.9349051473283,
12.8560036387491));
#13007=CARTESIAN_POINT('Ctrl Pts',(-19.2698580823574,-21.,12.8560036387491));
#13008=CARTESIAN_POINT('Origin',(-19.3109568128783,-21.,12.7117438233133));
#13009=CARTESIAN_POINT('',(-19.4486892289103,-21.,12.7711557882191));
#13010=CARTESIAN_POINT('Origin',(-19.3109568128783,-21.,12.7117438233133));
#13011=CARTESIAN_POINT('',(-19.9187510466362,-20.5,12.9421481839721));
#13012=CARTESIAN_POINT('Origin',(-19.3109568128783,-20.5,12.7117438233133));
#13013=CARTESIAN_POINT('Ctrl Pts',(-19.9187510466362,-20.5,12.9421481839721));
#13014=CARTESIAN_POINT('Ctrl Pts',(-19.9144086717768,-20.5,12.9406023332274));
#13015=CARTESIAN_POINT('Ctrl Pts',(-19.9100666592398,-20.5000637112497,
12.9390561210609));
#13016=CARTESIAN_POINT('Ctrl Pts',(-19.8466358158476,-20.5019255904462,
12.9164606724341));
#13017=CARTESIAN_POINT('Ctrl Pts',(-19.7884071168965,-20.5154483772103,
12.8956225107882));
#13018=CARTESIAN_POINT('Ctrl Pts',(-19.6777086171995,-20.5655930721688,
12.8557432065658));
#13019=CARTESIAN_POINT('Ctrl Pts',(-19.626602883655,-20.6025993182672,12.8371779259797));
#13020=CARTESIAN_POINT('Ctrl Pts',(-19.5407371371001,-20.6953318665278,
12.8056855364143));
#13021=CARTESIAN_POINT('Ctrl Pts',(-19.5067827226129,-20.7501592270512,
12.7930500878218));
#13022=CARTESIAN_POINT('Ctrl Pts',(-19.4605524617098,-20.8705545403287,
12.7756941568248));
#13023=CARTESIAN_POINT('Ctrl Pts',(-19.4486892289103,-20.9349638289935,
12.7711557882191));
#13024=CARTESIAN_POINT('Ctrl Pts',(-19.4486892289103,-21.,12.7711557882191));
#13025=CARTESIAN_POINT('Origin',(-11.5317908300039,-21.,10.1473341064428));
#13026=CARTESIAN_POINT('',(-19.5880765174777,-21.,12.3055698206711));
#13027=CARTESIAN_POINT('Origin',(-11.5317908300039,-21.,10.1473341064428));
#13028=CARTESIAN_POINT('',(-20.0747692934464,-20.5,12.4210109472638));
#13029=CARTESIAN_POINT('Origin',(-11.5317908300039,-20.5,10.1473341064428));
#13030=CARTESIAN_POINT('Ctrl Pts',(-20.0747692934464,-20.5,12.4210109472638));
#13031=CARTESIAN_POINT('Ctrl Pts',(-20.0733297983224,-20.5,12.420659024298));
#13032=CARTESIAN_POINT('Ctrl Pts',(-20.0718902989632,-20.5000065852621,
12.4203071494547));
#13033=CARTESIAN_POINT('Ctrl Pts',(-20.006435075032,-20.500605465566,12.4043093697721));
#13034=CARTESIAN_POINT('Ctrl Pts',(-19.9431348961456,-20.5142089162495,
12.3889386346319));
#13035=CARTESIAN_POINT('Ctrl Pts',(-19.8259255672141,-20.5655801655659,
12.3607521666764));
#13036=CARTESIAN_POINT('Ctrl Pts',(-19.7730340699361,-20.6025749389461,
12.3481821308536));
#13037=CARTESIAN_POINT('Ctrl Pts',(-19.6839852967732,-20.6952910966961,
12.3273086048179));
#13038=CARTESIAN_POINT('Ctrl Pts',(-19.6486660107446,-20.7501186359423,
12.3192053118379));
#13039=CARTESIAN_POINT('Ctrl Pts',(-19.6004873501993,-20.8705267944507,
12.3082981972901));
#13040=CARTESIAN_POINT('Ctrl Pts',(-19.5880765174777,-20.934949752736,12.3055698206712));
#13041=CARTESIAN_POINT('Ctrl Pts',(-19.5880765174777,-21.,12.3055698206712));
#13042=CARTESIAN_POINT('Origin',(-19.4403553545259,-21.,12.2795225940211));
#13043=CARTESIAN_POINT('',(-19.4852899298681,-21.,12.1364111551393));
#13044=CARTESIAN_POINT('Origin',(-19.4403553545259,-21.,12.2795225940211));
#13045=CARTESIAN_POINT('',(-19.6205225718189,-20.5,11.654990950457));
#13046=CARTESIAN_POINT('Origin',(-19.4403553545259,-20.5,12.2795225940211));
#13047=CARTESIAN_POINT('Ctrl Pts',(-19.6205225718189,-20.5,11.654990950457));
#13048=CARTESIAN_POINT('Ctrl Pts',(-19.6192399741072,-20.5,11.6596794387313));
#13049=CARTESIAN_POINT('Ctrl Pts',(-19.617956608223,-20.5000708673841,11.6643674490302));
#13050=CARTESIAN_POINT('Ctrl Pts',(-19.60018383569,-20.5020328435784,11.7292446539542));
#13051=CARTESIAN_POINT('Ctrl Pts',(-19.5837920146053,-20.5155244486361,
11.7885403498797));
#13052=CARTESIAN_POINT('Ctrl Pts',(-19.5522898882793,-20.5655016765599,
11.9015812378105));
#13053=CARTESIAN_POINT('Ctrl Pts',(-19.537564321897,-20.6024705644824,11.9538985556891));
#13054=CARTESIAN_POINT('Ctrl Pts',(-19.5125941150275,-20.6951546687044,
12.0418899637903));
#13055=CARTESIAN_POINT('Ctrl Pts',(-19.5025870715902,-20.7499819675023,
12.0767248006936));
#13056=CARTESIAN_POINT('Ctrl Pts',(-19.4888636071912,-20.8704337538342,
12.1242089356148));
#13057=CARTESIAN_POINT('Ctrl Pts',(-19.4852899298682,-20.9349051473283,
12.1364111551393));
#13058=CARTESIAN_POINT('Ctrl Pts',(-19.4852899298682,-21.,12.1364111551393));
#13059=CARTESIAN_POINT('Ctrl Pts',(-19.4634572079526,-20.5,11.5836034621218));
#13060=CARTESIAN_POINT('Ctrl Pts',(-19.5357379922303,-20.5,11.6330525099569));
#13061=CARTESIAN_POINT('Ctrl Pts',(-19.6205225718189,-20.5,11.654990950457));
#13062=CARTESIAN_POINT('Ctrl Pts',(-19.1811394606017,-20.5,11.9962736567455));
#13063=CARTESIAN_POINT('Ctrl Pts',(-19.3257010291571,-20.5,12.0951717524156));
#13064=CARTESIAN_POINT('Ctrl Pts',(-19.4952701883343,-20.5,12.1390486334158));
#13065=CARTESIAN_POINT('Ctrl Pts',(-19.1811394606017,-21.,11.9962736567455));
#13066=CARTESIAN_POINT('Ctrl Pts',(-19.3257010291571,-21.,12.0951717524156));
#13067=CARTESIAN_POINT('Ctrl Pts',(-19.4952701883343,-21.,12.1390486334158));
#13068=CARTESIAN_POINT('',(-19.1811394606017,-21.,11.9962736567455));
#13069=CARTESIAN_POINT('Origin',(-19.7457749553034,-21.,11.1709332674982));
#13070=CARTESIAN_POINT('',(-19.4744719254298,-20.5,11.5909269174281));
#13071=CARTESIAN_POINT('Origin',(-19.7457749553034,-20.5,11.1709332674982));
#13072=CARTESIAN_POINT('Ctrl Pts',(-19.4744719254298,-20.5,11.5909269174281));
#13073=CARTESIAN_POINT('Ctrl Pts',(-19.4729099817552,-20.5,11.5929418824254));
#13074=CARTESIAN_POINT('Ctrl Pts',(-19.4713528782712,-20.5000193649464,
11.5949615896123));
#13075=CARTESIAN_POINT('Ctrl Pts',(-19.4352874413823,-20.5009195998108,
11.6419476120782));
#13076=CARTESIAN_POINT('Ctrl Pts',(-19.3957183520452,-20.5117151946409,
11.6968041993992));
#13077=CARTESIAN_POINT('Ctrl Pts',(-19.3201709386933,-20.5684983824161,
11.801610706487));
#13078=CARTESIAN_POINT('Ctrl Pts',(-19.2887956000998,-20.6060833908631,
11.8454618570798));
#13079=CARTESIAN_POINT('Ctrl Pts',(-19.2362318572397,-20.6998035863832,
11.9189986234072));
#13080=CARTESIAN_POINT('Ctrl Pts',(-19.2155573070691,-20.7550385721025,
11.9479906479495));
#13081=CARTESIAN_POINT('Ctrl Pts',(-19.1880803519146,-20.8742638619816,
11.9865293923123));
#13082=CARTESIAN_POINT('Ctrl Pts',(-19.1811394606017,-20.9368571785477,
11.9962736567455));
#13083=CARTESIAN_POINT('Ctrl Pts',(-19.1811394606017,-21.,11.9962736567455));
#13084=CARTESIAN_POINT('Ctrl Pts',(-19.4960917162336,-20.5,11.4977908820457));
#13085=CARTESIAN_POINT('Ctrl Pts',(-19.4635106230295,-20.5,11.5074820919629));
#13086=CARTESIAN_POINT('Ctrl Pts',(-19.4576079968559,-20.5,11.5409575484689));
#13087=CARTESIAN_POINT('Ctrl Pts',(-19.4517053706824,-20.5,11.5744330049749));
#13088=CARTESIAN_POINT('Ctrl Pts',(-19.4790069945386,-20.5,11.5946831535879));
#13089=CARTESIAN_POINT('Ctrl Pts',(-19.3535398340696,-20.5,11.0185425530015));
#13090=CARTESIAN_POINT('Ctrl Pts',(-19.0247669844646,-20.5,11.1163356712563));
#13091=CARTESIAN_POINT('Ctrl Pts',(-18.9652041203497,-20.5,11.4541334596354));
#13092=CARTESIAN_POINT('Ctrl Pts',(-18.9056412562348,-20.5,11.7919312480145));
#13093=CARTESIAN_POINT('Ctrl Pts',(-19.1811394606016,-20.5,11.9962736567457));
#13094=CARTESIAN_POINT('Ctrl Pts',(-19.3535398340696,-21.0000000000002,
11.0185425530017));
#13095=CARTESIAN_POINT('Ctrl Pts',(-19.0247669844647,-21.0000000000002,
11.1163356712564));
#13096=CARTESIAN_POINT('Ctrl Pts',(-18.9652041203498,-21.0000000000002,
11.4541334596355));
#13097=CARTESIAN_POINT('Ctrl Pts',(-18.905641256235,-21.0000000000002,11.7919312480145));
#13098=CARTESIAN_POINT('Ctrl Pts',(-19.1811394606017,-21.0000000000002,
11.9962736567455));
#13099=CARTESIAN_POINT('',(-19.3535398340696,-21.,11.0185425530017));
#13100=CARTESIAN_POINT('Origin',(-19.5117724232716,-21.,11.5505081982406));
#13101=CARTESIAN_POINT('',(-19.4905454368276,-20.5,11.4997695044605));
#13102=CARTESIAN_POINT('Origin',(-19.5117724232716,-20.5,11.5505081982406));
#13103=CARTESIAN_POINT('Ctrl Pts',(-19.4905454368276,-20.5,11.4997695044605));
#13104=CARTESIAN_POINT('Ctrl Pts',(-19.4898025346856,-20.5,11.4974531112201));
#13105=CARTESIAN_POINT('Ctrl Pts',(-19.4890652581019,-20.5000176298661,
11.4951341842443));
#13106=CARTESIAN_POINT('Ctrl Pts',(-19.4742518795192,-20.500731187877,11.4482101873557));
#13107=CARTESIAN_POINT('Ctrl Pts',(-19.4584822809352,-20.5081714149553,
11.3932287754491));
#13108=CARTESIAN_POINT('Ctrl Pts',(-19.4272773743982,-20.5499909340636,
11.2834191527251));
#13109=CARTESIAN_POINT('Ctrl Pts',(-19.4139624100469,-20.5782902163952,
11.2358495663013));
#13110=CARTESIAN_POINT('Ctrl Pts',(-19.3887294462773,-20.6556556301742,
11.1454572796826));
#13111=CARTESIAN_POINT('Ctrl Pts',(-19.3775871658705,-20.706479797836,11.105310403106));
#13112=CARTESIAN_POINT('Ctrl Pts',(-19.3611513298595,-20.821236302567,11.0460473763106));
#13113=CARTESIAN_POINT('Ctrl Pts',(-19.3560181668372,-20.8840698612573,
11.0274961141481));
#13114=CARTESIAN_POINT('Ctrl Pts',(-19.3537727987299,-20.9658580936543,
11.0193842830537));
#13115=CARTESIAN_POINT('Ctrl Pts',(-19.3535398340696,-20.9829389579572,
11.0185425530017));
#13116=CARTESIAN_POINT('Ctrl Pts',(-19.3535398340696,-21.0000000000002,
11.0185425530017));
#13117=CARTESIAN_POINT('Ctrl Pts',(-19.6496993412594,-20.5,11.4895212683763));
#13118=CARTESIAN_POINT('Ctrl Pts',(-19.5625245088992,-20.5,11.481138624963));
#13119=CARTESIAN_POINT('Ctrl Pts',(-19.4776902188607,-20.5,11.5028840461202));
#13120=CARTESIAN_POINT('Ctrl Pts',(-19.6975580788671,-20.5,10.9918169975138));
#13121=CARTESIAN_POINT('Ctrl Pts',(-19.5232084141465,-20.5,10.9750517106872));
#13122=CARTESIAN_POINT('Ctrl Pts',(-19.3535398340696,-20.5,11.0185425530015));
#13123=CARTESIAN_POINT('Ctrl Pts',(-19.6975580788671,-21.0000000000002,
10.991816997514));
#13124=CARTESIAN_POINT('Ctrl Pts',(-19.5232084141466,-21.0000000000002,
10.9750517106874));
#13125=CARTESIAN_POINT('Ctrl Pts',(-19.3535398340696,-21.0000000000002,
11.0185425530017));
#13126=CARTESIAN_POINT('',(-19.6872776329337,-21.,10.9908819669567));
#13127=CARTESIAN_POINT('Origin',(-19.6018406036517,-21.,11.9872255392386));
#13128=CARTESIAN_POINT('',(-19.6496993412594,-20.5,11.4895212683763));
#13129=CARTESIAN_POINT('Origin',(-19.6018406036517,-20.5,11.9872255392386));
#13130=CARTESIAN_POINT('Ctrl Pts',(-19.6496993412594,-20.5,11.4895212683763));
#13131=CARTESIAN_POINT('Ctrl Pts',(-19.6500976510858,-20.5,11.4846768562893));
#13132=CARTESIAN_POINT('Ctrl Pts',(-19.6504950755885,-20.5000708673841,
11.4798326306212));
#13133=CARTESIAN_POINT('Ctrl Pts',(-19.655983443315,-20.5020328435784,11.4127893536891));
#13134=CARTESIAN_POINT('Ctrl Pts',(-19.6608604924196,-20.515524448636,11.3514632927859));
#13135=CARTESIAN_POINT('Ctrl Pts',(-19.6699204374637,-20.5655016765599,
11.234465242789));
#13136=CARTESIAN_POINT('Ctrl Pts',(-19.6739765079566,-20.6024705644824,
11.1802666049145));
#13137=CARTESIAN_POINT('Ctrl Pts',(-19.6806070228321,-20.6951546687044,
11.0890414142968));
#13138=CARTESIAN_POINT('Ctrl Pts',(-19.6831176938685,-20.7499819675023,
11.0528847646819));
#13139=CARTESIAN_POINT('Ctrl Pts',(-19.6864623862726,-20.8704337538342,
11.0035705722313));
#13140=CARTESIAN_POINT('Ctrl Pts',(-19.6872776329337,-20.9349051473283,
10.9908819669567));
#13141=CARTESIAN_POINT('Ctrl Pts',(-19.6872776329337,-21.,10.9908819669567));
#13142=CARTESIAN_POINT('Origin',(-19.6939999389044,-21.,10.8410326739906));
#13143=CARTESIAN_POINT('',(-19.8417211018563,-21.,10.8670799006407));
#13144=CARTESIAN_POINT('Origin',(-19.6939999389044,-21.,10.8410326739906));
#13145=CARTESIAN_POINT('',(-20.3385459026868,-20.5,10.9250594588388));
#13146=CARTESIAN_POINT('Origin',(-19.6939999389044,-20.5,10.8410326739906));
#13147=CARTESIAN_POINT('Ctrl Pts',(-20.3385459026868,-20.5,10.9250594588388));
#13148=CARTESIAN_POINT('Ctrl Pts',(-20.3339640793882,-20.5,10.9245566972603));
#13149=CARTESIAN_POINT('Ctrl Pts',(-20.3293825252959,-20.5000637112497,
10.9240535004446));
#13150=CARTESIAN_POINT('Ctrl Pts',(-20.262450599437,-20.5019255904462,10.9166952742408));
#13151=CARTESIAN_POINT('Ctrl Pts',(-20.2009858518093,-20.5154483772102,
10.9098472700497));
#13152=CARTESIAN_POINT('Ctrl Pts',(-20.0840744440303,-20.5655930721688,
10.8965717485312));
#13153=CARTESIAN_POINT('Ctrl Pts',(-20.0300648237996,-20.6025993182672,
10.8902926907274));
#13154=CARTESIAN_POINT('Ctrl Pts',(-19.9392509547144,-20.6953318665278,
10.8794511865072));
#13155=CARTESIAN_POINT('Ctrl Pts',(-19.9032978508847,-20.7501592270512,
10.8749867549293));
#13156=CARTESIAN_POINT('Ctrl Pts',(-19.854311179508,-20.8705545403287,10.8687600871713));
#13157=CARTESIAN_POINT('Ctrl Pts',(-19.8417211018563,-20.9349638289935,
10.8670799006407));
#13158=CARTESIAN_POINT('Ctrl Pts',(-19.8417211018563,-21.,10.8670799006407));
#13159=CARTESIAN_POINT('Origin',(-11.533128802083,-21.,10.1397460897153));
#13160=CARTESIAN_POINT('',(-19.8699796747093,-21.,10.3818989421807));
#13161=CARTESIAN_POINT('Origin',(-11.533128802083,-21.,10.1397460897153));
#13162=CARTESIAN_POINT('',(-20.3701761398425,-20.5,10.3819892599516));
#13163=CARTESIAN_POINT('Origin',(-11.533128802083,-20.5,10.1397460897153));
#13164=CARTESIAN_POINT('Ctrl Pts',(-20.3701761398425,-20.5,10.3819892599516));
#13165=CARTESIAN_POINT('Ctrl Pts',(-20.3686942874747,-20.5,10.3819787935364));
#13166=CARTESIAN_POINT('Ctrl Pts',(-20.3672124420836,-20.5000065852621,
10.3819683749231));
#13167=CARTESIAN_POINT('Ctrl Pts',(-20.2998322302939,-20.500605465566,10.3814968309237));
#13168=CARTESIAN_POINT('Ctrl Pts',(-20.2346935804534,-20.5142089162493,
10.3811384418106));
#13169=CARTESIAN_POINT('Ctrl Pts',(-20.1141433973012,-20.5655801655659,
10.3807420751975));
#13170=CARTESIAN_POINT('Ctrl Pts',(-20.059778747421,-20.6025749389461,10.3807084850167));
#13171=CARTESIAN_POINT('Ctrl Pts',(-19.9683165290812,-20.6952910966961,
10.3809336679383));
#13172=CARTESIAN_POINT('Ctrl Pts',(-19.932080531012,-20.7501186359423,10.3811939881708));
#13173=CARTESIAN_POINT('Ctrl Pts',(-19.8826851787784,-20.8705267944507,
10.3816916400601));
#13174=CARTESIAN_POINT('Ctrl Pts',(-19.8699796747093,-20.934949752736,10.3818989421807));
#13175=CARTESIAN_POINT('Ctrl Pts',(-19.8699796747093,-21.,10.3818989421807));
#13176=CARTESIAN_POINT('Origin',(-19.7202334509686,-21.,10.3906206665173));
#13177=CARTESIAN_POINT('',(-19.7309530399261,-21.,10.2410041887731));
#13178=CARTESIAN_POINT('Origin',(-19.7202334509686,-21.,10.3906206665173));
#13179=CARTESIAN_POINT('',(-19.7515173288162,-20.5,9.74137393453723));
#13180=CARTESIAN_POINT('Origin',(-19.7202334509686,-20.5,10.3906206665173));
#13181=CARTESIAN_POINT('Ctrl Pts',(-19.7515173288162,-20.5,9.74137393453724));
#13182=CARTESIAN_POINT('Ctrl Pts',(-19.7513505434977,-20.5,9.74623183139112));
#13183=CARTESIAN_POINT('Ctrl Pts',(-19.751182900483,-20.5000708673841,9.75108944030714));
#13184=CARTESIAN_POINT('Ctrl Pts',(-19.7488509084389,-20.5020328435783,
9.81831655518616));
#13185=CARTESIAN_POINT('Ctrl Pts',(-19.74657545956,-20.5155244486358,9.87979414204862));
#13186=CARTESIAN_POINT('Ctrl Pts',(-19.7419914999258,-20.5655016765599,
9.99705288850897));
#13187=CARTESIAN_POINT('Ctrl Pts',(-19.7397280669086,-20.6024705644824,
10.0513559356266));
#13188=CARTESIAN_POINT('Ctrl Pts',(-19.7357231503941,-20.6951546687044,
10.1427340499345));
#13189=CARTESIAN_POINT('Ctrl Pts',(-19.7340193143524,-20.7499819675023,
10.1789376923365));
#13190=CARTESIAN_POINT('Ctrl Pts',(-19.7316163628336,-20.8704337538343,
10.2283067349475));
#13191=CARTESIAN_POINT('Ctrl Pts',(-19.7309530399259,-20.9349051473283,
10.2410041887731));
#13192=CARTESIAN_POINT('Ctrl Pts',(-19.7309530399259,-21.,10.2410041887731));
#13193=CARTESIAN_POINT('Ctrl Pts',(-19.582222594377,-20.5,9.70813247084065));
#13194=CARTESIAN_POINT('Ctrl Pts',(-19.6639587759842,-20.5,9.73957951718758));
#13195=CARTESIAN_POINT('Ctrl Pts',(-19.7515173288162,-20.5,9.74137393453723));
#13196=CARTESIAN_POINT('Ctrl Pts',(-19.4026830547062,-20.5,10.1747860400918));
#13197=CARTESIAN_POINT('Ctrl Pts',(-19.5661554179206,-20.5,10.2376801327856));
#13198=CARTESIAN_POINT('Ctrl Pts',(-19.7412725235847,-20.5,10.2412689674849));
#13199=CARTESIAN_POINT('Ctrl Pts',(-19.4026830547062,-21.,10.1747860400918));
#13200=CARTESIAN_POINT('Ctrl Pts',(-19.5661554179206,-21.,10.2376801327856));
#13201=CARTESIAN_POINT('Ctrl Pts',(-19.7412725235847,-21.,10.2412689674849));
#13202=CARTESIAN_POINT('',(-19.4026830547062,-21.,10.1747860400918));
#13203=CARTESIAN_POINT('Origin',(-19.7617621340478,-21.,9.24147890158954));
#13204=CARTESIAN_POINT('',(-19.5946293137415,-20.5,9.71271835279927));
#13205=CARTESIAN_POINT('Origin',(-19.7617621340478,-20.5,9.24147890158954));
#13206=CARTESIAN_POINT('Ctrl Pts',(-19.5946293137415,-20.5,9.71271835279927));
#13207=CARTESIAN_POINT('Ctrl Pts',(-19.5935741553682,-20.5,9.71503921315478));
#13208=CARTESIAN_POINT('Ctrl Pts',(-19.5925248003415,-20.5000193649464,
9.71736357164909));
#13209=CARTESIAN_POINT('Ctrl Pts',(-19.5682672344647,-20.5009195998104,
9.77140034190902));
#13210=CARTESIAN_POINT('Ctrl Pts',(-19.5424155347011,-20.5117151946328,
9.83390352281352));
#13211=CARTESIAN_POINT('Ctrl Pts',(-19.493074555539,-20.5684983824132,9.95330738946567));
#13212=CARTESIAN_POINT('Ctrl Pts',(-19.4726577145348,-20.6060833908596,
10.003212177649));
#13213=CARTESIAN_POINT('Ctrl Pts',(-19.4384695795641,-20.6998035863787,
10.0868887842529));
#13214=CARTESIAN_POINT('Ctrl Pts',(-19.4250383355532,-20.7550385720976,
10.119867204412));
#13215=CARTESIAN_POINT('Ctrl Pts',(-19.4071896713687,-20.8742638619779,
10.1637037538729));
#13216=CARTESIAN_POINT('Ctrl Pts',(-19.4026830547062,-20.9368571785458,
10.1747860400918));
#13217=CARTESIAN_POINT('Ctrl Pts',(-19.4026830547062,-21.,10.1747860400918));
#13218=CARTESIAN_POINT('Ctrl Pts',(-19.5941876923889,-20.5,9.61710694442289));
#13219=CARTESIAN_POINT('Ctrl Pts',(-19.5647197735823,-20.5,9.63405064370147));
#13220=CARTESIAN_POINT('Ctrl Pts',(-19.5666962250118,-20.5,9.66798500421966));
#13221=CARTESIAN_POINT('Ctrl Pts',(-19.5686726764414,-20.5,9.70191936473785));
#13222=CARTESIAN_POINT('Ctrl Pts',(-19.5999083871482,-20.5,9.71532748021593));
#13223=CARTESIAN_POINT('Ctrl Pts',(-19.3449560439534,-20.5,9.18365154254383));
#13224=CARTESIAN_POINT('Ctrl Pts',(-19.0475979541783,-20.5,9.3546288716277));
#13225=CARTESIAN_POINT('Ctrl Pts',(-19.0675421458762,-20.5,9.69705741867489));
#13226=CARTESIAN_POINT('Ctrl Pts',(-19.0874863375741,-20.5,10.0394859657221));
#13227=CARTESIAN_POINT('Ctrl Pts',(-19.4026830547062,-20.5,10.1747860400918));
#13228=CARTESIAN_POINT('Ctrl Pts',(-19.3449560439534,-21.,9.18365154254383));
#13229=CARTESIAN_POINT('Ctrl Pts',(-19.0475979541783,-21.,9.3546288716277));
#13230=CARTESIAN_POINT('Ctrl Pts',(-19.0675421458762,-21.,9.69705741867489));
#13231=CARTESIAN_POINT('Ctrl Pts',(-19.0874863375741,-21.,10.0394859657221));
#13232=CARTESIAN_POINT('Ctrl Pts',(-19.4026830547062,-21.,10.1747860400918));
#13233=CARTESIAN_POINT('',(-19.3449560439534,-21.,9.18365154254385));
#13234=CARTESIAN_POINT('Origin',(-19.6216031737168,-21.,9.66478703862959));
#13235=CARTESIAN_POINT('',(-19.5892472153931,-20.5,9.62031129286902));
#13236=CARTESIAN_POINT('Origin',(-19.6216031737168,-20.5,9.66478703862959));
#13237=CARTESIAN_POINT('Ctrl Pts',(-19.5892472153931,-20.5,9.62031129286902));
#13238=CARTESIAN_POINT('Ctrl Pts',(-19.5879901412301,-20.5,9.61822866333204));
#13239=CARTESIAN_POINT('Ctrl Pts',(-19.5867379566689,-20.5000176298661,
9.61614227101524));
#13240=CARTESIAN_POINT('Ctrl Pts',(-19.5766219639444,-20.5003036692756,
9.59920860968167));
#13241=CARTESIAN_POINT('Ctrl Pts',(-19.5679337649013,-20.5014486379359,
9.58422118302837));
#13242=CARTESIAN_POINT('Ctrl Pts',(-19.5273584318842,-20.5111194614531,
9.5135582186975));
#13243=CARTESIAN_POINT('Ctrl Pts',(-19.4971711011571,-20.5311210958268,
9.45917188896014));
#13244=CARTESIAN_POINT('Ctrl Pts',(-19.4419935010066,-20.5939728162609,
9.3597727082805));
#13245=CARTESIAN_POINT('Ctrl Pts',(-19.417698860713,-20.636308659124,9.31574062407166));
#13246=CARTESIAN_POINT('Ctrl Pts',(-19.3783504517303,-20.7378656917034,
9.24436305101166));
#13247=CARTESIAN_POINT('Ctrl Pts',(-19.3636785688058,-20.7961097917981,
9.21769190604118));
#13248=CARTESIAN_POINT('Ctrl Pts',(-19.3482586336206,-20.9045613575939,
9.1896590397786));
#13249=CARTESIAN_POINT('Ctrl Pts',(-19.3449560439534,-20.9522028903091,
9.18365154254384));
#13250=CARTESIAN_POINT('Ctrl Pts',(-19.3449560439534,-20.9999999999998,
9.18365154254383));
#13251=CARTESIAN_POINT('Ctrl Pts',(-19.741747699845,-20.5,9.57363588306219));
#13252=CARTESIAN_POINT('Ctrl Pts',(-19.6549895057633,-20.5,9.58558309475857));
#13253=CARTESIAN_POINT('Ctrl Pts',(-19.577456774227,-20.5,9.62630649894015));
#13254=CARTESIAN_POINT('Ctrl Pts',(-19.6735378951892,-20.5,9.07831031078792));
#13255=CARTESIAN_POINT('Ctrl Pts',(-19.500021507026,-20.5,9.10220473418068));
#13256=CARTESIAN_POINT('Ctrl Pts',(-19.3449560439534,-20.5,9.18365154254385));
#13257=CARTESIAN_POINT('Ctrl Pts',(-19.6735378951892,-21.,9.07831031078792));
#13258=CARTESIAN_POINT('Ctrl Pts',(-19.500021507026,-21.,9.10220473418068));
#13259=CARTESIAN_POINT('Ctrl Pts',(-19.3449560439534,-21.,9.18365154254385));
#13260=CARTESIAN_POINT('',(-19.6633189271207,-21.,9.07977131809085));
#13261=CARTESIAN_POINT('Origin',(-19.8099575045007,-21.,10.0689614553364));
#13262=CARTESIAN_POINT('',(-19.741747699845,-20.5,9.57363588306219));
#13263=CARTESIAN_POINT('Origin',(-19.8099575045007,-20.5,10.0689614553364));
#13264=CARTESIAN_POINT('Ctrl Pts',(-19.741747699845,-20.5,9.57363588306219));
#13265=CARTESIAN_POINT('Ctrl Pts',(-19.7410180748667,-20.5,9.56883019616243));
#13266=CARTESIAN_POINT('Ctrl Pts',(-19.7402876314202,-20.5000708673841,
9.56402489482652));
#13267=CARTESIAN_POINT('Ctrl Pts',(-19.7301668157971,-20.5020328435784,
9.49752307339866));
#13268=CARTESIAN_POINT('Ctrl Pts',(-19.7207696404775,-20.515524448636,9.43672533947798));
#13269=CARTESIAN_POINT('Ctrl Pts',(-19.7026037663552,-20.5655016765599,
9.32079161994532));
#13270=CARTESIAN_POINT('Ctrl Pts',(-19.6940514388766,-20.6024705644824,
9.26711851914071));
#13271=CARTESIAN_POINT('Ctrl Pts',(-19.6794652505976,-20.6951546687044,
9.17682321338107));
#13272=CARTESIAN_POINT('Ctrl Pts',(-19.6735699489372,-20.7499819675023,
9.1410621703487));
#13273=CARTESIAN_POINT('Ctrl Pts',(-19.6654518492928,-20.8704337538343,
9.09230590918671));
#13274=CARTESIAN_POINT('Ctrl Pts',(-19.6633189271207,-20.9349051473283,
9.07977131809085));
#13275=CARTESIAN_POINT('Ctrl Pts',(-19.6633189271207,-21.,9.07977131809085));
#13276=CARTESIAN_POINT('Origin',(-19.6353024072864,-21.,8.93241096176535));
#13277=CARTESIAN_POINT('',(-19.7850486310271,-21.,8.92368923742878));
#13278=CARTESIAN_POINT('Origin',(-19.6353024072864,-21.,8.93241096176535));
#13279=CARTESIAN_POINT('',(-20.2818524613512,-20.5,8.86553026508199));
#13280=CARTESIAN_POINT('Origin',(-19.6353024072864,-20.5,8.93241096176535));
#13281=CARTESIAN_POINT('Ctrl Pts',(-20.2818524613512,-20.5,8.86553026508199));
#13282=CARTESIAN_POINT('Ctrl Pts',(-20.2772781968934,-20.5,8.86609769667649));
#13283=CARTESIAN_POINT('Ctrl Pts',(-20.2727040940128,-20.5000637112497,
8.86666464268244));
#13284=CARTESIAN_POINT('Ctrl Pts',(-20.2058794031345,-20.5019255904462,
8.87494032278044));
#13285=CARTESIAN_POINT('Ctrl Pts',(-20.1444921872847,-20.5154483772103,
8.88245165372289));
#13286=CARTESIAN_POINT('Ctrl Pts',(-20.0276705956785,-20.5655930721688,
8.89649560170978));
#13287=CARTESIAN_POINT('Ctrl Pts',(-19.9736687613683,-20.6025993182672,
8.90284127231968));
#13288=CARTESIAN_POINT('Ctrl Pts',(-19.8828025689415,-20.6953318665278,
8.9132351217434));
#13289=CARTESIAN_POINT('Ctrl Pts',(-19.8467890169029,-20.7501592270512,
8.91718238584206));
#13290=CARTESIAN_POINT('Ctrl Pts',(-19.7976868191861,-20.8705545403287,
8.92242066259367));
#13291=CARTESIAN_POINT('Ctrl Pts',(-19.7850486310271,-20.9349638289935,
8.92368923742878));
#13292=CARTESIAN_POINT('Ctrl Pts',(-19.7850486310271,-21.,8.92368923742878));
#13293=CARTESIAN_POINT('Origin',(-11.5326807918667,-21.,10.1320540513647));
#13294=CARTESIAN_POINT('',(-19.7006550611888,-21.,8.44506951911191));
#13295=CARTESIAN_POINT('Origin',(-11.5326807918667,-21.,10.1320540513647));
#13296=CARTESIAN_POINT('',(-20.1873894945802,-20.5,8.32980415900663));
#13297=CARTESIAN_POINT('Origin',(-11.5326807918667,-20.5,10.1320540513647));
#13298=CARTESIAN_POINT('Ctrl Pts',(-20.1873894945802,-20.5,8.32980415900663));
#13299=CARTESIAN_POINT('Ctrl Pts',(-20.1859451720133,-20.5,8.3301357133891));
#13300=CARTESIAN_POINT('Ctrl Pts',(-20.1845008672589,-20.5000065852621,
8.33046731267614));
#13301=CARTESIAN_POINT('Ctrl Pts',(-20.1188281522684,-20.500605465566,8.34554742541904));
#13302=CARTESIAN_POINT('Ctrl Pts',(-20.0553626729472,-20.5142089162493,
8.36022070318276));
#13303=CARTESIAN_POINT('Ctrl Pts',(-19.9379705271518,-20.5655801655659,
8.38763580613871));
#13304=CARTESIAN_POINT('Ctrl Pts',(-19.8850635370162,-20.6025749389461,
8.40014047245537));
#13305=CARTESIAN_POINT('Ctrl Pts',(-19.7961186253644,-20.6952910966961,
8.42145222466462));
#13306=CARTESIAN_POINT('Ctrl Pts',(-19.76091940729,-20.7501186359423,8.4300621241785));
#13307=CARTESIAN_POINT('Ctrl Pts',(-19.7129702795923,-20.8705267944507,
8.4419377139627));
#13308=CARTESIAN_POINT('Ctrl Pts',(-19.7006550611888,-20.934949752736,8.44506951911193));
#13309=CARTESIAN_POINT('Ctrl Pts',(-19.7006550611888,-21.,8.44506951911193));
#13310=CARTESIAN_POINT('Origin',(-19.5569566343415,-21.,8.48809000401857));
#13311=CARTESIAN_POINT('',(-19.5328833410988,-21.,8.34003435045392));
#13312=CARTESIAN_POINT('Origin',(-19.5569566343415,-21.,8.48809000401857));
#13313=CARTESIAN_POINT('',(-19.4376706507899,-20.5,7.84912924299475));
#13314=CARTESIAN_POINT('Origin',(-19.5569566343415,-20.5,8.48809000401857));
#13315=CARTESIAN_POINT('Ctrl Pts',(-19.4376706507899,-20.5,7.84912924299475));
#13316=CARTESIAN_POINT('Ctrl Pts',(-19.4386286693042,-20.5,7.85389465795176));
#13317=CARTESIAN_POINT('Ctrl Pts',(-19.4395857868391,-20.5000708673841,
7.85865999053033));
#13318=CARTESIAN_POINT('Ctrl Pts',(-19.4528202935773,-20.5020328435783,
7.92461278420158));
#13319=CARTESIAN_POINT('Ctrl Pts',(-19.4647838869432,-20.5155244486357,
7.98495798937958));
#13320=CARTESIAN_POINT('Ctrl Pts',(-19.4873652164513,-20.5655016765599,
8.10011314499612));
#13321=CARTESIAN_POINT('Ctrl Pts',(-19.497685939059,-20.6024705644824,8.15347443002699));
#13322=CARTESIAN_POINT('Ctrl Pts',(-19.5148622189854,-20.6951546687044,
8.24331303274672));
#13323=CARTESIAN_POINT('Ctrl Pts',(-19.5215534445814,-20.7499819675023,
8.27893373291465));
#13324=CARTESIAN_POINT('Ctrl Pts',(-19.5306005496813,-20.8704337538343,
8.32752618534962));
#13325=CARTESIAN_POINT('Ctrl Pts',(-19.5328833410986,-20.9349051473284,
8.34003435045396));
#13326=CARTESIAN_POINT('Ctrl Pts',(-19.5328833410986,-21.,8.34003435045396));
#13327=CARTESIAN_POINT('Ctrl Pts',(-19.2652732687332,-20.5,7.85582585984888));
#13328=CARTESIAN_POINT('Ctrl Pts',(-19.3520584289621,-20.5,7.8675755862991));
#13329=CARTESIAN_POINT('Ctrl Pts',(-19.4376706507899,-20.5,7.84912924299475));
#13330=CARTESIAN_POINT('Ctrl Pts',(-19.1981909597982,-20.5,8.35130538902031));
#13331=CARTESIAN_POINT('Ctrl Pts',(-19.3717612802559,-20.5,8.37480484192076));
#13332=CARTESIAN_POINT('Ctrl Pts',(-19.5429857239116,-20.5,8.33791215531205));
#13333=CARTESIAN_POINT('Ctrl Pts',(-19.1981909597982,-21.,8.35130538902031));
#13334=CARTESIAN_POINT('Ctrl Pts',(-19.3717612802559,-21.,8.37480484192076));
#13335=CARTESIAN_POINT('Ctrl Pts',(-19.5429857239116,-21.,8.33791215531205));
#13336=CARTESIAN_POINT('',(-19.1981909597982,-21.,8.35130538902032));
#13337=CARTESIAN_POINT('Origin',(-19.3323555776683,-21.,7.36034633067745));
#13338=CARTESIAN_POINT('',(-19.2784031405326,-20.5,7.85742694237651));
#13339=CARTESIAN_POINT('Origin',(-19.3323555776683,-20.5,7.36034633067745));
#13340=CARTESIAN_POINT('Ctrl Pts',(-19.2784031405326,-20.5,7.85742694237651));
#13341=CARTESIAN_POINT('Ctrl Pts',(-19.2779116513215,-20.5,7.8599285799079));
#13342=CARTESIAN_POINT('Ctrl Pts',(-19.2774266157535,-20.5000193649464,
7.86243228294116));
#13343=CARTESIAN_POINT('Ctrl Pts',(-19.2662846525272,-20.5009195998107,
7.92060666475675));
#13344=CARTESIAN_POINT('Ctrl Pts',(-19.2555440141656,-20.5117151946379,
7.98738687657993));
#13345=CARTESIAN_POINT('Ctrl Pts',(-19.2350694541622,-20.5684983824146,
8.11495100941575));
#13346=CARTESIAN_POINT('Ctrl Pts',(-19.2267117879307,-20.6060833908614,
8.16821905514068));
#13347=CARTESIAN_POINT('Ctrl Pts',(-19.2127423520556,-20.699803586381,8.257524474499));
#13348=CARTESIAN_POINT('Ctrl Pts',(-19.207278496046,-20.7550385721001,8.29271141510702));
#13349=CARTESIAN_POINT('Ctrl Pts',(-19.200020348939,-20.8742638619798,8.33948252993541));
#13350=CARTESIAN_POINT('Ctrl Pts',(-19.1981909597982,-20.9368571785467,
8.35130538902031));
#13351=CARTESIAN_POINT('Ctrl Pts',(-19.1981909597982,-21.,8.35130538902031));
#13352=CARTESIAN_POINT('Ctrl Pts',(-19.2559239149451,-20.5,7.76449459677974));
#13353=CARTESIAN_POINT('Ctrl Pts',(-19.2311577936664,-20.5,7.78777734620594));
#13354=CARTESIAN_POINT('Ctrl Pts',(-19.2409067716909,-20.5,7.82034120057718));
#13355=CARTESIAN_POINT('Ctrl Pts',(-19.2506557497153,-20.5,7.85290505494841));
#13356=CARTESIAN_POINT('Ctrl Pts',(-19.2841416220234,-20.5,7.85874830231559));
#13357=CARTESIAN_POINT('Ctrl Pts',(-18.9134486429164,-20.5,7.40019981497669));
#13358=CARTESIAN_POINT('Ctrl Pts',(-18.6635359645593,-20.5,7.63514392282297));
#13359=CARTESIAN_POINT('Ctrl Pts',(-18.7619120155331,-20.5,7.96374281693269));
#13360=CARTESIAN_POINT('Ctrl Pts',(-18.8602880665069,-20.5,8.29234171104241));
#13361=CARTESIAN_POINT('Ctrl Pts',(-19.1981909597982,-20.5,8.35130538902032));
#13362=CARTESIAN_POINT('Ctrl Pts',(-18.9134486429164,-21.,7.40019981497669));
#13363=CARTESIAN_POINT('Ctrl Pts',(-18.6635359645593,-21.,7.63514392282297));
#13364=CARTESIAN_POINT('Ctrl Pts',(-18.7619120155331,-21.,7.96374281693269));
#13365=CARTESIAN_POINT('Ctrl Pts',(-18.8602880665069,-21.,8.29234171104241));
#13366=CARTESIAN_POINT('Ctrl Pts',(-19.1981909597982,-21.,8.35130538902032));
#13367=CARTESIAN_POINT('',(-18.9134486429164,-21.,7.40019981497675));
#13368=CARTESIAN_POINT('Origin',(-19.2935961948682,-21.,7.80456702277807));
#13369=CARTESIAN_POINT('',(-19.2518555827532,-20.5,7.76875192400304));
#13370=CARTESIAN_POINT('Origin',(-19.2935961948682,-20.5,7.80456702277807));
#13371=CARTESIAN_POINT('Ctrl Pts',(-19.2518555827532,-20.5,7.76875192400304));
#13372=CARTESIAN_POINT('Ctrl Pts',(-19.2501521057633,-20.5,7.76701533326786));
#13373=CARTESIAN_POINT('Ctrl Pts',(-19.2484525188174,-20.5000176298661,
7.76527395355807));
#13374=CARTESIAN_POINT('Ctrl Pts',(-19.2347040329265,-20.5003036692757,
7.75112964972174));
#13375=CARTESIAN_POINT('Ctrl Pts',(-19.2227936869583,-20.5014486379371,
7.73854984767355));
#13376=CARTESIAN_POINT('Ctrl Pts',(-19.1670160662382,-20.5111194614607,
7.67914892843732));
#13377=CARTESIAN_POINT('Ctrl Pts',(-19.1251000881292,-20.5311210958386,
7.63319026681807));
#13378=CARTESIAN_POINT('Ctrl Pts',(-19.0484867787307,-20.5939728162805,
7.54919523422459));
#13379=CARTESIAN_POINT('Ctrl Pts',(-19.014692506172,-20.6363086591469,7.51195277017196));
#13380=CARTESIAN_POINT('Ctrl Pts',(-18.9599439374877,-20.7378656917317,
7.45157355643632));
#13381=CARTESIAN_POINT('Ctrl Pts',(-18.9395167477477,-20.7961097918284,
7.4290049046892));
#13382=CARTESIAN_POINT('Ctrl Pts',(-18.9180476350554,-20.9045613576157,
7.40528374975186));
#13383=CARTESIAN_POINT('Ctrl Pts',(-18.9134486429165,-20.9522028903202,
7.4001998149767));
#13384=CARTESIAN_POINT('Ctrl Pts',(-18.9134486429164,-20.9999999999998,
7.40019981497669));
#13385=CARTESIAN_POINT('Ctrl Pts',(-19.3894813066352,-20.5,7.68816562389777));
#13386=CARTESIAN_POINT('Ctrl Pts',(-19.3078169075316,-20.5,7.71979861342884));
#13387=CARTESIAN_POINT('Ctrl Pts',(-19.241765544123,-20.5,7.77730459137459));
#13388=CARTESIAN_POINT('Ctrl Pts',(-19.2088801679407,-20.5,7.22192188002311));
#13389=CARTESIAN_POINT('Ctrl Pts',(-19.0455513697335,-20.5,7.28518785908524));
#13390=CARTESIAN_POINT('Ctrl Pts',(-18.9134486429164,-20.5,7.40019981497674));
#13391=CARTESIAN_POINT('Ctrl Pts',(-19.2088801679407,-21.,7.22192188002311));
#13392=CARTESIAN_POINT('Ctrl Pts',(-19.0455513697335,-21.,7.28518785908524));
#13393=CARTESIAN_POINT('Ctrl Pts',(-18.9134486429164,-21.,7.40019981497674));
#13394=CARTESIAN_POINT('',(-19.1992735849502,-21.,7.22570016190437));
#13395=CARTESIAN_POINT('Origin',(-19.5700824453297,-21.,8.15440936777243));
#13396=CARTESIAN_POINT('',(-19.3894813066352,-20.5,7.68816562389777));
#13397=CARTESIAN_POINT('Origin',(-19.5700824453297,-20.5,8.15440936777243));
#13398=CARTESIAN_POINT('Ctrl Pts',(-19.3894813066352,-20.5,7.68816562389777));
#13399=CARTESIAN_POINT('Ctrl Pts',(-19.3876630811238,-20.5,7.68365773801002));
#13400=CARTESIAN_POINT('Ctrl Pts',(-19.385844148123,-20.5000708673841,7.67915041604499));
#13401=CARTESIAN_POINT('Ctrl Pts',(-19.3606597649404,-20.5020328435784,
7.6167751805279));
#13402=CARTESIAN_POINT('Ctrl Pts',(-19.3374949693505,-20.515524448636,7.55978339516238));
#13403=CARTESIAN_POINT('Ctrl Pts',(-19.2930826030377,-20.56550167656,7.45116402292238));
#13404=CARTESIAN_POINT('Ctrl Pts',(-19.2723829357756,-20.6024705644824,
7.40090998994472));
#13405=CARTESIAN_POINT('Ctrl Pts',(-19.2373663895277,-20.6951546687044,
7.31641241234865));
#13406=CARTESIAN_POINT('Ctrl Pts',(-19.223382932409,-20.7499819675023,7.28297486298511));
#13407=CARTESIAN_POINT('Ctrl Pts',(-19.2042396895691,-20.8704337538343,
7.23740499577108));
#13408=CARTESIAN_POINT('Ctrl Pts',(-19.1992735849502,-20.9349051473283,
7.22570016190437));
#13409=CARTESIAN_POINT('Ctrl Pts',(-19.1992735849502,-21.,7.22570016190437));
#13410=CARTESIAN_POINT('Origin',(-19.1380286171471,-21.,7.08877297717178));
#13411=CARTESIAN_POINT('',(-19.2817270439944,-21.,7.04575249226511));
#13412=CARTESIAN_POINT('Origin',(-19.1380286171471,-21.,7.08877297717178));
#13413=CARTESIAN_POINT('',(-19.7517270807264,-20.5,6.87459035462646));
#13414=CARTESIAN_POINT('Origin',(-19.1380286171471,-20.5,7.08877297717178));
#13415=CARTESIAN_POINT('Ctrl Pts',(-19.7517270807264,-20.5,6.87459035462646));
#13416=CARTESIAN_POINT('Ctrl Pts',(-19.7474069748903,-20.5,6.87619738900984));
#13417=CARTESIAN_POINT('Ctrl Pts',(-19.7430869142917,-20.5000637112497,
6.87780391363153));
#13418=CARTESIAN_POINT('Ctrl Pts',(-19.6799719947763,-20.5019255904462,
6.90126735597563));
#13419=CARTESIAN_POINT('Ctrl Pts',(-19.6219717114001,-20.5154483772103,
6.92273308425593));
#13420=CARTESIAN_POINT('Ctrl Pts',(-19.5115378182084,-20.5655930721688,
6.96333938887704));
#13421=CARTESIAN_POINT('Ctrl Pts',(-19.4604550226841,-20.6025993182672,
6.98196769115551));
#13422=CARTESIAN_POINT('Ctrl Pts',(-19.3744351268693,-20.6953318665278,
7.01303655911039));
#13423=CARTESIAN_POINT('Ctrl Pts',(-19.3403026265339,-20.7501592270512,
7.02518272085633));
#13424=CARTESIAN_POINT('Ctrl Pts',(-19.2937320146657,-20.8705545403287,
7.04160354526199));
#13425=CARTESIAN_POINT('Ctrl Pts',(-19.2817270439944,-20.9349638289935,
7.04575249226511));
#13426=CARTESIAN_POINT('Ctrl Pts',(-19.2817270439944,-21.,7.04575249226511));
#13427=CARTESIAN_POINT('Origin',(-11.5304709517018,-21.,10.1246726711695));
#13428=CARTESIAN_POINT('',(-19.0892310106591,-21.,6.59949652699185));
#13429=CARTESIAN_POINT('Origin',(-11.5304709517018,-21.,10.1246726711695));
#13430=CARTESIAN_POINT('',(-19.536263433018,-20.5,6.37508947440868));
#13431=CARTESIAN_POINT('Origin',(-11.5304709517018,-20.5,10.1246726711695));
#13432=CARTESIAN_POINT('Ctrl Pts',(-19.536263433018,-20.5,6.37508947440868));
#13433=CARTESIAN_POINT('Ctrl Pts',(-19.5349345040555,-20.5,6.3757451754062));
#13434=CARTESIAN_POINT('Ctrl Pts',(-19.5336056027809,-20.5000065852621,
6.37640091599048));
#13435=CARTESIAN_POINT('Ctrl Pts',(-19.4731808176533,-20.500605465566,6.40621971269176));
#13436=CARTESIAN_POINT('Ctrl Pts',(-19.4148099492699,-20.514208916249,6.43513361713205));
#13437=CARTESIAN_POINT('Ctrl Pts',(-19.3069044817964,-20.5655801655659,
6.48888223436103));
#13438=CARTESIAN_POINT('Ctrl Pts',(-19.2583073809381,-20.6025749389461,
6.51325102737732));
#13439=CARTESIAN_POINT('Ctrl Pts',(-19.1766748191839,-20.6952910966961,
6.5545004267963));
#13440=CARTESIAN_POINT('Ctrl Pts',(-19.1444099800615,-20.7501186359423,
6.57099574368019));
#13441=CARTESIAN_POINT('Ctrl Pts',(-19.1004920267852,-20.8705267944507,
6.59360905524018));
#13442=CARTESIAN_POINT('Ctrl Pts',(-19.0892310106591,-20.934949752736,6.59949652699182));
#13443=CARTESIAN_POINT('Ctrl Pts',(-19.0892310106591,-21.,6.59949652699182));
#13444=CARTESIAN_POINT('Origin',(-18.9593272000915,-21.,6.67449652699185));
#13445=CARTESIAN_POINT('',(-18.9017588221186,-21.,6.53598341621321));
#13446=CARTESIAN_POINT('Origin',(-18.9593272000915,-21.,6.67449652699185));
#13447=CARTESIAN_POINT('',(-18.6959020933914,-20.5,6.08026827693969));
#13448=CARTESIAN_POINT('Origin',(-18.9593272000915,-20.5,6.67449652699185));
#13449=CARTESIAN_POINT('Ctrl Pts',(-18.6959020933914,-20.5,6.08026827693969));
#13450=CARTESIAN_POINT('Ctrl Pts',(-18.6979332687124,-20.5,6.08468430524606));
#13451=CARTESIAN_POINT('Ctrl Pts',(-18.6999635483421,-20.5000708673841,
6.08910046117434));
#13452=CARTESIAN_POINT('Ctrl Pts',(-18.7280510781807,-20.5020328435784,
6.15022340146569));
#13453=CARTESIAN_POINT('Ctrl Pts',(-18.7536087533748,-20.5155244486361,
6.20618299932339));
#13454=CARTESIAN_POINT('Ctrl Pts',(-18.8021380067061,-20.5655016765599,
6.31302651984917));
#13455=CARTESIAN_POINT('Ctrl Pts',(-18.8244864921115,-20.6024705644824,
6.36256932210512));
#13456=CARTESIAN_POINT('Ctrl Pts',(-18.861917990782,-20.6951546687044,6.4460251909103));
#13457=CARTESIAN_POINT('Ctrl Pts',(-18.8766435523116,-20.7499819675023,
6.47914262767803));
#13458=CARTESIAN_POINT('Ctrl Pts',(-18.8966529822525,-20.8704337538343,
6.52433885824846));
#13459=CARTESIAN_POINT('Ctrl Pts',(-18.9017588221187,-20.9349051473283,
6.53598341621318));
#13460=CARTESIAN_POINT('Ctrl Pts',(-18.9017588221187,-21.,6.53598341621318));
#13461=CARTESIAN_POINT('Ctrl Pts',(-18.529696051206,-20.5,6.12654195799681));
#13462=CARTESIAN_POINT('Ctrl Pts',(-18.6168515796058,-20.5,6.11796093375619));
#13463=CARTESIAN_POINT('Ctrl Pts',(-18.6959020933914,-20.5,6.08026827693969));
#13464=CARTESIAN_POINT('Ctrl Pts',(-18.578687397645,-20.5,6.62413601742085));
#13465=CARTESIAN_POINT('Ctrl Pts',(-18.7529984544445,-20.5,6.60697396893961));
#13466=CARTESIAN_POINT('Ctrl Pts',(-18.9110994820157,-20.5,6.53158865530659));
#13467=CARTESIAN_POINT('Ctrl Pts',(-18.578687397645,-21.,6.62413601742085));
#13468=CARTESIAN_POINT('Ctrl Pts',(-18.7529984544445,-21.,6.60697396893961));
#13469=CARTESIAN_POINT('Ctrl Pts',(-18.9110994820157,-21.,6.53158865530659));
#13470=CARTESIAN_POINT('',(-18.5786873976451,-21.,6.62413601742085));
#13471=CARTESIAN_POINT('Origin',(-18.480704704767,-21.,5.62894789857278));
#13472=CARTESIAN_POINT('',(-18.5428412406529,-20.5,6.12507192631997));
#13473=CARTESIAN_POINT('Origin',(-18.480704704767,-20.5,5.62894789857278));
#13474=CARTESIAN_POINT('Ctrl Pts',(-18.5428412406529,-20.5,6.12507192631997));
#13475=CARTESIAN_POINT('Ctrl Pts',(-18.5429399169148,-20.5,6.12761947710025));
#13476=CARTESIAN_POINT('Ctrl Pts',(-18.5430453491984,-20.5000193649464,
6.13016754939417));
#13477=CARTESIAN_POINT('Ctrl Pts',(-18.5456196547496,-20.5009195998105,
6.18934334675895));
#13478=CARTESIAN_POINT('Ctrl Pts',(-18.550569108383,-20.5117151946341,6.25680045100095));
#13479=CARTESIAN_POINT('Ctrl Pts',(-18.5600647563644,-20.5684983824155,
6.38564783461959));
#13480=CARTESIAN_POINT('Ctrl Pts',(-18.5642168288555,-20.6060833908624,
6.43940744375328));
#13481=CARTESIAN_POINT('Ctrl Pts',(-18.5712191879796,-20.6998035863824,
6.52952719759269));
#13482=CARTESIAN_POINT('Ctrl Pts',(-18.5740172778629,-20.7550385721016,
6.56502572157378));
#13483=CARTESIAN_POINT('Ctrl Pts',(-18.5777409364223,-20.8742638619809,
6.61220995886327));
#13484=CARTESIAN_POINT('Ctrl Pts',(-18.578687397645,-20.9368571785473,6.62413601742085));
#13485=CARTESIAN_POINT('Ctrl Pts',(-18.578687397645,-21.,6.62413601742085));
#13486=CARTESIAN_POINT('Ctrl Pts',(-18.4995362717005,-20.5,6.03982865030855));
#13487=CARTESIAN_POINT('Ctrl Pts',(-18.4808070959584,-20.5,6.06819527083431));
#13488=CARTESIAN_POINT('Ctrl Pts',(-18.497803030649,-20.5,6.09763309324059));
#13489=CARTESIAN_POINT('Ctrl Pts',(-18.5147989653396,-20.5,6.12707091564687));
#13490=CARTESIAN_POINT('Ctrl Pts',(-18.5487297672055,-20.5,6.12503428392512));
#13491=CARTESIAN_POINT('Ctrl Pts',(-18.0822803066401,-20.5,5.7643337145628));
#13492=CARTESIAN_POINT('Ctrl Pts',(-17.8932858968787,-20.5,6.05057870350449));
#13493=CARTESIAN_POINT('Ctrl Pts',(-18.0647903287568,-20.5,6.34763309324059));
#13494=CARTESIAN_POINT('Ctrl Pts',(-18.2362947606349,-20.5,6.64468748297669));
#13495=CARTESIAN_POINT('Ctrl Pts',(-18.5786873976451,-20.5,6.62413601742085));
#13496=CARTESIAN_POINT('Ctrl Pts',(-18.0822803066401,-21.,5.7643337145628));
#13497=CARTESIAN_POINT('Ctrl Pts',(-17.8932858968787,-21.,6.05057870350449));
#13498=CARTESIAN_POINT('Ctrl Pts',(-18.0647903287568,-21.,6.34763309324059));
#13499=CARTESIAN_POINT('Ctrl Pts',(-18.2362947606349,-21.,6.64468748297669));
#13500=CARTESIAN_POINT('Ctrl Pts',(-18.5786873976451,-21.,6.62413601742085));
#13501=CARTESIAN_POINT('',(-18.0822803066401,-21.,5.7643337145628));
#13502=CARTESIAN_POINT('Origin',(-18.5454344278571,-21.,6.07013309324059));
#13503=CARTESIAN_POINT('',(-18.496559409154,-20.5,6.04490944269647));
#13504=CARTESIAN_POINT('Origin',(-18.5454344278571,-20.5,6.07013309324059));
#13505=CARTESIAN_POINT('Ctrl Pts',(-18.496559409154,-20.5,6.04490944269647));
#13506=CARTESIAN_POINT('Ctrl Pts',(-18.4945013642222,-20.5,6.04361251081856));
#13507=CARTESIAN_POINT('Ctrl Pts',(-18.4924460000645,-20.5000176298661,
6.0423100219478));
#13508=CARTESIAN_POINT('Ctrl Pts',(-18.4758062054467,-20.5003036692757,
6.03171759869811));
#13509=CARTESIAN_POINT('Ctrl Pts',(-18.4613158023943,-20.5014486379368,
6.02222360164986));
#13510=CARTESIAN_POINT('Ctrl Pts',(-18.393342879949,-20.5111194614589,5.97728704645118));
#13511=CARTESIAN_POINT('Ctrl Pts',(-18.3419579556872,-20.5311210958358,
5.94223369629342));
#13512=CARTESIAN_POINT('Ctrl Pts',(-18.2480391803785,-20.5939728162759,
5.87817100573113));
#13513=CARTESIAN_POINT('Ctrl Pts',(-18.2065671335336,-20.6363086591416,
5.84972591270885));
#13514=CARTESIAN_POINT('Ctrl Pts',(-18.1393699146521,-20.7378656917251,
5.80360011733189));
#13515=CARTESIAN_POINT('Ctrl Pts',(-18.1142886531804,-20.7961097918213,
5.78635064066167));
#13516=CARTESIAN_POINT('Ctrl Pts',(-18.0879277683964,-20.9045613576106,
5.7682200106419));
#13517=CARTESIAN_POINT('Ctrl Pts',(-18.0822803066402,-20.9522028903176,
5.76433371456281));
#13518=CARTESIAN_POINT('Ctrl Pts',(-18.0822803066401,-20.9999999999998,
5.7643337145628));
#13519=CARTESIAN_POINT('Ctrl Pts',(-18.6118909340689,-20.5,5.9347566805902));
#13520=CARTESIAN_POINT('Ctrl Pts',(-18.5397228788368,-20.5,5.98437010530251));
#13521=CARTESIAN_POINT('Ctrl Pts',(-18.4887137296541,-20.5,6.05555849485664));
#13522=CARTESIAN_POINT('Ctrl Pts',(-18.3286347154698,-20.5,5.52273008602993));
#13523=CARTESIAN_POINT('Ctrl Pts',(-18.1842986050057,-20.5,5.62195693545453));
#13524=CARTESIAN_POINT('Ctrl Pts',(-18.0822803066401,-20.5,5.7643337145628));
#13525=CARTESIAN_POINT('Ctrl Pts',(-18.3286347154698,-21.,5.52273008602993));
#13526=CARTESIAN_POINT('Ctrl Pts',(-18.1842986050057,-21.,5.62195693545453));
#13527=CARTESIAN_POINT('Ctrl Pts',(-18.0822803066401,-21.,5.7643337145628));
#13528=CARTESIAN_POINT('',(-18.3201584109324,-21.,5.52862195433573));
#13529=CARTESIAN_POINT('Origin',(-18.895147152668,-21.,6.34678327515048));
#13530=CARTESIAN_POINT('',(-18.6118909340689,-20.5,5.93475668059019));
#13531=CARTESIAN_POINT('Origin',(-18.895147152668,-20.5,6.34678327515048));
#13532=CARTESIAN_POINT('Ctrl Pts',(-18.6118909340689,-20.5,5.9347566805902));
#13533=CARTESIAN_POINT('Ctrl Pts',(-18.6090821290323,-20.5,5.93078961700954));
#13534=CARTESIAN_POINT('Ctrl Pts',(-18.6062727656259,-20.5000708673841,
5.92682326530931));
#13535=CARTESIAN_POINT('Ctrl Pts',(-18.5673825114998,-20.5020328435784,
5.87193728079507));
#13536=CARTESIAN_POINT('Ctrl Pts',(-18.5316989157658,-20.515524448636,5.82182388588551));
#13537=CARTESIAN_POINT('Ctrl Pts',(-18.4634343394262,-20.5655016765599,
5.7263745594108));
#13538=CARTESIAN_POINT('Ctrl Pts',(-18.4317032568006,-20.6024705644824,
5.6822488021856));
#13539=CARTESIAN_POINT('Ctrl Pts',(-18.3781441036557,-20.6951546687044,
5.60810423903264));
#13540=CARTESIAN_POINT('Ctrl Pts',(-18.3568263428715,-20.7499819675023,
5.5787928102791));
#13541=CARTESIAN_POINT('Ctrl Pts',(-18.3276899740126,-20.8704337538342,
5.53886602034984));
#13542=CARTESIAN_POINT('Ctrl Pts',(-18.3201584109324,-20.9349051473283,
5.52862195433573));
#13543=CARTESIAN_POINT('Ctrl Pts',(-18.3201584109324,-21.,5.52862195433573));
#13544=CARTESIAN_POINT('Origin',(-18.2289867272273,-21.,5.40950972116726));
#13545=CARTESIAN_POINT('',(-18.358890537795,-21.,5.33450972116726));
#13546=CARTESIAN_POINT('Origin',(-18.2289867272273,-21.,5.40950972116726));
#13547=CARTESIAN_POINT('',(-18.7767489572998,-20.5,5.05957181338072));
#13548=CARTESIAN_POINT('Origin',(-18.2289867272273,-20.5,5.40950972116726));
#13549=CARTESIAN_POINT('Ctrl Pts',(-18.7767489572998,-20.5,5.05957181338073));
#13550=CARTESIAN_POINT('Ctrl Pts',(-18.7729159081093,-20.5,5.06213181491339));
#13551=CARTESIAN_POINT('Ctrl Pts',(-18.7690827853777,-20.5000637112497,
5.06469130999251));
#13552=CARTESIAN_POINT('Ctrl Pts',(-18.713080178873,-20.5019255904462,5.10207759433232));
#13553=CARTESIAN_POINT('Ctrl Pts',(-18.66159363826,-20.5154483772102,5.13634049698291));
#13554=CARTESIAN_POINT('Ctrl Pts',(-18.5635009632495,-20.5655930721688,
5.20132006184556));
#13555=CARTESIAN_POINT('Ctrl Pts',(-18.5180910932401,-20.6025993182672,
5.2312267391951));
#13556=CARTESIAN_POINT('Ctrl Pts',(-18.4415548488861,-20.6953318665278,
5.28129569496779));
#13557=CARTESIAN_POINT('Ctrl Pts',(-18.4111434921819,-20.7501592270512,
5.30098595163737));
#13558=CARTESIAN_POINT('Ctrl Pts',(-18.3696150999024,-20.8705545403287,
5.32770407280297));
#13559=CARTESIAN_POINT('Ctrl Pts',(-18.358890537795,-20.9349638289935,5.3345097211673));
#13560=CARTESIAN_POINT('Ctrl Pts',(-18.358890537795,-21.,5.3345097211673));
#13561=CARTESIAN_POINT('Origin',(-11.5266184146436,-21.,10.1179998812465));
#13562=CARTESIAN_POINT('',(-18.0686695519456,-21.,4.94467528353453));
#13563=CARTESIAN_POINT('Origin',(-11.5266184146436,-21.,10.1179998812465));
#13564=CARTESIAN_POINT('',(-18.4519003296728,-20.5,4.62322438076442));
#13565=CARTESIAN_POINT('Origin',(-11.5266184146436,-20.5,10.1179998812465));
#13566=CARTESIAN_POINT('Ctrl Pts',(-18.4519003296728,-20.5,4.62322438076442));
#13567=CARTESIAN_POINT('Ctrl Pts',(-18.4507584372188,-20.5,4.62416887936669));
#13568=CARTESIAN_POINT('Ctrl Pts',(-18.4496165808359,-20.5000065852621,
4.62511341010251));
#13569=CARTESIAN_POINT('Ctrl Pts',(-18.3976972413777,-20.500605465566,4.66806335171935));
#13570=CARTESIAN_POINT('Ctrl Pts',(-18.3475677725535,-20.5142089162495,
4.70965912675968));
#13571=CARTESIAN_POINT('Ctrl Pts',(-18.2549661950854,-20.5655801655659,
4.78684365639349));
#13572=CARTESIAN_POINT('Ctrl Pts',(-18.2132988657906,-20.6025749389461,
4.82176284817019));
#13573=CARTESIAN_POINT('Ctrl Pts',(-18.143379486468,-20.6952910966961,4.8807261289992));
#13574=CARTESIAN_POINT('Ctrl Pts',(-18.1157884321263,-20.7501186359423,
4.90421759645022));
#13575=CARTESIAN_POINT('Ctrl Pts',(-18.0782692815001,-20.8705267944507,
4.93634954030654));
#13576=CARTESIAN_POINT('Ctrl Pts',(-18.0686695519456,-20.934949752736,4.94467528353455));
#13577=CARTESIAN_POINT('Ctrl Pts',(-18.0686695519456,-21.,4.94467528353455));
#13578=CARTESIAN_POINT('Origin',(-17.9595635057097,-21.,5.04761152921485));
#13579=CARTESIAN_POINT('',(-17.8716035691641,-21.,4.92610823887708));
#13580=CARTESIAN_POINT('Origin',(-17.9595635057097,-21.,5.04761152921485));
#13581=CARTESIAN_POINT('',(-17.5662005915479,-20.5,4.5301507889048));
#13582=CARTESIAN_POINT('Origin',(-17.9595635057097,-20.5,5.04761152921485));
#13583=CARTESIAN_POINT('Ctrl Pts',(-17.566200591548,-20.5,4.53015078890481));
#13584=CARTESIAN_POINT('Ctrl Pts',(-17.5691954224883,-20.5,4.53397936133124));
#13585=CARTESIAN_POINT('Ctrl Pts',(-17.5721894113123,-20.5000708673841,
4.53780826450087));
#13586=CARTESIAN_POINT('Ctrl Pts',(-17.6136157582457,-20.5020328435784,
4.59080619787406));
#13587=CARTESIAN_POINT('Ctrl Pts',(-17.6513896943844,-20.515524448636,4.63936339201122));
#13588=CARTESIAN_POINT('Ctrl Pts',(-17.7232506469309,-20.5655016765599,
4.73213531560013));
#13589=CARTESIAN_POINT('Ctrl Pts',(-17.7564220825012,-20.6024705644824,
4.77518876978792));
#13590=CARTESIAN_POINT('Ctrl Pts',(-17.8120908581337,-20.6951546687044,
4.84776277718947));
#13591=CARTESIAN_POINT('Ctrl Pts',(-17.8340568967635,-20.7499819675023,
4.8765915809687));
#13592=CARTESIAN_POINT('Ctrl Pts',(-17.8639499379979,-20.8704337538343,
4.91595504918591));
#13593=CARTESIAN_POINT('Ctrl Pts',(-17.8716035691641,-20.9349051473284,
4.92610823887708));
#13594=CARTESIAN_POINT('Ctrl Pts',(-17.8716035691641,-21.,4.92610823887708));
#13595=CARTESIAN_POINT('Ctrl Pts',(-17.4151460999893,-20.5,4.61350690804173));
#13596=CARTESIAN_POINT('Ctrl Pts',(-17.4979734194644,-20.5,4.58505773834809));
#13597=CARTESIAN_POINT('Ctrl Pts',(-17.5662005915479,-20.5,4.53015078890479));
#13598=CARTESIAN_POINT('Ctrl Pts',(-17.577569965635,-20.5,5.0863900731774));
#13599=CARTESIAN_POINT('Ctrl Pts',(-17.7432246045851,-20.5,5.02949173379011));
#13600=CARTESIAN_POINT('Ctrl Pts',(-17.8796789487523,-20.5,4.91967783490352));
#13601=CARTESIAN_POINT('Ctrl Pts',(-17.577569965635,-21.,5.0863900731774));
#13602=CARTESIAN_POINT('Ctrl Pts',(-17.7432246045851,-21.,5.02949173379011));
#13603=CARTESIAN_POINT('Ctrl Pts',(-17.8796789487523,-21.,4.91967783490352));
#13604=CARTESIAN_POINT('',(-17.577569965635,-21.,5.0863900731774));
#13605=CARTESIAN_POINT('Origin',(-17.2527222343436,-21.,4.14062374290607));
#13606=CARTESIAN_POINT('',(-17.4275979465182,-20.5,4.60904501194861));
#13607=CARTESIAN_POINT('Origin',(-17.2527222343436,-20.5,4.14062374290607));
#13608=CARTESIAN_POINT('Ctrl Pts',(-17.4275979465182,-20.5,4.60904501194861));
#13609=CARTESIAN_POINT('Ctrl Pts',(-17.4282814685901,-20.5,4.61150113685595));
#13610=CARTESIAN_POINT('Ctrl Pts',(-17.4289716848437,-20.5000193649464,
4.61395621117336));
#13611=CARTESIAN_POINT('Ctrl Pts',(-17.4451234776973,-20.5009195998108,
4.67094324156475));
#13612=CARTESIAN_POINT('Ctrl Pts',(-17.4654961969991,-20.511715194641,4.73544060826758));
#13613=CARTESIAN_POINT('Ctrl Pts',(-17.5044501401215,-20.5684983824151,
4.85862504684248));
#13614=CARTESIAN_POINT('Ctrl Pts',(-17.5208881120323,-20.6060833908619,
4.90997802494154));
#13615=CARTESIAN_POINT('Ctrl Pts',(-17.5484847671628,-20.6998035863816,
4.99605373400636));
#13616=CARTESIAN_POINT('Ctrl Pts',(-17.5593939571893,-20.7550385721008,
5.02995010674457));
#13617=CARTESIAN_POINT('Ctrl Pts',(-17.5738986780182,-20.8742638619803,
5.07500375205061));
#13618=CARTESIAN_POINT('Ctrl Pts',(-17.577569965635,-20.936857178547,5.08639007317739));
#13619=CARTESIAN_POINT('Ctrl Pts',(-17.577569965635,-21.,5.08639007317739));
#13620=CARTESIAN_POINT('Ctrl Pts',(-17.3658018162861,-20.5,4.53608629259674));
#13621=CARTESIAN_POINT('Ctrl Pts',(-17.3541192807926,-20.5,4.56800753236706));
#13622=CARTESIAN_POINT('Ctrl Pts',(-17.377445916911,-20.5,4.59273232218278));
#13623=CARTESIAN_POINT('Ctrl Pts',(-17.4007725530294,-20.5,4.61745711199849));
#13624=CARTESIAN_POINT('Ctrl Pts',(-17.4333190661418,-20.5,4.60765039653109));
#13625=CARTESIAN_POINT('Ctrl Pts',(-16.896259535273,-20.5,4.36424320620343));
#13626=CARTESIAN_POINT('Ctrl Pts',(-16.7783721316568,-20.5,4.68635753479502));
#13627=CARTESIAN_POINT('Ctrl Pts',(-17.0137590961244,-20.5,4.93585314111726));
#13628=CARTESIAN_POINT('Ctrl Pts',(-17.249146060592,-20.5,5.18534874743951));
#13629=CARTESIAN_POINT('Ctrl Pts',(-17.577569965635,-20.5,5.08639007317754));
#13630=CARTESIAN_POINT('Ctrl Pts',(-16.8962595352732,-21.0000000000002,
4.36424320620348));
#13631=CARTESIAN_POINT('Ctrl Pts',(-16.7783721316569,-21.0000000000002,
4.68635753479498));
#13632=CARTESIAN_POINT('Ctrl Pts',(-17.0137590961245,-21.0000000000002,
4.93585314111716));
#13633=CARTESIAN_POINT('Ctrl Pts',(-17.2491460605921,-21.0000000000002,
5.18534874743933));
#13634=CARTESIAN_POINT('Ctrl Pts',(-17.577569965635,-21.0000000000002,5.08639007317739));
#13635=CARTESIAN_POINT('',(-16.8962595352732,-21.,4.36424320620349));
#13636=CARTESIAN_POINT('Origin',(-17.4174514671975,-21.,4.55498903209999));
#13637=CARTESIAN_POINT('',(-17.3640769068155,-20.5,4.54171664331654));
#13638=CARTESIAN_POINT('Origin',(-17.4174514671975,-20.5,4.55498903209999));
#13639=CARTESIAN_POINT('Ctrl Pts',(-17.3640769068155,-20.5,4.54171664331654));
#13640=CARTESIAN_POINT('Ctrl Pts',(-17.3617752436764,-20.5,4.54092928822909));
#13641=CARTESIAN_POINT('Ctrl Pts',(-17.3594749075213,-20.5000176298661,
4.54013590770962));
#13642=CARTESIAN_POINT('Ctrl Pts',(-17.312990144971,-20.5007311878779,4.5239969943151));
#13643=CARTESIAN_POINT('Ctrl Pts',(-17.2594713280401,-20.5081714149726,
4.50381353257853));
#13644=CARTESIAN_POINT('Ctrl Pts',(-17.1527562048685,-20.5499909340632,
4.46326995219542));
#13645=CARTESIAN_POINT('Ctrl Pts',(-17.1066483909678,-20.5782902163945,
4.44554360667566));
#13646=CARTESIAN_POINT('Ctrl Pts',(-17.0190745603156,-20.6556556301731,
4.41180502155918));
#13647=CARTESIAN_POINT('Ctrl Pts',(-16.9802181110206,-20.7064797978347,
4.39676845081587));
#13648=CARTESIAN_POINT('Ctrl Pts',(-16.922867062069,-20.8212363025656,4.37456259045134));
#13649=CARTESIAN_POINT('Ctrl Pts',(-16.904921352032,-20.8840698612558,4.36760197397634));
#13650=CARTESIAN_POINT('Ctrl Pts',(-16.8970738233184,-20.9658580936533,
4.3645589861789));
#13651=CARTESIAN_POINT('Ctrl Pts',(-16.8962595352731,-20.9829389579567,
4.36424320620357));
#13652=CARTESIAN_POINT('Ctrl Pts',(-16.8962595352731,-21.0000000000002,
4.36424320620357));
#13653=CARTESIAN_POINT('Ctrl Pts',(-17.450896680402,-20.5,4.40793578312668));
#13654=CARTESIAN_POINT('Ctrl Pts',(-17.3921155675794,-20.5,4.47285497045197));
#13655=CARTESIAN_POINT('Ctrl Pts',(-17.3588985490583,-20.5,4.553887987107));
#13656=CARTESIAN_POINT('Ctrl Pts',(-17.0802557979605,-20.5,4.07233879824282));
#13657=CARTESIAN_POINT('Ctrl Pts',(-16.9626935723152,-20.5,4.20217717289343));
#13658=CARTESIAN_POINT('Ctrl Pts',(-16.896259535273,-20.5,4.36424320620351));
#13659=CARTESIAN_POINT('Ctrl Pts',(-17.0802557979606,-21.0000000000002,
4.07233879824293));
#13660=CARTESIAN_POINT('Ctrl Pts',(-16.9626935723153,-21.0000000000002,
4.20217717289352));
#13661=CARTESIAN_POINT('Ctrl Pts',(-16.8962595352731,-21.0000000000002,
4.36424320620357));
#13662=CARTESIAN_POINT('',(-17.073366731649,-21.,4.08002662082727));
#13663=CARTESIAN_POINT('Origin',(-17.8215375628434,-21.,4.74353276801043));
#13664=CARTESIAN_POINT('',(-17.450896680402,-20.5,4.40793578312668));
#13665=CARTESIAN_POINT('Origin',(-17.8215375628434,-20.5,4.74353276801043));
#13666=CARTESIAN_POINT('Ctrl Pts',(-17.450896680402,-20.5,4.40793578312668));
#13667=CARTESIAN_POINT('Ctrl Pts',(-17.4472487192468,-20.5,4.40472340727749));
#13668=CARTESIAN_POINT('Ctrl Pts',(-17.4436003789437,-20.5000708673841,
4.40151185288876));
#13669=CARTESIAN_POINT('Ctrl Pts',(-17.3931008375406,-20.5020328435784,
4.35707403700914));
#13670=CARTESIAN_POINT('Ctrl Pts',(-17.3468221535447,-20.515524448636,4.31654065864642));
#13671=CARTESIAN_POINT('Ctrl Pts',(-17.2583855281584,-20.56550167656,4.23940707583322));
#13672=CARTESIAN_POINT('Ctrl Pts',(-17.217333661047,-20.6024705644824,4.20378842535417));
#13673=CARTESIAN_POINT('Ctrl Pts',(-17.1481192888144,-20.6951546687044,
4.14399402923558));
#13674=CARTESIAN_POINT('Ctrl Pts',(-17.1206164703663,-20.7499819675023,
4.12038890780312));
#13675=CARTESIAN_POINT('Ctrl Pts',(-17.0830577246754,-20.8704337538343,
4.08825765873839));
#13676=CARTESIAN_POINT('Ctrl Pts',(-17.073366731649,-20.9349051473284,4.08002662082727));
#13677=CARTESIAN_POINT('Ctrl Pts',(-17.073366731649,-21.,4.08002662082727));
#13678=CARTESIAN_POINT('Origin',(-16.9571834211094,-21.,3.98515071054408));
#13679=CARTESIAN_POINT('',(-17.0662894673454,-21.,3.88221446486377));
#13680=CARTESIAN_POINT('Origin',(-16.9571834211094,-21.,3.98515071054408));
#13681=CARTESIAN_POINT('',(-17.4094794140687,-20.5,3.51832276070283));
#13682=CARTESIAN_POINT('Origin',(-16.9571834211094,-20.5,3.98515071054408));
#13683=CARTESIAN_POINT('Ctrl Pts',(-17.4094794140687,-20.5,3.51832276070283));
#13684=CARTESIAN_POINT('Ctrl Pts',(-17.4063400621977,-20.5,3.5216977190396));
#13685=CARTESIAN_POINT('Ctrl Pts',(-17.403200521972,-20.5000637112497,3.52507220153415));
#13686=CARTESIAN_POINT('Ctrl Pts',(-17.3573293434896,-20.5019255904462,
3.57436582360395));
#13687=CARTESIAN_POINT('Ctrl Pts',(-17.3151321983716,-20.5154483772104,
3.61957877867448));
#13688=CARTESIAN_POINT('Ctrl Pts',(-17.2346689430427,-20.5655930721688,
3.70542853861734));
#13689=CARTESIAN_POINT('Ctrl Pts',(-17.1973800563943,-20.6025993182672,
3.7450013143209));
#13690=CARTESIAN_POINT('Ctrl Pts',(-17.1344535522449,-20.6953318665278,
3.81137112754586));
#13691=CARTESIAN_POINT('Ctrl Pts',(-17.1094028232835,-20.7501592270512,
3.8375439723054));
#13692=CARTESIAN_POINT('Ctrl Pts',(-17.0751554569697,-20.8705545403287,
3.8731190094032));
#13693=CARTESIAN_POINT('Ctrl Pts',(-17.0662894673454,-20.9349638289935,
3.88221446486377));
#13694=CARTESIAN_POINT('Ctrl Pts',(-17.0662894673454,-21.,3.88221446486377));
#13695=CARTESIAN_POINT('Origin',(-11.521330871962,-21.,10.1123954134279));
#13696=CARTESIAN_POINT('',(-16.69398941745,-21.,3.56981763030926));
#13697=CARTESIAN_POINT('Origin',(-11.521330871962,-21.,10.1123954134279));
#13698=CARTESIAN_POINT('',(-16.9927584801221,-20.5,3.16865237872442));
#13699=CARTESIAN_POINT('Origin',(-11.521330871962,-20.5,10.1123954134279));
#13700=CARTESIAN_POINT('Ctrl Pts',(-16.9927584801221,-20.5,3.16865237872441));
#13701=CARTESIAN_POINT('Ctrl Pts',(-16.9918651838947,-20.5,3.16983475676702));
#13702=CARTESIAN_POINT('Ctrl Pts',(-16.9909719301766,-20.5000065852621,
3.17101715775923));
#13703=CARTESIAN_POINT('Ctrl Pts',(-16.9503570214175,-20.500605465566,3.22478280181831));
#13704=CARTESIAN_POINT('Ctrl Pts',(-16.9111714447934,-20.5142089162494,
3.27681800846185));
#13705=CARTESIAN_POINT('Ctrl Pts',(-16.8388659323396,-20.5655801655659,
3.37327741253034));
#13706=CARTESIAN_POINT('Ctrl Pts',(-16.8063746711157,-20.6025749389461,
3.41686450040027));
#13707=CARTESIAN_POINT('Ctrl Pts',(-16.7519378460619,-20.6952910966961,
3.49036293690775));
#13708=CARTESIAN_POINT('Ctrl Pts',(-16.7305080173821,-20.7501186359423,
3.51958412383508));
#13709=CARTESIAN_POINT('Ctrl Pts',(-16.7014103365278,-20.8705267944507,
3.55950245857739));
#13710=CARTESIAN_POINT('Ctrl Pts',(-16.69398941745,-20.934949752736,3.56981763030928));
#13711=CARTESIAN_POINT('Ctrl Pts',(-16.69398941745,-21.,3.56981763030928));
#13712=CARTESIAN_POINT('Origin',(-16.6115630707394,-21.,3.6951408020212));
#13713=CARTESIAN_POINT('',(-16.4979535185679,-21.,3.59719760595637));
#13714=CARTESIAN_POINT('Origin',(-16.6115630707394,-21.,3.6951408020212));
#13715=CARTESIAN_POINT('',(-16.1094686456357,-20.5,3.28234401390403));
#13716=CARTESIAN_POINT('Origin',(-16.6115630707394,-20.5,3.6951408020212));
#13717=CARTESIAN_POINT('Ctrl Pts',(-16.1094686456357,-20.5,3.28234401390402));
#13718=CARTESIAN_POINT('Ctrl Pts',(-16.1132656800845,-20.5,3.28537873112032));
#13719=CARTESIAN_POINT('Ctrl Pts',(-16.117061971391,-20.5000708673841,3.28841396436869));
#13720=CARTESIAN_POINT('Ctrl Pts',(-16.1695938303345,-20.5020328435784,
3.33042975851993));
#13721=CARTESIAN_POINT('Ctrl Pts',(-16.2175476247422,-20.515524448636,3.36896681803023));
#13722=CARTESIAN_POINT('Ctrl Pts',(-16.3088662339514,-20.56550167656,3.4426657862684));
#13723=CARTESIAN_POINT('Ctrl Pts',(-16.3510723390088,-20.6024705644824,
3.47690886952869));
#13724=CARTESIAN_POINT('Ctrl Pts',(-16.4219772734996,-20.6951546687044,
3.53468853200253));
#13725=CARTESIAN_POINT('Ctrl Pts',(-16.4499995944013,-20.7499819675023,
3.5576745345195));
#13726=CARTESIAN_POINT('Ctrl Pts',(-16.4881647053389,-20.8704337538343,
3.58908314562307));
#13727=CARTESIAN_POINT('Ctrl Pts',(-16.4979535185679,-20.9349051473283,
3.59719760595633));
#13728=CARTESIAN_POINT('Ctrl Pts',(-16.4979535185679,-21.,3.59719760595633));
#13729=CARTESIAN_POINT('Ctrl Pts',(-15.9817090914436,-20.5,3.39828882116126));
#13730=CARTESIAN_POINT('Ctrl Pts',(-16.0557429597615,-20.5,3.35150520811686));
#13731=CARTESIAN_POINT('Ctrl Pts',(-16.1094686456357,-20.5,3.28234401390402));
#13732=CARTESIAN_POINT('Ctrl Pts',(-16.248809163657,-20.5,3.82096783817486));
#13733=CARTESIAN_POINT('Ctrl Pts',(-16.3968769002928,-20.5,3.72740061208606));
#13734=CARTESIAN_POINT('Ctrl Pts',(-16.5043282720413,-20.5,3.58907822366039));
#13735=CARTESIAN_POINT('Ctrl Pts',(-16.248809163657,-21.,3.82096783817486));
#13736=CARTESIAN_POINT('Ctrl Pts',(-16.3968769002928,-21.,3.72740061208606));
#13737=CARTESIAN_POINT('Ctrl Pts',(-16.5043282720413,-21.,3.58907822366039));
#13738=CARTESIAN_POINT('',(-16.2488091636571,-21.,3.82096783817483));
#13739=CARTESIAN_POINT('Origin',(-15.7146090192302,-21.,2.97560980414767));
#13740=CARTESIAN_POINT('',(-15.9927963127852,-20.5,3.39107560262516));
#13741=CARTESIAN_POINT('Origin',(-15.7146090192302,-20.5,2.97560980414767));
#13742=CARTESIAN_POINT('Ctrl Pts',(-15.9927963127852,-20.5,3.39107560262516));
#13743=CARTESIAN_POINT('Ctrl Pts',(-15.9940278318155,-20.5,3.3933078913303));
#13744=CARTESIAN_POINT('Ctrl Pts',(-15.9952656223016,-20.5000193649464,
3.39553761397878));
#13745=CARTESIAN_POINT('Ctrl Pts',(-16.0241241551376,-20.5009195998112,
3.44726369184314));
#13746=CARTESIAN_POINT('Ctrl Pts',(-16.058821841533,-20.5117151946508,3.50532425127034));
#13747=CARTESIAN_POINT('Ctrl Pts',(-16.1251340626281,-20.5684983824121,
3.61620483982735));
#13748=CARTESIAN_POINT('Ctrl Pts',(-16.1529717586384,-20.6060833908584,
3.66238273455054));
#13749=CARTESIAN_POINT('Ctrl Pts',(-16.1996749669546,-20.6998035863771,
3.73977403508599));
#13750=CARTESIAN_POINT('Ctrl Pts',(-16.2181071398664,-20.7550385720959,
3.77024089435364));
#13751=CARTESIAN_POINT('Ctrl Pts',(-16.2426109697116,-20.8742638619766,
3.81073509399751));
#13752=CARTESIAN_POINT('Ctrl Pts',(-16.248809163657,-20.9368571785451,3.82096783817486));
#13753=CARTESIAN_POINT('Ctrl Pts',(-16.248809163657,-21.,3.82096783817486));
#13754=CARTESIAN_POINT('Ctrl Pts',(-15.9158404666495,-20.5,3.33433466337772));
#13755=CARTESIAN_POINT('Ctrl Pts',(-15.911834379917,-20.5,3.3680896400941));
#13756=CARTESIAN_POINT('Ctrl Pts',(-15.9402341724722,-20.5,3.38676847750051));
#13757=CARTESIAN_POINT('Ctrl Pts',(-15.9686339650274,-20.5,3.40544731490692));
#13758=CARTESIAN_POINT('Ctrl Pts',(-15.99804159844,-20.5,3.38839919826309));
#13759=CARTESIAN_POINT('Ctrl Pts',(-15.4193250155899,-20.5,3.27540753160428));
#13760=CARTESIAN_POINT('Ctrl Pts',(-15.3788999585619,-20.5,3.61602593301503));
#13761=CARTESIAN_POINT('Ctrl Pts',(-15.6654796834368,-20.5,3.80451238320696));
#13762=CARTESIAN_POINT('Ctrl Pts',(-15.9520594083117,-20.5,3.99299883339889));
#13763=CARTESIAN_POINT('Ctrl Pts',(-16.2488091636571,-20.5,3.82096783817483));
#13764=CARTESIAN_POINT('Ctrl Pts',(-15.4193250155899,-21.,3.27540753160428));
#13765=CARTESIAN_POINT('Ctrl Pts',(-15.3788999585619,-21.,3.61602593301503));
#13766=CARTESIAN_POINT('Ctrl Pts',(-15.6654796834368,-21.,3.80451238320696));
#13767=CARTESIAN_POINT('Ctrl Pts',(-15.9520594083117,-21.,3.99299883339889));
#13768=CARTESIAN_POINT('Ctrl Pts',(-16.2488091636571,-21.,3.82096783817483));
#13769=CARTESIAN_POINT('',(-15.4193250155899,-21.,3.27540753160436));
#13770=CARTESIAN_POINT('Origin',(-15.9704571662661,-21.,3.3408166478728));
#13771=CARTESIAN_POINT('',(-15.9154605005707,-20.5,3.34021103876469));
#13772=CARTESIAN_POINT('Origin',(-15.9704571662661,-20.5,3.3408166478728));
#13773=CARTESIAN_POINT('Ctrl Pts',(-15.9154605005707,-20.5,3.34021103876469));
#13774=CARTESIAN_POINT('Ctrl Pts',(-15.9130393024809,-20.5,3.33997570698454));
#13775=CARTESIAN_POINT('Ctrl Pts',(-15.9106180060443,-20.5000176298661,
3.33973420616492));
#13776=CARTESIAN_POINT('Ctrl Pts',(-15.890994271573,-20.5003036692757,3.33773639719192));
#13777=CARTESIAN_POINT('Ctrl Pts',(-15.87378427634,-20.5014486379371,3.3357555325529));
#13778=CARTESIAN_POINT('Ctrl Pts',(-15.7928739650485,-20.5111194614603,
3.32610495195257));
#13779=CARTESIAN_POINT('Ctrl Pts',(-15.7312228046936,-20.531121095838,3.3178416459823));
#13780=CARTESIAN_POINT('Ctrl Pts',(-15.6185426385335,-20.5939728162796,
3.3027438040329));
#13781=CARTESIAN_POINT('Ctrl Pts',(-15.5687157293832,-20.6363086591458,
3.29593696107646));
#13782=CARTESIAN_POINT('Ctrl Pts',(-15.4879648821017,-20.7378656917304,
3.28487550151266));
#13783=CARTESIAN_POINT('Ctrl Pts',(-15.4578098972023,-20.796109791827,3.28071725571864));
#13784=CARTESIAN_POINT('Ctrl Pts',(-15.426115938244,-20.9045613576147,3.27634587642404));
#13785=CARTESIAN_POINT('Ctrl Pts',(-15.4193250155899,-20.9522028903196,
3.27540753160428));
#13786=CARTESIAN_POINT('Ctrl Pts',(-15.4193250155899,-20.9999999999998,
3.27540753160428));
#13787=CARTESIAN_POINT('Ctrl Pts',(-15.9690880463624,-20.5,3.19001424129248));
#13788=CARTESIAN_POINT('Ctrl Pts',(-15.9268627809565,-20.5,3.26673938103811));
#13789=CARTESIAN_POINT('Ctrl Pts',(-15.9132286311634,-20.5,3.35324851389124));
#13790=CARTESIAN_POINT('Ctrl Pts',(-15.5310438459878,-20.5,2.94893898640683));
#13791=CARTESIAN_POINT('Ctrl Pts',(-15.4465933151761,-20.5,3.10238926589809));
#13792=CARTESIAN_POINT('Ctrl Pts',(-15.4193250155899,-20.5,3.27540753160436));
#13793=CARTESIAN_POINT('Ctrl Pts',(-15.5310438459878,-21.,2.94893898640683));
#13794=CARTESIAN_POINT('Ctrl Pts',(-15.4465933151761,-21.,3.10238926589809));
#13795=CARTESIAN_POINT('Ctrl Pts',(-15.4193250155899,-21.,3.27540753160436));
#13796=CARTESIAN_POINT('',(-15.5261134092502,-21.,2.95800831076336));
#13797=CARTESIAN_POINT('Origin',(-16.407132246737,-21.,3.43108949617812));
#13798=CARTESIAN_POINT('',(-15.9690880463624,-20.5,3.19001424129248));
#13799=CARTESIAN_POINT('Origin',(-16.407132246737,-20.5,3.43108949617812));
#13800=CARTESIAN_POINT('Ctrl Pts',(-15.9690880463624,-20.5,3.19001424129248));
#13801=CARTESIAN_POINT('Ctrl Pts',(-15.9647975916184,-20.5,3.18772973318824));
#13802=CARTESIAN_POINT('Ctrl Pts',(-15.9605069573892,-20.5000708673841,
3.185446111839));
#13803=CARTESIAN_POINT('Ctrl Pts',(-15.901120572057,-20.5020328435784,3.15385211875019));
#13804=CARTESIAN_POINT('Ctrl Pts',(-15.8467416956324,-20.515524448636,3.12508392185363));
#13805=CARTESIAN_POINT('Ctrl Pts',(-15.7429006625651,-20.5655016765599,
3.07042437411689));
#13806=CARTESIAN_POINT('Ctrl Pts',(-15.6947411277497,-20.6024705644824,
3.04523304105074));
#13807=CARTESIAN_POINT('Ctrl Pts',(-15.6136029011519,-20.6951546687044,
3.00301234333842));
#13808=CARTESIAN_POINT('Ctrl Pts',(-15.5813977091014,-20.7499819675023,
2.98638608743343));
#13809=CARTESIAN_POINT('Ctrl Pts',(-15.5374413882804,-20.8704337538343,
2.96378258318717));
#13810=CARTESIAN_POINT('Ctrl Pts',(-15.5261134092502,-20.9349051473284,
2.95800831076336));
#13811=CARTESIAN_POINT('Ctrl Pts',(-15.5261134092502,-21.,2.95800831076336));
#13812=CARTESIAN_POINT('Origin',(-15.3911819442202,-21.,2.89248350824654));
#13813=CARTESIAN_POINT('',(-15.4736082909309,-21.,2.7671603365346));
#13814=CARTESIAN_POINT('Origin',(-15.3911819442202,-21.,2.89248350824654));
#13815=CARTESIAN_POINT('',(-15.7236283060137,-20.5,2.3339323319607));
#13816=CARTESIAN_POINT('Origin',(-15.3911819442202,-20.5,2.89248350824654));
#13817=CARTESIAN_POINT('Ctrl Pts',(-15.7236283060137,-20.5,2.33393233196071));
#13818=CARTESIAN_POINT('Ctrl Pts',(-15.7213518947343,-20.5,2.33794030222393));
#13819=CARTESIAN_POINT('Ctrl Pts',(-15.7190751904401,-20.5000637112497,
2.34194785290892));
#13820=CARTESIAN_POINT('Ctrl Pts',(-15.6858083670868,-20.5019255904462,
2.40049138078369));
#13821=CARTESIAN_POINT('Ctrl Pts',(-15.6551754764786,-20.5154483772102,
2.45421694616293));
#13822=CARTESIAN_POINT('Ctrl Pts',(-15.5966794357527,-20.5655930721688,
2.55630871840666));
#13823=CARTESIAN_POINT('Ctrl Pts',(-15.5695217859964,-20.6025993182671,
2.60341421388309));
#13824=CARTESIAN_POINT('Ctrl Pts',(-15.5235974061782,-20.6953318665278,
2.68250687075019));
#13825=CARTESIAN_POINT('Ctrl Pts',(-15.5052577962421,-20.7501592270512,
2.71375131876408));
#13826=CARTESIAN_POINT('Ctrl Pts',(-15.4801377402766,-20.8705545403287,
2.75626541233587));
#13827=CARTESIAN_POINT('Ctrl Pts',(-15.4736082909309,-20.9349638289935,
2.7671603365346));
#13828=CARTESIAN_POINT('Ctrl Pts',(-15.4736082909309,-21.,2.7671603365346));
#13829=CARTESIAN_POINT('Origin',(-11.5148933764516,-21.,10.1081614060242));
#13830=CARTESIAN_POINT('',(-15.0392999690456,-21.,2.54904249927005));
#13831=CARTESIAN_POINT('Origin',(-11.5148933764516,-21.,10.1081614060242));
#13832=CARTESIAN_POINT('',(-15.237500599161,-20.5,2.08978982142163));
#13833=CARTESIAN_POINT('Origin',(-11.5148933764516,-20.5,10.1081614060242));
#13834=CARTESIAN_POINT('Ctrl Pts',(-15.237500599161,-20.5,2.08978982142163));
#13835=CARTESIAN_POINT('Ctrl Pts',(-15.2369040569908,-20.5,2.0911463365985));
#13836=CARTESIAN_POINT('Ctrl Pts',(-15.2363075614766,-20.5000065852621,
2.09250286430266));
#13837=CARTESIAN_POINT('Ctrl Pts',(-15.2091866436599,-20.500605465566,2.15418569101644));
#13838=CARTESIAN_POINT('Ctrl Pts',(-15.1830574638146,-20.5142089162494,
2.21385509780428));
#13839=CARTESIAN_POINT('Ctrl Pts',(-15.1349460252674,-20.5655801655659,
2.32438922486621));
#13840=CARTESIAN_POINT('Ctrl Pts',(-15.1133824444171,-20.6025749389461,
2.37429441764024));
#13841=CARTESIAN_POINT('Ctrl Pts',(-15.0773628769613,-20.6952910966961,
2.45836569008971));
#13842=CARTESIAN_POINT('Ctrl Pts',(-15.0632495615543,-20.7501186359423,
2.49174127474249));
#13843=CARTESIAN_POINT('Ctrl Pts',(-15.0441420139785,-20.8705267944507,
2.53729399261237));
#13844=CARTESIAN_POINT('Ctrl Pts',(-15.0392999690456,-20.934949752736,2.54904249927006));
#13845=CARTESIAN_POINT('Ctrl Pts',(-15.0392999690456,-21.,2.54904249927006));
#13846=CARTESIAN_POINT('Origin',(-14.9879969475467,-21.,2.68999639238793));
#13847=CARTESIAN_POINT('',(-14.8548625001136,-21.,2.62089343364753));
#13848=CARTESIAN_POINT('Origin',(-14.9879969475467,-21.,2.68999639238793));
#13849=CARTESIAN_POINT('',(-14.4042390519214,-20.5,2.40411753815938));
#13850=CARTESIAN_POINT('Origin',(-14.9879969475467,-20.5,2.68999639238793));
#13851=CARTESIAN_POINT('Ctrl Pts',(-14.4042390519213,-20.5,2.40411753815937));
#13852=CARTESIAN_POINT('Ctrl Pts',(-14.4086335907685,-20.5,2.40619479777471));
#13853=CARTESIAN_POINT('Ctrl Pts',(-14.4130275255101,-20.5000708673841,
2.40827273089244));
#13854=CARTESIAN_POINT('Ctrl Pts',(-14.4738328903491,-20.5020328435784,
2.43704130348178));
#13855=CARTESIAN_POINT('Ctrl Pts',(-14.5293813415581,-20.5155244486359,
2.46348068551351));
#13856=CARTESIAN_POINT('Ctrl Pts',(-14.6352345975708,-20.5655016765599,
2.51413356794696));
#13857=CARTESIAN_POINT('Ctrl Pts',(-14.6842000300671,-20.6024705644824,
2.53772022679778));
#13858=CARTESIAN_POINT('Ctrl Pts',(-14.7665186200448,-20.6951546687044,
2.57759062778425));
#13859=CARTESIAN_POINT('Ctrl Pts',(-14.7990865326453,-20.7499819675023,
2.59349464769357));
#13860=CARTESIAN_POINT('Ctrl Pts',(-14.8434662222766,-20.8704337538342,
2.61525515532909));
#13861=CARTESIAN_POINT('Ctrl Pts',(-14.8548625001135,-20.9349051473283,
2.62089343364762));
#13862=CARTESIAN_POINT('Ctrl Pts',(-14.8548625001135,-21.,2.62089343364762));
#13863=CARTESIAN_POINT('Ctrl Pts',(-14.306661985731,-20.5,2.54640041896656));
#13864=CARTESIAN_POINT('Ctrl Pts',(-14.367911217888,-20.5,2.48380447926015));
#13865=CARTESIAN_POINT('Ctrl Pts',(-14.4042390519213,-20.5,2.40411753815937));
#13866=CARTESIAN_POINT('Ctrl Pts',(-14.664038830483,-20.5,2.89608855264449));
#13867=CARTESIAN_POINT('Ctrl Pts',(-14.786537294797,-20.5,2.77089667323168));
#13868=CARTESIAN_POINT('Ctrl Pts',(-14.8591929628636,-20.5,2.6115227910301));
#13869=CARTESIAN_POINT('Ctrl Pts',(-14.664038830483,-21.,2.89608855264449));
#13870=CARTESIAN_POINT('Ctrl Pts',(-14.786537294797,-21.,2.77089667323168));
#13871=CARTESIAN_POINT('Ctrl Pts',(-14.8591929628636,-21.,2.6115227910301));
#13872=CARTESIAN_POINT('',(-14.664038830483,-21.,2.89608855264448));
#13873=CARTESIAN_POINT('Origin',(-13.9492851409791,-21.,2.19671228528866));
#13874=CARTESIAN_POINT('',(-14.3157868669129,-20.5,2.53682474446585));
#13875=CARTESIAN_POINT('Origin',(-13.9492851409791,-20.5,2.19671228528866));
#13876=CARTESIAN_POINT('Ctrl Pts',(-14.3157868669129,-20.5,2.53682474446585));
#13877=CARTESIAN_POINT('Ctrl Pts',(-14.3174999913915,-20.5,2.53871285370613));
#13878=CARTESIAN_POINT('Ctrl Pts',(-14.3192186265057,-20.5000193649464,
2.54059701976206));
#13879=CARTESIAN_POINT('Ctrl Pts',(-14.3592281283033,-20.5009195998104,
2.5842735787841));
#13880=CARTESIAN_POINT('Ctrl Pts',(-14.406380220547,-20.5117151946319,2.63276727116664));
#13881=CARTESIAN_POINT('Ctrl Pts',(-14.496475810649,-20.5684983824124,2.72536640853122));
#13882=CARTESIAN_POINT('Ctrl Pts',(-14.5342124933612,-20.6060833908587,
2.7638797576209));
#13883=CARTESIAN_POINT('Ctrl Pts',(-14.5975044728137,-20.6998035863776,
2.82841446458205));
#13884=CARTESIAN_POINT('Ctrl Pts',(-14.6224659453978,-20.7550385720964,
2.85380933410934));
#13885=CARTESIAN_POINT('Ctrl Pts',(-14.655647876449,-20.874263861977,2.88756103530461));
#13886=CARTESIAN_POINT('Ctrl Pts',(-14.664038830483,-20.9368571785453,2.89608855264449));
#13887=CARTESIAN_POINT('Ctrl Pts',(-14.664038830483,-21.,2.89608855264449));
#13888=CARTESIAN_POINT('Ctrl Pts',(-14.2278200144582,-20.5,2.49936050404455));
#13889=CARTESIAN_POINT('Ctrl Pts',(-14.2317063456594,-20.5,2.53312947817505));
#13890=CARTESIAN_POINT('Ctrl Pts',(-14.2636482544836,-20.5,2.54475538221274));
#13891=CARTESIAN_POINT('Ctrl Pts',(-14.2955901633079,-20.5,2.55638128625042));
#13892=CARTESIAN_POINT('Ctrl Pts',(-14.3202735438916,-20.5,2.53301083681118));
#13893=CARTESIAN_POINT('Ctrl Pts',(-13.7310986698365,-20.5,2.55652610381768));
#13894=CARTESIAN_POINT('Ctrl Pts',(-13.7703152846848,-20.5,2.89728575186192));
#13895=CARTESIAN_POINT('Ctrl Pts',(-14.0926381828207,-20.5,3.01460169260583));
#13896=CARTESIAN_POINT('Ctrl Pts',(-14.4149610809567,-20.5,3.13191763334975));
#13897=CARTESIAN_POINT('Ctrl Pts',(-14.6640388304831,-20.5,2.8960885526446));
#13898=CARTESIAN_POINT('Ctrl Pts',(-13.7310986698367,-21.0000000000002,
2.55652610381766));
#13899=CARTESIAN_POINT('Ctrl Pts',(-13.7703152846849,-21.0000000000002,
2.8972857518618));
#13900=CARTESIAN_POINT('Ctrl Pts',(-14.0926381828208,-21.0000000000002,
3.01460169260569));
#13901=CARTESIAN_POINT('Ctrl Pts',(-14.4149610809567,-21.0000000000002,
3.13191763334957));
#13902=CARTESIAN_POINT('Ctrl Pts',(-14.664038830483,-21.0000000000002,2.89608855264448));
#13903=CARTESIAN_POINT('',(-13.7310986698367,-21.,2.5565261038177));
#13904=CARTESIAN_POINT('Origin',(-14.2824593623666,-21.,2.49307228806951));
#13905=CARTESIAN_POINT('',(-14.2288054758409,-20.5,2.50516610718057));
#13906=CARTESIAN_POINT('Origin',(-14.2824593623666,-20.5,2.49307228806951));
#13907=CARTESIAN_POINT('Ctrl Pts',(-14.2288054758409,-20.5,2.50516610718057));
#13908=CARTESIAN_POINT('Ctrl Pts',(-14.2263952702161,-20.5,2.50549548550466));
#13909=CARTESIAN_POINT('Ctrl Pts',(-14.2239835462154,-20.5000176298661,
2.50581888375705));
#13910=CARTESIAN_POINT('Ctrl Pts',(-14.1752001141484,-20.5007311878761,
2.51225894727641));
#13911=CARTESIAN_POINT('Ctrl Pts',(-14.1183156313742,-20.5081714149353,
2.51824154824233));
#13912=CARTESIAN_POINT('Ctrl Pts',(-14.0047555883788,-20.5499909340452,
2.52990414125866));
#13913=CARTESIAN_POINT('Ctrl Pts',(-13.9555965715727,-20.5782902163665,
2.53475644938739));
#13914=CARTESIAN_POINT('Ctrl Pts',(-13.8621958887207,-20.6556556301263,
2.54390961189293));
#13915=CARTESIAN_POINT('Ctrl Pts',(-13.8207240967146,-20.7064797977827,
2.5479111840679));
#13916=CARTESIAN_POINT('Ctrl Pts',(-13.7595073554729,-20.8212363025058,
2.55380640619422));
#13917=CARTESIAN_POINT('Ctrl Pts',(-13.7403465642544,-20.8840698611935,
2.55564019206887));
#13918=CARTESIAN_POINT('Ctrl Pts',(-13.7319680660088,-20.9658580936111,
2.55644284330341));
#13919=CARTESIAN_POINT('Ctrl Pts',(-13.7310986698367,-20.9829389579356,
2.55652610381766));
#13920=CARTESIAN_POINT('Ctrl Pts',(-13.7310986698367,-21.0000000000002,
2.55652610381766));
#13921=CARTESIAN_POINT('Ctrl Pts',(-14.2463497189635,-20.5,2.34665052065398));
#13922=CARTESIAN_POINT('Ctrl Pts',(-14.2229566759617,-20.5,2.43104534067698));
#13923=CARTESIAN_POINT('Ctrl Pts',(-14.2296404154409,-20.5,2.51836685998451));
#13924=CARTESIAN_POINT('Ctrl Pts',(-13.7645172768818,-20.5,2.2130934251566));
#13925=CARTESIAN_POINT('Ctrl Pts',(-13.7177311908781,-20.5,2.38188306520263));
#13926=CARTESIAN_POINT('Ctrl Pts',(-13.7310986698365,-20.5,2.55652610381771));
#13927=CARTESIAN_POINT('Ctrl Pts',(-13.7645172768819,-21.0000000000002,
2.21309342515664));
#13928=CARTESIAN_POINT('Ctrl Pts',(-13.7177311908782,-21.0000000000002,
2.38188306520265));
#13929=CARTESIAN_POINT('Ctrl Pts',(-13.7310986698367,-21.0000000000002,
2.5565261038177));
#13930=CARTESIAN_POINT('',(-13.7618112708381,-21.,2.22305532166317));
#13931=CARTESIAN_POINT('Origin',(-14.7281821610451,-21.,2.48020761615132));
#13932=CARTESIAN_POINT('',(-14.2463497189635,-20.5,2.34665052065398));
#13933=CARTESIAN_POINT('Origin',(-14.7281821610451,-20.5,2.48020761615132));
#13934=CARTESIAN_POINT('Ctrl Pts',(-14.2463497189635,-20.5,2.34665052065398));
#13935=CARTESIAN_POINT('Ctrl Pts',(-14.2416480701568,-20.5,2.34541703871802));
#13936=CARTESIAN_POINT('Ctrl Pts',(-14.2369464512025,-20.5000708673841,
2.34418446102679));
#13937=CARTESIAN_POINT('Ctrl Pts',(-14.1718747573463,-20.5020328435784,
2.32713753107427));
#13938=CARTESIAN_POINT('Ctrl Pts',(-14.1123272677966,-20.515524448636,2.31168541658487));
#13939=CARTESIAN_POINT('Ctrl Pts',(-13.9986799240189,-20.5655016765599,
2.282446614291));
#13940=CARTESIAN_POINT('Ctrl Pts',(-13.9460090144871,-20.6024705644824,
2.26904066992393));
#13941=CARTESIAN_POINT('Ctrl Pts',(-13.857321116322,-20.6951546687044,2.24666979936));
#13942=CARTESIAN_POINT('Ctrl Pts',(-13.8221497409085,-20.7499819675022,
2.23791873474186));
#13943=CARTESIAN_POINT('Ctrl Pts',(-13.7741655415904,-20.8704337538342,
2.22606153607869));
#13944=CARTESIAN_POINT('Ctrl Pts',(-13.7618112708381,-20.9349051473283,
2.22305532166317));
#13945=CARTESIAN_POINT('Ctrl Pts',(-13.7618112708381,-21.,2.22305532166317));
#13946=CARTESIAN_POINT('Origin',(-13.6154058415232,-21.,2.19041408597686));
#13947=CARTESIAN_POINT('',(-13.6667088630221,-21.,2.04946019285897));
#13948=CARTESIAN_POINT('Origin',(-13.6154058415232,-21.,2.19041408597686));
#13949=CARTESIAN_POINT('',(-13.8100803027358,-20.5,1.57025132173541));
#13950=CARTESIAN_POINT('Origin',(-13.6154058415232,-20.5,2.19041408597686));
#13951=CARTESIAN_POINT('Ctrl Pts',(-13.8100803027358,-20.5,1.57025132173541));
#13952=CARTESIAN_POINT('Ctrl Pts',(-13.8087895539692,-20.5,1.5746762332109));
#13953=CARTESIAN_POINT('Ctrl Pts',(-13.8074984233249,-20.5000637112497,
1.57910080399174));
#13954=CARTESIAN_POINT('Ctrl Pts',(-13.7886293781576,-20.5019255904462,
1.64373814093068));
#13955=CARTESIAN_POINT('Ctrl Pts',(-13.7712121691214,-20.5154483772103,
1.70307995748286));
#13956=CARTESIAN_POINT('Ctrl Pts',(-13.7378368796955,-20.5655930721688,
1.81590994815984));
#13957=CARTESIAN_POINT('Ctrl Pts',(-13.7222745427591,-20.6025993182672,
1.86800869395512));
#13958=CARTESIAN_POINT('Ctrl Pts',(-13.6958280824752,-20.6953318665277,
1.95556028886024));
#13959=CARTESIAN_POINT('Ctrl Pts',(-13.685188284683,-20.7501592270512,1.99019194384876));
#13960=CARTESIAN_POINT('Ctrl Pts',(-13.6705497677849,-20.8705545403287,
2.03735314810573));
#13961=CARTESIAN_POINT('Ctrl Pts',(-13.6667088630221,-20.9349638289935,
2.04946019285898));
#13962=CARTESIAN_POINT('Ctrl Pts',(-13.6667088630221,-21.,2.04946019285898));
#13963=CARTESIAN_POINT('Origin',(-11.5076529751617,-21.,10.1055261154705));
#13964=CARTESIAN_POINT('',(-13.1938059431962,-21.,1.937380141949));
#13965=CARTESIAN_POINT('Origin',(-11.5076529751617,-21.,10.1055261154705));
#13966=CARTESIAN_POINT('',(-13.2807530934829,-20.5,1.44479846857276));
#13967=CARTESIAN_POINT('Origin',(-11.5076529751617,-20.5,10.1055261154705));
#13968=CARTESIAN_POINT('Ctrl Pts',(-13.2807530934829,-20.5,1.44479846857275));
#13969=CARTESIAN_POINT('Ctrl Pts',(-13.2804854651128,-20.5,1.44625599079931));
#13970=CARTESIAN_POINT('Ctrl Pts',(-13.2802178850302,-20.5000065852621,
1.44771351445645));
#13971=CARTESIAN_POINT('Ctrl Pts',(-13.2680530538534,-20.500605465566,1.51398818666824));
#13972=CARTESIAN_POINT('Ctrl Pts',(-13.2563889016381,-20.5142089162487,
1.57807500043621));
#13973=CARTESIAN_POINT('Ctrl Pts',(-13.2350652371023,-20.5655801655659,
1.6967249270927));
#13974=CARTESIAN_POINT('Ctrl Pts',(-13.2255918348507,-20.6025749389461,
1.7502578229109));
#13975=CARTESIAN_POINT('Ctrl Pts',(-13.2099313491977,-20.6952910966961,
1.84036962724357));
#13976=CARTESIAN_POINT('Ctrl Pts',(-13.2038953995503,-20.7501186359423,
1.87610032321419));
#13977=CARTESIAN_POINT('Ctrl Pts',(-13.1958080780885,-20.8705267944507,
1.92483166540038));
#13978=CARTESIAN_POINT('Ctrl Pts',(-13.1938059431963,-20.934949752736,1.937380141949));
#13979=CARTESIAN_POINT('Ctrl Pts',(-13.1938059431963,-21.,1.937380141949));
#13980=CARTESIAN_POINT('Origin',(-13.1763920060774,-21.,2.08636589561029));
#13981=CARTESIAN_POINT('Origin',(-13.1763920060774,-21.,2.08636589561029));
#13982=CARTESIAN_POINT('Origin',(-13.1763920060774,-20.5,2.08636589561029));
#13983=CARTESIAN_POINT('Origin',(-12.4444584540291,-20.5,2.05745807055756));
#13984=CARTESIAN_POINT('',(-11.9225932172943,-28.,2.24635400669098));
#13985=CARTESIAN_POINT('',(-11.9225932172943,-20.5,2.24635400669098));
#13986=CARTESIAN_POINT('',(-12.9086943449767,-28.,2.36161269826536));
#13987=CARTESIAN_POINT('Origin',(-12.4444584540291,-28.,2.05745807055756));
#13988=CARTESIAN_POINT('',(-12.9086943449767,-20.5,2.36161269826536));
#13989=CARTESIAN_POINT('Origin',(-12.8751999394675,-20.5,1.94214941620886));
#13990=CARTESIAN_POINT('',(-11.8755743013671,-28.,1.91478915940458));
#13991=CARTESIAN_POINT('',(-11.8755743013671,-20.5,1.91478915940458));
#13992=CARTESIAN_POINT('Origin',(-12.8751999394675,-28.,1.94214941620886));
#13993=CARTESIAN_POINT('Origin',(-11.7255876623573,-20.5,1.91679118801349));
#13994=CARTESIAN_POINT('',(-11.7430015994761,-28.,1.7678054343522));
#13995=CARTESIAN_POINT('',(-11.7430015994761,-20.5,1.7678054343522));
#13996=CARTESIAN_POINT('Origin',(-11.7255876623573,-28.,1.91679118801349));
#13997=CARTESIAN_POINT('Origin',(-11.5,-20.5,10.1046316109628));
#13998=CARTESIAN_POINT('',(-11.2569984005239,-28.,1.7678054343522));
#13999=CARTESIAN_POINT('',(-11.2569984005239,-20.5,1.7678054343522));
#14000=CARTESIAN_POINT('Origin',(-11.5,-28.,10.1046316109628));
#14001=CARTESIAN_POINT('Origin',(-11.2744123376427,-20.5,1.91679118801349));
#14002=CARTESIAN_POINT('',(-11.1244256986329,-28.,1.91478915940458));
#14003=CARTESIAN_POINT('',(-11.1244256986329,-20.5,1.91478915940458));
#14004=CARTESIAN_POINT('Origin',(-11.2744123376427,-28.,1.91679118801349));
#14005=CARTESIAN_POINT('Origin',(-10.1248000605325,-20.5,1.94214941620886));
#14006=CARTESIAN_POINT('',(-11.0774067827057,-28.,2.24635400669098));
#14007=CARTESIAN_POINT('',(-11.0774067827057,-20.5,2.24635400669098));
#14008=CARTESIAN_POINT('Origin',(-10.1248000605325,-28.,1.94214941620886));
#14009=CARTESIAN_POINT('Origin',(-10.5555415459709,-20.5,2.05745807055756));
#14010=CARTESIAN_POINT('',(-10.0913056550233,-28.,2.36161269826537));
#14011=CARTESIAN_POINT('',(-10.0913056550233,-20.5,2.36161269826537));
#14012=CARTESIAN_POINT('Origin',(-10.5555415459709,-28.,2.05745807055756));
#14013=CARTESIAN_POINT('Origin',(-10.9480803331959,-20.5,1.84592175318083));
#14014=CARTESIAN_POINT('',(-9.9690900240956,-28.,2.04982853258666));
#14015=CARTESIAN_POINT('',(-9.9690900240956,-20.5,2.04982853258666));
#14016=CARTESIAN_POINT('Origin',(-10.9480803331959,-28.,1.84592175318083));
#14017=CARTESIAN_POINT('Origin',(-9.82360799392253,-20.5,2.08636589561029));
#14018=CARTESIAN_POINT('',(-9.80619405680374,-28.,1.937380141949));
#14019=CARTESIAN_POINT('',(-9.80619405680374,-20.5,1.937380141949));
#14020=CARTESIAN_POINT('Origin',(-9.82360799392253,-28.,2.08636589561029));
#14021=CARTESIAN_POINT('Origin',(-11.4923470248383,-20.5,10.1055261154705));
#14022=CARTESIAN_POINT('',(-9.33329113697791,-28.,2.04946019285898));
#14023=CARTESIAN_POINT('',(-9.33329113697791,-20.5,2.04946019285898));
#14024=CARTESIAN_POINT('Origin',(-11.4923470248383,-28.,10.1055261154705));
#14025=CARTESIAN_POINT('Origin',(-9.38459415847674,-20.5,2.19041408597687));
#14026=CARTESIAN_POINT('',(-9.23818872916188,-28.,2.22305532166318));
#14027=CARTESIAN_POINT('',(-9.23818872916188,-20.5,2.22305532166318));
#14028=CARTESIAN_POINT('Origin',(-9.38459415847674,-28.,2.19041408597687));
#14029=CARTESIAN_POINT('Origin',(-8.27181783895487,-20.5,2.48020761615132));
#14030=CARTESIAN_POINT('',(-9.26890133016326,-28.,2.5565261038177));
#14031=CARTESIAN_POINT('',(-9.26890133016326,-20.5,2.5565261038177));
#14032=CARTESIAN_POINT('Origin',(-8.27181783895487,-28.,2.48020761615132));
#14033=CARTESIAN_POINT('Origin',(-8.71754063763341,-20.5,2.49307228806952));
#14034=CARTESIAN_POINT('',(-8.33596116951696,-28.,2.89608855264449));
#14035=CARTESIAN_POINT('',(-8.33596116951696,-20.5,2.89608855264449));
#14036=CARTESIAN_POINT('Origin',(-8.71754063763341,-28.,2.49307228806952));
#14037=CARTESIAN_POINT('Origin',(-9.05071485902085,-20.5,2.19671228528866));
#14038=CARTESIAN_POINT('',(-8.1451374998864,-28.,2.62089343364754));
#14039=CARTESIAN_POINT('',(-8.1451374998864,-20.5,2.62089343364754));
#14040=CARTESIAN_POINT('Origin',(-9.05071485902085,-28.,2.19671228528866));
#14041=CARTESIAN_POINT('Origin',(-8.01200305245327,-20.5,2.68999639238794));
#14042=CARTESIAN_POINT('',(-7.96070003095442,-28.,2.54904249927005));
#14043=CARTESIAN_POINT('',(-7.96070003095442,-20.5,2.54904249927005));
#14044=CARTESIAN_POINT('Origin',(-8.01200305245327,-28.,2.68999639238794));
#14045=CARTESIAN_POINT('Origin',(-11.4851066235484,-20.5,10.1081614060242));
#14046=CARTESIAN_POINT('',(-7.52639170906912,-28.,2.76716033653461));
#14047=CARTESIAN_POINT('',(-7.52639170906912,-20.5,2.76716033653461));
#14048=CARTESIAN_POINT('Origin',(-11.4851066235484,-28.,10.1081614060242));
#14049=CARTESIAN_POINT('Origin',(-7.60881805577975,-20.5,2.89248350824655));
#14050=CARTESIAN_POINT('',(-7.47388659074979,-28.,2.95800831076337));
#14051=CARTESIAN_POINT('',(-7.47388659074979,-20.5,2.95800831076337));
#14052=CARTESIAN_POINT('Origin',(-7.60881805577975,-28.,2.89248350824655));
#14053=CARTESIAN_POINT('Origin',(-6.592867753263,-20.5,3.43108949617813));
#14054=CARTESIAN_POINT('',(-7.58067498441008,-28.,3.27540753160437));
#14055=CARTESIAN_POINT('',(-7.58067498441008,-20.5,3.27540753160437));
#14056=CARTESIAN_POINT('Origin',(-6.592867753263,-28.,3.43108949617813));
#14057=CARTESIAN_POINT('Origin',(-7.02954283373387,-20.5,3.34081664787281));
#14058=CARTESIAN_POINT('',(-6.7511908363429,-28.,3.82096783817484));
#14059=CARTESIAN_POINT('',(-6.7511908363429,-20.5,3.82096783817484));
#14060=CARTESIAN_POINT('Origin',(-7.02954283373387,-28.,3.34081664787281));
#14061=CARTESIAN_POINT('Origin',(-7.28539098076981,-20.5,2.97560980414768));
#14062=CARTESIAN_POINT('',(-6.50204648143211,-28.,3.59719760595638));
#14063=CARTESIAN_POINT('',(-6.50204648143211,-20.5,3.59719760595638));
#14064=CARTESIAN_POINT('Origin',(-7.28539098076981,-28.,2.97560980414768));
#14065=CARTESIAN_POINT('Origin',(-6.38843692926062,-20.5,3.69514080202121));
#14066=CARTESIAN_POINT('',(-6.30601058255,-28.,3.56981763030927));
#14067=CARTESIAN_POINT('',(-6.30601058255,-20.5,3.56981763030927));
#14068=CARTESIAN_POINT('Origin',(-6.38843692926062,-28.,3.69514080202121));
#14069=CARTESIAN_POINT('Origin',(-11.478669128038,-20.5,10.1123954134279));
#14070=CARTESIAN_POINT('',(-5.93371053265462,-28.,3.88221446486378));
#14071=CARTESIAN_POINT('',(-5.93371053265462,-20.5,3.88221446486378));
#14072=CARTESIAN_POINT('Origin',(-11.478669128038,-28.,10.1123954134279));
#14073=CARTESIAN_POINT('Origin',(-6.04281657889057,-20.5,3.9851507105441));
#14074=CARTESIAN_POINT('',(-5.92663326835098,-28.,4.08002662082728));
#14075=CARTESIAN_POINT('',(-5.92663326835098,-20.5,4.08002662082728));
#14076=CARTESIAN_POINT('Origin',(-6.04281657889057,-28.,3.9851507105441));
#14077=CARTESIAN_POINT('Origin',(-5.17846243715656,-20.5,4.74353276801044));
#14078=CARTESIAN_POINT('',(-6.10374046472681,-28.,4.3642432062035));
#14079=CARTESIAN_POINT('',(-6.10374046472681,-20.5,4.3642432062035));
#14080=CARTESIAN_POINT('Origin',(-5.17846243715656,-28.,4.74353276801044));
#14081=CARTESIAN_POINT('Origin',(-5.58254853280244,-20.5,4.55498903210001));
#14082=CARTESIAN_POINT('',(-5.42243003436502,-28.,5.08639007317741));
#14083=CARTESIAN_POINT('',(-5.42243003436502,-20.5,5.08639007317741));
#14084=CARTESIAN_POINT('Origin',(-5.58254853280244,-28.,4.55498903210001));
#14085=CARTESIAN_POINT('Origin',(-5.74727776565634,-20.5,4.14062374290609));
#14086=CARTESIAN_POINT('',(-5.12839643083586,-28.,4.92610823887709));
#14087=CARTESIAN_POINT('',(-5.12839643083586,-20.5,4.92610823887709));
#14088=CARTESIAN_POINT('Origin',(-5.74727776565634,-28.,4.14062374290609));
#14089=CARTESIAN_POINT('Origin',(-5.04043649429032,-20.5,5.04761152921486));
#14090=CARTESIAN_POINT('',(-4.93133044805436,-28.,4.94467528353455));
#14091=CARTESIAN_POINT('',(-4.93133044805436,-20.5,4.94467528353455));
#14092=CARTESIAN_POINT('Origin',(-5.04043649429032,-28.,5.04761152921486));
#14093=CARTESIAN_POINT('Origin',(-11.4733815853564,-20.5,10.1179998812466));
#14094=CARTESIAN_POINT('',(-4.64110946220502,-28.,5.33450972116726));
#14095=CARTESIAN_POINT('',(-4.64110946220502,-20.5,5.33450972116726));
#14096=CARTESIAN_POINT('Origin',(-11.4733815853564,-28.,10.1179998812466));
#14097=CARTESIAN_POINT('Origin',(-4.77101327277268,-20.5,5.40950972116727));
#14098=CARTESIAN_POINT('',(-4.67984158906759,-28.,5.52862195433574));
#14099=CARTESIAN_POINT('',(-4.67984158906759,-20.5,5.52862195433574));
#14100=CARTESIAN_POINT('Origin',(-4.77101327277268,-28.,5.40950972116727));
#14101=CARTESIAN_POINT('Origin',(-4.10485284733202,-20.5,6.34678327515049));
#14102=CARTESIAN_POINT('',(-4.91771969335984,-28.,5.76433371456281));
#14103=CARTESIAN_POINT('',(-4.91771969335984,-20.5,5.76433371456281));
#14104=CARTESIAN_POINT('Origin',(-4.10485284733202,-28.,6.34678327515049));
#14105=CARTESIAN_POINT('Origin',(-4.45456557214285,-20.5,6.0701330932406));
#14106=CARTESIAN_POINT('',(-4.42131260235489,-28.,6.62413601742086));
#14107=CARTESIAN_POINT('',(-4.42131260235489,-20.5,6.62413601742086));
#14108=CARTESIAN_POINT('Origin',(-4.45456557214285,-28.,6.0701330932406));
#14109=CARTESIAN_POINT('Origin',(-4.51929529523299,-20.5,5.62894789857279));
#14110=CARTESIAN_POINT('',(-4.09824117788137,-28.,6.53598341621323));
#14111=CARTESIAN_POINT('',(-4.09824117788137,-20.5,6.53598341621323));
#14112=CARTESIAN_POINT('Origin',(-4.51929529523299,-28.,5.62894789857279));
#14113=CARTESIAN_POINT('Origin',(-4.04067279990852,-20.5,6.67449652699186));
#14114=CARTESIAN_POINT('',(-3.91076898934086,-28.,6.59949652699187));
#14115=CARTESIAN_POINT('',(-3.91076898934086,-20.5,6.59949652699187));
#14116=CARTESIAN_POINT('Origin',(-4.04067279990852,-28.,6.67449652699186));
#14117=CARTESIAN_POINT('Origin',(-11.4695290482981,-20.5,10.1246726711696));
#14118=CARTESIAN_POINT('',(-3.71827295600558,-28.,7.04575249226513));
#14119=CARTESIAN_POINT('',(-3.71827295600558,-20.5,7.04575249226513));
#14120=CARTESIAN_POINT('Origin',(-11.4695290482981,-28.,10.1246726711696));
#14121=CARTESIAN_POINT('Origin',(-3.8619713828529,-20.5,7.0887729771718));
#14122=CARTESIAN_POINT('',(-3.80072641504977,-28.,7.22570016190439));
#14123=CARTESIAN_POINT('',(-3.80072641504977,-20.5,7.22570016190439));
#14124=CARTESIAN_POINT('Origin',(-3.8619713828529,-28.,7.0887729771718));
#14125=CARTESIAN_POINT('Origin',(-3.4299175546703,-20.5,8.15440936777245));
#14126=CARTESIAN_POINT('',(-4.0865513570836,-28.,7.40019981497676));
#14127=CARTESIAN_POINT('',(-4.0865513570836,-20.5,7.40019981497676));
#14128=CARTESIAN_POINT('Origin',(-3.4299175546703,-28.,8.15440936777245));
#14129=CARTESIAN_POINT('Origin',(-3.70640380513177,-20.5,7.80456702277809));
#14130=CARTESIAN_POINT('',(-3.80180904020174,-28.,8.35130538902033));
#14131=CARTESIAN_POINT('',(-3.80180904020174,-20.5,8.35130538902033));
#14132=CARTESIAN_POINT('Origin',(-3.70640380513177,-28.,7.80456702277809));
#14133=CARTESIAN_POINT('Origin',(-3.6676444223317,-20.5,7.36034633067747));
#14134=CARTESIAN_POINT('',(-3.46711665890116,-28.,8.34003435045394));
#14135=CARTESIAN_POINT('',(-3.46711665890116,-20.5,8.34003435045394));
#14136=CARTESIAN_POINT('Origin',(-3.6676444223317,-28.,7.36034633067747));
#14137=CARTESIAN_POINT('Origin',(-3.44304336565853,-20.5,8.48809000401859));
#14138=CARTESIAN_POINT('',(-3.29934493881121,-28.,8.44506951911192));
#14139=CARTESIAN_POINT('',(-3.29934493881121,-20.5,8.44506951911192));
#14140=CARTESIAN_POINT('Origin',(-3.44304336565853,-28.,8.48809000401859));
#14141=CARTESIAN_POINT('Origin',(-11.4673192081333,-20.5,10.1320540513648));
#14142=CARTESIAN_POINT('',(-3.21495136897286,-28.,8.9236892374288));
#14143=CARTESIAN_POINT('',(-3.21495136897286,-20.5,8.9236892374288));
#14144=CARTESIAN_POINT('Origin',(-11.4673192081333,-28.,10.1320540513648));
#14145=CARTESIAN_POINT('Origin',(-3.36469759271355,-20.5,8.93241096176537));
#14146=CARTESIAN_POINT('',(-3.3366810728793,-28.,9.07977131809087));
#14147=CARTESIAN_POINT('',(-3.3366810728793,-20.5,9.07977131809087));
#14148=CARTESIAN_POINT('Origin',(-3.36469759271355,-28.,8.93241096176537));
#14149=CARTESIAN_POINT('Origin',(-3.19004249549929,-20.5,10.0689614553365));
#14150=CARTESIAN_POINT('',(-3.65504395604663,-28.,9.18365154254387));
#14151=CARTESIAN_POINT('',(-3.65504395604663,-20.5,9.18365154254387));
#14152=CARTESIAN_POINT('Origin',(-3.19004249549929,-28.,10.0689614553365));
#14153=CARTESIAN_POINT('Origin',(-3.37839682628323,-20.5,9.66478703862961));
#14154=CARTESIAN_POINT('',(-3.59731694529377,-28.,10.1747860400918));
#14155=CARTESIAN_POINT('',(-3.59731694529377,-20.5,10.1747860400918));
#14156=CARTESIAN_POINT('Origin',(-3.37839682628323,-28.,9.66478703862961));
#14157=CARTESIAN_POINT('Origin',(-3.23823786595218,-20.5,9.24147890158956));
#14158=CARTESIAN_POINT('',(-3.26904696007393,-28.,10.2410041887731));
#14159=CARTESIAN_POINT('',(-3.26904696007393,-20.5,10.2410041887731));
#14160=CARTESIAN_POINT('Origin',(-3.23823786595218,-28.,9.24147890158956));
#14161=CARTESIAN_POINT('Origin',(-3.27976654903139,-20.5,10.3906206665173));
#14162=CARTESIAN_POINT('',(-3.1300203252907,-28.,10.3818989421808));
#14163=CARTESIAN_POINT('',(-3.1300203252907,-20.5,10.3818989421808));
#14164=CARTESIAN_POINT('Origin',(-3.27976654903139,-28.,10.3906206665173));
#14165=CARTESIAN_POINT('Origin',(-11.466871197917,-20.5,10.1397460897153));
#14166=CARTESIAN_POINT('',(-3.15827889814372,-28.,10.8670799006407));
#14167=CARTESIAN_POINT('',(-3.15827889814372,-20.5,10.8670799006407));
#14168=CARTESIAN_POINT('Origin',(-11.466871197917,-28.,10.1397460897153));
#14169=CARTESIAN_POINT('Origin',(-3.30600006109555,-20.5,10.8410326739907));
#14170=CARTESIAN_POINT('',(-3.31272236706626,-28.,10.9908819669567));
#14171=CARTESIAN_POINT('',(-3.31272236706626,-20.5,10.9908819669567));
#14172=CARTESIAN_POINT('Origin',(-3.30600006109555,-28.,10.8410326739907));
#14173=CARTESIAN_POINT('Origin',(-3.39815939634825,-20.5,11.9872255392387));
#14174=CARTESIAN_POINT('',(-3.64646016593038,-28.,11.0185425530017));
#14175=CARTESIAN_POINT('',(-3.64646016593038,-20.5,11.0185425530017));
#14176=CARTESIAN_POINT('Origin',(-3.39815939634825,-28.,11.9872255392387));
#14177=CARTESIAN_POINT('Origin',(-3.48822757672837,-20.5,11.5505081982406));
#14178=CARTESIAN_POINT('',(-3.81886053939829,-28.,11.9962736567455));
#14179=CARTESIAN_POINT('',(-3.81886053939829,-20.5,11.9962736567455));
#14180=CARTESIAN_POINT('Origin',(-3.48822757672837,-28.,11.5505081982406));
#14181=CARTESIAN_POINT('Origin',(-3.25422504469659,-20.5,11.1709332674982));
#14182=CARTESIAN_POINT('',(-3.51471007013191,-28.,12.1364111551393));
#14183=CARTESIAN_POINT('',(-3.51471007013191,-20.5,12.1364111551393));
#14184=CARTESIAN_POINT('Origin',(-3.25422504469659,-28.,11.1709332674982));
#14185=CARTESIAN_POINT('Origin',(-3.55964464547408,-20.5,12.2795225940211));
#14186=CARTESIAN_POINT('',(-3.41192348252225,-28.,12.3055698206711));
#14187=CARTESIAN_POINT('',(-3.41192348252225,-20.5,12.3055698206711));
#14188=CARTESIAN_POINT('Origin',(-3.55964464547408,-28.,12.2795225940211));
#14189=CARTESIAN_POINT('Origin',(-11.4682091699961,-20.5,10.1473341064428));
#14190=CARTESIAN_POINT('',(-3.55131077108968,-28.,12.7711557882191));
#14191=CARTESIAN_POINT('',(-3.55131077108968,-20.5,12.7711557882191));
#14192=CARTESIAN_POINT('Origin',(-11.4682091699961,-28.,10.1473341064428));
#14193=CARTESIAN_POINT('Origin',(-3.68904318712172,-20.5,12.7117438233133));
#14194=CARTESIAN_POINT('',(-3.7301419176425,-28.,12.8560036387491));
#14195=CARTESIAN_POINT('',(-3.7301419176425,-20.5,12.8560036387491));
#14196=CARTESIAN_POINT('Origin',(-3.68904318712172,-28.,12.7117438233133));
#14197=CARTESIAN_POINT('Origin',(-4.04304862122334,-20.5,13.8057875061917));
#14198=CARTESIAN_POINT('',(-4.06126274108184,-28.,12.8059533970327));
#14199=CARTESIAN_POINT('',(-4.06126274108184,-20.5,12.8059533970327));
#14200=CARTESIAN_POINT('Origin',(-4.04304862122334,-28.,13.8057875061917));
#14201=CARTESIAN_POINT('Origin',(-4.02997505228209,-20.5,13.3600707857957));
#14202=CARTESIAN_POINT('',(-4.45449635001268,-28.,13.7175713700933));
#14203=CARTESIAN_POINT('',(-4.45449635001268,-20.5,13.7175713700933));
#14204=CARTESIAN_POINT('Origin',(-4.02997505228209,-28.,13.3600707857957));
#14205=CARTESIAN_POINT('Origin',(-3.71474408562071,-20.5,13.0446920441166));
#14206=CARTESIAN_POINT('',(-4.19086222722433,-28.,13.9240733693879));
#14207=CARTESIAN_POINT('',(-4.19086222722433,-20.5,13.9240733693879));
#14208=CARTESIAN_POINT('Origin',(-3.71474408562071,-28.,13.0446920441166));
#14209=CARTESIAN_POINT('Origin',(-4.26758935436364,-20.5,14.0529645946941));
#14210=CARTESIAN_POINT('',(-4.1298569383316,-28.,14.1123765596));
#14211=CARTESIAN_POINT('',(-4.1298569383316,-20.5,14.1123765596));
#14212=CARTESIAN_POINT('Origin',(-4.26758935436364,-28.,14.0529645946941));
#14213=CARTESIAN_POINT('Origin',(-11.4712609939495,-20.5,10.1544090296013));
#14214=CARTESIAN_POINT('',(-4.37285853780771,-28.,14.5332676762131));
#14215=CARTESIAN_POINT('',(-4.37285853780771,-20.5,14.5332676762131));
#14216=CARTESIAN_POINT('Origin',(-11.4712609939495,-28.,10.1544090296013));
#14217=CARTESIAN_POINT('Origin',(-4.49317701672097,-20.5,14.4436938874577));
#14218=CARTESIAN_POINT('',(-4.56643652859144,-28.,14.5745871413729));
#14219=CARTESIAN_POINT('',(-4.56643652859144,-20.5,14.5745871413729));
#14220=CARTESIAN_POINT('Origin',(-4.49317701672097,-28.,14.4436938874577));
#14221=CARTESIAN_POINT('Origin',(-5.0899440250882,-20.5,15.4266082098399));
#14222=CARTESIAN_POINT('',(-4.87708956730695,-28.,14.449524293381));
#14223=CARTESIAN_POINT('',(-4.87708956730695,-20.5,14.449524293381));
#14224=CARTESIAN_POINT('Origin',(-5.0899440250882,-28.,15.4266082098399));
#14225=CARTESIAN_POINT('Origin',(-4.97443350631117,-20.5,14.995920813812));
#14226=CARTESIAN_POINT('',(-5.46995708605854,-28.,15.2458835748673));
#14227=CARTESIAN_POINT('',(-5.46995708605854,-20.5,15.2458835748673));
#14228=CARTESIAN_POINT('Origin',(-4.97443350631117,-28.,14.995920813812));
#14229=CARTESIAN_POINT('Origin',(-4.59496828802741,-20.5,14.7617404107928));
#14230=CARTESIAN_POINT('',(-5.26105189354689,-28.,15.5076174988295));
#14231=CARTESIAN_POINT('',(-5.26105189354689,-20.5,15.5076174988295));
#14232=CARTESIAN_POINT('Origin',(-4.59496828802741,-28.,14.7617404107928));
#14233=CARTESIAN_POINT('Origin',(-5.36543519319918,-20.5,15.6153399512417));
#14234=CARTESIAN_POINT('',(-5.24511671428593,-28.,15.7049137399972));
#14235=CARTESIAN_POINT('',(-5.24511671428593,-20.5,15.7049137399972));
#14236=CARTESIAN_POINT('Origin',(-5.36543519319918,-28.,15.6153399512417));
#14237=CARTESIAN_POINT('Origin',(-11.4758621451579,-20.5,10.160589448252));
#14238=CARTESIAN_POINT('',(-5.57863234554434,-28.,16.0584196566352));
#14239=CARTESIAN_POINT('',(-5.57863234554434,-20.5,16.0584196566352));
#14240=CARTESIAN_POINT('Origin',(-11.4758621451579,-28.,10.160589448252));
#14241=CARTESIAN_POINT('Origin',(-5.67505048699732,-20.5,15.9435129901673));
#14242=CARTESIAN_POINT('',(-5.77652134097001,-28.,16.0539831933628));
#14243=CARTESIAN_POINT('',(-5.77652134097001,-20.5,16.0539831933628));
#14244=CARTESIAN_POINT('Origin',(-5.67505048699732,-28.,15.9435129901673));
#14245=CARTESIAN_POINT('Origin',(-6.48240720574171,-20.5,16.7623087865158));
#14246=CARTESIAN_POINT('',(-6.049959209235,-28.,15.8606499096021));
#14247=CARTESIAN_POINT('',(-6.049959209235,-20.5,15.8606499096021));
#14248=CARTESIAN_POINT('Origin',(-6.48240720574171,-28.,16.7623087865158));
#14249=CARTESIAN_POINT('Origin',(-6.27068693909494,-20.5,16.3698691838552));
#14250=CARTESIAN_POINT('',(-6.81049899641341,-28.,16.4988185645191));
#14251=CARTESIAN_POINT('',(-6.81049899641341,-20.5,16.4988185645191));
#14252=CARTESIAN_POINT('Origin',(-6.27068693909494,-28.,16.3698691838552));
#14253=CARTESIAN_POINT('Origin',(-5.84744453732737,-20.5,16.229511845638));
#14254=CARTESIAN_POINT('',(-6.66758486717985,-28.,16.801674269561));
#14255=CARTESIAN_POINT('',(-6.66758486717985,-20.5,16.801674269561));
#14256=CARTESIAN_POINT('Origin',(-5.84744453732737,-28.,16.229511845638));
#14257=CARTESIAN_POINT('Origin',(-6.79399700864226,-20.5,16.8824206037867));
#14258=CARTESIAN_POINT('',(-6.69757886718928,-28.,16.9973272702546));
#14259=CARTESIAN_POINT('',(-6.69757886718928,-20.5,16.9973272702546));
#14260=CARTESIAN_POINT('Origin',(-6.79399700864226,-28.,16.8824206037867));
#14261=CARTESIAN_POINT('Origin',(-11.4817645743687,-20.5,10.1655421744258));
#14262=CARTESIAN_POINT('',(-7.10362861622156,-28.,17.2643903914499));
#14263=CARTESIAN_POINT('',(-7.10362861622156,-20.5,17.2643903914499));
#14264=CARTESIAN_POINT('Origin',(-11.4817645743687,-28.,10.1655421744258));
#14265=CARTESIAN_POINT('Origin',(-7.17094849325163,-20.5,17.1303454954014));
#14266=CARTESIAN_POINT('',(-7.29516036932413,-28.,17.2144371706288));
#14267=CARTESIAN_POINT('',(-7.29516036932413,-20.5,17.2144371706288));
#14268=CARTESIAN_POINT('Origin',(-7.17094849325163,-28.,17.1303454954014));
#14269=CARTESIAN_POINT('Origin',(-8.14537011268916,-20.5,17.7408812723976));
#14270=CARTESIAN_POINT('',(-7.51664196088368,-28.,16.9632560984692));
#14271=CARTESIAN_POINT('',(-7.51664196088368,-20.5,16.9632560984692));
#14272=CARTESIAN_POINT('Origin',(-8.14537011268916,-28.,17.7408812723976));
#14273=CARTESIAN_POINT('Origin',(-7.84885399254934,-20.5,17.4078459836629));
#14274=CARTESIAN_POINT('',(-8.40385311970373,-28.,17.4088302894466));
#14275=CARTESIAN_POINT('',(-8.40385311970373,-20.5,17.4088302894466));
#14276=CARTESIAN_POINT('Origin',(-7.84885399254934,-28.,17.4078459836629));
#14277=CARTESIAN_POINT('Origin',(-7.40465151472948,-20.5,17.3688784106812));
#14278=CARTESIAN_POINT('',(-8.33463459144719,-28.,17.7364807461181));
#14279=CARTESIAN_POINT('',(-8.33463459144719,-20.5,17.7364807461181));
#14280=CARTESIAN_POINT('Origin',(-7.40465151472948,-28.,17.3688784106812));
#14281=CARTESIAN_POINT('Origin',(-8.47626066345292,-20.5,17.7858979063787));
#14282=CARTESIAN_POINT('',(-8.40894078642285,-28.,17.9199428024272));
#14283=CARTESIAN_POINT('',(-8.40894078642285,-20.5,17.9199428024272));
#14284=CARTESIAN_POINT('Origin',(-8.47626066345292,-28.,17.7858979063787));
#14285=CARTESIAN_POINT('Origin',(-11.4886500800953,-20.5,10.1690002053727));
#14286=CARTESIAN_POINT('',(-8.86563440615659,-28.,18.0861656861896));
#14287=CARTESIAN_POINT('',(-8.86563440615659,-20.5,18.0861656861896));
#14288=CARTESIAN_POINT('Origin',(-11.4886500800953,-28.,10.1690002053727));
#14289=CARTESIAN_POINT('Origin',(-8.90022678676795,-20.5,17.9402089556026));
#14290=CARTESIAN_POINT('',(-9.04048339055016,-28.,17.9933886988841));
#14291=CARTESIAN_POINT('',(-9.04048339055016,-20.5,17.9933886988841));
#14292=CARTESIAN_POINT('Origin',(-8.90022678676795,-28.,17.9402089556026));
#14293=CARTESIAN_POINT('Origin',(-9.98918198517513,-20.5,18.3095705714774));
#14294=CARTESIAN_POINT('',(-9.19806857547491,-28.,17.6979010749415));
#14295=CARTESIAN_POINT('',(-9.19806857547491,-20.5,17.6979010749415));
#14296=CARTESIAN_POINT('Origin',(-9.98918198517513,-28.,18.3095705714774));
#14297=CARTESIAN_POINT('Origin',(-9.62385527232932,-20.5,18.0538936152872));
#14298=CARTESIAN_POINT('',(-10.1641213227186,-28.,17.9268597820111));
#14299=CARTESIAN_POINT('',(-10.1641213227186,-20.5,17.9268597820111));
#14300=CARTESIAN_POINT('Origin',(-9.62385527232932,-28.,18.0538936152872));
#14301=CARTESIAN_POINT('Origin',(-9.18263978901395,-20.5,18.1184165594868));
#14302=CARTESIAN_POINT('',(-10.1723299842139,-28.,18.2616412693838));
#14303=CARTESIAN_POINT('',(-10.1723299842139,-20.5,18.2616412693838));
#14304=CARTESIAN_POINT('Origin',(-9.18263978901395,-28.,18.1184165594868));
#14305=CARTESIAN_POINT('Origin',(-10.3215348885626,-20.5,18.2770651637787));
#14306=CARTESIAN_POINT('',(-10.2869425079512,-28.,18.4230218943656));
#14307=CARTESIAN_POINT('',(-10.2869425079512,-20.5,18.4230218943656));
#14308=CARTESIAN_POINT('Origin',(-10.3215348885626,-28.,18.2770651637787));
#14309=CARTESIAN_POINT('Origin',(-11.5,-20.5,10.1378165567218));
#14310=CARTESIAN_POINT('',(-11.5,-20.5,19.8878165567218));
#14311=CARTESIAN_POINT('Origin',(-11.5,-20.5,10.1378165567218));
#14312=CARTESIAN_POINT('Origin',(-11.5,-20.,10.1378165567218));
#14313=CARTESIAN_POINT('',(-11.5,-20.,-0.112183443278238));
#14314=CARTESIAN_POINT('',(-11.5,-20.,20.3878165567218));
#14315=CARTESIAN_POINT('Origin',(-11.5,-20.,10.1378165567218));
#14316=CARTESIAN_POINT('Origin',(-11.5,-20.,19.8878165567218));
#14317=CARTESIAN_POINT('Origin',(-11.5,-20.,10.1378165567218));
#14318=CARTESIAN_POINT('Origin',(-11.5,-20.5,10.1378165567218));
#14319=CARTESIAN_POINT('',(-11.5,-19.,-0.112183443278238));
#14320=CARTESIAN_POINT('Origin',(-11.5,-19.,10.1378165567218));
#14321=CARTESIAN_POINT('',(-11.5,-20.5,-0.112183443278238));
#14322=CARTESIAN_POINT('Origin',(-7.75,-19.,13.8878165567218));
#14323=CARTESIAN_POINT('',(-6.75,-14.,13.8878165567218));
#14324=CARTESIAN_POINT('',(-7.75,-14.,14.8878165567218));
#14325=CARTESIAN_POINT('Origin',(-7.75,-14.,13.8878165567218));
#14326=CARTESIAN_POINT('',(-7.75,-19.,14.8878165567218));
#14327=CARTESIAN_POINT('',(-7.75,-19.,14.8878165567218));
#14328=CARTESIAN_POINT('',(-6.75,-19.,13.8878165567218));
#14329=CARTESIAN_POINT('Origin',(-7.75,-19.,13.8878165567218));
#14330=CARTESIAN_POINT('',(-6.75,-19.,13.8878165567218));
#14331=CARTESIAN_POINT('Origin',(-16.25,-19.,14.8878165567218));
#14332=CARTESIAN_POINT('',(-15.25,-14.,14.8878165567218));
#14333=CARTESIAN_POINT('',(-6.75,-14.,14.8878165567218));
#14334=CARTESIAN_POINT('',(-15.25,-19.,14.8878165567218));
#14335=CARTESIAN_POINT('',(-15.25,-19.,14.8878165567218));
#14336=CARTESIAN_POINT('',(-13.875,-19.,14.8878165567218));
#14337=CARTESIAN_POINT('Origin',(-11.5,-14.,10.1378165567218));
#14338=CARTESIAN_POINT('',(-6.74999999999999,-14.,6.38781655672177));
#14339=CARTESIAN_POINT('',(-6.74999999999999,-14.,5.38781655672177));
#14340=CARTESIAN_POINT('',(-7.74999999999999,-14.,5.38781655672177));
#14341=CARTESIAN_POINT('Origin',(-7.74999999999999,-14.,6.38781655672177));
#14342=CARTESIAN_POINT('',(-15.25,-14.,5.38781655672176));
#14343=CARTESIAN_POINT('',(-16.25,-14.,5.38781655672176));
#14344=CARTESIAN_POINT('',(-16.25,-14.,6.38781655672176));
#14345=CARTESIAN_POINT('Origin',(-15.25,-14.,6.38781655672176));
#14346=CARTESIAN_POINT('',(-16.25,-14.,13.8878165567218));
#14347=CARTESIAN_POINT('',(-16.25,-14.,14.8878165567218));
#14348=CARTESIAN_POINT('Origin',(-15.25,-14.,13.8878165567218));
#14349=CARTESIAN_POINT('Origin',(-7.74999999999999,-19.,6.38781655672177));
#14350=CARTESIAN_POINT('',(-6.74999999999999,-19.,6.38781655672177));
#14351=CARTESIAN_POINT('',(-6.74999999999999,-19.,6.38781655672177));
#14352=CARTESIAN_POINT('',(-7.74999999999999,-19.,5.38781655672177));
#14353=CARTESIAN_POINT('Origin',(-7.74999999999999,-19.,6.38781655672177));
#14354=CARTESIAN_POINT('',(-7.74999999999999,-19.,5.38781655672177));
#14355=CARTESIAN_POINT('Origin',(-6.74999999999999,-19.,5.38781655672177));
#14356=CARTESIAN_POINT('',(-15.25,-19.,5.38781655672176));
#14357=CARTESIAN_POINT('',(-9.12499999999999,-19.,5.38781655672177));
#14358=CARTESIAN_POINT('',(-15.25,-19.,5.38781655672176));
#14359=CARTESIAN_POINT('Origin',(-15.25,-19.,13.8878165567218));
#14360=CARTESIAN_POINT('',(-16.25,-19.,13.8878165567218));
#14361=CARTESIAN_POINT('',(-16.25,-19.,13.8878165567218));
#14362=CARTESIAN_POINT('Origin',(-15.25,-19.,13.8878165567218));
#14363=CARTESIAN_POINT('Origin',(-15.25,-19.,6.38781655672176));
#14364=CARTESIAN_POINT('',(-16.25,-19.,6.38781655672176));
#14365=CARTESIAN_POINT('Origin',(-15.25,-19.,6.38781655672176));
#14366=CARTESIAN_POINT('',(-16.25,-19.,6.38781655672176));
#14367=CARTESIAN_POINT('Origin',(-16.25,-19.,5.38781655672176));
#14368=CARTESIAN_POINT('',(-16.25,-19.,7.76281655672176));
#14369=CARTESIAN_POINT('Origin',(-11.5,-28.,10.1378165567218));
#14370=CARTESIAN_POINT('',(-11.5,-28.,1.63781655672176));
#14371=CARTESIAN_POINT('Origin',(-11.5,-28.,10.1378165567218));
#14372=CARTESIAN_POINT('',(-13.0309099759044,-28.,2.04982853258666));
#14373=CARTESIAN_POINT('',(-13.1938059431962,-28.,1.937380141949));
#14374=CARTESIAN_POINT('Origin',(-13.1763920060774,-28.,2.08636589561029));
#14375=CARTESIAN_POINT('Origin',(-12.0519196668041,-28.,1.84592175318083));
#14376=CARTESIAN_POINT('',(-10.7696595271359,-28.,18.4794434220062));
#14377=CARTESIAN_POINT('Origin',(-11.4961474629418,-28.,10.1707771177492));
#14378=CARTESIAN_POINT('',(-10.9183995888138,-28.,18.3488442996163));
#14379=CARTESIAN_POINT('Origin',(-10.7696595271358,-28.,18.3294434220062));
#14380=CARTESIAN_POINT('',(-11.003592908995,-28.,18.0249799381816));
#14381=CARTESIAN_POINT('Origin',(-11.914442447901,-28.,18.437718496442));
#14382=CARTESIAN_POINT('',(-11.996407091005,-28.,18.0249799381816));
#14383=CARTESIAN_POINT('Origin',(-11.5,-28.,18.2731834836841));
#14384=CARTESIAN_POINT('',(-12.0816004111862,-28.,18.3488442996163));
#14385=CARTESIAN_POINT('Origin',(-11.085557552099,-28.,18.437718496442));
#14386=CARTESIAN_POINT('',(-12.2303404728642,-28.,18.4794434220062));
#14387=CARTESIAN_POINT('Origin',(-12.2303404728642,-28.,18.3294434220062));
#14388=CARTESIAN_POINT('',(-12.7130574920488,-28.,18.4230218943656));
#14389=CARTESIAN_POINT('Origin',(-11.5038525370583,-28.,10.1707771177492));
#14390=CARTESIAN_POINT('',(-12.8276700157861,-28.,18.2616412693838));
#14391=CARTESIAN_POINT('Origin',(-12.6784651114374,-28.,18.2770651637787));
#14392=CARTESIAN_POINT('',(-12.8358786772814,-28.,17.9268597820111));
#14393=CARTESIAN_POINT('Origin',(-13.817360210986,-28.,18.1184165594868));
#14394=CARTESIAN_POINT('',(-13.8019314245251,-28.,17.6979010749415));
#14395=CARTESIAN_POINT('Origin',(-13.3761447276707,-28.,18.0538936152872));
#14396=CARTESIAN_POINT('',(-13.9595166094498,-28.,17.9933886988841));
#14397=CARTESIAN_POINT('Origin',(-13.0108180148249,-28.,18.3095705714774));
#14398=CARTESIAN_POINT('',(-14.1343655938434,-28.,18.0861656861896));
#14399=CARTESIAN_POINT('Origin',(-14.099773213232,-28.,17.9402089556026));
#14400=CARTESIAN_POINT('',(-14.5910592135772,-28.,17.9199428024272));
#14401=CARTESIAN_POINT('Origin',(-11.5113499199047,-28.,10.1690002053727));
#14402=CARTESIAN_POINT('',(-14.6653654085528,-28.,17.7364807461181));
#14403=CARTESIAN_POINT('Origin',(-14.5237393365471,-28.,17.7858979063787));
#14404=CARTESIAN_POINT('',(-14.5961468802963,-28.,17.4088302894466));
#14405=CARTESIAN_POINT('Origin',(-15.5953484852705,-28.,17.3688784106812));
#14406=CARTESIAN_POINT('',(-15.4833580391163,-28.,16.9632560984692));
#14407=CARTESIAN_POINT('Origin',(-15.1511460074507,-28.,17.4078459836629));
#14408=CARTESIAN_POINT('',(-15.7048396306759,-28.,17.2144371706288));
#14409=CARTESIAN_POINT('Origin',(-14.8546298873108,-28.,17.7408812723976));
#14410=CARTESIAN_POINT('',(-15.8963713837784,-28.,17.2643903914499));
#14411=CARTESIAN_POINT('Origin',(-15.8290515067484,-28.,17.1303454954014));
#14412=CARTESIAN_POINT('',(-16.3024211328107,-28.,16.9973272702546));
#14413=CARTESIAN_POINT('Origin',(-11.5182354256313,-28.,10.1655421744258));
#14414=CARTESIAN_POINT('',(-16.3324151328202,-28.,16.801674269561));
#14415=CARTESIAN_POINT('Origin',(-16.2060029913577,-28.,16.8824206037867));
#14416=CARTESIAN_POINT('',(-16.1895010035866,-28.,16.4988185645191));
#14417=CARTESIAN_POINT('Origin',(-17.1525554626726,-28.,16.229511845638));
#14418=CARTESIAN_POINT('',(-16.950040790765,-28.,15.8606499096021));
#14419=CARTESIAN_POINT('Origin',(-16.7293130609051,-28.,16.3698691838552));
#14420=CARTESIAN_POINT('',(-17.22347865903,-28.,16.0539831933628));
#14421=CARTESIAN_POINT('Origin',(-16.5175927942583,-28.,16.7623087865158));
#14422=CARTESIAN_POINT('',(-17.4213676544557,-28.,16.0584196566352));
#14423=CARTESIAN_POINT('Origin',(-17.3249495130027,-28.,15.9435129901673));
#14424=CARTESIAN_POINT('',(-17.7548832857141,-28.,15.7049137399972));
#14425=CARTESIAN_POINT('Origin',(-11.5241378548421,-28.,10.160589448252));
#14426=CARTESIAN_POINT('',(-17.7389481064531,-28.,15.5076174988295));
#14427=CARTESIAN_POINT('Origin',(-17.6345648068008,-28.,15.6153399512417));
#14428=CARTESIAN_POINT('',(-17.5300429139415,-28.,15.2458835748673));
#14429=CARTESIAN_POINT('Origin',(-18.4050317119726,-28.,14.7617404107928));
#14430=CARTESIAN_POINT('',(-18.1229104326931,-28.,14.449524293381));
#14431=CARTESIAN_POINT('Origin',(-18.0255664936888,-28.,14.995920813812));
#14432=CARTESIAN_POINT('',(-18.4335634714086,-28.,14.5745871413729));
#14433=CARTESIAN_POINT('Origin',(-17.9100559749118,-28.,15.4266082098399));
#14434=CARTESIAN_POINT('',(-18.6271414621923,-28.,14.5332676762131));
#14435=CARTESIAN_POINT('Origin',(-18.506822983279,-28.,14.4436938874577));
#14436=CARTESIAN_POINT('',(-18.8701430616684,-28.,14.1123765596));
#14437=CARTESIAN_POINT('Origin',(-11.5287390060505,-28.,10.1544090296013));
#14438=CARTESIAN_POINT('',(-18.8091377727757,-28.,13.9240733693878));
#14439=CARTESIAN_POINT('Origin',(-18.7324106456364,-28.,14.0529645946941));
#14440=CARTESIAN_POINT('',(-18.5455036499873,-28.,13.7175713700933));
#14441=CARTESIAN_POINT('Origin',(-19.2852559143793,-28.,13.0446920441165));
#14442=CARTESIAN_POINT('',(-18.9387372589182,-28.,12.8059533970327));
#14443=CARTESIAN_POINT('Origin',(-18.9700249477179,-28.,13.3600707857957));
#14444=CARTESIAN_POINT('',(-19.2698580823575,-28.,12.8560036387491));
#14445=CARTESIAN_POINT('Origin',(-18.9569513787767,-28.,13.8057875061917));
#14446=CARTESIAN_POINT('',(-19.4486892289103,-28.,12.7711557882191));
#14447=CARTESIAN_POINT('Origin',(-19.3109568128783,-28.,12.7117438233133));
#14448=CARTESIAN_POINT('',(-19.5880765174777,-28.,12.3055698206711));
#14449=CARTESIAN_POINT('Origin',(-11.5317908300039,-28.,10.1473341064428));
#14450=CARTESIAN_POINT('',(-19.4852899298681,-28.,12.1364111551393));
#14451=CARTESIAN_POINT('Origin',(-19.4403553545259,-28.,12.2795225940211));
#14452=CARTESIAN_POINT('',(-19.1811394606017,-28.,11.9962736567455));
#14453=CARTESIAN_POINT('Origin',(-19.7457749553034,-28.,11.1709332674982));
#14454=CARTESIAN_POINT('',(-19.3535398340696,-28.,11.0185425530017));
#14455=CARTESIAN_POINT('Origin',(-19.5117724232716,-28.,11.5505081982406));
#14456=CARTESIAN_POINT('',(-19.6872776329337,-28.,10.9908819669567));
#14457=CARTESIAN_POINT('Origin',(-19.6018406036517,-28.,11.9872255392386));
#14458=CARTESIAN_POINT('',(-19.8417211018563,-28.,10.8670799006407));
#14459=CARTESIAN_POINT('Origin',(-19.6939999389044,-28.,10.8410326739906));
#14460=CARTESIAN_POINT('',(-19.8699796747093,-28.,10.3818989421807));
#14461=CARTESIAN_POINT('Origin',(-11.533128802083,-28.,10.1397460897153));
#14462=CARTESIAN_POINT('',(-19.7309530399261,-28.,10.2410041887731));
#14463=CARTESIAN_POINT('Origin',(-19.7202334509686,-28.,10.3906206665173));
#14464=CARTESIAN_POINT('',(-19.4026830547062,-28.,10.1747860400918));
#14465=CARTESIAN_POINT('Origin',(-19.7617621340478,-28.,9.24147890158954));
#14466=CARTESIAN_POINT('',(-19.3449560439534,-28.,9.18365154254385));
#14467=CARTESIAN_POINT('Origin',(-19.6216031737168,-28.,9.66478703862959));
#14468=CARTESIAN_POINT('',(-19.6633189271207,-28.,9.07977131809085));
#14469=CARTESIAN_POINT('Origin',(-19.8099575045007,-28.,10.0689614553364));
#14470=CARTESIAN_POINT('',(-19.7850486310271,-28.,8.92368923742878));
#14471=CARTESIAN_POINT('Origin',(-19.6353024072864,-28.,8.93241096176535));
#14472=CARTESIAN_POINT('',(-19.7006550611888,-28.,8.44506951911191));
#14473=CARTESIAN_POINT('Origin',(-11.5326807918667,-28.,10.1320540513647));
#14474=CARTESIAN_POINT('',(-19.5328833410988,-28.,8.34003435045392));
#14475=CARTESIAN_POINT('Origin',(-19.5569566343415,-28.,8.48809000401857));
#14476=CARTESIAN_POINT('',(-19.1981909597982,-28.,8.35130538902032));
#14477=CARTESIAN_POINT('Origin',(-19.3323555776683,-28.,7.36034633067745));
#14478=CARTESIAN_POINT('',(-18.9134486429164,-28.,7.40019981497675));
#14479=CARTESIAN_POINT('Origin',(-19.2935961948682,-28.,7.80456702277807));
#14480=CARTESIAN_POINT('',(-19.1992735849502,-28.,7.22570016190437));
#14481=CARTESIAN_POINT('Origin',(-19.5700824453297,-28.,8.15440936777243));
#14482=CARTESIAN_POINT('',(-19.2817270439944,-28.,7.04575249226511));
#14483=CARTESIAN_POINT('Origin',(-19.1380286171471,-28.,7.08877297717178));
#14484=CARTESIAN_POINT('',(-19.0892310106591,-28.,6.59949652699185));
#14485=CARTESIAN_POINT('Origin',(-11.5304709517018,-28.,10.1246726711695));
#14486=CARTESIAN_POINT('',(-18.9017588221186,-28.,6.53598341621321));
#14487=CARTESIAN_POINT('Origin',(-18.9593272000915,-28.,6.67449652699185));
#14488=CARTESIAN_POINT('',(-18.5786873976451,-28.,6.62413601742085));
#14489=CARTESIAN_POINT('Origin',(-18.480704704767,-28.,5.62894789857278));
#14490=CARTESIAN_POINT('',(-18.0822803066401,-28.,5.7643337145628));
#14491=CARTESIAN_POINT('Origin',(-18.5454344278571,-28.,6.07013309324059));
#14492=CARTESIAN_POINT('',(-18.3201584109324,-28.,5.52862195433573));
#14493=CARTESIAN_POINT('Origin',(-18.895147152668,-28.,6.34678327515048));
#14494=CARTESIAN_POINT('',(-18.358890537795,-28.,5.33450972116726));
#14495=CARTESIAN_POINT('Origin',(-18.2289867272273,-28.,5.40950972116726));
#14496=CARTESIAN_POINT('',(-18.0686695519456,-28.,4.94467528353453));
#14497=CARTESIAN_POINT('Origin',(-11.5266184146436,-28.,10.1179998812465));
#14498=CARTESIAN_POINT('',(-17.8716035691641,-28.,4.92610823887708));
#14499=CARTESIAN_POINT('Origin',(-17.9595635057097,-28.,5.04761152921485));
#14500=CARTESIAN_POINT('',(-17.577569965635,-28.,5.0863900731774));
#14501=CARTESIAN_POINT('Origin',(-17.2527222343436,-28.,4.14062374290607));
#14502=CARTESIAN_POINT('',(-16.8962595352732,-28.,4.36424320620349));
#14503=CARTESIAN_POINT('Origin',(-17.4174514671975,-28.,4.55498903209999));
#14504=CARTESIAN_POINT('',(-17.073366731649,-28.,4.08002662082727));
#14505=CARTESIAN_POINT('Origin',(-17.8215375628434,-28.,4.74353276801043));
#14506=CARTESIAN_POINT('',(-17.0662894673454,-28.,3.88221446486377));
#14507=CARTESIAN_POINT('Origin',(-16.9571834211094,-28.,3.98515071054408));
#14508=CARTESIAN_POINT('',(-16.69398941745,-28.,3.56981763030926));
#14509=CARTESIAN_POINT('Origin',(-11.521330871962,-28.,10.1123954134279));
#14510=CARTESIAN_POINT('',(-16.4979535185679,-28.,3.59719760595637));
#14511=CARTESIAN_POINT('Origin',(-16.6115630707394,-28.,3.6951408020212));
#14512=CARTESIAN_POINT('',(-16.2488091636571,-28.,3.82096783817483));
#14513=CARTESIAN_POINT('Origin',(-15.7146090192302,-28.,2.97560980414767));
#14514=CARTESIAN_POINT('',(-15.4193250155899,-28.,3.27540753160436));
#14515=CARTESIAN_POINT('Origin',(-15.9704571662661,-28.,3.3408166478728));
#14516=CARTESIAN_POINT('',(-15.5261134092502,-28.,2.95800831076336));
#14517=CARTESIAN_POINT('Origin',(-16.407132246737,-28.,3.43108949617812));
#14518=CARTESIAN_POINT('',(-15.4736082909309,-28.,2.7671603365346));
#14519=CARTESIAN_POINT('Origin',(-15.3911819442202,-28.,2.89248350824654));
#14520=CARTESIAN_POINT('',(-15.0392999690456,-28.,2.54904249927005));
#14521=CARTESIAN_POINT('Origin',(-11.5148933764516,-28.,10.1081614060242));
#14522=CARTESIAN_POINT('',(-14.8548625001136,-28.,2.62089343364753));
#14523=CARTESIAN_POINT('Origin',(-14.9879969475467,-28.,2.68999639238793));
#14524=CARTESIAN_POINT('',(-14.664038830483,-28.,2.89608855264448));
#14525=CARTESIAN_POINT('Origin',(-13.9492851409791,-28.,2.19671228528866));
#14526=CARTESIAN_POINT('',(-13.7310986698367,-28.,2.5565261038177));
#14527=CARTESIAN_POINT('Origin',(-14.2824593623666,-28.,2.49307228806951));
#14528=CARTESIAN_POINT('',(-13.7618112708381,-28.,2.22305532166317));
#14529=CARTESIAN_POINT('Origin',(-14.7281821610451,-28.,2.48020761615132));
#14530=CARTESIAN_POINT('',(-13.6667088630221,-28.,2.04946019285897));
#14531=CARTESIAN_POINT('Origin',(-13.6154058415232,-28.,2.19041408597686));
#14532=CARTESIAN_POINT('Origin',(-11.5076529751617,-28.,10.1055261154705));
#14533=CARTESIAN_POINT('Origin',(-11.5,-28.5,10.1378165567218));
#14534=CARTESIAN_POINT('',(-11.5,-28.5,1.63781655672176));
#14535=CARTESIAN_POINT('',(-11.5,-28.5,1.63781655672176));
#14536=CARTESIAN_POINT('Origin',(-11.5,-28.5,10.1378165567218));
#14537=CARTESIAN_POINT('Origin',(-12.0519196668041,-20.5,1.84592175318083));
#14538=CARTESIAN_POINT('',(-13.0309099759044,-20.5,2.04982853258666));
#14539=CARTESIAN_POINT('Origin',(-11.5,-30.5,10.1378165567218));
#14540=CARTESIAN_POINT('',(-11.5,-30.5,12.2628165567218));
#14541=CARTESIAN_POINT('Origin',(-11.5,-30.5,10.1378165567218));
#14542=CARTESIAN_POINT('',(-11.5,-23.5,12.2628165567218));
#14543=CARTESIAN_POINT('',(-11.5,-30.5,12.2628165567218));
#14544=CARTESIAN_POINT('Origin',(-11.5,-23.5,10.1378165567218));
#14545=CARTESIAN_POINT('Origin',(-11.5,-23.5,10.1378165567218));
#14546=CARTESIAN_POINT('Origin',(-6.75,-19.,14.8878165567218));
#14547=CARTESIAN_POINT('',(-6.75,-19.,12.5128165567218));
#14548=CARTESIAN_POINT('Origin',(-11.5,-30.5,10.1378165567218));
#14549=CARTESIAN_POINT('',(-11.5,-30.5,6.13781655672176));
#14550=CARTESIAN_POINT('Origin',(-11.5,-30.5,10.1378165567218));
#14551=CARTESIAN_POINT('',(-11.5,-28.5,6.13781655672176));
#14552=CARTESIAN_POINT('',(-11.5,-30.5,6.13781655672176));
#14553=CARTESIAN_POINT('Origin',(-11.5,-28.5,10.1378165567218));
#14554=CARTESIAN_POINT('Origin',(-11.5,-28.5,10.1378165567218));
#14555=CARTESIAN_POINT('Origin',(-13.1763920060774,-20.5,2.08636589561029));
#14556=CARTESIAN_POINT('',(-13.1938059431962,-20.5,1.937380141949));
#14557=CARTESIAN_POINT('Origin',(-11.5076529751617,-20.5,10.1055261154705));
#14558=CARTESIAN_POINT('',(-13.6667088630221,-20.5,2.04946019285897));
#14559=CARTESIAN_POINT('Origin',(-13.6154058415232,-20.5,2.19041408597686));
#14560=CARTESIAN_POINT('',(-13.7618112708381,-20.5,2.22305532166317));
#14561=CARTESIAN_POINT('Origin',(-14.7281821610451,-20.5,2.48020761615132));
#14562=CARTESIAN_POINT('',(-13.7310986698367,-20.5,2.5565261038177));
#14563=CARTESIAN_POINT('Origin',(-14.2824593623666,-20.5,2.49307228806951));
#14564=CARTESIAN_POINT('',(-14.664038830483,-20.5,2.89608855264448));
#14565=CARTESIAN_POINT('Origin',(-13.9492851409791,-20.5,2.19671228528866));
#14566=CARTESIAN_POINT('',(-14.8548625001136,-20.5,2.62089343364753));
#14567=CARTESIAN_POINT('Origin',(-14.9879969475467,-20.5,2.68999639238793));
#14568=CARTESIAN_POINT('',(-15.0392999690456,-20.5,2.54904249927005));
#14569=CARTESIAN_POINT('Origin',(-11.5148933764516,-20.5,10.1081614060242));
#14570=CARTESIAN_POINT('',(-15.4736082909309,-20.5,2.7671603365346));
#14571=CARTESIAN_POINT('Origin',(-15.3911819442202,-20.5,2.89248350824654));
#14572=CARTESIAN_POINT('',(-15.5261134092502,-20.5,2.95800831076336));
#14573=CARTESIAN_POINT('Origin',(-16.407132246737,-20.5,3.43108949617812));
#14574=CARTESIAN_POINT('',(-15.4193250155899,-20.5,3.27540753160436));
#14575=CARTESIAN_POINT('Origin',(-15.9704571662661,-20.5,3.3408166478728));
#14576=CARTESIAN_POINT('',(-16.2488091636571,-20.5,3.82096783817483));
#14577=CARTESIAN_POINT('Origin',(-15.7146090192302,-20.5,2.97560980414767));
#14578=CARTESIAN_POINT('',(-16.4979535185679,-20.5,3.59719760595637));
#14579=CARTESIAN_POINT('Origin',(-16.6115630707394,-20.5,3.6951408020212));
#14580=CARTESIAN_POINT('',(-16.69398941745,-20.5,3.56981763030926));
#14581=CARTESIAN_POINT('Origin',(-11.521330871962,-20.5,10.1123954134279));
#14582=CARTESIAN_POINT('',(-17.0662894673454,-20.5,3.88221446486377));
#14583=CARTESIAN_POINT('Origin',(-16.9571834211094,-20.5,3.98515071054408));
#14584=CARTESIAN_POINT('',(-17.073366731649,-20.5,4.08002662082727));
#14585=CARTESIAN_POINT('Origin',(-17.8215375628434,-20.5,4.74353276801043));
#14586=CARTESIAN_POINT('',(-16.8962595352732,-20.5,4.36424320620349));
#14587=CARTESIAN_POINT('Origin',(-17.4174514671975,-20.5,4.55498903209999));
#14588=CARTESIAN_POINT('',(-17.577569965635,-20.5,5.0863900731774));
#14589=CARTESIAN_POINT('Origin',(-17.2527222343436,-20.5,4.14062374290607));
#14590=CARTESIAN_POINT('',(-17.8716035691641,-20.5,4.92610823887708));
#14591=CARTESIAN_POINT('Origin',(-17.9595635057097,-20.5,5.04761152921485));
#14592=CARTESIAN_POINT('',(-18.0686695519456,-20.5,4.94467528353453));
#14593=CARTESIAN_POINT('Origin',(-11.5266184146436,-20.5,10.1179998812465));
#14594=CARTESIAN_POINT('',(-18.358890537795,-20.5,5.33450972116726));
#14595=CARTESIAN_POINT('Origin',(-18.2289867272273,-20.5,5.40950972116726));
#14596=CARTESIAN_POINT('',(-18.3201584109324,-20.5,5.52862195433573));
#14597=CARTESIAN_POINT('Origin',(-18.895147152668,-20.5,6.34678327515048));
#14598=CARTESIAN_POINT('',(-18.0822803066401,-20.5,5.7643337145628));
#14599=CARTESIAN_POINT('Origin',(-18.5454344278571,-20.5,6.07013309324059));
#14600=CARTESIAN_POINT('',(-18.5786873976451,-20.5,6.62413601742085));
#14601=CARTESIAN_POINT('Origin',(-18.480704704767,-20.5,5.62894789857278));
#14602=CARTESIAN_POINT('',(-18.9017588221186,-20.5,6.53598341621321));
#14603=CARTESIAN_POINT('Origin',(-18.9593272000915,-20.5,6.67449652699185));
#14604=CARTESIAN_POINT('',(-19.0892310106591,-20.5,6.59949652699185));
#14605=CARTESIAN_POINT('Origin',(-11.5304709517018,-20.5,10.1246726711695));
#14606=CARTESIAN_POINT('',(-19.2817270439944,-20.5,7.04575249226511));
#14607=CARTESIAN_POINT('Origin',(-19.1380286171471,-20.5,7.08877297717178));
#14608=CARTESIAN_POINT('',(-19.1992735849502,-20.5,7.22570016190437));
#14609=CARTESIAN_POINT('Origin',(-19.5700824453297,-20.5,8.15440936777243));
#14610=CARTESIAN_POINT('',(-18.9134486429164,-20.5,7.40019981497675));
#14611=CARTESIAN_POINT('Origin',(-19.2935961948682,-20.5,7.80456702277807));
#14612=CARTESIAN_POINT('',(-19.1981909597982,-20.5,8.35130538902032));
#14613=CARTESIAN_POINT('Origin',(-19.3323555776683,-20.5,7.36034633067745));
#14614=CARTESIAN_POINT('',(-19.5328833410988,-20.5,8.34003435045392));
#14615=CARTESIAN_POINT('Origin',(-19.5569566343415,-20.5,8.48809000401857));
#14616=CARTESIAN_POINT('',(-19.7006550611888,-20.5,8.44506951911191));
#14617=CARTESIAN_POINT('Origin',(-11.5326807918667,-20.5,10.1320540513647));
#14618=CARTESIAN_POINT('',(-19.7850486310271,-20.5,8.92368923742878));
#14619=CARTESIAN_POINT('Origin',(-19.6353024072864,-20.5,8.93241096176535));
#14620=CARTESIAN_POINT('',(-19.6633189271207,-20.5,9.07977131809085));
#14621=CARTESIAN_POINT('Origin',(-19.8099575045007,-20.5,10.0689614553364));
#14622=CARTESIAN_POINT('',(-19.3449560439534,-20.5,9.18365154254385));
#14623=CARTESIAN_POINT('Origin',(-19.6216031737168,-20.5,9.66478703862959));
#14624=CARTESIAN_POINT('',(-19.4026830547062,-20.5,10.1747860400918));
#14625=CARTESIAN_POINT('Origin',(-19.7617621340478,-20.5,9.24147890158954));
#14626=CARTESIAN_POINT('',(-19.7309530399261,-20.5,10.2410041887731));
#14627=CARTESIAN_POINT('Origin',(-19.7202334509686,-20.5,10.3906206665173));
#14628=CARTESIAN_POINT('',(-19.8699796747093,-20.5,10.3818989421807));
#14629=CARTESIAN_POINT('Origin',(-11.533128802083,-20.5,10.1397460897153));
#14630=CARTESIAN_POINT('',(-19.8417211018563,-20.5,10.8670799006407));
#14631=CARTESIAN_POINT('Origin',(-19.6939999389044,-20.5,10.8410326739906));
#14632=CARTESIAN_POINT('',(-19.6872776329337,-20.5,10.9908819669567));
#14633=CARTESIAN_POINT('Origin',(-19.6018406036517,-20.5,11.9872255392386));
#14634=CARTESIAN_POINT('',(-19.3535398340696,-20.5,11.0185425530017));
#14635=CARTESIAN_POINT('Origin',(-19.5117724232716,-20.5,11.5505081982406));
#14636=CARTESIAN_POINT('',(-19.1811394606017,-20.5,11.9962736567455));
#14637=CARTESIAN_POINT('Origin',(-19.7457749553034,-20.5,11.1709332674982));
#14638=CARTESIAN_POINT('',(-19.4852899298681,-20.5,12.1364111551393));
#14639=CARTESIAN_POINT('Origin',(-19.4403553545259,-20.5,12.2795225940211));
#14640=CARTESIAN_POINT('',(-19.5880765174777,-20.5,12.3055698206711));
#14641=CARTESIAN_POINT('Origin',(-11.5317908300039,-20.5,10.1473341064428));
#14642=CARTESIAN_POINT('',(-19.4486892289103,-20.5,12.7711557882191));
#14643=CARTESIAN_POINT('Origin',(-19.3109568128783,-20.5,12.7117438233133));
#14644=CARTESIAN_POINT('',(-19.2698580823575,-20.5,12.8560036387491));
#14645=CARTESIAN_POINT('Origin',(-18.9569513787767,-20.5,13.8057875061917));
#14646=CARTESIAN_POINT('',(-18.9387372589182,-20.5,12.8059533970327));
#14647=CARTESIAN_POINT('Origin',(-18.9700249477179,-20.5,13.3600707857957));
#14648=CARTESIAN_POINT('',(-18.5455036499873,-20.5,13.7175713700933));
#14649=CARTESIAN_POINT('Origin',(-19.2852559143793,-20.5,13.0446920441165));
#14650=CARTESIAN_POINT('',(-18.8091377727757,-20.5,13.9240733693878));
#14651=CARTESIAN_POINT('Origin',(-18.7324106456364,-20.5,14.0529645946941));
#14652=CARTESIAN_POINT('',(-18.8701430616684,-20.5,14.1123765596));
#14653=CARTESIAN_POINT('Origin',(-11.5287390060505,-20.5,10.1544090296013));
#14654=CARTESIAN_POINT('',(-18.6271414621923,-20.5,14.5332676762131));
#14655=CARTESIAN_POINT('Origin',(-18.506822983279,-20.5,14.4436938874577));
#14656=CARTESIAN_POINT('',(-18.4335634714086,-20.5,14.5745871413729));
#14657=CARTESIAN_POINT('Origin',(-17.9100559749118,-20.5,15.4266082098399));
#14658=CARTESIAN_POINT('',(-18.1229104326931,-20.5,14.449524293381));
#14659=CARTESIAN_POINT('Origin',(-18.0255664936888,-20.5,14.995920813812));
#14660=CARTESIAN_POINT('',(-17.5300429139415,-20.5,15.2458835748673));
#14661=CARTESIAN_POINT('Origin',(-18.4050317119726,-20.5,14.7617404107928));
#14662=CARTESIAN_POINT('',(-17.7389481064531,-20.5,15.5076174988295));
#14663=CARTESIAN_POINT('Origin',(-17.6345648068008,-20.5,15.6153399512417));
#14664=CARTESIAN_POINT('',(-17.7548832857141,-20.5,15.7049137399972));
#14665=CARTESIAN_POINT('Origin',(-11.5241378548421,-20.5,10.160589448252));
#14666=CARTESIAN_POINT('',(-17.4213676544557,-20.5,16.0584196566352));
#14667=CARTESIAN_POINT('Origin',(-17.3249495130027,-20.5,15.9435129901673));
#14668=CARTESIAN_POINT('',(-17.22347865903,-20.5,16.0539831933628));
#14669=CARTESIAN_POINT('Origin',(-16.5175927942583,-20.5,16.7623087865158));
#14670=CARTESIAN_POINT('',(-16.950040790765,-20.5,15.8606499096021));
#14671=CARTESIAN_POINT('Origin',(-16.7293130609051,-20.5,16.3698691838552));
#14672=CARTESIAN_POINT('',(-16.1895010035866,-20.5,16.4988185645191));
#14673=CARTESIAN_POINT('Origin',(-17.1525554626726,-20.5,16.229511845638));
#14674=CARTESIAN_POINT('',(-16.3324151328202,-20.5,16.801674269561));
#14675=CARTESIAN_POINT('Origin',(-16.2060029913577,-20.5,16.8824206037867));
#14676=CARTESIAN_POINT('',(-16.3024211328107,-20.5,16.9973272702546));
#14677=CARTESIAN_POINT('Origin',(-11.5182354256313,-20.5,10.1655421744258));
#14678=CARTESIAN_POINT('',(-15.8963713837784,-20.5,17.2643903914499));
#14679=CARTESIAN_POINT('Origin',(-15.8290515067484,-20.5,17.1303454954014));
#14680=CARTESIAN_POINT('',(-15.7048396306759,-20.5,17.2144371706288));
#14681=CARTESIAN_POINT('Origin',(-14.8546298873108,-20.5,17.7408812723976));
#14682=CARTESIAN_POINT('',(-15.4833580391163,-20.5,16.9632560984692));
#14683=CARTESIAN_POINT('Origin',(-15.1511460074507,-20.5,17.4078459836629));
#14684=CARTESIAN_POINT('',(-14.5961468802963,-20.5,17.4088302894466));
#14685=CARTESIAN_POINT('Origin',(-15.5953484852705,-20.5,17.3688784106812));
#14686=CARTESIAN_POINT('',(-14.6653654085528,-20.5,17.7364807461181));
#14687=CARTESIAN_POINT('Origin',(-14.5237393365471,-20.5,17.7858979063787));
#14688=CARTESIAN_POINT('',(-14.5910592135772,-20.5,17.9199428024272));
#14689=CARTESIAN_POINT('Origin',(-11.5113499199047,-20.5,10.1690002053727));
#14690=CARTESIAN_POINT('',(-14.1343655938434,-20.5,18.0861656861896));
#14691=CARTESIAN_POINT('Origin',(-14.099773213232,-20.5,17.9402089556026));
#14692=CARTESIAN_POINT('',(-13.9595166094498,-20.5,17.9933886988841));
#14693=CARTESIAN_POINT('Origin',(-13.0108180148249,-20.5,18.3095705714774));
#14694=CARTESIAN_POINT('',(-13.8019314245251,-20.5,17.6979010749415));
#14695=CARTESIAN_POINT('Origin',(-13.3761447276707,-20.5,18.0538936152872));
#14696=CARTESIAN_POINT('',(-12.8358786772814,-20.5,17.9268597820111));
#14697=CARTESIAN_POINT('Origin',(-13.817360210986,-20.5,18.1184165594868));
#14698=CARTESIAN_POINT('',(-12.8276700157861,-20.5,18.2616412693838));
#14699=CARTESIAN_POINT('Origin',(-12.6784651114374,-20.5,18.2770651637787));
#14700=CARTESIAN_POINT('',(-12.7130574920488,-20.5,18.4230218943656));
#14701=CARTESIAN_POINT('Origin',(-11.5038525370583,-20.5,10.1707771177492));
#14702=CARTESIAN_POINT('',(-12.2303404728642,-20.5,18.4794434220062));
#14703=CARTESIAN_POINT('Origin',(-12.2303404728642,-20.5,18.3294434220062));
#14704=CARTESIAN_POINT('',(-12.0816004111862,-20.5,18.3488442996163));
#14705=CARTESIAN_POINT('Origin',(-11.085557552099,-20.5,18.437718496442));
#14706=CARTESIAN_POINT('',(-11.996407091005,-20.5,18.0249799381816));
#14707=CARTESIAN_POINT('Origin',(-11.5,-20.5,18.2731834836841));
#14708=CARTESIAN_POINT('',(-11.003592908995,-20.5,18.0249799381816));
#14709=CARTESIAN_POINT('Origin',(-11.914442447901,-20.5,18.437718496442));
#14710=CARTESIAN_POINT('',(-10.9183995888138,-20.5,18.3488442996163));
#14711=CARTESIAN_POINT('Origin',(-10.7696595271358,-20.5,18.3294434220062));
#14712=CARTESIAN_POINT('',(-10.7696595271359,-20.5,18.4794434220062));
#14713=CARTESIAN_POINT('Origin',(-11.4961474629418,-20.5,10.1707771177492));
#14714=CARTESIAN_POINT('Origin',(-11.5,-19.,10.1378165567218));
#14715=CARTESIAN_POINT('Origin',(-11.5,-30.5,10.1218540530033));
#14716=UNCERTAINTY_MEASURE_WITH_UNIT(LENGTH_MEASURE(0.01),#14720,
'DISTANCE_ACCURACY_VALUE',
'Maximum model space distance between geometric entities at asserted c
onnectivities');
#14717=UNCERTAINTY_MEASURE_WITH_UNIT(LENGTH_MEASURE(0.01),#14720,
'DISTANCE_ACCURACY_VALUE',
'Maximum model space distance between geometric entities at asserted c
onnectivities');
#14718=(
GEOMETRIC_REPRESENTATION_CONTEXT(3)
GLOBAL_UNCERTAINTY_ASSIGNED_CONTEXT((#14716))
GLOBAL_UNIT_ASSIGNED_CONTEXT((#14720,#14722,#14723))
REPRESENTATION_CONTEXT('','3D')
);
#14719=(
GEOMETRIC_REPRESENTATION_CONTEXT(3)
GLOBAL_UNCERTAINTY_ASSIGNED_CONTEXT((#14717))
GLOBAL_UNIT_ASSIGNED_CONTEXT((#14720,#14722,#14723))
REPRESENTATION_CONTEXT('','3D')
);
#14720=(
LENGTH_UNIT()
NAMED_UNIT(*)
SI_UNIT(.MILLI.,.METRE.)
);
#14721=(
LENGTH_UNIT()
NAMED_UNIT(*)
SI_UNIT($,.METRE.)
);
#14722=(
NAMED_UNIT(*)
PLANE_ANGLE_UNIT()
SI_UNIT($,.RADIAN.)
);
#14723=(
NAMED_UNIT(*)
SI_UNIT($,.STERADIAN.)
SOLID_ANGLE_UNIT()
);
#14724=SHAPE_DEFINITION_REPRESENTATION(#14725,#14726);
#14725=PRODUCT_DEFINITION_SHAPE('',$,#14728);
#14726=SHAPE_REPRESENTATION('',(#6775),#14718);
#14727=PRODUCT_DEFINITION_CONTEXT('part definition',#14732,'design');
#14728=PRODUCT_DEFINITION('2026-08-17-11-03-01-528','(Unsaved)',#14729,
#14727);
#14729=PRODUCT_DEFINITION_FORMATION('',$,#14734);
#14730=PRODUCT_RELATED_PRODUCT_CATEGORY('(Unsaved)','(Unsaved)',(#14734));
#14731=APPLICATION_PROTOCOL_DEFINITION('international standard',
'automotive_design',2009,#14732);
#14732=APPLICATION_CONTEXT(
'Core Data for Automotive Mechanical Design Process');
#14733=PRODUCT_CONTEXT('part definition',#14732,'mechanical');
#14734=PRODUCT('2026-08-17-11-03-01-528','(Unsaved)',$,(#14733));
#14735=PRESENTATION_STYLE_ASSIGNMENT((#14736));
#14736=SURFACE_STYLE_USAGE(.BOTH.,#14737);
#14737=SURFACE_SIDE_STYLE('',(#14738));
#14738=SURFACE_STYLE_FILL_AREA(#14739);
#14739=FILL_AREA_STYLE('Steel - Satin',(#14740));
#14740=FILL_AREA_STYLE_COLOUR('Steel - Satin',#14741);
#14741=COLOUR_RGB('Steel - Satin',0.627450980392157,0.627450980392157,0.627450980392157);
ENDSEC;
END-ISO-10303-21;
