ISO-10303-21;
HEADER;
/* Generated by software containing ST-Developer
 * from STEP Tools, Inc. (www.steptools.com) 
 */

FILE_DESCRIPTION(
/* description */ (''),
/* implementation_level */ '2;1');

FILE_NAME(
/* name */ 'I-AP-L_AP_I-AP-L_selection.step',
/* time_stamp */ '2026-08-17T10:32:09+02:00',
/* author */ (''),
/* organization */ (''),
/* preprocessor_version */ 'ST-DEVELOPER v20.1',
/* originating_system */ 'Autodesk Translation Framework v15.8.0.0',
/* authorisation */ '');

FILE_SCHEMA (('AUTOMOTIVE_DESIGN { 1 0 10303 214 3 1 1 }'));
ENDSEC;

DATA;
#10=MECHANICAL_DESIGN_GEOMETRIC_PRESENTATION_REPRESENTATION('',(#13),#9932);
#11=SHAPE_REPRESENTATION_RELATIONSHIP('SRR','None',#9939,#12);
#12=ADVANCED_BREP_SHAPE_REPRESENTATION('',(#14),#9931);
#13=STYLED_ITEM('',(#9948),#14);
#14=MANIFOLD_SOLID_BREP('AP',#3704);
#15=CONICAL_SURFACE('',#3877,0.750039552833951,0.0295194506122793);
#16=CONICAL_SURFACE('',#3879,0.750035303089972,0.0297667027540819);
#17=CONICAL_SURFACE('',#3881,0.750018404142716,0.030652619218964);
#18=CONICAL_SURFACE('',#3883,0.750033739649401,0.0298548614504988);
#19=FACE_BOUND('',#610,.T.);
#20=FACE_BOUND('',#623,.T.);
#21=FACE_BOUND('',#624,.T.);
#22=FACE_BOUND('',#625,.T.);
#23=FACE_BOUND('',#626,.T.);
#24=FACE_BOUND('',#650,.T.);
#25=FACE_BOUND('',#651,.T.);
#26=FACE_BOUND('',#652,.T.);
#27=FACE_BOUND('',#653,.T.);
#28=FACE_BOUND('',#670,.T.);
#29=FACE_BOUND('',#674,.T.);
#30=FACE_BOUND('',#708,.T.);
#31=FACE_BOUND('',#710,.T.);
#32=FACE_BOUND('',#723,.T.);
#33=FACE_BOUND('',#728,.T.);
#34=FACE_BOUND('',#733,.T.);
#35=FACE_BOUND('',#734,.T.);
#36=FACE_BOUND('',#735,.T.);
#37=FACE_BOUND('',#736,.T.);
#38=TOROIDAL_SURFACE('',#3784,8.65,0.25);
#39=TOROIDAL_SURFACE('',#3789,5.25,0.25);
#40=TOROIDAL_SURFACE('',#3793,5.25,0.25);
#41=TOROIDAL_SURFACE('',#3799,5.25,0.25);
#42=TOROIDAL_SURFACE('',#3804,8.65,0.25);
#43=TOROIDAL_SURFACE('',#3808,5.25,0.25);
#44=TOROIDAL_SURFACE('',#3823,6.99,1.5);
#45=TOROIDAL_SURFACE('',#3827,6.99,1.5);
#46=TOROIDAL_SURFACE('',#3834,6.99,1.5);
#47=TOROIDAL_SURFACE('',#3844,6.99,1.5);
#48=TOROIDAL_SURFACE('',#3847,8.,1.5);
#49=TOROIDAL_SURFACE('',#3857,8.,1.5);
#50=TOROIDAL_SURFACE('',#3919,8.4,1.5);
#51=TOROIDAL_SURFACE('',#3929,8.4,1.5);
#52=TOROIDAL_SURFACE('',#3933,8.4,1.5);
#53=TOROIDAL_SURFACE('',#3943,8.4,1.5);
#54=TOROIDAL_SURFACE('',#3945,1.31,0.81);
#55=TOROIDAL_SURFACE('',#3949,9.45217782649232,0.81);
#56=TOROIDAL_SURFACE('',#3953,9.45217782649232,0.81);
#57=TOROIDAL_SURFACE('',#3957,1.31,0.81);
#58=TOROIDAL_SURFACE('',#3964,1.31,0.81);
#59=TOROIDAL_SURFACE('',#3968,9.45217782649232,0.81);
#60=TOROIDAL_SURFACE('',#3973,9.45217782649232,0.81);
#61=TOROIDAL_SURFACE('',#3977,1.31,0.81);
#62=B_SPLINE_SURFACE_WITH_KNOTS('',3,3,((#5422,#5423,#5424,#5425,#5426,
#5427,#5428,#5429),(#5430,#5431,#5432,#5433,#5434,#5435,#5436,#5437),(#5438,
#5439,#5440,#5441,#5442,#5443,#5444,#5445),(#5446,#5447,#5448,#5449,#5450,
#5451,#5452,#5453),(#5454,#5455,#5456,#5457,#5458,#5459,#5460,#5461)),
 .UNSPECIFIED.,.F.,.F.,.F.,(4,1,4),(4,1,1,1,1,4),(0.,0.5,1.),(0.,0.184957900573364,
0.308263167622273,0.369915801146727,0.400742117908955,0.431568434671182),
 .UNSPECIFIED.);
#63=B_SPLINE_SURFACE_WITH_KNOTS('',3,3,((#5523,#5524,#5525,#5526,#5527,
#5528,#5529,#5530),(#5531,#5532,#5533,#5534,#5535,#5536,#5537,#5538),(#5539,
#5540,#5541,#5542,#5543,#5544,#5545,#5546),(#5547,#5548,#5549,#5550,#5551,
#5552,#5553,#5554),(#5555,#5556,#5557,#5558,#5559,#5560,#5561,#5562)),
 .UNSPECIFIED.,.F.,.F.,.F.,(4,1,4),(4,1,1,1,1,4),(0.,0.5,1.),(-2.78443934575989E-12,
0.0308263167603449,0.0616526335234743,0.184957900575992,0.308263167628509,
0.431568434681027),.UNSPECIFIED.);
#64=B_SPLINE_SURFACE_WITH_KNOTS('',3,3,((#5606,#5607,#5608,#5609,#5610),
(#5611,#5612,#5613,#5614,#5615),(#5616,#5617,#5618,#5619,#5620),(#5621,
#5622,#5623,#5624,#5625),(#5626,#5627,#5628,#5629,#5630)),.UNSPECIFIED.,
 .F.,.F.,.F.,(4,1,4),(4,1,4),(0.,0.571428571428571,1.),(0.,0.532852656476773,
1.24332286511247),.UNSPECIFIED.);
#65=B_SPLINE_SURFACE_WITH_KNOTS('',3,3,((#5687,#5688,#5689,#5690,#5691,
#5692,#5693,#5694,#5695),(#5696,#5697,#5698,#5699,#5700,#5701,#5702,#5703,
#5704),(#5705,#5706,#5707,#5708,#5709,#5710,#5711,#5712,#5713),(#5714,#5715,
#5716,#5717,#5718,#5719,#5720,#5721,#5722),(#5723,#5724,#5725,#5726,#5727,
#5728,#5729,#5730,#5731)),.UNSPECIFIED.,.F.,.F.,.F.,(4,1,4),(4,1,1,1,1,
1,4),(0.,0.5,1.),(-2.78435607903305E-12,0.0308263167594537,0.0616526335216918,
0.123305267046168,0.184957900570644,0.308263167619596,0.431568434668549),
 .UNSPECIFIED.);
#66=B_SPLINE_SURFACE_WITH_KNOTS('',3,3,((#5774,#5775,#5776,#5777,#5778,
#5779,#5780,#5781),(#5782,#5783,#5784,#5785,#5786,#5787,#5788,#5789),(#5790,
#5791,#5792,#5793,#5794,#5795,#5796,#5797),(#5798,#5799,#5800,#5801,#5802,
#5803,#5804,#5805),(#5806,#5807,#5808,#5809,#5810,#5811,#5812,#5813)),
 .UNSPECIFIED.,.F.,.F.,.F.,(4,1,4),(4,1,1,1,1,4),(0.,0.5,1.),(0.,0.184957900578776,
0.308263167631293,0.369915801157551,0.400742117920681,0.43156843468381),
 .UNSPECIFIED.);
#67=B_SPLINE_SURFACE_WITH_KNOTS('',3,3,((#5915,#5916,#5917,#5918,#5919),
(#5920,#5921,#5922,#5923,#5924),(#5925,#5926,#5927,#5928,#5929),(#5930,
#5931,#5932,#5933,#5934),(#5935,#5936,#5937,#5938,#5939)),.UNSPECIFIED.,
 .F.,.F.,.F.,(4,1,4),(4,1,4),(0.,0.571428571428571,1.),(0.,0.532852656484874,
1.24332286513137),.UNSPECIFIED.);
#68=B_SPLINE_SURFACE_WITH_KNOTS('',3,3,((#6049,#6050,#6051,#6052,#6053),
(#6054,#6055,#6056,#6057,#6058),(#6059,#6060,#6061,#6062,#6063),(#6064,
#6065,#6066,#6067,#6068),(#6069,#6070,#6071,#6072,#6073)),.UNSPECIFIED.,
 .F.,.F.,.F.,(4,1,4),(4,1,4),(0.,0.571428571428571,1.),(0.212790732842189,
0.923260941477886,1.45611359795466),.UNSPECIFIED.);
#69=B_SPLINE_SURFACE_WITH_KNOTS('',3,3,((#6192,#6193,#6194,#6195,#6196),
(#6197,#6198,#6199,#6200,#6201),(#6202,#6203,#6204,#6205,#6206),(#6207,
#6208,#6209,#6210,#6211),(#6212,#6213,#6214,#6215,#6216)),.UNSPECIFIED.,
 .F.,.F.,.F.,(4,1,4),(4,1,4),(0.,0.571428571428571,1.),(0.212790732823287,
0.745643389308161,1.45611359795466),.UNSPECIFIED.);
#70=B_SPLINE_SURFACE_WITH_KNOTS('',3,3,((#6268,#6269,#6270,#6271),(#6272,
#6273,#6274,#6275),(#6276,#6277,#6278,#6279),(#6280,#6281,#6282,#6283),
(#6284,#6285,#6286,#6287)),.UNSPECIFIED.,.F.,.F.,.F.,(4,1,4),(4,4),(0.,
0.571428571428571,1.),(0.154253141151995,0.64511322565235),
 .UNSPECIFIED.);
#71=B_SPLINE_SURFACE_WITH_KNOTS('',3,3,((#6323,#6324,#6325,#6326,#6327,
#6328),(#6329,#6330,#6331,#6332,#6333,#6334),(#6335,#6336,#6337,#6338,#6339,
#6340),(#6341,#6342,#6343,#6344,#6345,#6346),(#6347,#6348,#6349,#6350,#6351,
#6352)),.UNSPECIFIED.,.F.,.F.,.F.,(4,1,4),(4,1,1,4),(0.,0.571428571428571,
1.),(0.,0.180734403729134,0.301224006215224,0.421713608701313),
 .UNSPECIFIED.);
#72=B_SPLINE_SURFACE_WITH_KNOTS('',3,3,((#6360,#6361,#6362,#6363),(#6364,
#6365,#6366,#6367),(#6368,#6369,#6370,#6371),(#6372,#6373,#6374,#6375),
(#6376,#6377,#6378,#6379)),.UNSPECIFIED.,.F.,.F.,.F.,(4,1,4),(4,4),(0.,
0.571428571428571,1.),(0.,0.47186897541813),.UNSPECIFIED.);
#73=B_SPLINE_SURFACE_WITH_KNOTS('',3,3,((#6380,#6381,#6382,#6383),(#6384,
#6385,#6386,#6387),(#6388,#6389,#6390,#6391),(#6392,#6393,#6394,#6395),
(#6396,#6397,#6398,#6399)),.UNSPECIFIED.,.F.,.F.,.F.,(4,1,4),(4,4),(0.,
0.571428571428571,1.),(5.55918186239339E-16,0.0231054859750554),
 .UNSPECIFIED.);
#74=B_SPLINE_SURFACE_WITH_KNOTS('',3,3,((#6415,#6416,#6417,#6418),(#6419,
#6420,#6421,#6422),(#6423,#6424,#6425,#6426),(#6427,#6428,#6429,#6430),
(#6431,#6432,#6433,#6434)),.UNSPECIFIED.,.F.,.F.,.F.,(4,1,4),(4,4),(0.,
0.571428571428571,1.),(0.132459005540997,0.604327980956379),
 .UNSPECIFIED.);
#75=B_SPLINE_SURFACE_WITH_KNOTS('',3,3,((#6458,#6459,#6460,#6461,#6462),
(#6463,#6464,#6465,#6466,#6467),(#6468,#6469,#6470,#6471,#6472),(#6473,
#6474,#6475,#6476,#6477),(#6478,#6479,#6480,#6481,#6482)),.UNSPECIFIED.,
 .F.,.F.,.F.,(4,1,4),(4,1,4),(0.,0.571428571428571,1.),(0.,0.180734403729017,
0.421713608701041),.UNSPECIFIED.);
#76=B_SPLINE_SURFACE_WITH_KNOTS('',3,3,((#6495,#6496,#6497,#6498),(#6499,
#6500,#6501,#6502),(#6503,#6504,#6505,#6506),(#6507,#6508,#6509,#6510),
(#6511,#6512,#6513,#6514)),.UNSPECIFIED.,.F.,.F.,.F.,(4,1,4),(4,4),(0.,
0.571428571428571,1.),(0.,0.490860044685758),.UNSPECIFIED.);
#77=B_SPLINE_SURFACE_WITH_KNOTS('',3,3,((#6526,#6527,#6528,#6529),(#6530,
#6531,#6532,#6533),(#6534,#6535,#6536,#6537),(#6538,#6539,#6540,#6541),
(#6542,#6543,#6544,#6545)),.UNSPECIFIED.,.F.,.F.,.F.,(4,1,4),(4,4),(0.,
0.571428571428571,1.),(0.,0.0231053717237285),.UNSPECIFIED.);
#78=B_SPLINE_SURFACE_WITH_KNOTS('',3,3,((#6843,#6844,#6845,#6846,#6847,
#6848,#6849,#6850,#6851,#6852,#6853,#6854,#6855,#6856,#6857,#6858,#6859,
#6860,#6861,#6862),(#6863,#6864,#6865,#6866,#6867,#6868,#6869,#6870,#6871,
#6872,#6873,#6874,#6875,#6876,#6877,#6878,#6879,#6880,#6881,#6882),(#6883,
#6884,#6885,#6886,#6887,#6888,#6889,#6890,#6891,#6892,#6893,#6894,#6895,
#6896,#6897,#6898,#6899,#6900,#6901,#6902),(#6903,#6904,#6905,#6906,#6907,
#6908,#6909,#6910,#6911,#6912,#6913,#6914,#6915,#6916,#6917,#6918,#6919,
#6920,#6921,#6922)),.UNSPECIFIED.,.F.,.T.,.F.,(4,4),(4,1,1,1,1,1,1,1,1,
1,1,1,1,1,1,1,1,4),(0.,1.),(0.,0.0313840351266286,0.0627680702532572,0.0863060965982286,
0.1098441229432,0.117690131724857,0.125536140506514,0.188304210759772,0.215765241495572,
0.251072281013029,0.258918289794686,0.266764298576343,0.290302324921315,
0.313840351266286,0.345224386392915,0.376608421519543,0.407992456646172,
0.4393764917728),.UNSPECIFIED.);
#79=B_SPLINE_SURFACE_WITH_KNOTS('',3,3,((#7061,#7062,#7063,#7064,#7065,
#7066,#7067,#7068,#7069,#7070,#7071,#7072,#7073,#7074,#7075,#7076,#7077,
#7078,#7079,#7080,#7081,#7082,#7083,#7084,#7085,#7086,#7087,#7088,#7089,
#7090,#7091),(#7092,#7093,#7094,#7095,#7096,#7097,#7098,#7099,#7100,#7101,
#7102,#7103,#7104,#7105,#7106,#7107,#7108,#7109,#7110,#7111,#7112,#7113,
#7114,#7115,#7116,#7117,#7118,#7119,#7120,#7121,#7122),(#7123,#7124,#7125,
#7126,#7127,#7128,#7129,#7130,#7131,#7132,#7133,#7134,#7135,#7136,#7137,
#7138,#7139,#7140,#7141,#7142,#7143,#7144,#7145,#7146,#7147,#7148,#7149,
#7150,#7151,#7152,#7153),(#7154,#7155,#7156,#7157,#7158,#7159,#7160,#7161,
#7162,#7163,#7164,#7165,#7166,#7167,#7168,#7169,#7170,#7171,#7172,#7173,
#7174,#7175,#7176,#7177,#7178,#7179,#7180,#7181,#7182,#7183,#7184)),
 .UNSPECIFIED.,.F.,.T.,.F.,(4,4),(4,1,2,2,2,2,2,2,2,1,2,2,2,2,2,1,4),(0.,
1.),(0.,0.0269459200535615,0.0538918401071229,0.0845451724483229,0.115198504789523,
0.149898277456648,0.184598050123772,0.216237139291563,0.247876228459355,
0.274273074837377,0.300669921215399,0.335417770045348,0.370165618875296,
0.404406794503556,0.438647970131815,0.465678194803076,0.492708419474337),
 .UNSPECIFIED.);
#80=B_SPLINE_SURFACE_WITH_KNOTS('',3,3,((#7227,#7228,#7229,#7230,#7231,
#7232,#7233,#7234,#7235,#7236,#7237,#7238,#7239,#7240),(#7241,#7242,#7243,
#7244,#7245,#7246,#7247,#7248,#7249,#7250,#7251,#7252,#7253,#7254),(#7255,
#7256,#7257,#7258,#7259,#7260,#7261,#7262,#7263,#7264,#7265,#7266,#7267,
#7268),(#7269,#7270,#7271,#7272,#7273,#7274,#7275,#7276,#7277,#7278,#7279,
#7280,#7281,#7282)),.UNSPECIFIED.,.F.,.T.,.F.,(4,4),(4,1,1,1,1,1,1,1,1,
1,1,4),(0.,1.),(0.,0.0298743117900746,0.0597486235801491,0.119497247160298,
0.179245870740447,0.238994494320597,0.283805962005708,0.298743117900746,
0.32861742969082,0.358491741480895,0.388366053270969,0.418240365061044),
 .UNSPECIFIED.);
#81=B_SPLINE_SURFACE_WITH_KNOTS('',3,3,((#7308,#7309,#7310,#7311,#7312,
#7313,#7314,#7315,#7316,#7317,#7318,#7319,#7320,#7321,#7322,#7323,#7324,
#7325,#7326,#7327,#7328,#7329),(#7330,#7331,#7332,#7333,#7334,#7335,#7336,
#7337,#7338,#7339,#7340,#7341,#7342,#7343,#7344,#7345,#7346,#7347,#7348,
#7349,#7350,#7351),(#7352,#7353,#7354,#7355,#7356,#7357,#7358,#7359,#7360,
#7361,#7362,#7363,#7364,#7365,#7366,#7367,#7368,#7369,#7370,#7371,#7372,
#7373),(#7374,#7375,#7376,#7377,#7378,#7379,#7380,#7381,#7382,#7383,#7384,
#7385,#7386,#7387,#7388,#7389,#7390,#7391,#7392,#7393,#7394,#7395)),
 .UNSPECIFIED.,.F.,.T.,.F.,(4,4),(4,1,1,1,1,1,1,1,1,1,1,1,1,1,1,1,1,1,1,
4),(0.,1.),(0.,0.0306949621872861,0.0613899243745722,0.0652267946479829,
0.0690636649213937,0.0767374054682152,0.122779848749144,0.15347481093643,
0.168822292030073,0.184169773123716,0.207190994764181,0.245559697498289,
0.260907178591932,0.291602140779218,0.306949621872861,0.337644584060147,
0.35299206515379,0.368339546247433,0.399034508434719,0.429729470622005),
 .UNSPECIFIED.);
#82=B_SPLINE_SURFACE_WITH_KNOTS('',3,3,((#7725,#7726,#7727,#7728,#7729,
#7730,#7731,#7732,#7733,#7734,#7735,#7736,#7737,#7738,#7739,#7740,#7741,
#7742,#7743,#7744,#7745,#7746,#7747,#7748,#7749,#7750,#7751,#7752,#7753,
#7754,#7755,#7756,#7757,#7758,#7759,#7760,#7761,#7762,#7763,#7764,#7765,
#7766),(#7767,#7768,#7769,#7770,#7771,#7772,#7773,#7774,#7775,#7776,#7777,
#7778,#7779,#7780,#7781,#7782,#7783,#7784,#7785,#7786,#7787,#7788,#7789,
#7790,#7791,#7792,#7793,#7794,#7795,#7796,#7797,#7798,#7799,#7800,#7801,
#7802,#7803,#7804,#7805,#7806,#7807,#7808),(#7809,#7810,#7811,#7812,#7813,
#7814,#7815,#7816,#7817,#7818,#7819,#7820,#7821,#7822,#7823,#7824,#7825,
#7826,#7827,#7828,#7829,#7830,#7831,#7832,#7833,#7834,#7835,#7836,#7837,
#7838,#7839,#7840,#7841,#7842,#7843,#7844,#7845,#7846,#7847,#7848,#7849,
#7850),(#7851,#7852,#7853,#7854,#7855,#7856,#7857,#7858,#7859,#7860,#7861,
#7862,#7863,#7864,#7865,#7866,#7867,#7868,#7869,#7870,#7871,#7872,#7873,
#7874,#7875,#7876,#7877,#7878,#7879,#7880,#7881,#7882,#7883,#7884,#7885,
#7886,#7887,#7888,#7889,#7890,#7891,#7892),(#7893,#7894,#7895,#7896,#7897,
#7898,#7899,#7900,#7901,#7902,#7903,#7904,#7905,#7906,#7907,#7908,#7909,
#7910,#7911,#7912,#7913,#7914,#7915,#7916,#7917,#7918,#7919,#7920,#7921,
#7922,#7923,#7924,#7925,#7926,#7927,#7928,#7929,#7930,#7931,#7932,#7933,
#7934)),.UNSPECIFIED.,.F.,.F.,.F.,(4,1,4),(4,1,1,2,1,1,1,1,1,1,1,1,1,1,
1,1,1,1,1,1,1,1,1,1,1,1,1,1,1,1,1,1,1,1,1,1,1,1,4),(0.,0.571428571428571,
1.),(-0.0614032507024121,-0.0368419504214473,-0.0245613002809648,0.,0.001028644203293,
0.004114576813172,0.00822915362634399,0.016458307252688,0.032916614505376,
0.0493749217580639,0.0658332290107519,0.0822915362634399,0.0987498435161279,
0.115208150768816,0.131666458021504,0.148124765274192,0.16458307252688,
0.181041379779568,0.197499687032256,0.213957994284944,0.230416301537632,
0.252360711207882,0.263332916043008,0.279791223295696,0.296249530548384,
0.312707837801072,0.314765126207658,0.316822414614244,0.320936991427416,
0.325051568240588,0.326080212443881,0.327108856647174,0.328137500850467,
0.328651822952113,0.328908984002936,0.329037564528348,0.329101854791054,
0.329133999922407,0.32916614505376),.UNSPECIFIED.);
#83=B_SPLINE_SURFACE_WITH_KNOTS('',3,3,((#8045,#8046,#8047,#8048,#8049,
#8050,#8051,#8052,#8053,#8054,#8055,#8056,#8057,#8058,#8059,#8060,#8061,
#8062,#8063,#8064,#8065,#8066,#8067,#8068,#8069,#8070,#8071,#8072,#8073,
#8074,#8075,#8076,#8077,#8078,#8079,#8080,#8081,#8082,#8083),(#8084,#8085,
#8086,#8087,#8088,#8089,#8090,#8091,#8092,#8093,#8094,#8095,#8096,#8097,
#8098,#8099,#8100,#8101,#8102,#8103,#8104,#8105,#8106,#8107,#8108,#8109,
#8110,#8111,#8112,#8113,#8114,#8115,#8116,#8117,#8118,#8119,#8120,#8121,
#8122),(#8123,#8124,#8125,#8126,#8127,#8128,#8129,#8130,#8131,#8132,#8133,
#8134,#8135,#8136,#8137,#8138,#8139,#8140,#8141,#8142,#8143,#8144,#8145,
#8146,#8147,#8148,#8149,#8150,#8151,#8152,#8153,#8154,#8155,#8156,#8157,
#8158,#8159,#8160,#8161),(#8162,#8163,#8164,#8165,#8166,#8167,#8168,#8169,
#8170,#8171,#8172,#8173,#8174,#8175,#8176,#8177,#8178,#8179,#8180,#8181,
#8182,#8183,#8184,#8185,#8186,#8187,#8188,#8189,#8190,#8191,#8192,#8193,
#8194,#8195,#8196,#8197,#8198,#8199,#8200),(#8201,#8202,#8203,#8204,#8205,
#8206,#8207,#8208,#8209,#8210,#8211,#8212,#8213,#8214,#8215,#8216,#8217,
#8218,#8219,#8220,#8221,#8222,#8223,#8224,#8225,#8226,#8227,#8228,#8229,
#8230,#8231,#8232,#8233,#8234,#8235,#8236,#8237,#8238,#8239)),
 .UNSPECIFIED.,.F.,.F.,.F.,(4,1,4),(4,1,1,1,1,1,1,1,1,1,1,1,1,1,1,1,1,1,
1,1,1,1,1,1,1,1,1,1,1,1,2,1,1,1,1,4),(0.,0.571428571428571,1.),(0.,3.21451313529061E-5,
6.42902627058121E-5,0.000128580525411624,0.000257161050823248,0.000514322101646497,
0.00102864420329299,0.00205728840658599,0.00411457681317198,0.00617186521975796,
0.00822915362634395,0.0102864420329299,0.0123437304395159,0.0164583072526879,
0.0205728840658599,0.0246874608790318,0.0329166145053758,0.0658332290107516,
0.0877776386810021,0.109722048351253,0.131666458021503,0.164583072526879,
0.197499687032255,0.230416301537631,0.263332916043006,0.296249530548382,
0.31270783780107,0.320936991427414,0.325051568240586,0.327108856647172,
0.329166145053758,0.332236313924069,0.335306482794381,0.341446820535004,
0.353727496016249,0.390569522459986),.UNSPECIFIED.);
#84=B_SPLINE_SURFACE_WITH_KNOTS('',3,3,((#8609,#8610,#8611,#8612,#8613,
#8614,#8615,#8616,#8617,#8618,#8619,#8620,#8621,#8622,#8623,#8624,#8625,
#8626,#8627,#8628,#8629,#8630,#8631,#8632,#8633,#8634,#8635,#8636,#8637,
#8638,#8639,#8640,#8641,#8642,#8643,#8644,#8645,#8646,#8647),(#8648,#8649,
#8650,#8651,#8652,#8653,#8654,#8655,#8656,#8657,#8658,#8659,#8660,#8661,
#8662,#8663,#8664,#8665,#8666,#8667,#8668,#8669,#8670,#8671,#8672,#8673,
#8674,#8675,#8676,#8677,#8678,#8679,#8680,#8681,#8682,#8683,#8684,#8685,
#8686),(#8687,#8688,#8689,#8690,#8691,#8692,#8693,#8694,#8695,#8696,#8697,
#8698,#8699,#8700,#8701,#8702,#8703,#8704,#8705,#8706,#8707,#8708,#8709,
#8710,#8711,#8712,#8713,#8714,#8715,#8716,#8717,#8718,#8719,#8720,#8721,
#8722,#8723,#8724,#8725),(#8726,#8727,#8728,#8729,#8730,#8731,#8732,#8733,
#8734,#8735,#8736,#8737,#8738,#8739,#8740,#8741,#8742,#8743,#8744,#8745,
#8746,#8747,#8748,#8749,#8750,#8751,#8752,#8753,#8754,#8755,#8756,#8757,
#8758,#8759,#8760,#8761,#8762,#8763,#8764),(#8765,#8766,#8767,#8768,#8769,
#8770,#8771,#8772,#8773,#8774,#8775,#8776,#8777,#8778,#8779,#8780,#8781,
#8782,#8783,#8784,#8785,#8786,#8787,#8788,#8789,#8790,#8791,#8792,#8793,
#8794,#8795,#8796,#8797,#8798,#8799,#8800,#8801,#8802,#8803)),
 .UNSPECIFIED.,.F.,.F.,.F.,(4,1,4),(4,1,1,1,1,1,1,1,1,1,1,1,1,1,1,1,1,1,
1,1,1,1,1,1,1,1,1,1,1,1,2,1,1,1,1,4),(0.,0.571428571428571,1.),(0.,3.21451313529061E-5,
6.42902627058121E-5,0.000128580525411624,0.000257161050823248,0.000514322101646497,
0.00102864420329299,0.00205728840658599,0.00411457681317198,0.00617186521975796,
0.00822915362634395,0.0102864420329299,0.0123437304395159,0.0164583072526879,
0.0205728840658599,0.0246874608790318,0.0329166145053758,0.0658332290107516,
0.0877776386810021,0.109722048351253,0.131666458021503,0.164583072526879,
0.197499687032255,0.230416301537631,0.263332916043006,0.296249530548382,
0.31270783780107,0.320936991427414,0.325051568240586,0.327108856647172,
0.329166145053758,0.332236307588879,0.335306470123999,0.34144679519424,
0.353727445334723,0.390569395756169),.UNSPECIFIED.);
#85=B_SPLINE_SURFACE_WITH_KNOTS('',3,3,((#8891,#8892,#8893,#8894,#8895,
#8896,#8897,#8898,#8899,#8900,#8901,#8902,#8903,#8904,#8905,#8906,#8907,
#8908,#8909,#8910,#8911,#8912,#8913,#8914,#8915,#8916,#8917,#8918,#8919,
#8920,#8921,#8922,#8923,#8924,#8925,#8926,#8927,#8928,#8929,#8930,#8931,
#8932),(#8933,#8934,#8935,#8936,#8937,#8938,#8939,#8940,#8941,#8942,#8943,
#8944,#8945,#8946,#8947,#8948,#8949,#8950,#8951,#8952,#8953,#8954,#8955,
#8956,#8957,#8958,#8959,#8960,#8961,#8962,#8963,#8964,#8965,#8966,#8967,
#8968,#8969,#8970,#8971,#8972,#8973,#8974),(#8975,#8976,#8977,#8978,#8979,
#8980,#8981,#8982,#8983,#8984,#8985,#8986,#8987,#8988,#8989,#8990,#8991,
#8992,#8993,#8994,#8995,#8996,#8997,#8998,#8999,#9000,#9001,#9002,#9003,
#9004,#9005,#9006,#9007,#9008,#9009,#9010,#9011,#9012,#9013,#9014,#9015,
#9016),(#9017,#9018,#9019,#9020,#9021,#9022,#9023,#9024,#9025,#9026,#9027,
#9028,#9029,#9030,#9031,#9032,#9033,#9034,#9035,#9036,#9037,#9038,#9039,
#9040,#9041,#9042,#9043,#9044,#9045,#9046,#9047,#9048,#9049,#9050,#9051,
#9052,#9053,#9054,#9055,#9056,#9057,#9058),(#9059,#9060,#9061,#9062,#9063,
#9064,#9065,#9066,#9067,#9068,#9069,#9070,#9071,#9072,#9073,#9074,#9075,
#9076,#9077,#9078,#9079,#9080,#9081,#9082,#9083,#9084,#9085,#9086,#9087,
#9088,#9089,#9090,#9091,#9092,#9093,#9094,#9095,#9096,#9097,#9098,#9099,
#9100)),.UNSPECIFIED.,.F.,.F.,.F.,(4,1,4),(4,1,1,2,1,1,1,1,1,1,1,1,1,1,
1,1,1,1,1,1,1,1,1,1,1,1,1,1,1,1,1,1,1,1,1,1,1,1,4),(0.,0.571428571428571,
1.),(-0.0614033774062283,-0.0491227019249826,-0.0245613509624913,0.,0.00102864420329299,
0.00411457681317196,0.00822915362634392,0.0164583072526878,0.0329166145053757,
0.0493749217580635,0.0658332290107514,0.0822915362634392,0.0987498435161271,
0.115208150768815,0.131666458021503,0.148124765274191,0.164583072526878,
0.181041379779566,0.197499687032254,0.213957994284942,0.23041630153763,
0.25236071120788,0.263332916043006,0.279791223295693,0.296249530548381,
0.312707837801069,0.314765126207655,0.316822414614241,0.320936991427413,
0.325051568240585,0.326080212443878,0.327108856647171,0.328137500850464,
0.32865182295211,0.328908984002934,0.329037564528345,0.329101854791051,
0.329133999922404,0.329166145053757),.UNSPECIFIED.);
#86=B_SPLINE_SURFACE_WITH_KNOTS('',3,3,((#9523,#9524,#9525,#9526,#9527,
#9528,#9529),(#9530,#9531,#9532,#9533,#9534,#9535,#9536),(#9537,#9538,#9539,
#9540,#9541,#9542,#9543),(#9544,#9545,#9546,#9547,#9548,#9549,#9550),(#9551,
#9552,#9553,#9554,#9555,#9556,#9557)),.UNSPECIFIED.,.F.,.F.,.F.,(4,1,4),
(4,1,1,1,4),(0.,0.5,1.),(0.471825919657518,0.552508896089502,0.633191872521486,
0.740769174430799,0.848346476340111),.UNSPECIFIED.);
#87=B_SPLINE_SURFACE_WITH_KNOTS('',3,3,((#9613,#9614,#9615,#9616,#9617,
#9618,#9619,#9620,#9621,#9622),(#9623,#9624,#9625,#9626,#9627,#9628,#9629,
#9630,#9631,#9632),(#9633,#9634,#9635,#9636,#9637,#9638,#9639,#9640,#9641,
#9642),(#9643,#9644,#9645,#9646,#9647,#9648,#9649,#9650,#9651,#9652),(#9653,
#9654,#9655,#9656,#9657,#9658,#9659,#9660,#9661,#9662)),.UNSPECIFIED.,.F.,
 .F.,.F.,(4,1,4),(4,1,1,1,1,1,1,4),(0.,0.5,1.),(4.72969522672055E-17,0.0516489716391361,
0.0688652955188482,0.103297943278272,0.137730591037696,0.189379562676832,
0.206595886556544,0.241028534315968),.UNSPECIFIED.);
#88=B_SPLINE_SURFACE_WITH_KNOTS('',3,3,((#9711,#9712,#9713,#9714,#9715,
#9716,#9717,#9718,#9719),(#9720,#9721,#9722,#9723,#9724,#9725,#9726,#9727,
#9728),(#9729,#9730,#9731,#9732,#9733,#9734,#9735,#9736,#9737),(#9738,#9739,
#9740,#9741,#9742,#9743,#9744,#9745,#9746),(#9747,#9748,#9749,#9750,#9751,
#9752,#9753,#9754,#9755)),.UNSPECIFIED.,.F.,.F.,.F.,(4,1,4),(4,1,1,1,1,
1,4),(0.,0.5,1.),(4.05055571841065E-16,0.0344324443227677,0.068864888645535,
0.103297332968302,0.13772977729107,0.189378443775221,0.241027110259372),
 .UNSPECIFIED.);
#89=B_SPLINE_SURFACE_WITH_KNOTS('',3,3,((#9776,#9777,#9778,#9779,#9780,
#9781,#9782),(#9783,#9784,#9785,#9786,#9787,#9788,#9789),(#9790,#9791,#9792,
#9793,#9794,#9795,#9796),(#9797,#9798,#9799,#9800,#9801,#9802,#9803),(#9804,
#9805,#9806,#9807,#9808,#9809,#9810)),.UNSPECIFIED.,.F.,.F.,.F.,(4,1,4),
(4,1,1,1,4),(0.,0.5,1.),(0.848346476345751,0.955923778255064,1.06350108016438,
1.14418405659636,1.22486703302834),.UNSPECIFIED.);
#90=B_SPLINE_SURFACE_WITH_KNOTS('',3,3,((#9861,#9862,#9863,#9864,#9865),
(#9866,#9867,#9868,#9869,#9870),(#9871,#9872,#9873,#9874,#9875),(#9876,
#9877,#9878,#9879,#9880),(#9881,#9882,#9883,#9884,#9885)),.UNSPECIFIED.,
 .F.,.F.,.F.,(4,1,4),(4,1,4),(0.,0.571428571428571,1.),(0.330428878512921,
0.455595168980021,0.580761459447121),.UNSPECIFIED.);
#91=(
BOUNDED_SURFACE()
B_SPLINE_SURFACE(4,1,((#5259,#5260),(#5261,#5262),(#5263,#5264),(#5265,
#5266),(#5267,#5268)),.UNSPECIFIED.,.F.,.F.,.F.)
B_SPLINE_SURFACE_WITH_KNOTS((5,5),(2,2),(0.,1.),(-0.9,0.9),
 .UNSPECIFIED.)
GEOMETRIC_REPRESENTATION_ITEM()
RATIONAL_B_SPLINE_SURFACE(((1.,1.),(1.,1.),(1.,1.),(1.,1.),(1.,1.)))
REPRESENTATION_ITEM('')
SURFACE()
);
#92=(
BOUNDED_SURFACE()
B_SPLINE_SURFACE(3,1,((#6094,#6095),(#6096,#6097),(#6098,#6099),(#6100,
#6101)),.UNSPECIFIED.,.F.,.F.,.F.)
B_SPLINE_SURFACE_WITH_KNOTS((4,4),(2,2),(-1.,0.),(-0.952115015710908,0.819205542285966),
 .UNSPECIFIED.)
GEOMETRIC_REPRESENTATION_ITEM()
RATIONAL_B_SPLINE_SURFACE(((1.,1.),(1.,1.),(1.,1.),(1.,1.)))
REPRESENTATION_ITEM('')
SURFACE()
);
#93=(
BOUNDED_SURFACE()
B_SPLINE_SURFACE(3,1,((#6568,#6569),(#6570,#6571),(#6572,#6573),(#6574,
#6575)),.UNSPECIFIED.,.F.,.F.,.F.)
B_SPLINE_SURFACE_WITH_KNOTS((4,4),(2,2),(-1.,0.),(-0.9,0.9),
 .UNSPECIFIED.)
GEOMETRIC_REPRESENTATION_ITEM()
RATIONAL_B_SPLINE_SURFACE(((1.,1.),(1.,1.),(1.,1.),(1.,1.)))
REPRESENTATION_ITEM('')
SURFACE()
);
#94=(
BOUNDED_SURFACE()
B_SPLINE_SURFACE(3,1,((#6661,#6662),(#6663,#6664),(#6665,#6666),(#6667,
#6668)),.UNSPECIFIED.,.F.,.F.,.F.)
B_SPLINE_SURFACE_WITH_KNOTS((4,4),(2,2),(-1.,0.),(-0.9,0.9),
 .UNSPECIFIED.)
GEOMETRIC_REPRESENTATION_ITEM()
RATIONAL_B_SPLINE_SURFACE(((1.,1.),(1.,1.),(1.,1.),(1.,1.)))
REPRESENTATION_ITEM('')
SURFACE()
);
#95=(
BOUNDED_SURFACE()
B_SPLINE_SURFACE(3,1,((#6816,#6817),(#6818,#6819),(#6820,#6821),(#6822,
#6823)),.UNSPECIFIED.,.F.,.F.,.F.)
B_SPLINE_SURFACE_WITH_KNOTS((4,4),(2,2),(0.,1.),(-0.952115015710908,0.819205542285966),
 .UNSPECIFIED.)
GEOMETRIC_REPRESENTATION_ITEM()
RATIONAL_B_SPLINE_SURFACE(((1.,1.),(1.,1.),(1.,1.),(1.,1.)))
REPRESENTATION_ITEM('')
SURFACE()
);
#96=(
BOUNDED_SURFACE()
B_SPLINE_SURFACE(5,1,((#8329,#8330),(#8331,#8332),(#8333,#8334),(#8335,
#8336),(#8337,#8338),(#8339,#8340),(#8341,#8342),(#8343,#8344),(#8345,#8346),
(#8347,#8348)),.UNSPECIFIED.,.F.,.F.,.F.)
B_SPLINE_SURFACE_WITH_KNOTS((6,1,1,1,1,6),(2,2),(0.,0.2,0.4,0.6,0.8,1.),
(-0.430000000000003,0.326217782649081),.UNSPECIFIED.)
GEOMETRIC_REPRESENTATION_ITEM()
RATIONAL_B_SPLINE_SURFACE(((1.,1.),(1.,1.),(1.,1.),(1.,1.),(1.,1.),(1.,
1.),(1.,1.),(1.,1.),(1.,1.),(1.,1.)))
REPRESENTATION_ITEM('')
SURFACE()
);
#97=(
BOUNDED_SURFACE()
B_SPLINE_SURFACE(5,1,((#8463,#8464),(#8465,#8466),(#8467,#8468),(#8469,
#8470),(#8471,#8472),(#8473,#8474),(#8475,#8476),(#8477,#8478),(#8479,#8480),
(#8481,#8482)),.UNSPECIFIED.,.F.,.F.,.F.)
B_SPLINE_SURFACE_WITH_KNOTS((6,1,1,1,1,6),(2,2),(-1.,-0.8,-0.6,-0.4,-0.2,
0.),(-0.430000000000001,0.32621778264908),.UNSPECIFIED.)
GEOMETRIC_REPRESENTATION_ITEM()
RATIONAL_B_SPLINE_SURFACE(((1.,1.),(1.,1.),(1.,1.),(1.,1.),(1.,1.),(1.,
1.),(1.,1.),(1.,1.),(1.,1.),(1.,1.)))
REPRESENTATION_ITEM('')
SURFACE()
);
#98=(
BOUNDED_SURFACE()
B_SPLINE_SURFACE(5,1,((#9201,#9202),(#9203,#9204),(#9205,#9206),(#9207,
#9208),(#9209,#9210),(#9211,#9212),(#9213,#9214),(#9215,#9216),(#9217,#9218),
(#9219,#9220)),.UNSPECIFIED.,.F.,.F.,.F.)
B_SPLINE_SURFACE_WITH_KNOTS((6,1,1,1,1,6),(2,2),(0.,0.2,0.4,0.6,0.8,1.),
(-0.430000000000001,0.32621778264908),.UNSPECIFIED.)
GEOMETRIC_REPRESENTATION_ITEM()
RATIONAL_B_SPLINE_SURFACE(((1.,1.),(1.,1.),(1.,1.),(1.,1.),(1.,1.),(1.,
1.),(1.,1.),(1.,1.),(1.,1.),(1.,1.)))
REPRESENTATION_ITEM('')
SURFACE()
);
#99=(
BOUNDED_SURFACE()
B_SPLINE_SURFACE(5,1,((#9342,#9343),(#9344,#9345),(#9346,#9347),(#9348,
#9349),(#9350,#9351),(#9352,#9353),(#9354,#9355),(#9356,#9357),(#9358,#9359),
(#9360,#9361)),.UNSPECIFIED.,.F.,.F.,.F.)
B_SPLINE_SURFACE_WITH_KNOTS((6,1,1,1,1,6),(2,2),(-1.,-0.8,-0.6,-0.4,-0.2,
0.),(-0.430000000000002,0.32621778264908),.UNSPECIFIED.)
GEOMETRIC_REPRESENTATION_ITEM()
RATIONAL_B_SPLINE_SURFACE(((1.,1.),(1.,1.),(1.,1.),(1.,1.),(1.,1.),(1.,
1.),(1.,1.),(1.,1.),(1.,1.),(1.,1.)))
REPRESENTATION_ITEM('')
SURFACE()
);
#100=B_SPLINE_CURVE_WITH_KNOTS('',3,(#4988,#4989,#4990,#4991),
 .UNSPECIFIED.,.F.,.F.,(4,4),(-1.38,-1.08983820596617),.UNSPECIFIED.);
#101=B_SPLINE_CURVE_WITH_KNOTS('',3,(#5006,#5007,#5008,#5009),
 .UNSPECIFIED.,.F.,.F.,(4,4),(-0.340161794037217,-0.0499999999999996),
 .UNSPECIFIED.);
#102=B_SPLINE_CURVE_WITH_KNOTS('',3,(#5031,#5032,#5033,#5034,#5035,#5036,
#5037,#5038,#5039,#5040,#5041,#5042,#5043,#5044,#5045,#5046,#5047,#5048,
#5049,#5050,#5051,#5052,#5053,#5054,#5055,#5056,#5057,#5058,#5059,#5060,
#5061,#5062,#5063,#5064,#5065,#5066,#5067),.UNSPECIFIED.,.F.,.F.,(4,3,3,
3,3,3,3,3,3,3,3,3,4),(-0.316916602227381,-0.28968326498858,-0.262449927749782,
-0.235216590510987,-0.207983253272188,-0.180749916033385,-0.153516578794589,
-0.126283241555786,-0.0990499043170003,-0.0718165670782032,-0.0445832298394004,
-0.0173498926006032,0.),.UNSPECIFIED.);
#103=B_SPLINE_CURVE_WITH_KNOTS('',3,(#5103,#5104,#5105,#5106,#5107,#5108,
#5109,#5110,#5111,#5112,#5113,#5114,#5115,#5116,#5117,#5118,#5119,#5120,
#5121,#5122,#5123,#5124,#5125,#5126,#5127,#5128,#5129,#5130,#5131,#5132,
#5133,#5134,#5135,#5136,#5137,#5138,#5139),.UNSPECIFIED.,.F.,.F.,(4,3,3,
3,3,3,3,3,3,3,3,3,4),(-0.941148666482806,-0.86734364392593,-0.79353862136905,
-0.719733598812162,-0.645928576255273,-0.5721235536984,-0.498318531141524,
-0.42451350858465,-0.350708486027803,-0.276903463470947,-0.203098440914064,
-0.129293418357188,-0.0822735028939792),.UNSPECIFIED.);
#104=B_SPLINE_CURVE_WITH_KNOTS('',3,(#5161,#5162,#5163,#5164,#5165,#5166,
#5167,#5168,#5169,#5170,#5171,#5172,#5173,#5174,#5175,#5176,#5177,#5178,
#5179),.UNSPECIFIED.,.F.,.F.,(4,3,3,3,3,3,4),(-0.406729305492699,-0.375176080618891,
-0.360824724285776,-0.330337270330405,-0.311825303033686,-0.28938802750466,
-0.273407475357),.UNSPECIFIED.);
#105=B_SPLINE_CURVE_WITH_KNOTS('',3,(#5183,#5184,#5185,#5186,#5187,#5188,
#5189,#5190,#5191,#5192,#5193,#5194,#5195,#5196),.UNSPECIFIED.,.F.,.F.,
(4,2,2,2,2,2,4),(-0.000618028080178175,0.,0.0308106356809536,0.0615840602595981,
0.12056736189092,0.178928357558973,0.236991367475364),.UNSPECIFIED.);
#106=B_SPLINE_CURVE_WITH_KNOTS('',3,(#5208,#5209,#5210,#5211),
 .UNSPECIFIED.,.F.,.F.,(4,4),(-0.0284892111654809,0.),.UNSPECIFIED.);
#107=B_SPLINE_CURVE_WITH_KNOTS('',3,(#5238,#5239,#5240,#5241),
 .UNSPECIFIED.,.F.,.F.,(4,4),(-1.11022302462516E-16,0.0284892111654809),
 .UNSPECIFIED.);
#108=B_SPLINE_CURVE_WITH_KNOTS('',3,(#5246,#5247,#5248,#5249),
 .UNSPECIFIED.,.F.,.F.,(4,4),(-0.0284892111654809,0.),.UNSPECIFIED.);
#109=B_SPLINE_CURVE_WITH_KNOTS('',3,(#5270,#5271,#5272,#5273,#5274,#5275),
 .UNSPECIFIED.,.F.,.F.,(4,1,1,4),(0.,0.180734403729134,0.301224006215224,
0.421713608701313),.UNSPECIFIED.);
#110=B_SPLINE_CURVE_WITH_KNOTS('',3,(#5277,#5278,#5279,#5280),
 .UNSPECIFIED.,.F.,.F.,(4,4),(-0.47186897541813,0.),.UNSPECIFIED.);
#111=B_SPLINE_CURVE_WITH_KNOTS('',3,(#5282,#5283,#5284,#5285,#5286,#5287,
#5288,#5289,#5290,#5291),.UNSPECIFIED.,.F.,.F.,(4,2,2,2,4),(-0.883278655195844,
-0.770992297957777,-0.57761717695038,-0.38957813760797,-0.368011388376672),
 .UNSPECIFIED.);
#112=B_SPLINE_CURVE_WITH_KNOTS('',3,(#5293,#5294,#5295,#5296,#5297,#5298),
 .UNSPECIFIED.,.F.,.F.,(4,2,4),(-0.528314444099002,-0.269343773489175,0.),
 .UNSPECIFIED.);
#113=B_SPLINE_CURVE_WITH_KNOTS('',3,(#5300,#5301,#5302,#5303,#5304,#5305,
#5306,#5307,#5308,#5309),.UNSPECIFIED.,.F.,.F.,(4,2,2,2,4),(-0.855609942611324,
-0.73909060471034,-0.551187327099584,-0.360738663501439,-0.340331416889723),
 .UNSPECIFIED.);
#114=B_SPLINE_CURVE_WITH_KNOTS('',3,(#5311,#5312,#5313,#5314),
 .UNSPECIFIED.,.F.,.F.,(4,4),(-0.604327980956379,-0.132459005540997),
 .UNSPECIFIED.);
#115=B_SPLINE_CURVE_WITH_KNOTS('',3,(#5315,#5316,#5317,#5318,#5319),
 .UNSPECIFIED.,.F.,.F.,(4,1,4),(0.,0.180734403729017,0.421713608701041),
 .UNSPECIFIED.);
#116=B_SPLINE_CURVE_WITH_KNOTS('',3,(#5321,#5322,#5323,#5324,#5325,#5326,
#5327,#5328,#5329,#5330),.UNSPECIFIED.,.F.,.F.,(4,2,2,2,4),(-0.273407475357003,
-0.266766692279439,-0.218990507999063,-0.159611144430786,-0.140108321718141),
 .UNSPECIFIED.);
#117=B_SPLINE_CURVE_WITH_KNOTS('',3,(#5331,#5332,#5333,#5334),
 .UNSPECIFIED.,.F.,.F.,(4,4),(-0.73,-0.200000000000001),.UNSPECIFIED.);
#118=B_SPLINE_CURVE_WITH_KNOTS('',3,(#5464,#5465,#5466,#5467,#5468,#5469,
#5470,#5471,#5472,#5473,#5474,#5475,#5476,#5477,#5478,#5479,#5480,#5481,
#5482,#5483,#5484,#5485,#5486,#5487,#5488),.UNSPECIFIED.,.F.,.F.,(4,3,3,
3,3,3,3,3,4),(0.,0.000465204912203528,0.00362954438104538,0.00543846906398962,
0.0058292087133704,0.00807027730650458,0.0101314319551575,0.0103113458996388,
0.0103571397880163),.UNSPECIFIED.);
#119=B_SPLINE_CURVE_WITH_KNOTS('',3,(#5490,#5491,#5492,#5493,#5494,#5495,
#5496,#5497),.UNSPECIFIED.,.F.,.F.,(4,1,1,1,1,4),(-0.431568434671182,-0.400742117908955,
-0.369915801146727,-0.308263167622273,-0.184957900573364,0.),
 .UNSPECIFIED.);
#120=B_SPLINE_CURVE_WITH_KNOTS('',3,(#5500,#5501,#5502,#5503,#5504,#5505,
#5506,#5507),.UNSPECIFIED.,.F.,.F.,(4,1,1,1,1,4),(0.,0.184957900573364,
0.308263167622273,0.369915801146727,0.400742117908955,0.420999476834206),
 .UNSPECIFIED.);
#121=B_SPLINE_CURVE_WITH_KNOTS('',3,(#5565,#5566,#5567,#5568,#5569,#5570,
#5571,#5572,#5573,#5574,#5575,#5576,#5577,#5578,#5579,#5580,#5581,#5582,
#5583,#5584,#5585,#5586),.UNSPECIFIED.,.F.,.F.,(4,3,3,3,3,3,3,4),(-4.58337758928466E-5,
0.,0.0021499021734848,0.00444185180492484,0.00488038989238062,0.00488253141185657,
0.00793789260505777,0.0103238209278787),.UNSPECIFIED.);
#122=B_SPLINE_CURVE_WITH_KNOTS('',3,(#5587,#5588,#5589,#5590,#5591,#5592,
#5593,#5594),.UNSPECIFIED.,.F.,.F.,(4,1,1,1,1,4),(0.0105559591636553,0.0308263167603449,
0.0616526335234743,0.184957900575992,0.308263167628509,0.431568434681027),
 .UNSPECIFIED.);
#123=B_SPLINE_CURVE_WITH_KNOTS('',3,(#5595,#5596,#5597,#5598,#5599,#5600,
#5601,#5602),.UNSPECIFIED.,.F.,.F.,(4,1,1,1,1,4),(-0.431568434681027,-0.308263167628509,
-0.184957900575992,-0.0616526335234743,-0.0308263167603449,2.78443934575989E-12),
 .UNSPECIFIED.);
#124=B_SPLINE_CURVE_WITH_KNOTS('',3,(#5632,#5633,#5634,#5635,#5636),
 .UNSPECIFIED.,.F.,.F.,(4,1,4),(-1.24332286511247,-0.532852656476773,0.),
 .UNSPECIFIED.);
#125=B_SPLINE_CURVE_WITH_KNOTS('',3,(#5639,#5640,#5641,#5642,#5643),
 .UNSPECIFIED.,.F.,.F.,(4,1,4),(0.,0.532852656476773,0.920297925605643),
 .UNSPECIFIED.);
#126=B_SPLINE_CURVE_WITH_KNOTS('',3,(#5647,#5648,#5649,#5650,#5651,#5652,
#5653,#5654,#5655,#5656,#5657,#5658,#5659,#5660,#5661,#5662),
 .UNSPECIFIED.,.F.,.F.,(4,2,2,2,2,2,2,4),(0.,0.00932863814758329,0.0195998327829427,
0.0327227859357187,0.0538343582861207,0.0863471549107457,0.108665886605961,
0.129265321274898),.UNSPECIFIED.);
#127=B_SPLINE_CURVE_WITH_KNOTS('',3,(#5734,#5735,#5736,#5737,#5738,#5739,
#5740,#5741,#5742,#5743,#5744,#5745,#5746,#5747,#5748,#5749,#5750,#5751,
#5752,#5753,#5754,#5755),.UNSPECIFIED.,.F.,.F.,(4,3,3,3,3,3,3,4),(-4.58337751972777E-5,
0.,0.00214523748239052,0.00443236126643777,0.00488038989396965,0.00488253141344749,
0.00793932445922649,0.0103238209317305),.UNSPECIFIED.);
#128=B_SPLINE_CURVE_WITH_KNOTS('',3,(#5756,#5757,#5758,#5759,#5760,#5761,
#5762,#5763,#5764),.UNSPECIFIED.,.F.,.F.,(4,1,1,1,1,1,4),(0.0105680239975328,
0.0308263167594537,0.0616526335216918,0.123305267046168,0.184957900570644,
0.308263167619596,0.431568434668549),.UNSPECIFIED.);
#129=B_SPLINE_CURVE_WITH_KNOTS('',3,(#5765,#5766,#5767,#5768,#5769,#5770,
#5771,#5772,#5773),.UNSPECIFIED.,.F.,.F.,(4,1,1,1,1,1,4),(-0.431568434668549,
-0.308263167619596,-0.184957900570644,-0.123305267046168,-0.0616526335216918,
-0.0308263167594537,2.78435607903305E-12),.UNSPECIFIED.);
#130=B_SPLINE_CURVE_WITH_KNOTS('',3,(#5816,#5817,#5818,#5819,#5820,#5821,
#5822,#5823,#5824,#5825,#5826,#5827,#5828,#5829,#5830,#5831,#5832,#5833,
#5834,#5835,#5836,#5837,#5838,#5839,#5840),.UNSPECIFIED.,.F.,.F.,(4,3,3,
3,3,3,3,3,4),(0.,0.00046520491224751,0.00362942629469789,0.00543846906715028,
0.00582920871667843,0.0080702772336228,0.0101314322711602,0.0103113457505672,
0.0103571396437465),.UNSPECIFIED.);
#131=B_SPLINE_CURVE_WITH_KNOTS('',3,(#5841,#5842,#5843,#5844,#5845,#5846,
#5847,#5848),.UNSPECIFIED.,.F.,.F.,(4,1,1,1,1,4),(-0.43156843468381,-0.400742117920681,
-0.369915801157551,-0.308263167631293,-0.184957900578776,0.),
 .UNSPECIFIED.);
#132=B_SPLINE_CURVE_WITH_KNOTS('',3,(#5849,#5850,#5851,#5852,#5853,#5854,
#5855,#5856),.UNSPECIFIED.,.F.,.F.,(4,1,1,1,1,4),(0.,0.184957900578776,
0.308263167631293,0.369915801157551,0.400742117920681,0.420999568462381),
 .UNSPECIFIED.);
#133=B_SPLINE_CURVE_WITH_KNOTS('',3,(#5859,#5860,#5861,#5862,#5863),
 .UNSPECIFIED.,.F.,.F.,(4,1,4),(0.,0.532852656484874,0.920297962843405),
 .UNSPECIFIED.);
#134=B_SPLINE_CURVE_WITH_KNOTS('',3,(#5873,#5874,#5875,#5876,#5877,#5878,
#5879,#5880,#5881,#5882),.UNSPECIFIED.,.F.,.F.,(4,3,3,4),(0.123718905191266,
0.13811851354196,0.152402437709807,0.156024991959881),.UNSPECIFIED.);
#135=B_SPLINE_CURVE_WITH_KNOTS('',3,(#5884,#5885,#5886,#5887,#5888,#5889,
#5890,#5891,#5892,#5893),.UNSPECIFIED.,.F.,.F.,(4,3,3,4),(0.,0.0143340117505195,
0.0283920173954757,0.0331241555893632),.UNSPECIFIED.);
#136=B_SPLINE_CURVE_WITH_KNOTS('',3,(#5902,#5903,#5904,#5905,#5906),
 .UNSPECIFIED.,.F.,.F.,(4,1,4),(0.535815635113709,0.923260941477886,1.45611359795466),
 .UNSPECIFIED.);
#137=B_SPLINE_CURVE_WITH_KNOTS('',3,(#5941,#5942,#5943,#5944,#5945),
 .UNSPECIFIED.,.F.,.F.,(4,1,4),(-1.24332286513137,-0.532852656484874,0.),
 .UNSPECIFIED.);
#138=B_SPLINE_CURVE_WITH_KNOTS('',3,(#5951,#5952,#5953,#5954,#5955,#5956,
#5957,#5958,#5959,#5960,#5961,#5962),.UNSPECIFIED.,.F.,.F.,(4,2,2,2,2,4),
(-0.912913296490311,-0.831308833444737,-0.65676781337814,-0.527398371291567,
-0.39679861731111,-0.386645652543097),.UNSPECIFIED.);
#139=B_SPLINE_CURVE_WITH_KNOTS('',3,(#5964,#5965,#5966,#5967,#5968,#5969,
#5970,#5971,#5972,#5973,#5974,#5975,#5976,#5977,#5978,#5979),
 .UNSPECIFIED.,.F.,.F.,(4,2,2,2,2,2,2,4),(0.,0.00984190303059848,0.0183836894825758,
0.0293122926597985,0.0501695211042211,0.0982151464391212,0.174351521426188,
0.225732765639416),.UNSPECIFIED.);
#140=B_SPLINE_CURVE_WITH_KNOTS('',3,(#5983,#5984,#5985,#5986,#5987,#5988,
#5989,#5990,#5991,#5992),.UNSPECIFIED.,.F.,.F.,(4,2,2,2,4),(0.963630572595185,
1.01726707865089,1.07354887776259,1.13399359234108,1.20004882618519),
 .UNSPECIFIED.);
#141=B_SPLINE_CURVE_WITH_KNOTS('',3,(#6006,#6007,#6008,#6009,#6010,#6011,
#6012,#6013,#6014,#6015),.UNSPECIFIED.,.F.,.F.,(4,2,2,2,4),(0.727212319005182,
0.793267552849293,0.853712267427782,0.90999406653948,0.963630572595185),
 .UNSPECIFIED.);
#142=B_SPLINE_CURVE_WITH_KNOTS('',3,(#6021,#6022,#6023,#6024,#6025,#6026,
#6027,#6028),.UNSPECIFIED.,.F.,.F.,(4,2,2,4),(0.,0.084745000449676,0.115089488594342,
0.142562681325875),.UNSPECIFIED.);
#143=B_SPLINE_CURVE_WITH_KNOTS('',3,(#6040,#6041,#6042,#6043,#6044,#6045,
#6046,#6047),.UNSPECIFIED.,.F.,.F.,(4,2,2,4),(0.388748358517016,0.41622155124855,
0.446566039393216,0.531311039842892),.UNSPECIFIED.);
#144=B_SPLINE_CURVE_WITH_KNOTS('',3,(#6076,#6077,#6078,#6079,#6080),
 .UNSPECIFIED.,.F.,.F.,(4,1,4),(-1.45611359795466,-0.923260941477886,-0.212790732842189),
 .UNSPECIFIED.);
#145=B_SPLINE_CURVE_WITH_KNOTS('',3,(#6083,#6084,#6085,#6086,#6087,#6088,
#6089,#6090,#6091,#6092),.UNSPECIFIED.,.F.,.F.,(4,2,2,2,4),(0.727212319005181,
0.793267552849293,0.853712267427781,0.909994066539479,0.963630572595185),
 .UNSPECIFIED.);
#146=B_SPLINE_CURVE_WITH_KNOTS('',3,(#6107,#6108,#6109,#6110),
 .UNSPECIFIED.,.F.,.F.,(4,4),(-1.62188465865124,-1.26908384824115),
 .UNSPECIFIED.);
#147=B_SPLINE_CURVE_WITH_KNOTS('',3,(#6112,#6113,#6114,#6115),
 .UNSPECIFIED.,.F.,.F.,(4,4),(-0.13,-0.0499999999999999),.UNSPECIFIED.);
#148=B_SPLINE_CURVE_WITH_KNOTS('',3,(#6117,#6118,#6119,#6120),
 .UNSPECIFIED.,.F.,.F.,(4,4),(-0.388748543050591,0.),.UNSPECIFIED.);
#149=B_SPLINE_CURVE_WITH_KNOTS('',3,(#6123,#6124,#6125,#6126),
 .UNSPECIFIED.,.F.,.F.,(4,4),(0.,0.214865148206326),.UNSPECIFIED.);
#150=B_SPLINE_CURVE_WITH_KNOTS('',3,(#6129,#6130,#6131,#6132),
 .UNSPECIFIED.,.F.,.F.,(4,4),(0.400157359142658,0.64511322565235),
 .UNSPECIFIED.);
#151=B_SPLINE_CURVE_WITH_KNOTS('',3,(#6143,#6144,#6145,#6146,#6147,#6148,
#6149,#6150),.UNSPECIFIED.,.F.,.F.,(4,2,2,4),(0.,0.0847450004496763,0.115089488594342,
0.142562681325875),.UNSPECIFIED.);
#152=B_SPLINE_CURVE_WITH_KNOTS('',3,(#6162,#6163,#6164,#6165,#6166,#6167,
#6168,#6169),.UNSPECIFIED.,.F.,.F.,(4,2,2,4),(0.388748358517016,0.41622155124855,
0.446566039393215,0.531311039842892),.UNSPECIFIED.);
#153=B_SPLINE_CURVE_WITH_KNOTS('',3,(#6175,#6176,#6177,#6178,#6179,#6180,
#6181,#6182,#6183,#6184),.UNSPECIFIED.,.F.,.F.,(4,2,2,2,4),(0.963630572595185,
1.01726707865089,1.07354887776259,1.13399359234108,1.20004882618519),
 .UNSPECIFIED.);
#154=B_SPLINE_CURVE_WITH_KNOTS('',3,(#6218,#6219,#6220,#6221,#6222),
 .UNSPECIFIED.,.F.,.F.,(4,1,4),(0.535818967142165,0.745643389308161,1.45611359795466),
 .UNSPECIFIED.);
#155=B_SPLINE_CURVE_WITH_KNOTS('',3,(#6225,#6226,#6227,#6228,#6229),
 .UNSPECIFIED.,.F.,.F.,(4,1,4),(-1.45611359795466,-0.745643389308161,-0.212790732823287),
 .UNSPECIFIED.);
#156=B_SPLINE_CURVE_WITH_KNOTS('',3,(#6240,#6241,#6242,#6243,#6244,#6245,
#6246,#6247,#6248,#6249),.UNSPECIFIED.,.F.,.F.,(4,3,3,4),(0.123718846876329,
0.138063341033956,0.152277167567596,0.156024914336795),.UNSPECIFIED.);
#157=B_SPLINE_CURVE_WITH_KNOTS('',3,(#6251,#6252,#6253,#6254,#6255,#6256,
#6257,#6258,#6259,#6260),.UNSPECIFIED.,.F.,.F.,(4,3,3,4),(0.,0.0151230675343254,
0.0313510146710197,0.0331241860868142),.UNSPECIFIED.);
#158=B_SPLINE_CURVE_WITH_KNOTS('',3,(#6289,#6290,#6291,#6292,#6293,#6294,
#6295,#6296,#6297,#6298,#6299,#6300,#6301,#6302,#6303,#6304),
 .UNSPECIFIED.,.F.,.F.,(4,2,2,2,2,2,2,4),(0.,0.119910746781189,0.264944005455315,
0.367949468437374,0.435072210026168,0.475854251745481,0.499502431886057,
0.524912666363233),.UNSPECIFIED.);
#159=B_SPLINE_CURVE_WITH_KNOTS('',3,(#6307,#6308,#6309,#6310),
 .UNSPECIFIED.,.F.,.F.,(4,4),(-0.64511322565235,-0.154253141151995),
 .UNSPECIFIED.);
#160=B_SPLINE_CURVE_WITH_KNOTS('',3,(#6318,#6319,#6320,#6321),
 .UNSPECIFIED.,.F.,.F.,(4,4),(0.,0.0284892111654809),.UNSPECIFIED.);
#161=B_SPLINE_CURVE_WITH_KNOTS('',3,(#6353,#6354,#6355,#6356,#6357,#6358),
 .UNSPECIFIED.,.F.,.F.,(4,1,1,4),(-0.421713608701313,-0.301224006215224,
-0.180734403729134,0.),.UNSPECIFIED.);
#162=B_SPLINE_CURVE_WITH_KNOTS('',3,(#6400,#6401,#6402,#6403),
 .UNSPECIFIED.,.F.,.F.,(4,4),(-0.0231054859750554,-5.55918186239339E-16),
 .UNSPECIFIED.);
#163=B_SPLINE_CURVE_WITH_KNOTS('',3,(#6404,#6405,#6406,#6407),
 .UNSPECIFIED.,.F.,.F.,(4,4),(5.55918186239339E-16,0.0231054859750554),
 .UNSPECIFIED.);
#164=B_SPLINE_CURVE_WITH_KNOTS('',3,(#6436,#6437,#6438,#6439,#6440,#6441,
#6442,#6443,#6444,#6445,#6446,#6447,#6448,#6449,#6450,#6451),
 .UNSPECIFIED.,.F.,.F.,(4,2,2,2,2,2,2,4),(0.,0.109498028129228,0.235374309985843,
0.3226157395723,0.370870456130723,0.392860572513164,0.403100890314277,0.413334488776413),
 .UNSPECIFIED.);
#165=B_SPLINE_CURVE_WITH_KNOTS('',3,(#6453,#6454,#6455,#6456),
 .UNSPECIFIED.,.F.,.F.,(4,4),(0.389462832768926,0.604327980956379),
 .UNSPECIFIED.);
#166=B_SPLINE_CURVE_WITH_KNOTS('',3,(#6484,#6485,#6486,#6487,#6488),
 .UNSPECIFIED.,.F.,.F.,(4,1,4),(-0.421713608701041,-0.180734403729017,0.),
 .UNSPECIFIED.);
#167=B_SPLINE_CURVE_WITH_KNOTS('',3,(#6516,#6517,#6518,#6519),
 .UNSPECIFIED.,.F.,.F.,(4,4),(-0.490860044685758,0.),.UNSPECIFIED.);
#168=B_SPLINE_CURVE_WITH_KNOTS('',3,(#6522,#6523,#6524,#6525),
 .UNSPECIFIED.,.F.,.F.,(4,4),(0.,0.244955892227185),.UNSPECIFIED.);
#169=B_SPLINE_CURVE_WITH_KNOTS('',3,(#6546,#6547,#6548,#6549),
 .UNSPECIFIED.,.F.,.F.,(4,4),(-0.0231053717237285,0.),.UNSPECIFIED.);
#170=B_SPLINE_CURVE_WITH_KNOTS('',3,(#6550,#6551,#6552,#6553),
 .UNSPECIFIED.,.F.,.F.,(4,4),(0.,0.0231053717237285),.UNSPECIFIED.);
#171=B_SPLINE_CURVE_WITH_KNOTS('',3,(#6577,#6578,#6579,#6580),
 .UNSPECIFIED.,.F.,.F.,(4,4),(-0.475592358526152,-0.347376458049135),
 .UNSPECIFIED.);
#172=B_SPLINE_CURVE_WITH_KNOTS('',3,(#6582,#6583,#6584,#6585,#6586,#6587,
#6588,#6589,#6590,#6591,#6592,#6593),.UNSPECIFIED.,.F.,.F.,(4,2,2,2,2,4),
(-0.313026890814909,-0.310458103789077,-0.259821854708623,-0.19417489596388,
-0.107360812182493,0.),.UNSPECIFIED.);
#173=B_SPLINE_CURVE_WITH_KNOTS('',3,(#6595,#6596,#6597,#6598),
 .UNSPECIFIED.,.F.,.F.,(4,4),(-0.73,-0.200000000000001),.UNSPECIFIED.);
#174=B_SPLINE_CURVE_WITH_KNOTS('',3,(#6600,#6601,#6602,#6603,#6604,#6605,
#6606,#6607,#6608,#6609,#6610,#6611),.UNSPECIFIED.,.F.,.F.,(4,2,2,2,2,4),
(-0.64822862258385,-0.574195660826601,-0.499363609385573,-0.425343745925645,
-0.360313518822399,-0.313026890814783),.UNSPECIFIED.);
#175=B_SPLINE_CURVE_WITH_KNOTS('',3,(#6612,#6613,#6614,#6615),
 .UNSPECIFIED.,.F.,.F.,(4,4),(-0.245061862680642,-2.77555756156289E-17),
 .UNSPECIFIED.);
#176=B_SPLINE_CURVE_WITH_KNOTS('',3,(#6617,#6618,#6619,#6620,#6621,#6622,
#6623,#6624),.UNSPECIFIED.,.F.,.F.,(4,2,2,4),(-0.530236896173074,-0.386516802767852,
-0.235744216253846,0.),.UNSPECIFIED.);
#177=B_SPLINE_CURVE_WITH_KNOTS('',3,(#6625,#6626,#6627,#6628,#6629,#6630,
#6631,#6632,#6633,#6634,#6635,#6636),.UNSPECIFIED.,.F.,.F.,(4,2,2,2,2,4),
(-0.899232242447075,-0.893180072966499,-0.760332936325504,-0.630978277642259,
-0.463288436609867,-0.371824678581199),.UNSPECIFIED.);
#178=B_SPLINE_CURVE_WITH_KNOTS('',3,(#6641,#6642,#6643,#6644,#6645,#6646,
#6647,#6648,#6649,#6650,#6651,#6652,#6653,#6654,#6655,#6656,#6657,#6658,
#6659,#6660),.UNSPECIFIED.,.F.,.F.,(4,2,2,2,2,2,2,2,2,4),(-1.10288053618889,
-1.01512333735824,-0.914437992511513,-0.775574857248193,-0.640147532143353,
-0.526924156843716,-0.407339776716964,-0.269610694237978,-0.138197909797557,
0.),.UNSPECIFIED.);
#179=B_SPLINE_CURVE_WITH_KNOTS('',3,(#6670,#6671,#6672,#6673),
 .UNSPECIFIED.,.F.,.F.,(4,4),(-0.598618840996236,-0.585007503666961),
 .UNSPECIFIED.);
#180=B_SPLINE_CURVE_WITH_KNOTS('',3,(#6675,#6676,#6677,#6678,#6679,#6680,
#6681,#6682,#6683,#6684,#6685,#6686,#6687,#6688,#6689,#6690,#6691,#6692,
#6693,#6694,#6695,#6696,#6697,#6698,#6699,#6700,#6701,#6702,#6703,#6704,
#6705,#6706,#6707,#6708,#6709,#6710,#6711,#6712,#6713,#6714,#6715,#6716,
#6717,#6718,#6719,#6720,#6721,#6722,#6723,#6724,#6725,#6726,#6727,#6728,
#6729,#6730,#6731,#6732,#6733,#6734,#6735,#6736,#6737,#6738),
 .UNSPECIFIED.,.F.,.F.,(4,3,3,3,3,3,3,3,3,3,3,3,3,3,3,3,3,3,3,3,3,4),(-0.848346476345752,
-0.81984783759175,-0.800361545921492,-0.774259885240705,-0.749936442303456,
-0.748158224559917,-0.740708583829968,-0.71542036754184,-0.695456785907057,
-0.672208438769564,-0.649373929195069,-0.641624027129523,-0.63318550402198,
-0.615101493820892,-0.597015472490596,-0.592839530106204,-0.570925254342573,
-0.552505976713563,-0.543505170581036,-0.510042188620216,-0.491223639301276,
-0.471825919657552),.UNSPECIFIED.);
#181=B_SPLINE_CURVE_WITH_KNOTS('',3,(#6740,#6741,#6742,#6743,#6744),
 .UNSPECIFIED.,.F.,.F.,(4,1,4),(-0.580761459447121,-0.455595168980021,-0.330428878512921),
 .UNSPECIFIED.);
#182=B_SPLINE_CURVE_WITH_KNOTS('',3,(#6746,#6747,#6748,#6749,#6750,#6751,
#6752,#6753,#6754,#6755,#6756,#6757,#6758,#6759,#6760,#6761,#6762,#6763,
#6764,#6765,#6766,#6767,#6768,#6769,#6770,#6771,#6772,#6773,#6774,#6775,
#6776,#6777,#6778,#6779,#6780,#6781,#6782,#6783,#6784,#6785,#6786,#6787,
#6788,#6789,#6790,#6791,#6792,#6793,#6794,#6795,#6796,#6797,#6798,#6799,
#6800,#6801,#6802,#6803,#6804,#6805,#6806,#6807,#6808,#6809),
 .UNSPECIFIED.,.F.,.F.,(4,3,3,3,3,3,3,3,3,3,3,3,3,3,3,3,3,3,3,3,3,4),(-1.22486703302831,
-1.20546931339215,-1.17200633098643,-1.1531877821116,-1.14418697597344,
-1.12227270019034,-1.10385342258644,-1.08577337452872,-1.06768334282005,
-1.06350744866637,-1.05506892556316,-1.03227311362549,-1.00904607360959,
-1.0012361667855,-0.975947950641159,-0.955984368859991,-0.948534728132509,
-0.924211285068514,-0.898665034800689,-0.896331406770199,-0.867832768340459,
-0.848346476345751),.UNSPECIFIED.);
#183=B_SPLINE_CURVE_WITH_KNOTS('',3,(#6810,#6811,#6812,#6813),
 .UNSPECIFIED.,.F.,.F.,(4,4),(-0.0136213073301023,0.),.UNSPECIFIED.);
#184=B_SPLINE_CURVE_WITH_KNOTS('',3,(#6828,#6829,#6830,#6831),
 .UNSPECIFIED.,.F.,.F.,(4,4),(-1.62188465865124,-1.26908384824115),
 .UNSPECIFIED.);
#185=B_SPLINE_CURVE_WITH_KNOTS('',3,(#6833,#6834,#6835,#6836),
 .UNSPECIFIED.,.F.,.F.,(4,4),(-0.13,-0.0499999999999999),.UNSPECIFIED.);
#186=B_SPLINE_CURVE_WITH_KNOTS('',3,(#6838,#6839,#6840,#6841),
 .UNSPECIFIED.,.F.,.F.,(4,4),(-0.388748543050591,0.),.UNSPECIFIED.);
#187=B_SPLINE_CURVE_WITH_KNOTS('',3,(#6927,#6928,#6929,#6930,#6931),
 .UNSPECIFIED.,.F.,.F.,(4,1,4),(0.,0.0313840351266286,0.0514795461247323),
 .UNSPECIFIED.);
#188=B_SPLINE_CURVE_WITH_KNOTS('',3,(#6932,#6933,#6934,#6935,#6936,#6937,
#6938,#6939,#6940,#6941,#6942,#6943,#6944,#6945,#6946,#6947,#6948,#6949,
#6950),.UNSPECIFIED.,.F.,.F.,(4,1,1,1,1,1,1,1,1,1,1,1,1,1,1,1,4),(0.0514795461247323,
0.0627680702532572,0.0863060965982286,0.1098441229432,0.117690131724857,
0.125536140506514,0.188304210759772,0.215765241495572,0.251072281013029,
0.258918289794686,0.266764298576343,0.290302324921315,0.313840351266286,
0.345224386392915,0.376608421519543,0.407992456646172,0.4393764917728),
 .UNSPECIFIED.);
#189=B_SPLINE_CURVE_WITH_KNOTS('',3,(#6951,#6952,#6953,#6954,#6955,#6956,
#6957,#6958,#6959,#6960,#6961,#6962,#6963,#6964,#6965,#6966,#6967,#6968,
#6969,#6970),.UNSPECIFIED.,.T.,.F.,(4,1,1,1,1,1,1,1,1,1,1,1,1,1,1,1,1,4),
(-0.4393764917728,-0.407992456646172,-0.376608421519543,-0.345224386392915,
-0.313840351266286,-0.290302324921315,-0.266764298576343,-0.258918289794686,
-0.251072281013029,-0.215765241495572,-0.188304210759772,-0.125536140506514,
-0.117690131724857,-0.1098441229432,-0.0863060965982286,-0.0627680702532572,
-0.0313840351266286,0.),.UNSPECIFIED.);
#190=B_SPLINE_CURVE_WITH_KNOTS('',3,(#6988,#6989,#6990,#6991,#6992,#6993,
#6994,#6995,#6996,#6997,#6998,#6999,#7000,#7001,#7002,#7003,#7004,#7005,
#7006,#7007,#7008,#7009,#7010,#7011,#7012,#7013,#7014,#7015,#7016,#7017,
#7018),.UNSPECIFIED.,.T.,.F.,(4,1,2,2,2,2,2,1,2,2,2,2,2,2,2,1,4),(-0.492708419474337,
-0.465678194803076,-0.438647970131815,-0.404406794503556,-0.370165618875296,
-0.335417770045348,-0.300669921215399,-0.274273074837377,-0.247876228459355,
-0.216237139291563,-0.184598050123772,-0.149898277456648,-0.115198504789523,
-0.0845451724483229,-0.0538918401071229,-0.0269459200535615,0.),
 .UNSPECIFIED.);
#191=B_SPLINE_CURVE_WITH_KNOTS('',3,(#7020,#7021,#7022,#7023,#7024,#7025,
#7026,#7027,#7028,#7029,#7030,#7031,#7032,#7033,#7034,#7035,#7036,#7037,
#7038,#7039,#7040,#7041),.UNSPECIFIED.,.T.,.F.,(4,1,1,1,1,1,1,1,1,1,1,1,
1,1,1,1,1,1,1,4),(-0.429729470622005,-0.399034508434719,-0.368339546247433,
-0.35299206515379,-0.337644584060147,-0.306949621872861,-0.291602140779218,
-0.260907178591932,-0.245559697498289,-0.207190994764181,-0.184169773123716,
-0.168822292030073,-0.15347481093643,-0.122779848749144,-0.0767374054682152,
-0.0690636649213937,-0.0652267946479829,-0.0613899243745722,-0.0306949621872861,
0.),.UNSPECIFIED.);
#192=B_SPLINE_CURVE_WITH_KNOTS('',3,(#7043,#7044,#7045,#7046,#7047,#7048,
#7049,#7050,#7051,#7052,#7053,#7054,#7055,#7056),.UNSPECIFIED.,.T.,.F.,
(4,1,1,1,1,1,1,1,1,1,1,4),(-0.418240365061044,-0.388366053270969,-0.358491741480895,
-0.32861742969082,-0.298743117900746,-0.283805962005708,-0.238994494320597,
-0.179245870740447,-0.119497247160298,-0.0597486235801491,-0.0298743117900746,
0.),.UNSPECIFIED.);
#193=B_SPLINE_CURVE_WITH_KNOTS('',3,(#7188,#7189,#7190,#7191,#7192,#7193,
#7194,#7195,#7196,#7197,#7198,#7199,#7200),.UNSPECIFIED.,.F.,.F.,(4,1,2,
2,2,2,4),(0.,0.0269459200535615,0.0538918401071229,0.0845451724483229,0.115198504789523,
0.149898277456648,0.1831845628875),.UNSPECIFIED.);
#194=B_SPLINE_CURVE_WITH_KNOTS('',3,(#7201,#7202,#7203,#7204,#7205,#7206,
#7207,#7208,#7209,#7210,#7211,#7212,#7213,#7214,#7215,#7216,#7217,#7218,
#7219,#7220,#7221,#7222),.UNSPECIFIED.,.F.,.F.,(4,2,2,2,1,2,2,2,2,2,1,4),
(0.1831845628875,0.184598050123772,0.216237139291563,0.247876228459355,
0.274273074837377,0.300669921215399,0.335417770045348,0.370165618875296,
0.404406794503556,0.438647970131815,0.465678194803076,0.492708419474337),
 .UNSPECIFIED.);
#195=B_SPLINE_CURVE_WITH_KNOTS('',3,(#7286,#7287,#7288,#7289,#7290,#7291,
#7292,#7293),.UNSPECIFIED.,.F.,.F.,(4,1,1,1,1,4),(0.,0.0298743117900746,
0.0597486235801491,0.119497247160298,0.179245870740447,0.197241620967561),
 .UNSPECIFIED.);
#196=B_SPLINE_CURVE_WITH_KNOTS('',3,(#7294,#7295,#7296,#7297,#7298,#7299,
#7300,#7301,#7302,#7303),.UNSPECIFIED.,.F.,.F.,(4,1,1,1,1,1,1,4),(0.197241620967561,
0.238994494320597,0.283805962005708,0.298743117900746,0.32861742969082,
0.358491741480895,0.388366053270969,0.418240365061044),.UNSPECIFIED.);
#197=B_SPLINE_CURVE_WITH_KNOTS('',3,(#7399,#7400,#7401,#7402),
 .UNSPECIFIED.,.F.,.F.,(4,4),(0.,0.00391346999691971),.UNSPECIFIED.);
#198=B_SPLINE_CURVE_WITH_KNOTS('',3,(#7403,#7404,#7405,#7406,#7407,#7408,
#7409,#7410,#7411,#7412,#7413,#7414,#7415,#7416,#7417,#7418,#7419,#7420,
#7421,#7422,#7423,#7424),.UNSPECIFIED.,.F.,.F.,(4,1,1,1,1,1,1,1,1,1,1,1,
1,1,1,1,1,1,1,4),(0.00391346999691971,0.0306949621872861,0.0613899243745722,
0.0652267946479829,0.0690636649213937,0.0767374054682152,0.122779848749144,
0.15347481093643,0.168822292030073,0.184169773123716,0.207190994764181,
0.245559697498289,0.260907178591932,0.291602140779218,0.306949621872861,
0.337644584060147,0.35299206515379,0.368339546247433,0.399034508434719,
0.429729470622005),.UNSPECIFIED.);
#199=B_SPLINE_CURVE_WITH_KNOTS('',3,(#7471,#7472,#7473,#7474,#7475,#7476,
#7477,#7478,#7479,#7480),.UNSPECIFIED.,.F.,.F.,(4,2,2,2,4),(0.,0.00746107540492018,
0.0149221508098404,0.0240787498669891,0.0332353489241379),.UNSPECIFIED.);
#200=B_SPLINE_CURVE_WITH_KNOTS('',3,(#7483,#7484,#7485,#7486,#7487,#7488),
 .UNSPECIFIED.,.F.,.F.,(4,2,4),(0.139688673207631,0.172390612582893,0.205092551958154),
 .UNSPECIFIED.);
#201=B_SPLINE_CURVE_WITH_KNOTS('',3,(#7515,#7516,#7517,#7518,#7519,#7520),
 .UNSPECIFIED.,.F.,.F.,(4,2,4),(0.,0.0327019393752618,0.0654038787505237),
 .UNSPECIFIED.);
#202=B_SPLINE_CURVE_WITH_KNOTS('',3,(#7522,#7523,#7524,#7525,#7526,#7527,
#7528,#7529,#7530,#7531),.UNSPECIFIED.,.F.,.F.,(4,2,2,2,4),(0.0335970338336034,
0.0427536328907522,0.051910231947901,0.0593713073528212,0.0668323827577413),
 .UNSPECIFIED.);
#203=B_SPLINE_CURVE_WITH_KNOTS('',3,(#7536,#7537,#7538,#7539,#7540,#7541),
 .UNSPECIFIED.,.F.,.F.,(4,2,4),(0.,0.0327019393752618,0.0654038787505237),
 .UNSPECIFIED.);
#204=B_SPLINE_CURVE_WITH_KNOTS('',3,(#7545,#7546,#7547,#7548,#7549,#7550,
#7551,#7552,#7553,#7554),.UNSPECIFIED.,.F.,.F.,(4,2,2,2,4),(0.0335970338336035,
0.0427536328907522,0.051910231947901,0.0593713073528212,0.0668323827577414),
 .UNSPECIFIED.);
#205=B_SPLINE_CURVE_WITH_KNOTS('',3,(#7579,#7580,#7581,#7582,#7583,#7584,
#7585,#7586,#7587,#7588),.UNSPECIFIED.,.F.,.F.,(4,2,2,2,4),(0.,0.00746107540492018,
0.0149221508098404,0.0240787498669891,0.0332353489241379),.UNSPECIFIED.);
#206=B_SPLINE_CURVE_WITH_KNOTS('',3,(#7589,#7590,#7591,#7592,#7593,#7594),
 .UNSPECIFIED.,.F.,.F.,(4,2,4),(0.139678691550697,0.172380630925959,0.205082570301221),
 .UNSPECIFIED.);
#207=B_SPLINE_CURVE_WITH_KNOTS('',3,(#7596,#7597,#7598,#7599,#7600,#7601,
#7602,#7603,#7604,#7605),.UNSPECIFIED.,.F.,.F.,(4,2,2,2,4),(0.,0.0548847725996655,
0.110707195042862,0.167900571360422,0.226703709919102),.UNSPECIFIED.);
#208=B_SPLINE_CURVE_WITH_KNOTS('',3,(#7610,#7611,#7612,#7613,#7614,#7615,
#7616,#7617,#7618,#7619),.UNSPECIFIED.,.F.,.F.,(4,2,2,2,4),(-0.222315801458814,
-0.166657531010098,-0.111058221803641,-0.05551094438544,0.),
 .UNSPECIFIED.);
#209=B_SPLINE_CURVE_WITH_KNOTS('',3,(#7639,#7640,#7641,#7642,#7643,#7644,
#7645,#7646,#7647,#7648,#7649,#7650,#7651,#7652),.UNSPECIFIED.,.F.,.F.,
(4,2,2,2,2,2,4),(-0.237508104114268,-0.236890339495709,-0.206092838201498,
-0.175332532146728,-0.116374374738427,-0.0580382580081417,0.),
 .UNSPECIFIED.);
#210=B_SPLINE_CURVE_WITH_KNOTS('',3,(#7654,#7655,#7656,#7657,#7658,#7659,
#7660,#7661,#7662,#7663),.UNSPECIFIED.,.F.,.F.,(4,2,2,2,4),(0.,0.05551094438544,
0.111058221803641,0.166657531010098,0.222315801458814),.UNSPECIFIED.);
#211=B_SPLINE_CURVE_WITH_KNOTS('',3,(#7672,#7673,#7674,#7675,#7676,#7677,
#7678,#7679,#7680,#7681),.UNSPECIFIED.,.F.,.F.,(4,2,2,2,4),(-0.226703709919102,
-0.167900571360422,-0.110707195042862,-0.0548847725996655,0.),
 .UNSPECIFIED.);
#212=B_SPLINE_CURVE_WITH_KNOTS('',3,(#7684,#7685,#7686,#7687,#7688,#7689,
#7690,#7691,#7692,#7693,#7694,#7695,#7696,#7697),.UNSPECIFIED.,.F.,.F.,
(4,2,2,2,2,2,4),(-0.000618028080179513,0.,0.0308106356811168,0.0615840602599556,
0.120567361891648,0.178928357560069,0.236991367476831),.UNSPECIFIED.);
#213=B_SPLINE_CURVE_WITH_KNOTS('',3,(#7711,#7712,#7713,#7714,#7715,#7716,
#7717,#7718,#7719,#7720,#7721,#7722,#7723,#7724),.UNSPECIFIED.,.F.,.F.,
(4,2,2,2,2,2,4),(-0.237508104114276,-0.236890339495709,-0.206092838201516,
-0.175332532146742,-0.116374374738435,-0.0580382580081443,0.),
 .UNSPECIFIED.);
#214=B_SPLINE_CURVE_WITH_KNOTS('',3,(#7936,#7937,#7938,#7939,#7940,#7941,
#7942,#7943,#7944,#7945,#7946,#7947),.UNSPECIFIED.,.F.,.F.,(4,2,2,2,2,4),
(0.0299728293067876,0.0360406598001593,0.0711804235143502,0.106910820195312,
0.133684825226611,0.156585679599393),.UNSPECIFIED.);
#215=B_SPLINE_CURVE_WITH_KNOTS('',3,(#7949,#7950,#7951,#7952,#7953,#7954,
#7955,#7956,#7957,#7958,#7959,#7960,#7961,#7962,#7963,#7964,#7965,#7966,
#7967,#7968,#7969,#7970,#7971,#7972,#7973,#7974,#7975,#7976,#7977,#7978,
#7979,#7980,#7981,#7982,#7983,#7984,#7985,#7986,#7987,#7988),
 .UNSPECIFIED.,.F.,.F.,(4,2,1,1,1,1,1,1,1,1,1,1,1,1,1,1,1,1,1,1,1,1,1,1,
1,1,1,1,1,1,1,1,1,1,1,1,4),(-0.000209351985043565,0.,0.001028644203293,
0.004114576813172,0.00822915362634399,0.016458307252688,0.032916614505376,
0.0493749217580639,0.0658332290107519,0.0822915362634399,0.0987498435161279,
0.115208150768816,0.131666458021504,0.148124765274192,0.16458307252688,
0.181041379779568,0.197499687032256,0.213957994284944,0.230416301537632,
0.252360711207882,0.263332916043008,0.279791223295696,0.296249530548384,
0.312707837801072,0.314765126207658,0.316822414614244,0.320936991427416,
0.325051568240588,0.326080212443881,0.327108856647174,0.328137500850467,
0.328651822952113,0.328908984002936,0.329037564528348,0.329101854791054,
0.329133999922407,0.32916614505376),.UNSPECIFIED.);
#216=B_SPLINE_CURVE_WITH_KNOTS('',3,(#7991,#7992,#7993,#7994,#7995,#7996,
#7997,#7998,#7999,#8000,#8001,#8002,#8003,#8004,#8005,#8006,#8007,#8008,
#8009,#8010,#8011,#8012,#8013,#8014,#8015,#8016,#8017,#8018,#8019,#8020,
#8021,#8022,#8023,#8024,#8025,#8026,#8027,#8028,#8029,#8030,#8031,#8032),
 .UNSPECIFIED.,.F.,.F.,(4,1,1,1,1,1,1,1,1,1,1,1,1,1,1,1,1,1,1,1,1,1,1,1,
1,1,1,1,1,1,1,1,1,1,1,2,1,1,4),(-0.32916614505376,-0.329133999922407,-0.329101854791054,
-0.329037564528348,-0.328908984002936,-0.328651822952113,-0.328137500850467,
-0.327108856647174,-0.326080212443881,-0.325051568240588,-0.320936991427416,
-0.316822414614244,-0.314765126207658,-0.312707837801072,-0.296249530548384,
-0.279791223295696,-0.263332916043008,-0.252360711207882,-0.230416301537632,
-0.213957994284944,-0.197499687032256,-0.181041379779568,-0.16458307252688,
-0.148124765274192,-0.131666458021504,-0.115208150768816,-0.0987498435161279,
-0.0822915362634399,-0.0658332290107519,-0.0493749217580639,-0.032916614505376,
-0.016458307252688,-0.00822915362634399,-0.004114576813172,-0.001028644203293,
0.,0.0245613002809648,0.0368419504214473,0.039528893909623),
 .UNSPECIFIED.);
#217=B_SPLINE_CURVE_WITH_KNOTS('',3,(#8240,#8241,#8242,#8243,#8244,#8245,
#8246,#8247,#8248,#8249,#8250,#8251,#8252,#8253,#8254,#8255,#8256,#8257,
#8258,#8259,#8260,#8261,#8262,#8263,#8264,#8265,#8266,#8267,#8268,#8269,
#8270,#8271,#8272,#8273,#8274,#8275,#8276,#8277,#8278),.UNSPECIFIED.,.F.,
 .F.,(4,1,1,1,1,2,1,1,1,1,1,1,1,1,1,1,1,1,1,1,1,1,1,1,1,1,1,1,1,1,1,1,1,
1,1,4),(-0.368695094558993,-0.353727496016249,-0.341446820535004,-0.335306482794381,
-0.332236313924069,-0.329166145053758,-0.327108856647172,-0.325051568240586,
-0.320936991427414,-0.31270783780107,-0.296249530548382,-0.263332916043006,
-0.230416301537631,-0.197499687032255,-0.164583072526879,-0.131666458021503,
-0.109722048351253,-0.0877776386810021,-0.0658332290107516,-0.0329166145053758,
-0.0246874608790318,-0.0205728840658599,-0.0164583072526879,-0.0123437304395159,
-0.0102864420329299,-0.00822915362634395,-0.00617186521975796,-0.00411457681317198,
-0.00205728840658599,-0.00102864420329299,-0.000514322101646497,-0.000257161050823248,
-0.000128580525411624,-6.42902627058121E-5,-3.21451313529061E-5,0.),
 .UNSPECIFIED.);
#218=B_SPLINE_CURVE_WITH_KNOTS('',3,(#8279,#8280,#8281,#8282,#8283,#8284,
#8285,#8286,#8287,#8288,#8289,#8290,#8291,#8292,#8293,#8294,#8295,#8296,
#8297,#8298,#8299,#8300,#8301,#8302,#8303,#8304,#8305,#8306,#8307,#8308,
#8309,#8310,#8311,#8312,#8313),.UNSPECIFIED.,.F.,.F.,(4,1,1,1,1,1,1,1,1,
1,1,1,1,1,1,1,1,1,1,1,1,1,1,1,1,1,1,1,1,1,2,4),(0.,3.21451313529061E-5,
6.42902627058121E-5,0.000128580525411624,0.000257161050823248,0.000514322101646497,
0.00102864420329299,0.00205728840658599,0.00411457681317198,0.00617186521975796,
0.00822915362634395,0.0102864420329299,0.0123437304395159,0.0164583072526879,
0.0205728840658599,0.0246874608790318,0.0329166145053758,0.0658332290107516,
0.0877776386810021,0.109722048351253,0.131666458021503,0.164583072526879,
0.197499687032255,0.230416301537631,0.263332916043006,0.296249530548382,
0.31270783780107,0.320936991427414,0.325051568240586,0.327108856647172,
0.329166145053758,0.329377942268631),.UNSPECIFIED.);
#219=B_SPLINE_CURVE_WITH_KNOTS('',3,(#8352,#8353,#8354,#8355,#8356,#8357,
#8358,#8359,#8360,#8361,#8362,#8363,#8364,#8365,#8366,#8367,#8368,#8369,
#8370,#8371,#8372,#8373,#8374,#8375,#8376,#8377,#8378,#8379,#8380,#8381,
#8382,#8383,#8384,#8385,#8386,#8387,#8388,#8389,#8390,#8391,#8392,#8393,
#8394,#8395,#8396,#8397,#8398,#8399,#8400,#8401,#8402,#8403,#8404,#8405,
#8406,#8407,#8408,#8409),.UNSPECIFIED.,.F.,.F.,(4,3,3,3,3,3,3,3,3,3,3,3,
3,3,3,3,3,3,3,4),(0.,0.00801349864627163,0.0163238028545682,0.0250093453427857,
0.0341958193890818,0.0443051851720194,0.0549835735652245,0.0664437790471356,
0.0790538828177484,0.0930772149659598,0.108144496692509,0.121484718530445,
0.133141714156456,0.143833207026119,0.153887671466408,0.163360471150978,
0.171892143294373,0.180102143144861,0.187942210334505,0.191778870204691),
 .UNSPECIFIED.);
#220=B_SPLINE_CURVE_WITH_KNOTS('',3,(#8413,#8414,#8415,#8416,#8417,#8418,
#8419,#8420,#8421,#8422,#8423,#8424,#8425,#8426,#8427,#8428,#8429,#8430,
#8431,#8432,#8433,#8434,#8435,#8436,#8437,#8438,#8439,#8440,#8441,#8442,
#8443,#8444,#8445,#8446,#8447,#8448,#8449,#8450,#8451,#8452),
 .UNSPECIFIED.,.F.,.F.,(4,2,2,2,2,2,2,2,2,2,2,2,2,2,2,2,2,2,2,4),(0.,0.0472459726264984,
0.0913084663896356,0.122633540248618,0.147141277031012,0.172268727088484,
0.205970812350702,0.25062986418795,0.29425858959977,0.342449171122589,0.394473873062775,
0.443803869308982,0.481241419836362,0.501422932086237,0.517602198359152,
0.536683994819378,0.571699371721295,0.613228594510242,0.66318423690742,
0.696053892932083),.UNSPECIFIED.);
#221=B_SPLINE_CURVE_WITH_KNOTS('',3,(#8453,#8454,#8455,#8456,#8457,#8458,
#8459,#8460,#8461,#8462),.UNSPECIFIED.,.F.,.F.,(4,3,3,4),(0.696053892932083,
0.696810803653204,0.718854136050555,0.731494229440753),.UNSPECIFIED.);
#222=B_SPLINE_CURVE_WITH_KNOTS('',3,(#8486,#8487,#8488,#8489,#8490,#8491,
#8492,#8493,#8494,#8495,#8496,#8497,#8498,#8499,#8500,#8501,#8502,#8503,
#8504,#8505,#8506,#8507,#8508,#8509,#8510,#8511,#8512,#8513,#8514,#8515,
#8516,#8517,#8518,#8519,#8520,#8521,#8522,#8523,#8524,#8525,#8526,#8527,
#8528,#8529,#8530,#8531,#8532,#8533,#8534,#8535,#8536,#8537,#8538,#8539,
#8540,#8541,#8542,#8543),.UNSPECIFIED.,.F.,.F.,(4,3,3,3,3,3,3,3,3,3,3,3,
3,3,3,3,3,3,3,4),(0.,0.00648596937837425,0.0132240070632767,0.0202851164342685,
0.02778708803282,0.0361666402389728,0.0451176752544849,0.0549161366943633,
0.0661131255523731,0.0786601559612118,0.090062935614912,0.10030537554451,
0.109641183398714,0.11837365220297,0.126671937278564,0.134639373709471,
0.14181439651392,0.148734442000749,0.155357345814496,0.158541683002193),
 .UNSPECIFIED.);
#223=B_SPLINE_CURVE_WITH_KNOTS('',3,(#8546,#8547,#8548,#8549,#8550,#8551,
#8552,#8553,#8554,#8555,#8556,#8557,#8558,#8559,#8560,#8561,#8562,#8563,
#8564,#8565,#8566,#8567,#8568,#8569,#8570,#8571,#8572,#8573,#8574,#8575,
#8576,#8577,#8578,#8579,#8580,#8581,#8582,#8583,#8584,#8585),
 .UNSPECIFIED.,.F.,.F.,(4,2,2,2,2,2,2,2,2,2,2,2,2,2,2,2,2,2,2,4),(0.,0.0525507266061766,
0.0976028283002936,0.126110445075437,0.143724350882834,0.160243688122097,
0.183211492191073,0.227909647214976,0.274264151478518,0.32666923439084,
0.377329901768772,0.423743348774963,0.466669836383225,0.495724894298921,
0.519818116246119,0.546021343660016,0.583129522857574,0.623279548721871,
0.667494145238982,0.692887042694375),.UNSPECIFIED.);
#224=B_SPLINE_CURVE_WITH_KNOTS('',3,(#8586,#8587,#8588,#8589,#8590,#8591,
#8592,#8593,#8594,#8595),.UNSPECIFIED.,.F.,.F.,(4,3,3,4),(0.692887042694375,
0.699968380591799,0.719500118638481,0.731988581138959),.UNSPECIFIED.);
#225=B_SPLINE_CURVE_WITH_KNOTS('',3,(#8804,#8805,#8806,#8807,#8808,#8809,
#8810,#8811,#8812,#8813,#8814,#8815,#8816,#8817,#8818,#8819,#8820,#8821,
#8822,#8823,#8824,#8825,#8826,#8827,#8828,#8829,#8830,#8831,#8832,#8833,
#8834,#8835,#8836,#8837,#8838,#8839,#8840,#8841,#8842),.UNSPECIFIED.,.F.,
 .F.,(4,1,1,1,1,2,1,1,1,1,1,1,1,1,1,1,1,1,1,1,1,1,1,1,1,1,1,1,1,1,1,1,1,
1,1,4),(-0.368695038503597,-0.353727445334723,-0.34144679519424,-0.335306470123999,
-0.332236307588879,-0.329166145053758,-0.327108856647172,-0.325051568240586,
-0.320936991427414,-0.31270783780107,-0.296249530548382,-0.263332916043006,
-0.230416301537631,-0.197499687032255,-0.164583072526879,-0.131666458021503,
-0.109722048351253,-0.0877776386810021,-0.0658332290107516,-0.0329166145053758,
-0.0246874608790318,-0.0205728840658599,-0.0164583072526879,-0.0123437304395159,
-0.0102864420329299,-0.00822915362634395,-0.00617186521975796,-0.00411457681317198,
-0.00205728840658599,-0.00102864420329299,-0.000514322101646497,-0.000257161050823248,
-0.000128580525411624,-6.42902627058121E-5,-3.21451313529061E-5,0.),
 .UNSPECIFIED.);
#226=B_SPLINE_CURVE_WITH_KNOTS('',3,(#8844,#8845,#8846,#8847,#8848,#8849,
#8850,#8851,#8852,#8853,#8854,#8855,#8856,#8857,#8858,#8859,#8860,#8861,
#8862,#8863,#8864,#8865,#8866,#8867,#8868,#8869,#8870,#8871,#8872,#8873,
#8874,#8875,#8876,#8877,#8878),.UNSPECIFIED.,.F.,.F.,(4,1,1,1,1,1,1,1,1,
1,1,1,1,1,1,1,1,1,1,1,1,1,1,1,1,1,1,1,1,1,2,4),(0.,3.21451313529061E-5,
6.42902627058121E-5,0.000128580525411624,0.000257161050823248,0.000514322101646497,
0.00102864420329299,0.00205728840658599,0.00411457681317198,0.00617186521975796,
0.00822915362634395,0.0102864420329299,0.0123437304395159,0.0164583072526879,
0.0205728840658599,0.0246874608790318,0.0329166145053758,0.0658332290107516,
0.0877776386810021,0.109722048351253,0.131666458021503,0.164583072526879,
0.197499687032255,0.230416301537631,0.263332916043006,0.296249530548382,
0.31270783780107,0.320936991427414,0.325051568240586,0.327108856647172,
0.329166145053758,0.329377506965264),.UNSPECIFIED.);
#227=B_SPLINE_CURVE_WITH_KNOTS('',3,(#8879,#8880,#8881,#8882,#8883,#8884,
#8885,#8886,#8887,#8888,#8889,#8890),.UNSPECIFIED.,.F.,.F.,(4,2,2,2,2,4),
(0.,0.0226779369439595,0.0491806512605537,0.084550484054408,0.11932056224461,
0.125315622325771),.UNSPECIFIED.);
#228=B_SPLINE_CURVE_WITH_KNOTS('',3,(#9102,#9103,#9104,#9105,#9106,#9107,
#9108,#9109,#9110,#9111,#9112,#9113,#9114,#9115,#9116,#9117,#9118,#9119,
#9120,#9121,#9122,#9123,#9124,#9125,#9126,#9127,#9128,#9129,#9130,#9131,
#9132,#9133,#9134,#9135,#9136,#9137,#9138,#9139,#9140,#9141),
 .UNSPECIFIED.,.F.,.F.,(4,2,1,1,1,1,1,1,1,1,1,1,1,1,1,1,1,1,1,1,1,1,1,1,
1,1,1,1,1,1,1,1,1,1,1,1,4),(-0.00021146713685857,0.,0.00102864420329299,
0.00411457681317196,0.00822915362634392,0.0164583072526878,0.0329166145053757,
0.0493749217580635,0.0658332290107514,0.0822915362634392,0.0987498435161271,
0.115208150768815,0.131666458021503,0.148124765274191,0.164583072526878,
0.181041379779566,0.197499687032254,0.213957994284942,0.23041630153763,
0.25236071120788,0.263332916043006,0.279791223295693,0.296249530548381,
0.312707837801069,0.314765126207655,0.316822414614241,0.320936991427413,
0.325051568240585,0.326080212443878,0.327108856647171,0.328137500850464,
0.32865182295211,0.328908984002934,0.329037564528345,0.329101854791051,
0.329133999922404,0.329166145053757),.UNSPECIFIED.);
#229=B_SPLINE_CURVE_WITH_KNOTS('',3,(#9144,#9145,#9146,#9147,#9148,#9149,
#9150,#9151,#9152,#9153,#9154,#9155,#9156,#9157,#9158,#9159,#9160,#9161,
#9162,#9163,#9164,#9165,#9166,#9167,#9168,#9169,#9170,#9171,#9172,#9173,
#9174,#9175,#9176,#9177,#9178,#9179,#9180,#9181,#9182,#9183,#9184),
 .UNSPECIFIED.,.F.,.F.,(4,1,1,1,1,1,1,1,1,1,1,1,1,1,1,1,1,1,1,1,1,1,1,1,
1,1,1,1,1,1,1,1,1,1,1,2,1,4),(-0.329166145053757,-0.329133999922404,-0.329101854791051,
-0.329037564528345,-0.328908984002934,-0.32865182295211,-0.328137500850464,
-0.327108856647171,-0.326080212443878,-0.325051568240585,-0.320936991427413,
-0.316822414614241,-0.314765126207655,-0.312707837801069,-0.296249530548381,
-0.279791223295693,-0.263332916043006,-0.25236071120788,-0.23041630153763,
-0.213957994284942,-0.197499687032254,-0.181041379779566,-0.164583072526878,
-0.148124765274191,-0.131666458021503,-0.115208150768815,-0.0987498435161271,
-0.0822915362634392,-0.0658332290107514,-0.0493749217580635,-0.0329166145053757,
-0.0164583072526878,-0.00822915362634392,-0.00411457681317196,-0.00102864420329299,
0.,0.0245613509624913,0.0395289491141047),.UNSPECIFIED.);
#230=B_SPLINE_CURVE_WITH_KNOTS('',3,(#9224,#9225,#9226,#9227,#9228,#9229,
#9230,#9231,#9232,#9233,#9234,#9235,#9236,#9237,#9238,#9239,#9240,#9241,
#9242,#9243,#9244,#9245,#9246,#9247,#9248,#9249,#9250,#9251,#9252,#9253,
#9254,#9255,#9256,#9257,#9258,#9259,#9260,#9261,#9262,#9263,#9264,#9265,
#9266,#9267,#9268,#9269,#9270,#9271,#9272,#9273,#9274,#9275,#9276,#9277,
#9278,#9279,#9280,#9281),.UNSPECIFIED.,.F.,.F.,(4,3,3,3,3,3,3,3,3,3,3,3,
3,3,3,3,3,3,3,4),(0.,0.00801349864628796,0.0163238028546018,0.0250093453428374,
0.0341958193891512,0.0443051851721036,0.0549835735653325,0.0664437790472642,
0.079053882817918,0.09307721496616,0.108144496692717,0.121484718530682,
0.133141714156718,0.143833207026402,0.153887671466714,0.163360471151307,
0.171892143294719,0.180102143145225,0.187942210334885,0.191778870205086),
 .UNSPECIFIED.);
#231=B_SPLINE_CURVE_WITH_KNOTS('',3,(#9286,#9287,#9288,#9289,#9290,#9291,
#9292),.UNSPECIFIED.,.F.,.F.,(4,3,4),(0.,0.019160659273363,0.0391651361872579),
 .UNSPECIFIED.);
#232=B_SPLINE_CURVE_WITH_KNOTS('',3,(#9293,#9294,#9295,#9296,#9297,#9298,
#9299,#9300,#9301,#9302,#9303,#9304,#9305,#9306,#9307,#9308,#9309,#9310,
#9311,#9312,#9313,#9314,#9315,#9316,#9317,#9318,#9319,#9320,#9321,#9322,
#9323,#9324,#9325,#9326,#9327,#9328,#9329,#9330,#9331,#9332,#9333,#9334),
 .UNSPECIFIED.,.F.,.F.,(4,2,2,2,2,2,2,2,2,2,2,2,2,2,2,2,2,2,2,2,4),(0.0391651361872579,
0.0531864348481768,0.10232745317278,0.147275676238043,0.184075660858022,
0.210696540585553,0.234718447286028,0.263151472338413,0.306290873823104,
0.347926819200063,0.393987261587162,0.444380814474752,0.496544998431337,
0.541695307075648,0.567789748288388,0.584882274505687,0.601700196649514,
0.62640855729891,0.672087374591898,0.702239936206838,0.731768288170423),
 .UNSPECIFIED.);
#233=B_SPLINE_CURVE_WITH_KNOTS('',3,(#9362,#9363,#9364,#9365,#9366,#9367,
#9368,#9369,#9370,#9371,#9372,#9373,#9374,#9375,#9376,#9377,#9378,#9379,
#9380,#9381,#9382,#9383,#9384,#9385,#9386,#9387,#9388,#9389,#9390,#9391,
#9392,#9393,#9394,#9395,#9396,#9397,#9398,#9399,#9400,#9401,#9402,#9403,
#9404,#9405,#9406,#9407,#9408,#9409,#9410,#9411,#9412,#9413,#9414,#9415,
#9416,#9417,#9418,#9419),.UNSPECIFIED.,.F.,.F.,(4,3,3,3,3,3,3,3,3,3,3,3,
3,3,3,3,3,3,3,4),(0.,0.00648596937838406,0.0132240070632969,0.0202851164343002,
0.0277870880328578,0.0361666402390206,0.0451176752545456,0.054916136694439,
0.066113125552479,0.0786601559613187,0.090062935615062,0.100305375544679,
0.109641183398894,0.118373652203163,0.126671937278752,0.134639373709671,
0.14181439651413,0.148734442000968,0.155357345814725,0.158541683002426),
 .UNSPECIFIED.);
#234=B_SPLINE_CURVE_WITH_KNOTS('',3,(#9422,#9423,#9424,#9425,#9426,#9427,
#9428),.UNSPECIFIED.,.F.,.F.,(4,3,4),(0.,0.0210570083137604,0.0354772529349196),
 .UNSPECIFIED.);
#235=B_SPLINE_CURVE_WITH_KNOTS('',3,(#9429,#9430,#9431,#9432,#9433,#9434,
#9435,#9436,#9437,#9438,#9439,#9440,#9441,#9442,#9443,#9444,#9445,#9446,
#9447,#9448,#9449,#9450,#9451,#9452,#9453,#9454,#9455,#9456,#9457,#9458,
#9459,#9460,#9461,#9462,#9463,#9464,#9465,#9466,#9467,#9468,#9469,#9470),
 .UNSPECIFIED.,.F.,.F.,(4,2,2,2,2,2,2,2,2,2,2,2,2,2,2,2,2,2,2,2,4),(0.0354772529349196,
0.0477676427442531,0.0994776092552172,0.149559007187267,0.18944982758055,
0.210300867533558,0.226524911499272,0.245117808628345,0.27803926604752,
0.318565008961014,0.367820148953372,0.42043445987899,0.469510883054911,
0.514400660861461,0.551088208798526,0.577655672531253,0.601659657930329,
0.63010720625967,0.673307681662284,0.70316054354588,0.731322958811786),
 .UNSPECIFIED.);
#236=B_SPLINE_CURVE_WITH_KNOTS('',3,(#9561,#9562,#9563,#9564,#9565,#9566,
#9567,#9568,#9569,#9570,#9571,#9572,#9573,#9574,#9575,#9576,#9577,#9578,
#9579,#9580,#9581,#9582,#9583,#9584,#9585,#9586,#9587,#9588,#9589,#9590,
#9591,#9592,#9593,#9594),.UNSPECIFIED.,.F.,.F.,(4,3,3,3,3,3,3,3,3,3,3,4),
(0.,0.00474203902813484,0.00936844072208668,0.0141793111420192,0.0189220250472718,
0.0198969720851796,0.0245401204140146,0.0289010290400974,0.0336598677393863,
0.0346901799419532,0.0395242189919776,0.0405381955721349),.UNSPECIFIED.);
#237=B_SPLINE_CURVE_WITH_KNOTS('',3,(#9596,#9597,#9598,#9599,#9600,#9601,
#9602,#9603,#9604,#9605,#9606,#9607,#9608),.UNSPECIFIED.,.F.,.F.,(4,3,3,
3,4),(0.481241006434804,0.552508896090597,0.633191872523821,0.740769174434786,
0.83714016211635),.UNSPECIFIED.);
#238=B_SPLINE_CURVE_WITH_KNOTS('',3,(#9609,#9610,#9611,#9612),
 .UNSPECIFIED.,.F.,.F.,(4,4),(0.83714016211635,0.848346476345752),
 .UNSPECIFIED.);
#239=B_SPLINE_CURVE_WITH_KNOTS('',3,(#9666,#9667,#9668,#9669,#9670,#9671,
#9672,#9673,#9674,#9675),.UNSPECIFIED.,.F.,.F.,(4,1,1,1,1,1,1,4),(-0.241028534315968,
-0.206595886556544,-0.189379562676832,-0.137730591037696,-0.103297943278272,
-0.0688652955188482,-0.0516489716391361,-4.72969522672055E-17),
 .UNSPECIFIED.);
#240=B_SPLINE_CURVE_WITH_KNOTS('',3,(#9676,#9677,#9678,#9679,#9680,#9681,
#9682,#9683,#9684,#9685),.UNSPECIFIED.,.F.,.F.,(4,1,1,1,1,1,1,4),(4.72969522672055E-17,
0.0516489716391361,0.0688652955188482,0.103297943278272,0.137730591037696,
0.189379562676832,0.206595886556544,0.241028534315968),.UNSPECIFIED.);
#241=B_SPLINE_CURVE_WITH_KNOTS('',3,(#9758,#9759,#9760,#9761,#9762,#9763,
#9764,#9765,#9766),.UNSPECIFIED.,.F.,.F.,(4,1,1,1,1,1,4),(-0.241027110259372,
-0.189378443775221,-0.13772977729107,-0.103297332968302,-0.068864888645535,
-0.0344324443227677,-4.05055571841065E-16),.UNSPECIFIED.);
#242=B_SPLINE_CURVE_WITH_KNOTS('',3,(#9767,#9768,#9769,#9770,#9771,#9772,
#9773,#9774,#9775),.UNSPECIFIED.,.F.,.F.,(4,1,1,1,1,1,4),(4.05055571841065E-16,
0.0344324443227677,0.068864888645535,0.103297332968302,0.13772977729107,
0.189378443775221,0.241027110259372),.UNSPECIFIED.);
#243=B_SPLINE_CURVE_WITH_KNOTS('',3,(#9812,#9813,#9814,#9815,#9816,#9817,
#9818,#9819,#9820,#9821,#9822,#9823,#9824,#9825,#9826,#9827,#9828,#9829,
#9830,#9831,#9832,#9833,#9834,#9835,#9836,#9837,#9838,#9839,#9840,#9841,
#9842,#9843,#9844,#9845),.UNSPECIFIED.,.F.,.F.,(4,3,3,3,3,3,3,3,3,3,3,4),
(0.,0.0048176722845372,0.00958697610736366,0.010970401693495,0.0158439679926455,
0.0203759728053199,0.020717534291796,0.0213698467822638,0.0262828375647468,
0.0311958283472299,0.0359516490265001,0.040672158984824),.UNSPECIFIED.);
#244=B_SPLINE_CURVE_WITH_KNOTS('',3,(#9847,#9848,#9849,#9850),
 .UNSPECIFIED.,.F.,.F.,(4,4),(0.848346476345751,0.859552790574981),
 .UNSPECIFIED.);
#245=B_SPLINE_CURVE_WITH_KNOTS('',3,(#9851,#9852,#9853,#9854,#9855,#9856,
#9857),.UNSPECIFIED.,.F.,.F.,(4,1,1,1,4),(0.859552790574981,0.955923778255064,
1.06350108016438,1.14418405659636,1.21545194801126),.UNSPECIFIED.);
#246=B_SPLINE_CURVE_WITH_KNOTS('',3,(#9886,#9887,#9888,#9889,#9890),
 .UNSPECIFIED.,.F.,.F.,(4,1,4),(0.454450103126012,0.455595168980021,0.456740235808962),
 .UNSPECIFIED.);
#247=ELLIPSE('',#3722,1.73205080756966,1.5);
#248=ELLIPSE('',#3727,1.73205080756966,1.5);
#249=ELLIPSE('',#3830,8.94924577827651,8.49);
#250=ELLIPSE('',#3886,8.94924577827651,8.49);
#251=ELLIPSE('',#3887,8.11651266109884,7.7);
#252=ELLIPSE('',#3889,8.11651266109884,7.7);
#253=ELLIPSE('',#3894,8.94924577827651,8.49);
#254=ELLIPSE('',#3895,8.11651266109884,7.7);
#255=ELLIPSE('',#3897,8.94924577827651,8.49);
#256=ELLIPSE('',#3898,8.11651266109884,7.7);
#257=ELLIPSE('',#4005,4.32177946889679,4.1);
#258=ELLIPSE('',#4007,4.32177946889679,4.1);
#259=ELLIPSE('',#4010,4.32177946889679,4.1);
#260=ELLIPSE('',#4012,4.32177946889679,4.1);
#261=ELLIPSE('',#4039,3.16227766016477,2.99999999999658);
#262=ELLIPSE('',#4041,3.16227766016477,2.99999999999658);
#263=ELLIPSE('',#4045,3.16227766016477,2.99999999999658);
#264=ELLIPSE('',#4048,3.16227766016477,2.99999999999658);
#265=PLANE('',#3721);
#266=PLANE('',#3726);
#267=PLANE('',#3728);
#268=PLANE('',#3731);
#269=PLANE('',#3734);
#270=PLANE('',#3743);
#271=PLANE('',#3744);
#272=PLANE('',#3746);
#273=PLANE('',#3748);
#274=PLANE('',#3751);
#275=PLANE('',#3755);
#276=PLANE('',#3762);
#277=PLANE('',#3763);
#278=PLANE('',#3766);
#279=PLANE('',#3767);
#280=PLANE('',#3768);
#281=PLANE('',#3769);
#282=PLANE('',#3770);
#283=PLANE('',#3771);
#284=PLANE('',#3772);
#285=PLANE('',#3773);
#286=PLANE('',#3774);
#287=PLANE('',#3775);
#288=PLANE('',#3776);
#289=PLANE('',#3777);
#290=PLANE('',#3778);
#291=PLANE('',#3779);
#292=PLANE('',#3780);
#293=PLANE('',#3781);
#294=PLANE('',#3782);
#295=PLANE('',#3812);
#296=PLANE('',#3825);
#297=PLANE('',#3832);
#298=PLANE('',#3837);
#299=PLANE('',#3853);
#300=PLANE('',#3854);
#301=PLANE('',#3862);
#302=PLANE('',#3885);
#303=PLANE('',#3888);
#304=PLANE('',#3890);
#305=PLANE('',#3893);
#306=PLANE('',#3896);
#307=PLANE('',#3901);
#308=PLANE('',#3905);
#309=PLANE('',#3911);
#310=PLANE('',#3916);
#311=PLANE('',#3917);
#312=PLANE('',#3918);
#313=PLANE('',#3922);
#314=PLANE('',#3926);
#315=PLANE('',#3927);
#316=PLANE('',#3930);
#317=PLANE('',#3931);
#318=PLANE('',#3932);
#319=PLANE('',#3934);
#320=PLANE('',#3935);
#321=PLANE('',#3936);
#322=PLANE('',#3961);
#323=PLANE('',#3963);
#324=PLANE('',#3980);
#325=PLANE('',#3984);
#326=PLANE('',#3985);
#327=PLANE('',#3986);
#328=PLANE('',#3987);
#329=PLANE('',#3989);
#330=PLANE('',#3990);
#331=PLANE('',#3998);
#332=PLANE('',#3999);
#333=PLANE('',#4002);
#334=PLANE('',#4003);
#335=PLANE('',#4014);
#336=PLANE('',#4015);
#337=PLANE('',#4020);
#338=PLANE('',#4032);
#339=PLANE('',#4033);
#340=PLANE('',#4037);
#341=PLANE('',#4038);
#342=PLANE('',#4040);
#343=PLANE('',#4042);
#344=PLANE('',#4046);
#345=PLANE('',#4047);
#346=PLANE('',#4049);
#347=PLANE('',#4053);
#348=PLANE('',#4054);
#349=FACE_OUTER_BOUND('',#554,.T.);
#350=FACE_OUTER_BOUND('',#555,.T.);
#351=FACE_OUTER_BOUND('',#556,.T.);
#352=FACE_OUTER_BOUND('',#557,.T.);
#353=FACE_OUTER_BOUND('',#558,.T.);
#354=FACE_OUTER_BOUND('',#559,.T.);
#355=FACE_OUTER_BOUND('',#560,.T.);
#356=FACE_OUTER_BOUND('',#561,.T.);
#357=FACE_OUTER_BOUND('',#562,.T.);
#358=FACE_OUTER_BOUND('',#563,.T.);
#359=FACE_OUTER_BOUND('',#564,.T.);
#360=FACE_OUTER_BOUND('',#565,.T.);
#361=FACE_OUTER_BOUND('',#566,.T.);
#362=FACE_OUTER_BOUND('',#567,.T.);
#363=FACE_OUTER_BOUND('',#568,.T.);
#364=FACE_OUTER_BOUND('',#569,.T.);
#365=FACE_OUTER_BOUND('',#570,.T.);
#366=FACE_OUTER_BOUND('',#571,.T.);
#367=FACE_OUTER_BOUND('',#572,.T.);
#368=FACE_OUTER_BOUND('',#573,.T.);
#369=FACE_OUTER_BOUND('',#574,.T.);
#370=FACE_OUTER_BOUND('',#575,.T.);
#371=FACE_OUTER_BOUND('',#576,.T.);
#372=FACE_OUTER_BOUND('',#577,.T.);
#373=FACE_OUTER_BOUND('',#578,.T.);
#374=FACE_OUTER_BOUND('',#579,.T.);
#375=FACE_OUTER_BOUND('',#580,.T.);
#376=FACE_OUTER_BOUND('',#581,.T.);
#377=FACE_OUTER_BOUND('',#582,.T.);
#378=FACE_OUTER_BOUND('',#583,.T.);
#379=FACE_OUTER_BOUND('',#584,.T.);
#380=FACE_OUTER_BOUND('',#585,.T.);
#381=FACE_OUTER_BOUND('',#586,.T.);
#382=FACE_OUTER_BOUND('',#587,.T.);
#383=FACE_OUTER_BOUND('',#588,.T.);
#384=FACE_OUTER_BOUND('',#589,.T.);
#385=FACE_OUTER_BOUND('',#590,.T.);
#386=FACE_OUTER_BOUND('',#591,.T.);
#387=FACE_OUTER_BOUND('',#592,.T.);
#388=FACE_OUTER_BOUND('',#593,.T.);
#389=FACE_OUTER_BOUND('',#594,.T.);
#390=FACE_OUTER_BOUND('',#595,.T.);
#391=FACE_OUTER_BOUND('',#596,.T.);
#392=FACE_OUTER_BOUND('',#597,.T.);
#393=FACE_OUTER_BOUND('',#598,.T.);
#394=FACE_OUTER_BOUND('',#599,.T.);
#395=FACE_OUTER_BOUND('',#600,.T.);
#396=FACE_OUTER_BOUND('',#601,.T.);
#397=FACE_OUTER_BOUND('',#602,.T.);
#398=FACE_OUTER_BOUND('',#603,.T.);
#399=FACE_OUTER_BOUND('',#604,.T.);
#400=FACE_OUTER_BOUND('',#605,.T.);
#401=FACE_OUTER_BOUND('',#606,.T.);
#402=FACE_OUTER_BOUND('',#607,.T.);
#403=FACE_OUTER_BOUND('',#608,.T.);
#404=FACE_OUTER_BOUND('',#609,.T.);
#405=FACE_OUTER_BOUND('',#611,.T.);
#406=FACE_OUTER_BOUND('',#612,.T.);
#407=FACE_OUTER_BOUND('',#613,.T.);
#408=FACE_OUTER_BOUND('',#614,.T.);
#409=FACE_OUTER_BOUND('',#615,.T.);
#410=FACE_OUTER_BOUND('',#616,.T.);
#411=FACE_OUTER_BOUND('',#617,.T.);
#412=FACE_OUTER_BOUND('',#618,.T.);
#413=FACE_OUTER_BOUND('',#619,.T.);
#414=FACE_OUTER_BOUND('',#620,.T.);
#415=FACE_OUTER_BOUND('',#621,.T.);
#416=FACE_OUTER_BOUND('',#622,.T.);
#417=FACE_OUTER_BOUND('',#627,.T.);
#418=FACE_OUTER_BOUND('',#628,.T.);
#419=FACE_OUTER_BOUND('',#629,.T.);
#420=FACE_OUTER_BOUND('',#630,.T.);
#421=FACE_OUTER_BOUND('',#631,.T.);
#422=FACE_OUTER_BOUND('',#632,.T.);
#423=FACE_OUTER_BOUND('',#633,.T.);
#424=FACE_OUTER_BOUND('',#634,.T.);
#425=FACE_OUTER_BOUND('',#635,.T.);
#426=FACE_OUTER_BOUND('',#636,.T.);
#427=FACE_OUTER_BOUND('',#637,.T.);
#428=FACE_OUTER_BOUND('',#638,.T.);
#429=FACE_OUTER_BOUND('',#639,.T.);
#430=FACE_OUTER_BOUND('',#640,.T.);
#431=FACE_OUTER_BOUND('',#641,.T.);
#432=FACE_OUTER_BOUND('',#642,.T.);
#433=FACE_OUTER_BOUND('',#643,.T.);
#434=FACE_OUTER_BOUND('',#644,.T.);
#435=FACE_OUTER_BOUND('',#645,.T.);
#436=FACE_OUTER_BOUND('',#646,.T.);
#437=FACE_OUTER_BOUND('',#647,.T.);
#438=FACE_OUTER_BOUND('',#648,.T.);
#439=FACE_OUTER_BOUND('',#649,.T.);
#440=FACE_OUTER_BOUND('',#654,.T.);
#441=FACE_OUTER_BOUND('',#655,.T.);
#442=FACE_OUTER_BOUND('',#656,.T.);
#443=FACE_OUTER_BOUND('',#657,.T.);
#444=FACE_OUTER_BOUND('',#658,.T.);
#445=FACE_OUTER_BOUND('',#659,.T.);
#446=FACE_OUTER_BOUND('',#660,.T.);
#447=FACE_OUTER_BOUND('',#661,.T.);
#448=FACE_OUTER_BOUND('',#662,.T.);
#449=FACE_OUTER_BOUND('',#663,.T.);
#450=FACE_OUTER_BOUND('',#664,.T.);
#451=FACE_OUTER_BOUND('',#665,.T.);
#452=FACE_OUTER_BOUND('',#666,.T.);
#453=FACE_OUTER_BOUND('',#667,.T.);
#454=FACE_OUTER_BOUND('',#668,.T.);
#455=FACE_OUTER_BOUND('',#669,.T.);
#456=FACE_OUTER_BOUND('',#671,.T.);
#457=FACE_OUTER_BOUND('',#672,.T.);
#458=FACE_OUTER_BOUND('',#673,.T.);
#459=FACE_OUTER_BOUND('',#675,.T.);
#460=FACE_OUTER_BOUND('',#676,.T.);
#461=FACE_OUTER_BOUND('',#677,.T.);
#462=FACE_OUTER_BOUND('',#678,.T.);
#463=FACE_OUTER_BOUND('',#679,.T.);
#464=FACE_OUTER_BOUND('',#680,.T.);
#465=FACE_OUTER_BOUND('',#681,.T.);
#466=FACE_OUTER_BOUND('',#682,.T.);
#467=FACE_OUTER_BOUND('',#683,.T.);
#468=FACE_OUTER_BOUND('',#684,.T.);
#469=FACE_OUTER_BOUND('',#685,.T.);
#470=FACE_OUTER_BOUND('',#686,.T.);
#471=FACE_OUTER_BOUND('',#687,.T.);
#472=FACE_OUTER_BOUND('',#688,.T.);
#473=FACE_OUTER_BOUND('',#689,.T.);
#474=FACE_OUTER_BOUND('',#690,.T.);
#475=FACE_OUTER_BOUND('',#691,.T.);
#476=FACE_OUTER_BOUND('',#692,.T.);
#477=FACE_OUTER_BOUND('',#693,.T.);
#478=FACE_OUTER_BOUND('',#694,.T.);
#479=FACE_OUTER_BOUND('',#695,.T.);
#480=FACE_OUTER_BOUND('',#696,.T.);
#481=FACE_OUTER_BOUND('',#697,.T.);
#482=FACE_OUTER_BOUND('',#698,.T.);
#483=FACE_OUTER_BOUND('',#699,.T.);
#484=FACE_OUTER_BOUND('',#700,.T.);
#485=FACE_OUTER_BOUND('',#701,.T.);
#486=FACE_OUTER_BOUND('',#702,.T.);
#487=FACE_OUTER_BOUND('',#703,.T.);
#488=FACE_OUTER_BOUND('',#704,.T.);
#489=FACE_OUTER_BOUND('',#705,.T.);
#490=FACE_OUTER_BOUND('',#706,.T.);
#491=FACE_OUTER_BOUND('',#707,.T.);
#492=FACE_OUTER_BOUND('',#709,.T.);
#493=FACE_OUTER_BOUND('',#711,.T.);
#494=FACE_OUTER_BOUND('',#712,.T.);
#495=FACE_OUTER_BOUND('',#713,.T.);
#496=FACE_OUTER_BOUND('',#714,.T.);
#497=FACE_OUTER_BOUND('',#715,.T.);
#498=FACE_OUTER_BOUND('',#716,.T.);
#499=FACE_OUTER_BOUND('',#717,.T.);
#500=FACE_OUTER_BOUND('',#718,.T.);
#501=FACE_OUTER_BOUND('',#719,.T.);
#502=FACE_OUTER_BOUND('',#720,.T.);
#503=FACE_OUTER_BOUND('',#721,.T.);
#504=FACE_OUTER_BOUND('',#722,.T.);
#505=FACE_OUTER_BOUND('',#724,.T.);
#506=FACE_OUTER_BOUND('',#725,.T.);
#507=FACE_OUTER_BOUND('',#726,.T.);
#508=FACE_OUTER_BOUND('',#727,.T.);
#509=FACE_OUTER_BOUND('',#729,.T.);
#510=FACE_OUTER_BOUND('',#730,.T.);
#511=FACE_OUTER_BOUND('',#731,.T.);
#512=FACE_OUTER_BOUND('',#732,.T.);
#513=FACE_OUTER_BOUND('',#737,.T.);
#514=FACE_OUTER_BOUND('',#738,.T.);
#515=FACE_OUTER_BOUND('',#739,.T.);
#516=FACE_OUTER_BOUND('',#740,.T.);
#517=FACE_OUTER_BOUND('',#741,.T.);
#518=FACE_OUTER_BOUND('',#742,.T.);
#519=FACE_OUTER_BOUND('',#743,.T.);
#520=FACE_OUTER_BOUND('',#744,.T.);
#521=FACE_OUTER_BOUND('',#745,.T.);
#522=FACE_OUTER_BOUND('',#746,.T.);
#523=FACE_OUTER_BOUND('',#747,.T.);
#524=FACE_OUTER_BOUND('',#748,.T.);
#525=FACE_OUTER_BOUND('',#749,.T.);
#526=FACE_OUTER_BOUND('',#750,.T.);
#527=FACE_OUTER_BOUND('',#751,.T.);
#528=FACE_OUTER_BOUND('',#752,.T.);
#529=FACE_OUTER_BOUND('',#753,.T.);
#530=FACE_OUTER_BOUND('',#754,.T.);
#531=FACE_OUTER_BOUND('',#755,.T.);
#532=FACE_OUTER_BOUND('',#756,.T.);
#533=FACE_OUTER_BOUND('',#757,.T.);
#534=FACE_OUTER_BOUND('',#758,.T.);
#535=FACE_OUTER_BOUND('',#759,.T.);
#536=FACE_OUTER_BOUND('',#760,.T.);
#537=FACE_OUTER_BOUND('',#761,.T.);
#538=FACE_OUTER_BOUND('',#762,.T.);
#539=FACE_OUTER_BOUND('',#763,.T.);
#540=FACE_OUTER_BOUND('',#764,.T.);
#541=FACE_OUTER_BOUND('',#765,.T.);
#542=FACE_OUTER_BOUND('',#766,.T.);
#543=FACE_OUTER_BOUND('',#767,.T.);
#544=FACE_OUTER_BOUND('',#768,.T.);
#545=FACE_OUTER_BOUND('',#769,.T.);
#546=FACE_OUTER_BOUND('',#770,.T.);
#547=FACE_OUTER_BOUND('',#771,.T.);
#548=FACE_OUTER_BOUND('',#772,.T.);
#549=FACE_OUTER_BOUND('',#773,.T.);
#550=FACE_OUTER_BOUND('',#774,.T.);
#551=FACE_OUTER_BOUND('',#775,.T.);
#552=FACE_OUTER_BOUND('',#776,.T.);
#553=FACE_OUTER_BOUND('',#777,.T.);
#554=EDGE_LOOP('',(#2328,#2329,#2330,#2331));
#555=EDGE_LOOP('',(#2332,#2333,#2334,#2335,#2336));
#556=EDGE_LOOP('',(#2337,#2338,#2339,#2340));
#557=EDGE_LOOP('',(#2341,#2342,#2343,#2344,#2345));
#558=EDGE_LOOP('',(#2346,#2347,#2348,#2349));
#559=EDGE_LOOP('',(#2350,#2351,#2352,#2353,#2354,#2355,#2356));
#560=EDGE_LOOP('',(#2357,#2358,#2359,#2360));
#561=EDGE_LOOP('',(#2361,#2362,#2363,#2364));
#562=EDGE_LOOP('',(#2365,#2366,#2367,#2368));
#563=EDGE_LOOP('',(#2369,#2370,#2371,#2372));
#564=EDGE_LOOP('',(#2373,#2374,#2375,#2376));
#565=EDGE_LOOP('',(#2377,#2378,#2379,#2380,#2381,#2382,#2383));
#566=EDGE_LOOP('',(#2384,#2385,#2386,#2387));
#567=EDGE_LOOP('',(#2388,#2389,#2390,#2391));
#568=EDGE_LOOP('',(#2392,#2393,#2394,#2395));
#569=EDGE_LOOP('',(#2396,#2397,#2398,#2399));
#570=EDGE_LOOP('',(#2400,#2401,#2402,#2403,#2404));
#571=EDGE_LOOP('',(#2405,#2406,#2407,#2408));
#572=EDGE_LOOP('',(#2409,#2410,#2411,#2412,#2413,#2414,#2415));
#573=EDGE_LOOP('',(#2416,#2417,#2418,#2419,#2420,#2421));
#574=EDGE_LOOP('',(#2422,#2423,#2424,#2425,#2426,#2427));
#575=EDGE_LOOP('',(#2428,#2429,#2430,#2431,#2432,#2433,#2434));
#576=EDGE_LOOP('',(#2435,#2436,#2437,#2438,#2439,#2440,#2441));
#577=EDGE_LOOP('',(#2442,#2443,#2444,#2445));
#578=EDGE_LOOP('',(#2446,#2447,#2448,#2449,#2450,#2451,#2452,#2453,#2454,
#2455,#2456,#2457,#2458,#2459,#2460,#2461));
#579=EDGE_LOOP('',(#2462,#2463,#2464,#2465));
#580=EDGE_LOOP('',(#2466,#2467,#2468,#2469));
#581=EDGE_LOOP('',(#2470,#2471,#2472,#2473));
#582=EDGE_LOOP('',(#2474,#2475,#2476,#2477));
#583=EDGE_LOOP('',(#2478,#2479,#2480,#2481));
#584=EDGE_LOOP('',(#2482,#2483,#2484,#2485));
#585=EDGE_LOOP('',(#2486,#2487,#2488,#2489,#2490,#2491));
#586=EDGE_LOOP('',(#2492,#2493,#2494,#2495));
#587=EDGE_LOOP('',(#2496,#2497,#2498,#2499));
#588=EDGE_LOOP('',(#2500,#2501,#2502,#2503));
#589=EDGE_LOOP('',(#2504,#2505,#2506,#2507));
#590=EDGE_LOOP('',(#2508,#2509,#2510,#2511));
#591=EDGE_LOOP('',(#2512,#2513,#2514,#2515));
#592=EDGE_LOOP('',(#2516,#2517,#2518,#2519));
#593=EDGE_LOOP('',(#2520,#2521,#2522,#2523));
#594=EDGE_LOOP('',(#2524,#2525,#2526,#2527));
#595=EDGE_LOOP('',(#2528,#2529,#2530,#2531));
#596=EDGE_LOOP('',(#2532,#2533,#2534,#2535));
#597=EDGE_LOOP('',(#2536,#2537,#2538,#2539));
#598=EDGE_LOOP('',(#2540,#2541,#2542,#2543));
#599=EDGE_LOOP('',(#2544,#2545,#2546,#2547));
#600=EDGE_LOOP('',(#2548,#2549,#2550,#2551));
#601=EDGE_LOOP('',(#2552,#2553,#2554,#2555));
#602=EDGE_LOOP('',(#2556,#2557,#2558,#2559,#2560,#2561));
#603=EDGE_LOOP('',(#2562,#2563,#2564,#2565));
#604=EDGE_LOOP('',(#2566,#2567,#2568,#2569));
#605=EDGE_LOOP('',(#2570,#2571,#2572,#2573));
#606=EDGE_LOOP('',(#2574,#2575,#2576,#2577));
#607=EDGE_LOOP('',(#2578,#2579,#2580,#2581));
#608=EDGE_LOOP('',(#2582,#2583,#2584,#2585));
#609=EDGE_LOOP('',(#2586,#2587,#2588,#2589,#2590,#2591,#2592,#2593,#2594,
#2595,#2596,#2597,#2598,#2599,#2600));
#610=EDGE_LOOP('',(#2601,#2602,#2603,#2604));
#611=EDGE_LOOP('',(#2605,#2606,#2607,#2608));
#612=EDGE_LOOP('',(#2609,#2610,#2611,#2612,#2613,#2614));
#613=EDGE_LOOP('',(#2615,#2616,#2617,#2618));
#614=EDGE_LOOP('',(#2619,#2620,#2621,#2622,#2623,#2624,#2625,#2626,#2627,
#2628,#2629,#2630,#2631,#2632,#2633,#2634,#2635,#2636));
#615=EDGE_LOOP('',(#2637,#2638,#2639,#2640));
#616=EDGE_LOOP('',(#2641,#2642,#2643,#2644));
#617=EDGE_LOOP('',(#2645,#2646,#2647,#2648,#2649,#2650,#2651,#2652,#2653,
#2654,#2655,#2656,#2657,#2658));
#618=EDGE_LOOP('',(#2659,#2660,#2661,#2662,#2663));
#619=EDGE_LOOP('',(#2664,#2665,#2666,#2667,#2668,#2669,#2670,#2671,#2672,
#2673,#2674,#2675,#2676,#2677,#2678,#2679,#2680,#2681));
#620=EDGE_LOOP('',(#2682,#2683,#2684,#2685));
#621=EDGE_LOOP('',(#2686,#2687,#2688,#2689));
#622=EDGE_LOOP('',(#2690,#2691,#2692,#2693,#2694,#2695,#2696,#2697,#2698,
#2699,#2700,#2701,#2702,#2703,#2704));
#623=EDGE_LOOP('',(#2705,#2706,#2707,#2708,#2709,#2710));
#624=EDGE_LOOP('',(#2711,#2712,#2713,#2714));
#625=EDGE_LOOP('',(#2715,#2716,#2717,#2718));
#626=EDGE_LOOP('',(#2719));
#627=EDGE_LOOP('',(#2720,#2721,#2722,#2723));
#628=EDGE_LOOP('',(#2724,#2725,#2726,#2727));
#629=EDGE_LOOP('',(#2728,#2729,#2730,#2731,#2732,#2733,#2734,#2735));
#630=EDGE_LOOP('',(#2736,#2737,#2738,#2739));
#631=EDGE_LOOP('',(#2740,#2741,#2742,#2743));
#632=EDGE_LOOP('',(#2744,#2745,#2746,#2747));
#633=EDGE_LOOP('',(#2748,#2749,#2750,#2751,#2752,#2753,#2754));
#634=EDGE_LOOP('',(#2755,#2756,#2757,#2758));
#635=EDGE_LOOP('',(#2759,#2760,#2761,#2762));
#636=EDGE_LOOP('',(#2763,#2764,#2765,#2766));
#637=EDGE_LOOP('',(#2767,#2768,#2769,#2770,#2771,#2772,#2773,#2774));
#638=EDGE_LOOP('',(#2775,#2776,#2777,#2778));
#639=EDGE_LOOP('',(#2779,#2780,#2781,#2782));
#640=EDGE_LOOP('',(#2783,#2784,#2785,#2786,#2787,#2788,#2789,#2790,#2791,
#2792));
#641=EDGE_LOOP('',(#2793,#2794,#2795,#2796,#2797,#2798,#2799,#2800,#2801,
#2802,#2803,#2804,#2805,#2806));
#642=EDGE_LOOP('',(#2807,#2808,#2809,#2810));
#643=EDGE_LOOP('',(#2811,#2812,#2813,#2814,#2815,#2816));
#644=EDGE_LOOP('',(#2817,#2818));
#645=EDGE_LOOP('',(#2819,#2820,#2821,#2822,#2823,#2824,#2825,#2826));
#646=EDGE_LOOP('',(#2827,#2828,#2829,#2830,#2831,#2832));
#647=EDGE_LOOP('',(#2833,#2834,#2835,#2836,#2837,#2838,#2839,#2840,#2841,
#2842,#2843,#2844,#2845,#2846));
#648=EDGE_LOOP('',(#2847,#2848,#2849,#2850,#2851));
#649=EDGE_LOOP('',(#2852,#2853,#2854,#2855,#2856,#2857,#2858,#2859));
#650=EDGE_LOOP('',(#2860));
#651=EDGE_LOOP('',(#2861));
#652=EDGE_LOOP('',(#2862));
#653=EDGE_LOOP('',(#2863));
#654=EDGE_LOOP('',(#2864,#2865,#2866,#2867,#2868));
#655=EDGE_LOOP('',(#2869,#2870,#2871,#2872,#2873));
#656=EDGE_LOOP('',(#2874,#2875,#2876,#2877,#2878));
#657=EDGE_LOOP('',(#2879,#2880,#2881,#2882,#2883));
#658=EDGE_LOOP('',(#2884,#2885,#2886,#2887,#2888));
#659=EDGE_LOOP('',(#2889,#2890,#2891,#2892,#2893));
#660=EDGE_LOOP('',(#2894,#2895,#2896,#2897,#2898));
#661=EDGE_LOOP('',(#2899,#2900,#2901,#2902));
#662=EDGE_LOOP('',(#2903,#2904,#2905,#2906));
#663=EDGE_LOOP('',(#2907,#2908,#2909,#2910,#2911,#2912,#2913));
#664=EDGE_LOOP('',(#2914,#2915,#2916,#2917));
#665=EDGE_LOOP('',(#2918,#2919,#2920,#2921));
#666=EDGE_LOOP('',(#2922,#2923,#2924,#2925,#2926));
#667=EDGE_LOOP('',(#2927,#2928,#2929,#2930,#2931,#2932,#2933));
#668=EDGE_LOOP('',(#2934,#2935,#2936,#2937));
#669=EDGE_LOOP('',(#2938,#2939,#2940,#2941,#2942,#2943,#2944,#2945,#2946,
#2947,#2948,#2949,#2950,#2951,#2952,#2953,#2954,#2955,#2956,#2957));
#670=EDGE_LOOP('',(#2958,#2959,#2960,#2961));
#671=EDGE_LOOP('',(#2962,#2963,#2964,#2965));
#672=EDGE_LOOP('',(#2966,#2967,#2968,#2969));
#673=EDGE_LOOP('',(#2970,#2971,#2972,#2973,#2974,#2975,#2976,#2977,#2978,
#2979,#2980,#2981,#2982,#2983,#2984,#2985,#2986,#2987,#2988,#2989));
#674=EDGE_LOOP('',(#2990,#2991,#2992,#2993));
#675=EDGE_LOOP('',(#2994,#2995,#2996,#2997));
#676=EDGE_LOOP('',(#2998,#2999,#3000,#3001));
#677=EDGE_LOOP('',(#3002,#3003,#3004,#3005));
#678=EDGE_LOOP('',(#3006,#3007,#3008,#3009));
#679=EDGE_LOOP('',(#3010,#3011,#3012,#3013));
#680=EDGE_LOOP('',(#3014,#3015,#3016,#3017,#3018,#3019,#3020,#3021));
#681=EDGE_LOOP('',(#3022,#3023,#3024,#3025,#3026,#3027,#3028));
#682=EDGE_LOOP('',(#3029,#3030,#3031,#3032,#3033,#3034));
#683=EDGE_LOOP('',(#3035,#3036,#3037,#3038));
#684=EDGE_LOOP('',(#3039,#3040,#3041,#3042));
#685=EDGE_LOOP('',(#3043,#3044,#3045,#3046,#3047));
#686=EDGE_LOOP('',(#3048,#3049,#3050,#3051));
#687=EDGE_LOOP('',(#3052,#3053,#3054,#3055));
#688=EDGE_LOOP('',(#3056,#3057,#3058,#3059));
#689=EDGE_LOOP('',(#3060,#3061,#3062,#3063));
#690=EDGE_LOOP('',(#3064,#3065,#3066,#3067));
#691=EDGE_LOOP('',(#3068,#3069,#3070,#3071));
#692=EDGE_LOOP('',(#3072,#3073,#3074,#3075));
#693=EDGE_LOOP('',(#3076,#3077,#3078,#3079,#3080,#3081,#3082));
#694=EDGE_LOOP('',(#3083,#3084,#3085,#3086,#3087,#3088));
#695=EDGE_LOOP('',(#3089,#3090,#3091,#3092,#3093,#3094,#3095,#3096));
#696=EDGE_LOOP('',(#3097,#3098,#3099,#3100,#3101));
#697=EDGE_LOOP('',(#3102,#3103,#3104,#3105));
#698=EDGE_LOOP('',(#3106,#3107,#3108,#3109,#3110));
#699=EDGE_LOOP('',(#3111,#3112,#3113,#3114));
#700=EDGE_LOOP('',(#3115,#3116,#3117,#3118));
#701=EDGE_LOOP('',(#3119,#3120,#3121,#3122,#3123));
#702=EDGE_LOOP('',(#3124,#3125,#3126,#3127));
#703=EDGE_LOOP('',(#3128,#3129,#3130,#3131));
#704=EDGE_LOOP('',(#3132,#3133,#3134,#3135));
#705=EDGE_LOOP('',(#3136,#3137,#3138,#3139));
#706=EDGE_LOOP('',(#3140,#3141,#3142,#3143));
#707=EDGE_LOOP('',(#3144,#3145,#3146,#3147,#3148));
#708=EDGE_LOOP('',(#3149,#3150));
#709=EDGE_LOOP('',(#3151,#3152,#3153,#3154,#3155));
#710=EDGE_LOOP('',(#3156,#3157));
#711=EDGE_LOOP('',(#3158,#3159,#3160,#3161));
#712=EDGE_LOOP('',(#3162,#3163,#3164,#3165));
#713=EDGE_LOOP('',(#3166,#3167,#3168,#3169));
#714=EDGE_LOOP('',(#3170,#3171,#3172,#3173,#3174));
#715=EDGE_LOOP('',(#3175,#3176,#3177,#3178,#3179));
#716=EDGE_LOOP('',(#3180,#3181,#3182,#3183));
#717=EDGE_LOOP('',(#3184,#3185,#3186,#3187));
#718=EDGE_LOOP('',(#3188,#3189,#3190,#3191));
#719=EDGE_LOOP('',(#3192,#3193,#3194,#3195));
#720=EDGE_LOOP('',(#3196,#3197,#3198,#3199));
#721=EDGE_LOOP('',(#3200,#3201,#3202,#3203));
#722=EDGE_LOOP('',(#3204,#3205,#3206,#3207,#3208));
#723=EDGE_LOOP('',(#3209,#3210));
#724=EDGE_LOOP('',(#3211,#3212,#3213));
#725=EDGE_LOOP('',(#3214,#3215,#3216,#3217));
#726=EDGE_LOOP('',(#3218,#3219,#3220));
#727=EDGE_LOOP('',(#3221,#3222,#3223,#3224,#3225));
#728=EDGE_LOOP('',(#3226,#3227));
#729=EDGE_LOOP('',(#3228,#3229,#3230));
#730=EDGE_LOOP('',(#3231,#3232,#3233,#3234));
#731=EDGE_LOOP('',(#3235,#3236,#3237));
#732=EDGE_LOOP('',(#3238,#3239,#3240,#3241,#3242,#3243,#3244,#3245,#3246,
#3247));
#733=EDGE_LOOP('',(#3248));
#734=EDGE_LOOP('',(#3249));
#735=EDGE_LOOP('',(#3250));
#736=EDGE_LOOP('',(#3251));
#737=EDGE_LOOP('',(#3252,#3253,#3254,#3255));
#738=EDGE_LOOP('',(#3256,#3257,#3258,#3259,#3260));
#739=EDGE_LOOP('',(#3261,#3262,#3263,#3264,#3265));
#740=EDGE_LOOP('',(#3266,#3267,#3268,#3269));
#741=EDGE_LOOP('',(#3270,#3271,#3272,#3273));
#742=EDGE_LOOP('',(#3274,#3275,#3276,#3277));
#743=EDGE_LOOP('',(#3278,#3279,#3280,#3281));
#744=EDGE_LOOP('',(#3282,#3283,#3284,#3285,#3286));
#745=EDGE_LOOP('',(#3287,#3288,#3289,#3290));
#746=EDGE_LOOP('',(#3291,#3292,#3293,#3294));
#747=EDGE_LOOP('',(#3295,#3296,#3297,#3298));
#748=EDGE_LOOP('',(#3299,#3300,#3301,#3302,#3303,#3304,#3305,#3306));
#749=EDGE_LOOP('',(#3307,#3308,#3309,#3310,#3311,#3312,#3313,#3314));
#750=EDGE_LOOP('',(#3315,#3316,#3317,#3318));
#751=EDGE_LOOP('',(#3319,#3320,#3321,#3322));
#752=EDGE_LOOP('',(#3323,#3324,#3325,#3326,#3327));
#753=EDGE_LOOP('',(#3328,#3329,#3330,#3331));
#754=EDGE_LOOP('',(#3332,#3333,#3334,#3335));
#755=EDGE_LOOP('',(#3336,#3337,#3338,#3339,#3340,#3341));
#756=EDGE_LOOP('',(#3342,#3343,#3344,#3345,#3346,#3347,#3348,#3349,#3350,
#3351));
#757=EDGE_LOOP('',(#3352,#3353,#3354,#3355));
#758=EDGE_LOOP('',(#3356,#3357,#3358,#3359));
#759=EDGE_LOOP('',(#3360,#3361,#3362,#3363,#3364));
#760=EDGE_LOOP('',(#3365,#3366,#3367,#3368,#3369,#3370,#3371,#3372,#3373,
#3374));
#761=EDGE_LOOP('',(#3375,#3376,#3377,#3378));
#762=EDGE_LOOP('',(#3379,#3380,#3381,#3382));
#763=EDGE_LOOP('',(#3383));
#764=EDGE_LOOP('',(#3384));
#765=EDGE_LOOP('',(#3385,#3386,#3387,#3388,#3389,#3390,#3391,#3392));
#766=EDGE_LOOP('',(#3393,#3394,#3395,#3396));
#767=EDGE_LOOP('',(#3397));
#768=EDGE_LOOP('',(#3398,#3399,#3400,#3401));
#769=EDGE_LOOP('',(#3402,#3403,#3404,#3405));
#770=EDGE_LOOP('',(#3406,#3407,#3408,#3409));
#771=EDGE_LOOP('',(#3410,#3411,#3412,#3413));
#772=EDGE_LOOP('',(#3414,#3415,#3416,#3417));
#773=EDGE_LOOP('',(#3418,#3419,#3420,#3421));
#774=EDGE_LOOP('',(#3422,#3423,#3424,#3425));
#775=EDGE_LOOP('',(#3426,#3427,#3428,#3429));
#776=EDGE_LOOP('',(#3430,#3431,#3432,#3433));
#777=EDGE_LOOP('',(#3434,#3435,#3436,#3437,#3438,#3439,#3440,#3441,#3442,
#3443));
#778=LINE('',#4978,#1019);
#779=LINE('',#4981,#1020);
#780=LINE('',#4984,#1021);
#781=LINE('',#4992,#1022);
#782=LINE('',#4998,#1023);
#783=LINE('',#5001,#1024);
#784=LINE('',#5004,#1025);
#785=LINE('',#5012,#1026);
#786=LINE('',#5016,#1027);
#787=LINE('',#5020,#1028);
#788=LINE('',#5024,#1029);
#789=LINE('',#5028,#1030);
#790=LINE('',#5071,#1031);
#791=LINE('',#5073,#1032);
#792=LINE('',#5075,#1033);
#793=LINE('',#5076,#1034);
#794=LINE('',#5082,#1035);
#795=LINE('',#5085,#1036);
#796=LINE('',#5090,#1037);
#797=LINE('',#5094,#1038);
#798=LINE('',#5097,#1039);
#799=LINE('',#5099,#1040);
#800=LINE('',#5100,#1041);
#801=LINE('',#5142,#1042);
#802=LINE('',#5145,#1043);
#803=LINE('',#5149,#1044);
#804=LINE('',#5150,#1045);
#805=LINE('',#5155,#1046);
#806=LINE('',#5156,#1047);
#807=LINE('',#5158,#1048);
#808=LINE('',#5181,#1049);
#809=LINE('',#5197,#1050);
#810=LINE('',#5200,#1051);
#811=LINE('',#5203,#1052);
#812=LINE('',#5206,#1053);
#813=LINE('',#5213,#1054);
#814=LINE('',#5215,#1055);
#815=LINE('',#5216,#1056);
#816=LINE('',#5221,#1057);
#817=LINE('',#5225,#1058);
#818=LINE('',#5229,#1059);
#819=LINE('',#5233,#1060);
#820=LINE('',#5235,#1061);
#821=LINE('',#5237,#1062);
#822=LINE('',#5244,#1063);
#823=LINE('',#5251,#1064);
#824=LINE('',#5253,#1065);
#825=LINE('',#5254,#1066);
#826=LINE('',#5257,#1067);
#827=LINE('',#5338,#1068);
#828=LINE('',#5340,#1069);
#829=LINE('',#5342,#1070);
#830=LINE('',#5343,#1071);
#831=LINE('',#5346,#1072);
#832=LINE('',#5348,#1073);
#833=LINE('',#5349,#1074);
#834=LINE('',#5352,#1075);
#835=LINE('',#5354,#1076);
#836=LINE('',#5355,#1077);
#837=LINE('',#5358,#1078);
#838=LINE('',#5360,#1079);
#839=LINE('',#5361,#1080);
#840=LINE('',#5364,#1081);
#841=LINE('',#5366,#1082);
#842=LINE('',#5367,#1083);
#843=LINE('',#5369,#1084);
#844=LINE('',#5370,#1085);
#845=LINE('',#5375,#1086);
#846=LINE('',#5377,#1087);
#847=LINE('',#5379,#1088);
#848=LINE('',#5380,#1089);
#849=LINE('',#5383,#1090);
#850=LINE('',#5385,#1091);
#851=LINE('',#5386,#1092);
#852=LINE('',#5389,#1093);
#853=LINE('',#5391,#1094);
#854=LINE('',#5392,#1095);
#855=LINE('',#5394,#1096);
#856=LINE('',#5395,#1097);
#857=LINE('',#5400,#1098);
#858=LINE('',#5402,#1099);
#859=LINE('',#5404,#1100);
#860=LINE('',#5405,#1101);
#861=LINE('',#5408,#1102);
#862=LINE('',#5410,#1103);
#863=LINE('',#5411,#1104);
#864=LINE('',#5414,#1105);
#865=LINE('',#5416,#1106);
#866=LINE('',#5417,#1107);
#867=LINE('',#5419,#1108);
#868=LINE('',#5420,#1109);
#869=LINE('',#5645,#1110);
#870=LINE('',#5663,#1111);
#871=LINE('',#5665,#1112);
#872=LINE('',#5867,#1113);
#873=LINE('',#5899,#1114);
#874=LINE('',#5911,#1115);
#875=LINE('',#5914,#1116);
#876=LINE('',#5949,#1117);
#877=LINE('',#5980,#1118);
#878=LINE('',#5996,#1119);
#879=LINE('',#5998,#1120);
#880=LINE('',#6000,#1121);
#881=LINE('',#6002,#1122);
#882=LINE('',#6004,#1123);
#883=LINE('',#6017,#1124);
#884=LINE('',#6019,#1125);
#885=LINE('',#6030,#1126);
#886=LINE('',#6032,#1127);
#887=LINE('',#6034,#1128);
#888=LINE('',#6036,#1129);
#889=LINE('',#6038,#1130);
#890=LINE('',#6048,#1131);
#891=LINE('',#6103,#1132);
#892=LINE('',#6105,#1133);
#893=LINE('',#6121,#1134);
#894=LINE('',#6128,#1135);
#895=LINE('',#6135,#1136);
#896=LINE('',#6141,#1137);
#897=LINE('',#6152,#1138);
#898=LINE('',#6154,#1139);
#899=LINE('',#6156,#1140);
#900=LINE('',#6158,#1141);
#901=LINE('',#6160,#1142);
#902=LINE('',#6171,#1143);
#903=LINE('',#6173,#1144);
#904=LINE('',#6186,#1145);
#905=LINE('',#6188,#1146);
#906=LINE('',#6190,#1147);
#907=LINE('',#6191,#1148);
#908=LINE('',#6410,#1149);
#909=LINE('',#6412,#1150);
#910=LINE('',#6413,#1151);
#911=LINE('',#6556,#1152);
#912=LINE('',#6560,#1153);
#913=LINE('',#6564,#1154);
#914=LINE('',#6567,#1155);
#915=LINE('',#6638,#1156);
#916=LINE('',#6815,#1157);
#917=LINE('',#6824,#1158);
#918=LINE('',#6826,#1159);
#919=LINE('',#6842,#1160);
#920=LINE('',#6925,#1161);
#921=LINE('',#6975,#1162);
#922=LINE('',#6983,#1163);
#923=LINE('',#7059,#1164);
#924=LINE('',#7186,#1165);
#925=LINE('',#7225,#1166);
#926=LINE('',#7284,#1167);
#927=LINE('',#7306,#1168);
#928=LINE('',#7397,#1169);
#929=LINE('',#7427,#1170);
#930=LINE('',#7433,#1171);
#931=LINE('',#7438,#1172);
#932=LINE('',#7443,#1173);
#933=LINE('',#7446,#1174);
#934=LINE('',#7451,#1175);
#935=LINE('',#7458,#1176);
#936=LINE('',#7465,#1177);
#937=LINE('',#7468,#1178);
#938=LINE('',#7482,#1179);
#939=LINE('',#7491,#1180);
#940=LINE('',#7495,#1181);
#941=LINE('',#7497,#1182);
#942=LINE('',#7499,#1183);
#943=LINE('',#7502,#1184);
#944=LINE('',#7504,#1185);
#945=LINE('',#7507,#1186);
#946=LINE('',#7509,#1187);
#947=LINE('',#7511,#1188);
#948=LINE('',#7512,#1189);
#949=LINE('',#7532,#1190);
#950=LINE('',#7543,#1191);
#951=LINE('',#7555,#1192);
#952=LINE('',#7560,#1193);
#953=LINE('',#7562,#1194);
#954=LINE('',#7564,#1195);
#955=LINE('',#7567,#1196);
#956=LINE('',#7569,#1197);
#957=LINE('',#7572,#1198);
#958=LINE('',#7574,#1199);
#959=LINE('',#7576,#1200);
#960=LINE('',#7577,#1201);
#961=LINE('',#7607,#1202);
#962=LINE('',#7608,#1203);
#963=LINE('',#7621,#1204);
#964=LINE('',#7622,#1205);
#965=LINE('',#7624,#1206);
#966=LINE('',#7631,#1207);
#967=LINE('',#7634,#1208);
#968=LINE('',#7665,#1209);
#969=LINE('',#7666,#1210);
#970=LINE('',#7669,#1211);
#971=LINE('',#7670,#1212);
#972=LINE('',#7682,#1213);
#973=LINE('',#7700,#1214);
#974=LINE('',#7701,#1215);
#975=LINE('',#8324,#1216);
#976=LINE('',#8326,#1217);
#977=LINE('',#8328,#1218);
#978=LINE('',#8350,#1219);
#979=LINE('',#8410,#1220);
#980=LINE('',#8483,#1221);
#981=LINE('',#8485,#1222);
#982=LINE('',#9195,#1223);
#983=LINE('',#9197,#1224);
#984=LINE('',#9199,#1225);
#985=LINE('',#9222,#1226);
#986=LINE('',#9282,#1227);
#987=LINE('',#9283,#1228);
#988=LINE('',#9336,#1229);
#989=LINE('',#9340,#1230);
#990=LINE('',#9341,#1231);
#991=LINE('',#9472,#1232);
#992=LINE('',#9475,#1233);
#993=LINE('',#9480,#1234);
#994=LINE('',#9484,#1235);
#995=LINE('',#9488,#1236);
#996=LINE('',#9490,#1237);
#997=LINE('',#9492,#1238);
#998=LINE('',#9496,#1239);
#999=LINE('',#9499,#1240);
#1000=LINE('',#9500,#1241);
#1001=LINE('',#9507,#1242);
#1002=LINE('',#9510,#1243);
#1003=LINE('',#9522,#1244);
#1004=LINE('',#9690,#1245);
#1005=LINE('',#9691,#1246);
#1006=LINE('',#9703,#1247);
#1007=LINE('',#9704,#1248);
#1008=LINE('',#9707,#1249);
#1009=LINE('',#9710,#1250);
#1010=LINE('',#9859,#1251);
#1011=LINE('',#9860,#1252);
#1012=LINE('',#9898,#1253);
#1013=LINE('',#9902,#1254);
#1014=LINE('',#9904,#1255);
#1015=LINE('',#9908,#1256);
#1016=LINE('',#9912,#1257);
#1017=LINE('',#9919,#1258);
#1018=LINE('',#9922,#1259);
#1019=VECTOR('',#4061,10.);
#1020=VECTOR('',#4064,10.);
#1021=VECTOR('',#4067,10.);
#1022=VECTOR('',#4070,10.);
#1023=VECTOR('',#4075,10.);
#1024=VECTOR('',#4078,10.);
#1025=VECTOR('',#4081,10.);
#1026=VECTOR('',#4084,10.);
#1027=VECTOR('',#4087,10.);
#1028=VECTOR('',#4090,10.);
#1029=VECTOR('',#4095,10.);
#1030=VECTOR('',#4098,10.);
#1031=VECTOR('',#4103,10.);
#1032=VECTOR('',#4104,10.);
#1033=VECTOR('',#4105,10.);
#1034=VECTOR('',#4106,10.);
#1035=VECTOR('',#4111,10.);
#1036=VECTOR('',#4114,10.);
#1037=VECTOR('',#4119,10.);
#1038=VECTOR('',#4124,10.);
#1039=VECTOR('',#4127,10.);
#1040=VECTOR('',#4130,10.);
#1041=VECTOR('',#4131,10.);
#1042=VECTOR('',#4136,10.);
#1043=VECTOR('',#4139,10.);
#1044=VECTOR('',#4144,10.);
#1045=VECTOR('',#4145,10.);
#1046=VECTOR('',#4150,10.);
#1047=VECTOR('',#4151,10.);
#1048=VECTOR('',#4154,10.);
#1049=VECTOR('',#4157,10.);
#1050=VECTOR('',#4158,10.);
#1051=VECTOR('',#4161,10.);
#1052=VECTOR('',#4164,10.);
#1053=VECTOR('',#4167,10.);
#1054=VECTOR('',#4168,10.);
#1055=VECTOR('',#4169,10.);
#1056=VECTOR('',#4170,10.);
#1057=VECTOR('',#4175,10.);
#1058=VECTOR('',#4180,10.);
#1059=VECTOR('',#4183,10.);
#1060=VECTOR('',#4188,10.);
#1061=VECTOR('',#4189,10.);
#1062=VECTOR('',#4190,10.);
#1063=VECTOR('',#4193,10.);
#1064=VECTOR('',#4194,10.);
#1065=VECTOR('',#4195,10.);
#1066=VECTOR('',#4196,10.);
#1067=VECTOR('',#4199,10.);
#1068=VECTOR('',#4204,10.);
#1069=VECTOR('',#4205,10.);
#1070=VECTOR('',#4206,10.);
#1071=VECTOR('',#4207,10.);
#1072=VECTOR('',#4210,10.);
#1073=VECTOR('',#4211,10.);
#1074=VECTOR('',#4212,10.);
#1075=VECTOR('',#4215,10.);
#1076=VECTOR('',#4216,10.);
#1077=VECTOR('',#4217,10.);
#1078=VECTOR('',#4220,10.);
#1079=VECTOR('',#4221,10.);
#1080=VECTOR('',#4222,10.);
#1081=VECTOR('',#4225,10.);
#1082=VECTOR('',#4226,10.);
#1083=VECTOR('',#4227,10.);
#1084=VECTOR('',#4230,10.);
#1085=VECTOR('',#4231,10.);
#1086=VECTOR('',#4236,10.);
#1087=VECTOR('',#4237,10.);
#1088=VECTOR('',#4238,10.);
#1089=VECTOR('',#4239,10.);
#1090=VECTOR('',#4242,10.);
#1091=VECTOR('',#4243,10.);
#1092=VECTOR('',#4244,10.);
#1093=VECTOR('',#4247,10.);
#1094=VECTOR('',#4248,10.);
#1095=VECTOR('',#4249,10.);
#1096=VECTOR('',#4252,10.);
#1097=VECTOR('',#4253,10.);
#1098=VECTOR('',#4258,10.);
#1099=VECTOR('',#4259,10.);
#1100=VECTOR('',#4260,10.);
#1101=VECTOR('',#4261,10.);
#1102=VECTOR('',#4264,10.);
#1103=VECTOR('',#4265,10.);
#1104=VECTOR('',#4266,10.);
#1105=VECTOR('',#4269,10.);
#1106=VECTOR('',#4270,10.);
#1107=VECTOR('',#4271,10.);
#1108=VECTOR('',#4274,10.);
#1109=VECTOR('',#4275,10.);
#1110=VECTOR('',#4308,10.);
#1111=VECTOR('',#4309,5.);
#1112=VECTOR('',#4312,10.);
#1113=VECTOR('',#4343,10.);
#1114=VECTOR('',#4352,10.);
#1115=VECTOR('',#4357,10.);
#1116=VECTOR('',#4360,10.);
#1117=VECTOR('',#4365,10.);
#1118=VECTOR('',#4366,5.);
#1119=VECTOR('',#4373,10.);
#1120=VECTOR('',#4374,10.);
#1121=VECTOR('',#4375,10.);
#1122=VECTOR('',#4376,10.);
#1123=VECTOR('',#4377,10.);
#1124=VECTOR('',#4378,10.);
#1125=VECTOR('',#4379,10.);
#1126=VECTOR('',#4380,10.);
#1127=VECTOR('',#4381,10.);
#1128=VECTOR('',#4382,10.);
#1129=VECTOR('',#4383,10.);
#1130=VECTOR('',#4384,10.);
#1131=VECTOR('',#4385,10.);
#1132=VECTOR('',#4392,5.);
#1133=VECTOR('',#4393,10.);
#1134=VECTOR('',#4394,10.);
#1135=VECTOR('',#4395,10.);
#1136=VECTOR('',#4398,10.);
#1137=VECTOR('',#4405,10.);
#1138=VECTOR('',#4406,10.);
#1139=VECTOR('',#4407,10.);
#1140=VECTOR('',#4408,10.);
#1141=VECTOR('',#4409,10.);
#1142=VECTOR('',#4410,10.);
#1143=VECTOR('',#4411,10.);
#1144=VECTOR('',#4412,10.);
#1145=VECTOR('',#4413,10.);
#1146=VECTOR('',#4414,10.);
#1147=VECTOR('',#4415,10.);
#1148=VECTOR('',#4416,10.);
#1149=VECTOR('',#4459,10.);
#1150=VECTOR('',#4460,10.);
#1151=VECTOR('',#4461,10.);
#1152=VECTOR('',#4480,10.);
#1153=VECTOR('',#4483,10.);
#1154=VECTOR('',#4486,10.);
#1155=VECTOR('',#4489,10.);
#1156=VECTOR('',#4492,10.);
#1157=VECTOR('',#4499,5.);
#1158=VECTOR('',#4500,10.);
#1159=VECTOR('',#4501,10.);
#1160=VECTOR('',#4502,10.);
#1161=VECTOR('',#4503,10.);
#1162=VECTOR('',#4508,10.);
#1163=VECTOR('',#4515,10.);
#1164=VECTOR('',#4522,0.750039552833951);
#1165=VECTOR('',#4525,10.);
#1166=VECTOR('',#4528,0.750035303089972);
#1167=VECTOR('',#4531,10.);
#1168=VECTOR('',#4534,0.750018404142716);
#1169=VECTOR('',#4537,10.);
#1170=VECTOR('',#4540,0.750033739649401);
#1171=VECTOR('',#4547,10.);
#1172=VECTOR('',#4554,10.);
#1173=VECTOR('',#4559,10.);
#1174=VECTOR('',#4562,10.);
#1175=VECTOR('',#4567,10.);
#1176=VECTOR('',#4576,10.);
#1177=VECTOR('',#4585,10.);
#1178=VECTOR('',#4588,10.);
#1179=VECTOR('',#4591,10.);
#1180=VECTOR('',#4594,10.);
#1181=VECTOR('',#4597,10.);
#1182=VECTOR('',#4598,10.);
#1183=VECTOR('',#4599,10.);
#1184=VECTOR('',#4602,10.);
#1185=VECTOR('',#4603,10.);
#1186=VECTOR('',#4606,10.);
#1187=VECTOR('',#4607,10.);
#1188=VECTOR('',#4608,10.);
#1189=VECTOR('',#4609,10.);
#1190=VECTOR('',#4612,10.);
#1191=VECTOR('',#4615,10.);
#1192=VECTOR('',#4616,10.);
#1193=VECTOR('',#4621,10.);
#1194=VECTOR('',#4622,10.);
#1195=VECTOR('',#4623,10.);
#1196=VECTOR('',#4626,10.);
#1197=VECTOR('',#4627,10.);
#1198=VECTOR('',#4630,10.);
#1199=VECTOR('',#4631,10.);
#1200=VECTOR('',#4632,10.);
#1201=VECTOR('',#4633,10.);
#1202=VECTOR('',#4638,10.);
#1203=VECTOR('',#4639,10.);
#1204=VECTOR('',#4642,10.);
#1205=VECTOR('',#4643,10.);
#1206=VECTOR('',#4646,10.);
#1207=VECTOR('',#4657,10.);
#1208=VECTOR('',#4662,10.);
#1209=VECTOR('',#4673,10.);
#1210=VECTOR('',#4674,10.);
#1211=VECTOR('',#4677,10.);
#1212=VECTOR('',#4678,10.);
#1213=VECTOR('',#4681,10.);
#1214=VECTOR('',#4686,10.);
#1215=VECTOR('',#4687,10.);
#1216=VECTOR('',#4740,10.);
#1217=VECTOR('',#4743,10.);
#1218=VECTOR('',#4746,10.);
#1219=VECTOR('',#4747,10.);
#1220=VECTOR('',#4748,10.);
#1221=VECTOR('',#4749,10.);
#1222=VECTOR('',#4750,10.);
#1223=VECTOR('',#4787,10.);
#1224=VECTOR('',#4790,10.);
#1225=VECTOR('',#4793,10.);
#1226=VECTOR('',#4796,10.);
#1227=VECTOR('',#4797,10.);
#1228=VECTOR('',#4798,10.);
#1229=VECTOR('',#4801,10.);
#1230=VECTOR('',#4806,10.);
#1231=VECTOR('',#4807,10.);
#1232=VECTOR('',#4810,10.);
#1233=VECTOR('',#4815,10.);
#1234=VECTOR('',#4822,1.1);
#1235=VECTOR('',#4827,1.1);
#1236=VECTOR('',#4834,10.);
#1237=VECTOR('',#4837,10.);
#1238=VECTOR('',#4840,10.);
#1239=VECTOR('',#4847,10.);
#1240=VECTOR('',#4850,10.);
#1241=VECTOR('',#4851,10.);
#1242=VECTOR('',#4860,10.);
#1243=VECTOR('',#4863,10.);
#1244=VECTOR('',#4878,10.);
#1245=VECTOR('',#4887,10.);
#1246=VECTOR('',#4888,10.);
#1247=VECTOR('',#4903,1.1);
#1248=VECTOR('',#4904,10.);
#1249=VECTOR('',#4907,10.);
#1250=VECTOR('',#4910,10.);
#1251=VECTOR('',#4915,10.);
#1252=VECTOR('',#4916,1.1);
#1253=VECTOR('',#4929,1.9);
#1254=VECTOR('',#4934,10.);
#1255=VECTOR('',#4935,10.);
#1256=VECTOR('',#4940,10.);
#1257=VECTOR('',#4945,10.);
#1258=VECTOR('',#4956,10.);
#1259=VECTOR('',#4959,10.);
#1260=CIRCLE('',#3719,0.5);
#1261=CIRCLE('',#3720,0.5);
#1262=CIRCLE('',#3724,0.5);
#1263=CIRCLE('',#3725,0.5);
#1264=CIRCLE('',#3729,6.9);
#1265=CIRCLE('',#3730,9.5);
#1266=CIRCLE('',#3732,6.9);
#1267=CIRCLE('',#3733,9.5);
#1268=CIRCLE('',#3736,6.9);
#1269=CIRCLE('',#3737,6.9);
#1270=CIRCLE('',#3739,6.9);
#1271=CIRCLE('',#3740,6.9);
#1272=CIRCLE('',#3742,6.9);
#1273=CIRCLE('',#3745,9.5);
#1274=CIRCLE('',#3747,9.5);
#1275=CIRCLE('',#3750,6.9);
#1276=CIRCLE('',#3754,9.5);
#1277=CIRCLE('',#3757,9.5);
#1278=CIRCLE('',#3758,9.5);
#1279=CIRCLE('',#3760,9.5);
#1280=CIRCLE('',#3761,9.5);
#1281=CIRCLE('',#3765,9.5);
#1282=CIRCLE('',#3783,0.25);
#1283=CIRCLE('',#3785,0.249999999999994);
#1284=CIRCLE('',#3786,8.65);
#1285=CIRCLE('',#3787,0.25);
#1286=CIRCLE('',#3788,8.9);
#1287=CIRCLE('',#3790,0.25);
#1288=CIRCLE('',#3791,5.);
#1289=CIRCLE('',#3792,5.25);
#1290=CIRCLE('',#3794,5.);
#1291=CIRCLE('',#3795,5.25);
#1292=CIRCLE('',#3796,1.5);
#1293=CIRCLE('',#3800,0.249999999999999);
#1294=CIRCLE('',#3801,5.25);
#1295=CIRCLE('',#3802,0.25);
#1296=CIRCLE('',#3803,5.);
#1297=CIRCLE('',#3805,0.25);
#1298=CIRCLE('',#3806,8.9);
#1299=CIRCLE('',#3807,8.65);
#1300=CIRCLE('',#3809,0.25);
#1301=CIRCLE('',#3810,5.);
#1302=CIRCLE('',#3811,5.25);
#1303=CIRCLE('',#3813,6.99);
#1304=CIRCLE('',#3814,0.5);
#1305=CIRCLE('',#3815,10.2621778264923);
#1306=CIRCLE('',#3816,10.2621778264923);
#1307=CIRCLE('',#3817,0.5);
#1308=CIRCLE('',#3818,6.99);
#1309=CIRCLE('',#3819,3.5);
#1310=CIRCLE('',#3820,1.9);
#1311=CIRCLE('',#3821,1.5);
#1312=CIRCLE('',#3824,8.49);
#1313=CIRCLE('',#3826,1.5);
#1314=CIRCLE('',#3828,8.49);
#1315=CIRCLE('',#3831,8.49);
#1316=CIRCLE('',#3833,1.5);
#1317=CIRCLE('',#3835,8.49);
#1318=CIRCLE('',#3836,6.99);
#1319=CIRCLE('',#3838,6.99);
#1320=CIRCLE('',#3839,0.5);
#1321=CIRCLE('',#3840,10.2621778264923);
#1322=CIRCLE('',#3841,10.2621778264923);
#1323=CIRCLE('',#3842,0.5);
#1324=CIRCLE('',#3843,1.9);
#1325=CIRCLE('',#3845,8.49);
#1326=CIRCLE('',#3846,1.5);
#1327=CIRCLE('',#3848,1.5);
#1328=CIRCLE('',#3849,8.);
#1329=CIRCLE('',#3850,1.5);
#1330=CIRCLE('',#3851,9.46969384566991);
#1331=CIRCLE('',#3852,1.5);
#1332=CIRCLE('',#3855,1.5);
#1333=CIRCLE('',#3856,1.5);
#1334=CIRCLE('',#3858,8.);
#1335=CIRCLE('',#3859,1.5);
#1336=CIRCLE('',#3860,9.46969384566991);
#1337=CIRCLE('',#3861,1.5);
#1338=CIRCLE('',#3863,4.1);
#1339=CIRCLE('',#3864,2.99999999999658);
#1340=CIRCLE('',#3865,4.1);
#1341=CIRCLE('',#3871,9.9);
#1342=CIRCLE('',#3872,9.9);
#1343=CIRCLE('',#3873,9.9);
#1344=CIRCLE('',#3874,9.9);
#1345=CIRCLE('',#3875,9.9);
#1346=CIRCLE('',#3876,9.9);
#1347=CIRCLE('',#3878,0.549999999999998);
#1348=CIRCLE('',#3880,0.550000000000001);
#1349=CIRCLE('',#3882,0.550000000000001);
#1350=CIRCLE('',#3884,0.55);
#1351=CIRCLE('',#3891,7.7);
#1352=CIRCLE('',#3892,1.00000000000004);
#1353=CIRCLE('',#3900,8.49);
#1354=CIRCLE('',#3902,7.7);
#1355=CIRCLE('',#3903,1.00000000000004);
#1356=CIRCLE('',#3906,8.4);
#1357=CIRCLE('',#3907,8.4);
#1358=CIRCLE('',#3908,4.1);
#1359=CIRCLE('',#3912,8.4);
#1360=CIRCLE('',#3913,8.4);
#1361=CIRCLE('',#3914,4.1);
#1362=CIRCLE('',#3921,7.7);
#1363=CIRCLE('',#3923,8.49);
#1364=CIRCLE('',#3924,1.00000000000004);
#1365=CIRCLE('',#3937,8.49);
#1366=CIRCLE('',#3938,1.00000000000004);
#1367=CIRCLE('',#3939,7.7);
#1368=CIRCLE('',#3944,0.81);
#1369=CIRCLE('',#3946,0.81);
#1370=CIRCLE('',#3947,0.5);
#1371=CIRCLE('',#3948,1.31);
#1372=CIRCLE('',#3950,0.810000000000035);
#1373=CIRCLE('',#3951,10.2621778264923);
#1374=CIRCLE('',#3952,9.45217782649232);
#1375=CIRCLE('',#3954,0.81);
#1376=CIRCLE('',#3955,10.2621778264923);
#1377=CIRCLE('',#3956,9.45217782649232);
#1378=CIRCLE('',#3958,0.5);
#1379=CIRCLE('',#3959,1.31);
#1380=CIRCLE('',#3965,0.81);
#1381=CIRCLE('',#3966,0.5);
#1382=CIRCLE('',#3967,1.31);
#1383=CIRCLE('',#3969,0.810000000000035);
#1384=CIRCLE('',#3970,10.2621778264923);
#1385=CIRCLE('',#3971,9.45217782649232);
#1386=CIRCLE('',#3972,0.81);
#1387=CIRCLE('',#3974,0.81);
#1388=CIRCLE('',#3975,10.2621778264923);
#1389=CIRCLE('',#3976,9.45217782649232);
#1390=CIRCLE('',#3978,0.5);
#1391=CIRCLE('',#3979,1.31);
#1392=CIRCLE('',#3993,1.1);
#1393=CIRCLE('',#3995,1.1);
#1394=CIRCLE('',#4006,4.1);
#1395=CIRCLE('',#4009,4.1);
#1396=CIRCLE('',#4011,4.1);
#1397=CIRCLE('',#4013,4.1);
#1398=CIRCLE('',#4016,0.250000000000001);
#1399=CIRCLE('',#4017,0.25);
#1400=CIRCLE('',#4019,0.25);
#1401=CIRCLE('',#4021,1.1);
#1402=CIRCLE('',#4022,1.9);
#1403=CIRCLE('',#4023,1.1);
#1404=CIRCLE('',#4024,0.25);
#1405=CIRCLE('',#4025,1.9);
#1406=CIRCLE('',#4028,0.249999999999999);
#1407=CIRCLE('',#4029,0.250000000000003);
#1408=CIRCLE('',#4036,1.9);
#1409=CIRCLE('',#4043,2.99999999999658);
#1410=CIRCLE('',#4050,2.99999999999658);
#1411=CIRCLE('',#4052,2.99999999999658);
#1412=VERTEX_POINT('',#4974);
#1413=VERTEX_POINT('',#4975);
#1414=VERTEX_POINT('',#4977);
#1415=VERTEX_POINT('',#4979);
#1416=VERTEX_POINT('',#4983);
#1417=VERTEX_POINT('',#4985);
#1418=VERTEX_POINT('',#4987);
#1419=VERTEX_POINT('',#4994);
#1420=VERTEX_POINT('',#4995);
#1421=VERTEX_POINT('',#4997);
#1422=VERTEX_POINT('',#4999);
#1423=VERTEX_POINT('',#5003);
#1424=VERTEX_POINT('',#5005);
#1425=VERTEX_POINT('',#5010);
#1426=VERTEX_POINT('',#5014);
#1427=VERTEX_POINT('',#5015);
#1428=VERTEX_POINT('',#5017);
#1429=VERTEX_POINT('',#5019);
#1430=VERTEX_POINT('',#5023);
#1431=VERTEX_POINT('',#5025);
#1432=VERTEX_POINT('',#5027);
#1433=VERTEX_POINT('',#5029);
#1434=VERTEX_POINT('',#5069);
#1435=VERTEX_POINT('',#5070);
#1436=VERTEX_POINT('',#5072);
#1437=VERTEX_POINT('',#5074);
#1438=VERTEX_POINT('',#5078);
#1439=VERTEX_POINT('',#5079);
#1440=VERTEX_POINT('',#5081);
#1441=VERTEX_POINT('',#5083);
#1442=VERTEX_POINT('',#5087);
#1443=VERTEX_POINT('',#5089);
#1444=VERTEX_POINT('',#5093);
#1445=VERTEX_POINT('',#5095);
#1446=VERTEX_POINT('',#5102);
#1447=VERTEX_POINT('',#5140);
#1448=VERTEX_POINT('',#5144);
#1449=VERTEX_POINT('',#5148);
#1450=VERTEX_POINT('',#5152);
#1451=VERTEX_POINT('',#5153);
#1452=VERTEX_POINT('',#5160);
#1453=VERTEX_POINT('',#5180);
#1454=VERTEX_POINT('',#5182);
#1455=VERTEX_POINT('',#5199);
#1456=VERTEX_POINT('',#5201);
#1457=VERTEX_POINT('',#5205);
#1458=VERTEX_POINT('',#5207);
#1459=VERTEX_POINT('',#5212);
#1460=VERTEX_POINT('',#5214);
#1461=VERTEX_POINT('',#5218);
#1462=VERTEX_POINT('',#5220);
#1463=VERTEX_POINT('',#5224);
#1464=VERTEX_POINT('',#5226);
#1465=VERTEX_POINT('',#5228);
#1466=VERTEX_POINT('',#5232);
#1467=VERTEX_POINT('',#5234);
#1468=VERTEX_POINT('',#5236);
#1469=VERTEX_POINT('',#5243);
#1470=VERTEX_POINT('',#5245);
#1471=VERTEX_POINT('',#5250);
#1472=VERTEX_POINT('',#5252);
#1473=VERTEX_POINT('',#5256);
#1474=VERTEX_POINT('',#5269);
#1475=VERTEX_POINT('',#5276);
#1476=VERTEX_POINT('',#5281);
#1477=VERTEX_POINT('',#5292);
#1478=VERTEX_POINT('',#5299);
#1479=VERTEX_POINT('',#5310);
#1480=VERTEX_POINT('',#5320);
#1481=VERTEX_POINT('',#5336);
#1482=VERTEX_POINT('',#5337);
#1483=VERTEX_POINT('',#5339);
#1484=VERTEX_POINT('',#5341);
#1485=VERTEX_POINT('',#5345);
#1486=VERTEX_POINT('',#5347);
#1487=VERTEX_POINT('',#5351);
#1488=VERTEX_POINT('',#5353);
#1489=VERTEX_POINT('',#5357);
#1490=VERTEX_POINT('',#5359);
#1491=VERTEX_POINT('',#5363);
#1492=VERTEX_POINT('',#5365);
#1493=VERTEX_POINT('',#5373);
#1494=VERTEX_POINT('',#5374);
#1495=VERTEX_POINT('',#5376);
#1496=VERTEX_POINT('',#5378);
#1497=VERTEX_POINT('',#5382);
#1498=VERTEX_POINT('',#5384);
#1499=VERTEX_POINT('',#5388);
#1500=VERTEX_POINT('',#5390);
#1501=VERTEX_POINT('',#5398);
#1502=VERTEX_POINT('',#5399);
#1503=VERTEX_POINT('',#5401);
#1504=VERTEX_POINT('',#5403);
#1505=VERTEX_POINT('',#5407);
#1506=VERTEX_POINT('',#5409);
#1507=VERTEX_POINT('',#5413);
#1508=VERTEX_POINT('',#5415);
#1509=VERTEX_POINT('',#5462);
#1510=VERTEX_POINT('',#5463);
#1511=VERTEX_POINT('',#5489);
#1512=VERTEX_POINT('',#5498);
#1513=VERTEX_POINT('',#5509);
#1514=VERTEX_POINT('',#5510);
#1515=VERTEX_POINT('',#5512);
#1516=VERTEX_POINT('',#5514);
#1517=VERTEX_POINT('',#5518);
#1518=VERTEX_POINT('',#5519);
#1519=VERTEX_POINT('',#5563);
#1520=VERTEX_POINT('',#5564);
#1521=VERTEX_POINT('',#5631);
#1522=VERTEX_POINT('',#5637);
#1523=VERTEX_POINT('',#5646);
#1524=VERTEX_POINT('',#5667);
#1525=VERTEX_POINT('',#5668);
#1526=VERTEX_POINT('',#5670);
#1527=VERTEX_POINT('',#5672);
#1528=VERTEX_POINT('',#5676);
#1529=VERTEX_POINT('',#5677);
#1530=VERTEX_POINT('',#5682);
#1531=VERTEX_POINT('',#5683);
#1532=VERTEX_POINT('',#5732);
#1533=VERTEX_POINT('',#5733);
#1534=VERTEX_POINT('',#5814);
#1535=VERTEX_POINT('',#5815);
#1536=VERTEX_POINT('',#5858);
#1537=VERTEX_POINT('',#5864);
#1538=VERTEX_POINT('',#5866);
#1539=VERTEX_POINT('',#5868);
#1540=VERTEX_POINT('',#5870);
#1541=VERTEX_POINT('',#5872);
#1542=VERTEX_POINT('',#5883);
#1543=VERTEX_POINT('',#5894);
#1544=VERTEX_POINT('',#5896);
#1545=VERTEX_POINT('',#5898);
#1546=VERTEX_POINT('',#5900);
#1547=VERTEX_POINT('',#5907);
#1548=VERTEX_POINT('',#5908);
#1549=VERTEX_POINT('',#5910);
#1550=VERTEX_POINT('',#5912);
#1551=VERTEX_POINT('',#5940);
#1552=VERTEX_POINT('',#5948);
#1553=VERTEX_POINT('',#5950);
#1554=VERTEX_POINT('',#5963);
#1555=VERTEX_POINT('',#5982);
#1556=VERTEX_POINT('',#5995);
#1557=VERTEX_POINT('',#5997);
#1558=VERTEX_POINT('',#5999);
#1559=VERTEX_POINT('',#6001);
#1560=VERTEX_POINT('',#6003);
#1561=VERTEX_POINT('',#6005);
#1562=VERTEX_POINT('',#6016);
#1563=VERTEX_POINT('',#6018);
#1564=VERTEX_POINT('',#6020);
#1565=VERTEX_POINT('',#6029);
#1566=VERTEX_POINT('',#6031);
#1567=VERTEX_POINT('',#6033);
#1568=VERTEX_POINT('',#6035);
#1569=VERTEX_POINT('',#6037);
#1570=VERTEX_POINT('',#6039);
#1571=VERTEX_POINT('',#6074);
#1572=VERTEX_POINT('',#6082);
#1573=VERTEX_POINT('',#6102);
#1574=VERTEX_POINT('',#6104);
#1575=VERTEX_POINT('',#6106);
#1576=VERTEX_POINT('',#6111);
#1577=VERTEX_POINT('',#6116);
#1578=VERTEX_POINT('',#6122);
#1579=VERTEX_POINT('',#6127);
#1580=VERTEX_POINT('',#6134);
#1581=VERTEX_POINT('',#6136);
#1582=VERTEX_POINT('',#6140);
#1583=VERTEX_POINT('',#6142);
#1584=VERTEX_POINT('',#6151);
#1585=VERTEX_POINT('',#6153);
#1586=VERTEX_POINT('',#6155);
#1587=VERTEX_POINT('',#6157);
#1588=VERTEX_POINT('',#6159);
#1589=VERTEX_POINT('',#6161);
#1590=VERTEX_POINT('',#6170);
#1591=VERTEX_POINT('',#6172);
#1592=VERTEX_POINT('',#6174);
#1593=VERTEX_POINT('',#6185);
#1594=VERTEX_POINT('',#6187);
#1595=VERTEX_POINT('',#6189);
#1596=VERTEX_POINT('',#6217);
#1597=VERTEX_POINT('',#6223);
#1598=VERTEX_POINT('',#6235);
#1599=VERTEX_POINT('',#6237);
#1600=VERTEX_POINT('',#6239);
#1601=VERTEX_POINT('',#6250);
#1602=VERTEX_POINT('',#6261);
#1603=VERTEX_POINT('',#6264);
#1604=VERTEX_POINT('',#6288);
#1605=VERTEX_POINT('',#6305);
#1606=VERTEX_POINT('',#6312);
#1607=VERTEX_POINT('',#6314);
#1608=VERTEX_POINT('',#6317);
#1609=VERTEX_POINT('',#6409);
#1610=VERTEX_POINT('',#6411);
#1611=VERTEX_POINT('',#6435);
#1612=VERTEX_POINT('',#6452);
#1613=VERTEX_POINT('',#6483);
#1614=VERTEX_POINT('',#6491);
#1615=VERTEX_POINT('',#6515);
#1616=VERTEX_POINT('',#6520);
#1617=VERTEX_POINT('',#6555);
#1618=VERTEX_POINT('',#6557);
#1619=VERTEX_POINT('',#6559);
#1620=VERTEX_POINT('',#6561);
#1621=VERTEX_POINT('',#6563);
#1622=VERTEX_POINT('',#6565);
#1623=VERTEX_POINT('',#6576);
#1624=VERTEX_POINT('',#6581);
#1625=VERTEX_POINT('',#6594);
#1626=VERTEX_POINT('',#6599);
#1627=VERTEX_POINT('',#6616);
#1628=VERTEX_POINT('',#6669);
#1629=VERTEX_POINT('',#6674);
#1630=VERTEX_POINT('',#6739);
#1631=VERTEX_POINT('',#6745);
#1632=VERTEX_POINT('',#6825);
#1633=VERTEX_POINT('',#6827);
#1634=VERTEX_POINT('',#6832);
#1635=VERTEX_POINT('',#6837);
#1636=VERTEX_POINT('',#6923);
#1637=VERTEX_POINT('',#6924);
#1638=VERTEX_POINT('',#6926);
#1639=VERTEX_POINT('',#6972);
#1640=VERTEX_POINT('',#6974);
#1641=VERTEX_POINT('',#6976);
#1642=VERTEX_POINT('',#6978);
#1643=VERTEX_POINT('',#6980);
#1644=VERTEX_POINT('',#6982);
#1645=VERTEX_POINT('',#6984);
#1646=VERTEX_POINT('',#6987);
#1647=VERTEX_POINT('',#7019);
#1648=VERTEX_POINT('',#7042);
#1649=VERTEX_POINT('',#7058);
#1650=VERTEX_POINT('',#7185);
#1651=VERTEX_POINT('',#7187);
#1652=VERTEX_POINT('',#7224);
#1653=VERTEX_POINT('',#7283);
#1654=VERTEX_POINT('',#7285);
#1655=VERTEX_POINT('',#7305);
#1656=VERTEX_POINT('',#7396);
#1657=VERTEX_POINT('',#7398);
#1658=VERTEX_POINT('',#7426);
#1659=VERTEX_POINT('',#7430);
#1660=VERTEX_POINT('',#7432);
#1661=VERTEX_POINT('',#7436);
#1662=VERTEX_POINT('',#7440);
#1663=VERTEX_POINT('',#7442);
#1664=VERTEX_POINT('',#7444);
#1665=VERTEX_POINT('',#7448);
#1666=VERTEX_POINT('',#7450);
#1667=VERTEX_POINT('',#7454);
#1668=VERTEX_POINT('',#7456);
#1669=VERTEX_POINT('',#7462);
#1670=VERTEX_POINT('',#7464);
#1671=VERTEX_POINT('',#7466);
#1672=VERTEX_POINT('',#7470);
#1673=VERTEX_POINT('',#7481);
#1674=VERTEX_POINT('',#7490);
#1675=VERTEX_POINT('',#7492);
#1676=VERTEX_POINT('',#7494);
#1677=VERTEX_POINT('',#7496);
#1678=VERTEX_POINT('',#7498);
#1679=VERTEX_POINT('',#7500);
#1680=VERTEX_POINT('',#7503);
#1681=VERTEX_POINT('',#7505);
#1682=VERTEX_POINT('',#7508);
#1683=VERTEX_POINT('',#7510);
#1684=VERTEX_POINT('',#7514);
#1685=VERTEX_POINT('',#7521);
#1686=VERTEX_POINT('',#7534);
#1687=VERTEX_POINT('',#7535);
#1688=VERTEX_POINT('',#7542);
#1689=VERTEX_POINT('',#7544);
#1690=VERTEX_POINT('',#7557);
#1691=VERTEX_POINT('',#7559);
#1692=VERTEX_POINT('',#7561);
#1693=VERTEX_POINT('',#7563);
#1694=VERTEX_POINT('',#7565);
#1695=VERTEX_POINT('',#7568);
#1696=VERTEX_POINT('',#7570);
#1697=VERTEX_POINT('',#7573);
#1698=VERTEX_POINT('',#7575);
#1699=VERTEX_POINT('',#7606);
#1700=VERTEX_POINT('',#7620);
#1701=VERTEX_POINT('',#7630);
#1702=VERTEX_POINT('',#7664);
#1703=VERTEX_POINT('',#7668);
#1704=VERTEX_POINT('',#7699);
#1705=VERTEX_POINT('',#7935);
#1706=VERTEX_POINT('',#7948);
#1707=VERTEX_POINT('',#7989);
#1708=VERTEX_POINT('',#8034);
#1709=VERTEX_POINT('',#8035);
#1710=VERTEX_POINT('',#8040);
#1711=VERTEX_POINT('',#8041);
#1712=VERTEX_POINT('',#8315);
#1713=VERTEX_POINT('',#8316);
#1714=VERTEX_POINT('',#8349);
#1715=VERTEX_POINT('',#8351);
#1716=VERTEX_POINT('',#8411);
#1717=VERTEX_POINT('',#8412);
#1718=VERTEX_POINT('',#8484);
#1719=VERTEX_POINT('',#8544);
#1720=VERTEX_POINT('',#8545);
#1721=VERTEX_POINT('',#8598);
#1722=VERTEX_POINT('',#8599);
#1723=VERTEX_POINT('',#8604);
#1724=VERTEX_POINT('',#8605);
#1725=VERTEX_POINT('',#8843);
#1726=VERTEX_POINT('',#9101);
#1727=VERTEX_POINT('',#9142);
#1728=VERTEX_POINT('',#9186);
#1729=VERTEX_POINT('',#9187);
#1730=VERTEX_POINT('',#9221);
#1731=VERTEX_POINT('',#9223);
#1732=VERTEX_POINT('',#9284);
#1733=VERTEX_POINT('',#9285);
#1734=VERTEX_POINT('',#9339);
#1735=VERTEX_POINT('',#9420);
#1736=VERTEX_POINT('',#9421);
#1737=VERTEX_POINT('',#9479);
#1738=VERTEX_POINT('',#9483);
#1739=VERTEX_POINT('',#9498);
#1740=VERTEX_POINT('',#9502);
#1741=VERTEX_POINT('',#9504);
#1742=VERTEX_POINT('',#9509);
#1743=VERTEX_POINT('',#9511);
#1744=VERTEX_POINT('',#9513);
#1745=VERTEX_POINT('',#9515);
#1746=VERTEX_POINT('',#9517);
#1747=VERTEX_POINT('',#9558);
#1748=VERTEX_POINT('',#9560);
#1749=VERTEX_POINT('',#9595);
#1750=VERTEX_POINT('',#9663);
#1751=VERTEX_POINT('',#9664);
#1752=VERTEX_POINT('',#9687);
#1753=VERTEX_POINT('',#9688);
#1754=VERTEX_POINT('',#9693);
#1755=VERTEX_POINT('',#9695);
#1756=VERTEX_POINT('',#9697);
#1757=VERTEX_POINT('',#9699);
#1758=VERTEX_POINT('',#9706);
#1759=VERTEX_POINT('',#9708);
#1760=VERTEX_POINT('',#9756);
#1761=VERTEX_POINT('',#9811);
#1762=VERTEX_POINT('',#9846);
#1763=VERTEX_POINT('',#9896);
#1764=VERTEX_POINT('',#9901);
#1765=VERTEX_POINT('',#9903);
#1766=VERTEX_POINT('',#9907);
#1767=VERTEX_POINT('',#9911);
#1768=VERTEX_POINT('',#9918);
#1769=VERTEX_POINT('',#9920);
#1770=EDGE_CURVE('',#1412,#1413,#1260,.T.);
#1771=EDGE_CURVE('',#1412,#1414,#778,.T.);
#1772=EDGE_CURVE('',#1414,#1415,#1261,.T.);
#1773=EDGE_CURVE('',#1415,#1413,#779,.T.);
#1774=EDGE_CURVE('',#1416,#1415,#780,.T.);
#1775=EDGE_CURVE('',#1417,#1416,#247,.T.);
#1776=EDGE_CURVE('',#1418,#1417,#100,.T.);
#1777=EDGE_CURVE('',#1418,#1413,#781,.T.);
#1778=EDGE_CURVE('',#1419,#1420,#1262,.T.);
#1779=EDGE_CURVE('',#1419,#1421,#782,.T.);
#1780=EDGE_CURVE('',#1421,#1422,#1263,.T.);
#1781=EDGE_CURVE('',#1422,#1420,#783,.T.);
#1782=EDGE_CURVE('',#1419,#1423,#784,.T.);
#1783=EDGE_CURVE('',#1424,#1423,#101,.T.);
#1784=EDGE_CURVE('',#1425,#1424,#248,.T.);
#1785=EDGE_CURVE('',#1421,#1425,#785,.T.);
#1786=EDGE_CURVE('',#1426,#1427,#786,.T.);
#1787=EDGE_CURVE('',#1428,#1426,#1264,.T.);
#1788=EDGE_CURVE('',#1429,#1428,#787,.T.);
#1789=EDGE_CURVE('',#1427,#1429,#1265,.T.);
#1790=EDGE_CURVE('',#1430,#1420,#788,.T.);
#1791=EDGE_CURVE('',#1431,#1430,#1266,.T.);
#1792=EDGE_CURVE('',#1432,#1431,#789,.T.);
#1793=EDGE_CURVE('',#1433,#1432,#1267,.T.);
#1794=EDGE_CURVE('',#1423,#1433,#102,.T.);
#1795=EDGE_CURVE('',#1434,#1435,#790,.T.);
#1796=EDGE_CURVE('',#1434,#1436,#791,.T.);
#1797=EDGE_CURVE('',#1436,#1437,#792,.T.);
#1798=EDGE_CURVE('',#1435,#1437,#793,.T.);
#1799=EDGE_CURVE('',#1438,#1439,#1268,.T.);
#1800=EDGE_CURVE('',#1438,#1440,#794,.T.);
#1801=EDGE_CURVE('',#1440,#1441,#1269,.T.);
#1802=EDGE_CURVE('',#1439,#1441,#795,.T.);
#1803=EDGE_CURVE('',#1442,#1434,#1270,.T.);
#1804=EDGE_CURVE('',#1443,#1442,#796,.T.);
#1805=EDGE_CURVE('',#1443,#1436,#1271,.T.);
#1806=EDGE_CURVE('',#1444,#1426,#797,.T.);
#1807=EDGE_CURVE('',#1445,#1444,#1272,.T.);
#1808=EDGE_CURVE('',#1428,#1445,#798,.T.);
#1809=EDGE_CURVE('',#1412,#1440,#799,.T.);
#1810=EDGE_CURVE('',#1414,#1438,#800,.T.);
#1811=EDGE_CURVE('',#1446,#1418,#103,.T.);
#1812=EDGE_CURVE('',#1447,#1446,#1273,.T.);
#1813=EDGE_CURVE('',#1441,#1447,#801,.T.);
#1814=EDGE_CURVE('',#1448,#1443,#802,.T.);
#1815=EDGE_CURVE('',#1437,#1448,#1274,.T.);
#1816=EDGE_CURVE('',#1449,#1445,#803,.T.);
#1817=EDGE_CURVE('',#1429,#1449,#804,.T.);
#1818=EDGE_CURVE('',#1450,#1451,#1275,.T.);
#1819=EDGE_CURVE('',#1431,#1450,#805,.T.);
#1820=EDGE_CURVE('',#1430,#1451,#806,.T.);
#1821=EDGE_CURVE('',#1451,#1422,#807,.T.);
#1822=EDGE_CURVE('',#1424,#1452,#104,.T.);
#1823=EDGE_CURVE('',#1452,#1453,#808,.T.);
#1824=EDGE_CURVE('',#1454,#1453,#105,.T.);
#1825=EDGE_CURVE('',#1454,#1425,#809,.T.);
#1826=EDGE_CURVE('',#1455,#1432,#810,.T.);
#1827=EDGE_CURVE('',#1456,#1455,#1276,.T.);
#1828=EDGE_CURVE('',#1456,#1433,#811,.T.);
#1829=EDGE_CURVE('',#1457,#1427,#812,.T.);
#1830=EDGE_CURVE('',#1458,#1457,#106,.T.);
#1831=EDGE_CURVE('',#1459,#1458,#813,.T.);
#1832=EDGE_CURVE('',#1460,#1459,#814,.T.);
#1833=EDGE_CURVE('',#1460,#1444,#815,.T.);
#1834=EDGE_CURVE('',#1449,#1461,#1277,.T.);
#1835=EDGE_CURVE('',#1462,#1461,#816,.T.);
#1836=EDGE_CURVE('',#1457,#1462,#1278,.T.);
#1837=EDGE_CURVE('',#1448,#1463,#817,.T.);
#1838=EDGE_CURVE('',#1464,#1463,#1279,.T.);
#1839=EDGE_CURVE('',#1465,#1464,#818,.T.);
#1840=EDGE_CURVE('',#1465,#1435,#1280,.T.);
#1841=EDGE_CURVE('',#1442,#1466,#819,.T.);
#1842=EDGE_CURVE('',#1467,#1466,#820,.T.);
#1843=EDGE_CURVE('',#1467,#1468,#821,.T.);
#1844=EDGE_CURVE('',#1463,#1468,#107,.T.);
#1845=EDGE_CURVE('',#1447,#1469,#822,.T.);
#1846=EDGE_CURVE('',#1470,#1469,#108,.T.);
#1847=EDGE_CURVE('',#1470,#1471,#823,.T.);
#1848=EDGE_CURVE('',#1471,#1472,#824,.T.);
#1849=EDGE_CURVE('',#1472,#1439,#825,.T.);
#1850=EDGE_CURVE('',#1446,#1473,#826,.T.);
#1851=EDGE_CURVE('',#1469,#1473,#1281,.T.);
#1852=EDGE_CURVE('',#1474,#1456,#109,.T.);
#1853=EDGE_CURVE('',#1475,#1474,#110,.T.);
#1854=EDGE_CURVE('',#1475,#1476,#111,.T.);
#1855=EDGE_CURVE('',#1476,#1477,#112,.T.);
#1856=EDGE_CURVE('',#1477,#1478,#113,.T.);
#1857=EDGE_CURVE('',#1479,#1478,#114,.T.);
#1858=EDGE_CURVE('',#1473,#1479,#115,.T.);
#1859=EDGE_CURVE('',#1480,#1417,#116,.T.);
#1860=EDGE_CURVE('',#1480,#1452,#117,.T.);
#1861=EDGE_CURVE('',#1481,#1482,#827,.T.);
#1862=EDGE_CURVE('',#1483,#1481,#828,.T.);
#1863=EDGE_CURVE('',#1483,#1484,#829,.T.);
#1864=EDGE_CURVE('',#1484,#1482,#830,.T.);
#1865=EDGE_CURVE('',#1482,#1485,#831,.T.);
#1866=EDGE_CURVE('',#1484,#1486,#832,.T.);
#1867=EDGE_CURVE('',#1486,#1485,#833,.T.);
#1868=EDGE_CURVE('',#1485,#1487,#834,.T.);
#1869=EDGE_CURVE('',#1486,#1488,#835,.T.);
#1870=EDGE_CURVE('',#1488,#1487,#836,.T.);
#1871=EDGE_CURVE('',#1487,#1489,#837,.T.);
#1872=EDGE_CURVE('',#1488,#1490,#838,.T.);
#1873=EDGE_CURVE('',#1490,#1489,#839,.T.);
#1874=EDGE_CURVE('',#1491,#1481,#840,.T.);
#1875=EDGE_CURVE('',#1491,#1492,#841,.T.);
#1876=EDGE_CURVE('',#1492,#1483,#842,.T.);
#1877=EDGE_CURVE('',#1489,#1491,#843,.T.);
#1878=EDGE_CURVE('',#1490,#1492,#844,.T.);
#1879=EDGE_CURVE('',#1493,#1494,#845,.T.);
#1880=EDGE_CURVE('',#1493,#1495,#846,.T.);
#1881=EDGE_CURVE('',#1495,#1496,#847,.T.);
#1882=EDGE_CURVE('',#1496,#1494,#848,.T.);
#1883=EDGE_CURVE('',#1494,#1497,#849,.T.);
#1884=EDGE_CURVE('',#1496,#1498,#850,.T.);
#1885=EDGE_CURVE('',#1498,#1497,#851,.T.);
#1886=EDGE_CURVE('',#1497,#1499,#852,.T.);
#1887=EDGE_CURVE('',#1498,#1500,#853,.T.);
#1888=EDGE_CURVE('',#1500,#1499,#854,.T.);
#1889=EDGE_CURVE('',#1499,#1493,#855,.T.);
#1890=EDGE_CURVE('',#1500,#1495,#856,.T.);
#1891=EDGE_CURVE('',#1501,#1502,#857,.T.);
#1892=EDGE_CURVE('',#1501,#1503,#858,.T.);
#1893=EDGE_CURVE('',#1503,#1504,#859,.T.);
#1894=EDGE_CURVE('',#1504,#1502,#860,.T.);
#1895=EDGE_CURVE('',#1502,#1505,#861,.T.);
#1896=EDGE_CURVE('',#1504,#1506,#862,.T.);
#1897=EDGE_CURVE('',#1506,#1505,#863,.T.);
#1898=EDGE_CURVE('',#1505,#1507,#864,.T.);
#1899=EDGE_CURVE('',#1506,#1508,#865,.T.);
#1900=EDGE_CURVE('',#1508,#1507,#866,.T.);
#1901=EDGE_CURVE('',#1507,#1501,#867,.T.);
#1902=EDGE_CURVE('',#1508,#1503,#868,.T.);
#1903=EDGE_CURVE('',#1509,#1510,#118,.T.);
#1904=EDGE_CURVE('',#1510,#1511,#119,.T.);
#1905=EDGE_CURVE('',#1511,#1512,#1282,.T.);
#1906=EDGE_CURVE('',#1512,#1509,#120,.T.);
#1907=EDGE_CURVE('',#1513,#1514,#1283,.T.);
#1908=EDGE_CURVE('',#1514,#1515,#1284,.T.);
#1909=EDGE_CURVE('',#1515,#1516,#1285,.T.);
#1910=EDGE_CURVE('',#1516,#1513,#1286,.T.);
#1911=EDGE_CURVE('',#1517,#1518,#1287,.T.);
#1912=EDGE_CURVE('',#1518,#1516,#1288,.T.);
#1913=EDGE_CURVE('',#1515,#1517,#1289,.T.);
#1914=EDGE_CURVE('',#1519,#1520,#121,.T.);
#1915=EDGE_CURVE('',#1520,#1518,#122,.T.);
#1916=EDGE_CURVE('',#1517,#1519,#123,.T.);
#1917=EDGE_CURVE('',#1513,#1512,#1290,.T.);
#1918=EDGE_CURVE('',#1511,#1514,#1291,.T.);
#1919=EDGE_CURVE('',#1510,#1521,#124,.T.);
#1920=EDGE_CURVE('',#1521,#1522,#1292,.T.);
#1921=EDGE_CURVE('',#1522,#1511,#125,.T.);
#1922=EDGE_CURVE('',#1513,#1476,#869,.T.);
#1923=EDGE_CURVE('',#1523,#1475,#126,.T.);
#1924=EDGE_CURVE('',#1509,#1523,#870,.T.);
#1925=EDGE_CURVE('',#1516,#1477,#871,.T.);
#1926=EDGE_CURVE('',#1524,#1525,#1293,.T.);
#1927=EDGE_CURVE('',#1525,#1526,#1294,.T.);
#1928=EDGE_CURVE('',#1526,#1527,#1295,.T.);
#1929=EDGE_CURVE('',#1527,#1524,#1296,.T.);
#1930=EDGE_CURVE('',#1528,#1529,#1297,.T.);
#1931=EDGE_CURVE('',#1529,#1527,#1298,.T.);
#1932=EDGE_CURVE('',#1526,#1528,#1299,.T.);
#1933=EDGE_CURVE('',#1530,#1531,#1300,.T.);
#1934=EDGE_CURVE('',#1531,#1529,#1301,.T.);
#1935=EDGE_CURVE('',#1528,#1530,#1302,.T.);
#1936=EDGE_CURVE('',#1532,#1533,#127,.T.);
#1937=EDGE_CURVE('',#1533,#1531,#128,.T.);
#1938=EDGE_CURVE('',#1530,#1532,#129,.T.);
#1939=EDGE_CURVE('',#1534,#1535,#130,.T.);
#1940=EDGE_CURVE('',#1535,#1525,#131,.T.);
#1941=EDGE_CURVE('',#1524,#1534,#132,.T.);
#1942=EDGE_CURVE('',#1536,#1525,#133,.T.);
#1943=EDGE_CURVE('',#1537,#1536,#1303,.T.);
#1944=EDGE_CURVE('',#1537,#1538,#872,.T.);
#1945=EDGE_CURVE('',#1539,#1538,#1304,.T.);
#1946=EDGE_CURVE('',#1539,#1540,#1305,.T.);
#1947=EDGE_CURVE('',#1541,#1540,#134,.T.);
#1948=EDGE_CURVE('',#1542,#1541,#135,.T.);
#1949=EDGE_CURVE('',#1542,#1543,#1306,.T.);
#1950=EDGE_CURVE('',#1544,#1543,#1307,.T.);
#1951=EDGE_CURVE('',#1544,#1545,#873,.T.);
#1952=EDGE_CURVE('',#1546,#1545,#1308,.T.);
#1953=EDGE_CURVE('',#1530,#1546,#136,.T.);
#1954=EDGE_CURVE('',#1547,#1548,#1309,.T.);
#1955=EDGE_CURVE('',#1547,#1549,#874,.T.);
#1956=EDGE_CURVE('',#1549,#1550,#1310,.T.);
#1957=EDGE_CURVE('',#1550,#1548,#875,.T.);
#1958=EDGE_CURVE('',#1535,#1551,#137,.T.);
#1959=EDGE_CURVE('',#1551,#1536,#1311,.T.);
#1960=EDGE_CURVE('',#1527,#1552,#876,.T.);
#1961=EDGE_CURVE('',#1553,#1552,#138,.T.);
#1962=EDGE_CURVE('',#1554,#1553,#139,.T.);
#1963=EDGE_CURVE('',#1534,#1554,#877,.T.);
#1964=EDGE_CURVE('',#1555,#1537,#140,.T.);
#1965=EDGE_CURVE('',#1551,#1555,#1312,.T.);
#1966=EDGE_CURVE('',#1556,#1555,#878,.T.);
#1967=EDGE_CURVE('',#1557,#1556,#879,.T.);
#1968=EDGE_CURVE('',#1557,#1558,#880,.T.);
#1969=EDGE_CURVE('',#1559,#1558,#881,.T.);
#1970=EDGE_CURVE('',#1560,#1559,#882,.T.);
#1971=EDGE_CURVE('',#1561,#1560,#141,.T.);
#1972=EDGE_CURVE('',#1562,#1561,#883,.T.);
#1973=EDGE_CURVE('',#1563,#1562,#884,.T.);
#1974=EDGE_CURVE('',#1564,#1563,#142,.F.);
#1975=EDGE_CURVE('',#1564,#1565,#885,.T.);
#1976=EDGE_CURVE('',#1565,#1566,#886,.T.);
#1977=EDGE_CURVE('',#1567,#1566,#887,.T.);
#1978=EDGE_CURVE('',#1567,#1568,#888,.T.);
#1979=EDGE_CURVE('',#1568,#1569,#889,.T.);
#1980=EDGE_CURVE('',#1570,#1569,#143,.F.);
#1981=EDGE_CURVE('',#1538,#1570,#890,.T.);
#1982=EDGE_CURVE('',#1546,#1571,#1313,.T.);
#1983=EDGE_CURVE('',#1571,#1532,#144,.T.);
#1984=EDGE_CURVE('',#1545,#1572,#145,.T.);
#1985=EDGE_CURVE('',#1572,#1571,#1314,.T.);
#1986=EDGE_CURVE('',#1573,#1533,#891,.T.);
#1987=EDGE_CURVE('',#1571,#1574,#892,.T.);
#1988=EDGE_CURVE('',#1574,#1575,#146,.T.);
#1989=EDGE_CURVE('',#1575,#1576,#147,.T.);
#1990=EDGE_CURVE('',#1576,#1577,#148,.T.);
#1991=EDGE_CURVE('',#1577,#1521,#893,.T.);
#1992=EDGE_CURVE('',#1578,#1523,#149,.T.);
#1993=EDGE_CURVE('',#1579,#1578,#894,.T.);
#1994=EDGE_CURVE('',#1573,#1579,#150,.T.);
#1995=EDGE_CURVE('',#1572,#1580,#895,.T.);
#1996=EDGE_CURVE('',#1581,#1580,#249,.T.);
#1997=EDGE_CURVE('',#1581,#1574,#1315,.T.);
#1998=EDGE_CURVE('',#1582,#1544,#896,.T.);
#1999=EDGE_CURVE('',#1583,#1582,#151,.F.);
#2000=EDGE_CURVE('',#1583,#1584,#897,.T.);
#2001=EDGE_CURVE('',#1584,#1585,#898,.T.);
#2002=EDGE_CURVE('',#1585,#1586,#899,.T.);
#2003=EDGE_CURVE('',#1586,#1587,#900,.T.);
#2004=EDGE_CURVE('',#1587,#1588,#901,.T.);
#2005=EDGE_CURVE('',#1589,#1588,#152,.F.);
#2006=EDGE_CURVE('',#1590,#1589,#902,.T.);
#2007=EDGE_CURVE('',#1591,#1590,#903,.T.);
#2008=EDGE_CURVE('',#1592,#1591,#153,.T.);
#2009=EDGE_CURVE('',#1593,#1592,#904,.T.);
#2010=EDGE_CURVE('',#1594,#1593,#905,.T.);
#2011=EDGE_CURVE('',#1594,#1595,#906,.T.);
#2012=EDGE_CURVE('',#1580,#1595,#907,.T.);
#2013=EDGE_CURVE('',#1517,#1596,#154,.T.);
#2014=EDGE_CURVE('',#1596,#1597,#1316,.T.);
#2015=EDGE_CURVE('',#1597,#1519,#155,.T.);
#2016=EDGE_CURVE('',#1560,#1597,#1317,.T.);
#2017=EDGE_CURVE('',#1596,#1561,#1318,.T.);
#2018=EDGE_CURVE('',#1591,#1522,#1319,.T.);
#2019=EDGE_CURVE('',#1598,#1590,#1320,.T.);
#2020=EDGE_CURVE('',#1598,#1599,#1321,.T.);
#2021=EDGE_CURVE('',#1600,#1599,#156,.T.);
#2022=EDGE_CURVE('',#1601,#1600,#157,.T.);
#2023=EDGE_CURVE('',#1601,#1602,#1322,.T.);
#2024=EDGE_CURVE('',#1562,#1602,#1323,.T.);
#2025=EDGE_CURVE('',#1603,#1603,#1324,.T.);
#2026=EDGE_CURVE('',#1521,#1592,#1325,.T.);
#2027=EDGE_CURVE('',#1604,#1573,#158,.T.);
#2028=EDGE_CURVE('',#1579,#1605,#1326,.T.);
#2029=EDGE_CURVE('',#1605,#1604,#159,.T.);
#2030=EDGE_CURVE('',#1462,#1606,#1327,.T.);
#2031=EDGE_CURVE('',#1606,#1607,#1328,.T.);
#2032=EDGE_CURVE('',#1607,#1456,#1329,.T.);
#2033=EDGE_CURVE('',#1455,#1608,#160,.T.);
#2034=EDGE_CURVE('',#1608,#1458,#1330,.T.);
#2035=EDGE_CURVE('',#1607,#1578,#161,.T.);
#2036=EDGE_CURVE('',#1578,#1474,#1331,.T.);
#2037=EDGE_CURVE('',#1462,#1605,#162,.T.);
#2038=EDGE_CURVE('',#1579,#1606,#163,.T.);
#2039=EDGE_CURVE('',#1450,#1609,#908,.T.);
#2040=EDGE_CURVE('',#1609,#1610,#909,.T.);
#2041=EDGE_CURVE('',#1608,#1610,#910,.T.);
#2042=EDGE_CURVE('',#1478,#1611,#164,.T.);
#2043=EDGE_CURVE('',#1611,#1612,#165,.T.);
#2044=EDGE_CURVE('',#1612,#1479,#1332,.T.);
#2045=EDGE_CURVE('',#1612,#1613,#166,.T.);
#2046=EDGE_CURVE('',#1613,#1473,#1333,.T.);
#2047=EDGE_CURVE('',#1613,#1614,#1334,.T.);
#2048=EDGE_CURVE('',#1614,#1464,#1335,.T.);
#2049=EDGE_CURVE('',#1468,#1470,#1336,.T.);
#2050=EDGE_CURVE('',#1553,#1615,#167,.T.);
#2051=EDGE_CURVE('',#1615,#1616,#1337,.T.);
#2052=EDGE_CURVE('',#1616,#1554,#168,.T.);
#2053=EDGE_CURVE('',#1615,#1464,#169,.T.);
#2054=EDGE_CURVE('',#1614,#1616,#170,.T.);
#2055=EDGE_CURVE('',#1467,#1617,#911,.T.);
#2056=EDGE_CURVE('',#1617,#1618,#1338,.T.);
#2057=EDGE_CURVE('',#1618,#1619,#912,.T.);
#2058=EDGE_CURVE('',#1619,#1620,#1339,.T.);
#2059=EDGE_CURVE('',#1620,#1621,#913,.T.);
#2060=EDGE_CURVE('',#1621,#1622,#1340,.T.);
#2061=EDGE_CURVE('',#1622,#1471,#914,.T.);
#2062=EDGE_CURVE('',#1461,#1623,#171,.T.);
#2063=EDGE_CURVE('',#1624,#1623,#172,.T.);
#2064=EDGE_CURVE('',#1624,#1625,#173,.T.);
#2065=EDGE_CURVE('',#1626,#1625,#174,.T.);
#2066=EDGE_CURVE('',#1626,#1465,#175,.T.);
#2067=EDGE_CURVE('',#1552,#1627,#176,.T.);
#2068=EDGE_CURVE('',#1627,#1604,#177,.T.);
#2069=EDGE_CURVE('',#1529,#1627,#915,.T.);
#2070=EDGE_CURVE('',#1547,#1548,#178,.T.);
#2071=EDGE_CURVE('',#1550,#1628,#179,.T.);
#2072=EDGE_CURVE('',#1629,#1628,#180,.T.);
#2073=EDGE_CURVE('',#1630,#1629,#181,.T.);
#2074=EDGE_CURVE('',#1631,#1630,#182,.T.);
#2075=EDGE_CURVE('',#1631,#1549,#183,.T.);
#2076=EDGE_CURVE('',#1611,#1520,#916,.T.);
#2077=EDGE_CURVE('',#1616,#1612,#917,.T.);
#2078=EDGE_CURVE('',#1597,#1632,#918,.T.);
#2079=EDGE_CURVE('',#1632,#1633,#184,.T.);
#2080=EDGE_CURVE('',#1633,#1634,#185,.T.);
#2081=EDGE_CURVE('',#1634,#1635,#186,.T.);
#2082=EDGE_CURVE('',#1635,#1551,#919,.T.);
#2083=EDGE_CURVE('',#1636,#1637,#920,.T.);
#2084=EDGE_CURVE('',#1637,#1638,#187,.T.);
#2085=EDGE_CURVE('',#1638,#1637,#188,.T.);
#2086=EDGE_CURVE('',#1636,#1636,#189,.T.);
#2087=EDGE_CURVE('',#1453,#1639,#1341,.T.);
#2088=EDGE_CURVE('',#1453,#1640,#921,.T.);
#2089=EDGE_CURVE('',#1641,#1640,#1342,.T.);
#2090=EDGE_CURVE('',#1642,#1641,#1343,.T.);
#2091=EDGE_CURVE('',#1643,#1642,#1344,.T.);
#2092=EDGE_CURVE('',#1644,#1643,#922,.T.);
#2093=EDGE_CURVE('',#1645,#1644,#1345,.T.);
#2094=EDGE_CURVE('',#1639,#1645,#1346,.T.);
#2095=EDGE_CURVE('',#1646,#1646,#190,.T.);
#2096=EDGE_CURVE('',#1647,#1647,#191,.T.);
#2097=EDGE_CURVE('',#1648,#1648,#192,.T.);
#2098=EDGE_CURVE('',#1638,#1649,#923,.T.);
#2099=EDGE_CURVE('',#1649,#1649,#1347,.T.);
#2100=EDGE_CURVE('',#1646,#1650,#924,.T.);
#2101=EDGE_CURVE('',#1650,#1651,#193,.T.);
#2102=EDGE_CURVE('',#1651,#1650,#194,.T.);
#2103=EDGE_CURVE('',#1651,#1652,#925,.T.);
#2104=EDGE_CURVE('',#1652,#1652,#1348,.T.);
#2105=EDGE_CURVE('',#1648,#1653,#926,.T.);
#2106=EDGE_CURVE('',#1653,#1654,#195,.T.);
#2107=EDGE_CURVE('',#1654,#1653,#196,.T.);
#2108=EDGE_CURVE('',#1654,#1655,#927,.T.);
#2109=EDGE_CURVE('',#1655,#1655,#1349,.T.);
#2110=EDGE_CURVE('',#1647,#1656,#928,.T.);
#2111=EDGE_CURVE('',#1656,#1657,#197,.T.);
#2112=EDGE_CURVE('',#1657,#1656,#198,.T.);
#2113=EDGE_CURVE('',#1657,#1658,#929,.T.);
#2114=EDGE_CURVE('',#1658,#1658,#1350,.T.);
#2115=EDGE_CURVE('',#1556,#1659,#250,.T.);
#2116=EDGE_CURVE('',#1659,#1660,#930,.T.);
#2117=EDGE_CURVE('',#1660,#1557,#251,.F.);
#2118=EDGE_CURVE('',#1595,#1661,#252,.F.);
#2119=EDGE_CURVE('',#1661,#1581,#931,.T.);
#2120=EDGE_CURVE('',#1661,#1662,#1351,.T.);
#2121=EDGE_CURVE('',#1663,#1662,#932,.T.);
#2122=EDGE_CURVE('',#1663,#1664,#1352,.T.);
#2123=EDGE_CURVE('',#1664,#1575,#933,.T.);
#2124=EDGE_CURVE('',#1593,#1665,#253,.T.);
#2125=EDGE_CURVE('',#1665,#1666,#934,.T.);
#2126=EDGE_CURVE('',#1666,#1594,#254,.F.);
#2127=EDGE_CURVE('',#1667,#1559,#255,.T.);
#2128=EDGE_CURVE('',#1558,#1668,#256,.F.);
#2129=EDGE_CURVE('',#1668,#1667,#935,.T.);
#2130=EDGE_CURVE('',#1667,#1632,#1353,.T.);
#2131=EDGE_CURVE('',#1669,#1668,#1354,.T.);
#2132=EDGE_CURVE('',#1670,#1669,#936,.T.);
#2133=EDGE_CURVE('',#1671,#1670,#1355,.T.);
#2134=EDGE_CURVE('',#1633,#1671,#937,.T.);
#2135=EDGE_CURVE('',#1669,#1672,#199,.F.);
#2136=EDGE_CURVE('',#1672,#1673,#938,.T.);
#2137=EDGE_CURVE('',#1673,#1670,#200,.F.);
#2138=EDGE_CURVE('',#1674,#1626,#939,.T.);
#2139=EDGE_CURVE('',#1675,#1674,#1356,.T.);
#2140=EDGE_CURVE('',#1675,#1676,#940,.T.);
#2141=EDGE_CURVE('',#1677,#1676,#941,.T.);
#2142=EDGE_CURVE('',#1677,#1678,#942,.T.);
#2143=EDGE_CURVE('',#1679,#1678,#1357,.T.);
#2144=EDGE_CURVE('',#1416,#1679,#943,.T.);
#2145=EDGE_CURVE('',#1680,#1472,#944,.T.);
#2146=EDGE_CURVE('',#1681,#1680,#1358,.T.);
#2147=EDGE_CURVE('',#1466,#1681,#945,.T.);
#2148=EDGE_CURVE('',#1682,#1673,#946,.T.);
#2149=EDGE_CURVE('',#1683,#1672,#947,.T.);
#2150=EDGE_CURVE('',#1682,#1683,#948,.T.);
#2151=EDGE_CURVE('',#1684,#1682,#201,.F.);
#2152=EDGE_CURVE('',#1683,#1685,#202,.F.);
#2153=EDGE_CURVE('',#1685,#1684,#949,.T.);
#2154=EDGE_CURVE('',#1686,#1687,#203,.F.);
#2155=EDGE_CURVE('',#1687,#1688,#950,.T.);
#2156=EDGE_CURVE('',#1688,#1689,#204,.F.);
#2157=EDGE_CURVE('',#1689,#1686,#951,.T.);
#2158=EDGE_CURVE('',#1690,#1454,#1359,.T.);
#2159=EDGE_CURVE('',#1691,#1690,#952,.T.);
#2160=EDGE_CURVE('',#1691,#1692,#953,.T.);
#2161=EDGE_CURVE('',#1693,#1692,#954,.T.);
#2162=EDGE_CURVE('',#1694,#1693,#1360,.T.);
#2163=EDGE_CURVE('',#1623,#1694,#955,.T.);
#2164=EDGE_CURVE('',#1695,#1460,#956,.T.);
#2165=EDGE_CURVE('',#1696,#1695,#1361,.T.);
#2166=EDGE_CURVE('',#1609,#1696,#957,.T.);
#2167=EDGE_CURVE('',#1688,#1697,#958,.T.);
#2168=EDGE_CURVE('',#1698,#1687,#959,.T.);
#2169=EDGE_CURVE('',#1697,#1698,#960,.T.);
#2170=EDGE_CURVE('',#1662,#1697,#205,.F.);
#2171=EDGE_CURVE('',#1698,#1663,#206,.F.);
#2172=EDGE_CURVE('',#1639,#1690,#207,.T.);
#2173=EDGE_CURVE('',#1639,#1699,#961,.T.);
#2174=EDGE_CURVE('',#1699,#1691,#962,.T.);
#2175=EDGE_CURVE('',#1693,#1645,#208,.T.);
#2176=EDGE_CURVE('',#1692,#1700,#963,.T.);
#2177=EDGE_CURVE('',#1700,#1645,#964,.T.);
#2178=EDGE_CURVE('',#1700,#1699,#965,.T.);
#2179=EDGE_CURVE('',#1689,#1666,#1362,.T.);
#2180=EDGE_CURVE('',#1577,#1665,#1363,.T.);
#2181=EDGE_CURVE('',#1576,#1701,#966,.T.);
#2182=EDGE_CURVE('',#1701,#1686,#1364,.T.);
#2183=EDGE_CURVE('',#1664,#1701,#967,.T.);
#2184=EDGE_CURVE('',#1694,#1644,#209,.T.);
#2185=EDGE_CURVE('',#1642,#1675,#210,.T.);
#2186=EDGE_CURVE('',#1702,#1642,#968,.T.);
#2187=EDGE_CURVE('',#1676,#1702,#969,.T.);
#2188=EDGE_CURVE('',#1702,#1703,#970,.T.);
#2189=EDGE_CURVE('',#1703,#1677,#971,.T.);
#2190=EDGE_CURVE('',#1678,#1641,#211,.T.);
#2191=EDGE_CURVE('',#1641,#1703,#972,.T.);
#2192=EDGE_CURVE('',#1674,#1643,#212,.T.);
#2193=EDGE_CURVE('',#1704,#1671,#973,.T.);
#2194=EDGE_CURVE('',#1704,#1634,#974,.T.);
#2195=EDGE_CURVE('',#1635,#1659,#1365,.T.);
#2196=EDGE_CURVE('',#1684,#1704,#1366,.T.);
#2197=EDGE_CURVE('',#1660,#1685,#1367,.T.);
#2198=EDGE_CURVE('',#1679,#1640,#213,.T.);
#2199=EDGE_CURVE('',#1600,#1705,#214,.T.);
#2200=EDGE_CURVE('',#1705,#1706,#215,.T.);
#2201=EDGE_CURVE('',#1706,#1707,#1368,.T.);
#2202=EDGE_CURVE('',#1707,#1601,#216,.T.);
#2203=EDGE_CURVE('',#1708,#1709,#1369,.T.);
#2204=EDGE_CURVE('',#1709,#1589,#1370,.T.);
#2205=EDGE_CURVE('',#1588,#1708,#1371,.T.);
#2206=EDGE_CURVE('',#1710,#1711,#1372,.T.);
#2207=EDGE_CURVE('',#1711,#1709,#1373,.T.);
#2208=EDGE_CURVE('',#1708,#1710,#1374,.T.);
#2209=EDGE_CURVE('',#1599,#1711,#217,.T.);
#2210=EDGE_CURVE('',#1710,#1705,#218,.T.);
#2211=EDGE_CURVE('',#1712,#1713,#1375,.T.);
#2212=EDGE_CURVE('',#1713,#1707,#1376,.T.);
#2213=EDGE_CURVE('',#1706,#1712,#1377,.T.);
#2214=EDGE_CURVE('',#1563,#1713,#1378,.T.);
#2215=EDGE_CURVE('',#1712,#1564,#1379,.T.);
#2216=EDGE_CURVE('',#1602,#1713,#975,.T.);
#2217=EDGE_CURVE('',#1565,#1706,#976,.T.);
#2218=EDGE_CURVE('',#1709,#1598,#977,.T.);
#2219=EDGE_CURVE('',#1714,#1705,#978,.T.);
#2220=EDGE_CURVE('',#1714,#1715,#219,.T.);
#2221=EDGE_CURVE('',#1715,#1565,#979,.T.);
#2222=EDGE_CURVE('',#1716,#1717,#220,.T.);
#2223=EDGE_CURVE('',#1717,#1716,#221,.T.);
#2224=EDGE_CURVE('',#1587,#1710,#980,.T.);
#2225=EDGE_CURVE('',#1718,#1587,#981,.T.);
#2226=EDGE_CURVE('',#1718,#1714,#222,.T.);
#2227=EDGE_CURVE('',#1719,#1720,#223,.T.);
#2228=EDGE_CURVE('',#1720,#1719,#224,.T.);
#2229=EDGE_CURVE('',#1721,#1722,#1380,.T.);
#2230=EDGE_CURVE('',#1722,#1570,#1381,.T.);
#2231=EDGE_CURVE('',#1569,#1721,#1382,.T.);
#2232=EDGE_CURVE('',#1723,#1724,#1383,.T.);
#2233=EDGE_CURVE('',#1724,#1722,#1384,.T.);
#2234=EDGE_CURVE('',#1721,#1723,#1385,.T.);
#2235=EDGE_CURVE('',#1540,#1724,#225,.T.);
#2236=EDGE_CURVE('',#1723,#1725,#226,.T.);
#2237=EDGE_CURVE('',#1725,#1541,#227,.T.);
#2238=EDGE_CURVE('',#1725,#1726,#228,.T.);
#2239=EDGE_CURVE('',#1726,#1727,#1386,.T.);
#2240=EDGE_CURVE('',#1727,#1542,#229,.T.);
#2241=EDGE_CURVE('',#1728,#1729,#1387,.T.);
#2242=EDGE_CURVE('',#1729,#1727,#1388,.T.);
#2243=EDGE_CURVE('',#1726,#1728,#1389,.T.);
#2244=EDGE_CURVE('',#1582,#1729,#1390,.T.);
#2245=EDGE_CURVE('',#1728,#1583,#1391,.T.);
#2246=EDGE_CURVE('',#1568,#1723,#982,.T.);
#2247=EDGE_CURVE('',#1722,#1539,#983,.T.);
#2248=EDGE_CURVE('',#1543,#1729,#984,.T.);
#2249=EDGE_CURVE('',#1725,#1730,#985,.T.);
#2250=EDGE_CURVE('',#1730,#1731,#230,.T.);
#2251=EDGE_CURVE('',#1731,#1584,#986,.T.);
#2252=EDGE_CURVE('',#1584,#1726,#987,.T.);
#2253=EDGE_CURVE('',#1732,#1733,#231,.T.);
#2254=EDGE_CURVE('',#1733,#1732,#232,.T.);
#2255=EDGE_CURVE('',#1731,#1585,#988,.T.);
#2256=EDGE_CURVE('',#1567,#1734,#989,.T.);
#2257=EDGE_CURVE('',#1734,#1568,#990,.T.);
#2258=EDGE_CURVE('',#1734,#1730,#233,.T.);
#2259=EDGE_CURVE('',#1735,#1736,#234,.T.);
#2260=EDGE_CURVE('',#1736,#1735,#235,.T.);
#2261=EDGE_CURVE('',#1586,#1718,#991,.T.);
#2262=EDGE_CURVE('',#1715,#1566,#992,.T.);
#2263=EDGE_CURVE('',#1717,#1737,#993,.T.);
#2264=EDGE_CURVE('',#1737,#1737,#1392,.T.);
#2265=EDGE_CURVE('',#1720,#1738,#994,.T.);
#2266=EDGE_CURVE('',#1738,#1738,#1393,.T.);
#2267=EDGE_CURVE('',#1644,#1624,#995,.T.);
#2268=EDGE_CURVE('',#1625,#1643,#996,.T.);
#2269=EDGE_CURVE('',#1640,#1480,#997,.T.);
#2270=EDGE_CURVE('',#1680,#1622,#998,.T.);
#2271=EDGE_CURVE('',#1739,#1696,#999,.T.);
#2272=EDGE_CURVE('',#1610,#1739,#1000,.T.);
#2273=EDGE_CURVE('',#1621,#1740,#257,.T.);
#2274=EDGE_CURVE('',#1740,#1741,#1394,.T.);
#2275=EDGE_CURVE('',#1741,#1618,#258,.T.);
#2276=EDGE_CURVE('',#1617,#1681,#1001,.T.);
#2277=EDGE_CURVE('',#1695,#1742,#1002,.T.);
#2278=EDGE_CURVE('',#1743,#1742,#1395,.T.);
#2279=EDGE_CURVE('',#1744,#1743,#259,.T.);
#2280=EDGE_CURVE('',#1745,#1744,#1396,.T.);
#2281=EDGE_CURVE('',#1746,#1745,#260,.T.);
#2282=EDGE_CURVE('',#1739,#1746,#1397,.T.);
#2283=EDGE_CURVE('',#1742,#1459,#1003,.T.);
#2284=EDGE_CURVE('',#1747,#1629,#1398,.T.);
#2285=EDGE_CURVE('',#1628,#1748,#236,.F.);
#2286=EDGE_CURVE('',#1748,#1749,#237,.T.);
#2287=EDGE_CURVE('',#1749,#1747,#238,.T.);
#2288=EDGE_CURVE('',#1750,#1751,#1399,.T.);
#2289=EDGE_CURVE('',#1751,#1629,#239,.T.);
#2290=EDGE_CURVE('',#1747,#1750,#240,.T.);
#2291=EDGE_CURVE('',#1752,#1753,#1400,.T.);
#2292=EDGE_CURVE('',#1753,#1751,#1004,.T.);
#2293=EDGE_CURVE('',#1750,#1752,#1005,.T.);
#2294=EDGE_CURVE('',#1752,#1754,#1401,.T.);
#2295=EDGE_CURVE('',#1754,#1755,#1402,.T.);
#2296=EDGE_CURVE('',#1755,#1756,#1403,.T.);
#2297=EDGE_CURVE('',#1757,#1756,#1404,.T.);
#2298=EDGE_CURVE('',#1757,#1753,#1405,.T.);
#2299=EDGE_CURVE('',#1749,#1736,#1006,.T.);
#2300=EDGE_CURVE('',#1754,#1748,#1007,.T.);
#2301=EDGE_CURVE('',#1756,#1758,#1008,.T.);
#2302=EDGE_CURVE('',#1758,#1759,#1406,.T.);
#2303=EDGE_CURVE('',#1759,#1757,#1009,.T.);
#2304=EDGE_CURVE('',#1760,#1630,#1407,.T.);
#2305=EDGE_CURVE('',#1630,#1759,#241,.T.);
#2306=EDGE_CURVE('',#1758,#1760,#242,.T.);
#2307=EDGE_CURVE('',#1761,#1631,#243,.F.);
#2308=EDGE_CURVE('',#1760,#1762,#244,.T.);
#2309=EDGE_CURVE('',#1762,#1761,#245,.T.);
#2310=EDGE_CURVE('',#1761,#1755,#1010,.T.);
#2311=EDGE_CURVE('',#1762,#1733,#1011,.T.);
#2312=EDGE_CURVE('',#1751,#1759,#246,.T.);
#2313=EDGE_CURVE('',#1763,#1763,#1408,.T.);
#2314=EDGE_CURVE('',#1763,#1603,#1012,.T.);
#2315=EDGE_CURVE('',#1746,#1764,#1013,.T.);
#2316=EDGE_CURVE('',#1745,#1765,#1014,.T.);
#2317=EDGE_CURVE('',#1765,#1764,#261,.T.);
#2318=EDGE_CURVE('',#1766,#1741,#1015,.T.);
#2319=EDGE_CURVE('',#1619,#1766,#262,.T.);
#2320=EDGE_CURVE('',#1740,#1767,#1016,.T.);
#2321=EDGE_CURVE('',#1766,#1767,#1409,.T.);
#2322=EDGE_CURVE('',#1767,#1620,#263,.T.);
#2323=EDGE_CURVE('',#1768,#1743,#1017,.T.);
#2324=EDGE_CURVE('',#1768,#1769,#264,.T.);
#2325=EDGE_CURVE('',#1769,#1744,#1018,.T.);
#2326=EDGE_CURVE('',#1769,#1765,#1410,.T.);
#2327=EDGE_CURVE('',#1764,#1768,#1411,.T.);
#2328=ORIENTED_EDGE('',*,*,#1770,.F.);
#2329=ORIENTED_EDGE('',*,*,#1771,.T.);
#2330=ORIENTED_EDGE('',*,*,#1772,.T.);
#2331=ORIENTED_EDGE('',*,*,#1773,.T.);
#2332=ORIENTED_EDGE('',*,*,#1773,.F.);
#2333=ORIENTED_EDGE('',*,*,#1774,.F.);
#2334=ORIENTED_EDGE('',*,*,#1775,.F.);
#2335=ORIENTED_EDGE('',*,*,#1776,.F.);
#2336=ORIENTED_EDGE('',*,*,#1777,.T.);
#2337=ORIENTED_EDGE('',*,*,#1778,.F.);
#2338=ORIENTED_EDGE('',*,*,#1779,.T.);
#2339=ORIENTED_EDGE('',*,*,#1780,.T.);
#2340=ORIENTED_EDGE('',*,*,#1781,.T.);
#2341=ORIENTED_EDGE('',*,*,#1779,.F.);
#2342=ORIENTED_EDGE('',*,*,#1782,.T.);
#2343=ORIENTED_EDGE('',*,*,#1783,.F.);
#2344=ORIENTED_EDGE('',*,*,#1784,.F.);
#2345=ORIENTED_EDGE('',*,*,#1785,.F.);
#2346=ORIENTED_EDGE('',*,*,#1786,.F.);
#2347=ORIENTED_EDGE('',*,*,#1787,.F.);
#2348=ORIENTED_EDGE('',*,*,#1788,.F.);
#2349=ORIENTED_EDGE('',*,*,#1789,.F.);
#2350=ORIENTED_EDGE('',*,*,#1778,.T.);
#2351=ORIENTED_EDGE('',*,*,#1790,.F.);
#2352=ORIENTED_EDGE('',*,*,#1791,.F.);
#2353=ORIENTED_EDGE('',*,*,#1792,.F.);
#2354=ORIENTED_EDGE('',*,*,#1793,.F.);
#2355=ORIENTED_EDGE('',*,*,#1794,.F.);
#2356=ORIENTED_EDGE('',*,*,#1782,.F.);
#2357=ORIENTED_EDGE('',*,*,#1795,.F.);
#2358=ORIENTED_EDGE('',*,*,#1796,.T.);
#2359=ORIENTED_EDGE('',*,*,#1797,.T.);
#2360=ORIENTED_EDGE('',*,*,#1798,.F.);
#2361=ORIENTED_EDGE('',*,*,#1799,.F.);
#2362=ORIENTED_EDGE('',*,*,#1800,.T.);
#2363=ORIENTED_EDGE('',*,*,#1801,.T.);
#2364=ORIENTED_EDGE('',*,*,#1802,.F.);
#2365=ORIENTED_EDGE('',*,*,#1803,.F.);
#2366=ORIENTED_EDGE('',*,*,#1804,.F.);
#2367=ORIENTED_EDGE('',*,*,#1805,.T.);
#2368=ORIENTED_EDGE('',*,*,#1796,.F.);
#2369=ORIENTED_EDGE('',*,*,#1806,.F.);
#2370=ORIENTED_EDGE('',*,*,#1807,.F.);
#2371=ORIENTED_EDGE('',*,*,#1808,.F.);
#2372=ORIENTED_EDGE('',*,*,#1787,.T.);
#2373=ORIENTED_EDGE('',*,*,#1771,.F.);
#2374=ORIENTED_EDGE('',*,*,#1809,.T.);
#2375=ORIENTED_EDGE('',*,*,#1800,.F.);
#2376=ORIENTED_EDGE('',*,*,#1810,.F.);
#2377=ORIENTED_EDGE('',*,*,#1770,.T.);
#2378=ORIENTED_EDGE('',*,*,#1777,.F.);
#2379=ORIENTED_EDGE('',*,*,#1811,.F.);
#2380=ORIENTED_EDGE('',*,*,#1812,.F.);
#2381=ORIENTED_EDGE('',*,*,#1813,.F.);
#2382=ORIENTED_EDGE('',*,*,#1801,.F.);
#2383=ORIENTED_EDGE('',*,*,#1809,.F.);
#2384=ORIENTED_EDGE('',*,*,#1814,.F.);
#2385=ORIENTED_EDGE('',*,*,#1815,.F.);
#2386=ORIENTED_EDGE('',*,*,#1797,.F.);
#2387=ORIENTED_EDGE('',*,*,#1805,.F.);
#2388=ORIENTED_EDGE('',*,*,#1816,.F.);
#2389=ORIENTED_EDGE('',*,*,#1817,.F.);
#2390=ORIENTED_EDGE('',*,*,#1788,.T.);
#2391=ORIENTED_EDGE('',*,*,#1808,.T.);
#2392=ORIENTED_EDGE('',*,*,#1818,.F.);
#2393=ORIENTED_EDGE('',*,*,#1819,.F.);
#2394=ORIENTED_EDGE('',*,*,#1791,.T.);
#2395=ORIENTED_EDGE('',*,*,#1820,.T.);
#2396=ORIENTED_EDGE('',*,*,#1781,.F.);
#2397=ORIENTED_EDGE('',*,*,#1821,.F.);
#2398=ORIENTED_EDGE('',*,*,#1820,.F.);
#2399=ORIENTED_EDGE('',*,*,#1790,.T.);
#2400=ORIENTED_EDGE('',*,*,#1784,.T.);
#2401=ORIENTED_EDGE('',*,*,#1822,.T.);
#2402=ORIENTED_EDGE('',*,*,#1823,.T.);
#2403=ORIENTED_EDGE('',*,*,#1824,.F.);
#2404=ORIENTED_EDGE('',*,*,#1825,.T.);
#2405=ORIENTED_EDGE('',*,*,#1793,.T.);
#2406=ORIENTED_EDGE('',*,*,#1826,.F.);
#2407=ORIENTED_EDGE('',*,*,#1827,.F.);
#2408=ORIENTED_EDGE('',*,*,#1828,.T.);
#2409=ORIENTED_EDGE('',*,*,#1806,.T.);
#2410=ORIENTED_EDGE('',*,*,#1786,.T.);
#2411=ORIENTED_EDGE('',*,*,#1829,.F.);
#2412=ORIENTED_EDGE('',*,*,#1830,.F.);
#2413=ORIENTED_EDGE('',*,*,#1831,.F.);
#2414=ORIENTED_EDGE('',*,*,#1832,.F.);
#2415=ORIENTED_EDGE('',*,*,#1833,.T.);
#2416=ORIENTED_EDGE('',*,*,#1789,.T.);
#2417=ORIENTED_EDGE('',*,*,#1817,.T.);
#2418=ORIENTED_EDGE('',*,*,#1834,.T.);
#2419=ORIENTED_EDGE('',*,*,#1835,.F.);
#2420=ORIENTED_EDGE('',*,*,#1836,.F.);
#2421=ORIENTED_EDGE('',*,*,#1829,.T.);
#2422=ORIENTED_EDGE('',*,*,#1798,.T.);
#2423=ORIENTED_EDGE('',*,*,#1815,.T.);
#2424=ORIENTED_EDGE('',*,*,#1837,.T.);
#2425=ORIENTED_EDGE('',*,*,#1838,.F.);
#2426=ORIENTED_EDGE('',*,*,#1839,.F.);
#2427=ORIENTED_EDGE('',*,*,#1840,.T.);
#2428=ORIENTED_EDGE('',*,*,#1814,.T.);
#2429=ORIENTED_EDGE('',*,*,#1804,.T.);
#2430=ORIENTED_EDGE('',*,*,#1841,.T.);
#2431=ORIENTED_EDGE('',*,*,#1842,.F.);
#2432=ORIENTED_EDGE('',*,*,#1843,.T.);
#2433=ORIENTED_EDGE('',*,*,#1844,.F.);
#2434=ORIENTED_EDGE('',*,*,#1837,.F.);
#2435=ORIENTED_EDGE('',*,*,#1802,.T.);
#2436=ORIENTED_EDGE('',*,*,#1813,.T.);
#2437=ORIENTED_EDGE('',*,*,#1845,.T.);
#2438=ORIENTED_EDGE('',*,*,#1846,.F.);
#2439=ORIENTED_EDGE('',*,*,#1847,.T.);
#2440=ORIENTED_EDGE('',*,*,#1848,.T.);
#2441=ORIENTED_EDGE('',*,*,#1849,.T.);
#2442=ORIENTED_EDGE('',*,*,#1812,.T.);
#2443=ORIENTED_EDGE('',*,*,#1850,.T.);
#2444=ORIENTED_EDGE('',*,*,#1851,.F.);
#2445=ORIENTED_EDGE('',*,*,#1845,.F.);
#2446=ORIENTED_EDGE('',*,*,#1783,.T.);
#2447=ORIENTED_EDGE('',*,*,#1794,.T.);
#2448=ORIENTED_EDGE('',*,*,#1828,.F.);
#2449=ORIENTED_EDGE('',*,*,#1852,.F.);
#2450=ORIENTED_EDGE('',*,*,#1853,.F.);
#2451=ORIENTED_EDGE('',*,*,#1854,.T.);
#2452=ORIENTED_EDGE('',*,*,#1855,.T.);
#2453=ORIENTED_EDGE('',*,*,#1856,.T.);
#2454=ORIENTED_EDGE('',*,*,#1857,.F.);
#2455=ORIENTED_EDGE('',*,*,#1858,.F.);
#2456=ORIENTED_EDGE('',*,*,#1850,.F.);
#2457=ORIENTED_EDGE('',*,*,#1811,.T.);
#2458=ORIENTED_EDGE('',*,*,#1776,.T.);
#2459=ORIENTED_EDGE('',*,*,#1859,.F.);
#2460=ORIENTED_EDGE('',*,*,#1860,.T.);
#2461=ORIENTED_EDGE('',*,*,#1822,.F.);
#2462=ORIENTED_EDGE('',*,*,#1861,.F.);
#2463=ORIENTED_EDGE('',*,*,#1862,.F.);
#2464=ORIENTED_EDGE('',*,*,#1863,.T.);
#2465=ORIENTED_EDGE('',*,*,#1864,.T.);
#2466=ORIENTED_EDGE('',*,*,#1865,.F.);
#2467=ORIENTED_EDGE('',*,*,#1864,.F.);
#2468=ORIENTED_EDGE('',*,*,#1866,.T.);
#2469=ORIENTED_EDGE('',*,*,#1867,.T.);
#2470=ORIENTED_EDGE('',*,*,#1868,.F.);
#2471=ORIENTED_EDGE('',*,*,#1867,.F.);
#2472=ORIENTED_EDGE('',*,*,#1869,.T.);
#2473=ORIENTED_EDGE('',*,*,#1870,.T.);
#2474=ORIENTED_EDGE('',*,*,#1871,.F.);
#2475=ORIENTED_EDGE('',*,*,#1870,.F.);
#2476=ORIENTED_EDGE('',*,*,#1872,.T.);
#2477=ORIENTED_EDGE('',*,*,#1873,.T.);
#2478=ORIENTED_EDGE('',*,*,#1874,.F.);
#2479=ORIENTED_EDGE('',*,*,#1875,.T.);
#2480=ORIENTED_EDGE('',*,*,#1876,.T.);
#2481=ORIENTED_EDGE('',*,*,#1862,.T.);
#2482=ORIENTED_EDGE('',*,*,#1877,.F.);
#2483=ORIENTED_EDGE('',*,*,#1873,.F.);
#2484=ORIENTED_EDGE('',*,*,#1878,.T.);
#2485=ORIENTED_EDGE('',*,*,#1875,.F.);
#2486=ORIENTED_EDGE('',*,*,#1878,.F.);
#2487=ORIENTED_EDGE('',*,*,#1872,.F.);
#2488=ORIENTED_EDGE('',*,*,#1869,.F.);
#2489=ORIENTED_EDGE('',*,*,#1866,.F.);
#2490=ORIENTED_EDGE('',*,*,#1863,.F.);
#2491=ORIENTED_EDGE('',*,*,#1876,.F.);
#2492=ORIENTED_EDGE('',*,*,#1879,.F.);
#2493=ORIENTED_EDGE('',*,*,#1880,.T.);
#2494=ORIENTED_EDGE('',*,*,#1881,.T.);
#2495=ORIENTED_EDGE('',*,*,#1882,.T.);
#2496=ORIENTED_EDGE('',*,*,#1883,.F.);
#2497=ORIENTED_EDGE('',*,*,#1882,.F.);
#2498=ORIENTED_EDGE('',*,*,#1884,.T.);
#2499=ORIENTED_EDGE('',*,*,#1885,.T.);
#2500=ORIENTED_EDGE('',*,*,#1886,.F.);
#2501=ORIENTED_EDGE('',*,*,#1885,.F.);
#2502=ORIENTED_EDGE('',*,*,#1887,.T.);
#2503=ORIENTED_EDGE('',*,*,#1888,.T.);
#2504=ORIENTED_EDGE('',*,*,#1889,.F.);
#2505=ORIENTED_EDGE('',*,*,#1888,.F.);
#2506=ORIENTED_EDGE('',*,*,#1890,.T.);
#2507=ORIENTED_EDGE('',*,*,#1880,.F.);
#2508=ORIENTED_EDGE('',*,*,#1890,.F.);
#2509=ORIENTED_EDGE('',*,*,#1887,.F.);
#2510=ORIENTED_EDGE('',*,*,#1884,.F.);
#2511=ORIENTED_EDGE('',*,*,#1881,.F.);
#2512=ORIENTED_EDGE('',*,*,#1891,.F.);
#2513=ORIENTED_EDGE('',*,*,#1892,.T.);
#2514=ORIENTED_EDGE('',*,*,#1893,.T.);
#2515=ORIENTED_EDGE('',*,*,#1894,.T.);
#2516=ORIENTED_EDGE('',*,*,#1895,.F.);
#2517=ORIENTED_EDGE('',*,*,#1894,.F.);
#2518=ORIENTED_EDGE('',*,*,#1896,.T.);
#2519=ORIENTED_EDGE('',*,*,#1897,.T.);
#2520=ORIENTED_EDGE('',*,*,#1898,.F.);
#2521=ORIENTED_EDGE('',*,*,#1897,.F.);
#2522=ORIENTED_EDGE('',*,*,#1899,.T.);
#2523=ORIENTED_EDGE('',*,*,#1900,.T.);
#2524=ORIENTED_EDGE('',*,*,#1901,.F.);
#2525=ORIENTED_EDGE('',*,*,#1900,.F.);
#2526=ORIENTED_EDGE('',*,*,#1902,.T.);
#2527=ORIENTED_EDGE('',*,*,#1892,.F.);
#2528=ORIENTED_EDGE('',*,*,#1902,.F.);
#2529=ORIENTED_EDGE('',*,*,#1899,.F.);
#2530=ORIENTED_EDGE('',*,*,#1896,.F.);
#2531=ORIENTED_EDGE('',*,*,#1893,.F.);
#2532=ORIENTED_EDGE('',*,*,#1903,.T.);
#2533=ORIENTED_EDGE('',*,*,#1904,.T.);
#2534=ORIENTED_EDGE('',*,*,#1905,.T.);
#2535=ORIENTED_EDGE('',*,*,#1906,.T.);
#2536=ORIENTED_EDGE('',*,*,#1907,.T.);
#2537=ORIENTED_EDGE('',*,*,#1908,.T.);
#2538=ORIENTED_EDGE('',*,*,#1909,.T.);
#2539=ORIENTED_EDGE('',*,*,#1910,.T.);
#2540=ORIENTED_EDGE('',*,*,#1911,.T.);
#2541=ORIENTED_EDGE('',*,*,#1912,.T.);
#2542=ORIENTED_EDGE('',*,*,#1909,.F.);
#2543=ORIENTED_EDGE('',*,*,#1913,.T.);
#2544=ORIENTED_EDGE('',*,*,#1914,.T.);
#2545=ORIENTED_EDGE('',*,*,#1915,.T.);
#2546=ORIENTED_EDGE('',*,*,#1911,.F.);
#2547=ORIENTED_EDGE('',*,*,#1916,.T.);
#2548=ORIENTED_EDGE('',*,*,#1907,.F.);
#2549=ORIENTED_EDGE('',*,*,#1917,.T.);
#2550=ORIENTED_EDGE('',*,*,#1905,.F.);
#2551=ORIENTED_EDGE('',*,*,#1918,.T.);
#2552=ORIENTED_EDGE('',*,*,#1904,.F.);
#2553=ORIENTED_EDGE('',*,*,#1919,.T.);
#2554=ORIENTED_EDGE('',*,*,#1920,.T.);
#2555=ORIENTED_EDGE('',*,*,#1921,.T.);
#2556=ORIENTED_EDGE('',*,*,#1906,.F.);
#2557=ORIENTED_EDGE('',*,*,#1917,.F.);
#2558=ORIENTED_EDGE('',*,*,#1922,.T.);
#2559=ORIENTED_EDGE('',*,*,#1854,.F.);
#2560=ORIENTED_EDGE('',*,*,#1923,.F.);
#2561=ORIENTED_EDGE('',*,*,#1924,.F.);
#2562=ORIENTED_EDGE('',*,*,#1910,.F.);
#2563=ORIENTED_EDGE('',*,*,#1925,.T.);
#2564=ORIENTED_EDGE('',*,*,#1855,.F.);
#2565=ORIENTED_EDGE('',*,*,#1922,.F.);
#2566=ORIENTED_EDGE('',*,*,#1926,.T.);
#2567=ORIENTED_EDGE('',*,*,#1927,.T.);
#2568=ORIENTED_EDGE('',*,*,#1928,.T.);
#2569=ORIENTED_EDGE('',*,*,#1929,.T.);
#2570=ORIENTED_EDGE('',*,*,#1930,.T.);
#2571=ORIENTED_EDGE('',*,*,#1931,.T.);
#2572=ORIENTED_EDGE('',*,*,#1928,.F.);
#2573=ORIENTED_EDGE('',*,*,#1932,.T.);
#2574=ORIENTED_EDGE('',*,*,#1933,.T.);
#2575=ORIENTED_EDGE('',*,*,#1934,.T.);
#2576=ORIENTED_EDGE('',*,*,#1930,.F.);
#2577=ORIENTED_EDGE('',*,*,#1935,.T.);
#2578=ORIENTED_EDGE('',*,*,#1936,.T.);
#2579=ORIENTED_EDGE('',*,*,#1937,.T.);
#2580=ORIENTED_EDGE('',*,*,#1933,.F.);
#2581=ORIENTED_EDGE('',*,*,#1938,.T.);
#2582=ORIENTED_EDGE('',*,*,#1939,.T.);
#2583=ORIENTED_EDGE('',*,*,#1940,.T.);
#2584=ORIENTED_EDGE('',*,*,#1926,.F.);
#2585=ORIENTED_EDGE('',*,*,#1941,.T.);
#2586=ORIENTED_EDGE('',*,*,#1935,.F.);
#2587=ORIENTED_EDGE('',*,*,#1932,.F.);
#2588=ORIENTED_EDGE('',*,*,#1927,.F.);
#2589=ORIENTED_EDGE('',*,*,#1942,.F.);
#2590=ORIENTED_EDGE('',*,*,#1943,.F.);
#2591=ORIENTED_EDGE('',*,*,#1944,.T.);
#2592=ORIENTED_EDGE('',*,*,#1945,.F.);
#2593=ORIENTED_EDGE('',*,*,#1946,.T.);
#2594=ORIENTED_EDGE('',*,*,#1947,.F.);
#2595=ORIENTED_EDGE('',*,*,#1948,.F.);
#2596=ORIENTED_EDGE('',*,*,#1949,.T.);
#2597=ORIENTED_EDGE('',*,*,#1950,.F.);
#2598=ORIENTED_EDGE('',*,*,#1951,.T.);
#2599=ORIENTED_EDGE('',*,*,#1952,.F.);
#2600=ORIENTED_EDGE('',*,*,#1953,.F.);
#2601=ORIENTED_EDGE('',*,*,#1954,.F.);
#2602=ORIENTED_EDGE('',*,*,#1955,.T.);
#2603=ORIENTED_EDGE('',*,*,#1956,.T.);
#2604=ORIENTED_EDGE('',*,*,#1957,.T.);
#2605=ORIENTED_EDGE('',*,*,#1940,.F.);
#2606=ORIENTED_EDGE('',*,*,#1958,.T.);
#2607=ORIENTED_EDGE('',*,*,#1959,.T.);
#2608=ORIENTED_EDGE('',*,*,#1942,.T.);
#2609=ORIENTED_EDGE('',*,*,#1941,.F.);
#2610=ORIENTED_EDGE('',*,*,#1929,.F.);
#2611=ORIENTED_EDGE('',*,*,#1960,.T.);
#2612=ORIENTED_EDGE('',*,*,#1961,.F.);
#2613=ORIENTED_EDGE('',*,*,#1962,.F.);
#2614=ORIENTED_EDGE('',*,*,#1963,.F.);
#2615=ORIENTED_EDGE('',*,*,#1964,.T.);
#2616=ORIENTED_EDGE('',*,*,#1943,.T.);
#2617=ORIENTED_EDGE('',*,*,#1959,.F.);
#2618=ORIENTED_EDGE('',*,*,#1965,.T.);
#2619=ORIENTED_EDGE('',*,*,#1964,.F.);
#2620=ORIENTED_EDGE('',*,*,#1966,.F.);
#2621=ORIENTED_EDGE('',*,*,#1967,.F.);
#2622=ORIENTED_EDGE('',*,*,#1968,.T.);
#2623=ORIENTED_EDGE('',*,*,#1969,.F.);
#2624=ORIENTED_EDGE('',*,*,#1970,.F.);
#2625=ORIENTED_EDGE('',*,*,#1971,.F.);
#2626=ORIENTED_EDGE('',*,*,#1972,.F.);
#2627=ORIENTED_EDGE('',*,*,#1973,.F.);
#2628=ORIENTED_EDGE('',*,*,#1974,.F.);
#2629=ORIENTED_EDGE('',*,*,#1975,.T.);
#2630=ORIENTED_EDGE('',*,*,#1976,.T.);
#2631=ORIENTED_EDGE('',*,*,#1977,.F.);
#2632=ORIENTED_EDGE('',*,*,#1978,.T.);
#2633=ORIENTED_EDGE('',*,*,#1979,.T.);
#2634=ORIENTED_EDGE('',*,*,#1980,.F.);
#2635=ORIENTED_EDGE('',*,*,#1981,.F.);
#2636=ORIENTED_EDGE('',*,*,#1944,.F.);
#2637=ORIENTED_EDGE('',*,*,#1938,.F.);
#2638=ORIENTED_EDGE('',*,*,#1953,.T.);
#2639=ORIENTED_EDGE('',*,*,#1982,.T.);
#2640=ORIENTED_EDGE('',*,*,#1983,.T.);
#2641=ORIENTED_EDGE('',*,*,#1984,.T.);
#2642=ORIENTED_EDGE('',*,*,#1985,.T.);
#2643=ORIENTED_EDGE('',*,*,#1982,.F.);
#2644=ORIENTED_EDGE('',*,*,#1952,.T.);
#2645=ORIENTED_EDGE('',*,*,#1986,.T.);
#2646=ORIENTED_EDGE('',*,*,#1936,.F.);
#2647=ORIENTED_EDGE('',*,*,#1983,.F.);
#2648=ORIENTED_EDGE('',*,*,#1987,.T.);
#2649=ORIENTED_EDGE('',*,*,#1988,.T.);
#2650=ORIENTED_EDGE('',*,*,#1989,.T.);
#2651=ORIENTED_EDGE('',*,*,#1990,.T.);
#2652=ORIENTED_EDGE('',*,*,#1991,.T.);
#2653=ORIENTED_EDGE('',*,*,#1919,.F.);
#2654=ORIENTED_EDGE('',*,*,#1903,.F.);
#2655=ORIENTED_EDGE('',*,*,#1924,.T.);
#2656=ORIENTED_EDGE('',*,*,#1992,.F.);
#2657=ORIENTED_EDGE('',*,*,#1993,.F.);
#2658=ORIENTED_EDGE('',*,*,#1994,.F.);
#2659=ORIENTED_EDGE('',*,*,#1985,.F.);
#2660=ORIENTED_EDGE('',*,*,#1995,.T.);
#2661=ORIENTED_EDGE('',*,*,#1996,.F.);
#2662=ORIENTED_EDGE('',*,*,#1997,.T.);
#2663=ORIENTED_EDGE('',*,*,#1987,.F.);
#2664=ORIENTED_EDGE('',*,*,#1984,.F.);
#2665=ORIENTED_EDGE('',*,*,#1951,.F.);
#2666=ORIENTED_EDGE('',*,*,#1998,.F.);
#2667=ORIENTED_EDGE('',*,*,#1999,.F.);
#2668=ORIENTED_EDGE('',*,*,#2000,.T.);
#2669=ORIENTED_EDGE('',*,*,#2001,.T.);
#2670=ORIENTED_EDGE('',*,*,#2002,.T.);
#2671=ORIENTED_EDGE('',*,*,#2003,.T.);
#2672=ORIENTED_EDGE('',*,*,#2004,.T.);
#2673=ORIENTED_EDGE('',*,*,#2005,.F.);
#2674=ORIENTED_EDGE('',*,*,#2006,.F.);
#2675=ORIENTED_EDGE('',*,*,#2007,.F.);
#2676=ORIENTED_EDGE('',*,*,#2008,.F.);
#2677=ORIENTED_EDGE('',*,*,#2009,.F.);
#2678=ORIENTED_EDGE('',*,*,#2010,.F.);
#2679=ORIENTED_EDGE('',*,*,#2011,.T.);
#2680=ORIENTED_EDGE('',*,*,#2012,.F.);
#2681=ORIENTED_EDGE('',*,*,#1995,.F.);
#2682=ORIENTED_EDGE('',*,*,#1916,.F.);
#2683=ORIENTED_EDGE('',*,*,#2013,.T.);
#2684=ORIENTED_EDGE('',*,*,#2014,.T.);
#2685=ORIENTED_EDGE('',*,*,#2015,.T.);
#2686=ORIENTED_EDGE('',*,*,#1971,.T.);
#2687=ORIENTED_EDGE('',*,*,#2016,.T.);
#2688=ORIENTED_EDGE('',*,*,#2014,.F.);
#2689=ORIENTED_EDGE('',*,*,#2017,.T.);
#2690=ORIENTED_EDGE('',*,*,#1918,.F.);
#2691=ORIENTED_EDGE('',*,*,#1921,.F.);
#2692=ORIENTED_EDGE('',*,*,#2018,.F.);
#2693=ORIENTED_EDGE('',*,*,#2007,.T.);
#2694=ORIENTED_EDGE('',*,*,#2019,.F.);
#2695=ORIENTED_EDGE('',*,*,#2020,.T.);
#2696=ORIENTED_EDGE('',*,*,#2021,.F.);
#2697=ORIENTED_EDGE('',*,*,#2022,.F.);
#2698=ORIENTED_EDGE('',*,*,#2023,.T.);
#2699=ORIENTED_EDGE('',*,*,#2024,.F.);
#2700=ORIENTED_EDGE('',*,*,#1972,.T.);
#2701=ORIENTED_EDGE('',*,*,#2017,.F.);
#2702=ORIENTED_EDGE('',*,*,#2013,.F.);
#2703=ORIENTED_EDGE('',*,*,#1913,.F.);
#2704=ORIENTED_EDGE('',*,*,#1908,.F.);
#2705=ORIENTED_EDGE('',*,*,#1871,.T.);
#2706=ORIENTED_EDGE('',*,*,#1877,.T.);
#2707=ORIENTED_EDGE('',*,*,#1874,.T.);
#2708=ORIENTED_EDGE('',*,*,#1861,.T.);
#2709=ORIENTED_EDGE('',*,*,#1865,.T.);
#2710=ORIENTED_EDGE('',*,*,#1868,.T.);
#2711=ORIENTED_EDGE('',*,*,#1886,.T.);
#2712=ORIENTED_EDGE('',*,*,#1889,.T.);
#2713=ORIENTED_EDGE('',*,*,#1879,.T.);
#2714=ORIENTED_EDGE('',*,*,#1883,.T.);
#2715=ORIENTED_EDGE('',*,*,#1898,.T.);
#2716=ORIENTED_EDGE('',*,*,#1901,.T.);
#2717=ORIENTED_EDGE('',*,*,#1891,.T.);
#2718=ORIENTED_EDGE('',*,*,#1895,.T.);
#2719=ORIENTED_EDGE('',*,*,#2025,.T.);
#2720=ORIENTED_EDGE('',*,*,#2008,.T.);
#2721=ORIENTED_EDGE('',*,*,#2018,.T.);
#2722=ORIENTED_EDGE('',*,*,#1920,.F.);
#2723=ORIENTED_EDGE('',*,*,#2026,.T.);
#2724=ORIENTED_EDGE('',*,*,#2027,.T.);
#2725=ORIENTED_EDGE('',*,*,#1994,.T.);
#2726=ORIENTED_EDGE('',*,*,#2028,.T.);
#2727=ORIENTED_EDGE('',*,*,#2029,.T.);
#2728=ORIENTED_EDGE('',*,*,#1830,.T.);
#2729=ORIENTED_EDGE('',*,*,#1836,.T.);
#2730=ORIENTED_EDGE('',*,*,#2030,.T.);
#2731=ORIENTED_EDGE('',*,*,#2031,.T.);
#2732=ORIENTED_EDGE('',*,*,#2032,.T.);
#2733=ORIENTED_EDGE('',*,*,#1827,.T.);
#2734=ORIENTED_EDGE('',*,*,#2033,.T.);
#2735=ORIENTED_EDGE('',*,*,#2034,.T.);
#2736=ORIENTED_EDGE('',*,*,#2032,.F.);
#2737=ORIENTED_EDGE('',*,*,#2035,.T.);
#2738=ORIENTED_EDGE('',*,*,#2036,.T.);
#2739=ORIENTED_EDGE('',*,*,#1852,.T.);
#2740=ORIENTED_EDGE('',*,*,#1923,.T.);
#2741=ORIENTED_EDGE('',*,*,#1853,.T.);
#2742=ORIENTED_EDGE('',*,*,#2036,.F.);
#2743=ORIENTED_EDGE('',*,*,#1992,.T.);
#2744=ORIENTED_EDGE('',*,*,#2030,.F.);
#2745=ORIENTED_EDGE('',*,*,#2037,.T.);
#2746=ORIENTED_EDGE('',*,*,#2028,.F.);
#2747=ORIENTED_EDGE('',*,*,#2038,.T.);
#2748=ORIENTED_EDGE('',*,*,#1819,.T.);
#2749=ORIENTED_EDGE('',*,*,#2039,.T.);
#2750=ORIENTED_EDGE('',*,*,#2040,.T.);
#2751=ORIENTED_EDGE('',*,*,#2041,.F.);
#2752=ORIENTED_EDGE('',*,*,#2033,.F.);
#2753=ORIENTED_EDGE('',*,*,#1826,.T.);
#2754=ORIENTED_EDGE('',*,*,#1792,.T.);
#2755=ORIENTED_EDGE('',*,*,#2035,.F.);
#2756=ORIENTED_EDGE('',*,*,#2031,.F.);
#2757=ORIENTED_EDGE('',*,*,#2038,.F.);
#2758=ORIENTED_EDGE('',*,*,#1993,.T.);
#2759=ORIENTED_EDGE('',*,*,#2042,.T.);
#2760=ORIENTED_EDGE('',*,*,#2043,.T.);
#2761=ORIENTED_EDGE('',*,*,#2044,.T.);
#2762=ORIENTED_EDGE('',*,*,#1857,.T.);
#2763=ORIENTED_EDGE('',*,*,#2044,.F.);
#2764=ORIENTED_EDGE('',*,*,#2045,.T.);
#2765=ORIENTED_EDGE('',*,*,#2046,.T.);
#2766=ORIENTED_EDGE('',*,*,#1858,.T.);
#2767=ORIENTED_EDGE('',*,*,#1846,.T.);
#2768=ORIENTED_EDGE('',*,*,#1851,.T.);
#2769=ORIENTED_EDGE('',*,*,#2046,.F.);
#2770=ORIENTED_EDGE('',*,*,#2047,.T.);
#2771=ORIENTED_EDGE('',*,*,#2048,.T.);
#2772=ORIENTED_EDGE('',*,*,#1838,.T.);
#2773=ORIENTED_EDGE('',*,*,#1844,.T.);
#2774=ORIENTED_EDGE('',*,*,#2049,.T.);
#2775=ORIENTED_EDGE('',*,*,#1962,.T.);
#2776=ORIENTED_EDGE('',*,*,#2050,.T.);
#2777=ORIENTED_EDGE('',*,*,#2051,.T.);
#2778=ORIENTED_EDGE('',*,*,#2052,.T.);
#2779=ORIENTED_EDGE('',*,*,#2051,.F.);
#2780=ORIENTED_EDGE('',*,*,#2053,.T.);
#2781=ORIENTED_EDGE('',*,*,#2048,.F.);
#2782=ORIENTED_EDGE('',*,*,#2054,.T.);
#2783=ORIENTED_EDGE('',*,*,#2049,.F.);
#2784=ORIENTED_EDGE('',*,*,#1843,.F.);
#2785=ORIENTED_EDGE('',*,*,#2055,.T.);
#2786=ORIENTED_EDGE('',*,*,#2056,.T.);
#2787=ORIENTED_EDGE('',*,*,#2057,.T.);
#2788=ORIENTED_EDGE('',*,*,#2058,.T.);
#2789=ORIENTED_EDGE('',*,*,#2059,.T.);
#2790=ORIENTED_EDGE('',*,*,#2060,.T.);
#2791=ORIENTED_EDGE('',*,*,#2061,.T.);
#2792=ORIENTED_EDGE('',*,*,#1847,.F.);
#2793=ORIENTED_EDGE('',*,*,#2037,.F.);
#2794=ORIENTED_EDGE('',*,*,#1835,.T.);
#2795=ORIENTED_EDGE('',*,*,#2062,.T.);
#2796=ORIENTED_EDGE('',*,*,#2063,.F.);
#2797=ORIENTED_EDGE('',*,*,#2064,.T.);
#2798=ORIENTED_EDGE('',*,*,#2065,.F.);
#2799=ORIENTED_EDGE('',*,*,#2066,.T.);
#2800=ORIENTED_EDGE('',*,*,#1839,.T.);
#2801=ORIENTED_EDGE('',*,*,#2053,.F.);
#2802=ORIENTED_EDGE('',*,*,#2050,.F.);
#2803=ORIENTED_EDGE('',*,*,#1961,.T.);
#2804=ORIENTED_EDGE('',*,*,#2067,.T.);
#2805=ORIENTED_EDGE('',*,*,#2068,.T.);
#2806=ORIENTED_EDGE('',*,*,#2029,.F.);
#2807=ORIENTED_EDGE('',*,*,#1931,.F.);
#2808=ORIENTED_EDGE('',*,*,#2069,.T.);
#2809=ORIENTED_EDGE('',*,*,#2067,.F.);
#2810=ORIENTED_EDGE('',*,*,#1960,.F.);
#2811=ORIENTED_EDGE('',*,*,#1937,.F.);
#2812=ORIENTED_EDGE('',*,*,#1986,.F.);
#2813=ORIENTED_EDGE('',*,*,#2027,.F.);
#2814=ORIENTED_EDGE('',*,*,#2068,.F.);
#2815=ORIENTED_EDGE('',*,*,#2069,.F.);
#2816=ORIENTED_EDGE('',*,*,#1934,.F.);
#2817=ORIENTED_EDGE('',*,*,#2070,.F.);
#2818=ORIENTED_EDGE('',*,*,#1954,.T.);
#2819=ORIENTED_EDGE('',*,*,#2070,.T.);
#2820=ORIENTED_EDGE('',*,*,#1957,.F.);
#2821=ORIENTED_EDGE('',*,*,#2071,.T.);
#2822=ORIENTED_EDGE('',*,*,#2072,.F.);
#2823=ORIENTED_EDGE('',*,*,#2073,.F.);
#2824=ORIENTED_EDGE('',*,*,#2074,.F.);
#2825=ORIENTED_EDGE('',*,*,#2075,.T.);
#2826=ORIENTED_EDGE('',*,*,#1955,.F.);
#2827=ORIENTED_EDGE('',*,*,#1915,.F.);
#2828=ORIENTED_EDGE('',*,*,#2076,.F.);
#2829=ORIENTED_EDGE('',*,*,#2042,.F.);
#2830=ORIENTED_EDGE('',*,*,#1856,.F.);
#2831=ORIENTED_EDGE('',*,*,#1925,.F.);
#2832=ORIENTED_EDGE('',*,*,#1912,.F.);
#2833=ORIENTED_EDGE('',*,*,#1963,.T.);
#2834=ORIENTED_EDGE('',*,*,#2052,.F.);
#2835=ORIENTED_EDGE('',*,*,#2077,.T.);
#2836=ORIENTED_EDGE('',*,*,#2043,.F.);
#2837=ORIENTED_EDGE('',*,*,#2076,.T.);
#2838=ORIENTED_EDGE('',*,*,#1914,.F.);
#2839=ORIENTED_EDGE('',*,*,#2015,.F.);
#2840=ORIENTED_EDGE('',*,*,#2078,.T.);
#2841=ORIENTED_EDGE('',*,*,#2079,.T.);
#2842=ORIENTED_EDGE('',*,*,#2080,.T.);
#2843=ORIENTED_EDGE('',*,*,#2081,.T.);
#2844=ORIENTED_EDGE('',*,*,#2082,.T.);
#2845=ORIENTED_EDGE('',*,*,#1958,.F.);
#2846=ORIENTED_EDGE('',*,*,#1939,.F.);
#2847=ORIENTED_EDGE('',*,*,#2083,.T.);
#2848=ORIENTED_EDGE('',*,*,#2084,.T.);
#2849=ORIENTED_EDGE('',*,*,#2085,.T.);
#2850=ORIENTED_EDGE('',*,*,#2083,.F.);
#2851=ORIENTED_EDGE('',*,*,#2086,.T.);
#2852=ORIENTED_EDGE('',*,*,#2087,.F.);
#2853=ORIENTED_EDGE('',*,*,#2088,.T.);
#2854=ORIENTED_EDGE('',*,*,#2089,.F.);
#2855=ORIENTED_EDGE('',*,*,#2090,.F.);
#2856=ORIENTED_EDGE('',*,*,#2091,.F.);
#2857=ORIENTED_EDGE('',*,*,#2092,.F.);
#2858=ORIENTED_EDGE('',*,*,#2093,.F.);
#2859=ORIENTED_EDGE('',*,*,#2094,.F.);
#2860=ORIENTED_EDGE('',*,*,#2095,.F.);
#2861=ORIENTED_EDGE('',*,*,#2096,.F.);
#2862=ORIENTED_EDGE('',*,*,#2097,.F.);
#2863=ORIENTED_EDGE('',*,*,#2086,.F.);
#2864=ORIENTED_EDGE('',*,*,#2084,.F.);
#2865=ORIENTED_EDGE('',*,*,#2085,.F.);
#2866=ORIENTED_EDGE('',*,*,#2098,.T.);
#2867=ORIENTED_EDGE('',*,*,#2099,.F.);
#2868=ORIENTED_EDGE('',*,*,#2098,.F.);
#2869=ORIENTED_EDGE('',*,*,#2100,.T.);
#2870=ORIENTED_EDGE('',*,*,#2101,.T.);
#2871=ORIENTED_EDGE('',*,*,#2102,.T.);
#2872=ORIENTED_EDGE('',*,*,#2100,.F.);
#2873=ORIENTED_EDGE('',*,*,#2095,.T.);
#2874=ORIENTED_EDGE('',*,*,#2101,.F.);
#2875=ORIENTED_EDGE('',*,*,#2102,.F.);
#2876=ORIENTED_EDGE('',*,*,#2103,.T.);
#2877=ORIENTED_EDGE('',*,*,#2104,.F.);
#2878=ORIENTED_EDGE('',*,*,#2103,.F.);
#2879=ORIENTED_EDGE('',*,*,#2105,.T.);
#2880=ORIENTED_EDGE('',*,*,#2106,.T.);
#2881=ORIENTED_EDGE('',*,*,#2107,.T.);
#2882=ORIENTED_EDGE('',*,*,#2105,.F.);
#2883=ORIENTED_EDGE('',*,*,#2097,.T.);
#2884=ORIENTED_EDGE('',*,*,#2106,.F.);
#2885=ORIENTED_EDGE('',*,*,#2107,.F.);
#2886=ORIENTED_EDGE('',*,*,#2108,.T.);
#2887=ORIENTED_EDGE('',*,*,#2109,.F.);
#2888=ORIENTED_EDGE('',*,*,#2108,.F.);
#2889=ORIENTED_EDGE('',*,*,#2110,.T.);
#2890=ORIENTED_EDGE('',*,*,#2111,.T.);
#2891=ORIENTED_EDGE('',*,*,#2112,.T.);
#2892=ORIENTED_EDGE('',*,*,#2110,.F.);
#2893=ORIENTED_EDGE('',*,*,#2096,.T.);
#2894=ORIENTED_EDGE('',*,*,#2111,.F.);
#2895=ORIENTED_EDGE('',*,*,#2112,.F.);
#2896=ORIENTED_EDGE('',*,*,#2113,.T.);
#2897=ORIENTED_EDGE('',*,*,#2114,.F.);
#2898=ORIENTED_EDGE('',*,*,#2113,.F.);
#2899=ORIENTED_EDGE('',*,*,#2115,.T.);
#2900=ORIENTED_EDGE('',*,*,#2116,.T.);
#2901=ORIENTED_EDGE('',*,*,#2117,.T.);
#2902=ORIENTED_EDGE('',*,*,#1967,.T.);
#2903=ORIENTED_EDGE('',*,*,#1996,.T.);
#2904=ORIENTED_EDGE('',*,*,#2012,.T.);
#2905=ORIENTED_EDGE('',*,*,#2118,.T.);
#2906=ORIENTED_EDGE('',*,*,#2119,.T.);
#2907=ORIENTED_EDGE('',*,*,#2119,.F.);
#2908=ORIENTED_EDGE('',*,*,#2120,.T.);
#2909=ORIENTED_EDGE('',*,*,#2121,.F.);
#2910=ORIENTED_EDGE('',*,*,#2122,.T.);
#2911=ORIENTED_EDGE('',*,*,#2123,.T.);
#2912=ORIENTED_EDGE('',*,*,#1988,.F.);
#2913=ORIENTED_EDGE('',*,*,#1997,.F.);
#2914=ORIENTED_EDGE('',*,*,#2124,.T.);
#2915=ORIENTED_EDGE('',*,*,#2125,.T.);
#2916=ORIENTED_EDGE('',*,*,#2126,.T.);
#2917=ORIENTED_EDGE('',*,*,#2010,.T.);
#2918=ORIENTED_EDGE('',*,*,#2127,.T.);
#2919=ORIENTED_EDGE('',*,*,#1969,.T.);
#2920=ORIENTED_EDGE('',*,*,#2128,.T.);
#2921=ORIENTED_EDGE('',*,*,#2129,.T.);
#2922=ORIENTED_EDGE('',*,*,#2016,.F.);
#2923=ORIENTED_EDGE('',*,*,#1970,.T.);
#2924=ORIENTED_EDGE('',*,*,#2127,.F.);
#2925=ORIENTED_EDGE('',*,*,#2130,.T.);
#2926=ORIENTED_EDGE('',*,*,#2078,.F.);
#2927=ORIENTED_EDGE('',*,*,#2129,.F.);
#2928=ORIENTED_EDGE('',*,*,#2131,.F.);
#2929=ORIENTED_EDGE('',*,*,#2132,.F.);
#2930=ORIENTED_EDGE('',*,*,#2133,.F.);
#2931=ORIENTED_EDGE('',*,*,#2134,.F.);
#2932=ORIENTED_EDGE('',*,*,#2079,.F.);
#2933=ORIENTED_EDGE('',*,*,#2130,.F.);
#2934=ORIENTED_EDGE('',*,*,#2135,.T.);
#2935=ORIENTED_EDGE('',*,*,#2136,.T.);
#2936=ORIENTED_EDGE('',*,*,#2137,.T.);
#2937=ORIENTED_EDGE('',*,*,#2132,.T.);
#2938=ORIENTED_EDGE('',*,*,#1795,.T.);
#2939=ORIENTED_EDGE('',*,*,#1840,.F.);
#2940=ORIENTED_EDGE('',*,*,#2066,.F.);
#2941=ORIENTED_EDGE('',*,*,#2138,.F.);
#2942=ORIENTED_EDGE('',*,*,#2139,.F.);
#2943=ORIENTED_EDGE('',*,*,#2140,.T.);
#2944=ORIENTED_EDGE('',*,*,#2141,.F.);
#2945=ORIENTED_EDGE('',*,*,#2142,.T.);
#2946=ORIENTED_EDGE('',*,*,#2143,.F.);
#2947=ORIENTED_EDGE('',*,*,#2144,.F.);
#2948=ORIENTED_EDGE('',*,*,#1774,.T.);
#2949=ORIENTED_EDGE('',*,*,#1772,.F.);
#2950=ORIENTED_EDGE('',*,*,#1810,.T.);
#2951=ORIENTED_EDGE('',*,*,#1799,.T.);
#2952=ORIENTED_EDGE('',*,*,#1849,.F.);
#2953=ORIENTED_EDGE('',*,*,#2145,.F.);
#2954=ORIENTED_EDGE('',*,*,#2146,.F.);
#2955=ORIENTED_EDGE('',*,*,#2147,.F.);
#2956=ORIENTED_EDGE('',*,*,#1841,.F.);
#2957=ORIENTED_EDGE('',*,*,#1803,.T.);
#2958=ORIENTED_EDGE('',*,*,#2148,.T.);
#2959=ORIENTED_EDGE('',*,*,#2136,.F.);
#2960=ORIENTED_EDGE('',*,*,#2149,.F.);
#2961=ORIENTED_EDGE('',*,*,#2150,.F.);
#2962=ORIENTED_EDGE('',*,*,#2151,.T.);
#2963=ORIENTED_EDGE('',*,*,#2150,.T.);
#2964=ORIENTED_EDGE('',*,*,#2152,.T.);
#2965=ORIENTED_EDGE('',*,*,#2153,.T.);
#2966=ORIENTED_EDGE('',*,*,#2154,.T.);
#2967=ORIENTED_EDGE('',*,*,#2155,.T.);
#2968=ORIENTED_EDGE('',*,*,#2156,.T.);
#2969=ORIENTED_EDGE('',*,*,#2157,.T.);
#2970=ORIENTED_EDGE('',*,*,#1785,.T.);
#2971=ORIENTED_EDGE('',*,*,#1825,.F.);
#2972=ORIENTED_EDGE('',*,*,#2158,.F.);
#2973=ORIENTED_EDGE('',*,*,#2159,.F.);
#2974=ORIENTED_EDGE('',*,*,#2160,.T.);
#2975=ORIENTED_EDGE('',*,*,#2161,.F.);
#2976=ORIENTED_EDGE('',*,*,#2162,.F.);
#2977=ORIENTED_EDGE('',*,*,#2163,.F.);
#2978=ORIENTED_EDGE('',*,*,#2062,.F.);
#2979=ORIENTED_EDGE('',*,*,#1834,.F.);
#2980=ORIENTED_EDGE('',*,*,#1816,.T.);
#2981=ORIENTED_EDGE('',*,*,#1807,.T.);
#2982=ORIENTED_EDGE('',*,*,#1833,.F.);
#2983=ORIENTED_EDGE('',*,*,#2164,.F.);
#2984=ORIENTED_EDGE('',*,*,#2165,.F.);
#2985=ORIENTED_EDGE('',*,*,#2166,.F.);
#2986=ORIENTED_EDGE('',*,*,#2039,.F.);
#2987=ORIENTED_EDGE('',*,*,#1818,.T.);
#2988=ORIENTED_EDGE('',*,*,#1821,.T.);
#2989=ORIENTED_EDGE('',*,*,#1780,.F.);
#2990=ORIENTED_EDGE('',*,*,#2167,.F.);
#2991=ORIENTED_EDGE('',*,*,#2155,.F.);
#2992=ORIENTED_EDGE('',*,*,#2168,.F.);
#2993=ORIENTED_EDGE('',*,*,#2169,.F.);
#2994=ORIENTED_EDGE('',*,*,#2170,.T.);
#2995=ORIENTED_EDGE('',*,*,#2169,.T.);
#2996=ORIENTED_EDGE('',*,*,#2171,.T.);
#2997=ORIENTED_EDGE('',*,*,#2121,.T.);
#2998=ORIENTED_EDGE('',*,*,#2172,.F.);
#2999=ORIENTED_EDGE('',*,*,#2173,.T.);
#3000=ORIENTED_EDGE('',*,*,#2174,.T.);
#3001=ORIENTED_EDGE('',*,*,#2159,.T.);
#3002=ORIENTED_EDGE('',*,*,#2175,.F.);
#3003=ORIENTED_EDGE('',*,*,#2161,.T.);
#3004=ORIENTED_EDGE('',*,*,#2176,.T.);
#3005=ORIENTED_EDGE('',*,*,#2177,.T.);
#3006=ORIENTED_EDGE('',*,*,#2160,.F.);
#3007=ORIENTED_EDGE('',*,*,#2174,.F.);
#3008=ORIENTED_EDGE('',*,*,#2178,.F.);
#3009=ORIENTED_EDGE('',*,*,#2176,.F.);
#3010=ORIENTED_EDGE('',*,*,#2172,.T.);
#3011=ORIENTED_EDGE('',*,*,#2158,.T.);
#3012=ORIENTED_EDGE('',*,*,#1824,.T.);
#3013=ORIENTED_EDGE('',*,*,#2087,.T.);
#3014=ORIENTED_EDGE('',*,*,#2167,.T.);
#3015=ORIENTED_EDGE('',*,*,#2170,.F.);
#3016=ORIENTED_EDGE('',*,*,#2120,.F.);
#3017=ORIENTED_EDGE('',*,*,#2118,.F.);
#3018=ORIENTED_EDGE('',*,*,#2011,.F.);
#3019=ORIENTED_EDGE('',*,*,#2126,.F.);
#3020=ORIENTED_EDGE('',*,*,#2179,.F.);
#3021=ORIENTED_EDGE('',*,*,#2156,.F.);
#3022=ORIENTED_EDGE('',*,*,#2125,.F.);
#3023=ORIENTED_EDGE('',*,*,#2180,.F.);
#3024=ORIENTED_EDGE('',*,*,#1990,.F.);
#3025=ORIENTED_EDGE('',*,*,#2181,.T.);
#3026=ORIENTED_EDGE('',*,*,#2182,.T.);
#3027=ORIENTED_EDGE('',*,*,#2157,.F.);
#3028=ORIENTED_EDGE('',*,*,#2179,.T.);
#3029=ORIENTED_EDGE('',*,*,#2168,.T.);
#3030=ORIENTED_EDGE('',*,*,#2154,.F.);
#3031=ORIENTED_EDGE('',*,*,#2182,.F.);
#3032=ORIENTED_EDGE('',*,*,#2183,.F.);
#3033=ORIENTED_EDGE('',*,*,#2122,.F.);
#3034=ORIENTED_EDGE('',*,*,#2171,.F.);
#3035=ORIENTED_EDGE('',*,*,#1989,.F.);
#3036=ORIENTED_EDGE('',*,*,#2123,.F.);
#3037=ORIENTED_EDGE('',*,*,#2183,.T.);
#3038=ORIENTED_EDGE('',*,*,#2181,.F.);
#3039=ORIENTED_EDGE('',*,*,#2094,.T.);
#3040=ORIENTED_EDGE('',*,*,#2177,.F.);
#3041=ORIENTED_EDGE('',*,*,#2178,.T.);
#3042=ORIENTED_EDGE('',*,*,#2173,.F.);
#3043=ORIENTED_EDGE('',*,*,#2026,.F.);
#3044=ORIENTED_EDGE('',*,*,#1991,.F.);
#3045=ORIENTED_EDGE('',*,*,#2180,.T.);
#3046=ORIENTED_EDGE('',*,*,#2124,.F.);
#3047=ORIENTED_EDGE('',*,*,#2009,.T.);
#3048=ORIENTED_EDGE('',*,*,#2175,.T.);
#3049=ORIENTED_EDGE('',*,*,#2093,.T.);
#3050=ORIENTED_EDGE('',*,*,#2184,.F.);
#3051=ORIENTED_EDGE('',*,*,#2162,.T.);
#3052=ORIENTED_EDGE('',*,*,#2185,.F.);
#3053=ORIENTED_EDGE('',*,*,#2186,.F.);
#3054=ORIENTED_EDGE('',*,*,#2187,.F.);
#3055=ORIENTED_EDGE('',*,*,#2140,.F.);
#3056=ORIENTED_EDGE('',*,*,#2141,.T.);
#3057=ORIENTED_EDGE('',*,*,#2187,.T.);
#3058=ORIENTED_EDGE('',*,*,#2188,.T.);
#3059=ORIENTED_EDGE('',*,*,#2189,.T.);
#3060=ORIENTED_EDGE('',*,*,#2190,.F.);
#3061=ORIENTED_EDGE('',*,*,#2142,.F.);
#3062=ORIENTED_EDGE('',*,*,#2189,.F.);
#3063=ORIENTED_EDGE('',*,*,#2191,.F.);
#3064=ORIENTED_EDGE('',*,*,#2185,.T.);
#3065=ORIENTED_EDGE('',*,*,#2139,.T.);
#3066=ORIENTED_EDGE('',*,*,#2192,.T.);
#3067=ORIENTED_EDGE('',*,*,#2091,.T.);
#3068=ORIENTED_EDGE('',*,*,#2080,.F.);
#3069=ORIENTED_EDGE('',*,*,#2134,.T.);
#3070=ORIENTED_EDGE('',*,*,#2193,.F.);
#3071=ORIENTED_EDGE('',*,*,#2194,.T.);
#3072=ORIENTED_EDGE('',*,*,#2090,.T.);
#3073=ORIENTED_EDGE('',*,*,#2191,.T.);
#3074=ORIENTED_EDGE('',*,*,#2188,.F.);
#3075=ORIENTED_EDGE('',*,*,#2186,.T.);
#3076=ORIENTED_EDGE('',*,*,#2116,.F.);
#3077=ORIENTED_EDGE('',*,*,#2195,.F.);
#3078=ORIENTED_EDGE('',*,*,#2081,.F.);
#3079=ORIENTED_EDGE('',*,*,#2194,.F.);
#3080=ORIENTED_EDGE('',*,*,#2196,.F.);
#3081=ORIENTED_EDGE('',*,*,#2153,.F.);
#3082=ORIENTED_EDGE('',*,*,#2197,.F.);
#3083=ORIENTED_EDGE('',*,*,#2148,.F.);
#3084=ORIENTED_EDGE('',*,*,#2151,.F.);
#3085=ORIENTED_EDGE('',*,*,#2196,.T.);
#3086=ORIENTED_EDGE('',*,*,#2193,.T.);
#3087=ORIENTED_EDGE('',*,*,#2133,.T.);
#3088=ORIENTED_EDGE('',*,*,#2137,.F.);
#3089=ORIENTED_EDGE('',*,*,#2149,.T.);
#3090=ORIENTED_EDGE('',*,*,#2135,.F.);
#3091=ORIENTED_EDGE('',*,*,#2131,.T.);
#3092=ORIENTED_EDGE('',*,*,#2128,.F.);
#3093=ORIENTED_EDGE('',*,*,#1968,.F.);
#3094=ORIENTED_EDGE('',*,*,#2117,.F.);
#3095=ORIENTED_EDGE('',*,*,#2197,.T.);
#3096=ORIENTED_EDGE('',*,*,#2152,.F.);
#3097=ORIENTED_EDGE('',*,*,#1965,.F.);
#3098=ORIENTED_EDGE('',*,*,#2082,.F.);
#3099=ORIENTED_EDGE('',*,*,#2195,.T.);
#3100=ORIENTED_EDGE('',*,*,#2115,.F.);
#3101=ORIENTED_EDGE('',*,*,#1966,.T.);
#3102=ORIENTED_EDGE('',*,*,#2190,.T.);
#3103=ORIENTED_EDGE('',*,*,#2089,.T.);
#3104=ORIENTED_EDGE('',*,*,#2198,.F.);
#3105=ORIENTED_EDGE('',*,*,#2143,.T.);
#3106=ORIENTED_EDGE('',*,*,#2022,.T.);
#3107=ORIENTED_EDGE('',*,*,#2199,.T.);
#3108=ORIENTED_EDGE('',*,*,#2200,.T.);
#3109=ORIENTED_EDGE('',*,*,#2201,.T.);
#3110=ORIENTED_EDGE('',*,*,#2202,.T.);
#3111=ORIENTED_EDGE('',*,*,#2203,.T.);
#3112=ORIENTED_EDGE('',*,*,#2204,.T.);
#3113=ORIENTED_EDGE('',*,*,#2005,.T.);
#3114=ORIENTED_EDGE('',*,*,#2205,.T.);
#3115=ORIENTED_EDGE('',*,*,#2206,.T.);
#3116=ORIENTED_EDGE('',*,*,#2207,.T.);
#3117=ORIENTED_EDGE('',*,*,#2203,.F.);
#3118=ORIENTED_EDGE('',*,*,#2208,.T.);
#3119=ORIENTED_EDGE('',*,*,#2021,.T.);
#3120=ORIENTED_EDGE('',*,*,#2209,.T.);
#3121=ORIENTED_EDGE('',*,*,#2206,.F.);
#3122=ORIENTED_EDGE('',*,*,#2210,.T.);
#3123=ORIENTED_EDGE('',*,*,#2199,.F.);
#3124=ORIENTED_EDGE('',*,*,#2211,.T.);
#3125=ORIENTED_EDGE('',*,*,#2212,.T.);
#3126=ORIENTED_EDGE('',*,*,#2201,.F.);
#3127=ORIENTED_EDGE('',*,*,#2213,.T.);
#3128=ORIENTED_EDGE('',*,*,#1974,.T.);
#3129=ORIENTED_EDGE('',*,*,#2214,.T.);
#3130=ORIENTED_EDGE('',*,*,#2211,.F.);
#3131=ORIENTED_EDGE('',*,*,#2215,.T.);
#3132=ORIENTED_EDGE('',*,*,#2214,.F.);
#3133=ORIENTED_EDGE('',*,*,#1973,.T.);
#3134=ORIENTED_EDGE('',*,*,#2024,.T.);
#3135=ORIENTED_EDGE('',*,*,#2216,.T.);
#3136=ORIENTED_EDGE('',*,*,#2215,.F.);
#3137=ORIENTED_EDGE('',*,*,#2213,.F.);
#3138=ORIENTED_EDGE('',*,*,#2217,.F.);
#3139=ORIENTED_EDGE('',*,*,#1975,.F.);
#3140=ORIENTED_EDGE('',*,*,#2209,.F.);
#3141=ORIENTED_EDGE('',*,*,#2020,.F.);
#3142=ORIENTED_EDGE('',*,*,#2218,.F.);
#3143=ORIENTED_EDGE('',*,*,#2207,.F.);
#3144=ORIENTED_EDGE('',*,*,#2200,.F.);
#3145=ORIENTED_EDGE('',*,*,#2219,.F.);
#3146=ORIENTED_EDGE('',*,*,#2220,.T.);
#3147=ORIENTED_EDGE('',*,*,#2221,.T.);
#3148=ORIENTED_EDGE('',*,*,#2217,.T.);
#3149=ORIENTED_EDGE('',*,*,#2222,.F.);
#3150=ORIENTED_EDGE('',*,*,#2223,.F.);
#3151=ORIENTED_EDGE('',*,*,#2210,.F.);
#3152=ORIENTED_EDGE('',*,*,#2224,.F.);
#3153=ORIENTED_EDGE('',*,*,#2225,.F.);
#3154=ORIENTED_EDGE('',*,*,#2226,.T.);
#3155=ORIENTED_EDGE('',*,*,#2219,.T.);
#3156=ORIENTED_EDGE('',*,*,#2227,.F.);
#3157=ORIENTED_EDGE('',*,*,#2228,.F.);
#3158=ORIENTED_EDGE('',*,*,#2208,.F.);
#3159=ORIENTED_EDGE('',*,*,#2205,.F.);
#3160=ORIENTED_EDGE('',*,*,#2004,.F.);
#3161=ORIENTED_EDGE('',*,*,#2224,.T.);
#3162=ORIENTED_EDGE('',*,*,#2229,.T.);
#3163=ORIENTED_EDGE('',*,*,#2230,.T.);
#3164=ORIENTED_EDGE('',*,*,#1980,.T.);
#3165=ORIENTED_EDGE('',*,*,#2231,.T.);
#3166=ORIENTED_EDGE('',*,*,#2232,.T.);
#3167=ORIENTED_EDGE('',*,*,#2233,.T.);
#3168=ORIENTED_EDGE('',*,*,#2229,.F.);
#3169=ORIENTED_EDGE('',*,*,#2234,.T.);
#3170=ORIENTED_EDGE('',*,*,#1947,.T.);
#3171=ORIENTED_EDGE('',*,*,#2235,.T.);
#3172=ORIENTED_EDGE('',*,*,#2232,.F.);
#3173=ORIENTED_EDGE('',*,*,#2236,.T.);
#3174=ORIENTED_EDGE('',*,*,#2237,.T.);
#3175=ORIENTED_EDGE('',*,*,#1948,.T.);
#3176=ORIENTED_EDGE('',*,*,#2237,.F.);
#3177=ORIENTED_EDGE('',*,*,#2238,.T.);
#3178=ORIENTED_EDGE('',*,*,#2239,.T.);
#3179=ORIENTED_EDGE('',*,*,#2240,.T.);
#3180=ORIENTED_EDGE('',*,*,#2241,.T.);
#3181=ORIENTED_EDGE('',*,*,#2242,.T.);
#3182=ORIENTED_EDGE('',*,*,#2239,.F.);
#3183=ORIENTED_EDGE('',*,*,#2243,.T.);
#3184=ORIENTED_EDGE('',*,*,#1999,.T.);
#3185=ORIENTED_EDGE('',*,*,#2244,.T.);
#3186=ORIENTED_EDGE('',*,*,#2241,.F.);
#3187=ORIENTED_EDGE('',*,*,#2245,.T.);
#3188=ORIENTED_EDGE('',*,*,#2234,.F.);
#3189=ORIENTED_EDGE('',*,*,#2231,.F.);
#3190=ORIENTED_EDGE('',*,*,#1979,.F.);
#3191=ORIENTED_EDGE('',*,*,#2246,.T.);
#3192=ORIENTED_EDGE('',*,*,#2230,.F.);
#3193=ORIENTED_EDGE('',*,*,#2247,.T.);
#3194=ORIENTED_EDGE('',*,*,#1945,.T.);
#3195=ORIENTED_EDGE('',*,*,#1981,.T.);
#3196=ORIENTED_EDGE('',*,*,#2242,.F.);
#3197=ORIENTED_EDGE('',*,*,#2248,.F.);
#3198=ORIENTED_EDGE('',*,*,#1949,.F.);
#3199=ORIENTED_EDGE('',*,*,#2240,.F.);
#3200=ORIENTED_EDGE('',*,*,#2233,.F.);
#3201=ORIENTED_EDGE('',*,*,#2235,.F.);
#3202=ORIENTED_EDGE('',*,*,#1946,.F.);
#3203=ORIENTED_EDGE('',*,*,#2247,.F.);
#3204=ORIENTED_EDGE('',*,*,#2238,.F.);
#3205=ORIENTED_EDGE('',*,*,#2249,.T.);
#3206=ORIENTED_EDGE('',*,*,#2250,.T.);
#3207=ORIENTED_EDGE('',*,*,#2251,.T.);
#3208=ORIENTED_EDGE('',*,*,#2252,.T.);
#3209=ORIENTED_EDGE('',*,*,#2253,.F.);
#3210=ORIENTED_EDGE('',*,*,#2254,.F.);
#3211=ORIENTED_EDGE('',*,*,#2001,.F.);
#3212=ORIENTED_EDGE('',*,*,#2251,.F.);
#3213=ORIENTED_EDGE('',*,*,#2255,.T.);
#3214=ORIENTED_EDGE('',*,*,#2243,.F.);
#3215=ORIENTED_EDGE('',*,*,#2252,.F.);
#3216=ORIENTED_EDGE('',*,*,#2000,.F.);
#3217=ORIENTED_EDGE('',*,*,#2245,.F.);
#3218=ORIENTED_EDGE('',*,*,#1978,.F.);
#3219=ORIENTED_EDGE('',*,*,#2256,.T.);
#3220=ORIENTED_EDGE('',*,*,#2257,.T.);
#3221=ORIENTED_EDGE('',*,*,#2236,.F.);
#3222=ORIENTED_EDGE('',*,*,#2246,.F.);
#3223=ORIENTED_EDGE('',*,*,#2257,.F.);
#3224=ORIENTED_EDGE('',*,*,#2258,.T.);
#3225=ORIENTED_EDGE('',*,*,#2249,.F.);
#3226=ORIENTED_EDGE('',*,*,#2259,.F.);
#3227=ORIENTED_EDGE('',*,*,#2260,.F.);
#3228=ORIENTED_EDGE('',*,*,#2003,.F.);
#3229=ORIENTED_EDGE('',*,*,#2261,.T.);
#3230=ORIENTED_EDGE('',*,*,#2225,.T.);
#3231=ORIENTED_EDGE('',*,*,#2212,.F.);
#3232=ORIENTED_EDGE('',*,*,#2216,.F.);
#3233=ORIENTED_EDGE('',*,*,#2023,.F.);
#3234=ORIENTED_EDGE('',*,*,#2202,.F.);
#3235=ORIENTED_EDGE('',*,*,#1976,.F.);
#3236=ORIENTED_EDGE('',*,*,#2221,.F.);
#3237=ORIENTED_EDGE('',*,*,#2262,.T.);
#3238=ORIENTED_EDGE('',*,*,#2002,.F.);
#3239=ORIENTED_EDGE('',*,*,#2255,.F.);
#3240=ORIENTED_EDGE('',*,*,#2250,.F.);
#3241=ORIENTED_EDGE('',*,*,#2258,.F.);
#3242=ORIENTED_EDGE('',*,*,#2256,.F.);
#3243=ORIENTED_EDGE('',*,*,#1977,.T.);
#3244=ORIENTED_EDGE('',*,*,#2262,.F.);
#3245=ORIENTED_EDGE('',*,*,#2220,.F.);
#3246=ORIENTED_EDGE('',*,*,#2226,.F.);
#3247=ORIENTED_EDGE('',*,*,#2261,.F.);
#3248=ORIENTED_EDGE('',*,*,#2109,.T.);
#3249=ORIENTED_EDGE('',*,*,#2114,.T.);
#3250=ORIENTED_EDGE('',*,*,#2099,.T.);
#3251=ORIENTED_EDGE('',*,*,#2104,.T.);
#3252=ORIENTED_EDGE('',*,*,#2244,.F.);
#3253=ORIENTED_EDGE('',*,*,#1998,.T.);
#3254=ORIENTED_EDGE('',*,*,#1950,.T.);
#3255=ORIENTED_EDGE('',*,*,#2248,.T.);
#3256=ORIENTED_EDGE('',*,*,#2222,.T.);
#3257=ORIENTED_EDGE('',*,*,#2263,.T.);
#3258=ORIENTED_EDGE('',*,*,#2264,.T.);
#3259=ORIENTED_EDGE('',*,*,#2263,.F.);
#3260=ORIENTED_EDGE('',*,*,#2223,.T.);
#3261=ORIENTED_EDGE('',*,*,#2227,.T.);
#3262=ORIENTED_EDGE('',*,*,#2265,.T.);
#3263=ORIENTED_EDGE('',*,*,#2266,.T.);
#3264=ORIENTED_EDGE('',*,*,#2265,.F.);
#3265=ORIENTED_EDGE('',*,*,#2228,.T.);
#3266=ORIENTED_EDGE('',*,*,#2204,.F.);
#3267=ORIENTED_EDGE('',*,*,#2218,.T.);
#3268=ORIENTED_EDGE('',*,*,#2019,.T.);
#3269=ORIENTED_EDGE('',*,*,#2006,.T.);
#3270=ORIENTED_EDGE('',*,*,#2267,.T.);
#3271=ORIENTED_EDGE('',*,*,#2063,.T.);
#3272=ORIENTED_EDGE('',*,*,#2163,.T.);
#3273=ORIENTED_EDGE('',*,*,#2184,.T.);
#3274=ORIENTED_EDGE('',*,*,#2267,.F.);
#3275=ORIENTED_EDGE('',*,*,#2092,.T.);
#3276=ORIENTED_EDGE('',*,*,#2268,.F.);
#3277=ORIENTED_EDGE('',*,*,#2064,.F.);
#3278=ORIENTED_EDGE('',*,*,#1823,.F.);
#3279=ORIENTED_EDGE('',*,*,#1860,.F.);
#3280=ORIENTED_EDGE('',*,*,#2269,.F.);
#3281=ORIENTED_EDGE('',*,*,#2088,.F.);
#3282=ORIENTED_EDGE('',*,*,#1775,.T.);
#3283=ORIENTED_EDGE('',*,*,#2144,.T.);
#3284=ORIENTED_EDGE('',*,*,#2198,.T.);
#3285=ORIENTED_EDGE('',*,*,#2269,.T.);
#3286=ORIENTED_EDGE('',*,*,#1859,.T.);
#3287=ORIENTED_EDGE('',*,*,#2138,.T.);
#3288=ORIENTED_EDGE('',*,*,#2065,.T.);
#3289=ORIENTED_EDGE('',*,*,#2268,.T.);
#3290=ORIENTED_EDGE('',*,*,#2192,.F.);
#3291=ORIENTED_EDGE('',*,*,#2145,.T.);
#3292=ORIENTED_EDGE('',*,*,#1848,.F.);
#3293=ORIENTED_EDGE('',*,*,#2061,.F.);
#3294=ORIENTED_EDGE('',*,*,#2270,.F.);
#3295=ORIENTED_EDGE('',*,*,#2166,.T.);
#3296=ORIENTED_EDGE('',*,*,#2271,.F.);
#3297=ORIENTED_EDGE('',*,*,#2272,.F.);
#3298=ORIENTED_EDGE('',*,*,#2040,.F.);
#3299=ORIENTED_EDGE('',*,*,#2146,.T.);
#3300=ORIENTED_EDGE('',*,*,#2270,.T.);
#3301=ORIENTED_EDGE('',*,*,#2060,.F.);
#3302=ORIENTED_EDGE('',*,*,#2273,.T.);
#3303=ORIENTED_EDGE('',*,*,#2274,.T.);
#3304=ORIENTED_EDGE('',*,*,#2275,.T.);
#3305=ORIENTED_EDGE('',*,*,#2056,.F.);
#3306=ORIENTED_EDGE('',*,*,#2276,.T.);
#3307=ORIENTED_EDGE('',*,*,#2165,.T.);
#3308=ORIENTED_EDGE('',*,*,#2277,.T.);
#3309=ORIENTED_EDGE('',*,*,#2278,.F.);
#3310=ORIENTED_EDGE('',*,*,#2279,.F.);
#3311=ORIENTED_EDGE('',*,*,#2280,.F.);
#3312=ORIENTED_EDGE('',*,*,#2281,.F.);
#3313=ORIENTED_EDGE('',*,*,#2282,.F.);
#3314=ORIENTED_EDGE('',*,*,#2271,.T.);
#3315=ORIENTED_EDGE('',*,*,#2147,.T.);
#3316=ORIENTED_EDGE('',*,*,#2276,.F.);
#3317=ORIENTED_EDGE('',*,*,#2055,.F.);
#3318=ORIENTED_EDGE('',*,*,#1842,.T.);
#3319=ORIENTED_EDGE('',*,*,#2164,.T.);
#3320=ORIENTED_EDGE('',*,*,#1832,.T.);
#3321=ORIENTED_EDGE('',*,*,#2283,.F.);
#3322=ORIENTED_EDGE('',*,*,#2277,.F.);
#3323=ORIENTED_EDGE('',*,*,#2284,.T.);
#3324=ORIENTED_EDGE('',*,*,#2072,.T.);
#3325=ORIENTED_EDGE('',*,*,#2285,.T.);
#3326=ORIENTED_EDGE('',*,*,#2286,.T.);
#3327=ORIENTED_EDGE('',*,*,#2287,.T.);
#3328=ORIENTED_EDGE('',*,*,#2288,.T.);
#3329=ORIENTED_EDGE('',*,*,#2289,.T.);
#3330=ORIENTED_EDGE('',*,*,#2284,.F.);
#3331=ORIENTED_EDGE('',*,*,#2290,.T.);
#3332=ORIENTED_EDGE('',*,*,#2291,.T.);
#3333=ORIENTED_EDGE('',*,*,#2292,.T.);
#3334=ORIENTED_EDGE('',*,*,#2288,.F.);
#3335=ORIENTED_EDGE('',*,*,#2293,.T.);
#3336=ORIENTED_EDGE('',*,*,#2291,.F.);
#3337=ORIENTED_EDGE('',*,*,#2294,.T.);
#3338=ORIENTED_EDGE('',*,*,#2295,.T.);
#3339=ORIENTED_EDGE('',*,*,#2296,.T.);
#3340=ORIENTED_EDGE('',*,*,#2297,.F.);
#3341=ORIENTED_EDGE('',*,*,#2298,.T.);
#3342=ORIENTED_EDGE('',*,*,#2293,.F.);
#3343=ORIENTED_EDGE('',*,*,#2290,.F.);
#3344=ORIENTED_EDGE('',*,*,#2287,.F.);
#3345=ORIENTED_EDGE('',*,*,#2299,.T.);
#3346=ORIENTED_EDGE('',*,*,#2260,.T.);
#3347=ORIENTED_EDGE('',*,*,#2259,.T.);
#3348=ORIENTED_EDGE('',*,*,#2299,.F.);
#3349=ORIENTED_EDGE('',*,*,#2286,.F.);
#3350=ORIENTED_EDGE('',*,*,#2300,.F.);
#3351=ORIENTED_EDGE('',*,*,#2294,.F.);
#3352=ORIENTED_EDGE('',*,*,#2297,.T.);
#3353=ORIENTED_EDGE('',*,*,#2301,.T.);
#3354=ORIENTED_EDGE('',*,*,#2302,.T.);
#3355=ORIENTED_EDGE('',*,*,#2303,.T.);
#3356=ORIENTED_EDGE('',*,*,#2304,.T.);
#3357=ORIENTED_EDGE('',*,*,#2305,.T.);
#3358=ORIENTED_EDGE('',*,*,#2302,.F.);
#3359=ORIENTED_EDGE('',*,*,#2306,.T.);
#3360=ORIENTED_EDGE('',*,*,#2307,.T.);
#3361=ORIENTED_EDGE('',*,*,#2074,.T.);
#3362=ORIENTED_EDGE('',*,*,#2304,.F.);
#3363=ORIENTED_EDGE('',*,*,#2308,.T.);
#3364=ORIENTED_EDGE('',*,*,#2309,.T.);
#3365=ORIENTED_EDGE('',*,*,#2310,.F.);
#3366=ORIENTED_EDGE('',*,*,#2309,.F.);
#3367=ORIENTED_EDGE('',*,*,#2311,.T.);
#3368=ORIENTED_EDGE('',*,*,#2254,.T.);
#3369=ORIENTED_EDGE('',*,*,#2253,.T.);
#3370=ORIENTED_EDGE('',*,*,#2311,.F.);
#3371=ORIENTED_EDGE('',*,*,#2308,.F.);
#3372=ORIENTED_EDGE('',*,*,#2306,.F.);
#3373=ORIENTED_EDGE('',*,*,#2301,.F.);
#3374=ORIENTED_EDGE('',*,*,#2296,.F.);
#3375=ORIENTED_EDGE('',*,*,#2289,.F.);
#3376=ORIENTED_EDGE('',*,*,#2312,.T.);
#3377=ORIENTED_EDGE('',*,*,#2305,.F.);
#3378=ORIENTED_EDGE('',*,*,#2073,.T.);
#3379=ORIENTED_EDGE('',*,*,#2292,.F.);
#3380=ORIENTED_EDGE('',*,*,#2298,.F.);
#3381=ORIENTED_EDGE('',*,*,#2303,.F.);
#3382=ORIENTED_EDGE('',*,*,#2312,.F.);
#3383=ORIENTED_EDGE('',*,*,#2266,.F.);
#3384=ORIENTED_EDGE('',*,*,#2264,.F.);
#3385=ORIENTED_EDGE('',*,*,#2310,.T.);
#3386=ORIENTED_EDGE('',*,*,#2295,.F.);
#3387=ORIENTED_EDGE('',*,*,#2300,.T.);
#3388=ORIENTED_EDGE('',*,*,#2285,.F.);
#3389=ORIENTED_EDGE('',*,*,#2071,.F.);
#3390=ORIENTED_EDGE('',*,*,#1956,.F.);
#3391=ORIENTED_EDGE('',*,*,#2075,.F.);
#3392=ORIENTED_EDGE('',*,*,#2307,.F.);
#3393=ORIENTED_EDGE('',*,*,#2313,.F.);
#3394=ORIENTED_EDGE('',*,*,#2314,.T.);
#3395=ORIENTED_EDGE('',*,*,#2025,.F.);
#3396=ORIENTED_EDGE('',*,*,#2314,.F.);
#3397=ORIENTED_EDGE('',*,*,#2313,.T.);
#3398=ORIENTED_EDGE('',*,*,#2315,.F.);
#3399=ORIENTED_EDGE('',*,*,#2281,.T.);
#3400=ORIENTED_EDGE('',*,*,#2316,.T.);
#3401=ORIENTED_EDGE('',*,*,#2317,.T.);
#3402=ORIENTED_EDGE('',*,*,#2057,.F.);
#3403=ORIENTED_EDGE('',*,*,#2275,.F.);
#3404=ORIENTED_EDGE('',*,*,#2318,.F.);
#3405=ORIENTED_EDGE('',*,*,#2319,.F.);
#3406=ORIENTED_EDGE('',*,*,#2318,.T.);
#3407=ORIENTED_EDGE('',*,*,#2274,.F.);
#3408=ORIENTED_EDGE('',*,*,#2320,.T.);
#3409=ORIENTED_EDGE('',*,*,#2321,.F.);
#3410=ORIENTED_EDGE('',*,*,#2058,.F.);
#3411=ORIENTED_EDGE('',*,*,#2319,.T.);
#3412=ORIENTED_EDGE('',*,*,#2321,.T.);
#3413=ORIENTED_EDGE('',*,*,#2322,.T.);
#3414=ORIENTED_EDGE('',*,*,#2059,.F.);
#3415=ORIENTED_EDGE('',*,*,#2322,.F.);
#3416=ORIENTED_EDGE('',*,*,#2320,.F.);
#3417=ORIENTED_EDGE('',*,*,#2273,.F.);
#3418=ORIENTED_EDGE('',*,*,#2323,.F.);
#3419=ORIENTED_EDGE('',*,*,#2324,.T.);
#3420=ORIENTED_EDGE('',*,*,#2325,.T.);
#3421=ORIENTED_EDGE('',*,*,#2279,.T.);
#3422=ORIENTED_EDGE('',*,*,#2325,.F.);
#3423=ORIENTED_EDGE('',*,*,#2326,.T.);
#3424=ORIENTED_EDGE('',*,*,#2316,.F.);
#3425=ORIENTED_EDGE('',*,*,#2280,.T.);
#3426=ORIENTED_EDGE('',*,*,#2327,.F.);
#3427=ORIENTED_EDGE('',*,*,#2317,.F.);
#3428=ORIENTED_EDGE('',*,*,#2326,.F.);
#3429=ORIENTED_EDGE('',*,*,#2324,.F.);
#3430=ORIENTED_EDGE('',*,*,#2045,.F.);
#3431=ORIENTED_EDGE('',*,*,#2077,.F.);
#3432=ORIENTED_EDGE('',*,*,#2054,.F.);
#3433=ORIENTED_EDGE('',*,*,#2047,.F.);
#3434=ORIENTED_EDGE('',*,*,#2034,.F.);
#3435=ORIENTED_EDGE('',*,*,#2041,.T.);
#3436=ORIENTED_EDGE('',*,*,#2272,.T.);
#3437=ORIENTED_EDGE('',*,*,#2282,.T.);
#3438=ORIENTED_EDGE('',*,*,#2315,.T.);
#3439=ORIENTED_EDGE('',*,*,#2327,.T.);
#3440=ORIENTED_EDGE('',*,*,#2323,.T.);
#3441=ORIENTED_EDGE('',*,*,#2278,.T.);
#3442=ORIENTED_EDGE('',*,*,#2283,.T.);
#3443=ORIENTED_EDGE('',*,*,#1831,.T.);
#3444=CYLINDRICAL_SURFACE('',#3718,0.5);
#3445=CYLINDRICAL_SURFACE('',#3723,0.5);
#3446=CYLINDRICAL_SURFACE('',#3735,6.9);
#3447=CYLINDRICAL_SURFACE('',#3738,6.9);
#3448=CYLINDRICAL_SURFACE('',#3741,6.9);
#3449=CYLINDRICAL_SURFACE('',#3749,6.9);
#3450=CYLINDRICAL_SURFACE('',#3752,1.5);
#3451=CYLINDRICAL_SURFACE('',#3753,9.5);
#3452=CYLINDRICAL_SURFACE('',#3756,9.5);
#3453=CYLINDRICAL_SURFACE('',#3759,9.5);
#3454=CYLINDRICAL_SURFACE('',#3764,9.5);
#3455=CYLINDRICAL_SURFACE('',#3797,5.);
#3456=CYLINDRICAL_SURFACE('',#3798,8.9);
#3457=CYLINDRICAL_SURFACE('',#3822,5.);
#3458=CYLINDRICAL_SURFACE('',#3829,8.49);
#3459=CYLINDRICAL_SURFACE('',#3866,8.9);
#3460=CYLINDRICAL_SURFACE('',#3867,5.);
#3461=CYLINDRICAL_SURFACE('',#3868,3.5);
#3462=CYLINDRICAL_SURFACE('',#3869,5.);
#3463=CYLINDRICAL_SURFACE('',#3870,9.9);
#3464=CYLINDRICAL_SURFACE('',#3899,8.49);
#3465=CYLINDRICAL_SURFACE('',#3904,0.2);
#3466=CYLINDRICAL_SURFACE('',#3909,0.2);
#3467=CYLINDRICAL_SURFACE('',#3910,0.2);
#3468=CYLINDRICAL_SURFACE('',#3915,0.2);
#3469=CYLINDRICAL_SURFACE('',#3920,7.7);
#3470=CYLINDRICAL_SURFACE('',#3925,1.00000000000004);
#3471=CYLINDRICAL_SURFACE('',#3928,8.49);
#3472=CYLINDRICAL_SURFACE('',#3940,1.00000000000004);
#3473=CYLINDRICAL_SURFACE('',#3941,7.7);
#3474=CYLINDRICAL_SURFACE('',#3942,8.49);
#3475=CYLINDRICAL_SURFACE('',#3960,0.5);
#3476=CYLINDRICAL_SURFACE('',#3962,10.2621778264923);
#3477=CYLINDRICAL_SURFACE('',#3981,0.5);
#3478=CYLINDRICAL_SURFACE('',#3982,10.2621778264923);
#3479=CYLINDRICAL_SURFACE('',#3983,10.2621778264923);
#3480=CYLINDRICAL_SURFACE('',#3988,10.2621778264923);
#3481=CYLINDRICAL_SURFACE('',#3991,0.5);
#3482=CYLINDRICAL_SURFACE('',#3992,1.1);
#3483=CYLINDRICAL_SURFACE('',#3994,1.1);
#3484=CYLINDRICAL_SURFACE('',#3996,0.5);
#3485=CYLINDRICAL_SURFACE('',#3997,1.5);
#3486=CYLINDRICAL_SURFACE('',#4000,1.5);
#3487=CYLINDRICAL_SURFACE('',#4001,1.5);
#3488=CYLINDRICAL_SURFACE('',#4004,4.1);
#3489=CYLINDRICAL_SURFACE('',#4008,4.1);
#3490=CYLINDRICAL_SURFACE('',#4018,0.25);
#3491=CYLINDRICAL_SURFACE('',#4026,1.1);
#3492=CYLINDRICAL_SURFACE('',#4027,0.25);
#3493=CYLINDRICAL_SURFACE('',#4030,1.1);
#3494=CYLINDRICAL_SURFACE('',#4031,1.9);
#3495=CYLINDRICAL_SURFACE('',#4034,1.9);
#3496=CYLINDRICAL_SURFACE('',#4035,1.9);
#3497=CYLINDRICAL_SURFACE('',#4044,2.99999999999658);
#3498=CYLINDRICAL_SURFACE('',#4051,2.99999999999658);
#3499=ADVANCED_FACE('',(#349),#3444,.F.);
#3500=ADVANCED_FACE('',(#350),#265,.F.);
#3501=ADVANCED_FACE('',(#351),#3445,.F.);
#3502=ADVANCED_FACE('',(#352),#266,.F.);
#3503=ADVANCED_FACE('',(#353),#267,.T.);
#3504=ADVANCED_FACE('',(#354),#268,.T.);
#3505=ADVANCED_FACE('',(#355),#269,.F.);
#3506=ADVANCED_FACE('',(#356),#3446,.T.);
#3507=ADVANCED_FACE('',(#357),#3447,.T.);
#3508=ADVANCED_FACE('',(#358),#3448,.T.);
#3509=ADVANCED_FACE('',(#359),#270,.F.);
#3510=ADVANCED_FACE('',(#360),#271,.F.);
#3511=ADVANCED_FACE('',(#361),#272,.F.);
#3512=ADVANCED_FACE('',(#362),#273,.F.);
#3513=ADVANCED_FACE('',(#363),#3449,.T.);
#3514=ADVANCED_FACE('',(#364),#274,.F.);
#3515=ADVANCED_FACE('',(#365),#3450,.F.);
#3516=ADVANCED_FACE('',(#366),#3451,.T.);
#3517=ADVANCED_FACE('',(#367),#275,.T.);
#3518=ADVANCED_FACE('',(#368),#3452,.T.);
#3519=ADVANCED_FACE('',(#369),#3453,.T.);
#3520=ADVANCED_FACE('',(#370),#276,.T.);
#3521=ADVANCED_FACE('',(#371),#277,.T.);
#3522=ADVANCED_FACE('',(#372),#3454,.T.);
#3523=ADVANCED_FACE('',(#373),#91,.T.);
#3524=ADVANCED_FACE('',(#374),#278,.F.);
#3525=ADVANCED_FACE('',(#375),#279,.F.);
#3526=ADVANCED_FACE('',(#376),#280,.F.);
#3527=ADVANCED_FACE('',(#377),#281,.F.);
#3528=ADVANCED_FACE('',(#378),#282,.F.);
#3529=ADVANCED_FACE('',(#379),#283,.F.);
#3530=ADVANCED_FACE('',(#380),#284,.F.);
#3531=ADVANCED_FACE('',(#381),#285,.F.);
#3532=ADVANCED_FACE('',(#382),#286,.F.);
#3533=ADVANCED_FACE('',(#383),#287,.F.);
#3534=ADVANCED_FACE('',(#384),#288,.F.);
#3535=ADVANCED_FACE('',(#385),#289,.F.);
#3536=ADVANCED_FACE('',(#386),#290,.F.);
#3537=ADVANCED_FACE('',(#387),#291,.F.);
#3538=ADVANCED_FACE('',(#388),#292,.F.);
#3539=ADVANCED_FACE('',(#389),#293,.F.);
#3540=ADVANCED_FACE('',(#390),#294,.F.);
#3541=ADVANCED_FACE('',(#391),#62,.T.);
#3542=ADVANCED_FACE('',(#392),#38,.F.);
#3543=ADVANCED_FACE('',(#393),#39,.F.);
#3544=ADVANCED_FACE('',(#394),#63,.T.);
#3545=ADVANCED_FACE('',(#395),#40,.F.);
#3546=ADVANCED_FACE('',(#396),#64,.F.);
#3547=ADVANCED_FACE('',(#397),#3455,.T.);
#3548=ADVANCED_FACE('',(#398),#3456,.F.);
#3549=ADVANCED_FACE('',(#399),#41,.F.);
#3550=ADVANCED_FACE('',(#400),#42,.F.);
#3551=ADVANCED_FACE('',(#401),#43,.F.);
#3552=ADVANCED_FACE('',(#402),#65,.T.);
#3553=ADVANCED_FACE('',(#403),#66,.T.);
#3554=ADVANCED_FACE('',(#404,#19),#295,.F.);
#3555=ADVANCED_FACE('',(#405),#67,.F.);
#3556=ADVANCED_FACE('',(#406),#3457,.T.);
#3557=ADVANCED_FACE('',(#407),#44,.T.);
#3558=ADVANCED_FACE('',(#408),#296,.F.);
#3559=ADVANCED_FACE('',(#409),#68,.F.);
#3560=ADVANCED_FACE('',(#410),#45,.T.);
#3561=ADVANCED_FACE('',(#411),#92,.F.);
#3562=ADVANCED_FACE('',(#412),#3458,.T.);
#3563=ADVANCED_FACE('',(#413),#297,.F.);
#3564=ADVANCED_FACE('',(#414),#69,.F.);
#3565=ADVANCED_FACE('',(#415),#46,.T.);
#3566=ADVANCED_FACE('',(#416,#20,#21,#22,#23),#298,.T.);
#3567=ADVANCED_FACE('',(#417),#47,.T.);
#3568=ADVANCED_FACE('',(#418),#70,.F.);
#3569=ADVANCED_FACE('',(#419),#48,.T.);
#3570=ADVANCED_FACE('',(#420),#71,.F.);
#3571=ADVANCED_FACE('',(#421),#72,.F.);
#3572=ADVANCED_FACE('',(#422),#73,.F.);
#3573=ADVANCED_FACE('',(#423),#299,.T.);
#3574=ADVANCED_FACE('',(#424),#300,.T.);
#3575=ADVANCED_FACE('',(#425),#74,.F.);
#3576=ADVANCED_FACE('',(#426),#75,.F.);
#3577=ADVANCED_FACE('',(#427),#49,.T.);
#3578=ADVANCED_FACE('',(#428),#76,.F.);
#3579=ADVANCED_FACE('',(#429),#77,.F.);
#3580=ADVANCED_FACE('',(#430),#301,.T.);
#3581=ADVANCED_FACE('',(#431),#93,.T.);
#3582=ADVANCED_FACE('',(#432),#3459,.F.);
#3583=ADVANCED_FACE('',(#433),#3460,.T.);
#3584=ADVANCED_FACE('',(#434),#3461,.T.);
#3585=ADVANCED_FACE('',(#435),#94,.T.);
#3586=ADVANCED_FACE('',(#436),#3462,.T.);
#3587=ADVANCED_FACE('',(#437),#95,.F.);
#3588=ADVANCED_FACE('',(#438),#78,.T.);
#3589=ADVANCED_FACE('',(#439,#24,#25,#26,#27),#3463,.F.);
#3590=ADVANCED_FACE('',(#440),#15,.F.);
#3591=ADVANCED_FACE('',(#441),#79,.T.);
#3592=ADVANCED_FACE('',(#442),#16,.F.);
#3593=ADVANCED_FACE('',(#443),#80,.T.);
#3594=ADVANCED_FACE('',(#444),#17,.F.);
#3595=ADVANCED_FACE('',(#445),#81,.T.);
#3596=ADVANCED_FACE('',(#446),#18,.F.);
#3597=ADVANCED_FACE('',(#447),#302,.T.);
#3598=ADVANCED_FACE('',(#448),#303,.T.);
#3599=ADVANCED_FACE('',(#449),#304,.F.);
#3600=ADVANCED_FACE('',(#450),#305,.T.);
#3601=ADVANCED_FACE('',(#451),#306,.T.);
#3602=ADVANCED_FACE('',(#452),#3464,.T.);
#3603=ADVANCED_FACE('',(#453),#307,.F.);
#3604=ADVANCED_FACE('',(#454),#3465,.T.);
#3605=ADVANCED_FACE('',(#455,#28),#308,.F.);
#3606=ADVANCED_FACE('',(#456),#3466,.T.);
#3607=ADVANCED_FACE('',(#457),#3467,.T.);
#3608=ADVANCED_FACE('',(#458,#29),#309,.T.);
#3609=ADVANCED_FACE('',(#459),#3468,.T.);
#3610=ADVANCED_FACE('',(#460),#310,.T.);
#3611=ADVANCED_FACE('',(#461),#311,.T.);
#3612=ADVANCED_FACE('',(#462),#312,.T.);
#3613=ADVANCED_FACE('',(#463),#50,.F.);
#3614=ADVANCED_FACE('',(#464),#3469,.T.);
#3615=ADVANCED_FACE('',(#465),#313,.T.);
#3616=ADVANCED_FACE('',(#466),#3470,.T.);
#3617=ADVANCED_FACE('',(#467),#314,.T.);
#3618=ADVANCED_FACE('',(#468),#315,.T.);
#3619=ADVANCED_FACE('',(#469),#3471,.T.);
#3620=ADVANCED_FACE('',(#470),#51,.F.);
#3621=ADVANCED_FACE('',(#471),#316,.F.);
#3622=ADVANCED_FACE('',(#472),#317,.F.);
#3623=ADVANCED_FACE('',(#473),#318,.F.);
#3624=ADVANCED_FACE('',(#474),#52,.F.);
#3625=ADVANCED_FACE('',(#475),#319,.F.);
#3626=ADVANCED_FACE('',(#476),#320,.F.);
#3627=ADVANCED_FACE('',(#477),#321,.T.);
#3628=ADVANCED_FACE('',(#478),#3472,.T.);
#3629=ADVANCED_FACE('',(#479),#3473,.T.);
#3630=ADVANCED_FACE('',(#480),#3474,.T.);
#3631=ADVANCED_FACE('',(#481),#53,.F.);
#3632=ADVANCED_FACE('',(#482),#82,.F.);
#3633=ADVANCED_FACE('',(#483),#54,.T.);
#3634=ADVANCED_FACE('',(#484),#55,.T.);
#3635=ADVANCED_FACE('',(#485),#83,.F.);
#3636=ADVANCED_FACE('',(#486),#56,.T.);
#3637=ADVANCED_FACE('',(#487),#57,.T.);
#3638=ADVANCED_FACE('',(#488),#3475,.F.);
#3639=ADVANCED_FACE('',(#489),#322,.F.);
#3640=ADVANCED_FACE('',(#490),#3476,.T.);
#3641=ADVANCED_FACE('',(#491,#30),#96,.F.);
#3642=ADVANCED_FACE('',(#492,#31),#97,.F.);
#3643=ADVANCED_FACE('',(#493),#323,.F.);
#3644=ADVANCED_FACE('',(#494),#58,.T.);
#3645=ADVANCED_FACE('',(#495),#59,.T.);
#3646=ADVANCED_FACE('',(#496),#84,.F.);
#3647=ADVANCED_FACE('',(#497),#85,.F.);
#3648=ADVANCED_FACE('',(#498),#60,.T.);
#3649=ADVANCED_FACE('',(#499),#61,.T.);
#3650=ADVANCED_FACE('',(#500),#324,.T.);
#3651=ADVANCED_FACE('',(#501),#3477,.F.);
#3652=ADVANCED_FACE('',(#502),#3478,.T.);
#3653=ADVANCED_FACE('',(#503),#3479,.T.);
#3654=ADVANCED_FACE('',(#504,#32),#98,.F.);
#3655=ADVANCED_FACE('',(#505),#325,.F.);
#3656=ADVANCED_FACE('',(#506),#326,.T.);
#3657=ADVANCED_FACE('',(#507),#327,.F.);
#3658=ADVANCED_FACE('',(#508,#33),#99,.F.);
#3659=ADVANCED_FACE('',(#509),#328,.T.);
#3660=ADVANCED_FACE('',(#510),#3480,.T.);
#3661=ADVANCED_FACE('',(#511),#329,.T.);
#3662=ADVANCED_FACE('',(#512,#34,#35,#36,#37),#330,.F.);
#3663=ADVANCED_FACE('',(#513),#3481,.F.);
#3664=ADVANCED_FACE('',(#514),#3482,.F.);
#3665=ADVANCED_FACE('',(#515),#3483,.F.);
#3666=ADVANCED_FACE('',(#516),#3484,.F.);
#3667=ADVANCED_FACE('',(#517),#3485,.F.);
#3668=ADVANCED_FACE('',(#518),#331,.F.);
#3669=ADVANCED_FACE('',(#519),#332,.F.);
#3670=ADVANCED_FACE('',(#520),#3486,.F.);
#3671=ADVANCED_FACE('',(#521),#3487,.F.);
#3672=ADVANCED_FACE('',(#522),#333,.T.);
#3673=ADVANCED_FACE('',(#523),#334,.T.);
#3674=ADVANCED_FACE('',(#524),#3488,.F.);
#3675=ADVANCED_FACE('',(#525),#3489,.F.);
#3676=ADVANCED_FACE('',(#526),#335,.T.);
#3677=ADVANCED_FACE('',(#527),#336,.T.);
#3678=ADVANCED_FACE('',(#528),#86,.F.);
#3679=ADVANCED_FACE('',(#529),#87,.F.);
#3680=ADVANCED_FACE('',(#530),#3490,.T.);
#3681=ADVANCED_FACE('',(#531),#337,.F.);
#3682=ADVANCED_FACE('',(#532),#3491,.F.);
#3683=ADVANCED_FACE('',(#533),#3492,.T.);
#3684=ADVANCED_FACE('',(#534),#88,.F.);
#3685=ADVANCED_FACE('',(#535),#89,.F.);
#3686=ADVANCED_FACE('',(#536),#3493,.F.);
#3687=ADVANCED_FACE('',(#537),#90,.T.);
#3688=ADVANCED_FACE('',(#538),#3494,.T.);
#3689=ADVANCED_FACE('',(#539),#338,.T.);
#3690=ADVANCED_FACE('',(#540),#339,.T.);
#3691=ADVANCED_FACE('',(#541),#3495,.T.);
#3692=ADVANCED_FACE('',(#542),#3496,.T.);
#3693=ADVANCED_FACE('',(#543),#340,.T.);
#3694=ADVANCED_FACE('',(#544),#341,.T.);
#3695=ADVANCED_FACE('',(#545),#342,.F.);
#3696=ADVANCED_FACE('',(#546),#343,.T.);
#3697=ADVANCED_FACE('',(#547),#3497,.F.);
#3698=ADVANCED_FACE('',(#548),#344,.F.);
#3699=ADVANCED_FACE('',(#549),#345,.T.);
#3700=ADVANCED_FACE('',(#550),#346,.F.);
#3701=ADVANCED_FACE('',(#551),#3498,.F.);
#3702=ADVANCED_FACE('',(#552),#347,.F.);
#3703=ADVANCED_FACE('',(#553),#348,.F.);
#3704=CLOSED_SHELL('',(#3499,#3500,#3501,#3502,#3503,#3504,#3505,#3506,
#3507,#3508,#3509,#3510,#3511,#3512,#3513,#3514,#3515,#3516,#3517,#3518,
#3519,#3520,#3521,#3522,#3523,#3524,#3525,#3526,#3527,#3528,#3529,#3530,
#3531,#3532,#3533,#3534,#3535,#3536,#3537,#3538,#3539,#3540,#3541,#3542,
#3543,#3544,#3545,#3546,#3547,#3548,#3549,#3550,#3551,#3552,#3553,#3554,
#3555,#3556,#3557,#3558,#3559,#3560,#3561,#3562,#3563,#3564,#3565,#3566,
#3567,#3568,#3569,#3570,#3571,#3572,#3573,#3574,#3575,#3576,#3577,#3578,
#3579,#3580,#3581,#3582,#3583,#3584,#3585,#3586,#3587,#3588,#3589,#3590,
#3591,#3592,#3593,#3594,#3595,#3596,#3597,#3598,#3599,#3600,#3601,#3602,
#3603,#3604,#3605,#3606,#3607,#3608,#3609,#3610,#3611,#3612,#3613,#3614,
#3615,#3616,#3617,#3618,#3619,#3620,#3621,#3622,#3623,#3624,#3625,#3626,
#3627,#3628,#3629,#3630,#3631,#3632,#3633,#3634,#3635,#3636,#3637,#3638,
#3639,#3640,#3641,#3642,#3643,#3644,#3645,#3646,#3647,#3648,#3649,#3650,
#3651,#3652,#3653,#3654,#3655,#3656,#3657,#3658,#3659,#3660,#3661,#3662,
#3663,#3664,#3665,#3666,#3667,#3668,#3669,#3670,#3671,#3672,#3673,#3674,
#3675,#3676,#3677,#3678,#3679,#3680,#3681,#3682,#3683,#3684,#3685,#3686,
#3687,#3688,#3689,#3690,#3691,#3692,#3693,#3694,#3695,#3696,#3697,#3698,
#3699,#3700,#3701,#3702,#3703));
#3705=DERIVED_UNIT_ELEMENT(#3707,1.);
#3706=DERIVED_UNIT_ELEMENT(#9934,-3.);
#3707=(
MASS_UNIT()
NAMED_UNIT(*)
SI_UNIT(.KILO.,.GRAM.)
);
#3708=DERIVED_UNIT((#3705,#3706));
#3709=MEASURE_REPRESENTATION_ITEM('density measure',
POSITIVE_RATIO_MEASURE(7850.),#3708);
#3710=PROPERTY_DEFINITION_REPRESENTATION(#3715,#3712);
#3711=PROPERTY_DEFINITION_REPRESENTATION(#3716,#3713);
#3712=REPRESENTATION('material name',(#3714),#9931);
#3713=REPRESENTATION('density',(#3709),#9931);
#3714=DESCRIPTIVE_REPRESENTATION_ITEM('Steel','Steel');
#3715=PROPERTY_DEFINITION('material property','material name',#9941);
#3716=PROPERTY_DEFINITION('material property','density of part',#9941);
#3717=AXIS2_PLACEMENT_3D('',#4972,#4055,#4056);
#3718=AXIS2_PLACEMENT_3D('',#4973,#4057,#4058);
#3719=AXIS2_PLACEMENT_3D('',#4976,#4059,#4060);
#3720=AXIS2_PLACEMENT_3D('',#4980,#4062,#4063);
#3721=AXIS2_PLACEMENT_3D('',#4982,#4065,#4066);
#3722=AXIS2_PLACEMENT_3D('',#4986,#4068,#4069);
#3723=AXIS2_PLACEMENT_3D('',#4993,#4071,#4072);
#3724=AXIS2_PLACEMENT_3D('',#4996,#4073,#4074);
#3725=AXIS2_PLACEMENT_3D('',#5000,#4076,#4077);
#3726=AXIS2_PLACEMENT_3D('',#5002,#4079,#4080);
#3727=AXIS2_PLACEMENT_3D('',#5011,#4082,#4083);
#3728=AXIS2_PLACEMENT_3D('',#5013,#4085,#4086);
#3729=AXIS2_PLACEMENT_3D('',#5018,#4088,#4089);
#3730=AXIS2_PLACEMENT_3D('',#5021,#4091,#4092);
#3731=AXIS2_PLACEMENT_3D('',#5022,#4093,#4094);
#3732=AXIS2_PLACEMENT_3D('',#5026,#4096,#4097);
#3733=AXIS2_PLACEMENT_3D('',#5030,#4099,#4100);
#3734=AXIS2_PLACEMENT_3D('',#5068,#4101,#4102);
#3735=AXIS2_PLACEMENT_3D('',#5077,#4107,#4108);
#3736=AXIS2_PLACEMENT_3D('',#5080,#4109,#4110);
#3737=AXIS2_PLACEMENT_3D('',#5084,#4112,#4113);
#3738=AXIS2_PLACEMENT_3D('',#5086,#4115,#4116);
#3739=AXIS2_PLACEMENT_3D('',#5088,#4117,#4118);
#3740=AXIS2_PLACEMENT_3D('',#5091,#4120,#4121);
#3741=AXIS2_PLACEMENT_3D('',#5092,#4122,#4123);
#3742=AXIS2_PLACEMENT_3D('',#5096,#4125,#4126);
#3743=AXIS2_PLACEMENT_3D('',#5098,#4128,#4129);
#3744=AXIS2_PLACEMENT_3D('',#5101,#4132,#4133);
#3745=AXIS2_PLACEMENT_3D('',#5141,#4134,#4135);
#3746=AXIS2_PLACEMENT_3D('',#5143,#4137,#4138);
#3747=AXIS2_PLACEMENT_3D('',#5146,#4140,#4141);
#3748=AXIS2_PLACEMENT_3D('',#5147,#4142,#4143);
#3749=AXIS2_PLACEMENT_3D('',#5151,#4146,#4147);
#3750=AXIS2_PLACEMENT_3D('',#5154,#4148,#4149);
#3751=AXIS2_PLACEMENT_3D('',#5157,#4152,#4153);
#3752=AXIS2_PLACEMENT_3D('',#5159,#4155,#4156);
#3753=AXIS2_PLACEMENT_3D('',#5198,#4159,#4160);
#3754=AXIS2_PLACEMENT_3D('',#5202,#4162,#4163);
#3755=AXIS2_PLACEMENT_3D('',#5204,#4165,#4166);
#3756=AXIS2_PLACEMENT_3D('',#5217,#4171,#4172);
#3757=AXIS2_PLACEMENT_3D('',#5219,#4173,#4174);
#3758=AXIS2_PLACEMENT_3D('',#5222,#4176,#4177);
#3759=AXIS2_PLACEMENT_3D('',#5223,#4178,#4179);
#3760=AXIS2_PLACEMENT_3D('',#5227,#4181,#4182);
#3761=AXIS2_PLACEMENT_3D('',#5230,#4184,#4185);
#3762=AXIS2_PLACEMENT_3D('',#5231,#4186,#4187);
#3763=AXIS2_PLACEMENT_3D('',#5242,#4191,#4192);
#3764=AXIS2_PLACEMENT_3D('',#5255,#4197,#4198);
#3765=AXIS2_PLACEMENT_3D('',#5258,#4200,#4201);
#3766=AXIS2_PLACEMENT_3D('',#5335,#4202,#4203);
#3767=AXIS2_PLACEMENT_3D('',#5344,#4208,#4209);
#3768=AXIS2_PLACEMENT_3D('',#5350,#4213,#4214);
#3769=AXIS2_PLACEMENT_3D('',#5356,#4218,#4219);
#3770=AXIS2_PLACEMENT_3D('',#5362,#4223,#4224);
#3771=AXIS2_PLACEMENT_3D('',#5368,#4228,#4229);
#3772=AXIS2_PLACEMENT_3D('',#5371,#4232,#4233);
#3773=AXIS2_PLACEMENT_3D('',#5372,#4234,#4235);
#3774=AXIS2_PLACEMENT_3D('',#5381,#4240,#4241);
#3775=AXIS2_PLACEMENT_3D('',#5387,#4245,#4246);
#3776=AXIS2_PLACEMENT_3D('',#5393,#4250,#4251);
#3777=AXIS2_PLACEMENT_3D('',#5396,#4254,#4255);
#3778=AXIS2_PLACEMENT_3D('',#5397,#4256,#4257);
#3779=AXIS2_PLACEMENT_3D('',#5406,#4262,#4263);
#3780=AXIS2_PLACEMENT_3D('',#5412,#4267,#4268);
#3781=AXIS2_PLACEMENT_3D('',#5418,#4272,#4273);
#3782=AXIS2_PLACEMENT_3D('',#5421,#4276,#4277);
#3783=AXIS2_PLACEMENT_3D('',#5499,#4278,#4279);
#3784=AXIS2_PLACEMENT_3D('',#5508,#4280,#4281);
#3785=AXIS2_PLACEMENT_3D('',#5511,#4282,#4283);
#3786=AXIS2_PLACEMENT_3D('',#5513,#4284,#4285);
#3787=AXIS2_PLACEMENT_3D('',#5515,#4286,#4287);
#3788=AXIS2_PLACEMENT_3D('',#5516,#4288,#4289);
#3789=AXIS2_PLACEMENT_3D('',#5517,#4290,#4291);
#3790=AXIS2_PLACEMENT_3D('',#5520,#4292,#4293);
#3791=AXIS2_PLACEMENT_3D('',#5521,#4294,#4295);
#3792=AXIS2_PLACEMENT_3D('',#5522,#4296,#4297);
#3793=AXIS2_PLACEMENT_3D('',#5603,#4298,#4299);
#3794=AXIS2_PLACEMENT_3D('',#5604,#4300,#4301);
#3795=AXIS2_PLACEMENT_3D('',#5605,#4302,#4303);
#3796=AXIS2_PLACEMENT_3D('',#5638,#4304,#4305);
#3797=AXIS2_PLACEMENT_3D('',#5644,#4306,#4307);
#3798=AXIS2_PLACEMENT_3D('',#5664,#4310,#4311);
#3799=AXIS2_PLACEMENT_3D('',#5666,#4313,#4314);
#3800=AXIS2_PLACEMENT_3D('',#5669,#4315,#4316);
#3801=AXIS2_PLACEMENT_3D('',#5671,#4317,#4318);
#3802=AXIS2_PLACEMENT_3D('',#5673,#4319,#4320);
#3803=AXIS2_PLACEMENT_3D('',#5674,#4321,#4322);
#3804=AXIS2_PLACEMENT_3D('',#5675,#4323,#4324);
#3805=AXIS2_PLACEMENT_3D('',#5678,#4325,#4326);
#3806=AXIS2_PLACEMENT_3D('',#5679,#4327,#4328);
#3807=AXIS2_PLACEMENT_3D('',#5680,#4329,#4330);
#3808=AXIS2_PLACEMENT_3D('',#5681,#4331,#4332);
#3809=AXIS2_PLACEMENT_3D('',#5684,#4333,#4334);
#3810=AXIS2_PLACEMENT_3D('',#5685,#4335,#4336);
#3811=AXIS2_PLACEMENT_3D('',#5686,#4337,#4338);
#3812=AXIS2_PLACEMENT_3D('',#5857,#4339,#4340);
#3813=AXIS2_PLACEMENT_3D('',#5865,#4341,#4342);
#3814=AXIS2_PLACEMENT_3D('',#5869,#4344,#4345);
#3815=AXIS2_PLACEMENT_3D('',#5871,#4346,#4347);
#3816=AXIS2_PLACEMENT_3D('',#5895,#4348,#4349);
#3817=AXIS2_PLACEMENT_3D('',#5897,#4350,#4351);
#3818=AXIS2_PLACEMENT_3D('',#5901,#4353,#4354);
#3819=AXIS2_PLACEMENT_3D('',#5909,#4355,#4356);
#3820=AXIS2_PLACEMENT_3D('',#5913,#4358,#4359);
#3821=AXIS2_PLACEMENT_3D('',#5946,#4361,#4362);
#3822=AXIS2_PLACEMENT_3D('',#5947,#4363,#4364);
#3823=AXIS2_PLACEMENT_3D('',#5981,#4367,#4368);
#3824=AXIS2_PLACEMENT_3D('',#5993,#4369,#4370);
#3825=AXIS2_PLACEMENT_3D('',#5994,#4371,#4372);
#3826=AXIS2_PLACEMENT_3D('',#6075,#4386,#4387);
#3827=AXIS2_PLACEMENT_3D('',#6081,#4388,#4389);
#3828=AXIS2_PLACEMENT_3D('',#6093,#4390,#4391);
#3829=AXIS2_PLACEMENT_3D('',#6133,#4396,#4397);
#3830=AXIS2_PLACEMENT_3D('',#6137,#4399,#4400);
#3831=AXIS2_PLACEMENT_3D('',#6138,#4401,#4402);
#3832=AXIS2_PLACEMENT_3D('',#6139,#4403,#4404);
#3833=AXIS2_PLACEMENT_3D('',#6224,#4417,#4418);
#3834=AXIS2_PLACEMENT_3D('',#6230,#4419,#4420);
#3835=AXIS2_PLACEMENT_3D('',#6231,#4421,#4422);
#3836=AXIS2_PLACEMENT_3D('',#6232,#4423,#4424);
#3837=AXIS2_PLACEMENT_3D('',#6233,#4425,#4426);
#3838=AXIS2_PLACEMENT_3D('',#6234,#4427,#4428);
#3839=AXIS2_PLACEMENT_3D('',#6236,#4429,#4430);
#3840=AXIS2_PLACEMENT_3D('',#6238,#4431,#4432);
#3841=AXIS2_PLACEMENT_3D('',#6262,#4433,#4434);
#3842=AXIS2_PLACEMENT_3D('',#6263,#4435,#4436);
#3843=AXIS2_PLACEMENT_3D('',#6265,#4437,#4438);
#3844=AXIS2_PLACEMENT_3D('',#6266,#4439,#4440);
#3845=AXIS2_PLACEMENT_3D('',#6267,#4441,#4442);
#3846=AXIS2_PLACEMENT_3D('',#6306,#4443,#4444);
#3847=AXIS2_PLACEMENT_3D('',#6311,#4445,#4446);
#3848=AXIS2_PLACEMENT_3D('',#6313,#4447,#4448);
#3849=AXIS2_PLACEMENT_3D('',#6315,#4449,#4450);
#3850=AXIS2_PLACEMENT_3D('',#6316,#4451,#4452);
#3851=AXIS2_PLACEMENT_3D('',#6322,#4453,#4454);
#3852=AXIS2_PLACEMENT_3D('',#6359,#4455,#4456);
#3853=AXIS2_PLACEMENT_3D('',#6408,#4457,#4458);
#3854=AXIS2_PLACEMENT_3D('',#6414,#4462,#4463);
#3855=AXIS2_PLACEMENT_3D('',#6457,#4464,#4465);
#3856=AXIS2_PLACEMENT_3D('',#6489,#4466,#4467);
#3857=AXIS2_PLACEMENT_3D('',#6490,#4468,#4469);
#3858=AXIS2_PLACEMENT_3D('',#6492,#4470,#4471);
#3859=AXIS2_PLACEMENT_3D('',#6493,#4472,#4473);
#3860=AXIS2_PLACEMENT_3D('',#6494,#4474,#4475);
#3861=AXIS2_PLACEMENT_3D('',#6521,#4476,#4477);
#3862=AXIS2_PLACEMENT_3D('',#6554,#4478,#4479);
#3863=AXIS2_PLACEMENT_3D('',#6558,#4481,#4482);
#3864=AXIS2_PLACEMENT_3D('',#6562,#4484,#4485);
#3865=AXIS2_PLACEMENT_3D('',#6566,#4487,#4488);
#3866=AXIS2_PLACEMENT_3D('',#6637,#4490,#4491);
#3867=AXIS2_PLACEMENT_3D('',#6639,#4493,#4494);
#3868=AXIS2_PLACEMENT_3D('',#6640,#4495,#4496);
#3869=AXIS2_PLACEMENT_3D('',#6814,#4497,#4498);
#3870=AXIS2_PLACEMENT_3D('',#6971,#4504,#4505);
#3871=AXIS2_PLACEMENT_3D('',#6973,#4506,#4507);
#3872=AXIS2_PLACEMENT_3D('',#6977,#4509,#4510);
#3873=AXIS2_PLACEMENT_3D('',#6979,#4511,#4512);
#3874=AXIS2_PLACEMENT_3D('',#6981,#4513,#4514);
#3875=AXIS2_PLACEMENT_3D('',#6985,#4516,#4517);
#3876=AXIS2_PLACEMENT_3D('',#6986,#4518,#4519);
#3877=AXIS2_PLACEMENT_3D('',#7057,#4520,#4521);
#3878=AXIS2_PLACEMENT_3D('',#7060,#4523,#4524);
#3879=AXIS2_PLACEMENT_3D('',#7223,#4526,#4527);
#3880=AXIS2_PLACEMENT_3D('',#7226,#4529,#4530);
#3881=AXIS2_PLACEMENT_3D('',#7304,#4532,#4533);
#3882=AXIS2_PLACEMENT_3D('',#7307,#4535,#4536);
#3883=AXIS2_PLACEMENT_3D('',#7425,#4538,#4539);
#3884=AXIS2_PLACEMENT_3D('',#7428,#4541,#4542);
#3885=AXIS2_PLACEMENT_3D('',#7429,#4543,#4544);
#3886=AXIS2_PLACEMENT_3D('',#7431,#4545,#4546);
#3887=AXIS2_PLACEMENT_3D('',#7434,#4548,#4549);
#3888=AXIS2_PLACEMENT_3D('',#7435,#4550,#4551);
#3889=AXIS2_PLACEMENT_3D('',#7437,#4552,#4553);
#3890=AXIS2_PLACEMENT_3D('',#7439,#4555,#4556);
#3891=AXIS2_PLACEMENT_3D('',#7441,#4557,#4558);
#3892=AXIS2_PLACEMENT_3D('',#7445,#4560,#4561);
#3893=AXIS2_PLACEMENT_3D('',#7447,#4563,#4564);
#3894=AXIS2_PLACEMENT_3D('',#7449,#4565,#4566);
#3895=AXIS2_PLACEMENT_3D('',#7452,#4568,#4569);
#3896=AXIS2_PLACEMENT_3D('',#7453,#4570,#4571);
#3897=AXIS2_PLACEMENT_3D('',#7455,#4572,#4573);
#3898=AXIS2_PLACEMENT_3D('',#7457,#4574,#4575);
#3899=AXIS2_PLACEMENT_3D('',#7459,#4577,#4578);
#3900=AXIS2_PLACEMENT_3D('',#7460,#4579,#4580);
#3901=AXIS2_PLACEMENT_3D('',#7461,#4581,#4582);
#3902=AXIS2_PLACEMENT_3D('',#7463,#4583,#4584);
#3903=AXIS2_PLACEMENT_3D('',#7467,#4586,#4587);
#3904=AXIS2_PLACEMENT_3D('',#7469,#4589,#4590);
#3905=AXIS2_PLACEMENT_3D('',#7489,#4592,#4593);
#3906=AXIS2_PLACEMENT_3D('',#7493,#4595,#4596);
#3907=AXIS2_PLACEMENT_3D('',#7501,#4600,#4601);
#3908=AXIS2_PLACEMENT_3D('',#7506,#4604,#4605);
#3909=AXIS2_PLACEMENT_3D('',#7513,#4610,#4611);
#3910=AXIS2_PLACEMENT_3D('',#7533,#4613,#4614);
#3911=AXIS2_PLACEMENT_3D('',#7556,#4617,#4618);
#3912=AXIS2_PLACEMENT_3D('',#7558,#4619,#4620);
#3913=AXIS2_PLACEMENT_3D('',#7566,#4624,#4625);
#3914=AXIS2_PLACEMENT_3D('',#7571,#4628,#4629);
#3915=AXIS2_PLACEMENT_3D('',#7578,#4634,#4635);
#3916=AXIS2_PLACEMENT_3D('',#7595,#4636,#4637);
#3917=AXIS2_PLACEMENT_3D('',#7609,#4640,#4641);
#3918=AXIS2_PLACEMENT_3D('',#7623,#4644,#4645);
#3919=AXIS2_PLACEMENT_3D('',#7625,#4647,#4648);
#3920=AXIS2_PLACEMENT_3D('',#7626,#4649,#4650);
#3921=AXIS2_PLACEMENT_3D('',#7627,#4651,#4652);
#3922=AXIS2_PLACEMENT_3D('',#7628,#4653,#4654);
#3923=AXIS2_PLACEMENT_3D('',#7629,#4655,#4656);
#3924=AXIS2_PLACEMENT_3D('',#7632,#4658,#4659);
#3925=AXIS2_PLACEMENT_3D('',#7633,#4660,#4661);
#3926=AXIS2_PLACEMENT_3D('',#7635,#4663,#4664);
#3927=AXIS2_PLACEMENT_3D('',#7636,#4665,#4666);
#3928=AXIS2_PLACEMENT_3D('',#7637,#4667,#4668);
#3929=AXIS2_PLACEMENT_3D('',#7638,#4669,#4670);
#3930=AXIS2_PLACEMENT_3D('',#7653,#4671,#4672);
#3931=AXIS2_PLACEMENT_3D('',#7667,#4675,#4676);
#3932=AXIS2_PLACEMENT_3D('',#7671,#4679,#4680);
#3933=AXIS2_PLACEMENT_3D('',#7683,#4682,#4683);
#3934=AXIS2_PLACEMENT_3D('',#7698,#4684,#4685);
#3935=AXIS2_PLACEMENT_3D('',#7702,#4688,#4689);
#3936=AXIS2_PLACEMENT_3D('',#7703,#4690,#4691);
#3937=AXIS2_PLACEMENT_3D('',#7704,#4692,#4693);
#3938=AXIS2_PLACEMENT_3D('',#7705,#4694,#4695);
#3939=AXIS2_PLACEMENT_3D('',#7706,#4696,#4697);
#3940=AXIS2_PLACEMENT_3D('',#7707,#4698,#4699);
#3941=AXIS2_PLACEMENT_3D('',#7708,#4700,#4701);
#3942=AXIS2_PLACEMENT_3D('',#7709,#4702,#4703);
#3943=AXIS2_PLACEMENT_3D('',#7710,#4704,#4705);
#3944=AXIS2_PLACEMENT_3D('',#7990,#4706,#4707);
#3945=AXIS2_PLACEMENT_3D('',#8033,#4708,#4709);
#3946=AXIS2_PLACEMENT_3D('',#8036,#4710,#4711);
#3947=AXIS2_PLACEMENT_3D('',#8037,#4712,#4713);
#3948=AXIS2_PLACEMENT_3D('',#8038,#4714,#4715);
#3949=AXIS2_PLACEMENT_3D('',#8039,#4716,#4717);
#3950=AXIS2_PLACEMENT_3D('',#8042,#4718,#4719);
#3951=AXIS2_PLACEMENT_3D('',#8043,#4720,#4721);
#3952=AXIS2_PLACEMENT_3D('',#8044,#4722,#4723);
#3953=AXIS2_PLACEMENT_3D('',#8314,#4724,#4725);
#3954=AXIS2_PLACEMENT_3D('',#8317,#4726,#4727);
#3955=AXIS2_PLACEMENT_3D('',#8318,#4728,#4729);
#3956=AXIS2_PLACEMENT_3D('',#8319,#4730,#4731);
#3957=AXIS2_PLACEMENT_3D('',#8320,#4732,#4733);
#3958=AXIS2_PLACEMENT_3D('',#8321,#4734,#4735);
#3959=AXIS2_PLACEMENT_3D('',#8322,#4736,#4737);
#3960=AXIS2_PLACEMENT_3D('',#8323,#4738,#4739);
#3961=AXIS2_PLACEMENT_3D('',#8325,#4741,#4742);
#3962=AXIS2_PLACEMENT_3D('',#8327,#4744,#4745);
#3963=AXIS2_PLACEMENT_3D('',#8596,#4751,#4752);
#3964=AXIS2_PLACEMENT_3D('',#8597,#4753,#4754);
#3965=AXIS2_PLACEMENT_3D('',#8600,#4755,#4756);
#3966=AXIS2_PLACEMENT_3D('',#8601,#4757,#4758);
#3967=AXIS2_PLACEMENT_3D('',#8602,#4759,#4760);
#3968=AXIS2_PLACEMENT_3D('',#8603,#4761,#4762);
#3969=AXIS2_PLACEMENT_3D('',#8606,#4763,#4764);
#3970=AXIS2_PLACEMENT_3D('',#8607,#4765,#4766);
#3971=AXIS2_PLACEMENT_3D('',#8608,#4767,#4768);
#3972=AXIS2_PLACEMENT_3D('',#9143,#4769,#4770);
#3973=AXIS2_PLACEMENT_3D('',#9185,#4771,#4772);
#3974=AXIS2_PLACEMENT_3D('',#9188,#4773,#4774);
#3975=AXIS2_PLACEMENT_3D('',#9189,#4775,#4776);
#3976=AXIS2_PLACEMENT_3D('',#9190,#4777,#4778);
#3977=AXIS2_PLACEMENT_3D('',#9191,#4779,#4780);
#3978=AXIS2_PLACEMENT_3D('',#9192,#4781,#4782);
#3979=AXIS2_PLACEMENT_3D('',#9193,#4783,#4784);
#3980=AXIS2_PLACEMENT_3D('',#9194,#4785,#4786);
#3981=AXIS2_PLACEMENT_3D('',#9196,#4788,#4789);
#3982=AXIS2_PLACEMENT_3D('',#9198,#4791,#4792);
#3983=AXIS2_PLACEMENT_3D('',#9200,#4794,#4795);
#3984=AXIS2_PLACEMENT_3D('',#9335,#4799,#4800);
#3985=AXIS2_PLACEMENT_3D('',#9337,#4802,#4803);
#3986=AXIS2_PLACEMENT_3D('',#9338,#4804,#4805);
#3987=AXIS2_PLACEMENT_3D('',#9471,#4808,#4809);
#3988=AXIS2_PLACEMENT_3D('',#9473,#4811,#4812);
#3989=AXIS2_PLACEMENT_3D('',#9474,#4813,#4814);
#3990=AXIS2_PLACEMENT_3D('',#9476,#4816,#4817);
#3991=AXIS2_PLACEMENT_3D('',#9477,#4818,#4819);
#3992=AXIS2_PLACEMENT_3D('',#9478,#4820,#4821);
#3993=AXIS2_PLACEMENT_3D('',#9481,#4823,#4824);
#3994=AXIS2_PLACEMENT_3D('',#9482,#4825,#4826);
#3995=AXIS2_PLACEMENT_3D('',#9485,#4828,#4829);
#3996=AXIS2_PLACEMENT_3D('',#9486,#4830,#4831);
#3997=AXIS2_PLACEMENT_3D('',#9487,#4832,#4833);
#3998=AXIS2_PLACEMENT_3D('',#9489,#4835,#4836);
#3999=AXIS2_PLACEMENT_3D('',#9491,#4838,#4839);
#4000=AXIS2_PLACEMENT_3D('',#9493,#4841,#4842);
#4001=AXIS2_PLACEMENT_3D('',#9494,#4843,#4844);
#4002=AXIS2_PLACEMENT_3D('',#9495,#4845,#4846);
#4003=AXIS2_PLACEMENT_3D('',#9497,#4848,#4849);
#4004=AXIS2_PLACEMENT_3D('',#9501,#4852,#4853);
#4005=AXIS2_PLACEMENT_3D('',#9503,#4854,#4855);
#4006=AXIS2_PLACEMENT_3D('',#9505,#4856,#4857);
#4007=AXIS2_PLACEMENT_3D('',#9506,#4858,#4859);
#4008=AXIS2_PLACEMENT_3D('',#9508,#4861,#4862);
#4009=AXIS2_PLACEMENT_3D('',#9512,#4864,#4865);
#4010=AXIS2_PLACEMENT_3D('',#9514,#4866,#4867);
#4011=AXIS2_PLACEMENT_3D('',#9516,#4868,#4869);
#4012=AXIS2_PLACEMENT_3D('',#9518,#4870,#4871);
#4013=AXIS2_PLACEMENT_3D('',#9519,#4872,#4873);
#4014=AXIS2_PLACEMENT_3D('',#9520,#4874,#4875);
#4015=AXIS2_PLACEMENT_3D('',#9521,#4876,#4877);
#4016=AXIS2_PLACEMENT_3D('',#9559,#4879,#4880);
#4017=AXIS2_PLACEMENT_3D('',#9665,#4881,#4882);
#4018=AXIS2_PLACEMENT_3D('',#9686,#4883,#4884);
#4019=AXIS2_PLACEMENT_3D('',#9689,#4885,#4886);
#4020=AXIS2_PLACEMENT_3D('',#9692,#4889,#4890);
#4021=AXIS2_PLACEMENT_3D('',#9694,#4891,#4892);
#4022=AXIS2_PLACEMENT_3D('',#9696,#4893,#4894);
#4023=AXIS2_PLACEMENT_3D('',#9698,#4895,#4896);
#4024=AXIS2_PLACEMENT_3D('',#9700,#4897,#4898);
#4025=AXIS2_PLACEMENT_3D('',#9701,#4899,#4900);
#4026=AXIS2_PLACEMENT_3D('',#9702,#4901,#4902);
#4027=AXIS2_PLACEMENT_3D('',#9705,#4905,#4906);
#4028=AXIS2_PLACEMENT_3D('',#9709,#4908,#4909);
#4029=AXIS2_PLACEMENT_3D('',#9757,#4911,#4912);
#4030=AXIS2_PLACEMENT_3D('',#9858,#4913,#4914);
#4031=AXIS2_PLACEMENT_3D('',#9891,#4917,#4918);
#4032=AXIS2_PLACEMENT_3D('',#9892,#4919,#4920);
#4033=AXIS2_PLACEMENT_3D('',#9893,#4921,#4922);
#4034=AXIS2_PLACEMENT_3D('',#9894,#4923,#4924);
#4035=AXIS2_PLACEMENT_3D('',#9895,#4925,#4926);
#4036=AXIS2_PLACEMENT_3D('',#9897,#4927,#4928);
#4037=AXIS2_PLACEMENT_3D('',#9899,#4930,#4931);
#4038=AXIS2_PLACEMENT_3D('',#9900,#4932,#4933);
#4039=AXIS2_PLACEMENT_3D('',#9905,#4936,#4937);
#4040=AXIS2_PLACEMENT_3D('',#9906,#4938,#4939);
#4041=AXIS2_PLACEMENT_3D('',#9909,#4941,#4942);
#4042=AXIS2_PLACEMENT_3D('',#9910,#4943,#4944);
#4043=AXIS2_PLACEMENT_3D('',#9913,#4946,#4947);
#4044=AXIS2_PLACEMENT_3D('',#9914,#4948,#4949);
#4045=AXIS2_PLACEMENT_3D('',#9915,#4950,#4951);
#4046=AXIS2_PLACEMENT_3D('',#9916,#4952,#4953);
#4047=AXIS2_PLACEMENT_3D('',#9917,#4954,#4955);
#4048=AXIS2_PLACEMENT_3D('',#9921,#4957,#4958);
#4049=AXIS2_PLACEMENT_3D('',#9923,#4960,#4961);
#4050=AXIS2_PLACEMENT_3D('',#9924,#4962,#4963);
#4051=AXIS2_PLACEMENT_3D('',#9925,#4964,#4965);
#4052=AXIS2_PLACEMENT_3D('',#9926,#4966,#4967);
#4053=AXIS2_PLACEMENT_3D('',#9927,#4968,#4969);
#4054=AXIS2_PLACEMENT_3D('',#9928,#4970,#4971);
#4055=DIRECTION('axis',(0.,0.,1.));
#4056=DIRECTION('refdir',(1.,0.,0.));
#4057=DIRECTION('center_axis',(0.,1.,0.));
#4058=DIRECTION('ref_axis',(0.317415402901811,0.,-0.948286592755946));
#4059=DIRECTION('center_axis',(0.,-1.,0.));
#4060=DIRECTION('ref_axis',(0.317415402901811,0.,-0.948286592755946));
#4061=DIRECTION('',(0.,-1.,0.));
#4062=DIRECTION('center_axis',(0.,-1.,0.));
#4063=DIRECTION('ref_axis',(0.317415402901811,0.,-0.948286592755946));
#4064=DIRECTION('',(0.,1.,0.));
#4065=DIRECTION('center_axis',(0.866025403784439,0.,-0.5));
#4066=DIRECTION('ref_axis',(-0.5,0.,-0.866025403784439));
#4067=DIRECTION('',(-0.5,0.,-0.866025403784439));
#4068=DIRECTION('center_axis',(-0.866025403784439,0.,0.5));
#4069=DIRECTION('ref_axis',(0.5,8.01234452659457E-17,0.866025403784439));
#4070=DIRECTION('',(-0.5,0.,-0.866025403784439));
#4071=DIRECTION('center_axis',(0.,1.,0.));
#4072=DIRECTION('ref_axis',(0.317415402901811,0.,-0.948286592755946));
#4073=DIRECTION('center_axis',(0.,1.,0.));
#4074=DIRECTION('ref_axis',(0.317415402901811,0.,-0.948286592755946));
#4075=DIRECTION('',(0.,1.,0.));
#4076=DIRECTION('center_axis',(0.,1.,0.));
#4077=DIRECTION('ref_axis',(0.317415402901811,0.,-0.948286592755946));
#4078=DIRECTION('',(0.,-1.,0.));
#4079=DIRECTION('center_axis',(0.866025403784439,0.,-0.5));
#4080=DIRECTION('ref_axis',(-0.5,0.,-0.866025403784439));
#4081=DIRECTION('',(0.5,0.,0.866025403784439));
#4082=DIRECTION('center_axis',(-0.866025403784439,0.,0.5));
#4083=DIRECTION('ref_axis',(0.5,-8.01234452659457E-17,0.866025403784439));
#4084=DIRECTION('',(0.5,0.,0.866025403784439));
#4085=DIRECTION('center_axis',(0.,1.,0.));
#4086=DIRECTION('ref_axis',(1.,0.,0.));
#4087=DIRECTION('',(-1.,0.,-1.17892258591652E-14));
#4088=DIRECTION('center_axis',(0.,1.,0.));
#4089=DIRECTION('ref_axis',(1.,0.,0.));
#4090=DIRECTION('',(0.766044443118981,0.,0.642787609686536));
#4091=DIRECTION('center_axis',(0.,-1.,0.));
#4092=DIRECTION('ref_axis',(-0.360066009551029,0.,-0.932926829266903));
#4093=DIRECTION('center_axis',(0.,1.,0.));
#4094=DIRECTION('ref_axis',(1.,0.,0.));
#4095=DIRECTION('',(0.920596090327298,0.,-0.390516118072089));
#4096=DIRECTION('center_axis',(0.,1.,0.));
#4097=DIRECTION('ref_axis',(1.,0.,0.));
#4098=DIRECTION('',(1.,0.,-5.4294567158758E-12));
#4099=DIRECTION('center_axis',(0.,-1.,0.));
#4100=DIRECTION('ref_axis',(-0.360066009551029,0.,-0.932926829266903));
#4101=DIRECTION('center_axis',(0.642787609686536,0.,-0.766044443118981));
#4102=DIRECTION('ref_axis',(-0.766044443118981,0.,-0.642787609686536));
#4103=DIRECTION('',(-0.766044443118981,0.,-0.642787609686536));
#4104=DIRECTION('',(0.,1.,0.));
#4105=DIRECTION('',(-0.766044443118981,0.,-0.642787609686536));
#4106=DIRECTION('',(0.,1.,0.));
#4107=DIRECTION('center_axis',(0.,1.,0.));
#4108=DIRECTION('ref_axis',(1.,0.,0.));
#4109=DIRECTION('center_axis',(0.,-1.,0.));
#4110=DIRECTION('ref_axis',(1.,0.,0.));
#4111=DIRECTION('',(0.,1.,0.));
#4112=DIRECTION('center_axis',(0.,-1.,0.));
#4113=DIRECTION('ref_axis',(1.,0.,0.));
#4114=DIRECTION('',(0.,1.,0.));
#4115=DIRECTION('center_axis',(0.,1.,0.));
#4116=DIRECTION('ref_axis',(1.,0.,0.));
#4117=DIRECTION('center_axis',(0.,-1.,0.));
#4118=DIRECTION('ref_axis',(1.,0.,0.));
#4119=DIRECTION('',(0.,-1.,0.));
#4120=DIRECTION('center_axis',(0.,-1.,0.));
#4121=DIRECTION('ref_axis',(1.,0.,0.));
#4122=DIRECTION('center_axis',(0.,1.,0.));
#4123=DIRECTION('ref_axis',(1.,0.,0.));
#4124=DIRECTION('',(0.,-1.,0.));
#4125=DIRECTION('center_axis',(0.,1.,0.));
#4126=DIRECTION('ref_axis',(1.,0.,0.));
#4127=DIRECTION('',(0.,1.,0.));
#4128=DIRECTION('center_axis',(-0.390516118072089,0.,-0.920596090327298));
#4129=DIRECTION('ref_axis',(-0.920596090327298,0.,0.390516118072089));
#4130=DIRECTION('',(-0.920596090327298,0.,0.390516118072089));
#4131=DIRECTION('',(-0.920596090327298,0.,0.390516118072089));
#4132=DIRECTION('center_axis',(0.,1.,0.));
#4133=DIRECTION('ref_axis',(1.,0.,0.));
#4134=DIRECTION('center_axis',(0.,1.,0.));
#4135=DIRECTION('ref_axis',(-0.360066009551029,0.,-0.932926829266903));
#4136=DIRECTION('',(-1.,0.,5.4294567158758E-12));
#4137=DIRECTION('center_axis',(0.,1.,0.));
#4138=DIRECTION('ref_axis',(1.,0.,0.));
#4139=DIRECTION('',(1.,0.,1.17892258591652E-14));
#4140=DIRECTION('center_axis',(0.,1.,0.));
#4141=DIRECTION('ref_axis',(-0.360066009551029,0.,-0.932926829266903));
#4142=DIRECTION('center_axis',(0.642787609686536,0.,-0.766044443118981));
#4143=DIRECTION('ref_axis',(-0.766044443118981,0.,-0.642787609686536));
#4144=DIRECTION('',(0.766044443118981,0.,0.642787609686536));
#4145=DIRECTION('',(0.,1.,0.));
#4146=DIRECTION('center_axis',(0.,1.,0.));
#4147=DIRECTION('ref_axis',(1.,0.,0.));
#4148=DIRECTION('center_axis',(0.,1.,0.));
#4149=DIRECTION('ref_axis',(1.,0.,0.));
#4150=DIRECTION('',(0.,1.,0.));
#4151=DIRECTION('',(0.,1.,0.));
#4152=DIRECTION('center_axis',(-0.390516118072089,0.,-0.920596090327298));
#4153=DIRECTION('ref_axis',(-0.920596090327298,0.,0.390516118072089));
#4154=DIRECTION('',(0.920596090327298,0.,-0.390516118072089));
#4155=DIRECTION('center_axis',(-0.499999999999325,0.,0.866025403784829));
#4156=DIRECTION('ref_axis',(0.61237243569607,-0.707106781186547,0.353553390592796));
#4157=DIRECTION('',(0.499999999999325,0.,-0.866025403784829));
#4158=DIRECTION('',(-0.499999999999325,0.,0.866025403784829));
#4159=DIRECTION('center_axis',(0.,1.,0.));
#4160=DIRECTION('ref_axis',(-0.360066009551029,0.,-0.932926829266903));
#4161=DIRECTION('',(0.,1.,0.));
#4162=DIRECTION('center_axis',(0.,-1.,0.));
#4163=DIRECTION('ref_axis',(-0.973900193662721,0.,-0.226976678942384));
#4164=DIRECTION('',(0.,1.,0.));
#4165=DIRECTION('center_axis',(-1.17892258591652E-14,0.,1.));
#4166=DIRECTION('ref_axis',(1.,0.,1.17892258591652E-14));
#4167=DIRECTION('',(0.,1.,0.));
#4168=DIRECTION('',(-1.,0.,-1.17892258591652E-14));
#4169=DIRECTION('',(0.,-1.,0.));
#4170=DIRECTION('',(-1.,0.,-1.17892258591652E-14));
#4171=DIRECTION('center_axis',(0.,1.,0.));
#4172=DIRECTION('ref_axis',(-0.360066009551029,0.,-0.932926829266903));
#4173=DIRECTION('center_axis',(0.,-1.,0.));
#4174=DIRECTION('ref_axis',(-0.360066009551029,0.,-0.932926829266903));
#4175=DIRECTION('',(0.,1.,0.));
#4176=DIRECTION('center_axis',(0.,-1.,0.));
#4177=DIRECTION('ref_axis',(-0.973900193662721,0.,-0.226976678942384));
#4178=DIRECTION('center_axis',(0.,1.,0.));
#4179=DIRECTION('ref_axis',(-0.360066009551029,0.,-0.932926829266903));
#4180=DIRECTION('',(0.,1.,0.));
#4181=DIRECTION('center_axis',(0.,1.,0.));
#4182=DIRECTION('ref_axis',(-0.973900193662721,0.,-0.226976678942384));
#4183=DIRECTION('',(0.,1.,0.));
#4184=DIRECTION('center_axis',(0.,1.,0.));
#4185=DIRECTION('ref_axis',(-0.360066009551029,0.,-0.932926829266903));
#4186=DIRECTION('center_axis',(-1.17892258591652E-14,0.,1.));
#4187=DIRECTION('ref_axis',(1.,0.,1.17892258591652E-14));
#4188=DIRECTION('',(1.,0.,1.17892258591652E-14));
#4189=DIRECTION('',(0.,-1.,0.));
#4190=DIRECTION('',(-1.,0.,-1.17892258591652E-14));
#4191=DIRECTION('center_axis',(-5.4294567158758E-12,0.,-1.));
#4192=DIRECTION('ref_axis',(-1.,0.,5.4294567158758E-12));
#4193=DIRECTION('',(0.,1.,0.));
#4194=DIRECTION('',(1.,0.,-5.4294567158758E-12));
#4195=DIRECTION('',(0.,-1.,0.));
#4196=DIRECTION('',(-1.,0.,5.4294567158758E-12));
#4197=DIRECTION('center_axis',(0.,1.,0.));
#4198=DIRECTION('ref_axis',(-0.360066009551029,0.,-0.932926829266903));
#4199=DIRECTION('',(0.,1.,0.));
#4200=DIRECTION('center_axis',(0.,1.,0.));
#4201=DIRECTION('ref_axis',(-0.973900193662721,0.,-0.226976678942384));
#4202=DIRECTION('center_axis',(-1.,0.,0.));
#4203=DIRECTION('ref_axis',(0.,1.,0.));
#4204=DIRECTION('',(0.,1.,0.));
#4205=DIRECTION('',(0.,0.,1.));
#4206=DIRECTION('',(0.,1.,0.));
#4207=DIRECTION('',(0.,0.,1.));
#4208=DIRECTION('center_axis',(0.,1.,0.));
#4209=DIRECTION('ref_axis',(1.,0.,0.));
#4210=DIRECTION('',(1.,0.,0.));
#4211=DIRECTION('',(1.,0.,0.));
#4212=DIRECTION('',(0.,0.,1.));
#4213=DIRECTION('center_axis',(-1.,0.,0.));
#4214=DIRECTION('ref_axis',(0.,1.,0.));
#4215=DIRECTION('',(0.,1.,0.));
#4216=DIRECTION('',(0.,1.,0.));
#4217=DIRECTION('',(0.,0.,1.));
#4218=DIRECTION('center_axis',(0.,1.,0.));
#4219=DIRECTION('ref_axis',(1.,0.,0.));
#4220=DIRECTION('',(1.,0.,0.));
#4221=DIRECTION('',(1.,0.,0.));
#4222=DIRECTION('',(0.,0.,1.));
#4223=DIRECTION('center_axis',(0.,-1.,0.));
#4224=DIRECTION('ref_axis',(-1.,0.,0.));
#4225=DIRECTION('',(-1.,0.,0.));
#4226=DIRECTION('',(0.,0.,-1.));
#4227=DIRECTION('',(-1.,0.,0.));
#4228=DIRECTION('center_axis',(1.,0.,0.));
#4229=DIRECTION('ref_axis',(0.,-1.,0.));
#4230=DIRECTION('',(0.,-1.,0.));
#4231=DIRECTION('',(0.,-1.,0.));
#4232=DIRECTION('center_axis',(0.,0.,-1.));
#4233=DIRECTION('ref_axis',(-1.,0.,0.));
#4234=DIRECTION('center_axis',(0.,-1.,0.));
#4235=DIRECTION('ref_axis',(-1.,0.,0.));
#4236=DIRECTION('',(-1.,0.,0.));
#4237=DIRECTION('',(0.,0.,-1.));
#4238=DIRECTION('',(-1.,0.,0.));
#4239=DIRECTION('',(0.,0.,1.));
#4240=DIRECTION('center_axis',(-1.,0.,0.));
#4241=DIRECTION('ref_axis',(0.,1.,0.));
#4242=DIRECTION('',(0.,1.,0.));
#4243=DIRECTION('',(0.,1.,0.));
#4244=DIRECTION('',(0.,0.,1.));
#4245=DIRECTION('center_axis',(0.,1.,0.));
#4246=DIRECTION('ref_axis',(1.,0.,0.));
#4247=DIRECTION('',(1.,0.,0.));
#4248=DIRECTION('',(1.,0.,0.));
#4249=DIRECTION('',(0.,0.,1.));
#4250=DIRECTION('center_axis',(1.,0.,0.));
#4251=DIRECTION('ref_axis',(0.,-1.,0.));
#4252=DIRECTION('',(0.,-1.,0.));
#4253=DIRECTION('',(0.,-1.,0.));
#4254=DIRECTION('center_axis',(0.,0.,-1.));
#4255=DIRECTION('ref_axis',(-1.,0.,0.));
#4256=DIRECTION('center_axis',(0.,-1.,0.));
#4257=DIRECTION('ref_axis',(-1.,0.,0.));
#4258=DIRECTION('',(-1.,0.,0.));
#4259=DIRECTION('',(0.,0.,-1.));
#4260=DIRECTION('',(-1.,0.,0.));
#4261=DIRECTION('',(0.,0.,1.));
#4262=DIRECTION('center_axis',(-1.,0.,0.));
#4263=DIRECTION('ref_axis',(0.,1.,0.));
#4264=DIRECTION('',(0.,1.,0.));
#4265=DIRECTION('',(0.,1.,0.));
#4266=DIRECTION('',(0.,0.,1.));
#4267=DIRECTION('center_axis',(0.,1.,0.));
#4268=DIRECTION('ref_axis',(1.,0.,0.));
#4269=DIRECTION('',(1.,0.,0.));
#4270=DIRECTION('',(1.,0.,0.));
#4271=DIRECTION('',(0.,0.,1.));
#4272=DIRECTION('center_axis',(1.,0.,0.));
#4273=DIRECTION('ref_axis',(0.,-1.,0.));
#4274=DIRECTION('',(0.,-1.,0.));
#4275=DIRECTION('',(0.,-1.,0.));
#4276=DIRECTION('center_axis',(0.,0.,-1.));
#4277=DIRECTION('ref_axis',(-1.,0.,0.));
#4278=DIRECTION('center_axis',(0.624357741616161,0.781138534758059,6.75449897138738E-13));
#4279=DIRECTION('ref_axis',(-1.96287430753728E-12,2.43360886997834E-12,
-1.));
#4280=DIRECTION('center_axis',(0.,0.,-1.));
#4281=DIRECTION('ref_axis',(-1.,0.,0.));
#4282=DIRECTION('center_axis',(0.291481026499092,-0.956576610204868,0.));
#4283=DIRECTION('ref_axis',(-0.956576610204868,-0.291481026499092,0.));
#4284=DIRECTION('center_axis',(0.,0.,-1.));
#4285=DIRECTION('ref_axis',(-1.,-1.01131359550851E-12,0.));
#4286=DIRECTION('center_axis',(0.291481026497154,0.956576610205458,0.));
#4287=DIRECTION('ref_axis',(0.,0.,-1.));
#4288=DIRECTION('center_axis',(0.,0.,1.));
#4289=DIRECTION('ref_axis',(-1.,-1.01131359550851E-12,0.));
#4290=DIRECTION('center_axis',(0.,0.,1.));
#4291=DIRECTION('ref_axis',(1.,0.,0.));
#4292=DIRECTION('center_axis',(-0.624357741621732,0.781138534753606,-5.48874822315691E-16));
#4293=DIRECTION('ref_axis',(2.62012633811537E-13,2.08721928629529E-13,-1.));
#4294=DIRECTION('center_axis',(0.,0.,-1.));
#4295=DIRECTION('ref_axis',(0.977596198399468,0.210489127688125,0.));
#4296=DIRECTION('center_axis',(0.,0.,1.));
#4297=DIRECTION('ref_axis',(0.977596198399468,0.210489127688124,0.));
#4298=DIRECTION('center_axis',(0.,0.,1.));
#4299=DIRECTION('ref_axis',(1.,0.,0.));
#4300=DIRECTION('center_axis',(0.,0.,-1.));
#4301=DIRECTION('ref_axis',(0.977596198400532,-0.210489127683182,0.));
#4302=DIRECTION('center_axis',(0.,0.,1.));
#4303=DIRECTION('ref_axis',(0.977596198400532,-0.210489127683182,0.));
#4304=DIRECTION('center_axis',(-1.,-2.96059473233375E-15,0.));
#4305=DIRECTION('ref_axis',(2.96059473233375E-15,-1.,0.));
#4306=DIRECTION('center_axis',(0.,0.,1.));
#4307=DIRECTION('ref_axis',(0.179241746561912,-0.983805060105626,0.));
#4308=DIRECTION('',(0.,0.,1.));
#4309=DIRECTION('',(0.,0.,1.));
#4310=DIRECTION('center_axis',(0.,0.,1.));
#4311=DIRECTION('ref_axis',(-1.,-9.25359448647616E-13,0.));
#4312=DIRECTION('',(0.,0.,1.));
#4313=DIRECTION('center_axis',(0.,0.,-1.));
#4314=DIRECTION('ref_axis',(0.982142374379778,0.18813919434199,0.));
#4315=DIRECTION('center_axis',(-0.624357741621758,0.781138534753585,4.15291755197994E-15));
#4316=DIRECTION('ref_axis',(-0.781138534753585,-0.624357741621758,0.));
#4317=DIRECTION('center_axis',(0.,0.,-1.));
#4318=DIRECTION('ref_axis',(0.977596198399468,0.210489127688126,0.));
#4319=DIRECTION('center_axis',(-0.291481026496877,-0.956576610205543,0.));
#4320=DIRECTION('ref_axis',(0.,0.,1.));
#4321=DIRECTION('center_axis',(0.,0.,1.));
#4322=DIRECTION('ref_axis',(0.977596198399468,0.210489127688126,0.));
#4323=DIRECTION('center_axis',(0.,0.,1.));
#4324=DIRECTION('ref_axis',(-1.,-1.00731679261986E-12,0.));
#4325=DIRECTION('center_axis',(0.291481026499092,-0.956576610204868,0.));
#4326=DIRECTION('ref_axis',(0.,0.,1.));
#4327=DIRECTION('center_axis',(0.,0.,-1.));
#4328=DIRECTION('ref_axis',(-1.,-1.01106866614868E-12,0.));
#4329=DIRECTION('center_axis',(0.,0.,1.));
#4330=DIRECTION('ref_axis',(-1.,-1.01106866614868E-12,0.));
#4331=DIRECTION('center_axis',(0.,0.,-1.));
#4332=DIRECTION('ref_axis',(0.982142374380667,-0.188139194337345,0.));
#4333=DIRECTION('center_axis',(-0.624357741615918,-0.781138534758253,-2.22383054155749E-15));
#4334=DIRECTION('ref_axis',(2.57571741713036E-13,-2.08721928629529E-13,
1.));
#4335=DIRECTION('center_axis',(0.,0.,1.));
#4336=DIRECTION('ref_axis',(0.977596198400533,-0.21048912768318,0.));
#4337=DIRECTION('center_axis',(0.,0.,-1.));
#4338=DIRECTION('ref_axis',(0.977596198400533,-0.21048912768318,0.));
#4339=DIRECTION('center_axis',(0.,0.,1.));
#4340=DIRECTION('ref_axis',(1.,0.,0.));
#4341=DIRECTION('center_axis',(0.,0.,1.));
#4342=DIRECTION('ref_axis',(0.306141987931483,0.951985862933562,0.));
#4343=DIRECTION('',(-0.86602540378441,-0.50000000000005,0.));
#4344=DIRECTION('center_axis',(0.,0.,-1.));
#4345=DIRECTION('ref_axis',(-0.959651178430009,0.281193200020725,0.));
#4346=DIRECTION('center_axis',(0.,0.,-1.));
#4347=DIRECTION('ref_axis',(0.882737172877082,-0.469867091442864,0.));
#4348=DIRECTION('center_axis',(0.,0.,-1.));
#4349=DIRECTION('ref_axis',(0.882737172877082,-0.469867091442864,0.));
#4350=DIRECTION('center_axis',(0.,0.,-1.));
#4351=DIRECTION('ref_axis',(-0.940353028033814,-0.340200209681942,0.));
#4352=DIRECTION('',(0.906307787036658,-0.422618261740682,0.));
#4353=DIRECTION('center_axis',(0.,0.,1.));
#4354=DIRECTION('ref_axis',(0.347375648716142,-0.937726057374455,0.));
#4355=DIRECTION('center_axis',(0.,0.,-1.));
#4356=DIRECTION('ref_axis',(1.,0.,0.));
#4357=DIRECTION('',(0.,1.,0.));
#4358=DIRECTION('center_axis',(0.,0.,1.));
#4359=DIRECTION('ref_axis',(1.,0.,0.));
#4360=DIRECTION('',(0.,1.,0.));
#4361=DIRECTION('center_axis',(-1.,1.48029736616688E-15,0.));
#4362=DIRECTION('ref_axis',(1.48029736616688E-15,1.,0.));
#4363=DIRECTION('center_axis',(0.,0.,-1.));
#4364=DIRECTION('ref_axis',(0.956576610205543,-0.291481026496878,0.));
#4365=DIRECTION('',(0.,0.,-1.));
#4366=DIRECTION('',(0.,0.,-1.));
#4367=DIRECTION('center_axis',(0.,0.,-1.));
#4368=DIRECTION('ref_axis',(-1.,0.,0.));
#4369=DIRECTION('center_axis',(0.,0.,-1.));
#4370=DIRECTION('ref_axis',(0.306141987931483,0.951985862933563,0.));
#4371=DIRECTION('center_axis',(-0.50000000000005,0.86602540378441,0.));
#4372=DIRECTION('ref_axis',(-0.86602540378441,-0.50000000000005,0.));
#4373=DIRECTION('',(0.,0.,-1.));
#4374=DIRECTION('',(0.86602540378441,0.50000000000005,0.));
#4375=DIRECTION('',(0.,0.,1.));
#4376=DIRECTION('',(-0.86602540378441,-0.50000000000005,0.));
#4377=DIRECTION('',(0.,0.,-1.));
#4378=DIRECTION('',(0.86602540378441,0.50000000000005,0.));
#4379=DIRECTION('',(0.,0.,1.));
#4380=DIRECTION('',(-0.86602540378441,-0.50000000000005,0.));
#4381=DIRECTION('',(-0.86602540378441,-0.50000000000005,0.));
#4382=DIRECTION('',(0.,0.,1.));
#4383=DIRECTION('',(0.86602540378441,0.50000000000005,0.));
#4384=DIRECTION('',(0.86602540378441,0.50000000000005,0.));
#4385=DIRECTION('',(0.,0.,1.));
#4386=DIRECTION('center_axis',(-1.,0.,0.));
#4387=DIRECTION('ref_axis',(0.,0.,-1.));
#4388=DIRECTION('center_axis',(0.,0.,-1.));
#4389=DIRECTION('ref_axis',(-1.,0.,0.));
#4390=DIRECTION('center_axis',(0.,0.,-1.));
#4391=DIRECTION('ref_axis',(0.347375648716142,-0.937726057374455,0.));
#4392=DIRECTION('',(0.,0.,1.));
#4393=DIRECTION('',(1.53134210293125E-15,0.,1.));
#4394=DIRECTION('',(1.53134210293125E-15,0.,1.));
#4395=DIRECTION('',(0.,0.,1.));
#4396=DIRECTION('center_axis',(0.,0.,1.));
#4397=DIRECTION('ref_axis',(0.,-1.,0.));
#4398=DIRECTION('',(0.,0.,1.));
#4399=DIRECTION('center_axis',(0.133643628788175,0.286599686818267,0.948683298050514));
#4400=DIRECTION('ref_axis',(-0.400930886364525,-0.8597990604548,0.316227766016838));
#4401=DIRECTION('center_axis',(0.,0.,-1.));
#4402=DIRECTION('ref_axis',(0.,-1.,0.));
#4403=DIRECTION('center_axis',(-0.422618261740682,-0.906307787036658,0.));
#4404=DIRECTION('ref_axis',(0.906307787036658,-0.422618261740682,0.));
#4405=DIRECTION('',(0.,0.,-1.));
#4406=DIRECTION('',(-0.906307787036659,0.422618261740679,0.));
#4407=DIRECTION('',(-0.906307787036659,0.422618261740679,0.));
#4408=DIRECTION('',(0.,0.,1.));
#4409=DIRECTION('',(0.906307787036659,-0.422618261740679,0.));
#4410=DIRECTION('',(0.906307787036659,-0.422618261740679,0.));
#4411=DIRECTION('',(0.,0.,-1.));
#4412=DIRECTION('',(-0.906307787036658,0.422618261740682,0.));
#4413=DIRECTION('',(0.,0.,1.));
#4414=DIRECTION('',(0.906307787036658,-0.422618261740682,0.));
#4415=DIRECTION('',(0.,0.,-1.));
#4416=DIRECTION('',(-0.906307787036658,0.422618261740682,0.));
#4417=DIRECTION('center_axis',(-1.,-2.96059473233375E-15,0.));
#4418=DIRECTION('ref_axis',(0.,0.,1.));
#4419=DIRECTION('center_axis',(0.,0.,1.));
#4420=DIRECTION('ref_axis',(1.,0.,0.));
#4421=DIRECTION('center_axis',(0.,0.,1.));
#4422=DIRECTION('ref_axis',(0.306141987931484,0.951985862933562,0.));
#4423=DIRECTION('center_axis',(0.,0.,-1.));
#4424=DIRECTION('ref_axis',(0.306141987931484,0.951985862933562,0.));
#4425=DIRECTION('center_axis',(0.,0.,1.));
#4426=DIRECTION('ref_axis',(1.,0.,0.));
#4427=DIRECTION('center_axis',(0.,0.,-1.));
#4428=DIRECTION('ref_axis',(0.347375648716142,-0.937726057374455,0.));
#4429=DIRECTION('center_axis',(0.,0.,1.));
#4430=DIRECTION('ref_axis',(-0.940353028033814,-0.340200209681942,0.));
#4431=DIRECTION('center_axis',(0.,0.,1.));
#4432=DIRECTION('ref_axis',(0.882737172877082,-0.469867091442864,0.));
#4433=DIRECTION('center_axis',(0.,0.,1.));
#4434=DIRECTION('ref_axis',(0.882737172877082,-0.469867091442864,0.));
#4435=DIRECTION('center_axis',(0.,0.,1.));
#4436=DIRECTION('ref_axis',(-0.959651178430009,0.281193200020725,0.));
#4437=DIRECTION('center_axis',(0.,0.,-1.));
#4438=DIRECTION('ref_axis',(1.,0.,0.));
#4439=DIRECTION('center_axis',(0.,0.,1.));
#4440=DIRECTION('ref_axis',(1.,0.,0.));
#4441=DIRECTION('center_axis',(0.,0.,1.));
#4442=DIRECTION('ref_axis',(0.347375648716142,-0.937726057374455,0.));
#4443=DIRECTION('center_axis',(0.865166635234938,6.91349057398206E-16,0.501484489566981));
#4444=DIRECTION('ref_axis',(3.70074341541719E-16,-1.,7.40148683083438E-16));
#4445=DIRECTION('center_axis',(0.,1.,0.));
#4446=DIRECTION('ref_axis',(-0.965925826289068,0.,-0.25881904510252));
#4447=DIRECTION('center_axis',(-0.866025403784438,0.,-0.500000000000001));
#4448=DIRECTION('ref_axis',(0.500000000000001,0.,-0.866025403784438));
#4449=DIRECTION('center_axis',(0.,1.,0.));
#4450=DIRECTION('ref_axis',(-0.973900193662721,0.,-0.226976678942384));
#4451=DIRECTION('center_axis',(-1.,0.,-3.70074341545462E-16));
#4452=DIRECTION('ref_axis',(0.,-1.,0.));
#4453=DIRECTION('center_axis',(0.,-1.,0.));
#4454=DIRECTION('ref_axis',(0.,0.,1.));
#4455=DIRECTION('center_axis',(-0.987285946797371,3.70703586945876E-12,
0.158954267814423));
#4456=DIRECTION('ref_axis',(-3.75477426928228E-12,-1.,0.));
#4457=DIRECTION('center_axis',(-5.4294567158758E-12,0.,-1.));
#4458=DIRECTION('ref_axis',(-1.,0.,5.4294567158758E-12));
#4459=DIRECTION('',(1.,0.,-5.4294567158758E-12));
#4460=DIRECTION('',(0.,-1.,0.));
#4461=DIRECTION('',(1.,0.,-5.4294567158758E-12));
#4462=DIRECTION('center_axis',(0.,-1.,0.));
#4463=DIRECTION('ref_axis',(0.,0.,-1.));
#4464=DIRECTION('center_axis',(0.987285946797371,3.63481041830922E-12,-0.158954267814424));
#4465=DIRECTION('ref_axis',(-3.68149954965702E-12,1.,7.40148683083438E-16));
#4466=DIRECTION('center_axis',(1.,0.,-4.06042151557793E-13));
#4467=DIRECTION('ref_axis',(0.,1.,0.));
#4468=DIRECTION('center_axis',(0.,1.,0.));
#4469=DIRECTION('ref_axis',(-0.965925826289077,0.,-0.25881904510249));
#4470=DIRECTION('center_axis',(0.,-1.,0.));
#4471=DIRECTION('ref_axis',(-0.973900193662721,0.,-0.226976678942384));
#4472=DIRECTION('center_axis',(-0.866025403784438,0.,-0.500000000000001));
#4473=DIRECTION('ref_axis',(0.,1.,0.));
#4474=DIRECTION('center_axis',(0.,1.,0.));
#4475=DIRECTION('ref_axis',(0.,0.,1.));
#4476=DIRECTION('center_axis',(0.865166635234938,-3.20175972858434E-16,
0.501484489566981));
#4477=DIRECTION('ref_axis',(0.501484489566981,0.,-0.865166635234938));
#4478=DIRECTION('center_axis',(0.,-1.,0.));
#4479=DIRECTION('ref_axis',(0.,0.,-1.));
#4480=DIRECTION('',(0.360066009546917,0.,0.93292682926849));
#4481=DIRECTION('center_axis',(0.,-1.,0.));
#4482=DIRECTION('ref_axis',(-0.36006600954774,0.,0.932926829268173));
#4483=DIRECTION('',(0.360066009546917,0.,0.932926829268491));
#4484=DIRECTION('center_axis',(0.,-1.,0.));
#4485=DIRECTION('ref_axis',(-0.360066009547735,0.,0.932926829268175));
#4486=DIRECTION('',(-0.360066009547115,0.,0.932926829268414));
#4487=DIRECTION('center_axis',(0.,-1.,0.));
#4488=DIRECTION('ref_axis',(-0.36006600954774,0.,0.932926829268173));
#4489=DIRECTION('',(-0.360066009547115,0.,0.932926829268414));
#4490=DIRECTION('center_axis',(0.,0.,-1.));
#4491=DIRECTION('ref_axis',(-1.,-9.25604378007445E-13,0.));
#4492=DIRECTION('',(0.,0.,-1.));
#4493=DIRECTION('center_axis',(0.,0.,-1.));
#4494=DIRECTION('ref_axis',(0.179241746561912,-0.983805060105626,0.));
#4495=DIRECTION('center_axis',(0.,0.,-1.));
#4496=DIRECTION('ref_axis',(-1.,1.22464679914735E-16,0.));
#4497=DIRECTION('center_axis',(0.,0.,1.));
#4498=DIRECTION('ref_axis',(0.956576610205543,-0.291481026496878,0.));
#4499=DIRECTION('',(0.,0.,-1.));
#4500=DIRECTION('',(0.,0.,1.));
#4501=DIRECTION('',(-1.53134210293125E-15,-3.62694669067132E-31,-1.));
#4502=DIRECTION('',(-1.53134210293125E-15,-3.62694669067132E-31,-1.));
#4503=DIRECTION('',(0.732868893600203,-7.95479587368793E-16,0.680369888217588));
#4504=DIRECTION('center_axis',(0.,1.,0.));
#4505=DIRECTION('ref_axis',(1.,0.,0.));
#4506=DIRECTION('center_axis',(0.,1.,0.));
#4507=DIRECTION('ref_axis',(0.987688340595199,0.,0.156434465039845));
#4508=DIRECTION('',(0.,1.,0.));
#4509=DIRECTION('center_axis',(0.,-1.,0.));
#4510=DIRECTION('ref_axis',(0.987688340595199,0.,0.156434465039845));
#4511=DIRECTION('center_axis',(0.,-1.,0.));
#4512=DIRECTION('ref_axis',(0.987688340595199,0.,0.156434465039845));
#4513=DIRECTION('center_axis',(0.,-1.,0.));
#4514=DIRECTION('ref_axis',(0.987688340595199,0.,0.156434465039845));
#4515=DIRECTION('',(0.,1.,0.));
#4516=DIRECTION('center_axis',(0.,1.,0.));
#4517=DIRECTION('ref_axis',(0.987688340595199,0.,0.156434465039845));
#4518=DIRECTION('center_axis',(0.,1.,0.));
#4519=DIRECTION('ref_axis',(0.987688340595199,0.,0.156434465039845));
#4520=DIRECTION('center_axis',(-0.937564330777156,-0.295038606742838,-0.184188344326204));
#4521=DIRECTION('ref_axis',(1.25330971639361E-15,-0.529563072260714,0.848270565620306));
#4522=DIRECTION('',(0.93715586461514,0.279279927341843,0.209144944001485));
#4523=DIRECTION('center_axis',(-1.,-2.60039989597591E-15,0.));
#4524=DIRECTION('ref_axis',(0.,-0.520823697282578,0.853664264420683));
#4525=DIRECTION('',(0.63099820055946,0.,0.775784294047465));
#4526=DIRECTION('center_axis',(-0.945416546054444,-0.267754705760114,0.185728220768414));
#4527=DIRECTION('ref_axis',(-1.98922817405421E-16,-0.569955683688796,-0.821675433873277));
#4528=DIRECTION('',(0.944997730698512,0.250672895505827,-0.210100900601084));
#4529=DIRECTION('center_axis',(-1.,-2.60039989597591E-15,0.));
#4530=DIRECTION('ref_axis',(0.,-0.561956702364158,-0.827166648667607));
#4531=DIRECTION('',(0.702350202584214,0.,0.711831576238307));
#4532=DIRECTION('center_axis',(-0.973549471224313,0.22209776208931,-0.0536098046422487));
#4533=DIRECTION('ref_axis',(3.44296161340779E-15,-0.234640533103888,-0.972082208573289));
#4534=DIRECTION('',(0.973092141736207,-0.22918465127694,0.0237924212788408));
#4535=DIRECTION('center_axis',(-1.,-2.60039989597591E-15,0.));
#4536=DIRECTION('ref_axis',(0.,-0.241444619450269,-0.97041459992032));
#4537=DIRECTION('',(0.665363733787264,0.,0.746519324438873));
#4538=DIRECTION('center_axis',(-0.948216228918613,0.313303902019038,0.052217317003174));
#4539=DIRECTION('ref_axis',(-9.24560634430592E-16,-0.164398987305363,0.986393923832143));
#4540=DIRECTION('',(0.947793681696803,-0.318071666419069,-0.0227497682848864));
#4541=DIRECTION('center_axis',(-1.,-2.60039989597591E-15,0.));
#4542=DIRECTION('ref_axis',(4.03717463500057E-15,-0.173747595646806,0.984790217765669));
#4543=DIRECTION('center_axis',(0.158113883008435,-0.273861278752574,0.948683298050514));
#4544=DIRECTION('ref_axis',(0.986393923832141,0.,-0.164398987305373));
#4545=DIRECTION('center_axis',(0.158113883008435,-0.273861278752574,0.948683298050514));
#4546=DIRECTION('ref_axis',(0.474341649025304,-0.821583836257722,-0.316227766016838));
#4547=DIRECTION('',(-0.86602540378441,-0.50000000000005,0.));
#4548=DIRECTION('center_axis',(0.158113883008435,-0.273861278752574,0.948683298050514));
#4549=DIRECTION('ref_axis',(0.474341649025304,-0.821583836257722,-0.316227766016838));
#4550=DIRECTION('center_axis',(0.133643628788175,0.286599686818267,0.948683298050514));
#4551=DIRECTION('ref_axis',(0.990222718881564,0.,-0.13949540139662));
#4552=DIRECTION('center_axis',(0.133643628788175,0.286599686818267,0.948683298050514));
#4553=DIRECTION('ref_axis',(0.400930886364525,0.8597990604548,-0.316227766016838));
#4554=DIRECTION('',(0.906307787036658,-0.422618261740682,0.));
#4555=DIRECTION('center_axis',(0.,0.,-1.));
#4556=DIRECTION('ref_axis',(1.,0.,0.));
#4557=DIRECTION('center_axis',(0.,0.,-1.));
#4558=DIRECTION('ref_axis',(1.,0.,0.));
#4559=DIRECTION('',(1.,0.,0.));
#4560=DIRECTION('center_axis',(0.,0.,-1.));
#4561=DIRECTION('ref_axis',(0.,1.,0.));
#4562=DIRECTION('',(0.707106781186947,-0.707106781186148,0.));
#4563=DIRECTION('center_axis',(0.133643628788175,0.286599686818267,-0.948683298050514));
#4564=DIRECTION('ref_axis',(-0.990222718881564,0.,-0.13949540139662));
#4565=DIRECTION('center_axis',(0.133643628788175,0.286599686818267,-0.948683298050514));
#4566=DIRECTION('ref_axis',(-0.400930886364525,-0.8597990604548,-0.316227766016838));
#4567=DIRECTION('',(-0.906307787036658,0.422618261740682,0.));
#4568=DIRECTION('center_axis',(0.133643628788175,0.286599686818267,-0.948683298050514));
#4569=DIRECTION('ref_axis',(0.400930886364525,0.8597990604548,0.316227766016838));
#4570=DIRECTION('center_axis',(0.158113883008435,-0.273861278752574,-0.948683298050514));
#4571=DIRECTION('ref_axis',(-0.986393923832141,0.,-0.164398987305373));
#4572=DIRECTION('center_axis',(0.158113883008435,-0.273861278752574,-0.948683298050514));
#4573=DIRECTION('ref_axis',(0.474341649025304,-0.821583836257722,0.316227766016838));
#4574=DIRECTION('center_axis',(0.158113883008435,-0.273861278752574,-0.948683298050514));
#4575=DIRECTION('ref_axis',(0.474341649025304,-0.821583836257722,0.316227766016838));
#4576=DIRECTION('',(0.86602540378441,0.50000000000005,0.));
#4577=DIRECTION('center_axis',(0.,0.,1.));
#4578=DIRECTION('ref_axis',(0.,-1.,0.));
#4579=DIRECTION('center_axis',(0.,0.,1.));
#4580=DIRECTION('ref_axis',(0.,-1.,0.));
#4581=DIRECTION('center_axis',(0.,0.,1.));
#4582=DIRECTION('ref_axis',(1.,0.,0.));
#4583=DIRECTION('center_axis',(0.,0.,-1.));
#4584=DIRECTION('ref_axis',(1.,0.,0.));
#4585=DIRECTION('',(1.,0.,0.));
#4586=DIRECTION('center_axis',(0.,0.,-1.));
#4587=DIRECTION('ref_axis',(0.,-1.,0.));
#4588=DIRECTION('',(-0.707106781186947,-0.707106781186148,0.));
#4589=DIRECTION('center_axis',(-1.,0.,0.));
#4590=DIRECTION('ref_axis',(0.,-0.707106781186548,-0.707106781186548));
#4591=DIRECTION('',(-1.,0.,0.));
#4592=DIRECTION('center_axis',(0.,1.,0.));
#4593=DIRECTION('ref_axis',(1.,0.,0.));
#4594=DIRECTION('',(-0.207911690817759,0.,-0.978147600733806));
#4595=DIRECTION('center_axis',(0.,1.,0.));
#4596=DIRECTION('ref_axis',(0.987688340595199,0.,0.156434465039845));
#4597=DIRECTION('',(1.,2.49800180540662E-15,0.));
#4598=DIRECTION('',(0.,0.,-1.));
#4599=DIRECTION('',(-1.,-2.49800180540662E-15,0.));
#4600=DIRECTION('center_axis',(0.,1.,0.));
#4601=DIRECTION('ref_axis',(0.987688340595199,0.,0.156434465039845));
#4602=DIRECTION('',(0.499999999999325,0.,-0.866025403784829));
#4603=DIRECTION('',(-0.360066009547115,0.,0.932926829268414));
#4604=DIRECTION('center_axis',(0.,-1.,0.));
#4605=DIRECTION('ref_axis',(-0.36006600954774,0.,0.932926829268173));
#4606=DIRECTION('',(0.360066009546917,0.,0.93292682926849));
#4607=DIRECTION('',(0.,0.,1.));
#4608=DIRECTION('',(0.,0.,1.));
#4609=DIRECTION('',(1.,0.,0.));
#4610=DIRECTION('center_axis',(1.,0.,0.));
#4611=DIRECTION('ref_axis',(0.,-0.707106781186548,0.707106781186547));
#4612=DIRECTION('',(-1.,0.,0.));
#4613=DIRECTION('center_axis',(1.,0.,0.));
#4614=DIRECTION('ref_axis',(0.,0.707106781186548,-0.707106781186548));
#4615=DIRECTION('',(1.,0.,0.));
#4616=DIRECTION('',(-1.,0.,0.));
#4617=DIRECTION('center_axis',(0.,1.,0.));
#4618=DIRECTION('ref_axis',(1.,0.,0.));
#4619=DIRECTION('center_axis',(0.,-1.,0.));
#4620=DIRECTION('ref_axis',(0.987688340595199,0.,0.156434465039845));
#4621=DIRECTION('',(-1.,2.49800180540662E-15,0.));
#4622=DIRECTION('',(0.,0.,-1.));
#4623=DIRECTION('',(1.,-2.49800180540662E-15,0.));
#4624=DIRECTION('center_axis',(0.,-1.,0.));
#4625=DIRECTION('ref_axis',(0.987688340595199,0.,0.156434465039845));
#4626=DIRECTION('',(0.207911690817759,0.,0.978147600733806));
#4627=DIRECTION('',(-0.360066009546917,0.,-0.93292682926849));
#4628=DIRECTION('center_axis',(0.,1.,0.));
#4629=DIRECTION('ref_axis',(-0.36006600954774,0.,0.932926829268173));
#4630=DIRECTION('',(0.360066009547115,0.,-0.932926829268414));
#4631=DIRECTION('',(0.,0.,-1.));
#4632=DIRECTION('',(0.,0.,1.));
#4633=DIRECTION('',(-1.,0.,0.));
#4634=DIRECTION('center_axis',(-1.,0.,0.));
#4635=DIRECTION('ref_axis',(0.,0.707106781186548,0.707106781186547));
#4636=DIRECTION('center_axis',(0.,0.,-1.));
#4637=DIRECTION('ref_axis',(1.,0.,0.));
#4638=DIRECTION('',(1.,1.58013613088755E-16,0.));
#4639=DIRECTION('',(-1.77635683940025E-14,-1.,0.));
#4640=DIRECTION('center_axis',(0.,0.,1.));
#4641=DIRECTION('ref_axis',(-1.,0.,0.));
#4642=DIRECTION('',(1.77635683940025E-14,1.,0.));
#4643=DIRECTION('',(-1.,-1.58013613088755E-16,0.));
#4644=DIRECTION('center_axis',(-1.,1.77635683940025E-14,0.));
#4645=DIRECTION('ref_axis',(-1.77635683940025E-14,-1.,0.));
#4646=DIRECTION('',(0.,0.,1.));
#4647=DIRECTION('center_axis',(0.,-1.,0.));
#4648=DIRECTION('ref_axis',(0.,0.,-1.));
#4649=DIRECTION('center_axis',(0.,0.,-1.));
#4650=DIRECTION('ref_axis',(1.,0.,0.));
#4651=DIRECTION('center_axis',(0.,0.,1.));
#4652=DIRECTION('ref_axis',(1.,0.,0.));
#4653=DIRECTION('center_axis',(0.,0.,-1.));
#4654=DIRECTION('ref_axis',(1.,0.,0.));
#4655=DIRECTION('center_axis',(0.,0.,1.));
#4656=DIRECTION('ref_axis',(0.,-1.,0.));
#4657=DIRECTION('',(-0.707106781186947,0.707106781186148,0.));
#4658=DIRECTION('center_axis',(0.,0.,1.));
#4659=DIRECTION('ref_axis',(0.,1.,0.));
#4660=DIRECTION('center_axis',(0.,0.,-1.));
#4661=DIRECTION('ref_axis',(0.,1.,0.));
#4662=DIRECTION('',(0.,0.,1.));
#4663=DIRECTION('center_axis',(0.707106781186149,0.707106781186947,0.));
#4664=DIRECTION('ref_axis',(-0.707106781186946,0.707106781186148,0.));
#4665=DIRECTION('center_axis',(1.58013613088755E-16,-1.,0.));
#4666=DIRECTION('ref_axis',(1.,1.58013613088755E-16,0.));
#4667=DIRECTION('center_axis',(0.,0.,1.));
#4668=DIRECTION('ref_axis',(0.,-1.,0.));
#4669=DIRECTION('center_axis',(0.,-1.,0.));
#4670=DIRECTION('ref_axis',(0.,0.,-1.));
#4671=DIRECTION('center_axis',(0.,0.,-1.));
#4672=DIRECTION('ref_axis',(-1.,0.,0.));
#4673=DIRECTION('',(-1.,1.58013613088755E-16,0.));
#4674=DIRECTION('',(1.77635683940025E-14,-1.,0.));
#4675=DIRECTION('center_axis',(1.,1.77635683940025E-14,0.));
#4676=DIRECTION('ref_axis',(-1.77635683940025E-14,1.,0.));
#4677=DIRECTION('',(0.,0.,1.));
#4678=DIRECTION('',(-1.77635683940025E-14,1.,0.));
#4679=DIRECTION('center_axis',(0.,0.,1.));
#4680=DIRECTION('ref_axis',(1.,0.,0.));
#4681=DIRECTION('',(1.,-1.58013613088755E-16,0.));
#4682=DIRECTION('center_axis',(0.,1.,0.));
#4683=DIRECTION('ref_axis',(0.,0.,1.));
#4684=DIRECTION('center_axis',(-0.707106781186149,0.707106781186947,0.));
#4685=DIRECTION('ref_axis',(-0.707106781186946,-0.707106781186148,0.));
#4686=DIRECTION('',(0.,0.,1.));
#4687=DIRECTION('',(0.707106781186947,0.707106781186148,0.));
#4688=DIRECTION('center_axis',(-1.58013613088755E-16,-1.,0.));
#4689=DIRECTION('ref_axis',(1.,-1.58013613088755E-16,0.));
#4690=DIRECTION('center_axis',(0.,0.,1.));
#4691=DIRECTION('ref_axis',(1.,0.,0.));
#4692=DIRECTION('center_axis',(0.,0.,-1.));
#4693=DIRECTION('ref_axis',(0.,-1.,0.));
#4694=DIRECTION('center_axis',(0.,0.,1.));
#4695=DIRECTION('ref_axis',(0.,-1.,0.));
#4696=DIRECTION('center_axis',(0.,0.,1.));
#4697=DIRECTION('ref_axis',(1.,0.,0.));
#4698=DIRECTION('center_axis',(0.,0.,1.));
#4699=DIRECTION('ref_axis',(0.,-1.,0.));
#4700=DIRECTION('center_axis',(0.,0.,1.));
#4701=DIRECTION('ref_axis',(1.,0.,0.));
#4702=DIRECTION('center_axis',(0.,0.,1.));
#4703=DIRECTION('ref_axis',(0.,-1.,0.));
#4704=DIRECTION('center_axis',(0.,1.,0.));
#4705=DIRECTION('ref_axis',(0.,0.,1.));
#4706=DIRECTION('center_axis',(0.370285035284705,-0.928918184042171,0.));
#4707=DIRECTION('ref_axis',(0.,0.,-1.));
#4708=DIRECTION('center_axis',(0.,0.,-1.));
#4709=DIRECTION('ref_axis',(-1.,0.,0.));
#4710=DIRECTION('center_axis',(-0.426124402796529,-0.904664575044973,0.));
#4711=DIRECTION('ref_axis',(0.,0.,-1.));
#4712=DIRECTION('center_axis',(0.,0.,1.));
#4713=DIRECTION('ref_axis',(-0.940353028033812,-0.340200209681948,0.));
#4714=DIRECTION('center_axis',(0.,0.,-1.));
#4715=DIRECTION('ref_axis',(-0.940353028033812,-0.340200209681948,0.));
#4716=DIRECTION('center_axis',(0.,0.,1.));
#4717=DIRECTION('ref_axis',(1.,0.,0.));
#4718=DIRECTION('center_axis',(-0.370285035284704,-0.928918184042171,0.));
#4719=DIRECTION('ref_axis',(0.,0.,-1.));
#4720=DIRECTION('center_axis',(0.,0.,-1.));
#4721=DIRECTION('ref_axis',(0.923333534513044,-0.383998937555364,0.));
#4722=DIRECTION('center_axis',(0.,0.,1.));
#4723=DIRECTION('ref_axis',(0.923333534513044,-0.383998937555364,0.));
#4724=DIRECTION('center_axis',(0.,0.,1.));
#4725=DIRECTION('ref_axis',(1.,0.,0.));
#4726=DIRECTION('center_axis',(0.45922542622502,-0.888319766699159,0.));
#4727=DIRECTION('ref_axis',(0.,0.,-1.));
#4728=DIRECTION('center_axis',(0.,0.,-1.));
#4729=DIRECTION('ref_axis',(0.916088272730502,0.400976653392246,0.));
#4730=DIRECTION('center_axis',(0.,0.,1.));
#4731=DIRECTION('ref_axis',(0.916088272730502,0.400976653392246,0.));
#4732=DIRECTION('center_axis',(0.,0.,-1.));
#4733=DIRECTION('ref_axis',(-1.,0.,0.));
#4734=DIRECTION('center_axis',(0.,0.,1.));
#4735=DIRECTION('ref_axis',(-0.95965117843001,0.281193200020722,0.));
#4736=DIRECTION('center_axis',(0.,0.,-1.));
#4737=DIRECTION('ref_axis',(-0.95965117843001,0.281193200020722,0.));
#4738=DIRECTION('center_axis',(0.,0.,1.));
#4739=DIRECTION('ref_axis',(-0.959651178430009,0.281193200020725,0.));
#4740=DIRECTION('',(0.,0.,-1.));
#4741=DIRECTION('center_axis',(0.,0.,1.));
#4742=DIRECTION('ref_axis',(1.,0.,0.));
#4743=DIRECTION('',(1.,0.,0.));
#4744=DIRECTION('center_axis',(0.,0.,1.));
#4745=DIRECTION('ref_axis',(0.882737172877082,-0.469867091442864,0.));
#4746=DIRECTION('',(0.,0.,1.));
#4747=DIRECTION('',(1.,0.,0.));
#4748=DIRECTION('',(1.,0.,0.));
#4749=DIRECTION('',(1.,0.,0.));
#4750=DIRECTION('',(1.,0.,0.));
#4751=DIRECTION('center_axis',(0.,0.,1.));
#4752=DIRECTION('ref_axis',(1.,0.,0.));
#4753=DIRECTION('center_axis',(0.,0.,1.));
#4754=DIRECTION('ref_axis',(-0.959651178430011,0.281193200020717,0.));
#4755=DIRECTION('center_axis',(-0.459225426225022,0.888319766699158,0.));
#4756=DIRECTION('ref_axis',(0.,0.,1.));
#4757=DIRECTION('center_axis',(0.,0.,-1.));
#4758=DIRECTION('ref_axis',(-0.95965117843001,0.281193200020722,0.));
#4759=DIRECTION('center_axis',(0.,0.,1.));
#4760=DIRECTION('ref_axis',(-0.95965117843001,0.281193200020722,0.));
#4761=DIRECTION('center_axis',(0.,0.,-1.));
#4762=DIRECTION('ref_axis',(-1.,0.,0.));
#4763=DIRECTION('center_axis',(-0.370285035284702,0.928918184042172,2.03011837949233E-15));
#4764=DIRECTION('ref_axis',(5.48258283765485E-15,0.,1.));
#4765=DIRECTION('center_axis',(0.,0.,1.));
#4766=DIRECTION('ref_axis',(0.916088272730502,0.400976653392246,0.));
#4767=DIRECTION('center_axis',(0.,0.,-1.));
#4768=DIRECTION('ref_axis',(0.916088272730502,0.400976653392246,0.));
#4769=DIRECTION('center_axis',(0.370285035284704,0.928918184042171,-6.36608861676918E-16));
#4770=DIRECTION('ref_axis',(0.,6.85322854706887E-16,1.));
#4771=DIRECTION('center_axis',(0.,0.,-1.));
#4772=DIRECTION('ref_axis',(-1.,0.,0.));
#4773=DIRECTION('center_axis',(0.426124402796529,0.904664575044973,0.));
#4774=DIRECTION('ref_axis',(0.,0.,1.));
#4775=DIRECTION('center_axis',(0.,0.,1.));
#4776=DIRECTION('ref_axis',(0.923333534513044,-0.383998937555364,0.));
#4777=DIRECTION('center_axis',(0.,0.,-1.));
#4778=DIRECTION('ref_axis',(0.923333534513044,-0.383998937555364,0.));
#4779=DIRECTION('center_axis',(0.,0.,1.));
#4780=DIRECTION('ref_axis',(-0.940353028033813,-0.340200209681944,0.));
#4781=DIRECTION('center_axis',(0.,0.,-1.));
#4782=DIRECTION('ref_axis',(-0.940353028033812,-0.340200209681948,0.));
#4783=DIRECTION('center_axis',(0.,0.,1.));
#4784=DIRECTION('ref_axis',(-0.940353028033812,-0.340200209681948,0.));
#4785=DIRECTION('center_axis',(0.,0.,1.));
#4786=DIRECTION('ref_axis',(1.,0.,0.));
#4787=DIRECTION('',(1.,0.,0.));
#4788=DIRECTION('center_axis',(0.,0.,1.));
#4789=DIRECTION('ref_axis',(-0.959651178430009,0.281193200020725,0.));
#4790=DIRECTION('',(0.,0.,-1.));
#4791=DIRECTION('center_axis',(0.,0.,1.));
#4792=DIRECTION('ref_axis',(0.882737172877082,-0.469867091442864,0.));
#4793=DIRECTION('',(0.,0.,1.));
#4794=DIRECTION('center_axis',(0.,0.,1.));
#4795=DIRECTION('ref_axis',(0.882737172877082,-0.469867091442864,0.));
#4796=DIRECTION('',(-1.,0.,0.));
#4797=DIRECTION('',(1.,0.,0.));
#4798=DIRECTION('',(1.,0.,0.));
#4799=DIRECTION('center_axis',(0.,0.,1.));
#4800=DIRECTION('ref_axis',(1.,0.,0.));
#4801=DIRECTION('',(-2.60039989597591E-15,1.,1.58603289232165E-16));
#4802=DIRECTION('center_axis',(0.,0.,1.));
#4803=DIRECTION('ref_axis',(1.,0.,0.));
#4804=DIRECTION('center_axis',(0.,0.,1.));
#4805=DIRECTION('ref_axis',(1.,0.,0.));
#4806=DIRECTION('',(-2.60039989597591E-15,1.,-1.58603289232165E-16));
#4807=DIRECTION('',(1.,0.,0.));
#4808=DIRECTION('center_axis',(0.,0.,1.));
#4809=DIRECTION('ref_axis',(1.,0.,0.));
#4810=DIRECTION('',(2.60039989597591E-15,-1.,1.58603289232165E-16));
#4811=DIRECTION('center_axis',(0.,0.,1.));
#4812=DIRECTION('ref_axis',(0.882737172877082,-0.469867091442864,0.));
#4813=DIRECTION('center_axis',(0.,0.,1.));
#4814=DIRECTION('ref_axis',(1.,0.,0.));
#4815=DIRECTION('',(2.60039989597591E-15,-1.,-1.58603289232165E-16));
#4816=DIRECTION('center_axis',(-1.,-2.60039989597591E-15,0.));
#4817=DIRECTION('ref_axis',(2.60039989597591E-15,-1.,0.));
#4818=DIRECTION('center_axis',(0.,0.,1.));
#4819=DIRECTION('ref_axis',(-0.940353028033814,-0.340200209681942,0.));
#4820=DIRECTION('center_axis',(0.,0.,1.));
#4821=DIRECTION('ref_axis',(1.,0.,0.));
#4822=DIRECTION('',(0.,0.,1.));
#4823=DIRECTION('center_axis',(0.,0.,1.));
#4824=DIRECTION('ref_axis',(1.,0.,0.));
#4825=DIRECTION('center_axis',(0.,0.,1.));
#4826=DIRECTION('ref_axis',(1.,0.,0.));
#4827=DIRECTION('',(0.,0.,1.));
#4828=DIRECTION('center_axis',(0.,0.,1.));
#4829=DIRECTION('ref_axis',(1.,0.,0.));
#4830=DIRECTION('center_axis',(0.,0.,1.));
#4831=DIRECTION('ref_axis',(-0.940353028033814,-0.340200209681942,0.));
#4832=DIRECTION('center_axis',(0.207911690817759,0.,0.978147600733806));
#4833=DIRECTION('ref_axis',(0.691654801480226,-0.707106781186547,-0.147015766465198));
#4834=DIRECTION('',(-0.207911690817759,0.,-0.978147600733806));
#4835=DIRECTION('center_axis',(0.978147600733806,0.,-0.207911690817759));
#4836=DIRECTION('ref_axis',(-0.207911690817759,0.,-0.978147600733806));
#4837=DIRECTION('',(0.207911690817759,0.,0.978147600733806));
#4838=DIRECTION('center_axis',(0.866025403784829,0.,0.499999999999325));
#4839=DIRECTION('ref_axis',(0.499999999999325,0.,-0.866025403784829));
#4840=DIRECTION('',(-0.499999999999325,0.,0.866025403784829));
#4841=DIRECTION('center_axis',(0.499999999999325,0.,-0.866025403784829));
#4842=DIRECTION('ref_axis',(0.61237243569607,0.707106781186547,0.353553390592796));
#4843=DIRECTION('center_axis',(-0.207911690817759,0.,-0.978147600733806));
#4844=DIRECTION('ref_axis',(0.691654801480226,0.707106781186547,-0.147015766465198));
#4845=DIRECTION('center_axis',(-0.932926829268415,0.,-0.360066009547115));
#4846=DIRECTION('ref_axis',(-0.360066009547115,0.,0.932926829268414));
#4847=DIRECTION('',(0.,1.,0.));
#4848=DIRECTION('center_axis',(-0.932926829268415,0.,-0.360066009547115));
#4849=DIRECTION('ref_axis',(-0.360066009547115,0.,0.932926829268414));
#4850=DIRECTION('',(0.,1.,0.));
#4851=DIRECTION('',(0.360066009547115,0.,-0.932926829268414));
#4852=DIRECTION('center_axis',(0.,1.,0.));
#4853=DIRECTION('ref_axis',(1.,0.,1.52858755463634E-13));
#4854=DIRECTION('center_axis',(0.295017367076723,0.948683298050514,0.113862869817681));
#4855=DIRECTION('ref_axis',(0.885052101229939,-0.316227766016838,0.341588609453638));
#4856=DIRECTION('center_axis',(0.,1.,0.));
#4857=DIRECTION('ref_axis',(-0.36006600954774,0.,0.932926829268173));
#4858=DIRECTION('center_axis',(0.295017367076747,0.948683298050514,-0.113862869817619));
#4859=DIRECTION('ref_axis',(-0.88505210123024,0.316227766016838,0.341588609452857));
#4860=DIRECTION('',(0.,-1.,0.));
#4861=DIRECTION('center_axis',(0.,1.,0.));
#4862=DIRECTION('ref_axis',(1.,0.,1.52858755463634E-13));
#4863=DIRECTION('',(0.,-1.,0.));
#4864=DIRECTION('center_axis',(0.,1.,0.));
#4865=DIRECTION('ref_axis',(-0.36006600954774,0.,0.932926829268173));
#4866=DIRECTION('center_axis',(-0.295017367076747,0.948683298050514,0.113862869817619));
#4867=DIRECTION('ref_axis',(-0.88505210123024,-0.316227766016838,0.341588609452857));
#4868=DIRECTION('center_axis',(0.,1.,0.));
#4869=DIRECTION('ref_axis',(-0.36006600954774,0.,0.932926829268173));
#4870=DIRECTION('center_axis',(-0.295017367076723,0.948683298050514,-0.113862869817681));
#4871=DIRECTION('ref_axis',(0.885052101229939,0.316227766016838,0.341588609453638));
#4872=DIRECTION('center_axis',(0.,1.,0.));
#4873=DIRECTION('ref_axis',(-0.36006600954774,0.,0.932926829268173));
#4874=DIRECTION('center_axis',(-0.932926829268491,0.,0.360066009546917));
#4875=DIRECTION('ref_axis',(0.360066009546917,0.,0.93292682926849));
#4876=DIRECTION('center_axis',(-0.932926829268491,0.,0.360066009546917));
#4877=DIRECTION('ref_axis',(0.360066009546917,0.,0.93292682926849));
#4878=DIRECTION('',(-0.360066009546917,0.,-0.93292682926849));
#4879=DIRECTION('center_axis',(-0.0829143993204754,0.996545428737607,-0.00473400966455398));
#4880=DIRECTION('ref_axis',(0.996556595639119,0.0829153284270715,0.));
#4881=DIRECTION('center_axis',(2.21853722955095E-15,-4.87943659678292E-16,
1.));
#4882=DIRECTION('ref_axis',(0.214805292509492,0.976656892828752,0.));
#4883=DIRECTION('center_axis',(0.,0.,-1.));
#4884=DIRECTION('ref_axis',(-0.62503645280986,0.780595562797322,0.));
#4885=DIRECTION('center_axis',(0.,0.,1.));
#4886=DIRECTION('ref_axis',(-0.62503645280986,0.780595562797322,0.));
#4887=DIRECTION('',(0.,0.,1.));
#4888=DIRECTION('',(0.,0.,-1.));
#4889=DIRECTION('center_axis',(0.,0.,1.));
#4890=DIRECTION('ref_axis',(1.,0.,0.));
#4891=DIRECTION('center_axis',(0.,0.,1.));
#4892=DIRECTION('ref_axis',(1.,0.,0.));
#4893=DIRECTION('center_axis',(0.,0.,-1.));
#4894=DIRECTION('ref_axis',(1.,0.,0.));
#4895=DIRECTION('center_axis',(0.,0.,1.));
#4896=DIRECTION('ref_axis',(1.,0.,0.));
#4897=DIRECTION('center_axis',(0.,0.,1.));
#4898=DIRECTION('ref_axis',(-0.62503645280986,-0.780595562797322,0.));
#4899=DIRECTION('center_axis',(0.,0.,-1.));
#4900=DIRECTION('ref_axis',(1.,0.,0.));
#4901=DIRECTION('center_axis',(0.,0.,1.));
#4902=DIRECTION('ref_axis',(1.,0.,0.));
#4903=DIRECTION('',(0.,0.,1.));
#4904=DIRECTION('',(0.,0.,1.));
#4905=DIRECTION('center_axis',(0.,0.,1.));
#4906=DIRECTION('ref_axis',(-0.62503645280986,-0.780595562797322,0.));
#4907=DIRECTION('',(0.,0.,1.));
#4908=DIRECTION('center_axis',(0.,0.,-1.));
#4909=DIRECTION('ref_axis',(0.214805292509493,-0.976656892828751,0.));
#4910=DIRECTION('',(0.,0.,-1.));
#4911=DIRECTION('center_axis',(0.0829143993204736,0.996545428737607,0.00473400966455499));
#4912=DIRECTION('ref_axis',(0.996556595639119,-0.0829153284270697,0.));
#4913=DIRECTION('center_axis',(0.,0.,1.));
#4914=DIRECTION('ref_axis',(1.,0.,0.));
#4915=DIRECTION('',(0.,0.,-1.));
#4916=DIRECTION('',(0.,0.,1.));
#4917=DIRECTION('center_axis',(0.,0.,1.));
#4918=DIRECTION('ref_axis',(-1.,-1.50400768908225E-12,0.));
#4919=DIRECTION('center_axis',(0.,0.,-1.));
#4920=DIRECTION('ref_axis',(-1.,0.,0.));
#4921=DIRECTION('center_axis',(0.,0.,-1.));
#4922=DIRECTION('ref_axis',(-1.,0.,0.));
#4923=DIRECTION('center_axis',(0.,0.,1.));
#4924=DIRECTION('ref_axis',(1.,0.,0.));
#4925=DIRECTION('center_axis',(0.,0.,1.));
#4926=DIRECTION('ref_axis',(1.,0.,0.));
#4927=DIRECTION('center_axis',(0.,0.,1.));
#4928=DIRECTION('ref_axis',(1.,0.,0.));
#4929=DIRECTION('',(0.,0.,-1.));
#4930=DIRECTION('center_axis',(0.,0.,1.));
#4931=DIRECTION('ref_axis',(1.,0.,0.));
#4932=DIRECTION('center_axis',(-0.295017367076723,0.948683298050514,-0.113862869817681));
#4933=DIRECTION('ref_axis',(0.,0.119166756861381,0.992874253900835));
#4934=DIRECTION('',(0.360066009547115,0.,-0.932926829268414));
#4935=DIRECTION('',(0.360066009547115,0.,-0.932926829268414));
#4936=DIRECTION('center_axis',(0.295017367076723,-0.948683298050514,0.113862869817681));
#4937=DIRECTION('ref_axis',(0.885052101229941,0.316227766016838,0.341588609453633));
#4938=DIRECTION('center_axis',(0.295017367076747,0.948683298050514,-0.113862869817619));
#4939=DIRECTION('ref_axis',(0.,0.119166756861316,0.992874253900843));
#4940=DIRECTION('',(-0.360066009546917,0.,-0.93292682926849));
#4941=DIRECTION('center_axis',(-0.295017367076747,-0.948683298050514,0.113862869817619));
#4942=DIRECTION('ref_axis',(-0.88505210123024,0.316227766016838,0.341588609452857));
#4943=DIRECTION('center_axis',(0.,-1.,0.));
#4944=DIRECTION('ref_axis',(0.,0.,-1.));
#4945=DIRECTION('',(0.360066009547115,0.,-0.932926829268414));
#4946=DIRECTION('center_axis',(0.,-1.,0.));
#4947=DIRECTION('ref_axis',(-0.360066009547735,0.,0.932926829268175));
#4948=DIRECTION('center_axis',(0.,1.,0.));
#4949=DIRECTION('ref_axis',(1.,0.,3.73312492030635E-14));
#4950=DIRECTION('center_axis',(-0.295017367076723,-0.948683298050514,-0.113862869817681));
#4951=DIRECTION('ref_axis',(0.885052101229941,-0.316227766016838,0.341588609453633));
#4952=DIRECTION('center_axis',(0.295017367076723,0.948683298050514,0.113862869817681));
#4953=DIRECTION('ref_axis',(0.,-0.119166756861381,0.992874253900835));
#4954=DIRECTION('center_axis',(-0.295017367076747,0.948683298050514,0.113862869817619));
#4955=DIRECTION('ref_axis',(0.,-0.119166756861316,0.992874253900843));
#4956=DIRECTION('',(-0.360066009546917,0.,-0.932926829268491));
#4957=DIRECTION('center_axis',(0.295017367076747,-0.948683298050514,-0.113862869817619));
#4958=DIRECTION('ref_axis',(-0.88505210123024,-0.316227766016838,0.341588609452857));
#4959=DIRECTION('',(-0.360066009546917,0.,-0.93292682926849));
#4960=DIRECTION('center_axis',(0.,-1.,0.));
#4961=DIRECTION('ref_axis',(0.,0.,-1.));
#4962=DIRECTION('center_axis',(0.,-1.,0.));
#4963=DIRECTION('ref_axis',(-0.360066009547735,0.,0.932926829268175));
#4964=DIRECTION('center_axis',(0.,1.,0.));
#4965=DIRECTION('ref_axis',(1.,0.,3.73312492030635E-14));
#4966=DIRECTION('center_axis',(0.,1.,0.));
#4967=DIRECTION('ref_axis',(-0.360066009547735,0.,0.932926829268175));
#4968=DIRECTION('center_axis',(0.,-1.,0.));
#4969=DIRECTION('ref_axis',(0.,0.,-1.));
#4970=DIRECTION('center_axis',(0.,-1.,0.));
#4971=DIRECTION('ref_axis',(0.,0.,-1.));
#4972=CARTESIAN_POINT('',(0.,0.,0.));
#4973=CARTESIAN_POINT('Origin',(2.98811657095532,0.,6.17556971983311));
#4974=CARTESIAN_POINT('',(2.79285851191927,6.65,5.71527167466946));
#4975=CARTESIAN_POINT('',(3.42112927284754,6.65,5.92556971983311));
#4976=CARTESIAN_POINT('Origin',(2.98811657095532,6.65,6.17556971983311));
#4977=CARTESIAN_POINT('',(2.79285851191927,4.15,5.71527167466946));
#4978=CARTESIAN_POINT('',(2.79285851191927,0.,5.71527167466946));
#4979=CARTESIAN_POINT('',(3.42112927284754,4.15,5.92556971983311));
#4980=CARTESIAN_POINT('Origin',(2.98811657095532,4.15,6.17556971983311));
#4981=CARTESIAN_POINT('',(3.42112927284754,0.,5.92556971983311));
#4982=CARTESIAN_POINT('Origin',(5.48482755730144,0.,9.5));
#4983=CARTESIAN_POINT('',(4.61880215351909,4.15,8.00000000000361));
#4984=CARTESIAN_POINT('',(2.75041582924355,4.15,4.76385995819152));
#4985=CARTESIAN_POINT('',(5.20859218705928,3.74838205966168,9.02154630394052));
#4986=CARTESIAN_POINT('Origin',(4.61880215351909,2.65,8.00000000000361));
#4987=CARTESIAN_POINT('',(5.20859218708832,6.65,9.02154630394327));
#4988=CARTESIAN_POINT('Ctrl Pts',(5.20859218708832,6.65,9.02154630394327));
#4989=CARTESIAN_POINT('Ctrl Pts',(5.20859218708832,5.68279401988723,9.02154630394327));
#4990=CARTESIAN_POINT('Ctrl Pts',(5.20859218705928,4.71558803977445,9.02154630394052));
#4991=CARTESIAN_POINT('Ctrl Pts',(5.20859218705928,3.74838205966168,9.02154630394052));
#4992=CARTESIAN_POINT('',(0.,6.65,0.));
#4993=CARTESIAN_POINT('Origin',(2.98811657095532,0.,6.17556971983311));
#4994=CARTESIAN_POINT('',(3.42112927284754,-6.65,5.92556971983311));
#4995=CARTESIAN_POINT('',(2.79285851191927,-6.65,5.71527167466946));
#4996=CARTESIAN_POINT('Origin',(2.98811657095532,-6.65,6.17556971983311));
#4997=CARTESIAN_POINT('',(3.42112927284754,-4.15,5.92556971983311));
#4998=CARTESIAN_POINT('',(3.42112927284754,0.,5.92556971983311));
#4999=CARTESIAN_POINT('',(2.79285851191927,-4.15,5.71527167466946));
#5000=CARTESIAN_POINT('Origin',(2.98811657095532,-4.15,6.17556971983311));
#5001=CARTESIAN_POINT('',(2.79285851191927,0.,5.71527167466946));
#5002=CARTESIAN_POINT('Origin',(5.48482755730144,0.,9.5));
#5003=CARTESIAN_POINT('',(5.20859218708832,-6.65,9.02154630394327));
#5004=CARTESIAN_POINT('',(0.,-6.65,0.));
#5005=CARTESIAN_POINT('',(5.20859218708679,-3.74838205962783,9.02154630394312));
#5006=CARTESIAN_POINT('Ctrl Pts',(5.20859218708679,-3.74838205962783,9.02154630394312));
#5007=CARTESIAN_POINT('Ctrl Pts',(5.20859218709011,-4.71558803975189,9.02154630394344));
#5008=CARTESIAN_POINT('Ctrl Pts',(5.20859218708875,-5.68279401987594,9.02154630394331));
#5009=CARTESIAN_POINT('Ctrl Pts',(5.20859218708832,-6.65,9.02154630394327));
#5010=CARTESIAN_POINT('',(4.61880215351909,-4.15,8.00000000000361));
#5011=CARTESIAN_POINT('Origin',(4.61880215351909,-2.65,8.00000000000361));
#5012=CARTESIAN_POINT('',(2.75041582924355,-4.15,4.76385995819152));
#5013=CARTESIAN_POINT('Origin',(-2.00758622134928,-6.65,1.69675885398896));
#5014=CARTESIAN_POINT('',(-5.54977477020482,-6.65,-4.09999999999976));
#5015=CARTESIAN_POINT('',(-8.56971411425152,-6.65,-4.0999999999998));
#5016=CARTESIAN_POINT('',(-5.28865016780037,-6.65,-4.09999999999976));
#5017=CARTESIAN_POINT('',(-5.28570665752097,-6.65,-4.4352345068371));
#5018=CARTESIAN_POINT('Origin',(0.,-6.65,0.));
#5019=CARTESIAN_POINT('',(-7.27742220963032,-6.65,-6.10648229202209));
#5020=CARTESIAN_POINT('',(0.,-6.65,0.));
#5021=CARTESIAN_POINT('Origin',(0.,-6.65,0.));
#5022=CARTESIAN_POINT('Origin',(-2.00758622134928,-6.65,1.69675885398896));
#5023=CARTESIAN_POINT('',(0.,-6.65,6.9));
#5024=CARTESIAN_POINT('',(3.2,-6.65,5.54256258422041));
#5025=CARTESIAN_POINT('',(-5.54977477018216,-6.65,4.10000000003044));
#5026=CARTESIAN_POINT('Origin',(0.,-6.65,0.));
#5027=CARTESIAN_POINT('',(-8.56971411422901,-6.65,4.10000000004683));
#5028=CARTESIAN_POINT('',(-1.79499698265092,-6.65,4.10000000001005));
#5029=CARTESIAN_POINT('',(-1.66533453693773E-15,-6.65,9.5));
#5030=CARTESIAN_POINT('Origin',(0.,-6.65,0.));
#5031=CARTESIAN_POINT('Ctrl Pts',(5.20859218708831,-6.65,9.02154630394327));
#5032=CARTESIAN_POINT('Ctrl Pts',(5.01047321903097,-6.65,9.05800717625618));
#5033=CARTESIAN_POINT('Ctrl Pts',(4.81598437587183,-6.65,9.09213173840853));
#5034=CARTESIAN_POINT('Ctrl Pts',(4.62536656358197,-6.65,9.12393203190512));
#5035=CARTESIAN_POINT('Ctrl Pts',(4.43474875129214,-6.65,9.1557323254017));
#5036=CARTESIAN_POINT('Ctrl Pts',(4.24800196987159,-6.65,9.18520835024252));
#5037=CARTESIAN_POINT('Ctrl Pts',(4.06532889382915,-6.65,9.21240758414803));
#5038=CARTESIAN_POINT('Ctrl Pts',(3.88265581778673,-6.65,9.23960681805355));
#5039=CARTESIAN_POINT('Ctrl Pts',(3.70405644712241,-6.65,9.26452926102376));
#5040=CARTESIAN_POINT('Ctrl Pts',(3.52969522488279,-6.65,9.2872578269948));
#5041=CARTESIAN_POINT('Ctrl Pts',(3.35533400264313,-6.65,9.30998639296584));
#5042=CARTESIAN_POINT('Ctrl Pts',(3.18521092882816,-6.65,9.33052108193771));
#5043=CARTESIAN_POINT('Ctrl Pts',(3.0194522150222,-6.65,9.34898024406221));
#5044=CARTESIAN_POINT('Ctrl Pts',(2.85369350121622,-6.65,9.36743940618671));
#5045=CARTESIAN_POINT('Ctrl Pts',(2.69229914741925,-6.65,9.38382304146383));
#5046=CARTESIAN_POINT('Ctrl Pts',(2.53535713375337,-6.65,9.39828493626104));
#5047=CARTESIAN_POINT('Ctrl Pts',(2.37841512008752,-6.65,9.41274683105825));
#5048=CARTESIAN_POINT('Ctrl Pts',(2.22592544655276,-6.65,9.42528698537554));
#5049=CARTESIAN_POINT('Ctrl Pts',(2.07793786180891,-6.65,9.43609462179606));
#5050=CARTESIAN_POINT('Ctrl Pts',(1.92995027706503,-6.65,9.44690225821658));
#5051=CARTESIAN_POINT('Ctrl Pts',(1.78646478111206,-6.65,9.45597737674032));
#5052=CARTESIAN_POINT('Ctrl Pts',(1.64749289114758,-6.65,9.46354463616608));
#5053=CARTESIAN_POINT('Ctrl Pts',(1.50852100118319,-6.65,9.47111189559183));
#5054=CARTESIAN_POINT('Ctrl Pts',(1.37406271720728,-6.65,9.4771712959196));
#5055=CARTESIAN_POINT('Ctrl Pts',(1.24409132495517,-6.65,9.48198293216386));
#5056=CARTESIAN_POINT('Ctrl Pts',(1.11411993270302,-6.65,9.48679456840812));
#5057=CARTESIAN_POINT('Ctrl Pts',(0.98863543217468,-6.65,9.49035844056887));
#5058=CARTESIAN_POINT('Ctrl Pts',(0.86757287764323,-6.65,9.49297007987623));
#5059=CARTESIAN_POINT('Ctrl Pts',(0.746510323111754,-6.65,9.49558171918359));
#5060=CARTESIAN_POINT('Ctrl Pts',(0.629869714577171,-6.65,9.49724112563757));
#5061=CARTESIAN_POINT('Ctrl Pts',(0.517547874850308,-6.65,9.49827926668396));
#5062=CARTESIAN_POINT('Ctrl Pts',(0.405226035123468,-6.65,9.49931740773036));
#5063=CARTESIAN_POINT('Ctrl Pts',(0.297222964204345,-6.65,9.49973428336917));
#5064=CARTESIAN_POINT('Ctrl Pts',(0.193397253441518,-6.65,9.49989629726187));
#5065=CARTESIAN_POINT('Ctrl Pts',(0.12725167182877,-6.65,9.49999951353732));
#5066=CARTESIAN_POINT('Ctrl Pts',(0.0628008062567881,-6.65,9.50000000000031));
#5067=CARTESIAN_POINT('Ctrl Pts',(0.,-6.65,9.50000000000031));
#5068=CARTESIAN_POINT('Origin',(-5.28570665752097,0.,-4.4352345068371));
#5069=CARTESIAN_POINT('',(-5.28570665752097,4.15,-4.4352345068371));
#5070=CARTESIAN_POINT('',(-7.27742220963032,4.15,-6.10648229202209));
#5071=CARTESIAN_POINT('',(-3.01947024161943,4.15,-2.53363636609361));
#5072=CARTESIAN_POINT('',(-5.28570665752097,6.65,-4.4352345068371));
#5073=CARTESIAN_POINT('',(-5.28570665752097,0.,-4.4352345068371));
#5074=CARTESIAN_POINT('',(-7.27742220963032,6.65,-6.10648229202209));
#5075=CARTESIAN_POINT('',(0.,6.65,0.));
#5076=CARTESIAN_POINT('',(-7.27742220963032,-9.,-6.10648229202209));
#5077=CARTESIAN_POINT('Origin',(0.,0.,0.));
#5078=CARTESIAN_POINT('',(0.,4.15,6.9));
#5079=CARTESIAN_POINT('',(-5.54977477018216,4.15,4.10000000003044));
#5080=CARTESIAN_POINT('Origin',(0.,4.15,0.));
#5081=CARTESIAN_POINT('',(0.,6.65,6.9));
#5082=CARTESIAN_POINT('',(0.,0.,6.9));
#5083=CARTESIAN_POINT('',(-5.54977477018216,6.65,4.10000000003044));
#5084=CARTESIAN_POINT('Origin',(0.,6.65,0.));
#5085=CARTESIAN_POINT('',(-5.54977477018216,0.,4.10000000003044));
#5086=CARTESIAN_POINT('Origin',(0.,0.,0.));
#5087=CARTESIAN_POINT('',(-5.54977477020482,4.15,-4.09999999999976));
#5088=CARTESIAN_POINT('Origin',(0.,4.15,0.));
#5089=CARTESIAN_POINT('',(-5.54977477020482,6.65,-4.09999999999976));
#5090=CARTESIAN_POINT('',(-5.54977477020482,0.,-4.09999999999976));
#5091=CARTESIAN_POINT('Origin',(0.,6.65,0.));
#5092=CARTESIAN_POINT('Origin',(0.,0.,0.));
#5093=CARTESIAN_POINT('',(-5.54977477020482,-4.15,-4.09999999999976));
#5094=CARTESIAN_POINT('',(-5.54977477020482,0.,-4.09999999999976));
#5095=CARTESIAN_POINT('',(-5.28570665752097,-4.15,-4.4352345068371));
#5096=CARTESIAN_POINT('Origin',(0.,-4.15,0.));
#5097=CARTESIAN_POINT('',(-5.28570665752097,0.,-4.4352345068371));
#5098=CARTESIAN_POINT('Origin',(3.2,0.,5.54256258422041));
#5099=CARTESIAN_POINT('',(3.2,6.65,5.54256258422041));
#5100=CARTESIAN_POINT('',(1.48850996585985,4.15,6.26857527455658));
#5101=CARTESIAN_POINT('Origin',(-2.00758622134928,6.65,1.69675885398896));
#5102=CARTESIAN_POINT('',(-1.66533453693773E-15,6.65,9.5));
#5103=CARTESIAN_POINT('Ctrl Pts',(0.,6.65,9.50000000000031));
#5104=CARTESIAN_POINT('Ctrl Pts',(0.0985755690268598,6.65,9.50000000000031));
#5105=CARTESIAN_POINT('Ctrl Pts',(0.201218472286592,6.65,9.49999704698233));
#5106=CARTESIAN_POINT('Ctrl Pts',(0.308094475040248,6.65,9.499602161479));
#5107=CARTESIAN_POINT('Ctrl Pts',(0.414970477793912,6.65,9.49920727597567));
#5108=CARTESIAN_POINT('Ctrl Pts',(0.5260795800415,6.65,9.49842045798699));
#5109=CARTESIAN_POINT('Ctrl Pts',(0.641549315581813,6.65,9.49688816426123));
#5110=CARTESIAN_POINT('Ctrl Pts',(0.757019051122136,6.65,9.49535587053547));
#5111=CARTESIAN_POINT('Ctrl Pts',(0.876849419955185,6.65,9.49307810107263));
#5112=CARTESIAN_POINT('Ctrl Pts',(1.00112972441751,6.65,9.48973674883667));
#5113=CARTESIAN_POINT('Ctrl Pts',(1.12541002887984,6.65,9.48639539660071));
#5114=CARTESIAN_POINT('Ctrl Pts',(1.25414026897145,6.65,9.48199046159162));
#5115=CARTESIAN_POINT('Ctrl Pts',(1.38737151556664,6.65,9.47623927298903));
#5116=CARTESIAN_POINT('Ctrl Pts',(1.52060276216179,6.65,9.47048808438644));
#5117=CARTESIAN_POINT('Ctrl Pts',(1.65833501526053,6.65,9.46339064219033));
#5118=CARTESIAN_POINT('Ctrl Pts',(1.80058111427489,6.65,9.454699711796));
#5119=CARTESIAN_POINT('Ctrl Pts',(1.94282721328926,6.65,9.44600878140168));
#5120=CARTESIAN_POINT('Ctrl Pts',(2.08958715821926,6.65,9.43572436280913));
#5121=CARTESIAN_POINT('Ctrl Pts',(2.24083555701469,6.65,9.4236346576293));
#5122=CARTESIAN_POINT('Ctrl Pts',(2.39208395581012,6.65,9.41154495244948));
#5123=CARTESIAN_POINT('Ctrl Pts',(2.54782080847097,6.65,9.39764996068238));
#5124=CARTESIAN_POINT('Ctrl Pts',(2.70798249148482,6.65,9.38177332015463));
#5125=CARTESIAN_POINT('Ctrl Pts',(2.8681441744986,6.65,9.36589667962688));
#5126=CARTESIAN_POINT('Ctrl Pts',(3.03273068786537,6.65,9.34803839033848));
#5127=CARTESIAN_POINT('Ctrl Pts',(3.20164017661041,6.65,9.32805752633171));
#5128=CARTESIAN_POINT('Ctrl Pts',(3.37054966535548,6.65,9.30807666232494));
#5129=CARTESIAN_POINT('Ctrl Pts',(3.54378212947884,6.65,9.2859732235998));
#5130=CARTESIAN_POINT('Ctrl Pts',(3.72119748254353,6.65,9.26164172041425));
#5131=CARTESIAN_POINT('Ctrl Pts',(3.89861283560829,6.65,9.23731021722868));
#5132=CARTESIAN_POINT('Ctrl Pts',(4.08021107761438,6.65,9.2107506495827));
#5133=CARTESIAN_POINT('Ctrl Pts',(4.26581389066263,6.65,9.18189296394991));
#5134=CARTESIAN_POINT('Ctrl Pts',(4.45141670371085,6.65,9.15303527831714));
#5135=CARTESIAN_POINT('Ctrl Pts',(4.64102408780122,6.65,9.12187947469756));
#5136=CARTESIAN_POINT('Ctrl Pts',(4.83441949357228,6.65,9.08839093578047));
#5137=CARTESIAN_POINT('Ctrl Pts',(4.957628393391,6.65,9.06705596135302));
#5138=CARTESIAN_POINT('Ctrl Pts',(5.08237398665983,6.65,9.04477490105597));
#5139=CARTESIAN_POINT('Ctrl Pts',(5.20859218708831,6.65,9.02154630394327));
#5140=CARTESIAN_POINT('',(-8.56971411422901,6.65,4.10000000004683));
#5141=CARTESIAN_POINT('Origin',(0.,6.65,0.));
#5142=CARTESIAN_POINT('',(-1.79499698265092,6.65,4.10000000001005));
#5143=CARTESIAN_POINT('Origin',(-2.00758622134928,6.65,1.69675885398896));
#5144=CARTESIAN_POINT('',(-8.56971411425152,6.65,-4.0999999999998));
#5145=CARTESIAN_POINT('',(-5.28865016780037,6.65,-4.09999999999976));
#5146=CARTESIAN_POINT('Origin',(0.,6.65,0.));
#5147=CARTESIAN_POINT('Origin',(-5.28570665752097,0.,-4.4352345068371));
#5148=CARTESIAN_POINT('',(-7.27742220963032,-4.15,-6.10648229202209));
#5149=CARTESIAN_POINT('',(-3.01947024161943,-4.15,-2.53363636609361));
#5150=CARTESIAN_POINT('',(-7.27742220963032,-9.,-6.10648229202209));
#5151=CARTESIAN_POINT('Origin',(0.,0.,0.));
#5152=CARTESIAN_POINT('',(-5.54977477018216,-4.15,4.10000000003044));
#5153=CARTESIAN_POINT('',(0.,-4.15,6.9));
#5154=CARTESIAN_POINT('Origin',(0.,-4.15,0.));
#5155=CARTESIAN_POINT('',(-5.54977477018216,0.,4.10000000003044));
#5156=CARTESIAN_POINT('',(0.,0.,6.9));
#5157=CARTESIAN_POINT('Origin',(3.2,0.,5.54256258422041));
#5158=CARTESIAN_POINT('',(1.48850996585985,-4.15,6.26857527455658));
#5159=CARTESIAN_POINT('Origin',(3.89323715109379,-2.65,9.25671544840032));
#5160=CARTESIAN_POINT('',(5.8301726133423,-2.65,8.901844816802));
#5161=CARTESIAN_POINT('Ctrl Pts',(5.20859218708632,-3.74838205962783,9.02154630394364));
#5162=CARTESIAN_POINT('Ctrl Pts',(5.29265959190217,-3.68786815996427,9.00607493871938));
#5163=CARTESIAN_POINT('Ctrl Pts',(5.37171263905727,-3.62033090642839,8.99122386641305));
#5164=CARTESIAN_POINT('Ctrl Pts',(5.44363118410632,-3.54588676270073,8.97751793703425));
#5165=CARTESIAN_POINT('Ctrl Pts',(5.47634190293414,-3.51202732558069,8.97128406784407));
#5166=CARTESIAN_POINT('Ctrl Pts',(5.5075761235434,-3.47673905720494,8.96528761527993));
#5167=CARTESIAN_POINT('Ctrl Pts',(5.53713270401514,-3.44003291574507,8.95957971812209));
#5168=CARTESIAN_POINT('Ctrl Pts',(5.59992211306072,-3.36205512217683,8.94745397543763));
#5169=CARTESIAN_POINT('Ctrl Pts',(5.65476772639762,-3.27810261393501,8.93670298564479));
#5170=CARTESIAN_POINT('Ctrl Pts',(5.69952459922265,-3.1888889156098,8.92786559105477));
#5171=CARTESIAN_POINT('Ctrl Pts',(5.72670095075574,-3.13471840113413,8.92249952933383));
#5172=CARTESIAN_POINT('Ctrl Pts',(5.75015792056467,-3.0786081318961,8.91783897335918));
#5173=CARTESIAN_POINT('Ctrl Pts',(5.76942426055424,-3.02071784403942,8.91399939882398));
#5174=CARTESIAN_POINT('Ctrl Pts',(5.7927758672124,-2.9505524035827,8.90934567453959));
#5175=CARTESIAN_POINT('Ctrl Pts',(5.80958444213762,-2.8789097506042,8.90597615045351));
#5176=CARTESIAN_POINT('Ctrl Pts',(5.81951803523865,-2.80632639070697,8.90398353237642));
#5177=CARTESIAN_POINT('Ctrl Pts',(5.82659306100812,-2.75463017801886,8.90256432543883));
#5178=CARTESIAN_POINT('Ctrl Pts',(5.83018137670396,-2.70245676838288,8.90184305650318));
#5179=CARTESIAN_POINT('Ctrl Pts',(5.83017643769543,-2.64999999994203,8.90184404860326));
#5180=CARTESIAN_POINT('',(6.83440250823936,-2.65,7.16246761635762));
#5181=CARTESIAN_POINT('',(5.19227525677103,-2.65,10.0067154483993));
#5182=CARTESIAN_POINT('',(5.6475783827938,-4.15,6.21810730127747));
#5183=CARTESIAN_POINT('Ctrl Pts',(5.6475783827938,-4.15,6.21810730127747));
#5184=CARTESIAN_POINT('Ctrl Pts',(5.64918216935546,-4.15,6.21940030333));
#5185=CARTESIAN_POINT('Ctrl Pts',(5.65078599110769,-4.14999585706163,6.22069325864772));
#5186=CARTESIAN_POINT('Ctrl Pts',(5.73234663191397,-4.1495744898611,6.28644130422036));
#5187=CARTESIAN_POINT('Ctrl Pts',(5.81217448554141,-4.13886561627449,6.35060437609748));
#5188=CARTESIAN_POINT('Ctrl Pts',(5.96900173367368,-4.09715593444329,6.47632159370588));
#5189=CARTESIAN_POINT('Ctrl Pts',(6.04562870505544,-4.06627940953438,6.53757802047718));
#5190=CARTESIAN_POINT('Ctrl Pts',(6.26054087313045,-3.9481988981675,6.70898195871853));
#5191=CARTESIAN_POINT('Ctrl Pts',(6.38897574226208,-3.83639348649516,6.81089192975595));
#5192=CARTESIAN_POINT('Ctrl Pts',(6.60405277934618,-3.5576232032801,6.98107852393386));
#5193=CARTESIAN_POINT('Ctrl Pts',(6.689054199035,-3.39391220065716,7.04807516126471));
#5194=CARTESIAN_POINT('Ctrl Pts',(6.80467030311189,-3.03496673256929,7.13911312613061));
#5195=CARTESIAN_POINT('Ctrl Pts',(6.83440250823935,-2.84346086002715,7.16246761635763));
#5196=CARTESIAN_POINT('Ctrl Pts',(6.83440250823935,-2.65,7.16246761635763));
#5197=CARTESIAN_POINT('',(3.89323715109379,-4.15,9.25671544840032));
#5198=CARTESIAN_POINT('Origin',(0.,-9.,0.));
#5199=CARTESIAN_POINT('',(-8.56971411422901,-7.5,4.10000000004683));
#5200=CARTESIAN_POINT('',(-8.56971411422901,0.,4.10000000004683));
#5201=CARTESIAN_POINT('',(-2.22044604925031E-15,-7.5,9.49999999998483));
#5202=CARTESIAN_POINT('Origin',(0.,-7.5,0.));
#5203=CARTESIAN_POINT('',(-2.22044604925031E-15,0.,9.49999999998483));
#5204=CARTESIAN_POINT('Origin',(-8.56971411425152,0.,-4.0999999999998));
#5205=CARTESIAN_POINT('',(-8.56971411425152,-7.5,-4.0999999999998));
#5206=CARTESIAN_POINT('',(-8.56971411425152,0.,-4.0999999999998));
#5207=CARTESIAN_POINT('',(-8.53610575911054,-7.8,-4.0999999999998));
#5208=CARTESIAN_POINT('Ctrl Pts',(-8.53610575911054,-7.8,-4.0999999999998));
#5209=CARTESIAN_POINT('Ctrl Pts',(-8.55894572364117,-7.6991386226216,-4.0999999999998));
#5210=CARTESIAN_POINT('Ctrl Pts',(-8.56971411425152,-7.59496403721827,-4.0999999999998));
#5211=CARTESIAN_POINT('Ctrl Pts',(-8.56971411425152,-7.5,-4.0999999999998));
#5212=CARTESIAN_POINT('',(-1.58240774396174,-7.8,-4.09999999999971));
#5213=CARTESIAN_POINT('',(-5.63485705713628,-7.8,-4.09999999999976));
#5214=CARTESIAN_POINT('',(-1.58240774396174,-4.15,-4.09999999999971));
#5215=CARTESIAN_POINT('',(-1.58240774396174,0.,-4.09999999999971));
#5216=CARTESIAN_POINT('',(-5.55980721774844,-4.15,-4.09999999999976));
#5217=CARTESIAN_POINT('Origin',(0.,-9.,0.));
#5218=CARTESIAN_POINT('',(4.75,-4.15,-8.22724133595217));
#5219=CARTESIAN_POINT('Origin',(0.,-4.15,0.));
#5220=CARTESIAN_POINT('',(4.75,-7.5,-8.22724133595217));
#5221=CARTESIAN_POINT('',(4.75,0.,-8.22724133595217));
#5222=CARTESIAN_POINT('Origin',(0.,-7.5,0.));
#5223=CARTESIAN_POINT('Origin',(0.,-9.,0.));
#5224=CARTESIAN_POINT('',(-8.56971411425152,7.5,-4.0999999999998));
#5225=CARTESIAN_POINT('',(-8.56971411425152,0.,-4.0999999999998));
#5226=CARTESIAN_POINT('',(4.75,7.5,-8.22724133595217));
#5227=CARTESIAN_POINT('Origin',(0.,7.5,0.));
#5228=CARTESIAN_POINT('',(4.75,4.15,-8.22724133595217));
#5229=CARTESIAN_POINT('',(4.75,0.,-8.22724133595217));
#5230=CARTESIAN_POINT('Origin',(0.,4.15,0.));
#5231=CARTESIAN_POINT('Origin',(-8.56971411425152,0.,-4.0999999999998));
#5232=CARTESIAN_POINT('',(-1.58240774396174,4.15,-4.09999999999971));
#5233=CARTESIAN_POINT('',(-5.55980721774844,4.15,-4.09999999999976));
#5234=CARTESIAN_POINT('',(-1.58240774396174,7.8,-4.09999999999971));
#5235=CARTESIAN_POINT('',(-1.58240774396174,0.,-4.09999999999971));
#5236=CARTESIAN_POINT('',(-8.53610575911054,7.8,-4.0999999999998));
#5237=CARTESIAN_POINT('',(-5.63485705713628,7.8,-4.09999999999976));
#5238=CARTESIAN_POINT('Ctrl Pts',(-8.56971411425152,7.5,-4.0999999999998));
#5239=CARTESIAN_POINT('Ctrl Pts',(-8.56971411425152,7.59496403721827,-4.0999999999998));
#5240=CARTESIAN_POINT('Ctrl Pts',(-8.55894572364117,7.6991386226216,-4.0999999999998));
#5241=CARTESIAN_POINT('Ctrl Pts',(-8.53610575911054,7.8,-4.0999999999998));
#5242=CARTESIAN_POINT('Origin',(-1.5824077439656,0.,4.1000000000089));
#5243=CARTESIAN_POINT('',(-8.56971411422901,7.5,4.10000000004683));
#5244=CARTESIAN_POINT('',(-8.56971411422901,0.,4.10000000004683));
#5245=CARTESIAN_POINT('',(-8.53610575908804,7.8,4.10000000004665));
#5246=CARTESIAN_POINT('Ctrl Pts',(-8.53610575908804,7.8,4.10000000004665));
#5247=CARTESIAN_POINT('Ctrl Pts',(-8.55894572361867,7.6991386226216,4.10000000004677));
#5248=CARTESIAN_POINT('Ctrl Pts',(-8.56971411422901,7.59496403721827,4.10000000004683));
#5249=CARTESIAN_POINT('Ctrl Pts',(-8.56971411422901,7.5,4.10000000004683));
#5250=CARTESIAN_POINT('',(-1.5824077439656,7.8,4.1000000000089));
#5251=CARTESIAN_POINT('',(-1.3500000000094,7.8,4.10000000000763));
#5252=CARTESIAN_POINT('',(-1.5824077439656,4.15,4.1000000000089));
#5253=CARTESIAN_POINT('',(-1.5824077439656,0.,4.1000000000089));
#5254=CARTESIAN_POINT('',(-2.06615403259848,4.15,4.10000000001152));
#5255=CARTESIAN_POINT('Origin',(0.,-9.,0.));
#5256=CARTESIAN_POINT('',(6.09063227336671E-13,7.5,9.50000000000026));
#5257=CARTESIAN_POINT('',(-2.22044604925031E-15,0.,9.49999999998483));
#5258=CARTESIAN_POINT('Origin',(0.,7.5,0.));
#5259=CARTESIAN_POINT('Ctrl Pts',(0.,-9.,9.50000000000031));
#5260=CARTESIAN_POINT('Ctrl Pts',(0.,9.,9.50000000000031));
#5261=CARTESIAN_POINT('Ctrl Pts',(2.54551732809271,-9.,9.50000000000031));
#5262=CARTESIAN_POINT('Ctrl Pts',(2.54551732809271,9.,9.50000000000031));
#5263=CARTESIAN_POINT('Ctrl Pts',(7.5,-9.,9.50000000000031));
#5264=CARTESIAN_POINT('Ctrl Pts',(7.5,9.,9.50000000000031));
#5265=CARTESIAN_POINT('Ctrl Pts',(16.75,-9.,5.34999999999995));
#5266=CARTESIAN_POINT('Ctrl Pts',(16.75,9.,5.34999999999995));
#5267=CARTESIAN_POINT('Ctrl Pts',(18.75,-9.,5.35));
#5268=CARTESIAN_POINT('Ctrl Pts',(18.75,9.,5.35));
#5269=CARTESIAN_POINT('',(4.4384314017329,-7.5,9.15457582314731));
#5270=CARTESIAN_POINT('Ctrl Pts',(4.4384314017329,-7.5,9.15457582314731));
#5271=CARTESIAN_POINT('Ctrl Pts',(3.81522760995211,-7.5,9.25491241027592));
#5272=CARTESIAN_POINT('Ctrl Pts',(2.7625262388241,-7.5,9.39337678596587));
#5273=CARTESIAN_POINT('Ctrl Pts',(1.26100148617559,-7.5,9.49367890969614));
#5274=CARTESIAN_POINT('Ctrl Pts',(0.401632008286965,-7.5,9.50000000000031));
#5275=CARTESIAN_POINT('Ctrl Pts',(0.,-7.5,9.50000000000031));
#5276=CARTESIAN_POINT('',(9.19368157947262,-7.36997118573393,8.10012915082));
#5277=CARTESIAN_POINT('Ctrl Pts',(9.19368157947262,-7.36997118573393,8.10012915082));
#5278=CARTESIAN_POINT('Ctrl Pts',(7.64363190078296,-7.44834760362186,8.51924482405126));
#5279=CARTESIAN_POINT('Ctrl Pts',(6.06551804731166,-7.49999999999977,8.89261284549371));
#5280=CARTESIAN_POINT('Ctrl Pts',(4.4384314017329,-7.5,9.15457582314731));
#5281=CARTESIAN_POINT('',(10.2364681691767,-2.5941811358419,7.8098719807758));
#5282=CARTESIAN_POINT('Ctrl Pts',(9.19368157947262,-7.36997118573394,8.10012915082));
#5283=CARTESIAN_POINT('Ctrl Pts',(9.43706028290669,-7.09566309606593,8.0343223379531));
#5284=CARTESIAN_POINT('Ctrl Pts',(9.65083654567204,-6.79394812722417,7.97511231888334));
#5285=CARTESIAN_POINT('Ctrl Pts',(10.1388927378402,-5.91051081094987,7.83838438007357));
#5286=CARTESIAN_POINT('Ctrl Pts',(10.3389833356216,-5.29551242010521,7.78053448243553));
#5287=CARTESIAN_POINT('Ctrl Pts',(10.4925964410155,-4.03501942586126,7.73624884557278));
#5288=CARTESIAN_POINT('Ctrl Pts',(10.450919262643,-3.40577099200123,7.74841962972233));
#5289=CARTESIAN_POINT('Ctrl Pts',(10.2766829392304,-2.73141080496044,7.79836675128329));
#5290=CARTESIAN_POINT('Ctrl Pts',(10.2572934832768,-2.66252523565408,7.80391853592686));
#5291=CARTESIAN_POINT('Ctrl Pts',(10.2364681691767,-2.5941811358419,7.8098719807758));
#5292=CARTESIAN_POINT('',(10.2364681691796,2.59418113582221,7.80987198077498));
#5293=CARTESIAN_POINT('Ctrl Pts',(10.2364681691769,-2.59418113584271,7.80987198077573));
#5294=CARTESIAN_POINT('Ctrl Pts',(9.98572291005798,-1.77129035329773,7.88155388022355));
#5295=CARTESIAN_POINT('Ctrl Pts',(9.8551456385724,-0.914626134718093,7.91787117237339));
#5296=CARTESIAN_POINT('Ctrl Pts',(9.84495247914258,0.846155492671972,7.9207297348634));
#5297=CARTESIAN_POINT('Ctrl Pts',(9.97567666496377,1.73832078682341,7.88442585448618));
#5298=CARTESIAN_POINT('Ctrl Pts',(10.2364681691721,2.59418113582695,7.8098719807771));
#5299=CARTESIAN_POINT('',(9.19368157944554,7.3699711857353,8.10012915082732));
#5300=CARTESIAN_POINT('Ctrl Pts',(10.2364681691796,2.59418113582221,7.80987198077498));
#5301=CARTESIAN_POINT('Ctrl Pts',(10.3485994059062,2.96217118860609,7.77781641942862));
#5302=CARTESIAN_POINT('Ctrl Pts',(10.4183699083806,3.34341000351106,7.75765192468167));
#5303=CARTESIAN_POINT('Ctrl Pts',(10.4834422278024,4.35521645569341,7.738869389748));
#5304=CARTESIAN_POINT('Ctrl Pts',(10.4059943130625,4.98033558808828,7.76145865771456));
#5305=CARTESIAN_POINT('Ctrl Pts',(10.023555366672,6.17641863316772,7.87068208876439));
#5306=CARTESIAN_POINT('Ctrl Pts',(9.71985825455839,6.73301956381505,7.95689947288261));
#5307=CARTESIAN_POINT('Ctrl Pts',(9.2814572107715,7.26902105717919,8.0763481157035));
#5308=CARTESIAN_POINT('Ctrl Pts',(9.23804442359359,7.31997056177526,8.0881339460625));
#5309=CARTESIAN_POINT('Ctrl Pts',(9.19368157944554,7.3699711857353,8.10012915082732));
#5310=CARTESIAN_POINT('',(4.4384314017329,7.5,9.15457582314732));
#5311=CARTESIAN_POINT('Ctrl Pts',(4.4384314017329,7.5,9.15457582314731));
#5312=CARTESIAN_POINT('Ctrl Pts',(6.06551804730217,7.49999999999977,8.89261284549524));
#5313=CARTESIAN_POINT('Ctrl Pts',(7.64363190076457,7.44834760362252,8.51924482405555));
#5314=CARTESIAN_POINT('Ctrl Pts',(9.19368157944554,7.3699711857353,8.10012915082732));
#5315=CARTESIAN_POINT('Ctrl Pts',(0.,7.5,9.50000000000031));
#5316=CARTESIAN_POINT('Ctrl Pts',(0.602448012430058,7.5,9.50000000000031));
#5317=CARTESIAN_POINT('Ctrl Pts',(2.13047029017731,7.5,9.47137658370018));
#5318=CARTESIAN_POINT('Ctrl Pts',(3.60749301268953,7.5,9.28835793931909));
#5319=CARTESIAN_POINT('Ctrl Pts',(4.43843140173008,7.5,9.15457582314777));
#5320=CARTESIAN_POINT('',(5.8301726133423,2.65,8.901844816802));
#5321=CARTESIAN_POINT('Ctrl Pts',(5.8301726133423,2.65,8.901844816802));
#5322=CARTESIAN_POINT('Ctrl Pts',(5.8301726133423,2.6717986223001,8.901844816802));
#5323=CARTESIAN_POINT('Ctrl Pts',(5.82955197041754,2.69364617648876,8.90196950071726));
#5324=CARTESIAN_POINT('Ctrl Pts',(5.81931058365838,2.87295988388477,8.90402619358138));
#5325=CARTESIAN_POINT('Ctrl Pts',(5.77821744592507,3.02490327745376,8.91230651576661));
#5326=CARTESIAN_POINT('Ctrl Pts',(5.62598254156365,3.34313183886919,8.94240924179526));
#5327=CARTESIAN_POINT('Ctrl Pts',(5.50329880496157,3.4979392136252,8.96638749852843));
#5328=CARTESIAN_POINT('Ctrl Pts',(5.31062855130994,3.6708599963093,9.00265293264924));
#5329=CARTESIAN_POINT('Ctrl Pts',(5.26059920563954,3.71094412247724,9.01197517967712));
#5330=CARTESIAN_POINT('Ctrl Pts',(5.20859218703869,3.74838205966168,9.0215463039524));
#5331=CARTESIAN_POINT('Ctrl Pts',(5.8301726133423,2.65,8.901844816802));
#5332=CARTESIAN_POINT('Ctrl Pts',(5.8301726133423,0.883333333333339,8.901844816802));
#5333=CARTESIAN_POINT('Ctrl Pts',(5.8301726133423,-0.883333333333322,8.901844816802));
#5334=CARTESIAN_POINT('Ctrl Pts',(5.8301726133423,-2.64999999999998,8.901844816802));
#5335=CARTESIAN_POINT('Origin',(12.1708977222443,0.495117306709289,5.35));
#5336=CARTESIAN_POINT('',(12.1708977222443,0.495117306709289,5.35));
#5337=CARTESIAN_POINT('',(12.1708977222443,0.77929675579071,5.35));
#5338=CARTESIAN_POINT('',(12.1708977222443,0.247558653354644,5.35));
#5339=CARTESIAN_POINT('',(12.1708977222443,0.495117306709289,4.85));
#5340=CARTESIAN_POINT('',(12.1708977222443,0.495117306709289,5.35));
#5341=CARTESIAN_POINT('',(12.1708977222443,0.77929675579071,4.85));
#5342=CARTESIAN_POINT('',(12.1708977222443,0.495117306709289,4.85));
#5343=CARTESIAN_POINT('',(12.1708977222443,0.77929675579071,5.35));
#5344=CARTESIAN_POINT('Origin',(12.1708977222443,0.77929675579071,5.35));
#5345=CARTESIAN_POINT('',(14.0649408102036,0.77929675579071,5.35));
#5346=CARTESIAN_POINT('',(15.2391988611221,0.77929675579071,5.35));
#5347=CARTESIAN_POINT('',(14.0649408102036,0.77929675579071,4.85));
#5348=CARTESIAN_POINT('',(12.1708977222443,0.77929675579071,4.85));
#5349=CARTESIAN_POINT('',(14.0649408102036,0.77929675579071,5.35));
#5350=CARTESIAN_POINT('Origin',(14.0649408102036,0.77929675579071,5.35));
#5351=CARTESIAN_POINT('',(14.0649408102036,1.83691412210464,5.35));
#5352=CARTESIAN_POINT('',(14.0649408102036,0.389648377895355,5.35));
#5353=CARTESIAN_POINT('',(14.0649408102036,1.83691412210464,4.85));
#5354=CARTESIAN_POINT('',(14.0649408102036,0.77929675579071,4.85));
#5355=CARTESIAN_POINT('',(14.0649408102036,1.83691412210464,5.35));
#5356=CARTESIAN_POINT('Origin',(14.0649408102036,1.83691412210464,5.35));
#5357=CARTESIAN_POINT('',(14.3183588981628,1.83691412210464,5.35));
#5358=CARTESIAN_POINT('',(16.1862204051018,1.83691412210464,5.35));
#5359=CARTESIAN_POINT('',(14.3183588981628,1.83691412210464,4.85));
#5360=CARTESIAN_POINT('',(14.0649408102036,1.83691412210464,4.85));
#5361=CARTESIAN_POINT('',(14.3183588981628,1.83691412210464,5.35));
#5362=CARTESIAN_POINT('Origin',(14.3183588981628,0.495117306709289,5.35));
#5363=CARTESIAN_POINT('',(14.3183588981628,0.495117306709289,5.35));
#5364=CARTESIAN_POINT('',(16.3129294490814,0.495117306709289,5.35));
#5365=CARTESIAN_POINT('',(14.3183588981628,0.495117306709289,4.85));
#5366=CARTESIAN_POINT('',(14.3183588981628,0.495117306709289,5.35));
#5367=CARTESIAN_POINT('',(14.3183588981628,0.495117306709289,4.85));
#5368=CARTESIAN_POINT('Origin',(14.3183588981628,1.83691412210464,5.35));
#5369=CARTESIAN_POINT('',(14.3183588981628,0.918457061052322,5.35));
#5370=CARTESIAN_POINT('',(14.3183588981628,1.83691412210464,4.85));
#5371=CARTESIAN_POINT('Origin',(13.2446283102036,0.279785133898258,4.85));
#5372=CARTESIAN_POINT('Origin',(13.6738276481628,-0.628418028354645,5.35));
#5373=CARTESIAN_POINT('',(13.6738276481628,-0.628418028354645,5.35));
#5374=CARTESIAN_POINT('',(13.4086909890175,-0.628418028354645,5.35));
#5375=CARTESIAN_POINT('',(15.9906638240814,-0.628418028354645,5.35));
#5376=CARTESIAN_POINT('',(13.6738276481628,-0.628418028354645,4.85));
#5377=CARTESIAN_POINT('',(13.6738276481628,-0.628418028354645,5.35));
#5378=CARTESIAN_POINT('',(13.4086909890175,-0.628418028354645,4.85));
#5379=CARTESIAN_POINT('',(13.6738276481628,-0.628418028354645,4.85));
#5380=CARTESIAN_POINT('',(13.4086909890175,-0.628418028354645,5.35));
#5381=CARTESIAN_POINT('Origin',(13.4086909890175,-0.628418028354645,5.35));
#5382=CARTESIAN_POINT('',(13.4086909890175,0.181640684604644,5.35));
#5383=CARTESIAN_POINT('',(13.4086909890175,-0.314209014177323,5.35));
#5384=CARTESIAN_POINT('',(13.4086909890175,0.181640684604644,4.85));
#5385=CARTESIAN_POINT('',(13.4086909890175,-0.628418028354645,4.85));
#5386=CARTESIAN_POINT('',(13.4086909890175,0.181640684604644,5.35));
#5387=CARTESIAN_POINT('Origin',(13.4086909890175,0.181640684604644,5.35));
#5388=CARTESIAN_POINT('',(13.6738276481628,0.181640684604644,5.35));
#5389=CARTESIAN_POINT('',(15.8580954945087,0.181640684604644,5.35));
#5390=CARTESIAN_POINT('',(13.6738276481628,0.181640684604644,4.85));
#5391=CARTESIAN_POINT('',(13.4086909890175,0.181640684604644,4.85));
#5392=CARTESIAN_POINT('',(13.6738276481628,0.181640684604644,5.35));
#5393=CARTESIAN_POINT('Origin',(13.6738276481628,0.181640684604644,5.35));
#5394=CARTESIAN_POINT('',(13.6738276481628,0.0908203423023221,5.35));
#5395=CARTESIAN_POINT('',(13.6738276481628,0.181640684604644,4.85));
#5396=CARTESIAN_POINT('Origin',(13.2446283102036,0.279785133898258,4.85));
#5397=CARTESIAN_POINT('Origin',(14.3183588981628,-1.27734385430813,5.35));
#5398=CARTESIAN_POINT('',(14.3183588981628,-1.27734385430813,5.35));
#5399=CARTESIAN_POINT('',(12.1708977222443,-1.27734385430813,5.35));
#5400=CARTESIAN_POINT('',(16.3129294490814,-1.27734385430813,5.35));
#5401=CARTESIAN_POINT('',(14.3183588981628,-1.27734385430813,4.85));
#5402=CARTESIAN_POINT('',(14.3183588981628,-1.27734385430813,5.35));
#5403=CARTESIAN_POINT('',(12.1708977222443,-1.27734385430813,4.85));
#5404=CARTESIAN_POINT('',(14.3183588981628,-1.27734385430813,4.85));
#5405=CARTESIAN_POINT('',(12.1708977222443,-1.27734385430813,5.35));
#5406=CARTESIAN_POINT('Origin',(12.1708977222443,-1.27734385430813,5.35));
#5407=CARTESIAN_POINT('',(12.1708977222443,-0.99316418170929,5.35));
#5408=CARTESIAN_POINT('',(12.1708977222443,-0.638671927154064,5.35));
#5409=CARTESIAN_POINT('',(12.1708977222443,-0.99316418170929,4.85));
#5410=CARTESIAN_POINT('',(12.1708977222443,-1.27734385430813,4.85));
#5411=CARTESIAN_POINT('',(12.1708977222443,-0.99316418170929,5.35));
#5412=CARTESIAN_POINT('Origin',(12.1708977222443,-0.99316418170929,5.35));
#5413=CARTESIAN_POINT('',(14.3183588981628,-0.99316418170929,5.35));
#5414=CARTESIAN_POINT('',(15.2391988611221,-0.99316418170929,5.35));
#5415=CARTESIAN_POINT('',(14.3183588981628,-0.99316418170929,4.85));
#5416=CARTESIAN_POINT('',(12.1708977222443,-0.99316418170929,4.85));
#5417=CARTESIAN_POINT('',(14.3183588981628,-0.99316418170929,5.35));
#5418=CARTESIAN_POINT('Origin',(14.3183588981628,-0.99316418170929,5.35));
#5419=CARTESIAN_POINT('',(14.3183588981628,-0.496582090854645,5.35));
#5420=CARTESIAN_POINT('',(14.3183588981628,-0.99316418170929,4.85));
#5421=CARTESIAN_POINT('Origin',(13.2446283102036,0.279785133898258,4.85));
#5422=CARTESIAN_POINT('Ctrl Pts',(9.55456242563163,-7.32946441182044,5.35));
#5423=CARTESIAN_POINT('Ctrl Pts',(9.16598163457986,-7.74552187738809,5.34999999999975));
#5424=CARTESIAN_POINT('Ctrl Pts',(8.38779158731322,-8.32388590697849,5.10605722797234));
#5425=CARTESIAN_POINT('Ctrl Pts',(7.38428444500483,-8.73602757306244,4.6423635880337));
#5426=CARTESIAN_POINT('Ctrl Pts',(6.79660759647384,-8.89073603182373,4.31326584272135));
#5427=CARTESIAN_POINT('Ctrl Pts',(6.48908594895463,-8.95118006386023,4.09085998581688));
#5428=CARTESIAN_POINT('Ctrl Pts',(6.36868528739488,-8.97009721388688,3.93807519071759));
#5429=CARTESIAN_POINT('Ctrl Pts',(6.36868528740568,-8.97009721388518,3.84999999997614));
#5430=CARTESIAN_POINT('Ctrl Pts',(9.50343702808515,-7.28860029318976,5.35000000000003));
#5431=CARTESIAN_POINT('Ctrl Pts',(9.12540390253351,-7.70310206183251,5.3617149940328));
#5432=CARTESIAN_POINT('Ctrl Pts',(8.36170684603602,-8.29682807905428,5.13083292429176));
#5433=CARTESIAN_POINT('Ctrl Pts',(7.36925394764458,-8.72586928847158,4.66192847102567));
#5434=CARTESIAN_POINT('Ctrl Pts',(6.78689449804818,-8.88740350241575,4.32564527794201));
#5435=CARTESIAN_POINT('Ctrl Pts',(6.48191269074225,-8.95052249920134,4.09746061924843));
#5436=CARTESIAN_POINT('Ctrl Pts',(6.36247144350383,-8.97026710262723,3.94050354383582));
#5437=CARTESIAN_POINT('Ctrl Pts',(6.36247144351455,-8.97026710262546,3.84999999997548));
#5438=CARTESIAN_POINT('Ctrl Pts',(9.40164186740568,-7.20723624084667,5.40423375442192));
#5439=CARTESIAN_POINT('Ctrl Pts',(9.04494270507401,-7.63300804044594,5.42567430504856));
#5440=CARTESIAN_POINT('Ctrl Pts',(8.31020727484401,-8.25869022402854,5.19500714629282));
#5441=CARTESIAN_POINT('Ctrl Pts',(7.33936029060819,-8.71248872126806,4.7043999007441));
#5442=CARTESIAN_POINT('Ctrl Pts',(6.76753886424028,-8.88352877883627,4.35109427788852));
#5443=CARTESIAN_POINT('Ctrl Pts',(6.46757907440438,-8.95021104653232,4.11075001960675));
#5444=CARTESIAN_POINT('Ctrl Pts',(6.35005643831391,-8.97107061848657,3.94538749500731));
#5445=CARTESIAN_POINT('Ctrl Pts',(6.35005643832445,-8.9710706184847,3.84999999997415));
#5446=CARTESIAN_POINT('Ctrl Pts',(9.35927779194214,-7.17337497641654,5.53455015305023));
#5447=CARTESIAN_POINT('Ctrl Pts',(9.00090771341257,-7.62211588386305,5.54190944830157));
#5448=CARTESIAN_POINT('Ctrl Pts',(8.27056338741513,-8.25852011601446,5.27530754899357));
#5449=CARTESIAN_POINT('Ctrl Pts',(7.31266217382161,-8.71439261120888,4.75111601466597));
#5450=CARTESIAN_POINT('Ctrl Pts',(6.74899817305678,-8.88537034584116,4.3773569850245));
#5451=CARTESIAN_POINT('Ctrl Pts',(6.45351550755547,-8.95200137776633,4.12425818623837));
#5452=CARTESIAN_POINT('Ctrl Pts',(6.33773583690962,-8.97279710991104,3.95029875678945));
#5453=CARTESIAN_POINT('Ctrl Pts',(6.33773583692001,-8.97279710990917,3.84999999997282));
#5454=CARTESIAN_POINT('Ctrl Pts',(9.35927779194212,-7.17337497641656,5.6));
#5455=CARTESIAN_POINT('Ctrl Pts',(8.99267494401814,-7.63203447941912,5.59999999999971));
#5456=CARTESIAN_POINT('Ctrl Pts',(8.25565527362268,-8.26782866097524,5.31540009930106));
#5457=CARTESIAN_POINT('Ctrl Pts',(7.30048045088941,-8.71894511491817,4.77442418603931));
#5458=CARTESIAN_POINT('Ctrl Pts',(6.74004035271472,-8.8876732637431,4.39047681650824));
#5459=CARTESIAN_POINT('Ctrl Pts',(6.44656043665826,-8.95338379589901,4.13100331678636));
#5460=CARTESIAN_POINT('Ctrl Pts',(6.33161626722788,-8.97388870736285,3.95275438917052));
#5461=CARTESIAN_POINT('Ctrl Pts',(6.33161626723819,-8.97388870736101,3.84999999997216));
#5462=CARTESIAN_POINT('',(6.3497938509642,-8.97061156886337,3.9509805383844));
#5463=CARTESIAN_POINT('',(6.36868528740568,-8.97009721388518,3.85));
#5464=CARTESIAN_POINT('Ctrl Pts',(6.34913437522108,-8.9707007068502,3.94882265261948));
#5465=CARTESIAN_POINT('Ctrl Pts',(6.34915286249035,-8.97069831931502,3.94731162000013));
#5466=CARTESIAN_POINT('Ctrl Pts',(6.34918279265232,-8.97069558266394,3.94580122157725));
#5467=CARTESIAN_POINT('Ctrl Pts',(6.34922425667588,-8.97069251764891,3.94429134750651));
#5468=CARTESIAN_POINT('Ctrl Pts',(6.3495062963596,-8.97067166931353,3.93402113326392));
#5469=CARTESIAN_POINT('Ctrl Pts',(6.35031405781434,-8.97063743012804,3.92375685978348));
#5470=CARTESIAN_POINT('Ctrl Pts',(6.3516888221783,-8.97059156299657,3.91352690634921));
#5471=CARTESIAN_POINT('Ctrl Pts',(6.35247471927174,-8.97056534261564,3.90767885639919));
#5472=CARTESIAN_POINT('Ctrl Pts',(6.35344668772149,-8.9705350734689,3.90184187821864));
#5473=CARTESIAN_POINT('Ctrl Pts',(6.35462008344177,-8.97049983670291,3.89602016232506));
#5474=CARTESIAN_POINT('Ctrl Pts',(6.35487354464812,-8.9704922253293,3.89476263333643));
#5475=CARTESIAN_POINT('Ctrl Pts',(6.35513642799665,-8.97048438055518,3.89350581355119));
#5476=CARTESIAN_POINT('Ctrl Pts',(6.35540892832657,-8.9704762900341,3.89224973962525));
#5477=CARTESIAN_POINT('Ctrl Pts',(6.3569718409513,-8.97042988723697,3.88504558762656));
#5478=CARTESIAN_POINT('Ctrl Pts',(6.35885918331991,-8.97037236383287,3.87804587389053));
#5479=CARTESIAN_POINT('Ctrl Pts',(6.36104263340609,-8.97030957550406,3.8711193510095));
#5480=CARTESIAN_POINT('Ctrl Pts',(6.36305079518616,-8.97025182784913,3.86474889234573));
#5481=CARTESIAN_POINT('Ctrl Pts',(6.36530929237982,-8.97018949829532,3.85844033550318));
#5482=CARTESIAN_POINT('Ctrl Pts',(6.36784286334441,-8.97012024116074,3.85208855051566));
#5483=CARTESIAN_POINT('Ctrl Pts',(6.3680640135362,-8.97011419584809,3.85153411628514));
#5484=CARTESIAN_POINT('Ctrl Pts',(6.36828729252302,-8.97010809375436,3.85097935043422));
#5485=CARTESIAN_POINT('Ctrl Pts',(6.36851273636657,-8.97010193105018,3.85042418163209));
#5486=CARTESIAN_POINT('Ctrl Pts',(6.36857011907937,-8.97010036244365,3.850282873307));
#5487=CARTESIAN_POINT('Ctrl Pts',(6.3686276378777,-8.97009879004414,3.85014147628884));
#5488=CARTESIAN_POINT('Ctrl Pts',(6.36868528740568,-8.97009721388518,3.84999999997614));
#5489=CARTESIAN_POINT('',(9.55456242563115,-7.32946441181999,5.35));
#5490=CARTESIAN_POINT('Ctrl Pts',(6.36868528740568,-8.97009721388518,3.84999999997614));
#5491=CARTESIAN_POINT('Ctrl Pts',(6.36868528739488,-8.97009721388688,3.93807519071759));
#5492=CARTESIAN_POINT('Ctrl Pts',(6.48908594895463,-8.95118006386023,4.09085998581688));
#5493=CARTESIAN_POINT('Ctrl Pts',(6.79660759647384,-8.89073603182373,4.31326584272135));
#5494=CARTESIAN_POINT('Ctrl Pts',(7.38428444500483,-8.73602757306244,4.6423635880337));
#5495=CARTESIAN_POINT('Ctrl Pts',(8.38779158731322,-8.32388590697849,5.10605722797234));
#5496=CARTESIAN_POINT('Ctrl Pts',(9.16598163457986,-7.74552187738809,5.34999999999975));
#5497=CARTESIAN_POINT('Ctrl Pts',(9.55456242563163,-7.32946441182044,5.35));
#5498=CARTESIAN_POINT('',(9.35927779194212,-7.17337497641656,5.6));
#5499=CARTESIAN_POINT('Origin',(9.55456242563164,-7.3294644118206,5.6));
#5500=CARTESIAN_POINT('Ctrl Pts',(9.35927779194212,-7.17337497641656,5.6));
#5501=CARTESIAN_POINT('Ctrl Pts',(8.99267494401814,-7.63203447941912,5.59999999999971));
#5502=CARTESIAN_POINT('Ctrl Pts',(8.25565527362268,-8.26782866097524,5.31540009930106));
#5503=CARTESIAN_POINT('Ctrl Pts',(7.30048045088941,-8.71894511491817,4.77442418603931));
#5504=CARTESIAN_POINT('Ctrl Pts',(6.74004035271472,-8.8876732637431,4.39047681650824));
#5505=CARTESIAN_POINT('Ctrl Pts',(6.47171570320149,-8.94775149923868,4.15324376558475));
#5506=CARTESIAN_POINT('Ctrl Pts',(6.37195984952558,-8.96649555054655,4.01244228460133));
#5507=CARTESIAN_POINT('Ctrl Pts',(6.3498878199343,-8.97056195376008,3.95094353209061));
#5508=CARTESIAN_POINT('Origin',(18.75,0.,5.6));
#5509=CARTESIAN_POINT('',(10.2364681691767,-2.5941811358419,5.6));
#5510=CARTESIAN_POINT('',(10.4756123217279,-2.52131087921713,5.35));
#5511=CARTESIAN_POINT('Origin',(10.4756123217279,-2.52131087921713,5.6));
#5512=CARTESIAN_POINT('',(10.4756123217228,2.5213108792004,5.35));
#5513=CARTESIAN_POINT('Origin',(18.75,0.,5.35));
#5514=CARTESIAN_POINT('',(10.2364681691796,2.59418113582221,5.6));
#5515=CARTESIAN_POINT('Origin',(10.4756123217228,2.5213108792004,5.6));
#5516=CARTESIAN_POINT('Origin',(18.75,0.,5.6));
#5517=CARTESIAN_POINT('Origin',(5.45358511815184,4.0515862683066,5.6));
#5518=CARTESIAN_POINT('',(9.55456242560835,7.32946441182073,5.35));
#5519=CARTESIAN_POINT('',(9.35927779191988,7.17337497641525,5.6));
#5520=CARTESIAN_POINT('Origin',(9.55456242560828,7.32946441182068,5.6));
#5521=CARTESIAN_POINT('Origin',(5.45358511815184,4.0515862683066,5.6));
#5522=CARTESIAN_POINT('Origin',(5.45358511815184,4.0515862683066,5.35));
#5523=CARTESIAN_POINT('Ctrl Pts',(6.36868528721327,8.97009721389044,3.84999999997613));
#5524=CARTESIAN_POINT('Ctrl Pts',(6.36868528720247,8.97009721389214,3.93807519072017));
#5525=CARTESIAN_POINT('Ctrl Pts',(6.48825609736725,8.95138449096515,4.0919674590117));
#5526=CARTESIAN_POINT('Ctrl Pts',(6.95322713158193,8.86005369946101,4.42191601360547));
#5527=CARTESIAN_POINT('Ctrl Pts',(7.72516475868964,8.62418348178646,4.80973768696787));
#5528=CARTESIAN_POINT('Ctrl Pts',(8.70340764518146,8.10401644625299,5.21628290221675));
#5529=CARTESIAN_POINT('Ctrl Pts',(9.29550856489715,7.60683605553911,5.35));
#5530=CARTESIAN_POINT('Ctrl Pts',(9.55456242560819,7.32946441182079,5.35));
#5531=CARTESIAN_POINT('Ctrl Pts',(6.36247144332359,8.97026710263066,3.84999999997548));
#5532=CARTESIAN_POINT('Ctrl Pts',(6.36247144331288,8.97026710263243,3.94050354383848));
#5533=CARTESIAN_POINT('Ctrl Pts',(6.48109342735986,8.95073803880215,4.098617628444));
#5534=CARTESIAN_POINT('Ctrl Pts',(6.94221876145073,8.85537268305331,4.43710026275124));
#5535=CARTESIAN_POINT('Ctrl Pts',(7.70687922042445,8.60911627814047,4.83261812920381));
#5536=CARTESIAN_POINT('Ctrl Pts',(8.67194249245113,8.07014747993457,5.23712809239536));
#5537=CARTESIAN_POINT('Ctrl Pts',(9.25141494435126,7.5649348056248,5.35780999602226));
#5538=CARTESIAN_POINT('Ctrl Pts',(9.50343702806199,7.28860029318973,5.35));
#5539=CARTESIAN_POINT('Ctrl Pts',(6.35005643813641,8.97107061848958,3.84999999997415));
#5540=CARTESIAN_POINT('Ctrl Pts',(6.35005643812587,8.97107061849145,3.94538749501012));
#5541=CARTESIAN_POINT('Ctrl Pts',(6.46679039353628,8.95046007725544,4.11200746553565));
#5542=CARTESIAN_POINT('Ctrl Pts',(6.9202875959739,8.84966958984994,4.46844179141444));
#5543=CARTESIAN_POINT('Ctrl Pts',(7.6705270729096,8.58893189829693,4.8834945954508));
#5544=CARTESIAN_POINT('Ctrl Pts',(8.60975978290129,8.01930682000383,5.30285395889517));
#5545=CARTESIAN_POINT('Ctrl Pts',(9.16384242581944,7.4910841072522,5.41852745484025));
#5546=CARTESIAN_POINT('Ctrl Pts',(9.40164186738308,7.20723624084586,5.40423375442186));
#5547=CARTESIAN_POINT('Ctrl Pts',(6.33773583673481,8.97279710991329,3.84999999997282));
#5548=CARTESIAN_POINT('Ctrl Pts',(6.33773583672443,8.97279710991516,3.95029875679239));
#5549=CARTESIAN_POINT('Ctrl Pts',(6.45272053662553,8.95222837545081,4.12553531496677));
#5550=CARTESIAN_POINT('Ctrl Pts',(6.89948993910079,8.85155565389413,4.50098400189603));
#5551=CARTESIAN_POINT('Ctrl Pts',(7.63923860814489,8.59073320657586,4.94103551248683));
#5552=CARTESIAN_POINT('Ctrl Pts',(8.56773913681429,8.01603607896723,5.39699441136123));
#5553=CARTESIAN_POINT('Ctrl Pts',(9.12036440622422,7.47253558138681,5.53945634988478));
#5554=CARTESIAN_POINT('Ctrl Pts',(9.3592777919198,7.17337497641535,5.53455015305021));
#5555=CARTESIAN_POINT('Ctrl Pts',(6.33161626705439,8.97388870736465,3.84999999997216));
#5556=CARTESIAN_POINT('Ctrl Pts',(6.33161626704408,8.97388870736649,3.95275438917354));
#5557=CARTESIAN_POINT('Ctrl Pts',(6.44576955815451,8.95360757646359,4.13229536884699));
#5558=CARTESIAN_POINT('Ctrl Pts',(6.88951011120728,8.85431643522685,4.51723534920639));
#5559=CARTESIAN_POINT('Ctrl Pts',(7.62533958767545,8.596761602635,4.96969396812918));
#5560=CARTESIAN_POINT('Ctrl Pts',(8.55477322070426,8.02627698585597,5.44399671925287));
#5561=CARTESIAN_POINT('Ctrl Pts',(9.11487589329447,7.47914797842425,5.6));
#5562=CARTESIAN_POINT('Ctrl Pts',(9.3592777919198,7.17337497641535,5.6));
#5563=CARTESIAN_POINT('',(6.36868528721327,8.97009721389044,3.85));
#5564=CARTESIAN_POINT('',(6.34979385077628,8.97061156886845,3.95098053836086));
#5565=CARTESIAN_POINT('Ctrl Pts',(6.36868528721327,8.97009721389044,3.84999999997613));
#5566=CARTESIAN_POINT('Ctrl Pts',(6.36862763768439,8.97009879004943,3.85014147629105));
#5567=CARTESIAN_POINT('Ctrl Pts',(6.36857011781725,8.97010036271263,3.85028287473353));
#5568=CARTESIAN_POINT('Ctrl Pts',(6.36851273297465,8.97010193184518,3.85042418590921));
#5569=CARTESIAN_POINT('Ctrl Pts',(6.36582101064916,8.97017553436681,3.85705259907847));
#5570=CARTESIAN_POINT('Ctrl Pts',(6.36343268430144,8.9702415129435,3.86364049077132));
#5571=CARTESIAN_POINT('Ctrl Pts',(6.3613153096811,8.97030294762282,3.87028506971303));
#5572=CARTESIAN_POINT('Ctrl Pts',(6.35905803675001,8.97036844138917,3.87736866655959));
#5573=CARTESIAN_POINT('Ctrl Pts',(6.35710908054697,8.97042891907983,3.88451668673017));
#5574=CARTESIAN_POINT('Ctrl Pts',(6.35548664253279,8.97048007263953,3.89184139568804));
#5575=CARTESIAN_POINT('Ctrl Pts',(6.35517620775971,8.9704898602823,3.89324289413875));
#5576=CARTESIAN_POINT('Ctrl Pts',(6.35487787717897,8.970499280594,3.89465084484543));
#5577=CARTESIAN_POINT('Ctrl Pts',(6.35459198328008,8.9705082660428,3.8960660096364));
#5578=CARTESIAN_POINT('Ctrl Pts',(6.35459058717021,8.97050830992158,3.89607292033138));
#5579=CARTESIAN_POINT('Ctrl Pts',(6.35458919135703,8.97050835378995,3.89607983119838));
#5580=CARTESIAN_POINT('Ctrl Pts',(6.35458779584059,8.97050839764793,3.89608674223748));
#5581=CARTESIAN_POINT('Ctrl Pts',(6.35259677646582,8.97057097095637,3.90594690037013));
#5582=CARTESIAN_POINT('Ctrl Pts',(6.35117674343682,8.97062037379123,3.91583157597893));
#5583=CARTESIAN_POINT('Ctrl Pts',(6.3502613640463,8.97065945992632,3.92573926346268));
#5584=CARTESIAN_POINT('Ctrl Pts',(6.34954654524882,8.97068998224785,3.93347616613518));
#5585=CARTESIAN_POINT('Ctrl Pts',(6.34914094508937,8.97071420666063,3.94122711573231));
#5586=CARTESIAN_POINT('Ctrl Pts',(6.3490344173785,8.97072984094334,3.94899060678419));
#5587=CARTESIAN_POINT('Ctrl Pts',(6.34979013938151,8.97059118391387,3.95098052678322));
#5588=CARTESIAN_POINT('Ctrl Pts',(6.37174537073215,8.96655884346624,4.01270336041343));
#5589=CARTESIAN_POINT('Ctrl Pts',(6.47114986231239,8.94792955601466,4.15420833510005));
#5590=CARTESIAN_POINT('Ctrl Pts',(6.88958722652792,8.85429514081779,4.51710978629252));
#5591=CARTESIAN_POINT('Ctrl Pts',(7.62544701017507,8.59671512757505,4.96947254256096));
#5592=CARTESIAN_POINT('Ctrl Pts',(8.55487355907586,8.02619809802024,5.44363356484019));
#5593=CARTESIAN_POINT('Ctrl Pts',(9.11491862237564,7.47909720525153,5.59953222439109));
#5594=CARTESIAN_POINT('Ctrl Pts',(9.3592782133023,7.17337531322299,5.59949432201202));
#5595=CARTESIAN_POINT('Ctrl Pts',(9.55456242560819,7.32946441182079,5.35));
#5596=CARTESIAN_POINT('Ctrl Pts',(9.29550856489715,7.60683605553911,5.35));
#5597=CARTESIAN_POINT('Ctrl Pts',(8.70340764518146,8.10401644625299,5.21628290221675));
#5598=CARTESIAN_POINT('Ctrl Pts',(7.72516475868964,8.62418348178646,4.80973768696787));
#5599=CARTESIAN_POINT('Ctrl Pts',(6.95322713158193,8.86005369946101,4.42191601360547));
#5600=CARTESIAN_POINT('Ctrl Pts',(6.48825609736725,8.95138449096515,4.0919674590117));
#5601=CARTESIAN_POINT('Ctrl Pts',(6.36868528720247,8.97009721389214,3.93807519072017));
#5602=CARTESIAN_POINT('Ctrl Pts',(6.36868528721327,8.97009721389044,3.84999999997613));
#5603=CARTESIAN_POINT('Origin',(5.45358511815184,-4.05158626833574,5.6));
#5604=CARTESIAN_POINT('Origin',(5.45358511815184,-4.05158626833574,5.6));
#5605=CARTESIAN_POINT('Origin',(5.45358511815184,-4.05158626833574,5.35));
#5606=CARTESIAN_POINT('Ctrl Pts',(18.75,-6.9900000000001,5.35));
#5607=CARTESIAN_POINT('Ctrl Pts',(16.9738244784108,-6.9900000000001,5.35));
#5608=CARTESIAN_POINT('Ctrl Pts',(12.8295565593404,-7.09351897505483,5.35));
#5609=CARTESIAN_POINT('Ctrl Pts',(8.69505685857005,-7.40593285659131,5.35));
#5610=CARTESIAN_POINT('Ctrl Pts',(6.32769006368469,-7.47065752132264,5.35));
#5611=CARTESIAN_POINT('Ctrl Pts',(18.75,-7.43879895051292,5.35));
#5612=CARTESIAN_POINT('Ctrl Pts',(16.9807039865405,-7.43879895051292,5.35));
#5613=CARTESIAN_POINT('Ctrl Pts',(12.8590967711421,-7.5414224568873,5.35));
#5614=CARTESIAN_POINT('Ctrl Pts',(8.72035633001874,-7.85420781663886,5.35));
#5615=CARTESIAN_POINT('Ctrl Pts',(6.33995580593937,-7.9192888282422,5.35));
#5616=CARTESIAN_POINT('Ctrl Pts',(18.75,-8.21613114289492,4.97380912873259));
#5617=CARTESIAN_POINT('Ctrl Pts',(16.9925199277713,-8.21613114289492,4.97380912873259));
#5618=CARTESIAN_POINT('Ctrl Pts',(12.9100986084092,-8.31721016050497,4.97380912873259));
#5619=CARTESIAN_POINT('Ctrl Pts',(8.76398709600367,-8.63063759993391,4.97380912873259));
#5620=CARTESIAN_POINT('Ctrl Pts',(6.36120041069418,-8.69633065728503,4.97380912873259));
#5621=CARTESIAN_POINT('Ctrl Pts',(18.75,-8.49000000000009,4.18659921288462));
#5622=CARTESIAN_POINT('Ctrl Pts',(16.9967329446471,-8.49000000000009,4.18659921288462));
#5623=CARTESIAN_POINT('Ctrl Pts',(12.9281492571556,-8.5905316042452,4.18659921288462));
#5624=CARTESIAN_POINT('Ctrl Pts',(8.77945384002502,-8.90418592939382,4.18659921288462));
#5625=CARTESIAN_POINT('Ctrl Pts',(6.36868528740568,-8.97009721388518,4.18659921288462));
#5626=CARTESIAN_POINT('Ctrl Pts',(18.75,-8.49000000000009,3.85));
#5627=CARTESIAN_POINT('Ctrl Pts',(16.9967153626362,-8.49000000000009,3.85));
#5628=CARTESIAN_POINT('Ctrl Pts',(12.9281205369546,-8.5905327499971,3.85));
#5629=CARTESIAN_POINT('Ctrl Pts',(8.77942052962487,-8.90418684011221,3.85));
#5630=CARTESIAN_POINT('Ctrl Pts',(6.36868528740568,-8.97009721388518,3.85));
#5631=CARTESIAN_POINT('',(18.75,-8.49000000000009,3.85));
#5632=CARTESIAN_POINT('Ctrl Pts',(6.36868528740568,-8.97009721388518,3.85));
#5633=CARTESIAN_POINT('Ctrl Pts',(8.77942052962487,-8.90418684011221,3.85));
#5634=CARTESIAN_POINT('Ctrl Pts',(12.9281205369546,-8.5905327499971,3.85));
#5635=CARTESIAN_POINT('Ctrl Pts',(16.9967153626362,-8.49000000000009,3.85));
#5636=CARTESIAN_POINT('Ctrl Pts',(18.75,-8.49000000000009,3.85));
#5637=CARTESIAN_POINT('',(18.75,-6.9900000000001,5.35));
#5638=CARTESIAN_POINT('Origin',(18.75,-6.9900000000001,3.85));
#5639=CARTESIAN_POINT('Ctrl Pts',(18.75,-6.9900000000001,5.35));
#5640=CARTESIAN_POINT('Ctrl Pts',(16.9738244784108,-6.9900000000001,5.35));
#5641=CARTESIAN_POINT('Ctrl Pts',(13.9062695607833,-7.0666239411154,5.35));
#5642=CARTESIAN_POINT('Ctrl Pts',(10.8440664989369,-7.25769817178887,5.35));
#5643=CARTESIAN_POINT('Ctrl Pts',(9.55453307985488,-7.32890783808136,5.35));
#5644=CARTESIAN_POINT('Origin',(5.45358511815184,-4.05158626833574,5.35));
#5645=CARTESIAN_POINT('',(10.2364681691767,-2.5941811358419,5.35));
#5646=CARTESIAN_POINT('',(6.34979385096029,-8.97061156886389,7.26791336455993));
#5647=CARTESIAN_POINT('Ctrl Pts',(6.3497938509614,-8.97061156886388,7.26791336455945));
#5648=CARTESIAN_POINT('Ctrl Pts',(6.3497938509614,-8.97061156886388,7.29900882505139));
#5649=CARTESIAN_POINT('Ctrl Pts',(6.35575109805499,-8.96953694640558,7.3286718765227));
#5650=CARTESIAN_POINT('Ctrl Pts',(6.38039444349543,-8.96495548058587,7.38898644884222));
#5651=CARTESIAN_POINT('Ctrl Pts',(6.39954748258088,-8.96133790106322,7.41753276535935));
#5652=CARTESIAN_POINT('Ctrl Pts',(6.4498070162305,-8.95141970779132,7.47605520273317));
#5653=CARTESIAN_POINT('Ctrl Pts',(6.4912075385932,-8.94320551340227,7.51436656425706));
#5654=CARTESIAN_POINT('Ctrl Pts',(6.66376027009398,-8.90415043754718,7.63092813945176));
#5655=CARTESIAN_POINT('Ctrl Pts',(6.80760529947872,-8.86776705288942,7.70102394144758));
#5656=CARTESIAN_POINT('Ctrl Pts',(7.21956478709143,-8.73667115992438,7.86904982839461));
#5657=CARTESIAN_POINT('Ctrl Pts',(7.5544573087923,-8.60756149776539,7.97883488819888));
#5658=CARTESIAN_POINT('Ctrl Pts',(8.16081050696339,-8.26481661152678,8.111955018028));
#5659=CARTESIAN_POINT('Ctrl Pts',(8.39945899555426,-8.10188480050778,8.14686957694334));
#5660=CARTESIAN_POINT('Ctrl Pts',(8.82822635224036,-7.7505833044934,8.16244383133728));
#5661=CARTESIAN_POINT('Ctrl Pts',(9.02022426373751,-7.5654720419998,8.14703002158607));
#5662=CARTESIAN_POINT('Ctrl Pts',(9.19368157947262,-7.36997118573393,8.10012915082));
#5663=CARTESIAN_POINT('',(6.3497938509614,-8.97061156886388,5.35));
#5664=CARTESIAN_POINT('Origin',(18.75,0.,5.35));
#5665=CARTESIAN_POINT('',(10.2364681691796,2.59418113582221,5.35));
#5666=CARTESIAN_POINT('Origin',(5.45358511815184,4.0515862683066,-3.6));
#5667=CARTESIAN_POINT('',(9.35927779191979,7.17337497641535,-3.6));
#5668=CARTESIAN_POINT('',(9.55456242560819,7.32946441182079,-3.35));
#5669=CARTESIAN_POINT('Origin',(9.55456242560819,7.32946441182079,-3.6));
#5670=CARTESIAN_POINT('',(10.4756123217309,2.52131087919799,-3.35));
#5671=CARTESIAN_POINT('Origin',(5.45358511815184,4.0515862683066,-3.35));
#5672=CARTESIAN_POINT('',(10.2364681691796,2.59418113582221,-3.6));
#5673=CARTESIAN_POINT('Origin',(10.4756123217309,2.52131087919799,-3.6));
#5674=CARTESIAN_POINT('Origin',(5.45358511815184,4.0515862683066,-3.6));
#5675=CARTESIAN_POINT('Origin',(18.75,0.,-3.6));
#5676=CARTESIAN_POINT('',(10.4756123217279,-2.52131087921713,-3.35));
#5677=CARTESIAN_POINT('',(10.2364681691767,-2.5941811358419,-3.6));
#5678=CARTESIAN_POINT('Origin',(10.4756123217279,-2.52131087921713,-3.6));
#5679=CARTESIAN_POINT('Origin',(18.75,0.,-3.6));
#5680=CARTESIAN_POINT('Origin',(18.75,0.,-3.35));
#5681=CARTESIAN_POINT('Origin',(5.45358511815184,-4.05158626833574,-3.6));
#5682=CARTESIAN_POINT('',(9.55456242563273,-7.32946441181937,-3.35));
#5683=CARTESIAN_POINT('',(9.3592777919431,-7.17337497641534,-3.6));
#5684=CARTESIAN_POINT('Origin',(9.55456242563267,-7.32946441181932,-3.6));
#5685=CARTESIAN_POINT('Origin',(5.45358511815184,-4.05158626833574,-3.6));
#5686=CARTESIAN_POINT('Origin',(5.45358511815184,-4.05158626833574,-3.35));
#5687=CARTESIAN_POINT('Ctrl Pts',(6.36868528740568,-8.97009721388518,-1.84999999997613));
#5688=CARTESIAN_POINT('Ctrl Pts',(6.36868528739488,-8.97009721388688,-1.93807519071762));
#5689=CARTESIAN_POINT('Ctrl Pts',(6.48910647841718,-8.95127418572853,-2.09092150268108));
#5690=CARTESIAN_POINT('Ctrl Pts',(6.7965648206655,-8.89064755394357,-2.31317708891275));
#5691=CARTESIAN_POINT('Ctrl Pts',(7.2164993075394,-8.78076163366123,-2.5486813416351));
#5692=CARTESIAN_POINT('Ctrl Pts',(7.88577948712567,-8.53777636108843,-2.87817457029188));
#5693=CARTESIAN_POINT('Ctrl Pts',(8.70601029152797,-8.10378947192904,-3.21540986189373));
#5694=CARTESIAN_POINT('Ctrl Pts',(9.2955085649314,-7.60683605553135,-3.35));
#5695=CARTESIAN_POINT('Ctrl Pts',(9.55456242563258,-7.32946441181943,-3.35));
#5696=CARTESIAN_POINT('Ctrl Pts',(6.36247144351454,-8.97026710262546,-1.84999999997548));
#5697=CARTESIAN_POINT('Ctrl Pts',(6.36247144350383,-8.97026710262723,-1.94050354383585));
#5698=CARTESIAN_POINT('Ctrl Pts',(6.48193937382192,-8.95062366584133,-2.09755271187108));
#5699=CARTESIAN_POINT('Ctrl Pts',(6.78684786813124,-8.88733111206541,-2.3255541361829));
#5700=CARTESIAN_POINT('Ctrl Pts',(7.2030222658027,-8.77258091162842,-2.56635366425302));
#5701=CARTESIAN_POINT('Ctrl Pts',(7.86530855792065,-8.51958344651834,-2.90069607328022));
#5702=CARTESIAN_POINT('Ctrl Pts',(8.67453613224819,-8.06989419679896,-3.23626569327304));
#5703=CARTESIAN_POINT('Ctrl Pts',(9.25141494438498,-7.5649348056174,-3.35780999602202));
#5704=CARTESIAN_POINT('Ctrl Pts',(9.50343702808607,-7.28860029318875,-3.35));
#5705=CARTESIAN_POINT('Ctrl Pts',(6.35005643820816,-8.97107061734773,-1.84999999997415));
#5706=CARTESIAN_POINT('Ctrl Pts',(6.35005643819761,-8.9710706173496,-1.94538749500734));
#5707=CARTESIAN_POINT('Ctrl Pts',(6.4676179571263,-8.95033072859629,-2.11086728692611));
#5708=CARTESIAN_POINT('Ctrl Pts',(6.76746616880248,-8.8834474893168,-2.35094317601891));
#5709=CARTESIAN_POINT('Ctrl Pts',(7.17621486644119,-8.76201411601539,-2.60411777216959));
#5710=CARTESIAN_POINT('Ctrl Pts',(7.82469935470028,-8.49432651602347,-2.95412853363206));
#5711=CARTESIAN_POINT('Ctrl Pts',(8.61231753022509,-8.01901179304281,-3.30193451626676));
#5712=CARTESIAN_POINT('Ctrl Pts',(9.16383534296052,-7.49107844594703,-3.41851838744485));
#5713=CARTESIAN_POINT('Ctrl Pts',(9.40163478451494,-7.20723057954739,-3.4042246870269));
#5714=CARTESIAN_POINT('Ctrl Pts',(6.33773583692001,-8.97279710990917,-1.84999999997282));
#5715=CARTESIAN_POINT('Ctrl Pts',(6.33773583690962,-8.97279710991104,-1.95029875678948));
#5716=CARTESIAN_POINT('Ctrl Pts',(6.45354791666531,-8.95211378638302,-2.1243458208264));
#5717=CARTESIAN_POINT('Ctrl Pts',(6.74896156737564,-8.88529370817838,-2.37724410101388));
#5718=CARTESIAN_POINT('Ctrl Pts',(7.15179802866717,-8.76386406934651,-2.64481846850929));
#5719=CARTESIAN_POINT('Ctrl Pts',(7.79162448096127,-8.49524333765204,-3.01779297906281));
#5720=CARTESIAN_POINT('Ctrl Pts',(8.57026922974126,-8.01578806699323,-3.39601770078722));
#5721=CARTESIAN_POINT('Ctrl Pts',(9.12036440625666,-7.47253558137993,-3.53945634988463));
#5722=CARTESIAN_POINT('Ctrl Pts',(9.35927779194302,-7.17337497641544,-3.53455015305021));
#5723=CARTESIAN_POINT('Ctrl Pts',(6.33161626723819,-8.97388870736101,-1.84999999997216));
#5724=CARTESIAN_POINT('Ctrl Pts',(6.33161626722788,-8.97388870736285,-1.95275438917055));
#5725=CARTESIAN_POINT('Ctrl Pts',(6.44658147868103,-8.95348827599484,-2.13107508646126));
#5726=CARTESIAN_POINT('Ctrl Pts',(6.73999970815926,-8.88757419263181,-2.3903732703982));
#5727=CARTESIAN_POINT('Ctrl Pts',(7.14047890293809,-8.76774379069908,-2.66512823190761));
#5728=CARTESIAN_POINT('Ctrl Pts',(7.77792854941961,-8.50199123765818,-3.04953699867386));
#5729=CARTESIAN_POINT('Ctrl Pts',(8.55725855008684,-8.02603475646854,-3.44297817220935));
#5730=CARTESIAN_POINT('Ctrl Pts',(9.11487589332705,-7.47914797841731,-3.6));
#5731=CARTESIAN_POINT('Ctrl Pts',(9.35927779194302,-7.17337497641544,-3.6));
#5732=CARTESIAN_POINT('',(6.36868528740568,-8.97009721388518,-1.85));
#5733=CARTESIAN_POINT('',(6.3497938509642,-8.97061156886337,-1.95098053838441));
#5734=CARTESIAN_POINT('Ctrl Pts',(6.36868528740568,-8.97009721388518,-1.84999999997613));
#5735=CARTESIAN_POINT('Ctrl Pts',(6.36862763787767,-8.97009879004414,-1.8501414762889));
#5736=CARTESIAN_POINT('Ctrl Pts',(6.36857011910588,-8.97010036256504,-1.85028287338632));
#5737=CARTESIAN_POINT('Ctrl Pts',(6.36851273644639,-8.97010193141386,-1.85042418187264));
#5738=CARTESIAN_POINT('Ctrl Pts',(6.36582695655046,-8.97017536095994,-1.85703808745088));
#5739=CARTESIAN_POINT('Ctrl Pts',(6.36344562088302,-8.97024089054362,-1.86360876268209));
#5740=CARTESIAN_POINT('Ctrl Pts',(6.36133573190191,-8.97030162391406,-1.87023326633623));
#5741=CARTESIAN_POINT('Ctrl Pts',(6.35908629457388,-8.97036637419796,-1.87729591557169));
#5742=CARTESIAN_POINT('Ctrl Pts',(6.35714577036511,-8.97042580996256,-1.88441971405581));
#5743=CARTESIAN_POINT('Ctrl Pts',(6.35553170385824,-8.9704757743256,-1.89171643267786));
#5744=CARTESIAN_POINT('Ctrl Pts',(6.35521552158299,-8.97048556193096,-1.89314579948893));
#5745=CARTESIAN_POINT('Ctrl Pts',(6.35491202404362,-8.97049495954366,-1.89458178460715));
#5746=CARTESIAN_POINT('Ctrl Pts',(6.35462156414159,-8.97050389666361,-1.89602520190431));
#5747=CARTESIAN_POINT('Ctrl Pts',(6.35462017578045,-8.9705039393819,-1.89603210125419));
#5748=CARTESIAN_POINT('Ctrl Pts',(6.3546187877173,-8.97050398208965,-1.89603900077385));
#5749=CARTESIAN_POINT('Ctrl Pts',(6.3546173999522,-8.97050402478684,-1.89604590046339));
#5750=CARTESIAN_POINT('Ctrl Pts',(6.35263651173089,-8.97056497051739,-1.90589447910814));
#5751=CARTESIAN_POINT('Ctrl Pts',(6.35122942690186,-8.97061254453497,-1.91576365813209));
#5752=CARTESIAN_POINT('Ctrl Pts',(6.35032837271731,-8.97064959440286,-1.92565306506061));
#5753=CARTESIAN_POINT('Ctrl Pts',(6.3496254921191,-8.97067849569842,-1.9333674427051));
#5754=CARTESIAN_POINT('Ctrl Pts',(6.34923200628561,-8.9707009649039,-1.94109412626959));
#5755=CARTESIAN_POINT('Ctrl Pts',(6.34913703826783,-8.9707144138565,-1.94883190100993));
#5756=CARTESIAN_POINT('Ctrl Pts',(6.34988753059165,-8.97057675278935,-1.95094462776496));
#5757=CARTESIAN_POINT('Ctrl Pts',(6.37196189157447,-8.96652599396139,-2.01245705682619));
#5758=CARTESIAN_POINT('Ctrl Pts',(6.4717292356704,-8.94783903138745,-2.15329854452325));
#5759=CARTESIAN_POINT('Ctrl Pts',(6.73999970815926,-8.88757419263181,-2.3903732703982));
#5760=CARTESIAN_POINT('Ctrl Pts',(7.14047890293809,-8.76774379069908,-2.66512823190761));
#5761=CARTESIAN_POINT('Ctrl Pts',(7.77792854941961,-8.50199123765818,-3.04953699867386));
#5762=CARTESIAN_POINT('Ctrl Pts',(8.55725855008684,-8.02603475646854,-3.44297817220935));
#5763=CARTESIAN_POINT('Ctrl Pts',(9.11487589332705,-7.47914797841731,-3.6));
#5764=CARTESIAN_POINT('Ctrl Pts',(9.35927779194302,-7.17337497641544,-3.6));
#5765=CARTESIAN_POINT('Ctrl Pts',(9.55456242563258,-7.32946441181943,-3.35));
#5766=CARTESIAN_POINT('Ctrl Pts',(9.2955085649314,-7.60683605553135,-3.35));
#5767=CARTESIAN_POINT('Ctrl Pts',(8.70601029152797,-8.10378947192904,-3.21540986189373));
#5768=CARTESIAN_POINT('Ctrl Pts',(7.88577948712567,-8.53777636108843,-2.87817457029188));
#5769=CARTESIAN_POINT('Ctrl Pts',(7.2164993075394,-8.78076163366123,-2.5486813416351));
#5770=CARTESIAN_POINT('Ctrl Pts',(6.7965648206655,-8.89064755394357,-2.31317708891275));
#5771=CARTESIAN_POINT('Ctrl Pts',(6.48910647841718,-8.95127418572853,-2.09092150268108));
#5772=CARTESIAN_POINT('Ctrl Pts',(6.36868528739488,-8.97009721388688,-1.93807519071762));
#5773=CARTESIAN_POINT('Ctrl Pts',(6.36868528740568,-8.97009721388518,-1.84999999997613));
#5774=CARTESIAN_POINT('Ctrl Pts',(9.55456242560819,7.3294644118208,-3.35));
#5775=CARTESIAN_POINT('Ctrl Pts',(9.16598163454163,7.74552187739827,-3.35));
#5776=CARTESIAN_POINT('Ctrl Pts',(8.38778453918079,8.32390548333232,-3.10606297922668));
#5777=CARTESIAN_POINT('Ctrl Pts',(7.38428441962177,8.73603186623508,-2.6423757530279));
#5778=CARTESIAN_POINT('Ctrl Pts',(6.79660884346621,8.89073850781229,-2.31327414516416));
#5779=CARTESIAN_POINT('Ctrl Pts',(6.4890867060801,8.95118102982901,-2.0908652639653));
#5780=CARTESIAN_POINT('Ctrl Pts',(6.36868528720247,8.97009721389214,-1.93807519072017));
#5781=CARTESIAN_POINT('Ctrl Pts',(6.36868528721328,8.97009721389044,-1.84999999997613));
#5782=CARTESIAN_POINT('Ctrl Pts',(9.50343702806198,7.28860029318974,-3.35));
#5783=CARTESIAN_POINT('Ctrl Pts',(9.12540390249589,7.70310206184234,-3.36171499403339));
#5784=CARTESIAN_POINT('Ctrl Pts',(8.36170031565935,8.296849960082,-3.13084013024972));
#5785=CARTESIAN_POINT('Ctrl Pts',(7.36925397481541,8.72587402310516,-2.661940918198));
#5786=CARTESIAN_POINT('Ctrl Pts',(6.78689579471646,8.88740624528661,-2.32565395015815));
#5787=CARTESIAN_POINT('Ctrl Pts',(6.4819134592978,8.95052356714089,-2.09746605862444));
#5788=CARTESIAN_POINT('Ctrl Pts',(6.36247144331288,8.97026710263243,-1.94050354383848));
#5789=CARTESIAN_POINT('Ctrl Pts',(6.3624714433236,8.97026710263066,-1.84999999997548));
#5790=CARTESIAN_POINT('Ctrl Pts',(9.40163478449146,7.20723057954762,-3.40422468702691));
#5791=CARTESIAN_POINT('Ctrl Pts',(9.044935622146,7.63300237915713,-3.42566523765448));
#5792=CARTESIAN_POINT('Ctrl Pts',(8.31020301734916,8.25871398739876,-3.19502155632377));
#5793=CARTESIAN_POINT('Ctrl Pts',(7.3393598884996,8.71249324608675,-2.70441375436233));
#5794=CARTESIAN_POINT('Ctrl Pts',(6.76754044921541,8.88353185316145,-2.35110445363752));
#5795=CARTESIAN_POINT('Ctrl Pts',(6.46757983964339,8.95021215756636,-2.11075606443302));
#5796=CARTESIAN_POINT('Ctrl Pts',(6.35005643800958,8.97107061735448,-1.94538749501012));
#5797=CARTESIAN_POINT('Ctrl Pts',(6.35005643802013,8.97107061735261,-1.84999999997415));
#5798=CARTESIAN_POINT('Ctrl Pts',(9.35927779191979,7.17337497641536,-3.53455015305021));
#5799=CARTESIAN_POINT('Ctrl Pts',(9.00090771337643,7.62211588387255,-3.54190944830206));
#5800=CARTESIAN_POINT('Ctrl Pts',(8.27055566739655,8.25854169865581,-3.27531637200194));
#5801=CARTESIAN_POINT('Ctrl Pts',(7.31266165547321,8.7143970992886,-2.75113033611702));
#5802=CARTESIAN_POINT('Ctrl Pts',(6.74899920086835,8.88537301641825,-2.37736676460777));
#5803=CARTESIAN_POINT('Ctrl Pts',(6.45351613250004,8.95200239265809,-2.12426432152857));
#5804=CARTESIAN_POINT('Ctrl Pts',(6.33773583672443,8.97279710991516,-1.95029875679239));
#5805=CARTESIAN_POINT('Ctrl Pts',(6.33773583673482,8.97279710991329,-1.84999999997282));
#5806=CARTESIAN_POINT('Ctrl Pts',(9.35927779191979,7.17337497641536,-3.6));
#5807=CARTESIAN_POINT('Ctrl Pts',(8.9926749439818,7.63203447942871,-3.6));
#5808=CARTESIAN_POINT('Ctrl Pts',(8.25564889575476,8.26785029869012,-3.31540680909779));
#5809=CARTESIAN_POINT('Ctrl Pts',(7.30048051091683,8.71894986447222,-2.77443837853255));
#5810=CARTESIAN_POINT('Ctrl Pts',(6.74004159341144,8.88767600810817,-2.39048650269152));
#5811=CARTESIAN_POINT('Ctrl Pts',(6.44656118030035,8.95338486734558,-2.13100947462619));
#5812=CARTESIAN_POINT('Ctrl Pts',(6.33161626704409,8.97388870736649,-1.95275438917353));
#5813=CARTESIAN_POINT('Ctrl Pts',(6.3316162670544,8.97388870736465,-1.84999999997216));
#5814=CARTESIAN_POINT('',(6.34979385077628,8.97061156886846,-1.95098053836084));
#5815=CARTESIAN_POINT('',(6.36868528721327,8.97009721389044,-1.85));
#5816=CARTESIAN_POINT('Ctrl Pts',(6.34913448178425,8.97070086514105,-1.94882353362033));
#5817=CARTESIAN_POINT('Ctrl Pts',(6.34915296498419,8.97069847284453,-1.94731247822331));
#5818=CARTESIAN_POINT('Ctrl Pts',(6.34918289137101,8.970695731624,-1.94580205731474));
#5819=CARTESIAN_POINT('Ctrl Pts',(6.349224351869,8.97069266220677,-1.94429216105381));
#5820=CARTESIAN_POINT('Ctrl Pts',(6.34950635704741,8.9706717847066,-1.93402217914186));
#5821=CARTESIAN_POINT('Ctrl Pts',(6.35031405587183,8.97063752449778,-1.92375815037189));
#5822=CARTESIAN_POINT('Ctrl Pts',(6.35168871444256,8.97059163994843,-1.91352845713167));
#5823=CARTESIAN_POINT('Ctrl Pts',(6.35247463168773,8.97056540691909,-1.90767995591009));
#5824=CARTESIAN_POINT('Ctrl Pts',(6.35344664430574,8.97053512563125,-1.90184253395828));
#5825=CARTESIAN_POINT('Ctrl Pts',(6.35462011075186,8.97049987720304,-1.89602038449128));
#5826=CARTESIAN_POINT('Ctrl Pts',(6.35487357068928,8.97049226380733,-1.89476284394172));
#5827=CARTESIAN_POINT('Ctrl Pts',(6.35513645278833,8.97048441706602,-1.89350601297913));
#5828=CARTESIAN_POINT('Ctrl Pts',(6.35540895189499,8.97047632463806,-1.89224992828387));
#5829=CARTESIAN_POINT('Ctrl Pts',(6.35697185745004,8.97042991090569,-1.88504571476584));
#5830=CARTESIAN_POINT('Ctrl Pts',(6.35885919384089,8.97037237883326,-1.87804595447151));
#5831=CARTESIAN_POINT('Ctrl Pts',(6.36104263976095,8.97030958460477,-1.87111940010571));
#5832=CARTESIAN_POINT('Ctrl Pts',(6.36305079815651,8.97025183151092,-1.86474891106625));
#5833=CARTESIAN_POINT('Ctrl Pts',(6.36530929358878,8.97018949889752,-1.85844033642685));
#5834=CARTESIAN_POINT('Ctrl Pts',(6.36784286489329,8.97012024120787,-1.85208854681892));
#5835=CARTESIAN_POINT('Ctrl Pts',(6.36806401450135,8.97011419586354,-1.85153411372291));
#5836=CARTESIAN_POINT('Ctrl Pts',(6.36828729290871,8.9701080937571,-1.85097934911027));
#5837=CARTESIAN_POINT('Ctrl Pts',(6.36851273617711,8.97010193105903,-1.85042418165227));
#5838=CARTESIAN_POINT('Ctrl Pts',(6.36857011889788,8.97010036244984,-1.8502828732892));
#5839=CARTESIAN_POINT('Ctrl Pts',(6.36862763767534,8.97009879004967,-1.85014147631327));
#5840=CARTESIAN_POINT('Ctrl Pts',(6.36868528721328,8.97009721389044,-1.84999999997613));
#5841=CARTESIAN_POINT('Ctrl Pts',(6.36868528721328,8.97009721389044,-1.84999999997613));
#5842=CARTESIAN_POINT('Ctrl Pts',(6.36868528720247,8.97009721389214,-1.93807519072017));
#5843=CARTESIAN_POINT('Ctrl Pts',(6.4890867060801,8.95118102982901,-2.0908652639653));
#5844=CARTESIAN_POINT('Ctrl Pts',(6.79660884346621,8.89073850781229,-2.31327414516416));
#5845=CARTESIAN_POINT('Ctrl Pts',(7.38428441962177,8.73603186623508,-2.6423757530279));
#5846=CARTESIAN_POINT('Ctrl Pts',(8.38778453918079,8.32390548333232,-3.10606297922668));
#5847=CARTESIAN_POINT('Ctrl Pts',(9.16598163454163,7.74552187739827,-3.35));
#5848=CARTESIAN_POINT('Ctrl Pts',(9.55456242560819,7.3294644118208,-3.35));
#5849=CARTESIAN_POINT('Ctrl Pts',(9.35927779191979,7.17337497641536,-3.6));
#5850=CARTESIAN_POINT('Ctrl Pts',(8.9926749439818,7.63203447942871,-3.6));
#5851=CARTESIAN_POINT('Ctrl Pts',(8.25564889575476,8.26785029869012,-3.31540680909779));
#5852=CARTESIAN_POINT('Ctrl Pts',(7.30048051091683,8.71894986447222,-2.77443837853255));
#5853=CARTESIAN_POINT('Ctrl Pts',(6.74004159341144,8.88767600810817,-2.39048650269152));
#5854=CARTESIAN_POINT('Ctrl Pts',(6.47171627139195,8.94775276289908,-2.15325003306063));
#5855=CARTESIAN_POINT('Ctrl Pts',(6.37195973199518,8.96649597822405,-2.01244376167521));
#5856=CARTESIAN_POINT('Ctrl Pts',(6.34988763145636,8.97056217389595,-1.95094361509564));
#5857=CARTESIAN_POINT('Origin',(18.3075,0.,-3.35));
#5858=CARTESIAN_POINT('',(18.75,6.9900000000001,-3.35));
#5859=CARTESIAN_POINT('Ctrl Pts',(18.75,6.9900000000001,-3.35));
#5860=CARTESIAN_POINT('Ctrl Pts',(16.9738244783837,6.9900000000001,-3.35));
#5861=CARTESIAN_POINT('Ctrl Pts',(13.9062701541703,7.06661568939188,-3.35));
#5862=CARTESIAN_POINT('Ctrl Pts',(10.8440666239423,7.25769389791744,-3.35));
#5863=CARTESIAN_POINT('Ctrl Pts',(9.55453294000375,7.3289051900024,-3.35));
#5864=CARTESIAN_POINT('',(22.2399976145022,6.05640294653262,-3.35));
#5865=CARTESIAN_POINT('Origin',(18.75,0.,-3.35));
#5866=CARTESIAN_POINT('',(21.060255296003,5.37527840137261,-3.35));
#5867=CARTESIAN_POINT('',(24.0375772671129,7.09423604285731,-3.35));
#5868=CARTESIAN_POINT('',(20.8660954126534,4.71265298636789,-3.35));
#5869=CARTESIAN_POINT('Origin',(21.310255296003,4.9422656994804,-3.35));
#5870=CARTESIAN_POINT('',(22.0070261147855,0.325129240652955,-3.35));
#5871=CARTESIAN_POINT('Origin',(11.7499999999985,2.77555756156289E-16,-3.35));
#5872=CARTESIAN_POINT('',(21.9824276742513,4.09394740330526E-15,-3.35));
#5873=CARTESIAN_POINT('Ctrl Pts',(21.9820177510621,-0.000125850813140316,
-3.34988217026537));
#5874=CARTESIAN_POINT('Ctrl Pts',(21.9909586631842,0.0475716785497397,-3.34991943965125));
#5875=CARTESIAN_POINT('Ctrl Pts',(21.9975737273348,0.0957489402170155,-3.34997879986701));
#5876=CARTESIAN_POINT('Ctrl Pts',(22.0018633489659,0.144140514034521,-3.35001159667023));
#5877=CARTESIAN_POINT('Ctrl Pts',(22.0061185084533,0.192143317578741,-3.3500441299891));
#5878=CARTESIAN_POINT('Ctrl Pts',(22.0080856216942,0.240358082665642,-3.35005100662936));
#5879=CARTESIAN_POINT('Ctrl Pts',(22.0077382146367,0.28851059875884,-3.35002526765682));
#5880=CARTESIAN_POINT('Ctrl Pts',(22.0076501085324,0.300722586149378,-3.35001873998115));
#5881=CARTESIAN_POINT('Ctrl Pts',(22.0074129916012,0.31293045095432,-3.35001029674304));
#5882=CARTESIAN_POINT('Ctrl Pts',(22.0070261260026,0.325129452630781,-3.35000017545647));
#5883=CARTESIAN_POINT('',(22.0070261147855,-0.325129240652956,-3.35));
#5884=CARTESIAN_POINT('Ctrl Pts',(22.007026112037,-0.325129358132483,-3.35000008639787));
#5885=CARTESIAN_POINT('Ctrl Pts',(22.0085395338854,-0.277378264924918,-3.34999602010331));
#5886=CARTESIAN_POINT('Ctrl Pts',(22.0077479411348,-0.229773065027065,-3.34999357111775));
#5887=CARTESIAN_POINT('Ctrl Pts',(22.0047731508249,-0.18259729301877,-3.34998229971232));
#5888=CARTESIAN_POINT('Ctrl Pts',(22.0018556410797,-0.13632990599966,-3.3499712453415));
#5889=CARTESIAN_POINT('Ctrl Pts',(21.9968376988817,-0.0904796890913744,
-3.34994688840156));
#5890=CARTESIAN_POINT('Ctrl Pts',(21.9898039951369,-0.0452843909835523,
-3.34991505492971));
#5891=CARTESIAN_POINT('Ctrl Pts',(21.9874363436381,-0.0300709672759804,
-3.34990433929964));
#5892=CARTESIAN_POINT('Ctrl Pts',(21.9848400662849,-0.0149314538431182,
-3.3498930363908));
#5893=CARTESIAN_POINT('Ctrl Pts',(21.9820177510621,0.000125850813148642,
-3.34988217026537));
#5894=CARTESIAN_POINT('',(21.0338287424381,-4.37296439770581,-3.35));
#5895=CARTESIAN_POINT('Origin',(11.7499999999985,2.77555756156289E-16,-3.35));
#5896=CARTESIAN_POINT('',(21.2748518990903,-5.0391804926224,-3.35));
#5897=CARTESIAN_POINT('Origin',(21.4861610299606,-4.58602659910408,-3.35));
#5898=CARTESIAN_POINT('',(22.7545674171045,-5.72918317056322,-3.35));
#5899=CARTESIAN_POINT('',(18.8580875836912,-3.91222478439615,-3.35));
#5900=CARTESIAN_POINT('',(18.75,-6.9900000000001,-3.35));
#5901=CARTESIAN_POINT('Origin',(18.75,0.,-3.35));
#5902=CARTESIAN_POINT('Ctrl Pts',(9.55453294002831,-7.32890519000142,-3.35));
#5903=CARTESIAN_POINT('Ctrl Pts',(10.8440666239857,-7.2576938979153,-3.35));
#5904=CARTESIAN_POINT('Ctrl Pts',(13.9062701542054,-7.06661568938967,-3.35));
#5905=CARTESIAN_POINT('Ctrl Pts',(16.9738244784107,-6.9900000000001,-3.35));
#5906=CARTESIAN_POINT('Ctrl Pts',(18.75,-6.9900000000001,-3.35));
#5907=CARTESIAN_POINT('',(18.75,-3.5,-3.35));
#5908=CARTESIAN_POINT('',(18.75,3.5,-3.35));
#5909=CARTESIAN_POINT('Origin',(18.75,0.,-3.35));
#5910=CARTESIAN_POINT('',(18.75,-1.9,-3.35));
#5911=CARTESIAN_POINT('',(18.75,0.,-3.35));
#5912=CARTESIAN_POINT('',(18.75,1.9,-3.35));
#5913=CARTESIAN_POINT('Origin',(18.75,0.,-3.35));
#5914=CARTESIAN_POINT('',(18.75,0.,-3.35));
#5915=CARTESIAN_POINT('Ctrl Pts',(18.75,6.9900000000001,-3.35));
#5916=CARTESIAN_POINT('Ctrl Pts',(16.9738244783837,6.9900000000001,-3.35));
#5917=CARTESIAN_POINT('Ctrl Pts',(12.8295575286413,7.09350782278642,-3.35));
#5918=CARTESIAN_POINT('Ctrl Pts',(8.69505685841725,7.40593285660096,-3.35));
#5919=CARTESIAN_POINT('Ctrl Pts',(6.32769006349575,7.4706575213278,-3.35));
#5920=CARTESIAN_POINT('Ctrl Pts',(18.75,7.43879895051292,-3.35));
#5921=CARTESIAN_POINT('Ctrl Pts',(16.9807039865135,7.43879895051292,-3.35));
#5922=CARTESIAN_POINT('Ctrl Pts',(12.859098420709,7.54141110877018,-3.35));
#5923=CARTESIAN_POINT('Ctrl Pts',(8.72035632986535,7.85420781664855,-3.35));
#5924=CARTESIAN_POINT('Ctrl Pts',(6.33995580574939,7.9192888282474,-3.35));
#5925=CARTESIAN_POINT('Ctrl Pts',(18.75,8.21615305819739,-2.97383543764066));
#5926=CARTESIAN_POINT('Ctrl Pts',(16.9925199277446,8.21615305819739,-2.97383543764066));
#5927=CARTESIAN_POINT('Ctrl Pts',(12.9101108189975,8.31722013380602,-2.97383543764065));
#5928=CARTESIAN_POINT('Ctrl Pts',(8.76398769479771,8.63065950705994,-2.97383543764066));
#5929=CARTESIAN_POINT('Ctrl Pts',(6.36120100945089,8.69635256440653,-2.97383543764066));
#5930=CARTESIAN_POINT('Ctrl Pts',(18.75,8.49000000000009,-2.18659921288462));
#5931=CARTESIAN_POINT('Ctrl Pts',(16.9967329446204,8.49000000000009,-2.18659921288462));
#5932=CARTESIAN_POINT('Ctrl Pts',(12.9281596891375,8.59051960022983,-2.18659921288462));
#5933=CARTESIAN_POINT('Ctrl Pts',(8.77945383987022,8.90418592940362,-2.18659921288462));
#5934=CARTESIAN_POINT('Ctrl Pts',(6.36868528721327,8.97009721389044,-2.18659921288462));
#5935=CARTESIAN_POINT('Ctrl Pts',(18.75,8.49000000000009,-1.85));
#5936=CARTESIAN_POINT('Ctrl Pts',(16.9967153626095,8.49000000000009,-1.85));
#5937=CARTESIAN_POINT('Ctrl Pts',(12.9281324630749,8.59052070500272,-1.85));
#5938=CARTESIAN_POINT('Ctrl Pts',(8.77942052947006,8.90418684012201,-1.85));
#5939=CARTESIAN_POINT('Ctrl Pts',(6.36868528721327,8.97009721389044,-1.85));
#5940=CARTESIAN_POINT('',(18.75,8.49000000000009,-1.85));
#5941=CARTESIAN_POINT('Ctrl Pts',(6.36868528721327,8.97009721389044,-1.85));
#5942=CARTESIAN_POINT('Ctrl Pts',(8.77942052947006,8.90418684012201,-1.85));
#5943=CARTESIAN_POINT('Ctrl Pts',(12.9281324630749,8.59052070500272,-1.85));
#5944=CARTESIAN_POINT('Ctrl Pts',(16.9967153626095,8.49000000000009,-1.85));
#5945=CARTESIAN_POINT('Ctrl Pts',(18.75,8.49000000000009,-1.85));
#5946=CARTESIAN_POINT('Origin',(18.75,6.9900000000001,-1.85));
#5947=CARTESIAN_POINT('Origin',(5.45358511815184,4.0515862683066,-3.35));
#5948=CARTESIAN_POINT('',(10.2364681691796,2.59418113582221,-5.00103256458131));
#5949=CARTESIAN_POINT('',(10.2364681691796,2.59418113582221,-3.35));
#5950=CARTESIAN_POINT('',(9.17646568815395,7.38927412991091,-5.60118738061251));
#5951=CARTESIAN_POINT('Ctrl Pts',(9.17646568815395,7.38927412991091,-5.60118738061251));
#5952=CARTESIAN_POINT('Ctrl Pts',(9.34473022724594,7.20159067681988,-5.50270751531183));
#5953=CARTESIAN_POINT('Ctrl Pts',(9.50091049012878,6.9988622756597,-5.41242114956898));
#5954=CARTESIAN_POINT('Ctrl Pts',(9.94543817097381,6.31676583951149,-5.15890652451225));
#5955=CARTESIAN_POINT('Ctrl Pts',(10.1743303442923,5.79674294041679,-5.03418742423984));
#5956=CARTESIAN_POINT('Ctrl Pts',(10.4119998552529,4.8235773437295,-4.90671639353382));
#5957=CARTESIAN_POINT('Ctrl Pts',(10.4601937154541,4.39586867030957,-4.88159231525944));
#5958=CARTESIAN_POINT('Ctrl Pts',(10.4454488282831,3.53246616938851,-4.88936254499064));
#5959=CARTESIAN_POINT('Ctrl Pts',(10.3815769104494,3.10328003546418,-4.92276385352276));
#5960=CARTESIAN_POINT('Ctrl Pts',(10.2555616221716,2.6579808597637,-4.99071289629039));
#5961=CARTESIAN_POINT('Ctrl Pts',(10.2461657327233,2.62600640614407,-4.99578688553361));
#5962=CARTESIAN_POINT('Ctrl Pts',(10.2364681691796,2.59418113582221,-5.00103256458131));
#5963=CARTESIAN_POINT('',(6.34979385077349,8.97061156886897,-5.56710079275202));
#5964=CARTESIAN_POINT('Ctrl Pts',(6.34979385077344,8.97061156886897,-5.56710079275205));
#5965=CARTESIAN_POINT('Ctrl Pts',(6.34979385077344,8.97061156886897,-5.59990713618738));
#5966=CARTESIAN_POINT('Ctrl Pts',(6.35492978714889,8.9696891892573,-5.63190148711389));
#5967=CARTESIAN_POINT('Ctrl Pts',(6.37805393446305,8.96539098950212,-5.6885783290559));
#5968=CARTESIAN_POINT('Ctrl Pts',(6.39347528723925,8.96249153848764,-5.71177495978607));
#5969=CARTESIAN_POINT('Ctrl Pts',(6.43731912169672,8.95392205464182,-5.75891690887708));
#5970=CARTESIAN_POINT('Ctrl Pts',(6.46732893945533,8.94784368113681,-5.78032495580361));
#5971=CARTESIAN_POINT('Ctrl Pts',(6.55786419395352,8.92849698373034,-5.83140788115418));
#5972=CARTESIAN_POINT('Ctrl Pts',(6.62869081476025,8.91199900262832,-5.85503076869492));
#5973=CARTESIAN_POINT('Ctrl Pts',(6.8430268155837,8.85713020317976,-5.91158704244431));
#5974=CARTESIAN_POINT('Ctrl Pts',(7.03997930757747,8.79911807527728,-5.9370183221598));
#5975=CARTESIAN_POINT('Ctrl Pts',(7.60880276553071,8.57871794922369,-5.96717576670159));
#5976=CARTESIAN_POINT('Ctrl Pts',(8.0295800604666,8.36698929626399,-5.95469538641572));
#5977=CARTESIAN_POINT('Ctrl Pts',(8.71280037661219,7.85884566660385,-5.81371533640861));
#5978=CARTESIAN_POINT('Ctrl Pts',(8.96082444397736,7.62980189383734,-5.72739531957802));
#5979=CARTESIAN_POINT('Ctrl Pts',(9.17646568815395,7.38927412991091,-5.60118738061251));
#5980=CARTESIAN_POINT('',(6.34979385077349,8.97061156886896,-3.35));
#5981=CARTESIAN_POINT('Origin',(18.75,0.,-1.85));
#5982=CARTESIAN_POINT('',(23.6986995006483,6.89858487316661,-1.85));
#5983=CARTESIAN_POINT('Ctrl Pts',(23.6986995006483,6.8985848731666,-1.85));
#5984=CARTESIAN_POINT('Ctrl Pts',(23.6986995006483,6.8985848731666,-2.02878835351902));
#5985=CARTESIAN_POINT('Ctrl Pts',(23.6601895786255,6.87635115932024,-2.2386755717678));
#5986=CARTESIAN_POINT('Ctrl Pts',(23.5333618752779,6.80312715065182,-2.57452940655154));
#5987=CARTESIAN_POINT('Ctrl Pts',(23.4198364692015,6.7375832268937,-2.7575546256159));
#5988=CARTESIAN_POINT('Ctrl Pts',(23.1746985604241,6.59605278927248,-3.02451212701712));
#5989=CARTESIAN_POINT('Ctrl Pts',(22.9964166807043,6.49312169802464,-3.1513103058121));
#5990=CARTESIAN_POINT('Ctrl Pts',(22.6559977427847,6.29658073257948,-3.30391839339455));
#5991=CARTESIAN_POINT('Ctrl Pts',(22.4306826497086,6.16649500293948,-3.35));
#5992=CARTESIAN_POINT('Ctrl Pts',(22.2399976145022,6.05640294653262,-3.35));
#5993=CARTESIAN_POINT('Origin',(18.75,0.,-1.85));
#5994=CARTESIAN_POINT('Origin',(31.4070295342262,11.3489912930559,1.));
#5995=CARTESIAN_POINT('',(23.6986995006483,6.89858487316661,-0.4));
#5996=CARTESIAN_POINT('',(23.6986995006483,6.89858487316661,1.));
#5997=CARTESIAN_POINT('',(22.9396969619659,6.46037455314267,-0.4));
#5998=CARTESIAN_POINT('',(25.6529869125555,8.02689323650527,-0.4));
#5999=CARTESIAN_POINT('',(22.9396969619659,6.46037455314267,2.4));
#6000=CARTESIAN_POINT('',(22.9396969619659,6.46037455314267,1.));
#6001=CARTESIAN_POINT('',(23.6986995006483,6.89858487316661,2.4));
#6002=CARTESIAN_POINT('',(25.6529869125555,8.02689323650527,2.4));
#6003=CARTESIAN_POINT('',(23.6986995006483,6.89858487316661,3.85));
#6004=CARTESIAN_POINT('',(23.6986995006483,6.89858487316661,1.));
#6005=CARTESIAN_POINT('',(22.2399976145022,6.05640294653262,5.35));
#6006=CARTESIAN_POINT('Ctrl Pts',(22.2399976145022,6.05640294653262,5.35));
#6007=CARTESIAN_POINT('Ctrl Pts',(22.4306826497086,6.16649500293948,5.35));
#6008=CARTESIAN_POINT('Ctrl Pts',(22.6559977427847,6.29658073257947,5.30391839339455));
#6009=CARTESIAN_POINT('Ctrl Pts',(22.9964166807043,6.49312169802464,5.15131030581211));
#6010=CARTESIAN_POINT('Ctrl Pts',(23.1746985604241,6.59605278927247,5.02451212701712));
#6011=CARTESIAN_POINT('Ctrl Pts',(23.4198364692015,6.7375832268937,4.7575546256159));
#6012=CARTESIAN_POINT('Ctrl Pts',(23.5333618752779,6.80312715065182,4.57452940655154));
#6013=CARTESIAN_POINT('Ctrl Pts',(23.6601895786255,6.87635115932024,4.2386755717678));
#6014=CARTESIAN_POINT('Ctrl Pts',(23.6986995006483,6.89858487316661,4.02878835351902));
#6015=CARTESIAN_POINT('Ctrl Pts',(23.6986995006483,6.89858487316661,3.85));
#6016=CARTESIAN_POINT('',(21.060255296003,5.37527840137261,5.35));
#6017=CARTESIAN_POINT('',(24.0375772671129,7.09423604285731,5.35));
#6018=CARTESIAN_POINT('',(21.060255296003,5.37527840137261,3.81));
#6019=CARTESIAN_POINT('',(21.060255296003,5.37527840137261,1.));
#6020=CARTESIAN_POINT('',(20.0116490782072,4.76986531925423,3.));
#6021=CARTESIAN_POINT('Ctrl Pts',(21.060255296003,5.37527840137261,3.81));
#6022=CARTESIAN_POINT('Ctrl Pts',(20.9091175929512,5.28801900783096,3.58787384797613));
#6023=CARTESIAN_POINT('Ctrl Pts',(20.7217831150928,5.17986139661089,3.32688502415385));
#6024=CARTESIAN_POINT('Ctrl Pts',(20.4401296827955,5.01724871165585,3.12341098338738));
#6025=CARTESIAN_POINT('Ctrl Pts',(20.3449429487354,4.96229262512296,3.07191417198952));
#6026=CARTESIAN_POINT('Ctrl Pts',(20.1850092403234,4.86995485551881,3.01679518035083));
#6027=CARTESIAN_POINT('Ctrl Pts',(20.0909573543025,4.81565397380679,3.));
#6028=CARTESIAN_POINT('Ctrl Pts',(20.0116490782072,4.76986531925423,3.));
#6029=CARTESIAN_POINT('',(17.8121778264895,3.50000000000002,3.));
#6030=CARTESIAN_POINT('',(16.9999999999996,3.03108891324613,3.));
#6031=CARTESIAN_POINT('',(14.45,1.55884572681036,3.));
#6032=CARTESIAN_POINT('',(16.9999999999996,3.03108891324613,3.));
#6033=CARTESIAN_POINT('',(14.45,1.55884572681036,-1.));
#6034=CARTESIAN_POINT('',(14.45,1.55884572681036,1.));
#6035=CARTESIAN_POINT('',(17.8121778264895,3.50000000000002,-1.));
#6036=CARTESIAN_POINT('',(16.9999999999996,3.03108891324613,-1.));
#6037=CARTESIAN_POINT('',(20.0116490782072,4.76986531925423,-1.));
#6038=CARTESIAN_POINT('',(16.9999999999996,3.03108891324613,-1.));
#6039=CARTESIAN_POINT('',(21.060255296003,5.37527840137261,-1.81));
#6040=CARTESIAN_POINT('Ctrl Pts',(20.0116490782072,4.76986531925423,-1.));
#6041=CARTESIAN_POINT('Ctrl Pts',(20.0909573543025,4.81565397380679,-1.));
#6042=CARTESIAN_POINT('Ctrl Pts',(20.1850092403234,4.86995485551881,-1.01679518035083));
#6043=CARTESIAN_POINT('Ctrl Pts',(20.3449429487354,4.96229262512295,-1.07191417198952));
#6044=CARTESIAN_POINT('Ctrl Pts',(20.4401296827955,5.01724871165585,-1.12341098338738));
#6045=CARTESIAN_POINT('Ctrl Pts',(20.7217831150928,5.17986139661089,-1.32688502415385));
#6046=CARTESIAN_POINT('Ctrl Pts',(20.9091175929512,5.28801900783096,-1.58787384797613));
#6047=CARTESIAN_POINT('Ctrl Pts',(21.060255296003,5.37527840137261,-1.81));
#6048=CARTESIAN_POINT('',(21.060255296003,5.37527840137261,1.));
#6049=CARTESIAN_POINT('Ctrl Pts',(6.3276900636847,-7.47065752132264,-3.35));
#6050=CARTESIAN_POINT('Ctrl Pts',(8.69505685857005,-7.40593285659131,-3.35));
#6051=CARTESIAN_POINT('Ctrl Pts',(12.8295575287312,-7.09350782278213,-3.35));
#6052=CARTESIAN_POINT('Ctrl Pts',(16.9738244784107,-6.9900000000001,-3.35));
#6053=CARTESIAN_POINT('Ctrl Pts',(18.75,-6.9900000000001,-3.35));
#6054=CARTESIAN_POINT('Ctrl Pts',(6.33995580593938,-7.9192888282422,-3.35));
#6055=CARTESIAN_POINT('Ctrl Pts',(8.72035633001874,-7.85420781663886,-3.35));
#6056=CARTESIAN_POINT('Ctrl Pts',(12.8590984207982,-7.54141110876595,-3.35));
#6057=CARTESIAN_POINT('Ctrl Pts',(16.9807039865404,-7.43879895051292,-3.35));
#6058=CARTESIAN_POINT('Ctrl Pts',(18.75,-7.43879895051292,-3.35));
#6059=CARTESIAN_POINT('Ctrl Pts',(6.36120100964268,-8.69635256440129,-2.97383543764066));
#6060=CARTESIAN_POINT('Ctrl Pts',(8.76398769495216,-8.63065950705017,-2.97383543764066));
#6061=CARTESIAN_POINT('Ctrl Pts',(12.9101108190854,-8.31722013380186,-2.97383543764065));
#6062=CARTESIAN_POINT('Ctrl Pts',(16.9925199277713,-8.21615305819739,-2.97383543764066));
#6063=CARTESIAN_POINT('Ctrl Pts',(18.75,-8.21615305819739,-2.97383543764066));
#6064=CARTESIAN_POINT('Ctrl Pts',(6.36868528740568,-8.97009721388518,-2.18659921288462));
#6065=CARTESIAN_POINT('Ctrl Pts',(8.77945384002501,-8.90418592939382,-2.18659921288462));
#6066=CARTESIAN_POINT('Ctrl Pts',(12.9281596892248,-8.5905196002257,-2.18659921288462));
#6067=CARTESIAN_POINT('Ctrl Pts',(16.9967329446471,-8.49000000000009,-2.18659921288462));
#6068=CARTESIAN_POINT('Ctrl Pts',(18.75,-8.49000000000009,-2.18659921288462));
#6069=CARTESIAN_POINT('Ctrl Pts',(6.36868528740568,-8.97009721388518,-1.85));
#6070=CARTESIAN_POINT('Ctrl Pts',(8.77942052962487,-8.90418684011221,-1.85));
#6071=CARTESIAN_POINT('Ctrl Pts',(12.9281324631622,-8.59052070499859,-1.85));
#6072=CARTESIAN_POINT('Ctrl Pts',(16.9967153626362,-8.49000000000009,-1.85));
#6073=CARTESIAN_POINT('Ctrl Pts',(18.75,-8.49000000000009,-1.85));
#6074=CARTESIAN_POINT('',(18.75,-8.49000000000009,-1.85));
#6075=CARTESIAN_POINT('Origin',(18.75,-6.9900000000001,-1.85));
#6076=CARTESIAN_POINT('Ctrl Pts',(18.75,-8.49000000000009,-1.85));
#6077=CARTESIAN_POINT('Ctrl Pts',(16.9967153626362,-8.49000000000009,-1.85));
#6078=CARTESIAN_POINT('Ctrl Pts',(12.9281324631622,-8.59052070499859,-1.85));
#6079=CARTESIAN_POINT('Ctrl Pts',(8.77942052962487,-8.90418684011221,-1.85));
#6080=CARTESIAN_POINT('Ctrl Pts',(6.36868528740568,-8.97009721388518,-1.85));
#6081=CARTESIAN_POINT('Origin',(18.75,0.,-1.85));
#6082=CARTESIAN_POINT('',(24.2811194935242,-6.4410260943701,-1.85));
#6083=CARTESIAN_POINT('Ctrl Pts',(22.7545674171045,-5.72918317056322,-3.35));
#6084=CARTESIAN_POINT('Ctrl Pts',(22.9541219931293,-5.82223699758346,-3.35));
#6085=CARTESIAN_POINT('Ctrl Pts',(23.1899174126395,-5.93219020745889,-3.30391839339455));
#6086=CARTESIAN_POINT('Ctrl Pts',(23.5461706275487,-6.09831380981342,-3.15131030581211));
#6087=CARTESIAN_POINT('Ctrl Pts',(23.7327451266009,-6.18531492753787,-3.02451212701712));
#6088=CARTESIAN_POINT('Ctrl Pts',(23.9892854020385,-6.30494162259962,-2.7575546256159));
#6089=CARTESIAN_POINT('Ctrl Pts',(24.1080913390284,-6.36034174085225,-2.57452940655154));
#6090=CARTESIAN_POINT('Ctrl Pts',(24.2408183175368,-6.42223334737451,-2.2386755717678));
#6091=CARTESIAN_POINT('Ctrl Pts',(24.2811194935242,-6.4410260943701,-2.02878835351902));
#6092=CARTESIAN_POINT('Ctrl Pts',(24.2811194935242,-6.4410260943701,-1.85));
#6093=CARTESIAN_POINT('Origin',(18.75,0.,-1.85));
#6094=CARTESIAN_POINT('Ctrl Pts',(18.75,-8.49000000000009,-8.52115015710907));
#6095=CARTESIAN_POINT('Ctrl Pts',(18.75,-8.49000000000009,9.19205542285965));
#6096=CARTESIAN_POINT('Ctrl Pts',(12.5,-8.49000000000009,-8.52115015710907));
#6097=CARTESIAN_POINT('Ctrl Pts',(12.5,-8.49000000000009,9.19205542285965));
#6098=CARTESIAN_POINT('Ctrl Pts',(9.375,-9.,-8.52115015710907));
#6099=CARTESIAN_POINT('Ctrl Pts',(9.375,-9.,9.19205542285965));
#6100=CARTESIAN_POINT('Ctrl Pts',(4.2,-9.,-8.52115015710907));
#6101=CARTESIAN_POINT('Ctrl Pts',(4.2,-9.,9.19205542285965));
#6102=CARTESIAN_POINT('',(6.3497938509614,-8.97061156886388,-5.56710079264144));
#6103=CARTESIAN_POINT('',(6.3497938509614,-8.97061156886388,-3.35));
#6104=CARTESIAN_POINT('',(18.75,-8.49,0.6));
#6105=CARTESIAN_POINT('',(18.75,-8.49,3.17499999999999));
#6106=CARTESIAN_POINT('',(15.2741055700227,-8.54492085018942,0.6));
#6107=CARTESIAN_POINT('Ctrl Pts',(18.75,-8.49000000000009,0.599999999999997));
#6108=CARTESIAN_POINT('Ctrl Pts',(17.4761597485042,-8.49000000000009,0.599999999999997));
#6109=CARTESIAN_POINT('Ctrl Pts',(16.3321330159148,-8.51118556628563,0.599999999999997));
#6110=CARTESIAN_POINT('Ctrl Pts',(15.2741055700229,-8.54492085018942,0.599999999999997));
#6111=CARTESIAN_POINT('',(15.2741055700227,-8.54492085018942,1.4));
#6112=CARTESIAN_POINT('Ctrl Pts',(15.2741055700227,-8.54492085018942,0.6));
#6113=CARTESIAN_POINT('Ctrl Pts',(15.2741055700227,-8.54492085018942,0.866666666666667));
#6114=CARTESIAN_POINT('Ctrl Pts',(15.2741055700227,-8.54492085018942,1.13333333333333));
#6115=CARTESIAN_POINT('Ctrl Pts',(15.2741055700227,-8.54492085018942,1.4));
#6116=CARTESIAN_POINT('',(18.75,-8.49,1.4));
#6117=CARTESIAN_POINT('Ctrl Pts',(15.2741055700229,-8.54492085018942,1.4));
#6118=CARTESIAN_POINT('Ctrl Pts',(16.3321330159148,-8.51118556628563,1.4));
#6119=CARTESIAN_POINT('Ctrl Pts',(17.4761597485042,-8.49000000000009,1.4));
#6120=CARTESIAN_POINT('Ctrl Pts',(18.75,-8.49000000000009,1.4));
#6121=CARTESIAN_POINT('',(18.75,-8.49,3.17499999999999));
#6122=CARTESIAN_POINT('',(4.20000000000563,-9.,7.67364690295126));
#6123=CARTESIAN_POINT('Ctrl Pts',(4.20000000001148,-9.,7.67364690295126));
#6124=CARTESIAN_POINT('Ctrl Pts',(4.92083851106503,-8.9999999999999,7.55980112857801));
#6125=CARTESIAN_POINT('Ctrl Pts',(5.63799957765437,-8.98903483697244,7.4228424074402));
#6126=CARTESIAN_POINT('Ctrl Pts',(6.3499401530952,-8.96961818963204,7.26871429942302));
#6127=CARTESIAN_POINT('',(4.2,-9.,-6.81250389955448));
#6128=CARTESIAN_POINT('',(4.2,-9.,1.));
#6129=CARTESIAN_POINT('Ctrl Pts',(6.34977602339262,-8.96998713025717,-5.56709929326418));
#6130=CARTESIAN_POINT('Ctrl Pts',(5.63689901692929,-8.98933136145378,-5.98699300871271));
#6131=CARTESIAN_POINT('Ctrl Pts',(4.92202284232816,-8.99997747498761,-6.4062356133928));
#6132=CARTESIAN_POINT('Ctrl Pts',(4.20186906139482,-8.99999506159712,-6.81572842512136));
#6133=CARTESIAN_POINT('Origin',(18.75,0.,1.));
#6134=CARTESIAN_POINT('',(24.2811194935242,-6.4410260943701,-0.4));
#6135=CARTESIAN_POINT('',(24.2811194935242,-6.4410260943701,1.));
#6136=CARTESIAN_POINT('',(20.9529569893173,-8.19921218796161,0.6));
#6137=CARTESIAN_POINT('Origin',(18.75,0.,-1.56666666666691));
#6138=CARTESIAN_POINT('Origin',(18.75,0.,0.6));
#6139=CARTESIAN_POINT('Origin',(20.8088058421182,-4.8218596472034,1.));
#6140=CARTESIAN_POINT('',(21.2748518990903,-5.03918049262241,-1.81));
#6141=CARTESIAN_POINT('',(21.2748518990903,-5.03918049262241,1.));
#6142=CARTESIAN_POINT('',(20.1774707176949,-4.52746324382257,-1.));
#6143=CARTESIAN_POINT('Ctrl Pts',(21.2748518990903,-5.03918049262241,-1.81));
#6144=CARTESIAN_POINT('Ctrl Pts',(21.1166841633725,-4.96542566618418,-1.58787384797613));
#6145=CARTESIAN_POINT('Ctrl Pts',(20.9206359928204,-4.87400690288849,-1.32688502415385));
#6146=CARTESIAN_POINT('Ctrl Pts',(20.6258817075291,-4.73656072238313,-1.12341098338739));
#6147=CARTESIAN_POINT('Ctrl Pts',(20.5262674491894,-4.69010983085793,-1.07191417198952));
#6148=CARTESIAN_POINT('Ctrl Pts',(20.3588945699298,-4.61206257549171,-1.01679518035083));
#6149=CARTESIAN_POINT('Ctrl Pts',(20.2604679460527,-4.56616548701147,-1.));
#6150=CARTESIAN_POINT('Ctrl Pts',(20.1774707176949,-4.52746324382258,-1.));
#6151=CARTESIAN_POINT('',(17.9740686807481,-3.50000000000002,-1.));
#6152=CARTESIAN_POINT('',(17.2708360839073,-3.17207725462896,-1.));
#6153=CARTESIAN_POINT('',(14.45,-1.85669978630311,-1.));
#6154=CARTESIAN_POINT('',(17.2708360839073,-3.17207725462896,-1.));
#6155=CARTESIAN_POINT('',(14.45,-1.85669978630311,3.));
#6156=CARTESIAN_POINT('',(14.45,-1.85669978630311,1.));
#6157=CARTESIAN_POINT('',(17.9740686807481,-3.50000000000002,3.));
#6158=CARTESIAN_POINT('',(17.2708360839073,-3.17207725462896,3.));
#6159=CARTESIAN_POINT('',(20.1774707176949,-4.52746324382257,3.));
#6160=CARTESIAN_POINT('',(17.2708360839073,-3.17207725462896,3.));
#6161=CARTESIAN_POINT('',(21.2748518990903,-5.03918049262241,3.81));
#6162=CARTESIAN_POINT('Ctrl Pts',(20.1774707176949,-4.52746324382258,3.));
#6163=CARTESIAN_POINT('Ctrl Pts',(20.2604679460527,-4.56616548701147,3.));
#6164=CARTESIAN_POINT('Ctrl Pts',(20.3588945699298,-4.61206257549171,3.01679518035083));
#6165=CARTESIAN_POINT('Ctrl Pts',(20.5262674491894,-4.69010983085793,3.07191417198952));
#6166=CARTESIAN_POINT('Ctrl Pts',(20.6258817075291,-4.73656072238313,3.12341098338739));
#6167=CARTESIAN_POINT('Ctrl Pts',(20.9206359928204,-4.87400690288849,3.32688502415385));
#6168=CARTESIAN_POINT('Ctrl Pts',(21.1166841633725,-4.96542566618418,3.58787384797613));
#6169=CARTESIAN_POINT('Ctrl Pts',(21.2748518990903,-5.03918049262241,3.81));
#6170=CARTESIAN_POINT('',(21.2748518990903,-5.0391804926224,5.35));
#6171=CARTESIAN_POINT('',(21.2748518990903,-5.03918049262241,1.));
#6172=CARTESIAN_POINT('',(22.7545674171045,-5.72918317056322,5.35));
#6173=CARTESIAN_POINT('',(18.8580875836912,-3.91222478439615,5.35));
#6174=CARTESIAN_POINT('',(24.2811194935242,-6.4410260943701,3.85));
#6175=CARTESIAN_POINT('Ctrl Pts',(24.2811194935242,-6.4410260943701,3.85));
#6176=CARTESIAN_POINT('Ctrl Pts',(24.2811194935242,-6.4410260943701,4.02878835351902));
#6177=CARTESIAN_POINT('Ctrl Pts',(24.2408183175368,-6.42223334737451,4.2386755717678));
#6178=CARTESIAN_POINT('Ctrl Pts',(24.1080913390284,-6.36034174085226,4.57452940655154));
#6179=CARTESIAN_POINT('Ctrl Pts',(23.9892854020385,-6.30494162259962,4.7575546256159));
#6180=CARTESIAN_POINT('Ctrl Pts',(23.7327451266009,-6.18531492753787,5.02451212701712));
#6181=CARTESIAN_POINT('Ctrl Pts',(23.5461706275487,-6.09831380981342,5.15131030581211));
#6182=CARTESIAN_POINT('Ctrl Pts',(23.1899174126395,-5.93219020745889,5.30391839339455));
#6183=CARTESIAN_POINT('Ctrl Pts',(22.9541219931293,-5.82223699758346,5.35));
#6184=CARTESIAN_POINT('Ctrl Pts',(22.7545674171045,-5.72918317056322,5.35));
#6185=CARTESIAN_POINT('',(24.2811194935242,-6.4410260943701,2.4));
#6186=CARTESIAN_POINT('',(24.2811194935242,-6.4410260943701,1.));
#6187=CARTESIAN_POINT('',(23.4868126427292,-6.07063472691944,2.4));
#6188=CARTESIAN_POINT('',(20.2528381607429,-4.56260765969145,2.4));
#6189=CARTESIAN_POINT('',(23.4868126427292,-6.07063472691944,-0.4));
#6190=CARTESIAN_POINT('',(23.4868126427292,-6.07063472691944,1.));
#6191=CARTESIAN_POINT('',(20.2528381607429,-4.56260765969145,-0.4));
#6192=CARTESIAN_POINT('Ctrl Pts',(6.32769006349575,7.4706575213278,5.35));
#6193=CARTESIAN_POINT('Ctrl Pts',(8.10321515968687,7.42211402278267,5.35));
#6194=CARTESIAN_POINT('Ctrl Pts',(12.2389814739791,7.14726183553979,5.35));
#6195=CARTESIAN_POINT('Ctrl Pts',(16.3817659711783,6.9900000000001,5.35));
#6196=CARTESIAN_POINT('Ctrl Pts',(18.75,6.9900000000001,5.35));
#6197=CARTESIAN_POINT('Ctrl Pts',(6.33995580574939,7.9192888282474,5.35));
#6198=CARTESIAN_POINT('Ctrl Pts',(8.12525619883636,7.87047806954826,5.35));
#6199=CARTESIAN_POINT('Ctrl Pts',(12.2718707305097,7.59496894205148,5.35));
#6200=CARTESIAN_POINT('Ctrl Pts',(16.3909386486848,7.43879895051292,5.35));
#6201=CARTESIAN_POINT('Ctrl Pts',(18.75,7.43879895051292,5.35));
#6202=CARTESIAN_POINT('Ctrl Pts',(6.36120041050241,8.69633065729027,4.97380912873259));
#6203=CARTESIAN_POINT('Ctrl Pts',(8.16329042451253,8.64706086428033,4.97380912873259));
#6204=CARTESIAN_POINT('Ctrl Pts',(12.3286757957789,8.37041790156616,4.9738091287326));
#6205=CARTESIAN_POINT('Ctrl Pts',(16.4066932369928,8.21613114289492,4.97380912873259));
#6206=CARTESIAN_POINT('Ctrl Pts',(18.75,8.21613114289492,4.97380912873259));
#6207=CARTESIAN_POINT('Ctrl Pts',(6.36868528721327,8.97009721389044,4.18659921288462));
#6208=CARTESIAN_POINT('Ctrl Pts',(8.17676170170598,8.92066375052532,4.18659921288462));
#6209=CARTESIAN_POINT('Ctrl Pts',(12.3487697300021,8.64361930405984,4.18659921288462));
#6210=CARTESIAN_POINT('Ctrl Pts',(16.4123105928272,8.49000000000009,4.18659921288462));
#6211=CARTESIAN_POINT('Ctrl Pts',(18.75,8.49000000000009,4.18659921288462));
#6212=CARTESIAN_POINT('Ctrl Pts',(6.36868528721327,8.97009721389044,3.85));
#6213=CARTESIAN_POINT('Ctrl Pts',(8.17673671890586,8.92066443356412,3.85));
#6214=CARTESIAN_POINT('Ctrl Pts',(12.3487414671877,8.64362069412034,3.85));
#6215=CARTESIAN_POINT('Ctrl Pts',(16.4122871501461,8.49000000000009,3.85));
#6216=CARTESIAN_POINT('Ctrl Pts',(18.75,8.49000000000009,3.85));
#6217=CARTESIAN_POINT('',(18.75,6.9900000000001,5.35));
#6218=CARTESIAN_POINT('Ctrl Pts',(9.5545624251434,7.32946440350196,5.34999634520044));
#6219=CARTESIAN_POINT('Ctrl Pts',(10.252900282274,7.29043354426181,5.34999634520044));
#6220=CARTESIAN_POINT('Ctrl Pts',(13.3155109533417,7.10960342667844,5.34999634520044));
#6221=CARTESIAN_POINT('Ctrl Pts',(16.3818314873833,6.99320562694843,5.34999634520044));
#6222=CARTESIAN_POINT('Ctrl Pts',(18.75,6.99320562694843,5.34999634520044));
#6223=CARTESIAN_POINT('',(18.75,8.49000000000009,3.85));
#6224=CARTESIAN_POINT('Origin',(18.75,6.9900000000001,3.85));
#6225=CARTESIAN_POINT('Ctrl Pts',(18.75,8.49000000000009,3.85));
#6226=CARTESIAN_POINT('Ctrl Pts',(16.4122871501461,8.49000000000009,3.85));
#6227=CARTESIAN_POINT('Ctrl Pts',(12.3487414671877,8.64362069412034,3.85));
#6228=CARTESIAN_POINT('Ctrl Pts',(8.17673671890586,8.92066443356412,3.85));
#6229=CARTESIAN_POINT('Ctrl Pts',(6.36868528721327,8.97009721389044,3.85));
#6230=CARTESIAN_POINT('Origin',(18.75,0.,3.85));
#6231=CARTESIAN_POINT('Origin',(18.75,0.,3.85));
#6232=CARTESIAN_POINT('Origin',(18.75,0.,5.35));
#6233=CARTESIAN_POINT('Origin',(18.3075,0.,5.35));
#6234=CARTESIAN_POINT('Origin',(18.75,0.,5.35));
#6235=CARTESIAN_POINT('',(21.0338287424381,-4.37296439770581,5.35));
#6236=CARTESIAN_POINT('Origin',(21.4861610299606,-4.58602659910408,5.35));
#6237=CARTESIAN_POINT('',(22.0070261147855,-0.325129240652954,5.35));
#6238=CARTESIAN_POINT('Origin',(11.7499999999985,2.77555756156289E-16,5.35));
#6239=CARTESIAN_POINT('',(21.9824276742513,-2.28983498828939E-15,5.35));
#6240=CARTESIAN_POINT('Ctrl Pts',(21.9820155210361,0.000124560786623318,
5.34988347597368));
#6241=CARTESIAN_POINT('Ctrl Pts',(21.9909227749149,-0.047390105582505,5.34992027416151));
#6242=CARTESIAN_POINT('Ctrl Pts',(21.9975219122834,-0.0953799784169565,
5.34997990844978));
#6243=CARTESIAN_POINT('Ctrl Pts',(22.0018132722412,-0.143584063336335,5.35001295275463));
#6244=CARTESIAN_POINT('Ctrl Pts',(22.0060655411161,-0.191349045058788,5.35004569605056));
#6245=CARTESIAN_POINT('Ctrl Pts',(22.0080520564637,-0.239325416717513,5.35005280146818));
#6246=CARTESIAN_POINT('Ctrl Pts',(22.0077468198325,-0.287243608222965,5.35002680557012));
#6247=CARTESIAN_POINT('Ctrl Pts',(22.0076663383664,-0.299878154379513,5.35001995125522));
#6248=CARTESIAN_POINT('Ctrl Pts',(22.0074263789413,-0.312508526193492,5.35001099296571));
#6249=CARTESIAN_POINT('Ctrl Pts',(22.0070261257116,-0.325129474828177,5.35000019447692));
#6250=CARTESIAN_POINT('',(22.0070261147855,0.325129240652956,5.35));
#6251=CARTESIAN_POINT('Ctrl Pts',(22.0070261110514,0.325129390671782,5.35000010880592));
#6252=CARTESIAN_POINT('Ctrl Pts',(22.0086226526532,0.274746524011982,5.34999834681237));
#6253=CARTESIAN_POINT('Ctrl Pts',(22.0076538365117,0.224534432965535,5.34999174236229));
#6254=CARTESIAN_POINT('Ctrl Pts',(22.0042613812098,0.174815860166084,5.34997611176772));
#6255=CARTESIAN_POINT('Ctrl Pts',(22.0006210757508,0.121464886941235,5.34995933921401));
#6256=CARTESIAN_POINT('Ctrl Pts',(21.9941899459862,0.068681059247931,5.34993114972474));
#6257=CARTESIAN_POINT('Ctrl Pts',(21.9850929893952,0.0168361238937084,5.3498953949302));
#6258=CARTESIAN_POINT('Ctrl Pts',(21.9840989965468,0.0111712078911201,5.349891488128));
#6259=CARTESIAN_POINT('Ctrl Pts',(21.9830731303797,0.00551748735787409,
5.3498875086576));
#6260=CARTESIAN_POINT('Ctrl Pts',(21.9820155210361,-0.000124560786627093,
5.34988347597368));
#6261=CARTESIAN_POINT('',(20.8660954126534,4.71265298636789,5.35));
#6262=CARTESIAN_POINT('Origin',(11.7499999999985,2.77555756156289E-16,5.35));
#6263=CARTESIAN_POINT('Origin',(21.310255296003,4.9422656994804,5.35));
#6264=CARTESIAN_POINT('',(16.85,-2.32682891837997E-16,5.35));
#6265=CARTESIAN_POINT('Origin',(18.75,0.,5.35));
#6266=CARTESIAN_POINT('Origin',(18.75,0.,3.85));
#6267=CARTESIAN_POINT('Origin',(18.75,0.,3.85));
#6268=CARTESIAN_POINT('Ctrl Pts',(8.49211051519902,-8.88748114861781,-4.30661050127859));
#6269=CARTESIAN_POINT('Ctrl Pts',(7.06492933007267,-8.95732464492392,-5.13230896000937));
#6270=CARTESIAN_POINT('Ctrl Pts',(5.64306711149555,-9.,-5.99197483647293));
#6271=CARTESIAN_POINT('Ctrl Pts',(4.2,-9.,-6.81250389955448));
#6272=CARTESIAN_POINT('Ctrl Pts',(8.71477739547598,-8.87658426068782,-4.68797445572634));
#6273=CARTESIAN_POINT('Ctrl Pts',(7.29841448325919,-8.94839896779171,-5.50887410405541));
#6274=CARTESIAN_POINT('Ctrl Pts',(5.87158064687388,-8.99574837127098,-6.37521228580227));
#6275=CARTESIAN_POINT('Ctrl Pts',(4.42506571261612,-9.,-7.20078977746664));
#6276=CARTESIAN_POINT('Ctrl Pts',(9.0829695398853,-8.49448770264976,-5.34902401661114));
#6277=CARTESIAN_POINT('Ctrl Pts',(7.68914249313923,-8.56714682047819,-6.16154005302968));
#6278=CARTESIAN_POINT('Ctrl Pts',(6.26038660901855,-8.6173943053197,-7.03945968829971));
#6279=CARTESIAN_POINT('Ctrl Pts',(4.814945699336,-8.62395263794682,-7.87341507949171));
#6280=CARTESIAN_POINT('Ctrl Pts',(9.1885317326407,-7.72028700506049,-5.59412550980968));
#6281=CARTESIAN_POINT('Ctrl Pts',(7.80862812630911,-7.79040461710115,-6.40133410673956));
#6282=CARTESIAN_POINT('Ctrl Pts',(6.38806432473602,-7.83465149200788,-7.27794575924336));
#6283=CARTESIAN_POINT('Ctrl Pts',(4.95222673435047,-7.83659921288462,-8.11025385240689));
#6284=CARTESIAN_POINT('Ctrl Pts',(9.17646568818132,-7.38927412990953,-5.60118738059649));
#6285=CARTESIAN_POINT('Ctrl Pts',(7.79955514829559,-7.45831614974653,-6.40704918148812));
#6286=CARTESIAN_POINT('Ctrl Pts',(6.38346538360598,-7.5,-7.28065183790534));
#6287=CARTESIAN_POINT('Ctrl Pts',(4.95222673435047,-7.5,-8.11025385240689));
#6288=CARTESIAN_POINT('',(9.17646568818132,-7.38927412990953,-5.60118738059649));
#6289=CARTESIAN_POINT('Ctrl Pts',(9.17646568818132,-7.38927412990953,-5.60118738059649));
#6290=CARTESIAN_POINT('Ctrl Pts',(8.92794290782201,-7.6664781910985,-5.74663983341857));
#6291=CARTESIAN_POINT('Ctrl Pts',(8.63647716455011,-7.92806967671695,-5.83925697294048));
#6292=CARTESIAN_POINT('Ctrl Pts',(7.91585059848259,-8.42974570816051,-5.96094626673695));
#6293=CARTESIAN_POINT('Ctrl Pts',(7.5224809603211,-8.61574730798087,-5.96576650537112));
#6294=CARTESIAN_POINT('Ctrl Pts',(6.9868258199905,-8.81662715197812,-5.93147705863736));
#6295=CARTESIAN_POINT('Ctrl Pts',(6.78844289478555,-8.87244757422115,-5.90278268880903));
#6296=CARTESIAN_POINT('Ctrl Pts',(6.54754139228453,-8.93142590081211,-5.82811332851901));
#6297=CARTESIAN_POINT('Ctrl Pts',(6.48565635473244,-8.94410552807043,-5.79524780793758));
#6298=CARTESIAN_POINT('Ctrl Pts',(6.41668475945358,-8.95802553432951,-5.7392375034264));
#6299=CARTESIAN_POINT('Ctrl Pts',(6.39419977993487,-8.96234158650215,-5.71436919817778));
#6300=CARTESIAN_POINT('Ctrl Pts',(6.36851144655646,-8.96717390936816,-5.66734816806815));
#6301=CARTESIAN_POINT('Ctrl Pts',(6.36155780079353,-8.96845598711356,-5.64915409657594));
#6302=CARTESIAN_POINT('Ctrl Pts',(6.35193903322932,-8.9702228581196,-5.60937822399946));
#6303=CARTESIAN_POINT('Ctrl Pts',(6.34979385096139,-8.97061156886388,-5.5883059606994));
#6304=CARTESIAN_POINT('Ctrl Pts',(6.34979385096139,-8.97061156886388,-5.56710079264145));
#6305=CARTESIAN_POINT('',(4.95222673435047,-7.5,-8.11025385240689));
#6306=CARTESIAN_POINT('Origin',(4.2,-7.5,-6.81250389955448));
#6307=CARTESIAN_POINT('Ctrl Pts',(4.95222673435047,-7.5,-8.11025385240689));
#6308=CARTESIAN_POINT('Ctrl Pts',(6.38346538360598,-7.5,-7.28065183790534));
#6309=CARTESIAN_POINT('Ctrl Pts',(7.79955514829559,-7.45831614974653,-6.40704918148812));
#6310=CARTESIAN_POINT('Ctrl Pts',(9.17646568818132,-7.38927412990953,-5.60118738059649));
#6311=CARTESIAN_POINT('Origin',(0.,-7.5,0.));
#6312=CARTESIAN_POINT('',(4.,-9.,-6.92820323027551));
#6313=CARTESIAN_POINT('Origin',(4.,-7.5,-6.92820323027551));
#6314=CARTESIAN_POINT('',(-1.66533453693773E-15,-9.,8.));
#6315=CARTESIAN_POINT('Origin',(0.,-9.,0.));
#6316=CARTESIAN_POINT('Origin',(-1.66533453693773E-15,-7.5,8.));
#6317=CARTESIAN_POINT('',(-8.53610575908804,-7.8,4.10000000004665));
#6318=CARTESIAN_POINT('Ctrl Pts',(-8.56971411422901,-7.5,4.10000000004683));
#6319=CARTESIAN_POINT('Ctrl Pts',(-8.56971411422901,-7.59496403721827,4.10000000004683));
#6320=CARTESIAN_POINT('Ctrl Pts',(-8.55894572361867,-7.6991386226216,4.10000000004677));
#6321=CARTESIAN_POINT('Ctrl Pts',(-8.53610575908804,-7.8,4.10000000004665));
#6322=CARTESIAN_POINT('Origin',(0.,-7.8,0.));
#6323=CARTESIAN_POINT('Ctrl Pts',(4.4384314017329,-7.5,9.15457582314731));
#6324=CARTESIAN_POINT('Ctrl Pts',(3.81522760995211,-7.5,9.25491241027592));
#6325=CARTESIAN_POINT('Ctrl Pts',(2.7625262388241,-7.5,9.39337678596587));
#6326=CARTESIAN_POINT('Ctrl Pts',(1.26100148617559,-7.5,9.49367890969614));
#6327=CARTESIAN_POINT('Ctrl Pts',(0.401632008286965,-7.5,9.50000000000031));
#6328=CARTESIAN_POINT('Ctrl Pts',(0.,-7.5,9.50000000000031));
#6329=CARTESIAN_POINT('Ctrl Pts',(4.4384314017329,-7.94879895051283,9.15457582314731));
#6330=CARTESIAN_POINT('Ctrl Pts',(3.81513520539029,-7.94879895051283,9.25492728752553));
#6331=CARTESIAN_POINT('Ctrl Pts',(2.76270156066274,-7.94879895051283,9.39337800861895));
#6332=CARTESIAN_POINT('Ctrl Pts',(1.26089782234632,-7.94879895051283,9.49369973599551));
#6333=CARTESIAN_POINT('Ctrl Pts',(0.401632008286965,-7.94879895051283,9.50000000000031));
#6334=CARTESIAN_POINT('Ctrl Pts',(0.,-7.94879895051283,9.50000000000031));
#6335=CARTESIAN_POINT('Ctrl Pts',(4.37866040842223,-8.7262681881206,8.78333029112653));
#6336=CARTESIAN_POINT('Ctrl Pts',(3.76261479527598,-8.7262681881206,8.88251440257428));
#6337=CARTESIAN_POINT('Ctrl Pts',(2.72390088172893,-8.72626818812059,9.01908871937778));
#6338=CARTESIAN_POINT('Ctrl Pts',(1.24708925291847,-8.7262681881206,9.11768423440929));
#6339=CARTESIAN_POINT('Ctrl Pts',(0.401632008286965,-8.72626818812059,9.12397364894663));
#6340=CARTESIAN_POINT('Ctrl Pts',(0.,-8.72626818812059,9.12397364894663));
#6341=CARTESIAN_POINT('Ctrl Pts',(4.25350388144225,-9.,8.0059665755353));
#6342=CARTESIAN_POINT('Ctrl Pts',(3.65235490295847,-9.,8.10275231023784));
#6343=CARTESIAN_POINT('Ctrl Pts',(2.6431967082256,-9.,8.23535535549847));
#6344=CARTESIAN_POINT('Ctrl Pts',(1.21785460690089,-9.,8.33039688756909));
#6345=CARTESIAN_POINT('Ctrl Pts',(0.401632008286965,-9.,8.33659921288493));
#6346=CARTESIAN_POINT('Ctrl Pts',(0.,-9.,8.33659921288493));
#6347=CARTESIAN_POINT('Ctrl Pts',(4.20000000001126,-9.,7.67364690295126));
#6348=CARTESIAN_POINT('Ctrl Pts',(3.60521154366268,-9.,7.76940858566339));
#6349=CARTESIAN_POINT('Ctrl Pts',(2.60871067637781,-9.,7.9003127876629));
#6350=CARTESIAN_POINT('Ctrl Pts',(1.2053482534362,-9.,7.99383664617362));
#6351=CARTESIAN_POINT('Ctrl Pts',(0.401632008286965,-9.,8.00000000000031));
#6352=CARTESIAN_POINT('Ctrl Pts',(0.,-9.,8.00000000000031));
#6353=CARTESIAN_POINT('Ctrl Pts',(0.,-9.,8.00000000000031));
#6354=CARTESIAN_POINT('Ctrl Pts',(0.401632008286965,-9.,8.00000000000031));
#6355=CARTESIAN_POINT('Ctrl Pts',(1.2053482534362,-9.,7.99383664617362));
#6356=CARTESIAN_POINT('Ctrl Pts',(2.60871067637781,-9.,7.9003127876629));
#6357=CARTESIAN_POINT('Ctrl Pts',(3.60521154366268,-9.,7.76940858566339));
#6358=CARTESIAN_POINT('Ctrl Pts',(4.20000000001126,-9.,7.67364690295126));
#6359=CARTESIAN_POINT('Origin',(4.20000000001126,-7.5,7.67364690295126));
#6360=CARTESIAN_POINT('Ctrl Pts',(4.20000000001148,-9.,7.67364690295126));
#6361=CARTESIAN_POINT('Ctrl Pts',(5.78304561021042,-8.99999999999977,7.42362827797815));
#6362=CARTESIAN_POINT('Ctrl Pts',(7.34835516582935,-8.94711579418097,7.06213754531981));
#6363=CARTESIAN_POINT('Ctrl Pts',(8.87958515411431,-8.86797155441487,6.65212720523192));
#6364=CARTESIAN_POINT('Ctrl Pts',(4.27133850858613,-8.99999999999999,8.11673979972998));
#6365=CARTESIAN_POINT('Ctrl Pts',(5.87662989866041,-8.99852165117792,7.86221024845256));
#6366=CARTESIAN_POINT('Ctrl Pts',(7.45454193951328,-8.94282790668138,7.49544766277457));
#6367=CARTESIAN_POINT('Ctrl Pts',(8.99542488307824,-8.86198417998144,7.08169125268387));
#6368=CARTESIAN_POINT('Ctrl Pts',(4.39491144876668,-8.62390482246496,8.88426764860271));
#6369=CARTESIAN_POINT('Ctrl Pts',(6.03056913333265,-8.62162440149419,8.62210661258379));
#6370=CARTESIAN_POINT('Ctrl Pts',(7.62328051685702,-8.56436514293498,8.24610914406114));
#6371=CARTESIAN_POINT('Ctrl Pts',(9.17709068249022,-8.48280567809361,7.82604338670802));
#6372=CARTESIAN_POINT('Ctrl Pts',(4.43843140173295,-7.83659921288462,9.15457582314731));
#6373=CARTESIAN_POINT('Ctrl Pts',(6.07215072007438,-7.83592196398827,8.89153268144777));
#6374=CARTESIAN_POINT('Ctrl Pts',(7.65683032067195,-7.78259164417985,8.51608999636846));
#6375=CARTESIAN_POINT('Ctrl Pts',(9.20973496451787,-7.70326861503768,8.09578849943741));
#6376=CARTESIAN_POINT('Ctrl Pts',(4.4384314017329,-7.5,9.15457582314731));
#6377=CARTESIAN_POINT('Ctrl Pts',(6.06551804731166,-7.49999999999977,8.89261284549371));
#6378=CARTESIAN_POINT('Ctrl Pts',(7.64363190078296,-7.44834760362186,8.51924482405126));
#6379=CARTESIAN_POINT('Ctrl Pts',(9.19368157947262,-7.36997118573393,8.10012915082));
#6380=CARTESIAN_POINT('Ctrl Pts',(4.2,-9.,-6.81250389955448));
#6381=CARTESIAN_POINT('Ctrl Pts',(4.13336634814498,-9.,-6.85112737568914));
#6382=CARTESIAN_POINT('Ctrl Pts',(4.06669979273728,-9.,-6.88969408698375));
#6383=CARTESIAN_POINT('Ctrl Pts',(4.,-9.,-6.92820323027551));
#6384=CARTESIAN_POINT('Ctrl Pts',(4.42506571261612,-9.,-7.20078977746664));
#6385=CARTESIAN_POINT('Ctrl Pts',(4.35821062740012,-9.,-7.23954160505578));
#6386=CARTESIAN_POINT('Ctrl Pts',(4.29132383725842,-9.,-7.27823572419421));
#6387=CARTESIAN_POINT('Ctrl Pts',(4.22439947525642,-9.,-7.31687452261141));
#6388=CARTESIAN_POINT('Ctrl Pts',(4.81495994510237,-8.62398674024653,-7.87343965644676));
#6389=CARTESIAN_POINT('Ctrl Pts',(4.74772453566399,-8.62398674024653,-7.91241193486094));
#6390=CARTESIAN_POINT('Ctrl Pts',(4.68044961889742,-8.62398674024653,-7.95133058871564));
#6391=CARTESIAN_POINT('Ctrl Pts',(4.61313954658237,-8.62398674024653,-7.9901920770859));
#6392=CARTESIAN_POINT('Ctrl Pts',(4.95222673435047,-7.83659921288462,-8.11025385240689));
#6393=CARTESIAN_POINT('Ctrl Pts',(4.88485571892558,-7.83659921288462,-8.14930473336555));
#6394=CARTESIAN_POINT('Ctrl Pts',(4.81744759873181,-7.83659921288462,-8.18830044666817));
#6395=CARTESIAN_POINT('Ctrl Pts',(4.75,-7.83659921288462,-8.22724133595217));
#6396=CARTESIAN_POINT('Ctrl Pts',(4.95222673435047,-7.5,-8.11025385240689));
#6397=CARTESIAN_POINT('Ctrl Pts',(4.88485628484449,-7.5,-8.14930440533677));
#6398=CARTESIAN_POINT('Ctrl Pts',(4.81744702479844,-7.5,-8.18830077802875));
#6399=CARTESIAN_POINT('Ctrl Pts',(4.75,-7.5,-8.22724133595217));
#6400=CARTESIAN_POINT('Ctrl Pts',(4.75,-7.5,-8.22724133595217));
#6401=CARTESIAN_POINT('Ctrl Pts',(4.81744702479844,-7.5,-8.18830077802875));
#6402=CARTESIAN_POINT('Ctrl Pts',(4.88485628484449,-7.5,-8.14930440533677));
#6403=CARTESIAN_POINT('Ctrl Pts',(4.95222673435047,-7.5,-8.11025385240689));
#6404=CARTESIAN_POINT('Ctrl Pts',(4.2,-9.,-6.81250389955448));
#6405=CARTESIAN_POINT('Ctrl Pts',(4.13336634814498,-9.,-6.85112737568914));
#6406=CARTESIAN_POINT('Ctrl Pts',(4.06669979273728,-9.,-6.88969408698375));
#6407=CARTESIAN_POINT('Ctrl Pts',(4.,-9.,-6.92820323027551));
#6408=CARTESIAN_POINT('Origin',(-1.5824077439656,0.,4.1000000000089));
#6409=CARTESIAN_POINT('',(-1.5824077439656,-4.15,4.1000000000089));
#6410=CARTESIAN_POINT('',(-2.06615403259848,-4.15,4.10000000001152));
#6411=CARTESIAN_POINT('',(-1.5824077439656,-7.8,4.1000000000089));
#6412=CARTESIAN_POINT('',(-1.5824077439656,0.,4.1000000000089));
#6413=CARTESIAN_POINT('',(-1.3500000000094,-7.8,4.10000000000763));
#6414=CARTESIAN_POINT('Origin',(-2.70000000002109,-9.,2.35189645536593E-11));
#6415=CARTESIAN_POINT('Ctrl Pts',(8.87958515408756,8.86797155441625,6.65212720523908));
#6416=CARTESIAN_POINT('Ctrl Pts',(7.34835516581114,8.94711579418164,7.06213754532397));
#6417=CARTESIAN_POINT('Ctrl Pts',(5.7830456102012,8.99999999999977,7.42362827797961));
#6418=CARTESIAN_POINT('Ctrl Pts',(4.20000000001148,9.,7.67364690295126));
#6419=CARTESIAN_POINT('Ctrl Pts',(8.99542488305133,8.86198417998285,7.0816912526911));
#6420=CARTESIAN_POINT('Ctrl Pts',(7.45454193949492,8.94282790668208,7.49544766277879));
#6421=CARTESIAN_POINT('Ctrl Pts',(5.87662989865105,8.99852165117792,7.86221024845404));
#6422=CARTESIAN_POINT('Ctrl Pts',(4.27133850858613,8.99999999999999,8.11673979972998));
#6423=CARTESIAN_POINT('Ctrl Pts',(9.17709068246307,8.48280567809503,7.82604338671535));
#6424=CARTESIAN_POINT('Ctrl Pts',(7.62328051683848,8.5643651429357,8.24610914406546));
#6425=CARTESIAN_POINT('Ctrl Pts',(6.03056913332312,8.62162440149421,8.62210661258532));
#6426=CARTESIAN_POINT('Ctrl Pts',(4.39491144876668,8.62390482246495,8.88426764860272));
#6427=CARTESIAN_POINT('Ctrl Pts',(9.20973496449075,7.70326861503906,8.09578849944475));
#6428=CARTESIAN_POINT('Ctrl Pts',(7.65683032065349,7.78259164418053,8.51608999637278));
#6429=CARTESIAN_POINT('Ctrl Pts',(6.07215072006485,7.83592196398828,8.8915326814493));
#6430=CARTESIAN_POINT('Ctrl Pts',(4.43843140173295,7.83659921288462,9.15457582314731));
#6431=CARTESIAN_POINT('Ctrl Pts',(9.19368157944554,7.3699711857353,8.10012915082732));
#6432=CARTESIAN_POINT('Ctrl Pts',(7.64363190076457,7.44834760362252,8.51924482405555));
#6433=CARTESIAN_POINT('Ctrl Pts',(6.06551804730217,7.49999999999977,8.89261284549524));
#6434=CARTESIAN_POINT('Ctrl Pts',(4.4384314017329,7.5,9.15457582314731));
#6435=CARTESIAN_POINT('',(6.34979385077268,8.97061156886902,7.26791336460049));
#6436=CARTESIAN_POINT('Ctrl Pts',(9.19368157944554,7.3699711857353,8.10012915082732));
#6437=CARTESIAN_POINT('Ctrl Pts',(8.95525243572716,7.63870070894606,8.16459765945718));
#6438=CARTESIAN_POINT('Ctrl Pts',(8.66981702458202,7.90150171399572,8.17275232506638));
#6439=CARTESIAN_POINT('Ctrl Pts',(7.95431570963742,8.40655068854743,8.08401113396137));
#6440=CARTESIAN_POINT('Ctrl Pts',(7.56521080992041,8.59760313488471,7.9801636907505));
#6441=CARTESIAN_POINT('Ctrl Pts',(7.00535910083508,8.81101405828955,7.78727941057718));
#6442=CARTESIAN_POINT('Ctrl Pts',(6.80255576919834,8.86862752389974,7.70194388080304));
#6443=CARTESIAN_POINT('Ctrl Pts',(6.57089198813131,8.92589114554984,7.57152615343307));
#6444=CARTESIAN_POINT('Ctrl Pts',(6.49291356948632,8.94270744431322,7.51907117615135));
#6445=CARTESIAN_POINT('Ctrl Pts',(6.41129603432596,8.95907736684367,7.43317952556706));
#6446=CARTESIAN_POINT('Ctrl Pts',(6.38834478259917,8.96345797813327,7.40282478997143));
#6447=CARTESIAN_POINT('Ctrl Pts',(6.36514420550977,8.9677958108468,7.35308714641716));
#6448=CARTESIAN_POINT('Ctrl Pts',(6.35940389710431,8.96885255990134,7.33670826007561));
#6449=CARTESIAN_POINT('Ctrl Pts',(6.35167591274464,8.97026986731611,7.30262336954833));
#6450=CARTESIAN_POINT('Ctrl Pts',(6.34979385077344,8.97061156886897,7.28539621341381));
#6451=CARTESIAN_POINT('Ctrl Pts',(6.34979385077344,8.97061156886897,7.26791336460015));
#6452=CARTESIAN_POINT('',(4.20000000000574,9.,7.67364690295126));
#6453=CARTESIAN_POINT('Ctrl Pts',(6.34994015290761,8.96961818963717,7.26871429946362));
#6454=CARTESIAN_POINT('Ctrl Pts',(5.63799957752839,8.98903483697438,7.42284240746425));
#6455=CARTESIAN_POINT('Ctrl Pts',(4.92083851100172,8.9999999999999,7.55980112858801));
#6456=CARTESIAN_POINT('Ctrl Pts',(4.20000000001148,9.,7.67364690295126));
#6457=CARTESIAN_POINT('Origin',(4.20000000001126,7.5,7.67364690295126));
#6458=CARTESIAN_POINT('Ctrl Pts',(0.,7.5,9.50000000000031));
#6459=CARTESIAN_POINT('Ctrl Pts',(0.602448012430058,7.5,9.50000000000031));
#6460=CARTESIAN_POINT('Ctrl Pts',(2.13047029017731,7.5,9.47137658370018));
#6461=CARTESIAN_POINT('Ctrl Pts',(3.60749301268953,7.5,9.28835793931909));
#6462=CARTESIAN_POINT('Ctrl Pts',(4.43843140173008,7.5,9.15457582314777));
#6463=CARTESIAN_POINT('Ctrl Pts',(0.,7.94879895051283,9.50000000000031));
#6464=CARTESIAN_POINT('Ctrl Pts',(0.602448012430058,7.94879895051283,9.50000000000031));
#6465=CARTESIAN_POINT('Ctrl Pts',(2.13058697250842,7.94879895051282,9.47138921374863));
#6466=CARTESIAN_POINT('Ctrl Pts',(3.60736980660711,7.94879895051283,9.28837777565191));
#6467=CARTESIAN_POINT('Ctrl Pts',(4.43843140173008,7.94879895051283,9.15457582314777));
#6468=CARTESIAN_POINT('Ctrl Pts',(0.,8.72626818812059,9.12397364894663));
#6469=CARTESIAN_POINT('Ctrl Pts',(0.602448012430058,8.72626818812059,9.12397364894663));
#6470=CARTESIAN_POINT('Ctrl Pts',(2.10004525027018,8.72626818812059,9.09582871511392));
#6471=CARTESIAN_POINT('Ctrl Pts',(3.55726625755829,8.72626818812059,8.91557577305715));
#6472=CARTESIAN_POINT('Ctrl Pts',(4.37866040841944,8.72626818812059,8.78333029112697));
#6473=CARTESIAN_POINT('Ctrl Pts',(0.,9.,8.33659921288493));
#6474=CARTESIAN_POINT('Ctrl Pts',(0.602448012430058,9.,8.33659921288493));
#6475=CARTESIAN_POINT('Ctrl Pts',(2.03645354219931,8.99999999999999,8.30946878106013));
#6476=CARTESIAN_POINT('Ctrl Pts',(3.45197191012833,9.,8.13501422180564));
#6477=CARTESIAN_POINT('Ctrl Pts',(4.25350388143953,9.,8.00596657553574));
#6478=CARTESIAN_POINT('Ctrl Pts',(0.,9.,8.00000000000031));
#6479=CARTESIAN_POINT('Ctrl Pts',(0.602448012430058,9.,8.00000000000031));
#6480=CARTESIAN_POINT('Ctrl Pts',(2.00927811367451,8.99999999999999,7.97330431941339));
#6481=CARTESIAN_POINT('Ctrl Pts',(3.40694872487762,9.,7.80132914656772));
#6482=CARTESIAN_POINT('Ctrl Pts',(4.20000000000857,9.,7.67364690295169));
#6483=CARTESIAN_POINT('',(0.,9.,8.00000000000031));
#6484=CARTESIAN_POINT('Ctrl Pts',(4.20000000000857,9.,7.67364690295169));
#6485=CARTESIAN_POINT('Ctrl Pts',(3.40694872487762,9.,7.80132914656772));
#6486=CARTESIAN_POINT('Ctrl Pts',(2.00927811367451,8.99999999999999,7.97330431941339));
#6487=CARTESIAN_POINT('Ctrl Pts',(0.602448012430058,9.,8.00000000000031));
#6488=CARTESIAN_POINT('Ctrl Pts',(0.,9.,8.00000000000031));
#6489=CARTESIAN_POINT('Origin',(0.,7.5,8.00000000000031));
#6490=CARTESIAN_POINT('Origin',(0.,7.5,0.));
#6491=CARTESIAN_POINT('',(4.,9.,-6.92820323027551));
#6492=CARTESIAN_POINT('Origin',(0.,9.,0.));
#6493=CARTESIAN_POINT('Origin',(4.,7.5,-6.92820323027551));
#6494=CARTESIAN_POINT('Origin',(0.,7.8,0.));
#6495=CARTESIAN_POINT('Ctrl Pts',(4.2,9.,-6.81250389955448));
#6496=CARTESIAN_POINT('Ctrl Pts',(5.64306699444563,9.,-5.9919749030276));
#6497=CARTESIAN_POINT('Ctrl Pts',(7.06492837850544,8.95732469149147,-5.13230951054133));
#6498=CARTESIAN_POINT('Ctrl Pts',(8.49211051517065,8.8874811486192,-4.306610501295));
#6499=CARTESIAN_POINT('Ctrl Pts',(4.42506571261612,9.,-7.20078977746664));
#6500=CARTESIAN_POINT('Ctrl Pts',(5.8715805295443,8.99574837161584,-6.37521235276644));
#6501=CARTESIAN_POINT('Ctrl Pts',(7.29841353890473,8.94839901567361,-5.50887465138797));
#6502=CARTESIAN_POINT('Ctrl Pts',(8.71477739544783,8.87658426068925,-4.68797445574265));
#6503=CARTESIAN_POINT('Ctrl Pts',(4.814945699336,8.62395263794682,-7.87341507949171));
#6504=CARTESIAN_POINT('Ctrl Pts',(6.26038649177605,8.61739430585166,-7.03945975594344));
#6505=CARTESIAN_POINT('Ctrl Pts',(7.68914156381004,8.56714686892312,-6.16154059477281));
#6506=CARTESIAN_POINT('Ctrl Pts',(9.0829695398576,8.49448770265121,-5.34902401662729));
#6507=CARTESIAN_POINT('Ctrl Pts',(4.95222673435047,7.83659921288462,-8.11025385240689));
#6508=CARTESIAN_POINT('Ctrl Pts',(6.38806420827247,7.83465149216586,-7.27794582675347));
#6509=CARTESIAN_POINT('Ctrl Pts',(7.80862720626321,7.79040466385149,-6.40133464494405));
#6510=CARTESIAN_POINT('Ctrl Pts',(9.18853173261327,7.72028700506188,-5.59412550982572));
#6511=CARTESIAN_POINT('Ctrl Pts',(4.95222673435047,7.5,-8.11025385240689));
#6512=CARTESIAN_POINT('Ctrl Pts',(6.38346526751546,7.5,-7.28065190519596));
#6513=CARTESIAN_POINT('Ctrl Pts',(7.79955423024532,7.4583161957797,-6.40704971879461));
#6514=CARTESIAN_POINT('Ctrl Pts',(9.17646568815395,7.38927412991091,-5.60118738061251));
#6515=CARTESIAN_POINT('',(4.95222673435047,7.5,-8.11025385240689));
#6516=CARTESIAN_POINT('Ctrl Pts',(9.17646568815395,7.38927412991091,-5.60118738061251));
#6517=CARTESIAN_POINT('Ctrl Pts',(7.79955423024532,7.4583161957797,-6.40704971879461));
#6518=CARTESIAN_POINT('Ctrl Pts',(6.38346526751546,7.5,-7.28065190519596));
#6519=CARTESIAN_POINT('Ctrl Pts',(4.95222673435047,7.5,-8.11025385240689));
#6520=CARTESIAN_POINT('',(4.2,9.,-6.81250389955448));
#6521=CARTESIAN_POINT('Origin',(4.2,7.5,-6.81250389955448));
#6522=CARTESIAN_POINT('Ctrl Pts',(4.2,9.,-6.81250389955448));
#6523=CARTESIAN_POINT('Ctrl Pts',(4.92013961412225,9.,-6.4030319642879));
#6524=CARTESIAN_POINT('Ctrl Pts',(5.63499828872519,8.98937235386764,-5.98381369603185));
#6525=CARTESIAN_POINT('Ctrl Pts',(6.3478726395814,8.97004423364791,-5.56393408600835));
#6526=CARTESIAN_POINT('Ctrl Pts',(4.,9.,-6.92820323027551));
#6527=CARTESIAN_POINT('Ctrl Pts',(4.06669946292211,9.,-6.88969427740263));
#6528=CARTESIAN_POINT('Ctrl Pts',(4.13336610381696,9.,-6.85112751731124));
#6529=CARTESIAN_POINT('Ctrl Pts',(4.2,9.,-6.81250389955448));
#6530=CARTESIAN_POINT('Ctrl Pts',(4.22439947525642,9.,-7.31687452261141));
#6531=CARTESIAN_POINT('Ctrl Pts',(4.29132350633281,9.,-7.2782359152542));
#6532=CARTESIAN_POINT('Ctrl Pts',(4.35821038226017,9.,-7.2395417471485));
#6533=CARTESIAN_POINT('Ctrl Pts',(4.42506571261612,9.,-7.20078977746664));
#6534=CARTESIAN_POINT('Ctrl Pts',(4.61313954658237,8.62398674024653,-7.9901920770859));
#6535=CARTESIAN_POINT('Ctrl Pts',(4.68044928606456,8.62398674024653,-7.95133078087678));
#6536=CARTESIAN_POINT('Ctrl Pts',(4.74772428912949,8.62398674024653,-7.912412077762));
#6537=CARTESIAN_POINT('Ctrl Pts',(4.81495994510237,8.62398674024653,-7.87343965644676));
#6538=CARTESIAN_POINT('Ctrl Pts',(4.75,7.83659921288462,-8.22724133595217));
#6539=CARTESIAN_POINT('Ctrl Pts',(4.81744726521891,7.83659921288462,-8.18830063922193));
#6540=CARTESIAN_POINT('Ctrl Pts',(4.88485547189385,7.83659921288462,-8.14930487655482));
#6541=CARTESIAN_POINT('Ctrl Pts',(4.95222673435047,7.83659921288462,-8.11025385240689));
#6542=CARTESIAN_POINT('Ctrl Pts',(4.75,7.5,-8.22724133595217));
#6543=CARTESIAN_POINT('Ctrl Pts',(4.81744669128838,7.5,-8.18830097058087));
#6544=CARTESIAN_POINT('Ctrl Pts',(4.88485603781483,7.5,-8.14930454852484));
#6545=CARTESIAN_POINT('Ctrl Pts',(4.95222673435047,7.5,-8.11025385240689));
#6546=CARTESIAN_POINT('Ctrl Pts',(4.95222673435047,7.5,-8.11025385240689));
#6547=CARTESIAN_POINT('Ctrl Pts',(4.88485603781483,7.5,-8.14930454852484));
#6548=CARTESIAN_POINT('Ctrl Pts',(4.81744669128838,7.5,-8.18830097058087));
#6549=CARTESIAN_POINT('Ctrl Pts',(4.75,7.5,-8.22724133595217));
#6550=CARTESIAN_POINT('Ctrl Pts',(4.,9.,-6.92820323027551));
#6551=CARTESIAN_POINT('Ctrl Pts',(4.06669946292211,9.,-6.88969427740263));
#6552=CARTESIAN_POINT('Ctrl Pts',(4.13336610381696,9.,-6.85112751731124));
#6553=CARTESIAN_POINT('Ctrl Pts',(4.2,9.,-6.81250389955448));
#6554=CARTESIAN_POINT('Origin',(-2.70000000002109,7.8,2.35189645536593E-11));
#6555=CARTESIAN_POINT('',(-1.47627063918696,7.8,-3.82500000000019));
#6556=CARTESIAN_POINT('',(-0.913159486772252,7.8,-2.36598557481444));
#6557=CARTESIAN_POINT('',(-0.900621212890138,7.8,-3.9998601764269));
#6558=CARTESIAN_POINT('Origin',(-4.21862697971305E-11,7.8,3.04501038332474E-13));
#6559=CARTESIAN_POINT('',(-0.49861749901431,7.8,-2.95827324459666));
#6560=CARTESIAN_POINT('',(0.0581842748560783,7.8,-1.51560634559773));
#6561=CARTESIAN_POINT('',(-0.498617499014536,7.8,2.95827324459727));
#6562=CARTESIAN_POINT('Origin',(-4.21862697971305E-11,7.8,3.04501038332474E-13));
#6563=CARTESIAN_POINT('',(-0.900621212890592,7.8,3.99986017642745));
#6564=CARTESIAN_POINT('',(0.157202427474037,7.8,1.25905146756928));
#6565=CARTESIAN_POINT('',(-1.47627063918792,7.8,3.82499999999981));
#6566=CARTESIAN_POINT('Origin',(-4.21862697971305E-11,7.8,3.04501038332474E-13));
#6567=CARTESIAN_POINT('',(-0.71512318152873,7.8,1.85287581873623));
#6568=CARTESIAN_POINT('Ctrl Pts',(18.75,-9.,-3.35));
#6569=CARTESIAN_POINT('Ctrl Pts',(18.75,9.,-3.35));
#6570=CARTESIAN_POINT('Ctrl Pts',(11.75,-9.,-3.35));
#6571=CARTESIAN_POINT('Ctrl Pts',(11.75,9.,-3.35));
#6572=CARTESIAN_POINT('Ctrl Pts',(11.75,-9.,-4.18578945162479));
#6573=CARTESIAN_POINT('Ctrl Pts',(11.75,9.,-4.18578945162479));
#6574=CARTESIAN_POINT('Ctrl Pts',(4.75,-9.,-8.22724133595217));
#6575=CARTESIAN_POINT('Ctrl Pts',(4.75,9.,-8.22724133595217));
#6576=CARTESIAN_POINT('',(6.66973987741537,-4.15,-7.099215708227));
#6577=CARTESIAN_POINT('Ctrl Pts',(4.75,-4.15,-8.22724133595217));
#6578=CARTESIAN_POINT('Ctrl Pts',(5.4564040357061,-4.15,-7.81939877578061));
#6579=CARTESIAN_POINT('Ctrl Pts',(6.09152140546049,-4.15,-7.44420207089392));
#6580=CARTESIAN_POINT('Ctrl Pts',(6.66973987741186,-4.15,-7.0992157082211));
#6581=CARTESIAN_POINT('',(8.42729873902447,-2.65,-6.04515288588492));
#6582=CARTESIAN_POINT('Ctrl Pts',(8.42729873902447,-2.64999999999725,-6.04515288588492));
#6583=CARTESIAN_POINT('Ctrl Pts',(8.42729873902449,-2.65711894069078,-6.04515288588491));
#6584=CARTESIAN_POINT('Ctrl Pts',(8.42723938372324,-2.66424438882372,-6.04518837800244));
#6585=CARTESIAN_POINT('Ctrl Pts',(8.4247738481868,-2.8119521712424,-6.0466626768225));
#6586=CARTESIAN_POINT('Ctrl Pts',(8.3993511672435,-2.94918224551536,-6.06185920964662));
#6587=CARTESIAN_POINT('Ctrl Pts',(8.29462566899493,-3.24836924333446,-6.12454964499828));
#6588=CARTESIAN_POINT('Ctrl Pts',(8.20393219988256,-3.39930279402046,-6.1788944827895));
#6589=CARTESIAN_POINT('Ctrl Pts',(7.94777394743887,-3.7013741964127,-6.33265712819685));
#6590=CARTESIAN_POINT('Ctrl Pts',(7.76132273941455,-3.84458217795971,-6.4447686764731));
#6591=CARTESIAN_POINT('Ctrl Pts',(7.2791281684055,-4.08115114904894,-6.73453012655492));
#6592=CARTESIAN_POINT('Ctrl Pts',(6.97706540465567,-4.15000000000392,-6.91585401892306));
#6593=CARTESIAN_POINT('Ctrl Pts',(6.66973987740291,-4.15,-7.09921570822644));
#6594=CARTESIAN_POINT('',(8.42729873902447,2.65,-6.04515288588492));
#6595=CARTESIAN_POINT('Ctrl Pts',(8.42729873902447,-2.65,-6.04515288588492));
#6596=CARTESIAN_POINT('Ctrl Pts',(8.42729873902447,-0.88333333333334,-6.04515288588492));
#6597=CARTESIAN_POINT('Ctrl Pts',(8.42729873902447,0.883333333333322,-6.04515288588492));
#6598=CARTESIAN_POINT('Ctrl Pts',(8.42729873902447,2.64999999999998,-6.04515288588492));
#6599=CARTESIAN_POINT('',(6.66973987741537,4.15,-7.09921570822699));
#6600=CARTESIAN_POINT('Ctrl Pts',(6.66973987740291,4.15,-7.09921570822645));
#6601=CARTESIAN_POINT('Ctrl Pts',(6.84784371392367,4.15000000000227,-6.99295242242721));
#6602=CARTESIAN_POINT('Ctrl Pts',(7.02671550574552,4.12686009556812,-6.88586555934692));
#6603=CARTESIAN_POINT('Ctrl Pts',(7.37492280333984,4.0328089628534,-6.67699486776448));
#6604=CARTESIAN_POINT('Ctrl Pts',(7.54617071427628,3.96081711803989,-6.57406653517599));
#6605=CARTESIAN_POINT('Ctrl Pts',(7.86088349940734,3.76526141058921,-6.38490300030727));
#6606=CARTESIAN_POINT('Ctrl Pts',(8.00619022461807,3.64122285617019,-6.29757607763703));
#6607=CARTESIAN_POINT('Ctrl Pts',(8.23152049989712,3.35659180492093,-6.16235271501147));
#6608=CARTESIAN_POINT('Ctrl Pts',(8.31628134810113,3.20340573063851,-6.11158042407167));
#6609=CARTESIAN_POINT('Ctrl Pts',(8.40719495819737,2.90988800621177,-6.05716964837987));
#6610=CARTESIAN_POINT('Ctrl Pts',(8.42729873902419,2.78104655894214,-6.04515288588508));
#6611=CARTESIAN_POINT('Ctrl Pts',(8.42729873902447,2.65000000000275,-6.04515288588492));
#6612=CARTESIAN_POINT('Ctrl Pts',(6.66973987741186,4.15,-7.0992157082211));
#6613=CARTESIAN_POINT('Ctrl Pts',(6.0915214054605,4.15,-7.44420207089391));
#6614=CARTESIAN_POINT('Ctrl Pts',(5.4564040357061,4.15,-7.81939877578061));
#6615=CARTESIAN_POINT('Ctrl Pts',(4.75,4.15,-8.22724133595217));
#6616=CARTESIAN_POINT('',(10.2364681691767,-2.5941811358419,-5.00103256458287));
#6617=CARTESIAN_POINT('Ctrl Pts',(10.2364681691721,2.59418113582695,-5.00103256458534));
#6618=CARTESIAN_POINT('Ctrl Pts',(10.0985659356307,2.14161634049203,-5.07562767848743));
#6619=CARTESIAN_POINT('Ctrl Pts',(9.99643243755112,1.67723495730609,-5.13242098135836));
#6620=CARTESIAN_POINT('Ctrl Pts',(9.86404576332603,0.707680106958255,-5.20623502701641));
#6621=CARTESIAN_POINT('Ctrl Pts',(9.83822405953489,0.206302081759461,-5.22083581472139));
#6622=CARTESIAN_POINT('Ctrl Pts',(9.88101125709304,-1.08068495676134,-5.19682232797505));
#6623=CARTESIAN_POINT('Ctrl Pts',(10.0102133494071,-1.85166258793808,-5.12342002429381));
#6624=CARTESIAN_POINT('Ctrl Pts',(10.2364681691769,-2.59418113584271,-5.00103256458274));
#6625=CARTESIAN_POINT('Ctrl Pts',(10.2364681691767,-2.5941811358419,-5.00103256458287));
#6626=CARTESIAN_POINT('Ctrl Pts',(10.2422403738073,-2.61312424169432,-4.9979102202174));
#6627=CARTESIAN_POINT('Ctrl Pts',(10.2479060230359,-2.63212127314239,-4.99484852851298));
#6628=CARTESIAN_POINT('Ctrl Pts',(10.3754675924979,-3.06933473609812,-4.92597841692877));
#6629=CARTESIAN_POINT('Ctrl Pts',(10.4430285925933,-3.50447058743667,-4.89063822902321));
#6630=CARTESIAN_POINT('Ctrl Pts',(10.4616085389112,-4.37333629526034,-4.88084648004528));
#6631=CARTESIAN_POINT('Ctrl Pts',(10.4154877211161,-4.80036130355376,-4.90488235701914));
#6632=CARTESIAN_POINT('Ctrl Pts',(10.1882127696378,-5.75091463038449,-5.02669661632434));
#6633=CARTESIAN_POINT('Ctrl Pts',(9.97460845037878,-6.25264626052426,-5.14287464266089));
#6634=CARTESIAN_POINT('Ctrl Pts',(9.53736543503326,-6.95112453893287,-5.39137557122459));
#6635=CARTESIAN_POINT('Ctrl Pts',(9.36447407631185,-7.17956824841236,-5.49115207049262));
#6636=CARTESIAN_POINT('Ctrl Pts',(9.17646568818132,-7.38927412990953,-5.60118738059649));
#6637=CARTESIAN_POINT('Origin',(18.75,0.,-3.35));
#6638=CARTESIAN_POINT('',(10.2364681691767,-2.5941811358419,-3.35));
#6639=CARTESIAN_POINT('Origin',(5.45358511815184,-4.05158626833574,-3.35));
#6640=CARTESIAN_POINT('Origin',(18.75,0.,-3.35));
#6641=CARTESIAN_POINT('Ctrl Pts',(18.75,-3.5,-3.35));
#6642=CARTESIAN_POINT('Ctrl Pts',(18.4574704345752,-3.5,-3.35));
#6643=CARTESIAN_POINT('Ctrl Pts',(18.1661035232972,-3.46332622893275,-3.35147484980546));
#6644=CARTESIAN_POINT('Ctrl Pts',(17.5575756248321,-3.30768116775119,-3.35871881929683));
#6645=CARTESIAN_POINT('Ctrl Pts',(17.2461463838349,-3.17820623448765,-3.36509819823779));
#6646=CARTESIAN_POINT('Ctrl Pts',(16.5604674709281,-2.76948943957707,-3.38598788564906));
#6647=CARTESIAN_POINT('Ctrl Pts',(16.2139886929715,-2.45612975376725,-3.40266631274287));
#6648=CARTESIAN_POINT('Ctrl Pts',(15.6698499434292,-1.72225061451102,-3.4361330296261));
#6649=CARTESIAN_POINT('Ctrl Pts',(15.4736849156353,-1.31127232238941,-3.45223843909116));
#6650=CARTESIAN_POINT('Ctrl Pts',(15.2667028365287,-0.508924725891843,-3.47005936539788));
#6651=CARTESIAN_POINT('Ctrl Pts',(15.232139468224,-0.130761654574713,-3.47342294385298));
#6652=CARTESIAN_POINT('Ctrl Pts',(15.2866215558304,0.643355011814484,-3.46845879975505));
#6653=CARTESIAN_POINT('Ctrl Pts',(15.3823092197596,1.03313437681544,-3.45954049818213));
#6654=CARTESIAN_POINT('Ctrl Pts',(15.7247865363663,1.8189576913739,-3.43291063850568));
#6655=CARTESIAN_POINT('Ctrl Pts',(15.9890195967048,2.19943132204831,-3.41472612212997));
#6656=CARTESIAN_POINT('Ctrl Pts',(16.6340751274604,2.82214588738854,-3.38356533532457));
#6657=CARTESIAN_POINT('Ctrl Pts',(17.0033500150836,3.06448056714262,-3.37078178413467));
#6658=CARTESIAN_POINT('Ctrl Pts',(17.833231999875,3.40905911571014,-3.35374841448958));
#6659=CARTESIAN_POINT('Ctrl Pts',(18.2893403006748,3.5,-3.35));
#6660=CARTESIAN_POINT('Ctrl Pts',(18.75,3.5,-3.35));
#6661=CARTESIAN_POINT('Ctrl Pts',(18.75,-9.,-3.35));
#6662=CARTESIAN_POINT('Ctrl Pts',(18.75,9.,-3.35));
#6663=CARTESIAN_POINT('Ctrl Pts',(11.75,-9.,-3.35));
#6664=CARTESIAN_POINT('Ctrl Pts',(11.75,9.,-3.35));
#6665=CARTESIAN_POINT('Ctrl Pts',(11.75,-9.,-4.18578945162479));
#6666=CARTESIAN_POINT('Ctrl Pts',(11.75,9.,-4.18578945162479));
#6667=CARTESIAN_POINT('Ctrl Pts',(4.75,-9.,-8.22724133595217));
#6668=CARTESIAN_POINT('Ctrl Pts',(4.75,9.,-8.22724133595217));
#6669=CARTESIAN_POINT('',(18.6141000633178,1.89513355920126,-3.35010703728089));
#6670=CARTESIAN_POINT('Ctrl Pts',(18.75,1.9,-3.35));
#6671=CARTESIAN_POINT('Ctrl Pts',(18.704628737561,1.9,-3.35));
#6672=CARTESIAN_POINT('Ctrl Pts',(18.6592998814519,1.8983748359926,-3.35003515183819));
#6673=CARTESIAN_POINT('Ctrl Pts',(18.6141000633178,1.89513355920098,-3.35010703728089));
#6674=CARTESIAN_POINT('',(16.0588991736615,1.21306430662345,-3.41247260349605));
#6675=CARTESIAN_POINT('Ctrl Pts',(16.0588991736615,1.21306430662345,-3.41247260349605));
#6676=CARTESIAN_POINT('Ctrl Pts',(16.0510919979998,1.30773160054194,-3.4129183553237));
#6677=CARTESIAN_POINT('Ctrl Pts',(16.0537711248002,1.40316945862026,-3.4126748027666));
#6678=CARTESIAN_POINT('Ctrl Pts',(16.0662206752432,1.49728108751256,-3.41188296226426));
#6679=CARTESIAN_POINT('Ctrl Pts',(16.0747332071291,1.56163106106703,-3.41134153166758));
#6680=CARTESIAN_POINT('Ctrl Pts',(16.0878125719974,1.6253609710664,-3.41054383102791));
#6681=CARTESIAN_POINT('Ctrl Pts',(16.1052173792027,1.6878069242686,-3.409535416142));
#6682=CARTESIAN_POINT('Ctrl Pts',(16.1285309156916,1.77145255109969,-3.40818465615016));
#6683=CARTESIAN_POINT('Ctrl Pts',(16.1596348735931,1.85292231528769,-3.40645394720213));
#6684=CARTESIAN_POINT('Ctrl Pts',(16.1980699556085,1.93070605428007,-3.40444660630503));
#6685=CARTESIAN_POINT('Ctrl Pts',(16.2338865856545,2.00319065056553,-3.40257601874498));
#6686=CARTESIAN_POINT('Ctrl Pts',(16.2760704056054,2.07247508328048,-3.40046511398895));
#6687=CARTESIAN_POINT('Ctrl Pts',(16.3242771923096,2.13729775074008,-3.3981974952958));
#6688=CARTESIAN_POINT('Ctrl Pts',(16.3278014533978,2.14203675161908,-3.39803171614166));
#6689=CARTESIAN_POINT('Ctrl Pts',(16.3313579147105,2.14675188452789,-3.39786509974063));
#6690=CARTESIAN_POINT('Ctrl Pts',(16.3349464460542,2.15144264598718,-3.3976976789482));
#6691=CARTESIAN_POINT('Ctrl Pts',(16.34998018945,2.17109405692857,-3.39699628860451));
#6692=CARTESIAN_POINT('Ctrl Pts',(16.3655640542687,2.1903114100775,-3.39628137929789));
#6693=CARTESIAN_POINT('Ctrl Pts',(16.3816857590654,2.20905654002375,-3.39555543746194));
#6694=CARTESIAN_POINT('Ctrl Pts',(16.4364117750723,2.27268791737652,-3.39309118786581));
#6695=CARTESIAN_POINT('Ctrl Pts',(16.4973391084544,2.33087653509273,-3.39049968874548));
#6696=CARTESIAN_POINT('Ctrl Pts',(16.5631050816054,2.38290085005891,-3.38787299310091));
#6697=CARTESIAN_POINT('Ctrl Pts',(16.6150235071215,2.42397103258927,-3.38579936907252));
#6698=CARTESIAN_POINT('Ctrl Pts',(16.6699562271421,2.46119938729679,-3.38370387516286));
#6699=CARTESIAN_POINT('Ctrl Pts',(16.7272134580589,2.49424334745183,-3.38163219352561));
#6700=CARTESIAN_POINT('Ctrl Pts',(16.7938916726619,2.53272429092859,-3.37921964177301));
#6701=CARTESIAN_POINT('Ctrl Pts',(16.8638133773598,2.56562422327673,-3.37683593120224));
#6702=CARTESIAN_POINT('Ctrl Pts',(16.9360136911713,2.59238114702118,-3.37454997302194));
#6703=CARTESIAN_POINT('Ctrl Pts',(17.0069287866515,2.61866177797586,-3.37230470656724));
#6704=CARTESIAN_POINT('Ctrl Pts',(17.0800430630104,2.63901538922146,-3.3701538020896));
#6705=CARTESIAN_POINT('Ctrl Pts',(17.1544089463357,2.65287215584752,-3.36816416163336));
#6706=CARTESIAN_POINT('Ctrl Pts',(17.1796483021847,2.65757506325819,-3.36748888903198));
#6707=CARTESIAN_POINT('Ctrl Pts',(17.2050314799313,2.66152934036189,-3.36683220127227));
#6708=CARTESIAN_POINT('Ctrl Pts',(17.2305202719272,2.6647119682446,-3.36619672897423));
#6709=CARTESIAN_POINT('Ctrl Pts',(17.2582738820273,2.6681773899627,-3.36550479149866));
#6710=CARTESIAN_POINT('Ctrl Pts',(17.286128841724,2.67078624444278,-3.36483873791401));
#6711=CARTESIAN_POINT('Ctrl Pts',(17.3140415669609,2.67250479426299,-3.36420183061054));
#6712=CARTESIAN_POINT('Ctrl Pts',(17.3738593812266,2.67618769849679,-3.36283691899906));
#6713=CARTESIAN_POINT('Ctrl Pts',(17.4339459030999,2.67578182145979,-3.36160577907616));
#6714=CARTESIAN_POINT('Ctrl Pts',(17.4937735262328,2.67134892880198,-3.36049438038675));
#6715=CARTESIAN_POINT('Ctrl Pts',(17.553607802817,2.6669155431606,-3.35938285809829));
#6716=CARTESIAN_POINT('Ctrl Pts',(17.6131829122937,2.65845299405295,-3.35839109153251));
#6717=CARTESIAN_POINT('Ctrl Pts',(17.6719199797482,2.64603159454932,-3.35750632727498));
#6718=CARTESIAN_POINT('Ctrl Pts',(17.6854819790978,2.64316357577872,-3.35730204107539));
#6719=CARTESIAN_POINT('Ctrl Pts',(17.6989990964101,2.64008458401683,-3.35710346411165));
#6720=CARTESIAN_POINT('Ctrl Pts',(17.7124638488324,2.63679565532177,-3.35691044566694));
#6721=CARTESIAN_POINT('Ctrl Pts',(17.7831234198973,2.61953620014829,-3.35589753432008));
#6722=CARTESIAN_POINT('Ctrl Pts',(17.8524275751125,2.59648392698479,-3.3550364870416));
#6723=CARTESIAN_POINT('Ctrl Pts',(17.9194243724678,2.56799051024537,-3.35430428957686));
#6724=CARTESIAN_POINT('Ctrl Pts',(17.9757361860112,2.54404136589841,-3.35368886662026));
#6725=CARTESIAN_POINT('Ctrl Pts',(18.0304191564985,2.51624848328469,-3.35316442224107));
#6726=CARTESIAN_POINT('Ctrl Pts',(18.0829322929151,2.48480554087441,-3.35271721709588));
#6727=CARTESIAN_POINT('Ctrl Pts',(18.108593481688,2.46944056106514,-3.3524986848117));
#6728=CARTESIAN_POINT('Ctrl Pts',(18.1337368275813,2.45320370524581,-3.35229859953027));
#6729=CARTESIAN_POINT('Ctrl Pts',(18.1583231142821,2.43614516943508,-3.35211528996101));
#6730=CARTESIAN_POINT('Ctrl Pts',(18.2497294234769,2.37272535262004,-3.35143378602468));
#6731=CARTESIAN_POINT('Ctrl Pts',(18.3331811193805,2.29782218848969,-3.35098595067918));
#6732=CARTESIAN_POINT('Ctrl Pts',(18.4064300954099,2.21394425710418,-3.3506856936883));
#6733=CARTESIAN_POINT('Ctrl Pts',(18.447623061105,2.16677389463029,-3.3505168384142));
#6734=CARTESIAN_POINT('Ctrl Pts',(18.485589624321,2.11676421560325,-3.35039466719779));
#6735=CARTESIAN_POINT('Ctrl Pts',(18.5199296103805,2.06435414481016,-3.35030394594273));
#6736=CARTESIAN_POINT('Ctrl Pts',(18.5553264632867,2.01033107201523,-3.35021043259898));
#6737=CARTESIAN_POINT('Ctrl Pts',(18.5868730819953,1.9537479195525,-3.35015033886232));
#6738=CARTESIAN_POINT('Ctrl Pts',(18.6141000633179,1.8951335592013,-3.35010703728089));
#6739=CARTESIAN_POINT('',(16.0588991736615,-1.21306430662345,-3.41247260349605));
#6740=CARTESIAN_POINT('Ctrl Pts',(16.0588991736615,-1.21306430662345,-3.41247260349605));
#6741=CARTESIAN_POINT('Ctrl Pts',(15.8779924677186,-0.834186842796498,-3.42280149813118));
#6742=CARTESIAN_POINT('Ctrl Pts',(15.6873537907759,-4.16156417436519E-8,
-3.43648710107793));
#6743=CARTESIAN_POINT('Ctrl Pts',(15.8779925167308,0.834186945443845,-3.42280149533282));
#6744=CARTESIAN_POINT('Ctrl Pts',(16.0588991736615,1.21306430662346,-3.41247260349605));
#6745=CARTESIAN_POINT('',(18.6141000633178,-1.89513355920126,-3.35010703728089));
#6746=CARTESIAN_POINT('Ctrl Pts',(18.6141000633179,-1.89513355920131,-3.35010703728089));
#6747=CARTESIAN_POINT('Ctrl Pts',(18.5868730820059,-1.95374791952965,-3.3501503388623));
#6748=CARTESIAN_POINT('Ctrl Pts',(18.5553264633098,-2.01033107197362,-3.35021043259894));
#6749=CARTESIAN_POINT('Ctrl Pts',(18.5199296104203,-2.0643541447494,-3.35030394594263));
#6750=CARTESIAN_POINT('Ctrl Pts',(18.4588665428187,-2.15754928148232,-3.35046526569739));
#6751=CARTESIAN_POINT('Ctrl Pts',(18.386336920765,-2.24315740062404,-3.35072599859728));
#6752=CARTESIAN_POINT('Ctrl Pts',(18.3045885339201,-2.31869934846686,-3.35117191597321));
#6753=CARTESIAN_POINT('Ctrl Pts',(18.2586157633336,-2.36118180924528,-3.35142268614759));
#6754=CARTESIAN_POINT('Ctrl Pts',(18.2097272031519,-2.40047982063496,-3.35173203316819));
#6755=CARTESIAN_POINT('Ctrl Pts',(18.1583231143288,-2.43614516940267,-3.35211528996066));
#6756=CARTESIAN_POINT('Ctrl Pts',(18.1337368276133,-2.45320370522513,-3.35229859953002));
#6757=CARTESIAN_POINT('Ctrl Pts',(18.1085934817044,-2.46944056105533,-3.35249868481156));
#6758=CARTESIAN_POINT('Ctrl Pts',(18.0829322929152,-2.48480554087443,-3.35271721709588));
#6759=CARTESIAN_POINT('Ctrl Pts',(18.0204549592834,-2.52221467956591,-3.35324927796606));
#6760=CARTESIAN_POINT('Ctrl Pts',(17.9549052509145,-2.55445800598733,-3.35389066464024));
#6761=CARTESIAN_POINT('Ctrl Pts',(17.8871974361512,-2.58120661660773,-3.35466453535821));
#6762=CARTESIAN_POINT('Ctrl Pts',(17.8302880019348,-2.60368922517815,-3.35531498530805));
#6763=CARTESIAN_POINT('Ctrl Pts',(17.7718542786096,-2.62228882425572,-3.3560590784805));
#6764=CARTESIAN_POINT('Ctrl Pts',(17.7124638488805,-2.63679565531003,-3.35691044566625));
#6765=CARTESIAN_POINT('Ctrl Pts',(17.6541672182111,-2.6510353127096,-3.35774613314347));
#6766=CARTESIAN_POINT('Ctrl Pts',(17.5948926900384,-2.66133782370289,-3.35868595494206));
#6767=CARTESIAN_POINT('Ctrl Pts',(17.5352297087566,-2.66762837014145,-3.35974240988643));
#6768=CARTESIAN_POINT('Ctrl Pts',(17.4755337820768,-2.67392239016702,-3.36079944819635));
#6769=CARTESIAN_POINT('Ctrl Pts',(17.4154492787165,-2.67620123764438,-3.36197322508203));
#6770=CARTESIAN_POINT('Ctrl Pts',(17.3555163823159,-2.67440279674129,-3.36327752301901));
#6771=CARTESIAN_POINT('Ctrl Pts',(17.3416815015527,-2.6739876455147,-3.36357860652276));
#6772=CARTESIAN_POINT('Ctrl Pts',(17.3278544800318,-2.67335523717296,-3.36388665016354));
#6773=CARTESIAN_POINT('Ctrl Pts',(17.3140415669609,-2.67250479426303,-3.36420183061054));
#6774=CARTESIAN_POINT('Ctrl Pts',(17.286128841738,-2.67078624444371,-3.36483873791369));
#6775=CARTESIAN_POINT('Ctrl Pts',(17.2582738820553,-2.66817738996542,-3.36550479149799));
#6776=CARTESIAN_POINT('Ctrl Pts',(17.2305202719694,-2.66471196825002,-3.36619672897318));
#6777=CARTESIAN_POINT('Ctrl Pts',(17.155546716956,-2.65535048393069,-3.36806592769009));
#6778=CARTESIAN_POINT('Ctrl Pts',(17.0814902863793,-2.63931465667946,-3.37011865384138));
#6779=CARTESIAN_POINT('Ctrl Pts',(17.0093082247831,-2.61718154994275,-3.37228806999063));
#6780=CARTESIAN_POINT('Ctrl Pts',(16.9357606960655,-2.59462975151348,-3.37449852495697));
#6781=CARTESIAN_POINT('Ctrl Pts',(16.8641582436132,-2.56574866731418,-3.3768300355814));
#6782=CARTESIAN_POINT('Ctrl Pts',(16.7954730624938,-2.53111316060276,-3.3792132221938));
#6783=CARTESIAN_POINT('Ctrl Pts',(16.7723782185373,-2.51946724790634,-3.38001454967137));
#6784=CARTESIAN_POINT('Ctrl Pts',(16.7496129276144,-2.5071703990677,-3.38082173571935));
#6785=CARTESIAN_POINT('Ctrl Pts',(16.7272134580877,-2.49424334746842,-3.38163219352457));
#6786=CARTESIAN_POINT('Ctrl Pts',(16.6546847276344,-2.45238598830725,-3.38425642869355));
#6787=CARTESIAN_POINT('Ctrl Pts',(16.5858870980608,-2.40381335286629,-3.38691886070591));
#6788=CARTESIAN_POINT('Ctrl Pts',(16.5222183829936,-2.34922544956341,-3.38952667741953));
#6789=CARTESIAN_POINT('Ctrl Pts',(16.4719556205714,-2.30613146200693,-3.39158539765253));
#6790=CARTESIAN_POINT('Ctrl Pts',(16.424888778356,-2.25928982619828,-3.39361005516287));
#6791=CARTESIAN_POINT('Ctrl Pts',(16.3816857590654,-2.20905654002378,-3.39555543746194));
#6792=CARTESIAN_POINT('Ctrl Pts',(16.3655640542738,-2.19031141008353,-3.39628137929766));
#6793=CARTESIAN_POINT('Ctrl Pts',(16.34998018946,-2.17109405694099,-3.39699628860405));
#6794=CARTESIAN_POINT('Ctrl Pts',(16.3349464460688,-2.15144264600638,-3.39769767894752));
#6795=CARTESIAN_POINT('Ctrl Pts',(16.2858605351113,-2.08727982359915,-3.39998775288653));
#6796=CARTESIAN_POINT('Ctrl Pts',(16.2427732799435,-2.01856113132949,-3.4021272531114));
#6797=CARTESIAN_POINT('Ctrl Pts',(16.2060272941677,-1.94655162504115,-3.40403252637025));
#6798=CARTESIAN_POINT('Ctrl Pts',(16.1674339853792,-1.8709220003838,-3.40603358302045));
#6799=CARTESIAN_POINT('Ctrl Pts',(16.1358346797951,-1.79166144524256,-3.4077763680385));
#6800=CARTESIAN_POINT('Ctrl Pts',(16.1116569981711,-1.71018870492968,-3.40916408161389));
#6801=CARTESIAN_POINT('Ctrl Pts',(16.1094483877113,-1.70274624004651,-3.40929084805765));
#6802=CARTESIAN_POINT('Ctrl Pts',(16.1073017340248,-1.69528529056933,-3.40941465097607));
#6803=CARTESIAN_POINT('Ctrl Pts',(16.1052173792051,-1.68780692427732,-3.40953541614186));
#6804=CARTESIAN_POINT('Ctrl Pts',(16.0797629050605,-1.59647992005193,-3.41101021964514));
#6805=CARTESIAN_POINT('Ctrl Pts',(16.0635620618336,-1.50240528594608,-3.41203427088534));
#6806=CARTESIAN_POINT('Ctrl Pts',(16.0573629885033,-1.4076647048765,-3.41246526408761));
#6807=CARTESIAN_POINT('Ctrl Pts',(16.0531242964231,-1.34288467578769,-3.41275996095208));
#6808=CARTESIAN_POINT('Ctrl Pts',(16.0535609220379,-1.27779422399136,-3.41277739174737));
#6809=CARTESIAN_POINT('Ctrl Pts',(16.0588991736615,-1.21306430662345,-3.41247260349605));
#6810=CARTESIAN_POINT('Ctrl Pts',(18.6141000633178,-1.89513355920098,-3.35010703728089));
#6811=CARTESIAN_POINT('Ctrl Pts',(18.6592671984907,-1.89837249229903,-3.35003520381692));
#6812=CARTESIAN_POINT('Ctrl Pts',(18.704595642233,-1.9,-3.35));
#6813=CARTESIAN_POINT('Ctrl Pts',(18.75,-1.9,-3.35));
#6814=CARTESIAN_POINT('Origin',(5.45358511815184,4.0515862683066,5.35));
#6815=CARTESIAN_POINT('',(6.34979385077349,8.97061156886896,5.35));
#6816=CARTESIAN_POINT('Ctrl Pts',(4.2,9.,-8.52115015710907));
#6817=CARTESIAN_POINT('Ctrl Pts',(4.2,9.,9.19205542285965));
#6818=CARTESIAN_POINT('Ctrl Pts',(9.375,9.,-8.52115015710907));
#6819=CARTESIAN_POINT('Ctrl Pts',(9.375,9.,9.19205542285965));
#6820=CARTESIAN_POINT('Ctrl Pts',(12.5,8.49000000000009,-8.52115015710907));
#6821=CARTESIAN_POINT('Ctrl Pts',(12.5,8.49000000000009,9.19205542285965));
#6822=CARTESIAN_POINT('Ctrl Pts',(18.75,8.49000000000009,-8.52115015710907));
#6823=CARTESIAN_POINT('Ctrl Pts',(18.75,8.49000000000009,9.19205542285965));
#6824=CARTESIAN_POINT('',(4.2,9.,1.));
#6825=CARTESIAN_POINT('',(18.75,8.49,1.4));
#6826=CARTESIAN_POINT('',(18.75,8.49,3.175));
#6827=CARTESIAN_POINT('',(15.2741055700227,8.54492085018942,1.4));
#6828=CARTESIAN_POINT('Ctrl Pts',(18.75,8.49000000000009,1.4));
#6829=CARTESIAN_POINT('Ctrl Pts',(17.4761597485042,8.49000000000009,1.4));
#6830=CARTESIAN_POINT('Ctrl Pts',(16.3321330159148,8.51118556628563,1.4));
#6831=CARTESIAN_POINT('Ctrl Pts',(15.2741055700229,8.54492085018942,1.4));
#6832=CARTESIAN_POINT('',(15.2741055700227,8.54492085018942,0.6));
#6833=CARTESIAN_POINT('Ctrl Pts',(15.2741055700227,8.54492085018942,1.4));
#6834=CARTESIAN_POINT('Ctrl Pts',(15.2741055700227,8.54492085018942,1.13333333333333));
#6835=CARTESIAN_POINT('Ctrl Pts',(15.2741055700227,8.54492085018942,0.866666666666667));
#6836=CARTESIAN_POINT('Ctrl Pts',(15.2741055700227,8.54492085018942,0.6));
#6837=CARTESIAN_POINT('',(18.75,8.49,0.6));
#6838=CARTESIAN_POINT('Ctrl Pts',(15.2741055700229,8.54492085018942,0.599999999999997));
#6839=CARTESIAN_POINT('Ctrl Pts',(16.3321330159148,8.51118556628563,0.599999999999997));
#6840=CARTESIAN_POINT('Ctrl Pts',(17.4761597485042,8.49000000000009,0.599999999999997));
#6841=CARTESIAN_POINT('Ctrl Pts',(18.75,8.49000000000009,0.599999999999997));
#6842=CARTESIAN_POINT('',(18.75,8.49,3.175));
#6843=CARTESIAN_POINT('Ctrl Pts',(9.39211880259686,-1.57372118959613,-3.13019238991895));
#6844=CARTESIAN_POINT('Ctrl Pts',(9.39211880259686,-1.43576895899477,-3.13019238991895));
#6845=CARTESIAN_POINT('Ctrl Pts',(9.41703344846348,-1.14793981035931,-3.05628021153975));
#6846=CARTESIAN_POINT('Ctrl Pts',(9.48883597436172,-0.863001466371124,-2.82776180851179));
#6847=CARTESIAN_POINT('Ctrl Pts',(9.56728087124499,-0.681702541342682,-2.55036849164158));
#6848=CARTESIAN_POINT('Ctrl Pts',(9.62552940589373,-0.616956911835623,-2.31855465583091));
#6849=CARTESIAN_POINT('Ctrl Pts',(9.66148295346656,-0.606778425641072,-2.16083854962236));
#6850=CARTESIAN_POINT('Ctrl Pts',(9.73640913293486,-0.61515821595478,-1.82122997134516));
#6851=CARTESIAN_POINT('Ctrl Pts',(9.80150534821382,-0.866826511356498,-1.40493741943743));
#6852=CARTESIAN_POINT('Ctrl Pts',(9.82208985039118,-1.43859527225788,-1.23658296674418));
#6853=CARTESIAN_POINT('Ctrl Pts',(9.81457515610159,-1.74700208205241,-1.30054454863182));
#6854=CARTESIAN_POINT('Ctrl Pts',(9.79884721461554,-1.95293930968736,-1.41211751499451));
#6855=CARTESIAN_POINT('Ctrl Pts',(9.78420613165817,-2.09117694767794,-1.51141885465205));
#6856=CARTESIAN_POINT('Ctrl Pts',(9.75745391457607,-2.25181770963142,-1.68143934292622));
#6857=CARTESIAN_POINT('Ctrl Pts',(9.69785264657381,-2.40042546160378,-2.00056973292857));
#6858=CARTESIAN_POINT('Ctrl Pts',(9.61910776917802,-2.43564464660028,-2.35378135668543));
#6859=CARTESIAN_POINT('Ctrl Pts',(9.51143999832901,-2.3093068800232,-2.7562981621907));
#6860=CARTESIAN_POINT('Ctrl Pts',(9.41979192170902,-2.01465955303418,-3.04803165412856));
#6861=CARTESIAN_POINT('Ctrl Pts',(9.39211880259686,-1.71167342019749,-3.13019238991895));
#6862=CARTESIAN_POINT('Ctrl Pts',(9.39211880259686,-1.57372118959613,-3.13019238991895));
#6863=CARTESIAN_POINT('Ctrl Pts',(9.47735542511429,-1.57372118959613,-3.05106168613189));
#6864=CARTESIAN_POINT('Ctrl Pts',(9.47793778528338,-1.45258464507182,-3.05346915388014));
#6865=CARTESIAN_POINT('Ctrl Pts',(9.50102263329532,-1.19455816291494,-2.99603589921839));
#6866=CARTESIAN_POINT('Ctrl Pts',(9.56658995382092,-0.922643361626511,-2.79704250350746));
#6867=CARTESIAN_POINT('Ctrl Pts',(9.63819544081114,-0.74073607951313,-2.54321855272007));
#6868=CARTESIAN_POINT('Ctrl Pts',(9.69139357610218,-0.67041178207106,-2.32466615873406));
#6869=CARTESIAN_POINT('Ctrl Pts',(9.72440792346137,-0.655896908872653,-2.17415762177682));
#6870=CARTESIAN_POINT('Ctrl Pts',(9.79324005637243,-0.653712251064942,-1.84837290752164));
#6871=CARTESIAN_POINT('Ctrl Pts',(9.85559398896927,-0.893538324913151,-1.44325438695561));
#6872=CARTESIAN_POINT('Ctrl Pts',(9.8788235394315,-1.4418504056641,-1.2927113927709));
#6873=CARTESIAN_POINT('Ctrl Pts',(9.87222525725123,-1.73065856721229,-1.3630619684646));
#6874=CARTESIAN_POINT('Ctrl Pts',(9.85664032141155,-1.91981014759995,-1.47450594293427));
#6875=CARTESIAN_POINT('Ctrl Pts',(9.8420033151532,-2.04560049566303,-1.57207085396371));
#6876=CARTESIAN_POINT('Ctrl Pts',(9.81504593064796,-2.18920757259555,-1.73590927603314));
#6877=CARTESIAN_POINT('Ctrl Pts',(9.75596280052609,-2.31675870489704,-2.0357936600556));
#6878=CARTESIAN_POINT('Ctrl Pts',(9.67979922454442,-2.33957578889427,-2.36074743558471));
#6879=CARTESIAN_POINT('Ctrl Pts',(9.57979560070382,-2.21754356203853,-2.72162408687322));
#6880=CARTESIAN_POINT('Ctrl Pts',(9.49949063458541,-1.95625717584647,-2.97472117752694));
#6881=CARTESIAN_POINT('Ctrl Pts',(9.4767730649452,-1.69485773412045,-3.04865421838364));
#6882=CARTESIAN_POINT('Ctrl Pts',(9.47735542511429,-1.57372118959613,-3.05106168613189));
#6883=CARTESIAN_POINT('Ctrl Pts',(9.56259204763172,-1.57372118959613,-2.97193098234483));
#6884=CARTESIAN_POINT('Ctrl Pts',(9.56375676796991,-1.46940033114887,-2.97674591784133));
#6885=CARTESIAN_POINT('Ctrl Pts',(9.58501181812717,-1.24117651547056,-2.93579158689703));
#6886=CARTESIAN_POINT('Ctrl Pts',(9.64434393328011,-0.982285256881896,-2.76632319850313));
#6887=CARTESIAN_POINT('Ctrl Pts',(9.70911001037729,-0.799769617683577,-2.53606861379855));
#6888=CARTESIAN_POINT('Ctrl Pts',(9.75725774631063,-0.723866652306495,-2.33077766163721));
#6889=CARTESIAN_POINT('Ctrl Pts',(9.78733289345617,-0.705015392104233,-2.18747669393129));
#6890=CARTESIAN_POINT('Ctrl Pts',(9.85007097981,-0.692266286175104,-1.87551584369812));
#6891=CARTESIAN_POINT('Ctrl Pts',(9.90968262972472,-0.920250138469803,-1.48157135447379));
#6892=CARTESIAN_POINT('Ctrl Pts',(9.93555722847183,-1.44510553907033,-1.34883981879762));
#6893=CARTESIAN_POINT('Ctrl Pts',(9.92987535840088,-1.71431505237217,-1.42557938829737));
#6894=CARTESIAN_POINT('Ctrl Pts',(9.91443342820757,-1.88668098551255,-1.53689437087403));
#6895=CARTESIAN_POINT('Ctrl Pts',(9.89980049864823,-2.00002404364812,-1.63272285327538));
#6896=CARTESIAN_POINT('Ctrl Pts',(9.87263794671984,-2.12659743555969,-1.79037920914005));
#6897=CARTESIAN_POINT('Ctrl Pts',(9.81407295447837,-2.2330919481903,-2.07101758718263));
#6898=CARTESIAN_POINT('Ctrl Pts',(9.74049067991082,-2.24350693118826,-2.36771351448398));
#6899=CARTESIAN_POINT('Ctrl Pts',(9.64815120307862,-2.12578024405387,-2.68695001155574));
#6900=CARTESIAN_POINT('Ctrl Pts',(9.5791893474618,-1.89785479865876,-2.90141070092533));
#6901=CARTESIAN_POINT('Ctrl Pts',(9.56142732729354,-1.6780420480434,-2.96711604684833));
#6902=CARTESIAN_POINT('Ctrl Pts',(9.56259204763172,-1.57372118959613,-2.97193098234483));
#6903=CARTESIAN_POINT('Ctrl Pts',(9.64782867014915,-1.57372118959613,-2.89280027855777));
#6904=CARTESIAN_POINT('Ctrl Pts',(9.64957575065643,-1.48621601722591,-2.90002268180252));
#6905=CARTESIAN_POINT('Ctrl Pts',(9.66900100295902,-1.28779486802618,-2.87554727457566));
#6906=CARTESIAN_POINT('Ctrl Pts',(9.72209791273931,-1.04192715213728,-2.73560389349879));
#6907=CARTESIAN_POINT('Ctrl Pts',(9.78002457994345,-0.858803155854024,-2.52891867487704));
#6908=CARTESIAN_POINT('Ctrl Pts',(9.82312191651908,-0.777321522541932,-2.33688916454037));
#6909=CARTESIAN_POINT('Ctrl Pts',(9.85025786345098,-0.754133875335814,-2.20079576608576));
#6910=CARTESIAN_POINT('Ctrl Pts',(9.90690190324756,-0.730820321285267,-1.9026587798746));
#6911=CARTESIAN_POINT('Ctrl Pts',(9.96377127048017,-0.946961952026455,-1.51988832199198));
#6912=CARTESIAN_POINT('Ctrl Pts',(9.99229091751216,-1.44836067247656,-1.40496824482435));
#6913=CARTESIAN_POINT('Ctrl Pts',(9.98752545955053,-1.69797153753205,-1.48809680813014));
#6914=CARTESIAN_POINT('Ctrl Pts',(9.97222653500358,-1.85355182342514,-1.59928279881379));
#6915=CARTESIAN_POINT('Ctrl Pts',(9.95759768214326,-1.95444759163321,-1.69337485258704));
#6916=CARTESIAN_POINT('Ctrl Pts',(9.93022996279173,-2.06398729852382,-1.84484914224697));
#6917=CARTESIAN_POINT('Ctrl Pts',(9.87218310843065,-2.14942519148356,-2.10624151430967));
#6918=CARTESIAN_POINT('Ctrl Pts',(9.80118213527722,-2.14743807348225,-2.37467959338325));
#6919=CARTESIAN_POINT('Ctrl Pts',(9.71650680545343,-2.0340169260692,-2.65227593623826));
#6920=CARTESIAN_POINT('Ctrl Pts',(9.65888806033819,-1.83945242147104,-2.82810022432372));
#6921=CARTESIAN_POINT('Ctrl Pts',(9.64608158964188,-1.66122636196635,-2.88557787531302));
#6922=CARTESIAN_POINT('Ctrl Pts',(9.64782867014915,-1.57372118959613,-2.89280027855777));
#6923=CARTESIAN_POINT('',(9.39211880259686,-1.57372118959613,-3.13019238991895));
#6924=CARTESIAN_POINT('',(9.64782867014915,-1.57372118959613,-2.89280027855777));
#6925=CARTESIAN_POINT('',(9.39211880259686,-1.57372118959613,-3.13019238991895));
#6926=CARTESIAN_POINT('',(9.70689297812213,-1.11870323439465,-2.77212641438219));
#6927=CARTESIAN_POINT('Ctrl Pts',(9.64782867014915,-1.57372118959613,-2.89280027855777));
#6928=CARTESIAN_POINT('Ctrl Pts',(9.64957575065643,-1.48621601722591,-2.90002268180252));
#6929=CARTESIAN_POINT('Ctrl Pts',(9.66550746829346,-1.32347992129153,-2.87994905439654));
#6930=CARTESIAN_POINT('Ctrl Pts',(9.69434787902786,-1.17393340730576,-2.8078781821934));
#6931=CARTESIAN_POINT('Ctrl Pts',(9.70689297812212,-1.11870323439465,-2.77212641438219));
#6932=CARTESIAN_POINT('Ctrl Pts',(9.70689297812212,-1.11870323439465,-2.77212641438219));
#6933=CARTESIAN_POINT('Ctrl Pts',(9.71394010689798,-1.08767803978335,-2.75204308862788));
#6934=CARTESIAN_POINT('Ctrl Pts',(9.73693432205618,-0.995024702959171,-2.68266684997076));
#6935=CARTESIAN_POINT('Ctrl Pts',(9.78002457994345,-0.858803155854024,-2.52891867487704));
#6936=CARTESIAN_POINT('Ctrl Pts',(9.82312191651908,-0.777321522541932,-2.33688916454037));
#6937=CARTESIAN_POINT('Ctrl Pts',(9.85025786345098,-0.754133875335814,-2.20079576608576));
#6938=CARTESIAN_POINT('Ctrl Pts',(9.90690190324756,-0.730820321285267,-1.9026587798746));
#6939=CARTESIAN_POINT('Ctrl Pts',(9.96377127048017,-0.946961952026455,-1.51988832199198));
#6940=CARTESIAN_POINT('Ctrl Pts',(9.99229091751216,-1.44836067247656,-1.40496824482435));
#6941=CARTESIAN_POINT('Ctrl Pts',(9.98752545955053,-1.69797153753205,-1.48809680813014));
#6942=CARTESIAN_POINT('Ctrl Pts',(9.97222653500358,-1.85355182342514,-1.59928279881379));
#6943=CARTESIAN_POINT('Ctrl Pts',(9.95759768214326,-1.95444759163321,-1.69337485258704));
#6944=CARTESIAN_POINT('Ctrl Pts',(9.93022996279173,-2.06398729852382,-1.84484914224697));
#6945=CARTESIAN_POINT('Ctrl Pts',(9.87218310843065,-2.14942519148356,-2.10624151430967));
#6946=CARTESIAN_POINT('Ctrl Pts',(9.80118213527722,-2.14743807348225,-2.37467959338325));
#6947=CARTESIAN_POINT('Ctrl Pts',(9.71650680545343,-2.0340169260692,-2.65227593623826));
#6948=CARTESIAN_POINT('Ctrl Pts',(9.65888806033819,-1.83945242147104,-2.82810022432372));
#6949=CARTESIAN_POINT('Ctrl Pts',(9.64608158964188,-1.66122636196635,-2.88557787531302));
#6950=CARTESIAN_POINT('Ctrl Pts',(9.64782867014915,-1.57372118959613,-2.89280027855777));
#6951=CARTESIAN_POINT('Ctrl Pts',(9.39211880259686,-1.57372118959613,-3.13019238991895));
#6952=CARTESIAN_POINT('Ctrl Pts',(9.39211880259686,-1.71167342019749,-3.13019238991895));
#6953=CARTESIAN_POINT('Ctrl Pts',(9.41979192170902,-2.01465955303418,-3.04803165412856));
#6954=CARTESIAN_POINT('Ctrl Pts',(9.51143999832901,-2.3093068800232,-2.7562981621907));
#6955=CARTESIAN_POINT('Ctrl Pts',(9.61910776917802,-2.43564464660028,-2.35378135668543));
#6956=CARTESIAN_POINT('Ctrl Pts',(9.69785264657381,-2.40042546160378,-2.00056973292857));
#6957=CARTESIAN_POINT('Ctrl Pts',(9.75745391457607,-2.25181770963142,-1.68143934292622));
#6958=CARTESIAN_POINT('Ctrl Pts',(9.78420613165817,-2.09117694767794,-1.51141885465205));
#6959=CARTESIAN_POINT('Ctrl Pts',(9.79884721461554,-1.95293930968736,-1.41211751499451));
#6960=CARTESIAN_POINT('Ctrl Pts',(9.81457515610159,-1.74700208205241,-1.30054454863182));
#6961=CARTESIAN_POINT('Ctrl Pts',(9.82208985039118,-1.43859527225788,-1.23658296674418));
#6962=CARTESIAN_POINT('Ctrl Pts',(9.80150534821382,-0.866826511356498,-1.40493741943743));
#6963=CARTESIAN_POINT('Ctrl Pts',(9.73640913293486,-0.61515821595478,-1.82122997134516));
#6964=CARTESIAN_POINT('Ctrl Pts',(9.66148295346656,-0.606778425641072,-2.16083854962236));
#6965=CARTESIAN_POINT('Ctrl Pts',(9.62552940589373,-0.616956911835623,-2.31855465583091));
#6966=CARTESIAN_POINT('Ctrl Pts',(9.56728087124499,-0.681702541342682,-2.55036849164158));
#6967=CARTESIAN_POINT('Ctrl Pts',(9.48883597436172,-0.863001466371124,-2.82776180851179));
#6968=CARTESIAN_POINT('Ctrl Pts',(9.41703344846348,-1.14793981035931,-3.05628021153975));
#6969=CARTESIAN_POINT('Ctrl Pts',(9.39211880259686,-1.43576895899477,-3.13019238991895));
#6970=CARTESIAN_POINT('Ctrl Pts',(9.39211880259686,-1.57372118959613,-3.13019238991895));
#6971=CARTESIAN_POINT('Origin',(0.,0.,0.));
#6972=CARTESIAN_POINT('',(9.57914401186244,-2.65,2.5));
#6973=CARTESIAN_POINT('Origin',(0.,-2.65,0.));
#6974=CARTESIAN_POINT('',(6.83440250823936,2.65,7.16246761635762));
#6975=CARTESIAN_POINT('',(6.83440250823936,0.,7.16246761635762));
#6976=CARTESIAN_POINT('',(9.57914401186244,2.65,2.5));
#6977=CARTESIAN_POINT('Origin',(0.,2.65,0.));
#6978=CARTESIAN_POINT('',(9.88736567544662,2.65,-0.5));
#6979=CARTESIAN_POINT('Origin',(0.,2.65,0.));
#6980=CARTESIAN_POINT('',(8.71322725555603,2.65,-4.69996497785202));
#6981=CARTESIAN_POINT('Origin',(0.,2.65,0.));
#6982=CARTESIAN_POINT('',(8.71322725555603,-2.65,-4.69996497785202));
#6983=CARTESIAN_POINT('',(8.71322725555603,0.,-4.69996497785202));
#6984=CARTESIAN_POINT('',(9.88736567544662,-2.65,-0.5));
#6985=CARTESIAN_POINT('Origin',(0.,-2.65,0.));
#6986=CARTESIAN_POINT('Origin',(0.,-2.65,0.));
#6987=CARTESIAN_POINT('',(9.30753093292755,-1.47756316775165,3.37340598395699));
#6988=CARTESIAN_POINT('Ctrl Pts',(9.30753093292755,-1.47756316775165,3.37340598395699));
#6989=CARTESIAN_POINT('Ctrl Pts',(9.30753093292755,-1.59654253630251,3.37340598395699));
#6990=CARTESIAN_POINT('Ctrl Pts',(9.28902697357783,-1.84263468328532,3.42525626181566));
#6991=CARTESIAN_POINT('Ctrl Pts',(9.239331970371,-2.04176097335654,3.55699000950398));
#6992=CARTESIAN_POINT('Ctrl Pts',(9.17657615305395,-2.2227786073681,3.7163866617023));
#6993=CARTESIAN_POINT('Ctrl Pts',(9.1312306301345,-2.30959070839685,3.82743808824431));
#6994=CARTESIAN_POINT('Ctrl Pts',(9.02769877317718,-2.43684147216835,4.06567835400345));
#6995=CARTESIAN_POINT('Ctrl Pts',(8.96937438332887,-2.47752159260144,4.19284884629291));
#6996=CARTESIAN_POINT('Ctrl Pts',(8.85322898368019,-2.51551592799927,4.43290149986849));
#6997=CARTESIAN_POINT('Ctrl Pts',(8.78606424545142,-2.51549740297676,4.56490614268553));
#6998=CARTESIAN_POINT('Ctrl Pts',(8.64882080451129,-2.4612517563256,4.81987515114362));
#6999=CARTESIAN_POINT('Ctrl Pts',(8.5784712473318,-2.40743404438525,4.94339615955768));
#7000=CARTESIAN_POINT('Ctrl Pts',(8.468922920738,-2.26028880375576,5.12819939835464));
#7001=CARTESIAN_POINT('Ctrl Pts',(8.37311491624726,-2.08099046748421,5.28340402122641));
#7002=CARTESIAN_POINT('Ctrl Pts',(8.33586330211463,-1.82329123126457,5.34064414813658));
#7003=CARTESIAN_POINT('Ctrl Pts',(8.33604518519552,-1.55820332070232,5.34040060109351));
#7004=CARTESIAN_POINT('Ctrl Pts',(8.3593483033789,-1.41777213028177,5.30425505518958));
#7005=CARTESIAN_POINT('Ctrl Pts',(8.43032640628524,-1.17456536241219,5.19078326460387));
#7006=CARTESIAN_POINT('Ctrl Pts',(8.47771305432567,-1.0702954729721,5.11342995388339));
#7007=CARTESIAN_POINT('Ctrl Pts',(8.57736494956234,-0.897749031476212,4.94463257168348));
#7008=CARTESIAN_POINT('Ctrl Pts',(8.63857297784995,-0.818673390554328,4.83763794972691));
#7009=CARTESIAN_POINT('Ctrl Pts',(8.76487057106659,-0.701713158592117,4.60491033351938));
#7010=CARTESIAN_POINT('Ctrl Pts',(8.83001706046685,-0.663893086147792,4.47884207121384));
#7011=CARTESIAN_POINT('Ctrl Pts',(8.94291045376247,-0.636669801417623,4.24850967179243));
#7012=CARTESIAN_POINT('Ctrl Pts',(8.99971731322427,-0.640450394451285,4.12714419168169));
#7013=CARTESIAN_POINT('Ctrl Pts',(9.1054969712041,-0.700215613939686,3.88823218604731));
#7014=CARTESIAN_POINT('Ctrl Pts',(9.15454413402735,-0.756841087951091,3.77056066091587));
#7015=CARTESIAN_POINT('Ctrl Pts',(9.22833631315866,-0.908356630820954,3.58585212265742));
#7016=CARTESIAN_POINT('Ctrl Pts',(9.28872671834071,-1.10425809500283,3.42633083972608));
#7017=CARTESIAN_POINT('Ctrl Pts',(9.30753093292755,-1.35895488417332,3.37340598395699));
#7018=CARTESIAN_POINT('Ctrl Pts',(9.30753093292755,-1.47756316775165,3.37340598395699));
#7019=CARTESIAN_POINT('',(9.83745902001919,1.53349356208015,1.1110355662368));
#7020=CARTESIAN_POINT('Ctrl Pts',(9.83745902001919,1.53349356208015,1.1110355662368));
#7021=CARTESIAN_POINT('Ctrl Pts',(9.83745902001919,1.40142480101685,1.1110355662368));
#7022=CARTESIAN_POINT('Ctrl Pts',(9.83030419598847,1.11340825101481,1.17818851714653));
#7023=CARTESIAN_POINT('Ctrl Pts',(9.8001352050006,0.851249126968982,1.41155873219891));
#7024=CARTESIAN_POINT('Ctrl Pts',(9.76105893975209,0.719803398146978,1.65747980924634));
#7025=CARTESIAN_POINT('Ctrl Pts',(9.71188017346618,0.654650565246468,1.93001892011105));
#7026=CARTESIAN_POINT('Ctrl Pts',(9.6571848699075,0.681412582269026,2.1865343700925));
#7027=CARTESIAN_POINT('Ctrl Pts',(9.58121660711328,0.82062489661348,2.49787643565408));
#7028=CARTESIAN_POINT('Ctrl Pts',(9.52854622793231,0.990710448825096,2.68897698278481));
#7029=CARTESIAN_POINT('Ctrl Pts',(9.47136314475157,1.30750260725113,2.88369567606734));
#7030=CARTESIAN_POINT('Ctrl Pts',(9.44915884650695,1.6481853075666,2.95363750820063));
#7031=CARTESIAN_POINT('Ctrl Pts',(9.47941380175373,1.99494996286936,2.85657841359955));
#7032=CARTESIAN_POINT('Ctrl Pts',(9.52082478342787,2.19977634744287,2.71524433924308));
#7033=CARTESIAN_POINT('Ctrl Pts',(9.57605032966653,2.37543963051364,2.51700258043273));
#7034=CARTESIAN_POINT('Ctrl Pts',(9.67562523277727,2.52200013363663,2.11917862463186));
#7035=CARTESIAN_POINT('Ctrl Pts',(9.74385893653825,2.44887012412363,1.76249333556732));
#7036=CARTESIAN_POINT('Ctrl Pts',(9.77934685405407,2.31712276910199,1.54164919019819));
#7037=CARTESIAN_POINT('Ctrl Pts',(9.78766768923671,2.277686773383,1.48747413279932));
#7038=CARTESIAN_POINT('Ctrl Pts',(9.8070318928395,2.17388104346506,1.35824045314822));
#7039=CARTESIAN_POINT('Ctrl Pts',(9.83032316976598,1.94867848221703,1.17713178393128));
#7040=CARTESIAN_POINT('Ctrl Pts',(9.83745902001919,1.66556232314345,1.1110355662368));
#7041=CARTESIAN_POINT('Ctrl Pts',(9.83745902001919,1.53349356208015,1.1110355662368));
#7042=CARTESIAN_POINT('',(9.85940942668504,1.04457339865805,-0.895570073748703));
#7043=CARTESIAN_POINT('Ctrl Pts',(9.85940942668504,1.04457339865805,-0.895570073748703));
#7044=CARTESIAN_POINT('Ctrl Pts',(9.85940942668504,0.916051450426044,-0.895570073748703));
#7045=CARTESIAN_POINT('Ctrl Pts',(9.86548706082957,0.639559311169579,-0.830625255775096));
#7046=CARTESIAN_POINT('Ctrl Pts',(9.8846967758108,0.323646598747947,-0.583626108281588));
#7047=CARTESIAN_POINT('Ctrl Pts',(9.90080228096749,0.137898335013985,-0.204356377499996));
#7048=CARTESIAN_POINT('Ctrl Pts',(9.90086767793425,0.136576366639082,0.128144991936498));
#7049=CARTESIAN_POINT('Ctrl Pts',(9.88980579035586,0.271670060593875,0.518655231854205));
#7050=CARTESIAN_POINT('Ctrl Pts',(9.85909163013104,0.665294529400344,0.910568887442113));
#7051=CARTESIAN_POINT('Ctrl Pts',(9.85767688907759,1.47956509343534,0.932487950984222));
#7052=CARTESIAN_POINT('Ctrl Pts',(9.91076447026499,2.03692830747237,0.225173195484258));
#7053=CARTESIAN_POINT('Ctrl Pts',(9.89237874477364,1.87285608006431,-0.484654882718546));
#7054=CARTESIAN_POINT('Ctrl Pts',(9.86522060879643,1.45063810263766,-0.832298340264008));
#7055=CARTESIAN_POINT('Ctrl Pts',(9.85940942668504,1.17309534689005,-0.895570073748703));
#7056=CARTESIAN_POINT('Ctrl Pts',(9.85940942668504,1.04457339865805,-0.895570073748703));
#7057=CARTESIAN_POINT('Origin',(8.09748832881669,-1.994256801777,-2.4949857411398));
#7058=CARTESIAN_POINT('',(14.45,0.296035627211706,-1.71353307047221));
#7059=CARTESIAN_POINT('',(8.09748832881669,-1.5970635518612,-3.13122221685985));
#7060=CARTESIAN_POINT('Origin',(14.45,3.98292510084275E-14,-1.25));
#7061=CARTESIAN_POINT('Ctrl Pts',(9.30753093292755,-1.47756316775165,3.37340598395699));
#7062=CARTESIAN_POINT('Ctrl Pts',(9.30753093292755,-1.35895488417332,3.37340598395699));
#7063=CARTESIAN_POINT('Ctrl Pts',(9.28872671834071,-1.10425809500283,3.42633083972608));
#7064=CARTESIAN_POINT('Ctrl Pts',(9.22833631315866,-0.908356630820954,3.58585212265742));
#7065=CARTESIAN_POINT('Ctrl Pts',(9.15454413402735,-0.756841087951091,3.77056066091587));
#7066=CARTESIAN_POINT('Ctrl Pts',(9.1054969712041,-0.700215613939686,3.88823218604731));
#7067=CARTESIAN_POINT('Ctrl Pts',(8.99971731322427,-0.640450394451285,4.12714419168169));
#7068=CARTESIAN_POINT('Ctrl Pts',(8.94291045376247,-0.636669801417623,4.24850967179243));
#7069=CARTESIAN_POINT('Ctrl Pts',(8.83001706046685,-0.663893086147792,4.47884207121384));
#7070=CARTESIAN_POINT('Ctrl Pts',(8.76487057106659,-0.701713158592117,4.60491033351938));
#7071=CARTESIAN_POINT('Ctrl Pts',(8.63857297784995,-0.818673390554328,4.83763794972691));
#7072=CARTESIAN_POINT('Ctrl Pts',(8.57736494956234,-0.897749031476212,4.94463257168348));
#7073=CARTESIAN_POINT('Ctrl Pts',(8.47771305432567,-1.0702954729721,5.11342995388339));
#7074=CARTESIAN_POINT('Ctrl Pts',(8.43032640628524,-1.17456536241219,5.19078326460387));
#7075=CARTESIAN_POINT('Ctrl Pts',(8.3593483033789,-1.41777213028177,5.30425505518958));
#7076=CARTESIAN_POINT('Ctrl Pts',(8.33604518519552,-1.55820332070232,5.34040060109351));
#7077=CARTESIAN_POINT('Ctrl Pts',(8.33586330211463,-1.82329123126457,5.34064414813658));
#7078=CARTESIAN_POINT('Ctrl Pts',(8.37311491624726,-2.08099046748421,5.28340402122641));
#7079=CARTESIAN_POINT('Ctrl Pts',(8.468922920738,-2.26028880375576,5.12819939835464));
#7080=CARTESIAN_POINT('Ctrl Pts',(8.5784712473318,-2.40743404438525,4.94339615955768));
#7081=CARTESIAN_POINT('Ctrl Pts',(8.64882080451129,-2.4612517563256,4.81987515114362));
#7082=CARTESIAN_POINT('Ctrl Pts',(8.78606424545142,-2.51549740297676,4.56490614268553));
#7083=CARTESIAN_POINT('Ctrl Pts',(8.85322898368019,-2.51551592799927,4.43290149986849));
#7084=CARTESIAN_POINT('Ctrl Pts',(8.96937438332887,-2.47752159260144,4.19284884629291));
#7085=CARTESIAN_POINT('Ctrl Pts',(9.02769877317718,-2.43684147216835,4.06567835400345));
#7086=CARTESIAN_POINT('Ctrl Pts',(9.1312306301345,-2.30959070839685,3.82743808824431));
#7087=CARTESIAN_POINT('Ctrl Pts',(9.17657615305395,-2.2227786073681,3.7163866617023));
#7088=CARTESIAN_POINT('Ctrl Pts',(9.239331970371,-2.04176097335654,3.55699000950398));
#7089=CARTESIAN_POINT('Ctrl Pts',(9.28902697357783,-1.84263468328532,3.42525626181566));
#7090=CARTESIAN_POINT('Ctrl Pts',(9.30753093292755,-1.59654253630251,3.37340598395699));
#7091=CARTESIAN_POINT('Ctrl Pts',(9.30753093292755,-1.47756316775165,3.37340598395699));
#7092=CARTESIAN_POINT('Ctrl Pts',(9.35007342769543,-1.47756316775165,3.42571009392316));
#7093=CARTESIAN_POINT('Ctrl Pts',(9.34965771293283,-1.36383250745955,3.42296778416394));
#7094=CARTESIAN_POINT('Ctrl Pts',(9.33041175644335,-1.11758111505873,3.47053963359721));
#7095=CARTESIAN_POINT('Ctrl Pts',(9.27214394913649,-0.929581718721967,3.62692974973375));
#7096=CARTESIAN_POINT('Ctrl Pts',(9.20168149619351,-0.786751079229204,3.80852633701292));
#7097=CARTESIAN_POINT('Ctrl Pts',(9.15512244553452,-0.735198943341249,3.92441086606111));
#7098=CARTESIAN_POINT('Ctrl Pts',(9.05508504059537,-0.685829828878779,4.15821657591982));
#7099=CARTESIAN_POINT('Ctrl Pts',(9.0014709343169,-0.687228400713685,4.27615558193866));
#7100=CARTESIAN_POINT('Ctrl Pts',(8.8950411698119,-0.723736101756327,4.4977736434351));
#7101=CARTESIAN_POINT('Ctrl Pts',(8.83367231384295,-0.766235786224459,4.61760535884327));
#7102=CARTESIAN_POINT('Ctrl Pts',(8.71499611030275,-0.88908573160041,4.8347315666199));
#7103=CARTESIAN_POINT('Ctrl Pts',(8.65765625882044,-0.969163092842415,4.93231229316579));
#7104=CARTESIAN_POINT('Ctrl Pts',(8.56503698555352,-1.13747404759077,5.08239132829091));
#7105=CARTESIAN_POINT('Ctrl Pts',(8.52137046856196,-1.23653629321328,5.14915395355967));
#7106=CARTESIAN_POINT('Ctrl Pts',(8.45718917411239,-1.45788098313627,5.24274936155488));
#7107=CARTESIAN_POINT('Ctrl Pts',(8.43653086902526,-1.58049326849738,5.27055837172036));
#7108=CARTESIAN_POINT('Ctrl Pts',(8.43600472154981,-1.80477065522991,5.26668322839051));
#7109=CARTESIAN_POINT('Ctrl Pts',(8.46604720390609,-2.01864070789738,5.21853641457827));
#7110=CARTESIAN_POINT('Ctrl Pts',(8.54856872250881,-2.17481208463072,5.08853650398449));
#7111=CARTESIAN_POINT('Ctrl Pts',(8.64678763794147,-2.30820271859877,4.92851663665528));
#7112=CARTESIAN_POINT('Ctrl Pts',(8.71172417359382,-2.36034350322899,4.8190297402374));
#7113=CARTESIAN_POINT('Ctrl Pts',(8.84162035902625,-2.41810685143205,4.58696468561645));
#7114=CARTESIAN_POINT('Ctrl Pts',(8.90631975910632,-2.42291576149556,4.46452510910424));
#7115=CARTESIAN_POINT('Ctrl Pts',(9.01919622584627,-2.39633212577919,4.23882935468921));
#7116=CARTESIAN_POINT('Ctrl Pts',(9.0763429496091,-2.3631955789605,4.11777053104657));
#7117=CARTESIAN_POINT('Ctrl Pts',(9.17818155206147,-2.25289555874126,3.88781339858407));
#7118=CARTESIAN_POINT('Ctrl Pts',(9.22291737119496,-2.17544888438873,3.77889757506787));
#7119=CARTESIAN_POINT('Ctrl Pts',(9.28462371793017,-2.01015768378745,3.61996040935432));
#7120=CARTESIAN_POINT('Ctrl Pts',(9.33325267466353,-1.82590149918905,3.48613745853359));
#7121=CARTESIAN_POINT('Ctrl Pts',(9.35049799220264,-1.59175758700486,3.42838701303531));
#7122=CARTESIAN_POINT('Ctrl Pts',(9.35007342769543,-1.47756316775165,3.42571009392316));
#7123=CARTESIAN_POINT('Ctrl Pts',(9.39261592246331,-1.47756316775165,3.47801420388933));
#7124=CARTESIAN_POINT('Ctrl Pts',(9.39178647487353,-1.36854536812923,3.47266546088727));
#7125=CARTESIAN_POINT('Ctrl Pts',(9.37211756215951,-1.13092132590435,3.51472447139413));
#7126=CARTESIAN_POINT('Ctrl Pts',(9.31598113520495,-0.950734505699274,3.66806581498143));
#7127=CARTESIAN_POINT('Ctrl Pts',(9.24878578233823,-0.816462622936788,3.84646435981518));
#7128=CARTESIAN_POINT('Ctrl Pts',(9.20479096079768,-0.770126727773044,3.96058068506749));
#7129=CARTESIAN_POINT('Ctrl Pts',(9.11047784701775,-0.731091816358587,4.18919884551099));
#7130=CARTESIAN_POINT('Ctrl Pts',(9.06010310691041,-0.737755888927429,4.30371346718042));
#7131=CARTESIAN_POINT('Ctrl Pts',(8.96014792868469,-0.783525555228221,4.51655614814334));
#7132=CARTESIAN_POINT('Ctrl Pts',(8.90259719415041,-0.830811762868212,4.63011488898233));
#7133=CARTESIAN_POINT('Ctrl Pts',(8.79157768338688,-0.95946558197686,4.83158593056873));
#7134=CARTESIAN_POINT('Ctrl Pts',(8.73817009187367,-1.04071128426078,4.91963168365467));
#7135=CARTESIAN_POINT('Ctrl Pts',(8.65256901119474,-1.20464441623431,5.05106968342381));
#7136=CARTESIAN_POINT('Ctrl Pts',(8.61285010030531,-1.29878739279305,5.10681205295326));
#7137=CARTESIAN_POINT('Ctrl Pts',(8.55515337211069,-1.49793335555937,5.18113346024156));
#7138=CARTESIAN_POINT('Ctrl Pts',(8.53789949534297,-1.60278007140026,5.19936082498122));
#7139=CARTESIAN_POINT('Ctrl Pts',(8.53595087103133,-1.78659092297882,5.19308408860692));
#7140=CARTESIAN_POINT('Ctrl Pts',(8.55894670704549,-1.95632512901751,5.15382624422502));
#7141=CARTESIAN_POINT('Ctrl Pts',(8.62810991645206,-2.08962166382909,5.04911504022432));
#7142=CARTESIAN_POINT('Ctrl Pts',(8.71448198957597,-2.20813527550343,4.91449710333656));
#7143=CARTESIAN_POINT('Ctrl Pts',(8.77449231124674,-2.25936959781983,4.81843928884414));
#7144=CARTESIAN_POINT('Ctrl Pts',(8.89679059952117,-2.32033626083157,4.60959008074378));
#7145=CARTESIAN_POINT('Ctrl Pts',(8.95925774834573,-2.3301465040887,4.49642916479381));
#7146=CARTESIAN_POINT('Ctrl Pts',(9.06880846993854,-2.31495238860098,4.2851481909032));
#7147=CARTESIAN_POINT('Ctrl Pts',(9.12488046721409,-2.28941810147278,4.17011923563124));
#7148=CARTESIAN_POINT('Ctrl Pts',(9.22500687161393,-2.1960522612693,3.94839923376888));
#7149=CARTESIAN_POINT('Ctrl Pts',(9.26919403476624,-2.12803415932906,3.84164160698455));
#7150=CARTESIAN_POINT('Ctrl Pts',(9.3298598682566,-1.97841658251827,3.6830425382721));
#7151=CARTESIAN_POINT('Ctrl Pts',(9.37744972267602,-1.8091140919841,3.54699087433609));
#7152=CARTESIAN_POINT('Ctrl Pts',(9.3934404159979,-1.58681411257205,3.48345365169023));
#7153=CARTESIAN_POINT('Ctrl Pts',(9.39261592246331,-1.47756316775165,3.47801420388933));
#7154=CARTESIAN_POINT('Ctrl Pts',(9.43515841723119,-1.47756316775165,3.5303183138555));
#7155=CARTESIAN_POINT('Ctrl Pts',(9.43391325487882,-1.37342299141546,3.52222726109422));
#7156=CARTESIAN_POINT('Ctrl Pts',(9.41380260026215,-1.14424434596024,3.55893326526527));
#7157=CARTESIAN_POINT('Ctrl Pts',(9.35978877118278,-0.971959593600288,3.70914344205775));
#7158=CARTESIAN_POINT('Ctrl Pts',(9.29592314450439,-0.846372614214902,3.88443003591222));
#7159=CARTESIAN_POINT('Ctrl Pts',(9.25441643512811,-0.805110057174607,3.99675936508128));
#7160=CARTESIAN_POINT('Ctrl Pts',(9.16584557438886,-0.77647125078608,4.22027122974912));
#7161=CARTESIAN_POINT('Ctrl Pts',(9.11866358746484,-0.788314488223492,4.33135937732666));
#7162=CARTESIAN_POINT('Ctrl Pts',(9.02517203802973,-0.843368570836756,4.5354877203646));
#7163=CARTESIAN_POINT('Ctrl Pts',(8.97139893692678,-0.895334390500554,4.64280991430623));
#7164=CARTESIAN_POINT('Ctrl Pts',(8.86800081583968,-1.02987792302294,4.82867954746172));
#7165=CARTESIAN_POINT('Ctrl Pts',(8.81846140113177,-1.11212534562698,4.90731140513699));
#7166=CARTESIAN_POINT('Ctrl Pts',(8.73989294242259,-1.27182299085298,5.02003105783133));
#7167=CARTESIAN_POINT('Ctrl Pts',(8.70389416258204,-1.36075832359414,5.06518274190906));
#7168=CARTESIAN_POINT('Ctrl Pts',(8.65299424284418,-1.53804220841387,5.11962776660686));
#7169=CARTESIAN_POINT('Ctrl Pts',(8.63838517917272,-1.62507001919531,5.12951859560807));
#7170=CARTESIAN_POINT('Ctrl Pts',(8.63609229046651,-1.76807034694416,5.11912316886085));
#7171=CARTESIAN_POINT('Ctrl Pts',(8.65187899470432,-1.89397536943068,5.08895863757688));
#7172=CARTESIAN_POINT('Ctrl Pts',(8.70775571822288,-2.00414494470405,5.00945214585417));
#7173=CARTESIAN_POINT('Ctrl Pts',(8.78279838018565,-2.10890394971695,4.89961758043416));
#7174=CARTESIAN_POINT('Ctrl Pts',(8.83739568032927,-2.15846134472322,4.81759387793791));
#7175=CARTESIAN_POINT('Ctrl Pts',(8.952346713096,-2.22294570928685,4.63164862367469));
#7176=CARTESIAN_POINT('Ctrl Pts',(9.01234852377186,-2.23754633758498,4.52805277402956));
#7177=CARTESIAN_POINT('Ctrl Pts',(9.11863031245595,-2.23376292177872,4.3311286992995));
#7178=CARTESIAN_POINT('Ctrl Pts',(9.173524643646,-2.21577220826493,4.22221141267436));
#7179=CARTESIAN_POINT('Ctrl Pts',(9.2719577935409,-2.13935711161372,4.00877454410865));
#7180=CARTESIAN_POINT('Ctrl Pts',(9.31553525290725,-2.08070443634969,3.90415252035012));
#7181=CARTESIAN_POINT('Ctrl Pts',(9.37515161581577,-1.94681329294917,3.74601293812244));
#7182=CARTESIAN_POINT('Ctrl Pts',(9.42167542376172,-1.79238090788783,3.60787207105403));
#7183=CARTESIAN_POINT('Ctrl Pts',(9.43640747527299,-1.5820291632744,3.53843468076855));
#7184=CARTESIAN_POINT('Ctrl Pts',(9.43515841723119,-1.47756316775165,3.5303183138555));
#7185=CARTESIAN_POINT('',(9.43515841723119,-1.47756316775165,3.5303183138555));
#7186=CARTESIAN_POINT('',(9.30753093292755,-1.47756316775165,3.37340598395699));
#7187=CARTESIAN_POINT('',(8.78242850637689,-1.18545741624825,4.95896876976213));
#7188=CARTESIAN_POINT('Ctrl Pts',(9.43515841723119,-1.47756316775165,3.5303183138555));
#7189=CARTESIAN_POINT('Ctrl Pts',(9.43391325487882,-1.37342299141546,3.52222726109422));
#7190=CARTESIAN_POINT('Ctrl Pts',(9.41380260026215,-1.14424434596024,3.55893326526527));
#7191=CARTESIAN_POINT('Ctrl Pts',(9.35978877118278,-0.971959593600288,3.70914344205775));
#7192=CARTESIAN_POINT('Ctrl Pts',(9.29592314450439,-0.846372614214902,3.88443003591222));
#7193=CARTESIAN_POINT('Ctrl Pts',(9.25441643512811,-0.805110057174607,3.99675936508128));
#7194=CARTESIAN_POINT('Ctrl Pts',(9.16584557438886,-0.77647125078608,4.22027122974912));
#7195=CARTESIAN_POINT('Ctrl Pts',(9.11866358746484,-0.788314488223492,4.33135937732666));
#7196=CARTESIAN_POINT('Ctrl Pts',(9.02517203802973,-0.843368570836756,4.5354877203646));
#7197=CARTESIAN_POINT('Ctrl Pts',(8.97139893692678,-0.895334390500554,4.64280991430623));
#7198=CARTESIAN_POINT('Ctrl Pts',(8.8701067651468,-1.02713762314018,4.82489386914336));
#7199=CARTESIAN_POINT('Ctrl Pts',(8.82250093794263,-1.10544953547488,4.90088157075796));
#7200=CARTESIAN_POINT('Ctrl Pts',(8.78242850637689,-1.18545741624825,4.95896876976213));
#7201=CARTESIAN_POINT('Ctrl Pts',(8.78242850637689,-1.18545741624825,4.95896876976213));
#7202=CARTESIAN_POINT('Ctrl Pts',(8.7807268484775,-1.1888549151524,4.96143541671058));
#7203=CARTESIAN_POINT('Ctrl Pts',(8.77903877508546,-1.19225547229174,4.96386978478762));
#7204=CARTESIAN_POINT('Ctrl Pts',(8.73989294242259,-1.27182299085298,5.02003105783133));
#7205=CARTESIAN_POINT('Ctrl Pts',(8.70389416258204,-1.36075832359414,5.06518274190906));
#7206=CARTESIAN_POINT('Ctrl Pts',(8.65299424284418,-1.53804220841387,5.11962776660686));
#7207=CARTESIAN_POINT('Ctrl Pts',(8.63838517917272,-1.62507001919531,5.12951859560807));
#7208=CARTESIAN_POINT('Ctrl Pts',(8.63609229046651,-1.76807034694416,5.11912316886085));
#7209=CARTESIAN_POINT('Ctrl Pts',(8.65187899470432,-1.89397536943068,5.08895863757688));
#7210=CARTESIAN_POINT('Ctrl Pts',(8.70775571822288,-2.00414494470405,5.00945214585417));
#7211=CARTESIAN_POINT('Ctrl Pts',(8.78279838018565,-2.10890394971695,4.89961758043416));
#7212=CARTESIAN_POINT('Ctrl Pts',(8.83739568032927,-2.15846134472322,4.81759387793791));
#7213=CARTESIAN_POINT('Ctrl Pts',(8.952346713096,-2.22294570928685,4.63164862367469));
#7214=CARTESIAN_POINT('Ctrl Pts',(9.01234852377186,-2.23754633758498,4.52805277402956));
#7215=CARTESIAN_POINT('Ctrl Pts',(9.11863031245595,-2.23376292177872,4.3311286992995));
#7216=CARTESIAN_POINT('Ctrl Pts',(9.173524643646,-2.21577220826493,4.22221141267436));
#7217=CARTESIAN_POINT('Ctrl Pts',(9.2719577935409,-2.13935711161372,4.00877454410865));
#7218=CARTESIAN_POINT('Ctrl Pts',(9.31553525290725,-2.08070443634969,3.90415252035012));
#7219=CARTESIAN_POINT('Ctrl Pts',(9.37515161581577,-1.94681329294917,3.74601293812244));
#7220=CARTESIAN_POINT('Ctrl Pts',(9.42167542376172,-1.79238090788783,3.60787207105403));
#7221=CARTESIAN_POINT('Ctrl Pts',(9.43640747527299,-1.5820291632744,3.53843468076855));
#7222=CARTESIAN_POINT('Ctrl Pts',(9.43515841723119,-1.47756316775165,3.5303183138555));
#7223=CARTESIAN_POINT('Origin',(8.0977582010264,-1.79465579193481,4.49486412360728));
#7224=CARTESIAN_POINT('',(14.45,0.317845556057859,3.69885877789601));
#7225=CARTESIAN_POINT('',(8.0977582010264,-1.36716890797143,5.11114970669401));
#7226=CARTESIAN_POINT('Origin',(14.45,4.10262102068515E-14,3.25));
#7227=CARTESIAN_POINT('Ctrl Pts',(9.85940942668504,1.04457339865805,-0.895570073748703));
#7228=CARTESIAN_POINT('Ctrl Pts',(9.85940942668504,1.17309534689005,-0.895570073748703));
#7229=CARTESIAN_POINT('Ctrl Pts',(9.86522060879643,1.45063810263766,-0.832298340264008));
#7230=CARTESIAN_POINT('Ctrl Pts',(9.89237874477364,1.87285608006431,-0.484654882718546));
#7231=CARTESIAN_POINT('Ctrl Pts',(9.91076447026499,2.03692830747237,0.225173195484258));
#7232=CARTESIAN_POINT('Ctrl Pts',(9.85767688907759,1.47956509343534,0.932487950984222));
#7233=CARTESIAN_POINT('Ctrl Pts',(9.85909163013104,0.665294529400344,0.910568887442113));
#7234=CARTESIAN_POINT('Ctrl Pts',(9.88980579035586,0.271670060593875,0.518655231854205));
#7235=CARTESIAN_POINT('Ctrl Pts',(9.90086767793425,0.136576366639082,0.128144991936498));
#7236=CARTESIAN_POINT('Ctrl Pts',(9.90080228096749,0.137898335013985,-0.204356377499996));
#7237=CARTESIAN_POINT('Ctrl Pts',(9.8846967758108,0.323646598747947,-0.583626108281588));
#7238=CARTESIAN_POINT('Ctrl Pts',(9.86548706082957,0.639559311169579,-0.830625255775096));
#7239=CARTESIAN_POINT('Ctrl Pts',(9.85940942668504,0.916051450426044,-0.895570073748703));
#7240=CARTESIAN_POINT('Ctrl Pts',(9.85940942668504,1.04457339865805,-0.895570073748703));
#7241=CARTESIAN_POINT('Ctrl Pts',(9.93114227313508,1.04457339865805,-0.822868870034771));
#7242=CARTESIAN_POINT('Ctrl Pts',(9.93094689958971,1.16187064793599,-0.820794179261365));
#7243=CARTESIAN_POINT('Ctrl Pts',(9.93533566925428,1.41276296844107,-0.759392451065032));
#7244=CARTESIAN_POINT('Ctrl Pts',(9.95766206905598,1.7934779201201,-0.441735511537708));
#7245=CARTESIAN_POINT('Ctrl Pts',(9.97369137434709,1.94357784972697,0.204596753580096));
#7246=CARTESIAN_POINT('Ctrl Pts',(9.93020214505712,1.44490189419872,0.854557076590378));
#7247=CARTESIAN_POINT('Ctrl Pts',(9.93102103619759,0.695950276641722,0.852109756965135));
#7248=CARTESIAN_POINT('Ctrl Pts',(9.95650719836988,0.318666553522816,0.489695702072821));
#7249=CARTESIAN_POINT('Ctrl Pts',(9.96602569813791,0.190079508452383,0.121041486294578));
#7250=CARTESIAN_POINT('Ctrl Pts',(9.96626453481646,0.192818403936857,-0.193472054780828));
#7251=CARTESIAN_POINT('Ctrl Pts',(9.95303748539507,0.373341099111919,-0.547769846963965));
#7252=CARTESIAN_POINT('Ctrl Pts',(9.93679670994395,0.672423952347052,-0.770812790895778));
#7253=CARTESIAN_POINT('Ctrl Pts',(9.93133764668046,0.927276149380103,-0.824943560808177));
#7254=CARTESIAN_POINT('Ctrl Pts',(9.93114227313508,1.04457339865805,-0.822868870034771));
#7255=CARTESIAN_POINT('Ctrl Pts',(10.0028751195851,1.04457339865805,-0.750167666320839));
#7256=CARTESIAN_POINT('Ctrl Pts',(10.0024843724944,1.15064594898193,-0.746018284774027));
#7257=CARTESIAN_POINT('Ctrl Pts',(10.0054507297121,1.37488783424448,-0.686486561866057));
#7258=CARTESIAN_POINT('Ctrl Pts',(10.0229453933383,1.7140997601759,-0.39881614035687));
#7259=CARTESIAN_POINT('Ctrl Pts',(10.0366182784292,1.85022739198157,0.184020311675935));
#7260=CARTESIAN_POINT('Ctrl Pts',(10.0027274010367,1.41023869496211,0.776626202196535));
#7261=CARTESIAN_POINT('Ctrl Pts',(10.0029504422641,0.726606023883099,0.793650626488161));
#7262=CARTESIAN_POINT('Ctrl Pts',(10.0232086063839,0.365663046451757,0.460736172291437));
#7263=CARTESIAN_POINT('Ctrl Pts',(10.0311837183416,0.243582650265683,0.113937980652659));
#7264=CARTESIAN_POINT('Ctrl Pts',(10.0317267886654,0.247738472859729,-0.18258773206166));
#7265=CARTESIAN_POINT('Ctrl Pts',(10.0213781949793,0.423035599475889,-0.511913585646342));
#7266=CARTESIAN_POINT('Ctrl Pts',(10.0081063590583,0.705288593524525,-0.711000326016461));
#7267=CARTESIAN_POINT('Ctrl Pts',(10.0032658666759,0.938500848334163,-0.754317047867651));
#7268=CARTESIAN_POINT('Ctrl Pts',(10.0028751195851,1.04457339865805,-0.750167666320839));
#7269=CARTESIAN_POINT('Ctrl Pts',(10.0746079660352,1.04457339865805,-0.677466462606907));
#7270=CARTESIAN_POINT('Ctrl Pts',(10.0740218453991,1.13942125002788,-0.671242390286689));
#7271=CARTESIAN_POINT('Ctrl Pts',(10.07556579017,1.33701270004789,-0.613580672667081));
#7272=CARTESIAN_POINT('Ctrl Pts',(10.0882287176206,1.63472160023169,-0.355896769176031));
#7273=CARTESIAN_POINT('Ctrl Pts',(10.0995451825113,1.75687693423617,0.163443869771775));
#7274=CARTESIAN_POINT('Ctrl Pts',(10.0752526570162,1.37557549572549,0.698695327802691));
#7275=CARTESIAN_POINT('Ctrl Pts',(10.0748798483307,0.757261771124477,0.735191496011184));
#7276=CARTESIAN_POINT('Ctrl Pts',(10.0899100143979,0.412659539380698,0.431776642510054));
#7277=CARTESIAN_POINT('Ctrl Pts',(10.0963417385452,0.297085792078984,0.10683447501074));
#7278=CARTESIAN_POINT('Ctrl Pts',(10.0971890425144,0.302658541782602,-0.171703409342493));
#7279=CARTESIAN_POINT('Ctrl Pts',(10.0897189045636,0.472730099839861,-0.476057324328718));
#7280=CARTESIAN_POINT('Ctrl Pts',(10.0794160081727,0.738153234701998,-0.651187861137143));
#7281=CARTESIAN_POINT('Ctrl Pts',(10.0751940866713,0.949725547288222,-0.683690534927125));
#7282=CARTESIAN_POINT('Ctrl Pts',(10.0746079660352,1.04457339865805,-0.677466462606907));
#7283=CARTESIAN_POINT('',(10.0746079660352,1.04457339865805,-0.677466462606907));
#7284=CARTESIAN_POINT('',(9.85940942668504,1.04457339865805,-0.895570073748703));
#7285=CARTESIAN_POINT('',(10.0766081274212,1.15655806235198,0.679932942295771));
#7286=CARTESIAN_POINT('Ctrl Pts',(10.0746079660352,1.04457339865805,-0.677466462606907));
#7287=CARTESIAN_POINT('Ctrl Pts',(10.0740218453991,1.13942125002788,-0.671242390286689));
#7288=CARTESIAN_POINT('Ctrl Pts',(10.07556579017,1.33701270004789,-0.613580672667081));
#7289=CARTESIAN_POINT('Ctrl Pts',(10.0882287176206,1.63472160023169,-0.355896769176031));
#7290=CARTESIAN_POINT('Ctrl Pts',(10.0995451825113,1.75687693423617,0.163443869771775));
#7291=CARTESIAN_POINT('Ctrl Pts',(10.0809112684879,1.46439444929859,0.574015823349539));
#7292=CARTESIAN_POINT('Ctrl Pts',(10.0771150372645,1.21626999764673,0.666366585835694));
#7293=CARTESIAN_POINT('Ctrl Pts',(10.0766081274212,1.15655806235198,0.679932942295771));
#7294=CARTESIAN_POINT('Ctrl Pts',(10.0766081274212,1.15655806235198,0.679932942295771));
#7295=CARTESIAN_POINT('Ctrl Pts',(10.0754320196057,1.01801730464186,0.711408949463639));
#7296=CARTESIAN_POINT('Ctrl Pts',(10.0771433240244,0.705366218402261,0.689498577985399));
#7297=CARTESIAN_POINT('Ctrl Pts',(10.0899100143979,0.412659539380698,0.431776642510054));
#7298=CARTESIAN_POINT('Ctrl Pts',(10.0963417385452,0.297085792078984,0.10683447501074));
#7299=CARTESIAN_POINT('Ctrl Pts',(10.0971890425144,0.302658541782602,-0.171703409342493));
#7300=CARTESIAN_POINT('Ctrl Pts',(10.0897189045636,0.472730099839861,-0.476057324328718));
#7301=CARTESIAN_POINT('Ctrl Pts',(10.0794160081727,0.738153234701998,-0.651187861137143));
#7302=CARTESIAN_POINT('Ctrl Pts',(10.0751940866713,0.949725547288222,-0.683690534927125));
#7303=CARTESIAN_POINT('Ctrl Pts',(10.0746079660352,1.04457339865805,-0.677466462606907));
#7304=CARTESIAN_POINT('Origin',(8.09883132259869,1.44515922967017,-0.0988315381962473));
#7305=CARTESIAN_POINT('',(14.45,0.12530371228056,0.785536160953415));
#7306=CARTESIAN_POINT('',(8.09883132259869,1.62114394785594,0.630248008573418));
#7307=CARTESIAN_POINT('Origin',(14.45,4.08700850940136E-14,0.25));
#7308=CARTESIAN_POINT('Ctrl Pts',(9.83745902001919,1.53349356208015,1.1110355662368));
#7309=CARTESIAN_POINT('Ctrl Pts',(9.83745902001919,1.66556232314345,1.1110355662368));
#7310=CARTESIAN_POINT('Ctrl Pts',(9.83032316976598,1.94867848221703,1.17713178393128));
#7311=CARTESIAN_POINT('Ctrl Pts',(9.8070318928395,2.17388104346506,1.35824045314822));
#7312=CARTESIAN_POINT('Ctrl Pts',(9.78766768923671,2.277686773383,1.48747413279932));
#7313=CARTESIAN_POINT('Ctrl Pts',(9.77934685405407,2.31712276910199,1.54164919019819));
#7314=CARTESIAN_POINT('Ctrl Pts',(9.74385893653825,2.44887012412363,1.76249333556732));
#7315=CARTESIAN_POINT('Ctrl Pts',(9.67562523277727,2.52200013363663,2.11917862463186));
#7316=CARTESIAN_POINT('Ctrl Pts',(9.57605032966653,2.37543963051364,2.51700258043273));
#7317=CARTESIAN_POINT('Ctrl Pts',(9.52082478342787,2.19977634744287,2.71524433924308));
#7318=CARTESIAN_POINT('Ctrl Pts',(9.47941380175373,1.99494996286936,2.85657841359955));
#7319=CARTESIAN_POINT('Ctrl Pts',(9.44915884650695,1.6481853075666,2.95363750820063));
#7320=CARTESIAN_POINT('Ctrl Pts',(9.47136314475157,1.30750260725113,2.88369567606734));
#7321=CARTESIAN_POINT('Ctrl Pts',(9.52854622793231,0.990710448825096,2.68897698278481));
#7322=CARTESIAN_POINT('Ctrl Pts',(9.58121660711328,0.82062489661348,2.49787643565408));
#7323=CARTESIAN_POINT('Ctrl Pts',(9.6571848699075,0.681412582269026,2.1865343700925));
#7324=CARTESIAN_POINT('Ctrl Pts',(9.71188017346618,0.654650565246468,1.93001892011105));
#7325=CARTESIAN_POINT('Ctrl Pts',(9.76105893975209,0.719803398146978,1.65747980924634));
#7326=CARTESIAN_POINT('Ctrl Pts',(9.8001352050006,0.851249126968982,1.41155873219891));
#7327=CARTESIAN_POINT('Ctrl Pts',(9.83030419598847,1.11340825101481,1.17818851714653));
#7328=CARTESIAN_POINT('Ctrl Pts',(9.83745902001919,1.40142480101685,1.1110355662368));
#7329=CARTESIAN_POINT('Ctrl Pts',(9.83745902001919,1.53349356208015,1.1110355662368));
#7330=CARTESIAN_POINT('Ctrl Pts',(9.8959732092813,1.53349356208015,1.17668683458803));
#7331=CARTESIAN_POINT('Ctrl Pts',(9.89599964024385,1.65703276788625,1.18010626161268));
#7332=CARTESIAN_POINT('Ctrl Pts',(9.88837440957403,1.91869018721537,1.24985257342246));
#7333=CARTESIAN_POINT('Ctrl Pts',(9.86428097575049,2.121871459807,1.42329227716225));
#7334=CARTESIAN_POINT('Ctrl Pts',(9.8448678323815,2.21449931765097,1.54489560877058));
#7335=CARTESIAN_POINT('Ctrl Pts',(9.83656161087487,2.24955456341251,1.59572621597547));
#7336=CARTESIAN_POINT('Ctrl Pts',(9.80148051251392,2.36594140245058,1.80185499928601));
#7337=CARTESIAN_POINT('Ctrl Pts',(9.73582584374035,2.42523902448909,2.12953096255343));
#7338=CARTESIAN_POINT('Ctrl Pts',(9.64549411797637,2.28911382614786,2.48544957925947));
#7339=CARTESIAN_POINT('Ctrl Pts',(9.59701086082391,2.13293017078665,2.66113231121958));
#7340=CARTESIAN_POINT('Ctrl Pts',(9.5612950769818,1.95270438580767,2.78697136767238));
#7341=CARTESIAN_POINT('Ctrl Pts',(9.53591351284578,1.64839609577971,2.87771004691644));
#7342=CARTESIAN_POINT('Ctrl Pts',(9.55578110870162,1.33952266851463,2.82522207762261));
#7343=CARTESIAN_POINT('Ctrl Pts',(9.60687978613062,1.04023288248883,2.65523982736496));
#7344=CARTESIAN_POINT('Ctrl Pts',(9.65415382951964,0.873775018438658,2.48123354550199));
#7345=CARTESIAN_POINT('Ctrl Pts',(9.72314826626571,0.732827951721978,2.18943147953867));
#7346=CARTESIAN_POINT('Ctrl Pts',(9.7735280111428,0.701590584436498,1.94462998052308));
#7347=CARTESIAN_POINT('Ctrl Pts',(9.81990629416289,0.760839927688142,1.68357617681886));
#7348=CARTESIAN_POINT('Ctrl Pts',(9.85759706867663,0.885457887746796,1.44863359234975));
#7349=CARTESIAN_POINT('Ctrl Pts',(9.88815580097227,1.13721584422819,1.22948832607603));
#7350=CARTESIAN_POINT('Ctrl Pts',(9.89594677831875,1.40995435627404,1.17326740756337));
#7351=CARTESIAN_POINT('Ctrl Pts',(9.8959732092813,1.53349356208015,1.17668683458803));
#7352=CARTESIAN_POINT('Ctrl Pts',(9.95448739854341,1.53349356208015,1.24233810293925));
#7353=CARTESIAN_POINT('Ctrl Pts',(9.95454026046851,1.64850321262906,1.24917695698855));
#7354=CARTESIAN_POINT('Ctrl Pts',(9.94642564938207,1.88870189221372,1.32257336291364));
#7355=CARTESIAN_POINT('Ctrl Pts',(9.92153005866147,2.06986187614895,1.48834410117628));
#7356=CARTESIAN_POINT('Ctrl Pts',(9.90206797552628,2.15131186191895,1.60231708474184));
#7357=CARTESIAN_POINT('Ctrl Pts',(9.89377636769566,2.18198635772304,1.64980324175276));
#7358=CARTESIAN_POINT('Ctrl Pts',(9.85910208848959,2.28301268077754,1.84121666300469));
#7359=CARTESIAN_POINT('Ctrl Pts',(9.79602645470342,2.32847791534156,2.13988330047501));
#7360=CARTESIAN_POINT('Ctrl Pts',(9.71493790628619,2.20278802178208,2.45389657808622));
#7361=CARTESIAN_POINT('Ctrl Pts',(9.67319693821994,2.06608399413044,2.60702028319609));
#7362=CARTESIAN_POINT('Ctrl Pts',(9.64317635220987,1.91045880874599,2.71736432174521));
#7363=CARTESIAN_POINT('Ctrl Pts',(9.62266817918461,1.64860688399283,2.80178258563226));
#7364=CARTESIAN_POINT('Ctrl Pts',(9.64019907265167,1.37154272977813,2.76674847917788));
#7365=CARTESIAN_POINT('Ctrl Pts',(9.68521334432893,1.08975531615256,2.6215026719451));
#7366=CARTESIAN_POINT('Ctrl Pts',(9.727091051926,0.926925140263835,2.46459065534991));
#7367=CARTESIAN_POINT('Ctrl Pts',(9.78911166262393,0.784243321174929,2.19232858898484));
#7368=CARTESIAN_POINT('Ctrl Pts',(9.83517584881941,0.748530603626526,1.95924104093511));
#7369=CARTESIAN_POINT('Ctrl Pts',(9.87875364857368,0.801876457229304,1.70967254439138));
#7370=CARTESIAN_POINT('Ctrl Pts',(9.91505893235265,0.919666648524608,1.48570845250059));
#7371=CARTESIAN_POINT('Ctrl Pts',(9.94600740595608,1.16102343744157,1.28078813500553));
#7372=CARTESIAN_POINT('Ctrl Pts',(9.95443453661831,1.41848391153124,1.23549924888994));
#7373=CARTESIAN_POINT('Ctrl Pts',(9.95448739854341,1.53349356208015,1.24233810293925));
#7374=CARTESIAN_POINT('Ctrl Pts',(10.0130015878055,1.53349356208015,1.30798937129047));
#7375=CARTESIAN_POINT('Ctrl Pts',(10.0130808806932,1.63997365737186,1.31824765236443));
#7376=CARTESIAN_POINT('Ctrl Pts',(10.0044768891901,1.85871359721206,1.39529415240483));
#7377=CARTESIAN_POINT('Ctrl Pts',(9.97877914157245,2.0178522924909,1.55339592519031));
#7378=CARTESIAN_POINT('Ctrl Pts',(9.95926811867107,2.08812440618692,1.6597385607131));
#7379=CARTESIAN_POINT('Ctrl Pts',(9.95099112451646,2.11441815203356,1.70388026753004));
#7380=CARTESIAN_POINT('Ctrl Pts',(9.91672366446526,2.2000839591045,1.88057832672338));
#7381=CARTESIAN_POINT('Ctrl Pts',(9.8562270656665,2.23171680619402,2.15023563839658));
#7382=CARTESIAN_POINT('Ctrl Pts',(9.78438169459602,2.1164622174163,2.42234357691296));
#7383=CARTESIAN_POINT('Ctrl Pts',(9.74938301561597,1.99923781747422,2.55290825517259));
#7384=CARTESIAN_POINT('Ctrl Pts',(9.72505762743793,1.86821323168431,2.64775727581804));
#7385=CARTESIAN_POINT('Ctrl Pts',(9.70942284552343,1.64881767220595,2.72585512434807));
#7386=CARTESIAN_POINT('Ctrl Pts',(9.72461703660172,1.40356279104163,2.70827488073314));
#7387=CARTESIAN_POINT('Ctrl Pts',(9.76354690252724,1.13927774981629,2.58776551652525));
#7388=CARTESIAN_POINT('Ctrl Pts',(9.80002827433237,0.980075262089012,2.44794776519782));
#7389=CARTESIAN_POINT('Ctrl Pts',(9.85507505898214,0.835658690627881,2.19522569843101));
#7390=CARTESIAN_POINT('Ctrl Pts',(9.89682368649603,0.795470622816555,1.97385210134714));
#7391=CARTESIAN_POINT('Ctrl Pts',(9.93760100298447,0.842912986770468,1.7357689119639));
#7392=CARTESIAN_POINT('Ctrl Pts',(9.97252079602868,0.953875409302422,1.52278331265143));
#7393=CARTESIAN_POINT('Ctrl Pts',(10.0038590109399,1.18483103065495,1.33208794393504));
#7394=CARTESIAN_POINT('Ctrl Pts',(10.0129222949179,1.42701346678844,1.29773109021651));
#7395=CARTESIAN_POINT('Ctrl Pts',(10.0130015878055,1.53349356208015,1.30798937129047));
#7396=CARTESIAN_POINT('',(10.0130015878055,1.53349356208015,1.30798937129047));
#7397=CARTESIAN_POINT('',(9.83745902001919,1.53349356208015,1.1110355662368));
#7398=CARTESIAN_POINT('',(10.0128192680414,1.57431997190372,1.31326997546108));
#7399=CARTESIAN_POINT('Ctrl Pts',(10.0130015878055,1.53349356208015,1.30798937129047));
#7400=CARTESIAN_POINT('Ctrl Pts',(10.013011697293,1.54706929661439,1.30929725611398));
#7401=CARTESIAN_POINT('Ctrl Pts',(10.0129505884683,1.56069200636768,1.31106459101001));
#7402=CARTESIAN_POINT('Ctrl Pts',(10.0128192680414,1.57431997190372,1.31326997546108));
#7403=CARTESIAN_POINT('Ctrl Pts',(10.0128192680414,1.57431997190372,1.31326997546108));
#7404=CARTESIAN_POINT('Ctrl Pts',(10.0119205880999,1.6675817709877,1.32836233249955));
#7405=CARTESIAN_POINT('Ctrl Pts',(10.0029350785764,1.86826158301581,1.40477992504773));
#7406=CARTESIAN_POINT('Ctrl Pts',(9.97877914157245,2.0178522924909,1.55339592519031));
#7407=CARTESIAN_POINT('Ctrl Pts',(9.95926811867107,2.08812440618692,1.6597385607131));
#7408=CARTESIAN_POINT('Ctrl Pts',(9.95099112451646,2.11441815203356,1.70388026753004));
#7409=CARTESIAN_POINT('Ctrl Pts',(9.91672366446526,2.2000839591045,1.88057832672338));
#7410=CARTESIAN_POINT('Ctrl Pts',(9.8562270656665,2.23171680619402,2.15023563839658));
#7411=CARTESIAN_POINT('Ctrl Pts',(9.78438169459602,2.1164622174163,2.42234357691296));
#7412=CARTESIAN_POINT('Ctrl Pts',(9.74938301561597,1.99923781747422,2.55290825517259));
#7413=CARTESIAN_POINT('Ctrl Pts',(9.72505762743793,1.86821323168431,2.64775727581804));
#7414=CARTESIAN_POINT('Ctrl Pts',(9.70942284552343,1.64881767220595,2.72585512434807));
#7415=CARTESIAN_POINT('Ctrl Pts',(9.72461703660172,1.40356279104163,2.70827488073314));
#7416=CARTESIAN_POINT('Ctrl Pts',(9.76354690252724,1.13927774981629,2.58776551652525));
#7417=CARTESIAN_POINT('Ctrl Pts',(9.80002827433237,0.980075262089012,2.44794776519782));
#7418=CARTESIAN_POINT('Ctrl Pts',(9.85507505898214,0.835658690627881,2.19522569843101));
#7419=CARTESIAN_POINT('Ctrl Pts',(9.89682368649603,0.795470622816555,1.97385210134714));
#7420=CARTESIAN_POINT('Ctrl Pts',(9.93760100298447,0.842912986770468,1.7357689119639));
#7421=CARTESIAN_POINT('Ctrl Pts',(9.97252079602868,0.953875409302422,1.52278331265143));
#7422=CARTESIAN_POINT('Ctrl Pts',(10.0038590109399,1.18483103065495,1.33208794393504));
#7423=CARTESIAN_POINT('Ctrl Pts',(10.0129222949179,1.42701346678844,1.29773109021651));
#7424=CARTESIAN_POINT('Ctrl Pts',(10.0130015878055,1.53349356208015,1.30798937129047));
#7425=CARTESIAN_POINT('Origin',(8.09785748407228,2.093690914453,2.09894848574217));
#7426=CARTESIAN_POINT('',(14.45,0.0852695735420053,1.20665011288492));
#7427=CARTESIAN_POINT('',(8.09785748407228,2.21699570169621,1.3591197622829));
#7428=CARTESIAN_POINT('Origin',(14.45,4.10782519111308E-14,1.75));
#7429=CARTESIAN_POINT('Origin',(24.9029869125554,9.32593134218189,0.1));
#7430=CARTESIAN_POINT('',(20.2299656446939,8.36001206282178,0.6));
#7431=CARTESIAN_POINT('Origin',(18.75,0.,-1.56666666666691));
#7432=CARTESIAN_POINT('',(19.0749125863421,7.69314186865395,0.6));
#7433=CARTESIAN_POINT('',(24.1529869125554,10.6249694478585,0.6));
#7434=CARTESIAN_POINT('Origin',(18.75,-2.27157068923926E-15,-1.56666666666691));
#7435=CARTESIAN_POINT('Origin',(19.6189107681319,-5.92206934024643,0.1));
#7436=CARTESIAN_POINT('',(19.7441776894835,-7.63554914342991,0.6));
#7437=CARTESIAN_POINT('Origin',(18.75,2.27157068923926E-15,-1.56666666666691));
#7438=CARTESIAN_POINT('',(18.9849833755209,-7.28153102080142,0.6));
#7439=CARTESIAN_POINT('Origin',(17.875,-8.21036952345565,0.6));
#7440=CARTESIAN_POINT('',(12.3964576809468,-4.35,0.6));
#7441=CARTESIAN_POINT('Origin',(18.75,2.27157068923926E-15,0.6));
#7442=CARTESIAN_POINT('',(11.0649711574556,-4.35,0.6));
#7443=CARTESIAN_POINT('',(7.66254983937729,-4.35,0.6));
#7444=CARTESIAN_POINT('',(11.1720779386422,-4.44289321881346,0.6));
#7445=CARTESIAN_POINT('Origin',(10.4649711574556,-5.15000000000004,0.6));
#7446=CARTESIAN_POINT('',(11.1720779386422,-4.44289321881346,0.6));
#7447=CARTESIAN_POINT('Origin',(19.6189107681319,-5.92206934024643,1.9));
#7448=CARTESIAN_POINT('',(20.9529569893173,-8.19921218796161,1.4));
#7449=CARTESIAN_POINT('Origin',(18.75,0.,3.56666666666691));
#7450=CARTESIAN_POINT('',(19.7441776894835,-7.63554914342991,1.4));
#7451=CARTESIAN_POINT('',(18.9849833755209,-7.28153102080142,1.4));
#7452=CARTESIAN_POINT('Origin',(18.75,2.27157068923926E-15,3.56666666666691));
#7453=CARTESIAN_POINT('Origin',(24.9029869125554,9.32593134218189,1.9));
#7454=CARTESIAN_POINT('',(20.2299656446939,8.36001206282178,1.4));
#7455=CARTESIAN_POINT('Origin',(18.75,0.,3.56666666666691));
#7456=CARTESIAN_POINT('',(19.0749125863421,7.69314186865395,1.4));
#7457=CARTESIAN_POINT('Origin',(18.75,-2.27157068923926E-15,3.56666666666691));
#7458=CARTESIAN_POINT('',(24.1529869125554,10.6249694478585,1.4));
#7459=CARTESIAN_POINT('Origin',(18.75,0.,1.));
#7460=CARTESIAN_POINT('Origin',(18.75,0.,1.4));
#7461=CARTESIAN_POINT('Origin',(17.875,8.21036952345565,1.4));
#7462=CARTESIAN_POINT('',(12.3964576809468,4.35,1.4));
#7463=CARTESIAN_POINT('Origin',(18.75,-2.27157068923926E-15,1.4));
#7464=CARTESIAN_POINT('',(11.0649711574556,4.35,1.4));
#7465=CARTESIAN_POINT('',(7.66254983937729,4.35,1.4));
#7466=CARTESIAN_POINT('',(11.1720779386422,4.44289321881346,1.4));
#7467=CARTESIAN_POINT('Origin',(10.4649711574556,5.15000000000004,1.4));
#7468=CARTESIAN_POINT('',(11.1720779386422,4.44289321881346,1.4));
#7469=CARTESIAN_POINT('Origin',(7.66254983937729,4.35,1.6));
#7470=CARTESIAN_POINT('',(12.264053654246,4.15,1.6));
#7471=CARTESIAN_POINT('Ctrl Pts',(12.264053654246,4.15,1.6));
#7472=CARTESIAN_POINT('Ctrl Pts',(12.264053654246,4.15,1.57512974865027));
#7473=CARTESIAN_POINT('Ctrl Pts',(12.267214780541,4.15495417559717,1.54896796544961));
#7474=CARTESIAN_POINT('Ctrl Pts',(12.2794781208655,4.17402163644164,1.50156264097328));
#7475=CARTESIAN_POINT('Ctrl Pts',(12.2885958370299,4.18814972213209,1.48032906597259));
#7476=CARTESIAN_POINT('Ctrl Pts',(12.3110772129804,4.22265179956463,1.44328185893037));
#7477=CARTESIAN_POINT('Ctrl Pts',(12.3267258399174,4.24646990429601,1.42666479676793));
#7478=CARTESIAN_POINT('Ctrl Pts',(12.3607886462253,4.29754643487471,1.40500227818552));
#7479=CARTESIAN_POINT('Ctrl Pts',(12.3792147346703,4.32481522094883,1.4));
#7480=CARTESIAN_POINT('Ctrl Pts',(12.3964576809468,4.35,1.4));
#7481=CARTESIAN_POINT('',(10.4649711574556,4.15,1.6));
#7482=CARTESIAN_POINT('',(7.66254983937729,4.15,1.6));
#7483=CARTESIAN_POINT('Ctrl Pts',(11.0649711574556,4.35,1.4));
#7484=CARTESIAN_POINT('Ctrl Pts',(10.9777659857882,4.28459612124948,1.4));
#7485=CARTESIAN_POINT('Ctrl Pts',(10.8787363807187,4.23314313855247,1.42978069476091));
#7486=CARTESIAN_POINT('Ctrl Pts',(10.6719766073843,4.16563520906748,1.50703587725941));
#7487=CARTESIAN_POINT('Ctrl Pts',(10.5644799900667,4.15,1.55549829718399));
#7488=CARTESIAN_POINT('Ctrl Pts',(10.4649711574556,4.15,1.6));
#7489=CARTESIAN_POINT('Origin',(-2.54990032124542,4.15,1.50914552538848));
#7490=CARTESIAN_POINT('',(7.29266705118211,4.15,-4.16857377056025));
#7491=CARTESIAN_POINT('',(7.63393691005766,4.15,-2.56302531703685));
#7492=CARTESIAN_POINT('',(8.38510584310061,4.15,-0.5));
#7493=CARTESIAN_POINT('Origin',(0.,4.15,0.));
#7494=CARTESIAN_POINT('',(12.5391839626015,4.15,-0.5));
#7495=CARTESIAN_POINT('',(10.5391839626015,4.15,-0.5));
#7496=CARTESIAN_POINT('',(12.5391839626015,4.15,2.5));
#7497=CARTESIAN_POINT('',(12.5391839626015,4.15,1.));
#7498=CARTESIAN_POINT('',(8.01935159473632,4.14999999999999,2.5));
#7499=CARTESIAN_POINT('',(10.5391839626015,4.15,2.5));
#7500=CARTESIAN_POINT('',(5.6475783827938,4.15,6.21810730127747));
#7501=CARTESIAN_POINT('Origin',(0.,4.15,0.));
#7502=CARTESIAN_POINT('',(3.89323715109379,4.15,9.25671544840032));
#7503=CARTESIAN_POINT('',(-1.47627063918792,4.15,3.82499999999981));
#7504=CARTESIAN_POINT('',(-0.958865646270147,4.15,2.48440970074662));
#7505=CARTESIAN_POINT('',(-1.47627063918696,4.15,-3.82500000000019));
#7506=CARTESIAN_POINT('Origin',(-4.21862697971305E-11,4.15,3.04501038332474E-13));
#7507=CARTESIAN_POINT('',(-0.649956969239106,4.15,-1.68403092309193));
#7508=CARTESIAN_POINT('',(10.4649711574556,4.15,0.4));
#7509=CARTESIAN_POINT('',(10.4649711574556,4.15,1.));
#7510=CARTESIAN_POINT('',(12.264053654246,4.15,0.4));
#7511=CARTESIAN_POINT('',(12.264053654246,4.15,1.));
#7512=CARTESIAN_POINT('',(7.66254983937729,4.15,0.4));
#7513=CARTESIAN_POINT('Origin',(7.66254983937729,4.35,0.4));
#7514=CARTESIAN_POINT('',(11.0649711574556,4.35,0.6));
#7515=CARTESIAN_POINT('Ctrl Pts',(10.4649711574556,4.15,0.4));
#7516=CARTESIAN_POINT('Ctrl Pts',(10.5644799900667,4.15,0.444501702816011));
#7517=CARTESIAN_POINT('Ctrl Pts',(10.6719766073843,4.16563520906748,0.492964122740588));
#7518=CARTESIAN_POINT('Ctrl Pts',(10.8787363807187,4.23314313855247,0.570219305239089));
#7519=CARTESIAN_POINT('Ctrl Pts',(10.9777659857882,4.28459612124948,0.6));
#7520=CARTESIAN_POINT('Ctrl Pts',(11.0649711574556,4.35,0.6));
#7521=CARTESIAN_POINT('',(12.3964576809468,4.35,0.6));
#7522=CARTESIAN_POINT('Ctrl Pts',(12.3964576809468,4.35,0.6));
#7523=CARTESIAN_POINT('Ctrl Pts',(12.3792147346703,4.32481522094883,0.6));
#7524=CARTESIAN_POINT('Ctrl Pts',(12.3607886462253,4.29754643487471,0.594997721814478));
#7525=CARTESIAN_POINT('Ctrl Pts',(12.3267258399174,4.24646990429601,0.573335203232065));
#7526=CARTESIAN_POINT('Ctrl Pts',(12.3110772129804,4.22265179956463,0.556718141069633));
#7527=CARTESIAN_POINT('Ctrl Pts',(12.2885958370299,4.18814972213209,0.519670934027413));
#7528=CARTESIAN_POINT('Ctrl Pts',(12.2794781208655,4.17402163644164,0.498437359026717));
#7529=CARTESIAN_POINT('Ctrl Pts',(12.267214780541,4.15495417559717,0.451032034550389));
#7530=CARTESIAN_POINT('Ctrl Pts',(12.264053654246,4.15,0.424870251349734));
#7531=CARTESIAN_POINT('Ctrl Pts',(12.264053654246,4.15,0.4));
#7532=CARTESIAN_POINT('',(7.66254983937729,4.35,0.6));
#7533=CARTESIAN_POINT('Origin',(7.66254983937729,-4.35,1.6));
#7534=CARTESIAN_POINT('',(11.0649711574556,-4.35,1.4));
#7535=CARTESIAN_POINT('',(10.4649711574556,-4.15,1.6));
#7536=CARTESIAN_POINT('Ctrl Pts',(10.4649711574556,-4.15,1.6));
#7537=CARTESIAN_POINT('Ctrl Pts',(10.5644799900667,-4.15,1.55549829718399));
#7538=CARTESIAN_POINT('Ctrl Pts',(10.6719766073843,-4.16563520906748,1.50703587725941));
#7539=CARTESIAN_POINT('Ctrl Pts',(10.8787363807187,-4.23314313855247,1.42978069476091));
#7540=CARTESIAN_POINT('Ctrl Pts',(10.9777659857882,-4.28459612124948,1.4));
#7541=CARTESIAN_POINT('Ctrl Pts',(11.0649711574556,-4.35,1.4));
#7542=CARTESIAN_POINT('',(12.264053654246,-4.15,1.6));
#7543=CARTESIAN_POINT('',(7.66254983937729,-4.15,1.6));
#7544=CARTESIAN_POINT('',(12.3964576809468,-4.35,1.4));
#7545=CARTESIAN_POINT('Ctrl Pts',(12.3964576809468,-4.35,1.4));
#7546=CARTESIAN_POINT('Ctrl Pts',(12.3792147346703,-4.32481522094883,1.4));
#7547=CARTESIAN_POINT('Ctrl Pts',(12.3607886462253,-4.29754643487471,1.40500227818552));
#7548=CARTESIAN_POINT('Ctrl Pts',(12.3267258399174,-4.24646990429601,1.42666479676793));
#7549=CARTESIAN_POINT('Ctrl Pts',(12.3110772129804,-4.22265179956463,1.44328185893037));
#7550=CARTESIAN_POINT('Ctrl Pts',(12.2885958370299,-4.18814972213209,1.48032906597259));
#7551=CARTESIAN_POINT('Ctrl Pts',(12.2794781208655,-4.17402163644164,1.50156264097328));
#7552=CARTESIAN_POINT('Ctrl Pts',(12.267214780541,-4.15495417559717,1.54896796544961));
#7553=CARTESIAN_POINT('Ctrl Pts',(12.264053654246,-4.15,1.57512974865027));
#7554=CARTESIAN_POINT('Ctrl Pts',(12.264053654246,-4.15,1.6));
#7555=CARTESIAN_POINT('',(7.66254983937729,-4.35,1.4));
#7556=CARTESIAN_POINT('Origin',(-2.54990032124542,-4.15,1.50914552538848));
#7557=CARTESIAN_POINT('',(8.01935159473632,-4.14999999999999,2.5));
#7558=CARTESIAN_POINT('Origin',(0.,-4.15,0.));
#7559=CARTESIAN_POINT('',(12.5391839626015,-4.15,2.5));
#7560=CARTESIAN_POINT('',(10.5391839626015,-4.15,2.5));
#7561=CARTESIAN_POINT('',(12.5391839626015,-4.15,-0.5));
#7562=CARTESIAN_POINT('',(12.5391839626015,-4.15,1.));
#7563=CARTESIAN_POINT('',(8.38510584310061,-4.14999999999999,-0.5));
#7564=CARTESIAN_POINT('',(10.5391839626015,-4.15,-0.5));
#7565=CARTESIAN_POINT('',(7.29266705118211,-4.15,-4.16857377056025));
#7566=CARTESIAN_POINT('Origin',(0.,-4.15,0.));
#7567=CARTESIAN_POINT('',(7.63393691005766,-4.15,-2.56302531703685));
#7568=CARTESIAN_POINT('',(-1.47627063918696,-4.15,-3.82500000000019));
#7569=CARTESIAN_POINT('',(-0.649956969239106,-4.15,-1.68403092309193));
#7570=CARTESIAN_POINT('',(-1.47627063918792,-4.15,3.82499999999981));
#7571=CARTESIAN_POINT('Origin',(-4.21862697971305E-11,-4.15,3.04501038332474E-13));
#7572=CARTESIAN_POINT('',(-0.958865646270147,-4.15,2.48440970074662));
#7573=CARTESIAN_POINT('',(12.264053654246,-4.15,0.4));
#7574=CARTESIAN_POINT('',(12.264053654246,-4.15,1.));
#7575=CARTESIAN_POINT('',(10.4649711574556,-4.15,0.4));
#7576=CARTESIAN_POINT('',(10.4649711574556,-4.15,1.));
#7577=CARTESIAN_POINT('',(7.66254983937729,-4.15,0.4));
#7578=CARTESIAN_POINT('Origin',(7.66254983937729,-4.35,0.4));
#7579=CARTESIAN_POINT('Ctrl Pts',(12.264053654246,-4.15,0.4));
#7580=CARTESIAN_POINT('Ctrl Pts',(12.264053654246,-4.15,0.424870251349734));
#7581=CARTESIAN_POINT('Ctrl Pts',(12.267214780541,-4.15495417559717,0.451032034550389));
#7582=CARTESIAN_POINT('Ctrl Pts',(12.2794781208655,-4.17402163644164,0.498437359026717));
#7583=CARTESIAN_POINT('Ctrl Pts',(12.2885958370299,-4.18814972213209,0.519670934027413));
#7584=CARTESIAN_POINT('Ctrl Pts',(12.3110772129804,-4.22265179956463,0.556718141069633));
#7585=CARTESIAN_POINT('Ctrl Pts',(12.3267258399174,-4.24646990429601,0.573335203232066));
#7586=CARTESIAN_POINT('Ctrl Pts',(12.3607886462253,-4.29754643487471,0.594997721814478));
#7587=CARTESIAN_POINT('Ctrl Pts',(12.3792147346703,-4.32481522094883,0.6));
#7588=CARTESIAN_POINT('Ctrl Pts',(12.3964576809468,-4.35,0.6));
#7589=CARTESIAN_POINT('Ctrl Pts',(11.0649711574556,-4.35,0.6));
#7590=CARTESIAN_POINT('Ctrl Pts',(10.9777659857882,-4.28459612124948,0.6));
#7591=CARTESIAN_POINT('Ctrl Pts',(10.8787363807187,-4.23314313855247,0.570219305239089));
#7592=CARTESIAN_POINT('Ctrl Pts',(10.6719766073843,-4.16563520906748,0.492964122740588));
#7593=CARTESIAN_POINT('Ctrl Pts',(10.5644799900667,-4.15,0.444501702816011));
#7594=CARTESIAN_POINT('Ctrl Pts',(10.4649711574556,-4.15,0.4));
#7595=CARTESIAN_POINT('Origin',(6.26959198130077,-3.4,2.5));
#7596=CARTESIAN_POINT('Ctrl Pts',(9.57914401186244,-2.65,2.5));
#7597=CARTESIAN_POINT('Ctrl Pts',(9.57914401186244,-2.83294924199889,2.5));
#7598=CARTESIAN_POINT('Ctrl Pts',(9.53536175997212,-3.04807833494655,2.5));
#7599=CARTESIAN_POINT('Ctrl Pts',(9.39189156887205,-3.38807098875888,2.5));
#7600=CARTESIAN_POINT('Ctrl Pts',(9.26570919775375,-3.57228905187374,2.5));
#7601=CARTESIAN_POINT('Ctrl Pts',(8.99657520842787,-3.83588789250916,2.5));
#7602=CARTESIAN_POINT('Ctrl Pts',(8.80472986686058,-3.9605180719705,2.5));
#7603=CARTESIAN_POINT('Ctrl Pts',(8.44636408598568,-4.10569415288402,2.5));
#7604=CARTESIAN_POINT('Ctrl Pts',(8.21536205659859,-4.15,2.5));
#7605=CARTESIAN_POINT('Ctrl Pts',(8.01935159473632,-4.15,2.5));
#7606=CARTESIAN_POINT('',(12.5391839626015,-2.65,2.5));
#7607=CARTESIAN_POINT('',(10.5391839626015,-2.65,2.5));
#7608=CARTESIAN_POINT('',(12.5391839626015,-4.15,2.5));
#7609=CARTESIAN_POINT('Origin',(6.26959198130077,-3.4,-0.5));
#7610=CARTESIAN_POINT('Ctrl Pts',(8.38510584310061,-4.15,-0.5));
#7611=CARTESIAN_POINT('Ctrl Pts',(8.570633411263,-4.15,-0.5));
#7612=CARTESIAN_POINT('Ctrl Pts',(8.78900016041903,-4.10662429282989,-0.5));
#7613=CARTESIAN_POINT('Ctrl Pts',(9.13167187728897,-3.96480682282417,-0.5));
#7614=CARTESIAN_POINT('Ctrl Pts',(9.31665052187682,-3.84134252841399,-0.5));
#7615=CARTESIAN_POINT('Ctrl Pts',(9.57873125957972,-3.57947327474441,-0.5));
#7616=CARTESIAN_POINT('Ctrl Pts',(9.70225520112908,-3.39478479020543,-0.5));
#7617=CARTESIAN_POINT('Ctrl Pts',(9.84400992362397,-3.05280635507112,-0.5));
#7618=CARTESIAN_POINT('Ctrl Pts',(9.88736567544662,-2.8350364812848,-0.5));
#7619=CARTESIAN_POINT('Ctrl Pts',(9.88736567544662,-2.65,-0.5));
#7620=CARTESIAN_POINT('',(12.5391839626015,-2.65,-0.5));
#7621=CARTESIAN_POINT('',(12.5391839626015,-4.15,-0.5));
#7622=CARTESIAN_POINT('',(10.5391839626015,-2.65,-0.5));
#7623=CARTESIAN_POINT('Origin',(12.5391839626015,-2.65,1.));
#7624=CARTESIAN_POINT('',(12.5391839626015,-2.65,1.));
#7625=CARTESIAN_POINT('Origin',(0.,-2.65,0.));
#7626=CARTESIAN_POINT('Origin',(18.75,2.27157068923926E-15,1.));
#7627=CARTESIAN_POINT('Origin',(18.75,2.27157068923926E-15,1.4));
#7628=CARTESIAN_POINT('Origin',(17.875,-8.21036952345565,1.4));
#7629=CARTESIAN_POINT('Origin',(18.75,0.,1.4));
#7630=CARTESIAN_POINT('',(11.1720779386422,-4.44289321881346,1.4));
#7631=CARTESIAN_POINT('',(11.1720779386422,-4.44289321881346,1.4));
#7632=CARTESIAN_POINT('Origin',(10.4649711574556,-5.15000000000004,1.4));
#7633=CARTESIAN_POINT('Origin',(10.4649711574556,-5.15000000000004,1.));
#7634=CARTESIAN_POINT('',(11.1720779386422,-4.44289321881346,1.));
#7635=CARTESIAN_POINT('Origin',(23.1499237667535,-16.4207390469113,1.));
#7636=CARTESIAN_POINT('Origin',(0.,-2.65,1.));
#7637=CARTESIAN_POINT('Origin',(18.75,0.,1.));
#7638=CARTESIAN_POINT('Origin',(0.,-2.65,0.));
#7639=CARTESIAN_POINT('Ctrl Pts',(7.29266705118211,-4.15,-4.16857377056025));
#7640=CARTESIAN_POINT('Ctrl Pts',(7.2945919024503,-4.15,-4.16930789128498));
#7641=CARTESIAN_POINT('Ctrl Pts',(7.29651677274491,-4.14999585706163,-4.1700419566878));
#7642=CARTESIAN_POINT('Ctrl Pts',(7.39440281508584,-4.1495744898611,-4.20736843978215));
#7643=CARTESIAN_POINT('Ctrl Pts',(7.49015109508132,-4.13886561627449,-4.24372298400112));
#7644=CARTESIAN_POINT('Ctrl Pts',(7.67815142807661,-4.09715593444329,-4.3148248781643));
#7645=CARTESIAN_POINT('Ctrl Pts',(7.76995728542019,-4.06627940953438,-4.34940416562573));
#7646=CARTESIAN_POINT('Ctrl Pts',(8.02731763311834,-3.9481988981675,-4.44600748577587));
#7647=CARTESIAN_POINT('Ctrl Pts',(8.18095836527228,-3.83639348649515,-4.50324107057459));
#7648=CARTESIAN_POINT('Ctrl Pts',(8.43809933271226,-3.55762320328009,-4.59863568039497));
#7649=CARTESIAN_POINT('Ctrl Pts',(8.53964358630282,-3.39391220065715,-4.63608638566858));
#7650=CARTESIAN_POINT('Ctrl Pts',(8.67773331375064,-3.03496673256928,-4.68694129440147));
#7651=CARTESIAN_POINT('Ctrl Pts',(8.71322725555603,-2.84346086002714,-4.69996497785202));
#7652=CARTESIAN_POINT('Ctrl Pts',(8.71322725555603,-2.65,-4.69996497785202));
#7653=CARTESIAN_POINT('Origin',(6.26959198130077,3.4,-0.5));
#7654=CARTESIAN_POINT('Ctrl Pts',(9.88736567544662,2.65,-0.5));
#7655=CARTESIAN_POINT('Ctrl Pts',(9.88736567544662,2.8350364812848,-0.5));
#7656=CARTESIAN_POINT('Ctrl Pts',(9.84400992362397,3.05280635507112,-0.5));
#7657=CARTESIAN_POINT('Ctrl Pts',(9.70225520112908,3.39478479020543,-0.5));
#7658=CARTESIAN_POINT('Ctrl Pts',(9.57873125957972,3.57947327474441,-0.5));
#7659=CARTESIAN_POINT('Ctrl Pts',(9.31665052187682,3.84134252841399,-0.5));
#7660=CARTESIAN_POINT('Ctrl Pts',(9.13167187728897,3.96480682282417,-0.5));
#7661=CARTESIAN_POINT('Ctrl Pts',(8.78900016041903,4.10662429282989,-0.5));
#7662=CARTESIAN_POINT('Ctrl Pts',(8.570633411263,4.15,-0.5));
#7663=CARTESIAN_POINT('Ctrl Pts',(8.38510584310061,4.15,-0.5));
#7664=CARTESIAN_POINT('',(12.5391839626015,2.65,-0.5));
#7665=CARTESIAN_POINT('',(10.5391839626015,2.65,-0.5));
#7666=CARTESIAN_POINT('',(12.5391839626015,4.15,-0.5));
#7667=CARTESIAN_POINT('Origin',(12.5391839626015,2.65,1.));
#7668=CARTESIAN_POINT('',(12.5391839626015,2.65,2.5));
#7669=CARTESIAN_POINT('',(12.5391839626015,2.65,1.));
#7670=CARTESIAN_POINT('',(12.5391839626015,4.15,2.5));
#7671=CARTESIAN_POINT('Origin',(6.26959198130077,3.4,2.5));
#7672=CARTESIAN_POINT('Ctrl Pts',(8.01935159473632,4.15,2.5));
#7673=CARTESIAN_POINT('Ctrl Pts',(8.21536205659859,4.15,2.5));
#7674=CARTESIAN_POINT('Ctrl Pts',(8.44636408598568,4.10569415288402,2.5));
#7675=CARTESIAN_POINT('Ctrl Pts',(8.80472986686058,3.9605180719705,2.5));
#7676=CARTESIAN_POINT('Ctrl Pts',(8.99657520842787,3.83588789250916,2.5));
#7677=CARTESIAN_POINT('Ctrl Pts',(9.26570919775375,3.57228905187374,2.5));
#7678=CARTESIAN_POINT('Ctrl Pts',(9.39189156887205,3.38807098875888,2.5));
#7679=CARTESIAN_POINT('Ctrl Pts',(9.53536175997212,3.04807833494655,2.5));
#7680=CARTESIAN_POINT('Ctrl Pts',(9.57914401186244,2.83294924199889,2.5));
#7681=CARTESIAN_POINT('Ctrl Pts',(9.57914401186244,2.65,2.5));
#7682=CARTESIAN_POINT('',(10.5391839626015,2.65,2.5));
#7683=CARTESIAN_POINT('Origin',(0.,2.65,0.));
#7684=CARTESIAN_POINT('Ctrl Pts',(7.29266705118211,4.15,-4.16857377056025));
#7685=CARTESIAN_POINT('Ctrl Pts',(7.29459190245032,4.15,-4.16930789128499));
#7686=CARTESIAN_POINT('Ctrl Pts',(7.29651677274489,4.14999585706163,-4.1700419566878));
#7687=CARTESIAN_POINT('Ctrl Pts',(7.39440281508633,4.1495744898611,-4.20736843978221));
#7688=CARTESIAN_POINT('Ctrl Pts',(7.4901510950814,4.13886561627447,-4.24372298400115));
#7689=CARTESIAN_POINT('Ctrl Pts',(7.67815142807663,4.09715593444329,-4.31482487816431));
#7690=CARTESIAN_POINT('Ctrl Pts',(7.7699572854202,4.06627940953437,-4.34940416562573));
#7691=CARTESIAN_POINT('Ctrl Pts',(8.02731763311835,3.94819889816749,-4.44600748577588));
#7692=CARTESIAN_POINT('Ctrl Pts',(8.18095836527228,3.83639348649515,-4.50324107057459));
#7693=CARTESIAN_POINT('Ctrl Pts',(8.43809933271226,3.55762320328009,-4.59863568039497));
#7694=CARTESIAN_POINT('Ctrl Pts',(8.53964358630282,3.39391220065715,-4.63608638566858));
#7695=CARTESIAN_POINT('Ctrl Pts',(8.67773331375064,3.03496673256927,-4.68694129440147));
#7696=CARTESIAN_POINT('Ctrl Pts',(8.71322725555603,2.84346086002714,-4.69996497785202));
#7697=CARTESIAN_POINT('Ctrl Pts',(8.71322725555603,2.65,-4.69996497785202));
#7698=CARTESIAN_POINT('Origin',(23.1499237667535,16.4207390469113,1.));
#7699=CARTESIAN_POINT('',(11.1720779386422,4.44289321881346,0.6));
#7700=CARTESIAN_POINT('',(11.1720779386422,4.44289321881346,1.));
#7701=CARTESIAN_POINT('',(11.1720779386422,4.44289321881346,0.6));
#7702=CARTESIAN_POINT('Origin',(0.,2.65,1.));
#7703=CARTESIAN_POINT('Origin',(17.875,8.21036952345565,0.6));
#7704=CARTESIAN_POINT('Origin',(18.75,0.,0.6));
#7705=CARTESIAN_POINT('Origin',(10.4649711574556,5.15000000000004,0.6));
#7706=CARTESIAN_POINT('Origin',(18.75,-2.27157068923926E-15,0.6));
#7707=CARTESIAN_POINT('Origin',(10.4649711574556,5.15000000000004,1.));
#7708=CARTESIAN_POINT('Origin',(18.75,-2.27157068923926E-15,1.));
#7709=CARTESIAN_POINT('Origin',(18.75,0.,1.));
#7710=CARTESIAN_POINT('Origin',(0.,2.65,0.));
#7711=CARTESIAN_POINT('Ctrl Pts',(5.6475783827938,4.15,6.21810730127747));
#7712=CARTESIAN_POINT('Ctrl Pts',(5.64918216935548,4.15,6.21940030333001));
#7713=CARTESIAN_POINT('Ctrl Pts',(5.65078599110767,4.14999585706163,6.22069325864772));
#7714=CARTESIAN_POINT('Ctrl Pts',(5.73234663191434,4.1495744898611,6.28644130422054));
#7715=CARTESIAN_POINT('Ctrl Pts',(5.81217448554147,4.13886561627448,6.35060437609752));
#7716=CARTESIAN_POINT('Ctrl Pts',(5.96900173367369,4.09715593444329,6.47632159370589));
#7717=CARTESIAN_POINT('Ctrl Pts',(6.04562870505544,4.06627940953438,6.53757802047718));
#7718=CARTESIAN_POINT('Ctrl Pts',(6.26054087313045,3.9481988981675,6.70898195871853));
#7719=CARTESIAN_POINT('Ctrl Pts',(6.38897574226208,3.83639348649515,6.81089192975596));
#7720=CARTESIAN_POINT('Ctrl Pts',(6.60405277934619,3.55762320328009,6.98107852393387));
#7721=CARTESIAN_POINT('Ctrl Pts',(6.689054199035,3.39391220065715,7.04807516126472));
#7722=CARTESIAN_POINT('Ctrl Pts',(6.80467030311188,3.03496673256929,7.13911312613062));
#7723=CARTESIAN_POINT('Ctrl Pts',(6.83440250823935,2.84346086002715,7.16246761635763));
#7724=CARTESIAN_POINT('Ctrl Pts',(6.83440250823935,2.65,7.16246761635763));
#7725=CARTESIAN_POINT('Ctrl Pts',(21.201051395842,-0.430902937385697,4.93709046326346));
#7726=CARTESIAN_POINT('Ctrl Pts',(21.2001640243565,-0.373429739249136,4.87879198205293));
#7727=CARTESIAN_POINT('Ctrl Pts',(21.1980465100281,-0.287340131215488,4.79146730412064));
#7728=CARTESIAN_POINT('Ctrl Pts',(21.1925502357468,-0.143068395401815,4.64512325362224));
#7729=CARTESIAN_POINT('Ctrl Pts',(21.1880717500493,-0.0579454939742939,
4.55878227418682));
#7730=CARTESIAN_POINT('Ctrl Pts',(21.1844138101762,0.00401459728018837,
4.49593014832078));
#7731=CARTESIAN_POINT('Ctrl Pts',(21.1838177146053,0.0258495468258101,4.47408499801611));
#7732=CARTESIAN_POINT('Ctrl Pts',(21.1825644885761,0.0621424403462927,4.43981653368834));
#7733=CARTESIAN_POINT('Ctrl Pts',(21.1800278265416,0.129487306643113,4.38034188723619));
#7734=CARTESIAN_POINT('Ctrl Pts',(21.1747248834497,0.242156633435709,4.29082183300761));
#7735=CARTESIAN_POINT('Ctrl Pts',(21.1656065562222,0.391707050340105,4.18688333591291));
#7736=CARTESIAN_POINT('Ctrl Pts',(21.1522169945969,0.561668740806872,4.08176782716815));
#7737=CARTESIAN_POINT('Ctrl Pts',(21.1363731430675,0.727528727490289,3.98757359727818));
#7738=CARTESIAN_POINT('Ctrl Pts',(21.1180656020173,0.890465839074957,3.90123270910237));
#7739=CARTESIAN_POINT('Ctrl Pts',(21.0972734431493,1.05175246695402,3.82049577572694));
#7740=CARTESIAN_POINT('Ctrl Pts',(21.0739678119202,1.2119311777631,3.74418425831454));
#7741=CARTESIAN_POINT('Ctrl Pts',(21.0481165905187,1.37149476066285,3.67143076769062));
#7742=CARTESIAN_POINT('Ctrl Pts',(21.0197102987308,1.53062551783595,3.60174153976248));
#7743=CARTESIAN_POINT('Ctrl Pts',(20.9887457353818,1.68948172814101,3.53476597927307));
#7744=CARTESIAN_POINT('Ctrl Pts',(20.9552080552318,1.84825475918062,3.47024862037508));
#7745=CARTESIAN_POINT('Ctrl Pts',(20.9190739745085,2.00719753959569,3.40801070780149));
#7746=CARTESIAN_POINT('Ctrl Pts',(20.8803117171942,2.16658688037479,3.34793725430512));
#7747=CARTESIAN_POINT('Ctrl Pts',(20.8342784581751,2.34469015906213,3.28355005410785));
#7748=CARTESIAN_POINT('Ctrl Pts',(20.7896864764143,2.50654089659034,3.22810286733771));
#7749=CARTESIAN_POINT('Ctrl Pts',(20.7423164387004,2.67108433435293,3.17498978818128));
#7750=CARTESIAN_POINT('Ctrl Pts',(20.6981254787467,2.81973041014388,3.12963830584448));
#7751=CARTESIAN_POINT('Ctrl Pts',(20.6455098204002,2.99392135219615,3.08153802010838));
#7752=CARTESIAN_POINT('Ctrl Pts',(20.6061068046502,3.12533186551869,3.05002755293415));
#7753=CARTESIAN_POINT('Ctrl Pts',(20.5821404180022,3.21275685180676,3.03271955206158));
#7754=CARTESIAN_POINT('Ctrl Pts',(20.57248021372,3.24901168085783,3.02591907998265));
#7755=CARTESIAN_POINT('Ctrl Pts',(20.5602675990955,3.29733574080523,3.0176680643864));
#7756=CARTESIAN_POINT('Ctrl Pts',(20.5491290233907,3.34682846575108,3.01062636670192));
#7757=CARTESIAN_POINT('Ctrl Pts',(20.5416395873792,3.38716965988443,3.00616514458563));
#7758=CARTESIAN_POINT('Ctrl Pts',(20.5378795378401,3.41013361713194,3.00399175615095));
#7759=CARTESIAN_POINT('Ctrl Pts',(20.5347315818017,3.43268605582947,3.00223809453519));
#7760=CARTESIAN_POINT('Ctrl Pts',(20.5325188493723,3.45406593738164,3.00106171258084));
#7761=CARTESIAN_POINT('Ctrl Pts',(20.5314101133729,3.46815200619855,3.00049610741281));
#7762=CARTESIAN_POINT('Ctrl Pts',(20.5308551664397,3.47833250351099,3.00022746384765));
#7763=CARTESIAN_POINT('Ctrl Pts',(20.5305775563971,3.48463137164477,3.00009844856073));
#7764=CARTESIAN_POINT('Ctrl Pts',(20.5304188852399,3.49080448613887,3.00003354582481));
#7765=CARTESIAN_POINT('Ctrl Pts',(20.5303395380311,3.49347110336094,2.99999999999996));
#7766=CARTESIAN_POINT('Ctrl Pts',(20.5302998618274,3.50000000000002,2.99999999999996));
#7767=CARTESIAN_POINT('Ctrl Pts',(21.4450847114183,-0.429045889019141,4.93520674871798));
#7768=CARTESIAN_POINT('Ctrl Pts',(21.4448689494347,-0.370852711561424,4.87613796961857));
#7769=CARTESIAN_POINT('Ctrl Pts',(21.4436973085703,-0.283639450597685,4.78774883087205));
#7770=CARTESIAN_POINT('Ctrl Pts',(21.4398158247357,-0.13750582540572,4.63946777245744));
#7771=CARTESIAN_POINT('Ctrl Pts',(21.4362873882901,-0.0513169617784929,
4.55202616096572));
#7772=CARTESIAN_POINT('Ctrl Pts',(21.4332578130441,0.0114646496424982,4.48837330187051));
#7773=CARTESIAN_POINT('Ctrl Pts',(21.4326129316191,0.0337971554179329,4.4663582523122));
#7774=CARTESIAN_POINT('Ctrl Pts',(21.4313537643973,0.0708609047893208,4.4318033871638));
#7775=CARTESIAN_POINT('Ctrl Pts',(21.4288082148776,0.139634570482394,4.37184781632496));
#7776=CARTESIAN_POINT('Ctrl Pts',(21.4236316653208,0.254615693673545,4.2815554782214));
#7777=CARTESIAN_POINT('Ctrl Pts',(21.4147669987637,0.407209494718956,4.17667028928631));
#7778=CARTESIAN_POINT('Ctrl Pts',(21.4017114514216,0.580835020914227,4.07036746864675));
#7779=CARTESIAN_POINT('Ctrl Pts',(21.3861567782985,0.750385879014556,3.97501135356119));
#7780=CARTESIAN_POINT('Ctrl Pts',(21.368080327206,0.917059309119085,3.88751919015104));
#7781=CARTESIAN_POINT('Ctrl Pts',(21.347453412379,1.08217849279971,3.80561059220551));
#7782=CARTESIAN_POINT('Ctrl Pts',(21.3242227797954,1.24619114790011,3.72819939919228));
#7783=CARTESIAN_POINT('Ctrl Pts',(21.2983620006383,1.40966822272044,3.65435334755485));
#7784=CARTESIAN_POINT('Ctrl Pts',(21.2698479754686,1.57276498512966,3.58361332143445));
#7785=CARTESIAN_POINT('Ctrl Pts',(21.2386664867509,1.73562620457322,3.51564817221845));
#7786=CARTESIAN_POINT('Ctrl Pts',(21.204799288411,1.89850080824557,3.45017420769037));
#7787=CARTESIAN_POINT('Ctrl Pts',(21.1681986893532,2.06157613368804,3.38708464633826));
#7788=CARTESIAN_POINT('Ctrl Pts',(21.1288201628525,2.22517169491952,3.32625949513439));
#7789=CARTESIAN_POINT('Ctrl Pts',(21.0818966456725,2.40803264839669,3.26121192806085));
#7790=CARTESIAN_POINT('Ctrl Pts',(21.0362544780745,2.57429583129735,3.20537963006498));
#7791=CARTESIAN_POINT('Ctrl Pts',(20.9875048091749,2.74338242152888,3.15225257482016));
#7792=CARTESIAN_POINT('Ctrl Pts',(20.9418505451666,2.8960654252801,3.10714479588809));
#7793=CARTESIAN_POINT('Ctrl Pts',(20.8868989612295,3.07507686139712,3.06025752974219));
#7794=CARTESIAN_POINT('Ctrl Pts',(20.8452462086689,3.20980986472851,3.03041112652203));
#7795=CARTESIAN_POINT('Ctrl Pts',(20.8191035478906,3.2994226052995,3.01546668404415));
#7796=CARTESIAN_POINT('Ctrl Pts',(20.8084733293276,3.33656148108989,3.00977456734781));
#7797=CARTESIAN_POINT('Ctrl Pts',(20.7948503203978,3.38592514826009,3.00322844429205));
#7798=CARTESIAN_POINT('Ctrl Pts',(20.7819851828763,3.43635135112646,2.99849226846423));
#7799=CARTESIAN_POINT('Ctrl Pts',(20.7728226522606,3.47722001886477,2.99645897128801));
#7800=CARTESIAN_POINT('Ctrl Pts',(20.7680323134525,3.50040096854361,2.99583051370311));
#7801=CARTESIAN_POINT('Ctrl Pts',(20.7637920042204,3.52306987399639,2.99576365802746));
#7802=CARTESIAN_POINT('Ctrl Pts',(20.7604349236168,3.54441430613554,2.99641772342298));
#7803=CARTESIAN_POINT('Ctrl Pts',(20.7585250350865,3.55840684725071,2.9971589185051));
#7804=CARTESIAN_POINT('Ctrl Pts',(20.757359111324,3.56846704702766,2.99790308833693));
#7805=CARTESIAN_POINT('Ctrl Pts',(20.7566949881166,3.57467735220531,2.99841889352449));
#7806=CARTESIAN_POINT('Ctrl Pts',(20.7561433816077,3.58073799022156,2.99901615443391));
#7807=CARTESIAN_POINT('Ctrl Pts',(20.7558955756829,3.58335865307521,2.9992659246637));
#7808=CARTESIAN_POINT('Ctrl Pts',(20.755424515127,3.58973910902226,2.99999999999996));
#7809=CARTESIAN_POINT('Ctrl Pts',(21.867485974286,-0.278836669731913,5.07686013684144));
#7810=CARTESIAN_POINT('Ctrl Pts',(21.8683349157585,-0.218494250118208,5.01737050885627));
#7811=CARTESIAN_POINT('Ctrl Pts',(21.8688188519746,-0.128053622777465,4.92818101365733));
#7812=CARTESIAN_POINT('Ctrl Pts',(21.8675244776221,0.0233875122878172,4.77893365977012));
#7813=CARTESIAN_POINT('Ctrl Pts',(21.8655769713588,0.113166034008498,4.69043739702589));
#7814=CARTESIAN_POINT('Ctrl Pts',(21.8635563788499,0.177784650978818,4.62681114166904));
#7815=CARTESIAN_POINT('Ctrl Pts',(21.8628321750753,0.197566752720428,4.607827338533));
#7816=CARTESIAN_POINT('Ctrl Pts',(21.8615612342522,0.231457773010652,4.5770643948677));
#7817=CARTESIAN_POINT('Ctrl Pts',(21.8589988724376,0.294843791807021,4.52334997366722));
#7818=CARTESIAN_POINT('Ctrl Pts',(21.8540214743493,0.403855678849737,4.44011901459859));
#7819=CARTESIAN_POINT('Ctrl Pts',(21.845574910327,0.552427354637673,4.34098209766042));
#7820=CARTESIAN_POINT('Ctrl Pts',(21.8330426800187,0.724866201802827,4.23859369778623));
#7821=CARTESIAN_POINT('Ctrl Pts',(21.8179356300252,0.895172270537904,4.14579091724289));
#7822=CARTESIAN_POINT('Ctrl Pts',(21.8002062662033,1.06392615777445,4.05998797612866));
#7823=CARTESIAN_POINT('Ctrl Pts',(21.7797895009016,1.23193283367357,3.97932268195736));
#7824=CARTESIAN_POINT('Ctrl Pts',(21.7566442448812,1.39953884187221,3.90274901748664));
#7825=CARTESIAN_POINT('Ctrl Pts',(21.7307094522244,1.56703361530491,3.82955125939935));
#7826=CARTESIAN_POINT('Ctrl Pts',(21.7019561451738,1.73448205060462,3.75931064654881));
#7827=CARTESIAN_POINT('Ctrl Pts',(21.6703557806566,1.90194202478826,3.69174760818785));
#7828=CARTESIAN_POINT('Ctrl Pts',(21.6358613760999,2.0695026403321,3.62668100930769));
#7829=CARTESIAN_POINT('Ctrl Pts',(21.5984120454822,2.23736263428905,3.56398464121274));
#7830=CARTESIAN_POINT('Ctrl Pts',(21.5579263819303,2.40571437284068,3.50362195867311));
#7831=CARTESIAN_POINT('Ctrl Pts',(21.5094294949597,2.59370460547977,3.43922203929039));
#7832=CARTESIAN_POINT('Ctrl Pts',(21.4619375610831,2.76425484070698,3.38422966217948));
#7833=CARTESIAN_POINT('Ctrl Pts',(21.410803590063,2.93698914110621,3.33230393271266));
#7834=CARTESIAN_POINT('Ctrl Pts',(21.3625120922581,3.0924981887372,3.28869856078419));
#7835=CARTESIAN_POINT('Ctrl Pts',(21.3035629518303,3.27275648978621,3.24431674775362));
#7836=CARTESIAN_POINT('Ctrl Pts',(21.2577433581726,3.40663634706682,3.21756890814034));
#7837=CARTESIAN_POINT('Ctrl Pts',(21.2280179981758,3.49267049736349,3.20529153272465));
#7838=CARTESIAN_POINT('Ctrl Pts',(21.2158054215153,3.52800616320227,3.20078364705342));
#7839=CARTESIAN_POINT('Ctrl Pts',(21.1998126123258,3.57433791245507,3.19606341502005));
#7840=CARTESIAN_POINT('Ctrl Pts',(21.1841376963313,3.62023717956049,3.19346356541865));
#7841=CARTESIAN_POINT('Ctrl Pts',(21.172286400308,3.65591249420146,3.19341306915283));
#7842=CARTESIAN_POINT('Ctrl Pts',(21.1658456748142,3.6756710503071,3.19397705528597));
#7843=CARTESIAN_POINT('Ctrl Pts',(21.1598554240691,3.69448263002936,3.19514920806609));
#7844=CARTESIAN_POINT('Ctrl Pts',(21.1546719699635,3.71146550805079,3.19703757217421));
#7845=CARTESIAN_POINT('Ctrl Pts',(21.151484866424,3.72226735006722,3.19861354609349));
#7846=CARTESIAN_POINT('Ctrl Pts',(21.1493455794112,3.7297977646115,3.1999702325993));
#7847=CARTESIAN_POINT('Ctrl Pts',(21.1480658271452,3.73438318576624,3.20086740821815));
#7848=CARTESIAN_POINT('Ctrl Pts',(21.1468885023219,3.73874830478482,3.20184000819092));
#7849=CARTESIAN_POINT('Ctrl Pts',(21.1463724316837,3.74064641265873,3.20225214431476));
#7850=CARTESIAN_POINT('Ctrl Pts',(21.1452145517597,3.74511707443152,3.20338406661337));
#7851=CARTESIAN_POINT('Ctrl Pts',(22.0129670041397,0.0281045917803666,5.37724189392989));
#7852=CARTESIAN_POINT('Ctrl Pts',(22.0128090457827,0.0901718290767413,5.31858861258036));
#7853=CARTESIAN_POINT('Ctrl Pts',(22.0117027525915,0.183231411648276,5.23062187500292));
#7854=CARTESIAN_POINT('Ctrl Pts',(22.0077713329229,0.338567083124665,5.08386035489042));
#7855=CARTESIAN_POINT('Ctrl Pts',(22.0041539376121,0.431428027894394,4.9961327612053));
#7856=CARTESIAN_POINT('Ctrl Pts',(22.0010174780403,0.496601303229036,4.93456440147847));
#7857=CARTESIAN_POINT('Ctrl Pts',(22.0003318723836,0.50994210110848,4.92209366647602));
#7858=CARTESIAN_POINT('Ctrl Pts',(21.9990018123337,0.53530607255828,4.89966996226774));
#7859=CARTESIAN_POINT('Ctrl Pts',(21.9963136885178,0.583770138461955,4.85978053344204));
#7860=CARTESIAN_POINT('Ctrl Pts',(21.9908615265477,0.673753691385983,4.79292439468706));
#7861=CARTESIAN_POINT('Ctrl Pts',(21.981531983478,0.804239510194378,4.70843208896016));
#7862=CARTESIAN_POINT('Ctrl Pts',(21.9677806902253,0.962717793355744,4.61718890405315));
#7863=CARTESIAN_POINT('Ctrl Pts',(21.9513855159683,1.12286464941291,4.53268874861605));
#7864=CARTESIAN_POINT('Ctrl Pts',(21.9323204913108,1.28406177469208,4.4533240165501));
#7865=CARTESIAN_POINT('Ctrl Pts',(21.9105492194382,1.44613880321953,4.3779966991803));
#7866=CARTESIAN_POINT('Ctrl Pts',(21.8860249029953,1.60893399578726,4.30599181457919));
#7867=CARTESIAN_POINT('Ctrl Pts',(21.8587103794842,1.77238554612141,4.2368296538801));
#7868=CARTESIAN_POINT('Ctrl Pts',(21.8285836682971,1.93629876821092,4.17023115201667));
#7869=CARTESIAN_POINT('Ctrl Pts',(21.7956299524238,2.10050992956141,4.1060204656734));
#7870=CARTESIAN_POINT('Ctrl Pts',(21.7598240495182,2.26496503878729,4.04407766090858));
#7871=CARTESIAN_POINT('Ctrl Pts',(21.721120265805,2.42964780828411,3.98433513780047));
#7872=CARTESIAN_POINT('Ctrl Pts',(21.6794667413042,2.59460146896366,3.92678973783424));
#7873=CARTESIAN_POINT('Ctrl Pts',(21.6298185127782,2.77828342517453,3.86539175329261));
#7874=CARTESIAN_POINT('Ctrl Pts',(21.5815057235113,2.94413288971745,3.81298677314238));
#7875=CARTESIAN_POINT('Ctrl Pts',(21.5298839154404,3.11072981548075,3.76352334146613));
#7876=CARTESIAN_POINT('Ctrl Pts',(21.4814996022676,3.25947816116007,3.72201850655385));
#7877=CARTESIAN_POINT('Ctrl Pts',(21.4232344265589,3.42852029020987,3.67966498551054));
#7878=CARTESIAN_POINT('Ctrl Pts',(21.3789526318637,3.5502559356312,3.65395918570361));
#7879=CARTESIAN_POINT('Ctrl Pts',(21.3511427873343,3.62410475096799,3.64154953594446));
#7880=CARTESIAN_POINT('Ctrl Pts',(21.3398287409393,3.65392842312474,3.63688568676086));
#7881=CARTESIAN_POINT('Ctrl Pts',(21.3252969645604,3.69186920862243,3.6317049995028));
#7882=CARTESIAN_POINT('Ctrl Pts',(21.3115467187508,3.72721251113617,3.62813157930588));
#7883=CARTESIAN_POINT('Ctrl Pts',(21.3017114495523,3.75222101695223,3.6266496564332));
#7884=CARTESIAN_POINT('Ctrl Pts',(21.296553412125,3.76527684666499,3.6261852374529));
#7885=CARTESIAN_POINT('Ctrl Pts',(21.2919677738567,3.77683188252234,3.62611194509201));
#7886=CARTESIAN_POINT('Ctrl Pts',(21.2883073756984,3.78601101159361,3.62646144813601));
#7887=CARTESIAN_POINT('Ctrl Pts',(21.2862084068667,3.79125880612696,3.62685539584659));
#7888=CARTESIAN_POINT('Ctrl Pts',(21.2849134498907,3.79448816157486,3.62723313986249));
#7889=CARTESIAN_POINT('Ctrl Pts',(21.2841715214738,3.79633596627315,3.62749128668536));
#7890=CARTESIAN_POINT('Ctrl Pts',(21.2835471752211,3.79788767267582,3.62777751790099));
#7891=CARTESIAN_POINT('Ctrl Pts',(21.2832676104721,3.79858269852157,3.62789927225864));
#7892=CARTESIAN_POINT('Ctrl Pts',(21.2827235909016,3.79993087858063,3.62823642504227));
#7893=CARTESIAN_POINT('Ctrl Pts',(22.0109548668894,0.158426519806613,5.50574958999074));
#7894=CARTESIAN_POINT('Ctrl Pts',(22.0099914525155,0.220824857032298,5.44745110878021));
#7895=CARTESIAN_POINT('Ctrl Pts',(22.0076924787777,0.314416202039154,5.36000945856919));
#7896=CARTESIAN_POINT('Ctrl Pts',(22.0017252038181,0.470366562834923,5.21430572847246));
#7897=CARTESIAN_POINT('Ctrl Pts',(21.9968629363635,0.563910787672845,5.12690879792953));
#7898=CARTESIAN_POINT('Ctrl Pts',(21.9928915310275,0.62886726237872,5.06622015401268));
#7899=CARTESIAN_POINT('Ctrl Pts',(21.9922443533229,0.63938706028267,5.05653243906082));
#7900=CARTESIAN_POINT('Ctrl Pts',(21.9908837326696,0.660963414495317,5.03767220920407));
#7901=CARTESIAN_POINT('Ctrl Pts',(21.9881296925573,0.702772074155974,5.00369144769215));
#7902=CARTESIAN_POINT('Ctrl Pts',(21.9823723162137,0.784075678610192,4.94383604694903));
#7903=CARTESIAN_POINT('Ctrl Pts',(21.9724725981587,0.906006396088856,4.86561170812862));
#7904=CARTESIAN_POINT('Ctrl Pts',(21.9579356242527,1.05747780270777,4.77913545488807));
#7905=CARTESIAN_POINT('Ctrl Pts',(21.9407340412064,1.21221114992011,4.69818684970909));
#7906=CARTESIAN_POINT('Ctrl Pts',(21.9208576439071,1.36908286941682,4.62157547285701));
#7907=CARTESIAN_POINT('Ctrl Pts',(21.8982837106171,1.52750003291,4.54852794673466));
#7908=CARTESIAN_POINT('Ctrl Pts',(21.8729809141165,1.68710854677257,4.47847695269011));
#7909=CARTESIAN_POINT('Ctrl Pts',(21.8449143842728,1.84768026154018,4.41103902824212));
#7910=CARTESIAN_POINT('Ctrl Pts',(21.8140738284698,2.00891745846055,4.34599670281858));
#7911=CARTESIAN_POINT('Ctrl Pts',(21.7804557712093,2.17057290901123,4.28321903253193));
#7912=CARTESIAN_POINT('Ctrl Pts',(21.7440440950956,2.33251072159316,4.22260964820374));
#7913=CARTESIAN_POINT('Ctrl Pts',(21.7048135210643,2.49465522378619,4.16412940933327));
#7914=CARTESIAN_POINT('Ctrl Pts',(21.6627295500666,2.65697388201662,4.1077876820087));
#7915=CARTESIAN_POINT('Ctrl Pts',(21.6127514922414,2.83751181804671,4.04767284111447));
#7916=CARTESIAN_POINT('Ctrl Pts',(21.5643382212614,3.0001850078267,3.99637272073877));
#7917=CARTESIAN_POINT('Ctrl Pts',(21.5129088301104,3.16303172056944,3.94796185451539));
#7918=CARTESIAN_POINT('Ctrl Pts',(21.4649309463154,3.30791636454235,3.90735176569035));
#7919=CARTESIAN_POINT('Ctrl Pts',(21.4078064135018,3.47118411823643,3.86586645698498));
#7920=CARTESIAN_POINT('Ctrl Pts',(21.365026774571,3.58712520525762,3.84059600060307));
#7921=CARTESIAN_POINT('Ctrl Pts',(21.339006599522,3.6555994920477,3.82813567424686));
#7922=CARTESIAN_POINT('Ctrl Pts',(21.328518568509,3.68302234630405,3.8234083087647));
#7923=CARTESIAN_POINT('Ctrl Pts',(21.3152593995319,3.71735905041382,3.81803298876924));
#7924=CARTESIAN_POINT('Ctrl Pts',(21.3031663087421,3.74827877841415,3.81404975402138));
#7925=CARTESIAN_POINT('Ctrl Pts',(21.2950350689812,3.76890438789312,3.811963839256));
#7926=CARTESIAN_POINT('Ctrl Pts',(21.2909528037388,3.77922670375648,3.81106499058324));
#7927=CARTESIAN_POINT('Ctrl Pts',(21.287535085066,3.78784138598977,3.81046491580437));
#7928=CARTESIAN_POINT('Ctrl Pts',(21.2851327335562,3.79388238417849,3.81016292292498));
#7929=CARTESIAN_POINT('Ctrl Pts',(21.2839289849389,3.79690576214517,3.81005614579291));
#7930=CARTESIAN_POINT('Ctrl Pts',(21.2833264820854,3.79841813223271,3.81001897286739));
#7931=CARTESIAN_POINT('Ctrl Pts',(21.2830250823787,3.79917446506068,3.81000621908776));
#7932=CARTESIAN_POINT('Ctrl Pts',(21.2828528139702,3.79960669152752,3.81000137848798));
#7933=CARTESIAN_POINT('Ctrl Pts',(21.2827666671391,3.79982281507131,3.80999999999996));
#7934=CARTESIAN_POINT('Ctrl Pts',(21.2827235909016,3.79993087858063,3.80999999999996));
#7935=CARTESIAN_POINT('',(21.1845608729826,0.,4.5));
#7936=CARTESIAN_POINT('Ctrl Pts',(21.9824276742513,-1.90819582357449E-15,
5.35));
#7937=CARTESIAN_POINT('Ctrl Pts',(21.9784713104949,-1.82286498534648E-15,
5.33015141620479));
#7938=CARTESIAN_POINT('Ctrl Pts',(21.9741174445205,1.46214948703618E-14,
5.31039360582088));
#7939=CARTESIAN_POINT('Ctrl Pts',(21.9418358259197,9.33524725698589E-15,
5.17697674576319));
#7940=CARTESIAN_POINT('Ctrl Pts',(21.9006203559516,4.43245164285445E-15,
5.06579184109926));
#7941=CARTESIAN_POINT('Ctrl Pts',(21.7882786243328,3.18997684809503E-15,
4.85870033216014));
#7942=CARTESIAN_POINT('Ctrl Pts',(21.7159265656663,1.94043709479297E-15,
4.76182190449086));
#7943=CARTESIAN_POINT('Ctrl Pts',(21.5616358714623,7.30884178415839E-16,
4.62392117716172));
#7944=CARTESIAN_POINT('Ctrl Pts',(21.4867372993584,2.06844954572483E-11,
4.57516000379064));
#7945=CARTESIAN_POINT('Ctrl Pts',(21.3340780590923,1.94447297235132E-11,
4.51501414961109));
#7946=CARTESIAN_POINT('Ctrl Pts',(21.2601149031348,-4.18452388885121E-16,
4.5));
#7947=CARTESIAN_POINT('Ctrl Pts',(21.1845608729826,-4.16333634234434E-16,
4.5));
#7948=CARTESIAN_POINT('',(20.5302998618274,3.50000000000002,2.99999999999996));
#7949=CARTESIAN_POINT('Ctrl Pts',(21.1846505117452,3.87460770786847E-6,
4.49999861198017));
#7950=CARTESIAN_POINT('Ctrl Pts',(21.1846206623667,0.000510378410974566,
4.49948481679646));
#7951=CARTESIAN_POINT('Ctrl Pts',(21.1845907748282,0.00101707781119452,
4.49897082284428));
#7952=CARTESIAN_POINT('Ctrl Pts',(21.1844138101762,0.00401459728018837,
4.49593014832078));
#7953=CARTESIAN_POINT('Ctrl Pts',(21.1838177146053,0.0258495468258101,4.47408499801611));
#7954=CARTESIAN_POINT('Ctrl Pts',(21.1825644885761,0.0621424403462927,4.43981653368834));
#7955=CARTESIAN_POINT('Ctrl Pts',(21.1800278265416,0.129487306643113,4.38034188723619));
#7956=CARTESIAN_POINT('Ctrl Pts',(21.1747248834497,0.242156633435709,4.29082183300761));
#7957=CARTESIAN_POINT('Ctrl Pts',(21.1656065562222,0.391707050340105,4.18688333591291));
#7958=CARTESIAN_POINT('Ctrl Pts',(21.1522169945969,0.561668740806872,4.08176782716815));
#7959=CARTESIAN_POINT('Ctrl Pts',(21.1363731430675,0.727528727490289,3.98757359727818));
#7960=CARTESIAN_POINT('Ctrl Pts',(21.1180656020173,0.890465839074957,3.90123270910237));
#7961=CARTESIAN_POINT('Ctrl Pts',(21.0972734431493,1.05175246695402,3.82049577572694));
#7962=CARTESIAN_POINT('Ctrl Pts',(21.0739678119202,1.2119311777631,3.74418425831454));
#7963=CARTESIAN_POINT('Ctrl Pts',(21.0481165905187,1.37149476066285,3.67143076769062));
#7964=CARTESIAN_POINT('Ctrl Pts',(21.0197102987308,1.53062551783595,3.60174153976248));
#7965=CARTESIAN_POINT('Ctrl Pts',(20.9887457353818,1.68948172814101,3.53476597927307));
#7966=CARTESIAN_POINT('Ctrl Pts',(20.9552080552318,1.84825475918062,3.47024862037508));
#7967=CARTESIAN_POINT('Ctrl Pts',(20.9190739745085,2.00719753959569,3.40801070780149));
#7968=CARTESIAN_POINT('Ctrl Pts',(20.8803117171942,2.16658688037479,3.34793725430512));
#7969=CARTESIAN_POINT('Ctrl Pts',(20.8342784581751,2.34469015906213,3.28355005410785));
#7970=CARTESIAN_POINT('Ctrl Pts',(20.7896864764143,2.50654089659034,3.22810286733771));
#7971=CARTESIAN_POINT('Ctrl Pts',(20.7423164387004,2.67108433435293,3.17498978818128));
#7972=CARTESIAN_POINT('Ctrl Pts',(20.6981254787467,2.81973041014388,3.12963830584448));
#7973=CARTESIAN_POINT('Ctrl Pts',(20.6455098204002,2.99392135219615,3.08153802010838));
#7974=CARTESIAN_POINT('Ctrl Pts',(20.6061068046502,3.12533186551869,3.05002755293415));
#7975=CARTESIAN_POINT('Ctrl Pts',(20.5821404180022,3.21275685180676,3.03271955206158));
#7976=CARTESIAN_POINT('Ctrl Pts',(20.57248021372,3.24901168085783,3.02591907998265));
#7977=CARTESIAN_POINT('Ctrl Pts',(20.5602675990955,3.29733574080523,3.0176680643864));
#7978=CARTESIAN_POINT('Ctrl Pts',(20.5491290233907,3.34682846575108,3.01062636670192));
#7979=CARTESIAN_POINT('Ctrl Pts',(20.5416395873792,3.38716965988443,3.00616514458563));
#7980=CARTESIAN_POINT('Ctrl Pts',(20.5378795378401,3.41013361713194,3.00399175615095));
#7981=CARTESIAN_POINT('Ctrl Pts',(20.5347315818017,3.43268605582947,3.00223809453519));
#7982=CARTESIAN_POINT('Ctrl Pts',(20.5325188493723,3.45406593738164,3.00106171258084));
#7983=CARTESIAN_POINT('Ctrl Pts',(20.5314101133729,3.46815200619855,3.00049610741281));
#7984=CARTESIAN_POINT('Ctrl Pts',(20.5308551664397,3.47833250351099,3.00022746384765));
#7985=CARTESIAN_POINT('Ctrl Pts',(20.5305775563971,3.48463137164477,3.00009844856073));
#7986=CARTESIAN_POINT('Ctrl Pts',(20.5304188852399,3.49080448613887,3.00003354582481));
#7987=CARTESIAN_POINT('Ctrl Pts',(20.5303395380311,3.49347110336094,2.99999999999996));
#7988=CARTESIAN_POINT('Ctrl Pts',(20.5302998618274,3.50000000000002,2.99999999999996));
#7989=CARTESIAN_POINT('',(21.2827235909016,3.79993087858063,3.80999999999996));
#7990=CARTESIAN_POINT('Origin',(20.5302998618274,3.50000000000002,3.80999999999996));
#7991=CARTESIAN_POINT('Ctrl Pts',(21.2827235909016,3.79993087858063,3.80999999999996));
#7992=CARTESIAN_POINT('Ctrl Pts',(21.2827666671391,3.79982281507131,3.80999999999996));
#7993=CARTESIAN_POINT('Ctrl Pts',(21.2828528139702,3.79960669152752,3.81000137848798));
#7994=CARTESIAN_POINT('Ctrl Pts',(21.2830250823787,3.79917446506068,3.81000621908776));
#7995=CARTESIAN_POINT('Ctrl Pts',(21.2833264820854,3.79841813223271,3.81001897286739));
#7996=CARTESIAN_POINT('Ctrl Pts',(21.2839289849389,3.79690576214517,3.81005614579291));
#7997=CARTESIAN_POINT('Ctrl Pts',(21.2851327335562,3.79388238417849,3.81016292292498));
#7998=CARTESIAN_POINT('Ctrl Pts',(21.287535085066,3.78784138598977,3.81046491580437));
#7999=CARTESIAN_POINT('Ctrl Pts',(21.2909528037388,3.77922670375648,3.81106499058324));
#8000=CARTESIAN_POINT('Ctrl Pts',(21.2950350689812,3.76890438789312,3.811963839256));
#8001=CARTESIAN_POINT('Ctrl Pts',(21.3031663087421,3.74827877841415,3.81404975402138));
#8002=CARTESIAN_POINT('Ctrl Pts',(21.3152593995319,3.71735905041382,3.81803298876924));
#8003=CARTESIAN_POINT('Ctrl Pts',(21.328518568509,3.68302234630405,3.8234083087647));
#8004=CARTESIAN_POINT('Ctrl Pts',(21.339006599522,3.6555994920477,3.82813567424686));
#8005=CARTESIAN_POINT('Ctrl Pts',(21.365026774571,3.58712520525762,3.84059600060307));
#8006=CARTESIAN_POINT('Ctrl Pts',(21.4078064135018,3.47118411823643,3.86586645698498));
#8007=CARTESIAN_POINT('Ctrl Pts',(21.4649309463154,3.30791636454235,3.90735176569035));
#8008=CARTESIAN_POINT('Ctrl Pts',(21.5129088301104,3.16303172056944,3.94796185451539));
#8009=CARTESIAN_POINT('Ctrl Pts',(21.5643382212614,3.0001850078267,3.99637272073877));
#8010=CARTESIAN_POINT('Ctrl Pts',(21.6127514922414,2.83751181804671,4.04767284111447));
#8011=CARTESIAN_POINT('Ctrl Pts',(21.6627295500666,2.65697388201662,4.1077876820087));
#8012=CARTESIAN_POINT('Ctrl Pts',(21.7048135210643,2.49465522378619,4.16412940933327));
#8013=CARTESIAN_POINT('Ctrl Pts',(21.7440440950956,2.33251072159316,4.22260964820374));
#8014=CARTESIAN_POINT('Ctrl Pts',(21.7804557712093,2.17057290901123,4.28321903253193));
#8015=CARTESIAN_POINT('Ctrl Pts',(21.8140738284698,2.00891745846055,4.34599670281858));
#8016=CARTESIAN_POINT('Ctrl Pts',(21.8449143842728,1.84768026154018,4.41103902824212));
#8017=CARTESIAN_POINT('Ctrl Pts',(21.8729809141165,1.68710854677257,4.47847695269011));
#8018=CARTESIAN_POINT('Ctrl Pts',(21.8982837106171,1.52750003291,4.54852794673466));
#8019=CARTESIAN_POINT('Ctrl Pts',(21.9208576439071,1.36908286941682,4.62157547285701));
#8020=CARTESIAN_POINT('Ctrl Pts',(21.9407340412064,1.21221114992011,4.69818684970909));
#8021=CARTESIAN_POINT('Ctrl Pts',(21.9579356242527,1.05747780270777,4.77913545488807));
#8022=CARTESIAN_POINT('Ctrl Pts',(21.9724725981587,0.906006396088856,4.86561170812862));
#8023=CARTESIAN_POINT('Ctrl Pts',(21.9823723162137,0.784075678610192,4.94383604694903));
#8024=CARTESIAN_POINT('Ctrl Pts',(21.9881296925573,0.702772074155974,5.00369144769215));
#8025=CARTESIAN_POINT('Ctrl Pts',(21.9908837326696,0.660963414495317,5.03767220920407));
#8026=CARTESIAN_POINT('Ctrl Pts',(21.9922443533229,0.63938706028267,5.05653243906082));
#8027=CARTESIAN_POINT('Ctrl Pts',(21.9928915310275,0.62886726237872,5.06622015401268));
#8028=CARTESIAN_POINT('Ctrl Pts',(21.9968629363635,0.563910787672845,5.12690879792953));
#8029=CARTESIAN_POINT('Ctrl Pts',(22.0017252038181,0.470366562834923,5.21430572847246));
#8030=CARTESIAN_POINT('Ctrl Pts',(22.0055666906467,0.369972117971742,5.30810381283029));
#8031=CARTESIAN_POINT('Ctrl Pts',(22.0068097723041,0.33195433013731,5.34362360914897));
#8032=CARTESIAN_POINT('Ctrl Pts',(22.0070261116985,0.325129370256372,5.35000012787991));
#8033=CARTESIAN_POINT('Origin',(21.4861610299606,-4.58602659910408,3.81));
#8034=CARTESIAN_POINT('',(20.3010504366517,-4.02780363144062,3.));
#8035=CARTESIAN_POINT('',(21.0338287424381,-4.37296439770581,3.81));
#8036=CARTESIAN_POINT('Origin',(20.3010504366517,-4.02780363144062,3.81));
#8037=CARTESIAN_POINT('Origin',(21.4861610299606,-4.58602659910408,3.81));
#8038=CARTESIAN_POINT('Origin',(21.4861610299606,-4.58602659910408,3.));
#8039=CARTESIAN_POINT('Origin',(11.7499999999985,2.77555756156289E-16,3.81));
#8040=CARTESIAN_POINT('',(20.5302998618274,-3.50000000000002,2.99999999999996));
#8041=CARTESIAN_POINT('',(21.2827235909016,-3.79993087858063,3.81));
#8042=CARTESIAN_POINT('Origin',(20.5302998618274,-3.50000000000002,3.81));
#8043=CARTESIAN_POINT('Origin',(11.7499999999985,2.77555756156289E-16,3.81));
#8044=CARTESIAN_POINT('Origin',(11.7499999999985,2.77555756156289E-16,3.));
#8045=CARTESIAN_POINT('Ctrl Pts',(20.5302998618274,-3.50000000000002,2.99999999999996));
#8046=CARTESIAN_POINT('Ctrl Pts',(20.5303395380311,-3.49347110336094,2.99999999999996));
#8047=CARTESIAN_POINT('Ctrl Pts',(20.5304188852417,-3.49080448483337,3.00003354583727));
#8048=CARTESIAN_POINT('Ctrl Pts',(20.530577556412,-3.48463136353349,3.0000984484979));
#8049=CARTESIAN_POINT('Ctrl Pts',(20.5308551664489,-3.47833249605031,3.00022746401636));
#8050=CARTESIAN_POINT('Ctrl Pts',(20.5314101136032,-3.4681518886275,3.00049610597838));
#8051=CARTESIAN_POINT('Ctrl Pts',(20.5325188491843,-3.45406598865337,3.00106171821514));
#8052=CARTESIAN_POINT('Ctrl Pts',(20.5347315868692,-3.43268355365241,3.00223805675439));
#8053=CARTESIAN_POINT('Ctrl Pts',(20.5391387092582,-3.40111795380875,3.00469339924053));
#8054=CARTESIAN_POINT('Ctrl Pts',(20.5453909828096,-3.36618673298843,3.00837202819773));
#8055=CARTESIAN_POINT('Ctrl Pts',(20.55284125409,-3.33052778580469,3.01297476583215));
#8056=CARTESIAN_POINT('Ctrl Pts',(20.560243182746,-3.29834780240912,3.01773192941774));
#8057=CARTESIAN_POINT('Ctrl Pts',(20.5675953357118,-3.26838146543089,3.02261900726941));
#8058=CARTESIAN_POINT('Ctrl Pts',(20.5773282728094,-3.23053713224355,3.02928644770384));
#8059=CARTESIAN_POINT('Ctrl Pts',(20.5893578599644,-3.18626838241764,3.03787005641981));
#8060=CARTESIAN_POINT('Ctrl Pts',(20.6035762417766,-3.13603548525058,3.04850544675465));
#8061=CARTESIAN_POINT('Ctrl Pts',(20.6222646523625,-3.07172101178658,3.06308315152447));
#8062=CARTESIAN_POINT('Ctrl Pts',(20.6725722888087,-2.90336959253419,3.10469170143917));
#8063=CARTESIAN_POINT('Ctrl Pts',(20.7378838027339,-2.68861772355885,3.16836839995993));
#8064=CARTESIAN_POINT('Ctrl Pts',(20.8101154340925,-2.4340942173005,3.25225444388601));
#8065=CARTESIAN_POINT('Ctrl Pts',(20.8671472234361,-2.21981494467208,3.3281098261738));
#8066=CARTESIAN_POINT('Ctrl Pts',(20.9281261515954,-1.97165593900721,3.42101411320581));
#8067=CARTESIAN_POINT('Ctrl Pts',(20.9900282317172,-1.6895754458167,3.5335216580651));
#8068=CARTESIAN_POINT('Ctrl Pts',(21.0493967429951,-1.3716441787301,3.66998033881673));
#8069=CARTESIAN_POINT('Ctrl Pts',(21.0985326276938,-1.05234548235097,3.81823989168841));
#8070=CARTESIAN_POINT('Ctrl Pts',(21.1376015300045,-0.728734853943284,3.98406287922873));
#8071=CARTESIAN_POINT('Ctrl Pts',(21.1619597164841,-0.451855334013839,4.14508371019821));
#8072=CARTESIAN_POINT('Ctrl Pts',(21.1747247676327,-0.244453300615398,4.28847958915393));
#8073=CARTESIAN_POINT('Ctrl Pts',(21.1800278198975,-0.131480675463321,4.37833158395382));
#8074=CARTESIAN_POINT('Ctrl Pts',(21.1823954009594,-0.0701836378732942,
4.43224264894876));
#8075=CARTESIAN_POINT('Ctrl Pts',(21.1836628299548,-0.0327501163599046,
4.46736967927826));
#8076=CARTESIAN_POINT('Ctrl Pts',(21.1842667713101,-0.0130157952042469,
4.48680021912129));
#8077=CARTESIAN_POINT('Ctrl Pts',(21.1849997178763,0.0120180667152728,4.51219319118371));
#8078=CARTESIAN_POINT('Ctrl Pts',(21.1858610324679,0.0228016666595485,4.52313153446511));
#8079=CARTESIAN_POINT('Ctrl Pts',(21.1875180089994,0.0533717084134035,4.55414027784663));
#8080=CARTESIAN_POINT('Ctrl Pts',(21.1902454100964,0.101913046941338,4.60337813519213));
#8081=CARTESIAN_POINT('Ctrl Pts',(21.1963727488862,0.231910743882757,4.73524210367196));
#8082=CARTESIAN_POINT('Ctrl Pts',(21.1997203408713,0.344693286396694,4.84964288976308));
#8083=CARTESIAN_POINT('Ctrl Pts',(21.201051395842,0.430902937385695,4.93709046326345));
#8084=CARTESIAN_POINT('Ctrl Pts',(20.755424515127,-3.58973910902226,2.99999999999996));
#8085=CARTESIAN_POINT('Ctrl Pts',(20.7558955756829,-3.58335865307521,2.9992659246637));
#8086=CARTESIAN_POINT('Ctrl Pts',(20.7561433816915,-3.58073798902107,2.99901615424872));
#8087=CARTESIAN_POINT('Ctrl Pts',(20.7566949886819,-3.57467734443146,2.9984188923474));
#8088=CARTESIAN_POINT('Ctrl Pts',(20.757359111769,-3.568467040407,2.99790308729367));
#8089=CARTESIAN_POINT('Ctrl Pts',(20.7585250434328,-3.55840673344392,2.99715890135817));
#8090=CARTESIAN_POINT('Ctrl Pts',(20.76043491824,-3.54441436782943,2.99641773179785));
#8091=CARTESIAN_POINT('Ctrl Pts',(20.7637921814291,-3.52306744138353,2.99576329745209));
#8092=CARTESIAN_POINT('Ctrl Pts',(20.7697281238448,-3.49133861712564,2.99585782489494));
#8093=CARTESIAN_POINT('Ctrl Pts',(20.7774650553139,-3.4559910136617,2.99735985535982));
#8094=CARTESIAN_POINT('Ctrl Pts',(20.7862488971243,-3.41975943236655,3.00011641984511));
#8095=CARTESIAN_POINT('Ctrl Pts',(20.7947384343358,-3.38695981660065,3.00344309698915));
#8096=CARTESIAN_POINT('Ctrl Pts',(20.8030168474928,-3.35635613976916,3.0071708895632));
#8097=CARTESIAN_POINT('Ctrl Pts',(20.8138337485834,-3.31764122982672,3.01254292191856));
#8098=CARTESIAN_POINT('Ctrl Pts',(20.8269755301589,-3.27231707057381,3.01991284507723));
#8099=CARTESIAN_POINT('Ctrl Pts',(20.8423232034908,-3.2207949270419,3.02941792122377));
#8100=CARTESIAN_POINT('Ctrl Pts',(20.8623122829679,-3.15477027058776,3.04281208360167));
#8101=CARTESIAN_POINT('Ctrl Pts',(20.915500506928,-2.98184155893222,3.08224692165369));
#8102=CARTESIAN_POINT('Ctrl Pts',(20.9830008885977,-2.76141227115111,3.14554877125972));
#8103=CARTESIAN_POINT('Ctrl Pts',(21.0572214482287,-2.49987559150168,3.22960871906743));
#8104=CARTESIAN_POINT('Ctrl Pts',(21.1154264122702,-2.27982010287098,3.30620836732477));
#8105=CARTESIAN_POINT('Ctrl Pts',(21.1774181943165,-2.02506140197871,3.40023771525455));
#8106=CARTESIAN_POINT('Ctrl Pts',(21.2400047866921,-1.7357055979872,3.51437236099232));
#8107=CARTESIAN_POINT('Ctrl Pts',(21.2996916058466,-1.40977383446423,3.65289132245411));
#8108=CARTESIAN_POINT('Ctrl Pts',(21.3487528355554,-1.08276261875356,3.80333117943846));
#8109=CARTESIAN_POINT('Ctrl Pts',(21.3874109001096,-0.751522480443966,3.97153222577594));
#8110=CARTESIAN_POINT('Ctrl Pts',(21.4112340124174,-0.468761639569229,4.13433184464722));
#8111=CARTESIAN_POINT('Ctrl Pts',(21.4236041249108,-0.256998706831017,4.27918966270946));
#8112=CARTESIAN_POINT('Ctrl Pts',(21.4287839466377,-0.141697409432453,4.36982248485603));
#8113=CARTESIAN_POINT('Ctrl Pts',(21.4311405063878,-0.0791201548386528,
4.42417010772048));
#8114=CARTESIAN_POINT('Ctrl Pts',(21.4324285399629,-0.0408783703736435,
4.45958614752521));
#8115=CARTESIAN_POINT('Ctrl Pts',(21.4330554343181,-0.0207151085694467,
4.47916981864809));
#8116=CARTESIAN_POINT('Ctrl Pts',(21.4338221165652,0.00486707648694633,
4.50476623569009));
#8117=CARTESIAN_POINT('Ctrl Pts',(21.4344791476901,0.0157248669471812,4.51588776369094));
#8118=CARTESIAN_POINT('Ctrl Pts',(21.4358415123809,0.0467190954865836,4.54729281739448));
#8119=CARTESIAN_POINT('Ctrl Pts',(21.437992367865,0.0958506238902973,4.59719552148747));
#8120=CARTESIAN_POINT('Ctrl Pts',(21.4426744747948,0.227528230414716,4.73082945002519));
#8121=CARTESIAN_POINT('Ctrl Pts',(21.4447610689918,0.341756270880082,4.84660373034396));
#8122=CARTESIAN_POINT('Ctrl Pts',(21.4450847114183,0.429045889019138,4.93520674871798));
#8123=CARTESIAN_POINT('Ctrl Pts',(21.1452145517597,-3.74511707443152,3.20338406661337));
#8124=CARTESIAN_POINT('Ctrl Pts',(21.1463724316837,-3.74064641265873,3.20225214431476));
#8125=CARTESIAN_POINT('Ctrl Pts',(21.1468885025421,-3.73874830388545,3.20184000801657));
#8126=CARTESIAN_POINT('Ctrl Pts',(21.1480658285813,-3.73438318015928,3.20086740672047));
#8127=CARTESIAN_POINT('Ctrl Pts',(21.1493455806251,-3.72979775947672,3.19997023189147));
#8128=CARTESIAN_POINT('Ctrl Pts',(21.1514848875014,-3.7222672687068,3.19861352283214));
#8129=CARTESIAN_POINT('Ctrl Pts',(21.1546719584548,-3.71146554389414,3.19703759711168));
#8130=CARTESIAN_POINT('Ctrl Pts',(21.1598558773021,-3.69448089588699,3.19514868984662));
#8131=CARTESIAN_POINT('Ctrl Pts',(21.168240728137,-3.66815015781274,3.19350964852022));
#8132=CARTESIAN_POINT('Ctrl Pts',(21.1783672646318,-3.63751211825241,3.19325384600147));
#8133=CARTESIAN_POINT('Ctrl Pts',(21.1893323131098,-3.60506528686452,3.19436035457051));
#8134=CARTESIAN_POINT('Ctrl Pts',(21.199601684031,-3.57503898900315,3.19633326354008));
#8135=CARTESIAN_POINT('Ctrl Pts',(21.2094034050547,-3.54656315164048,3.19890018239514));
#8136=CARTESIAN_POINT('Ctrl Pts',(21.2219969721273,-3.51009043196614,3.20292853415931));
#8137=CARTESIAN_POINT('Ctrl Pts',(21.2370255888059,-3.46665248548669,3.20885762270037));
#8138=CARTESIAN_POINT('Ctrl Pts',(21.2542637643884,-3.41663647148102,3.21696415841257));
#8139=CARTESIAN_POINT('Ctrl Pts',(21.2764320234985,-3.35189608987303,3.22878601246266));
#8140=CARTESIAN_POINT('Ctrl Pts',(21.3345284618366,-3.18011335437483,3.26481455916063));
#8141=CARTESIAN_POINT('Ctrl Pts',(21.4062117963115,-2.95555042281591,3.32559034699811));
#8142=CARTESIAN_POINT('Ctrl Pts',(21.4838245637807,-2.68803081717041,3.40804840134948));
#8143=CARTESIAN_POINT('Ctrl Pts',(21.5441424144647,-2.46191418503225,3.48372204210144));
#8144=CARTESIAN_POINT('Ctrl Pts',(21.6079206152417,-2.19984395704419,3.57701375301238));
#8145=CARTESIAN_POINT('Ctrl Pts',(21.6717936646408,-1.9019258729976,3.690497395065));
#8146=CARTESIAN_POINT('Ctrl Pts',(21.7321243681755,-1.56701210695634,3.82813563217937));
#8147=CARTESIAN_POINT('Ctrl Pts',(21.7811544345049,-1.23216338402347,3.97724709170006));
#8148=CARTESIAN_POINT('Ctrl Pts',(21.8192549192753,-0.895795675247428,4.14261043648005));
#8149=CARTESIAN_POINT('Ctrl Pts',(21.8421787509301,-0.612074794848625,4.30122107002897));
#8150=CARTESIAN_POINT('Ctrl Pts',(21.8539451532556,-0.405661220361877,4.43837060405506));
#8151=CARTESIAN_POINT('Ctrl Pts',(21.85893287046,-0.296415457234755,4.52185019572599));
#8152=CARTESIAN_POINT('Ctrl Pts',(21.861273004823,-0.238482497753057,4.57078912763785));
#8153=CARTESIAN_POINT('Ctrl Pts',(21.8625969915663,-0.203661836460469,4.60216393154847));
#8154=CARTESIAN_POINT('Ctrl Pts',(21.8632601933946,-0.18551628172571,4.61932164378237));
#8155=CARTESIAN_POINT('Ctrl Pts',(21.8640802690512,-0.162606389605354,4.6416411387834));
#8156=CARTESIAN_POINT('Ctrl Pts',(21.8644143442806,-0.150326244090542,4.65380842408898));
#8157=CARTESIAN_POINT('Ctrl Pts',(21.8653099929481,-0.118661583853818,4.68497036866404));
#8158=CARTESIAN_POINT('Ctrl Pts',(21.8665332925318,-0.0671671324355096,
4.73574433163349));
#8159=CARTESIAN_POINT('Ctrl Pts',(21.8689346184611,0.0692969162015456,4.87020116482405));
#8160=CARTESIAN_POINT('Ctrl Pts',(21.868759384335,0.188323193826695,4.98762584620947));
#8161=CARTESIAN_POINT('Ctrl Pts',(21.867485974286,0.27883666973191,5.07686013684143));
#8162=CARTESIAN_POINT('Ctrl Pts',(21.2827235909016,-3.79993087858063,3.62823642504227));
#8163=CARTESIAN_POINT('Ctrl Pts',(21.2832676104721,-3.79858269852157,3.62789927225864));
#8164=CARTESIAN_POINT('Ctrl Pts',(21.283547175322,-3.79788767242769,3.6277775178974));
#8165=CARTESIAN_POINT('Ctrl Pts',(21.2841715221331,-3.79633596468893,3.62749128611479));
#8166=CARTESIAN_POINT('Ctrl Pts',(21.2849134504433,-3.79448816018366,3.62723314022198));
#8167=CARTESIAN_POINT('Ctrl Pts',(21.2862084165409,-3.79125878299628,3.6268553855247));
#8168=CARTESIAN_POINT('Ctrl Pts',(21.2883073702596,-3.786011023082,3.62646147216656));
#8169=CARTESIAN_POINT('Ctrl Pts',(21.2919679800701,-3.77683138669385,3.6261116963054));
#8170=CARTESIAN_POINT('Ctrl Pts',(21.2983872557051,-3.76065595848169,3.62621549182686));
#8171=CARTESIAN_POINT('Ctrl Pts',(21.3067008317501,-3.73955493162217,3.62729460168165));
#8172=CARTESIAN_POINT('Ctrl Pts',(21.3161086691825,-3.71546561921811,3.62933322113422));
#8173=CARTESIAN_POINT('Ctrl Pts',(21.3251790029744,-3.69206541400831,3.63188333784745));
#8174=CARTESIAN_POINT('Ctrl Pts',(21.3340106753505,-3.66910971627956,3.63481471774103));
#8175=CARTESIAN_POINT('Ctrl Pts',(21.345535383707,-3.63894171844507,3.63913647101681));
#8176=CARTESIAN_POINT('Ctrl Pts',(21.3595290525965,-3.60187652646408,3.64517567116609));
#8177=CARTESIAN_POINT('Ctrl Pts',(21.3758467096906,-3.55806584895743,3.65319284040685));
#8178=CARTESIAN_POINT('Ctrl Pts',(21.3970811663082,-3.50025584490013,3.66470663296925));
#8179=CARTESIAN_POINT('Ctrl Pts',(21.453539137517,-3.34322162494004,3.69933196726575));
#8180=CARTESIAN_POINT('Ctrl Pts',(21.5251277278539,-3.12902448737516,3.75710703582778));
#8181=CARTESIAN_POINT('Ctrl Pts',(21.6036998056884,-2.87028005454087,3.83568137665025));
#8182=CARTESIAN_POINT('Ctrl Pts',(21.6653012852746,-2.64962074179516,3.90781462889714));
#8183=CARTESIAN_POINT('Ctrl Pts',(21.7308731639575,-2.39293435810394,3.99676076519135));
#8184=CARTESIAN_POINT('Ctrl Pts',(21.7970499830629,-2.10042152230928,4.10488731095788));
#8185=CARTESIAN_POINT('Ctrl Pts',(21.8601202069567,-1.77214228807084,4.23558344092442));
#8186=CARTESIAN_POINT('Ctrl Pts',(21.9119251460385,-1.4457746391617,4.37633881456159));
#8187=CARTESIAN_POINT('Ctrl Pts',(21.9527176077242,-1.12236859346719,4.53027220717278));
#8188=CARTESIAN_POINT('Ctrl Pts',(21.9778037281408,-0.856546394050083,4.67464727700113));
#8189=CARTESIAN_POINT('Ctrl Pts',(21.9908287261476,-0.674289192892576,4.79239678571373));
#8190=CARTESIAN_POINT('Ctrl Pts',(21.996285078701,-0.584242849497246,4.85933383461282));
#8191=CARTESIAN_POINT('Ctrl Pts',(21.9987715213089,-0.539374007491391,4.89620446534134));
#8192=CARTESIAN_POINT('Ctrl Pts',(22.0001336124961,-0.513660298897402,4.91873824833511));
#8193=CARTESIAN_POINT('Ctrl Pts',(22.000797384587,-0.50075703186073,4.93061405634682));
#8194=CARTESIAN_POINT('Ctrl Pts',(22.0016096955489,-0.484719515639283,4.94581591590948));
#8195=CARTESIAN_POINT('Ctrl Pts',(22.0022843471465,-0.47004447976438,4.95966127509216));
#8196=CARTESIAN_POINT('Ctrl Pts',(22.0036946933292,-0.43856991344313,4.98939741400961));
#8197=CARTESIAN_POINT('Ctrl Pts',(22.0059073621411,-0.384660834303739,5.04031386254627));
#8198=CARTESIAN_POINT('Ctrl Pts',(22.0107119528551,-0.244811914441201,5.17242149564812));
#8199=CARTESIAN_POINT('Ctrl Pts',(22.012730067006,-0.121205289821532,5.28926212112365));
#8200=CARTESIAN_POINT('Ctrl Pts',(22.0129670041397,-0.0281045917803683,
5.37724189392989));
#8201=CARTESIAN_POINT('Ctrl Pts',(21.2827235909016,-3.79993087858063,3.80999999999996));
#8202=CARTESIAN_POINT('Ctrl Pts',(21.2827666671391,-3.79982281507131,3.80999999999996));
#8203=CARTESIAN_POINT('Ctrl Pts',(21.2828528139722,-3.79960669152158,3.81000137855229));
#8204=CARTESIAN_POINT('Ctrl Pts',(21.2830250823949,-3.79917446502033,3.81000621889644));
#8205=CARTESIAN_POINT('Ctrl Pts',(21.2833264820954,-3.79841813219886,3.81001897364351));
#8206=CARTESIAN_POINT('Ctrl Pts',(21.283928985189,-3.79690576154349,3.81005614080968));
#8207=CARTESIAN_POINT('Ctrl Pts',(21.285132733352,-3.79388238447805,3.81016294612126));
#8208=CARTESIAN_POINT('Ctrl Pts',(21.2875350905678,-3.78784137301882,3.81046477919724));
#8209=CARTESIAN_POINT('Ctrl Pts',(21.2923198792682,-3.77578085503024,3.81130571953932));
#8210=CARTESIAN_POINT('Ctrl Pts',(21.2991079385052,-3.75858948850172,3.81294855529958));
#8211=CARTESIAN_POINT('Ctrl Pts',(21.3071966573315,-3.73797393492882,3.81538097567516));
#8212=CARTESIAN_POINT('Ctrl Pts',(21.3152328908347,-3.71736148925094,3.81817420973899));
#8213=CARTESIAN_POINT('Ctrl Pts',(21.3232150831429,-3.69675658199069,3.82125867448252));
#8214=CARTESIAN_POINT('Ctrl Pts',(21.3337820797761,-3.66930413146587,3.82570253618186));
#8215=CARTESIAN_POINT('Ctrl Pts',(21.3468425368295,-3.63504466555043,3.8317878839778));
#8216=CARTESIAN_POINT('Ctrl Pts',(21.3622793562843,-3.594025182062,3.83976506661175));
#8217=CARTESIAN_POINT('Ctrl Pts',(21.3825692615577,-3.53940481641912,3.85114529470935));
#8218=CARTESIAN_POINT('Ctrl Pts',(21.4371879876035,-3.38944148876506,3.88516947819375));
#8219=CARTESIAN_POINT('Ctrl Pts',(21.5080963414582,-3.18107978597047,3.94167370513624));
#8220=CARTESIAN_POINT('Ctrl Pts',(21.5865178290037,-2.92784660230146,4.01858567837761));
#8221=CARTESIAN_POINT('Ctrl Pts',(21.6484369311145,-2.71109749492918,4.08920834717694));
#8222=CARTESIAN_POINT('Ctrl Pts',(21.7146414202732,-2.45855353943186,4.17629751065389));
#8223=CARTESIAN_POINT('Ctrl Pts',(21.7818481704741,-2.17045461149312,4.28213571850273));
#8224=CARTESIAN_POINT('Ctrl Pts',(21.8463042388227,-1.84735139445527,4.40986586691581));
#8225=CARTESIAN_POINT('Ctrl Pts',(21.8996508003978,-1.5268880897383,4.54704792820334));
#8226=CARTESIAN_POINT('Ctrl Pts',(21.9420676941929,-1.21125706250908,4.69609998257306));
#8227=CARTESIAN_POINT('Ctrl Pts',(21.9685132441787,-0.954832344582747,4.83437329045273));
#8228=CARTESIAN_POINT('Ctrl Pts',(21.9823721904718,-0.784068348262988,4.94382901452405));
#8229=CARTESIAN_POINT('Ctrl Pts',(21.9881296853438,-0.702775126507688,5.00369418210798));
#8230=CARTESIAN_POINT('Ctrl Pts',(21.9907001551679,-0.663749996772656,5.03540640721497));
#8231=CARTESIAN_POINT('Ctrl Pts',(21.992076195904,-0.642071999570413,5.05416238518031));
#8232=CARTESIAN_POINT('Ctrl Pts',(21.9927318917339,-0.631478566938979,5.06378087436052));
#8233=CARTESIAN_POINT('Ctrl Pts',(21.9935276478166,-0.618463147273448,5.07594100145336));
#8234=CARTESIAN_POINT('Ctrl Pts',(21.994462772363,-0.602876168552981,5.09050375872301));
#8235=CARTESIAN_POINT('Ctrl Pts',(21.9962617427308,-0.571700196357044,5.11963118360965));
#8236=CARTESIAN_POINT('Ctrl Pts',(21.9992228672014,-0.517137100343873,5.17060892514547));
#8237=CARTESIAN_POINT('Ctrl Pts',(22.0058752854501,-0.376808148833463,5.30171738048576));
#8238=CARTESIAN_POINT('Ctrl Pts',(22.0095097477796,-0.252023866899403,5.41830201649037));
#8239=CARTESIAN_POINT('Ctrl Pts',(22.0109548668894,-0.158426519806614,5.50574958999074));
#8240=CARTESIAN_POINT('Ctrl Pts',(22.0070261262935,-0.325129456471504,5.3500002116274));
#8241=CARTESIAN_POINT('Ctrl Pts',(22.0058210111478,-0.363147792914115,5.31448000112373));
#8242=CARTESIAN_POINT('Ctrl Pts',(22.0032420997942,-0.432353691583384,5.2498215298249));
#8243=CARTESIAN_POINT('Ctrl Pts',(21.9992228672014,-0.517137100343873,5.17060892514547));
#8244=CARTESIAN_POINT('Ctrl Pts',(21.9962617427308,-0.571700196357044,5.11963118360965));
#8245=CARTESIAN_POINT('Ctrl Pts',(21.994462772363,-0.602876168552981,5.09050375872301));
#8246=CARTESIAN_POINT('Ctrl Pts',(21.9935276478166,-0.618463147273448,5.07594100145336));
#8247=CARTESIAN_POINT('Ctrl Pts',(21.9927318917339,-0.631478566938979,5.06378087436052));
#8248=CARTESIAN_POINT('Ctrl Pts',(21.992076195904,-0.642071999570413,5.05416238518031));
#8249=CARTESIAN_POINT('Ctrl Pts',(21.9907001551679,-0.663749996772656,5.03540640721497));
#8250=CARTESIAN_POINT('Ctrl Pts',(21.9881296853438,-0.702775126507688,5.00369418210798));
#8251=CARTESIAN_POINT('Ctrl Pts',(21.9823721904718,-0.784068348262988,4.94382901452405));
#8252=CARTESIAN_POINT('Ctrl Pts',(21.9685132441787,-0.954832344582747,4.83437329045273));
#8253=CARTESIAN_POINT('Ctrl Pts',(21.9420676941929,-1.21125706250908,4.69609998257306));
#8254=CARTESIAN_POINT('Ctrl Pts',(21.8996508003978,-1.5268880897383,4.54704792820334));
#8255=CARTESIAN_POINT('Ctrl Pts',(21.8463042388227,-1.84735139445527,4.40986586691581));
#8256=CARTESIAN_POINT('Ctrl Pts',(21.7818481704741,-2.17045461149312,4.28213571850273));
#8257=CARTESIAN_POINT('Ctrl Pts',(21.7146414202732,-2.45855353943186,4.17629751065389));
#8258=CARTESIAN_POINT('Ctrl Pts',(21.6484369311145,-2.71109749492918,4.08920834717694));
#8259=CARTESIAN_POINT('Ctrl Pts',(21.5865178290037,-2.92784660230146,4.01858567837761));
#8260=CARTESIAN_POINT('Ctrl Pts',(21.5080963414582,-3.18107978597047,3.94167370513624));
#8261=CARTESIAN_POINT('Ctrl Pts',(21.4371879876035,-3.38944148876506,3.88516947819375));
#8262=CARTESIAN_POINT('Ctrl Pts',(21.3825692615577,-3.53940481641912,3.85114529470935));
#8263=CARTESIAN_POINT('Ctrl Pts',(21.3622793562843,-3.594025182062,3.83976506661175));
#8264=CARTESIAN_POINT('Ctrl Pts',(21.3468425368295,-3.63504466555043,3.8317878839778));
#8265=CARTESIAN_POINT('Ctrl Pts',(21.3337820797761,-3.66930413146587,3.82570253618186));
#8266=CARTESIAN_POINT('Ctrl Pts',(21.3232150831429,-3.69675658199069,3.82125867448252));
#8267=CARTESIAN_POINT('Ctrl Pts',(21.3152328908347,-3.71736148925094,3.81817420973899));
#8268=CARTESIAN_POINT('Ctrl Pts',(21.3071966573315,-3.73797393492882,3.81538097567516));
#8269=CARTESIAN_POINT('Ctrl Pts',(21.2991079385052,-3.75858948850172,3.81294855529958));
#8270=CARTESIAN_POINT('Ctrl Pts',(21.2923198792682,-3.77578085503024,3.81130571953932));
#8271=CARTESIAN_POINT('Ctrl Pts',(21.2875350905678,-3.78784137301882,3.81046477919724));
#8272=CARTESIAN_POINT('Ctrl Pts',(21.285132733352,-3.79388238447805,3.81016294612126));
#8273=CARTESIAN_POINT('Ctrl Pts',(21.283928985189,-3.79690576154349,3.81005614080968));
#8274=CARTESIAN_POINT('Ctrl Pts',(21.2833264820954,-3.79841813219886,3.81001897364351));
#8275=CARTESIAN_POINT('Ctrl Pts',(21.2830250823949,-3.79917446502033,3.81000621889644));
#8276=CARTESIAN_POINT('Ctrl Pts',(21.2828528139722,-3.79960669152158,3.81000137855229));
#8277=CARTESIAN_POINT('Ctrl Pts',(21.2827666671391,-3.79982281507131,3.80999999999996));
#8278=CARTESIAN_POINT('Ctrl Pts',(21.2827235909016,-3.79993087858063,3.80999999999996));
#8279=CARTESIAN_POINT('Ctrl Pts',(20.5302998618274,-3.50000000000002,2.99999999999996));
#8280=CARTESIAN_POINT('Ctrl Pts',(20.5303395380311,-3.49347110336094,2.99999999999996));
#8281=CARTESIAN_POINT('Ctrl Pts',(20.5304188852417,-3.49080448483337,3.00003354583727));
#8282=CARTESIAN_POINT('Ctrl Pts',(20.530577556412,-3.48463136353349,3.0000984484979));
#8283=CARTESIAN_POINT('Ctrl Pts',(20.5308551664489,-3.47833249605031,3.00022746401636));
#8284=CARTESIAN_POINT('Ctrl Pts',(20.5314101136032,-3.4681518886275,3.00049610597838));
#8285=CARTESIAN_POINT('Ctrl Pts',(20.5325188491843,-3.45406598865337,3.00106171821514));
#8286=CARTESIAN_POINT('Ctrl Pts',(20.5347315868692,-3.43268355365241,3.00223805675439));
#8287=CARTESIAN_POINT('Ctrl Pts',(20.5391387092582,-3.40111795380875,3.00469339924053));
#8288=CARTESIAN_POINT('Ctrl Pts',(20.5453909828096,-3.36618673298843,3.00837202819773));
#8289=CARTESIAN_POINT('Ctrl Pts',(20.55284125409,-3.33052778580469,3.01297476583215));
#8290=CARTESIAN_POINT('Ctrl Pts',(20.560243182746,-3.29834780240912,3.01773192941774));
#8291=CARTESIAN_POINT('Ctrl Pts',(20.5675953357118,-3.26838146543089,3.02261900726941));
#8292=CARTESIAN_POINT('Ctrl Pts',(20.5773282728094,-3.23053713224355,3.02928644770384));
#8293=CARTESIAN_POINT('Ctrl Pts',(20.5893578599644,-3.18626838241764,3.03787005641981));
#8294=CARTESIAN_POINT('Ctrl Pts',(20.6035762417766,-3.13603548525058,3.04850544675465));
#8295=CARTESIAN_POINT('Ctrl Pts',(20.6222646523625,-3.07172101178658,3.06308315152447));
#8296=CARTESIAN_POINT('Ctrl Pts',(20.6725722888087,-2.90336959253419,3.10469170143917));
#8297=CARTESIAN_POINT('Ctrl Pts',(20.7378838027339,-2.68861772355885,3.16836839995993));
#8298=CARTESIAN_POINT('Ctrl Pts',(20.8101154340925,-2.4340942173005,3.25225444388601));
#8299=CARTESIAN_POINT('Ctrl Pts',(20.8671472234361,-2.21981494467208,3.3281098261738));
#8300=CARTESIAN_POINT('Ctrl Pts',(20.9281261515954,-1.97165593900721,3.42101411320581));
#8301=CARTESIAN_POINT('Ctrl Pts',(20.9900282317172,-1.6895754458167,3.5335216580651));
#8302=CARTESIAN_POINT('Ctrl Pts',(21.0493967429951,-1.3716441787301,3.66998033881673));
#8303=CARTESIAN_POINT('Ctrl Pts',(21.0985326276938,-1.05234548235097,3.81823989168841));
#8304=CARTESIAN_POINT('Ctrl Pts',(21.1376015300045,-0.728734853943284,3.98406287922873));
#8305=CARTESIAN_POINT('Ctrl Pts',(21.1619597164841,-0.451855334013839,4.14508371019821));
#8306=CARTESIAN_POINT('Ctrl Pts',(21.1747247676327,-0.244453300615398,4.28847958915393));
#8307=CARTESIAN_POINT('Ctrl Pts',(21.1800278198975,-0.131480675463321,4.37833158395382));
#8308=CARTESIAN_POINT('Ctrl Pts',(21.1823954009594,-0.0701836378732942,
4.43224264894876));
#8309=CARTESIAN_POINT('Ctrl Pts',(21.1836628299548,-0.0327501163599046,
4.46736967927826));
#8310=CARTESIAN_POINT('Ctrl Pts',(21.1842667713101,-0.0130157952042469,
4.48680021912129));
#8311=CARTESIAN_POINT('Ctrl Pts',(21.1845911267215,-0.00193740428578916,
4.49803752928915));
#8312=CARTESIAN_POINT('Ctrl Pts',(21.1846213630966,-0.000949019184920349,
4.49904009287612));
#8313=CARTESIAN_POINT('Ctrl Pts',(21.1846515604045,-2.78930228372616E-6,
4.49999989664922));
#8314=CARTESIAN_POINT('Origin',(11.7499999999985,2.77555756156289E-16,3.81));
#8315=CARTESIAN_POINT('',(20.1465564016271,4.34068039112562,3.));
#8316=CARTESIAN_POINT('',(20.8660954126534,4.71265298636789,3.81));
#8317=CARTESIAN_POINT('Origin',(20.1465564016271,4.34068039112562,3.81));
#8318=CARTESIAN_POINT('Origin',(11.7499999999985,2.77555756156289E-16,3.81));
#8319=CARTESIAN_POINT('Origin',(11.7499999999985,2.77555756156289E-16,3.));
#8320=CARTESIAN_POINT('Origin',(21.310255296003,4.9422656994804,3.81));
#8321=CARTESIAN_POINT('Origin',(21.310255296003,4.9422656994804,3.81));
#8322=CARTESIAN_POINT('Origin',(21.310255296003,4.9422656994804,3.));
#8323=CARTESIAN_POINT('Origin',(21.310255296003,4.9422656994804,1.));
#8324=CARTESIAN_POINT('',(20.8660954126534,4.71265298636789,1.));
#8325=CARTESIAN_POINT('Origin',(25.100000000002,0.573159574129902,3.));
#8326=CARTESIAN_POINT('',(18.75,3.50000000000002,2.99999999999996));
#8327=CARTESIAN_POINT('Origin',(11.7499999999985,2.77555756156289E-16,1.));
#8328=CARTESIAN_POINT('',(21.0338287424381,-4.37296439770581,1.));
#8329=CARTESIAN_POINT('Ctrl Pts',(14.45,3.50000000000002,2.99999999999996));
#8330=CARTESIAN_POINT('Ctrl Pts',(22.0121778264908,3.50000000000002,2.99999999999996));
#8331=CARTESIAN_POINT('Ctrl Pts',(14.45,3.42057065988065,2.99999999999996));
#8332=CARTESIAN_POINT('Ctrl Pts',(22.0121778264908,3.42057065988065,2.99999999999996));
#8333=CARTESIAN_POINT('Ctrl Pts',(14.45,3.23091154354454,3.01917542633418));
#8334=CARTESIAN_POINT('Ctrl Pts',(22.0121778264908,3.23091154354454,3.01917542633418));
#8335=CARTESIAN_POINT('Ctrl Pts',(14.45,2.85411717161383,3.10541151145151));
#8336=CARTESIAN_POINT('Ctrl Pts',(22.0121778264908,2.85411717161383,3.10541151145151));
#8337=CARTESIAN_POINT('Ctrl Pts',(14.45,2.20338836260029,3.31811174788605));
#8338=CARTESIAN_POINT('Ctrl Pts',(22.0121778264908,2.20338836260029,3.31811174788605));
#8339=CARTESIAN_POINT('Ctrl Pts',(14.45,1.30189869005452,3.68269886884899));
#8340=CARTESIAN_POINT('Ctrl Pts',(22.0121778264908,1.30189869005452,3.68269886884899));
#8341=CARTESIAN_POINT('Ctrl Pts',(14.45,0.649971482833072,4.00854866163491));
#8342=CARTESIAN_POINT('Ctrl Pts',(22.0121778264908,0.649971482833072,4.00854866163491));
#8343=CARTESIAN_POINT('Ctrl Pts',(14.45,0.271478552557124,4.25515808671004));
#8344=CARTESIAN_POINT('Ctrl Pts',(22.0121778264908,0.271478552557124,4.25515808671004));
#8345=CARTESIAN_POINT('Ctrl Pts',(14.45,0.0802919454799587,4.41855510695963));
#8346=CARTESIAN_POINT('Ctrl Pts',(22.0121778264908,0.0802919454799587,4.41855510695963));
#8347=CARTESIAN_POINT('Ctrl Pts',(14.45,0.,4.5));
#8348=CARTESIAN_POINT('Ctrl Pts',(22.0121778264908,0.,4.5));
#8349=CARTESIAN_POINT('',(14.45,0.,4.5));
#8350=CARTESIAN_POINT('',(18.75,0.,4.5));
#8351=CARTESIAN_POINT('',(14.45,3.50000000000002,2.99999999999996));
#8352=CARTESIAN_POINT('Ctrl Pts',(14.45,0.,4.5));
#8353=CARTESIAN_POINT('Ctrl Pts',(14.45,0.0279583892516167,4.47164014387038));
#8354=CARTESIAN_POINT('Ctrl Pts',(14.45,0.0581476082791374,4.44324261352616));
#8355=CARTESIAN_POINT('Ctrl Pts',(14.45,0.0905389083779929,4.41481218910861));
#8356=CARTESIAN_POINT('Ctrl Pts',(14.45,0.12412992391388,4.38532875295793));
#8357=CARTESIAN_POINT('Ctrl Pts',(14.45,0.160088942794588,4.35580991523414));
#8358=CARTESIAN_POINT('Ctrl Pts',(14.45,0.198327790139679,4.32627122300023));
#8359=CARTESIAN_POINT('Ctrl Pts',(14.45,0.23829325048765,4.29539875912726));
#8360=CARTESIAN_POINT('Ctrl Pts',(14.45,0.280748793507928,4.2645045678043));
#8361=CARTESIAN_POINT('Ctrl Pts',(14.45,0.325537339088256,4.23361789109447));
#8362=CARTESIAN_POINT('Ctrl Pts',(14.45,0.372909027397098,4.20094985057125));
#8363=CARTESIAN_POINT('Ctrl Pts',(14.45,0.422890212941647,4.16829015051398));
#8364=CARTESIAN_POINT('Ctrl Pts',(14.45,0.475238244893488,4.13568684115201));
#8365=CARTESIAN_POINT('Ctrl Pts',(14.45,0.532845265862695,4.09980813748254));
#8366=CARTESIAN_POINT('Ctrl Pts',(14.45,0.593318230486586,4.06399753177917));
#8367=CARTESIAN_POINT('Ctrl Pts',(14.45,0.656272339690017,4.02833712331775));
#8368=CARTESIAN_POINT('Ctrl Pts',(14.45,0.722769926527472,3.99066950895028));
#8369=CARTESIAN_POINT('Ctrl Pts',(14.45,0.792035421883369,3.95316936485063));
#8370=CARTESIAN_POINT('Ctrl Pts',(14.45,0.86355669188223,3.9159549660747));
#8371=CARTESIAN_POINT('Ctrl Pts',(14.45,0.940314384179296,3.87601591898691));
#8372=CARTESIAN_POINT('Ctrl Pts',(14.45,1.0196696604441,3.83640579732579));
#8373=CARTESIAN_POINT('Ctrl Pts',(14.45,1.10093132337539,3.79729746810711));
#8374=CARTESIAN_POINT('Ctrl Pts',(14.45,1.19034664875969,3.75426507304915));
#8375=CARTESIAN_POINT('Ctrl Pts',(14.45,1.28206899865305,3.71183984411414));
#8376=CARTESIAN_POINT('Ctrl Pts',(14.45,1.37512286132476,3.67028811724372));
#8377=CARTESIAN_POINT('Ctrl Pts',(14.45,1.47860537405084,3.62407964205307));
#8378=CARTESIAN_POINT('Ctrl Pts',(14.45,1.58373295146028,3.57895114189804));
#8379=CARTESIAN_POINT('Ctrl Pts',(14.45,1.68912430635862,3.53531797661152));
#8380=CARTESIAN_POINT('Ctrl Pts',(14.45,1.80236139002839,3.48843659442328));
#8381=CARTESIAN_POINT('Ctrl Pts',(14.45,1.91590015575596,3.44328179677924));
#8382=CARTESIAN_POINT('Ctrl Pts',(14.45,2.02801894854724,3.4004217961791));
#8383=CARTESIAN_POINT('Ctrl Pts',(14.45,2.12728632770574,3.36247454554978));
#8384=CARTESIAN_POINT('Ctrl Pts',(14.45,2.22543893537091,3.32632747137026));
#8385=CARTESIAN_POINT('Ctrl Pts',(14.45,2.32130658158559,3.29240101864469));
#8386=CARTESIAN_POINT('Ctrl Pts',(14.45,2.40507795706771,3.26275529641963));
#8387=CARTESIAN_POINT('Ctrl Pts',(14.45,2.48710365795585,3.23480628862345));
#8388=CARTESIAN_POINT('Ctrl Pts',(14.45,2.56663917407284,3.20883994495554));
#8389=CARTESIAN_POINT('Ctrl Pts',(14.45,2.63958707855281,3.18502429064088));
#8390=CARTESIAN_POINT('Ctrl Pts',(14.45,2.71043972327535,3.16287700840488));
#8391=CARTESIAN_POINT('Ctrl Pts',(14.45,2.77866482383538,3.1426130425851));
#8392=CARTESIAN_POINT('Ctrl Pts',(14.45,2.84282488603423,3.12355645935224));
#8393=CARTESIAN_POINT('Ctrl Pts',(14.45,2.90466086010384,3.10616577713315));
#8394=CARTESIAN_POINT('Ctrl Pts',(14.45,2.96377467105181,3.09060870021552));
#8395=CARTESIAN_POINT('Ctrl Pts',(14.45,3.01946866579687,3.07595162184071));
#8396=CARTESIAN_POINT('Ctrl Pts',(14.45,3.0727458747489,3.06292251878534));
#8397=CARTESIAN_POINT('Ctrl Pts',(14.45,3.12331896252926,3.05164708928458));
#8398=CARTESIAN_POINT('Ctrl Pts',(14.45,3.16886758791864,3.04149187952826));
#8399=CARTESIAN_POINT('Ctrl Pts',(14.45,3.21222268676063,3.03275935666734));
#8400=CARTESIAN_POINT('Ctrl Pts',(14.45,3.25321583963029,3.02552534219966));
#8401=CARTESIAN_POINT('Ctrl Pts',(14.45,3.29266341488569,3.01856407403326));
#8402=CARTESIAN_POINT('Ctrl Pts',(14.45,3.32992348887303,3.01299066506776));
#8403=CARTESIAN_POINT('Ctrl Pts',(14.45,3.3648893708454,3.00885422568983));
#8404=CARTESIAN_POINT('Ctrl Pts',(14.45,3.39827973247765,3.00490416926603));
#8405=CARTESIAN_POINT('Ctrl Pts',(14.45,3.4295778596764,3.00226462255477));
#8406=CARTESIAN_POINT('Ctrl Pts',(14.45,3.45873412943749,3.00095887407809));
#8407=CARTESIAN_POINT('Ctrl Pts',(14.45,3.47300220743361,3.00031988557712));
#8408=CARTESIAN_POINT('Ctrl Pts',(14.45,3.48675804059185,2.99999999999996));
#8409=CARTESIAN_POINT('Ctrl Pts',(14.45,3.50000000000002,2.99999999999996));
#8410=CARTESIAN_POINT('',(18.75,3.50000000000002,2.99999999999996));
#8411=CARTESIAN_POINT('',(16.3377932354057,1.64571938597778,3.55337941646284));
#8412=CARTESIAN_POINT('',(16.29,1.32499999553851,3.69281352514574));
#8413=CARTESIAN_POINT('Ctrl Pts',(16.3377932354057,1.64571938597778,3.55337941646284));
#8414=CARTESIAN_POINT('Ctrl Pts',(16.3804254936134,1.78558604960128,3.49488301995004));
#8415=CARTESIAN_POINT('Ctrl Pts',(16.4512106621232,1.91784653539315,3.44248170132871));
#8416=CARTESIAN_POINT('Ctrl Pts',(16.6390975786133,2.1410698002145,3.35726032309526));
#8417=CARTESIAN_POINT('Ctrl Pts',(16.7508267688756,2.23183683930386,3.32424149626276));
#8418=CARTESIAN_POINT('Ctrl Pts',(16.9698186925464,2.34676734332082,3.28330754520053));
#8419=CARTESIAN_POINT('Ctrl Pts',(17.0675863190737,2.38180759089821,3.27115710112489));
#8420=CARTESIAN_POINT('Ctrl Pts',(17.2489912048163,2.41894827584961,3.25833105364965));
#8421=CARTESIAN_POINT('Ctrl Pts',(17.3303016811784,2.4263963097397,3.25578942616556));
#8422=CARTESIAN_POINT('Ctrl Pts',(17.4952739532052,2.42313252747481,3.25690867502649));
#8423=CARTESIAN_POINT('Ctrl Pts',(17.5782092167825,2.41197151939046,3.2607228075716));
#8424=CARTESIAN_POINT('Ctrl Pts',(17.7671927809469,2.36432280314645,3.27723413285394));
#8425=CARTESIAN_POINT('Ctrl Pts',(17.8699492845313,2.3208856240217,3.29238379019526));
#8426=CARTESIAN_POINT('Ctrl Pts',(18.0884930999629,2.18722004235787,3.34046894154255));
#8427=CARTESIAN_POINT('Ctrl Pts',(18.1947898512266,2.08819327805579,3.37697636444278));
#8428=CARTESIAN_POINT('Ctrl Pts',(18.3602439374489,1.86152429689374,3.46477323933712));
#8429=CARTESIAN_POINT('Ctrl Pts',(18.4188557804004,1.73682023395839,3.51485122095656));
#8430=CARTESIAN_POINT('Ctrl Pts',(18.4914259915082,1.4628140969055,3.63050593881388));
#8431=CARTESIAN_POINT('Ctrl Pts',(18.4995576868893,1.31438704549347,3.69628625646468));
#8432=CARTESIAN_POINT('Ctrl Pts',(18.4568967709888,1.0143959166354,3.83778705638184));
#8433=CARTESIAN_POINT('Ctrl Pts',(18.4016019887416,0.865140093031515,3.9132317024499));
#8434=CARTESIAN_POINT('Ctrl Pts',(18.2362965368687,0.606607119841436,4.05484450107395));
#8435=CARTESIAN_POINT('Ctrl Pts',(18.1296426616463,0.496341412148116,4.12114233989447));
#8436=CARTESIAN_POINT('Ctrl Pts',(17.9043457993346,0.345650551707525,4.2188918493898));
#8437=CARTESIAN_POINT('Ctrl Pts',(17.7950694987033,0.295044899777828,4.25458638104599));
#8438=CARTESIAN_POINT('Ctrl Pts',(17.6137902678107,0.245998344282394,4.29020463592587));
#8439=CARTESIAN_POINT('Ctrl Pts',(17.5484463025421,0.234421244270469,4.29887466943728));
#8440=CARTESIAN_POINT('Ctrl Pts',(17.4284464516657,0.22436700631307,4.30641027519196));
#8441=CARTESIAN_POINT('Ctrl Pts',(17.3748509331353,0.223797533817501,4.30684219547538));
#8442=CARTESIAN_POINT('Ctrl Pts',(17.2581939974674,0.231095001923831,4.30136389891785));
#8443=CARTESIAN_POINT('Ctrl Pts',(17.1960214006631,0.240440618115263,4.29434084788613));
#8444=CARTESIAN_POINT('Ctrl Pts',(17.0238582080468,0.281418842746849,4.26436108614203));
#8445=CARTESIAN_POINT('Ctrl Pts',(16.9194051738527,0.324673635563841,4.23343567526043));
#8446=CARTESIAN_POINT('Ctrl Pts',(16.7129837966351,0.448252021255982,4.15164513036303));
#8447=CARTESIAN_POINT('Ctrl Pts',(16.6155881930444,0.533642157618073,4.09852426082257));
#8448=CARTESIAN_POINT('Ctrl Pts',(16.440186350585,0.74971828434292,3.97471070074393));
#8449=CARTESIAN_POINT('Ctrl Pts',(16.3703715903734,0.885655790928939,3.90277950850383));
#8450=CARTESIAN_POINT('Ctrl Pts',(16.3035940380115,1.1261666290509,3.78451759668398));
#8451=CARTESIAN_POINT('Ctrl Pts',(16.29000000081,1.22514326588232,3.73797956293801));
#8452=CARTESIAN_POINT('Ctrl Pts',(16.29,1.32499999107701,3.69281352514574));
#8453=CARTESIAN_POINT('Ctrl Pts',(16.29,1.32499999107701,3.69281352514574));
#8454=CARTESIAN_POINT('Ctrl Pts',(16.2900000016695,1.32729946467071,3.6917734538733));
#8455=CARTESIAN_POINT('Ctrl Pts',(16.2900072102967,1.32959939377052,3.69073410723004));
#8456=CARTESIAN_POINT('Ctrl Pts',(16.2900216395201,1.33189974463669,3.68969549671206));
#8457=CARTESIAN_POINT('Ctrl Pts',(16.2904418600095,1.39889257832956,3.65944817108618));
#8458=CARTESIAN_POINT('Ctrl Pts',(16.2969827915471,1.46602197587788,3.62992718307473));
#8459=CARTESIAN_POINT('Ctrl Pts',(16.3097291032547,1.53240872840053,3.60140781724589));
#8460=CARTESIAN_POINT('Ctrl Pts',(16.3170380966255,1.5704762372795,3.58505423508292));
#8461=CARTESIAN_POINT('Ctrl Pts',(16.3263874859794,1.6082997374428,3.5690294258458));
#8462=CARTESIAN_POINT('Ctrl Pts',(16.3377932354057,1.64571938597778,3.55337941646284));
#8463=CARTESIAN_POINT('Ctrl Pts',(14.45,0.,4.5));
#8464=CARTESIAN_POINT('Ctrl Pts',(22.0121778264908,0.,4.5));
#8465=CARTESIAN_POINT('Ctrl Pts',(14.45,-0.0802919454799587,4.41855510695963));
#8466=CARTESIAN_POINT('Ctrl Pts',(22.0121778264908,-0.0802919454799587,
4.41855510695963));
#8467=CARTESIAN_POINT('Ctrl Pts',(14.45,-0.271478552557124,4.25515808671004));
#8468=CARTESIAN_POINT('Ctrl Pts',(22.0121778264908,-0.271478552557124,4.25515808671004));
#8469=CARTESIAN_POINT('Ctrl Pts',(14.45,-0.649971482833072,4.00854866163491));
#8470=CARTESIAN_POINT('Ctrl Pts',(22.0121778264908,-0.649971482833072,4.00854866163491));
#8471=CARTESIAN_POINT('Ctrl Pts',(14.45,-1.30189869005452,3.68269886884899));
#8472=CARTESIAN_POINT('Ctrl Pts',(22.0121778264908,-1.30189869005452,3.68269886884899));
#8473=CARTESIAN_POINT('Ctrl Pts',(14.45,-2.20338836260029,3.31811174788605));
#8474=CARTESIAN_POINT('Ctrl Pts',(22.0121778264908,-2.20338836260029,3.31811174788605));
#8475=CARTESIAN_POINT('Ctrl Pts',(14.45,-2.85411717161383,3.10541151145151));
#8476=CARTESIAN_POINT('Ctrl Pts',(22.0121778264908,-2.85411717161383,3.10541151145151));
#8477=CARTESIAN_POINT('Ctrl Pts',(14.45,-3.23091154354454,3.01917542633418));
#8478=CARTESIAN_POINT('Ctrl Pts',(22.0121778264908,-3.23091154354454,3.01917542633418));
#8479=CARTESIAN_POINT('Ctrl Pts',(14.45,-3.42057065988065,2.99999999999996));
#8480=CARTESIAN_POINT('Ctrl Pts',(22.0121778264908,-3.42057065988065,2.99999999999996));
#8481=CARTESIAN_POINT('Ctrl Pts',(14.45,-3.50000000000002,2.99999999999996));
#8482=CARTESIAN_POINT('Ctrl Pts',(22.0121778264908,-3.50000000000002,2.99999999999996));
#8483=CARTESIAN_POINT('',(18.75,-3.50000000000002,2.99999999999996));
#8484=CARTESIAN_POINT('',(14.45,-3.50000000000002,2.99999999999996));
#8485=CARTESIAN_POINT('',(18.75,-3.50000000000002,2.99999999999996));
#8486=CARTESIAN_POINT('Ctrl Pts',(14.45,-3.50000000000002,2.99999999999996));
#8487=CARTESIAN_POINT('Ctrl Pts',(14.45,-3.47292109252686,2.99999999999996));
#8488=CARTESIAN_POINT('Ctrl Pts',(14.45,-3.44369016982071,3.0013391420085));
#8489=CARTESIAN_POINT('Ctrl Pts',(14.45,-3.41233378377923,3.00400482741249));
#8490=CARTESIAN_POINT('Ctrl Pts',(14.45,-3.37975877478916,3.00677411102461));
#8491=CARTESIAN_POINT('Ctrl Pts',(14.45,-3.34489006536426,3.01097490846427));
#8492=CARTESIAN_POINT('Ctrl Pts',(14.45,-3.30780961443206,3.01656914008471));
#8493=CARTESIAN_POINT('Ctrl Pts',(14.45,-3.26895125064692,3.02243160081376));
#8494=CARTESIAN_POINT('Ctrl Pts',(14.45,-3.22766419042195,3.02982413687141));
#8495=CARTESIAN_POINT('Ctrl Pts',(14.45,-3.18409595383516,3.03867962007829));
#8496=CARTESIAN_POINT('Ctrl Pts',(14.45,-3.13780752289599,3.04808799771684));
#8497=CARTESIAN_POINT('Ctrl Pts',(14.45,-3.0889444714637,3.0591474401563));
#8498=CARTESIAN_POINT('Ctrl Pts',(14.45,-3.03773844864138,3.07175520810743));
#8499=CARTESIAN_POINT('Ctrl Pts',(14.45,-2.98054234547405,3.08583783270307));
#8500=CARTESIAN_POINT('Ctrl Pts',(14.45,-2.92042325082939,3.10185185368642));
#8501=CARTESIAN_POINT('Ctrl Pts',(14.45,-2.85776678844926,3.11963204787623));
#8502=CARTESIAN_POINT('Ctrl Pts',(14.45,-2.79083717515789,3.13862484568453));
#8503=CARTESIAN_POINT('Ctrl Pts',(14.45,-2.72101263262872,3.1596325666733));
#8504=CARTESIAN_POINT('Ctrl Pts',(14.45,-2.64882555816394,3.18243650880846));
#8505=CARTESIAN_POINT('Ctrl Pts',(14.45,-2.56980427577872,3.2073993815155));
#8506=CARTESIAN_POINT('Ctrl Pts',(14.45,-2.48795244250141,3.23451406002519));
#8507=CARTESIAN_POINT('Ctrl Pts',(14.45,-2.40403480491854,3.26348132901511));
#8508=CARTESIAN_POINT('Ctrl Pts',(14.45,-2.30813966273002,3.29658307566353));
#8509=CARTESIAN_POINT('Ctrl Pts',(14.45,-2.20954812124905,3.33210248849897));
#8510=CARTESIAN_POINT('Ctrl Pts',(14.45,-2.10947183272487,3.36959479030887));
#8511=CARTESIAN_POINT('Ctrl Pts',(14.45,-1.99732916193723,3.41160760793972));
#8512=CARTESIAN_POINT('Ctrl Pts',(14.45,-1.88332449218069,3.45609586194624));
#8513=CARTESIAN_POINT('Ctrl Pts',(14.45,-1.76921246145778,3.50246765127429));
#8514=CARTESIAN_POINT('Ctrl Pts',(14.45,-1.66550709853357,3.54461047540286));
#8515=CARTESIAN_POINT('Ctrl Pts',(14.45,-1.5617155255972,3.58830880874021));
#8516=CARTESIAN_POINT('Ctrl Pts',(14.45,-1.45915712419264,3.63315607531662));
#8517=CARTESIAN_POINT('Ctrl Pts',(14.45,-1.36703500155554,3.67343971210218));
#8518=CARTESIAN_POINT('Ctrl Pts',(14.45,-1.27590895865251,3.71465049625789));
#8519=CARTESIAN_POINT('Ctrl Pts',(14.45,-1.186714996372,3.75652533946618));
#8520=CARTESIAN_POINT('Ctrl Pts',(14.45,-1.10541623364266,3.7946935389191));
#8521=CARTESIAN_POINT('Ctrl Pts',(14.45,-1.02572359310007,3.83341370132886));
#8522=CARTESIAN_POINT('Ctrl Pts',(14.45,-0.948314310018448,3.8725114097982));
#8523=CARTESIAN_POINT('Ctrl Pts',(14.45,-0.875907705231083,3.90908237664524));
#8524=CARTESIAN_POINT('Ctrl Pts',(14.45,-0.805499438966647,3.94598380936311));
#8525=CARTESIAN_POINT('Ctrl Pts',(14.45,-0.737604459272583,3.98309308776203));
#8526=CARTESIAN_POINT('Ctrl Pts',(14.45,-0.673085259796206,4.01835726997745));
#8527=CARTESIAN_POINT('Ctrl Pts',(14.45,-0.610836033147458,4.05380922614794));
#8528=CARTESIAN_POINT('Ctrl Pts',(14.45,-0.551255184877267,4.08936103032591));
#8529=CARTESIAN_POINT('Ctrl Pts',(14.45,-0.494049796442443,4.12349540112804));
#8530=CARTESIAN_POINT('Ctrl Pts',(14.45,-0.439304863262416,4.15772185662711));
#8531=CARTESIAN_POINT('Ctrl Pts',(14.45,-0.387325514898542,4.19197807379369));
#8532=CARTESIAN_POINT('Ctrl Pts',(14.45,-0.340515852455,4.22282728627198));
#8533=CARTESIAN_POINT('Ctrl Pts',(14.45,-0.29594907014382,4.25370078846924));
#8534=CARTESIAN_POINT('Ctrl Pts',(14.45,-0.253804285082445,4.28456435133146));
#8535=CARTESIAN_POINT('Ctrl Pts',(14.45,-0.213157190626304,4.31433112207396));
#8536=CARTESIAN_POINT('Ctrl Pts',(14.45,-0.174763368877963,4.34408866846485));
#8537=CARTESIAN_POINT('Ctrl Pts',(14.45,-0.138737162267382,4.37381633020515));
#8538=CARTESIAN_POINT('Ctrl Pts',(14.45,-0.104257894521216,4.40226750797389));
#8539=CARTESIAN_POINT('Ctrl Pts',(14.45,-0.071947450908213,4.43069134643559));
#8540=CARTESIAN_POINT('Ctrl Pts',(14.45,-0.0418592280580183,4.45907869078627));
#8541=CARTESIAN_POINT('Ctrl Pts',(14.45,-0.027392605919446,4.47272751897675));
#8542=CARTESIAN_POINT('Ctrl Pts',(14.45,-0.0134389803690107,4.48636804336745));
#8543=CARTESIAN_POINT('Ctrl Pts',(14.45,0.,4.5));
#8544=CARTESIAN_POINT('',(16.3465040076919,-0.976982595209695,3.85810088363812));
#8545=CARTESIAN_POINT('',(16.29,-1.325,3.6928135211098));
#8546=CARTESIAN_POINT('Ctrl Pts',(16.3465040076919,-0.976982595209695,3.85810088363812));
#8547=CARTESIAN_POINT('Ctrl Pts',(16.3965716868491,-0.826859578873258,3.93320425973657));
#8548=CARTESIAN_POINT('Ctrl Pts',(16.4788161212282,-0.688195776833737,4.0084401340411));
#8549=CARTESIAN_POINT('Ctrl Pts',(16.6831386843389,-0.471014306548737,4.13667873477247));
#8550=CARTESIAN_POINT('Ctrl Pts',(16.7976654347407,-0.387078254413034,4.19122073328736));
#8551=CARTESIAN_POINT('Ctrl Pts',(17.0100982413632,-0.288705733240517,4.25899144048802));
#8552=CARTESIAN_POINT('Ctrl Pts',(17.0981595275272,-0.260295232455027,4.27972766212364));
#8553=CARTESIAN_POINT('Ctrl Pts',(17.247125987666,-0.23278484765714,4.30006854550449));
#8554=CARTESIAN_POINT('Ctrl Pts',(17.3049325634599,-0.22674186928911,4.30463118014274));
#8555=CARTESIAN_POINT('Ctrl Pts',(17.4180174969528,-0.223994967150471,4.30669692440696));
#8556=CARTESIAN_POINT('Ctrl Pts',(17.4725763833769,-0.226749731471683,4.30460970692249));
#8557=CARTESIAN_POINT('Ctrl Pts',(17.6018906314639,-0.242942462694211,4.29252719753601));
#8558=CARTESIAN_POINT('Ctrl Pts',(17.675043839787,-0.259987782673605,4.27987123285375));
#8559=CARTESIAN_POINT('Ctrl Pts',(17.8818460298159,-0.33055443714921,4.22953726199678));
#8560=CARTESIAN_POINT('Ctrl Pts',(18.0049477686882,-0.402593964272924,4.18041255205816));
#8561=CARTESIAN_POINT('Ctrl Pts',(18.2173661385571,-0.586154497127066,4.06725799533907));
#8562=CARTESIAN_POINT('Ctrl Pts',(18.3050562743495,-0.698721865462132,4.00286423249129));
#8563=CARTESIAN_POINT('Ctrl Pts',(18.4409709729936,-0.963821812507931,3.8628309631132));
#8564=CARTESIAN_POINT('Ctrl Pts',(18.4821183180483,-1.11879255686472,3.78711739212794));
#8565=CARTESIAN_POINT('Ctrl Pts',(18.4956037562442,-1.43097942657517,3.64414129190802));
#8566=CARTESIAN_POINT('Ctrl Pts',(18.4701133692905,-1.58618632808464,3.57741543324107));
#8567=CARTESIAN_POINT('Ctrl Pts',(18.3581450544995,-1.86681565345542,3.46240250684468));
#8568=CARTESIAN_POINT('Ctrl Pts',(18.2778367306337,-1.99132308710077,3.41398449295147));
#8569=CARTESIAN_POINT('Ctrl Pts',(18.0762434971286,-2.1956860109767,3.33719152835265));
#8570=CARTESIAN_POINT('Ctrl Pts',(17.9605947275723,-2.2759828461322,3.30838111075763));
#8571=CARTESIAN_POINT('Ctrl Pts',(17.7436539828698,-2.37097664169661,3.27487466039667));
#8572=CARTESIAN_POINT('Ctrl Pts',(17.6510610383831,-2.39791220416536,3.26558536963564));
#8573=CARTESIAN_POINT('Ctrl Pts',(17.4767324785222,-2.42448525039207,3.25643688811198));
#8574=CARTESIAN_POINT('Ctrl Pts',(17.3965572790866,-2.42788788564869,3.25527689071471));
#8575=CARTESIAN_POINT('Ctrl Pts',(17.2298612860758,-2.4167560182192,3.25909705889972));
#8576=CARTESIAN_POINT('Ctrl Pts',(17.1442057867826,-2.4006793599743,3.26460457495783));
#8577=CARTESIAN_POINT('Ctrl Pts',(16.9444933702968,-2.33819647820599,3.28636806330824));
#8578=CARTESIAN_POINT('Ctrl Pts',(16.8353920511831,-2.28257826711785,3.30593159246866));
#8579=CARTESIAN_POINT('Ctrl Pts',(16.6331149170093,-2.13379761863638,3.36022069701691));
#8580=CARTESIAN_POINT('Ctrl Pts',(16.5440472286827,-2.03949968589599,3.39551960338921));
#8581=CARTESIAN_POINT('Ctrl Pts',(16.3963113411892,-1.81710086057355,3.48248452302772));
#8582=CARTESIAN_POINT('Ctrl Pts',(16.3429853507608,-1.68865036309126,3.5346324497984));
#8583=CARTESIAN_POINT('Ctrl Pts',(16.2980937385868,-1.47939052291769,3.6240298133228));
#8584=CARTESIAN_POINT('Ctrl Pts',(16.29,-1.40204806156311,3.65796403405182));
#8585=CARTESIAN_POINT('Ctrl Pts',(16.29,-1.325,3.6928135211098));
#8586=CARTESIAN_POINT('Ctrl Pts',(16.29,-1.32499999999999,3.69281352110981));
#8587=CARTESIAN_POINT('Ctrl Pts',(16.2900000487033,-1.30351342751839,3.70253207877922));
#8588=CARTESIAN_POINT('Ctrl Pts',(16.2906295650997,-1.28204970710828,3.71232158460633));
#8589=CARTESIAN_POINT('Ctrl Pts',(16.2918846147408,-1.26063696208032,3.72217260105776));
#8590=CARTESIAN_POINT('Ctrl Pts',(16.2953463207445,-1.2015758496035,3.74934389506463));
#8591=CARTESIAN_POINT('Ctrl Pts',(16.303556470646,-1.14305343066299,3.77691558136139));
#8592=CARTESIAN_POINT('Ctrl Pts',(16.3163580527182,-1.08563460534498,3.80467608685167));
#8593=CARTESIAN_POINT('Ctrl Pts',(16.3245432985613,-1.04892139297794,3.82242596814646));
#8594=CARTESIAN_POINT('Ctrl Pts',(16.3346056311323,-1.01265870819718,3.84025287740418));
#8595=CARTESIAN_POINT('Ctrl Pts',(16.3465040076919,-0.976982595209694,3.85810088363812));
#8596=CARTESIAN_POINT('Origin',(25.100000000002,0.573159574129902,3.));
#8597=CARTESIAN_POINT('Origin',(21.310255296003,4.9422656994804,-1.81));
#8598=CARTESIAN_POINT('',(20.1465564016271,4.34068039112562,-1.));
#8599=CARTESIAN_POINT('',(20.8660954126534,4.71265298636789,-1.81));
#8600=CARTESIAN_POINT('Origin',(20.1465564016271,4.34068039112562,-1.81));
#8601=CARTESIAN_POINT('Origin',(21.310255296003,4.9422656994804,-1.81));
#8602=CARTESIAN_POINT('Origin',(21.310255296003,4.9422656994804,-1.));
#8603=CARTESIAN_POINT('Origin',(11.7499999999985,2.77555756156289E-16,-1.81));
#8604=CARTESIAN_POINT('',(20.5302998618274,3.50000000000002,-0.999999999999965));
#8605=CARTESIAN_POINT('',(21.2827235909016,3.79993087858063,-1.81));
#8606=CARTESIAN_POINT('Origin',(20.5302998618274,3.50000000000002,-1.81));
#8607=CARTESIAN_POINT('Origin',(11.7499999999985,2.77555756156289E-16,-1.81));
#8608=CARTESIAN_POINT('Origin',(11.7499999999985,2.77555756156289E-16,-1.));
#8609=CARTESIAN_POINT('Ctrl Pts',(20.5302998618274,3.50000000000001,-0.999999999999965));
#8610=CARTESIAN_POINT('Ctrl Pts',(20.5303395380311,3.49347110336096,-0.999999999999965));
#8611=CARTESIAN_POINT('Ctrl Pts',(20.5304188852417,3.49080448731271,-1.00003354584525));
#8612=CARTESIAN_POINT('Ctrl Pts',(20.530577556412,3.48463136987929,-1.00009844851835));
#8613=CARTESIAN_POINT('Ctrl Pts',(20.5308551664489,3.47833251326121,-1.00022746407184));
#8614=CARTESIAN_POINT('Ctrl Pts',(20.5314101136031,3.46815194147995,-1.00049610614887));
#8615=CARTESIAN_POINT('Ctrl Pts',(20.5325188491838,3.45406617063339,-1.00106171880278));
#8616=CARTESIAN_POINT('Ctrl Pts',(20.534731586868,3.43268412697006,-1.00223805860798));
#8617=CARTESIAN_POINT('Ctrl Pts',(20.5391387092507,3.40111995803368,-1.00469340572898));
#8618=CARTESIAN_POINT('Ctrl Pts',(20.5453909827866,3.36619103077747,-1.00837204214195));
#8619=CARTESIAN_POINT('Ctrl Pts',(20.552841254055,3.33053720269774,-1.01297479626278));
#8620=CARTESIAN_POINT('Ctrl Pts',(20.560243182697,3.29836073141849,-1.01773197126464));
#8621=CARTESIAN_POINT('Ctrl Pts',(20.5675953357211,3.2683974390192,-1.02261905862848));
#8622=CARTESIAN_POINT('Ctrl Pts',(20.5773282727399,3.23055549126027,-1.02928650744005));
#8623=CARTESIAN_POINT('Ctrl Pts',(20.5893578605173,3.18629256272818,-1.03787013195304));
#8624=CARTESIAN_POINT('Ctrl Pts',(20.6035762413006,3.13606258700165,-1.04850553822091));
#8625=CARTESIAN_POINT('Ctrl Pts',(20.6222646547102,3.07175038604621,-1.06308323376458));
#8626=CARTESIAN_POINT('Ctrl Pts',(20.6725722663559,2.9034036488185,-1.10469194876212));
#8627=CARTESIAN_POINT('Ctrl Pts',(20.737883781717,2.68862884037543,-1.16836850593859));
#8628=CARTESIAN_POINT('Ctrl Pts',(20.8101154379945,2.43409865195668,-1.25225445758634));
#8629=CARTESIAN_POINT('Ctrl Pts',(20.8671472154293,2.2198167492161,-1.32810980435718));
#8630=CARTESIAN_POINT('Ctrl Pts',(20.9281261603969,1.97165700155943,-1.42101427485606));
#8631=CARTESIAN_POINT('Ctrl Pts',(20.9900282261343,1.68957529818657,-1.53352204038038));
#8632=CARTESIAN_POINT('Ctrl Pts',(21.0493967395174,1.37164344675809,-1.66998154902983));
#8633=CARTESIAN_POINT('Ctrl Pts',(21.09853261506,1.05233842011925,-1.81824712915721));
#8634=CARTESIAN_POINT('Ctrl Pts',(21.1376015316878,0.728720045940024,-1.98407902843533));
#8635=CARTESIAN_POINT('Ctrl Pts',(21.161959718506,0.451788789314419,-2.14515184594531));
#8636=CARTESIAN_POINT('Ctrl Pts',(21.1747247655059,0.244398861278283,-2.28853469629947));
#8637=CARTESIAN_POINT('Ctrl Pts',(21.1800278209889,0.131441743887371,-2.37837096282016));
#8638=CARTESIAN_POINT('Ctrl Pts',(21.1823954015887,0.0701623615378605,-2.43226410043854));
#8639=CARTESIAN_POINT('Ctrl Pts',(21.183662830742,0.0327317031078473,-2.46738822867876));
#8640=CARTESIAN_POINT('Ctrl Pts',(21.1842667720568,0.0130048742733872,-2.48681116704358));
#8641=CARTESIAN_POINT('Ctrl Pts',(21.1849997177414,-0.0120193622419089,
-2.51219437525093));
#8642=CARTESIAN_POINT('Ctrl Pts',(21.1858610307105,-0.0227939845701058,
-2.52312361167915));
#8643=CARTESIAN_POINT('Ctrl Pts',(21.1875180046129,-0.0533507077222744,
-2.5541188465586));
#8644=CARTESIAN_POINT('Ctrl Pts',(21.1902454026308,-0.101870846128335,-2.60333520729737));
#8645=CARTESIAN_POINT('Ctrl Pts',(21.1963727398654,-0.231844356960173,-2.73517464722233));
#8646=CARTESIAN_POINT('Ctrl Pts',(21.1997203386138,-0.344693140180852,-2.84964274144766));
#8647=CARTESIAN_POINT('Ctrl Pts',(21.201051395842,-0.430902937385692,-2.93709046326345));
#8648=CARTESIAN_POINT('Ctrl Pts',(20.755424515127,3.58973910902226,-0.999999999999964));
#8649=CARTESIAN_POINT('Ctrl Pts',(20.7558955756829,3.58335865307523,-0.999265924663704));
#8650=CARTESIAN_POINT('Ctrl Pts',(20.7561433813829,3.58073799173357,-0.999016154849286));
#8651=CARTESIAN_POINT('Ctrl Pts',(20.7566949878609,3.57467735143779,-0.998418893951418));
#8652=CARTESIAN_POINT('Ctrl Pts',(20.7573591094608,3.56846705958108,-0.997903091814951));
#8653=CARTESIAN_POINT('Ctrl Pts',(20.7585250360403,3.55840679295477,-0.997158915895461));
#8654=CARTESIAN_POINT('Ctrl Pts',(20.760434890786,3.54441457703335,-0.99641778597427));
#8655=CARTESIAN_POINT('Ctrl Pts',(20.7637920907454,3.52306810933193,-0.995763476907145));
#8656=CARTESIAN_POINT('Ctrl Pts',(20.7697277751222,3.4913410226968,-0.995858515082179));
#8657=CARTESIAN_POINT('Ctrl Pts',(20.7774642697197,3.45599625681249,-0.997361409612773));
#8658=CARTESIAN_POINT('Ctrl Pts',(20.7862470406966,3.41977123661692,-1.00012007801574));
#8659=CARTESIAN_POINT('Ctrl Pts',(20.7947358111183,3.38697620164404,-1.00344825489809));
#8660=CARTESIAN_POINT('Ctrl Pts',(20.8030135235764,3.3563765866512,-1.00717740877023));
#8661=CARTESIAN_POINT('Ctrl Pts',(20.8138298473848,3.31766493340952,-1.01255055399416));
#8662=CARTESIAN_POINT('Ctrl Pts',(20.8269701142361,3.27234899762423,-1.01992336446225));
#8663=CARTESIAN_POINT('Ctrl Pts',(20.8423169544894,3.22083118897867,-1.02942999728841));
#8664=CARTESIAN_POINT('Ctrl Pts',(20.8623052834612,3.15481016431655,-1.04282553470045));
#8665=CARTESIAN_POINT('Ctrl Pts',(20.9154920418763,2.98188891222161,-1.08226297680173));
#8666=CARTESIAN_POINT('Ctrl Pts',(20.9829976580643,2.76142780577174,-1.14555513436334));
#8667=CARTESIAN_POINT('Ctrl Pts',(21.0572199219429,2.49988192545761,-1.22961182473192));
#8668=CARTESIAN_POINT('Ctrl Pts',(21.1154257126887,2.2798230841444,-1.30620953338869));
#8669=CARTESIAN_POINT('Ctrl Pts',(21.1774176809047,2.02506373056707,-1.4002386242502));
#8670=CARTESIAN_POINT('Ctrl Pts',(21.2400046991708,1.73570617829999,-1.51437260459008));
#8671=CARTESIAN_POINT('Ctrl Pts',(21.2996914325992,1.40977285445187,-1.65289318953954));
#8672=CARTESIAN_POINT('Ctrl Pts',(21.3487527564069,1.08275364958931,-1.80333996817727));
#8673=CARTESIAN_POINT('Ctrl Pts',(21.3874110442469,0.751504841953666,-1.97155054256605));
#8674=CARTESIAN_POINT('Ctrl Pts',(21.411234321566,0.468686271765944,-2.13440700376039));
#8675=CARTESIAN_POINT('Ctrl Pts',(21.4236044297324,0.256940004293855,-2.27924824472449));
#8676=CARTESIAN_POINT('Ctrl Pts',(21.4287841210095,0.141657040447297,-2.36986320462699));
#8677=CARTESIAN_POINT('Ctrl Pts',(21.431140506432,0.0790992722343705,-2.42419160470425));
#8678=CARTESIAN_POINT('Ctrl Pts',(21.432428511115,0.0408605867305433,-2.45960458306728));
#8679=CARTESIAN_POINT('Ctrl Pts',(21.4330553289227,0.0207052782996462,-2.47918037273226));
#8680=CARTESIAN_POINT('Ctrl Pts',(21.4338219125774,-0.00486677192781946,
-2.50476673797671));
#8681=CARTESIAN_POINT('Ctrl Pts',(21.4344788466757,-0.0157151119840796,
-2.51587890399845));
#8682=CARTESIAN_POINT('Ctrl Pts',(21.435841117104,-0.0466954271372067,-2.54727003740455));
#8683=CARTESIAN_POINT('Ctrl Pts',(21.4379918592644,-0.0958048669831435,
-2.59715054044545));
#8684=CARTESIAN_POINT('Ctrl Pts',(21.4426740638714,-0.227457612694432,-2.73075888081299));
#8685=CARTESIAN_POINT('Ctrl Pts',(21.4447610684428,-0.341756122832562,-2.84660358006885));
#8686=CARTESIAN_POINT('Ctrl Pts',(21.4450847114183,-0.429045889019135,-2.93520674871798));
#8687=CARTESIAN_POINT('Ctrl Pts',(21.1452270368124,3.74512205121881,-1.20337286494489));
#8688=CARTESIAN_POINT('Ctrl Pts',(21.1463849167365,3.74065138944604,-1.20224094264628));
#8689=CARTESIAN_POINT('Ctrl Pts',(21.1469009872565,3.73875328225262,-1.20182880667137));
#8690=CARTESIAN_POINT('Ctrl Pts',(21.1480783127876,3.73438816096833,-1.20085620585388));
#8691=CARTESIAN_POINT('Ctrl Pts',(21.1493580634351,3.72980274711111,-1.19995903233133));
#8692=CARTESIAN_POINT('Ctrl Pts',(21.1514973658601,3.72227227858786,-1.19860232738887));
#8693=CARTESIAN_POINT('Ctrl Pts',(21.1546844217894,3.71147063308721,-1.19702641525373));
#8694=CARTESIAN_POINT('Ctrl Pts',(21.1598682966354,3.69448622370433,-1.19513754720236));
#8695=CARTESIAN_POINT('Ctrl Pts',(21.1682530054478,3.6681563355153,-1.19349862765662));
#8696=CARTESIAN_POINT('Ctrl Pts',(21.1783793305689,3.63751963860856,-1.19324300176859));
#8697=CARTESIAN_POINT('Ctrl Pts',(21.189343982039,3.60507571133922,-1.19434982609941));
#8698=CARTESIAN_POINT('Ctrl Pts',(21.1996131069776,3.57505137234873,-1.19632292563415));
#8699=CARTESIAN_POINT('Ctrl Pts',(21.2094146460645,3.54657719291669,-1.19888997910696));
#8700=CARTESIAN_POINT('Ctrl Pts',(21.2220080964898,3.51010573826026,-1.20291841419185));
#8701=CARTESIAN_POINT('Ctrl Pts',(21.2370365348986,3.46667074342444,-1.20884760337021));
#8702=CARTESIAN_POINT('Ctrl Pts',(21.2542747000828,3.41665610331379,-1.21695413816031));
#8703=CARTESIAN_POINT('Ctrl Pts',(21.2764430674721,3.3519166447441,-1.22877585595503));
#8704=CARTESIAN_POINT('Ctrl Pts',(21.3345398247003,3.18013565144322,-1.26480443076189));
#8705=CARTESIAN_POINT('Ctrl Pts',(21.4062274311086,2.9555576640302,-1.32557709107489));
#8706=CARTESIAN_POINT('Ctrl Pts',(21.4838408619823,2.68803350838447,-1.40803474222575));
#8707=CARTESIAN_POINT('Ctrl Pts',(21.5441590801227,2.46191472254123,-1.48370838752231));
#8708=CARTESIAN_POINT('Ctrl Pts',(21.6079372298634,2.19984333017503,-1.57700049942877));
#8709=CARTESIAN_POINT('Ctrl Pts',(21.6718102125087,1.90192366148982,-1.69048469045844));
#8710=CARTESIAN_POINT('Ctrl Pts',(21.7321407073995,1.56700899173504,-1.82812374980999));
#8711=CARTESIAN_POINT('Ctrl Pts',(21.7811706793189,1.23215458963168,-1.97724002595928));
#8712=CARTESIAN_POINT('Ctrl Pts',(21.819271201301,0.895780569241464,-2.142610271374));
#8713=CARTESIAN_POINT('Ctrl Pts',(21.8421964323235,0.612017984513794,-2.30125984681517));
#8714=CARTESIAN_POINT('Ctrl Pts',(21.8539622809162,0.405611959170384,-2.43840109878032));
#8715=CARTESIAN_POINT('Ctrl Pts',(21.8589494052447,0.296377357426073,-2.52186986084948));
#8716=CARTESIAN_POINT('Ctrl Pts',(21.8612889098322,0.23845777765789,-2.5707958942106));
#8717=CARTESIAN_POINT('Ctrl Pts',(21.8626127953746,0.203639311772958,-2.60216859113386));
#8718=CARTESIAN_POINT('Ctrl Pts',(21.8632757346874,0.185499569514145,-2.61932072449649));
#8719=CARTESIAN_POINT('Ctrl Pts',(21.8640954736973,0.162597182169973,-2.64163302143616));
#8720=CARTESIAN_POINT('Ctrl Pts',(21.8644292365619,0.150324041875922,-2.65379358460568));
#8721=CARTESIAN_POINT('Ctrl Pts',(21.8653243923488,0.118669804181672,-2.68494557262906));
#8722=CARTESIAN_POINT('Ctrl Pts',(21.8665468378468,0.0671919354986132,-2.7357037629358));
#8723=CARTESIAN_POINT('Ctrl Pts',(21.8689471567064,-0.0692530794066493,
-2.87014261060976));
#8724=CARTESIAN_POINT('Ctrl Pts',(21.8687732576765,-0.188331064519288,-2.98761757311207));
#8725=CARTESIAN_POINT('Ctrl Pts',(21.8674998454677,-0.278844693939844,-3.07685201508982));
#8726=CARTESIAN_POINT('Ctrl Pts',(21.2827235909016,3.79993087858063,-1.62823642504227));
#8727=CARTESIAN_POINT('Ctrl Pts',(21.2832676104721,3.79858269852158,-1.62789927225864));
#8728=CARTESIAN_POINT('Ctrl Pts',(21.2835471750569,3.79788767283198,-1.62777751798775));
#8729=CARTESIAN_POINT('Ctrl Pts',(21.2841715214389,3.79633596570781,-1.62749128633715));
#8730=CARTESIAN_POINT('Ctrl Pts',(21.2849134485196,3.79448816290585,-1.62723314080242));
#8731=CARTESIAN_POINT('Ctrl Pts',(21.2862084104801,3.79125879120003,-1.62685538722035));
#8732=CARTESIAN_POINT('Ctrl Pts',(21.2883073483885,3.78601105032268,-1.62646147746087));
#8733=CARTESIAN_POINT('Ctrl Pts',(21.2919679090627,3.77683147038611,-1.62611171182432));
#8734=CARTESIAN_POINT('Ctrl Pts',(21.2983869916622,3.76065623534817,-1.62621553783568));
#8735=CARTESIAN_POINT('Ctrl Pts',(21.306700246716,3.73955550665742,-1.62729469065521));
#8736=CARTESIAN_POINT('Ctrl Pts',(21.3161073203527,3.71546681395498,-1.62933338266229));
#8737=CARTESIAN_POINT('Ctrl Pts',(21.3251771142673,3.69206701901825,-1.6318835420365));
#8738=CARTESIAN_POINT('Ctrl Pts',(21.3340083009547,3.66911166027382,-1.63481494996978));
#8739=CARTESIAN_POINT('Ctrl Pts',(21.3455326147474,3.63894391601329,-1.63913672148738));
#8740=CARTESIAN_POINT('Ctrl Pts',(21.3595252692683,3.6018792929777,-1.64517593238381));
#8741=CARTESIAN_POINT('Ctrl Pts',(21.3758423804244,3.55806887628802,-1.65319311299339));
#8742=CARTESIAN_POINT('Ctrl Pts',(21.3970763648048,3.50025901611045,-1.66470683988276));
#8743=CARTESIAN_POINT('Ctrl Pts',(21.4535333796381,3.34322526887746,-1.69933252524812));
#8744=CARTESIAN_POINT('Ctrl Pts',(21.5251256261458,3.12902540363857,-1.75710722614799));
#8745=CARTESIAN_POINT('Ctrl Pts',(21.6036988614687,2.87028025225591,-1.83568124269437));
#8746=CARTESIAN_POINT('Ctrl Pts',(21.6653008548727,2.64962087948012,-1.90781463287267));
#8747=CARTESIAN_POINT('Ctrl Pts',(21.7308728539671,2.39293443751769,-1.99676081279672));
#8748=CARTESIAN_POINT('Ctrl Pts',(21.7970499160914,2.1004215884888,-2.10488748979826));
#8749=CARTESIAN_POINT('Ctrl Pts',(21.8601201069371,1.77214227756171,-2.23558371695691));
#8750=CARTESIAN_POINT('Ctrl Pts',(21.9119251568528,1.44577318855162,-2.37634023162904));
#8751=CARTESIAN_POINT('Ctrl Pts',(21.9527177936266,1.12236585045478,-2.53027583098318));
#8752=CARTESIAN_POINT('Ctrl Pts',(21.9778044372025,0.856531404324757,-2.67466175605071));
#8753=CARTESIAN_POINT('Ctrl Pts',(21.9908293276572,0.674276450378433,-2.79240859753824));
#8754=CARTESIAN_POINT('Ctrl Pts',(21.9962854873503,0.584233554673796,-2.85934245366849));
#8755=CARTESIAN_POINT('Ctrl Pts',(21.9987716961305,0.539368748547686,-2.89620923825424));
#8756=CARTESIAN_POINT('Ctrl Pts',(22.0001337492387,0.513655703266467,-2.91874239476272));
#8757=CARTESIAN_POINT('Ctrl Pts',(22.0007974210354,0.500754185216861,-2.93061653647573));
#8758=CARTESIAN_POINT('Ctrl Pts',(22.0016096028109,0.484718938672728,-2.94581623482359));
#8759=CARTESIAN_POINT('Ctrl Pts',(22.0022841312105,0.470046029877615,-2.95965956506159));
#8760=CARTESIAN_POINT('Ctrl Pts',(22.0036943190223,0.438574657899932,-2.98939269288627));
#8761=CARTESIAN_POINT('Ctrl Pts',(22.0059067546665,0.384670676144183,-3.04030436566513));
#8762=CARTESIAN_POINT('Ctrl Pts',(22.0107111914439,0.244827711302108,-3.17240657201817));
#8763=CARTESIAN_POINT('Ctrl Pts',(22.0127300666042,0.121205447724932,-3.28926197190559));
#8764=CARTESIAN_POINT('Ctrl Pts',(22.0129670041397,0.0281045917803707,-3.37724189392989));
#8765=CARTESIAN_POINT('Ctrl Pts',(21.2827235909016,3.79993087858063,-1.80999999999996));
#8766=CARTESIAN_POINT('Ctrl Pts',(21.2827666671391,3.79982281507131,-1.80999999999996));
#8767=CARTESIAN_POINT('Ctrl Pts',(21.2828528139722,3.79960669152159,-1.81000137855264));
#8768=CARTESIAN_POINT('Ctrl Pts',(21.2830250823949,3.79917446502036,-1.81000621889739));
#8769=CARTESIAN_POINT('Ctrl Pts',(21.2833264820954,3.79841813219896,-1.81001897364628));
#8770=CARTESIAN_POINT('Ctrl Pts',(21.2839289851888,3.79690576154379,-1.81005614081879));
#8771=CARTESIAN_POINT('Ctrl Pts',(21.2851327333515,3.79388238447953,-1.81016294615807));
#8772=CARTESIAN_POINT('Ctrl Pts',(21.2875350905664,3.78784137302306,-1.81046477932373));
#8773=CARTESIAN_POINT('Ctrl Pts',(21.2923198792601,3.77578085505507,-1.81130572008333));
#8774=CARTESIAN_POINT('Ctrl Pts',(21.2991079384802,3.75858948857467,-1.81294855662771));
#8775=CARTESIAN_POINT('Ctrl Pts',(21.3071966572935,3.73797393506004,-1.81538097847776));
#8776=CARTESIAN_POINT('Ctrl Pts',(21.3152328907814,3.71736148943271,-1.81817421381612));
#8777=CARTESIAN_POINT('Ctrl Pts',(21.323215083153,3.69675658204821,-1.82125867867254));
#8778=CARTESIAN_POINT('Ctrl Pts',(21.3337820797007,3.66930413171379,-1.82570254286079));
#8779=CARTESIAN_POINT('Ctrl Pts',(21.3468425374298,3.63504466432215,-1.83178788472505));
#8780=CARTESIAN_POINT('Ctrl Pts',(21.3622793557675,3.59402518328011,-1.83976508518961));
#8781=CARTESIAN_POINT('Ctrl Pts',(21.3825692641065,3.53940481095724,-1.85114527152646));
#8782=CARTESIAN_POINT('Ctrl Pts',(21.4371879632266,3.38944154208134,-1.88516984574426));
#8783=CARTESIAN_POINT('Ctrl Pts',(21.5080963186402,3.18107984002471,-1.94167400650423));
#8784=CARTESIAN_POINT('Ctrl Pts',(21.5865178332402,2.92784659199521,-2.01858564431356));
#8785=CARTESIAN_POINT('Ctrl Pts',(21.6484369224215,2.71109752039616,-2.08920840268847));
#8786=CARTESIAN_POINT('Ctrl Pts',(21.7146414298289,2.45855350552744,-2.17629754626459));
#8787=CARTESIAN_POINT('Ctrl Pts',(21.7818481644128,2.17045459678318,-2.28213579146487));
#8788=CARTESIAN_POINT('Ctrl Pts',(21.846304235047,1.84735148154631,-2.4098659678822));
#8789=CARTESIAN_POINT('Ctrl Pts',(21.8996507866814,1.52688817008994,-2.54704794559316));
#8790=CARTESIAN_POINT('Ctrl Pts',(21.9420676960205,1.21125751008354,-2.69610037855204));
#8791=CARTESIAN_POINT('Ctrl Pts',(21.9685132463738,0.954832572426347,-2.83437352775068));
#8792=CARTESIAN_POINT('Ctrl Pts',(21.9823721881627,0.78406827705783,-2.94382893522165));
#8793=CARTESIAN_POINT('Ctrl Pts',(21.9881296865287,0.702775082141179,-3.00369414583412));
#8794=CARTESIAN_POINT('Ctrl Pts',(21.9907001558511,0.663749944317053,-3.035406360698));
#8795=CARTESIAN_POINT('Ctrl Pts',(21.9920761967586,0.642071948963894,-3.0541623412664));
#8796=CARTESIAN_POINT('Ctrl Pts',(21.9927318925446,0.631478515868968,-3.06378082978564));
#8797=CARTESIAN_POINT('Ctrl Pts',(21.9935276476701,0.618463112738387,-3.07594094241697));
#8798=CARTESIAN_POINT('Ctrl Pts',(21.994462770455,0.602876164594005,-3.09050367177357));
#8799=CARTESIAN_POINT('Ctrl Pts',(21.9962617379684,0.571700246629865,-3.1196310481607));
#8800=CARTESIAN_POINT('Ctrl Pts',(21.999222859096,0.517137228688737,-3.17060872442931));
#8801=CARTESIAN_POINT('Ctrl Pts',(22.0058752756564,0.376808377001073,-3.30171709166552));
#8802=CARTESIAN_POINT('Ctrl Pts',(22.0095097453286,0.252024025645143,-3.41830186817495));
#8803=CARTESIAN_POINT('Ctrl Pts',(22.0109548668894,0.158426519806616,-3.50574958999074));
#8804=CARTESIAN_POINT('Ctrl Pts',(22.0070261265387,0.325129435718963,-3.35000019125704));
#8805=CARTESIAN_POINT('Ctrl Pts',(22.00582100874,0.363147852537751,-3.31447989213838));
#8806=CARTESIAN_POINT('Ctrl Pts',(22.0032420937397,0.432353815458139,-3.24982133640249));
#8807=CARTESIAN_POINT('Ctrl Pts',(21.999222859096,0.517137228688737,-3.17060872442931));
#8808=CARTESIAN_POINT('Ctrl Pts',(21.9962617379684,0.571700246629865,-3.1196310481607));
#8809=CARTESIAN_POINT('Ctrl Pts',(21.994462770455,0.602876164594005,-3.09050367177357));
#8810=CARTESIAN_POINT('Ctrl Pts',(21.9935276476701,0.618463112738387,-3.07594094241697));
#8811=CARTESIAN_POINT('Ctrl Pts',(21.9927318925446,0.631478515868968,-3.06378082978564));
#8812=CARTESIAN_POINT('Ctrl Pts',(21.9920761967586,0.642071948963894,-3.0541623412664));
#8813=CARTESIAN_POINT('Ctrl Pts',(21.9907001558511,0.663749944317053,-3.035406360698));
#8814=CARTESIAN_POINT('Ctrl Pts',(21.9881296865287,0.702775082141179,-3.00369414583412));
#8815=CARTESIAN_POINT('Ctrl Pts',(21.9823721881627,0.78406827705783,-2.94382893522165));
#8816=CARTESIAN_POINT('Ctrl Pts',(21.9685132463738,0.954832572426347,-2.83437352775068));
#8817=CARTESIAN_POINT('Ctrl Pts',(21.9420676960205,1.21125751008354,-2.69610037855204));
#8818=CARTESIAN_POINT('Ctrl Pts',(21.8996507866814,1.52688817008994,-2.54704794559316));
#8819=CARTESIAN_POINT('Ctrl Pts',(21.846304235047,1.84735148154631,-2.4098659678822));
#8820=CARTESIAN_POINT('Ctrl Pts',(21.7818481644128,2.17045459678318,-2.28213579146487));
#8821=CARTESIAN_POINT('Ctrl Pts',(21.7146414298289,2.45855350552744,-2.17629754626459));
#8822=CARTESIAN_POINT('Ctrl Pts',(21.6484369224215,2.71109752039616,-2.08920840268847));
#8823=CARTESIAN_POINT('Ctrl Pts',(21.5865178332402,2.92784659199521,-2.01858564431356));
#8824=CARTESIAN_POINT('Ctrl Pts',(21.5080963186402,3.18107984002471,-1.94167400650423));
#8825=CARTESIAN_POINT('Ctrl Pts',(21.4371879632266,3.38944154208134,-1.88516984574426));
#8826=CARTESIAN_POINT('Ctrl Pts',(21.3825692641065,3.53940481095724,-1.85114527152646));
#8827=CARTESIAN_POINT('Ctrl Pts',(21.3622793557675,3.59402518328011,-1.83976508518961));
#8828=CARTESIAN_POINT('Ctrl Pts',(21.3468425374298,3.63504466432215,-1.83178788472505));
#8829=CARTESIAN_POINT('Ctrl Pts',(21.3337820797007,3.66930413171379,-1.82570254286079));
#8830=CARTESIAN_POINT('Ctrl Pts',(21.323215083153,3.69675658204821,-1.82125867867254));
#8831=CARTESIAN_POINT('Ctrl Pts',(21.3152328907814,3.71736148943271,-1.81817421381612));
#8832=CARTESIAN_POINT('Ctrl Pts',(21.3071966572935,3.73797393506004,-1.81538097847776));
#8833=CARTESIAN_POINT('Ctrl Pts',(21.2991079384802,3.75858948857467,-1.81294855662771));
#8834=CARTESIAN_POINT('Ctrl Pts',(21.2923198792601,3.77578085505507,-1.81130572008333));
#8835=CARTESIAN_POINT('Ctrl Pts',(21.2875350905664,3.78784137302306,-1.81046477932373));
#8836=CARTESIAN_POINT('Ctrl Pts',(21.2851327333515,3.79388238447953,-1.81016294615807));
#8837=CARTESIAN_POINT('Ctrl Pts',(21.2839289851888,3.79690576154379,-1.81005614081879));
#8838=CARTESIAN_POINT('Ctrl Pts',(21.2833264820954,3.79841813219896,-1.81001897364628));
#8839=CARTESIAN_POINT('Ctrl Pts',(21.2830250823949,3.79917446502036,-1.81000621889739));
#8840=CARTESIAN_POINT('Ctrl Pts',(21.2828528139722,3.79960669152159,-1.81000137855264));
#8841=CARTESIAN_POINT('Ctrl Pts',(21.2827666671391,3.79982281507131,-1.80999999999996));
#8842=CARTESIAN_POINT('Ctrl Pts',(21.2827235909016,3.79993087858063,-1.80999999999996));
#8843=CARTESIAN_POINT('',(21.1845608729826,0.,-2.5));
#8844=CARTESIAN_POINT('Ctrl Pts',(20.5302998618274,3.50000000000001,-0.999999999999965));
#8845=CARTESIAN_POINT('Ctrl Pts',(20.5303395380311,3.49347110336096,-0.999999999999965));
#8846=CARTESIAN_POINT('Ctrl Pts',(20.5304188852417,3.49080448731271,-1.00003354584525));
#8847=CARTESIAN_POINT('Ctrl Pts',(20.530577556412,3.48463136987929,-1.00009844851835));
#8848=CARTESIAN_POINT('Ctrl Pts',(20.5308551664489,3.47833251326121,-1.00022746407184));
#8849=CARTESIAN_POINT('Ctrl Pts',(20.5314101136031,3.46815194147995,-1.00049610614887));
#8850=CARTESIAN_POINT('Ctrl Pts',(20.5325188491838,3.45406617063339,-1.00106171880278));
#8851=CARTESIAN_POINT('Ctrl Pts',(20.534731586868,3.43268412697006,-1.00223805860798));
#8852=CARTESIAN_POINT('Ctrl Pts',(20.5391387092507,3.40111995803368,-1.00469340572898));
#8853=CARTESIAN_POINT('Ctrl Pts',(20.5453909827866,3.36619103077747,-1.00837204214195));
#8854=CARTESIAN_POINT('Ctrl Pts',(20.552841254055,3.33053720269774,-1.01297479626278));
#8855=CARTESIAN_POINT('Ctrl Pts',(20.560243182697,3.29836073141849,-1.01773197126464));
#8856=CARTESIAN_POINT('Ctrl Pts',(20.5675953357211,3.2683974390192,-1.02261905862848));
#8857=CARTESIAN_POINT('Ctrl Pts',(20.5773282727399,3.23055549126027,-1.02928650744005));
#8858=CARTESIAN_POINT('Ctrl Pts',(20.5893578605173,3.18629256272818,-1.03787013195304));
#8859=CARTESIAN_POINT('Ctrl Pts',(20.6035762413006,3.13606258700165,-1.04850553822091));
#8860=CARTESIAN_POINT('Ctrl Pts',(20.6222646547102,3.07175038604621,-1.06308323376458));
#8861=CARTESIAN_POINT('Ctrl Pts',(20.6725722663559,2.9034036488185,-1.10469194876212));
#8862=CARTESIAN_POINT('Ctrl Pts',(20.737883781717,2.68862884037543,-1.16836850593859));
#8863=CARTESIAN_POINT('Ctrl Pts',(20.8101154379945,2.43409865195668,-1.25225445758634));
#8864=CARTESIAN_POINT('Ctrl Pts',(20.8671472154293,2.2198167492161,-1.32810980435718));
#8865=CARTESIAN_POINT('Ctrl Pts',(20.9281261603969,1.97165700155943,-1.42101427485606));
#8866=CARTESIAN_POINT('Ctrl Pts',(20.9900282261343,1.68957529818657,-1.53352204038038));
#8867=CARTESIAN_POINT('Ctrl Pts',(21.0493967395174,1.37164344675809,-1.66998154902983));
#8868=CARTESIAN_POINT('Ctrl Pts',(21.09853261506,1.05233842011925,-1.81824712915721));
#8869=CARTESIAN_POINT('Ctrl Pts',(21.1376015316878,0.728720045940024,-1.98407902843533));
#8870=CARTESIAN_POINT('Ctrl Pts',(21.161959718506,0.451788789314419,-2.14515184594531));
#8871=CARTESIAN_POINT('Ctrl Pts',(21.1747247655059,0.244398861278283,-2.28853469629947));
#8872=CARTESIAN_POINT('Ctrl Pts',(21.1800278209889,0.131441743887371,-2.37837096282016));
#8873=CARTESIAN_POINT('Ctrl Pts',(21.1823954015887,0.0701623615378605,-2.43226410043854));
#8874=CARTESIAN_POINT('Ctrl Pts',(21.183662830742,0.0327317031078473,-2.46738822867876));
#8875=CARTESIAN_POINT('Ctrl Pts',(21.1842667720568,0.0130048742733872,-2.48681116704358));
#8876=CARTESIAN_POINT('Ctrl Pts',(21.1845910652542,0.00193285373611453,
-2.49804201528152));
#8877=CARTESIAN_POINT('Ctrl Pts',(21.1846212395663,0.000946795951506466,
-2.49904221815097));
#8878=CARTESIAN_POINT('Ctrl Pts',(21.1846513749718,2.72178423778378E-6,
-2.49999983526864));
#8879=CARTESIAN_POINT('Ctrl Pts',(21.1845608729826,6.93889390390723E-16,
-2.5));
#8880=CARTESIAN_POINT('Ctrl Pts',(21.2601539961292,6.97561119020374E-16,
-2.5));
#8881=CARTESIAN_POINT('Ctrl Pts',(21.3341539266303,5.28537507718779E-16,
-2.51502966181958));
#8882=CARTESIAN_POINT('Ctrl Pts',(21.4868486057357,1.48905195749763E-15,
-2.575220684619));
#8883=CARTESIAN_POINT('Ctrl Pts',(21.5617477341615,1.52115733250731E-15,
-2.6240010699436));
#8884=CARTESIAN_POINT('Ctrl Pts',(21.7160368504996,2.34373051546018E-15,
-2.76194732048902));
#8885=CARTESIAN_POINT('Ctrl Pts',(21.7883844773539,2.68149941691876E-16,
-2.8588536643653));
#8886=CARTESIAN_POINT('Ctrl Pts',(21.9006852194567,1.25001098819507E-15,
-3.06595257144409));
#8887=CARTESIAN_POINT('Ctrl Pts',(21.9418768669918,-2.57604080688167E-15,
-3.17711030340752));
#8888=CARTESIAN_POINT('Ctrl Pts',(21.9741328248994,-2.93198773820516E-15,
-3.3104634084997));
#8889=CARTESIAN_POINT('Ctrl Pts',(21.9784782989992,4.30295452133978E-15,
-3.33018647665961));
#8890=CARTESIAN_POINT('Ctrl Pts',(21.9824276742509,4.64905891561784E-15,
-3.34999999999781));
#8891=CARTESIAN_POINT('Ctrl Pts',(21.201051395842,0.430902937385697,-2.93709046326346));
#8892=CARTESIAN_POINT('Ctrl Pts',(21.2006077108518,0.402166387056029,-2.90794127209666));
#8893=CARTESIAN_POINT('Ctrl Pts',(21.19888340839,0.316173148648571,-2.82071422943601));
#8894=CARTESIAN_POINT('Ctrl Pts',(21.1940430626276,0.171567155377558,-2.67403044597579));
#8895=CARTESIAN_POINT('Ctrl Pts',(21.188071759719,0.0579023346231342,-2.55873826950911));
#8896=CARTESIAN_POINT('Ctrl Pts',(21.1844138110544,-0.00402800179111974,
-2.49591644190849));
#8897=CARTESIAN_POINT('Ctrl Pts',(21.183817715535,-0.0258637331572325,-2.47407049536997));
#8898=CARTESIAN_POINT('Ctrl Pts',(21.1825644894065,-0.0621562014966279,
-2.43980247124105));
#8899=CARTESIAN_POINT('Ctrl Pts',(21.1800278274439,-0.129501421302844,-2.38032747734431));
#8900=CARTESIAN_POINT('Ctrl Pts',(21.1747248824652,-0.242169506366108,-2.29080889567082));
#8901=CARTESIAN_POINT('Ctrl Pts',(21.1656065529213,-0.39171425961282,-2.18687636987914));
#8902=CARTESIAN_POINT('Ctrl Pts',(21.1522169926349,-0.56167302127705,-2.0817637164079));
#8903=CARTESIAN_POINT('Ctrl Pts',(21.1363731413663,-0.727530862762496,-1.98757161727158));
#8904=CARTESIAN_POINT('Ctrl Pts',(21.1180656015471,-0.890466731189438,-1.90123188373867));
#8905=CARTESIAN_POINT('Ctrl Pts',(21.0972734425437,-1.05175318235047,-1.82049512424382));
#8906=CARTESIAN_POINT('Ctrl Pts',(21.0739678118196,-1.2119314193842,-1.74418404694484));
#8907=CARTESIAN_POINT('Ctrl Pts',(21.0481165903423,-1.37149498477894,-1.67143061518327));
#8908=CARTESIAN_POINT('Ctrl Pts',(21.0197102987469,-1.53062564880447,-1.60174148932944));
#8909=CARTESIAN_POINT('Ctrl Pts',(20.9887457350749,-1.68948202510592,-1.53476595236979));
#8910=CARTESIAN_POINT('Ctrl Pts',(20.9552080543522,-1.84825508913571,-1.47024861264257));
#8911=CARTESIAN_POINT('Ctrl Pts',(20.9190739722265,-2.00719844215966,-1.40801070852723));
#8912=CARTESIAN_POINT('Ctrl Pts',(20.8803117137981,-2.16658854269261,-1.34793726300272));
#8913=CARTESIAN_POINT('Ctrl Pts',(20.8342784504129,-2.34469387351649,-1.2835500729941));
#8914=CARTESIAN_POINT('Ctrl Pts',(20.7896864659557,-2.50654659025449,-1.2281028954318));
#8915=CARTESIAN_POINT('Ctrl Pts',(20.7423164175044,-2.67109482982552,-1.17498983947789));
#8916=CARTESIAN_POINT('Ctrl Pts',(20.6981254485315,-2.81974798748875,-1.12963839233473));
#8917=CARTESIAN_POINT('Ctrl Pts',(20.645509766834,-2.9939513483611,-1.08153816367086));
#8918=CARTESIAN_POINT('Ctrl Pts',(20.6061067877834,-3.12535514881879,-1.05002764651499));
#8919=CARTESIAN_POINT('Ctrl Pts',(20.5821404106094,-3.21277698833344,-1.03271962465389));
#8920=CARTESIAN_POINT('Ctrl Pts',(20.5724802065708,-3.24903027681344,-1.02591914753844));
#8921=CARTESIAN_POINT('Ctrl Pts',(20.5602675971147,-3.29734572610472,-1.01766809869591));
#8922=CARTESIAN_POINT('Ctrl Pts',(20.5491290225446,-3.34683301438519,-1.01062638227106));
#8923=CARTESIAN_POINT('Ctrl Pts',(20.5416395870651,-3.38717242010666,-1.00616515382622));
#8924=CARTESIAN_POINT('Ctrl Pts',(20.5378795376166,-3.41013554360309,-1.00399176260391));
#8925=CARTESIAN_POINT('Ctrl Pts',(20.5347315817476,-3.43268671082541,-1.00223809670566));
#8926=CARTESIAN_POINT('Ctrl Pts',(20.5325188493555,-3.45406614271515,-1.00106171326029));
#8927=CARTESIAN_POINT('Ctrl Pts',(20.5314101133692,-3.46815206470242,-1.00049610760521));
#8928=CARTESIAN_POINT('Ctrl Pts',(20.5308551664386,-3.47833252240865,-1.00022746390972));
#8929=CARTESIAN_POINT('Ctrl Pts',(20.5305775563967,-3.4846313785635,-1.0000984485834));
#8930=CARTESIAN_POINT('Ctrl Pts',(20.5304188852397,-3.49080448882547,-1.0000335458336));
#8931=CARTESIAN_POINT('Ctrl Pts',(20.5303395380311,-3.49347110336098,-0.999999999999965));
#8932=CARTESIAN_POINT('Ctrl Pts',(20.5302998618274,-3.50000000000002,-0.999999999999965));
#8933=CARTESIAN_POINT('Ctrl Pts',(21.4450847114183,0.429045889019139,-2.93520674871798));
#8934=CARTESIAN_POINT('Ctrl Pts',(21.4449768306095,0.399949349639453,-2.90567240925998));
#8935=CARTESIAN_POINT('Ctrl Pts',(21.4442254984458,0.312856393503105,-2.8173478635192));
#8936=CARTESIAN_POINT('Ctrl Pts',(21.4409811149718,0.166358868446035,-2.66876922795486));
#8937=CARTESIAN_POINT('Ctrl Pts',(21.4362873416235,0.0512700227311894,-2.55197892814251));
#8938=CARTESIAN_POINT('Ctrl Pts',(21.4332569884867,-0.0114807113351466,
-2.48835962116298));
#8939=CARTESIAN_POINT('Ctrl Pts',(21.4326121301623,-0.0338140090646089,
-2.46634370235109));
#8940=CARTESIAN_POINT('Ctrl Pts',(21.4313529473393,-0.0708771555331276,
-2.43178948375434));
#8941=CARTESIAN_POINT('Ctrl Pts',(21.4288074519428,-0.139650349833422,-2.37183415414423));
#8942=CARTESIAN_POINT('Ctrl Pts',(21.4236309929378,-0.254628137972829,-2.28154485140888));
#8943=CARTESIAN_POINT('Ctrl Pts',(21.4147666687559,-0.407214033297099,-2.17666661120848));
#8944=CARTESIAN_POINT('Ctrl Pts',(21.4017112680853,-0.580836893247494,-2.07036594872004));
#8945=CARTESIAN_POINT('Ctrl Pts',(21.3861567013086,-0.750386104291208,-1.97501120574904));
#8946=CARTESIAN_POINT('Ctrl Pts',(21.3680802683239,-0.917059002958002,-1.88751947139939));
#8947=CARTESIAN_POINT('Ctrl Pts',(21.3474532982564,-1.08217795549286,-1.80561112856105));
#8948=CARTESIAN_POINT('Ctrl Pts',(21.324222659573,-1.2461906792048,-1.72819995246028));
#8949=CARTESIAN_POINT('Ctrl Pts',(21.2983618641569,-1.40966807532982,-1.65435378573574));
#8950=CARTESIAN_POINT('Ctrl Pts',(21.2698478283546,-1.57276507324905,-1.58361367805332));
#8951=CARTESIAN_POINT('Ctrl Pts',(21.2386662615552,-1.73562683387811,-1.51564854882962));
#8952=CARTESIAN_POINT('Ctrl Pts',(21.2047990029068,-1.89850141135476,-1.45017476010141));
#8953=CARTESIAN_POINT('Ctrl Pts',(21.1681981894537,-2.06157775156894,-1.38708554263311));
#8954=CARTESIAN_POINT('Ctrl Pts',(21.1288194174122,-2.22517466361282,-1.32626076472899));
#8955=CARTESIAN_POINT('Ctrl Pts',(21.0818953431415,-2.40803866772731,-1.26121419428103));
#8956=CARTESIAN_POINT('Ctrl Pts',(21.0362526966175,-2.57430420234107,-1.2053829820035));
#8957=CARTESIAN_POINT('Ctrl Pts',(20.9875019471426,-2.74339689280452,-1.15225812505266));
#8958=CARTESIAN_POINT('Ctrl Pts',(20.9418461655506,-2.89608913269805,-1.10715329368241));
#8959=CARTESIAN_POINT('Ctrl Pts',(20.8868920139272,-3.07511655559348,-1.06027098011915));
#8960=CARTESIAN_POINT('Ctrl Pts',(20.8452413529998,-3.20983961779034,-1.03042062960367));
#8961=CARTESIAN_POINT('Ctrl Pts',(20.8190994214909,-3.29944816939966,-1.01547479574388));
#8962=CARTESIAN_POINT('Ctrl Pts',(20.8084695447091,-3.33658502644716,-1.00978201109625));
#8963=CARTESIAN_POINT('Ctrl Pts',(20.7948484494877,-3.38593741099953,-1.00323215367873));
#8964=CARTESIAN_POINT('Ctrl Pts',(20.7819843837967,-3.43635681693166,-0.99849385551305));
#8965=CARTESIAN_POINT('Ctrl Pts',(20.7728221949701,-3.47722327291441,-0.996459882020342));
#8966=CARTESIAN_POINT('Ctrl Pts',(20.7680320008411,-3.50040322554436,-0.995831135947375));
#8967=CARTESIAN_POINT('Ctrl Pts',(20.7637919045708,-3.52307062696244,-0.995763856205118));
#8968=CARTESIAN_POINT('Ctrl Pts',(20.7604348936807,-3.54441453947016,-0.996417782782102));
#8969=CARTESIAN_POINT('Ctrl Pts',(20.7585250270779,-3.5584069126381,-0.997158934325704));
#8970=CARTESIAN_POINT('Ctrl Pts',(20.7573591088362,-3.5684670679466,-0.997903093232525));
#8971=CARTESIAN_POINT('Ctrl Pts',(20.7566949872339,-3.57467735980581,-0.998418895256712));
#8972=CARTESIAN_POINT('Ctrl Pts',(20.756143381277,-3.58073799314838,-0.999016155080198));
#8973=CARTESIAN_POINT('Ctrl Pts',(20.7558955756829,-3.58335865307525,-0.999265924663705));
#8974=CARTESIAN_POINT('Ctrl Pts',(20.755424515127,-3.58973910902227,-0.999999999999965));
#8975=CARTESIAN_POINT('Ctrl Pts',(21.8674998454677,0.278844693939847,-3.07685201508982));
#8976=CARTESIAN_POINT('Ctrl Pts',(21.8679243154841,0.248673535304775,-3.04710725154583));
#8977=CARTESIAN_POINT('Ctrl Pts',(21.868810885388,0.158320307068298,-2.95801046931177));
#8978=CARTESIAN_POINT('Ctrl Pts',(21.8681976752822,0.00664546066914372,
-2.8085105272652));
#8979=CARTESIAN_POINT('Ctrl Pts',(21.8655903327603,-0.113191530901333,-2.69039634335014));
#8980=CARTESIAN_POINT('Ctrl Pts',(21.8635713203296,-0.177787011786643,-2.62679155639468));
#8981=CARTESIAN_POINT('Ctrl Pts',(21.8628470764458,-0.197569732572875,-2.60780717897851));
#8982=CARTESIAN_POINT('Ctrl Pts',(21.8615761661067,-0.231460495682578,-2.57704447820866));
#8983=CARTESIAN_POINT('Ctrl Pts',(21.8590137900246,-0.294847174802731,-2.5233295091884));
#8984=CARTESIAN_POINT('Ctrl Pts',(21.854036463483,-0.403859120743053,-2.44009887232284));
#8985=CARTESIAN_POINT('Ctrl Pts',(21.8455901470792,-0.552427993282583,-2.34096535913015));
#8986=CARTESIAN_POINT('Ctrl Pts',(21.83305812364,-0.72486510842928,-2.238578806635));
#8987=CARTESIAN_POINT('Ctrl Pts',(21.8179512824984,-0.895169989145391,-2.14577738517482));
#8988=CARTESIAN_POINT('Ctrl Pts',(21.8002221340478,-1.06392325603101,-2.05997514114402));
#8989=CARTESIAN_POINT('Ctrl Pts',(21.779805484687,-1.23193009393873,-1.97930978584536));
#8990=CARTESIAN_POINT('Ctrl Pts',(21.7566604359306,-1.39953614109471,-1.90273623066972));
#8991=CARTESIAN_POINT('Ctrl Pts',(21.7307257700119,-1.56703120793984,-1.82953835226485));
#8992=CARTESIAN_POINT('Ctrl Pts',(21.7019725919809,-1.73447987916605,-1.75929765071557));
#8993=CARTESIAN_POINT('Ctrl Pts',(21.6703723528773,-1.9019403969062,-1.69173441108926));
#8994=CARTESIAN_POINT('Ctrl Pts',(21.635878017834,-2.06950131168011,-1.62666767516444));
#8995=CARTESIAN_POINT('Ctrl Pts',(21.5984287268504,-2.23736206964928,-1.56397113894954));
#8996=CARTESIAN_POINT('Ctrl Pts',(21.5579430321266,-2.40571462719991,-1.50360836178499));
#8997=CARTESIAN_POINT('Ctrl Pts',(21.5094459516761,-2.59370657599618,-1.43920842120713));
#8998=CARTESIAN_POINT('Ctrl Pts',(21.4619536968317,-2.76425849129029,-1.38421613078296));
#8999=CARTESIAN_POINT('Ctrl Pts',(21.4108190608163,-2.93699613678498,-1.33229077635245));
#9000=CARTESIAN_POINT('Ctrl Pts',(21.3625261195263,-3.09251028159263,-1.28868637919213));
#9001=CARTESIAN_POINT('Ctrl Pts',(21.3035750668021,-3.27277660973125,-1.24430599749171));
#9002=CARTESIAN_POINT('Ctrl Pts',(21.2577541536323,-3.40665444492354,-1.21755911595326));
#9003=CARTESIAN_POINT('Ctrl Pts',(21.2280288923023,-3.49268695821847,-1.20528163564996));
#9004=CARTESIAN_POINT('Ctrl Pts',(21.2158164158406,-3.52802177256998,-1.20077367287305));
#9005=CARTESIAN_POINT('Ctrl Pts',(21.199824147952,-3.57434877448782,-1.19605301375569));
#9006=CARTESIAN_POINT('Ctrl Pts',(21.184149712306,-3.62024488178255,-1.19345276992468));
#9007=CARTESIAN_POINT('Ctrl Pts',(21.1722985797956,-3.65591914986426,-1.1934021362122));
#9008=CARTESIAN_POINT('Ctrl Pts',(21.165857942489,-3.67567720372292,-1.19396604628921));
#9009=CARTESIAN_POINT('Ctrl Pts',(21.1598678307013,-3.6944880121461,-1.19513807721763));
#9010=CARTESIAN_POINT('Ctrl Pts',(21.1546844296236,-3.71147061282305,-1.19702639375006));
#9011=CARTESIAN_POINT('Ctrl Pts',(21.1514973439033,-3.72227236370534,-1.19860235146925));
#9012=CARTESIAN_POINT('Ctrl Pts',(21.1493580619564,-3.72980275337016,-1.19995903328684));
#9013=CARTESIAN_POINT('Ctrl Pts',(21.1480783112619,-3.73438816695663,-1.20085620743523));
#9014=CARTESIAN_POINT('Ctrl Pts',(21.1469009870037,-3.73875328329013,-1.20182880687621));
#9015=CARTESIAN_POINT('Ctrl Pts',(21.1463849167365,-3.74065138944605,-1.20224094264628));
#9016=CARTESIAN_POINT('Ctrl Pts',(21.1452270368124,-3.74512205121882,-1.20337286494489));
#9017=CARTESIAN_POINT('Ctrl Pts',(22.0129670041397,-0.0281045917803669,
-3.37724189392989));
#9018=CARTESIAN_POINT('Ctrl Pts',(22.0128880250952,-0.0591381577940885,
-3.34791530299448));
#9019=CARTESIAN_POINT('Ctrl Pts',(22.0122158189663,-0.152178928105427,-3.25997610746618));
#9020=CARTESIAN_POINT('Ctrl Pts',(22.0089727258176,-0.307578533330617,-3.1131278547561));
#9021=CARTESIAN_POINT('Ctrl Pts',(22.0041535612812,-0.431438040528072,-2.99612341043473));
#9022=CARTESIAN_POINT('Ctrl Pts',(22.0010169547953,-0.496603988986109,-2.93456131301665));
#9023=CARTESIAN_POINT('Ctrl Pts',(22.0003313542666,-0.509944985320494,-2.92209040894041));
#9024=CARTESIAN_POINT('Ctrl Pts',(21.999001289862,-0.535308869694061,-2.8996667757615));
#9025=CARTESIAN_POINT('Ctrl Pts',(21.996313190196,-0.583773138537133,-2.85977718297478));
#9026=CARTESIAN_POINT('Ctrl Pts',(21.9908610825208,-0.67375671511884,-2.79292118654677));
#9027=CARTESIAN_POINT('Ctrl Pts',(21.9815317536154,-0.804241623601171,-2.70843011176027));
#9028=CARTESIAN_POINT('Ctrl Pts',(21.967780556735,-0.962719203485164,-2.61718765088642));
#9029=CARTESIAN_POINT('Ctrl Pts',(21.9513854521563,-1.1228655192945,-2.53268807485417));
#9030=CARTESIAN_POINT('Ctrl Pts',(21.9323204477991,-1.2840622239035,-2.4533236874444));
#9031=CARTESIAN_POINT('Ctrl Pts',(21.9105491513606,-1.44613915921754,-2.37799639380995));
#9032=CARTESIAN_POINT('Ctrl Pts',(21.8860248354717,-1.60893416664207,-2.30599166074794));
#9033=CARTESIAN_POINT('Ctrl Pts',(21.8587103021482,-1.77238568269987,-2.23682954249883));
#9034=CARTESIAN_POINT('Ctrl Pts',(21.82858358558,-1.93629885311707,-2.1702310893714));
#9035=CARTESIAN_POINT('Ctrl Pts',(21.7956298232561,-2.10050999573317,-2.10602042685075));
#9036=CARTESIAN_POINT('Ctrl Pts',(21.7598238912586,-2.26496505422939,-2.04407760940694));
#9037=CARTESIAN_POINT('Ctrl Pts',(21.7211199761323,-2.42964784453998,-1.98433509161881));
#9038=CARTESIAN_POINT('Ctrl Pts',(21.679466295287,-2.59460156107139,-1.92678970102798));
#9039=CARTESIAN_POINT('Ctrl Pts',(21.6298176972487,-2.77828370924033,-1.86539174418228));
#9040=CARTESIAN_POINT('Ctrl Pts',(21.5815045846946,-2.94413333523554,-1.81298676727876));
#9041=CARTESIAN_POINT('Ctrl Pts',(21.5298820214027,-3.11073079623997,-1.76352341613741));
#9042=CARTESIAN_POINT('Ctrl Pts',(21.4814966290424,-3.25948000434116,-1.72201872294509));
#9043=CARTESIAN_POINT('Ctrl Pts',(21.4232296011884,-3.42852373178551,-1.67966548462375));
#9044=CARTESIAN_POINT('Ctrl Pts',(21.3789491581322,-3.55025880825909,-1.65395960549146));
#9045=CARTESIAN_POINT('Ctrl Pts',(21.3511398224508,-3.62410724712812,-1.6415498780963));
#9046=CARTESIAN_POINT('Ctrl Pts',(21.3398260155698,-3.65393074171759,-1.63688601083185));
#9047=CARTESIAN_POINT('Ctrl Pts',(21.3252955815967,-3.69187052508058,-1.63170520227594));
#9048=CARTESIAN_POINT('Ctrl Pts',(21.3115461151951,-3.72721313689796,-1.62813168479021));
#9049=CARTESIAN_POINT('Ctrl Pts',(21.3017110970948,-3.75222140960787,-1.6266497263321));
#9050=CARTESIAN_POINT('Ctrl Pts',(21.2965531694016,-3.76527712403788,-1.62618528803031));
#9051=CARTESIAN_POINT('Ctrl Pts',(21.2919676946571,-3.77683198009431,-1.62611196394992));
#9052=CARTESIAN_POINT('Ctrl Pts',(21.2883073515252,-3.78601104284747,-1.62646145441279));
#9053=CARTESIAN_POINT('Ctrl Pts',(21.2862084002413,-3.79125881529361,-1.62685539777478));
#9054=CARTESIAN_POINT('Ctrl Pts',(21.2849134478006,-3.79448816458668,-1.62723314051367));
#9055=CARTESIAN_POINT('Ctrl Pts',(21.2841715207227,-3.79633596739009,-1.62749128693154));
#9056=CARTESIAN_POINT('Ctrl Pts',(21.2835471749356,-3.79788767311574,-1.62777751800006));
#9057=CARTESIAN_POINT('Ctrl Pts',(21.2832676104721,-3.79858269852158,-1.62789927225864));
#9058=CARTESIAN_POINT('Ctrl Pts',(21.2827235909016,-3.79993087858063,-1.62823642504227));
#9059=CARTESIAN_POINT('Ctrl Pts',(22.0109548668894,-0.158426519806612,-3.50574958999074));
#9060=CARTESIAN_POINT('Ctrl Pts',(22.0104731605195,-0.189625635504209,-3.47660039882395));
#9061=CARTESIAN_POINT('Ctrl Pts',(22.0086010947571,-0.283219983482282,-3.38915587583999));
#9062=CARTESIAN_POINT('Ctrl Pts',(22.0033459578068,-0.439184983043737,-3.24343835075913));
#9063=CARTESIAN_POINT('Ctrl Pts',(21.9968629468618,-0.563910616515715,-3.12690888754878));
#9064=CARTESIAN_POINT('Ctrl Pts',(21.9928915319809,-0.628867233422783,-3.06622013242022));
#9065=CARTESIAN_POINT('Ctrl Pts',(21.9922443543322,-0.639387030648501,-3.05653241695896));
#9066=CARTESIAN_POINT('Ctrl Pts',(21.9908837335711,-0.66096338713328,-3.0376721888701));
#9067=CARTESIAN_POINT('Ctrl Pts',(21.9881296935369,-0.702772044858942,-3.00369142542415));
#9068=CARTESIAN_POINT('Ctrl Pts',(21.9823723151448,-0.784075706108992,-2.94383606927331));
#9069=CARTESIAN_POINT('Ctrl Pts',(21.9724725945749,-0.906006489712367,-2.8656117734836));
#9070=CARTESIAN_POINT('Ctrl Pts',(21.9579356221227,-1.05747786302297,-2.77913550269511));
#9071=CARTESIAN_POINT('Ctrl Pts',(21.9407340393595,-1.21221120215742,-2.69818689048351));
#9072=CARTESIAN_POINT('Ctrl Pts',(21.9208576433966,-1.36908288992678,-2.62157549090964));
#9073=CARTESIAN_POINT('Ctrl Pts',(21.8982837099597,-1.52750004907864,-2.54852795776714));
#9074=CARTESIAN_POINT('Ctrl Pts',(21.8729809140072,-1.6871085493614,-2.47847695338235));
#9075=CARTESIAN_POINT('Ctrl Pts',(21.8449143840814,-1.84768026435096,-2.41103903068148));
#9076=CARTESIAN_POINT('Ctrl Pts',(21.8140738284873,-2.00891745804783,-2.34599670303089));
#9077=CARTESIAN_POINT('Ctrl Pts',(21.7804557708762,-2.17057290930145,-2.28321903739726));
#9078=CARTESIAN_POINT('Ctrl Pts',(21.7440440941407,-2.33251072470324,-2.22260965331616));
#9079=CARTESIAN_POINT('Ctrl Pts',(21.7048135185868,-2.49465523056328,-2.16412942447076));
#9080=CARTESIAN_POINT('Ctrl Pts',(21.6627295463794,-2.65697389179916,-2.10778770124383));
#9081=CARTESIAN_POINT('Ctrl Pts',(21.612751483814,-2.83751183954011,-2.04767288099971));
#9082=CARTESIAN_POINT('Ctrl Pts',(21.5643382099065,-3.0001850366553,-1.9963727741092));
#9083=CARTESIAN_POINT('Ctrl Pts',(21.5129088070979,-3.16303177898146,-1.94796195803542));
#9084=CARTESIAN_POINT('Ctrl Pts',(21.4649309135109,-3.30791644740335,-1.9073519223141));
#9085=CARTESIAN_POINT('Ctrl Pts',(21.4078063553453,-3.4711842653856,-1.86586671699601));
#9086=CARTESIAN_POINT('Ctrl Pts',(21.3650267562588,-3.5871252514634,-1.84059609846531));
#9087=CARTESIAN_POINT('Ctrl Pts',(21.3390065914956,-3.65559951235792,-1.82813571969113));
#9088=CARTESIAN_POINT('Ctrl Pts',(21.3285185607471,-3.68302236593428,-1.82340835282302));
#9089=CARTESIAN_POINT('Ctrl Pts',(21.3152593973813,-3.71735905586079,-1.81803300226321));
#9090=CARTESIAN_POINT('Ctrl Pts',(21.3031663078236,-3.74827878073767,-1.81404975964922));
#9091=CARTESIAN_POINT('Ctrl Pts',(21.2950350686402,-3.76890438875606,-1.81196384151599));
#9092=CARTESIAN_POINT('Ctrl Pts',(21.2909528034961,-3.77922670437037,-1.81106499217399));
#9093=CARTESIAN_POINT('Ctrl Pts',(21.2875350850073,-3.7878413861384,-1.81046491621366));
#9094=CARTESIAN_POINT('Ctrl Pts',(21.2851327335379,-3.79388238422457,-1.81016292304841));
#9095=CARTESIAN_POINT('Ctrl Pts',(21.2839289849349,-3.79690576215538,-1.81005614582143));
#9096=CARTESIAN_POINT('Ctrl Pts',(21.2833264820841,-3.79841813223589,-1.81001897287616));
#9097=CARTESIAN_POINT('Ctrl Pts',(21.2830250823783,-3.79917446506172,-1.81000621909068));
#9098=CARTESIAN_POINT('Ctrl Pts',(21.2828528139701,-3.7996066915279,-1.81000137848906));
#9099=CARTESIAN_POINT('Ctrl Pts',(21.2827666671391,-3.79982281507131,-1.80999999999996));
#9100=CARTESIAN_POINT('Ctrl Pts',(21.2827235909016,-3.79993087858063,-1.80999999999996));
#9101=CARTESIAN_POINT('',(20.5302998618274,-3.50000000000002,-0.999999999999965));
#9102=CARTESIAN_POINT('Ctrl Pts',(21.1846514174437,-3.84390972394668E-6,
-2.49999852682105));
#9103=CARTESIAN_POINT('Ctrl Pts',(21.1846212672551,-0.000515230699216335,
-2.49947977923852));
#9104=CARTESIAN_POINT('Ctrl Pts',(21.1845910781305,-0.00102680886438541,
-2.49896083720094));
#9105=CARTESIAN_POINT('Ctrl Pts',(21.1844138110544,-0.00402800179111974,
-2.49591644190849));
#9106=CARTESIAN_POINT('Ctrl Pts',(21.183817715535,-0.0258637331572325,-2.47407049536997));
#9107=CARTESIAN_POINT('Ctrl Pts',(21.1825644894065,-0.0621562014966279,
-2.43980247124105));
#9108=CARTESIAN_POINT('Ctrl Pts',(21.1800278274439,-0.129501421302844,-2.38032747734431));
#9109=CARTESIAN_POINT('Ctrl Pts',(21.1747248824652,-0.242169506366108,-2.29080889567082));
#9110=CARTESIAN_POINT('Ctrl Pts',(21.1656065529213,-0.39171425961282,-2.18687636987914));
#9111=CARTESIAN_POINT('Ctrl Pts',(21.1522169926349,-0.56167302127705,-2.0817637164079));
#9112=CARTESIAN_POINT('Ctrl Pts',(21.1363731413663,-0.727530862762496,-1.98757161727158));
#9113=CARTESIAN_POINT('Ctrl Pts',(21.1180656015471,-0.890466731189438,-1.90123188373867));
#9114=CARTESIAN_POINT('Ctrl Pts',(21.0972734425437,-1.05175318235047,-1.82049512424382));
#9115=CARTESIAN_POINT('Ctrl Pts',(21.0739678118196,-1.2119314193842,-1.74418404694484));
#9116=CARTESIAN_POINT('Ctrl Pts',(21.0481165903423,-1.37149498477894,-1.67143061518327));
#9117=CARTESIAN_POINT('Ctrl Pts',(21.0197102987469,-1.53062564880447,-1.60174148932944));
#9118=CARTESIAN_POINT('Ctrl Pts',(20.9887457350749,-1.68948202510592,-1.53476595236979));
#9119=CARTESIAN_POINT('Ctrl Pts',(20.9552080543522,-1.84825508913571,-1.47024861264257));
#9120=CARTESIAN_POINT('Ctrl Pts',(20.9190739722265,-2.00719844215966,-1.40801070852723));
#9121=CARTESIAN_POINT('Ctrl Pts',(20.8803117137981,-2.16658854269261,-1.34793726300272));
#9122=CARTESIAN_POINT('Ctrl Pts',(20.8342784504129,-2.34469387351649,-1.2835500729941));
#9123=CARTESIAN_POINT('Ctrl Pts',(20.7896864659557,-2.50654659025449,-1.2281028954318));
#9124=CARTESIAN_POINT('Ctrl Pts',(20.7423164175044,-2.67109482982552,-1.17498983947789));
#9125=CARTESIAN_POINT('Ctrl Pts',(20.6981254485315,-2.81974798748875,-1.12963839233473));
#9126=CARTESIAN_POINT('Ctrl Pts',(20.645509766834,-2.9939513483611,-1.08153816367086));
#9127=CARTESIAN_POINT('Ctrl Pts',(20.6061067877834,-3.12535514881879,-1.05002764651499));
#9128=CARTESIAN_POINT('Ctrl Pts',(20.5821404106094,-3.21277698833344,-1.03271962465389));
#9129=CARTESIAN_POINT('Ctrl Pts',(20.5724802065708,-3.24903027681344,-1.02591914753844));
#9130=CARTESIAN_POINT('Ctrl Pts',(20.5602675971147,-3.29734572610472,-1.01766809869591));
#9131=CARTESIAN_POINT('Ctrl Pts',(20.5491290225446,-3.34683301438519,-1.01062638227106));
#9132=CARTESIAN_POINT('Ctrl Pts',(20.5416395870651,-3.38717242010666,-1.00616515382622));
#9133=CARTESIAN_POINT('Ctrl Pts',(20.5378795376166,-3.41013554360309,-1.00399176260391));
#9134=CARTESIAN_POINT('Ctrl Pts',(20.5347315817476,-3.43268671082541,-1.00223809670566));
#9135=CARTESIAN_POINT('Ctrl Pts',(20.5325188493555,-3.45406614271515,-1.00106171326029));
#9136=CARTESIAN_POINT('Ctrl Pts',(20.5314101133692,-3.46815206470242,-1.00049610760521));
#9137=CARTESIAN_POINT('Ctrl Pts',(20.5308551664386,-3.47833252240865,-1.00022746390972));
#9138=CARTESIAN_POINT('Ctrl Pts',(20.5305775563967,-3.4846313785635,-1.0000984485834));
#9139=CARTESIAN_POINT('Ctrl Pts',(20.5304188852397,-3.49080448882547,-1.0000335458336));
#9140=CARTESIAN_POINT('Ctrl Pts',(20.5303395380311,-3.49347110336098,-0.999999999999965));
#9141=CARTESIAN_POINT('Ctrl Pts',(20.5302998618274,-3.50000000000002,-0.999999999999965));
#9142=CARTESIAN_POINT('',(21.2827235909016,-3.79993087858063,-1.80999999999996));
#9143=CARTESIAN_POINT('Origin',(20.5302998618274,-3.50000000000002,-1.80999999999996));
#9144=CARTESIAN_POINT('Ctrl Pts',(21.2827235909016,-3.79993087858063,-1.80999999999996));
#9145=CARTESIAN_POINT('Ctrl Pts',(21.2827666671391,-3.79982281507131,-1.80999999999996));
#9146=CARTESIAN_POINT('Ctrl Pts',(21.2828528139701,-3.7996066915279,-1.81000137848906));
#9147=CARTESIAN_POINT('Ctrl Pts',(21.2830250823783,-3.79917446506172,-1.81000621909068));
#9148=CARTESIAN_POINT('Ctrl Pts',(21.2833264820841,-3.79841813223589,-1.81001897287616));
#9149=CARTESIAN_POINT('Ctrl Pts',(21.2839289849349,-3.79690576215538,-1.81005614582143));
#9150=CARTESIAN_POINT('Ctrl Pts',(21.2851327335379,-3.79388238422457,-1.81016292304841));
#9151=CARTESIAN_POINT('Ctrl Pts',(21.2875350850073,-3.7878413861384,-1.81046491621366));
#9152=CARTESIAN_POINT('Ctrl Pts',(21.2909528034961,-3.77922670437037,-1.81106499217399));
#9153=CARTESIAN_POINT('Ctrl Pts',(21.2950350686402,-3.76890438875606,-1.81196384151599));
#9154=CARTESIAN_POINT('Ctrl Pts',(21.3031663078236,-3.74827878073767,-1.81404975964922));
#9155=CARTESIAN_POINT('Ctrl Pts',(21.3152593973813,-3.71735905586079,-1.81803300226321));
#9156=CARTESIAN_POINT('Ctrl Pts',(21.3285185607471,-3.68302236593428,-1.82340835282302));
#9157=CARTESIAN_POINT('Ctrl Pts',(21.3390065914956,-3.65559951235792,-1.82813571969113));
#9158=CARTESIAN_POINT('Ctrl Pts',(21.3650267562588,-3.5871252514634,-1.84059609846531));
#9159=CARTESIAN_POINT('Ctrl Pts',(21.4078063553453,-3.4711842653856,-1.86586671699601));
#9160=CARTESIAN_POINT('Ctrl Pts',(21.4649309135109,-3.30791644740335,-1.9073519223141));
#9161=CARTESIAN_POINT('Ctrl Pts',(21.5129088070979,-3.16303177898146,-1.94796195803542));
#9162=CARTESIAN_POINT('Ctrl Pts',(21.5643382099065,-3.0001850366553,-1.9963727741092));
#9163=CARTESIAN_POINT('Ctrl Pts',(21.612751483814,-2.83751183954011,-2.04767288099971));
#9164=CARTESIAN_POINT('Ctrl Pts',(21.6627295463794,-2.65697389179916,-2.10778770124383));
#9165=CARTESIAN_POINT('Ctrl Pts',(21.7048135185868,-2.49465523056328,-2.16412942447076));
#9166=CARTESIAN_POINT('Ctrl Pts',(21.7440440941407,-2.33251072470324,-2.22260965331616));
#9167=CARTESIAN_POINT('Ctrl Pts',(21.7804557708762,-2.17057290930145,-2.28321903739726));
#9168=CARTESIAN_POINT('Ctrl Pts',(21.8140738284873,-2.00891745804783,-2.34599670303089));
#9169=CARTESIAN_POINT('Ctrl Pts',(21.8449143840814,-1.84768026435096,-2.41103903068148));
#9170=CARTESIAN_POINT('Ctrl Pts',(21.8729809140072,-1.6871085493614,-2.47847695338235));
#9171=CARTESIAN_POINT('Ctrl Pts',(21.8982837099597,-1.52750004907864,-2.54852795776714));
#9172=CARTESIAN_POINT('Ctrl Pts',(21.9208576433966,-1.36908288992678,-2.62157549090964));
#9173=CARTESIAN_POINT('Ctrl Pts',(21.9407340393595,-1.21221120215742,-2.69818689048351));
#9174=CARTESIAN_POINT('Ctrl Pts',(21.9579356221227,-1.05747786302297,-2.77913550269511));
#9175=CARTESIAN_POINT('Ctrl Pts',(21.9724725945749,-0.906006489712367,-2.8656117734836));
#9176=CARTESIAN_POINT('Ctrl Pts',(21.9823723151448,-0.784075706108992,-2.94383606927331));
#9177=CARTESIAN_POINT('Ctrl Pts',(21.9881296935369,-0.702772044858942,-3.00369142542415));
#9178=CARTESIAN_POINT('Ctrl Pts',(21.9908837335711,-0.66096338713328,-3.0376721888701));
#9179=CARTESIAN_POINT('Ctrl Pts',(21.9922443543322,-0.639387030648501,-3.05653241695896));
#9180=CARTESIAN_POINT('Ctrl Pts',(21.9928915319809,-0.628867233422783,-3.06622013242022));
#9181=CARTESIAN_POINT('Ctrl Pts',(21.9968629468618,-0.563910616515715,-3.12690888754878));
#9182=CARTESIAN_POINT('Ctrl Pts',(22.0020798140069,-0.463544125554621,-3.22067993517092));
#9183=CARTESIAN_POINT('Ctrl Pts',(22.0058210032408,-0.363147610677635,-3.31447983510154));
#9184=CARTESIAN_POINT('Ctrl Pts',(22.0070261125244,-0.325129342756296,-3.35000010076376));
#9185=CARTESIAN_POINT('Origin',(11.7499999999985,2.77555756156289E-16,-1.81));
#9186=CARTESIAN_POINT('',(20.3010504366517,-4.02780363144062,-1.));
#9187=CARTESIAN_POINT('',(21.0338287424381,-4.37296439770581,-1.81));
#9188=CARTESIAN_POINT('Origin',(20.3010504366517,-4.02780363144062,-1.81));
#9189=CARTESIAN_POINT('Origin',(11.7499999999985,2.77555756156289E-16,-1.81));
#9190=CARTESIAN_POINT('Origin',(11.7499999999985,2.77555756156289E-16,-1.));
#9191=CARTESIAN_POINT('Origin',(21.4861610299606,-4.58602659910408,-1.81));
#9192=CARTESIAN_POINT('Origin',(21.4861610299606,-4.58602659910408,-1.81));
#9193=CARTESIAN_POINT('Origin',(21.4861610299606,-4.58602659910408,-1.));
#9194=CARTESIAN_POINT('Origin',(25.100000000002,0.573159574129902,-1.));
#9195=CARTESIAN_POINT('',(18.75,3.50000000000002,-0.999999999999965));
#9196=CARTESIAN_POINT('Origin',(21.310255296003,4.9422656994804,1.));
#9197=CARTESIAN_POINT('',(20.8660954126534,4.71265298636789,1.));
#9198=CARTESIAN_POINT('Origin',(11.7499999999985,2.77555756156289E-16,1.));
#9199=CARTESIAN_POINT('',(21.0338287424381,-4.37296439770581,1.));
#9200=CARTESIAN_POINT('Origin',(11.7499999999985,2.77555756156289E-16,1.));
#9201=CARTESIAN_POINT('Ctrl Pts',(14.45,-3.50000000000002,-0.999999999999965));
#9202=CARTESIAN_POINT('Ctrl Pts',(22.0121778264908,-3.50000000000002,-0.999999999999965));
#9203=CARTESIAN_POINT('Ctrl Pts',(14.45,-3.42057065988065,-0.999999999999965));
#9204=CARTESIAN_POINT('Ctrl Pts',(22.0121778264908,-3.42057065988065,-0.999999999999965));
#9205=CARTESIAN_POINT('Ctrl Pts',(14.45,-3.23091154354454,-1.01917542633418));
#9206=CARTESIAN_POINT('Ctrl Pts',(22.0121778264908,-3.23091154354454,-1.01917542633418));
#9207=CARTESIAN_POINT('Ctrl Pts',(14.45,-2.85411717161383,-1.10541151145151));
#9208=CARTESIAN_POINT('Ctrl Pts',(22.0121778264908,-2.85411717161383,-1.10541151145151));
#9209=CARTESIAN_POINT('Ctrl Pts',(14.45,-2.20338836260029,-1.31811174788605));
#9210=CARTESIAN_POINT('Ctrl Pts',(22.0121778264908,-2.20338836260029,-1.31811174788605));
#9211=CARTESIAN_POINT('Ctrl Pts',(14.45,-1.30189869005452,-1.68269886884899));
#9212=CARTESIAN_POINT('Ctrl Pts',(22.0121778264908,-1.30189869005452,-1.68269886884899));
#9213=CARTESIAN_POINT('Ctrl Pts',(14.45,-0.649971482833072,-2.00854866163491));
#9214=CARTESIAN_POINT('Ctrl Pts',(22.0121778264908,-0.649971482833072,-2.00854866163491));
#9215=CARTESIAN_POINT('Ctrl Pts',(14.45,-0.271478552557124,-2.25515808671004));
#9216=CARTESIAN_POINT('Ctrl Pts',(22.0121778264908,-0.271478552557124,-2.25515808671004));
#9217=CARTESIAN_POINT('Ctrl Pts',(14.45,-0.0802919454799587,-2.41855510695963));
#9218=CARTESIAN_POINT('Ctrl Pts',(22.0121778264908,-0.0802919454799587,
-2.41855510695963));
#9219=CARTESIAN_POINT('Ctrl Pts',(14.45,0.,-2.5));
#9220=CARTESIAN_POINT('Ctrl Pts',(22.0121778264908,0.,-2.5));
#9221=CARTESIAN_POINT('',(14.45,0.,-2.5));
#9222=CARTESIAN_POINT('',(18.75,0.,-2.5));
#9223=CARTESIAN_POINT('',(14.45,-3.50000000000002,-0.999999999999965));
#9224=CARTESIAN_POINT('Ctrl Pts',(14.45,0.,-2.5));
#9225=CARTESIAN_POINT('Ctrl Pts',(14.45,-0.0279583892516161,-2.47164014387038));
#9226=CARTESIAN_POINT('Ctrl Pts',(14.45,-0.0581476082791361,-2.44324261352616));
#9227=CARTESIAN_POINT('Ctrl Pts',(14.45,-0.0905389083779909,-2.41481218910861));
#9228=CARTESIAN_POINT('Ctrl Pts',(14.45,-0.124129923913878,-2.38532875295793));
#9229=CARTESIAN_POINT('Ctrl Pts',(14.45,-0.160088942794587,-2.35580991523414));
#9230=CARTESIAN_POINT('Ctrl Pts',(14.45,-0.198327790139678,-2.32627122300023));
#9231=CARTESIAN_POINT('Ctrl Pts',(14.45,-0.23829325048765,-2.29539875912726));
#9232=CARTESIAN_POINT('Ctrl Pts',(14.45,-0.280748793507931,-2.2645045678043));
#9233=CARTESIAN_POINT('Ctrl Pts',(14.45,-0.32553733908826,-2.23361789109446));
#9234=CARTESIAN_POINT('Ctrl Pts',(14.45,-0.372909027397095,-2.20094985057125));
#9235=CARTESIAN_POINT('Ctrl Pts',(14.45,-0.422890212941637,-2.16829015051399));
#9236=CARTESIAN_POINT('Ctrl Pts',(14.45,-0.47523824489347,-2.13568684115203));
#9237=CARTESIAN_POINT('Ctrl Pts',(14.45,-0.532845265862642,-2.09980813748257));
#9238=CARTESIAN_POINT('Ctrl Pts',(14.45,-0.593318230486495,-2.06399753177922));
#9239=CARTESIAN_POINT('Ctrl Pts',(14.45,-0.656272339689886,-2.02833712331782));
#9240=CARTESIAN_POINT('Ctrl Pts',(14.45,-0.722769926527348,-1.99066950895035));
#9241=CARTESIAN_POINT('Ctrl Pts',(14.45,-0.792035421883253,-1.95316936485069));
#9242=CARTESIAN_POINT('Ctrl Pts',(14.45,-0.863556691882124,-1.91595496607475));
#9243=CARTESIAN_POINT('Ctrl Pts',(14.45,-0.940314384179168,-1.87601591898697));
#9244=CARTESIAN_POINT('Ctrl Pts',(14.45,-1.01966966044395,-1.83640579732587));
#9245=CARTESIAN_POINT('Ctrl Pts',(14.45,-1.10093132337521,-1.79729746810719));
#9246=CARTESIAN_POINT('Ctrl Pts',(14.45,-1.19034664875962,-1.75426507304918));
#9247=CARTESIAN_POINT('Ctrl Pts',(14.45,-1.28206899865308,-1.71183984411412));
#9248=CARTESIAN_POINT('Ctrl Pts',(14.45,-1.37512286132491,-1.67028811724365));
#9249=CARTESIAN_POINT('Ctrl Pts',(14.45,-1.478605374051,-1.624079642053));
#9250=CARTESIAN_POINT('Ctrl Pts',(14.45,-1.58373295146045,-1.57895114189796));
#9251=CARTESIAN_POINT('Ctrl Pts',(14.45,-1.68912430635881,-1.53531797661144));
#9252=CARTESIAN_POINT('Ctrl Pts',(14.45,-1.80236139002841,-1.48843659442327));
#9253=CARTESIAN_POINT('Ctrl Pts',(14.45,-1.91590015575581,-1.4432817967793));
#9254=CARTESIAN_POINT('Ctrl Pts',(14.45,-2.02801894854692,-1.40042179617922));
#9255=CARTESIAN_POINT('Ctrl Pts',(14.45,-2.12728632770544,-1.36247454554989));
#9256=CARTESIAN_POINT('Ctrl Pts',(14.45,-2.22543893537061,-1.32632747137037));
#9257=CARTESIAN_POINT('Ctrl Pts',(14.45,-2.32130658158531,-1.29240101864479));
#9258=CARTESIAN_POINT('Ctrl Pts',(14.45,-2.40507795706744,-1.26275529641972));
#9259=CARTESIAN_POINT('Ctrl Pts',(14.45,-2.48710365795559,-1.23480628862354));
#9260=CARTESIAN_POINT('Ctrl Pts',(14.45,-2.56663917407259,-1.20883994495563));
#9261=CARTESIAN_POINT('Ctrl Pts',(14.45,-2.63958707855256,-1.18502429064096));
#9262=CARTESIAN_POINT('Ctrl Pts',(14.45,-2.7104397232751,-1.16287700840496));
#9263=CARTESIAN_POINT('Ctrl Pts',(14.45,-2.77866482383513,-1.14261304258517));
#9264=CARTESIAN_POINT('Ctrl Pts',(14.45,-2.842824886034,-1.1235564593523));
#9265=CARTESIAN_POINT('Ctrl Pts',(14.45,-2.90466086010363,-1.1061657771332));
#9266=CARTESIAN_POINT('Ctrl Pts',(14.45,-2.96377467105163,-1.09060870021557));
#9267=CARTESIAN_POINT('Ctrl Pts',(14.45,-3.0194686657967,-1.07595162184075));
#9268=CARTESIAN_POINT('Ctrl Pts',(14.45,-3.07274587474876,-1.06292251878537));
#9269=CARTESIAN_POINT('Ctrl Pts',(14.45,-3.12331896252913,-1.05164708928461));
#9270=CARTESIAN_POINT('Ctrl Pts',(14.45,-3.16886758791852,-1.04149187952828));
#9271=CARTESIAN_POINT('Ctrl Pts',(14.45,-3.21222268676051,-1.03275935666736));
#9272=CARTESIAN_POINT('Ctrl Pts',(14.45,-3.25321583963018,-1.02552534219968));
#9273=CARTESIAN_POINT('Ctrl Pts',(14.45,-3.29266341488559,-1.01856407403327));
#9274=CARTESIAN_POINT('Ctrl Pts',(14.45,-3.32992348887293,-1.01299066506777));
#9275=CARTESIAN_POINT('Ctrl Pts',(14.45,-3.36488937084531,-1.00885422568984));
#9276=CARTESIAN_POINT('Ctrl Pts',(14.45,-3.39827973247756,-1.00490416926603));
#9277=CARTESIAN_POINT('Ctrl Pts',(14.45,-3.42957785967631,-1.00226462255477));
#9278=CARTESIAN_POINT('Ctrl Pts',(14.45,-3.45873412943741,-1.00095887407809));
#9279=CARTESIAN_POINT('Ctrl Pts',(14.45,-3.47300220743356,-1.00031988557712));
#9280=CARTESIAN_POINT('Ctrl Pts',(14.45,-3.48675804059183,-0.999999999999965));
#9281=CARTESIAN_POINT('Ctrl Pts',(14.45,-3.50000000000002,-0.999999999999965));
#9282=CARTESIAN_POINT('',(18.75,-3.50000000000002,-0.999999999999965));
#9283=CARTESIAN_POINT('',(18.75,-3.50000000000002,-0.999999999999965));
#9284=CARTESIAN_POINT('',(16.3465040076919,-0.976982595209694,-1.85810088363812));
#9285=CARTESIAN_POINT('',(16.29,-1.32500000000023,-1.69281352110959));
#9286=CARTESIAN_POINT('Ctrl Pts',(16.3465040076919,-0.976982595209694,-1.85810088363812));
#9287=CARTESIAN_POINT('Ctrl Pts',(16.3282481899664,-1.03172087085531,-1.83071647981305));
#9288=CARTESIAN_POINT('Ctrl Pts',(16.3143302306411,-1.08778624193408,-1.80340990909502));
#9289=CARTESIAN_POINT('Ctrl Pts',(16.3048755184263,-1.14468374323714,-1.77637615201954));
#9290=CARTESIAN_POINT('Ctrl Pts',(16.2950044294659,-1.20408695765876,-1.74815185338782));
#9291=CARTESIAN_POINT('Ctrl Pts',(16.2899983583309,-1.26439545483313,-1.72022546723274));
#9292=CARTESIAN_POINT('Ctrl Pts',(16.29,-1.32500000000432,-1.69281352110785));
#9293=CARTESIAN_POINT('Ctrl Pts',(16.29,-1.32500000000045,-1.69281352110959));
#9294=CARTESIAN_POINT('Ctrl Pts',(16.29,-1.36747187188918,-1.67360313580351));
#9295=CARTESIAN_POINT('Ctrl Pts',(16.2924594131876,-1.41008801965574,-1.65464533085501));
#9296=CARTESIAN_POINT('Ctrl Pts',(16.3148525987836,-1.60176988769932,-1.57069152257086));
#9297=CARTESIAN_POINT('Ctrl Pts',(16.3628887259236,-1.74807686521683,-1.5102457479773));
#9298=CARTESIAN_POINT('Ctrl Pts',(16.5128187217882,-2.00366913001245,-1.40906637719577));
#9299=CARTESIAN_POINT('Ctrl Pts',(16.6084365195457,-2.11268022375257,-1.36801885974186));
#9300=CARTESIAN_POINT('Ctrl Pts',(16.8197087362525,-2.27317349138504,-1.30929674928911));
#9301=CARTESIAN_POINT('Ctrl Pts',(16.9268075755583,-2.33009803732399,-1.28921646603702));
#9302=CARTESIAN_POINT('Ctrl Pts',(17.1254986782482,-2.39633925398027,-1.26609989897166));
#9303=CARTESIAN_POINT('Ctrl Pts',(17.2121971667573,-2.41412937135989,-1.25999949680049));
#9304=CARTESIAN_POINT('Ctrl Pts',(17.37982911865,-2.42784243193687,-1.25529170427396));
#9305=CARTESIAN_POINT('Ctrl Pts',(17.4598182789214,-2.42567389993742,-1.25603085910856));
#9306=CARTESIAN_POINT('Ctrl Pts',(17.6323285422908,-2.40211827073504,-1.26413424733024));
#9307=CARTESIAN_POINT('Ctrl Pts',(17.7234684453992,-2.37741238746954,-1.27264220923356));
#9308=CARTESIAN_POINT('Ctrl Pts',(17.941377348815,-2.28738162977239,-1.3043140623264));
#9309=CARTESIAN_POINT('Ctrl Pts',(18.0593760801271,-2.20886775722075,-1.3323791511033));
#9310=CARTESIAN_POINT('Ctrl Pts',(18.2545868721851,-2.01814875707966,-1.40378730949482));
#9311=CARTESIAN_POINT('Ctrl Pts',(18.3311061069788,-1.90919375180861,-1.44585089985013));
#9312=CARTESIAN_POINT('Ctrl Pts',(18.4473771492864,-1.66072810899308,-1.54630466924164));
#9313=CARTESIAN_POINT('Ctrl Pts',(18.481392215169,-1.52135491638011,-1.60508891664217));
#9314=CARTESIAN_POINT('Ctrl Pts',(18.4964082319835,-1.22787950641408,-1.7359340229469));
#9315=CARTESIAN_POINT('Ctrl Pts',(18.4720413229971,-1.07548230660701,-1.80793962119986));
#9316=CARTESIAN_POINT('Ctrl Pts',(18.3620277837739,-0.786590927375948,-1.95458649242056));
#9317=CARTESIAN_POINT('Ctrl Pts',(18.2747043369449,-0.652022522534301,-2.02884670844089));
#9318=CARTESIAN_POINT('Ctrl Pts',(18.0616770215097,-0.442940534429801,-2.15436500829489));
#9319=CARTESIAN_POINT('Ctrl Pts',(17.9428994377939,-0.363113852734357,-2.20725704393297));
#9320=CARTESIAN_POINT('Ctrl Pts',(17.7318753388595,-0.276138759078756,-2.2680748212406));
#9321=CARTESIAN_POINT('Ctrl Pts',(17.6501409078707,-0.252752912480867,-2.28527062576332));
#9322=CARTESIAN_POINT('Ctrl Pts',(17.509712018787,-0.230085147471798,-2.30209696552473));
#9323=CARTESIAN_POINT('Ctrl Pts',(17.45340703244,-0.22536612161273,-2.30566573673062));
#9324=CARTESIAN_POINT('Ctrl Pts',(17.3409160570351,-0.224680315478363,-2.30618163237369));
#9325=CARTESIAN_POINT('Ctrl Pts',(17.2854225915155,-0.22857825556135,-2.30323122255991));
#9326=CARTESIAN_POINT('Ctrl Pts',(17.1499012139898,-0.248434021518046,-2.2884585932088));
#9327=CARTESIAN_POINT('Ctrl Pts',(17.0718937834697,-0.269005117858887,-2.2732677915157));
#9328=CARTESIAN_POINT('Ctrl Pts',(16.8603756781891,-0.349762978673193,-2.21630598226865));
#9329=CARTESIAN_POINT('Ctrl Pts',(16.7379381995974,-0.428035745266344,-2.16384831179047));
#9330=CARTESIAN_POINT('Ctrl Pts',(16.5682155960867,-0.587933423199111,-2.06703411165737));
#9331=CARTESIAN_POINT('Ctrl Pts',(16.5095804453793,-0.659280605144373,-2.02592497222169));
#9332=CARTESIAN_POINT('Ctrl Pts',(16.4129599329961,-0.811801535100901,-1.94251760038389));
#9333=CARTESIAN_POINT('Ctrl Pts',(16.3746371306311,-0.892628190418336,-1.90030161170242));
#9334=CARTESIAN_POINT('Ctrl Pts',(16.3465040076919,-0.976982595209694,-1.85810088363812));
#9335=CARTESIAN_POINT('Origin',(25.100000000002,0.573159574129902,-1.));
#9336=CARTESIAN_POINT('',(14.45,-2.625,-0.999999999999966));
#9337=CARTESIAN_POINT('Origin',(25.100000000002,0.573159574129902,-1.));
#9338=CARTESIAN_POINT('Origin',(25.100000000002,0.573159574129902,-1.));
#9339=CARTESIAN_POINT('',(14.45,3.50000000000002,-0.999999999999965));
#9340=CARTESIAN_POINT('',(14.45,0.874999999999999,-0.999999999999965));
#9341=CARTESIAN_POINT('',(18.75,3.50000000000002,-0.999999999999965));
#9342=CARTESIAN_POINT('Ctrl Pts',(14.45,0.,-2.5));
#9343=CARTESIAN_POINT('Ctrl Pts',(22.0121778264908,0.,-2.5));
#9344=CARTESIAN_POINT('Ctrl Pts',(14.45,0.0802919454799587,-2.41855510695963));
#9345=CARTESIAN_POINT('Ctrl Pts',(22.0121778264908,0.0802919454799587,-2.41855510695963));
#9346=CARTESIAN_POINT('Ctrl Pts',(14.45,0.271478552557124,-2.25515808671004));
#9347=CARTESIAN_POINT('Ctrl Pts',(22.0121778264908,0.271478552557124,-2.25515808671004));
#9348=CARTESIAN_POINT('Ctrl Pts',(14.45,0.649971482833072,-2.00854866163491));
#9349=CARTESIAN_POINT('Ctrl Pts',(22.0121778264908,0.649971482833072,-2.00854866163491));
#9350=CARTESIAN_POINT('Ctrl Pts',(14.45,1.30189869005452,-1.68269886884899));
#9351=CARTESIAN_POINT('Ctrl Pts',(22.0121778264908,1.30189869005452,-1.68269886884899));
#9352=CARTESIAN_POINT('Ctrl Pts',(14.45,2.20338836260029,-1.31811174788605));
#9353=CARTESIAN_POINT('Ctrl Pts',(22.0121778264908,2.20338836260029,-1.31811174788605));
#9354=CARTESIAN_POINT('Ctrl Pts',(14.45,2.85411717161383,-1.10541151145151));
#9355=CARTESIAN_POINT('Ctrl Pts',(22.0121778264908,2.85411717161383,-1.10541151145151));
#9356=CARTESIAN_POINT('Ctrl Pts',(14.45,3.23091154354454,-1.01917542633418));
#9357=CARTESIAN_POINT('Ctrl Pts',(22.0121778264908,3.23091154354454,-1.01917542633418));
#9358=CARTESIAN_POINT('Ctrl Pts',(14.45,3.42057065988065,-0.999999999999965));
#9359=CARTESIAN_POINT('Ctrl Pts',(22.0121778264908,3.42057065988065,-0.999999999999965));
#9360=CARTESIAN_POINT('Ctrl Pts',(14.45,3.50000000000002,-0.999999999999965));
#9361=CARTESIAN_POINT('Ctrl Pts',(22.0121778264908,3.50000000000002,-0.999999999999965));
#9362=CARTESIAN_POINT('Ctrl Pts',(14.45,3.50000000000002,-0.999999999999965));
#9363=CARTESIAN_POINT('Ctrl Pts',(14.45,3.47292109252685,-0.999999999999965));
#9364=CARTESIAN_POINT('Ctrl Pts',(14.45,3.44369016982071,-1.0013391420085));
#9365=CARTESIAN_POINT('Ctrl Pts',(14.45,3.41233378377922,-1.00400482741249));
#9366=CARTESIAN_POINT('Ctrl Pts',(14.45,3.37975877478915,-1.00677411102461));
#9367=CARTESIAN_POINT('Ctrl Pts',(14.45,3.34489006536425,-1.01097490846427));
#9368=CARTESIAN_POINT('Ctrl Pts',(14.45,3.30780961443205,-1.01656914008471));
#9369=CARTESIAN_POINT('Ctrl Pts',(14.45,3.2689512506469,-1.02243160081376));
#9370=CARTESIAN_POINT('Ctrl Pts',(14.45,3.22766419042192,-1.02982413687142));
#9371=CARTESIAN_POINT('Ctrl Pts',(14.45,3.18409595383512,-1.03867962007829));
#9372=CARTESIAN_POINT('Ctrl Pts',(14.45,3.13780752289598,-1.04808799771684));
#9373=CARTESIAN_POINT('Ctrl Pts',(14.45,3.08894447146373,-1.0591474401563));
#9374=CARTESIAN_POINT('Ctrl Pts',(14.45,3.03773844864144,-1.07175520810742));
#9375=CARTESIAN_POINT('Ctrl Pts',(14.45,2.98054234547413,-1.08583783270305));
#9376=CARTESIAN_POINT('Ctrl Pts',(14.45,2.92042325082949,-1.10185185368639));
#9377=CARTESIAN_POINT('Ctrl Pts',(14.45,2.85776678844938,-1.11963204787619));
#9378=CARTESIAN_POINT('Ctrl Pts',(14.45,2.79083717515801,-1.1386248456845));
#9379=CARTESIAN_POINT('Ctrl Pts',(14.45,2.72101263262884,-1.15963256667326));
#9380=CARTESIAN_POINT('Ctrl Pts',(14.45,2.64882555816407,-1.18243650880842));
#9381=CARTESIAN_POINT('Ctrl Pts',(14.45,2.56980427577885,-1.20739938151546));
#9382=CARTESIAN_POINT('Ctrl Pts',(14.45,2.48795244250154,-1.23451406002515));
#9383=CARTESIAN_POINT('Ctrl Pts',(14.45,2.40403480491866,-1.26348132901507));
#9384=CARTESIAN_POINT('Ctrl Pts',(14.45,2.30813966273002,-1.29658307566353));
#9385=CARTESIAN_POINT('Ctrl Pts',(14.45,2.20954812124893,-1.33210248849901));
#9386=CARTESIAN_POINT('Ctrl Pts',(14.45,2.10947183272462,-1.36959479030896));
#9387=CARTESIAN_POINT('Ctrl Pts',(14.45,1.99732916193714,-1.41160760793976));
#9388=CARTESIAN_POINT('Ctrl Pts',(14.45,1.88332449218076,-1.45609586194621));
#9389=CARTESIAN_POINT('Ctrl Pts',(14.45,1.76921246145801,-1.5024676512742));
#9390=CARTESIAN_POINT('Ctrl Pts',(14.45,1.66550709853356,-1.54461047540286));
#9391=CARTESIAN_POINT('Ctrl Pts',(14.45,1.56171552559695,-1.58830880874031));
#9392=CARTESIAN_POINT('Ctrl Pts',(14.45,1.45915712419215,-1.63315607531683));
#9393=CARTESIAN_POINT('Ctrl Pts',(14.45,1.36703500155503,-1.67343971210241));
#9394=CARTESIAN_POINT('Ctrl Pts',(14.45,1.27590895865197,-1.71465049625814));
#9395=CARTESIAN_POINT('Ctrl Pts',(14.45,1.18671499637142,-1.75652533946645));
#9396=CARTESIAN_POINT('Ctrl Pts',(14.45,1.10541623364211,-1.79469353891937));
#9397=CARTESIAN_POINT('Ctrl Pts',(14.45,1.02572359309955,-1.83341370132912));
#9398=CARTESIAN_POINT('Ctrl Pts',(14.45,0.948314310017959,-1.87251140979845));
#9399=CARTESIAN_POINT('Ctrl Pts',(14.45,0.875907705230604,-1.90908237664549));
#9400=CARTESIAN_POINT('Ctrl Pts',(14.45,0.80549943896618,-1.94598380936336));
#9401=CARTESIAN_POINT('Ctrl Pts',(14.45,0.737604459272128,-1.98309308776227));
#9402=CARTESIAN_POINT('Ctrl Pts',(14.45,0.673085259795894,-2.01835726997763));
#9403=CARTESIAN_POINT('Ctrl Pts',(14.45,0.610836033147282,-2.05380922614804));
#9404=CARTESIAN_POINT('Ctrl Pts',(14.45,0.551255184877216,-2.08936103032594));
#9405=CARTESIAN_POINT('Ctrl Pts',(14.45,0.494049796442397,-2.12349540112807));
#9406=CARTESIAN_POINT('Ctrl Pts',(14.45,0.439304863262375,-2.15772185662714));
#9407=CARTESIAN_POINT('Ctrl Pts',(14.45,0.387325514898507,-2.19197807379371));
#9408=CARTESIAN_POINT('Ctrl Pts',(14.45,0.340515852454965,-2.222827286272));
#9409=CARTESIAN_POINT('Ctrl Pts',(14.45,0.295949070143784,-2.25370078846926));
#9410=CARTESIAN_POINT('Ctrl Pts',(14.45,0.25380428508241,-2.28456435133149));
#9411=CARTESIAN_POINT('Ctrl Pts',(14.45,0.213157190626278,-2.31433112207398));
#9412=CARTESIAN_POINT('Ctrl Pts',(14.45,0.174763368877944,-2.34408866846487));
#9413=CARTESIAN_POINT('Ctrl Pts',(14.45,0.138737162267371,-2.37381633020516));
#9414=CARTESIAN_POINT('Ctrl Pts',(14.45,0.104257894521205,-2.4022675079739));
#9415=CARTESIAN_POINT('Ctrl Pts',(14.45,0.0719474509082037,-2.43069134643559));
#9416=CARTESIAN_POINT('Ctrl Pts',(14.45,0.0418592280580099,-2.45907869078628));
#9417=CARTESIAN_POINT('Ctrl Pts',(14.45,0.0273926059194406,-2.47272751897675));
#9418=CARTESIAN_POINT('Ctrl Pts',(14.45,0.0134389803690081,-2.48636804336745));
#9419=CARTESIAN_POINT('Ctrl Pts',(14.45,0.,-2.5));
#9420=CARTESIAN_POINT('',(16.3377932354057,1.64571938597778,-1.55337941646284));
#9421=CARTESIAN_POINT('',(16.29,1.32500000000002,-1.69281352110978));
#9422=CARTESIAN_POINT('Ctrl Pts',(16.3377932354057,1.64571938597778,-1.55337941646284));
#9423=CARTESIAN_POINT('Ctrl Pts',(16.318792242396,1.5833814848315,-1.57945097982724));
#9424=CARTESIAN_POINT('Ctrl Pts',(16.3055090352034,1.5199720103085,-1.60654299360263));
#9425=CARTESIAN_POINT('Ctrl Pts',(16.2978505020196,1.45621853779819,-1.63444153857511));
#9426=CARTESIAN_POINT('Ctrl Pts',(16.2926057910756,1.41255893262787,-1.6535469991934));
#9427=CARTESIAN_POINT('Ctrl Pts',(16.2899989251461,1.36873927541957,-1.67302987851406));
#9428=CARTESIAN_POINT('Ctrl Pts',(16.29,1.32500000000078,-1.69281352110945));
#9429=CARTESIAN_POINT('Ctrl Pts',(16.29,1.32500000000005,-1.69281352110978));
#9430=CARTESIAN_POINT('Ctrl Pts',(16.29,1.28772379006604,-1.70967386476167));
#9431=CARTESIAN_POINT('Ctrl Pts',(16.2918948806965,1.25050599667735,-1.72675259165094));
#9432=CARTESIAN_POINT('Ctrl Pts',(16.3115342866221,1.05776472351234,-1.81656898599167));
#9433=CARTESIAN_POINT('Ctrl Pts',(16.3604673648173,0.90726519435741,-1.8915340123241));
#9434=CARTESIAN_POINT('Ctrl Pts',(16.5151451010489,0.64122113734413,-2.03490123358346));
#9435=CARTESIAN_POINT('Ctrl Pts',(16.61866463816,0.525425456962207,-2.10328810335147));
#9436=CARTESIAN_POINT('Ctrl Pts',(16.8453896661448,0.361256045134408,-2.20817077240866));
#9437=CARTESIAN_POINT('Ctrl Pts',(16.9600566102324,0.304223902919085,-2.24804419726906));
#9438=CARTESIAN_POINT('Ctrl Pts',(17.1498662787401,0.249390653436322,-2.28768876530755));
#9439=CARTESIAN_POINT('Ctrl Pts',(17.2171302588645,0.236477843017252,-2.29733883455414));
#9440=CARTESIAN_POINT('Ctrl Pts',(17.3393114766146,0.224856737953323,-2.30603965542366));
#9441=CARTESIAN_POINT('Ctrl Pts',(17.3930495520051,0.22368887480405,-2.30692529248396));
#9442=CARTESIAN_POINT('Ctrl Pts',(17.508371866226,0.229650348701487,-2.30244702568627));
#9443=CARTESIAN_POINT('Ctrl Pts',(17.5691326253344,0.237974059946966,-2.29618234517802));
#9444=CARTESIAN_POINT('Ctrl Pts',(17.733959832241,0.274602269071581,-2.26929521913448));
#9445=CARTESIAN_POINT('Ctrl Pts',(17.833348083951,0.312950342444441,-2.24169478219765));
#9446=CARTESIAN_POINT('Ctrl Pts',(18.0360415873922,0.425556402357329,-2.1662167273667));
#9447=CARTESIAN_POINT('Ctrl Pts',(18.1343483181041,0.505712534022156,-2.11554823183123));
#9448=CARTESIAN_POINT('Ctrl Pts',(18.3152389460013,0.711392621117479,-1.99577150570664));
#9449=CARTESIAN_POINT('Ctrl Pts',(18.3896728278605,0.842617120661997,-1.92516840694614));
#9450=CARTESIAN_POINT('Ctrl Pts',(18.4849241295934,1.13450392089193,-1.77946715550669));
#9451=CARTESIAN_POINT('Ctrl Pts',(18.5013095964714,1.29525162436498,-1.70490103721966));
#9452=CARTESIAN_POINT('Ctrl Pts',(18.4645425338791,1.60408257559951,-1.56971737374612));
#9453=CARTESIAN_POINT('Ctrl Pts',(18.4162103542721,1.7502417888276,-1.50936458895501));
#9454=CARTESIAN_POINT('Ctrl Pts',(18.2657918196454,2.00545344174544,-1.40838246579984));
#9455=CARTESIAN_POINT('Ctrl Pts',(18.1699804494884,2.11423996626096,-1.36743709563861));
#9456=CARTESIAN_POINT('Ctrl Pts',(17.9586221986488,2.27414462849642,-1.30895062841915));
#9457=CARTESIAN_POINT('Ctrl Pts',(17.8516561343214,2.33077348127252,-1.28897896469079));
#9458=CARTESIAN_POINT('Ctrl Pts',(17.6532142469717,2.3966484715944,-1.26599330239251));
#9459=CARTESIAN_POINT('Ctrl Pts',(17.5665899743357,2.41431879860307,-1.25993439455276));
#9460=CARTESIAN_POINT('Ctrl Pts',(17.3990279697416,2.42785331905172,-1.25528803122286));
#9461=CARTESIAN_POINT('Ctrl Pts',(17.3190286934501,2.42560100064976,-1.25605575161884));
#9462=CARTESIAN_POINT('Ctrl Pts',(17.1464005700025,2.40184318515423,-1.26422910266672));
#9463=CARTESIAN_POINT('Ctrl Pts',(17.0551640797889,2.37698953502917,-1.27278876619903));
#9464=CARTESIAN_POINT('Ctrl Pts',(16.8369654947004,2.28647813407974,-1.30463528640567));
#9465=CARTESIAN_POINT('Ctrl Pts',(16.7188464358664,2.20756650756168,-1.33285049243717));
#9466=CARTESIAN_POINT('Ctrl Pts',(16.5508709894238,2.04271337837853,-1.39460113909854));
#9467=CARTESIAN_POINT('Ctrl Pts',(16.4920932214949,1.96736608787325,-1.42347457181048));
#9468=CARTESIAN_POINT('Ctrl Pts',(16.3986832393103,1.80995944766244,-1.48571576087076));
#9469=CARTESIAN_POINT('Ctrl Pts',(16.3632055042748,1.7290912131166,-1.51851083997747));
#9470=CARTESIAN_POINT('Ctrl Pts',(16.3377932354057,1.64571938597778,-1.55337941646284));
#9471=CARTESIAN_POINT('Origin',(25.100000000002,0.573159574129902,3.));
#9472=CARTESIAN_POINT('',(14.45,-0.87500000000001,2.99999999999997));
#9473=CARTESIAN_POINT('Origin',(11.7499999999985,2.77555756156289E-16,1.));
#9474=CARTESIAN_POINT('Origin',(25.100000000002,0.573159574129902,3.));
#9475=CARTESIAN_POINT('',(14.45,2.62499999999999,2.99999999999997));
#9476=CARTESIAN_POINT('Origin',(14.45,1.55884572681036,1.));
#9477=CARTESIAN_POINT('Origin',(21.4861610299606,-4.58602659910408,1.));
#9478=CARTESIAN_POINT('Origin',(17.39,1.325,-3.35));
#9479=CARTESIAN_POINT('',(16.29,1.325,4.85));
#9480=CARTESIAN_POINT('',(16.29,1.325,-3.35));
#9481=CARTESIAN_POINT('Origin',(17.39,1.325,4.85));
#9482=CARTESIAN_POINT('Origin',(17.39,-1.325,-3.35));
#9483=CARTESIAN_POINT('',(16.29,-1.325,4.85));
#9484=CARTESIAN_POINT('',(16.29,-1.325,-3.35));
#9485=CARTESIAN_POINT('Origin',(17.39,-1.325,4.85));
#9486=CARTESIAN_POINT('Origin',(21.4861610299606,-4.58602659910408,1.));
#9487=CARTESIAN_POINT('Origin',(7.63393691005766,-2.65,-2.56302531703685));
#9488=CARTESIAN_POINT('',(9.10115831115837,-2.65,-2.87489285326349));
#9489=CARTESIAN_POINT('Origin',(8.71322725555603,0.,-4.69996497785202));
#9490=CARTESIAN_POINT('',(9.10115831115837,2.65,-2.87489285326349));
#9491=CARTESIAN_POINT('Origin',(3.44826343939225,0.,13.0274325251053));
#9492=CARTESIAN_POINT('',(5.19227525677103,2.65,10.0067154483993));
#9493=CARTESIAN_POINT('Origin',(3.89323715109379,2.65,9.25671544840032));
#9494=CARTESIAN_POINT('Origin',(7.63393691005766,2.65,-2.56302531703685));
#9495=CARTESIAN_POINT('Origin',(-1.08019802868416,-9.,2.79878048780164));
#9496=CARTESIAN_POINT('',(-1.47627063918792,0.,3.82499999999981));
#9497=CARTESIAN_POINT('Origin',(-1.08019802868416,-9.,2.79878048780164));
#9498=CARTESIAN_POINT('',(-1.47627063918792,-7.8,3.82499999999981));
#9499=CARTESIAN_POINT('',(-1.47627063918792,0.,3.82499999999981));
#9500=CARTESIAN_POINT('',(-0.71512318152873,-7.8,1.85287581873623));
#9501=CARTESIAN_POINT('Origin',(-4.21862697971305E-11,0.,3.04501038332474E-13));
#9502=CARTESIAN_POINT('',(0.0254659174392499,7.5,4.09992091229201));
#9503=CARTESIAN_POINT('Origin',(-4.21862697971305E-11,7.99999999999934,
3.04501038332474E-13));
#9504=CARTESIAN_POINT('',(0.025465917439671,7.5,-4.0999209122914));
#9505=CARTESIAN_POINT('Origin',(-4.21862697971305E-11,7.5,3.04501038332474E-13));
#9506=CARTESIAN_POINT('Origin',(-4.21862697971305E-11,7.9999999999992,3.04501038332474E-13));
#9507=CARTESIAN_POINT('',(-1.47627063918696,0.,-3.82500000000019));
#9508=CARTESIAN_POINT('Origin',(-4.21862697971305E-11,0.,3.04501038332474E-13));
#9509=CARTESIAN_POINT('',(-1.47627063918696,-7.8,-3.82500000000019));
#9510=CARTESIAN_POINT('',(-1.47627063918696,0.,-3.82500000000019));
#9511=CARTESIAN_POINT('',(-0.900621212890138,-7.8,-3.9998601764269));
#9512=CARTESIAN_POINT('Origin',(-4.21862697971305E-11,-7.8,3.04501038332474E-13));
#9513=CARTESIAN_POINT('',(0.025465917439671,-7.5,-4.0999209122914));
#9514=CARTESIAN_POINT('Origin',(-4.21862697971305E-11,-7.9999999999992,
3.04501038332474E-13));
#9515=CARTESIAN_POINT('',(0.0254659174392499,-7.5,4.09992091229201));
#9516=CARTESIAN_POINT('Origin',(-4.21862697971305E-11,-7.5,3.04501038332474E-13));
#9517=CARTESIAN_POINT('',(-0.900621212890592,-7.8,3.99986017642745));
#9518=CARTESIAN_POINT('Origin',(-4.21862697971305E-11,-7.99999999999934,
3.04501038332474E-13));
#9519=CARTESIAN_POINT('Origin',(-4.21862697971305E-11,-7.8,3.04501038332474E-13));
#9520=CARTESIAN_POINT('Origin',(-1.47627063918679,-9.,-3.82499999999964));
#9521=CARTESIAN_POINT('Origin',(-1.47627063918679,-9.,-3.82499999999964));
#9522=CARTESIAN_POINT('',(-0.913159486772252,-7.8,-2.36598557481444));
#9523=CARTESIAN_POINT('Ctrl Pts',(18.3870908980153,1.78955327046007,-3.10010735344875));
#9524=CARTESIAN_POINT('Ctrl Pts',(18.2945369498338,1.98820583664625,-3.1002880044185));
#9525=CARTESIAN_POINT('Ctrl Pts',(17.9876507775552,2.32753946111357,-3.10123203912792));
#9526=CARTESIAN_POINT('Ctrl Pts',(17.244569275738,2.5105342385853,-3.11276311255456));
#9527=CARTESIAN_POINT('Ctrl Pts',(16.4668712761984,2.12553824410203,-3.14815138441349));
#9528=CARTESIAN_POINT('Ctrl Pts',(16.2695613791052,1.52496902835742,-3.16457666518524));
#9529=CARTESIAN_POINT('Ctrl Pts',(16.293787744797,1.23379313873022,-3.16287909189549));
#9530=CARTESIAN_POINT('Ctrl Pts',(18.387109480204,1.78951338669978,-3.16561725244893));
#9531=CARTESIAN_POINT('Ctrl Pts',(18.2946301608567,1.9880230042908,-3.16584419914756));
#9532=CARTESIAN_POINT('Ctrl Pts',(17.9878219242211,2.32691696945614,-3.16692964652786));
#9533=CARTESIAN_POINT('Ctrl Pts',(17.2466863928323,2.50991793787481,-3.17832965429799));
#9534=CARTESIAN_POINT('Ctrl Pts',(16.4690123393248,2.12765476478353,-3.21206164076268));
#9535=CARTESIAN_POINT('Ctrl Pts',(16.269435351143,1.525492076998,-3.2275654624554));
#9536=CARTESIAN_POINT('Ctrl Pts',(16.2938125057319,1.23349553787034,-3.22596003927608));
#9537=CARTESIAN_POINT('Ctrl Pts',(18.4364080966072,1.81238539527161,-3.29604368840988));
#9538=CARTESIAN_POINT('Ctrl Pts',(18.3394339050919,2.02077833548163,-3.29635919901044));
#9539=CARTESIAN_POINT('Ctrl Pts',(18.0180450313773,2.37638102146731,-3.29770072505137));
#9540=CARTESIAN_POINT('Ctrl Pts',(17.242644397396,2.56872216274665,-3.30883361839366));
#9541=CARTESIAN_POINT('Ctrl Pts',(16.4280738555248,2.16935282090206,-3.33937645358783));
#9542=CARTESIAN_POINT('Ctrl Pts',(16.2181920684998,1.53606715098517,-3.35306384675112));
#9543=CARTESIAN_POINT('Ctrl Pts',(16.2438385947572,1.22874060537627,-3.3516356235931));
#9544=CARTESIAN_POINT('Ctrl Pts',(18.5547189347584,1.86746730800496,-3.35020147657047));
#9545=CARTESIAN_POINT('Ctrl Pts',(18.4469507978185,2.09939851628775,-3.3504554763141));
#9546=CARTESIAN_POINT('Ctrl Pts',(18.0896241602798,2.4954525287071,-3.35162950226263));
#9547=CARTESIAN_POINT('Ctrl Pts',(17.2261999163223,2.70921475371079,-3.36294228270809));
#9548=CARTESIAN_POINT('Ctrl Pts',(16.323259125508,2.26126349896836,-3.39556246390839));
#9549=CARTESIAN_POINT('Ctrl Pts',(16.0934838150425,1.55889984030817,-3.41042908979546));
#9550=CARTESIAN_POINT('Ctrl Pts',(16.121660694318,1.21830320229427,-3.40888922536409));
#9551=CARTESIAN_POINT('Ctrl Pts',(18.614100063318,1.89513355920099,-3.35010703728089));
#9552=CARTESIAN_POINT('Ctrl Pts',(18.500852014954,2.13893443588404,-3.35028714610492));
#9553=CARTESIAN_POINT('Ctrl Pts',(18.1253854722465,2.55538933863938,-3.35122738918246));
#9554=CARTESIAN_POINT('Ctrl Pts',(17.2172122599488,2.77997383826378,-3.36272122540516));
#9555=CARTESIAN_POINT('Ctrl Pts',(16.2691790228346,2.30747875412522,-3.39788451721639));
#9556=CARTESIAN_POINT('Ctrl Pts',(16.0294284715529,1.57041653480229,-3.41415523751073));
#9557=CARTESIAN_POINT('Ctrl Pts',(16.0588991736615,1.21306430662345,-3.41247260349605));
#9558=CARTESIAN_POINT('',(16.293787744797,1.23379313873022,-3.16287909189549));
#9559=CARTESIAN_POINT('Origin',(16.0446485958872,1.21306430662345,-3.16287909189549));
#9560=CARTESIAN_POINT('',(18.3522440312244,1.85786774787234,-3.10018440836004));
#9561=CARTESIAN_POINT('Ctrl Pts',(18.352244031212,1.85786774789482,-3.10018440836007));
#9562=CARTESIAN_POINT('Ctrl Pts',(18.3522467456723,1.85785947353379,-3.11599128618178));
#9563=CARTESIAN_POINT('Ctrl Pts',(18.353848431578,1.85822252804412,-3.13169020293693));
#9564=CARTESIAN_POINT('Ctrl Pts',(18.3569245945464,1.85889152786004,-3.14708994369977));
#9565=CARTESIAN_POINT('Ctrl Pts',(18.3599257435213,1.85954421373277,-3.16211415297534));
#9566=CARTESIAN_POINT('Ctrl Pts',(18.3643311617173,1.86048822879343,-3.17685492310077));
#9567=CARTESIAN_POINT('Ctrl Pts',(18.3700724737942,1.86166828906154,-3.19113042209913));
#9568=CARTESIAN_POINT('Ctrl Pts',(18.3760427094696,1.86289540192659,-3.20597512872086));
#9569=CARTESIAN_POINT('Ctrl Pts',(18.3833883496413,1.86436363557869,-3.22014664724046));
#9570=CARTESIAN_POINT('Ctrl Pts',(18.3919876271287,1.8660022070451,-3.23347019900363));
#9571=CARTESIAN_POINT('Ctrl Pts',(18.4004650770192,1.86761756455843,-3.24660499347923));
#9572=CARTESIAN_POINT('Ctrl Pts',(18.4101617236819,1.86939864754743,-3.25891713635476));
#9573=CARTESIAN_POINT('Ctrl Pts',(18.4210054171438,1.87129322966624,-3.27022403881187));
#9574=CARTESIAN_POINT('Ctrl Pts',(18.423234526264,1.87168269385525,-3.27254836856878));
#9575=CARTESIAN_POINT('Ctrl Pts',(18.4255074701625,1.87207621702125,-3.27482517800959));
#9576=CARTESIAN_POINT('Ctrl Pts',(18.427823240082,1.87247330399844,-3.27705328731402));
#9577=CARTESIAN_POINT('Ctrl Pts',(18.4388520065827,1.87436441568233,-3.28766457345683));
#9578=CARTESIAN_POINT('Ctrl Pts',(18.4508487657074,1.87633393274258,-3.29717359934321));
#9579=CARTESIAN_POINT('Ctrl Pts',(18.4636156938768,1.87828648537452,-3.3055681050734));
#9580=CARTESIAN_POINT('Ctrl Pts',(18.4756065680077,1.88012034960035,-3.31345234004886));
#9581=CARTESIAN_POINT('Ctrl Pts',(18.4882780726381,1.88193984780744,-3.32035355581935));
#9582=CARTESIAN_POINT('Ctrl Pts',(18.5014912643021,1.8836868896484,-3.32623548026973));
#9583=CARTESIAN_POINT('Ctrl Pts',(18.5159101511039,1.88559334792003,-3.33265412649711));
#9584=CARTESIAN_POINT('Ctrl Pts',(18.5308731556265,1.88739855046523,-3.3378143127825));
#9585=CARTESIAN_POINT('Ctrl Pts',(18.5461952112501,1.88904948831308,-3.34168105724384));
#9586=CARTESIAN_POINT('Ctrl Pts',(18.5495125123555,1.88940692455284,-3.34251822661529));
#9587=CARTESIAN_POINT('Ctrl Pts',(18.5528467230786,1.88975723292549,-3.34329462190786));
#9588=CARTESIAN_POINT('Ctrl Pts',(18.55619607594,1.89010003694816,-3.34400963891017));
#9589=CARTESIAN_POINT('Ctrl Pts',(18.5719106355504,1.89170841160192,-3.34736436974028));
#9590=CARTESIAN_POINT('Ctrl Pts',(18.5878975873683,1.89314332357643,-3.34935864958326));
#9591=CARTESIAN_POINT('Ctrl Pts',(18.6039736371551,1.89438077435936,-3.34993374794112));
#9592=CARTESIAN_POINT('Ctrl Pts',(18.6073457112771,1.89464033910429,-3.35005437921035));
#9593=CARTESIAN_POINT('Ctrl Pts',(18.6107217389178,1.8948912997202,-3.350112410142));
#9594=CARTESIAN_POINT('Ctrl Pts',(18.614100063318,1.89513355920099,-3.35010703728089));
#9595=CARTESIAN_POINT('',(16.2901822353241,1.32498404508912,-3.16309555283483));
#9596=CARTESIAN_POINT('Ctrl Pts',(18.3522440312244,1.85786774787234,-3.10018440836004));
#9597=CARTESIAN_POINT('Ctrl Pts',(18.2582526111593,2.02702207084729,-3.1004185052777));
#9598=CARTESIAN_POINT('Ctrl Pts',(18.1191342560131,2.1709751728993,-3.10098940040471));
#9599=CARTESIAN_POINT('Ctrl Pts',(17.9529100953523,2.2701552716175,-3.10272569146456));
#9600=CARTESIAN_POINT('Ctrl Pts',(17.7647263270101,2.38243789435509,-3.10469136115591));
#9601=CARTESIAN_POINT('Ctrl Pts',(17.5418018764649,2.43733632759661,-3.1081506831839));
#9602=CARTESIAN_POINT('Ctrl Pts',(17.3235167099734,2.42370732905476,-3.11426373014445));
#9603=CARTESIAN_POINT('Ctrl Pts',(17.0324698213181,2.40553533099895,-3.12241445942517));
#9604=CARTESIAN_POINT('Ctrl Pts',(16.7496705487583,2.26553678755049,-3.13528292191933));
#9605=CARTESIAN_POINT('Ctrl Pts',(16.558943438205,2.04539521189011,-3.14582347335935));
#9606=CARTESIAN_POINT('Ctrl Pts',(16.3880843471593,1.8481857569279,-3.15526601686006));
#9607=CARTESIAN_POINT('Ctrl Pts',(16.2911142351354,1.5866605881082,-3.16284038471141));
#9608=CARTESIAN_POINT('Ctrl Pts',(16.2901822353241,1.32498404508912,-3.16309555283483));
#9609=CARTESIAN_POINT('Ctrl Pts',(16.2901822353241,1.32498404508912,-3.16309555283483));
#9610=CARTESIAN_POINT('Ctrl Pts',(16.2900738595256,1.29455549352935,-3.16312522456739));
#9611=CARTESIAN_POINT('Ctrl Pts',(16.2912640872804,1.26412489512516,-3.16305592789504));
#9612=CARTESIAN_POINT('Ctrl Pts',(16.293787744797,1.23379313873022,-3.16287909189549));
#9613=CARTESIAN_POINT('Ctrl Pts',(16.293787744797,1.23379313873022,-3.16287909189549));
#9614=CARTESIAN_POINT('Ctrl Pts',(16.3054190727102,1.09399659244731,-3.16206406945915));
#9615=CARTESIAN_POINT('Ctrl Pts',(16.3576410782596,0.91029801640906,-3.16995990342004));
#9616=CARTESIAN_POINT('Ctrl Pts',(16.4972907689628,0.671040998836571,-3.23070820589084));
#9617=CARTESIAN_POINT('Ctrl Pts',(16.6454259231183,0.501449036522816,-3.31952127235172));
#9618=CARTESIAN_POINT('Ctrl Pts',(16.876311132429,0.339208445498154,-3.53492714850472));
#9619=CARTESIAN_POINT('Ctrl Pts',(17.0403703989835,0.280042960722434,-3.81651698247941));
#9620=CARTESIAN_POINT('Ctrl Pts',(17.1339886741901,0.254527474239676,-4.14050541059845));
#9621=CARTESIAN_POINT('Ctrl Pts',(17.1537141782396,0.250677417888373,-4.31261442068356));
#9622=CARTESIAN_POINT('Ctrl Pts',(17.1537141782396,0.250677417888373,-4.42738991321497));
#9623=CARTESIAN_POINT('Ctrl Pts',(16.2938125057319,1.23349553787034,-3.22596003927608));
#9624=CARTESIAN_POINT('Ctrl Pts',(16.3054077226472,1.09545936174458,-3.22764003851488));
#9625=CARTESIAN_POINT('Ctrl Pts',(16.3567819334042,0.915938397728344,-3.23931646086571));
#9626=CARTESIAN_POINT('Ctrl Pts',(16.4875803143598,0.686156702566451,-3.30277736482548));
#9627=CARTESIAN_POINT('Ctrl Pts',(16.6230056999841,0.524553308827358,-3.39068652566621));
#9628=CARTESIAN_POINT('Ctrl Pts',(16.8284215384985,0.36690302162066,-3.59394658346878));
#9629=CARTESIAN_POINT('Ctrl Pts',(16.9761945101255,0.302013274628143,-3.85508990944071));
#9630=CARTESIAN_POINT('Ctrl Pts',(17.0626824310142,0.271790178783049,-4.15806495375459));
#9631=CARTESIAN_POINT('Ctrl Pts',(17.0811445804669,0.266638240644421,-4.31961664384859));
#9632=CARTESIAN_POINT('Ctrl Pts',(17.0811428173685,0.266638716594375,-4.42738991321497));
#9633=CARTESIAN_POINT('Ctrl Pts',(16.243913825227,1.22874652603156,-3.35170691353054));
#9634=CARTESIAN_POINT('Ctrl Pts',(16.2516436164374,1.08727068330171,-3.35818500219522));
#9635=CARTESIAN_POINT('Ctrl Pts',(16.2964223919603,0.905566777489659,-3.37695208686669));
#9636=CARTESIAN_POINT('Ctrl Pts',(16.4099390682917,0.674304150258289,-3.44525888083188));
#9637=CARTESIAN_POINT('Ctrl Pts',(16.5250968380701,0.512292886342829,-3.53092253504684));
#9638=CARTESIAN_POINT('Ctrl Pts',(16.6958662577915,0.348799373396823,-3.71004900232616));
#9639=CARTESIAN_POINT('Ctrl Pts',(16.8250471679646,0.272905997991652,-3.93111801667655));
#9640=CARTESIAN_POINT('Ctrl Pts',(16.9045862254101,0.235722969960557,-4.19276458201754));
#9641=CARTESIAN_POINT('Ctrl Pts',(16.9217646231072,0.229133653922905,-4.33341247845085));
#9642=CARTESIAN_POINT('Ctrl Pts',(16.921758760859,0.229131178638723,-4.42738991321497));
#9643=CARTESIAN_POINT('Ctrl Pts',(16.121660694318,1.21830320229427,-3.40888922536408));
#9644=CARTESIAN_POINT('Ctrl Pts',(16.1226547597749,1.06219970429821,-3.4126121335975));
#9645=CARTESIAN_POINT('Ctrl Pts',(16.1612209756074,0.857534256710502,-3.42609542037613));
#9646=CARTESIAN_POINT('Ctrl Pts',(16.2760421620662,0.589398158206551,-3.4841486811234));
#9647=CARTESIAN_POINT('Ctrl Pts',(16.4009702682987,0.397057330163375,-3.56099561934891));
#9648=CARTESIAN_POINT('Ctrl Pts',(16.5981653949492,0.204310825981995,-3.73206569435605));
#9649=CARTESIAN_POINT('Ctrl Pts',(16.7450181857979,0.124310025727069,-3.94883771803947));
#9650=CARTESIAN_POINT('Ctrl Pts',(16.831644509071,0.0878487650001911,-4.20180299651708));
#9651=CARTESIAN_POINT('Ctrl Pts',(16.8503114470067,0.0818143149207747,-4.33712742454606));
#9652=CARTESIAN_POINT('Ctrl Pts',(16.8503081172417,0.0818053546986962,-4.42738991321497));
#9653=CARTESIAN_POINT('Ctrl Pts',(16.0588991736615,1.21306430662345,-3.41247260349605));
#9654=CARTESIAN_POINT('Ctrl Pts',(16.0578904116873,1.04882151012493,-3.41253019890739));
#9655=CARTESIAN_POINT('Ctrl Pts',(16.095643228228,0.831619653693199,-3.41967420078701));
#9656=CARTESIAN_POINT('Ctrl Pts',(16.2187780879932,0.543488339405014,-3.46916396798705));
#9657=CARTESIAN_POINT('Ctrl Pts',(16.3564219048455,0.335348781931081,-3.54072816926693));
#9658=CARTESIAN_POINT('Ctrl Pts',(16.578301588201,0.128819620339586,-3.71337570034847));
#9659=CARTESIAN_POINT('Ctrl Pts',(16.7388860266291,0.0483619277467782,-3.93868112022554));
#9660=CARTESIAN_POINT('Ctrl Pts',(16.8306311412617,0.0130445806925715,-4.19788337015357));
#9661=CARTESIAN_POINT('Ctrl Pts',(16.8500148453288,0.00751080187802066,
-4.33556951632039));
#9662=CARTESIAN_POINT('Ctrl Pts',(16.8500148028565,0.00750004236015272,
-4.42738991321497));
#9663=CARTESIAN_POINT('',(17.1537141782396,0.250677417888373,-4.42738991321497));
#9664=CARTESIAN_POINT('',(16.8500148028565,0.00750004236015259,-4.42738991321497));
#9665=CARTESIAN_POINT('Origin',(17.1000128551122,0.00651319468118522,-4.42738991321497));
#9666=CARTESIAN_POINT('Ctrl Pts',(16.8500148028565,0.00750004236015272,
-4.42738991321497));
#9667=CARTESIAN_POINT('Ctrl Pts',(16.8500148453288,0.00751080187802066,
-4.33556951632039));
#9668=CARTESIAN_POINT('Ctrl Pts',(16.8306311412617,0.0130445806925715,-4.19788337015357));
#9669=CARTESIAN_POINT('Ctrl Pts',(16.7388860266291,0.0483619277467782,-3.93868112022554));
#9670=CARTESIAN_POINT('Ctrl Pts',(16.578301588201,0.128819620339586,-3.71337570034847));
#9671=CARTESIAN_POINT('Ctrl Pts',(16.3564219048455,0.335348781931081,-3.54072816926693));
#9672=CARTESIAN_POINT('Ctrl Pts',(16.2187780879932,0.543488339405014,-3.46916396798705));
#9673=CARTESIAN_POINT('Ctrl Pts',(16.095643228228,0.831619653693199,-3.41967420078701));
#9674=CARTESIAN_POINT('Ctrl Pts',(16.0578904116873,1.04882151012493,-3.41253019890739));
#9675=CARTESIAN_POINT('Ctrl Pts',(16.0588991736615,1.21306430662345,-3.41247260349605));
#9676=CARTESIAN_POINT('Ctrl Pts',(16.293787744797,1.23379313873022,-3.16287909189549));
#9677=CARTESIAN_POINT('Ctrl Pts',(16.3054190727102,1.09399659244731,-3.16206406945915));
#9678=CARTESIAN_POINT('Ctrl Pts',(16.3576410782596,0.91029801640906,-3.16995990342004));
#9679=CARTESIAN_POINT('Ctrl Pts',(16.4972907689628,0.671040998836571,-3.23070820589084));
#9680=CARTESIAN_POINT('Ctrl Pts',(16.6454259231183,0.501449036522816,-3.31952127235172));
#9681=CARTESIAN_POINT('Ctrl Pts',(16.876311132429,0.339208445498154,-3.53492714850472));
#9682=CARTESIAN_POINT('Ctrl Pts',(17.0403703989835,0.280042960722434,-3.81651698247941));
#9683=CARTESIAN_POINT('Ctrl Pts',(17.1339886741901,0.254527474239676,-4.14050541059845));
#9684=CARTESIAN_POINT('Ctrl Pts',(17.1537141782396,0.250677417888373,-4.31261442068356));
#9685=CARTESIAN_POINT('Ctrl Pts',(17.1537141782396,0.250677417888373,-4.42738991321497));
#9686=CARTESIAN_POINT('Origin',(17.1000128551122,0.00651319468118545,1.));
#9687=CARTESIAN_POINT('',(17.1537141782396,0.250677417888373,-6.5));
#9688=CARTESIAN_POINT('',(16.8500148028565,0.00750004236015295,-6.5));
#9689=CARTESIAN_POINT('Origin',(17.1000128551122,0.00651319468118545,-6.5));
#9690=CARTESIAN_POINT('',(16.8500148028565,0.00750004236015294,1.));
#9691=CARTESIAN_POINT('',(17.1537141782396,0.250677417888373,1.));
#9692=CARTESIAN_POINT('Origin',(18.75,0.,-6.5));
#9693=CARTESIAN_POINT('',(18.3522926452085,1.85790980942152,-6.5));
#9694=CARTESIAN_POINT('Origin',(17.39,1.325,-6.5));
#9695=CARTESIAN_POINT('',(18.3522926452085,-1.85790980942152,-6.5));
#9696=CARTESIAN_POINT('Origin',(18.75,0.,-6.5));
#9697=CARTESIAN_POINT('',(17.1537141782396,-0.250677417888373,-6.5));
#9698=CARTESIAN_POINT('Origin',(17.39,-1.325,-6.5));
#9699=CARTESIAN_POINT('',(16.8500148028565,-0.00750004236015295,-6.5));
#9700=CARTESIAN_POINT('Origin',(17.1000128551122,-0.00651319468118545,-6.5));
#9701=CARTESIAN_POINT('Origin',(18.75,0.,-6.5));
#9702=CARTESIAN_POINT('Origin',(17.39,1.325,-3.35));
#9703=CARTESIAN_POINT('',(16.29,1.325,-3.35));
#9704=CARTESIAN_POINT('',(18.3522926452085,1.85790980942152,-3.35));
#9705=CARTESIAN_POINT('Origin',(17.1000128551122,-0.00651319468118545,1.));
#9706=CARTESIAN_POINT('',(17.1537141782396,-0.250677417888373,-4.42738991321497));
#9707=CARTESIAN_POINT('',(17.1537141782396,-0.250677417888373,1.));
#9708=CARTESIAN_POINT('',(16.8500148028565,-0.00750004236586793,-4.42738991321497));
#9709=CARTESIAN_POINT('Origin',(17.1000128551122,-0.00651319468118545,-4.42738991321497));
#9710=CARTESIAN_POINT('',(16.8500148028565,-0.00750004236015294,1.));
#9711=CARTESIAN_POINT('Ctrl Pts',(17.1537141782396,-0.250677417888372,-4.42738991321496));
#9712=CARTESIAN_POINT('Ctrl Pts',(17.1537141782396,-0.250677417888372,-4.31261509880574));
#9713=CARTESIAN_POINT('Ctrl Pts',(17.1278580174723,-0.25594168883543,-4.0830779042605));
#9714=CARTESIAN_POINT('Ctrl Pts',(17.0148380121672,-0.287239367854544,-3.76606538708013));
#9715=CARTESIAN_POINT('Ctrl Pts',(16.8431375313825,-0.3625779509838,-3.50438147498367));
#9716=CARTESIAN_POINT('Ctrl Pts',(16.6122080920139,-0.524289875630911,-3.28823767056753));
#9717=CARTESIAN_POINT('Ctrl Pts',(16.3827603634268,-0.818046520626948,-3.17337271398755));
#9718=CARTESIAN_POINT('Ctrl Pts',(16.3054190039895,-1.09399741840012,-3.1620640742745));
#9719=CARTESIAN_POINT('Ctrl Pts',(16.293787744797,-1.23379313873022,-3.16287909189549));
#9720=CARTESIAN_POINT('Ctrl Pts',(17.0811428173685,-0.266638716594375,-4.42738991321496));
#9721=CARTESIAN_POINT('Ctrl Pts',(17.0811445804565,-0.266638240647232,-4.31961728059989));
#9722=CARTESIAN_POINT('Ctrl Pts',(17.0568014369237,-0.273612067678916,-4.10404911213703));
#9723=CARTESIAN_POINT('Ctrl Pts',(16.9529062805232,-0.310459137344302,-3.80823820260562));
#9724=CARTESIAN_POINT('Ctrl Pts',(16.7989260998184,-0.389597806783425,-3.56511742730976));
#9725=CARTESIAN_POINT('Ctrl Pts',(16.5935174734894,-0.546783335643589,-3.36112445513641));
#9726=CARTESIAN_POINT('Ctrl Pts',(16.381772435728,-0.825868334156621,-3.2445889811689));
#9727=CARTESIAN_POINT('Ctrl Pts',(16.3054076541398,-1.09546017729668,-3.22764002858903));
#9728=CARTESIAN_POINT('Ctrl Pts',(16.2938125057319,-1.23349553787034,-3.22596003927609));
#9729=CARTESIAN_POINT('Ctrl Pts',(16.921758760859,-0.229131178638722,-4.42738991321496));
#9730=CARTESIAN_POINT('Ctrl Pts',(16.9217646230726,-0.229133653908279,-4.33341303369293));
#9731=CARTESIAN_POINT('Ctrl Pts',(16.899029839451,-0.237849818378036,-4.14555442892469));
#9732=CARTESIAN_POINT('Ctrl Pts',(16.8042193562722,-0.28315935192393,-3.89135933969072));
#9733=CARTESIAN_POINT('Ctrl Pts',(16.6714427365588,-0.372268505260694,-3.68465203027946));
#9734=CARTESIAN_POINT('Ctrl Pts',(16.5008149448745,-0.535113084470217,-3.5048140766807));
#9735=CARTESIAN_POINT('Ctrl Pts',(16.3189261130302,-0.813800272021312,-3.38580313222276));
#9736=CARTESIAN_POINT('Ctrl Pts',(16.2516435707679,-1.08727151917621,-3.35818496392107));
#9737=CARTESIAN_POINT('Ctrl Pts',(16.243913825227,-1.22874652603156,-3.35170691353054));
#9738=CARTESIAN_POINT('Ctrl Pts',(16.8503081172417,-0.081805354698695,-4.42738991321497));
#9739=CARTESIAN_POINT('Ctrl Pts',(16.8503114469871,-0.0818143148678345,
-4.33712795783932));
#9740=CARTESIAN_POINT('Ctrl Pts',(16.8256978949333,-0.0898896927024246,
-4.15646928922057));
#9741=CARTESIAN_POINT('Ctrl Pts',(16.7216771026146,-0.134628531069133,-3.90990376157182));
#9742=CARTESIAN_POINT('Ctrl Pts',(16.5698439301107,-0.232067213059729,-3.70778448320389));
#9743=CARTESIAN_POINT('Ctrl Pts',(16.3725785533598,-0.424227365964287,-3.53608901451684));
#9744=CARTESIAN_POINT('Ctrl Pts',(16.1796277384275,-0.754829968555998,-3.43230140413874));
#9745=CARTESIAN_POINT('Ctrl Pts',(16.1226547539017,-1.06220062659654,-3.41261211160163));
#9746=CARTESIAN_POINT('Ctrl Pts',(16.121660694318,-1.21830320229427,-3.40888922536409));
#9747=CARTESIAN_POINT('Ctrl Pts',(16.8500148028565,-0.0075000423601515,
-4.42738991321497));
#9748=CARTESIAN_POINT('Ctrl Pts',(16.8500148453286,-0.00751080181444964,
-4.33557005881816));
#9749=CARTESIAN_POINT('Ctrl Pts',(16.8246366984697,-0.0149653027763718,
-4.15193968336582));
#9750=CARTESIAN_POINT('Ctrl Pts',(16.7138240395908,-0.0584251181383971,
-3.89831952381694));
#9751=CARTESIAN_POINT('Ctrl Pts',(16.5464118069005,-0.158581171043635,-3.68889332979381));
#9752=CARTESIAN_POINT('Ctrl Pts',(16.3244790556931,-0.364495276458733,-3.51565711306978));
#9753=CARTESIAN_POINT('Ctrl Pts',(16.1134901451795,-0.722707529916061,-3.4228234159758));
#9754=CARTESIAN_POINT('Ctrl Pts',(16.0578904176474,-1.04882248051227,-3.41253019856711));
#9755=CARTESIAN_POINT('Ctrl Pts',(16.0588991736615,-1.21306430662346,-3.41247260349606));
#9756=CARTESIAN_POINT('',(16.293787744797,-1.23379313873022,-3.16287909189549));
#9757=CARTESIAN_POINT('Origin',(16.0446485958872,-1.21306430662346,-3.16287909189549));
#9758=CARTESIAN_POINT('Ctrl Pts',(16.0588991736615,-1.21306430662346,-3.41247260349606));
#9759=CARTESIAN_POINT('Ctrl Pts',(16.0578904176474,-1.04882248051227,-3.41253019856711));
#9760=CARTESIAN_POINT('Ctrl Pts',(16.1134901451795,-0.722707529916061,-3.4228234159758));
#9761=CARTESIAN_POINT('Ctrl Pts',(16.3244790556931,-0.364495276458733,-3.51565711306978));
#9762=CARTESIAN_POINT('Ctrl Pts',(16.5464118069005,-0.158581171043635,-3.68889332979381));
#9763=CARTESIAN_POINT('Ctrl Pts',(16.7138240395908,-0.0584251181383971,
-3.89831952381694));
#9764=CARTESIAN_POINT('Ctrl Pts',(16.8246366984697,-0.0149653027763718,
-4.15193968336582));
#9765=CARTESIAN_POINT('Ctrl Pts',(16.8500148453286,-0.00751080181444964,
-4.33557005881816));
#9766=CARTESIAN_POINT('Ctrl Pts',(16.8500148028565,-0.0075000423601515,
-4.42738991321497));
#9767=CARTESIAN_POINT('Ctrl Pts',(17.1537141782396,-0.250677417888372,-4.42738991321496));
#9768=CARTESIAN_POINT('Ctrl Pts',(17.1537141782396,-0.250677417888372,-4.31261509880574));
#9769=CARTESIAN_POINT('Ctrl Pts',(17.1278580174723,-0.25594168883543,-4.0830779042605));
#9770=CARTESIAN_POINT('Ctrl Pts',(17.0148380121672,-0.287239367854544,-3.76606538708013));
#9771=CARTESIAN_POINT('Ctrl Pts',(16.8431375313825,-0.3625779509838,-3.50438147498367));
#9772=CARTESIAN_POINT('Ctrl Pts',(16.6122080920139,-0.524289875630911,-3.28823767056753));
#9773=CARTESIAN_POINT('Ctrl Pts',(16.3827603634268,-0.818046520626948,-3.17337271398755));
#9774=CARTESIAN_POINT('Ctrl Pts',(16.3054190039895,-1.09399741840012,-3.1620640742745));
#9775=CARTESIAN_POINT('Ctrl Pts',(16.293787744797,-1.23379313873022,-3.16287909189549));
#9776=CARTESIAN_POINT('Ctrl Pts',(16.293787744797,-1.23379313873022,-3.16287909189549));
#9777=CARTESIAN_POINT('Ctrl Pts',(16.2695613791052,-1.52496902835742,-3.16457666518524));
#9778=CARTESIAN_POINT('Ctrl Pts',(16.4668712761984,-2.12553824410204,-3.14815138441349));
#9779=CARTESIAN_POINT('Ctrl Pts',(17.244569275738,-2.5105342385853,-3.11276311255456));
#9780=CARTESIAN_POINT('Ctrl Pts',(17.9876507775552,-2.32753946111357,-3.10123203912792));
#9781=CARTESIAN_POINT('Ctrl Pts',(18.2945369498338,-1.98820583664625,-3.1002880044185));
#9782=CARTESIAN_POINT('Ctrl Pts',(18.3870908980153,-1.78955327046007,-3.10010735344875));
#9783=CARTESIAN_POINT('Ctrl Pts',(16.2938125057319,-1.23349553787034,-3.22596003927608));
#9784=CARTESIAN_POINT('Ctrl Pts',(16.269435351143,-1.525492076998,-3.2275654624554));
#9785=CARTESIAN_POINT('Ctrl Pts',(16.4690123393248,-2.12765476478354,-3.21206164076268));
#9786=CARTESIAN_POINT('Ctrl Pts',(17.2466863928323,-2.50991793787481,-3.17832965429799));
#9787=CARTESIAN_POINT('Ctrl Pts',(17.9878219242211,-2.32691696945615,-3.16692964652786));
#9788=CARTESIAN_POINT('Ctrl Pts',(18.2946301608567,-1.98802300429079,-3.16584419914756));
#9789=CARTESIAN_POINT('Ctrl Pts',(18.387109480204,-1.78951338669978,-3.16561725244893));
#9790=CARTESIAN_POINT('Ctrl Pts',(16.2438385947572,-1.22874060537627,-3.3516356235931));
#9791=CARTESIAN_POINT('Ctrl Pts',(16.2181920684998,-1.53606715098517,-3.35306384675112));
#9792=CARTESIAN_POINT('Ctrl Pts',(16.4280738555248,-2.16935282090207,-3.33937645358783));
#9793=CARTESIAN_POINT('Ctrl Pts',(17.242644397396,-2.56872216274665,-3.30883361839366));
#9794=CARTESIAN_POINT('Ctrl Pts',(18.0180450313773,-2.37638102146732,-3.29770072505137));
#9795=CARTESIAN_POINT('Ctrl Pts',(18.3394339050919,-2.02077833548162,-3.29635919901044));
#9796=CARTESIAN_POINT('Ctrl Pts',(18.4364080966072,-1.81238539527161,-3.29604368840988));
#9797=CARTESIAN_POINT('Ctrl Pts',(16.121660694318,-1.21830320229427,-3.40888922536408));
#9798=CARTESIAN_POINT('Ctrl Pts',(16.0934838150425,-1.55889984030817,-3.41042908979545));
#9799=CARTESIAN_POINT('Ctrl Pts',(16.323259125508,-2.26126349896837,-3.39556246390839));
#9800=CARTESIAN_POINT('Ctrl Pts',(17.2261999163223,-2.70921475371079,-3.36294228270809));
#9801=CARTESIAN_POINT('Ctrl Pts',(18.0896241602798,-2.49545252870711,-3.35162950226263));
#9802=CARTESIAN_POINT('Ctrl Pts',(18.4469507978185,-2.09939851628775,-3.3504554763141));
#9803=CARTESIAN_POINT('Ctrl Pts',(18.5547189347584,-1.86746730800496,-3.35020147657048));
#9804=CARTESIAN_POINT('Ctrl Pts',(16.0588991736615,-1.21306430662345,-3.41247260349605));
#9805=CARTESIAN_POINT('Ctrl Pts',(16.0294284715529,-1.57041653480229,-3.41415523751073));
#9806=CARTESIAN_POINT('Ctrl Pts',(16.2691790228346,-2.30747875412523,-3.39788451721639));
#9807=CARTESIAN_POINT('Ctrl Pts',(17.2172122599488,-2.77997383826378,-3.36272122540516));
#9808=CARTESIAN_POINT('Ctrl Pts',(18.1253854722465,-2.55538933863939,-3.35122738918246));
#9809=CARTESIAN_POINT('Ctrl Pts',(18.500852014954,-2.13893443588403,-3.35028714610492));
#9810=CARTESIAN_POINT('Ctrl Pts',(18.614100063318,-1.89513355920099,-3.35010703728089));
#9811=CARTESIAN_POINT('',(18.3522440381887,-1.85786773533884,-3.1001844083427));
#9812=CARTESIAN_POINT('Ctrl Pts',(18.614100063318,-1.89513355920099,-3.35010703728089));
#9813=CARTESIAN_POINT('Ctrl Pts',(18.5980823072897,-1.89398492668406,-3.35013251179673));
#9814=CARTESIAN_POINT('Ctrl Pts',(18.5821453619257,-1.89264207014153,-3.34873653076091));
#9815=CARTESIAN_POINT('Ctrl Pts',(18.5664634243781,-1.89112390048078,-3.34600065389308));
#9816=CARTESIAN_POINT('Ctrl Pts',(18.5509389303326,-1.88962097293838,-3.34329224467927));
#9817=CARTESIAN_POINT('Ctrl Pts',(18.5356632228864,-1.88794572470415,-3.33927011434159));
#9818=CARTESIAN_POINT('Ctrl Pts',(18.5208163527807,-1.88613970191196,-3.33397063949102));
#9819=CARTESIAN_POINT('Ctrl Pts',(18.5165097410107,-1.88561583129422,-3.33243342790339));
#9820=CARTESIAN_POINT('Ctrl Pts',(18.5122393429224,-1.88508113495822,-3.33078849476479));
#9821=CARTESIAN_POINT('Ctrl Pts',(18.5080099405062,-1.88453709459782,-3.32903615192822));
#9822=CARTESIAN_POINT('Ctrl Pts',(18.4931104957599,-1.88262053559213,-3.32286295470064));
#9823=CARTESIAN_POINT('Ctrl Pts',(18.4788481731393,-1.88060259221826,-3.31541411783116));
#9824=CARTESIAN_POINT('Ctrl Pts',(18.4654144686024,-1.87856104424311,-3.30674025320575));
#9825=CARTESIAN_POINT('Ctrl Pts',(18.4529222586115,-1.87666257714925,-3.29867429209761));
#9826=CARTESIAN_POINT('Ctrl Pts',(18.4411457676918,-1.87474354751466,-3.28954812489035));
#9827=CARTESIAN_POINT('Ctrl Pts',(18.4302674287784,-1.87289088958544,-3.27937202691298));
#9828=CARTESIAN_POINT('Ctrl Pts',(18.4294475660988,-1.87275126118203,-3.27860508969747));
#9829=CARTESIAN_POINT('Ctrl Pts',(18.4286328226643,-1.87261202265137,-3.27783217686095));
#9830=CARTESIAN_POINT('Ctrl Pts',(18.4278232856948,-1.87247321768815,-3.27705328717126));
#9831=CARTESIAN_POINT('Ctrl Pts',(18.426277235869,-1.8722081286344,-3.2755657673735));
#9832=CARTESIAN_POINT('Ctrl Pts',(18.4247501748169,-1.87194462047072,-3.27405644816079));
#9833=CARTESIAN_POINT('Ctrl Pts',(18.4232424061037,-1.87168284091748,-3.27252567458783));
#9834=CARTESIAN_POINT('Ctrl Pts',(18.4118864166071,-1.86971120837796,-3.26099642048964));
#9835=CARTESIAN_POINT('Ctrl Pts',(18.4017462769163,-1.86785664830833,-3.2483790821421));
#9836=CARTESIAN_POINT('Ctrl Pts',(18.3929008405258,-1.8661760603255,-3.23487477657558));
#9837=CARTESIAN_POINT('Ctrl Pts',(18.3840554041352,-1.86449547234266,-3.22137047100906));
#9838=CARTESIAN_POINT('Ctrl Pts',(18.3765038404825,-1.86298869050201,-3.20697747787168));
#9839=CARTESIAN_POINT('Ctrl Pts',(18.3703751492931,-1.86173046454031,-3.19187952100037));
#9840=CARTESIAN_POINT('Ctrl Pts',(18.3644425193358,-1.86051249013067,-3.17726455861141));
#9841=CARTESIAN_POINT('Ctrl Pts',(18.359911953484,-1.85954143630219,-3.16215669443544));
#9842=CARTESIAN_POINT('Ctrl Pts',(18.3568572757768,-1.85887688858636,-3.14675170594817));
#9843=CARTESIAN_POINT('Ctrl Pts',(18.3538252782503,-1.85821727496299,-3.13146109545923));
#9844=CARTESIAN_POINT('Ctrl Pts',(18.3522467259305,-1.85785953371173,-3.11587632560322));
#9845=CARTESIAN_POINT('Ctrl Pts',(18.352244031212,-1.85786774789482,-3.10018440836007));
#9846=CARTESIAN_POINT('',(16.2901822353241,-1.32498404508912,-3.16309555283483));
#9847=CARTESIAN_POINT('Ctrl Pts',(16.293787744797,-1.23379313873022,-3.16287909189549));
#9848=CARTESIAN_POINT('Ctrl Pts',(16.2912640872804,-1.26412489512516,-3.16305592789504));
#9849=CARTESIAN_POINT('Ctrl Pts',(16.2900738595256,-1.29455549352935,-3.16312522456739));
#9850=CARTESIAN_POINT('Ctrl Pts',(16.2901822353241,-1.32498404508912,-3.16309555283483));
#9851=CARTESIAN_POINT('Ctrl Pts',(16.2901822353241,-1.32498404508912,-3.16309555283483));
#9852=CARTESIAN_POINT('Ctrl Pts',(16.2911142351354,-1.5866605881082,-3.16284038471141));
#9853=CARTESIAN_POINT('Ctrl Pts',(16.4963304414299,-2.14012187505088,-3.14681087826771));
#9854=CARTESIAN_POINT('Ctrl Pts',(17.244569275738,-2.5105342385853,-3.11276311255456));
#9855=CARTESIAN_POINT('Ctrl Pts',(17.9616372026093,-2.3339456875461,-3.10163571549728));
#9856=CARTESIAN_POINT('Ctrl Pts',(18.2582526180313,-2.02702206373647,-3.1004185052495));
#9857=CARTESIAN_POINT('Ctrl Pts',(18.3522440381887,-1.85786773533884,-3.1001844083427));
#9858=CARTESIAN_POINT('Origin',(17.39,-1.325,-3.35));
#9859=CARTESIAN_POINT('',(18.3522926452085,-1.85790980942152,-3.35));
#9860=CARTESIAN_POINT('',(16.29,-1.325,-3.35));
#9861=CARTESIAN_POINT('Ctrl Pts',(16.0588991736615,1.21306430662346,-3.41247260349605));
#9862=CARTESIAN_POINT('Ctrl Pts',(15.8779925167308,0.834186945443845,-3.42280149533282));
#9863=CARTESIAN_POINT('Ctrl Pts',(15.6873537907759,-4.16156417436519E-8,
-3.43648710107793));
#9864=CARTESIAN_POINT('Ctrl Pts',(15.8779924677186,-0.834186842796498,-3.42280149813118));
#9865=CARTESIAN_POINT('Ctrl Pts',(16.0588991736615,-1.21306430662345,-3.41247260349605));
#9866=CARTESIAN_POINT('Ctrl Pts',(16.339090296503,1.08360907174511,-3.39647505066657));
#9867=CARTESIAN_POINT('Ctrl Pts',(16.1783773177072,0.744543004078218,-3.40375331980328));
#9868=CARTESIAN_POINT('Ctrl Pts',(16.0099325832334,-3.72715022335162E-8,
-3.41317665659248));
#9869=CARTESIAN_POINT('Ctrl Pts',(16.1783772741661,-0.744542912216744,-3.40375332177514));
#9870=CARTESIAN_POINT('Ctrl Pts',(16.339090296503,-1.08360907174511,-3.39647505066657));
#9871=CARTESIAN_POINT('Ctrl Pts',(16.838901709987,0.859766970711089,-3.63732431211234));
#9872=CARTESIAN_POINT('Ctrl Pts',(16.7145503033137,0.589016784006212,-3.64279100908168));
#9873=CARTESIAN_POINT('Ctrl Pts',(16.586407038363,-2.98156400114781E-8,
-3.64959569213091));
#9874=CARTESIAN_POINT('Ctrl Pts',(16.7145502696238,-0.589016710653214,-3.64279101056274));
#9875=CARTESIAN_POINT('Ctrl Pts',(16.838901709987,-0.859766970711087,-3.63732431211234));
#9876=CARTESIAN_POINT('Ctrl Pts',(17.0218962740215,0.789739287510484,-4.17911340832167));
#9877=CARTESIAN_POINT('Ctrl Pts',(16.9088311122642,0.542260814873975,-4.18773675177439));
#9878=CARTESIAN_POINT('Ctrl Pts',(16.7914938102268,-2.72159241840088E-8,
-4.19897794371027));
#9879=CARTESIAN_POINT('Ctrl Pts',(16.908831081632,-0.542260747825865,-4.18773675411067));
#9880=CARTESIAN_POINT('Ctrl Pts',(17.0218962740215,-0.789739287510482,-4.17911340832167));
#9881=CARTESIAN_POINT('Ctrl Pts',(17.0242113176006,0.794766269856748,-4.41084664989829));
#9882=CARTESIAN_POINT('Ctrl Pts',(16.9098955677015,0.546536274601151,-4.42080872124998));
#9883=CARTESIAN_POINT('Ctrl Pts',(16.7901971750174,-2.72654201337843E-8,
-4.43393269071601));
#9884=CARTESIAN_POINT('Ctrl Pts',(16.9098955367305,-0.546536207349435,-4.42080872394896));
#9885=CARTESIAN_POINT('Ctrl Pts',(17.0242113176006,-0.794766269856745,-4.41084664989829));
#9886=CARTESIAN_POINT('Ctrl Pts',(16.8500613864796,0.00749984662240296,
-4.42736906149499));
#9887=CARTESIAN_POINT('Ctrl Pts',(16.8500513726822,0.00499991158608779,
-4.42737015745701));
#9888=CARTESIAN_POINT('Ctrl Pts',(16.8500413546885,1.04915891599444E-9,
-4.42737125584658));
#9889=CARTESIAN_POINT('Ctrl Pts',(16.8500513724074,-0.00499990947757767,
-4.42737015748077));
#9890=CARTESIAN_POINT('Ctrl Pts',(16.8500613860802,-0.00749984663230818,
-4.42736906152922));
#9891=CARTESIAN_POINT('Origin',(18.75,0.,1.));
#9892=CARTESIAN_POINT('Origin',(17.39,0.,4.85));
#9893=CARTESIAN_POINT('Origin',(17.39,0.,4.85));
#9894=CARTESIAN_POINT('Origin',(18.75,0.,1.));
#9895=CARTESIAN_POINT('Origin',(18.75,0.,1.));
#9896=CARTESIAN_POINT('',(16.85,-2.32682891837997E-16,8.5));
#9897=CARTESIAN_POINT('Origin',(18.75,0.,8.5));
#9898=CARTESIAN_POINT('',(16.85,-2.32682891837997E-16,1.));
#9899=CARTESIAN_POINT('Origin',(18.75,0.,8.5));
#9900=CARTESIAN_POINT('Origin',(0.24463611615059,-7.75,1.44910208117152));
#9901=CARTESIAN_POINT('',(-0.498617499014536,-7.8,2.95827324459727));
#9902=CARTESIAN_POINT('',(0.157202427474037,-7.8,1.25905146756928));
#9903=CARTESIAN_POINT('',(0.46391130993831,-7.5,2.96391401637319));
#9904=CARTESIAN_POINT('',(0.944331238101901,-7.5,1.71915158833186));
#9905=CARTESIAN_POINT('Origin',(-4.21862697971305E-11,-7.99999999999934,
3.04501038332474E-13));
#9906=CARTESIAN_POINT('Origin',(0.0465998108990419,7.75,-1.9622118372701));
#9907=CARTESIAN_POINT('',(0.463911309938464,7.5,-2.96391401637256));
#9908=CARTESIAN_POINT('',(0.74629493285041,7.5,-2.23226134443029));
#9909=CARTESIAN_POINT('Origin',(-4.21862697971305E-11,7.9999999999992,3.04501038332474E-13));
#9910=CARTESIAN_POINT('Origin',(1.31186468038495,7.5,3.04478664503449E-13));
#9911=CARTESIAN_POINT('',(0.46391130993831,7.5,2.96391401637319));
#9912=CARTESIAN_POINT('',(0.944331238101901,7.5,1.71915158833186));
#9913=CARTESIAN_POINT('Origin',(-4.21862697971305E-11,7.5,3.04501038332474E-13));
#9914=CARTESIAN_POINT('Origin',(-4.21862697971305E-11,9.,3.04501038332474E-13));
#9915=CARTESIAN_POINT('Origin',(-4.21862697971305E-11,7.99999999999934,
3.04501038332474E-13));
#9916=CARTESIAN_POINT('Origin',(0.24463611615059,7.75,1.44910208117152));
#9917=CARTESIAN_POINT('Origin',(0.0465998108990419,-7.75,-1.9622118372701));
#9918=CARTESIAN_POINT('',(-0.49861749901431,-7.8,-2.95827324459666));
#9919=CARTESIAN_POINT('',(0.0581842748560783,-7.8,-1.51560634559773));
#9920=CARTESIAN_POINT('',(0.463911309938464,-7.5,-2.96391401637256));
#9921=CARTESIAN_POINT('Origin',(-4.21862697971305E-11,-7.9999999999992,
3.04501038332474E-13));
#9922=CARTESIAN_POINT('',(0.74629493285041,-7.5,-2.23226134443029));
#9923=CARTESIAN_POINT('Origin',(1.31186468038495,-7.5,3.04478664503449E-13));
#9924=CARTESIAN_POINT('Origin',(-4.21862697971305E-11,-7.5,3.04501038332474E-13));
#9925=CARTESIAN_POINT('Origin',(-4.21862697971305E-11,-9.,3.04501038332474E-13));
#9926=CARTESIAN_POINT('Origin',(-4.21862697971305E-11,-7.8,3.04501038332474E-13));
#9927=CARTESIAN_POINT('Origin',(-2.70000000002109,9.,2.35189645536593E-11));
#9928=CARTESIAN_POINT('Origin',(-2.70000000002109,-7.8,2.35189645536593E-11));
#9929=UNCERTAINTY_MEASURE_WITH_UNIT(LENGTH_MEASURE(0.01),#9933,
'DISTANCE_ACCURACY_VALUE',
'Maximum model space distance between geometric entities at asserted c
onnectivities');
#9930=UNCERTAINTY_MEASURE_WITH_UNIT(LENGTH_MEASURE(0.01),#9933,
'DISTANCE_ACCURACY_VALUE',
'Maximum model space distance between geometric entities at asserted c
onnectivities');
#9931=(
GEOMETRIC_REPRESENTATION_CONTEXT(3)
GLOBAL_UNCERTAINTY_ASSIGNED_CONTEXT((#9929))
GLOBAL_UNIT_ASSIGNED_CONTEXT((#9933,#9935,#9936))
REPRESENTATION_CONTEXT('','3D')
);
#9932=(
GEOMETRIC_REPRESENTATION_CONTEXT(3)
GLOBAL_UNCERTAINTY_ASSIGNED_CONTEXT((#9930))
GLOBAL_UNIT_ASSIGNED_CONTEXT((#9933,#9935,#9936))
REPRESENTATION_CONTEXT('','3D')
);
#9933=(
LENGTH_UNIT()
NAMED_UNIT(*)
SI_UNIT(.MILLI.,.METRE.)
);
#9934=(
LENGTH_UNIT()
NAMED_UNIT(*)
SI_UNIT($,.METRE.)
);
#9935=(
NAMED_UNIT(*)
PLANE_ANGLE_UNIT()
SI_UNIT($,.RADIAN.)
);
#9936=(
NAMED_UNIT(*)
SI_UNIT($,.STERADIAN.)
SOLID_ANGLE_UNIT()
);
#9937=SHAPE_DEFINITION_REPRESENTATION(#9938,#9939);
#9938=PRODUCT_DEFINITION_SHAPE('',$,#9941);
#9939=SHAPE_REPRESENTATION('',(#3717),#9931);
#9940=PRODUCT_DEFINITION_CONTEXT('part definition',#9945,'design');
#9941=PRODUCT_DEFINITION('2026-08-17-10-32-08-415','(Unsaved)',#9942,#9940);
#9942=PRODUCT_DEFINITION_FORMATION('',$,#9947);
#9943=PRODUCT_RELATED_PRODUCT_CATEGORY('(Unsaved)','(Unsaved)',(#9947));
#9944=APPLICATION_PROTOCOL_DEFINITION('international standard',
'automotive_design',2009,#9945);
#9945=APPLICATION_CONTEXT(
'Core Data for Automotive Mechanical Design Process');
#9946=PRODUCT_CONTEXT('part definition',#9945,'mechanical');
#9947=PRODUCT('2026-08-17-10-32-08-415','(Unsaved)',$,(#9946));
#9948=PRESENTATION_STYLE_ASSIGNMENT((#9949));
#9949=SURFACE_STYLE_USAGE(.BOTH.,#9950);
#9950=SURFACE_SIDE_STYLE('',(#9951));
#9951=SURFACE_STYLE_FILL_AREA(#9952);
#9952=FILL_AREA_STYLE('Steel - Satin',(#9953));
#9953=FILL_AREA_STYLE_COLOUR('Steel - Satin',#9954);
#9954=COLOUR_RGB('Steel - Satin',0.627450980392157,0.627450980392157,0.627450980392157);
ENDSEC;
END-ISO-10303-21;
