ISO-10303-21;
HEADER;
/* Generated by software containing ST-Developer
 * from STEP Tools, Inc. (www.steptools.com) 
 */

FILE_DESCRIPTION(
/* description */ (''),
/* implementation_level */ '2;1');

FILE_NAME(
/* name */ 'I-AP-R_selection_AP.step',
/* time_stamp */ '2026-08-20T18:02:29+02:00',
/* author */ (''),
/* organization */ (''),
/* preprocessor_version */ 'ST-DEVELOPER v20.1',
/* originating_system */ 'Autodesk Translation Framework v15.8.0.0',
/* authorisation */ '');

FILE_SCHEMA (('AUTOMOTIVE_DESIGN { 1 0 10303 214 3 1 1 }'));
ENDSEC;

DATA;
#10=MECHANICAL_DESIGN_GEOMETRIC_PRESENTATION_REPRESENTATION('',(#13),#10875);
#11=SHAPE_REPRESENTATION_RELATIONSHIP('SRR','None',#10882,#12);
#12=ADVANCED_BREP_SHAPE_REPRESENTATION('',(#14),#10874);
#13=STYLED_ITEM('',(#10891),#14);
#14=MANIFOLD_SOLID_BREP('AP_root__AP',#4119);
#15=CONICAL_SURFACE('',#4298,0.750039552833951,0.0295194506122791);
#16=CONICAL_SURFACE('',#4300,0.750035303089972,0.029766702754082);
#17=CONICAL_SURFACE('',#4302,0.750018404142716,0.0306526192189639);
#18=CONICAL_SURFACE('',#4304,0.750033739649402,0.029854861450499);
#19=TOROIDAL_SURFACE('',#4215,8.65,0.25);
#20=TOROIDAL_SURFACE('',#4219,5.24999999999565,0.25);
#21=TOROIDAL_SURFACE('',#4222,5.25000000000551,0.25);
#22=TOROIDAL_SURFACE('',#4227,5.24999999999565,0.25);
#23=TOROIDAL_SURFACE('',#4232,8.65,0.25);
#24=TOROIDAL_SURFACE('',#4236,5.25000000000551,0.25);
#25=TOROIDAL_SURFACE('',#4251,6.99,1.5);
#26=TOROIDAL_SURFACE('',#4255,6.99,1.5);
#27=TOROIDAL_SURFACE('',#4262,6.99,1.5);
#28=TOROIDAL_SURFACE('',#4265,6.99,1.5);
#29=TOROIDAL_SURFACE('',#4268,8.,1.5);
#30=TOROIDAL_SURFACE('',#4278,8.,1.5);
#31=TOROIDAL_SURFACE('',#4340,8.4,1.5);
#32=TOROIDAL_SURFACE('',#4350,8.4,1.5);
#33=TOROIDAL_SURFACE('',#4354,8.4,1.5);
#34=TOROIDAL_SURFACE('',#4364,8.4,1.5);
#35=TOROIDAL_SURFACE('',#4366,1.31,0.81);
#36=TOROIDAL_SURFACE('',#4370,10.895774221785,0.81);
#37=TOROIDAL_SURFACE('',#4374,10.895774221785,0.81);
#38=TOROIDAL_SURFACE('',#4378,1.31,0.81);
#39=TOROIDAL_SURFACE('',#4385,1.31,0.81);
#40=TOROIDAL_SURFACE('',#4389,10.895774221785,0.81);
#41=TOROIDAL_SURFACE('',#4394,10.895774221785,0.81);
#42=TOROIDAL_SURFACE('',#4398,1.31,0.81);
#43=FACE_BOUND('',#684,.T.);
#44=FACE_BOUND('',#696,.T.);
#45=FACE_BOUND('',#697,.T.);
#46=FACE_BOUND('',#698,.T.);
#47=FACE_BOUND('',#699,.T.);
#48=FACE_BOUND('',#714,.T.);
#49=FACE_BOUND('',#750,.T.);
#50=FACE_BOUND('',#751,.T.);
#51=FACE_BOUND('',#752,.T.);
#52=FACE_BOUND('',#753,.T.);
#53=FACE_BOUND('',#770,.T.);
#54=FACE_BOUND('',#774,.T.);
#55=FACE_BOUND('',#808,.T.);
#56=FACE_BOUND('',#810,.T.);
#57=FACE_BOUND('',#823,.T.);
#58=FACE_BOUND('',#828,.T.);
#59=FACE_BOUND('',#833,.T.);
#60=FACE_BOUND('',#834,.T.);
#61=FACE_BOUND('',#835,.T.);
#62=FACE_BOUND('',#836,.T.);
#63=B_SPLINE_SURFACE_WITH_KNOTS('',3,1,((#5800,#5801),(#5802,#5803),(#5804,
#5805),(#5806,#5807),(#5808,#5809)),.UNSPECIFIED.,.F.,.F.,.F.,(4,1,4),(2,
2),(0.,0.0109951779365357,0.0213884114009322),(-1.3661,0.05),
 .UNSPECIFIED.);
#64=B_SPLINE_SURFACE_WITH_KNOTS('',3,1,((#5828,#5829),(#5830,#5831),(#5832,
#5833),(#5834,#5835),(#5836,#5837)),.UNSPECIFIED.,.F.,.F.,.F.,(4,1,4),(2,
2),(0.,0.0101912988268736,0.0203084899870101),(-1.3661,0.05),
 .UNSPECIFIED.);
#65=B_SPLINE_SURFACE_WITH_KNOTS('',3,1,((#5853,#5854),(#5855,#5856),(#5857,
#5858),(#5859,#5860),(#5861,#5862)),.UNSPECIFIED.,.F.,.F.,.F.,(4,1,4),(2,
2),(0.,0.0141520728118623,0.0280645967038077),(-1.3661,0.05),
 .UNSPECIFIED.);
#66=B_SPLINE_SURFACE_WITH_KNOTS('',3,1,((#5878,#5879),(#5880,#5881),(#5882,
#5883),(#5884,#5885),(#5886,#5887)),.UNSPECIFIED.,.F.,.F.,.F.,(4,1,4),(2,
2),(0.,0.0160511943772779,0.0368688848097441),(-1.3661,0.05),
 .UNSPECIFIED.);
#67=B_SPLINE_SURFACE_WITH_KNOTS('',3,1,((#5903,#5904),(#5905,#5906),(#5907,
#5908),(#5909,#5910),(#5911,#5912)),.UNSPECIFIED.,.F.,.F.,.F.,(4,1,4),(2,
2),(0.,0.0176680068229121,0.0371155029288273),(-1.3661,0.05),
 .UNSPECIFIED.);
#68=B_SPLINE_SURFACE_WITH_KNOTS('',3,1,((#5949,#5950),(#5951,#5952),(#5953,
#5954),(#5955,#5956),(#5957,#5958)),.UNSPECIFIED.,.F.,.F.,.F.,(4,1,4),(2,
2),(0.,0.0204965416556565,0.0360104153798359),(-1.3661,0.05),
 .UNSPECIFIED.);
#69=B_SPLINE_SURFACE_WITH_KNOTS('',3,1,((#5974,#5975),(#5976,#5977),(#5978,
#5979),(#5980,#5981),(#5982,#5983)),.UNSPECIFIED.,.F.,.F.,.F.,(4,1,4),(2,
2),(0.,0.0115873308990758,0.0204164349265406),(-1.3661,0.05),
 .UNSPECIFIED.);
#70=B_SPLINE_SURFACE_WITH_KNOTS('',3,1,((#5999,#6000),(#6001,#6002),(#6003,
#6004),(#6005,#6006),(#6007,#6008)),.UNSPECIFIED.,.F.,.F.,.F.,(4,1,4),(2,
2),(0.,0.00730821812297609,0.0142162541333172),(-1.3661,0.05),
 .UNSPECIFIED.);
#71=B_SPLINE_SURFACE_WITH_KNOTS('',3,1,((#6024,#6025),(#6026,#6027),(#6028,
#6029),(#6030,#6031),(#6032,#6033)),.UNSPECIFIED.,.F.,.F.,.F.,(4,1,4),(2,
2),(0.,0.00641833468802681,0.0158700414187515),(-1.3661,0.05),
 .UNSPECIFIED.);
#72=B_SPLINE_SURFACE_WITH_KNOTS('',3,1,((#6061,#6062),(#6063,#6064),(#6065,
#6066),(#6067,#6068),(#6069,#6070)),.UNSPECIFIED.,.F.,.F.,.F.,(4,1,4),(2,
2),(0.,0.0173876115183272,0.0308415662555469),(-1.3661,0.05),
 .UNSPECIFIED.);
#73=B_SPLINE_SURFACE_WITH_KNOTS('',3,1,((#6101,#6102),(#6103,#6104),(#6105,
#6106),(#6107,#6108),(#6109,#6110)),.UNSPECIFIED.,.F.,.F.,.F.,(4,1,4),(2,
2),(0.,0.0112903458413973,0.0202482132825578),(-1.3661,0.05),
 .UNSPECIFIED.);
#74=B_SPLINE_SURFACE_WITH_KNOTS('',3,1,((#6126,#6127),(#6128,#6129),(#6130,
#6131),(#6132,#6133),(#6134,#6135)),.UNSPECIFIED.,.F.,.F.,.F.,(4,1,4),(2,
2),(0.,0.022772755702144,0.0505756967292799),(-1.3661,0.05),
 .UNSPECIFIED.);
#75=B_SPLINE_SURFACE_WITH_KNOTS('',3,1,((#6151,#6152),(#6153,#6154),(#6155,
#6156),(#6157,#6158),(#6159,#6160)),.UNSPECIFIED.,.F.,.F.,.F.,(4,1,4),(2,
2),(0.,0.0213795072194667,0.0420741066238013),(-1.3661,0.05),
 .UNSPECIFIED.);
#76=B_SPLINE_SURFACE_WITH_KNOTS('',3,1,((#6176,#6177),(#6178,#6179),(#6180,
#6181),(#6182,#6183),(#6184,#6185)),.UNSPECIFIED.,.F.,.F.,.F.,(4,1,4),(2,
2),(0.,0.0168110492330266,0.0339130986358913),(-1.3661,0.05),
 .UNSPECIFIED.);
#77=B_SPLINE_SURFACE_WITH_KNOTS('',3,1,((#6201,#6202),(#6203,#6204),(#6205,
#6206),(#6207,#6208),(#6209,#6210)),.UNSPECIFIED.,.F.,.F.,.F.,(4,1,4),(2,
2),(0.,0.0156415787698193,0.0318744752689311),(-1.3661,0.05),
 .UNSPECIFIED.);
#78=B_SPLINE_SURFACE_WITH_KNOTS('',3,1,((#6226,#6227),(#6228,#6229),(#6230,
#6231),(#6232,#6233),(#6234,#6235)),.UNSPECIFIED.,.F.,.F.,.F.,(4,1,4),(2,
2),(0.,0.025309896141011,0.044198977930789),(-1.3661,0.05),
 .UNSPECIFIED.);
#79=B_SPLINE_SURFACE_WITH_KNOTS('',3,3,((#6373,#6374,#6375,#6376,#6377,
#6378,#6379,#6380),(#6381,#6382,#6383,#6384,#6385,#6386,#6387,#6388),(#6389,
#6390,#6391,#6392,#6393,#6394,#6395,#6396),(#6397,#6398,#6399,#6400,#6401,
#6402,#6403,#6404),(#6405,#6406,#6407,#6408,#6409,#6410,#6411,#6412)),
 .UNSPECIFIED.,.F.,.F.,.F.,(4,1,4),(4,1,1,1,1,4),(0.,0.5,1.),(0.,0.18495790057929,
0.30826316763215,0.36991580115858,0.400742117921795,0.43156843468501),
 .UNSPECIFIED.);
#80=B_SPLINE_SURFACE_WITH_KNOTS('',3,3,((#6468,#6469,#6470,#6471,#6472,
#6473,#6474,#6475),(#6476,#6477,#6478,#6479,#6480,#6481,#6482,#6483),(#6484,
#6485,#6486,#6487,#6488,#6489,#6490,#6491),(#6492,#6493,#6494,#6495,#6496,
#6497,#6498,#6499),(#6500,#6501,#6502,#6503,#6504,#6505,#6506,#6507)),
 .UNSPECIFIED.,.F.,.F.,.F.,(4,1,4),(4,1,1,1,1,4),(0.,0.5,1.),(-2.78439771239647E-12,
0.0308263167605049,0.0616526335237942,0.123305267050373,0.24661053410353,
0.431568434683266),.UNSPECIFIED.);
#81=B_SPLINE_SURFACE_WITH_KNOTS('',3,3,((#6550,#6551,#6552,#6553,#6554),
(#6555,#6556,#6557,#6558,#6559),(#6560,#6561,#6562,#6563,#6564),(#6565,
#6566,#6567,#6568,#6569),(#6570,#6571,#6572,#6573,#6574)),.UNSPECIFIED.,
 .F.,.F.,.F.,(4,1,4),(4,1,4),(0.,0.571428571428571,1.),(0.,0.710470208648765,
1.24332286513534),.UNSPECIFIED.);
#82=B_SPLINE_SURFACE_WITH_KNOTS('',3,3,((#6625,#6626,#6627,#6628,#6629,
#6630,#6631,#6632,#6633),(#6634,#6635,#6636,#6637,#6638,#6639,#6640,#6641,
#6642),(#6643,#6644,#6645,#6646,#6647,#6648,#6649,#6650,#6651),(#6652,#6653,
#6654,#6655,#6656,#6657,#6658,#6659,#6660),(#6661,#6662,#6663,#6664,#6665,
#6666,#6667,#6668,#6669)),.UNSPECIFIED.,.F.,.F.,.F.,(4,1,4),(4,1,1,1,1,
1,4),(0.,0.5,1.),(-2.78439771239647E-12,0.0308263167604414,0.0616526335236672,
0.123305267050119,0.18495790057657,0.308263167629474,0.431568434682377),
 .UNSPECIFIED.);
#83=B_SPLINE_SURFACE_WITH_KNOTS('',3,3,((#6712,#6713,#6714,#6715,#6716,
#6717,#6718,#6719),(#6720,#6721,#6722,#6723,#6724,#6725,#6726,#6727),(#6728,
#6729,#6730,#6731,#6732,#6733,#6734,#6735),(#6736,#6737,#6738,#6739,#6740,
#6741,#6742,#6743),(#6744,#6745,#6746,#6747,#6748,#6749,#6750,#6751)),
 .UNSPECIFIED.,.F.,.F.,.F.,(4,1,4),(4,1,1,1,1,4),(0.,0.5,1.),(0.,0.184957900579736,
0.308263167632893,0.369915801159471,0.40074211792276,0.43156843468605),
 .UNSPECIFIED.);
#84=B_SPLINE_SURFACE_WITH_KNOTS('',3,3,((#6853,#6854,#6855,#6856,#6857),
(#6858,#6859,#6860,#6861,#6862),(#6863,#6864,#6865,#6866,#6867),(#6868,
#6869,#6870,#6871,#6872),(#6873,#6874,#6875,#6876,#6877)),.UNSPECIFIED.,
 .F.,.F.,.F.,(4,1,4),(4,1,4),(0.,0.571428571428571,1.),(0.,0.710470208649858,
1.24332286513725),.UNSPECIFIED.);
#85=B_SPLINE_SURFACE_WITH_KNOTS('',3,3,((#6984,#6985,#6986,#6987,#6988),
(#6989,#6990,#6991,#6992,#6993),(#6994,#6995,#6996,#6997,#6998),(#6999,
#7000,#7001,#7002,#7003),(#7004,#7005,#7006,#7007,#7008)),.UNSPECIFIED.,
 .F.,.F.,.F.,(4,1,4),(4,1,4),(0.,0.571428571428571,1.),(0.212790732819321,
0.745643389305895,1.45611359795466),.UNSPECIFIED.);
#86=B_SPLINE_SURFACE_WITH_KNOTS('',3,3,((#7124,#7125,#7126,#7127,#7128),
(#7129,#7130,#7131,#7132,#7133),(#7134,#7135,#7136,#7137,#7138),(#7139,
#7140,#7141,#7142,#7143),(#7144,#7145,#7146,#7147,#7148)),.UNSPECIFIED.,
 .F.,.F.,.F.,(4,1,4),(4,1,4),(0.,0.571428571428571,1.),(0.212790732817408,
0.923260941467266,1.45611359795466),.UNSPECIFIED.);
#87=B_SPLINE_SURFACE_WITH_KNOTS('',3,3,((#7161,#7162,#7163,#7164),(#7165,
#7166,#7167,#7168),(#7169,#7170,#7171,#7172),(#7173,#7174,#7175,#7176),
(#7177,#7178,#7179,#7180)),.UNSPECIFIED.,.F.,.F.,.F.,(4,1,4),(4,4),(0.,
0.571428571428571,1.),(0.154253141155223,0.645113225649652),
 .UNSPECIFIED.);
#88=B_SPLINE_SURFACE_WITH_KNOTS('',3,3,((#7216,#7217,#7218,#7219,#7220,
#7221),(#7222,#7223,#7224,#7225,#7226,#7227),(#7228,#7229,#7230,#7231,#7232,
#7233),(#7234,#7235,#7236,#7237,#7238,#7239),(#7240,#7241,#7242,#7243,#7244,
#7245)),.UNSPECIFIED.,.F.,.F.,.F.,(4,1,4),(4,1,1,4),(0.,0.571428571428571,
1.),(0.,0.180734403729136,0.301224006215227,0.421713608701318),
 .UNSPECIFIED.);
#89=B_SPLINE_SURFACE_WITH_KNOTS('',3,3,((#7253,#7254,#7255,#7256),(#7257,
#7258,#7259,#7260),(#7261,#7262,#7263,#7264),(#7265,#7266,#7267,#7268),
(#7269,#7270,#7271,#7272)),.UNSPECIFIED.,.F.,.F.,.F.,(4,1,4),(4,4),(0.,
0.571428571428571,1.),(0.,0.471868975413112),.UNSPECIFIED.);
#90=B_SPLINE_SURFACE_WITH_KNOTS('',3,3,((#7273,#7274,#7275,#7276),(#7277,
#7278,#7279,#7280),(#7281,#7282,#7283,#7284),(#7285,#7286,#7287,#7288),
(#7289,#7290,#7291,#7292)),.UNSPECIFIED.,.F.,.F.,.F.,(4,1,4),(4,4),(0.,
0.571428571428571,1.),(2.71496691762478E-16,0.0231054859750551),
 .UNSPECIFIED.);
#91=B_SPLINE_SURFACE_WITH_KNOTS('',3,3,((#7308,#7309,#7310,#7311),(#7312,
#7313,#7314,#7315),(#7316,#7317,#7318,#7319),(#7320,#7321,#7322,#7323),
(#7324,#7325,#7326,#7327)),.UNSPECIFIED.,.F.,.F.,.F.,(4,1,4),(4,4),(0.,
0.571428571428571,1.),(0.132459005542111,0.604327980954489),
 .UNSPECIFIED.);
#92=B_SPLINE_SURFACE_WITH_KNOTS('',3,3,((#7351,#7352,#7353,#7354,#7355,
#7356),(#7357,#7358,#7359,#7360,#7361,#7362),(#7363,#7364,#7365,#7366,#7367,
#7368),(#7369,#7370,#7371,#7372,#7373,#7374),(#7375,#7376,#7377,#7378,#7379,
#7380)),.UNSPECIFIED.,.F.,.F.,.F.,(4,1,4),(4,1,1,4),(0.,0.571428571428571,
1.),(0.,0.120489602486013,0.240979204972026,0.421713608701046),
 .UNSPECIFIED.);
#93=B_SPLINE_SURFACE_WITH_KNOTS('',3,3,((#7394,#7395,#7396,#7397),(#7398,
#7399,#7400,#7401),(#7402,#7403,#7404,#7405),(#7406,#7407,#7408,#7409),
(#7410,#7411,#7412,#7413)),.UNSPECIFIED.,.F.,.F.,.F.,(4,1,4),(4,4),(0.,
0.571428571428571,1.),(0.,0.490860044682226),.UNSPECIFIED.);
#94=B_SPLINE_SURFACE_WITH_KNOTS('',3,3,((#7425,#7426,#7427,#7428),(#7429,
#7430,#7431,#7432),(#7433,#7434,#7435,#7436),(#7437,#7438,#7439,#7440),
(#7441,#7442,#7443,#7444)),.UNSPECIFIED.,.F.,.F.,.F.,(4,1,4),(4,4),(0.,
0.571428571428571,1.),(0.,0.0231053717237285),.UNSPECIFIED.);
#95=B_SPLINE_SURFACE_WITH_KNOTS('',3,3,((#7742,#7743,#7744,#7745,#7746,
#7747,#7748,#7749,#7750,#7751,#7752,#7753,#7754,#7755,#7756),(#7757,#7758,
#7759,#7760,#7761,#7762,#7763,#7764,#7765,#7766,#7767,#7768,#7769,#7770,
#7771),(#7772,#7773,#7774,#7775,#7776,#7777,#7778,#7779,#7780,#7781,#7782,
#7783,#7784,#7785,#7786),(#7787,#7788,#7789,#7790,#7791,#7792,#7793,#7794,
#7795,#7796,#7797,#7798,#7799,#7800,#7801)),.UNSPECIFIED.,.F.,.T.,.F.,(4,
4),(4,1,1,1,1,1,1,1,1,1,1,1,4),(0.,1.),(0.,0.0313840351266286,0.0627680702532572,
0.125536140506514,0.141228158069829,0.188304210759772,0.2196882458864,0.251072281013029,
0.313840351266286,0.345224386392915,0.376608421519543,0.407992456646172,
0.439376491772801),.UNSPECIFIED.);
#96=B_SPLINE_SURFACE_WITH_KNOTS('',3,3,((#7931,#7932,#7933,#7934,#7935,
#7936,#7937,#7938,#7939,#7940,#7941,#7942,#7943,#7944,#7945,#7946,#7947,
#7948,#7949,#7950,#7951,#7952,#7953,#7954,#7955,#7956,#7957,#7958,#7959,
#7960,#7961),(#7962,#7963,#7964,#7965,#7966,#7967,#7968,#7969,#7970,#7971,
#7972,#7973,#7974,#7975,#7976,#7977,#7978,#7979,#7980,#7981,#7982,#7983,
#7984,#7985,#7986,#7987,#7988,#7989,#7990,#7991,#7992),(#7993,#7994,#7995,
#7996,#7997,#7998,#7999,#8000,#8001,#8002,#8003,#8004,#8005,#8006,#8007,
#8008,#8009,#8010,#8011,#8012,#8013,#8014,#8015,#8016,#8017,#8018,#8019,
#8020,#8021,#8022,#8023),(#8024,#8025,#8026,#8027,#8028,#8029,#8030,#8031,
#8032,#8033,#8034,#8035,#8036,#8037,#8038,#8039,#8040,#8041,#8042,#8043,
#8044,#8045,#8046,#8047,#8048,#8049,#8050,#8051,#8052,#8053,#8054)),
 .UNSPECIFIED.,.F.,.T.,.F.,(4,4),(4,1,2,2,2,2,2,2,2,1,2,2,2,2,2,1,4),(0.,
1.),(0.,0.0269459200535615,0.053891840107123,0.084545172448323,0.115198504789523,
0.149898277456648,0.184598050123773,0.216237139291564,0.247876228459355,
0.274273074837377,0.3006699212154,0.335417770045348,0.370165618875296,0.404406794503556,
0.438647970131816,0.465678194803076,0.492708419474337),.UNSPECIFIED.);
#97=B_SPLINE_SURFACE_WITH_KNOTS('',3,3,((#8097,#8098,#8099,#8100,#8101,
#8102,#8103,#8104,#8105,#8106,#8107,#8108,#8109,#8110),(#8111,#8112,#8113,
#8114,#8115,#8116,#8117,#8118,#8119,#8120,#8121,#8122,#8123,#8124),(#8125,
#8126,#8127,#8128,#8129,#8130,#8131,#8132,#8133,#8134,#8135,#8136,#8137,
#8138),(#8139,#8140,#8141,#8142,#8143,#8144,#8145,#8146,#8147,#8148,#8149,
#8150,#8151,#8152)),.UNSPECIFIED.,.F.,.T.,.F.,(4,4),(4,1,1,1,1,1,1,1,1,
1,1,4),(0.,1.),(0.,0.0298743117900746,0.0597486235801491,0.119497247160298,
0.179245870740447,0.238994494320597,0.283805962005708,0.298743117900746,
0.32861742969082,0.358491741480895,0.388366053270969,0.418240365061044),
 .UNSPECIFIED.);
#98=B_SPLINE_SURFACE_WITH_KNOTS('',3,3,((#8178,#8179,#8180,#8181,#8182,
#8183,#8184,#8185,#8186,#8187,#8188,#8189,#8190,#8191,#8192,#8193,#8194,
#8195,#8196,#8197,#8198,#8199,#8200),(#8201,#8202,#8203,#8204,#8205,#8206,
#8207,#8208,#8209,#8210,#8211,#8212,#8213,#8214,#8215,#8216,#8217,#8218,
#8219,#8220,#8221,#8222,#8223),(#8224,#8225,#8226,#8227,#8228,#8229,#8230,
#8231,#8232,#8233,#8234,#8235,#8236,#8237,#8238,#8239,#8240,#8241,#8242,
#8243,#8244,#8245,#8246),(#8247,#8248,#8249,#8250,#8251,#8252,#8253,#8254,
#8255,#8256,#8257,#8258,#8259,#8260,#8261,#8262,#8263,#8264,#8265,#8266,
#8267,#8268,#8269)),.UNSPECIFIED.,.F.,.T.,.F.,(4,4),(4,1,1,1,1,1,1,1,1,
1,1,1,1,1,1,1,1,1,1,1,4),(0.,1.),(0.,0.0306949621872861,0.0613899243745721,
0.0690636649213937,0.0767374054682152,0.122779848749144,0.138127329842787,
0.15347481093643,0.168822292030073,0.176496032576895,0.184169773123716,
0.245559697498289,0.260907178591932,0.276254659685575,0.291602140779218,
0.299275881326039,0.306949621872861,0.337644584060147,0.368339546247433,
0.399034508434719,0.429729470622005),.UNSPECIFIED.);
#99=B_SPLINE_SURFACE_WITH_KNOTS('',3,3,((#8600,#8601,#8602,#8603,#8604,
#8605,#8606,#8607,#8608,#8609,#8610,#8611,#8612,#8613,#8614,#8615,#8616,
#8617,#8618,#8619,#8620,#8621,#8622,#8623,#8624,#8625,#8626,#8627,#8628,
#8629,#8630,#8631,#8632,#8633,#8634,#8635,#8636,#8637),(#8638,#8639,#8640,
#8641,#8642,#8643,#8644,#8645,#8646,#8647,#8648,#8649,#8650,#8651,#8652,
#8653,#8654,#8655,#8656,#8657,#8658,#8659,#8660,#8661,#8662,#8663,#8664,
#8665,#8666,#8667,#8668,#8669,#8670,#8671,#8672,#8673,#8674,#8675),(#8676,
#8677,#8678,#8679,#8680,#8681,#8682,#8683,#8684,#8685,#8686,#8687,#8688,
#8689,#8690,#8691,#8692,#8693,#8694,#8695,#8696,#8697,#8698,#8699,#8700,
#8701,#8702,#8703,#8704,#8705,#8706,#8707,#8708,#8709,#8710,#8711,#8712,
#8713),(#8714,#8715,#8716,#8717,#8718,#8719,#8720,#8721,#8722,#8723,#8724,
#8725,#8726,#8727,#8728,#8729,#8730,#8731,#8732,#8733,#8734,#8735,#8736,
#8737,#8738,#8739,#8740,#8741,#8742,#8743,#8744,#8745,#8746,#8747,#8748,
#8749,#8750,#8751),(#8752,#8753,#8754,#8755,#8756,#8757,#8758,#8759,#8760,
#8761,#8762,#8763,#8764,#8765,#8766,#8767,#8768,#8769,#8770,#8771,#8772,
#8773,#8774,#8775,#8776,#8777,#8778,#8779,#8780,#8781,#8782,#8783,#8784,
#8785,#8786,#8787,#8788,#8789)),.UNSPECIFIED.,.F.,.F.,.F.,(4,1,4),(4,1,
1,2,1,1,1,1,1,1,1,1,1,1,1,1,1,1,1,1,1,1,1,1,1,1,1,1,1,1,1,1,1,1,4),(0.,
0.571428571428571,1.),(-0.0612886020202978,-0.0245154408081191,-0.0122577204040596,
0.,0.00204417503672343,0.00408835007344686,0.00817670014689373,0.0163534002937875,
0.0327068005875749,0.0654136011751498,0.0981204017627247,0.1308272023503,
0.15263173607535,0.1744362698004,0.196240803525449,0.218045337250499,0.239849870975549,
0.261654404700599,0.278007804994387,0.294361205288174,0.302537905435068,
0.310714605581962,0.312758780618685,0.313780868137047,0.314802955655409,
0.318891305728855,0.322979655802302,0.325023830839026,0.326045918357387,
0.326556962116568,0.326812483996159,0.326940244935954,0.327004125405851,
0.3270360656408,0.327068005875749),.UNSPECIFIED.);
#100=B_SPLINE_SURFACE_WITH_KNOTS('',3,3,((#8892,#8893,#8894,#8895,#8896,
#8897,#8898,#8899,#8900,#8901,#8902,#8903,#8904,#8905,#8906,#8907,#8908,
#8909,#8910,#8911,#8912,#8913,#8914,#8915,#8916,#8917,#8918,#8919,#8920,
#8921,#8922,#8923,#8924,#8925,#8926,#8927,#8928,#8929),(#8930,#8931,#8932,
#8933,#8934,#8935,#8936,#8937,#8938,#8939,#8940,#8941,#8942,#8943,#8944,
#8945,#8946,#8947,#8948,#8949,#8950,#8951,#8952,#8953,#8954,#8955,#8956,
#8957,#8958,#8959,#8960,#8961,#8962,#8963,#8964,#8965,#8966,#8967),(#8968,
#8969,#8970,#8971,#8972,#8973,#8974,#8975,#8976,#8977,#8978,#8979,#8980,
#8981,#8982,#8983,#8984,#8985,#8986,#8987,#8988,#8989,#8990,#8991,#8992,
#8993,#8994,#8995,#8996,#8997,#8998,#8999,#9000,#9001,#9002,#9003,#9004,
#9005),(#9006,#9007,#9008,#9009,#9010,#9011,#9012,#9013,#9014,#9015,#9016,
#9017,#9018,#9019,#9020,#9021,#9022,#9023,#9024,#9025,#9026,#9027,#9028,
#9029,#9030,#9031,#9032,#9033,#9034,#9035,#9036,#9037,#9038,#9039,#9040,
#9041,#9042,#9043),(#9044,#9045,#9046,#9047,#9048,#9049,#9050,#9051,#9052,
#9053,#9054,#9055,#9056,#9057,#9058,#9059,#9060,#9061,#9062,#9063,#9064,
#9065,#9066,#9067,#9068,#9069,#9070,#9071,#9072,#9073,#9074,#9075,#9076,
#9077,#9078,#9079,#9080,#9081)),.UNSPECIFIED.,.F.,.F.,.F.,(4,1,4),(4,1,
1,1,1,1,1,1,1,1,1,1,1,1,1,1,1,1,1,1,1,1,1,1,1,1,1,1,1,2,1,1,1,1,4),(0.,
0.571428571428571,1.),(0.,3.19402349488035E-5,6.38804698976071E-5,0.000127760939795214,
0.000255521879590428,0.000511043759180857,0.00102208751836171,0.00204417503672343,
0.00408835007344685,0.00817670014689371,0.0122650502203406,0.0132871377387023,
0.014309225257064,0.0163534002937874,0.0327068005875748,0.0654136011751497,
0.0872181349001995,0.109022668625249,0.130827202350299,0.152631736075349,
0.174436269800399,0.196240803525449,0.228947604113024,0.261654404700599,
0.294361205288173,0.310714605581961,0.318891305728855,0.322979655802301,
0.325023830839025,0.327068005875748,0.330132431803105,0.333196857730461,
0.339325709585174,0.3515834132946,0.388356524422878),.UNSPECIFIED.);
#101=B_SPLINE_SURFACE_WITH_KNOTS('',3,3,((#9565,#9566,#9567,#9568,#9569,
#9570,#9571,#9572,#9573,#9574,#9575,#9576,#9577,#9578,#9579,#9580,#9581,
#9582,#9583,#9584,#9585,#9586,#9587,#9588,#9589,#9590,#9591,#9592,#9593,
#9594,#9595,#9596,#9597,#9598,#9599,#9600,#9601,#9602),(#9603,#9604,#9605,
#9606,#9607,#9608,#9609,#9610,#9611,#9612,#9613,#9614,#9615,#9616,#9617,
#9618,#9619,#9620,#9621,#9622,#9623,#9624,#9625,#9626,#9627,#9628,#9629,
#9630,#9631,#9632,#9633,#9634,#9635,#9636,#9637,#9638,#9639,#9640),(#9641,
#9642,#9643,#9644,#9645,#9646,#9647,#9648,#9649,#9650,#9651,#9652,#9653,
#9654,#9655,#9656,#9657,#9658,#9659,#9660,#9661,#9662,#9663,#9664,#9665,
#9666,#9667,#9668,#9669,#9670,#9671,#9672,#9673,#9674,#9675,#9676,#9677,
#9678),(#9679,#9680,#9681,#9682,#9683,#9684,#9685,#9686,#9687,#9688,#9689,
#9690,#9691,#9692,#9693,#9694,#9695,#9696,#9697,#9698,#9699,#9700,#9701,
#9702,#9703,#9704,#9705,#9706,#9707,#9708,#9709,#9710,#9711,#9712,#9713,
#9714,#9715,#9716),(#9717,#9718,#9719,#9720,#9721,#9722,#9723,#9724,#9725,
#9726,#9727,#9728,#9729,#9730,#9731,#9732,#9733,#9734,#9735,#9736,#9737,
#9738,#9739,#9740,#9741,#9742,#9743,#9744,#9745,#9746,#9747,#9748,#9749,
#9750,#9751,#9752,#9753,#9754)),.UNSPECIFIED.,.F.,.F.,.F.,(4,1,4),(4,1,
1,1,1,1,1,1,1,1,1,1,1,1,1,1,1,1,1,1,1,1,1,1,1,1,1,1,1,2,1,1,1,1,4),(0.,
0.571428571428571,1.),(0.,3.19402349488036E-5,6.38804698976071E-5,0.000127760939795214,
0.000255521879590428,0.000511043759180857,0.00102208751836171,0.00204417503672343,
0.00408835007344685,0.00817670014689371,0.0122650502203406,0.0132871377387023,
0.014309225257064,0.0163534002937874,0.0327068005875748,0.0654136011751497,
0.0872181349001996,0.109022668625249,0.130827202350299,0.152631736075349,
0.174436269800399,0.196240803525449,0.228947604113024,0.261654404700599,
0.294361205288174,0.310714605581961,0.318891305728855,0.322979655802301,
0.325023830839025,0.327068005875748,0.330132435976763,0.333196866077778,
0.339325726279808,0.351583446683868,0.388356607896047),.UNSPECIFIED.);
#102=B_SPLINE_SURFACE_WITH_KNOTS('',3,3,((#9840,#9841,#9842,#9843,#9844,
#9845,#9846,#9847,#9848,#9849,#9850,#9851,#9852,#9853,#9854,#9855,#9856,
#9857,#9858,#9859,#9860,#9861,#9862,#9863,#9864,#9865,#9866,#9867,#9868,
#9869,#9870,#9871,#9872,#9873,#9874,#9875,#9876,#9877,#9878,#9879,#9880,
#9881),(#9882,#9883,#9884,#9885,#9886,#9887,#9888,#9889,#9890,#9891,#9892,
#9893,#9894,#9895,#9896,#9897,#9898,#9899,#9900,#9901,#9902,#9903,#9904,
#9905,#9906,#9907,#9908,#9909,#9910,#9911,#9912,#9913,#9914,#9915,#9916,
#9917,#9918,#9919,#9920,#9921,#9922,#9923),(#9924,#9925,#9926,#9927,#9928,
#9929,#9930,#9931,#9932,#9933,#9934,#9935,#9936,#9937,#9938,#9939,#9940,
#9941,#9942,#9943,#9944,#9945,#9946,#9947,#9948,#9949,#9950,#9951,#9952,
#9953,#9954,#9955,#9956,#9957,#9958,#9959,#9960,#9961,#9962,#9963,#9964,
#9965),(#9966,#9967,#9968,#9969,#9970,#9971,#9972,#9973,#9974,#9975,#9976,
#9977,#9978,#9979,#9980,#9981,#9982,#9983,#9984,#9985,#9986,#9987,#9988,
#9989,#9990,#9991,#9992,#9993,#9994,#9995,#9996,#9997,#9998,#9999,#10000,
#10001,#10002,#10003,#10004,#10005,#10006,#10007),(#10008,#10009,#10010,
#10011,#10012,#10013,#10014,#10015,#10016,#10017,#10018,#10019,#10020,#10021,
#10022,#10023,#10024,#10025,#10026,#10027,#10028,#10029,#10030,#10031,#10032,
#10033,#10034,#10035,#10036,#10037,#10038,#10039,#10040,#10041,#10042,#10043,
#10044,#10045,#10046,#10047,#10048,#10049)),.UNSPECIFIED.,.F.,.F.,.F.,(4,
1,4),(4,1,1,2,1,1,1,1,1,1,1,1,1,1,1,1,1,1,1,1,1,1,1,1,1,1,1,1,1,1,1,1,1,
1,1,1,1,1,4),(0.,0.571428571428571,1.),(-0.0612885185471286,-0.0367731111282772,
-0.0245154074188514,0.,0.00102208751836171,0.00408835007344685,0.00817670014689369,
0.0163534002937874,0.0327068005875748,0.0490602008813622,0.0654136011751495,
0.0817670014689369,0.0981204017627243,0.114473802056512,0.130827202350299,
0.147180602644087,0.163534002937874,0.179887403231661,0.196240803525449,
0.212594203819236,0.228947604113023,0.239849870975548,0.261654404700598,
0.278007804994386,0.294361205288173,0.31071460558196,0.312758780618684,
0.314802955655407,0.318891305728854,0.322979655802301,0.324001743320663,
0.325023830839024,0.326045918357386,0.326556962116567,0.326812483996157,
0.326940244935953,0.32700412540585,0.327036065640799,0.327068005875748),
 .UNSPECIFIED.);
#103=B_SPLINE_SURFACE_WITH_KNOTS('',3,3,((#10473,#10474,#10475,#10476,#10477,
#10478,#10479),(#10480,#10481,#10482,#10483,#10484,#10485,#10486),(#10487,
#10488,#10489,#10490,#10491,#10492,#10493),(#10494,#10495,#10496,#10497,
#10498,#10499,#10500),(#10501,#10502,#10503,#10504,#10505,#10506,#10507)),
 .UNSPECIFIED.,.F.,.F.,.F.,(4,1,4),(4,1,1,1,4),(0.,0.5,1.),(0.471825919657518,
0.552508896089502,0.633191872521487,0.740769174430799,0.848346476340111),
 .UNSPECIFIED.);
#104=B_SPLINE_SURFACE_WITH_KNOTS('',3,3,((#10563,#10564,#10565,#10566,#10567,
#10568,#10569,#10570,#10571),(#10572,#10573,#10574,#10575,#10576,#10577,
#10578,#10579,#10580),(#10581,#10582,#10583,#10584,#10585,#10586,#10587,
#10588,#10589),(#10590,#10591,#10592,#10593,#10594,#10595,#10596,#10597,
#10598),(#10599,#10600,#10601,#10602,#10603,#10604,#10605,#10606,#10607)),
 .UNSPECIFIED.,.F.,.F.,.F.,(4,1,4),(4,1,1,1,1,1,4),(0.,0.5,1.),(4.96978363921559E-17,
0.0516489716391362,0.103297943278272,0.137730591037697,0.172163238797121,
0.206595886556545,0.241028534315969),.UNSPECIFIED.);
#105=B_SPLINE_SURFACE_WITH_KNOTS('',3,3,((#10654,#10655,#10656,#10657,#10658,
#10659,#10660,#10661,#10662),(#10663,#10664,#10665,#10666,#10667,#10668,
#10669,#10670,#10671),(#10672,#10673,#10674,#10675,#10676,#10677,#10678,
#10679,#10680),(#10681,#10682,#10683,#10684,#10685,#10686,#10687,#10688,
#10689),(#10690,#10691,#10692,#10693,#10694,#10695,#10696,#10697,#10698)),
 .UNSPECIFIED.,.F.,.F.,.F.,(4,1,4),(4,1,1,1,1,1,4),(0.,0.5,1.),(3.08090162643778E-16,
0.0344324443227676,0.068864888645535,0.103297332968302,0.13772977729107,
0.189378443775221,0.241027110259372),.UNSPECIFIED.);
#106=B_SPLINE_SURFACE_WITH_KNOTS('',3,3,((#10719,#10720,#10721,#10722,#10723,
#10724,#10725),(#10726,#10727,#10728,#10729,#10730,#10731,#10732),(#10733,
#10734,#10735,#10736,#10737,#10738,#10739),(#10740,#10741,#10742,#10743,
#10744,#10745,#10746),(#10747,#10748,#10749,#10750,#10751,#10752,#10753)),
 .UNSPECIFIED.,.F.,.F.,.F.,(4,1,4),(4,1,1,1,4),(0.,0.5,1.),(0.848346476345751,
0.929029452777735,1.00971242920972,1.11728973111903,1.22486703302834),
 .UNSPECIFIED.);
#107=B_SPLINE_SURFACE_WITH_KNOTS('',3,3,((#10804,#10805,#10806,#10807,#10808),
(#10809,#10810,#10811,#10812,#10813),(#10814,#10815,#10816,#10817,#10818),
(#10819,#10820,#10821,#10822,#10823),(#10824,#10825,#10826,#10827,#10828)),
 .UNSPECIFIED.,.F.,.F.,.F.,(4,1,4),(4,1,4),(0.,0.571428571428571,1.),(0.33042887851292,
0.455595168980021,0.580761459447121),.UNSPECIFIED.);
#108=(
BOUNDED_SURFACE()
B_SPLINE_SURFACE(4,1,((#5723,#5724),(#5725,#5726),(#5727,#5728),(#5729,
#5730),(#5731,#5732)),.UNSPECIFIED.,.F.,.F.,.F.)
B_SPLINE_SURFACE_WITH_KNOTS((5,5),(2,2),(0.,1.),(-0.9,0.9),
 .UNSPECIFIED.)
GEOMETRIC_REPRESENTATION_ITEM()
RATIONAL_B_SPLINE_SURFACE(((1.,1.),(1.,1.),(1.,1.),(1.,1.),(1.,1.)))
REPRESENTATION_ITEM('')
SURFACE()
);
#109=(
BOUNDED_SURFACE()
B_SPLINE_SURFACE(3,1,((#7029,#7030),(#7031,#7032),(#7033,#7034),(#7035,
#7036)),.UNSPECIFIED.,.F.,.F.,.F.)
B_SPLINE_SURFACE_WITH_KNOTS((4,4),(2,2),(-1.,0.),(-0.952115015710908,0.819205542285908),
 .UNSPECIFIED.)
GEOMETRIC_REPRESENTATION_ITEM()
RATIONAL_B_SPLINE_SURFACE(((1.,1.),(1.,1.),(1.,1.),(1.,1.)))
REPRESENTATION_ITEM('')
SURFACE()
);
#110=(
BOUNDED_SURFACE()
B_SPLINE_SURFACE(3,1,((#7467,#7468),(#7469,#7470),(#7471,#7472),(#7473,
#7474)),.UNSPECIFIED.,.F.,.F.,.F.)
B_SPLINE_SURFACE_WITH_KNOTS((4,4),(2,2),(-1.,0.),(-0.9,0.9),
 .UNSPECIFIED.)
GEOMETRIC_REPRESENTATION_ITEM()
RATIONAL_B_SPLINE_SURFACE(((1.,1.),(1.,1.),(1.,1.),(1.,1.)))
REPRESENTATION_ITEM('')
SURFACE()
);
#111=(
BOUNDED_SURFACE()
B_SPLINE_SURFACE(3,1,((#7560,#7561),(#7562,#7563),(#7564,#7565),(#7566,
#7567)),.UNSPECIFIED.,.F.,.F.,.F.)
B_SPLINE_SURFACE_WITH_KNOTS((4,4),(2,2),(-1.,0.),(-0.9,0.9),
 .UNSPECIFIED.)
GEOMETRIC_REPRESENTATION_ITEM()
RATIONAL_B_SPLINE_SURFACE(((1.,1.),(1.,1.),(1.,1.),(1.,1.)))
REPRESENTATION_ITEM('')
SURFACE()
);
#112=(
BOUNDED_SURFACE()
B_SPLINE_SURFACE(3,1,((#7715,#7716),(#7717,#7718),(#7719,#7720),(#7721,
#7722)),.UNSPECIFIED.,.F.,.F.,.F.)
B_SPLINE_SURFACE_WITH_KNOTS((4,4),(2,2),(0.,1.),(-0.952115015710908,0.819205542285908),
 .UNSPECIFIED.)
GEOMETRIC_REPRESENTATION_ITEM()
RATIONAL_B_SPLINE_SURFACE(((1.,1.),(1.,1.),(1.,1.),(1.,1.)))
REPRESENTATION_ITEM('')
SURFACE()
);
#113=(
BOUNDED_SURFACE()
B_SPLINE_SURFACE(5,1,((#9169,#9170),(#9171,#9172),(#9173,#9174),(#9175,
#9176),(#9177,#9178),(#9179,#9180),(#9181,#9182),(#9183,#9184),(#9185,#9186),
(#9187,#9188)),.UNSPECIFIED.,.F.,.F.,.F.)
B_SPLINE_SURFACE_WITH_KNOTS((6,1,1,1,1,6),(2,2),(0.,0.2,0.4,0.6,0.8,1.),
(-0.430000000000003,0.342406868074947),.UNSPECIFIED.)
GEOMETRIC_REPRESENTATION_ITEM()
RATIONAL_B_SPLINE_SURFACE(((1.,1.),(1.,1.),(1.,1.),(1.,1.),(1.,1.),(1.,
1.),(1.,1.),(1.,1.),(1.,1.),(1.,1.)))
REPRESENTATION_ITEM('')
SURFACE()
);
#114=(
BOUNDED_SURFACE()
B_SPLINE_SURFACE(5,1,((#9302,#9303),(#9304,#9305),(#9306,#9307),(#9308,
#9309),(#9310,#9311),(#9312,#9313),(#9314,#9315),(#9316,#9317),(#9318,#9319),
(#9320,#9321)),.UNSPECIFIED.,.F.,.F.,.F.)
B_SPLINE_SURFACE_WITH_KNOTS((6,1,1,1,1,6),(2,2),(-1.,-0.8,-0.6,-0.4,-0.2,
0.),(-0.430000000000001,0.342406868074947),.UNSPECIFIED.)
GEOMETRIC_REPRESENTATION_ITEM()
RATIONAL_B_SPLINE_SURFACE(((1.,1.),(1.,1.),(1.,1.),(1.,1.),(1.,1.),(1.,
1.),(1.,1.),(1.,1.),(1.,1.),(1.,1.)))
REPRESENTATION_ITEM('')
SURFACE()
);
#115=(
BOUNDED_SURFACE()
B_SPLINE_SURFACE(5,1,((#10151,#10152),(#10153,#10154),(#10155,#10156),(#10157,
#10158),(#10159,#10160),(#10161,#10162),(#10163,#10164),(#10165,#10166),
(#10167,#10168),(#10169,#10170)),.UNSPECIFIED.,.F.,.F.,.F.)
B_SPLINE_SURFACE_WITH_KNOTS((6,1,1,1,1,6),(2,2),(0.,0.2,0.4,0.6,0.8,1.),
(-0.430000000000001,0.342406868074948),.UNSPECIFIED.)
GEOMETRIC_REPRESENTATION_ITEM()
RATIONAL_B_SPLINE_SURFACE(((1.,1.),(1.,1.),(1.,1.),(1.,1.),(1.,1.),(1.,
1.),(1.,1.),(1.,1.),(1.,1.),(1.,1.)))
REPRESENTATION_ITEM('')
SURFACE()
);
#116=(
BOUNDED_SURFACE()
B_SPLINE_SURFACE(5,1,((#10292,#10293),(#10294,#10295),(#10296,#10297),(#10298,
#10299),(#10300,#10301),(#10302,#10303),(#10304,#10305),(#10306,#10307),
(#10308,#10309),(#10310,#10311)),.UNSPECIFIED.,.F.,.F.,.F.)
B_SPLINE_SURFACE_WITH_KNOTS((6,1,1,1,1,6),(2,2),(-1.,-0.8,-0.6,-0.4,-0.2,
0.),(-0.430000000000001,0.342406868074947),.UNSPECIFIED.)
GEOMETRIC_REPRESENTATION_ITEM()
RATIONAL_B_SPLINE_SURFACE(((1.,1.),(1.,1.),(1.,1.),(1.,1.),(1.,1.),(1.,
1.),(1.,1.),(1.,1.),(1.,1.),(1.,1.)))
REPRESENTATION_ITEM('')
SURFACE()
);
#117=B_SPLINE_CURVE_WITH_KNOTS('',3,(#5452,#5453,#5454,#5455),
 .UNSPECIFIED.,.F.,.F.,(4,4),(-1.38,-1.08983820596622),.UNSPECIFIED.);
#118=B_SPLINE_CURVE_WITH_KNOTS('',3,(#5470,#5471,#5472,#5473),
 .UNSPECIFIED.,.F.,.F.,(4,4),(-0.34016179403716,-0.0499999999999996),
 .UNSPECIFIED.);
#119=B_SPLINE_CURVE_WITH_KNOTS('',3,(#5495,#5496,#5497,#5498,#5499,#5500,
#5501,#5502,#5503,#5504,#5505,#5506,#5507,#5508,#5509,#5510,#5511,#5512,
#5513,#5514,#5515,#5516,#5517,#5518,#5519,#5520,#5521,#5522,#5523,#5524,
#5525,#5526,#5527,#5528,#5529,#5530,#5531),.UNSPECIFIED.,.F.,.F.,(4,3,3,
3,3,3,3,3,3,3,3,3,4),(-0.316916602226413,-0.289683264987695,-0.262449927748991,
-0.235216590510253,-0.20798325327157,-0.18074991603286,-0.153516578794146,
-0.126283241555431,-0.0990499043167141,-0.071816567077999,-0.0445832298392904,
-0.0173498926005778,0.),.UNSPECIFIED.);
#120=B_SPLINE_CURVE_WITH_KNOTS('',3,(#5567,#5568,#5569,#5570,#5571,#5572,
#5573,#5574,#5575,#5576,#5577,#5578,#5579,#5580,#5581,#5582,#5583,#5584,
#5585,#5586,#5587,#5588,#5589,#5590,#5591,#5592,#5593,#5594,#5595,#5596,
#5597,#5598,#5599,#5600,#5601,#5602,#5603),.UNSPECIFIED.,.F.,.F.,(4,3,3,
3,3,3,3,3,3,3,3,3,4),(-0.941148666483743,-0.867343643926792,-0.793538621369843,
-0.719733598812878,-0.645928576255898,-0.572123553698943,-0.498318531141984,
-0.424513508585032,-0.35070848602807,-0.276903463471131,-0.20309844091411,
-0.129293418357164,-0.0822735028940168),.UNSPECIFIED.);
#121=B_SPLINE_CURVE_WITH_KNOTS('',3,(#5625,#5626,#5627,#5628,#5629,#5630,
#5631,#5632,#5633,#5634,#5635,#5636,#5637,#5638,#5639,#5640,#5641,#5642,
#5643),.UNSPECIFIED.,.F.,.F.,(4,3,3,3,3,3,4),(-0.406729305492827,-0.375176080618749,
-0.360824724285766,-0.330337270330417,-0.311825303033673,-0.289388027504641,
-0.273407475357015),.UNSPECIFIED.);
#122=B_SPLINE_CURVE_WITH_KNOTS('',3,(#5647,#5648,#5649,#5650,#5651,#5652,
#5653,#5654,#5655,#5656,#5657,#5658,#5659,#5660),.UNSPECIFIED.,.F.,.F.,
(4,2,2,2,2,2,4),(-0.000618028080178992,0.,0.0308106356809772,0.0615840602596485,
0.120567361891017,0.178928357559119,0.236991367475561),.UNSPECIFIED.);
#123=B_SPLINE_CURVE_WITH_KNOTS('',3,(#5672,#5673,#5674,#5675),
 .UNSPECIFIED.,.F.,.F.,(4,4),(-0.0284892111654808,0.),.UNSPECIFIED.);
#124=B_SPLINE_CURVE_WITH_KNOTS('',3,(#5702,#5703,#5704,#5705),
 .UNSPECIFIED.,.F.,.F.,(4,4),(1.11022302462516E-16,0.028489211165481),
 .UNSPECIFIED.);
#125=B_SPLINE_CURVE_WITH_KNOTS('',3,(#5710,#5711,#5712,#5713),
 .UNSPECIFIED.,.F.,.F.,(4,4),(-0.0284892111654809,0.),.UNSPECIFIED.);
#126=B_SPLINE_CURVE_WITH_KNOTS('',3,(#5734,#5735,#5736,#5737,#5738,#5739),
 .UNSPECIFIED.,.F.,.F.,(4,1,1,4),(0.,0.180734403729136,0.301224006215227,
0.421713608701318),.UNSPECIFIED.);
#127=B_SPLINE_CURVE_WITH_KNOTS('',3,(#5741,#5742,#5743,#5744),
 .UNSPECIFIED.,.F.,.F.,(4,4),(-0.471868975413112,0.),.UNSPECIFIED.);
#128=B_SPLINE_CURVE_WITH_KNOTS('',3,(#5746,#5747,#5748,#5749,#5750,#5751,
#5752,#5753,#5754,#5755),.UNSPECIFIED.,.F.,.F.,(4,2,2,2,4),(-0.883278655252016,
-0.770992297943392,-0.577617176938778,-0.389578137596624,-0.36801138842892),
 .UNSPECIFIED.);
#129=B_SPLINE_CURVE_WITH_KNOTS('',3,(#5757,#5758,#5759,#5760,#5761,#5762),
 .UNSPECIFIED.,.F.,.F.,(4,2,4),(-0.52831444409573,-0.269343773487427,0.),
 .UNSPECIFIED.);
#130=B_SPLINE_CURVE_WITH_KNOTS('',3,(#5764,#5765,#5766,#5767,#5768,#5769,
#5770,#5771,#5772,#5773),.UNSPECIFIED.,.F.,.F.,(4,2,2,2,4),(-0.855609942610949,
-0.739090604709601,-0.551187327098998,-0.360738663501013,-0.340331416888717),
 .UNSPECIFIED.);
#131=B_SPLINE_CURVE_WITH_KNOTS('',3,(#5775,#5776,#5777,#5778),
 .UNSPECIFIED.,.F.,.F.,(4,4),(-0.604327980954489,-0.132459005542111),
 .UNSPECIFIED.);
#132=B_SPLINE_CURVE_WITH_KNOTS('',3,(#5779,#5780,#5781,#5782,#5783,#5784),
 .UNSPECIFIED.,.F.,.F.,(4,1,1,4),(0.,0.120489602486013,0.240979204972026,
0.421713608701046),.UNSPECIFIED.);
#133=B_SPLINE_CURVE_WITH_KNOTS('',3,(#5786,#5787,#5788,#5789,#5790,#5791,
#5792,#5793,#5794,#5795),.UNSPECIFIED.,.F.,.F.,(4,2,2,2,4),(-0.273407475357016,
-0.266766692279421,-0.218990507999041,-0.159611144430759,-0.140108321718055),
 .UNSPECIFIED.);
#134=B_SPLINE_CURVE_WITH_KNOTS('',3,(#5796,#5797,#5798,#5799),
 .UNSPECIFIED.,.F.,.F.,(4,4),(-0.73,-0.200000000000001),.UNSPECIFIED.);
#135=B_SPLINE_CURVE_WITH_KNOTS('',3,(#5812,#5813,#5814,#5815,#5816,#5817,
#5818),.UNSPECIFIED.,.F.,.F.,(4,3,4),(0.,0.0111951286088918,0.0217773662013848),
 .UNSPECIFIED.);
#136=B_SPLINE_CURVE_WITH_KNOTS('',3,(#5822,#5823,#5824,#5825,#5826),
 .UNSPECIFIED.,.F.,.F.,(4,1,4),(0.,0.0109951779365357,0.0213884114009322),
 .UNSPECIFIED.);
#137=B_SPLINE_CURVE_WITH_KNOTS('',3,(#5839,#5840,#5841,#5842,#5843,#5844,
#5845),.UNSPECIFIED.,.F.,.F.,(4,3,4),(0.,0.0103261957003203,0.0205773028096159),
 .UNSPECIFIED.);
#138=B_SPLINE_CURVE_WITH_KNOTS('',3,(#5847,#5848,#5849,#5850,#5851),
 .UNSPECIFIED.,.F.,.F.,(4,1,4),(0.,0.0101912988268736,0.0203084899870101),
 .UNSPECIFIED.);
#139=B_SPLINE_CURVE_WITH_KNOTS('',3,(#5864,#5865,#5866,#5867,#5868,#5869,
#5870),.UNSPECIFIED.,.F.,.F.,(4,3,4),(0.,0.014576408721887,0.0289060858863537),
 .UNSPECIFIED.);
#140=B_SPLINE_CURVE_WITH_KNOTS('',3,(#5872,#5873,#5874,#5875,#5876),
 .UNSPECIFIED.,.F.,.F.,(4,1,4),(0.,0.0141520728118623,0.0280645967038077),
 .UNSPECIFIED.);
#141=B_SPLINE_CURVE_WITH_KNOTS('',3,(#5889,#5890,#5891,#5892,#5893,#5894,
#5895),.UNSPECIFIED.,.F.,.F.,(4,3,4),(0.,0.0183005399265783,0.0420355322258307),
 .UNSPECIFIED.);
#142=B_SPLINE_CURVE_WITH_KNOTS('',3,(#5897,#5898,#5899,#5900,#5901),
 .UNSPECIFIED.,.F.,.F.,(4,1,4),(0.,0.0160511943772779,0.0368688848097441),
 .UNSPECIFIED.);
#143=B_SPLINE_CURVE_WITH_KNOTS('',3,(#5915,#5916,#5917,#5918,#5919,#5920,
#5921),.UNSPECIFIED.,.F.,.F.,(4,3,4),(0.,0.0190086553907887,0.039931827732541),
 .UNSPECIFIED.);
#144=B_SPLINE_CURVE_WITH_KNOTS('',3,(#5925,#5926,#5927,#5928,#5929),
 .UNSPECIFIED.,.F.,.F.,(4,1,4),(0.,0.0176680068229121,0.0371155029288273),
 .UNSPECIFIED.);
#145=B_SPLINE_CURVE_WITH_KNOTS('',3,(#5960,#5961,#5962,#5963,#5964,#5965,
#5966),.UNSPECIFIED.,.F.,.F.,(4,3,4),(0.,0.0208113330151075,0.036563472954243),
 .UNSPECIFIED.);
#146=B_SPLINE_CURVE_WITH_KNOTS('',3,(#5968,#5969,#5970,#5971,#5972),
 .UNSPECIFIED.,.F.,.F.,(4,1,4),(0.,0.0204965416556565,0.0360104153798359),
 .UNSPECIFIED.);
#147=B_SPLINE_CURVE_WITH_KNOTS('',3,(#5985,#5986,#5987,#5988,#5989,#5990,
#5991),.UNSPECIFIED.,.F.,.F.,(4,3,4),(0.,0.0118073724671753,0.0208041397737884),
 .UNSPECIFIED.);
#148=B_SPLINE_CURVE_WITH_KNOTS('',3,(#5993,#5994,#5995,#5996,#5997),
 .UNSPECIFIED.,.F.,.F.,(4,1,4),(0.,0.0115873308990758,0.0204164349265406),
 .UNSPECIFIED.);
#149=B_SPLINE_CURVE_WITH_KNOTS('',3,(#6010,#6011,#6012,#6013,#6014,#6015,
#6016),.UNSPECIFIED.,.F.,.F.,(4,3,4),(0.,0.00734644451104436,0.0142906137156714),
 .UNSPECIFIED.);
#150=B_SPLINE_CURVE_WITH_KNOTS('',3,(#6018,#6019,#6020,#6021,#6022),
 .UNSPECIFIED.,.F.,.F.,(4,1,4),(0.,0.00730821812297609,0.0142162541333172),
 .UNSPECIFIED.);
#151=B_SPLINE_CURVE_WITH_KNOTS('',3,(#6035,#6036,#6037,#6038,#6039,#6040,
#6041),.UNSPECIFIED.,.F.,.F.,(4,3,4),(0.,0.0071732255409571,0.0177365924300269),
 .UNSPECIFIED.);
#152=B_SPLINE_CURVE_WITH_KNOTS('',3,(#6043,#6044,#6045,#6046,#6047),
 .UNSPECIFIED.,.F.,.F.,(4,1,4),(0.,0.00641833468802681,0.0158700414187515),
 .UNSPECIFIED.);
#153=B_SPLINE_CURVE_WITH_KNOTS('',3,(#6072,#6073,#6074,#6075,#6076,#6077,
#6078),.UNSPECIFIED.,.F.,.F.,(4,3,4),(0.,0.0177029263329051,0.0314008611727877),
 .UNSPECIFIED.);
#154=B_SPLINE_CURVE_WITH_KNOTS('',3,(#6081,#6082,#6083,#6084,#6085),
 .UNSPECIFIED.,.F.,.F.,(4,1,4),(0.,0.0173876115183272,0.0308415662555469),
 .UNSPECIFIED.);
#155=B_SPLINE_CURVE_WITH_KNOTS('',3,(#6112,#6113,#6114,#6115,#6116,#6117,
#6118),.UNSPECIFIED.,.F.,.F.,(4,3,4),(0.,0.0114504453954543,0.0205353373408043),
 .UNSPECIFIED.);
#156=B_SPLINE_CURVE_WITH_KNOTS('',3,(#6121,#6122,#6123,#6124,#6125),
 .UNSPECIFIED.,.F.,.F.,(4,1,4),(0.,0.0112903458413973,0.0202482132825578),
 .UNSPECIFIED.);
#157=B_SPLINE_CURVE_WITH_KNOTS('',3,(#6137,#6138,#6139,#6140,#6141,#6142,
#6143),.UNSPECIFIED.,.F.,.F.,(4,3,4),(0.,0.0257315087020027,0.0571467501571096),
 .UNSPECIFIED.);
#158=B_SPLINE_CURVE_WITH_KNOTS('',3,(#6146,#6147,#6148,#6149,#6150),
 .UNSPECIFIED.,.F.,.F.,(4,1,4),(0.,0.022772755702144,0.0505756967292799),
 .UNSPECIFIED.);
#159=B_SPLINE_CURVE_WITH_KNOTS('',3,(#6162,#6163,#6164,#6165,#6166,#6167,
#6168),.UNSPECIFIED.,.F.,.F.,(4,3,4),(0.,0.0218958294827589,0.0430902103971483),
 .UNSPECIFIED.);
#160=B_SPLINE_CURVE_WITH_KNOTS('',3,(#6171,#6172,#6173,#6174,#6175),
 .UNSPECIFIED.,.F.,.F.,(4,1,4),(0.,0.0213795072194667,0.0420741066238013),
 .UNSPECIFIED.);
#161=B_SPLINE_CURVE_WITH_KNOTS('',3,(#6187,#6188,#6189,#6190,#6191,#6192,
#6193),.UNSPECIFIED.,.F.,.F.,(4,3,4),(0.,0.017289432920427,0.0348781468581485),
 .UNSPECIFIED.);
#162=B_SPLINE_CURVE_WITH_KNOTS('',3,(#6196,#6197,#6198,#6199,#6200),
 .UNSPECIFIED.,.F.,.F.,(4,1,4),(0.,0.0168110492330266,0.0339130986358913),
 .UNSPECIFIED.);
#163=B_SPLINE_CURVE_WITH_KNOTS('',3,(#6212,#6213,#6214,#6215,#6216,#6217,
#6218),.UNSPECIFIED.,.F.,.F.,(4,3,4),(0.,0.016438396785003,0.0334982343851029),
 .UNSPECIFIED.);
#164=B_SPLINE_CURVE_WITH_KNOTS('',3,(#6221,#6222,#6223,#6224,#6225),
 .UNSPECIFIED.,.F.,.F.,(4,1,4),(0.,0.0156415787698193,0.0318744752689311),
 .UNSPECIFIED.);
#165=B_SPLINE_CURVE_WITH_KNOTS('',3,(#6237,#6238,#6239,#6240,#6241,#6242,
#6243),.UNSPECIFIED.,.F.,.F.,(4,3,4),(0.,0.0258674609419495,0.0451726600903034),
 .UNSPECIFIED.);
#166=B_SPLINE_CURVE_WITH_KNOTS('',3,(#6246,#6247,#6248,#6249,#6250),
 .UNSPECIFIED.,.F.,.F.,(4,1,4),(0.,0.025309896141011,0.044198977930789),
 .UNSPECIFIED.);
#167=B_SPLINE_CURVE_WITH_KNOTS('',3,(#6322,#6323,#6324,#6325,#6326),
 .UNSPECIFIED.,.F.,.F.,(4,1,4),(0.,0.710470208648765,0.920294630814864),
 .UNSPECIFIED.);
#168=B_SPLINE_CURVE_WITH_KNOTS('',3,(#6336,#6337,#6338,#6339,#6340,#6341,
#6342,#6343,#6344,#6345),.UNSPECIFIED.,.F.,.F.,(4,3,3,4),(0.123687315404867,
0.137971826275067,0.152109790421007,0.155659824015318),.UNSPECIFIED.);
#169=B_SPLINE_CURVE_WITH_KNOTS('',3,(#6347,#6348,#6349,#6350,#6351,#6352,
#6353),.UNSPECIFIED.,.F.,.F.,(4,3,4),(0.,0.0163878201325188,0.0327756402650375),
 .UNSPECIFIED.);
#170=B_SPLINE_CURVE_WITH_KNOTS('',3,(#6363,#6364,#6365,#6366,#6367),
 .UNSPECIFIED.,.F.,.F.,(4,1,4),(0.535815672343799,0.923260941467266,1.45611359795466),
 .UNSPECIFIED.);
#171=B_SPLINE_CURVE_WITH_KNOTS('',3,(#6415,#6416,#6417,#6418,#6419,#6420,
#6421,#6422,#6423,#6424,#6425,#6426,#6427,#6428,#6429,#6430,#6431,#6432,
#6433,#6434,#6435,#6436,#6437,#6438,#6439),.UNSPECIFIED.,.F.,.F.,(4,3,3,
3,3,3,3,3,4),(0.,0.000465204910820761,0.00362954436726064,0.00543846904320514,
0.00582920869095762,0.00807028004562224,0.0101314409623406,0.0103113514002869,
0.0103571451715175),.UNSPECIFIED.);
#172=B_SPLINE_CURVE_WITH_KNOTS('',3,(#6440,#6441,#6442,#6443,#6444,#6445,
#6446,#6447),.UNSPECIFIED.,.F.,.F.,(4,1,1,1,1,4),(-0.43156843468501,-0.400742117921795,
-0.36991580115858,-0.30826316763215,-0.18495790057929,0.),.UNSPECIFIED.);
#173=B_SPLINE_CURVE_WITH_KNOTS('',3,(#6450,#6451,#6452,#6453,#6454,#6455,
#6456,#6457),.UNSPECIFIED.,.F.,.F.,(4,1,1,1,1,4),(0.,0.18495790057929,0.30826316763215,
0.36991580115858,0.400742117921795,0.420999476850707),.UNSPECIFIED.);
#174=B_SPLINE_CURVE_WITH_KNOTS('',3,(#6510,#6511,#6512,#6513,#6514,#6515,
#6516,#6517,#6518,#6519,#6520,#6521,#6522,#6523,#6524,#6525,#6526,#6527,
#6528,#6529,#6530,#6531),.UNSPECIFIED.,.F.,.F.,(4,3,3,3,3,3,3,4),(-4.58339975726258E-5,
0.,0.00214511842244646,0.00443173946380242,0.00488039564983769,0.0048825371744303,
0.00793702900390009,0.0103238396947605),.UNSPECIFIED.);
#175=B_SPLINE_CURVE_WITH_KNOTS('',3,(#6532,#6533,#6534,#6535,#6536,#6537,
#6538,#6539),.UNSPECIFIED.,.F.,.F.,(4,1,1,1,1,4),(0.0105689578425253,0.0308263167605049,
0.0616526335237942,0.123305267050373,0.24661053410353,0.431568434683266),
 .UNSPECIFIED.);
#176=B_SPLINE_CURVE_WITH_KNOTS('',3,(#6540,#6541,#6542,#6543,#6544,#6545,
#6546,#6547),.UNSPECIFIED.,.F.,.F.,(4,1,1,1,1,4),(-0.431568434683266,-0.24661053410353,
-0.123305267050373,-0.0616526335237942,-0.0308263167605049,2.78439771239647E-12),
 .UNSPECIFIED.);
#177=B_SPLINE_CURVE_WITH_KNOTS('',3,(#6576,#6577,#6578,#6579,#6580),
 .UNSPECIFIED.,.F.,.F.,(4,1,4),(-1.24332286513534,-0.710470208648765,0.),
 .UNSPECIFIED.);
#178=B_SPLINE_CURVE_WITH_KNOTS('',3,(#6585,#6586,#6587,#6588,#6589,#6590,
#6591,#6592,#6593,#6594,#6595,#6596,#6597,#6598,#6599,#6600),
 .UNSPECIFIED.,.F.,.F.,(4,2,2,2,2,2,2,4),(0.,0.00932863814519848,0.0195998327780112,
0.0327227859266483,0.0538343582701652,0.0863471548831606,0.108665886581434,
0.129265321252786),.UNSPECIFIED.);
#179=B_SPLINE_CURVE_WITH_KNOTS('',3,(#6672,#6673,#6674,#6675,#6676,#6677,
#6678,#6679,#6680,#6681,#6682,#6683,#6684,#6685,#6686,#6687,#6688,#6689,
#6690,#6691,#6692,#6693),.UNSPECIFIED.,.F.,.F.,(4,3,3,3,3,3,3,4),(-4.58337760224346E-5,
0.,0.00214523748324962,0.00443236126698045,0.00488038988612145,0.00488253140559179,
0.00793932444256488,0.0103238209075477),.UNSPECIFIED.);
#180=B_SPLINE_CURVE_WITH_KNOTS('',3,(#6694,#6695,#6696,#6697,#6698,#6699,
#6700,#6701,#6702),.UNSPECIFIED.,.F.,.F.,(4,1,1,1,1,1,4),(0.0105680239948557,
0.0308263167604414,0.0616526335236672,0.123305267050119,0.18495790057657,
0.308263167629474,0.431568434682377),.UNSPECIFIED.);
#181=B_SPLINE_CURVE_WITH_KNOTS('',3,(#6703,#6704,#6705,#6706,#6707,#6708,
#6709,#6710,#6711),.UNSPECIFIED.,.F.,.F.,(4,1,1,1,1,1,4),(-0.431568434682377,
-0.308263167629474,-0.18495790057657,-0.123305267050119,-0.0616526335236672,
-0.0308263167604414,2.78439771239647E-12),.UNSPECIFIED.);
#182=B_SPLINE_CURVE_WITH_KNOTS('',3,(#6754,#6755,#6756,#6757,#6758,#6759,
#6760,#6761,#6762,#6763,#6764,#6765,#6766,#6767,#6768,#6769,#6770,#6771,
#6772,#6773,#6774,#6775,#6776,#6777,#6778),.UNSPECIFIED.,.F.,.F.,(4,3,3,
3,3,3,3,3,4),(0.,0.000465204912220132,0.00362942629457369,0.00543846906724054,
0.00582920871676156,0.0080702773126902,0.0101314325289081,0.0103113459086188,
0.0103571397964369),.UNSPECIFIED.);
#183=B_SPLINE_CURVE_WITH_KNOTS('',3,(#6779,#6780,#6781,#6782,#6783,#6784,
#6785,#6786),.UNSPECIFIED.,.F.,.F.,(4,1,1,1,1,4),(-0.43156843468605,-0.40074211792276,
-0.369915801159471,-0.308263167632893,-0.184957900579736,0.),
 .UNSPECIFIED.);
#184=B_SPLINE_CURVE_WITH_KNOTS('',3,(#6787,#6788,#6789,#6790,#6791,#6792,
#6793,#6794),.UNSPECIFIED.,.F.,.F.,(4,1,1,1,1,4),(0.,0.184957900579736,
0.308263167632893,0.369915801159471,0.40074211792276,0.420999568453931),
 .UNSPECIFIED.);
#185=B_SPLINE_CURVE_WITH_KNOTS('',3,(#6797,#6798,#6799,#6800,#6801),
 .UNSPECIFIED.,.F.,.F.,(4,1,4),(0.,0.710470208649858,0.920294703777004),
 .UNSPECIFIED.);
#186=B_SPLINE_CURVE_WITH_KNOTS('',3,(#6811,#6812,#6813,#6814,#6815,#6816,
#6817,#6818,#6819,#6820),.UNSPECIFIED.,.F.,.F.,(4,3,3,4),(0.123687254917176,
0.138026494776366,0.152233725082116,0.155659750214332),.UNSPECIFIED.);
#187=B_SPLINE_CURVE_WITH_KNOTS('',3,(#6822,#6823,#6824,#6825,#6826,#6827,
#6828,#6829,#6830,#6831),.UNSPECIFIED.,.F.,.F.,(4,3,3,4),(6.38743927165441E-9,
0.0150917885204351,0.0312240662044508,0.0327756709547627),.UNSPECIFIED.);
#188=B_SPLINE_CURVE_WITH_KNOTS('',3,(#6840,#6841,#6842,#6843,#6844),
 .UNSPECIFIED.,.F.,.F.,(4,1,4),(0.535818894178401,0.745643389305895,1.45611359795466),
 .UNSPECIFIED.);
#189=B_SPLINE_CURVE_WITH_KNOTS('',3,(#6879,#6880,#6881,#6882,#6883),
 .UNSPECIFIED.,.F.,.F.,(4,1,4),(-1.24332286513725,-0.710470208649858,0.),
 .UNSPECIFIED.);
#190=B_SPLINE_CURVE_WITH_KNOTS('',3,(#6889,#6890,#6891,#6892,#6893,#6894,
#6895,#6896,#6897,#6898,#6899,#6900),.UNSPECIFIED.,.F.,.F.,(4,2,2,2,2,4),
(-0.912913296490734,-0.831308833445863,-0.65676781337868,-0.527398371291886,
-0.396798617311295,-0.386645652542831),.UNSPECIFIED.);
#191=B_SPLINE_CURVE_WITH_KNOTS('',3,(#6902,#6903,#6904,#6905,#6906,#6907,
#6908,#6909,#6910,#6911,#6912,#6913,#6914,#6915,#6916,#6917),
 .UNSPECIFIED.,.F.,.F.,(4,2,2,2,2,2,2,4),(0.,0.00984190303016028,0.0183836894817623,
0.0293122926585331,0.050169521102112,0.0982151464355357,0.174351521418692,
0.225732765635401),.UNSPECIFIED.);
#192=B_SPLINE_CURVE_WITH_KNOTS('',3,(#6921,#6922,#6923,#6924,#6925,#6926,
#6927,#6928,#6929,#6930),.UNSPECIFIED.,.F.,.F.,(4,2,2,2,4),(0.963630572595186,
1.01726707865089,1.07354887776259,1.13399359234108,1.20004882618519),
 .UNSPECIFIED.);
#193=B_SPLINE_CURVE_WITH_KNOTS('',3,(#6943,#6944,#6945,#6946,#6947,#6948,
#6949,#6950,#6951,#6952),.UNSPECIFIED.,.F.,.F.,(4,2,2,2,4),(0.727212319005182,
0.793267552849294,0.853712267427782,0.90999406653948,0.963630572595186),
 .UNSPECIFIED.);
#194=B_SPLINE_CURVE_WITH_KNOTS('',3,(#6956,#6957,#6958,#6959,#6960,#6961,
#6962,#6963),.UNSPECIFIED.,.F.,.F.,(4,2,2,4),(0.,0.0847450004496764,0.115089488594342,
0.142562681325876),.UNSPECIFIED.);
#195=B_SPLINE_CURVE_WITH_KNOTS('',3,(#6975,#6976,#6977,#6978,#6979,#6980,
#6981,#6982),.UNSPECIFIED.,.F.,.F.,(4,2,2,4),(0.388748358517016,0.41622155124855,
0.446566039393215,0.531311039842892),.UNSPECIFIED.);
#196=B_SPLINE_CURVE_WITH_KNOTS('',3,(#7011,#7012,#7013,#7014,#7015),
 .UNSPECIFIED.,.F.,.F.,(4,1,4),(-1.45611359795466,-0.745643389305895,-0.212790732819321),
 .UNSPECIFIED.);
#197=B_SPLINE_CURVE_WITH_KNOTS('',3,(#7018,#7019,#7020,#7021,#7022,#7023,
#7024,#7025,#7026,#7027),.UNSPECIFIED.,.F.,.F.,(4,2,2,2,4),(0.727212319005182,
0.793267552849294,0.853712267427783,0.90999406653948,0.963630572595186),
 .UNSPECIFIED.);
#198=B_SPLINE_CURVE_WITH_KNOTS('',3,(#7042,#7043,#7044,#7045),
 .UNSPECIFIED.,.F.,.F.,(4,4),(-1.62188465865124,-1.26908384824115),
 .UNSPECIFIED.);
#199=B_SPLINE_CURVE_WITH_KNOTS('',3,(#7047,#7048,#7049,#7050),
 .UNSPECIFIED.,.F.,.F.,(4,4),(-0.13,-0.0499999999999999),.UNSPECIFIED.);
#200=B_SPLINE_CURVE_WITH_KNOTS('',3,(#7052,#7053,#7054,#7055),
 .UNSPECIFIED.,.F.,.F.,(4,4),(-0.388748543050589,0.),.UNSPECIFIED.);
#201=B_SPLINE_CURVE_WITH_KNOTS('',3,(#7058,#7059,#7060,#7061),
 .UNSPECIFIED.,.F.,.F.,(4,4),(0.,0.214865148183369),.UNSPECIFIED.);
#202=B_SPLINE_CURVE_WITH_KNOTS('',3,(#7064,#7065,#7066,#7067),
 .UNSPECIFIED.,.F.,.F.,(4,4),(0.400157359166092,0.645113225649652),
 .UNSPECIFIED.);
#203=B_SPLINE_CURVE_WITH_KNOTS('',3,(#7078,#7079,#7080,#7081,#7082,#7083,
#7084,#7085),.UNSPECIFIED.,.F.,.F.,(4,2,2,4),(0.,0.0847450004496764,0.115089488594342,
0.142562681325875),.UNSPECIFIED.);
#204=B_SPLINE_CURVE_WITH_KNOTS('',3,(#7097,#7098,#7099,#7100,#7101,#7102,
#7103,#7104),.UNSPECIFIED.,.F.,.F.,(4,2,2,4),(0.388748358517016,0.41622155124855,
0.446566039393215,0.531311039842892),.UNSPECIFIED.);
#205=B_SPLINE_CURVE_WITH_KNOTS('',3,(#7107,#7108,#7109,#7110,#7111,#7112,
#7113,#7114,#7115,#7116),.UNSPECIFIED.,.F.,.F.,(4,2,2,2,4),(0.963630572595186,
1.01726707865089,1.07354887776259,1.13399359234108,1.20004882618519),
 .UNSPECIFIED.);
#206=B_SPLINE_CURVE_WITH_KNOTS('',3,(#7151,#7152,#7153,#7154,#7155),
 .UNSPECIFIED.,.F.,.F.,(4,1,4),(-1.45611359795466,-0.923260941467266,-0.212790732817408),
 .UNSPECIFIED.);
#207=B_SPLINE_CURVE_WITH_KNOTS('',3,(#7182,#7183,#7184,#7185,#7186,#7187,
#7188,#7189,#7190,#7191,#7192,#7193,#7194,#7195,#7196,#7197),
 .UNSPECIFIED.,.F.,.F.,(4,2,2,2,2,2,2,4),(0.,0.119910746782928,0.264944005456768,
0.367949468439022,0.435072210041726,0.475854251754764,0.499502431893614,
0.524912666368963),.UNSPECIFIED.);
#208=B_SPLINE_CURVE_WITH_KNOTS('',3,(#7200,#7201,#7202,#7203),
 .UNSPECIFIED.,.F.,.F.,(4,4),(-0.645113225649652,-0.154253141155223),
 .UNSPECIFIED.);
#209=B_SPLINE_CURVE_WITH_KNOTS('',3,(#7211,#7212,#7213,#7214),
 .UNSPECIFIED.,.F.,.F.,(4,4),(0.,0.0284892111654809),.UNSPECIFIED.);
#210=B_SPLINE_CURVE_WITH_KNOTS('',3,(#7246,#7247,#7248,#7249,#7250,#7251),
 .UNSPECIFIED.,.F.,.F.,(4,1,1,4),(-0.421713608701318,-0.301224006215227,
-0.180734403729136,0.),.UNSPECIFIED.);
#211=B_SPLINE_CURVE_WITH_KNOTS('',3,(#7293,#7294,#7295,#7296),
 .UNSPECIFIED.,.F.,.F.,(4,4),(-0.0231054859750551,-2.71496691762478E-16),
 .UNSPECIFIED.);
#212=B_SPLINE_CURVE_WITH_KNOTS('',3,(#7297,#7298,#7299,#7300),
 .UNSPECIFIED.,.F.,.F.,(4,4),(2.71496691762478E-16,0.0231054859750551),
 .UNSPECIFIED.);
#213=B_SPLINE_CURVE_WITH_KNOTS('',3,(#7329,#7330,#7331,#7332,#7333,#7334,
#7335,#7336,#7337,#7338,#7339,#7340,#7341,#7342,#7343,#7344),
 .UNSPECIFIED.,.F.,.F.,(4,2,2,2,2,2,2,4),(0.,0.109498028129317,0.235374309985227,
0.322615739570983,0.370870456129213,0.392860572511406,0.403100890312254,
0.413334488774087),.UNSPECIFIED.);
#214=B_SPLINE_CURVE_WITH_KNOTS('',3,(#7346,#7347,#7348,#7349),
 .UNSPECIFIED.,.F.,.F.,(4,4),(0.389462832769337,0.604327980954489),
 .UNSPECIFIED.);
#215=B_SPLINE_CURVE_WITH_KNOTS('',3,(#7382,#7383,#7384,#7385,#7386,#7387),
 .UNSPECIFIED.,.F.,.F.,(4,1,1,4),(-0.421713608701046,-0.240979204972026,
-0.120489602486013,0.),.UNSPECIFIED.);
#216=B_SPLINE_CURVE_WITH_KNOTS('',3,(#7415,#7416,#7417,#7418),
 .UNSPECIFIED.,.F.,.F.,(4,4),(-0.490860044682226,0.),.UNSPECIFIED.);
#217=B_SPLINE_CURVE_WITH_KNOTS('',3,(#7421,#7422,#7423,#7424),
 .UNSPECIFIED.,.F.,.F.,(4,4),(0.,0.244955892224589),.UNSPECIFIED.);
#218=B_SPLINE_CURVE_WITH_KNOTS('',3,(#7445,#7446,#7447,#7448),
 .UNSPECIFIED.,.F.,.F.,(4,4),(-0.0231053717237285,0.),.UNSPECIFIED.);
#219=B_SPLINE_CURVE_WITH_KNOTS('',3,(#7449,#7450,#7451,#7452),
 .UNSPECIFIED.,.F.,.F.,(4,4),(0.,0.0231053717237285),.UNSPECIFIED.);
#220=B_SPLINE_CURVE_WITH_KNOTS('',3,(#7476,#7477,#7478,#7479),
 .UNSPECIFIED.,.F.,.F.,(4,4),(-0.475592358526152,-0.347376458049135),
 .UNSPECIFIED.);
#221=B_SPLINE_CURVE_WITH_KNOTS('',3,(#7481,#7482,#7483,#7484,#7485,#7486,
#7487,#7488,#7489,#7490,#7491,#7492),.UNSPECIFIED.,.F.,.F.,(4,2,2,2,2,4),
(-0.313026890814951,-0.31045810378912,-0.259821854708659,-0.194174895963903,
-0.107360812182503,0.),.UNSPECIFIED.);
#222=B_SPLINE_CURVE_WITH_KNOTS('',3,(#7494,#7495,#7496,#7497),
 .UNSPECIFIED.,.F.,.F.,(4,4),(-0.73,-0.200000000000001),.UNSPECIFIED.);
#223=B_SPLINE_CURVE_WITH_KNOTS('',3,(#7499,#7500,#7501,#7502,#7503,#7504,
#7505,#7506,#7507,#7508,#7509,#7510),.UNSPECIFIED.,.F.,.F.,(4,2,2,2,2,4),
(-0.648228622584695,-0.574195660827329,-0.499363609386182,-0.425343745926137,
-0.360313518822788,-0.313026890815094),.UNSPECIFIED.);
#224=B_SPLINE_CURVE_WITH_KNOTS('',3,(#7511,#7512,#7513,#7514),
 .UNSPECIFIED.,.F.,.F.,(4,4),(-0.245061862680641,-2.77555756156289E-17),
 .UNSPECIFIED.);
#225=B_SPLINE_CURVE_WITH_KNOTS('',3,(#7516,#7517,#7518,#7519,#7520,#7521,
#7522,#7523),.UNSPECIFIED.,.F.,.F.,(4,2,2,4),(-0.530236896169783,-0.386516802766051,
-0.235744216253772,0.),.UNSPECIFIED.);
#226=B_SPLINE_CURVE_WITH_KNOTS('',3,(#7524,#7525,#7526,#7527,#7528,#7529,
#7530,#7531,#7532,#7533,#7534,#7535),.UNSPECIFIED.,.F.,.F.,(4,2,2,2,2,4),
(-0.899232242470932,-0.893180072981139,-0.760332936341573,-0.630978277656724,
-0.463288436617913,-0.371824678600917),.UNSPECIFIED.);
#227=B_SPLINE_CURVE_WITH_KNOTS('',3,(#7540,#7541,#7542,#7543,#7544,#7545,
#7546,#7547,#7548,#7549,#7550,#7551,#7552,#7553,#7554,#7555,#7556,#7557,
#7558,#7559),.UNSPECIFIED.,.F.,.F.,(4,2,2,2,2,2,2,2,2,4),(-1.1028805361889,
-1.01512333735824,-0.914437992511514,-0.775574857248194,-0.640147532143354,
-0.526924156843717,-0.407339776716965,-0.269610694237978,-0.138197909797557,
0.),.UNSPECIFIED.);
#228=B_SPLINE_CURVE_WITH_KNOTS('',3,(#7569,#7570,#7571,#7572),
 .UNSPECIFIED.,.F.,.F.,(4,4),(-0.598618840996236,-0.585007503666961),
 .UNSPECIFIED.);
#229=B_SPLINE_CURVE_WITH_KNOTS('',3,(#7574,#7575,#7576,#7577,#7578,#7579,
#7580,#7581,#7582,#7583,#7584,#7585,#7586,#7587,#7588,#7589,#7590,#7591,
#7592,#7593,#7594,#7595,#7596,#7597,#7598,#7599,#7600,#7601,#7602,#7603,
#7604,#7605,#7606,#7607,#7608,#7609,#7610,#7611,#7612,#7613,#7614,#7615,
#7616,#7617,#7618,#7619,#7620,#7621,#7622,#7623,#7624,#7625,#7626,#7627,
#7628,#7629,#7630,#7631,#7632,#7633,#7634,#7635,#7636,#7637),
 .UNSPECIFIED.,.F.,.F.,(4,3,3,3,3,3,3,3,3,3,3,3,3,3,3,3,3,3,3,3,3,4),(-0.848346476345751,
-0.819847837591998,-0.800361545921492,-0.774259885240705,-0.749936442303124,
-0.748158224559917,-0.740708583829967,-0.715420367541871,-0.695456785907058,
-0.672208438768887,-0.649373929194391,-0.641624027129523,-0.63318550402198,
-0.615101493820486,-0.597015472489928,-0.592839530106205,-0.570925254342749,
-0.552505976713563,-0.543505170581036,-0.51004218862043,-0.491223639301277,
-0.471825919657553),.UNSPECIFIED.);
#230=B_SPLINE_CURVE_WITH_KNOTS('',3,(#7639,#7640,#7641,#7642,#7643),
 .UNSPECIFIED.,.F.,.F.,(4,1,4),(-0.580761459447121,-0.455595168980021,-0.33042887851292),
 .UNSPECIFIED.);
#231=B_SPLINE_CURVE_WITH_KNOTS('',3,(#7645,#7646,#7647,#7648,#7649,#7650,
#7651,#7652,#7653,#7654,#7655,#7656,#7657,#7658,#7659,#7660,#7661,#7662,
#7663,#7664,#7665,#7666,#7667,#7668,#7669,#7670,#7671,#7672,#7673,#7674,
#7675,#7676,#7677,#7678,#7679,#7680,#7681,#7682,#7683,#7684,#7685,#7686,
#7687,#7688,#7689,#7690,#7691,#7692,#7693,#7694,#7695,#7696,#7697,#7698,
#7699,#7700,#7701,#7702,#7703,#7704,#7705,#7706,#7707,#7708),
 .UNSPECIFIED.,.F.,.F.,(4,3,3,3,3,3,3,3,3,3,3,3,3,3,3,3,3,3,3,3,3,4),(-1.22486703302831,
-1.20694722029913,-1.19319367448825,-1.17047690811335,-1.1531877821116,
-1.13160718554364,-1.1172285726041,-1.10385342258644,-1.0794611740748,-1.05506892556316,
-1.03636791270352,-1.01759647960956,-1.00970559949052,-1.0012361667855,
-0.980530974230818,-0.959640860502193,-0.94853472813251,-0.929023709466205,
-0.902986554528319,-0.896331406770199,-0.863619253091344,-0.848346476345752),
 .UNSPECIFIED.);
#232=B_SPLINE_CURVE_WITH_KNOTS('',3,(#7709,#7710,#7711,#7712),
 .UNSPECIFIED.,.F.,.F.,(4,4),(-0.0136213073301016,0.),.UNSPECIFIED.);
#233=B_SPLINE_CURVE_WITH_KNOTS('',3,(#7727,#7728,#7729,#7730),
 .UNSPECIFIED.,.F.,.F.,(4,4),(-1.62188465865124,-1.26908384824115),
 .UNSPECIFIED.);
#234=B_SPLINE_CURVE_WITH_KNOTS('',3,(#7732,#7733,#7734,#7735),
 .UNSPECIFIED.,.F.,.F.,(4,4),(-0.13,-0.0499999999999999),.UNSPECIFIED.);
#235=B_SPLINE_CURVE_WITH_KNOTS('',3,(#7737,#7738,#7739,#7740),
 .UNSPECIFIED.,.F.,.F.,(4,4),(-0.388748543050589,0.),.UNSPECIFIED.);
#236=B_SPLINE_CURVE_WITH_KNOTS('',3,(#7806,#7807,#7808,#7809,#7810),
 .UNSPECIFIED.,.F.,.F.,(4,1,4),(0.,0.0313840351266286,0.0514795461247325),
 .UNSPECIFIED.);
#237=B_SPLINE_CURVE_WITH_KNOTS('',3,(#7811,#7812,#7813,#7814,#7815,#7816,
#7817,#7818,#7819,#7820,#7821,#7822,#7823,#7824),.UNSPECIFIED.,.F.,.F.,
(4,1,1,1,1,1,1,1,1,1,1,4),(0.0514795461247325,0.0627680702532572,0.125536140506514,
0.141228158069829,0.188304210759772,0.2196882458864,0.251072281013029,0.313840351266286,
0.345224386392915,0.376608421519543,0.407992456646172,0.439376491772801),
 .UNSPECIFIED.);
#238=B_SPLINE_CURVE_WITH_KNOTS('',3,(#7825,#7826,#7827,#7828,#7829,#7830,
#7831,#7832,#7833,#7834,#7835,#7836,#7837,#7838,#7839),.UNSPECIFIED.,.T.,
 .F.,(4,1,1,1,1,1,1,1,1,1,1,1,4),(-0.439376491772801,-0.407992456646172,
-0.376608421519543,-0.345224386392915,-0.313840351266286,-0.251072281013029,
-0.2196882458864,-0.188304210759772,-0.141228158069829,-0.125536140506514,
-0.0627680702532572,-0.0313840351266286,0.),.UNSPECIFIED.);
#239=B_SPLINE_CURVE_WITH_KNOTS('',3,(#7857,#7858,#7859,#7860,#7861,#7862,
#7863,#7864,#7865,#7866,#7867,#7868,#7869,#7870,#7871,#7872,#7873,#7874,
#7875,#7876,#7877,#7878,#7879,#7880,#7881,#7882,#7883,#7884,#7885,#7886,
#7887),.UNSPECIFIED.,.T.,.F.,(4,1,2,2,2,2,2,1,2,2,2,2,2,2,2,1,4),(-0.492708419474337,
-0.465678194803076,-0.438647970131816,-0.404406794503556,-0.370165618875296,
-0.335417770045348,-0.3006699212154,-0.274273074837377,-0.247876228459355,
-0.216237139291564,-0.184598050123773,-0.149898277456648,-0.115198504789523,
-0.084545172448323,-0.053891840107123,-0.0269459200535615,0.),
 .UNSPECIFIED.);
#240=B_SPLINE_CURVE_WITH_KNOTS('',3,(#7889,#7890,#7891,#7892,#7893,#7894,
#7895,#7896,#7897,#7898,#7899,#7900,#7901,#7902,#7903,#7904,#7905,#7906,
#7907,#7908,#7909,#7910,#7911),.UNSPECIFIED.,.T.,.F.,(4,1,1,1,1,1,1,1,1,
1,1,1,1,1,1,1,1,1,1,1,4),(-0.429729470622005,-0.399034508434719,-0.368339546247433,
-0.337644584060147,-0.306949621872861,-0.299275881326039,-0.291602140779218,
-0.276254659685575,-0.260907178591932,-0.245559697498289,-0.184169773123716,
-0.176496032576895,-0.168822292030073,-0.15347481093643,-0.138127329842787,
-0.122779848749144,-0.0767374054682152,-0.0690636649213937,-0.0613899243745721,
-0.0306949621872861,0.),.UNSPECIFIED.);
#241=B_SPLINE_CURVE_WITH_KNOTS('',3,(#7913,#7914,#7915,#7916,#7917,#7918,
#7919,#7920,#7921,#7922,#7923,#7924,#7925,#7926),.UNSPECIFIED.,.T.,.F.,
(4,1,1,1,1,1,1,1,1,1,1,4),(-0.418240365061044,-0.388366053270969,-0.358491741480895,
-0.32861742969082,-0.298743117900746,-0.283805962005708,-0.238994494320597,
-0.179245870740447,-0.119497247160298,-0.0597486235801491,-0.0298743117900746,
0.),.UNSPECIFIED.);
#242=B_SPLINE_CURVE_WITH_KNOTS('',3,(#8058,#8059,#8060,#8061,#8062,#8063,
#8064,#8065,#8066,#8067,#8068,#8069,#8070),.UNSPECIFIED.,.F.,.F.,(4,1,2,
2,2,2,4),(0.,0.0269459200535615,0.053891840107123,0.084545172448323,0.115198504789523,
0.149898277456648,0.1831845628875),.UNSPECIFIED.);
#243=B_SPLINE_CURVE_WITH_KNOTS('',3,(#8071,#8072,#8073,#8074,#8075,#8076,
#8077,#8078,#8079,#8080,#8081,#8082,#8083,#8084,#8085,#8086,#8087,#8088,
#8089,#8090,#8091,#8092),.UNSPECIFIED.,.F.,.F.,(4,2,2,2,1,2,2,2,2,2,1,4),
(0.1831845628875,0.184598050123773,0.216237139291564,0.247876228459355,
0.274273074837377,0.3006699212154,0.335417770045348,0.370165618875296,0.404406794503556,
0.438647970131816,0.465678194803076,0.492708419474337),.UNSPECIFIED.);
#244=B_SPLINE_CURVE_WITH_KNOTS('',3,(#8156,#8157,#8158,#8159,#8160,#8161,
#8162,#8163),.UNSPECIFIED.,.F.,.F.,(4,1,1,1,1,4),(0.,0.0298743117900746,
0.0597486235801491,0.119497247160298,0.179245870740447,0.197241620967561),
 .UNSPECIFIED.);
#245=B_SPLINE_CURVE_WITH_KNOTS('',3,(#8164,#8165,#8166,#8167,#8168,#8169,
#8170,#8171,#8172,#8173),.UNSPECIFIED.,.F.,.F.,(4,1,1,1,1,1,1,4),(0.197241620967561,
0.238994494320597,0.283805962005708,0.298743117900746,0.32861742969082,
0.358491741480895,0.388366053270969,0.418240365061044),.UNSPECIFIED.);
#246=B_SPLINE_CURVE_WITH_KNOTS('',3,(#8273,#8274,#8275,#8276),
 .UNSPECIFIED.,.F.,.F.,(4,4),(0.,0.00391346999691955),.UNSPECIFIED.);
#247=B_SPLINE_CURVE_WITH_KNOTS('',3,(#8277,#8278,#8279,#8280,#8281,#8282,
#8283,#8284,#8285,#8286,#8287,#8288,#8289,#8290,#8291,#8292,#8293,#8294,
#8295,#8296,#8297,#8298,#8299),.UNSPECIFIED.,.F.,.F.,(4,1,1,1,1,1,1,1,1,
1,1,1,1,1,1,1,1,1,1,1,4),(0.00391346999691955,0.0306949621872861,0.0613899243745721,
0.0690636649213937,0.0767374054682152,0.122779848749144,0.138127329842787,
0.15347481093643,0.168822292030073,0.176496032576895,0.184169773123716,
0.245559697498289,0.260907178591932,0.276254659685575,0.291602140779218,
0.299275881326039,0.306949621872861,0.337644584060147,0.368339546247433,
0.399034508434719,0.429729470622005),.UNSPECIFIED.);
#248=B_SPLINE_CURVE_WITH_KNOTS('',3,(#8346,#8347,#8348,#8349,#8350,#8351,
#8352,#8353,#8354,#8355),.UNSPECIFIED.,.F.,.F.,(4,2,2,2,4),(0.,0.00746107540492018,
0.0149221508098404,0.0240787498669891,0.0332353489241379),.UNSPECIFIED.);
#249=B_SPLINE_CURVE_WITH_KNOTS('',3,(#8358,#8359,#8360,#8361,#8362,#8363),
 .UNSPECIFIED.,.F.,.F.,(4,2,4),(0.13968867320763,0.172390612582892,0.205092551958154),
 .UNSPECIFIED.);
#250=B_SPLINE_CURVE_WITH_KNOTS('',3,(#8390,#8391,#8392,#8393,#8394,#8395),
 .UNSPECIFIED.,.F.,.F.,(4,2,4),(0.,0.0327019393752618,0.0654038787505237),
 .UNSPECIFIED.);
#251=B_SPLINE_CURVE_WITH_KNOTS('',3,(#8397,#8398,#8399,#8400,#8401,#8402,
#8403,#8404,#8405,#8406),.UNSPECIFIED.,.F.,.F.,(4,2,2,2,4),(0.0335970338336034,
0.0427536328907522,0.051910231947901,0.0593713073528212,0.0668323827577413),
 .UNSPECIFIED.);
#252=B_SPLINE_CURVE_WITH_KNOTS('',3,(#8411,#8412,#8413,#8414,#8415,#8416),
 .UNSPECIFIED.,.F.,.F.,(4,2,4),(0.,0.0327019393752618,0.0654038787505237),
 .UNSPECIFIED.);
#253=B_SPLINE_CURVE_WITH_KNOTS('',3,(#8420,#8421,#8422,#8423,#8424,#8425,
#8426,#8427,#8428,#8429),.UNSPECIFIED.,.F.,.F.,(4,2,2,2,4),(0.0335970338336035,
0.0427536328907522,0.051910231947901,0.0593713073528212,0.0668323827577414),
 .UNSPECIFIED.);
#254=B_SPLINE_CURVE_WITH_KNOTS('',3,(#8454,#8455,#8456,#8457,#8458,#8459,
#8460,#8461,#8462,#8463),.UNSPECIFIED.,.F.,.F.,(4,2,2,2,4),(0.,0.00746107540492018,
0.0149221508098404,0.0240787498669891,0.0332353489241379),.UNSPECIFIED.);
#255=B_SPLINE_CURVE_WITH_KNOTS('',3,(#8464,#8465,#8466,#8467,#8468,#8469),
 .UNSPECIFIED.,.F.,.F.,(4,2,4),(0.139678691550697,0.172380630925959,0.205082570301221),
 .UNSPECIFIED.);
#256=B_SPLINE_CURVE_WITH_KNOTS('',3,(#8471,#8472,#8473,#8474,#8475,#8476,
#8477,#8478,#8479,#8480),.UNSPECIFIED.,.F.,.F.,(4,2,2,2,4),(0.,0.0548847725996655,
0.110707195042862,0.167900571360422,0.226703709919102),.UNSPECIFIED.);
#257=B_SPLINE_CURVE_WITH_KNOTS('',3,(#8485,#8486,#8487,#8488,#8489,#8490,
#8491,#8492,#8493,#8494),.UNSPECIFIED.,.F.,.F.,(4,2,2,2,4),(-0.222315801458814,
-0.166657531010098,-0.111058221803641,-0.05551094438544,0.),
 .UNSPECIFIED.);
#258=B_SPLINE_CURVE_WITH_KNOTS('',3,(#8514,#8515,#8516,#8517,#8518,#8519,
#8520,#8521,#8522,#8523,#8524,#8525,#8526,#8527),.UNSPECIFIED.,.F.,.F.,
(4,2,2,2,2,2,4),(-0.237508104114281,-0.236890339495744,-0.206092838201489,
-0.17533253214672,-0.116374374738422,-0.0580382580081403,0.),
 .UNSPECIFIED.);
#259=B_SPLINE_CURVE_WITH_KNOTS('',3,(#8529,#8530,#8531,#8532,#8533,#8534,
#8535,#8536,#8537,#8538),.UNSPECIFIED.,.F.,.F.,(4,2,2,2,4),(0.,0.0555109443854401,
0.111058221803641,0.166657531010098,0.222315801458814),.UNSPECIFIED.);
#260=B_SPLINE_CURVE_WITH_KNOTS('',3,(#8547,#8548,#8549,#8550,#8551,#8552,
#8553,#8554,#8555,#8556),.UNSPECIFIED.,.F.,.F.,(4,2,2,2,4),(-0.226703709919102,
-0.167900571360422,-0.110707195042862,-0.0548847725996655,0.),
 .UNSPECIFIED.);
#261=B_SPLINE_CURVE_WITH_KNOTS('',3,(#8559,#8560,#8561,#8562,#8563,#8564,
#8565,#8566,#8567,#8568,#8569,#8570,#8571,#8572),.UNSPECIFIED.,.F.,.F.,
(4,2,2,2,2,2,4),(-0.000618028080147571,0.,0.0308106356807304,0.0615840602591081,
0.120567361889918,0.178928357557466,0.236991367473359),.UNSPECIFIED.);
#262=B_SPLINE_CURVE_WITH_KNOTS('',3,(#8586,#8587,#8588,#8589,#8590,#8591,
#8592,#8593,#8594,#8595,#8596,#8597,#8598,#8599),.UNSPECIFIED.,.F.,.F.,
(4,2,2,2,2,2,4),(-0.237508104114307,-0.236890339495749,-0.206092838201509,
-0.175332532146735,-0.11637437473843,-0.0580382580081421,0.),
 .UNSPECIFIED.);
#263=B_SPLINE_CURVE_WITH_KNOTS('',3,(#8791,#8792,#8793,#8794,#8795,#8796,
#8797,#8798,#8799,#8800,#8801,#8802),.UNSPECIFIED.,.F.,.F.,(4,2,2,2,2,4),
(-0.125195650751704,-0.11909830157997,-0.0843309240506649,-0.049067596092403,
-0.0226582898078834,0.),.UNSPECIFIED.);
#264=B_SPLINE_CURVE_WITH_KNOTS('',3,(#8804,#8805,#8806,#8807,#8808,#8809,
#8810,#8811,#8812,#8813,#8814,#8815,#8816,#8817,#8818,#8819,#8820,#8821,
#8822,#8823,#8824,#8825,#8826,#8827,#8828,#8829,#8830,#8831,#8832,#8833,
#8834,#8835,#8836,#8837,#8838,#8839),.UNSPECIFIED.,.F.,.F.,(4,2,1,1,1,1,
1,1,1,1,1,1,1,1,1,1,1,1,1,1,1,1,1,1,1,1,1,1,1,1,1,1,4),(-0.000374627849405863,
0.,0.00204417503672343,0.00408835007344686,0.00817670014689373,0.0163534002937875,
0.0327068005875749,0.0654136011751498,0.0981204017627247,0.1308272023503,
0.15263173607535,0.1744362698004,0.196240803525449,0.218045337250499,0.239849870975549,
0.261654404700599,0.278007804994387,0.294361205288174,0.302537905435068,
0.310714605581962,0.312758780618685,0.313780868137047,0.314802955655409,
0.318891305728855,0.322979655802302,0.325023830839026,0.326045918357387,
0.326556962116568,0.326812483996159,0.326940244935954,0.327004125405851,
0.3270360656408,0.327068005875749),.UNSPECIFIED.);
#265=B_SPLINE_CURVE_WITH_KNOTS('',3,(#8842,#8843,#8844,#8845,#8846,#8847,
#8848,#8849,#8850,#8851,#8852,#8853,#8854,#8855,#8856,#8857,#8858,#8859,
#8860,#8861,#8862,#8863,#8864,#8865,#8866,#8867,#8868,#8869,#8870,#8871,
#8872,#8873,#8874,#8875,#8876,#8877,#8878,#8879),.UNSPECIFIED.,.F.,.F.,
(4,1,1,1,1,1,1,1,1,1,1,1,1,1,1,1,1,1,1,1,1,1,1,1,1,1,1,1,1,1,1,2,1,1,4),
(-0.327068005875749,-0.3270360656408,-0.327004125405851,-0.326940244935954,
-0.326812483996159,-0.326556962116568,-0.326045918357387,-0.325023830839026,
-0.322979655802302,-0.318891305728855,-0.314802955655409,-0.313780868137047,
-0.312758780618685,-0.310714605581962,-0.302537905435068,-0.294361205288174,
-0.278007804994387,-0.261654404700599,-0.239849870975549,-0.218045337250499,
-0.196240803525449,-0.1744362698004,-0.15263173607535,-0.1308272023503,
-0.0981204017627247,-0.0654136011751498,-0.0327068005875749,-0.0163534002937875,
-0.00817670014689373,-0.00408835007344686,-0.00204417503672343,0.,0.0122577204040596,
0.0245154408081191,0.0395234753659278),.UNSPECIFIED.);
#266=B_SPLINE_CURVE_WITH_KNOTS('',3,(#9082,#9083,#9084,#9085,#9086,#9087,
#9088,#9089,#9090,#9091,#9092,#9093,#9094,#9095,#9096,#9097,#9098,#9099,
#9100,#9101,#9102,#9103,#9104,#9105,#9106,#9107,#9108,#9109,#9110,#9111,
#9112,#9113,#9114,#9115,#9116,#9117,#9118,#9119),.UNSPECIFIED.,.F.,.F.,
(4,1,1,1,1,2,1,1,1,1,1,1,1,1,1,1,1,1,1,1,1,1,1,1,1,1,1,1,1,1,1,1,1,1,4),
(-0.366591449997464,-0.3515834132946,-0.339325709585174,-0.333196857730461,
-0.330132431803105,-0.327068005875748,-0.325023830839025,-0.322979655802301,
-0.318891305728855,-0.310714605581961,-0.294361205288173,-0.261654404700599,
-0.228947604113024,-0.196240803525449,-0.174436269800399,-0.152631736075349,
-0.130827202350299,-0.109022668625249,-0.0872181349001995,-0.0654136011751497,
-0.0327068005875748,-0.0163534002937874,-0.014309225257064,-0.0132871377387023,
-0.0122650502203406,-0.00817670014689371,-0.00408835007344685,-0.00204417503672343,
-0.00102208751836171,-0.000511043759180857,-0.000255521879590428,-0.000127760939795214,
-6.38804698976071E-5,-3.19402349488035E-5,0.),.UNSPECIFIED.);
#267=B_SPLINE_CURVE_WITH_KNOTS('',3,(#9120,#9121,#9122,#9123,#9124,#9125,
#9126,#9127,#9128,#9129,#9130,#9131,#9132,#9133,#9134,#9135,#9136,#9137,
#9138,#9139,#9140,#9141,#9142,#9143,#9144,#9145,#9146,#9147,#9148,#9149,
#9150,#9151,#9152,#9153),.UNSPECIFIED.,.F.,.F.,(4,1,1,1,1,1,1,1,1,1,1,1,
1,1,1,1,1,1,1,1,1,1,1,1,1,1,1,1,1,2,4),(0.,3.19402349488035E-5,6.38804698976071E-5,
0.000127760939795214,0.000255521879590428,0.000511043759180857,0.00102208751836171,
0.00204417503672343,0.00408835007344685,0.00817670014689371,0.0122650502203406,
0.0132871377387023,0.014309225257064,0.0163534002937874,0.0327068005875748,
0.0654136011751497,0.0872181349001995,0.109022668625249,0.130827202350299,
0.152631736075349,0.174436269800399,0.196240803525449,0.228947604113024,
0.261654404700599,0.294361205288173,0.310714605581961,0.318891305728855,
0.322979655802301,0.325023830839025,0.327068005875748,0.327279246573716),
 .UNSPECIFIED.);
#268=B_SPLINE_CURVE_WITH_KNOTS('',3,(#9192,#9193,#9194,#9195,#9196,#9197,
#9198,#9199,#9200,#9201,#9202,#9203,#9204,#9205,#9206,#9207,#9208,#9209,
#9210,#9211,#9212,#9213,#9214,#9215,#9216,#9217,#9218,#9219,#9220,#9221,
#9222,#9223,#9224,#9225,#9226,#9227,#9228,#9229,#9230,#9231,#9232,#9233,
#9234,#9235,#9236,#9237,#9238,#9239,#9240,#9241,#9242,#9243,#9244,#9245,
#9246,#9247,#9248,#9249),.UNSPECIFIED.,.F.,.F.,(4,3,3,3,3,3,3,3,3,3,3,3,
3,3,3,3,3,3,3,4),(0.,0.00801349864627109,0.0163238028545676,0.0250093453427852,
0.0341958193890784,0.0443051851720156,0.0549835735652218,0.0664437790471314,
0.0790538828177374,0.0930772149659466,0.108144496692499,0.121484718530439,
0.13314171415645,0.143833207026115,0.153887671466407,0.163360471150978,
0.171892143294373,0.18010214314486,0.187942210334504,0.191778870204691),
 .UNSPECIFIED.);
#269=B_SPLINE_CURVE_WITH_KNOTS('',3,(#9253,#9254,#9255,#9256,#9257,#9258,
#9259,#9260,#9261,#9262,#9263,#9264,#9265,#9266,#9267,#9268,#9269,#9270,
#9271,#9272,#9273,#9274,#9275,#9276,#9277,#9278,#9279,#9280,#9281,#9282,
#9283,#9284,#9285,#9286,#9287,#9288,#9289,#9290,#9291,#9292,#9293,#9294),
 .UNSPECIFIED.,.F.,.F.,(4,2,2,2,2,2,2,2,2,2,2,2,2,2,2,2,2,2,2,2,4),(0.,
0.0472340414229833,0.0914578994438058,0.122523403108719,0.146589121835409,
0.171107535266531,0.203931968100541,0.24843748749285,0.291750189728122,
0.339664469143979,0.391533982284919,0.441277797907757,0.480183102937323,
0.500513566473427,0.516390193666847,0.534621765081916,0.567006595325583,
0.60719671664367,0.656202688977991,0.693203927574043,0.696028613685975),
 .UNSPECIFIED.);
#270=B_SPLINE_CURVE_WITH_KNOTS('',3,(#9295,#9296,#9297,#9298,#9299,#9300,
#9301),.UNSPECIFIED.,.F.,.F.,(4,3,4),(0.696028613685975,0.718242587264587,
0.731424338130704),.UNSPECIFIED.);
#271=B_SPLINE_CURVE_WITH_KNOTS('',3,(#9325,#9326,#9327,#9328,#9329,#9330,
#9331,#9332,#9333,#9334,#9335,#9336,#9337,#9338,#9339,#9340,#9341,#9342,
#9343,#9344,#9345,#9346,#9347,#9348,#9349,#9350,#9351,#9352,#9353,#9354,
#9355,#9356,#9357,#9358,#9359,#9360,#9361,#9362,#9363,#9364,#9365,#9366,
#9367,#9368,#9369,#9370,#9371,#9372,#9373,#9374,#9375,#9376,#9377,#9378,
#9379,#9380,#9381,#9382),.UNSPECIFIED.,.F.,.F.,(4,3,3,3,3,3,3,3,3,3,3,3,
3,3,3,3,3,3,3,4),(0.,0.00648596937837425,0.0132240070632767,0.0202851164342685,
0.02778708803282,0.0361666402389728,0.0451176752544849,0.0549161366943633,
0.0661131255523731,0.0786601559612118,0.090062935614912,0.10030537554451,
0.109641183398714,0.11837365220297,0.126671937278564,0.134639373709471,
0.14181439651392,0.148734442000749,0.155357345814496,0.158541683002193),
 .UNSPECIFIED.);
#272=B_SPLINE_CURVE_WITH_KNOTS('',3,(#9385,#9386,#9387,#9388,#9389,#9390,
#9391,#9392,#9393,#9394,#9395,#9396,#9397,#9398,#9399,#9400,#9401,#9402,
#9403,#9404,#9405,#9406,#9407,#9408,#9409,#9410,#9411,#9412,#9413,#9414,
#9415,#9416,#9417,#9418,#9419,#9420,#9421,#9422,#9423,#9424,#9425,#9426,
#9427,#9428,#9429,#9430,#9431,#9432,#9433,#9434,#9435,#9436,#9437,#9438,
#9439,#9440,#9441,#9442,#9443,#9444,#9445,#9446,#9447,#9448,#9449,#9450,
#9451,#9452,#9453,#9454,#9455,#9456,#9457,#9458,#9459,#9460,#9461,#9462,
#9463,#9464,#9465,#9466,#9467,#9468,#9469,#9470,#9471,#9472,#9473,#9474,
#9475,#9476,#9477,#9478,#9479,#9480,#9481,#9482,#9483,#9484,#9485,#9486,
#9487,#9488,#9489,#9490,#9491,#9492,#9493,#9494,#9495,#9496,#9497,#9498,
#9499,#9500,#9501,#9502,#9503,#9504,#9505,#9506,#9507,#9508,#9509,#9510,
#9511,#9512,#9513,#9514,#9515,#9516,#9517,#9518,#9519,#9520,#9521,#9522,
#9523,#9524,#9525,#9526,#9527,#9528,#9529,#9530,#9531,#9532,#9533,#9534,
#9535,#9536,#9537,#9538,#9539,#9540,#9541),.UNSPECIFIED.,.F.,.F.,(4,3,3,
3,3,3,3,3,3,3,3,3,3,3,3,3,3,3,3,3,3,3,3,3,3,3,3,3,3,3,3,3,3,3,3,3,3,3,3,
3,3,3,3,3,3,3,3,3,3,3,3,3,4),(0.,0.0152412378185256,0.0300515963830062,
0.0446005498868437,0.0525486908349604,0.0649585880706629,0.077667944322885,
0.0915580334655903,0.0975349750548158,0.118717638746377,0.126005717208512,
0.137263582102582,0.143371987232176,0.15423086332307,0.159485341144275,
0.171930292285977,0.181589713886697,0.197509492988033,0.210769144125821,
0.222984364843143,0.225860261017885,0.239601994721659,0.253267672426772,
0.267122827696079,0.271696014292316,0.288462224181819,0.307017355827813,
0.323880842424716,0.349313238738545,0.369250077392566,0.374745635052374,
0.391319700687694,0.40742758533798,0.421365238315658,0.437499307196288,
0.454224952903515,0.465367923410023,0.483472971112211,0.494506073063379,
0.509398104009825,0.51818990092113,0.533835263336268,0.543517573186175,
0.567186340397654,0.579025659014473,0.595510996852586,0.611177660160644,
0.618708420169913,0.63527901794083,0.652758114583079,0.662357097598905,
0.685358315688616,0.692921974156591),.UNSPECIFIED.);
#273=B_SPLINE_CURVE_WITH_KNOTS('',3,(#9542,#9543,#9544,#9545,#9546,#9547,
#9548,#9549,#9550,#9551),.UNSPECIFIED.,.F.,.F.,(4,3,3,4),(0.692921974156591,
0.697452997272946,0.717230971219704,0.731978601045734),.UNSPECIFIED.);
#274=B_SPLINE_CURVE_WITH_KNOTS('',3,(#9755,#9756,#9757,#9758,#9759,#9760,
#9761,#9762,#9763,#9764,#9765,#9766,#9767,#9768,#9769,#9770,#9771,#9772,
#9773,#9774,#9775,#9776,#9777,#9778,#9779,#9780,#9781,#9782,#9783,#9784,
#9785,#9786,#9787,#9788,#9789,#9790,#9791,#9792),.UNSPECIFIED.,.F.,.F.,
(4,1,1,1,1,2,1,1,1,1,1,1,1,1,1,1,1,1,1,1,1,1,1,1,1,1,1,1,1,1,1,1,1,1,4),
(-0.366591480146735,-0.351583446683868,-0.339325726279808,-0.333196866077778,
-0.330132435976763,-0.327068005875748,-0.325023830839025,-0.322979655802301,
-0.318891305728855,-0.310714605581961,-0.294361205288174,-0.261654404700599,
-0.228947604113024,-0.196240803525449,-0.174436269800399,-0.152631736075349,
-0.130827202350299,-0.109022668625249,-0.0872181349001996,-0.0654136011751497,
-0.0327068005875748,-0.0163534002937874,-0.014309225257064,-0.0132871377387023,
-0.0122650502203406,-0.00817670014689371,-0.00408835007344685,-0.00204417503672343,
-0.00102208751836171,-0.000511043759180857,-0.000255521879590428,-0.000127760939795214,
-6.38804698976071E-5,-3.19402349488036E-5,0.),.UNSPECIFIED.);
#275=B_SPLINE_CURVE_WITH_KNOTS('',3,(#9794,#9795,#9796,#9797,#9798,#9799,
#9800,#9801,#9802,#9803,#9804,#9805,#9806,#9807,#9808,#9809,#9810,#9811,
#9812,#9813,#9814,#9815,#9816,#9817,#9818,#9819,#9820,#9821,#9822,#9823,
#9824,#9825,#9826,#9827),.UNSPECIFIED.,.F.,.F.,(4,1,1,1,1,1,1,1,1,1,1,1,
1,1,1,1,1,1,1,1,1,1,1,1,1,1,1,1,1,2,4),(0.,3.19402349488036E-5,6.38804698976071E-5,
0.000127760939795214,0.000255521879590428,0.000511043759180857,0.00102208751836171,
0.00204417503672343,0.00408835007344685,0.00817670014689371,0.0122650502203406,
0.0132871377387023,0.014309225257064,0.0163534002937874,0.0327068005875748,
0.0654136011751497,0.0872181349001996,0.109022668625249,0.130827202350299,
0.152631736075349,0.174436269800399,0.196240803525449,0.228947604113024,
0.261654404700599,0.294361205288174,0.310714605581961,0.318891305728855,
0.322979655802301,0.325023830839025,0.327068005875748,0.32727881015278),
 .UNSPECIFIED.);
#276=B_SPLINE_CURVE_WITH_KNOTS('',3,(#9828,#9829,#9830,#9831,#9832,#9833,
#9834,#9835,#9836,#9837,#9838,#9839),.UNSPECIFIED.,.F.,.F.,(4,2,2,2,2,4),
(-0.156440886416993,-0.133558192640141,-0.106881007779774,-0.071260909500871,
-0.0361328063518939,-0.0299668763456269),.UNSPECIFIED.);
#277=B_SPLINE_CURVE_WITH_KNOTS('',3,(#10051,#10052,#10053,#10054,#10055,
#10056,#10057,#10058,#10059,#10060,#10061,#10062,#10063,#10064,#10065,#10066,
#10067,#10068,#10069,#10070,#10071,#10072,#10073,#10074,#10075,#10076,#10077,
#10078,#10079,#10080,#10081,#10082,#10083,#10084,#10085,#10086,#10087,#10088,
#10089,#10090),.UNSPECIFIED.,.F.,.F.,(4,2,1,1,1,1,1,1,1,1,1,1,1,1,1,1,1,
1,1,1,1,1,1,1,1,1,1,1,1,1,1,1,1,1,1,1,4),(-0.000208026998432935,0.,0.00102208751836171,
0.00408835007344685,0.00817670014689369,0.0163534002937874,0.0327068005875748,
0.0490602008813622,0.0654136011751495,0.0817670014689369,0.0981204017627243,
0.114473802056512,0.130827202350299,0.147180602644087,0.163534002937874,
0.179887403231661,0.196240803525449,0.212594203819236,0.228947604113023,
0.239849870975548,0.261654404700598,0.278007804994386,0.294361205288173,
0.31071460558196,0.312758780618684,0.314802955655407,0.318891305728854,
0.322979655802301,0.324001743320663,0.325023830839024,0.326045918357386,
0.326556962116567,0.326812483996157,0.326940244935953,0.32700412540585,
0.327036065640799,0.327068005875748),.UNSPECIFIED.);
#278=B_SPLINE_CURVE_WITH_KNOTS('',3,(#10093,#10094,#10095,#10096,#10097,
#10098,#10099,#10100,#10101,#10102,#10103,#10104,#10105,#10106,#10107,#10108,
#10109,#10110,#10111,#10112,#10113,#10114,#10115,#10116,#10117,#10118,#10119,
#10120,#10121,#10122,#10123,#10124,#10125,#10126,#10127,#10128,#10129,#10130,
#10131,#10132,#10133,#10134),.UNSPECIFIED.,.F.,.F.,(4,1,1,1,1,1,1,1,1,1,
1,1,1,1,1,1,1,1,1,1,1,1,1,1,1,1,1,1,1,1,1,1,1,1,1,2,1,1,4),(-0.327068005875748,
-0.327036065640799,-0.32700412540585,-0.326940244935953,-0.326812483996157,
-0.326556962116567,-0.326045918357386,-0.325023830839024,-0.324001743320663,
-0.322979655802301,-0.318891305728854,-0.314802955655407,-0.312758780618684,
-0.31071460558196,-0.294361205288173,-0.278007804994386,-0.261654404700598,
-0.239849870975548,-0.228947604113023,-0.212594203819236,-0.196240803525449,
-0.179887403231661,-0.163534002937874,-0.147180602644087,-0.130827202350299,
-0.114473802056512,-0.0981204017627243,-0.0817670014689369,-0.0654136011751495,
-0.0490602008813622,-0.0327068005875748,-0.0163534002937874,-0.00817670014689369,
-0.00408835007344685,-0.00102208751836171,0.,0.0245154074188514,0.0367731111282772,
0.0395234430328132),.UNSPECIFIED.);
#279=B_SPLINE_CURVE_WITH_KNOTS('',3,(#10174,#10175,#10176,#10177,#10178,
#10179,#10180,#10181,#10182,#10183,#10184,#10185,#10186,#10187,#10188,#10189,
#10190,#10191,#10192,#10193,#10194,#10195,#10196,#10197,#10198,#10199,#10200,
#10201,#10202,#10203,#10204,#10205,#10206,#10207,#10208,#10209,#10210,#10211,
#10212,#10213,#10214,#10215,#10216,#10217,#10218,#10219,#10220,#10221,#10222,
#10223,#10224,#10225,#10226,#10227,#10228,#10229,#10230,#10231),
 .UNSPECIFIED.,.F.,.F.,(4,3,3,3,3,3,3,3,3,3,3,3,3,3,3,3,3,3,3,4),(0.,0.00801349864628796,
0.0163238028546018,0.0250093453428374,0.0341958193891512,0.0443051851721036,
0.0549835735653325,0.0664437790472642,0.079053882817918,0.09307721496616,
0.108144496692717,0.121484718530682,0.133141714156718,0.143833207026402,
0.153887671466714,0.163360471151307,0.171892143294719,0.180102143145225,
0.187942210334885,0.191778870205086),.UNSPECIFIED.);
#280=B_SPLINE_CURVE_WITH_KNOTS('',3,(#10236,#10237,#10238,#10239,#10240,
#10241,#10242),.UNSPECIFIED.,.F.,.F.,(4,3,4),(0.,0.0191678428750444,0.0391160760742603),
 .UNSPECIFIED.);
#281=B_SPLINE_CURVE_WITH_KNOTS('',3,(#10243,#10244,#10245,#10246,#10247,
#10248,#10249,#10250,#10251,#10252,#10253,#10254,#10255,#10256,#10257,#10258,
#10259,#10260,#10261,#10262,#10263,#10264,#10265,#10266,#10267,#10268,#10269,
#10270,#10271,#10272,#10273,#10274,#10275,#10276,#10277,#10278,#10279,#10280,
#10281,#10282,#10283,#10284),.UNSPECIFIED.,.F.,.F.,(4,2,2,2,2,2,2,2,2,2,
2,2,2,2,2,2,2,2,2,2,4),(0.0391160760742603,0.0531595397767686,0.102289515456945,
0.147204480929841,0.183957800099549,0.210216488060801,0.23371702152826,
0.261391300783275,0.303552338917654,0.3448258076367,0.390514791283062,0.440634971106301,
0.493040802046221,0.538875070843161,0.566171814893801,0.583273060239978,
0.599484837077324,0.622270121323446,0.666950980184612,0.699795563462688,
0.731725679511667),.UNSPECIFIED.);
#282=B_SPLINE_CURVE_WITH_KNOTS('',3,(#10312,#10313,#10314,#10315,#10316,
#10317,#10318,#10319,#10320,#10321,#10322,#10323,#10324,#10325,#10326,#10327,
#10328,#10329,#10330,#10331,#10332,#10333,#10334,#10335,#10336,#10337,#10338,
#10339,#10340,#10341,#10342,#10343,#10344,#10345,#10346,#10347,#10348,#10349,
#10350,#10351,#10352,#10353,#10354,#10355,#10356,#10357,#10358,#10359,#10360,
#10361,#10362,#10363,#10364,#10365,#10366,#10367,#10368,#10369),
 .UNSPECIFIED.,.F.,.F.,(4,3,3,3,3,3,3,3,3,3,3,3,3,3,3,3,3,3,3,4),(0.,0.00648596937838406,
0.0132240070632969,0.0202851164343002,0.0277870880328578,0.0361666402390206,
0.0451176752545456,0.054916136694439,0.066113125552479,0.0786601559613187,
0.090062935615062,0.100305375544679,0.109641183398894,0.118373652203163,
0.126671937278752,0.134639373709671,0.14181439651413,0.148734442000968,
0.155357345814725,0.158541683002426),.UNSPECIFIED.);
#283=B_SPLINE_CURVE_WITH_KNOTS('',3,(#10372,#10373,#10374,#10375,#10376,
#10377,#10378),.UNSPECIFIED.,.F.,.F.,(4,3,4),(0.,0.0210695634253233,0.0354220468670112),
 .UNSPECIFIED.);
#284=B_SPLINE_CURVE_WITH_KNOTS('',3,(#10379,#10380,#10381,#10382,#10383,
#10384,#10385,#10386,#10387,#10388,#10389,#10390,#10391,#10392,#10393,#10394,
#10395,#10396,#10397,#10398,#10399,#10400,#10401,#10402,#10403,#10404,#10405,
#10406,#10407,#10408,#10409,#10410,#10411,#10412,#10413,#10414,#10415,#10416,
#10417,#10418,#10419,#10420),.UNSPECIFIED.,.F.,.F.,(4,2,2,2,2,2,2,2,2,2,
2,2,2,2,2,2,2,2,2,2,4),(0.0354220468670112,0.0477465128119682,0.0994848459286641,
0.149533993008441,0.189471019527235,0.210081483659281,0.225983813188978,
0.244037977627646,0.275647541387939,0.315451876513,0.364160210219613,0.417203248321952,
0.466537517408278,0.511631605212731,0.549271832242095,0.575851179489428,
0.599308908234711,0.626550040034639,0.66759673299313,0.700577778536232,
0.731317362159733),.UNSPECIFIED.);
#285=B_SPLINE_CURVE_WITH_KNOTS('',3,(#10511,#10512,#10513,#10514,#10515,
#10516,#10517,#10518,#10519,#10520,#10521,#10522,#10523,#10524,#10525,#10526,
#10527,#10528,#10529,#10530,#10531,#10532,#10533,#10534,#10535,#10536,#10537,
#10538,#10539,#10540,#10541,#10542,#10543,#10544),.UNSPECIFIED.,.F.,.F.,
(4,3,3,3,3,3,3,3,3,3,3,4),(0.,0.0047420390281368,0.00936844072208681,0.0141793111420192,
0.0189220250472723,0.0198969720851801,0.0245401204140116,0.0289010290400979,
0.0336598677393873,0.0346901799419539,0.0395242189920688,0.0405381955721361),
 .UNSPECIFIED.);
#286=B_SPLINE_CURVE_WITH_KNOTS('',3,(#10546,#10547,#10548,#10549,#10550,
#10551,#10552,#10553,#10554,#10555,#10556,#10557,#10558),.UNSPECIFIED.,
 .F.,.F.,(4,3,3,3,4),(0.481241006434805,0.552508896090597,0.633191872523821,
0.740769174434786,0.83714016211635),.UNSPECIFIED.);
#287=B_SPLINE_CURVE_WITH_KNOTS('',3,(#10559,#10560,#10561,#10562),
 .UNSPECIFIED.,.F.,.F.,(4,4),(0.83714016211635,0.848346476345751),
 .UNSPECIFIED.);
#288=B_SPLINE_CURVE_WITH_KNOTS('',3,(#10611,#10612,#10613,#10614,#10615,
#10616,#10617,#10618,#10619),.UNSPECIFIED.,.F.,.F.,(4,1,1,1,1,1,4),(-0.241028534315969,
-0.206595886556545,-0.172163238797121,-0.137730591037697,-0.103297943278272,
-0.0516489716391362,-4.96978363921559E-17),.UNSPECIFIED.);
#289=B_SPLINE_CURVE_WITH_KNOTS('',3,(#10620,#10621,#10622,#10623,#10624,
#10625,#10626,#10627,#10628),.UNSPECIFIED.,.F.,.F.,(4,1,1,1,1,1,4),(4.96978363921559E-17,
0.0516489716391362,0.103297943278272,0.137730591037697,0.172163238797121,
0.206595886556545,0.241028534315969),.UNSPECIFIED.);
#290=B_SPLINE_CURVE_WITH_KNOTS('',3,(#10701,#10702,#10703,#10704,#10705,
#10706,#10707,#10708,#10709),.UNSPECIFIED.,.F.,.F.,(4,1,1,1,1,1,4),(-0.241027110259372,
-0.189378443775221,-0.13772977729107,-0.103297332968302,-0.068864888645535,
-0.0344324443227676,-3.08090162643778E-16),.UNSPECIFIED.);
#291=B_SPLINE_CURVE_WITH_KNOTS('',3,(#10710,#10711,#10712,#10713,#10714,
#10715,#10716,#10717,#10718),.UNSPECIFIED.,.F.,.F.,(4,1,1,1,1,1,4),(3.08090162643778E-16,
0.0344324443227676,0.068864888645535,0.103297332968302,0.13772977729107,
0.189378443775221,0.241027110259372),.UNSPECIFIED.);
#292=B_SPLINE_CURVE_WITH_KNOTS('',3,(#10755,#10756,#10757,#10758,#10759,
#10760,#10761,#10762,#10763,#10764,#10765,#10766,#10767,#10768,#10769,#10770,
#10771,#10772,#10773,#10774,#10775,#10776,#10777,#10778,#10779,#10780,#10781,
#10782,#10783,#10784,#10785,#10786,#10787,#10788),.UNSPECIFIED.,.F.,.F.,
(4,3,3,3,3,3,3,3,3,3,3,4),(0.,0.00481701169814266,0.00958589761492884,0.0109704016934952,
0.0158439679926458,0.0203768884053509,0.0207175342917963,0.0213698467822642,
0.0262828375647472,0.0311958283472303,0.0359521243557185,0.0406721589848248),
 .UNSPECIFIED.);
#293=B_SPLINE_CURVE_WITH_KNOTS('',3,(#10790,#10791,#10792,#10793),
 .UNSPECIFIED.,.F.,.F.,(4,4),(0.848346476345751,0.859552790574981),
 .UNSPECIFIED.);
#294=B_SPLINE_CURVE_WITH_KNOTS('',3,(#10794,#10795,#10796,#10797,#10798,
#10799,#10800),.UNSPECIFIED.,.F.,.F.,(4,1,1,1,4),(0.859552790574981,0.929029452777735,
1.00971242920972,1.11728973111903,1.21545194801126),.UNSPECIFIED.);
#295=B_SPLINE_CURVE_WITH_KNOTS('',3,(#10829,#10830,#10831,#10832,#10833),
 .UNSPECIFIED.,.F.,.F.,(4,1,4),(0.454450103126011,0.455595168980021,0.45674023580896),
 .UNSPECIFIED.);
#296=ELLIPSE('',#4137,1.73205080756966,1.5);
#297=ELLIPSE('',#4142,1.73205080756966,1.5);
#298=ELLIPSE('',#4258,8.94924577827652,8.49);
#299=ELLIPSE('',#4307,8.94924577827651,8.49);
#300=ELLIPSE('',#4308,8.11651266109884,7.7);
#301=ELLIPSE('',#4310,8.11651266109884,7.7);
#302=ELLIPSE('',#4315,8.94924577827652,8.49);
#303=ELLIPSE('',#4316,8.11651266109884,7.7);
#304=ELLIPSE('',#4318,8.94924577827651,8.49);
#305=ELLIPSE('',#4319,8.11651266109884,7.7);
#306=ELLIPSE('',#4426,4.32177946889678,4.1);
#307=ELLIPSE('',#4428,4.32177946889679,4.1);
#308=ELLIPSE('',#4431,4.32177946889679,4.1);
#309=ELLIPSE('',#4433,4.32177946889678,4.1);
#310=ELLIPSE('',#4460,3.16227766016477,2.99999999999658);
#311=ELLIPSE('',#4462,3.16227766016477,2.99999999999658);
#312=ELLIPSE('',#4466,3.16227766016477,2.99999999999658);
#313=ELLIPSE('',#4469,3.16227766016477,2.99999999999658);
#314=PLANE('',#4136);
#315=PLANE('',#4141);
#316=PLANE('',#4143);
#317=PLANE('',#4146);
#318=PLANE('',#4149);
#319=PLANE('',#4158);
#320=PLANE('',#4159);
#321=PLANE('',#4161);
#322=PLANE('',#4163);
#323=PLANE('',#4166);
#324=PLANE('',#4170);
#325=PLANE('',#4177);
#326=PLANE('',#4178);
#327=PLANE('',#4181);
#328=PLANE('',#4182);
#329=PLANE('',#4183);
#330=PLANE('',#4184);
#331=PLANE('',#4185);
#332=PLANE('',#4186);
#333=PLANE('',#4187);
#334=PLANE('',#4188);
#335=PLANE('',#4189);
#336=PLANE('',#4190);
#337=PLANE('',#4191);
#338=PLANE('',#4192);
#339=PLANE('',#4193);
#340=PLANE('',#4194);
#341=PLANE('',#4195);
#342=PLANE('',#4196);
#343=PLANE('',#4197);
#344=PLANE('',#4198);
#345=PLANE('',#4199);
#346=PLANE('',#4200);
#347=PLANE('',#4201);
#348=PLANE('',#4202);
#349=PLANE('',#4203);
#350=PLANE('',#4240);
#351=PLANE('',#4253);
#352=PLANE('',#4260);
#353=PLANE('',#4264);
#354=PLANE('',#4274);
#355=PLANE('',#4275);
#356=PLANE('',#4283);
#357=PLANE('',#4306);
#358=PLANE('',#4309);
#359=PLANE('',#4311);
#360=PLANE('',#4314);
#361=PLANE('',#4317);
#362=PLANE('',#4322);
#363=PLANE('',#4326);
#364=PLANE('',#4332);
#365=PLANE('',#4337);
#366=PLANE('',#4338);
#367=PLANE('',#4339);
#368=PLANE('',#4343);
#369=PLANE('',#4347);
#370=PLANE('',#4348);
#371=PLANE('',#4351);
#372=PLANE('',#4352);
#373=PLANE('',#4353);
#374=PLANE('',#4355);
#375=PLANE('',#4356);
#376=PLANE('',#4357);
#377=PLANE('',#4382);
#378=PLANE('',#4384);
#379=PLANE('',#4401);
#380=PLANE('',#4405);
#381=PLANE('',#4406);
#382=PLANE('',#4407);
#383=PLANE('',#4408);
#384=PLANE('',#4410);
#385=PLANE('',#4411);
#386=PLANE('',#4419);
#387=PLANE('',#4420);
#388=PLANE('',#4423);
#389=PLANE('',#4424);
#390=PLANE('',#4435);
#391=PLANE('',#4436);
#392=PLANE('',#4441);
#393=PLANE('',#4453);
#394=PLANE('',#4454);
#395=PLANE('',#4458);
#396=PLANE('',#4459);
#397=PLANE('',#4461);
#398=PLANE('',#4463);
#399=PLANE('',#4467);
#400=PLANE('',#4468);
#401=PLANE('',#4470);
#402=PLANE('',#4474);
#403=PLANE('',#4475);
#404=FACE_OUTER_BOUND('',#631,.T.);
#405=FACE_OUTER_BOUND('',#632,.T.);
#406=FACE_OUTER_BOUND('',#633,.T.);
#407=FACE_OUTER_BOUND('',#634,.T.);
#408=FACE_OUTER_BOUND('',#635,.T.);
#409=FACE_OUTER_BOUND('',#636,.T.);
#410=FACE_OUTER_BOUND('',#637,.T.);
#411=FACE_OUTER_BOUND('',#638,.T.);
#412=FACE_OUTER_BOUND('',#639,.T.);
#413=FACE_OUTER_BOUND('',#640,.T.);
#414=FACE_OUTER_BOUND('',#641,.T.);
#415=FACE_OUTER_BOUND('',#642,.T.);
#416=FACE_OUTER_BOUND('',#643,.T.);
#417=FACE_OUTER_BOUND('',#644,.T.);
#418=FACE_OUTER_BOUND('',#645,.T.);
#419=FACE_OUTER_BOUND('',#646,.T.);
#420=FACE_OUTER_BOUND('',#647,.T.);
#421=FACE_OUTER_BOUND('',#648,.T.);
#422=FACE_OUTER_BOUND('',#649,.T.);
#423=FACE_OUTER_BOUND('',#650,.T.);
#424=FACE_OUTER_BOUND('',#651,.T.);
#425=FACE_OUTER_BOUND('',#652,.T.);
#426=FACE_OUTER_BOUND('',#653,.T.);
#427=FACE_OUTER_BOUND('',#654,.T.);
#428=FACE_OUTER_BOUND('',#655,.T.);
#429=FACE_OUTER_BOUND('',#656,.T.);
#430=FACE_OUTER_BOUND('',#657,.T.);
#431=FACE_OUTER_BOUND('',#658,.T.);
#432=FACE_OUTER_BOUND('',#659,.T.);
#433=FACE_OUTER_BOUND('',#660,.T.);
#434=FACE_OUTER_BOUND('',#661,.T.);
#435=FACE_OUTER_BOUND('',#662,.T.);
#436=FACE_OUTER_BOUND('',#663,.T.);
#437=FACE_OUTER_BOUND('',#664,.T.);
#438=FACE_OUTER_BOUND('',#665,.T.);
#439=FACE_OUTER_BOUND('',#666,.T.);
#440=FACE_OUTER_BOUND('',#667,.T.);
#441=FACE_OUTER_BOUND('',#668,.T.);
#442=FACE_OUTER_BOUND('',#669,.T.);
#443=FACE_OUTER_BOUND('',#670,.T.);
#444=FACE_OUTER_BOUND('',#671,.T.);
#445=FACE_OUTER_BOUND('',#672,.T.);
#446=FACE_OUTER_BOUND('',#673,.T.);
#447=FACE_OUTER_BOUND('',#674,.T.);
#448=FACE_OUTER_BOUND('',#675,.T.);
#449=FACE_OUTER_BOUND('',#676,.T.);
#450=FACE_OUTER_BOUND('',#677,.T.);
#451=FACE_OUTER_BOUND('',#678,.T.);
#452=FACE_OUTER_BOUND('',#679,.T.);
#453=FACE_OUTER_BOUND('',#680,.T.);
#454=FACE_OUTER_BOUND('',#681,.T.);
#455=FACE_OUTER_BOUND('',#682,.T.);
#456=FACE_OUTER_BOUND('',#683,.T.);
#457=FACE_OUTER_BOUND('',#685,.T.);
#458=FACE_OUTER_BOUND('',#686,.T.);
#459=FACE_OUTER_BOUND('',#687,.T.);
#460=FACE_OUTER_BOUND('',#688,.T.);
#461=FACE_OUTER_BOUND('',#689,.T.);
#462=FACE_OUTER_BOUND('',#690,.T.);
#463=FACE_OUTER_BOUND('',#691,.T.);
#464=FACE_OUTER_BOUND('',#692,.T.);
#465=FACE_OUTER_BOUND('',#693,.T.);
#466=FACE_OUTER_BOUND('',#694,.T.);
#467=FACE_OUTER_BOUND('',#695,.T.);
#468=FACE_OUTER_BOUND('',#700,.T.);
#469=FACE_OUTER_BOUND('',#701,.T.);
#470=FACE_OUTER_BOUND('',#702,.T.);
#471=FACE_OUTER_BOUND('',#703,.T.);
#472=FACE_OUTER_BOUND('',#704,.T.);
#473=FACE_OUTER_BOUND('',#705,.T.);
#474=FACE_OUTER_BOUND('',#706,.T.);
#475=FACE_OUTER_BOUND('',#707,.T.);
#476=FACE_OUTER_BOUND('',#708,.T.);
#477=FACE_OUTER_BOUND('',#709,.T.);
#478=FACE_OUTER_BOUND('',#710,.T.);
#479=FACE_OUTER_BOUND('',#711,.T.);
#480=FACE_OUTER_BOUND('',#712,.T.);
#481=FACE_OUTER_BOUND('',#713,.T.);
#482=FACE_OUTER_BOUND('',#715,.T.);
#483=FACE_OUTER_BOUND('',#716,.T.);
#484=FACE_OUTER_BOUND('',#717,.T.);
#485=FACE_OUTER_BOUND('',#718,.T.);
#486=FACE_OUTER_BOUND('',#719,.T.);
#487=FACE_OUTER_BOUND('',#720,.T.);
#488=FACE_OUTER_BOUND('',#721,.T.);
#489=FACE_OUTER_BOUND('',#722,.T.);
#490=FACE_OUTER_BOUND('',#723,.T.);
#491=FACE_OUTER_BOUND('',#724,.T.);
#492=FACE_OUTER_BOUND('',#725,.T.);
#493=FACE_OUTER_BOUND('',#726,.T.);
#494=FACE_OUTER_BOUND('',#727,.T.);
#495=FACE_OUTER_BOUND('',#728,.T.);
#496=FACE_OUTER_BOUND('',#729,.T.);
#497=FACE_OUTER_BOUND('',#730,.T.);
#498=FACE_OUTER_BOUND('',#731,.T.);
#499=FACE_OUTER_BOUND('',#732,.T.);
#500=FACE_OUTER_BOUND('',#733,.T.);
#501=FACE_OUTER_BOUND('',#734,.T.);
#502=FACE_OUTER_BOUND('',#735,.T.);
#503=FACE_OUTER_BOUND('',#736,.T.);
#504=FACE_OUTER_BOUND('',#737,.T.);
#505=FACE_OUTER_BOUND('',#738,.T.);
#506=FACE_OUTER_BOUND('',#739,.T.);
#507=FACE_OUTER_BOUND('',#740,.T.);
#508=FACE_OUTER_BOUND('',#741,.T.);
#509=FACE_OUTER_BOUND('',#742,.T.);
#510=FACE_OUTER_BOUND('',#743,.T.);
#511=FACE_OUTER_BOUND('',#744,.T.);
#512=FACE_OUTER_BOUND('',#745,.T.);
#513=FACE_OUTER_BOUND('',#746,.T.);
#514=FACE_OUTER_BOUND('',#747,.T.);
#515=FACE_OUTER_BOUND('',#748,.T.);
#516=FACE_OUTER_BOUND('',#749,.T.);
#517=FACE_OUTER_BOUND('',#754,.T.);
#518=FACE_OUTER_BOUND('',#755,.T.);
#519=FACE_OUTER_BOUND('',#756,.T.);
#520=FACE_OUTER_BOUND('',#757,.T.);
#521=FACE_OUTER_BOUND('',#758,.T.);
#522=FACE_OUTER_BOUND('',#759,.T.);
#523=FACE_OUTER_BOUND('',#760,.T.);
#524=FACE_OUTER_BOUND('',#761,.T.);
#525=FACE_OUTER_BOUND('',#762,.T.);
#526=FACE_OUTER_BOUND('',#763,.T.);
#527=FACE_OUTER_BOUND('',#764,.T.);
#528=FACE_OUTER_BOUND('',#765,.T.);
#529=FACE_OUTER_BOUND('',#766,.T.);
#530=FACE_OUTER_BOUND('',#767,.T.);
#531=FACE_OUTER_BOUND('',#768,.T.);
#532=FACE_OUTER_BOUND('',#769,.T.);
#533=FACE_OUTER_BOUND('',#771,.T.);
#534=FACE_OUTER_BOUND('',#772,.T.);
#535=FACE_OUTER_BOUND('',#773,.T.);
#536=FACE_OUTER_BOUND('',#775,.T.);
#537=FACE_OUTER_BOUND('',#776,.T.);
#538=FACE_OUTER_BOUND('',#777,.T.);
#539=FACE_OUTER_BOUND('',#778,.T.);
#540=FACE_OUTER_BOUND('',#779,.T.);
#541=FACE_OUTER_BOUND('',#780,.T.);
#542=FACE_OUTER_BOUND('',#781,.T.);
#543=FACE_OUTER_BOUND('',#782,.T.);
#544=FACE_OUTER_BOUND('',#783,.T.);
#545=FACE_OUTER_BOUND('',#784,.T.);
#546=FACE_OUTER_BOUND('',#785,.T.);
#547=FACE_OUTER_BOUND('',#786,.T.);
#548=FACE_OUTER_BOUND('',#787,.T.);
#549=FACE_OUTER_BOUND('',#788,.T.);
#550=FACE_OUTER_BOUND('',#789,.T.);
#551=FACE_OUTER_BOUND('',#790,.T.);
#552=FACE_OUTER_BOUND('',#791,.T.);
#553=FACE_OUTER_BOUND('',#792,.T.);
#554=FACE_OUTER_BOUND('',#793,.T.);
#555=FACE_OUTER_BOUND('',#794,.T.);
#556=FACE_OUTER_BOUND('',#795,.T.);
#557=FACE_OUTER_BOUND('',#796,.T.);
#558=FACE_OUTER_BOUND('',#797,.T.);
#559=FACE_OUTER_BOUND('',#798,.T.);
#560=FACE_OUTER_BOUND('',#799,.T.);
#561=FACE_OUTER_BOUND('',#800,.T.);
#562=FACE_OUTER_BOUND('',#801,.T.);
#563=FACE_OUTER_BOUND('',#802,.T.);
#564=FACE_OUTER_BOUND('',#803,.T.);
#565=FACE_OUTER_BOUND('',#804,.T.);
#566=FACE_OUTER_BOUND('',#805,.T.);
#567=FACE_OUTER_BOUND('',#806,.T.);
#568=FACE_OUTER_BOUND('',#807,.T.);
#569=FACE_OUTER_BOUND('',#809,.T.);
#570=FACE_OUTER_BOUND('',#811,.T.);
#571=FACE_OUTER_BOUND('',#812,.T.);
#572=FACE_OUTER_BOUND('',#813,.T.);
#573=FACE_OUTER_BOUND('',#814,.T.);
#574=FACE_OUTER_BOUND('',#815,.T.);
#575=FACE_OUTER_BOUND('',#816,.T.);
#576=FACE_OUTER_BOUND('',#817,.T.);
#577=FACE_OUTER_BOUND('',#818,.T.);
#578=FACE_OUTER_BOUND('',#819,.T.);
#579=FACE_OUTER_BOUND('',#820,.T.);
#580=FACE_OUTER_BOUND('',#821,.T.);
#581=FACE_OUTER_BOUND('',#822,.T.);
#582=FACE_OUTER_BOUND('',#824,.T.);
#583=FACE_OUTER_BOUND('',#825,.T.);
#584=FACE_OUTER_BOUND('',#826,.T.);
#585=FACE_OUTER_BOUND('',#827,.T.);
#586=FACE_OUTER_BOUND('',#829,.T.);
#587=FACE_OUTER_BOUND('',#830,.T.);
#588=FACE_OUTER_BOUND('',#831,.T.);
#589=FACE_OUTER_BOUND('',#832,.T.);
#590=FACE_OUTER_BOUND('',#837,.T.);
#591=FACE_OUTER_BOUND('',#838,.T.);
#592=FACE_OUTER_BOUND('',#839,.T.);
#593=FACE_OUTER_BOUND('',#840,.T.);
#594=FACE_OUTER_BOUND('',#841,.T.);
#595=FACE_OUTER_BOUND('',#842,.T.);
#596=FACE_OUTER_BOUND('',#843,.T.);
#597=FACE_OUTER_BOUND('',#844,.T.);
#598=FACE_OUTER_BOUND('',#845,.T.);
#599=FACE_OUTER_BOUND('',#846,.T.);
#600=FACE_OUTER_BOUND('',#847,.T.);
#601=FACE_OUTER_BOUND('',#848,.T.);
#602=FACE_OUTER_BOUND('',#849,.T.);
#603=FACE_OUTER_BOUND('',#850,.T.);
#604=FACE_OUTER_BOUND('',#851,.T.);
#605=FACE_OUTER_BOUND('',#852,.T.);
#606=FACE_OUTER_BOUND('',#853,.T.);
#607=FACE_OUTER_BOUND('',#854,.T.);
#608=FACE_OUTER_BOUND('',#855,.T.);
#609=FACE_OUTER_BOUND('',#856,.T.);
#610=FACE_OUTER_BOUND('',#857,.T.);
#611=FACE_OUTER_BOUND('',#858,.T.);
#612=FACE_OUTER_BOUND('',#859,.T.);
#613=FACE_OUTER_BOUND('',#860,.T.);
#614=FACE_OUTER_BOUND('',#861,.T.);
#615=FACE_OUTER_BOUND('',#862,.T.);
#616=FACE_OUTER_BOUND('',#863,.T.);
#617=FACE_OUTER_BOUND('',#864,.T.);
#618=FACE_OUTER_BOUND('',#865,.T.);
#619=FACE_OUTER_BOUND('',#866,.T.);
#620=FACE_OUTER_BOUND('',#867,.T.);
#621=FACE_OUTER_BOUND('',#868,.T.);
#622=FACE_OUTER_BOUND('',#869,.T.);
#623=FACE_OUTER_BOUND('',#870,.T.);
#624=FACE_OUTER_BOUND('',#871,.T.);
#625=FACE_OUTER_BOUND('',#872,.T.);
#626=FACE_OUTER_BOUND('',#873,.T.);
#627=FACE_OUTER_BOUND('',#874,.T.);
#628=FACE_OUTER_BOUND('',#875,.T.);
#629=FACE_OUTER_BOUND('',#876,.T.);
#630=FACE_OUTER_BOUND('',#877,.T.);
#631=EDGE_LOOP('',(#2595,#2596,#2597,#2598));
#632=EDGE_LOOP('',(#2599,#2600,#2601,#2602,#2603));
#633=EDGE_LOOP('',(#2604,#2605,#2606,#2607));
#634=EDGE_LOOP('',(#2608,#2609,#2610,#2611,#2612));
#635=EDGE_LOOP('',(#2613,#2614,#2615,#2616));
#636=EDGE_LOOP('',(#2617,#2618,#2619,#2620,#2621,#2622,#2623));
#637=EDGE_LOOP('',(#2624,#2625,#2626,#2627));
#638=EDGE_LOOP('',(#2628,#2629,#2630,#2631));
#639=EDGE_LOOP('',(#2632,#2633,#2634,#2635));
#640=EDGE_LOOP('',(#2636,#2637,#2638,#2639));
#641=EDGE_LOOP('',(#2640,#2641,#2642,#2643));
#642=EDGE_LOOP('',(#2644,#2645,#2646,#2647,#2648,#2649,#2650));
#643=EDGE_LOOP('',(#2651,#2652,#2653,#2654));
#644=EDGE_LOOP('',(#2655,#2656,#2657,#2658));
#645=EDGE_LOOP('',(#2659,#2660,#2661,#2662));
#646=EDGE_LOOP('',(#2663,#2664,#2665,#2666));
#647=EDGE_LOOP('',(#2667,#2668,#2669,#2670,#2671));
#648=EDGE_LOOP('',(#2672,#2673,#2674,#2675));
#649=EDGE_LOOP('',(#2676,#2677,#2678,#2679,#2680,#2681,#2682));
#650=EDGE_LOOP('',(#2683,#2684,#2685,#2686,#2687,#2688));
#651=EDGE_LOOP('',(#2689,#2690,#2691,#2692,#2693,#2694));
#652=EDGE_LOOP('',(#2695,#2696,#2697,#2698,#2699,#2700,#2701));
#653=EDGE_LOOP('',(#2702,#2703,#2704,#2705,#2706,#2707,#2708));
#654=EDGE_LOOP('',(#2709,#2710,#2711,#2712));
#655=EDGE_LOOP('',(#2713,#2714,#2715,#2716,#2717,#2718,#2719,#2720,#2721,
#2722,#2723,#2724,#2725,#2726,#2727,#2728));
#656=EDGE_LOOP('',(#2729,#2730,#2731,#2732));
#657=EDGE_LOOP('',(#2733,#2734,#2735,#2736));
#658=EDGE_LOOP('',(#2737,#2738,#2739,#2740));
#659=EDGE_LOOP('',(#2741,#2742,#2743,#2744));
#660=EDGE_LOOP('',(#2745,#2746,#2747,#2748));
#661=EDGE_LOOP('',(#2749,#2750,#2751,#2752));
#662=EDGE_LOOP('',(#2753,#2754,#2755,#2756));
#663=EDGE_LOOP('',(#2757,#2758,#2759,#2760));
#664=EDGE_LOOP('',(#2761,#2762,#2763,#2764));
#665=EDGE_LOOP('',(#2765,#2766,#2767,#2768));
#666=EDGE_LOOP('',(#2769,#2770,#2771,#2772));
#667=EDGE_LOOP('',(#2773,#2774,#2775,#2776));
#668=EDGE_LOOP('',(#2777,#2778,#2779,#2780));
#669=EDGE_LOOP('',(#2781,#2782,#2783,#2784));
#670=EDGE_LOOP('',(#2785,#2786,#2787,#2788));
#671=EDGE_LOOP('',(#2789,#2790,#2791,#2792));
#672=EDGE_LOOP('',(#2793,#2794,#2795,#2796));
#673=EDGE_LOOP('',(#2797,#2798,#2799,#2800));
#674=EDGE_LOOP('',(#2801,#2802,#2803,#2804));
#675=EDGE_LOOP('',(#2805,#2806,#2807,#2808));
#676=EDGE_LOOP('',(#2809,#2810,#2811,#2812));
#677=EDGE_LOOP('',(#2813,#2814,#2815,#2816));
#678=EDGE_LOOP('',(#2817,#2818,#2819,#2820));
#679=EDGE_LOOP('',(#2821,#2822,#2823,#2824));
#680=EDGE_LOOP('',(#2825,#2826,#2827,#2828));
#681=EDGE_LOOP('',(#2829,#2830,#2831,#2832));
#682=EDGE_LOOP('',(#2833,#2834,#2835,#2836));
#683=EDGE_LOOP('',(#2837,#2838,#2839,#2840,#2841,#2842,#2843,#2844,#2845,
#2846,#2847,#2848,#2849,#2850,#2851,#2852,#2853,#2854,#2855));
#684=EDGE_LOOP('',(#2856,#2857,#2858,#2859,#2860,#2861,#2862,#2863));
#685=EDGE_LOOP('',(#2864,#2865,#2866,#2867));
#686=EDGE_LOOP('',(#2868,#2869,#2870,#2871));
#687=EDGE_LOOP('',(#2872,#2873,#2874,#2875));
#688=EDGE_LOOP('',(#2876,#2877,#2878,#2879));
#689=EDGE_LOOP('',(#2880,#2881,#2882,#2883));
#690=EDGE_LOOP('',(#2884,#2885,#2886,#2887));
#691=EDGE_LOOP('',(#2888,#2889,#2890,#2891));
#692=EDGE_LOOP('',(#2892,#2893,#2894,#2895));
#693=EDGE_LOOP('',(#2896,#2897,#2898,#2899));
#694=EDGE_LOOP('',(#2900,#2901,#2902,#2903));
#695=EDGE_LOOP('',(#2904,#2905,#2906,#2907,#2908,#2909,#2910,#2911,#2912,
#2913,#2914,#2915,#2916,#2917,#2918));
#696=EDGE_LOOP('',(#2919));
#697=EDGE_LOOP('',(#2920,#2921,#2922,#2923));
#698=EDGE_LOOP('',(#2924,#2925,#2926,#2927));
#699=EDGE_LOOP('',(#2928,#2929,#2930,#2931,#2932,#2933,#2934,#2935,#2936,
#2937,#2938,#2939,#2940,#2941,#2942,#2943,#2944,#2945,#2946));
#700=EDGE_LOOP('',(#2947,#2948,#2949,#2950));
#701=EDGE_LOOP('',(#2951,#2952,#2953,#2954));
#702=EDGE_LOOP('',(#2955,#2956,#2957,#2958));
#703=EDGE_LOOP('',(#2959,#2960,#2961,#2962));
#704=EDGE_LOOP('',(#2963,#2964,#2965,#2966));
#705=EDGE_LOOP('',(#2967,#2968,#2969,#2970));
#706=EDGE_LOOP('',(#2971,#2972,#2973,#2974,#2975,#2976));
#707=EDGE_LOOP('',(#2977,#2978,#2979,#2980));
#708=EDGE_LOOP('',(#2981,#2982,#2983,#2984));
#709=EDGE_LOOP('',(#2985,#2986,#2987,#2988));
#710=EDGE_LOOP('',(#2989,#2990,#2991,#2992));
#711=EDGE_LOOP('',(#2993,#2994,#2995,#2996));
#712=EDGE_LOOP('',(#2997,#2998,#2999,#3000));
#713=EDGE_LOOP('',(#3001,#3002,#3003,#3004,#3005,#3006,#3007,#3008,#3009,
#3010,#3011,#3012,#3013,#3014,#3015));
#714=EDGE_LOOP('',(#3016,#3017,#3018,#3019));
#715=EDGE_LOOP('',(#3020,#3021,#3022,#3023));
#716=EDGE_LOOP('',(#3024,#3025,#3026,#3027,#3028,#3029));
#717=EDGE_LOOP('',(#3030,#3031,#3032,#3033));
#718=EDGE_LOOP('',(#3034,#3035,#3036,#3037,#3038,#3039,#3040,#3041,#3042,
#3043,#3044,#3045,#3046,#3047,#3048,#3049,#3050,#3051));
#719=EDGE_LOOP('',(#3052,#3053,#3054,#3055));
#720=EDGE_LOOP('',(#3056,#3057,#3058,#3059));
#721=EDGE_LOOP('',(#3060,#3061,#3062,#3063,#3064,#3065,#3066,#3067,#3068,
#3069,#3070,#3071,#3072,#3073));
#722=EDGE_LOOP('',(#3074,#3075,#3076,#3077,#3078));
#723=EDGE_LOOP('',(#3079,#3080,#3081,#3082,#3083,#3084,#3085,#3086,#3087,
#3088,#3089,#3090,#3091,#3092,#3093,#3094,#3095,#3096));
#724=EDGE_LOOP('',(#3097,#3098,#3099,#3100));
#725=EDGE_LOOP('',(#3101,#3102,#3103,#3104));
#726=EDGE_LOOP('',(#3105,#3106,#3107,#3108,#3109,#3110,#3111,#3112));
#727=EDGE_LOOP('',(#3113,#3114,#3115,#3116));
#728=EDGE_LOOP('',(#3117,#3118,#3119,#3120));
#729=EDGE_LOOP('',(#3121,#3122,#3123,#3124,#3125,#3126,#3127,#3128));
#730=EDGE_LOOP('',(#3129,#3130,#3131,#3132));
#731=EDGE_LOOP('',(#3133,#3134,#3135,#3136));
#732=EDGE_LOOP('',(#3137,#3138,#3139,#3140));
#733=EDGE_LOOP('',(#3141,#3142,#3143,#3144,#3145,#3146,#3147));
#734=EDGE_LOOP('',(#3148,#3149,#3150,#3151));
#735=EDGE_LOOP('',(#3152,#3153,#3154,#3155));
#736=EDGE_LOOP('',(#3156,#3157,#3158,#3159));
#737=EDGE_LOOP('',(#3160,#3161,#3162,#3163,#3164,#3165,#3166,#3167));
#738=EDGE_LOOP('',(#3168,#3169,#3170,#3171));
#739=EDGE_LOOP('',(#3172,#3173,#3174,#3175));
#740=EDGE_LOOP('',(#3176,#3177,#3178,#3179,#3180,#3181,#3182,#3183,#3184,
#3185));
#741=EDGE_LOOP('',(#3186,#3187,#3188,#3189,#3190,#3191,#3192,#3193,#3194,
#3195,#3196,#3197,#3198,#3199));
#742=EDGE_LOOP('',(#3200,#3201,#3202,#3203));
#743=EDGE_LOOP('',(#3204,#3205,#3206,#3207,#3208,#3209));
#744=EDGE_LOOP('',(#3210,#3211));
#745=EDGE_LOOP('',(#3212,#3213,#3214,#3215,#3216,#3217,#3218,#3219));
#746=EDGE_LOOP('',(#3220,#3221,#3222,#3223,#3224,#3225));
#747=EDGE_LOOP('',(#3226,#3227,#3228,#3229,#3230,#3231,#3232,#3233,#3234,
#3235,#3236,#3237,#3238,#3239));
#748=EDGE_LOOP('',(#3240,#3241,#3242,#3243,#3244));
#749=EDGE_LOOP('',(#3245,#3246,#3247,#3248,#3249,#3250,#3251,#3252));
#750=EDGE_LOOP('',(#3253));
#751=EDGE_LOOP('',(#3254));
#752=EDGE_LOOP('',(#3255));
#753=EDGE_LOOP('',(#3256));
#754=EDGE_LOOP('',(#3257,#3258,#3259,#3260,#3261));
#755=EDGE_LOOP('',(#3262,#3263,#3264,#3265,#3266));
#756=EDGE_LOOP('',(#3267,#3268,#3269,#3270,#3271));
#757=EDGE_LOOP('',(#3272,#3273,#3274,#3275,#3276));
#758=EDGE_LOOP('',(#3277,#3278,#3279,#3280,#3281));
#759=EDGE_LOOP('',(#3282,#3283,#3284,#3285,#3286));
#760=EDGE_LOOP('',(#3287,#3288,#3289,#3290,#3291));
#761=EDGE_LOOP('',(#3292,#3293,#3294,#3295));
#762=EDGE_LOOP('',(#3296,#3297,#3298,#3299));
#763=EDGE_LOOP('',(#3300,#3301,#3302,#3303,#3304,#3305,#3306));
#764=EDGE_LOOP('',(#3307,#3308,#3309,#3310));
#765=EDGE_LOOP('',(#3311,#3312,#3313,#3314));
#766=EDGE_LOOP('',(#3315,#3316,#3317,#3318,#3319));
#767=EDGE_LOOP('',(#3320,#3321,#3322,#3323,#3324,#3325,#3326));
#768=EDGE_LOOP('',(#3327,#3328,#3329,#3330));
#769=EDGE_LOOP('',(#3331,#3332,#3333,#3334,#3335,#3336,#3337,#3338,#3339,
#3340,#3341,#3342,#3343,#3344,#3345,#3346,#3347,#3348,#3349,#3350));
#770=EDGE_LOOP('',(#3351,#3352,#3353,#3354));
#771=EDGE_LOOP('',(#3355,#3356,#3357,#3358));
#772=EDGE_LOOP('',(#3359,#3360,#3361,#3362));
#773=EDGE_LOOP('',(#3363,#3364,#3365,#3366,#3367,#3368,#3369,#3370,#3371,
#3372,#3373,#3374,#3375,#3376,#3377,#3378,#3379,#3380,#3381,#3382));
#774=EDGE_LOOP('',(#3383,#3384,#3385,#3386));
#775=EDGE_LOOP('',(#3387,#3388,#3389,#3390));
#776=EDGE_LOOP('',(#3391,#3392,#3393,#3394));
#777=EDGE_LOOP('',(#3395,#3396,#3397,#3398));
#778=EDGE_LOOP('',(#3399,#3400,#3401,#3402));
#779=EDGE_LOOP('',(#3403,#3404,#3405,#3406));
#780=EDGE_LOOP('',(#3407,#3408,#3409,#3410,#3411,#3412,#3413,#3414));
#781=EDGE_LOOP('',(#3415,#3416,#3417,#3418,#3419,#3420,#3421));
#782=EDGE_LOOP('',(#3422,#3423,#3424,#3425,#3426,#3427));
#783=EDGE_LOOP('',(#3428,#3429,#3430,#3431));
#784=EDGE_LOOP('',(#3432,#3433,#3434,#3435));
#785=EDGE_LOOP('',(#3436,#3437,#3438,#3439,#3440));
#786=EDGE_LOOP('',(#3441,#3442,#3443,#3444));
#787=EDGE_LOOP('',(#3445,#3446,#3447,#3448));
#788=EDGE_LOOP('',(#3449,#3450,#3451,#3452));
#789=EDGE_LOOP('',(#3453,#3454,#3455,#3456));
#790=EDGE_LOOP('',(#3457,#3458,#3459,#3460));
#791=EDGE_LOOP('',(#3461,#3462,#3463,#3464));
#792=EDGE_LOOP('',(#3465,#3466,#3467,#3468));
#793=EDGE_LOOP('',(#3469,#3470,#3471,#3472,#3473,#3474,#3475));
#794=EDGE_LOOP('',(#3476,#3477,#3478,#3479,#3480,#3481));
#795=EDGE_LOOP('',(#3482,#3483,#3484,#3485,#3486,#3487,#3488,#3489));
#796=EDGE_LOOP('',(#3490,#3491,#3492,#3493,#3494));
#797=EDGE_LOOP('',(#3495,#3496,#3497,#3498));
#798=EDGE_LOOP('',(#3499,#3500,#3501,#3502,#3503));
#799=EDGE_LOOP('',(#3504,#3505,#3506,#3507));
#800=EDGE_LOOP('',(#3508,#3509,#3510,#3511));
#801=EDGE_LOOP('',(#3512,#3513,#3514,#3515,#3516));
#802=EDGE_LOOP('',(#3517,#3518,#3519,#3520));
#803=EDGE_LOOP('',(#3521,#3522,#3523,#3524));
#804=EDGE_LOOP('',(#3525,#3526,#3527,#3528));
#805=EDGE_LOOP('',(#3529,#3530,#3531,#3532));
#806=EDGE_LOOP('',(#3533,#3534,#3535,#3536));
#807=EDGE_LOOP('',(#3537,#3538,#3539,#3540,#3541));
#808=EDGE_LOOP('',(#3542,#3543));
#809=EDGE_LOOP('',(#3544,#3545,#3546,#3547,#3548));
#810=EDGE_LOOP('',(#3549,#3550));
#811=EDGE_LOOP('',(#3551,#3552,#3553,#3554));
#812=EDGE_LOOP('',(#3555,#3556,#3557,#3558));
#813=EDGE_LOOP('',(#3559,#3560,#3561,#3562));
#814=EDGE_LOOP('',(#3563,#3564,#3565,#3566,#3567));
#815=EDGE_LOOP('',(#3568,#3569,#3570,#3571,#3572));
#816=EDGE_LOOP('',(#3573,#3574,#3575,#3576));
#817=EDGE_LOOP('',(#3577,#3578,#3579,#3580));
#818=EDGE_LOOP('',(#3581,#3582,#3583,#3584));
#819=EDGE_LOOP('',(#3585,#3586,#3587,#3588));
#820=EDGE_LOOP('',(#3589,#3590,#3591,#3592));
#821=EDGE_LOOP('',(#3593,#3594,#3595,#3596));
#822=EDGE_LOOP('',(#3597,#3598,#3599,#3600,#3601));
#823=EDGE_LOOP('',(#3602,#3603));
#824=EDGE_LOOP('',(#3604,#3605,#3606));
#825=EDGE_LOOP('',(#3607,#3608,#3609,#3610));
#826=EDGE_LOOP('',(#3611,#3612,#3613));
#827=EDGE_LOOP('',(#3614,#3615,#3616,#3617,#3618));
#828=EDGE_LOOP('',(#3619,#3620));
#829=EDGE_LOOP('',(#3621,#3622,#3623));
#830=EDGE_LOOP('',(#3624,#3625,#3626,#3627));
#831=EDGE_LOOP('',(#3628,#3629,#3630));
#832=EDGE_LOOP('',(#3631,#3632,#3633,#3634,#3635,#3636,#3637,#3638,#3639,
#3640));
#833=EDGE_LOOP('',(#3641));
#834=EDGE_LOOP('',(#3642));
#835=EDGE_LOOP('',(#3643));
#836=EDGE_LOOP('',(#3644));
#837=EDGE_LOOP('',(#3645,#3646,#3647,#3648));
#838=EDGE_LOOP('',(#3649,#3650,#3651,#3652,#3653));
#839=EDGE_LOOP('',(#3654,#3655,#3656,#3657,#3658));
#840=EDGE_LOOP('',(#3659,#3660,#3661,#3662));
#841=EDGE_LOOP('',(#3663,#3664,#3665,#3666));
#842=EDGE_LOOP('',(#3667,#3668,#3669,#3670));
#843=EDGE_LOOP('',(#3671,#3672,#3673,#3674));
#844=EDGE_LOOP('',(#3675,#3676,#3677,#3678,#3679));
#845=EDGE_LOOP('',(#3680,#3681,#3682,#3683));
#846=EDGE_LOOP('',(#3684,#3685,#3686,#3687));
#847=EDGE_LOOP('',(#3688,#3689,#3690,#3691));
#848=EDGE_LOOP('',(#3692,#3693,#3694,#3695,#3696,#3697,#3698,#3699));
#849=EDGE_LOOP('',(#3700,#3701,#3702,#3703,#3704,#3705,#3706,#3707));
#850=EDGE_LOOP('',(#3708,#3709,#3710,#3711));
#851=EDGE_LOOP('',(#3712,#3713,#3714,#3715));
#852=EDGE_LOOP('',(#3716,#3717,#3718,#3719,#3720));
#853=EDGE_LOOP('',(#3721,#3722,#3723,#3724));
#854=EDGE_LOOP('',(#3725,#3726,#3727,#3728));
#855=EDGE_LOOP('',(#3729,#3730,#3731,#3732,#3733,#3734));
#856=EDGE_LOOP('',(#3735,#3736,#3737,#3738,#3739,#3740,#3741,#3742,#3743,
#3744));
#857=EDGE_LOOP('',(#3745,#3746,#3747,#3748));
#858=EDGE_LOOP('',(#3749,#3750,#3751,#3752));
#859=EDGE_LOOP('',(#3753,#3754,#3755,#3756,#3757));
#860=EDGE_LOOP('',(#3758,#3759,#3760,#3761,#3762,#3763,#3764,#3765,#3766,
#3767));
#861=EDGE_LOOP('',(#3768,#3769,#3770,#3771));
#862=EDGE_LOOP('',(#3772,#3773,#3774,#3775));
#863=EDGE_LOOP('',(#3776));
#864=EDGE_LOOP('',(#3777));
#865=EDGE_LOOP('',(#3778,#3779,#3780,#3781,#3782,#3783,#3784,#3785));
#866=EDGE_LOOP('',(#3786,#3787,#3788,#3789));
#867=EDGE_LOOP('',(#3790));
#868=EDGE_LOOP('',(#3791,#3792,#3793,#3794));
#869=EDGE_LOOP('',(#3795,#3796,#3797,#3798));
#870=EDGE_LOOP('',(#3799,#3800,#3801,#3802));
#871=EDGE_LOOP('',(#3803,#3804,#3805,#3806));
#872=EDGE_LOOP('',(#3807,#3808,#3809,#3810));
#873=EDGE_LOOP('',(#3811,#3812,#3813,#3814));
#874=EDGE_LOOP('',(#3815,#3816,#3817,#3818));
#875=EDGE_LOOP('',(#3819,#3820,#3821,#3822));
#876=EDGE_LOOP('',(#3823,#3824,#3825,#3826));
#877=EDGE_LOOP('',(#3827,#3828,#3829,#3830,#3831,#3832,#3833,#3834,#3835,
#3836));
#878=LINE('',#5442,#1150);
#879=LINE('',#5445,#1151);
#880=LINE('',#5448,#1152);
#881=LINE('',#5456,#1153);
#882=LINE('',#5462,#1154);
#883=LINE('',#5465,#1155);
#884=LINE('',#5468,#1156);
#885=LINE('',#5476,#1157);
#886=LINE('',#5480,#1158);
#887=LINE('',#5484,#1159);
#888=LINE('',#5488,#1160);
#889=LINE('',#5492,#1161);
#890=LINE('',#5535,#1162);
#891=LINE('',#5537,#1163);
#892=LINE('',#5539,#1164);
#893=LINE('',#5540,#1165);
#894=LINE('',#5546,#1166);
#895=LINE('',#5549,#1167);
#896=LINE('',#5554,#1168);
#897=LINE('',#5558,#1169);
#898=LINE('',#5561,#1170);
#899=LINE('',#5563,#1171);
#900=LINE('',#5564,#1172);
#901=LINE('',#5606,#1173);
#902=LINE('',#5609,#1174);
#903=LINE('',#5613,#1175);
#904=LINE('',#5614,#1176);
#905=LINE('',#5619,#1177);
#906=LINE('',#5620,#1178);
#907=LINE('',#5622,#1179);
#908=LINE('',#5645,#1180);
#909=LINE('',#5661,#1181);
#910=LINE('',#5664,#1182);
#911=LINE('',#5667,#1183);
#912=LINE('',#5670,#1184);
#913=LINE('',#5677,#1185);
#914=LINE('',#5679,#1186);
#915=LINE('',#5680,#1187);
#916=LINE('',#5685,#1188);
#917=LINE('',#5689,#1189);
#918=LINE('',#5693,#1190);
#919=LINE('',#5697,#1191);
#920=LINE('',#5699,#1192);
#921=LINE('',#5701,#1193);
#922=LINE('',#5708,#1194);
#923=LINE('',#5715,#1195);
#924=LINE('',#5717,#1196);
#925=LINE('',#5718,#1197);
#926=LINE('',#5721,#1198);
#927=LINE('',#5820,#1199);
#928=LINE('',#5827,#1200);
#929=LINE('',#5852,#1201);
#930=LINE('',#5877,#1202);
#931=LINE('',#5902,#1203);
#932=LINE('',#5923,#1204);
#933=LINE('',#5930,#1205);
#934=LINE('',#5933,#1206);
#935=LINE('',#5935,#1207);
#936=LINE('',#5936,#1208);
#937=LINE('',#5939,#1209);
#938=LINE('',#5941,#1210);
#939=LINE('',#5942,#1211);
#940=LINE('',#5945,#1212);
#941=LINE('',#5947,#1213);
#942=LINE('',#5948,#1214);
#943=LINE('',#5973,#1215);
#944=LINE('',#5998,#1216);
#945=LINE('',#6023,#1217);
#946=LINE('',#6048,#1218);
#947=LINE('',#6051,#1219);
#948=LINE('',#6053,#1220);
#949=LINE('',#6054,#1221);
#950=LINE('',#6057,#1222);
#951=LINE('',#6059,#1223);
#952=LINE('',#6060,#1224);
#953=LINE('',#6080,#1225);
#954=LINE('',#6088,#1226);
#955=LINE('',#6090,#1227);
#956=LINE('',#6091,#1228);
#957=LINE('',#6093,#1229);
#958=LINE('',#6094,#1230);
#959=LINE('',#6097,#1231);
#960=LINE('',#6099,#1232);
#961=LINE('',#6100,#1233);
#962=LINE('',#6120,#1234);
#963=LINE('',#6145,#1235);
#964=LINE('',#6170,#1236);
#965=LINE('',#6195,#1237);
#966=LINE('',#6220,#1238);
#967=LINE('',#6245,#1239);
#968=LINE('',#6253,#1240);
#969=LINE('',#6255,#1241);
#970=LINE('',#6256,#1242);
#971=LINE('',#6259,#1243);
#972=LINE('',#6261,#1244);
#973=LINE('',#6262,#1245);
#974=LINE('',#6264,#1246);
#975=LINE('',#6265,#1247);
#976=LINE('',#6270,#1248);
#977=LINE('',#6272,#1249);
#978=LINE('',#6274,#1250);
#979=LINE('',#6275,#1251);
#980=LINE('',#6278,#1252);
#981=LINE('',#6280,#1253);
#982=LINE('',#6281,#1254);
#983=LINE('',#6284,#1255);
#984=LINE('',#6286,#1256);
#985=LINE('',#6287,#1257);
#986=LINE('',#6289,#1258);
#987=LINE('',#6290,#1259);
#988=LINE('',#6295,#1260);
#989=LINE('',#6297,#1261);
#990=LINE('',#6299,#1262);
#991=LINE('',#6300,#1263);
#992=LINE('',#6303,#1264);
#993=LINE('',#6305,#1265);
#994=LINE('',#6306,#1266);
#995=LINE('',#6309,#1267);
#996=LINE('',#6311,#1268);
#997=LINE('',#6312,#1269);
#998=LINE('',#6314,#1270);
#999=LINE('',#6315,#1271);
#1000=LINE('',#6330,#1272);
#1001=LINE('',#6359,#1273);
#1002=LINE('',#6583,#1274);
#1003=LINE('',#6601,#1275);
#1004=LINE('',#6603,#1276);
#1005=LINE('',#6805,#1277);
#1006=LINE('',#6837,#1278);
#1007=LINE('',#6849,#1279);
#1008=LINE('',#6852,#1280);
#1009=LINE('',#6887,#1281);
#1010=LINE('',#6918,#1282);
#1011=LINE('',#6934,#1283);
#1012=LINE('',#6936,#1284);
#1013=LINE('',#6938,#1285);
#1014=LINE('',#6940,#1286);
#1015=LINE('',#6942,#1287);
#1016=LINE('',#6954,#1288);
#1017=LINE('',#6965,#1289);
#1018=LINE('',#6967,#1290);
#1019=LINE('',#6969,#1291);
#1020=LINE('',#6971,#1292);
#1021=LINE('',#6973,#1293);
#1022=LINE('',#6983,#1294);
#1023=LINE('',#7038,#1295);
#1024=LINE('',#7040,#1296);
#1025=LINE('',#7056,#1297);
#1026=LINE('',#7063,#1298);
#1027=LINE('',#7070,#1299);
#1028=LINE('',#7076,#1300);
#1029=LINE('',#7087,#1301);
#1030=LINE('',#7089,#1302);
#1031=LINE('',#7091,#1303);
#1032=LINE('',#7093,#1304);
#1033=LINE('',#7095,#1305);
#1034=LINE('',#7105,#1306);
#1035=LINE('',#7118,#1307);
#1036=LINE('',#7120,#1308);
#1037=LINE('',#7122,#1309);
#1038=LINE('',#7123,#1310);
#1039=LINE('',#7303,#1311);
#1040=LINE('',#7305,#1312);
#1041=LINE('',#7306,#1313);
#1042=LINE('',#7455,#1314);
#1043=LINE('',#7459,#1315);
#1044=LINE('',#7463,#1316);
#1045=LINE('',#7466,#1317);
#1046=LINE('',#7537,#1318);
#1047=LINE('',#7714,#1319);
#1048=LINE('',#7723,#1320);
#1049=LINE('',#7725,#1321);
#1050=LINE('',#7741,#1322);
#1051=LINE('',#7804,#1323);
#1052=LINE('',#7844,#1324);
#1053=LINE('',#7852,#1325);
#1054=LINE('',#7929,#1326);
#1055=LINE('',#8056,#1327);
#1056=LINE('',#8095,#1328);
#1057=LINE('',#8154,#1329);
#1058=LINE('',#8176,#1330);
#1059=LINE('',#8271,#1331);
#1060=LINE('',#8302,#1332);
#1061=LINE('',#8308,#1333);
#1062=LINE('',#8313,#1334);
#1063=LINE('',#8318,#1335);
#1064=LINE('',#8321,#1336);
#1065=LINE('',#8326,#1337);
#1066=LINE('',#8333,#1338);
#1067=LINE('',#8340,#1339);
#1068=LINE('',#8343,#1340);
#1069=LINE('',#8357,#1341);
#1070=LINE('',#8366,#1342);
#1071=LINE('',#8370,#1343);
#1072=LINE('',#8372,#1344);
#1073=LINE('',#8374,#1345);
#1074=LINE('',#8377,#1346);
#1075=LINE('',#8379,#1347);
#1076=LINE('',#8382,#1348);
#1077=LINE('',#8384,#1349);
#1078=LINE('',#8386,#1350);
#1079=LINE('',#8387,#1351);
#1080=LINE('',#8407,#1352);
#1081=LINE('',#8418,#1353);
#1082=LINE('',#8430,#1354);
#1083=LINE('',#8435,#1355);
#1084=LINE('',#8437,#1356);
#1085=LINE('',#8439,#1357);
#1086=LINE('',#8442,#1358);
#1087=LINE('',#8444,#1359);
#1088=LINE('',#8447,#1360);
#1089=LINE('',#8449,#1361);
#1090=LINE('',#8451,#1362);
#1091=LINE('',#8452,#1363);
#1092=LINE('',#8482,#1364);
#1093=LINE('',#8483,#1365);
#1094=LINE('',#8496,#1366);
#1095=LINE('',#8497,#1367);
#1096=LINE('',#8499,#1368);
#1097=LINE('',#8506,#1369);
#1098=LINE('',#8509,#1370);
#1099=LINE('',#8540,#1371);
#1100=LINE('',#8541,#1372);
#1101=LINE('',#8544,#1373);
#1102=LINE('',#8545,#1374);
#1103=LINE('',#8557,#1375);
#1104=LINE('',#8575,#1376);
#1105=LINE('',#8576,#1377);
#1106=LINE('',#9164,#1378);
#1107=LINE('',#9166,#1379);
#1108=LINE('',#9168,#1380);
#1109=LINE('',#9190,#1381);
#1110=LINE('',#9250,#1382);
#1111=LINE('',#9322,#1383);
#1112=LINE('',#9324,#1384);
#1113=LINE('',#10145,#1385);
#1114=LINE('',#10147,#1386);
#1115=LINE('',#10149,#1387);
#1116=LINE('',#10172,#1388);
#1117=LINE('',#10232,#1389);
#1118=LINE('',#10233,#1390);
#1119=LINE('',#10286,#1391);
#1120=LINE('',#10290,#1392);
#1121=LINE('',#10291,#1393);
#1122=LINE('',#10422,#1394);
#1123=LINE('',#10425,#1395);
#1124=LINE('',#10430,#1396);
#1125=LINE('',#10434,#1397);
#1126=LINE('',#10438,#1398);
#1127=LINE('',#10440,#1399);
#1128=LINE('',#10442,#1400);
#1129=LINE('',#10446,#1401);
#1130=LINE('',#10449,#1402);
#1131=LINE('',#10450,#1403);
#1132=LINE('',#10457,#1404);
#1133=LINE('',#10460,#1405);
#1134=LINE('',#10472,#1406);
#1135=LINE('',#10633,#1407);
#1136=LINE('',#10634,#1408);
#1137=LINE('',#10646,#1409);
#1138=LINE('',#10647,#1410);
#1139=LINE('',#10650,#1411);
#1140=LINE('',#10653,#1412);
#1141=LINE('',#10802,#1413);
#1142=LINE('',#10803,#1414);
#1143=LINE('',#10841,#1415);
#1144=LINE('',#10845,#1416);
#1145=LINE('',#10847,#1417);
#1146=LINE('',#10851,#1418);
#1147=LINE('',#10855,#1419);
#1148=LINE('',#10862,#1420);
#1149=LINE('',#10865,#1421);
#1150=VECTOR('',#4482,10.);
#1151=VECTOR('',#4485,10.);
#1152=VECTOR('',#4488,10.);
#1153=VECTOR('',#4491,10.);
#1154=VECTOR('',#4496,10.);
#1155=VECTOR('',#4499,10.);
#1156=VECTOR('',#4502,10.);
#1157=VECTOR('',#4505,10.);
#1158=VECTOR('',#4508,10.);
#1159=VECTOR('',#4511,10.);
#1160=VECTOR('',#4516,10.);
#1161=VECTOR('',#4519,10.);
#1162=VECTOR('',#4524,10.);
#1163=VECTOR('',#4525,10.);
#1164=VECTOR('',#4526,10.);
#1165=VECTOR('',#4527,10.);
#1166=VECTOR('',#4532,10.);
#1167=VECTOR('',#4535,10.);
#1168=VECTOR('',#4540,10.);
#1169=VECTOR('',#4545,10.);
#1170=VECTOR('',#4548,10.);
#1171=VECTOR('',#4551,10.);
#1172=VECTOR('',#4552,10.);
#1173=VECTOR('',#4557,10.);
#1174=VECTOR('',#4560,10.);
#1175=VECTOR('',#4565,10.);
#1176=VECTOR('',#4566,10.);
#1177=VECTOR('',#4571,10.);
#1178=VECTOR('',#4572,10.);
#1179=VECTOR('',#4575,10.);
#1180=VECTOR('',#4578,10.);
#1181=VECTOR('',#4579,10.);
#1182=VECTOR('',#4582,10.);
#1183=VECTOR('',#4585,10.);
#1184=VECTOR('',#4588,10.);
#1185=VECTOR('',#4589,10.);
#1186=VECTOR('',#4590,10.);
#1187=VECTOR('',#4591,10.);
#1188=VECTOR('',#4596,10.);
#1189=VECTOR('',#4601,10.);
#1190=VECTOR('',#4604,10.);
#1191=VECTOR('',#4609,10.);
#1192=VECTOR('',#4610,10.);
#1193=VECTOR('',#4611,10.);
#1194=VECTOR('',#4614,10.);
#1195=VECTOR('',#4615,10.);
#1196=VECTOR('',#4616,10.);
#1197=VECTOR('',#4617,10.);
#1198=VECTOR('',#4620,10.);
#1199=VECTOR('',#4623,10.);
#1200=VECTOR('',#4624,10.);
#1201=VECTOR('',#4625,10.);
#1202=VECTOR('',#4626,10.);
#1203=VECTOR('',#4627,10.);
#1204=VECTOR('',#4628,10.);
#1205=VECTOR('',#4629,10.);
#1206=VECTOR('',#4632,10.);
#1207=VECTOR('',#4633,10.);
#1208=VECTOR('',#4634,10.);
#1209=VECTOR('',#4637,10.);
#1210=VECTOR('',#4638,10.);
#1211=VECTOR('',#4639,10.);
#1212=VECTOR('',#4642,10.);
#1213=VECTOR('',#4643,10.);
#1214=VECTOR('',#4644,10.);
#1215=VECTOR('',#4645,10.);
#1216=VECTOR('',#4646,10.);
#1217=VECTOR('',#4647,10.);
#1218=VECTOR('',#4648,10.);
#1219=VECTOR('',#4651,10.);
#1220=VECTOR('',#4652,10.);
#1221=VECTOR('',#4653,10.);
#1222=VECTOR('',#4656,10.);
#1223=VECTOR('',#4657,10.);
#1224=VECTOR('',#4658,10.);
#1225=VECTOR('',#4659,10.);
#1226=VECTOR('',#4662,10.);
#1227=VECTOR('',#4663,10.);
#1228=VECTOR('',#4664,10.);
#1229=VECTOR('',#4667,10.);
#1230=VECTOR('',#4668,10.);
#1231=VECTOR('',#4671,10.);
#1232=VECTOR('',#4672,10.);
#1233=VECTOR('',#4673,10.);
#1234=VECTOR('',#4674,10.);
#1235=VECTOR('',#4675,10.);
#1236=VECTOR('',#4676,10.);
#1237=VECTOR('',#4677,10.);
#1238=VECTOR('',#4678,10.);
#1239=VECTOR('',#4679,10.);
#1240=VECTOR('',#4682,10.);
#1241=VECTOR('',#4683,10.);
#1242=VECTOR('',#4684,10.);
#1243=VECTOR('',#4687,10.);
#1244=VECTOR('',#4688,10.);
#1245=VECTOR('',#4689,10.);
#1246=VECTOR('',#4692,10.);
#1247=VECTOR('',#4693,10.);
#1248=VECTOR('',#4698,10.);
#1249=VECTOR('',#4699,10.);
#1250=VECTOR('',#4700,10.);
#1251=VECTOR('',#4701,10.);
#1252=VECTOR('',#4704,10.);
#1253=VECTOR('',#4705,10.);
#1254=VECTOR('',#4706,10.);
#1255=VECTOR('',#4709,10.);
#1256=VECTOR('',#4710,10.);
#1257=VECTOR('',#4711,10.);
#1258=VECTOR('',#4714,10.);
#1259=VECTOR('',#4715,10.);
#1260=VECTOR('',#4720,10.);
#1261=VECTOR('',#4721,10.);
#1262=VECTOR('',#4722,10.);
#1263=VECTOR('',#4723,10.);
#1264=VECTOR('',#4726,10.);
#1265=VECTOR('',#4727,10.);
#1266=VECTOR('',#4728,10.);
#1267=VECTOR('',#4731,10.);
#1268=VECTOR('',#4732,10.);
#1269=VECTOR('',#4733,10.);
#1270=VECTOR('',#4736,10.);
#1271=VECTOR('',#4737,10.);
#1272=VECTOR('',#4746,10.);
#1273=VECTOR('',#4755,10.);
#1274=VECTOR('',#4788,10.);
#1275=VECTOR('',#4789,5.00000000000551);
#1276=VECTOR('',#4792,10.);
#1277=VECTOR('',#4823,10.);
#1278=VECTOR('',#4832,10.);
#1279=VECTOR('',#4837,10.);
#1280=VECTOR('',#4840,10.);
#1281=VECTOR('',#4845,10.);
#1282=VECTOR('',#4846,4.99999999999565);
#1283=VECTOR('',#4853,10.);
#1284=VECTOR('',#4854,10.);
#1285=VECTOR('',#4855,10.);
#1286=VECTOR('',#4856,10.);
#1287=VECTOR('',#4857,10.);
#1288=VECTOR('',#4858,10.);
#1289=VECTOR('',#4859,10.);
#1290=VECTOR('',#4860,10.);
#1291=VECTOR('',#4861,10.);
#1292=VECTOR('',#4862,10.);
#1293=VECTOR('',#4863,10.);
#1294=VECTOR('',#4864,10.);
#1295=VECTOR('',#4871,5.00000000000551);
#1296=VECTOR('',#4872,10.);
#1297=VECTOR('',#4873,10.);
#1298=VECTOR('',#4874,10.);
#1299=VECTOR('',#4877,10.);
#1300=VECTOR('',#4884,10.);
#1301=VECTOR('',#4885,10.);
#1302=VECTOR('',#4886,10.);
#1303=VECTOR('',#4887,10.);
#1304=VECTOR('',#4888,10.);
#1305=VECTOR('',#4889,10.);
#1306=VECTOR('',#4890,10.);
#1307=VECTOR('',#4891,10.);
#1308=VECTOR('',#4892,10.);
#1309=VECTOR('',#4893,10.);
#1310=VECTOR('',#4894,10.);
#1311=VECTOR('',#4923,10.);
#1312=VECTOR('',#4924,10.);
#1313=VECTOR('',#4925,10.);
#1314=VECTOR('',#4944,10.);
#1315=VECTOR('',#4947,10.);
#1316=VECTOR('',#4950,10.);
#1317=VECTOR('',#4953,10.);
#1318=VECTOR('',#4956,10.);
#1319=VECTOR('',#4963,4.99999999999565);
#1320=VECTOR('',#4964,10.);
#1321=VECTOR('',#4965,10.);
#1322=VECTOR('',#4966,10.);
#1323=VECTOR('',#4967,10.);
#1324=VECTOR('',#4972,10.);
#1325=VECTOR('',#4979,10.);
#1326=VECTOR('',#4986,0.750039552833951);
#1327=VECTOR('',#4989,10.);
#1328=VECTOR('',#4992,0.750035303089972);
#1329=VECTOR('',#4995,10.);
#1330=VECTOR('',#4998,0.750018404142716);
#1331=VECTOR('',#5001,10.);
#1332=VECTOR('',#5004,0.750033739649402);
#1333=VECTOR('',#5011,10.);
#1334=VECTOR('',#5018,10.);
#1335=VECTOR('',#5023,10.);
#1336=VECTOR('',#5026,10.);
#1337=VECTOR('',#5031,10.);
#1338=VECTOR('',#5040,10.);
#1339=VECTOR('',#5049,10.);
#1340=VECTOR('',#5052,10.);
#1341=VECTOR('',#5055,10.);
#1342=VECTOR('',#5058,10.);
#1343=VECTOR('',#5061,10.);
#1344=VECTOR('',#5062,10.);
#1345=VECTOR('',#5063,10.);
#1346=VECTOR('',#5066,10.);
#1347=VECTOR('',#5067,10.);
#1348=VECTOR('',#5070,10.);
#1349=VECTOR('',#5071,10.);
#1350=VECTOR('',#5072,10.);
#1351=VECTOR('',#5073,10.);
#1352=VECTOR('',#5076,10.);
#1353=VECTOR('',#5079,10.);
#1354=VECTOR('',#5080,10.);
#1355=VECTOR('',#5085,10.);
#1356=VECTOR('',#5086,10.);
#1357=VECTOR('',#5087,10.);
#1358=VECTOR('',#5090,10.);
#1359=VECTOR('',#5091,10.);
#1360=VECTOR('',#5094,10.);
#1361=VECTOR('',#5095,10.);
#1362=VECTOR('',#5096,10.);
#1363=VECTOR('',#5097,10.);
#1364=VECTOR('',#5102,10.);
#1365=VECTOR('',#5103,10.);
#1366=VECTOR('',#5106,10.);
#1367=VECTOR('',#5107,10.);
#1368=VECTOR('',#5110,10.);
#1369=VECTOR('',#5121,10.);
#1370=VECTOR('',#5126,10.);
#1371=VECTOR('',#5137,10.);
#1372=VECTOR('',#5138,10.);
#1373=VECTOR('',#5141,10.);
#1374=VECTOR('',#5142,10.);
#1375=VECTOR('',#5145,10.);
#1376=VECTOR('',#5150,10.);
#1377=VECTOR('',#5151,10.);
#1378=VECTOR('',#5204,10.);
#1379=VECTOR('',#5207,10.);
#1380=VECTOR('',#5210,10.);
#1381=VECTOR('',#5211,10.);
#1382=VECTOR('',#5212,10.);
#1383=VECTOR('',#5213,10.);
#1384=VECTOR('',#5214,10.);
#1385=VECTOR('',#5251,10.);
#1386=VECTOR('',#5254,10.);
#1387=VECTOR('',#5257,10.);
#1388=VECTOR('',#5260,10.);
#1389=VECTOR('',#5261,10.);
#1390=VECTOR('',#5262,10.);
#1391=VECTOR('',#5265,10.);
#1392=VECTOR('',#5270,10.);
#1393=VECTOR('',#5271,10.);
#1394=VECTOR('',#5274,10.);
#1395=VECTOR('',#5279,10.);
#1396=VECTOR('',#5286,1.1);
#1397=VECTOR('',#5291,1.1);
#1398=VECTOR('',#5298,10.);
#1399=VECTOR('',#5301,10.);
#1400=VECTOR('',#5304,10.);
#1401=VECTOR('',#5311,10.);
#1402=VECTOR('',#5314,10.);
#1403=VECTOR('',#5315,10.);
#1404=VECTOR('',#5324,10.);
#1405=VECTOR('',#5327,10.);
#1406=VECTOR('',#5342,10.);
#1407=VECTOR('',#5351,10.);
#1408=VECTOR('',#5352,10.);
#1409=VECTOR('',#5367,1.1);
#1410=VECTOR('',#5368,10.);
#1411=VECTOR('',#5371,10.);
#1412=VECTOR('',#5374,10.);
#1413=VECTOR('',#5379,10.);
#1414=VECTOR('',#5380,1.1);
#1415=VECTOR('',#5393,1.9);
#1416=VECTOR('',#5398,10.);
#1417=VECTOR('',#5399,10.);
#1418=VECTOR('',#5404,10.);
#1419=VECTOR('',#5409,10.);
#1420=VECTOR('',#5420,10.);
#1421=VECTOR('',#5423,10.);
#1422=CIRCLE('',#4134,0.5);
#1423=CIRCLE('',#4135,0.5);
#1424=CIRCLE('',#4139,0.5);
#1425=CIRCLE('',#4140,0.5);
#1426=CIRCLE('',#4144,6.9);
#1427=CIRCLE('',#4145,9.5);
#1428=CIRCLE('',#4147,6.9);
#1429=CIRCLE('',#4148,9.5);
#1430=CIRCLE('',#4151,6.9);
#1431=CIRCLE('',#4152,6.9);
#1432=CIRCLE('',#4154,6.9);
#1433=CIRCLE('',#4155,6.9);
#1434=CIRCLE('',#4157,6.9);
#1435=CIRCLE('',#4160,9.5);
#1436=CIRCLE('',#4162,9.5);
#1437=CIRCLE('',#4165,6.9);
#1438=CIRCLE('',#4169,9.5);
#1439=CIRCLE('',#4172,9.5);
#1440=CIRCLE('',#4173,9.5);
#1441=CIRCLE('',#4175,9.5);
#1442=CIRCLE('',#4176,9.5);
#1443=CIRCLE('',#4180,9.5);
#1444=CIRCLE('',#4204,5.25000000000551);
#1445=CIRCLE('',#4205,6.99);
#1446=CIRCLE('',#4206,0.5);
#1447=CIRCLE('',#4207,11.705774221785);
#1448=CIRCLE('',#4208,11.705774221785);
#1449=CIRCLE('',#4209,0.5);
#1450=CIRCLE('',#4210,6.99);
#1451=CIRCLE('',#4211,5.24999999999565);
#1452=CIRCLE('',#4212,8.65);
#1453=CIRCLE('',#4213,1.9);
#1454=CIRCLE('',#4214,0.25);
#1455=CIRCLE('',#4216,0.250000000004653);
#1456=CIRCLE('',#4217,0.25);
#1457=CIRCLE('',#4218,8.9);
#1458=CIRCLE('',#4220,0.25);
#1459=CIRCLE('',#4221,4.99999999999565);
#1460=CIRCLE('',#4223,5.00000000000551);
#1461=CIRCLE('',#4224,1.5);
#1462=CIRCLE('',#4228,0.25);
#1463=CIRCLE('',#4229,5.24999999999565);
#1464=CIRCLE('',#4230,0.25);
#1465=CIRCLE('',#4231,4.99999999999565);
#1466=CIRCLE('',#4233,0.25);
#1467=CIRCLE('',#4234,8.9);
#1468=CIRCLE('',#4235,8.65);
#1469=CIRCLE('',#4237,0.25);
#1470=CIRCLE('',#4238,5.00000000000551);
#1471=CIRCLE('',#4239,5.25000000000551);
#1472=CIRCLE('',#4241,6.99);
#1473=CIRCLE('',#4242,0.5);
#1474=CIRCLE('',#4243,11.705774221785);
#1475=CIRCLE('',#4244,11.705774221785);
#1476=CIRCLE('',#4245,0.5);
#1477=CIRCLE('',#4246,6.99);
#1478=CIRCLE('',#4247,3.5);
#1479=CIRCLE('',#4248,1.9);
#1480=CIRCLE('',#4249,1.5);
#1481=CIRCLE('',#4252,8.49);
#1482=CIRCLE('',#4254,1.5);
#1483=CIRCLE('',#4256,8.49);
#1484=CIRCLE('',#4259,8.49);
#1485=CIRCLE('',#4261,1.5);
#1486=CIRCLE('',#4263,8.49);
#1487=CIRCLE('',#4266,8.49);
#1488=CIRCLE('',#4267,1.5);
#1489=CIRCLE('',#4269,1.5);
#1490=CIRCLE('',#4270,8.);
#1491=CIRCLE('',#4271,1.5);
#1492=CIRCLE('',#4272,9.46969384566991);
#1493=CIRCLE('',#4273,1.5);
#1494=CIRCLE('',#4276,1.5);
#1495=CIRCLE('',#4277,1.5);
#1496=CIRCLE('',#4279,8.);
#1497=CIRCLE('',#4280,1.5);
#1498=CIRCLE('',#4281,9.46969384566991);
#1499=CIRCLE('',#4282,1.5);
#1500=CIRCLE('',#4284,4.1);
#1501=CIRCLE('',#4285,2.99999999999658);
#1502=CIRCLE('',#4286,4.1);
#1503=CIRCLE('',#4292,9.9);
#1504=CIRCLE('',#4293,9.9);
#1505=CIRCLE('',#4294,9.9);
#1506=CIRCLE('',#4295,9.9);
#1507=CIRCLE('',#4296,9.9);
#1508=CIRCLE('',#4297,9.9);
#1509=CIRCLE('',#4299,0.549999999999999);
#1510=CIRCLE('',#4301,0.55);
#1511=CIRCLE('',#4303,0.550000000000001);
#1512=CIRCLE('',#4305,0.549999999999999);
#1513=CIRCLE('',#4312,7.7);
#1514=CIRCLE('',#4313,1.00000000000004);
#1515=CIRCLE('',#4321,8.49);
#1516=CIRCLE('',#4323,7.7);
#1517=CIRCLE('',#4324,1.00000000000004);
#1518=CIRCLE('',#4327,8.4);
#1519=CIRCLE('',#4328,8.4);
#1520=CIRCLE('',#4329,4.1);
#1521=CIRCLE('',#4333,8.4);
#1522=CIRCLE('',#4334,8.4);
#1523=CIRCLE('',#4335,4.1);
#1524=CIRCLE('',#4342,7.7);
#1525=CIRCLE('',#4344,8.49);
#1526=CIRCLE('',#4345,1.00000000000004);
#1527=CIRCLE('',#4358,8.49);
#1528=CIRCLE('',#4359,1.00000000000004);
#1529=CIRCLE('',#4360,7.7);
#1530=CIRCLE('',#4365,0.81);
#1531=CIRCLE('',#4367,0.81);
#1532=CIRCLE('',#4368,0.5);
#1533=CIRCLE('',#4369,1.31);
#1534=CIRCLE('',#4371,0.810000000000035);
#1535=CIRCLE('',#4372,11.705774221785);
#1536=CIRCLE('',#4373,10.895774221785);
#1537=CIRCLE('',#4375,0.81);
#1538=CIRCLE('',#4376,11.705774221785);
#1539=CIRCLE('',#4377,10.895774221785);
#1540=CIRCLE('',#4379,0.5);
#1541=CIRCLE('',#4380,1.31);
#1542=CIRCLE('',#4386,0.81);
#1543=CIRCLE('',#4387,0.5);
#1544=CIRCLE('',#4388,1.31);
#1545=CIRCLE('',#4390,0.810000000000035);
#1546=CIRCLE('',#4391,11.705774221785);
#1547=CIRCLE('',#4392,10.895774221785);
#1548=CIRCLE('',#4393,0.81);
#1549=CIRCLE('',#4395,0.81);
#1550=CIRCLE('',#4396,11.705774221785);
#1551=CIRCLE('',#4397,10.895774221785);
#1552=CIRCLE('',#4399,0.5);
#1553=CIRCLE('',#4400,1.31);
#1554=CIRCLE('',#4414,1.1);
#1555=CIRCLE('',#4416,1.1);
#1556=CIRCLE('',#4427,4.1);
#1557=CIRCLE('',#4430,4.1);
#1558=CIRCLE('',#4432,4.1);
#1559=CIRCLE('',#4434,4.1);
#1560=CIRCLE('',#4437,0.250000000000001);
#1561=CIRCLE('',#4438,0.249999999999999);
#1562=CIRCLE('',#4440,0.25);
#1563=CIRCLE('',#4442,1.1);
#1564=CIRCLE('',#4443,1.9);
#1565=CIRCLE('',#4444,1.1);
#1566=CIRCLE('',#4445,0.25);
#1567=CIRCLE('',#4446,1.9);
#1568=CIRCLE('',#4449,0.249999999999999);
#1569=CIRCLE('',#4450,0.250000000000003);
#1570=CIRCLE('',#4457,1.9);
#1571=CIRCLE('',#4464,2.99999999999658);
#1572=CIRCLE('',#4471,2.99999999999658);
#1573=CIRCLE('',#4473,2.99999999999658);
#1574=VERTEX_POINT('',#5438);
#1575=VERTEX_POINT('',#5439);
#1576=VERTEX_POINT('',#5441);
#1577=VERTEX_POINT('',#5443);
#1578=VERTEX_POINT('',#5447);
#1579=VERTEX_POINT('',#5449);
#1580=VERTEX_POINT('',#5451);
#1581=VERTEX_POINT('',#5458);
#1582=VERTEX_POINT('',#5459);
#1583=VERTEX_POINT('',#5461);
#1584=VERTEX_POINT('',#5463);
#1585=VERTEX_POINT('',#5467);
#1586=VERTEX_POINT('',#5469);
#1587=VERTEX_POINT('',#5474);
#1588=VERTEX_POINT('',#5478);
#1589=VERTEX_POINT('',#5479);
#1590=VERTEX_POINT('',#5481);
#1591=VERTEX_POINT('',#5483);
#1592=VERTEX_POINT('',#5487);
#1593=VERTEX_POINT('',#5489);
#1594=VERTEX_POINT('',#5491);
#1595=VERTEX_POINT('',#5493);
#1596=VERTEX_POINT('',#5533);
#1597=VERTEX_POINT('',#5534);
#1598=VERTEX_POINT('',#5536);
#1599=VERTEX_POINT('',#5538);
#1600=VERTEX_POINT('',#5542);
#1601=VERTEX_POINT('',#5543);
#1602=VERTEX_POINT('',#5545);
#1603=VERTEX_POINT('',#5547);
#1604=VERTEX_POINT('',#5551);
#1605=VERTEX_POINT('',#5553);
#1606=VERTEX_POINT('',#5557);
#1607=VERTEX_POINT('',#5559);
#1608=VERTEX_POINT('',#5566);
#1609=VERTEX_POINT('',#5604);
#1610=VERTEX_POINT('',#5608);
#1611=VERTEX_POINT('',#5612);
#1612=VERTEX_POINT('',#5616);
#1613=VERTEX_POINT('',#5617);
#1614=VERTEX_POINT('',#5624);
#1615=VERTEX_POINT('',#5644);
#1616=VERTEX_POINT('',#5646);
#1617=VERTEX_POINT('',#5663);
#1618=VERTEX_POINT('',#5665);
#1619=VERTEX_POINT('',#5669);
#1620=VERTEX_POINT('',#5671);
#1621=VERTEX_POINT('',#5676);
#1622=VERTEX_POINT('',#5678);
#1623=VERTEX_POINT('',#5682);
#1624=VERTEX_POINT('',#5684);
#1625=VERTEX_POINT('',#5688);
#1626=VERTEX_POINT('',#5690);
#1627=VERTEX_POINT('',#5692);
#1628=VERTEX_POINT('',#5696);
#1629=VERTEX_POINT('',#5698);
#1630=VERTEX_POINT('',#5700);
#1631=VERTEX_POINT('',#5707);
#1632=VERTEX_POINT('',#5709);
#1633=VERTEX_POINT('',#5714);
#1634=VERTEX_POINT('',#5716);
#1635=VERTEX_POINT('',#5720);
#1636=VERTEX_POINT('',#5733);
#1637=VERTEX_POINT('',#5740);
#1638=VERTEX_POINT('',#5745);
#1639=VERTEX_POINT('',#5756);
#1640=VERTEX_POINT('',#5763);
#1641=VERTEX_POINT('',#5774);
#1642=VERTEX_POINT('',#5785);
#1643=VERTEX_POINT('',#5810);
#1644=VERTEX_POINT('',#5811);
#1645=VERTEX_POINT('',#5819);
#1646=VERTEX_POINT('',#5821);
#1647=VERTEX_POINT('',#5838);
#1648=VERTEX_POINT('',#5846);
#1649=VERTEX_POINT('',#5863);
#1650=VERTEX_POINT('',#5871);
#1651=VERTEX_POINT('',#5888);
#1652=VERTEX_POINT('',#5896);
#1653=VERTEX_POINT('',#5913);
#1654=VERTEX_POINT('',#5914);
#1655=VERTEX_POINT('',#5922);
#1656=VERTEX_POINT('',#5924);
#1657=VERTEX_POINT('',#5932);
#1658=VERTEX_POINT('',#5934);
#1659=VERTEX_POINT('',#5938);
#1660=VERTEX_POINT('',#5940);
#1661=VERTEX_POINT('',#5944);
#1662=VERTEX_POINT('',#5946);
#1663=VERTEX_POINT('',#5959);
#1664=VERTEX_POINT('',#5967);
#1665=VERTEX_POINT('',#5984);
#1666=VERTEX_POINT('',#5992);
#1667=VERTEX_POINT('',#6009);
#1668=VERTEX_POINT('',#6017);
#1669=VERTEX_POINT('',#6034);
#1670=VERTEX_POINT('',#6042);
#1671=VERTEX_POINT('',#6050);
#1672=VERTEX_POINT('',#6052);
#1673=VERTEX_POINT('',#6056);
#1674=VERTEX_POINT('',#6058);
#1675=VERTEX_POINT('',#6071);
#1676=VERTEX_POINT('',#6079);
#1677=VERTEX_POINT('',#6087);
#1678=VERTEX_POINT('',#6089);
#1679=VERTEX_POINT('',#6096);
#1680=VERTEX_POINT('',#6098);
#1681=VERTEX_POINT('',#6111);
#1682=VERTEX_POINT('',#6119);
#1683=VERTEX_POINT('',#6136);
#1684=VERTEX_POINT('',#6144);
#1685=VERTEX_POINT('',#6161);
#1686=VERTEX_POINT('',#6169);
#1687=VERTEX_POINT('',#6186);
#1688=VERTEX_POINT('',#6194);
#1689=VERTEX_POINT('',#6211);
#1690=VERTEX_POINT('',#6219);
#1691=VERTEX_POINT('',#6236);
#1692=VERTEX_POINT('',#6244);
#1693=VERTEX_POINT('',#6252);
#1694=VERTEX_POINT('',#6254);
#1695=VERTEX_POINT('',#6258);
#1696=VERTEX_POINT('',#6260);
#1697=VERTEX_POINT('',#6268);
#1698=VERTEX_POINT('',#6269);
#1699=VERTEX_POINT('',#6271);
#1700=VERTEX_POINT('',#6273);
#1701=VERTEX_POINT('',#6277);
#1702=VERTEX_POINT('',#6279);
#1703=VERTEX_POINT('',#6283);
#1704=VERTEX_POINT('',#6285);
#1705=VERTEX_POINT('',#6293);
#1706=VERTEX_POINT('',#6294);
#1707=VERTEX_POINT('',#6296);
#1708=VERTEX_POINT('',#6298);
#1709=VERTEX_POINT('',#6302);
#1710=VERTEX_POINT('',#6304);
#1711=VERTEX_POINT('',#6308);
#1712=VERTEX_POINT('',#6310);
#1713=VERTEX_POINT('',#6318);
#1714=VERTEX_POINT('',#6319);
#1715=VERTEX_POINT('',#6321);
#1716=VERTEX_POINT('',#6327);
#1717=VERTEX_POINT('',#6329);
#1718=VERTEX_POINT('',#6331);
#1719=VERTEX_POINT('',#6333);
#1720=VERTEX_POINT('',#6335);
#1721=VERTEX_POINT('',#6346);
#1722=VERTEX_POINT('',#6354);
#1723=VERTEX_POINT('',#6356);
#1724=VERTEX_POINT('',#6358);
#1725=VERTEX_POINT('',#6360);
#1726=VERTEX_POINT('',#6362);
#1727=VERTEX_POINT('',#6368);
#1728=VERTEX_POINT('',#6371);
#1729=VERTEX_POINT('',#6413);
#1730=VERTEX_POINT('',#6414);
#1731=VERTEX_POINT('',#6448);
#1732=VERTEX_POINT('',#6459);
#1733=VERTEX_POINT('',#6461);
#1734=VERTEX_POINT('',#6465);
#1735=VERTEX_POINT('',#6508);
#1736=VERTEX_POINT('',#6509);
#1737=VERTEX_POINT('',#6575);
#1738=VERTEX_POINT('',#6584);
#1739=VERTEX_POINT('',#6605);
#1740=VERTEX_POINT('',#6606);
#1741=VERTEX_POINT('',#6608);
#1742=VERTEX_POINT('',#6610);
#1743=VERTEX_POINT('',#6614);
#1744=VERTEX_POINT('',#6615);
#1745=VERTEX_POINT('',#6620);
#1746=VERTEX_POINT('',#6621);
#1747=VERTEX_POINT('',#6670);
#1748=VERTEX_POINT('',#6671);
#1749=VERTEX_POINT('',#6752);
#1750=VERTEX_POINT('',#6753);
#1751=VERTEX_POINT('',#6796);
#1752=VERTEX_POINT('',#6802);
#1753=VERTEX_POINT('',#6804);
#1754=VERTEX_POINT('',#6806);
#1755=VERTEX_POINT('',#6808);
#1756=VERTEX_POINT('',#6810);
#1757=VERTEX_POINT('',#6821);
#1758=VERTEX_POINT('',#6832);
#1759=VERTEX_POINT('',#6834);
#1760=VERTEX_POINT('',#6836);
#1761=VERTEX_POINT('',#6838);
#1762=VERTEX_POINT('',#6845);
#1763=VERTEX_POINT('',#6846);
#1764=VERTEX_POINT('',#6848);
#1765=VERTEX_POINT('',#6850);
#1766=VERTEX_POINT('',#6878);
#1767=VERTEX_POINT('',#6886);
#1768=VERTEX_POINT('',#6888);
#1769=VERTEX_POINT('',#6901);
#1770=VERTEX_POINT('',#6920);
#1771=VERTEX_POINT('',#6933);
#1772=VERTEX_POINT('',#6935);
#1773=VERTEX_POINT('',#6937);
#1774=VERTEX_POINT('',#6939);
#1775=VERTEX_POINT('',#6941);
#1776=VERTEX_POINT('',#6953);
#1777=VERTEX_POINT('',#6955);
#1778=VERTEX_POINT('',#6964);
#1779=VERTEX_POINT('',#6966);
#1780=VERTEX_POINT('',#6968);
#1781=VERTEX_POINT('',#6970);
#1782=VERTEX_POINT('',#6972);
#1783=VERTEX_POINT('',#6974);
#1784=VERTEX_POINT('',#7009);
#1785=VERTEX_POINT('',#7017);
#1786=VERTEX_POINT('',#7037);
#1787=VERTEX_POINT('',#7039);
#1788=VERTEX_POINT('',#7041);
#1789=VERTEX_POINT('',#7046);
#1790=VERTEX_POINT('',#7051);
#1791=VERTEX_POINT('',#7057);
#1792=VERTEX_POINT('',#7062);
#1793=VERTEX_POINT('',#7069);
#1794=VERTEX_POINT('',#7071);
#1795=VERTEX_POINT('',#7075);
#1796=VERTEX_POINT('',#7077);
#1797=VERTEX_POINT('',#7086);
#1798=VERTEX_POINT('',#7088);
#1799=VERTEX_POINT('',#7090);
#1800=VERTEX_POINT('',#7092);
#1801=VERTEX_POINT('',#7094);
#1802=VERTEX_POINT('',#7096);
#1803=VERTEX_POINT('',#7106);
#1804=VERTEX_POINT('',#7117);
#1805=VERTEX_POINT('',#7119);
#1806=VERTEX_POINT('',#7121);
#1807=VERTEX_POINT('',#7149);
#1808=VERTEX_POINT('',#7181);
#1809=VERTEX_POINT('',#7198);
#1810=VERTEX_POINT('',#7205);
#1811=VERTEX_POINT('',#7207);
#1812=VERTEX_POINT('',#7210);
#1813=VERTEX_POINT('',#7302);
#1814=VERTEX_POINT('',#7304);
#1815=VERTEX_POINT('',#7328);
#1816=VERTEX_POINT('',#7345);
#1817=VERTEX_POINT('',#7381);
#1818=VERTEX_POINT('',#7390);
#1819=VERTEX_POINT('',#7414);
#1820=VERTEX_POINT('',#7419);
#1821=VERTEX_POINT('',#7454);
#1822=VERTEX_POINT('',#7456);
#1823=VERTEX_POINT('',#7458);
#1824=VERTEX_POINT('',#7460);
#1825=VERTEX_POINT('',#7462);
#1826=VERTEX_POINT('',#7464);
#1827=VERTEX_POINT('',#7475);
#1828=VERTEX_POINT('',#7480);
#1829=VERTEX_POINT('',#7493);
#1830=VERTEX_POINT('',#7498);
#1831=VERTEX_POINT('',#7515);
#1832=VERTEX_POINT('',#7568);
#1833=VERTEX_POINT('',#7573);
#1834=VERTEX_POINT('',#7638);
#1835=VERTEX_POINT('',#7644);
#1836=VERTEX_POINT('',#7724);
#1837=VERTEX_POINT('',#7726);
#1838=VERTEX_POINT('',#7731);
#1839=VERTEX_POINT('',#7736);
#1840=VERTEX_POINT('',#7802);
#1841=VERTEX_POINT('',#7803);
#1842=VERTEX_POINT('',#7805);
#1843=VERTEX_POINT('',#7841);
#1844=VERTEX_POINT('',#7843);
#1845=VERTEX_POINT('',#7845);
#1846=VERTEX_POINT('',#7847);
#1847=VERTEX_POINT('',#7849);
#1848=VERTEX_POINT('',#7851);
#1849=VERTEX_POINT('',#7853);
#1850=VERTEX_POINT('',#7856);
#1851=VERTEX_POINT('',#7888);
#1852=VERTEX_POINT('',#7912);
#1853=VERTEX_POINT('',#7928);
#1854=VERTEX_POINT('',#8055);
#1855=VERTEX_POINT('',#8057);
#1856=VERTEX_POINT('',#8094);
#1857=VERTEX_POINT('',#8153);
#1858=VERTEX_POINT('',#8155);
#1859=VERTEX_POINT('',#8175);
#1860=VERTEX_POINT('',#8270);
#1861=VERTEX_POINT('',#8272);
#1862=VERTEX_POINT('',#8301);
#1863=VERTEX_POINT('',#8305);
#1864=VERTEX_POINT('',#8307);
#1865=VERTEX_POINT('',#8311);
#1866=VERTEX_POINT('',#8315);
#1867=VERTEX_POINT('',#8317);
#1868=VERTEX_POINT('',#8319);
#1869=VERTEX_POINT('',#8323);
#1870=VERTEX_POINT('',#8325);
#1871=VERTEX_POINT('',#8329);
#1872=VERTEX_POINT('',#8331);
#1873=VERTEX_POINT('',#8337);
#1874=VERTEX_POINT('',#8339);
#1875=VERTEX_POINT('',#8341);
#1876=VERTEX_POINT('',#8345);
#1877=VERTEX_POINT('',#8356);
#1878=VERTEX_POINT('',#8365);
#1879=VERTEX_POINT('',#8367);
#1880=VERTEX_POINT('',#8369);
#1881=VERTEX_POINT('',#8371);
#1882=VERTEX_POINT('',#8373);
#1883=VERTEX_POINT('',#8375);
#1884=VERTEX_POINT('',#8378);
#1885=VERTEX_POINT('',#8380);
#1886=VERTEX_POINT('',#8383);
#1887=VERTEX_POINT('',#8385);
#1888=VERTEX_POINT('',#8389);
#1889=VERTEX_POINT('',#8396);
#1890=VERTEX_POINT('',#8409);
#1891=VERTEX_POINT('',#8410);
#1892=VERTEX_POINT('',#8417);
#1893=VERTEX_POINT('',#8419);
#1894=VERTEX_POINT('',#8432);
#1895=VERTEX_POINT('',#8434);
#1896=VERTEX_POINT('',#8436);
#1897=VERTEX_POINT('',#8438);
#1898=VERTEX_POINT('',#8440);
#1899=VERTEX_POINT('',#8443);
#1900=VERTEX_POINT('',#8445);
#1901=VERTEX_POINT('',#8448);
#1902=VERTEX_POINT('',#8450);
#1903=VERTEX_POINT('',#8481);
#1904=VERTEX_POINT('',#8495);
#1905=VERTEX_POINT('',#8505);
#1906=VERTEX_POINT('',#8539);
#1907=VERTEX_POINT('',#8543);
#1908=VERTEX_POINT('',#8574);
#1909=VERTEX_POINT('',#8790);
#1910=VERTEX_POINT('',#8803);
#1911=VERTEX_POINT('',#8840);
#1912=VERTEX_POINT('',#8881);
#1913=VERTEX_POINT('',#8882);
#1914=VERTEX_POINT('',#8887);
#1915=VERTEX_POINT('',#8888);
#1916=VERTEX_POINT('',#9155);
#1917=VERTEX_POINT('',#9156);
#1918=VERTEX_POINT('',#9189);
#1919=VERTEX_POINT('',#9191);
#1920=VERTEX_POINT('',#9251);
#1921=VERTEX_POINT('',#9252);
#1922=VERTEX_POINT('',#9323);
#1923=VERTEX_POINT('',#9383);
#1924=VERTEX_POINT('',#9384);
#1925=VERTEX_POINT('',#9554);
#1926=VERTEX_POINT('',#9555);
#1927=VERTEX_POINT('',#9560);
#1928=VERTEX_POINT('',#9561);
#1929=VERTEX_POINT('',#9793);
#1930=VERTEX_POINT('',#10050);
#1931=VERTEX_POINT('',#10091);
#1932=VERTEX_POINT('',#10136);
#1933=VERTEX_POINT('',#10137);
#1934=VERTEX_POINT('',#10171);
#1935=VERTEX_POINT('',#10173);
#1936=VERTEX_POINT('',#10234);
#1937=VERTEX_POINT('',#10235);
#1938=VERTEX_POINT('',#10289);
#1939=VERTEX_POINT('',#10370);
#1940=VERTEX_POINT('',#10371);
#1941=VERTEX_POINT('',#10429);
#1942=VERTEX_POINT('',#10433);
#1943=VERTEX_POINT('',#10448);
#1944=VERTEX_POINT('',#10452);
#1945=VERTEX_POINT('',#10454);
#1946=VERTEX_POINT('',#10459);
#1947=VERTEX_POINT('',#10461);
#1948=VERTEX_POINT('',#10463);
#1949=VERTEX_POINT('',#10465);
#1950=VERTEX_POINT('',#10467);
#1951=VERTEX_POINT('',#10508);
#1952=VERTEX_POINT('',#10510);
#1953=VERTEX_POINT('',#10545);
#1954=VERTEX_POINT('',#10608);
#1955=VERTEX_POINT('',#10609);
#1956=VERTEX_POINT('',#10630);
#1957=VERTEX_POINT('',#10631);
#1958=VERTEX_POINT('',#10636);
#1959=VERTEX_POINT('',#10638);
#1960=VERTEX_POINT('',#10640);
#1961=VERTEX_POINT('',#10642);
#1962=VERTEX_POINT('',#10649);
#1963=VERTEX_POINT('',#10651);
#1964=VERTEX_POINT('',#10699);
#1965=VERTEX_POINT('',#10754);
#1966=VERTEX_POINT('',#10789);
#1967=VERTEX_POINT('',#10839);
#1968=VERTEX_POINT('',#10844);
#1969=VERTEX_POINT('',#10846);
#1970=VERTEX_POINT('',#10850);
#1971=VERTEX_POINT('',#10854);
#1972=VERTEX_POINT('',#10861);
#1973=VERTEX_POINT('',#10863);
#1974=EDGE_CURVE('',#1574,#1575,#1422,.T.);
#1975=EDGE_CURVE('',#1574,#1576,#878,.T.);
#1976=EDGE_CURVE('',#1576,#1577,#1423,.T.);
#1977=EDGE_CURVE('',#1577,#1575,#879,.T.);
#1978=EDGE_CURVE('',#1578,#1577,#880,.T.);
#1979=EDGE_CURVE('',#1579,#1578,#296,.T.);
#1980=EDGE_CURVE('',#1580,#1579,#117,.T.);
#1981=EDGE_CURVE('',#1580,#1575,#881,.T.);
#1982=EDGE_CURVE('',#1581,#1582,#1424,.T.);
#1983=EDGE_CURVE('',#1581,#1583,#882,.T.);
#1984=EDGE_CURVE('',#1583,#1584,#1425,.T.);
#1985=EDGE_CURVE('',#1584,#1582,#883,.T.);
#1986=EDGE_CURVE('',#1581,#1585,#884,.T.);
#1987=EDGE_CURVE('',#1586,#1585,#118,.T.);
#1988=EDGE_CURVE('',#1587,#1586,#297,.T.);
#1989=EDGE_CURVE('',#1583,#1587,#885,.T.);
#1990=EDGE_CURVE('',#1588,#1589,#886,.T.);
#1991=EDGE_CURVE('',#1590,#1588,#1426,.T.);
#1992=EDGE_CURVE('',#1591,#1590,#887,.T.);
#1993=EDGE_CURVE('',#1589,#1591,#1427,.T.);
#1994=EDGE_CURVE('',#1592,#1582,#888,.T.);
#1995=EDGE_CURVE('',#1593,#1592,#1428,.T.);
#1996=EDGE_CURVE('',#1594,#1593,#889,.T.);
#1997=EDGE_CURVE('',#1595,#1594,#1429,.T.);
#1998=EDGE_CURVE('',#1585,#1595,#119,.T.);
#1999=EDGE_CURVE('',#1596,#1597,#890,.T.);
#2000=EDGE_CURVE('',#1596,#1598,#891,.T.);
#2001=EDGE_CURVE('',#1598,#1599,#892,.T.);
#2002=EDGE_CURVE('',#1597,#1599,#893,.T.);
#2003=EDGE_CURVE('',#1600,#1601,#1430,.T.);
#2004=EDGE_CURVE('',#1600,#1602,#894,.T.);
#2005=EDGE_CURVE('',#1602,#1603,#1431,.T.);
#2006=EDGE_CURVE('',#1601,#1603,#895,.T.);
#2007=EDGE_CURVE('',#1604,#1596,#1432,.T.);
#2008=EDGE_CURVE('',#1605,#1604,#896,.T.);
#2009=EDGE_CURVE('',#1605,#1598,#1433,.T.);
#2010=EDGE_CURVE('',#1606,#1588,#897,.T.);
#2011=EDGE_CURVE('',#1607,#1606,#1434,.T.);
#2012=EDGE_CURVE('',#1590,#1607,#898,.T.);
#2013=EDGE_CURVE('',#1574,#1602,#899,.T.);
#2014=EDGE_CURVE('',#1576,#1600,#900,.T.);
#2015=EDGE_CURVE('',#1608,#1580,#120,.T.);
#2016=EDGE_CURVE('',#1609,#1608,#1435,.T.);
#2017=EDGE_CURVE('',#1603,#1609,#901,.T.);
#2018=EDGE_CURVE('',#1610,#1605,#902,.T.);
#2019=EDGE_CURVE('',#1599,#1610,#1436,.T.);
#2020=EDGE_CURVE('',#1611,#1607,#903,.T.);
#2021=EDGE_CURVE('',#1591,#1611,#904,.T.);
#2022=EDGE_CURVE('',#1612,#1613,#1437,.T.);
#2023=EDGE_CURVE('',#1593,#1612,#905,.T.);
#2024=EDGE_CURVE('',#1592,#1613,#906,.T.);
#2025=EDGE_CURVE('',#1613,#1584,#907,.T.);
#2026=EDGE_CURVE('',#1586,#1614,#121,.T.);
#2027=EDGE_CURVE('',#1614,#1615,#908,.T.);
#2028=EDGE_CURVE('',#1616,#1615,#122,.T.);
#2029=EDGE_CURVE('',#1616,#1587,#909,.T.);
#2030=EDGE_CURVE('',#1617,#1594,#910,.T.);
#2031=EDGE_CURVE('',#1618,#1617,#1438,.T.);
#2032=EDGE_CURVE('',#1618,#1595,#911,.T.);
#2033=EDGE_CURVE('',#1619,#1589,#912,.T.);
#2034=EDGE_CURVE('',#1620,#1619,#123,.T.);
#2035=EDGE_CURVE('',#1621,#1620,#913,.T.);
#2036=EDGE_CURVE('',#1622,#1621,#914,.T.);
#2037=EDGE_CURVE('',#1622,#1606,#915,.T.);
#2038=EDGE_CURVE('',#1611,#1623,#1439,.T.);
#2039=EDGE_CURVE('',#1624,#1623,#916,.T.);
#2040=EDGE_CURVE('',#1619,#1624,#1440,.T.);
#2041=EDGE_CURVE('',#1610,#1625,#917,.T.);
#2042=EDGE_CURVE('',#1626,#1625,#1441,.T.);
#2043=EDGE_CURVE('',#1627,#1626,#918,.T.);
#2044=EDGE_CURVE('',#1627,#1597,#1442,.T.);
#2045=EDGE_CURVE('',#1604,#1628,#919,.T.);
#2046=EDGE_CURVE('',#1629,#1628,#920,.T.);
#2047=EDGE_CURVE('',#1629,#1630,#921,.T.);
#2048=EDGE_CURVE('',#1625,#1630,#124,.T.);
#2049=EDGE_CURVE('',#1609,#1631,#922,.T.);
#2050=EDGE_CURVE('',#1632,#1631,#125,.T.);
#2051=EDGE_CURVE('',#1632,#1633,#923,.T.);
#2052=EDGE_CURVE('',#1633,#1634,#924,.T.);
#2053=EDGE_CURVE('',#1634,#1601,#925,.T.);
#2054=EDGE_CURVE('',#1608,#1635,#926,.T.);
#2055=EDGE_CURVE('',#1631,#1635,#1443,.T.);
#2056=EDGE_CURVE('',#1636,#1618,#126,.T.);
#2057=EDGE_CURVE('',#1637,#1636,#127,.T.);
#2058=EDGE_CURVE('',#1637,#1638,#128,.T.);
#2059=EDGE_CURVE('',#1638,#1639,#129,.T.);
#2060=EDGE_CURVE('',#1639,#1640,#130,.T.);
#2061=EDGE_CURVE('',#1641,#1640,#131,.T.);
#2062=EDGE_CURVE('',#1635,#1641,#132,.T.);
#2063=EDGE_CURVE('',#1642,#1579,#133,.T.);
#2064=EDGE_CURVE('',#1642,#1614,#134,.T.);
#2065=EDGE_CURVE('',#1643,#1644,#135,.T.);
#2066=EDGE_CURVE('',#1645,#1643,#927,.T.);
#2067=EDGE_CURVE('',#1645,#1646,#136,.T.);
#2068=EDGE_CURVE('',#1646,#1644,#928,.T.);
#2069=EDGE_CURVE('',#1644,#1647,#137,.T.);
#2070=EDGE_CURVE('',#1646,#1648,#138,.T.);
#2071=EDGE_CURVE('',#1648,#1647,#929,.T.);
#2072=EDGE_CURVE('',#1647,#1649,#139,.T.);
#2073=EDGE_CURVE('',#1648,#1650,#140,.T.);
#2074=EDGE_CURVE('',#1650,#1649,#930,.T.);
#2075=EDGE_CURVE('',#1649,#1651,#141,.T.);
#2076=EDGE_CURVE('',#1650,#1652,#142,.T.);
#2077=EDGE_CURVE('',#1652,#1651,#931,.T.);
#2078=EDGE_CURVE('',#1653,#1654,#143,.T.);
#2079=EDGE_CURVE('',#1655,#1653,#932,.T.);
#2080=EDGE_CURVE('',#1655,#1656,#144,.T.);
#2081=EDGE_CURVE('',#1656,#1654,#933,.T.);
#2082=EDGE_CURVE('',#1654,#1657,#934,.T.);
#2083=EDGE_CURVE('',#1656,#1658,#935,.T.);
#2084=EDGE_CURVE('',#1658,#1657,#936,.T.);
#2085=EDGE_CURVE('',#1657,#1659,#937,.T.);
#2086=EDGE_CURVE('',#1658,#1660,#938,.T.);
#2087=EDGE_CURVE('',#1660,#1659,#939,.T.);
#2088=EDGE_CURVE('',#1659,#1661,#940,.T.);
#2089=EDGE_CURVE('',#1660,#1662,#941,.T.);
#2090=EDGE_CURVE('',#1662,#1661,#942,.T.);
#2091=EDGE_CURVE('',#1661,#1663,#145,.T.);
#2092=EDGE_CURVE('',#1662,#1664,#146,.T.);
#2093=EDGE_CURVE('',#1664,#1663,#943,.T.);
#2094=EDGE_CURVE('',#1663,#1665,#147,.T.);
#2095=EDGE_CURVE('',#1664,#1666,#148,.T.);
#2096=EDGE_CURVE('',#1666,#1665,#944,.T.);
#2097=EDGE_CURVE('',#1665,#1667,#149,.T.);
#2098=EDGE_CURVE('',#1666,#1668,#150,.T.);
#2099=EDGE_CURVE('',#1668,#1667,#945,.T.);
#2100=EDGE_CURVE('',#1667,#1669,#151,.T.);
#2101=EDGE_CURVE('',#1668,#1670,#152,.T.);
#2102=EDGE_CURVE('',#1670,#1669,#946,.T.);
#2103=EDGE_CURVE('',#1669,#1671,#947,.T.);
#2104=EDGE_CURVE('',#1670,#1672,#948,.T.);
#2105=EDGE_CURVE('',#1672,#1671,#949,.T.);
#2106=EDGE_CURVE('',#1651,#1673,#950,.T.);
#2107=EDGE_CURVE('',#1652,#1674,#951,.T.);
#2108=EDGE_CURVE('',#1674,#1673,#952,.T.);
#2109=EDGE_CURVE('',#1675,#1643,#153,.T.);
#2110=EDGE_CURVE('',#1676,#1675,#953,.T.);
#2111=EDGE_CURVE('',#1676,#1645,#154,.T.);
#2112=EDGE_CURVE('',#1677,#1675,#954,.T.);
#2113=EDGE_CURVE('',#1677,#1678,#955,.T.);
#2114=EDGE_CURVE('',#1678,#1676,#956,.T.);
#2115=EDGE_CURVE('',#1673,#1677,#957,.T.);
#2116=EDGE_CURVE('',#1674,#1678,#958,.T.);
#2117=EDGE_CURVE('',#1671,#1679,#959,.T.);
#2118=EDGE_CURVE('',#1672,#1680,#960,.T.);
#2119=EDGE_CURVE('',#1680,#1679,#961,.T.);
#2120=EDGE_CURVE('',#1681,#1653,#155,.T.);
#2121=EDGE_CURVE('',#1682,#1681,#962,.T.);
#2122=EDGE_CURVE('',#1682,#1655,#156,.T.);
#2123=EDGE_CURVE('',#1683,#1681,#157,.T.);
#2124=EDGE_CURVE('',#1684,#1683,#963,.T.);
#2125=EDGE_CURVE('',#1684,#1682,#158,.T.);
#2126=EDGE_CURVE('',#1685,#1683,#159,.T.);
#2127=EDGE_CURVE('',#1686,#1685,#964,.T.);
#2128=EDGE_CURVE('',#1686,#1684,#160,.T.);
#2129=EDGE_CURVE('',#1687,#1685,#161,.T.);
#2130=EDGE_CURVE('',#1688,#1687,#965,.T.);
#2131=EDGE_CURVE('',#1688,#1686,#162,.T.);
#2132=EDGE_CURVE('',#1689,#1687,#163,.T.);
#2133=EDGE_CURVE('',#1690,#1689,#966,.T.);
#2134=EDGE_CURVE('',#1690,#1688,#164,.T.);
#2135=EDGE_CURVE('',#1691,#1689,#165,.T.);
#2136=EDGE_CURVE('',#1692,#1691,#967,.T.);
#2137=EDGE_CURVE('',#1692,#1690,#166,.T.);
#2138=EDGE_CURVE('',#1693,#1691,#968,.T.);
#2139=EDGE_CURVE('',#1694,#1693,#969,.T.);
#2140=EDGE_CURVE('',#1694,#1692,#970,.T.);
#2141=EDGE_CURVE('',#1695,#1693,#971,.T.);
#2142=EDGE_CURVE('',#1695,#1696,#972,.T.);
#2143=EDGE_CURVE('',#1696,#1694,#973,.T.);
#2144=EDGE_CURVE('',#1679,#1695,#974,.T.);
#2145=EDGE_CURVE('',#1680,#1696,#975,.T.);
#2146=EDGE_CURVE('',#1697,#1698,#976,.T.);
#2147=EDGE_CURVE('',#1697,#1699,#977,.T.);
#2148=EDGE_CURVE('',#1699,#1700,#978,.T.);
#2149=EDGE_CURVE('',#1700,#1698,#979,.T.);
#2150=EDGE_CURVE('',#1698,#1701,#980,.T.);
#2151=EDGE_CURVE('',#1700,#1702,#981,.T.);
#2152=EDGE_CURVE('',#1702,#1701,#982,.T.);
#2153=EDGE_CURVE('',#1701,#1703,#983,.T.);
#2154=EDGE_CURVE('',#1702,#1704,#984,.T.);
#2155=EDGE_CURVE('',#1704,#1703,#985,.T.);
#2156=EDGE_CURVE('',#1703,#1697,#986,.T.);
#2157=EDGE_CURVE('',#1704,#1699,#987,.T.);
#2158=EDGE_CURVE('',#1705,#1706,#988,.T.);
#2159=EDGE_CURVE('',#1705,#1707,#989,.T.);
#2160=EDGE_CURVE('',#1707,#1708,#990,.T.);
#2161=EDGE_CURVE('',#1708,#1706,#991,.T.);
#2162=EDGE_CURVE('',#1706,#1709,#992,.T.);
#2163=EDGE_CURVE('',#1708,#1710,#993,.T.);
#2164=EDGE_CURVE('',#1710,#1709,#994,.T.);
#2165=EDGE_CURVE('',#1709,#1711,#995,.T.);
#2166=EDGE_CURVE('',#1710,#1712,#996,.T.);
#2167=EDGE_CURVE('',#1712,#1711,#997,.T.);
#2168=EDGE_CURVE('',#1711,#1705,#998,.T.);
#2169=EDGE_CURVE('',#1712,#1707,#999,.T.);
#2170=EDGE_CURVE('',#1713,#1714,#1444,.T.);
#2171=EDGE_CURVE('',#1715,#1713,#167,.T.);
#2172=EDGE_CURVE('',#1716,#1715,#1445,.T.);
#2173=EDGE_CURVE('',#1716,#1717,#1000,.T.);
#2174=EDGE_CURVE('',#1718,#1717,#1446,.T.);
#2175=EDGE_CURVE('',#1718,#1719,#1447,.T.);
#2176=EDGE_CURVE('',#1720,#1719,#168,.T.);
#2177=EDGE_CURVE('',#1721,#1720,#169,.T.);
#2178=EDGE_CURVE('',#1721,#1722,#1448,.T.);
#2179=EDGE_CURVE('',#1723,#1722,#1449,.T.);
#2180=EDGE_CURVE('',#1723,#1724,#1001,.T.);
#2181=EDGE_CURVE('',#1725,#1724,#1450,.T.);
#2182=EDGE_CURVE('',#1726,#1725,#170,.T.);
#2183=EDGE_CURVE('',#1727,#1726,#1451,.T.);
#2184=EDGE_CURVE('',#1714,#1727,#1452,.T.);
#2185=EDGE_CURVE('',#1728,#1728,#1453,.T.);
#2186=EDGE_CURVE('',#1729,#1730,#171,.T.);
#2187=EDGE_CURVE('',#1730,#1713,#172,.T.);
#2188=EDGE_CURVE('',#1713,#1731,#1454,.T.);
#2189=EDGE_CURVE('',#1731,#1729,#173,.T.);
#2190=EDGE_CURVE('',#1732,#1714,#1455,.T.);
#2191=EDGE_CURVE('',#1727,#1733,#1456,.T.);
#2192=EDGE_CURVE('',#1733,#1732,#1457,.T.);
#2193=EDGE_CURVE('',#1726,#1734,#1458,.T.);
#2194=EDGE_CURVE('',#1734,#1733,#1459,.T.);
#2195=EDGE_CURVE('',#1735,#1736,#174,.T.);
#2196=EDGE_CURVE('',#1736,#1734,#175,.T.);
#2197=EDGE_CURVE('',#1726,#1735,#176,.T.);
#2198=EDGE_CURVE('',#1732,#1731,#1460,.T.);
#2199=EDGE_CURVE('',#1730,#1737,#177,.T.);
#2200=EDGE_CURVE('',#1737,#1715,#1461,.T.);
#2201=EDGE_CURVE('',#1732,#1638,#1002,.T.);
#2202=EDGE_CURVE('',#1738,#1637,#178,.T.);
#2203=EDGE_CURVE('',#1729,#1738,#1003,.T.);
#2204=EDGE_CURVE('',#1733,#1639,#1004,.T.);
#2205=EDGE_CURVE('',#1739,#1740,#1462,.T.);
#2206=EDGE_CURVE('',#1740,#1741,#1463,.T.);
#2207=EDGE_CURVE('',#1741,#1742,#1464,.T.);
#2208=EDGE_CURVE('',#1742,#1739,#1465,.T.);
#2209=EDGE_CURVE('',#1743,#1744,#1466,.T.);
#2210=EDGE_CURVE('',#1744,#1742,#1467,.T.);
#2211=EDGE_CURVE('',#1741,#1743,#1468,.T.);
#2212=EDGE_CURVE('',#1745,#1746,#1469,.T.);
#2213=EDGE_CURVE('',#1746,#1744,#1470,.T.);
#2214=EDGE_CURVE('',#1743,#1745,#1471,.T.);
#2215=EDGE_CURVE('',#1747,#1748,#179,.T.);
#2216=EDGE_CURVE('',#1748,#1746,#180,.T.);
#2217=EDGE_CURVE('',#1745,#1747,#181,.T.);
#2218=EDGE_CURVE('',#1749,#1750,#182,.T.);
#2219=EDGE_CURVE('',#1750,#1740,#183,.T.);
#2220=EDGE_CURVE('',#1739,#1749,#184,.T.);
#2221=EDGE_CURVE('',#1751,#1740,#185,.T.);
#2222=EDGE_CURVE('',#1752,#1751,#1472,.T.);
#2223=EDGE_CURVE('',#1752,#1753,#1005,.T.);
#2224=EDGE_CURVE('',#1754,#1753,#1473,.T.);
#2225=EDGE_CURVE('',#1754,#1755,#1474,.T.);
#2226=EDGE_CURVE('',#1756,#1755,#186,.T.);
#2227=EDGE_CURVE('',#1757,#1756,#187,.T.);
#2228=EDGE_CURVE('',#1757,#1758,#1475,.T.);
#2229=EDGE_CURVE('',#1759,#1758,#1476,.T.);
#2230=EDGE_CURVE('',#1759,#1760,#1006,.T.);
#2231=EDGE_CURVE('',#1761,#1760,#1477,.T.);
#2232=EDGE_CURVE('',#1745,#1761,#188,.T.);
#2233=EDGE_CURVE('',#1762,#1763,#1478,.T.);
#2234=EDGE_CURVE('',#1762,#1764,#1007,.T.);
#2235=EDGE_CURVE('',#1764,#1765,#1479,.T.);
#2236=EDGE_CURVE('',#1765,#1763,#1008,.T.);
#2237=EDGE_CURVE('',#1750,#1766,#189,.T.);
#2238=EDGE_CURVE('',#1766,#1751,#1480,.T.);
#2239=EDGE_CURVE('',#1742,#1767,#1009,.T.);
#2240=EDGE_CURVE('',#1768,#1767,#190,.T.);
#2241=EDGE_CURVE('',#1769,#1768,#191,.T.);
#2242=EDGE_CURVE('',#1749,#1769,#1010,.T.);
#2243=EDGE_CURVE('',#1770,#1752,#192,.T.);
#2244=EDGE_CURVE('',#1766,#1770,#1481,.T.);
#2245=EDGE_CURVE('',#1771,#1770,#1011,.T.);
#2246=EDGE_CURVE('',#1772,#1771,#1012,.T.);
#2247=EDGE_CURVE('',#1772,#1773,#1013,.T.);
#2248=EDGE_CURVE('',#1774,#1773,#1014,.T.);
#2249=EDGE_CURVE('',#1775,#1774,#1015,.T.);
#2250=EDGE_CURVE('',#1724,#1775,#193,.T.);
#2251=EDGE_CURVE('',#1776,#1723,#1016,.T.);
#2252=EDGE_CURVE('',#1777,#1776,#194,.F.);
#2253=EDGE_CURVE('',#1777,#1778,#1017,.T.);
#2254=EDGE_CURVE('',#1778,#1779,#1018,.T.);
#2255=EDGE_CURVE('',#1780,#1779,#1019,.T.);
#2256=EDGE_CURVE('',#1780,#1781,#1020,.T.);
#2257=EDGE_CURVE('',#1781,#1782,#1021,.T.);
#2258=EDGE_CURVE('',#1783,#1782,#195,.F.);
#2259=EDGE_CURVE('',#1753,#1783,#1022,.T.);
#2260=EDGE_CURVE('',#1761,#1784,#1482,.T.);
#2261=EDGE_CURVE('',#1784,#1747,#196,.T.);
#2262=EDGE_CURVE('',#1760,#1785,#197,.T.);
#2263=EDGE_CURVE('',#1785,#1784,#1483,.T.);
#2264=EDGE_CURVE('',#1786,#1748,#1023,.T.);
#2265=EDGE_CURVE('',#1784,#1787,#1024,.T.);
#2266=EDGE_CURVE('',#1787,#1788,#198,.T.);
#2267=EDGE_CURVE('',#1788,#1789,#199,.T.);
#2268=EDGE_CURVE('',#1789,#1790,#200,.T.);
#2269=EDGE_CURVE('',#1790,#1737,#1025,.T.);
#2270=EDGE_CURVE('',#1791,#1738,#201,.T.);
#2271=EDGE_CURVE('',#1792,#1791,#1026,.T.);
#2272=EDGE_CURVE('',#1786,#1792,#202,.T.);
#2273=EDGE_CURVE('',#1785,#1793,#1027,.T.);
#2274=EDGE_CURVE('',#1794,#1793,#298,.T.);
#2275=EDGE_CURVE('',#1794,#1787,#1484,.T.);
#2276=EDGE_CURVE('',#1795,#1759,#1028,.T.);
#2277=EDGE_CURVE('',#1796,#1795,#203,.F.);
#2278=EDGE_CURVE('',#1796,#1797,#1029,.T.);
#2279=EDGE_CURVE('',#1797,#1798,#1030,.T.);
#2280=EDGE_CURVE('',#1798,#1799,#1031,.T.);
#2281=EDGE_CURVE('',#1799,#1800,#1032,.T.);
#2282=EDGE_CURVE('',#1800,#1801,#1033,.T.);
#2283=EDGE_CURVE('',#1802,#1801,#204,.F.);
#2284=EDGE_CURVE('',#1717,#1802,#1034,.T.);
#2285=EDGE_CURVE('',#1803,#1716,#205,.T.);
#2286=EDGE_CURVE('',#1804,#1803,#1035,.T.);
#2287=EDGE_CURVE('',#1805,#1804,#1036,.T.);
#2288=EDGE_CURVE('',#1805,#1806,#1037,.T.);
#2289=EDGE_CURVE('',#1793,#1806,#1038,.T.);
#2290=EDGE_CURVE('',#1725,#1807,#1485,.T.);
#2291=EDGE_CURVE('',#1807,#1735,#206,.T.);
#2292=EDGE_CURVE('',#1775,#1807,#1486,.T.);
#2293=EDGE_CURVE('',#1737,#1803,#1487,.T.);
#2294=EDGE_CURVE('',#1808,#1786,#207,.T.);
#2295=EDGE_CURVE('',#1792,#1809,#1488,.T.);
#2296=EDGE_CURVE('',#1809,#1808,#208,.T.);
#2297=EDGE_CURVE('',#1624,#1810,#1489,.T.);
#2298=EDGE_CURVE('',#1810,#1811,#1490,.T.);
#2299=EDGE_CURVE('',#1811,#1618,#1491,.T.);
#2300=EDGE_CURVE('',#1617,#1812,#209,.T.);
#2301=EDGE_CURVE('',#1812,#1620,#1492,.T.);
#2302=EDGE_CURVE('',#1811,#1791,#210,.T.);
#2303=EDGE_CURVE('',#1791,#1636,#1493,.T.);
#2304=EDGE_CURVE('',#1624,#1809,#211,.T.);
#2305=EDGE_CURVE('',#1792,#1810,#212,.T.);
#2306=EDGE_CURVE('',#1612,#1813,#1039,.T.);
#2307=EDGE_CURVE('',#1813,#1814,#1040,.T.);
#2308=EDGE_CURVE('',#1812,#1814,#1041,.T.);
#2309=EDGE_CURVE('',#1640,#1815,#213,.T.);
#2310=EDGE_CURVE('',#1815,#1816,#214,.T.);
#2311=EDGE_CURVE('',#1816,#1641,#1494,.T.);
#2312=EDGE_CURVE('',#1816,#1817,#215,.T.);
#2313=EDGE_CURVE('',#1817,#1635,#1495,.T.);
#2314=EDGE_CURVE('',#1817,#1818,#1496,.T.);
#2315=EDGE_CURVE('',#1818,#1626,#1497,.T.);
#2316=EDGE_CURVE('',#1630,#1632,#1498,.T.);
#2317=EDGE_CURVE('',#1768,#1819,#216,.T.);
#2318=EDGE_CURVE('',#1819,#1820,#1499,.T.);
#2319=EDGE_CURVE('',#1820,#1769,#217,.T.);
#2320=EDGE_CURVE('',#1819,#1626,#218,.T.);
#2321=EDGE_CURVE('',#1818,#1820,#219,.T.);
#2322=EDGE_CURVE('',#1629,#1821,#1042,.T.);
#2323=EDGE_CURVE('',#1821,#1822,#1500,.T.);
#2324=EDGE_CURVE('',#1822,#1823,#1043,.T.);
#2325=EDGE_CURVE('',#1823,#1824,#1501,.T.);
#2326=EDGE_CURVE('',#1824,#1825,#1044,.T.);
#2327=EDGE_CURVE('',#1825,#1826,#1502,.T.);
#2328=EDGE_CURVE('',#1826,#1633,#1045,.T.);
#2329=EDGE_CURVE('',#1623,#1827,#220,.T.);
#2330=EDGE_CURVE('',#1828,#1827,#221,.T.);
#2331=EDGE_CURVE('',#1828,#1829,#222,.T.);
#2332=EDGE_CURVE('',#1830,#1829,#223,.T.);
#2333=EDGE_CURVE('',#1830,#1627,#224,.T.);
#2334=EDGE_CURVE('',#1767,#1831,#225,.T.);
#2335=EDGE_CURVE('',#1831,#1808,#226,.T.);
#2336=EDGE_CURVE('',#1744,#1831,#1046,.T.);
#2337=EDGE_CURVE('',#1762,#1763,#227,.T.);
#2338=EDGE_CURVE('',#1765,#1832,#228,.T.);
#2339=EDGE_CURVE('',#1833,#1832,#229,.T.);
#2340=EDGE_CURVE('',#1834,#1833,#230,.T.);
#2341=EDGE_CURVE('',#1835,#1834,#231,.T.);
#2342=EDGE_CURVE('',#1835,#1764,#232,.T.);
#2343=EDGE_CURVE('',#1815,#1736,#1047,.T.);
#2344=EDGE_CURVE('',#1820,#1816,#1048,.T.);
#2345=EDGE_CURVE('',#1807,#1836,#1049,.T.);
#2346=EDGE_CURVE('',#1836,#1837,#233,.T.);
#2347=EDGE_CURVE('',#1837,#1838,#234,.T.);
#2348=EDGE_CURVE('',#1838,#1839,#235,.T.);
#2349=EDGE_CURVE('',#1839,#1766,#1050,.T.);
#2350=EDGE_CURVE('',#1840,#1841,#1051,.T.);
#2351=EDGE_CURVE('',#1841,#1842,#236,.T.);
#2352=EDGE_CURVE('',#1842,#1841,#237,.T.);
#2353=EDGE_CURVE('',#1840,#1840,#238,.T.);
#2354=EDGE_CURVE('',#1615,#1843,#1503,.T.);
#2355=EDGE_CURVE('',#1615,#1844,#1052,.T.);
#2356=EDGE_CURVE('',#1845,#1844,#1504,.T.);
#2357=EDGE_CURVE('',#1846,#1845,#1505,.T.);
#2358=EDGE_CURVE('',#1847,#1846,#1506,.T.);
#2359=EDGE_CURVE('',#1848,#1847,#1053,.T.);
#2360=EDGE_CURVE('',#1849,#1848,#1507,.T.);
#2361=EDGE_CURVE('',#1843,#1849,#1508,.T.);
#2362=EDGE_CURVE('',#1850,#1850,#239,.T.);
#2363=EDGE_CURVE('',#1851,#1851,#240,.T.);
#2364=EDGE_CURVE('',#1852,#1852,#241,.T.);
#2365=EDGE_CURVE('',#1842,#1853,#1054,.T.);
#2366=EDGE_CURVE('',#1853,#1853,#1509,.T.);
#2367=EDGE_CURVE('',#1850,#1854,#1055,.T.);
#2368=EDGE_CURVE('',#1854,#1855,#242,.T.);
#2369=EDGE_CURVE('',#1855,#1854,#243,.T.);
#2370=EDGE_CURVE('',#1855,#1856,#1056,.T.);
#2371=EDGE_CURVE('',#1856,#1856,#1510,.T.);
#2372=EDGE_CURVE('',#1852,#1857,#1057,.T.);
#2373=EDGE_CURVE('',#1857,#1858,#244,.T.);
#2374=EDGE_CURVE('',#1858,#1857,#245,.T.);
#2375=EDGE_CURVE('',#1858,#1859,#1058,.T.);
#2376=EDGE_CURVE('',#1859,#1859,#1511,.T.);
#2377=EDGE_CURVE('',#1851,#1860,#1059,.T.);
#2378=EDGE_CURVE('',#1860,#1861,#246,.T.);
#2379=EDGE_CURVE('',#1861,#1860,#247,.T.);
#2380=EDGE_CURVE('',#1861,#1862,#1060,.T.);
#2381=EDGE_CURVE('',#1862,#1862,#1512,.T.);
#2382=EDGE_CURVE('',#1771,#1863,#299,.T.);
#2383=EDGE_CURVE('',#1863,#1864,#1061,.T.);
#2384=EDGE_CURVE('',#1864,#1772,#300,.F.);
#2385=EDGE_CURVE('',#1806,#1865,#301,.F.);
#2386=EDGE_CURVE('',#1865,#1794,#1062,.T.);
#2387=EDGE_CURVE('',#1865,#1866,#1513,.T.);
#2388=EDGE_CURVE('',#1867,#1866,#1063,.T.);
#2389=EDGE_CURVE('',#1867,#1868,#1514,.T.);
#2390=EDGE_CURVE('',#1868,#1788,#1064,.T.);
#2391=EDGE_CURVE('',#1804,#1869,#302,.T.);
#2392=EDGE_CURVE('',#1869,#1870,#1065,.T.);
#2393=EDGE_CURVE('',#1870,#1805,#303,.F.);
#2394=EDGE_CURVE('',#1871,#1774,#304,.T.);
#2395=EDGE_CURVE('',#1773,#1872,#305,.F.);
#2396=EDGE_CURVE('',#1872,#1871,#1066,.T.);
#2397=EDGE_CURVE('',#1871,#1836,#1515,.T.);
#2398=EDGE_CURVE('',#1873,#1872,#1516,.T.);
#2399=EDGE_CURVE('',#1874,#1873,#1067,.T.);
#2400=EDGE_CURVE('',#1875,#1874,#1517,.T.);
#2401=EDGE_CURVE('',#1837,#1875,#1068,.T.);
#2402=EDGE_CURVE('',#1873,#1876,#248,.F.);
#2403=EDGE_CURVE('',#1876,#1877,#1069,.T.);
#2404=EDGE_CURVE('',#1877,#1874,#249,.F.);
#2405=EDGE_CURVE('',#1878,#1830,#1070,.T.);
#2406=EDGE_CURVE('',#1879,#1878,#1518,.T.);
#2407=EDGE_CURVE('',#1879,#1880,#1071,.T.);
#2408=EDGE_CURVE('',#1881,#1880,#1072,.T.);
#2409=EDGE_CURVE('',#1881,#1882,#1073,.T.);
#2410=EDGE_CURVE('',#1883,#1882,#1519,.T.);
#2411=EDGE_CURVE('',#1578,#1883,#1074,.T.);
#2412=EDGE_CURVE('',#1884,#1634,#1075,.T.);
#2413=EDGE_CURVE('',#1885,#1884,#1520,.T.);
#2414=EDGE_CURVE('',#1628,#1885,#1076,.T.);
#2415=EDGE_CURVE('',#1886,#1877,#1077,.T.);
#2416=EDGE_CURVE('',#1887,#1876,#1078,.T.);
#2417=EDGE_CURVE('',#1886,#1887,#1079,.T.);
#2418=EDGE_CURVE('',#1888,#1886,#250,.F.);
#2419=EDGE_CURVE('',#1887,#1889,#251,.F.);
#2420=EDGE_CURVE('',#1889,#1888,#1080,.T.);
#2421=EDGE_CURVE('',#1890,#1891,#252,.F.);
#2422=EDGE_CURVE('',#1891,#1892,#1081,.T.);
#2423=EDGE_CURVE('',#1892,#1893,#253,.F.);
#2424=EDGE_CURVE('',#1893,#1890,#1082,.T.);
#2425=EDGE_CURVE('',#1894,#1616,#1521,.T.);
#2426=EDGE_CURVE('',#1895,#1894,#1083,.T.);
#2427=EDGE_CURVE('',#1895,#1896,#1084,.T.);
#2428=EDGE_CURVE('',#1897,#1896,#1085,.T.);
#2429=EDGE_CURVE('',#1898,#1897,#1522,.T.);
#2430=EDGE_CURVE('',#1827,#1898,#1086,.T.);
#2431=EDGE_CURVE('',#1899,#1622,#1087,.T.);
#2432=EDGE_CURVE('',#1900,#1899,#1523,.T.);
#2433=EDGE_CURVE('',#1813,#1900,#1088,.T.);
#2434=EDGE_CURVE('',#1892,#1901,#1089,.T.);
#2435=EDGE_CURVE('',#1902,#1891,#1090,.T.);
#2436=EDGE_CURVE('',#1901,#1902,#1091,.T.);
#2437=EDGE_CURVE('',#1866,#1901,#254,.F.);
#2438=EDGE_CURVE('',#1902,#1867,#255,.F.);
#2439=EDGE_CURVE('',#1843,#1894,#256,.T.);
#2440=EDGE_CURVE('',#1843,#1903,#1092,.T.);
#2441=EDGE_CURVE('',#1903,#1895,#1093,.T.);
#2442=EDGE_CURVE('',#1897,#1849,#257,.T.);
#2443=EDGE_CURVE('',#1896,#1904,#1094,.T.);
#2444=EDGE_CURVE('',#1904,#1849,#1095,.T.);
#2445=EDGE_CURVE('',#1904,#1903,#1096,.T.);
#2446=EDGE_CURVE('',#1893,#1870,#1524,.T.);
#2447=EDGE_CURVE('',#1790,#1869,#1525,.T.);
#2448=EDGE_CURVE('',#1789,#1905,#1097,.T.);
#2449=EDGE_CURVE('',#1905,#1890,#1526,.T.);
#2450=EDGE_CURVE('',#1868,#1905,#1098,.T.);
#2451=EDGE_CURVE('',#1898,#1848,#258,.T.);
#2452=EDGE_CURVE('',#1846,#1879,#259,.T.);
#2453=EDGE_CURVE('',#1906,#1846,#1099,.T.);
#2454=EDGE_CURVE('',#1880,#1906,#1100,.T.);
#2455=EDGE_CURVE('',#1906,#1907,#1101,.T.);
#2456=EDGE_CURVE('',#1907,#1881,#1102,.T.);
#2457=EDGE_CURVE('',#1882,#1845,#260,.T.);
#2458=EDGE_CURVE('',#1845,#1907,#1103,.T.);
#2459=EDGE_CURVE('',#1878,#1847,#261,.T.);
#2460=EDGE_CURVE('',#1908,#1875,#1104,.T.);
#2461=EDGE_CURVE('',#1908,#1838,#1105,.T.);
#2462=EDGE_CURVE('',#1839,#1863,#1527,.T.);
#2463=EDGE_CURVE('',#1888,#1908,#1528,.T.);
#2464=EDGE_CURVE('',#1864,#1889,#1529,.T.);
#2465=EDGE_CURVE('',#1883,#1844,#262,.T.);
#2466=EDGE_CURVE('',#1720,#1909,#263,.T.);
#2467=EDGE_CURVE('',#1909,#1910,#264,.T.);
#2468=EDGE_CURVE('',#1910,#1911,#1530,.T.);
#2469=EDGE_CURVE('',#1911,#1721,#265,.T.);
#2470=EDGE_CURVE('',#1912,#1913,#1531,.T.);
#2471=EDGE_CURVE('',#1913,#1802,#1532,.T.);
#2472=EDGE_CURVE('',#1801,#1912,#1533,.T.);
#2473=EDGE_CURVE('',#1914,#1915,#1534,.T.);
#2474=EDGE_CURVE('',#1915,#1913,#1535,.T.);
#2475=EDGE_CURVE('',#1912,#1914,#1536,.T.);
#2476=EDGE_CURVE('',#1719,#1915,#266,.T.);
#2477=EDGE_CURVE('',#1914,#1909,#267,.T.);
#2478=EDGE_CURVE('',#1916,#1917,#1537,.T.);
#2479=EDGE_CURVE('',#1917,#1911,#1538,.T.);
#2480=EDGE_CURVE('',#1910,#1916,#1539,.T.);
#2481=EDGE_CURVE('',#1776,#1917,#1540,.T.);
#2482=EDGE_CURVE('',#1916,#1777,#1541,.T.);
#2483=EDGE_CURVE('',#1722,#1917,#1106,.T.);
#2484=EDGE_CURVE('',#1778,#1910,#1107,.T.);
#2485=EDGE_CURVE('',#1913,#1718,#1108,.T.);
#2486=EDGE_CURVE('',#1918,#1909,#1109,.T.);
#2487=EDGE_CURVE('',#1918,#1919,#268,.T.);
#2488=EDGE_CURVE('',#1919,#1778,#1110,.T.);
#2489=EDGE_CURVE('',#1920,#1921,#269,.T.);
#2490=EDGE_CURVE('',#1921,#1920,#270,.T.);
#2491=EDGE_CURVE('',#1800,#1914,#1111,.T.);
#2492=EDGE_CURVE('',#1922,#1800,#1112,.T.);
#2493=EDGE_CURVE('',#1922,#1918,#271,.T.);
#2494=EDGE_CURVE('',#1923,#1924,#272,.T.);
#2495=EDGE_CURVE('',#1924,#1923,#273,.T.);
#2496=EDGE_CURVE('',#1925,#1926,#1542,.T.);
#2497=EDGE_CURVE('',#1926,#1783,#1543,.T.);
#2498=EDGE_CURVE('',#1782,#1925,#1544,.T.);
#2499=EDGE_CURVE('',#1927,#1928,#1545,.T.);
#2500=EDGE_CURVE('',#1928,#1926,#1546,.T.);
#2501=EDGE_CURVE('',#1925,#1927,#1547,.T.);
#2502=EDGE_CURVE('',#1755,#1928,#274,.T.);
#2503=EDGE_CURVE('',#1927,#1929,#275,.T.);
#2504=EDGE_CURVE('',#1929,#1756,#276,.T.);
#2505=EDGE_CURVE('',#1929,#1930,#277,.T.);
#2506=EDGE_CURVE('',#1930,#1931,#1548,.T.);
#2507=EDGE_CURVE('',#1931,#1757,#278,.T.);
#2508=EDGE_CURVE('',#1932,#1933,#1549,.T.);
#2509=EDGE_CURVE('',#1933,#1931,#1550,.T.);
#2510=EDGE_CURVE('',#1930,#1932,#1551,.T.);
#2511=EDGE_CURVE('',#1795,#1933,#1552,.T.);
#2512=EDGE_CURVE('',#1932,#1796,#1553,.T.);
#2513=EDGE_CURVE('',#1781,#1927,#1113,.T.);
#2514=EDGE_CURVE('',#1926,#1754,#1114,.T.);
#2515=EDGE_CURVE('',#1758,#1933,#1115,.T.);
#2516=EDGE_CURVE('',#1929,#1934,#1116,.T.);
#2517=EDGE_CURVE('',#1934,#1935,#279,.T.);
#2518=EDGE_CURVE('',#1935,#1797,#1117,.T.);
#2519=EDGE_CURVE('',#1797,#1930,#1118,.T.);
#2520=EDGE_CURVE('',#1936,#1937,#280,.T.);
#2521=EDGE_CURVE('',#1937,#1936,#281,.T.);
#2522=EDGE_CURVE('',#1935,#1798,#1119,.T.);
#2523=EDGE_CURVE('',#1780,#1938,#1120,.T.);
#2524=EDGE_CURVE('',#1938,#1781,#1121,.T.);
#2525=EDGE_CURVE('',#1938,#1934,#282,.T.);
#2526=EDGE_CURVE('',#1939,#1940,#283,.T.);
#2527=EDGE_CURVE('',#1940,#1939,#284,.T.);
#2528=EDGE_CURVE('',#1799,#1922,#1122,.T.);
#2529=EDGE_CURVE('',#1919,#1779,#1123,.T.);
#2530=EDGE_CURVE('',#1921,#1941,#1124,.T.);
#2531=EDGE_CURVE('',#1941,#1941,#1554,.T.);
#2532=EDGE_CURVE('',#1924,#1942,#1125,.T.);
#2533=EDGE_CURVE('',#1942,#1942,#1555,.T.);
#2534=EDGE_CURVE('',#1848,#1828,#1126,.T.);
#2535=EDGE_CURVE('',#1829,#1847,#1127,.T.);
#2536=EDGE_CURVE('',#1844,#1642,#1128,.T.);
#2537=EDGE_CURVE('',#1884,#1826,#1129,.T.);
#2538=EDGE_CURVE('',#1943,#1900,#1130,.T.);
#2539=EDGE_CURVE('',#1814,#1943,#1131,.T.);
#2540=EDGE_CURVE('',#1825,#1944,#306,.T.);
#2541=EDGE_CURVE('',#1944,#1945,#1556,.T.);
#2542=EDGE_CURVE('',#1945,#1822,#307,.T.);
#2543=EDGE_CURVE('',#1821,#1885,#1132,.T.);
#2544=EDGE_CURVE('',#1899,#1946,#1133,.T.);
#2545=EDGE_CURVE('',#1947,#1946,#1557,.T.);
#2546=EDGE_CURVE('',#1948,#1947,#308,.T.);
#2547=EDGE_CURVE('',#1949,#1948,#1558,.T.);
#2548=EDGE_CURVE('',#1950,#1949,#309,.T.);
#2549=EDGE_CURVE('',#1943,#1950,#1559,.T.);
#2550=EDGE_CURVE('',#1946,#1621,#1134,.T.);
#2551=EDGE_CURVE('',#1951,#1833,#1560,.T.);
#2552=EDGE_CURVE('',#1832,#1952,#285,.F.);
#2553=EDGE_CURVE('',#1952,#1953,#286,.T.);
#2554=EDGE_CURVE('',#1953,#1951,#287,.T.);
#2555=EDGE_CURVE('',#1954,#1955,#1561,.T.);
#2556=EDGE_CURVE('',#1955,#1833,#288,.T.);
#2557=EDGE_CURVE('',#1951,#1954,#289,.T.);
#2558=EDGE_CURVE('',#1956,#1957,#1562,.T.);
#2559=EDGE_CURVE('',#1957,#1955,#1135,.T.);
#2560=EDGE_CURVE('',#1954,#1956,#1136,.T.);
#2561=EDGE_CURVE('',#1956,#1958,#1563,.T.);
#2562=EDGE_CURVE('',#1958,#1959,#1564,.T.);
#2563=EDGE_CURVE('',#1959,#1960,#1565,.T.);
#2564=EDGE_CURVE('',#1961,#1960,#1566,.T.);
#2565=EDGE_CURVE('',#1961,#1957,#1567,.T.);
#2566=EDGE_CURVE('',#1953,#1940,#1137,.T.);
#2567=EDGE_CURVE('',#1958,#1952,#1138,.T.);
#2568=EDGE_CURVE('',#1960,#1962,#1139,.T.);
#2569=EDGE_CURVE('',#1962,#1963,#1568,.T.);
#2570=EDGE_CURVE('',#1963,#1961,#1140,.T.);
#2571=EDGE_CURVE('',#1964,#1834,#1569,.T.);
#2572=EDGE_CURVE('',#1834,#1963,#290,.T.);
#2573=EDGE_CURVE('',#1962,#1964,#291,.T.);
#2574=EDGE_CURVE('',#1965,#1835,#292,.F.);
#2575=EDGE_CURVE('',#1964,#1966,#293,.T.);
#2576=EDGE_CURVE('',#1966,#1965,#294,.T.);
#2577=EDGE_CURVE('',#1965,#1959,#1141,.T.);
#2578=EDGE_CURVE('',#1966,#1937,#1142,.T.);
#2579=EDGE_CURVE('',#1955,#1963,#295,.T.);
#2580=EDGE_CURVE('',#1967,#1967,#1570,.T.);
#2581=EDGE_CURVE('',#1967,#1728,#1143,.T.);
#2582=EDGE_CURVE('',#1950,#1968,#1144,.T.);
#2583=EDGE_CURVE('',#1949,#1969,#1145,.T.);
#2584=EDGE_CURVE('',#1969,#1968,#310,.T.);
#2585=EDGE_CURVE('',#1970,#1945,#1146,.T.);
#2586=EDGE_CURVE('',#1823,#1970,#311,.T.);
#2587=EDGE_CURVE('',#1944,#1971,#1147,.T.);
#2588=EDGE_CURVE('',#1970,#1971,#1571,.T.);
#2589=EDGE_CURVE('',#1971,#1824,#312,.T.);
#2590=EDGE_CURVE('',#1972,#1947,#1148,.T.);
#2591=EDGE_CURVE('',#1972,#1973,#313,.T.);
#2592=EDGE_CURVE('',#1973,#1948,#1149,.T.);
#2593=EDGE_CURVE('',#1973,#1969,#1572,.T.);
#2594=EDGE_CURVE('',#1968,#1972,#1573,.T.);
#2595=ORIENTED_EDGE('',*,*,#1974,.F.);
#2596=ORIENTED_EDGE('',*,*,#1975,.T.);
#2597=ORIENTED_EDGE('',*,*,#1976,.T.);
#2598=ORIENTED_EDGE('',*,*,#1977,.T.);
#2599=ORIENTED_EDGE('',*,*,#1977,.F.);
#2600=ORIENTED_EDGE('',*,*,#1978,.F.);
#2601=ORIENTED_EDGE('',*,*,#1979,.F.);
#2602=ORIENTED_EDGE('',*,*,#1980,.F.);
#2603=ORIENTED_EDGE('',*,*,#1981,.T.);
#2604=ORIENTED_EDGE('',*,*,#1982,.F.);
#2605=ORIENTED_EDGE('',*,*,#1983,.T.);
#2606=ORIENTED_EDGE('',*,*,#1984,.T.);
#2607=ORIENTED_EDGE('',*,*,#1985,.T.);
#2608=ORIENTED_EDGE('',*,*,#1983,.F.);
#2609=ORIENTED_EDGE('',*,*,#1986,.T.);
#2610=ORIENTED_EDGE('',*,*,#1987,.F.);
#2611=ORIENTED_EDGE('',*,*,#1988,.F.);
#2612=ORIENTED_EDGE('',*,*,#1989,.F.);
#2613=ORIENTED_EDGE('',*,*,#1990,.F.);
#2614=ORIENTED_EDGE('',*,*,#1991,.F.);
#2615=ORIENTED_EDGE('',*,*,#1992,.F.);
#2616=ORIENTED_EDGE('',*,*,#1993,.F.);
#2617=ORIENTED_EDGE('',*,*,#1982,.T.);
#2618=ORIENTED_EDGE('',*,*,#1994,.F.);
#2619=ORIENTED_EDGE('',*,*,#1995,.F.);
#2620=ORIENTED_EDGE('',*,*,#1996,.F.);
#2621=ORIENTED_EDGE('',*,*,#1997,.F.);
#2622=ORIENTED_EDGE('',*,*,#1998,.F.);
#2623=ORIENTED_EDGE('',*,*,#1986,.F.);
#2624=ORIENTED_EDGE('',*,*,#1999,.F.);
#2625=ORIENTED_EDGE('',*,*,#2000,.T.);
#2626=ORIENTED_EDGE('',*,*,#2001,.T.);
#2627=ORIENTED_EDGE('',*,*,#2002,.F.);
#2628=ORIENTED_EDGE('',*,*,#2003,.F.);
#2629=ORIENTED_EDGE('',*,*,#2004,.T.);
#2630=ORIENTED_EDGE('',*,*,#2005,.T.);
#2631=ORIENTED_EDGE('',*,*,#2006,.F.);
#2632=ORIENTED_EDGE('',*,*,#2007,.F.);
#2633=ORIENTED_EDGE('',*,*,#2008,.F.);
#2634=ORIENTED_EDGE('',*,*,#2009,.T.);
#2635=ORIENTED_EDGE('',*,*,#2000,.F.);
#2636=ORIENTED_EDGE('',*,*,#2010,.F.);
#2637=ORIENTED_EDGE('',*,*,#2011,.F.);
#2638=ORIENTED_EDGE('',*,*,#2012,.F.);
#2639=ORIENTED_EDGE('',*,*,#1991,.T.);
#2640=ORIENTED_EDGE('',*,*,#1975,.F.);
#2641=ORIENTED_EDGE('',*,*,#2013,.T.);
#2642=ORIENTED_EDGE('',*,*,#2004,.F.);
#2643=ORIENTED_EDGE('',*,*,#2014,.F.);
#2644=ORIENTED_EDGE('',*,*,#1974,.T.);
#2645=ORIENTED_EDGE('',*,*,#1981,.F.);
#2646=ORIENTED_EDGE('',*,*,#2015,.F.);
#2647=ORIENTED_EDGE('',*,*,#2016,.F.);
#2648=ORIENTED_EDGE('',*,*,#2017,.F.);
#2649=ORIENTED_EDGE('',*,*,#2005,.F.);
#2650=ORIENTED_EDGE('',*,*,#2013,.F.);
#2651=ORIENTED_EDGE('',*,*,#2018,.F.);
#2652=ORIENTED_EDGE('',*,*,#2019,.F.);
#2653=ORIENTED_EDGE('',*,*,#2001,.F.);
#2654=ORIENTED_EDGE('',*,*,#2009,.F.);
#2655=ORIENTED_EDGE('',*,*,#2020,.F.);
#2656=ORIENTED_EDGE('',*,*,#2021,.F.);
#2657=ORIENTED_EDGE('',*,*,#1992,.T.);
#2658=ORIENTED_EDGE('',*,*,#2012,.T.);
#2659=ORIENTED_EDGE('',*,*,#2022,.F.);
#2660=ORIENTED_EDGE('',*,*,#2023,.F.);
#2661=ORIENTED_EDGE('',*,*,#1995,.T.);
#2662=ORIENTED_EDGE('',*,*,#2024,.T.);
#2663=ORIENTED_EDGE('',*,*,#1985,.F.);
#2664=ORIENTED_EDGE('',*,*,#2025,.F.);
#2665=ORIENTED_EDGE('',*,*,#2024,.F.);
#2666=ORIENTED_EDGE('',*,*,#1994,.T.);
#2667=ORIENTED_EDGE('',*,*,#1988,.T.);
#2668=ORIENTED_EDGE('',*,*,#2026,.T.);
#2669=ORIENTED_EDGE('',*,*,#2027,.T.);
#2670=ORIENTED_EDGE('',*,*,#2028,.F.);
#2671=ORIENTED_EDGE('',*,*,#2029,.T.);
#2672=ORIENTED_EDGE('',*,*,#1997,.T.);
#2673=ORIENTED_EDGE('',*,*,#2030,.F.);
#2674=ORIENTED_EDGE('',*,*,#2031,.F.);
#2675=ORIENTED_EDGE('',*,*,#2032,.T.);
#2676=ORIENTED_EDGE('',*,*,#2010,.T.);
#2677=ORIENTED_EDGE('',*,*,#1990,.T.);
#2678=ORIENTED_EDGE('',*,*,#2033,.F.);
#2679=ORIENTED_EDGE('',*,*,#2034,.F.);
#2680=ORIENTED_EDGE('',*,*,#2035,.F.);
#2681=ORIENTED_EDGE('',*,*,#2036,.F.);
#2682=ORIENTED_EDGE('',*,*,#2037,.T.);
#2683=ORIENTED_EDGE('',*,*,#1993,.T.);
#2684=ORIENTED_EDGE('',*,*,#2021,.T.);
#2685=ORIENTED_EDGE('',*,*,#2038,.T.);
#2686=ORIENTED_EDGE('',*,*,#2039,.F.);
#2687=ORIENTED_EDGE('',*,*,#2040,.F.);
#2688=ORIENTED_EDGE('',*,*,#2033,.T.);
#2689=ORIENTED_EDGE('',*,*,#2002,.T.);
#2690=ORIENTED_EDGE('',*,*,#2019,.T.);
#2691=ORIENTED_EDGE('',*,*,#2041,.T.);
#2692=ORIENTED_EDGE('',*,*,#2042,.F.);
#2693=ORIENTED_EDGE('',*,*,#2043,.F.);
#2694=ORIENTED_EDGE('',*,*,#2044,.T.);
#2695=ORIENTED_EDGE('',*,*,#2018,.T.);
#2696=ORIENTED_EDGE('',*,*,#2008,.T.);
#2697=ORIENTED_EDGE('',*,*,#2045,.T.);
#2698=ORIENTED_EDGE('',*,*,#2046,.F.);
#2699=ORIENTED_EDGE('',*,*,#2047,.T.);
#2700=ORIENTED_EDGE('',*,*,#2048,.F.);
#2701=ORIENTED_EDGE('',*,*,#2041,.F.);
#2702=ORIENTED_EDGE('',*,*,#2006,.T.);
#2703=ORIENTED_EDGE('',*,*,#2017,.T.);
#2704=ORIENTED_EDGE('',*,*,#2049,.T.);
#2705=ORIENTED_EDGE('',*,*,#2050,.F.);
#2706=ORIENTED_EDGE('',*,*,#2051,.T.);
#2707=ORIENTED_EDGE('',*,*,#2052,.T.);
#2708=ORIENTED_EDGE('',*,*,#2053,.T.);
#2709=ORIENTED_EDGE('',*,*,#2016,.T.);
#2710=ORIENTED_EDGE('',*,*,#2054,.T.);
#2711=ORIENTED_EDGE('',*,*,#2055,.F.);
#2712=ORIENTED_EDGE('',*,*,#2049,.F.);
#2713=ORIENTED_EDGE('',*,*,#1987,.T.);
#2714=ORIENTED_EDGE('',*,*,#1998,.T.);
#2715=ORIENTED_EDGE('',*,*,#2032,.F.);
#2716=ORIENTED_EDGE('',*,*,#2056,.F.);
#2717=ORIENTED_EDGE('',*,*,#2057,.F.);
#2718=ORIENTED_EDGE('',*,*,#2058,.T.);
#2719=ORIENTED_EDGE('',*,*,#2059,.T.);
#2720=ORIENTED_EDGE('',*,*,#2060,.T.);
#2721=ORIENTED_EDGE('',*,*,#2061,.F.);
#2722=ORIENTED_EDGE('',*,*,#2062,.F.);
#2723=ORIENTED_EDGE('',*,*,#2054,.F.);
#2724=ORIENTED_EDGE('',*,*,#2015,.T.);
#2725=ORIENTED_EDGE('',*,*,#1980,.T.);
#2726=ORIENTED_EDGE('',*,*,#2063,.F.);
#2727=ORIENTED_EDGE('',*,*,#2064,.T.);
#2728=ORIENTED_EDGE('',*,*,#2026,.F.);
#2729=ORIENTED_EDGE('',*,*,#2065,.F.);
#2730=ORIENTED_EDGE('',*,*,#2066,.F.);
#2731=ORIENTED_EDGE('',*,*,#2067,.T.);
#2732=ORIENTED_EDGE('',*,*,#2068,.T.);
#2733=ORIENTED_EDGE('',*,*,#2069,.F.);
#2734=ORIENTED_EDGE('',*,*,#2068,.F.);
#2735=ORIENTED_EDGE('',*,*,#2070,.T.);
#2736=ORIENTED_EDGE('',*,*,#2071,.T.);
#2737=ORIENTED_EDGE('',*,*,#2072,.F.);
#2738=ORIENTED_EDGE('',*,*,#2071,.F.);
#2739=ORIENTED_EDGE('',*,*,#2073,.T.);
#2740=ORIENTED_EDGE('',*,*,#2074,.T.);
#2741=ORIENTED_EDGE('',*,*,#2075,.F.);
#2742=ORIENTED_EDGE('',*,*,#2074,.F.);
#2743=ORIENTED_EDGE('',*,*,#2076,.T.);
#2744=ORIENTED_EDGE('',*,*,#2077,.T.);
#2745=ORIENTED_EDGE('',*,*,#2078,.F.);
#2746=ORIENTED_EDGE('',*,*,#2079,.F.);
#2747=ORIENTED_EDGE('',*,*,#2080,.T.);
#2748=ORIENTED_EDGE('',*,*,#2081,.T.);
#2749=ORIENTED_EDGE('',*,*,#2082,.F.);
#2750=ORIENTED_EDGE('',*,*,#2081,.F.);
#2751=ORIENTED_EDGE('',*,*,#2083,.T.);
#2752=ORIENTED_EDGE('',*,*,#2084,.T.);
#2753=ORIENTED_EDGE('',*,*,#2085,.F.);
#2754=ORIENTED_EDGE('',*,*,#2084,.F.);
#2755=ORIENTED_EDGE('',*,*,#2086,.T.);
#2756=ORIENTED_EDGE('',*,*,#2087,.T.);
#2757=ORIENTED_EDGE('',*,*,#2088,.F.);
#2758=ORIENTED_EDGE('',*,*,#2087,.F.);
#2759=ORIENTED_EDGE('',*,*,#2089,.T.);
#2760=ORIENTED_EDGE('',*,*,#2090,.T.);
#2761=ORIENTED_EDGE('',*,*,#2091,.F.);
#2762=ORIENTED_EDGE('',*,*,#2090,.F.);
#2763=ORIENTED_EDGE('',*,*,#2092,.T.);
#2764=ORIENTED_EDGE('',*,*,#2093,.T.);
#2765=ORIENTED_EDGE('',*,*,#2094,.F.);
#2766=ORIENTED_EDGE('',*,*,#2093,.F.);
#2767=ORIENTED_EDGE('',*,*,#2095,.T.);
#2768=ORIENTED_EDGE('',*,*,#2096,.T.);
#2769=ORIENTED_EDGE('',*,*,#2097,.F.);
#2770=ORIENTED_EDGE('',*,*,#2096,.F.);
#2771=ORIENTED_EDGE('',*,*,#2098,.T.);
#2772=ORIENTED_EDGE('',*,*,#2099,.T.);
#2773=ORIENTED_EDGE('',*,*,#2100,.F.);
#2774=ORIENTED_EDGE('',*,*,#2099,.F.);
#2775=ORIENTED_EDGE('',*,*,#2101,.T.);
#2776=ORIENTED_EDGE('',*,*,#2102,.T.);
#2777=ORIENTED_EDGE('',*,*,#2103,.F.);
#2778=ORIENTED_EDGE('',*,*,#2102,.F.);
#2779=ORIENTED_EDGE('',*,*,#2104,.T.);
#2780=ORIENTED_EDGE('',*,*,#2105,.T.);
#2781=ORIENTED_EDGE('',*,*,#2106,.F.);
#2782=ORIENTED_EDGE('',*,*,#2077,.F.);
#2783=ORIENTED_EDGE('',*,*,#2107,.T.);
#2784=ORIENTED_EDGE('',*,*,#2108,.T.);
#2785=ORIENTED_EDGE('',*,*,#2109,.F.);
#2786=ORIENTED_EDGE('',*,*,#2110,.F.);
#2787=ORIENTED_EDGE('',*,*,#2111,.T.);
#2788=ORIENTED_EDGE('',*,*,#2066,.T.);
#2789=ORIENTED_EDGE('',*,*,#2112,.F.);
#2790=ORIENTED_EDGE('',*,*,#2113,.T.);
#2791=ORIENTED_EDGE('',*,*,#2114,.T.);
#2792=ORIENTED_EDGE('',*,*,#2110,.T.);
#2793=ORIENTED_EDGE('',*,*,#2115,.F.);
#2794=ORIENTED_EDGE('',*,*,#2108,.F.);
#2795=ORIENTED_EDGE('',*,*,#2116,.T.);
#2796=ORIENTED_EDGE('',*,*,#2113,.F.);
#2797=ORIENTED_EDGE('',*,*,#2117,.F.);
#2798=ORIENTED_EDGE('',*,*,#2105,.F.);
#2799=ORIENTED_EDGE('',*,*,#2118,.T.);
#2800=ORIENTED_EDGE('',*,*,#2119,.T.);
#2801=ORIENTED_EDGE('',*,*,#2120,.F.);
#2802=ORIENTED_EDGE('',*,*,#2121,.F.);
#2803=ORIENTED_EDGE('',*,*,#2122,.T.);
#2804=ORIENTED_EDGE('',*,*,#2079,.T.);
#2805=ORIENTED_EDGE('',*,*,#2123,.F.);
#2806=ORIENTED_EDGE('',*,*,#2124,.F.);
#2807=ORIENTED_EDGE('',*,*,#2125,.T.);
#2808=ORIENTED_EDGE('',*,*,#2121,.T.);
#2809=ORIENTED_EDGE('',*,*,#2126,.F.);
#2810=ORIENTED_EDGE('',*,*,#2127,.F.);
#2811=ORIENTED_EDGE('',*,*,#2128,.T.);
#2812=ORIENTED_EDGE('',*,*,#2124,.T.);
#2813=ORIENTED_EDGE('',*,*,#2129,.F.);
#2814=ORIENTED_EDGE('',*,*,#2130,.F.);
#2815=ORIENTED_EDGE('',*,*,#2131,.T.);
#2816=ORIENTED_EDGE('',*,*,#2127,.T.);
#2817=ORIENTED_EDGE('',*,*,#2132,.F.);
#2818=ORIENTED_EDGE('',*,*,#2133,.F.);
#2819=ORIENTED_EDGE('',*,*,#2134,.T.);
#2820=ORIENTED_EDGE('',*,*,#2130,.T.);
#2821=ORIENTED_EDGE('',*,*,#2135,.F.);
#2822=ORIENTED_EDGE('',*,*,#2136,.F.);
#2823=ORIENTED_EDGE('',*,*,#2137,.T.);
#2824=ORIENTED_EDGE('',*,*,#2133,.T.);
#2825=ORIENTED_EDGE('',*,*,#2138,.F.);
#2826=ORIENTED_EDGE('',*,*,#2139,.F.);
#2827=ORIENTED_EDGE('',*,*,#2140,.T.);
#2828=ORIENTED_EDGE('',*,*,#2136,.T.);
#2829=ORIENTED_EDGE('',*,*,#2141,.F.);
#2830=ORIENTED_EDGE('',*,*,#2142,.T.);
#2831=ORIENTED_EDGE('',*,*,#2143,.T.);
#2832=ORIENTED_EDGE('',*,*,#2139,.T.);
#2833=ORIENTED_EDGE('',*,*,#2144,.F.);
#2834=ORIENTED_EDGE('',*,*,#2119,.F.);
#2835=ORIENTED_EDGE('',*,*,#2145,.T.);
#2836=ORIENTED_EDGE('',*,*,#2142,.F.);
#2837=ORIENTED_EDGE('',*,*,#2145,.F.);
#2838=ORIENTED_EDGE('',*,*,#2118,.F.);
#2839=ORIENTED_EDGE('',*,*,#2104,.F.);
#2840=ORIENTED_EDGE('',*,*,#2101,.F.);
#2841=ORIENTED_EDGE('',*,*,#2098,.F.);
#2842=ORIENTED_EDGE('',*,*,#2095,.F.);
#2843=ORIENTED_EDGE('',*,*,#2092,.F.);
#2844=ORIENTED_EDGE('',*,*,#2089,.F.);
#2845=ORIENTED_EDGE('',*,*,#2086,.F.);
#2846=ORIENTED_EDGE('',*,*,#2083,.F.);
#2847=ORIENTED_EDGE('',*,*,#2080,.F.);
#2848=ORIENTED_EDGE('',*,*,#2122,.F.);
#2849=ORIENTED_EDGE('',*,*,#2125,.F.);
#2850=ORIENTED_EDGE('',*,*,#2128,.F.);
#2851=ORIENTED_EDGE('',*,*,#2131,.F.);
#2852=ORIENTED_EDGE('',*,*,#2134,.F.);
#2853=ORIENTED_EDGE('',*,*,#2137,.F.);
#2854=ORIENTED_EDGE('',*,*,#2140,.F.);
#2855=ORIENTED_EDGE('',*,*,#2143,.F.);
#2856=ORIENTED_EDGE('',*,*,#2116,.F.);
#2857=ORIENTED_EDGE('',*,*,#2107,.F.);
#2858=ORIENTED_EDGE('',*,*,#2076,.F.);
#2859=ORIENTED_EDGE('',*,*,#2073,.F.);
#2860=ORIENTED_EDGE('',*,*,#2070,.F.);
#2861=ORIENTED_EDGE('',*,*,#2067,.F.);
#2862=ORIENTED_EDGE('',*,*,#2111,.F.);
#2863=ORIENTED_EDGE('',*,*,#2114,.F.);
#2864=ORIENTED_EDGE('',*,*,#2146,.F.);
#2865=ORIENTED_EDGE('',*,*,#2147,.T.);
#2866=ORIENTED_EDGE('',*,*,#2148,.T.);
#2867=ORIENTED_EDGE('',*,*,#2149,.T.);
#2868=ORIENTED_EDGE('',*,*,#2150,.F.);
#2869=ORIENTED_EDGE('',*,*,#2149,.F.);
#2870=ORIENTED_EDGE('',*,*,#2151,.T.);
#2871=ORIENTED_EDGE('',*,*,#2152,.T.);
#2872=ORIENTED_EDGE('',*,*,#2153,.F.);
#2873=ORIENTED_EDGE('',*,*,#2152,.F.);
#2874=ORIENTED_EDGE('',*,*,#2154,.T.);
#2875=ORIENTED_EDGE('',*,*,#2155,.T.);
#2876=ORIENTED_EDGE('',*,*,#2156,.F.);
#2877=ORIENTED_EDGE('',*,*,#2155,.F.);
#2878=ORIENTED_EDGE('',*,*,#2157,.T.);
#2879=ORIENTED_EDGE('',*,*,#2147,.F.);
#2880=ORIENTED_EDGE('',*,*,#2157,.F.);
#2881=ORIENTED_EDGE('',*,*,#2154,.F.);
#2882=ORIENTED_EDGE('',*,*,#2151,.F.);
#2883=ORIENTED_EDGE('',*,*,#2148,.F.);
#2884=ORIENTED_EDGE('',*,*,#2158,.F.);
#2885=ORIENTED_EDGE('',*,*,#2159,.T.);
#2886=ORIENTED_EDGE('',*,*,#2160,.T.);
#2887=ORIENTED_EDGE('',*,*,#2161,.T.);
#2888=ORIENTED_EDGE('',*,*,#2162,.F.);
#2889=ORIENTED_EDGE('',*,*,#2161,.F.);
#2890=ORIENTED_EDGE('',*,*,#2163,.T.);
#2891=ORIENTED_EDGE('',*,*,#2164,.T.);
#2892=ORIENTED_EDGE('',*,*,#2165,.F.);
#2893=ORIENTED_EDGE('',*,*,#2164,.F.);
#2894=ORIENTED_EDGE('',*,*,#2166,.T.);
#2895=ORIENTED_EDGE('',*,*,#2167,.T.);
#2896=ORIENTED_EDGE('',*,*,#2168,.F.);
#2897=ORIENTED_EDGE('',*,*,#2167,.F.);
#2898=ORIENTED_EDGE('',*,*,#2169,.T.);
#2899=ORIENTED_EDGE('',*,*,#2159,.F.);
#2900=ORIENTED_EDGE('',*,*,#2169,.F.);
#2901=ORIENTED_EDGE('',*,*,#2166,.F.);
#2902=ORIENTED_EDGE('',*,*,#2163,.F.);
#2903=ORIENTED_EDGE('',*,*,#2160,.F.);
#2904=ORIENTED_EDGE('',*,*,#2170,.F.);
#2905=ORIENTED_EDGE('',*,*,#2171,.F.);
#2906=ORIENTED_EDGE('',*,*,#2172,.F.);
#2907=ORIENTED_EDGE('',*,*,#2173,.T.);
#2908=ORIENTED_EDGE('',*,*,#2174,.F.);
#2909=ORIENTED_EDGE('',*,*,#2175,.T.);
#2910=ORIENTED_EDGE('',*,*,#2176,.F.);
#2911=ORIENTED_EDGE('',*,*,#2177,.F.);
#2912=ORIENTED_EDGE('',*,*,#2178,.T.);
#2913=ORIENTED_EDGE('',*,*,#2179,.F.);
#2914=ORIENTED_EDGE('',*,*,#2180,.T.);
#2915=ORIENTED_EDGE('',*,*,#2181,.F.);
#2916=ORIENTED_EDGE('',*,*,#2182,.F.);
#2917=ORIENTED_EDGE('',*,*,#2183,.F.);
#2918=ORIENTED_EDGE('',*,*,#2184,.F.);
#2919=ORIENTED_EDGE('',*,*,#2185,.T.);
#2920=ORIENTED_EDGE('',*,*,#2165,.T.);
#2921=ORIENTED_EDGE('',*,*,#2168,.T.);
#2922=ORIENTED_EDGE('',*,*,#2158,.T.);
#2923=ORIENTED_EDGE('',*,*,#2162,.T.);
#2924=ORIENTED_EDGE('',*,*,#2153,.T.);
#2925=ORIENTED_EDGE('',*,*,#2156,.T.);
#2926=ORIENTED_EDGE('',*,*,#2146,.T.);
#2927=ORIENTED_EDGE('',*,*,#2150,.T.);
#2928=ORIENTED_EDGE('',*,*,#2117,.T.);
#2929=ORIENTED_EDGE('',*,*,#2144,.T.);
#2930=ORIENTED_EDGE('',*,*,#2141,.T.);
#2931=ORIENTED_EDGE('',*,*,#2138,.T.);
#2932=ORIENTED_EDGE('',*,*,#2135,.T.);
#2933=ORIENTED_EDGE('',*,*,#2132,.T.);
#2934=ORIENTED_EDGE('',*,*,#2129,.T.);
#2935=ORIENTED_EDGE('',*,*,#2126,.T.);
#2936=ORIENTED_EDGE('',*,*,#2123,.T.);
#2937=ORIENTED_EDGE('',*,*,#2120,.T.);
#2938=ORIENTED_EDGE('',*,*,#2078,.T.);
#2939=ORIENTED_EDGE('',*,*,#2082,.T.);
#2940=ORIENTED_EDGE('',*,*,#2085,.T.);
#2941=ORIENTED_EDGE('',*,*,#2088,.T.);
#2942=ORIENTED_EDGE('',*,*,#2091,.T.);
#2943=ORIENTED_EDGE('',*,*,#2094,.T.);
#2944=ORIENTED_EDGE('',*,*,#2097,.T.);
#2945=ORIENTED_EDGE('',*,*,#2100,.T.);
#2946=ORIENTED_EDGE('',*,*,#2103,.T.);
#2947=ORIENTED_EDGE('',*,*,#2186,.T.);
#2948=ORIENTED_EDGE('',*,*,#2187,.T.);
#2949=ORIENTED_EDGE('',*,*,#2188,.T.);
#2950=ORIENTED_EDGE('',*,*,#2189,.T.);
#2951=ORIENTED_EDGE('',*,*,#2190,.T.);
#2952=ORIENTED_EDGE('',*,*,#2184,.T.);
#2953=ORIENTED_EDGE('',*,*,#2191,.T.);
#2954=ORIENTED_EDGE('',*,*,#2192,.T.);
#2955=ORIENTED_EDGE('',*,*,#2193,.T.);
#2956=ORIENTED_EDGE('',*,*,#2194,.T.);
#2957=ORIENTED_EDGE('',*,*,#2191,.F.);
#2958=ORIENTED_EDGE('',*,*,#2183,.T.);
#2959=ORIENTED_EDGE('',*,*,#2195,.T.);
#2960=ORIENTED_EDGE('',*,*,#2196,.T.);
#2961=ORIENTED_EDGE('',*,*,#2193,.F.);
#2962=ORIENTED_EDGE('',*,*,#2197,.T.);
#2963=ORIENTED_EDGE('',*,*,#2190,.F.);
#2964=ORIENTED_EDGE('',*,*,#2198,.T.);
#2965=ORIENTED_EDGE('',*,*,#2188,.F.);
#2966=ORIENTED_EDGE('',*,*,#2170,.T.);
#2967=ORIENTED_EDGE('',*,*,#2187,.F.);
#2968=ORIENTED_EDGE('',*,*,#2199,.T.);
#2969=ORIENTED_EDGE('',*,*,#2200,.T.);
#2970=ORIENTED_EDGE('',*,*,#2171,.T.);
#2971=ORIENTED_EDGE('',*,*,#2189,.F.);
#2972=ORIENTED_EDGE('',*,*,#2198,.F.);
#2973=ORIENTED_EDGE('',*,*,#2201,.T.);
#2974=ORIENTED_EDGE('',*,*,#2058,.F.);
#2975=ORIENTED_EDGE('',*,*,#2202,.F.);
#2976=ORIENTED_EDGE('',*,*,#2203,.F.);
#2977=ORIENTED_EDGE('',*,*,#2192,.F.);
#2978=ORIENTED_EDGE('',*,*,#2204,.T.);
#2979=ORIENTED_EDGE('',*,*,#2059,.F.);
#2980=ORIENTED_EDGE('',*,*,#2201,.F.);
#2981=ORIENTED_EDGE('',*,*,#2205,.T.);
#2982=ORIENTED_EDGE('',*,*,#2206,.T.);
#2983=ORIENTED_EDGE('',*,*,#2207,.T.);
#2984=ORIENTED_EDGE('',*,*,#2208,.T.);
#2985=ORIENTED_EDGE('',*,*,#2209,.T.);
#2986=ORIENTED_EDGE('',*,*,#2210,.T.);
#2987=ORIENTED_EDGE('',*,*,#2207,.F.);
#2988=ORIENTED_EDGE('',*,*,#2211,.T.);
#2989=ORIENTED_EDGE('',*,*,#2212,.T.);
#2990=ORIENTED_EDGE('',*,*,#2213,.T.);
#2991=ORIENTED_EDGE('',*,*,#2209,.F.);
#2992=ORIENTED_EDGE('',*,*,#2214,.T.);
#2993=ORIENTED_EDGE('',*,*,#2215,.T.);
#2994=ORIENTED_EDGE('',*,*,#2216,.T.);
#2995=ORIENTED_EDGE('',*,*,#2212,.F.);
#2996=ORIENTED_EDGE('',*,*,#2217,.T.);
#2997=ORIENTED_EDGE('',*,*,#2218,.T.);
#2998=ORIENTED_EDGE('',*,*,#2219,.T.);
#2999=ORIENTED_EDGE('',*,*,#2205,.F.);
#3000=ORIENTED_EDGE('',*,*,#2220,.T.);
#3001=ORIENTED_EDGE('',*,*,#2214,.F.);
#3002=ORIENTED_EDGE('',*,*,#2211,.F.);
#3003=ORIENTED_EDGE('',*,*,#2206,.F.);
#3004=ORIENTED_EDGE('',*,*,#2221,.F.);
#3005=ORIENTED_EDGE('',*,*,#2222,.F.);
#3006=ORIENTED_EDGE('',*,*,#2223,.T.);
#3007=ORIENTED_EDGE('',*,*,#2224,.F.);
#3008=ORIENTED_EDGE('',*,*,#2225,.T.);
#3009=ORIENTED_EDGE('',*,*,#2226,.F.);
#3010=ORIENTED_EDGE('',*,*,#2227,.F.);
#3011=ORIENTED_EDGE('',*,*,#2228,.T.);
#3012=ORIENTED_EDGE('',*,*,#2229,.F.);
#3013=ORIENTED_EDGE('',*,*,#2230,.T.);
#3014=ORIENTED_EDGE('',*,*,#2231,.F.);
#3015=ORIENTED_EDGE('',*,*,#2232,.F.);
#3016=ORIENTED_EDGE('',*,*,#2233,.F.);
#3017=ORIENTED_EDGE('',*,*,#2234,.T.);
#3018=ORIENTED_EDGE('',*,*,#2235,.T.);
#3019=ORIENTED_EDGE('',*,*,#2236,.T.);
#3020=ORIENTED_EDGE('',*,*,#2219,.F.);
#3021=ORIENTED_EDGE('',*,*,#2237,.T.);
#3022=ORIENTED_EDGE('',*,*,#2238,.T.);
#3023=ORIENTED_EDGE('',*,*,#2221,.T.);
#3024=ORIENTED_EDGE('',*,*,#2220,.F.);
#3025=ORIENTED_EDGE('',*,*,#2208,.F.);
#3026=ORIENTED_EDGE('',*,*,#2239,.T.);
#3027=ORIENTED_EDGE('',*,*,#2240,.F.);
#3028=ORIENTED_EDGE('',*,*,#2241,.F.);
#3029=ORIENTED_EDGE('',*,*,#2242,.F.);
#3030=ORIENTED_EDGE('',*,*,#2243,.T.);
#3031=ORIENTED_EDGE('',*,*,#2222,.T.);
#3032=ORIENTED_EDGE('',*,*,#2238,.F.);
#3033=ORIENTED_EDGE('',*,*,#2244,.T.);
#3034=ORIENTED_EDGE('',*,*,#2243,.F.);
#3035=ORIENTED_EDGE('',*,*,#2245,.F.);
#3036=ORIENTED_EDGE('',*,*,#2246,.F.);
#3037=ORIENTED_EDGE('',*,*,#2247,.T.);
#3038=ORIENTED_EDGE('',*,*,#2248,.F.);
#3039=ORIENTED_EDGE('',*,*,#2249,.F.);
#3040=ORIENTED_EDGE('',*,*,#2250,.F.);
#3041=ORIENTED_EDGE('',*,*,#2180,.F.);
#3042=ORIENTED_EDGE('',*,*,#2251,.F.);
#3043=ORIENTED_EDGE('',*,*,#2252,.F.);
#3044=ORIENTED_EDGE('',*,*,#2253,.T.);
#3045=ORIENTED_EDGE('',*,*,#2254,.T.);
#3046=ORIENTED_EDGE('',*,*,#2255,.F.);
#3047=ORIENTED_EDGE('',*,*,#2256,.T.);
#3048=ORIENTED_EDGE('',*,*,#2257,.T.);
#3049=ORIENTED_EDGE('',*,*,#2258,.F.);
#3050=ORIENTED_EDGE('',*,*,#2259,.F.);
#3051=ORIENTED_EDGE('',*,*,#2223,.F.);
#3052=ORIENTED_EDGE('',*,*,#2217,.F.);
#3053=ORIENTED_EDGE('',*,*,#2232,.T.);
#3054=ORIENTED_EDGE('',*,*,#2260,.T.);
#3055=ORIENTED_EDGE('',*,*,#2261,.T.);
#3056=ORIENTED_EDGE('',*,*,#2262,.T.);
#3057=ORIENTED_EDGE('',*,*,#2263,.T.);
#3058=ORIENTED_EDGE('',*,*,#2260,.F.);
#3059=ORIENTED_EDGE('',*,*,#2231,.T.);
#3060=ORIENTED_EDGE('',*,*,#2264,.T.);
#3061=ORIENTED_EDGE('',*,*,#2215,.F.);
#3062=ORIENTED_EDGE('',*,*,#2261,.F.);
#3063=ORIENTED_EDGE('',*,*,#2265,.T.);
#3064=ORIENTED_EDGE('',*,*,#2266,.T.);
#3065=ORIENTED_EDGE('',*,*,#2267,.T.);
#3066=ORIENTED_EDGE('',*,*,#2268,.T.);
#3067=ORIENTED_EDGE('',*,*,#2269,.T.);
#3068=ORIENTED_EDGE('',*,*,#2199,.F.);
#3069=ORIENTED_EDGE('',*,*,#2186,.F.);
#3070=ORIENTED_EDGE('',*,*,#2203,.T.);
#3071=ORIENTED_EDGE('',*,*,#2270,.F.);
#3072=ORIENTED_EDGE('',*,*,#2271,.F.);
#3073=ORIENTED_EDGE('',*,*,#2272,.F.);
#3074=ORIENTED_EDGE('',*,*,#2263,.F.);
#3075=ORIENTED_EDGE('',*,*,#2273,.T.);
#3076=ORIENTED_EDGE('',*,*,#2274,.F.);
#3077=ORIENTED_EDGE('',*,*,#2275,.T.);
#3078=ORIENTED_EDGE('',*,*,#2265,.F.);
#3079=ORIENTED_EDGE('',*,*,#2262,.F.);
#3080=ORIENTED_EDGE('',*,*,#2230,.F.);
#3081=ORIENTED_EDGE('',*,*,#2276,.F.);
#3082=ORIENTED_EDGE('',*,*,#2277,.F.);
#3083=ORIENTED_EDGE('',*,*,#2278,.T.);
#3084=ORIENTED_EDGE('',*,*,#2279,.T.);
#3085=ORIENTED_EDGE('',*,*,#2280,.T.);
#3086=ORIENTED_EDGE('',*,*,#2281,.T.);
#3087=ORIENTED_EDGE('',*,*,#2282,.T.);
#3088=ORIENTED_EDGE('',*,*,#2283,.F.);
#3089=ORIENTED_EDGE('',*,*,#2284,.F.);
#3090=ORIENTED_EDGE('',*,*,#2173,.F.);
#3091=ORIENTED_EDGE('',*,*,#2285,.F.);
#3092=ORIENTED_EDGE('',*,*,#2286,.F.);
#3093=ORIENTED_EDGE('',*,*,#2287,.F.);
#3094=ORIENTED_EDGE('',*,*,#2288,.T.);
#3095=ORIENTED_EDGE('',*,*,#2289,.F.);
#3096=ORIENTED_EDGE('',*,*,#2273,.F.);
#3097=ORIENTED_EDGE('',*,*,#2197,.F.);
#3098=ORIENTED_EDGE('',*,*,#2182,.T.);
#3099=ORIENTED_EDGE('',*,*,#2290,.T.);
#3100=ORIENTED_EDGE('',*,*,#2291,.T.);
#3101=ORIENTED_EDGE('',*,*,#2250,.T.);
#3102=ORIENTED_EDGE('',*,*,#2292,.T.);
#3103=ORIENTED_EDGE('',*,*,#2290,.F.);
#3104=ORIENTED_EDGE('',*,*,#2181,.T.);
#3105=ORIENTED_EDGE('',*,*,#2106,.T.);
#3106=ORIENTED_EDGE('',*,*,#2115,.T.);
#3107=ORIENTED_EDGE('',*,*,#2112,.T.);
#3108=ORIENTED_EDGE('',*,*,#2109,.T.);
#3109=ORIENTED_EDGE('',*,*,#2065,.T.);
#3110=ORIENTED_EDGE('',*,*,#2069,.T.);
#3111=ORIENTED_EDGE('',*,*,#2072,.T.);
#3112=ORIENTED_EDGE('',*,*,#2075,.T.);
#3113=ORIENTED_EDGE('',*,*,#2285,.T.);
#3114=ORIENTED_EDGE('',*,*,#2172,.T.);
#3115=ORIENTED_EDGE('',*,*,#2200,.F.);
#3116=ORIENTED_EDGE('',*,*,#2293,.T.);
#3117=ORIENTED_EDGE('',*,*,#2294,.T.);
#3118=ORIENTED_EDGE('',*,*,#2272,.T.);
#3119=ORIENTED_EDGE('',*,*,#2295,.T.);
#3120=ORIENTED_EDGE('',*,*,#2296,.T.);
#3121=ORIENTED_EDGE('',*,*,#2034,.T.);
#3122=ORIENTED_EDGE('',*,*,#2040,.T.);
#3123=ORIENTED_EDGE('',*,*,#2297,.T.);
#3124=ORIENTED_EDGE('',*,*,#2298,.T.);
#3125=ORIENTED_EDGE('',*,*,#2299,.T.);
#3126=ORIENTED_EDGE('',*,*,#2031,.T.);
#3127=ORIENTED_EDGE('',*,*,#2300,.T.);
#3128=ORIENTED_EDGE('',*,*,#2301,.T.);
#3129=ORIENTED_EDGE('',*,*,#2299,.F.);
#3130=ORIENTED_EDGE('',*,*,#2302,.T.);
#3131=ORIENTED_EDGE('',*,*,#2303,.T.);
#3132=ORIENTED_EDGE('',*,*,#2056,.T.);
#3133=ORIENTED_EDGE('',*,*,#2202,.T.);
#3134=ORIENTED_EDGE('',*,*,#2057,.T.);
#3135=ORIENTED_EDGE('',*,*,#2303,.F.);
#3136=ORIENTED_EDGE('',*,*,#2270,.T.);
#3137=ORIENTED_EDGE('',*,*,#2297,.F.);
#3138=ORIENTED_EDGE('',*,*,#2304,.T.);
#3139=ORIENTED_EDGE('',*,*,#2295,.F.);
#3140=ORIENTED_EDGE('',*,*,#2305,.T.);
#3141=ORIENTED_EDGE('',*,*,#2023,.T.);
#3142=ORIENTED_EDGE('',*,*,#2306,.T.);
#3143=ORIENTED_EDGE('',*,*,#2307,.T.);
#3144=ORIENTED_EDGE('',*,*,#2308,.F.);
#3145=ORIENTED_EDGE('',*,*,#2300,.F.);
#3146=ORIENTED_EDGE('',*,*,#2030,.T.);
#3147=ORIENTED_EDGE('',*,*,#1996,.T.);
#3148=ORIENTED_EDGE('',*,*,#2302,.F.);
#3149=ORIENTED_EDGE('',*,*,#2298,.F.);
#3150=ORIENTED_EDGE('',*,*,#2305,.F.);
#3151=ORIENTED_EDGE('',*,*,#2271,.T.);
#3152=ORIENTED_EDGE('',*,*,#2309,.T.);
#3153=ORIENTED_EDGE('',*,*,#2310,.T.);
#3154=ORIENTED_EDGE('',*,*,#2311,.T.);
#3155=ORIENTED_EDGE('',*,*,#2061,.T.);
#3156=ORIENTED_EDGE('',*,*,#2311,.F.);
#3157=ORIENTED_EDGE('',*,*,#2312,.T.);
#3158=ORIENTED_EDGE('',*,*,#2313,.T.);
#3159=ORIENTED_EDGE('',*,*,#2062,.T.);
#3160=ORIENTED_EDGE('',*,*,#2050,.T.);
#3161=ORIENTED_EDGE('',*,*,#2055,.T.);
#3162=ORIENTED_EDGE('',*,*,#2313,.F.);
#3163=ORIENTED_EDGE('',*,*,#2314,.T.);
#3164=ORIENTED_EDGE('',*,*,#2315,.T.);
#3165=ORIENTED_EDGE('',*,*,#2042,.T.);
#3166=ORIENTED_EDGE('',*,*,#2048,.T.);
#3167=ORIENTED_EDGE('',*,*,#2316,.T.);
#3168=ORIENTED_EDGE('',*,*,#2241,.T.);
#3169=ORIENTED_EDGE('',*,*,#2317,.T.);
#3170=ORIENTED_EDGE('',*,*,#2318,.T.);
#3171=ORIENTED_EDGE('',*,*,#2319,.T.);
#3172=ORIENTED_EDGE('',*,*,#2318,.F.);
#3173=ORIENTED_EDGE('',*,*,#2320,.T.);
#3174=ORIENTED_EDGE('',*,*,#2315,.F.);
#3175=ORIENTED_EDGE('',*,*,#2321,.T.);
#3176=ORIENTED_EDGE('',*,*,#2316,.F.);
#3177=ORIENTED_EDGE('',*,*,#2047,.F.);
#3178=ORIENTED_EDGE('',*,*,#2322,.T.);
#3179=ORIENTED_EDGE('',*,*,#2323,.T.);
#3180=ORIENTED_EDGE('',*,*,#2324,.T.);
#3181=ORIENTED_EDGE('',*,*,#2325,.T.);
#3182=ORIENTED_EDGE('',*,*,#2326,.T.);
#3183=ORIENTED_EDGE('',*,*,#2327,.T.);
#3184=ORIENTED_EDGE('',*,*,#2328,.T.);
#3185=ORIENTED_EDGE('',*,*,#2051,.F.);
#3186=ORIENTED_EDGE('',*,*,#2304,.F.);
#3187=ORIENTED_EDGE('',*,*,#2039,.T.);
#3188=ORIENTED_EDGE('',*,*,#2329,.T.);
#3189=ORIENTED_EDGE('',*,*,#2330,.F.);
#3190=ORIENTED_EDGE('',*,*,#2331,.T.);
#3191=ORIENTED_EDGE('',*,*,#2332,.F.);
#3192=ORIENTED_EDGE('',*,*,#2333,.T.);
#3193=ORIENTED_EDGE('',*,*,#2043,.T.);
#3194=ORIENTED_EDGE('',*,*,#2320,.F.);
#3195=ORIENTED_EDGE('',*,*,#2317,.F.);
#3196=ORIENTED_EDGE('',*,*,#2240,.T.);
#3197=ORIENTED_EDGE('',*,*,#2334,.T.);
#3198=ORIENTED_EDGE('',*,*,#2335,.T.);
#3199=ORIENTED_EDGE('',*,*,#2296,.F.);
#3200=ORIENTED_EDGE('',*,*,#2210,.F.);
#3201=ORIENTED_EDGE('',*,*,#2336,.T.);
#3202=ORIENTED_EDGE('',*,*,#2334,.F.);
#3203=ORIENTED_EDGE('',*,*,#2239,.F.);
#3204=ORIENTED_EDGE('',*,*,#2216,.F.);
#3205=ORIENTED_EDGE('',*,*,#2264,.F.);
#3206=ORIENTED_EDGE('',*,*,#2294,.F.);
#3207=ORIENTED_EDGE('',*,*,#2335,.F.);
#3208=ORIENTED_EDGE('',*,*,#2336,.F.);
#3209=ORIENTED_EDGE('',*,*,#2213,.F.);
#3210=ORIENTED_EDGE('',*,*,#2337,.F.);
#3211=ORIENTED_EDGE('',*,*,#2233,.T.);
#3212=ORIENTED_EDGE('',*,*,#2337,.T.);
#3213=ORIENTED_EDGE('',*,*,#2236,.F.);
#3214=ORIENTED_EDGE('',*,*,#2338,.T.);
#3215=ORIENTED_EDGE('',*,*,#2339,.F.);
#3216=ORIENTED_EDGE('',*,*,#2340,.F.);
#3217=ORIENTED_EDGE('',*,*,#2341,.F.);
#3218=ORIENTED_EDGE('',*,*,#2342,.T.);
#3219=ORIENTED_EDGE('',*,*,#2234,.F.);
#3220=ORIENTED_EDGE('',*,*,#2196,.F.);
#3221=ORIENTED_EDGE('',*,*,#2343,.F.);
#3222=ORIENTED_EDGE('',*,*,#2309,.F.);
#3223=ORIENTED_EDGE('',*,*,#2060,.F.);
#3224=ORIENTED_EDGE('',*,*,#2204,.F.);
#3225=ORIENTED_EDGE('',*,*,#2194,.F.);
#3226=ORIENTED_EDGE('',*,*,#2242,.T.);
#3227=ORIENTED_EDGE('',*,*,#2319,.F.);
#3228=ORIENTED_EDGE('',*,*,#2344,.T.);
#3229=ORIENTED_EDGE('',*,*,#2310,.F.);
#3230=ORIENTED_EDGE('',*,*,#2343,.T.);
#3231=ORIENTED_EDGE('',*,*,#2195,.F.);
#3232=ORIENTED_EDGE('',*,*,#2291,.F.);
#3233=ORIENTED_EDGE('',*,*,#2345,.T.);
#3234=ORIENTED_EDGE('',*,*,#2346,.T.);
#3235=ORIENTED_EDGE('',*,*,#2347,.T.);
#3236=ORIENTED_EDGE('',*,*,#2348,.T.);
#3237=ORIENTED_EDGE('',*,*,#2349,.T.);
#3238=ORIENTED_EDGE('',*,*,#2237,.F.);
#3239=ORIENTED_EDGE('',*,*,#2218,.F.);
#3240=ORIENTED_EDGE('',*,*,#2350,.T.);
#3241=ORIENTED_EDGE('',*,*,#2351,.T.);
#3242=ORIENTED_EDGE('',*,*,#2352,.T.);
#3243=ORIENTED_EDGE('',*,*,#2350,.F.);
#3244=ORIENTED_EDGE('',*,*,#2353,.T.);
#3245=ORIENTED_EDGE('',*,*,#2354,.F.);
#3246=ORIENTED_EDGE('',*,*,#2355,.T.);
#3247=ORIENTED_EDGE('',*,*,#2356,.F.);
#3248=ORIENTED_EDGE('',*,*,#2357,.F.);
#3249=ORIENTED_EDGE('',*,*,#2358,.F.);
#3250=ORIENTED_EDGE('',*,*,#2359,.F.);
#3251=ORIENTED_EDGE('',*,*,#2360,.F.);
#3252=ORIENTED_EDGE('',*,*,#2361,.F.);
#3253=ORIENTED_EDGE('',*,*,#2362,.F.);
#3254=ORIENTED_EDGE('',*,*,#2363,.F.);
#3255=ORIENTED_EDGE('',*,*,#2364,.F.);
#3256=ORIENTED_EDGE('',*,*,#2353,.F.);
#3257=ORIENTED_EDGE('',*,*,#2351,.F.);
#3258=ORIENTED_EDGE('',*,*,#2352,.F.);
#3259=ORIENTED_EDGE('',*,*,#2365,.T.);
#3260=ORIENTED_EDGE('',*,*,#2366,.F.);
#3261=ORIENTED_EDGE('',*,*,#2365,.F.);
#3262=ORIENTED_EDGE('',*,*,#2367,.T.);
#3263=ORIENTED_EDGE('',*,*,#2368,.T.);
#3264=ORIENTED_EDGE('',*,*,#2369,.T.);
#3265=ORIENTED_EDGE('',*,*,#2367,.F.);
#3266=ORIENTED_EDGE('',*,*,#2362,.T.);
#3267=ORIENTED_EDGE('',*,*,#2368,.F.);
#3268=ORIENTED_EDGE('',*,*,#2369,.F.);
#3269=ORIENTED_EDGE('',*,*,#2370,.T.);
#3270=ORIENTED_EDGE('',*,*,#2371,.F.);
#3271=ORIENTED_EDGE('',*,*,#2370,.F.);
#3272=ORIENTED_EDGE('',*,*,#2372,.T.);
#3273=ORIENTED_EDGE('',*,*,#2373,.T.);
#3274=ORIENTED_EDGE('',*,*,#2374,.T.);
#3275=ORIENTED_EDGE('',*,*,#2372,.F.);
#3276=ORIENTED_EDGE('',*,*,#2364,.T.);
#3277=ORIENTED_EDGE('',*,*,#2373,.F.);
#3278=ORIENTED_EDGE('',*,*,#2374,.F.);
#3279=ORIENTED_EDGE('',*,*,#2375,.T.);
#3280=ORIENTED_EDGE('',*,*,#2376,.F.);
#3281=ORIENTED_EDGE('',*,*,#2375,.F.);
#3282=ORIENTED_EDGE('',*,*,#2377,.T.);
#3283=ORIENTED_EDGE('',*,*,#2378,.T.);
#3284=ORIENTED_EDGE('',*,*,#2379,.T.);
#3285=ORIENTED_EDGE('',*,*,#2377,.F.);
#3286=ORIENTED_EDGE('',*,*,#2363,.T.);
#3287=ORIENTED_EDGE('',*,*,#2378,.F.);
#3288=ORIENTED_EDGE('',*,*,#2379,.F.);
#3289=ORIENTED_EDGE('',*,*,#2380,.T.);
#3290=ORIENTED_EDGE('',*,*,#2381,.F.);
#3291=ORIENTED_EDGE('',*,*,#2380,.F.);
#3292=ORIENTED_EDGE('',*,*,#2382,.T.);
#3293=ORIENTED_EDGE('',*,*,#2383,.T.);
#3294=ORIENTED_EDGE('',*,*,#2384,.T.);
#3295=ORIENTED_EDGE('',*,*,#2246,.T.);
#3296=ORIENTED_EDGE('',*,*,#2274,.T.);
#3297=ORIENTED_EDGE('',*,*,#2289,.T.);
#3298=ORIENTED_EDGE('',*,*,#2385,.T.);
#3299=ORIENTED_EDGE('',*,*,#2386,.T.);
#3300=ORIENTED_EDGE('',*,*,#2386,.F.);
#3301=ORIENTED_EDGE('',*,*,#2387,.T.);
#3302=ORIENTED_EDGE('',*,*,#2388,.F.);
#3303=ORIENTED_EDGE('',*,*,#2389,.T.);
#3304=ORIENTED_EDGE('',*,*,#2390,.T.);
#3305=ORIENTED_EDGE('',*,*,#2266,.F.);
#3306=ORIENTED_EDGE('',*,*,#2275,.F.);
#3307=ORIENTED_EDGE('',*,*,#2391,.T.);
#3308=ORIENTED_EDGE('',*,*,#2392,.T.);
#3309=ORIENTED_EDGE('',*,*,#2393,.T.);
#3310=ORIENTED_EDGE('',*,*,#2287,.T.);
#3311=ORIENTED_EDGE('',*,*,#2394,.T.);
#3312=ORIENTED_EDGE('',*,*,#2248,.T.);
#3313=ORIENTED_EDGE('',*,*,#2395,.T.);
#3314=ORIENTED_EDGE('',*,*,#2396,.T.);
#3315=ORIENTED_EDGE('',*,*,#2292,.F.);
#3316=ORIENTED_EDGE('',*,*,#2249,.T.);
#3317=ORIENTED_EDGE('',*,*,#2394,.F.);
#3318=ORIENTED_EDGE('',*,*,#2397,.T.);
#3319=ORIENTED_EDGE('',*,*,#2345,.F.);
#3320=ORIENTED_EDGE('',*,*,#2396,.F.);
#3321=ORIENTED_EDGE('',*,*,#2398,.F.);
#3322=ORIENTED_EDGE('',*,*,#2399,.F.);
#3323=ORIENTED_EDGE('',*,*,#2400,.F.);
#3324=ORIENTED_EDGE('',*,*,#2401,.F.);
#3325=ORIENTED_EDGE('',*,*,#2346,.F.);
#3326=ORIENTED_EDGE('',*,*,#2397,.F.);
#3327=ORIENTED_EDGE('',*,*,#2402,.T.);
#3328=ORIENTED_EDGE('',*,*,#2403,.T.);
#3329=ORIENTED_EDGE('',*,*,#2404,.T.);
#3330=ORIENTED_EDGE('',*,*,#2399,.T.);
#3331=ORIENTED_EDGE('',*,*,#1999,.T.);
#3332=ORIENTED_EDGE('',*,*,#2044,.F.);
#3333=ORIENTED_EDGE('',*,*,#2333,.F.);
#3334=ORIENTED_EDGE('',*,*,#2405,.F.);
#3335=ORIENTED_EDGE('',*,*,#2406,.F.);
#3336=ORIENTED_EDGE('',*,*,#2407,.T.);
#3337=ORIENTED_EDGE('',*,*,#2408,.F.);
#3338=ORIENTED_EDGE('',*,*,#2409,.T.);
#3339=ORIENTED_EDGE('',*,*,#2410,.F.);
#3340=ORIENTED_EDGE('',*,*,#2411,.F.);
#3341=ORIENTED_EDGE('',*,*,#1978,.T.);
#3342=ORIENTED_EDGE('',*,*,#1976,.F.);
#3343=ORIENTED_EDGE('',*,*,#2014,.T.);
#3344=ORIENTED_EDGE('',*,*,#2003,.T.);
#3345=ORIENTED_EDGE('',*,*,#2053,.F.);
#3346=ORIENTED_EDGE('',*,*,#2412,.F.);
#3347=ORIENTED_EDGE('',*,*,#2413,.F.);
#3348=ORIENTED_EDGE('',*,*,#2414,.F.);
#3349=ORIENTED_EDGE('',*,*,#2045,.F.);
#3350=ORIENTED_EDGE('',*,*,#2007,.T.);
#3351=ORIENTED_EDGE('',*,*,#2415,.T.);
#3352=ORIENTED_EDGE('',*,*,#2403,.F.);
#3353=ORIENTED_EDGE('',*,*,#2416,.F.);
#3354=ORIENTED_EDGE('',*,*,#2417,.F.);
#3355=ORIENTED_EDGE('',*,*,#2418,.T.);
#3356=ORIENTED_EDGE('',*,*,#2417,.T.);
#3357=ORIENTED_EDGE('',*,*,#2419,.T.);
#3358=ORIENTED_EDGE('',*,*,#2420,.T.);
#3359=ORIENTED_EDGE('',*,*,#2421,.T.);
#3360=ORIENTED_EDGE('',*,*,#2422,.T.);
#3361=ORIENTED_EDGE('',*,*,#2423,.T.);
#3362=ORIENTED_EDGE('',*,*,#2424,.T.);
#3363=ORIENTED_EDGE('',*,*,#1989,.T.);
#3364=ORIENTED_EDGE('',*,*,#2029,.F.);
#3365=ORIENTED_EDGE('',*,*,#2425,.F.);
#3366=ORIENTED_EDGE('',*,*,#2426,.F.);
#3367=ORIENTED_EDGE('',*,*,#2427,.T.);
#3368=ORIENTED_EDGE('',*,*,#2428,.F.);
#3369=ORIENTED_EDGE('',*,*,#2429,.F.);
#3370=ORIENTED_EDGE('',*,*,#2430,.F.);
#3371=ORIENTED_EDGE('',*,*,#2329,.F.);
#3372=ORIENTED_EDGE('',*,*,#2038,.F.);
#3373=ORIENTED_EDGE('',*,*,#2020,.T.);
#3374=ORIENTED_EDGE('',*,*,#2011,.T.);
#3375=ORIENTED_EDGE('',*,*,#2037,.F.);
#3376=ORIENTED_EDGE('',*,*,#2431,.F.);
#3377=ORIENTED_EDGE('',*,*,#2432,.F.);
#3378=ORIENTED_EDGE('',*,*,#2433,.F.);
#3379=ORIENTED_EDGE('',*,*,#2306,.F.);
#3380=ORIENTED_EDGE('',*,*,#2022,.T.);
#3381=ORIENTED_EDGE('',*,*,#2025,.T.);
#3382=ORIENTED_EDGE('',*,*,#1984,.F.);
#3383=ORIENTED_EDGE('',*,*,#2434,.F.);
#3384=ORIENTED_EDGE('',*,*,#2422,.F.);
#3385=ORIENTED_EDGE('',*,*,#2435,.F.);
#3386=ORIENTED_EDGE('',*,*,#2436,.F.);
#3387=ORIENTED_EDGE('',*,*,#2437,.T.);
#3388=ORIENTED_EDGE('',*,*,#2436,.T.);
#3389=ORIENTED_EDGE('',*,*,#2438,.T.);
#3390=ORIENTED_EDGE('',*,*,#2388,.T.);
#3391=ORIENTED_EDGE('',*,*,#2439,.F.);
#3392=ORIENTED_EDGE('',*,*,#2440,.T.);
#3393=ORIENTED_EDGE('',*,*,#2441,.T.);
#3394=ORIENTED_EDGE('',*,*,#2426,.T.);
#3395=ORIENTED_EDGE('',*,*,#2442,.F.);
#3396=ORIENTED_EDGE('',*,*,#2428,.T.);
#3397=ORIENTED_EDGE('',*,*,#2443,.T.);
#3398=ORIENTED_EDGE('',*,*,#2444,.T.);
#3399=ORIENTED_EDGE('',*,*,#2427,.F.);
#3400=ORIENTED_EDGE('',*,*,#2441,.F.);
#3401=ORIENTED_EDGE('',*,*,#2445,.F.);
#3402=ORIENTED_EDGE('',*,*,#2443,.F.);
#3403=ORIENTED_EDGE('',*,*,#2439,.T.);
#3404=ORIENTED_EDGE('',*,*,#2425,.T.);
#3405=ORIENTED_EDGE('',*,*,#2028,.T.);
#3406=ORIENTED_EDGE('',*,*,#2354,.T.);
#3407=ORIENTED_EDGE('',*,*,#2434,.T.);
#3408=ORIENTED_EDGE('',*,*,#2437,.F.);
#3409=ORIENTED_EDGE('',*,*,#2387,.F.);
#3410=ORIENTED_EDGE('',*,*,#2385,.F.);
#3411=ORIENTED_EDGE('',*,*,#2288,.F.);
#3412=ORIENTED_EDGE('',*,*,#2393,.F.);
#3413=ORIENTED_EDGE('',*,*,#2446,.F.);
#3414=ORIENTED_EDGE('',*,*,#2423,.F.);
#3415=ORIENTED_EDGE('',*,*,#2392,.F.);
#3416=ORIENTED_EDGE('',*,*,#2447,.F.);
#3417=ORIENTED_EDGE('',*,*,#2268,.F.);
#3418=ORIENTED_EDGE('',*,*,#2448,.T.);
#3419=ORIENTED_EDGE('',*,*,#2449,.T.);
#3420=ORIENTED_EDGE('',*,*,#2424,.F.);
#3421=ORIENTED_EDGE('',*,*,#2446,.T.);
#3422=ORIENTED_EDGE('',*,*,#2435,.T.);
#3423=ORIENTED_EDGE('',*,*,#2421,.F.);
#3424=ORIENTED_EDGE('',*,*,#2449,.F.);
#3425=ORIENTED_EDGE('',*,*,#2450,.F.);
#3426=ORIENTED_EDGE('',*,*,#2389,.F.);
#3427=ORIENTED_EDGE('',*,*,#2438,.F.);
#3428=ORIENTED_EDGE('',*,*,#2267,.F.);
#3429=ORIENTED_EDGE('',*,*,#2390,.F.);
#3430=ORIENTED_EDGE('',*,*,#2450,.T.);
#3431=ORIENTED_EDGE('',*,*,#2448,.F.);
#3432=ORIENTED_EDGE('',*,*,#2361,.T.);
#3433=ORIENTED_EDGE('',*,*,#2444,.F.);
#3434=ORIENTED_EDGE('',*,*,#2445,.T.);
#3435=ORIENTED_EDGE('',*,*,#2440,.F.);
#3436=ORIENTED_EDGE('',*,*,#2293,.F.);
#3437=ORIENTED_EDGE('',*,*,#2269,.F.);
#3438=ORIENTED_EDGE('',*,*,#2447,.T.);
#3439=ORIENTED_EDGE('',*,*,#2391,.F.);
#3440=ORIENTED_EDGE('',*,*,#2286,.T.);
#3441=ORIENTED_EDGE('',*,*,#2442,.T.);
#3442=ORIENTED_EDGE('',*,*,#2360,.T.);
#3443=ORIENTED_EDGE('',*,*,#2451,.F.);
#3444=ORIENTED_EDGE('',*,*,#2429,.T.);
#3445=ORIENTED_EDGE('',*,*,#2452,.F.);
#3446=ORIENTED_EDGE('',*,*,#2453,.F.);
#3447=ORIENTED_EDGE('',*,*,#2454,.F.);
#3448=ORIENTED_EDGE('',*,*,#2407,.F.);
#3449=ORIENTED_EDGE('',*,*,#2408,.T.);
#3450=ORIENTED_EDGE('',*,*,#2454,.T.);
#3451=ORIENTED_EDGE('',*,*,#2455,.T.);
#3452=ORIENTED_EDGE('',*,*,#2456,.T.);
#3453=ORIENTED_EDGE('',*,*,#2457,.F.);
#3454=ORIENTED_EDGE('',*,*,#2409,.F.);
#3455=ORIENTED_EDGE('',*,*,#2456,.F.);
#3456=ORIENTED_EDGE('',*,*,#2458,.F.);
#3457=ORIENTED_EDGE('',*,*,#2452,.T.);
#3458=ORIENTED_EDGE('',*,*,#2406,.T.);
#3459=ORIENTED_EDGE('',*,*,#2459,.T.);
#3460=ORIENTED_EDGE('',*,*,#2358,.T.);
#3461=ORIENTED_EDGE('',*,*,#2347,.F.);
#3462=ORIENTED_EDGE('',*,*,#2401,.T.);
#3463=ORIENTED_EDGE('',*,*,#2460,.F.);
#3464=ORIENTED_EDGE('',*,*,#2461,.T.);
#3465=ORIENTED_EDGE('',*,*,#2357,.T.);
#3466=ORIENTED_EDGE('',*,*,#2458,.T.);
#3467=ORIENTED_EDGE('',*,*,#2455,.F.);
#3468=ORIENTED_EDGE('',*,*,#2453,.T.);
#3469=ORIENTED_EDGE('',*,*,#2383,.F.);
#3470=ORIENTED_EDGE('',*,*,#2462,.F.);
#3471=ORIENTED_EDGE('',*,*,#2348,.F.);
#3472=ORIENTED_EDGE('',*,*,#2461,.F.);
#3473=ORIENTED_EDGE('',*,*,#2463,.F.);
#3474=ORIENTED_EDGE('',*,*,#2420,.F.);
#3475=ORIENTED_EDGE('',*,*,#2464,.F.);
#3476=ORIENTED_EDGE('',*,*,#2415,.F.);
#3477=ORIENTED_EDGE('',*,*,#2418,.F.);
#3478=ORIENTED_EDGE('',*,*,#2463,.T.);
#3479=ORIENTED_EDGE('',*,*,#2460,.T.);
#3480=ORIENTED_EDGE('',*,*,#2400,.T.);
#3481=ORIENTED_EDGE('',*,*,#2404,.F.);
#3482=ORIENTED_EDGE('',*,*,#2416,.T.);
#3483=ORIENTED_EDGE('',*,*,#2402,.F.);
#3484=ORIENTED_EDGE('',*,*,#2398,.T.);
#3485=ORIENTED_EDGE('',*,*,#2395,.F.);
#3486=ORIENTED_EDGE('',*,*,#2247,.F.);
#3487=ORIENTED_EDGE('',*,*,#2384,.F.);
#3488=ORIENTED_EDGE('',*,*,#2464,.T.);
#3489=ORIENTED_EDGE('',*,*,#2419,.F.);
#3490=ORIENTED_EDGE('',*,*,#2244,.F.);
#3491=ORIENTED_EDGE('',*,*,#2349,.F.);
#3492=ORIENTED_EDGE('',*,*,#2462,.T.);
#3493=ORIENTED_EDGE('',*,*,#2382,.F.);
#3494=ORIENTED_EDGE('',*,*,#2245,.T.);
#3495=ORIENTED_EDGE('',*,*,#2457,.T.);
#3496=ORIENTED_EDGE('',*,*,#2356,.T.);
#3497=ORIENTED_EDGE('',*,*,#2465,.F.);
#3498=ORIENTED_EDGE('',*,*,#2410,.T.);
#3499=ORIENTED_EDGE('',*,*,#2177,.T.);
#3500=ORIENTED_EDGE('',*,*,#2466,.T.);
#3501=ORIENTED_EDGE('',*,*,#2467,.T.);
#3502=ORIENTED_EDGE('',*,*,#2468,.T.);
#3503=ORIENTED_EDGE('',*,*,#2469,.T.);
#3504=ORIENTED_EDGE('',*,*,#2470,.T.);
#3505=ORIENTED_EDGE('',*,*,#2471,.T.);
#3506=ORIENTED_EDGE('',*,*,#2283,.T.);
#3507=ORIENTED_EDGE('',*,*,#2472,.T.);
#3508=ORIENTED_EDGE('',*,*,#2473,.T.);
#3509=ORIENTED_EDGE('',*,*,#2474,.T.);
#3510=ORIENTED_EDGE('',*,*,#2470,.F.);
#3511=ORIENTED_EDGE('',*,*,#2475,.T.);
#3512=ORIENTED_EDGE('',*,*,#2176,.T.);
#3513=ORIENTED_EDGE('',*,*,#2476,.T.);
#3514=ORIENTED_EDGE('',*,*,#2473,.F.);
#3515=ORIENTED_EDGE('',*,*,#2477,.T.);
#3516=ORIENTED_EDGE('',*,*,#2466,.F.);
#3517=ORIENTED_EDGE('',*,*,#2478,.T.);
#3518=ORIENTED_EDGE('',*,*,#2479,.T.);
#3519=ORIENTED_EDGE('',*,*,#2468,.F.);
#3520=ORIENTED_EDGE('',*,*,#2480,.T.);
#3521=ORIENTED_EDGE('',*,*,#2252,.T.);
#3522=ORIENTED_EDGE('',*,*,#2481,.T.);
#3523=ORIENTED_EDGE('',*,*,#2478,.F.);
#3524=ORIENTED_EDGE('',*,*,#2482,.T.);
#3525=ORIENTED_EDGE('',*,*,#2481,.F.);
#3526=ORIENTED_EDGE('',*,*,#2251,.T.);
#3527=ORIENTED_EDGE('',*,*,#2179,.T.);
#3528=ORIENTED_EDGE('',*,*,#2483,.T.);
#3529=ORIENTED_EDGE('',*,*,#2482,.F.);
#3530=ORIENTED_EDGE('',*,*,#2480,.F.);
#3531=ORIENTED_EDGE('',*,*,#2484,.F.);
#3532=ORIENTED_EDGE('',*,*,#2253,.F.);
#3533=ORIENTED_EDGE('',*,*,#2476,.F.);
#3534=ORIENTED_EDGE('',*,*,#2175,.F.);
#3535=ORIENTED_EDGE('',*,*,#2485,.F.);
#3536=ORIENTED_EDGE('',*,*,#2474,.F.);
#3537=ORIENTED_EDGE('',*,*,#2467,.F.);
#3538=ORIENTED_EDGE('',*,*,#2486,.F.);
#3539=ORIENTED_EDGE('',*,*,#2487,.T.);
#3540=ORIENTED_EDGE('',*,*,#2488,.T.);
#3541=ORIENTED_EDGE('',*,*,#2484,.T.);
#3542=ORIENTED_EDGE('',*,*,#2489,.F.);
#3543=ORIENTED_EDGE('',*,*,#2490,.F.);
#3544=ORIENTED_EDGE('',*,*,#2477,.F.);
#3545=ORIENTED_EDGE('',*,*,#2491,.F.);
#3546=ORIENTED_EDGE('',*,*,#2492,.F.);
#3547=ORIENTED_EDGE('',*,*,#2493,.T.);
#3548=ORIENTED_EDGE('',*,*,#2486,.T.);
#3549=ORIENTED_EDGE('',*,*,#2494,.F.);
#3550=ORIENTED_EDGE('',*,*,#2495,.F.);
#3551=ORIENTED_EDGE('',*,*,#2475,.F.);
#3552=ORIENTED_EDGE('',*,*,#2472,.F.);
#3553=ORIENTED_EDGE('',*,*,#2282,.F.);
#3554=ORIENTED_EDGE('',*,*,#2491,.T.);
#3555=ORIENTED_EDGE('',*,*,#2496,.T.);
#3556=ORIENTED_EDGE('',*,*,#2497,.T.);
#3557=ORIENTED_EDGE('',*,*,#2258,.T.);
#3558=ORIENTED_EDGE('',*,*,#2498,.T.);
#3559=ORIENTED_EDGE('',*,*,#2499,.T.);
#3560=ORIENTED_EDGE('',*,*,#2500,.T.);
#3561=ORIENTED_EDGE('',*,*,#2496,.F.);
#3562=ORIENTED_EDGE('',*,*,#2501,.T.);
#3563=ORIENTED_EDGE('',*,*,#2226,.T.);
#3564=ORIENTED_EDGE('',*,*,#2502,.T.);
#3565=ORIENTED_EDGE('',*,*,#2499,.F.);
#3566=ORIENTED_EDGE('',*,*,#2503,.T.);
#3567=ORIENTED_EDGE('',*,*,#2504,.T.);
#3568=ORIENTED_EDGE('',*,*,#2227,.T.);
#3569=ORIENTED_EDGE('',*,*,#2504,.F.);
#3570=ORIENTED_EDGE('',*,*,#2505,.T.);
#3571=ORIENTED_EDGE('',*,*,#2506,.T.);
#3572=ORIENTED_EDGE('',*,*,#2507,.T.);
#3573=ORIENTED_EDGE('',*,*,#2508,.T.);
#3574=ORIENTED_EDGE('',*,*,#2509,.T.);
#3575=ORIENTED_EDGE('',*,*,#2506,.F.);
#3576=ORIENTED_EDGE('',*,*,#2510,.T.);
#3577=ORIENTED_EDGE('',*,*,#2277,.T.);
#3578=ORIENTED_EDGE('',*,*,#2511,.T.);
#3579=ORIENTED_EDGE('',*,*,#2508,.F.);
#3580=ORIENTED_EDGE('',*,*,#2512,.T.);
#3581=ORIENTED_EDGE('',*,*,#2501,.F.);
#3582=ORIENTED_EDGE('',*,*,#2498,.F.);
#3583=ORIENTED_EDGE('',*,*,#2257,.F.);
#3584=ORIENTED_EDGE('',*,*,#2513,.T.);
#3585=ORIENTED_EDGE('',*,*,#2497,.F.);
#3586=ORIENTED_EDGE('',*,*,#2514,.T.);
#3587=ORIENTED_EDGE('',*,*,#2224,.T.);
#3588=ORIENTED_EDGE('',*,*,#2259,.T.);
#3589=ORIENTED_EDGE('',*,*,#2509,.F.);
#3590=ORIENTED_EDGE('',*,*,#2515,.F.);
#3591=ORIENTED_EDGE('',*,*,#2228,.F.);
#3592=ORIENTED_EDGE('',*,*,#2507,.F.);
#3593=ORIENTED_EDGE('',*,*,#2500,.F.);
#3594=ORIENTED_EDGE('',*,*,#2502,.F.);
#3595=ORIENTED_EDGE('',*,*,#2225,.F.);
#3596=ORIENTED_EDGE('',*,*,#2514,.F.);
#3597=ORIENTED_EDGE('',*,*,#2505,.F.);
#3598=ORIENTED_EDGE('',*,*,#2516,.T.);
#3599=ORIENTED_EDGE('',*,*,#2517,.T.);
#3600=ORIENTED_EDGE('',*,*,#2518,.T.);
#3601=ORIENTED_EDGE('',*,*,#2519,.T.);
#3602=ORIENTED_EDGE('',*,*,#2520,.F.);
#3603=ORIENTED_EDGE('',*,*,#2521,.F.);
#3604=ORIENTED_EDGE('',*,*,#2279,.F.);
#3605=ORIENTED_EDGE('',*,*,#2518,.F.);
#3606=ORIENTED_EDGE('',*,*,#2522,.T.);
#3607=ORIENTED_EDGE('',*,*,#2510,.F.);
#3608=ORIENTED_EDGE('',*,*,#2519,.F.);
#3609=ORIENTED_EDGE('',*,*,#2278,.F.);
#3610=ORIENTED_EDGE('',*,*,#2512,.F.);
#3611=ORIENTED_EDGE('',*,*,#2256,.F.);
#3612=ORIENTED_EDGE('',*,*,#2523,.T.);
#3613=ORIENTED_EDGE('',*,*,#2524,.T.);
#3614=ORIENTED_EDGE('',*,*,#2503,.F.);
#3615=ORIENTED_EDGE('',*,*,#2513,.F.);
#3616=ORIENTED_EDGE('',*,*,#2524,.F.);
#3617=ORIENTED_EDGE('',*,*,#2525,.T.);
#3618=ORIENTED_EDGE('',*,*,#2516,.F.);
#3619=ORIENTED_EDGE('',*,*,#2526,.F.);
#3620=ORIENTED_EDGE('',*,*,#2527,.F.);
#3621=ORIENTED_EDGE('',*,*,#2281,.F.);
#3622=ORIENTED_EDGE('',*,*,#2528,.T.);
#3623=ORIENTED_EDGE('',*,*,#2492,.T.);
#3624=ORIENTED_EDGE('',*,*,#2479,.F.);
#3625=ORIENTED_EDGE('',*,*,#2483,.F.);
#3626=ORIENTED_EDGE('',*,*,#2178,.F.);
#3627=ORIENTED_EDGE('',*,*,#2469,.F.);
#3628=ORIENTED_EDGE('',*,*,#2254,.F.);
#3629=ORIENTED_EDGE('',*,*,#2488,.F.);
#3630=ORIENTED_EDGE('',*,*,#2529,.T.);
#3631=ORIENTED_EDGE('',*,*,#2280,.F.);
#3632=ORIENTED_EDGE('',*,*,#2522,.F.);
#3633=ORIENTED_EDGE('',*,*,#2517,.F.);
#3634=ORIENTED_EDGE('',*,*,#2525,.F.);
#3635=ORIENTED_EDGE('',*,*,#2523,.F.);
#3636=ORIENTED_EDGE('',*,*,#2255,.T.);
#3637=ORIENTED_EDGE('',*,*,#2529,.F.);
#3638=ORIENTED_EDGE('',*,*,#2487,.F.);
#3639=ORIENTED_EDGE('',*,*,#2493,.F.);
#3640=ORIENTED_EDGE('',*,*,#2528,.F.);
#3641=ORIENTED_EDGE('',*,*,#2376,.T.);
#3642=ORIENTED_EDGE('',*,*,#2381,.T.);
#3643=ORIENTED_EDGE('',*,*,#2366,.T.);
#3644=ORIENTED_EDGE('',*,*,#2371,.T.);
#3645=ORIENTED_EDGE('',*,*,#2511,.F.);
#3646=ORIENTED_EDGE('',*,*,#2276,.T.);
#3647=ORIENTED_EDGE('',*,*,#2229,.T.);
#3648=ORIENTED_EDGE('',*,*,#2515,.T.);
#3649=ORIENTED_EDGE('',*,*,#2489,.T.);
#3650=ORIENTED_EDGE('',*,*,#2530,.T.);
#3651=ORIENTED_EDGE('',*,*,#2531,.T.);
#3652=ORIENTED_EDGE('',*,*,#2530,.F.);
#3653=ORIENTED_EDGE('',*,*,#2490,.T.);
#3654=ORIENTED_EDGE('',*,*,#2494,.T.);
#3655=ORIENTED_EDGE('',*,*,#2532,.T.);
#3656=ORIENTED_EDGE('',*,*,#2533,.T.);
#3657=ORIENTED_EDGE('',*,*,#2532,.F.);
#3658=ORIENTED_EDGE('',*,*,#2495,.T.);
#3659=ORIENTED_EDGE('',*,*,#2471,.F.);
#3660=ORIENTED_EDGE('',*,*,#2485,.T.);
#3661=ORIENTED_EDGE('',*,*,#2174,.T.);
#3662=ORIENTED_EDGE('',*,*,#2284,.T.);
#3663=ORIENTED_EDGE('',*,*,#2534,.T.);
#3664=ORIENTED_EDGE('',*,*,#2330,.T.);
#3665=ORIENTED_EDGE('',*,*,#2430,.T.);
#3666=ORIENTED_EDGE('',*,*,#2451,.T.);
#3667=ORIENTED_EDGE('',*,*,#2534,.F.);
#3668=ORIENTED_EDGE('',*,*,#2359,.T.);
#3669=ORIENTED_EDGE('',*,*,#2535,.F.);
#3670=ORIENTED_EDGE('',*,*,#2331,.F.);
#3671=ORIENTED_EDGE('',*,*,#2027,.F.);
#3672=ORIENTED_EDGE('',*,*,#2064,.F.);
#3673=ORIENTED_EDGE('',*,*,#2536,.F.);
#3674=ORIENTED_EDGE('',*,*,#2355,.F.);
#3675=ORIENTED_EDGE('',*,*,#1979,.T.);
#3676=ORIENTED_EDGE('',*,*,#2411,.T.);
#3677=ORIENTED_EDGE('',*,*,#2465,.T.);
#3678=ORIENTED_EDGE('',*,*,#2536,.T.);
#3679=ORIENTED_EDGE('',*,*,#2063,.T.);
#3680=ORIENTED_EDGE('',*,*,#2405,.T.);
#3681=ORIENTED_EDGE('',*,*,#2332,.T.);
#3682=ORIENTED_EDGE('',*,*,#2535,.T.);
#3683=ORIENTED_EDGE('',*,*,#2459,.F.);
#3684=ORIENTED_EDGE('',*,*,#2412,.T.);
#3685=ORIENTED_EDGE('',*,*,#2052,.F.);
#3686=ORIENTED_EDGE('',*,*,#2328,.F.);
#3687=ORIENTED_EDGE('',*,*,#2537,.F.);
#3688=ORIENTED_EDGE('',*,*,#2433,.T.);
#3689=ORIENTED_EDGE('',*,*,#2538,.F.);
#3690=ORIENTED_EDGE('',*,*,#2539,.F.);
#3691=ORIENTED_EDGE('',*,*,#2307,.F.);
#3692=ORIENTED_EDGE('',*,*,#2413,.T.);
#3693=ORIENTED_EDGE('',*,*,#2537,.T.);
#3694=ORIENTED_EDGE('',*,*,#2327,.F.);
#3695=ORIENTED_EDGE('',*,*,#2540,.T.);
#3696=ORIENTED_EDGE('',*,*,#2541,.T.);
#3697=ORIENTED_EDGE('',*,*,#2542,.T.);
#3698=ORIENTED_EDGE('',*,*,#2323,.F.);
#3699=ORIENTED_EDGE('',*,*,#2543,.T.);
#3700=ORIENTED_EDGE('',*,*,#2432,.T.);
#3701=ORIENTED_EDGE('',*,*,#2544,.T.);
#3702=ORIENTED_EDGE('',*,*,#2545,.F.);
#3703=ORIENTED_EDGE('',*,*,#2546,.F.);
#3704=ORIENTED_EDGE('',*,*,#2547,.F.);
#3705=ORIENTED_EDGE('',*,*,#2548,.F.);
#3706=ORIENTED_EDGE('',*,*,#2549,.F.);
#3707=ORIENTED_EDGE('',*,*,#2538,.T.);
#3708=ORIENTED_EDGE('',*,*,#2414,.T.);
#3709=ORIENTED_EDGE('',*,*,#2543,.F.);
#3710=ORIENTED_EDGE('',*,*,#2322,.F.);
#3711=ORIENTED_EDGE('',*,*,#2046,.T.);
#3712=ORIENTED_EDGE('',*,*,#2431,.T.);
#3713=ORIENTED_EDGE('',*,*,#2036,.T.);
#3714=ORIENTED_EDGE('',*,*,#2550,.F.);
#3715=ORIENTED_EDGE('',*,*,#2544,.F.);
#3716=ORIENTED_EDGE('',*,*,#2551,.T.);
#3717=ORIENTED_EDGE('',*,*,#2339,.T.);
#3718=ORIENTED_EDGE('',*,*,#2552,.T.);
#3719=ORIENTED_EDGE('',*,*,#2553,.T.);
#3720=ORIENTED_EDGE('',*,*,#2554,.T.);
#3721=ORIENTED_EDGE('',*,*,#2555,.T.);
#3722=ORIENTED_EDGE('',*,*,#2556,.T.);
#3723=ORIENTED_EDGE('',*,*,#2551,.F.);
#3724=ORIENTED_EDGE('',*,*,#2557,.T.);
#3725=ORIENTED_EDGE('',*,*,#2558,.T.);
#3726=ORIENTED_EDGE('',*,*,#2559,.T.);
#3727=ORIENTED_EDGE('',*,*,#2555,.F.);
#3728=ORIENTED_EDGE('',*,*,#2560,.T.);
#3729=ORIENTED_EDGE('',*,*,#2558,.F.);
#3730=ORIENTED_EDGE('',*,*,#2561,.T.);
#3731=ORIENTED_EDGE('',*,*,#2562,.T.);
#3732=ORIENTED_EDGE('',*,*,#2563,.T.);
#3733=ORIENTED_EDGE('',*,*,#2564,.F.);
#3734=ORIENTED_EDGE('',*,*,#2565,.T.);
#3735=ORIENTED_EDGE('',*,*,#2560,.F.);
#3736=ORIENTED_EDGE('',*,*,#2557,.F.);
#3737=ORIENTED_EDGE('',*,*,#2554,.F.);
#3738=ORIENTED_EDGE('',*,*,#2566,.T.);
#3739=ORIENTED_EDGE('',*,*,#2527,.T.);
#3740=ORIENTED_EDGE('',*,*,#2526,.T.);
#3741=ORIENTED_EDGE('',*,*,#2566,.F.);
#3742=ORIENTED_EDGE('',*,*,#2553,.F.);
#3743=ORIENTED_EDGE('',*,*,#2567,.F.);
#3744=ORIENTED_EDGE('',*,*,#2561,.F.);
#3745=ORIENTED_EDGE('',*,*,#2564,.T.);
#3746=ORIENTED_EDGE('',*,*,#2568,.T.);
#3747=ORIENTED_EDGE('',*,*,#2569,.T.);
#3748=ORIENTED_EDGE('',*,*,#2570,.T.);
#3749=ORIENTED_EDGE('',*,*,#2571,.T.);
#3750=ORIENTED_EDGE('',*,*,#2572,.T.);
#3751=ORIENTED_EDGE('',*,*,#2569,.F.);
#3752=ORIENTED_EDGE('',*,*,#2573,.T.);
#3753=ORIENTED_EDGE('',*,*,#2574,.T.);
#3754=ORIENTED_EDGE('',*,*,#2341,.T.);
#3755=ORIENTED_EDGE('',*,*,#2571,.F.);
#3756=ORIENTED_EDGE('',*,*,#2575,.T.);
#3757=ORIENTED_EDGE('',*,*,#2576,.T.);
#3758=ORIENTED_EDGE('',*,*,#2577,.F.);
#3759=ORIENTED_EDGE('',*,*,#2576,.F.);
#3760=ORIENTED_EDGE('',*,*,#2578,.T.);
#3761=ORIENTED_EDGE('',*,*,#2521,.T.);
#3762=ORIENTED_EDGE('',*,*,#2520,.T.);
#3763=ORIENTED_EDGE('',*,*,#2578,.F.);
#3764=ORIENTED_EDGE('',*,*,#2575,.F.);
#3765=ORIENTED_EDGE('',*,*,#2573,.F.);
#3766=ORIENTED_EDGE('',*,*,#2568,.F.);
#3767=ORIENTED_EDGE('',*,*,#2563,.F.);
#3768=ORIENTED_EDGE('',*,*,#2556,.F.);
#3769=ORIENTED_EDGE('',*,*,#2579,.T.);
#3770=ORIENTED_EDGE('',*,*,#2572,.F.);
#3771=ORIENTED_EDGE('',*,*,#2340,.T.);
#3772=ORIENTED_EDGE('',*,*,#2559,.F.);
#3773=ORIENTED_EDGE('',*,*,#2565,.F.);
#3774=ORIENTED_EDGE('',*,*,#2570,.F.);
#3775=ORIENTED_EDGE('',*,*,#2579,.F.);
#3776=ORIENTED_EDGE('',*,*,#2533,.F.);
#3777=ORIENTED_EDGE('',*,*,#2531,.F.);
#3778=ORIENTED_EDGE('',*,*,#2577,.T.);
#3779=ORIENTED_EDGE('',*,*,#2562,.F.);
#3780=ORIENTED_EDGE('',*,*,#2567,.T.);
#3781=ORIENTED_EDGE('',*,*,#2552,.F.);
#3782=ORIENTED_EDGE('',*,*,#2338,.F.);
#3783=ORIENTED_EDGE('',*,*,#2235,.F.);
#3784=ORIENTED_EDGE('',*,*,#2342,.F.);
#3785=ORIENTED_EDGE('',*,*,#2574,.F.);
#3786=ORIENTED_EDGE('',*,*,#2580,.F.);
#3787=ORIENTED_EDGE('',*,*,#2581,.T.);
#3788=ORIENTED_EDGE('',*,*,#2185,.F.);
#3789=ORIENTED_EDGE('',*,*,#2581,.F.);
#3790=ORIENTED_EDGE('',*,*,#2580,.T.);
#3791=ORIENTED_EDGE('',*,*,#2582,.F.);
#3792=ORIENTED_EDGE('',*,*,#2548,.T.);
#3793=ORIENTED_EDGE('',*,*,#2583,.T.);
#3794=ORIENTED_EDGE('',*,*,#2584,.T.);
#3795=ORIENTED_EDGE('',*,*,#2324,.F.);
#3796=ORIENTED_EDGE('',*,*,#2542,.F.);
#3797=ORIENTED_EDGE('',*,*,#2585,.F.);
#3798=ORIENTED_EDGE('',*,*,#2586,.F.);
#3799=ORIENTED_EDGE('',*,*,#2585,.T.);
#3800=ORIENTED_EDGE('',*,*,#2541,.F.);
#3801=ORIENTED_EDGE('',*,*,#2587,.T.);
#3802=ORIENTED_EDGE('',*,*,#2588,.F.);
#3803=ORIENTED_EDGE('',*,*,#2325,.F.);
#3804=ORIENTED_EDGE('',*,*,#2586,.T.);
#3805=ORIENTED_EDGE('',*,*,#2588,.T.);
#3806=ORIENTED_EDGE('',*,*,#2589,.T.);
#3807=ORIENTED_EDGE('',*,*,#2326,.F.);
#3808=ORIENTED_EDGE('',*,*,#2589,.F.);
#3809=ORIENTED_EDGE('',*,*,#2587,.F.);
#3810=ORIENTED_EDGE('',*,*,#2540,.F.);
#3811=ORIENTED_EDGE('',*,*,#2590,.F.);
#3812=ORIENTED_EDGE('',*,*,#2591,.T.);
#3813=ORIENTED_EDGE('',*,*,#2592,.T.);
#3814=ORIENTED_EDGE('',*,*,#2546,.T.);
#3815=ORIENTED_EDGE('',*,*,#2592,.F.);
#3816=ORIENTED_EDGE('',*,*,#2593,.T.);
#3817=ORIENTED_EDGE('',*,*,#2583,.F.);
#3818=ORIENTED_EDGE('',*,*,#2547,.T.);
#3819=ORIENTED_EDGE('',*,*,#2594,.F.);
#3820=ORIENTED_EDGE('',*,*,#2584,.F.);
#3821=ORIENTED_EDGE('',*,*,#2593,.F.);
#3822=ORIENTED_EDGE('',*,*,#2591,.F.);
#3823=ORIENTED_EDGE('',*,*,#2312,.F.);
#3824=ORIENTED_EDGE('',*,*,#2344,.F.);
#3825=ORIENTED_EDGE('',*,*,#2321,.F.);
#3826=ORIENTED_EDGE('',*,*,#2314,.F.);
#3827=ORIENTED_EDGE('',*,*,#2301,.F.);
#3828=ORIENTED_EDGE('',*,*,#2308,.T.);
#3829=ORIENTED_EDGE('',*,*,#2539,.T.);
#3830=ORIENTED_EDGE('',*,*,#2549,.T.);
#3831=ORIENTED_EDGE('',*,*,#2582,.T.);
#3832=ORIENTED_EDGE('',*,*,#2594,.T.);
#3833=ORIENTED_EDGE('',*,*,#2590,.T.);
#3834=ORIENTED_EDGE('',*,*,#2545,.T.);
#3835=ORIENTED_EDGE('',*,*,#2550,.T.);
#3836=ORIENTED_EDGE('',*,*,#2035,.T.);
#3837=CYLINDRICAL_SURFACE('',#4133,0.5);
#3838=CYLINDRICAL_SURFACE('',#4138,0.5);
#3839=CYLINDRICAL_SURFACE('',#4150,6.9);
#3840=CYLINDRICAL_SURFACE('',#4153,6.9);
#3841=CYLINDRICAL_SURFACE('',#4156,6.9);
#3842=CYLINDRICAL_SURFACE('',#4164,6.9);
#3843=CYLINDRICAL_SURFACE('',#4167,1.5);
#3844=CYLINDRICAL_SURFACE('',#4168,9.5);
#3845=CYLINDRICAL_SURFACE('',#4171,9.5);
#3846=CYLINDRICAL_SURFACE('',#4174,9.5);
#3847=CYLINDRICAL_SURFACE('',#4179,9.5);
#3848=CYLINDRICAL_SURFACE('',#4225,5.00000000000551);
#3849=CYLINDRICAL_SURFACE('',#4226,8.9);
#3850=CYLINDRICAL_SURFACE('',#4250,4.99999999999565);
#3851=CYLINDRICAL_SURFACE('',#4257,8.49);
#3852=CYLINDRICAL_SURFACE('',#4287,8.9);
#3853=CYLINDRICAL_SURFACE('',#4288,5.00000000000551);
#3854=CYLINDRICAL_SURFACE('',#4289,3.5);
#3855=CYLINDRICAL_SURFACE('',#4290,4.99999999999565);
#3856=CYLINDRICAL_SURFACE('',#4291,9.9);
#3857=CYLINDRICAL_SURFACE('',#4320,8.49);
#3858=CYLINDRICAL_SURFACE('',#4325,0.2);
#3859=CYLINDRICAL_SURFACE('',#4330,0.2);
#3860=CYLINDRICAL_SURFACE('',#4331,0.2);
#3861=CYLINDRICAL_SURFACE('',#4336,0.2);
#3862=CYLINDRICAL_SURFACE('',#4341,7.7);
#3863=CYLINDRICAL_SURFACE('',#4346,1.00000000000004);
#3864=CYLINDRICAL_SURFACE('',#4349,8.49);
#3865=CYLINDRICAL_SURFACE('',#4361,1.00000000000004);
#3866=CYLINDRICAL_SURFACE('',#4362,7.7);
#3867=CYLINDRICAL_SURFACE('',#4363,8.49);
#3868=CYLINDRICAL_SURFACE('',#4381,0.5);
#3869=CYLINDRICAL_SURFACE('',#4383,11.705774221785);
#3870=CYLINDRICAL_SURFACE('',#4402,0.5);
#3871=CYLINDRICAL_SURFACE('',#4403,11.705774221785);
#3872=CYLINDRICAL_SURFACE('',#4404,11.705774221785);
#3873=CYLINDRICAL_SURFACE('',#4409,11.705774221785);
#3874=CYLINDRICAL_SURFACE('',#4412,0.5);
#3875=CYLINDRICAL_SURFACE('',#4413,1.1);
#3876=CYLINDRICAL_SURFACE('',#4415,1.1);
#3877=CYLINDRICAL_SURFACE('',#4417,0.5);
#3878=CYLINDRICAL_SURFACE('',#4418,1.5);
#3879=CYLINDRICAL_SURFACE('',#4421,1.5);
#3880=CYLINDRICAL_SURFACE('',#4422,1.5);
#3881=CYLINDRICAL_SURFACE('',#4425,4.1);
#3882=CYLINDRICAL_SURFACE('',#4429,4.1);
#3883=CYLINDRICAL_SURFACE('',#4439,0.25);
#3884=CYLINDRICAL_SURFACE('',#4447,1.1);
#3885=CYLINDRICAL_SURFACE('',#4448,0.25);
#3886=CYLINDRICAL_SURFACE('',#4451,1.1);
#3887=CYLINDRICAL_SURFACE('',#4452,1.9);
#3888=CYLINDRICAL_SURFACE('',#4455,1.9);
#3889=CYLINDRICAL_SURFACE('',#4456,1.9);
#3890=CYLINDRICAL_SURFACE('',#4465,2.99999999999658);
#3891=CYLINDRICAL_SURFACE('',#4472,2.99999999999658);
#3892=ADVANCED_FACE('',(#404),#3837,.F.);
#3893=ADVANCED_FACE('',(#405),#314,.F.);
#3894=ADVANCED_FACE('',(#406),#3838,.F.);
#3895=ADVANCED_FACE('',(#407),#315,.F.);
#3896=ADVANCED_FACE('',(#408),#316,.T.);
#3897=ADVANCED_FACE('',(#409),#317,.T.);
#3898=ADVANCED_FACE('',(#410),#318,.F.);
#3899=ADVANCED_FACE('',(#411),#3839,.T.);
#3900=ADVANCED_FACE('',(#412),#3840,.T.);
#3901=ADVANCED_FACE('',(#413),#3841,.T.);
#3902=ADVANCED_FACE('',(#414),#319,.F.);
#3903=ADVANCED_FACE('',(#415),#320,.F.);
#3904=ADVANCED_FACE('',(#416),#321,.F.);
#3905=ADVANCED_FACE('',(#417),#322,.F.);
#3906=ADVANCED_FACE('',(#418),#3842,.T.);
#3907=ADVANCED_FACE('',(#419),#323,.F.);
#3908=ADVANCED_FACE('',(#420),#3843,.F.);
#3909=ADVANCED_FACE('',(#421),#3844,.T.);
#3910=ADVANCED_FACE('',(#422),#324,.T.);
#3911=ADVANCED_FACE('',(#423),#3845,.T.);
#3912=ADVANCED_FACE('',(#424),#3846,.T.);
#3913=ADVANCED_FACE('',(#425),#325,.T.);
#3914=ADVANCED_FACE('',(#426),#326,.T.);
#3915=ADVANCED_FACE('',(#427),#3847,.T.);
#3916=ADVANCED_FACE('',(#428),#108,.T.);
#3917=ADVANCED_FACE('',(#429),#63,.F.);
#3918=ADVANCED_FACE('',(#430),#64,.F.);
#3919=ADVANCED_FACE('',(#431),#65,.F.);
#3920=ADVANCED_FACE('',(#432),#66,.F.);
#3921=ADVANCED_FACE('',(#433),#67,.F.);
#3922=ADVANCED_FACE('',(#434),#327,.F.);
#3923=ADVANCED_FACE('',(#435),#328,.F.);
#3924=ADVANCED_FACE('',(#436),#329,.F.);
#3925=ADVANCED_FACE('',(#437),#68,.F.);
#3926=ADVANCED_FACE('',(#438),#69,.F.);
#3927=ADVANCED_FACE('',(#439),#70,.F.);
#3928=ADVANCED_FACE('',(#440),#71,.F.);
#3929=ADVANCED_FACE('',(#441),#330,.F.);
#3930=ADVANCED_FACE('',(#442),#331,.F.);
#3931=ADVANCED_FACE('',(#443),#72,.F.);
#3932=ADVANCED_FACE('',(#444),#332,.F.);
#3933=ADVANCED_FACE('',(#445),#333,.F.);
#3934=ADVANCED_FACE('',(#446),#334,.F.);
#3935=ADVANCED_FACE('',(#447),#73,.F.);
#3936=ADVANCED_FACE('',(#448),#74,.F.);
#3937=ADVANCED_FACE('',(#449),#75,.F.);
#3938=ADVANCED_FACE('',(#450),#76,.F.);
#3939=ADVANCED_FACE('',(#451),#77,.F.);
#3940=ADVANCED_FACE('',(#452),#78,.F.);
#3941=ADVANCED_FACE('',(#453),#335,.F.);
#3942=ADVANCED_FACE('',(#454),#336,.F.);
#3943=ADVANCED_FACE('',(#455),#337,.F.);
#3944=ADVANCED_FACE('',(#456,#43),#338,.T.);
#3945=ADVANCED_FACE('',(#457),#339,.F.);
#3946=ADVANCED_FACE('',(#458),#340,.F.);
#3947=ADVANCED_FACE('',(#459),#341,.F.);
#3948=ADVANCED_FACE('',(#460),#342,.F.);
#3949=ADVANCED_FACE('',(#461),#343,.F.);
#3950=ADVANCED_FACE('',(#462),#344,.F.);
#3951=ADVANCED_FACE('',(#463),#345,.F.);
#3952=ADVANCED_FACE('',(#464),#346,.F.);
#3953=ADVANCED_FACE('',(#465),#347,.F.);
#3954=ADVANCED_FACE('',(#466),#348,.F.);
#3955=ADVANCED_FACE('',(#467,#44,#45,#46,#47),#349,.T.);
#3956=ADVANCED_FACE('',(#468),#79,.T.);
#3957=ADVANCED_FACE('',(#469),#19,.F.);
#3958=ADVANCED_FACE('',(#470),#20,.F.);
#3959=ADVANCED_FACE('',(#471),#80,.T.);
#3960=ADVANCED_FACE('',(#472),#21,.F.);
#3961=ADVANCED_FACE('',(#473),#81,.F.);
#3962=ADVANCED_FACE('',(#474),#3848,.T.);
#3963=ADVANCED_FACE('',(#475),#3849,.F.);
#3964=ADVANCED_FACE('',(#476),#22,.F.);
#3965=ADVANCED_FACE('',(#477),#23,.F.);
#3966=ADVANCED_FACE('',(#478),#24,.F.);
#3967=ADVANCED_FACE('',(#479),#82,.T.);
#3968=ADVANCED_FACE('',(#480),#83,.T.);
#3969=ADVANCED_FACE('',(#481,#48),#350,.F.);
#3970=ADVANCED_FACE('',(#482),#84,.F.);
#3971=ADVANCED_FACE('',(#483),#3850,.T.);
#3972=ADVANCED_FACE('',(#484),#25,.T.);
#3973=ADVANCED_FACE('',(#485),#351,.F.);
#3974=ADVANCED_FACE('',(#486),#85,.F.);
#3975=ADVANCED_FACE('',(#487),#26,.T.);
#3976=ADVANCED_FACE('',(#488),#109,.F.);
#3977=ADVANCED_FACE('',(#489),#3851,.T.);
#3978=ADVANCED_FACE('',(#490),#352,.F.);
#3979=ADVANCED_FACE('',(#491),#86,.F.);
#3980=ADVANCED_FACE('',(#492),#27,.T.);
#3981=ADVANCED_FACE('',(#493),#353,.T.);
#3982=ADVANCED_FACE('',(#494),#28,.T.);
#3983=ADVANCED_FACE('',(#495),#87,.F.);
#3984=ADVANCED_FACE('',(#496),#29,.T.);
#3985=ADVANCED_FACE('',(#497),#88,.F.);
#3986=ADVANCED_FACE('',(#498),#89,.F.);
#3987=ADVANCED_FACE('',(#499),#90,.F.);
#3988=ADVANCED_FACE('',(#500),#354,.T.);
#3989=ADVANCED_FACE('',(#501),#355,.T.);
#3990=ADVANCED_FACE('',(#502),#91,.F.);
#3991=ADVANCED_FACE('',(#503),#92,.F.);
#3992=ADVANCED_FACE('',(#504),#30,.T.);
#3993=ADVANCED_FACE('',(#505),#93,.F.);
#3994=ADVANCED_FACE('',(#506),#94,.F.);
#3995=ADVANCED_FACE('',(#507),#356,.T.);
#3996=ADVANCED_FACE('',(#508),#110,.T.);
#3997=ADVANCED_FACE('',(#509),#3852,.F.);
#3998=ADVANCED_FACE('',(#510),#3853,.T.);
#3999=ADVANCED_FACE('',(#511),#3854,.T.);
#4000=ADVANCED_FACE('',(#512),#111,.T.);
#4001=ADVANCED_FACE('',(#513),#3855,.T.);
#4002=ADVANCED_FACE('',(#514),#112,.F.);
#4003=ADVANCED_FACE('',(#515),#95,.T.);
#4004=ADVANCED_FACE('',(#516,#49,#50,#51,#52),#3856,.F.);
#4005=ADVANCED_FACE('',(#517),#15,.F.);
#4006=ADVANCED_FACE('',(#518),#96,.T.);
#4007=ADVANCED_FACE('',(#519),#16,.F.);
#4008=ADVANCED_FACE('',(#520),#97,.T.);
#4009=ADVANCED_FACE('',(#521),#17,.F.);
#4010=ADVANCED_FACE('',(#522),#98,.T.);
#4011=ADVANCED_FACE('',(#523),#18,.F.);
#4012=ADVANCED_FACE('',(#524),#357,.T.);
#4013=ADVANCED_FACE('',(#525),#358,.T.);
#4014=ADVANCED_FACE('',(#526),#359,.F.);
#4015=ADVANCED_FACE('',(#527),#360,.T.);
#4016=ADVANCED_FACE('',(#528),#361,.T.);
#4017=ADVANCED_FACE('',(#529),#3857,.T.);
#4018=ADVANCED_FACE('',(#530),#362,.F.);
#4019=ADVANCED_FACE('',(#531),#3858,.T.);
#4020=ADVANCED_FACE('',(#532,#53),#363,.F.);
#4021=ADVANCED_FACE('',(#533),#3859,.T.);
#4022=ADVANCED_FACE('',(#534),#3860,.T.);
#4023=ADVANCED_FACE('',(#535,#54),#364,.T.);
#4024=ADVANCED_FACE('',(#536),#3861,.T.);
#4025=ADVANCED_FACE('',(#537),#365,.T.);
#4026=ADVANCED_FACE('',(#538),#366,.T.);
#4027=ADVANCED_FACE('',(#539),#367,.T.);
#4028=ADVANCED_FACE('',(#540),#31,.F.);
#4029=ADVANCED_FACE('',(#541),#3862,.T.);
#4030=ADVANCED_FACE('',(#542),#368,.T.);
#4031=ADVANCED_FACE('',(#543),#3863,.T.);
#4032=ADVANCED_FACE('',(#544),#369,.T.);
#4033=ADVANCED_FACE('',(#545),#370,.T.);
#4034=ADVANCED_FACE('',(#546),#3864,.T.);
#4035=ADVANCED_FACE('',(#547),#32,.F.);
#4036=ADVANCED_FACE('',(#548),#371,.F.);
#4037=ADVANCED_FACE('',(#549),#372,.F.);
#4038=ADVANCED_FACE('',(#550),#373,.F.);
#4039=ADVANCED_FACE('',(#551),#33,.F.);
#4040=ADVANCED_FACE('',(#552),#374,.F.);
#4041=ADVANCED_FACE('',(#553),#375,.F.);
#4042=ADVANCED_FACE('',(#554),#376,.T.);
#4043=ADVANCED_FACE('',(#555),#3865,.T.);
#4044=ADVANCED_FACE('',(#556),#3866,.T.);
#4045=ADVANCED_FACE('',(#557),#3867,.T.);
#4046=ADVANCED_FACE('',(#558),#34,.F.);
#4047=ADVANCED_FACE('',(#559),#99,.F.);
#4048=ADVANCED_FACE('',(#560),#35,.T.);
#4049=ADVANCED_FACE('',(#561),#36,.T.);
#4050=ADVANCED_FACE('',(#562),#100,.F.);
#4051=ADVANCED_FACE('',(#563),#37,.T.);
#4052=ADVANCED_FACE('',(#564),#38,.T.);
#4053=ADVANCED_FACE('',(#565),#3868,.F.);
#4054=ADVANCED_FACE('',(#566),#377,.F.);
#4055=ADVANCED_FACE('',(#567),#3869,.T.);
#4056=ADVANCED_FACE('',(#568,#55),#113,.F.);
#4057=ADVANCED_FACE('',(#569,#56),#114,.F.);
#4058=ADVANCED_FACE('',(#570),#378,.F.);
#4059=ADVANCED_FACE('',(#571),#39,.T.);
#4060=ADVANCED_FACE('',(#572),#40,.T.);
#4061=ADVANCED_FACE('',(#573),#101,.F.);
#4062=ADVANCED_FACE('',(#574),#102,.F.);
#4063=ADVANCED_FACE('',(#575),#41,.T.);
#4064=ADVANCED_FACE('',(#576),#42,.T.);
#4065=ADVANCED_FACE('',(#577),#379,.T.);
#4066=ADVANCED_FACE('',(#578),#3870,.F.);
#4067=ADVANCED_FACE('',(#579),#3871,.T.);
#4068=ADVANCED_FACE('',(#580),#3872,.T.);
#4069=ADVANCED_FACE('',(#581,#57),#115,.F.);
#4070=ADVANCED_FACE('',(#582),#380,.F.);
#4071=ADVANCED_FACE('',(#583),#381,.T.);
#4072=ADVANCED_FACE('',(#584),#382,.F.);
#4073=ADVANCED_FACE('',(#585,#58),#116,.F.);
#4074=ADVANCED_FACE('',(#586),#383,.T.);
#4075=ADVANCED_FACE('',(#587),#3873,.T.);
#4076=ADVANCED_FACE('',(#588),#384,.T.);
#4077=ADVANCED_FACE('',(#589,#59,#60,#61,#62),#385,.F.);
#4078=ADVANCED_FACE('',(#590),#3874,.F.);
#4079=ADVANCED_FACE('',(#591),#3875,.F.);
#4080=ADVANCED_FACE('',(#592),#3876,.F.);
#4081=ADVANCED_FACE('',(#593),#3877,.F.);
#4082=ADVANCED_FACE('',(#594),#3878,.F.);
#4083=ADVANCED_FACE('',(#595),#386,.F.);
#4084=ADVANCED_FACE('',(#596),#387,.F.);
#4085=ADVANCED_FACE('',(#597),#3879,.F.);
#4086=ADVANCED_FACE('',(#598),#3880,.F.);
#4087=ADVANCED_FACE('',(#599),#388,.T.);
#4088=ADVANCED_FACE('',(#600),#389,.T.);
#4089=ADVANCED_FACE('',(#601),#3881,.F.);
#4090=ADVANCED_FACE('',(#602),#3882,.F.);
#4091=ADVANCED_FACE('',(#603),#390,.T.);
#4092=ADVANCED_FACE('',(#604),#391,.T.);
#4093=ADVANCED_FACE('',(#605),#103,.F.);
#4094=ADVANCED_FACE('',(#606),#104,.F.);
#4095=ADVANCED_FACE('',(#607),#3883,.T.);
#4096=ADVANCED_FACE('',(#608),#392,.F.);
#4097=ADVANCED_FACE('',(#609),#3884,.F.);
#4098=ADVANCED_FACE('',(#610),#3885,.T.);
#4099=ADVANCED_FACE('',(#611),#105,.F.);
#4100=ADVANCED_FACE('',(#612),#106,.F.);
#4101=ADVANCED_FACE('',(#613),#3886,.F.);
#4102=ADVANCED_FACE('',(#614),#107,.T.);
#4103=ADVANCED_FACE('',(#615),#3887,.T.);
#4104=ADVANCED_FACE('',(#616),#393,.T.);
#4105=ADVANCED_FACE('',(#617),#394,.T.);
#4106=ADVANCED_FACE('',(#618),#3888,.T.);
#4107=ADVANCED_FACE('',(#619),#3889,.T.);
#4108=ADVANCED_FACE('',(#620),#395,.T.);
#4109=ADVANCED_FACE('',(#621),#396,.T.);
#4110=ADVANCED_FACE('',(#622),#397,.F.);
#4111=ADVANCED_FACE('',(#623),#398,.T.);
#4112=ADVANCED_FACE('',(#624),#3890,.F.);
#4113=ADVANCED_FACE('',(#625),#399,.F.);
#4114=ADVANCED_FACE('',(#626),#400,.T.);
#4115=ADVANCED_FACE('',(#627),#401,.F.);
#4116=ADVANCED_FACE('',(#628),#3891,.F.);
#4117=ADVANCED_FACE('',(#629),#402,.F.);
#4118=ADVANCED_FACE('',(#630),#403,.F.);
#4119=CLOSED_SHELL('',(#3892,#3893,#3894,#3895,#3896,#3897,#3898,#3899,
#3900,#3901,#3902,#3903,#3904,#3905,#3906,#3907,#3908,#3909,#3910,#3911,
#3912,#3913,#3914,#3915,#3916,#3917,#3918,#3919,#3920,#3921,#3922,#3923,
#3924,#3925,#3926,#3927,#3928,#3929,#3930,#3931,#3932,#3933,#3934,#3935,
#3936,#3937,#3938,#3939,#3940,#3941,#3942,#3943,#3944,#3945,#3946,#3947,
#3948,#3949,#3950,#3951,#3952,#3953,#3954,#3955,#3956,#3957,#3958,#3959,
#3960,#3961,#3962,#3963,#3964,#3965,#3966,#3967,#3968,#3969,#3970,#3971,
#3972,#3973,#3974,#3975,#3976,#3977,#3978,#3979,#3980,#3981,#3982,#3983,
#3984,#3985,#3986,#3987,#3988,#3989,#3990,#3991,#3992,#3993,#3994,#3995,
#3996,#3997,#3998,#3999,#4000,#4001,#4002,#4003,#4004,#4005,#4006,#4007,
#4008,#4009,#4010,#4011,#4012,#4013,#4014,#4015,#4016,#4017,#4018,#4019,
#4020,#4021,#4022,#4023,#4024,#4025,#4026,#4027,#4028,#4029,#4030,#4031,
#4032,#4033,#4034,#4035,#4036,#4037,#4038,#4039,#4040,#4041,#4042,#4043,
#4044,#4045,#4046,#4047,#4048,#4049,#4050,#4051,#4052,#4053,#4054,#4055,
#4056,#4057,#4058,#4059,#4060,#4061,#4062,#4063,#4064,#4065,#4066,#4067,
#4068,#4069,#4070,#4071,#4072,#4073,#4074,#4075,#4076,#4077,#4078,#4079,
#4080,#4081,#4082,#4083,#4084,#4085,#4086,#4087,#4088,#4089,#4090,#4091,
#4092,#4093,#4094,#4095,#4096,#4097,#4098,#4099,#4100,#4101,#4102,#4103,
#4104,#4105,#4106,#4107,#4108,#4109,#4110,#4111,#4112,#4113,#4114,#4115,
#4116,#4117,#4118));
#4120=DERIVED_UNIT_ELEMENT(#4122,1.);
#4121=DERIVED_UNIT_ELEMENT(#10877,-3.);
#4122=(
MASS_UNIT()
NAMED_UNIT(*)
SI_UNIT(.KILO.,.GRAM.)
);
#4123=DERIVED_UNIT((#4120,#4121));
#4124=MEASURE_REPRESENTATION_ITEM('density measure',
POSITIVE_RATIO_MEASURE(7850.),#4123);
#4125=PROPERTY_DEFINITION_REPRESENTATION(#4130,#4127);
#4126=PROPERTY_DEFINITION_REPRESENTATION(#4131,#4128);
#4127=REPRESENTATION('material name',(#4129),#10874);
#4128=REPRESENTATION('density',(#4124),#10874);
#4129=DESCRIPTIVE_REPRESENTATION_ITEM('Steel','Steel');
#4130=PROPERTY_DEFINITION('material property','material name',#10884);
#4131=PROPERTY_DEFINITION('material property','density of part',#10884);
#4132=AXIS2_PLACEMENT_3D('',#5436,#4476,#4477);
#4133=AXIS2_PLACEMENT_3D('',#5437,#4478,#4479);
#4134=AXIS2_PLACEMENT_3D('',#5440,#4480,#4481);
#4135=AXIS2_PLACEMENT_3D('',#5444,#4483,#4484);
#4136=AXIS2_PLACEMENT_3D('',#5446,#4486,#4487);
#4137=AXIS2_PLACEMENT_3D('',#5450,#4489,#4490);
#4138=AXIS2_PLACEMENT_3D('',#5457,#4492,#4493);
#4139=AXIS2_PLACEMENT_3D('',#5460,#4494,#4495);
#4140=AXIS2_PLACEMENT_3D('',#5464,#4497,#4498);
#4141=AXIS2_PLACEMENT_3D('',#5466,#4500,#4501);
#4142=AXIS2_PLACEMENT_3D('',#5475,#4503,#4504);
#4143=AXIS2_PLACEMENT_3D('',#5477,#4506,#4507);
#4144=AXIS2_PLACEMENT_3D('',#5482,#4509,#4510);
#4145=AXIS2_PLACEMENT_3D('',#5485,#4512,#4513);
#4146=AXIS2_PLACEMENT_3D('',#5486,#4514,#4515);
#4147=AXIS2_PLACEMENT_3D('',#5490,#4517,#4518);
#4148=AXIS2_PLACEMENT_3D('',#5494,#4520,#4521);
#4149=AXIS2_PLACEMENT_3D('',#5532,#4522,#4523);
#4150=AXIS2_PLACEMENT_3D('',#5541,#4528,#4529);
#4151=AXIS2_PLACEMENT_3D('',#5544,#4530,#4531);
#4152=AXIS2_PLACEMENT_3D('',#5548,#4533,#4534);
#4153=AXIS2_PLACEMENT_3D('',#5550,#4536,#4537);
#4154=AXIS2_PLACEMENT_3D('',#5552,#4538,#4539);
#4155=AXIS2_PLACEMENT_3D('',#5555,#4541,#4542);
#4156=AXIS2_PLACEMENT_3D('',#5556,#4543,#4544);
#4157=AXIS2_PLACEMENT_3D('',#5560,#4546,#4547);
#4158=AXIS2_PLACEMENT_3D('',#5562,#4549,#4550);
#4159=AXIS2_PLACEMENT_3D('',#5565,#4553,#4554);
#4160=AXIS2_PLACEMENT_3D('',#5605,#4555,#4556);
#4161=AXIS2_PLACEMENT_3D('',#5607,#4558,#4559);
#4162=AXIS2_PLACEMENT_3D('',#5610,#4561,#4562);
#4163=AXIS2_PLACEMENT_3D('',#5611,#4563,#4564);
#4164=AXIS2_PLACEMENT_3D('',#5615,#4567,#4568);
#4165=AXIS2_PLACEMENT_3D('',#5618,#4569,#4570);
#4166=AXIS2_PLACEMENT_3D('',#5621,#4573,#4574);
#4167=AXIS2_PLACEMENT_3D('',#5623,#4576,#4577);
#4168=AXIS2_PLACEMENT_3D('',#5662,#4580,#4581);
#4169=AXIS2_PLACEMENT_3D('',#5666,#4583,#4584);
#4170=AXIS2_PLACEMENT_3D('',#5668,#4586,#4587);
#4171=AXIS2_PLACEMENT_3D('',#5681,#4592,#4593);
#4172=AXIS2_PLACEMENT_3D('',#5683,#4594,#4595);
#4173=AXIS2_PLACEMENT_3D('',#5686,#4597,#4598);
#4174=AXIS2_PLACEMENT_3D('',#5687,#4599,#4600);
#4175=AXIS2_PLACEMENT_3D('',#5691,#4602,#4603);
#4176=AXIS2_PLACEMENT_3D('',#5694,#4605,#4606);
#4177=AXIS2_PLACEMENT_3D('',#5695,#4607,#4608);
#4178=AXIS2_PLACEMENT_3D('',#5706,#4612,#4613);
#4179=AXIS2_PLACEMENT_3D('',#5719,#4618,#4619);
#4180=AXIS2_PLACEMENT_3D('',#5722,#4621,#4622);
#4181=AXIS2_PLACEMENT_3D('',#5931,#4630,#4631);
#4182=AXIS2_PLACEMENT_3D('',#5937,#4635,#4636);
#4183=AXIS2_PLACEMENT_3D('',#5943,#4640,#4641);
#4184=AXIS2_PLACEMENT_3D('',#6049,#4649,#4650);
#4185=AXIS2_PLACEMENT_3D('',#6055,#4654,#4655);
#4186=AXIS2_PLACEMENT_3D('',#6086,#4660,#4661);
#4187=AXIS2_PLACEMENT_3D('',#6092,#4665,#4666);
#4188=AXIS2_PLACEMENT_3D('',#6095,#4669,#4670);
#4189=AXIS2_PLACEMENT_3D('',#6251,#4680,#4681);
#4190=AXIS2_PLACEMENT_3D('',#6257,#4685,#4686);
#4191=AXIS2_PLACEMENT_3D('',#6263,#4690,#4691);
#4192=AXIS2_PLACEMENT_3D('',#6266,#4694,#4695);
#4193=AXIS2_PLACEMENT_3D('',#6267,#4696,#4697);
#4194=AXIS2_PLACEMENT_3D('',#6276,#4702,#4703);
#4195=AXIS2_PLACEMENT_3D('',#6282,#4707,#4708);
#4196=AXIS2_PLACEMENT_3D('',#6288,#4712,#4713);
#4197=AXIS2_PLACEMENT_3D('',#6291,#4716,#4717);
#4198=AXIS2_PLACEMENT_3D('',#6292,#4718,#4719);
#4199=AXIS2_PLACEMENT_3D('',#6301,#4724,#4725);
#4200=AXIS2_PLACEMENT_3D('',#6307,#4729,#4730);
#4201=AXIS2_PLACEMENT_3D('',#6313,#4734,#4735);
#4202=AXIS2_PLACEMENT_3D('',#6316,#4738,#4739);
#4203=AXIS2_PLACEMENT_3D('',#6317,#4740,#4741);
#4204=AXIS2_PLACEMENT_3D('',#6320,#4742,#4743);
#4205=AXIS2_PLACEMENT_3D('',#6328,#4744,#4745);
#4206=AXIS2_PLACEMENT_3D('',#6332,#4747,#4748);
#4207=AXIS2_PLACEMENT_3D('',#6334,#4749,#4750);
#4208=AXIS2_PLACEMENT_3D('',#6355,#4751,#4752);
#4209=AXIS2_PLACEMENT_3D('',#6357,#4753,#4754);
#4210=AXIS2_PLACEMENT_3D('',#6361,#4756,#4757);
#4211=AXIS2_PLACEMENT_3D('',#6369,#4758,#4759);
#4212=AXIS2_PLACEMENT_3D('',#6370,#4760,#4761);
#4213=AXIS2_PLACEMENT_3D('',#6372,#4762,#4763);
#4214=AXIS2_PLACEMENT_3D('',#6449,#4764,#4765);
#4215=AXIS2_PLACEMENT_3D('',#6458,#4766,#4767);
#4216=AXIS2_PLACEMENT_3D('',#6460,#4768,#4769);
#4217=AXIS2_PLACEMENT_3D('',#6462,#4770,#4771);
#4218=AXIS2_PLACEMENT_3D('',#6463,#4772,#4773);
#4219=AXIS2_PLACEMENT_3D('',#6464,#4774,#4775);
#4220=AXIS2_PLACEMENT_3D('',#6466,#4776,#4777);
#4221=AXIS2_PLACEMENT_3D('',#6467,#4778,#4779);
#4222=AXIS2_PLACEMENT_3D('',#6548,#4780,#4781);
#4223=AXIS2_PLACEMENT_3D('',#6549,#4782,#4783);
#4224=AXIS2_PLACEMENT_3D('',#6581,#4784,#4785);
#4225=AXIS2_PLACEMENT_3D('',#6582,#4786,#4787);
#4226=AXIS2_PLACEMENT_3D('',#6602,#4790,#4791);
#4227=AXIS2_PLACEMENT_3D('',#6604,#4793,#4794);
#4228=AXIS2_PLACEMENT_3D('',#6607,#4795,#4796);
#4229=AXIS2_PLACEMENT_3D('',#6609,#4797,#4798);
#4230=AXIS2_PLACEMENT_3D('',#6611,#4799,#4800);
#4231=AXIS2_PLACEMENT_3D('',#6612,#4801,#4802);
#4232=AXIS2_PLACEMENT_3D('',#6613,#4803,#4804);
#4233=AXIS2_PLACEMENT_3D('',#6616,#4805,#4806);
#4234=AXIS2_PLACEMENT_3D('',#6617,#4807,#4808);
#4235=AXIS2_PLACEMENT_3D('',#6618,#4809,#4810);
#4236=AXIS2_PLACEMENT_3D('',#6619,#4811,#4812);
#4237=AXIS2_PLACEMENT_3D('',#6622,#4813,#4814);
#4238=AXIS2_PLACEMENT_3D('',#6623,#4815,#4816);
#4239=AXIS2_PLACEMENT_3D('',#6624,#4817,#4818);
#4240=AXIS2_PLACEMENT_3D('',#6795,#4819,#4820);
#4241=AXIS2_PLACEMENT_3D('',#6803,#4821,#4822);
#4242=AXIS2_PLACEMENT_3D('',#6807,#4824,#4825);
#4243=AXIS2_PLACEMENT_3D('',#6809,#4826,#4827);
#4244=AXIS2_PLACEMENT_3D('',#6833,#4828,#4829);
#4245=AXIS2_PLACEMENT_3D('',#6835,#4830,#4831);
#4246=AXIS2_PLACEMENT_3D('',#6839,#4833,#4834);
#4247=AXIS2_PLACEMENT_3D('',#6847,#4835,#4836);
#4248=AXIS2_PLACEMENT_3D('',#6851,#4838,#4839);
#4249=AXIS2_PLACEMENT_3D('',#6884,#4841,#4842);
#4250=AXIS2_PLACEMENT_3D('',#6885,#4843,#4844);
#4251=AXIS2_PLACEMENT_3D('',#6919,#4847,#4848);
#4252=AXIS2_PLACEMENT_3D('',#6931,#4849,#4850);
#4253=AXIS2_PLACEMENT_3D('',#6932,#4851,#4852);
#4254=AXIS2_PLACEMENT_3D('',#7010,#4865,#4866);
#4255=AXIS2_PLACEMENT_3D('',#7016,#4867,#4868);
#4256=AXIS2_PLACEMENT_3D('',#7028,#4869,#4870);
#4257=AXIS2_PLACEMENT_3D('',#7068,#4875,#4876);
#4258=AXIS2_PLACEMENT_3D('',#7072,#4878,#4879);
#4259=AXIS2_PLACEMENT_3D('',#7073,#4880,#4881);
#4260=AXIS2_PLACEMENT_3D('',#7074,#4882,#4883);
#4261=AXIS2_PLACEMENT_3D('',#7150,#4895,#4896);
#4262=AXIS2_PLACEMENT_3D('',#7156,#4897,#4898);
#4263=AXIS2_PLACEMENT_3D('',#7157,#4899,#4900);
#4264=AXIS2_PLACEMENT_3D('',#7158,#4901,#4902);
#4265=AXIS2_PLACEMENT_3D('',#7159,#4903,#4904);
#4266=AXIS2_PLACEMENT_3D('',#7160,#4905,#4906);
#4267=AXIS2_PLACEMENT_3D('',#7199,#4907,#4908);
#4268=AXIS2_PLACEMENT_3D('',#7204,#4909,#4910);
#4269=AXIS2_PLACEMENT_3D('',#7206,#4911,#4912);
#4270=AXIS2_PLACEMENT_3D('',#7208,#4913,#4914);
#4271=AXIS2_PLACEMENT_3D('',#7209,#4915,#4916);
#4272=AXIS2_PLACEMENT_3D('',#7215,#4917,#4918);
#4273=AXIS2_PLACEMENT_3D('',#7252,#4919,#4920);
#4274=AXIS2_PLACEMENT_3D('',#7301,#4921,#4922);
#4275=AXIS2_PLACEMENT_3D('',#7307,#4926,#4927);
#4276=AXIS2_PLACEMENT_3D('',#7350,#4928,#4929);
#4277=AXIS2_PLACEMENT_3D('',#7388,#4930,#4931);
#4278=AXIS2_PLACEMENT_3D('',#7389,#4932,#4933);
#4279=AXIS2_PLACEMENT_3D('',#7391,#4934,#4935);
#4280=AXIS2_PLACEMENT_3D('',#7392,#4936,#4937);
#4281=AXIS2_PLACEMENT_3D('',#7393,#4938,#4939);
#4282=AXIS2_PLACEMENT_3D('',#7420,#4940,#4941);
#4283=AXIS2_PLACEMENT_3D('',#7453,#4942,#4943);
#4284=AXIS2_PLACEMENT_3D('',#7457,#4945,#4946);
#4285=AXIS2_PLACEMENT_3D('',#7461,#4948,#4949);
#4286=AXIS2_PLACEMENT_3D('',#7465,#4951,#4952);
#4287=AXIS2_PLACEMENT_3D('',#7536,#4954,#4955);
#4288=AXIS2_PLACEMENT_3D('',#7538,#4957,#4958);
#4289=AXIS2_PLACEMENT_3D('',#7539,#4959,#4960);
#4290=AXIS2_PLACEMENT_3D('',#7713,#4961,#4962);
#4291=AXIS2_PLACEMENT_3D('',#7840,#4968,#4969);
#4292=AXIS2_PLACEMENT_3D('',#7842,#4970,#4971);
#4293=AXIS2_PLACEMENT_3D('',#7846,#4973,#4974);
#4294=AXIS2_PLACEMENT_3D('',#7848,#4975,#4976);
#4295=AXIS2_PLACEMENT_3D('',#7850,#4977,#4978);
#4296=AXIS2_PLACEMENT_3D('',#7854,#4980,#4981);
#4297=AXIS2_PLACEMENT_3D('',#7855,#4982,#4983);
#4298=AXIS2_PLACEMENT_3D('',#7927,#4984,#4985);
#4299=AXIS2_PLACEMENT_3D('',#7930,#4987,#4988);
#4300=AXIS2_PLACEMENT_3D('',#8093,#4990,#4991);
#4301=AXIS2_PLACEMENT_3D('',#8096,#4993,#4994);
#4302=AXIS2_PLACEMENT_3D('',#8174,#4996,#4997);
#4303=AXIS2_PLACEMENT_3D('',#8177,#4999,#5000);
#4304=AXIS2_PLACEMENT_3D('',#8300,#5002,#5003);
#4305=AXIS2_PLACEMENT_3D('',#8303,#5005,#5006);
#4306=AXIS2_PLACEMENT_3D('',#8304,#5007,#5008);
#4307=AXIS2_PLACEMENT_3D('',#8306,#5009,#5010);
#4308=AXIS2_PLACEMENT_3D('',#8309,#5012,#5013);
#4309=AXIS2_PLACEMENT_3D('',#8310,#5014,#5015);
#4310=AXIS2_PLACEMENT_3D('',#8312,#5016,#5017);
#4311=AXIS2_PLACEMENT_3D('',#8314,#5019,#5020);
#4312=AXIS2_PLACEMENT_3D('',#8316,#5021,#5022);
#4313=AXIS2_PLACEMENT_3D('',#8320,#5024,#5025);
#4314=AXIS2_PLACEMENT_3D('',#8322,#5027,#5028);
#4315=AXIS2_PLACEMENT_3D('',#8324,#5029,#5030);
#4316=AXIS2_PLACEMENT_3D('',#8327,#5032,#5033);
#4317=AXIS2_PLACEMENT_3D('',#8328,#5034,#5035);
#4318=AXIS2_PLACEMENT_3D('',#8330,#5036,#5037);
#4319=AXIS2_PLACEMENT_3D('',#8332,#5038,#5039);
#4320=AXIS2_PLACEMENT_3D('',#8334,#5041,#5042);
#4321=AXIS2_PLACEMENT_3D('',#8335,#5043,#5044);
#4322=AXIS2_PLACEMENT_3D('',#8336,#5045,#5046);
#4323=AXIS2_PLACEMENT_3D('',#8338,#5047,#5048);
#4324=AXIS2_PLACEMENT_3D('',#8342,#5050,#5051);
#4325=AXIS2_PLACEMENT_3D('',#8344,#5053,#5054);
#4326=AXIS2_PLACEMENT_3D('',#8364,#5056,#5057);
#4327=AXIS2_PLACEMENT_3D('',#8368,#5059,#5060);
#4328=AXIS2_PLACEMENT_3D('',#8376,#5064,#5065);
#4329=AXIS2_PLACEMENT_3D('',#8381,#5068,#5069);
#4330=AXIS2_PLACEMENT_3D('',#8388,#5074,#5075);
#4331=AXIS2_PLACEMENT_3D('',#8408,#5077,#5078);
#4332=AXIS2_PLACEMENT_3D('',#8431,#5081,#5082);
#4333=AXIS2_PLACEMENT_3D('',#8433,#5083,#5084);
#4334=AXIS2_PLACEMENT_3D('',#8441,#5088,#5089);
#4335=AXIS2_PLACEMENT_3D('',#8446,#5092,#5093);
#4336=AXIS2_PLACEMENT_3D('',#8453,#5098,#5099);
#4337=AXIS2_PLACEMENT_3D('',#8470,#5100,#5101);
#4338=AXIS2_PLACEMENT_3D('',#8484,#5104,#5105);
#4339=AXIS2_PLACEMENT_3D('',#8498,#5108,#5109);
#4340=AXIS2_PLACEMENT_3D('',#8500,#5111,#5112);
#4341=AXIS2_PLACEMENT_3D('',#8501,#5113,#5114);
#4342=AXIS2_PLACEMENT_3D('',#8502,#5115,#5116);
#4343=AXIS2_PLACEMENT_3D('',#8503,#5117,#5118);
#4344=AXIS2_PLACEMENT_3D('',#8504,#5119,#5120);
#4345=AXIS2_PLACEMENT_3D('',#8507,#5122,#5123);
#4346=AXIS2_PLACEMENT_3D('',#8508,#5124,#5125);
#4347=AXIS2_PLACEMENT_3D('',#8510,#5127,#5128);
#4348=AXIS2_PLACEMENT_3D('',#8511,#5129,#5130);
#4349=AXIS2_PLACEMENT_3D('',#8512,#5131,#5132);
#4350=AXIS2_PLACEMENT_3D('',#8513,#5133,#5134);
#4351=AXIS2_PLACEMENT_3D('',#8528,#5135,#5136);
#4352=AXIS2_PLACEMENT_3D('',#8542,#5139,#5140);
#4353=AXIS2_PLACEMENT_3D('',#8546,#5143,#5144);
#4354=AXIS2_PLACEMENT_3D('',#8558,#5146,#5147);
#4355=AXIS2_PLACEMENT_3D('',#8573,#5148,#5149);
#4356=AXIS2_PLACEMENT_3D('',#8577,#5152,#5153);
#4357=AXIS2_PLACEMENT_3D('',#8578,#5154,#5155);
#4358=AXIS2_PLACEMENT_3D('',#8579,#5156,#5157);
#4359=AXIS2_PLACEMENT_3D('',#8580,#5158,#5159);
#4360=AXIS2_PLACEMENT_3D('',#8581,#5160,#5161);
#4361=AXIS2_PLACEMENT_3D('',#8582,#5162,#5163);
#4362=AXIS2_PLACEMENT_3D('',#8583,#5164,#5165);
#4363=AXIS2_PLACEMENT_3D('',#8584,#5166,#5167);
#4364=AXIS2_PLACEMENT_3D('',#8585,#5168,#5169);
#4365=AXIS2_PLACEMENT_3D('',#8841,#5170,#5171);
#4366=AXIS2_PLACEMENT_3D('',#8880,#5172,#5173);
#4367=AXIS2_PLACEMENT_3D('',#8883,#5174,#5175);
#4368=AXIS2_PLACEMENT_3D('',#8884,#5176,#5177);
#4369=AXIS2_PLACEMENT_3D('',#8885,#5178,#5179);
#4370=AXIS2_PLACEMENT_3D('',#8886,#5180,#5181);
#4371=AXIS2_PLACEMENT_3D('',#8889,#5182,#5183);
#4372=AXIS2_PLACEMENT_3D('',#8890,#5184,#5185);
#4373=AXIS2_PLACEMENT_3D('',#8891,#5186,#5187);
#4374=AXIS2_PLACEMENT_3D('',#9154,#5188,#5189);
#4375=AXIS2_PLACEMENT_3D('',#9157,#5190,#5191);
#4376=AXIS2_PLACEMENT_3D('',#9158,#5192,#5193);
#4377=AXIS2_PLACEMENT_3D('',#9159,#5194,#5195);
#4378=AXIS2_PLACEMENT_3D('',#9160,#5196,#5197);
#4379=AXIS2_PLACEMENT_3D('',#9161,#5198,#5199);
#4380=AXIS2_PLACEMENT_3D('',#9162,#5200,#5201);
#4381=AXIS2_PLACEMENT_3D('',#9163,#5202,#5203);
#4382=AXIS2_PLACEMENT_3D('',#9165,#5205,#5206);
#4383=AXIS2_PLACEMENT_3D('',#9167,#5208,#5209);
#4384=AXIS2_PLACEMENT_3D('',#9552,#5215,#5216);
#4385=AXIS2_PLACEMENT_3D('',#9553,#5217,#5218);
#4386=AXIS2_PLACEMENT_3D('',#9556,#5219,#5220);
#4387=AXIS2_PLACEMENT_3D('',#9557,#5221,#5222);
#4388=AXIS2_PLACEMENT_3D('',#9558,#5223,#5224);
#4389=AXIS2_PLACEMENT_3D('',#9559,#5225,#5226);
#4390=AXIS2_PLACEMENT_3D('',#9562,#5227,#5228);
#4391=AXIS2_PLACEMENT_3D('',#9563,#5229,#5230);
#4392=AXIS2_PLACEMENT_3D('',#9564,#5231,#5232);
#4393=AXIS2_PLACEMENT_3D('',#10092,#5233,#5234);
#4394=AXIS2_PLACEMENT_3D('',#10135,#5235,#5236);
#4395=AXIS2_PLACEMENT_3D('',#10138,#5237,#5238);
#4396=AXIS2_PLACEMENT_3D('',#10139,#5239,#5240);
#4397=AXIS2_PLACEMENT_3D('',#10140,#5241,#5242);
#4398=AXIS2_PLACEMENT_3D('',#10141,#5243,#5244);
#4399=AXIS2_PLACEMENT_3D('',#10142,#5245,#5246);
#4400=AXIS2_PLACEMENT_3D('',#10143,#5247,#5248);
#4401=AXIS2_PLACEMENT_3D('',#10144,#5249,#5250);
#4402=AXIS2_PLACEMENT_3D('',#10146,#5252,#5253);
#4403=AXIS2_PLACEMENT_3D('',#10148,#5255,#5256);
#4404=AXIS2_PLACEMENT_3D('',#10150,#5258,#5259);
#4405=AXIS2_PLACEMENT_3D('',#10285,#5263,#5264);
#4406=AXIS2_PLACEMENT_3D('',#10287,#5266,#5267);
#4407=AXIS2_PLACEMENT_3D('',#10288,#5268,#5269);
#4408=AXIS2_PLACEMENT_3D('',#10421,#5272,#5273);
#4409=AXIS2_PLACEMENT_3D('',#10423,#5275,#5276);
#4410=AXIS2_PLACEMENT_3D('',#10424,#5277,#5278);
#4411=AXIS2_PLACEMENT_3D('',#10426,#5280,#5281);
#4412=AXIS2_PLACEMENT_3D('',#10427,#5282,#5283);
#4413=AXIS2_PLACEMENT_3D('',#10428,#5284,#5285);
#4414=AXIS2_PLACEMENT_3D('',#10431,#5287,#5288);
#4415=AXIS2_PLACEMENT_3D('',#10432,#5289,#5290);
#4416=AXIS2_PLACEMENT_3D('',#10435,#5292,#5293);
#4417=AXIS2_PLACEMENT_3D('',#10436,#5294,#5295);
#4418=AXIS2_PLACEMENT_3D('',#10437,#5296,#5297);
#4419=AXIS2_PLACEMENT_3D('',#10439,#5299,#5300);
#4420=AXIS2_PLACEMENT_3D('',#10441,#5302,#5303);
#4421=AXIS2_PLACEMENT_3D('',#10443,#5305,#5306);
#4422=AXIS2_PLACEMENT_3D('',#10444,#5307,#5308);
#4423=AXIS2_PLACEMENT_3D('',#10445,#5309,#5310);
#4424=AXIS2_PLACEMENT_3D('',#10447,#5312,#5313);
#4425=AXIS2_PLACEMENT_3D('',#10451,#5316,#5317);
#4426=AXIS2_PLACEMENT_3D('',#10453,#5318,#5319);
#4427=AXIS2_PLACEMENT_3D('',#10455,#5320,#5321);
#4428=AXIS2_PLACEMENT_3D('',#10456,#5322,#5323);
#4429=AXIS2_PLACEMENT_3D('',#10458,#5325,#5326);
#4430=AXIS2_PLACEMENT_3D('',#10462,#5328,#5329);
#4431=AXIS2_PLACEMENT_3D('',#10464,#5330,#5331);
#4432=AXIS2_PLACEMENT_3D('',#10466,#5332,#5333);
#4433=AXIS2_PLACEMENT_3D('',#10468,#5334,#5335);
#4434=AXIS2_PLACEMENT_3D('',#10469,#5336,#5337);
#4435=AXIS2_PLACEMENT_3D('',#10470,#5338,#5339);
#4436=AXIS2_PLACEMENT_3D('',#10471,#5340,#5341);
#4437=AXIS2_PLACEMENT_3D('',#10509,#5343,#5344);
#4438=AXIS2_PLACEMENT_3D('',#10610,#5345,#5346);
#4439=AXIS2_PLACEMENT_3D('',#10629,#5347,#5348);
#4440=AXIS2_PLACEMENT_3D('',#10632,#5349,#5350);
#4441=AXIS2_PLACEMENT_3D('',#10635,#5353,#5354);
#4442=AXIS2_PLACEMENT_3D('',#10637,#5355,#5356);
#4443=AXIS2_PLACEMENT_3D('',#10639,#5357,#5358);
#4444=AXIS2_PLACEMENT_3D('',#10641,#5359,#5360);
#4445=AXIS2_PLACEMENT_3D('',#10643,#5361,#5362);
#4446=AXIS2_PLACEMENT_3D('',#10644,#5363,#5364);
#4447=AXIS2_PLACEMENT_3D('',#10645,#5365,#5366);
#4448=AXIS2_PLACEMENT_3D('',#10648,#5369,#5370);
#4449=AXIS2_PLACEMENT_3D('',#10652,#5372,#5373);
#4450=AXIS2_PLACEMENT_3D('',#10700,#5375,#5376);
#4451=AXIS2_PLACEMENT_3D('',#10801,#5377,#5378);
#4452=AXIS2_PLACEMENT_3D('',#10834,#5381,#5382);
#4453=AXIS2_PLACEMENT_3D('',#10835,#5383,#5384);
#4454=AXIS2_PLACEMENT_3D('',#10836,#5385,#5386);
#4455=AXIS2_PLACEMENT_3D('',#10837,#5387,#5388);
#4456=AXIS2_PLACEMENT_3D('',#10838,#5389,#5390);
#4457=AXIS2_PLACEMENT_3D('',#10840,#5391,#5392);
#4458=AXIS2_PLACEMENT_3D('',#10842,#5394,#5395);
#4459=AXIS2_PLACEMENT_3D('',#10843,#5396,#5397);
#4460=AXIS2_PLACEMENT_3D('',#10848,#5400,#5401);
#4461=AXIS2_PLACEMENT_3D('',#10849,#5402,#5403);
#4462=AXIS2_PLACEMENT_3D('',#10852,#5405,#5406);
#4463=AXIS2_PLACEMENT_3D('',#10853,#5407,#5408);
#4464=AXIS2_PLACEMENT_3D('',#10856,#5410,#5411);
#4465=AXIS2_PLACEMENT_3D('',#10857,#5412,#5413);
#4466=AXIS2_PLACEMENT_3D('',#10858,#5414,#5415);
#4467=AXIS2_PLACEMENT_3D('',#10859,#5416,#5417);
#4468=AXIS2_PLACEMENT_3D('',#10860,#5418,#5419);
#4469=AXIS2_PLACEMENT_3D('',#10864,#5421,#5422);
#4470=AXIS2_PLACEMENT_3D('',#10866,#5424,#5425);
#4471=AXIS2_PLACEMENT_3D('',#10867,#5426,#5427);
#4472=AXIS2_PLACEMENT_3D('',#10868,#5428,#5429);
#4473=AXIS2_PLACEMENT_3D('',#10869,#5430,#5431);
#4474=AXIS2_PLACEMENT_3D('',#10870,#5432,#5433);
#4475=AXIS2_PLACEMENT_3D('',#10871,#5434,#5435);
#4476=DIRECTION('axis',(0.,0.,1.));
#4477=DIRECTION('refdir',(1.,0.,0.));
#4478=DIRECTION('center_axis',(0.,1.,0.));
#4479=DIRECTION('ref_axis',(0.317415402901813,0.,-0.948286592755945));
#4480=DIRECTION('center_axis',(0.,-1.,0.));
#4481=DIRECTION('ref_axis',(0.317415402901813,0.,-0.948286592755945));
#4482=DIRECTION('',(0.,-1.,0.));
#4483=DIRECTION('center_axis',(0.,-1.,0.));
#4484=DIRECTION('ref_axis',(0.317415402901813,0.,-0.948286592755945));
#4485=DIRECTION('',(0.,1.,0.));
#4486=DIRECTION('center_axis',(0.866025403784439,0.,-0.5));
#4487=DIRECTION('ref_axis',(-0.5,0.,-0.866025403784439));
#4488=DIRECTION('',(-0.5,0.,-0.866025403784439));
#4489=DIRECTION('center_axis',(-0.866025403784439,0.,0.5));
#4490=DIRECTION('ref_axis',(0.5,-5.60864116861619E-16,0.866025403784439));
#4491=DIRECTION('',(-0.5,0.,-0.866025403784439));
#4492=DIRECTION('center_axis',(0.,1.,0.));
#4493=DIRECTION('ref_axis',(0.317415402901813,0.,-0.948286592755945));
#4494=DIRECTION('center_axis',(0.,1.,0.));
#4495=DIRECTION('ref_axis',(0.317415402901813,0.,-0.948286592755945));
#4496=DIRECTION('',(0.,1.,0.));
#4497=DIRECTION('center_axis',(0.,1.,0.));
#4498=DIRECTION('ref_axis',(0.317415402901813,0.,-0.948286592755945));
#4499=DIRECTION('',(0.,-1.,0.));
#4500=DIRECTION('center_axis',(0.866025403784439,0.,-0.5));
#4501=DIRECTION('ref_axis',(-0.5,0.,-0.866025403784439));
#4502=DIRECTION('',(0.5,0.,0.866025403784439));
#4503=DIRECTION('center_axis',(-0.866025403784439,0.,0.5));
#4504=DIRECTION('ref_axis',(0.5,5.60864116861619E-16,0.866025403784439));
#4505=DIRECTION('',(0.5,0.,0.866025403784439));
#4506=DIRECTION('center_axis',(0.,1.,0.));
#4507=DIRECTION('ref_axis',(1.,0.,0.));
#4508=DIRECTION('',(-1.,0.,-1.20483297242017E-14));
#4509=DIRECTION('center_axis',(0.,1.,0.));
#4510=DIRECTION('ref_axis',(1.,0.,0.));
#4511=DIRECTION('',(0.766044443118981,0.,0.642787609686535));
#4512=DIRECTION('center_axis',(0.,-1.,0.));
#4513=DIRECTION('ref_axis',(-0.360066009551092,0.,-0.932926829266879));
#4514=DIRECTION('center_axis',(0.,1.,0.));
#4515=DIRECTION('ref_axis',(1.,0.,0.));
#4516=DIRECTION('',(0.920596090327298,0.,-0.390516118072089));
#4517=DIRECTION('center_axis',(0.,1.,0.));
#4518=DIRECTION('ref_axis',(1.,0.,0.));
#4519=DIRECTION('',(1.,0.,-5.42971581974084E-12));
#4520=DIRECTION('center_axis',(0.,-1.,0.));
#4521=DIRECTION('ref_axis',(-0.360066009551092,0.,-0.932926829266879));
#4522=DIRECTION('center_axis',(0.642787609686535,0.,-0.766044443118981));
#4523=DIRECTION('ref_axis',(-0.766044443118981,0.,-0.642787609686535));
#4524=DIRECTION('',(-0.766044443118981,0.,-0.642787609686535));
#4525=DIRECTION('',(0.,1.,0.));
#4526=DIRECTION('',(-0.766044443118981,0.,-0.642787609686535));
#4527=DIRECTION('',(0.,1.,0.));
#4528=DIRECTION('center_axis',(0.,1.,0.));
#4529=DIRECTION('ref_axis',(1.,0.,0.));
#4530=DIRECTION('center_axis',(0.,-1.,0.));
#4531=DIRECTION('ref_axis',(1.,0.,0.));
#4532=DIRECTION('',(0.,1.,0.));
#4533=DIRECTION('center_axis',(0.,-1.,0.));
#4534=DIRECTION('ref_axis',(1.,0.,0.));
#4535=DIRECTION('',(0.,1.,0.));
#4536=DIRECTION('center_axis',(0.,1.,0.));
#4537=DIRECTION('ref_axis',(1.,0.,0.));
#4538=DIRECTION('center_axis',(0.,-1.,0.));
#4539=DIRECTION('ref_axis',(1.,0.,0.));
#4540=DIRECTION('',(0.,-1.,0.));
#4541=DIRECTION('center_axis',(0.,-1.,0.));
#4542=DIRECTION('ref_axis',(1.,0.,0.));
#4543=DIRECTION('center_axis',(0.,1.,0.));
#4544=DIRECTION('ref_axis',(1.,0.,0.));
#4545=DIRECTION('',(0.,-1.,0.));
#4546=DIRECTION('center_axis',(0.,1.,0.));
#4547=DIRECTION('ref_axis',(1.,0.,0.));
#4548=DIRECTION('',(0.,1.,0.));
#4549=DIRECTION('center_axis',(-0.390516118072089,0.,-0.920596090327298));
#4550=DIRECTION('ref_axis',(-0.920596090327298,0.,0.390516118072089));
#4551=DIRECTION('',(-0.920596090327298,0.,0.390516118072089));
#4552=DIRECTION('',(-0.920596090327298,0.,0.390516118072089));
#4553=DIRECTION('center_axis',(0.,1.,0.));
#4554=DIRECTION('ref_axis',(1.,0.,0.));
#4555=DIRECTION('center_axis',(0.,1.,0.));
#4556=DIRECTION('ref_axis',(-0.360066009551092,0.,-0.932926829266879));
#4557=DIRECTION('',(-1.,0.,5.42971581974084E-12));
#4558=DIRECTION('center_axis',(0.,1.,0.));
#4559=DIRECTION('ref_axis',(1.,0.,0.));
#4560=DIRECTION('',(1.,0.,1.20483297242017E-14));
#4561=DIRECTION('center_axis',(0.,1.,0.));
#4562=DIRECTION('ref_axis',(-0.360066009551092,0.,-0.932926829266879));
#4563=DIRECTION('center_axis',(0.642787609686535,0.,-0.766044443118981));
#4564=DIRECTION('ref_axis',(-0.766044443118981,0.,-0.642787609686535));
#4565=DIRECTION('',(0.766044443118981,0.,0.642787609686535));
#4566=DIRECTION('',(0.,1.,0.));
#4567=DIRECTION('center_axis',(0.,1.,0.));
#4568=DIRECTION('ref_axis',(1.,0.,0.));
#4569=DIRECTION('center_axis',(0.,1.,0.));
#4570=DIRECTION('ref_axis',(1.,0.,0.));
#4571=DIRECTION('',(0.,1.,0.));
#4572=DIRECTION('',(0.,1.,0.));
#4573=DIRECTION('center_axis',(-0.390516118072089,0.,-0.920596090327298));
#4574=DIRECTION('ref_axis',(-0.920596090327298,0.,0.390516118072089));
#4575=DIRECTION('',(0.920596090327298,0.,-0.390516118072089));
#4576=DIRECTION('center_axis',(-0.499999999999322,0.,0.86602540378483));
#4577=DIRECTION('ref_axis',(0.612372435696071,-0.707106781186548,0.353553390592794));
#4578=DIRECTION('',(0.499999999999322,0.,-0.86602540378483));
#4579=DIRECTION('',(-0.499999999999322,0.,0.86602540378483));
#4580=DIRECTION('center_axis',(0.,1.,0.));
#4581=DIRECTION('ref_axis',(-0.360066009551092,0.,-0.932926829266879));
#4582=DIRECTION('',(0.,1.,0.));
#4583=DIRECTION('center_axis',(0.,-1.,0.));
#4584=DIRECTION('ref_axis',(-0.973900193662721,0.,-0.226976678942384));
#4585=DIRECTION('',(0.,1.,0.));
#4586=DIRECTION('center_axis',(-1.20483297242017E-14,0.,1.));
#4587=DIRECTION('ref_axis',(1.,0.,1.20483297242017E-14));
#4588=DIRECTION('',(0.,1.,0.));
#4589=DIRECTION('',(-1.,0.,-1.20483297242017E-14));
#4590=DIRECTION('',(0.,-1.,0.));
#4591=DIRECTION('',(-1.,0.,-1.20483297242017E-14));
#4592=DIRECTION('center_axis',(0.,1.,0.));
#4593=DIRECTION('ref_axis',(-0.360066009551092,0.,-0.932926829266879));
#4594=DIRECTION('center_axis',(0.,-1.,0.));
#4595=DIRECTION('ref_axis',(-0.360066009551092,0.,-0.932926829266879));
#4596=DIRECTION('',(0.,1.,0.));
#4597=DIRECTION('center_axis',(0.,-1.,0.));
#4598=DIRECTION('ref_axis',(-0.973900193662721,0.,-0.226976678942384));
#4599=DIRECTION('center_axis',(0.,1.,0.));
#4600=DIRECTION('ref_axis',(-0.360066009551092,0.,-0.932926829266879));
#4601=DIRECTION('',(0.,1.,0.));
#4602=DIRECTION('center_axis',(0.,1.,0.));
#4603=DIRECTION('ref_axis',(-0.973900193662721,0.,-0.226976678942384));
#4604=DIRECTION('',(0.,1.,0.));
#4605=DIRECTION('center_axis',(0.,1.,0.));
#4606=DIRECTION('ref_axis',(-0.360066009551092,0.,-0.932926829266879));
#4607=DIRECTION('center_axis',(-1.20483297242017E-14,0.,1.));
#4608=DIRECTION('ref_axis',(1.,0.,1.20483297242017E-14));
#4609=DIRECTION('',(1.,0.,1.20483297242017E-14));
#4610=DIRECTION('',(0.,-1.,0.));
#4611=DIRECTION('',(-1.,0.,-1.20483297242017E-14));
#4612=DIRECTION('center_axis',(-5.42971581974084E-12,0.,-1.));
#4613=DIRECTION('ref_axis',(-1.,0.,5.42971581974084E-12));
#4614=DIRECTION('',(0.,1.,0.));
#4615=DIRECTION('',(1.,0.,-5.42971581974084E-12));
#4616=DIRECTION('',(0.,-1.,0.));
#4617=DIRECTION('',(-1.,0.,5.42971581974084E-12));
#4618=DIRECTION('center_axis',(0.,1.,0.));
#4619=DIRECTION('ref_axis',(-0.360066009551092,0.,-0.932926829266879));
#4620=DIRECTION('',(0.,1.,0.));
#4621=DIRECTION('center_axis',(0.,1.,0.));
#4622=DIRECTION('ref_axis',(-0.973900193662721,0.,-0.226976678942384));
#4623=DIRECTION('',(0.,0.,1.));
#4624=DIRECTION('',(0.,0.,1.));
#4625=DIRECTION('',(0.,0.,1.));
#4626=DIRECTION('',(0.,0.,1.));
#4627=DIRECTION('',(0.,0.,1.));
#4628=DIRECTION('',(0.,0.,1.));
#4629=DIRECTION('',(0.,0.,1.));
#4630=DIRECTION('center_axis',(-0.538514205681021,0.842616431289907,0.));
#4631=DIRECTION('ref_axis',(0.842616431289908,0.538514205681021,0.));
#4632=DIRECTION('',(0.842616431289908,0.538514205681021,0.));
#4633=DIRECTION('',(0.842616431289908,0.538514205681021,0.));
#4634=DIRECTION('',(0.,0.,1.));
#4635=DIRECTION('center_axis',(1.,0.,0.));
#4636=DIRECTION('ref_axis',(0.,-1.,0.));
#4637=DIRECTION('',(0.,-1.,0.));
#4638=DIRECTION('',(0.,-1.,0.));
#4639=DIRECTION('',(0.,0.,1.));
#4640=DIRECTION('center_axis',(0.536696953656634,-0.843775076626282,0.));
#4641=DIRECTION('ref_axis',(-0.843775076626282,-0.536696953656634,0.));
#4642=DIRECTION('',(-0.843775076626282,-0.536696953656634,0.));
#4643=DIRECTION('',(-0.843775076626282,-0.536696953656634,0.));
#4644=DIRECTION('',(0.,0.,1.));
#4645=DIRECTION('',(0.,0.,1.));
#4646=DIRECTION('',(0.,0.,1.));
#4647=DIRECTION('',(0.,0.,1.));
#4648=DIRECTION('',(0.,0.,1.));
#4649=DIRECTION('center_axis',(1.,0.,0.));
#4650=DIRECTION('ref_axis',(0.,-1.,0.));
#4651=DIRECTION('',(0.,-1.,0.));
#4652=DIRECTION('',(0.,-1.,0.));
#4653=DIRECTION('',(0.,0.,1.));
#4654=DIRECTION('center_axis',(1.,0.,0.));
#4655=DIRECTION('ref_axis',(0.,-1.,0.));
#4656=DIRECTION('',(0.,-1.,0.));
#4657=DIRECTION('',(0.,-1.,0.));
#4658=DIRECTION('',(0.,0.,1.));
#4659=DIRECTION('',(0.,0.,1.));
#4660=DIRECTION('center_axis',(-1.,0.,0.));
#4661=DIRECTION('ref_axis',(0.,1.,0.));
#4662=DIRECTION('',(0.,1.,0.));
#4663=DIRECTION('',(0.,0.,-1.));
#4664=DIRECTION('',(0.,1.,0.));
#4665=DIRECTION('center_axis',(0.,1.,0.));
#4666=DIRECTION('ref_axis',(1.,0.,0.));
#4667=DIRECTION('',(1.,0.,0.));
#4668=DIRECTION('',(1.,0.,0.));
#4669=DIRECTION('center_axis',(0.,1.,0.));
#4670=DIRECTION('ref_axis',(1.,0.,0.));
#4671=DIRECTION('',(1.,0.,0.));
#4672=DIRECTION('',(1.,0.,0.));
#4673=DIRECTION('',(0.,0.,1.));
#4674=DIRECTION('',(0.,0.,1.));
#4675=DIRECTION('',(0.,0.,1.));
#4676=DIRECTION('',(0.,0.,1.));
#4677=DIRECTION('',(0.,0.,1.));
#4678=DIRECTION('',(0.,0.,1.));
#4679=DIRECTION('',(0.,0.,1.));
#4680=DIRECTION('center_axis',(-1.,0.,0.));
#4681=DIRECTION('ref_axis',(0.,1.,0.));
#4682=DIRECTION('',(0.,1.,0.));
#4683=DIRECTION('',(0.,0.,1.));
#4684=DIRECTION('',(0.,1.,0.));
#4685=DIRECTION('center_axis',(0.,-1.,0.));
#4686=DIRECTION('ref_axis',(-1.,0.,0.));
#4687=DIRECTION('',(-1.,0.,0.));
#4688=DIRECTION('',(0.,0.,-1.));
#4689=DIRECTION('',(-1.,0.,0.));
#4690=DIRECTION('center_axis',(1.,0.,0.));
#4691=DIRECTION('ref_axis',(0.,-1.,0.));
#4692=DIRECTION('',(0.,-1.,0.));
#4693=DIRECTION('',(0.,-1.,0.));
#4694=DIRECTION('center_axis',(0.,0.,1.));
#4695=DIRECTION('ref_axis',(-1.,0.,0.));
#4696=DIRECTION('center_axis',(0.,-1.,0.));
#4697=DIRECTION('ref_axis',(-1.,0.,0.));
#4698=DIRECTION('',(-1.,0.,0.));
#4699=DIRECTION('',(0.,0.,-1.));
#4700=DIRECTION('',(-1.,0.,0.));
#4701=DIRECTION('',(0.,0.,1.));
#4702=DIRECTION('center_axis',(-1.,0.,0.));
#4703=DIRECTION('ref_axis',(0.,1.,0.));
#4704=DIRECTION('',(0.,1.,0.));
#4705=DIRECTION('',(0.,1.,0.));
#4706=DIRECTION('',(0.,0.,1.));
#4707=DIRECTION('center_axis',(0.,1.,0.));
#4708=DIRECTION('ref_axis',(1.,0.,0.));
#4709=DIRECTION('',(1.,0.,0.));
#4710=DIRECTION('',(1.,0.,0.));
#4711=DIRECTION('',(0.,0.,1.));
#4712=DIRECTION('center_axis',(1.,0.,0.));
#4713=DIRECTION('ref_axis',(0.,-1.,0.));
#4714=DIRECTION('',(0.,-1.,0.));
#4715=DIRECTION('',(0.,-1.,0.));
#4716=DIRECTION('center_axis',(0.,0.,-1.));
#4717=DIRECTION('ref_axis',(-1.,0.,0.));
#4718=DIRECTION('center_axis',(0.,-1.,0.));
#4719=DIRECTION('ref_axis',(-1.,0.,0.));
#4720=DIRECTION('',(-1.,0.,0.));
#4721=DIRECTION('',(0.,0.,-1.));
#4722=DIRECTION('',(-1.,0.,0.));
#4723=DIRECTION('',(0.,0.,1.));
#4724=DIRECTION('center_axis',(-1.,0.,0.));
#4725=DIRECTION('ref_axis',(0.,1.,0.));
#4726=DIRECTION('',(0.,1.,0.));
#4727=DIRECTION('',(0.,1.,0.));
#4728=DIRECTION('',(0.,0.,1.));
#4729=DIRECTION('center_axis',(0.,1.,0.));
#4730=DIRECTION('ref_axis',(1.,0.,0.));
#4731=DIRECTION('',(1.,0.,0.));
#4732=DIRECTION('',(1.,0.,0.));
#4733=DIRECTION('',(0.,0.,1.));
#4734=DIRECTION('center_axis',(1.,0.,0.));
#4735=DIRECTION('ref_axis',(0.,-1.,0.));
#4736=DIRECTION('',(0.,-1.,0.));
#4737=DIRECTION('',(0.,-1.,0.));
#4738=DIRECTION('center_axis',(0.,0.,-1.));
#4739=DIRECTION('ref_axis',(-1.,0.,0.));
#4740=DIRECTION('center_axis',(0.,0.,1.));
#4741=DIRECTION('ref_axis',(1.,0.,0.));
#4742=DIRECTION('center_axis',(0.,0.,1.));
#4743=DIRECTION('ref_axis',(0.97759619839916,-0.210489127689554,0.));
#4744=DIRECTION('center_axis',(0.,0.,-1.));
#4745=DIRECTION('ref_axis',(0.30614198793152,-0.951985862933551,0.));
#4746=DIRECTION('',(-0.866025403784448,0.499999999999983,0.));
#4747=DIRECTION('center_axis',(0.,0.,1.));
#4748=DIRECTION('ref_axis',(-0.952759157846823,-0.303726829797786,0.));
#4749=DIRECTION('center_axis',(0.,0.,1.));
#4750=DIRECTION('ref_axis',(0.892099963776945,-0.45183808452716,0.));
#4751=DIRECTION('center_axis',(0.,0.,1.));
#4752=DIRECTION('ref_axis',(0.892099963776945,-0.45183808452716,0.));
#4753=DIRECTION('center_axis',(0.,0.,1.));
#4754=DIRECTION('ref_axis',(-0.932488644503521,0.361199291073482,0.));
#4755=DIRECTION('',(0.906307787036625,0.422618261740752,0.));
#4756=DIRECTION('center_axis',(0.,0.,-1.));
#4757=DIRECTION('ref_axis',(0.347375648716105,0.937726057374469,0.));
#4758=DIRECTION('center_axis',(0.,0.,1.));
#4759=DIRECTION('ref_axis',(0.977596198399405,0.210489127688418,0.));
#4760=DIRECTION('center_axis',(0.,0.,-1.));
#4761=DIRECTION('ref_axis',(-1.,-2.59470563232351E-13,0.));
#4762=DIRECTION('center_axis',(0.,0.,-1.));
#4763=DIRECTION('ref_axis',(1.,0.,0.));
#4764=DIRECTION('center_axis',(0.624357741623042,0.781138534752559,6.7198094516503E-13));
#4765=DIRECTION('ref_axis',(-1.96287430753728E-12,2.42916797787984E-12,
-1.));
#4766=DIRECTION('center_axis',(0.,0.,-1.));
#4767=DIRECTION('ref_axis',(-1.,0.,0.));
#4768=DIRECTION('center_axis',(0.291481026496465,-0.956576610205668,0.));
#4769=DIRECTION('ref_axis',(-0.956576610205668,-0.291481026496465,0.));
#4770=DIRECTION('center_axis',(0.291481026495971,0.956576610205819,0.));
#4771=DIRECTION('ref_axis',(0.,0.,-1.));
#4772=DIRECTION('center_axis',(0.,0.,1.));
#4773=DIRECTION('ref_axis',(-1.,-2.59470563232351E-13,0.));
#4774=DIRECTION('center_axis',(0.,0.,1.));
#4775=DIRECTION('ref_axis',(1.,0.,0.));
#4776=DIRECTION('center_axis',(-0.624357741622702,0.781138534752831,-5.48874822731793E-16));
#4777=DIRECTION('ref_axis',(2.62012633811537E-13,2.08721928629529E-13,-1.));
#4778=DIRECTION('center_axis',(0.,0.,-1.));
#4779=DIRECTION('ref_axis',(0.977596198399405,0.210489127688418,0.));
#4780=DIRECTION('center_axis',(0.,0.,1.));
#4781=DIRECTION('ref_axis',(1.,0.,0.));
#4782=DIRECTION('center_axis',(0.,0.,-1.));
#4783=DIRECTION('ref_axis',(0.97759619839916,-0.210489127689554,0.));
#4784=DIRECTION('center_axis',(-1.,-1.48029736616687E-15,0.));
#4785=DIRECTION('ref_axis',(1.48029736616687E-15,-1.,0.));
#4786=DIRECTION('center_axis',(0.,0.,1.));
#4787=DIRECTION('ref_axis',(0.179241746520453,-0.98380506011318,0.));
#4788=DIRECTION('',(0.,0.,1.));
#4789=DIRECTION('',(0.,0.,1.));
#4790=DIRECTION('center_axis',(0.,0.,1.));
#4791=DIRECTION('ref_axis',(-1.,-5.00596160331423E-14,0.));
#4792=DIRECTION('',(0.,0.,1.));
#4793=DIRECTION('center_axis',(0.,0.,-1.));
#4794=DIRECTION('ref_axis',(0.982142374379735,0.188139194342213,0.));
#4795=DIRECTION('center_axis',(-0.624357741622727,0.781138534752811,2.77270536141006E-15));
#4796=DIRECTION('ref_axis',(-0.781138534752811,-0.624357741622727,0.));
#4797=DIRECTION('center_axis',(0.,0.,-1.));
#4798=DIRECTION('ref_axis',(0.977596198399405,0.21048912768842,0.));
#4799=DIRECTION('center_axis',(-0.291481026497632,-0.956576610205313,0.));
#4800=DIRECTION('ref_axis',(0.,0.,1.));
#4801=DIRECTION('center_axis',(0.,0.,1.));
#4802=DIRECTION('ref_axis',(0.977596198399405,0.21048912768842,0.));
#4803=DIRECTION('center_axis',(0.,0.,1.));
#4804=DIRECTION('ref_axis',(-1.,-2.59470563232351E-13,0.));
#4805=DIRECTION('center_axis',(0.291481026496467,-0.956576610205668,0.));
#4806=DIRECTION('ref_axis',(0.,0.,1.));
#4807=DIRECTION('center_axis',(0.,0.,-1.));
#4808=DIRECTION('ref_axis',(-1.,-2.59225633872522E-13,0.));
#4809=DIRECTION('center_axis',(0.,0.,1.));
#4810=DIRECTION('ref_axis',(-1.,-2.59225633872522E-13,0.));
#4811=DIRECTION('center_axis',(0.,0.,-1.));
#4812=DIRECTION('ref_axis',(0.982142374379517,-0.188139194343351,0.));
#4813=DIRECTION('center_axis',(-0.624357741622798,-0.781138534752754,4.01782676959077E-15));
#4814=DIRECTION('ref_axis',(2.62012633811537E-13,-2.04281036531029E-13,
1.));
#4815=DIRECTION('center_axis',(0.,0.,1.));
#4816=DIRECTION('ref_axis',(0.977596198399161,-0.210489127689552,0.));
#4817=DIRECTION('center_axis',(0.,0.,-1.));
#4818=DIRECTION('ref_axis',(0.977596198399161,-0.210489127689552,0.));
#4819=DIRECTION('center_axis',(0.,0.,1.));
#4820=DIRECTION('ref_axis',(1.,0.,0.));
#4821=DIRECTION('center_axis',(0.,0.,1.));
#4822=DIRECTION('ref_axis',(0.347375648716105,0.937726057374469,0.));
#4823=DIRECTION('',(-0.906307787036625,-0.422618261740752,0.));
#4824=DIRECTION('center_axis',(0.,0.,-1.));
#4825=DIRECTION('ref_axis',(-0.932488644503521,0.361199291073482,0.));
#4826=DIRECTION('center_axis',(0.,0.,-1.));
#4827=DIRECTION('ref_axis',(0.892099963776945,-0.45183808452716,0.));
#4828=DIRECTION('center_axis',(0.,0.,-1.));
#4829=DIRECTION('ref_axis',(0.892099963776945,-0.45183808452716,0.));
#4830=DIRECTION('center_axis',(0.,0.,-1.));
#4831=DIRECTION('ref_axis',(-0.952759157846823,-0.303726829797786,0.));
#4832=DIRECTION('',(0.866025403784448,-0.499999999999983,0.));
#4833=DIRECTION('center_axis',(0.,0.,1.));
#4834=DIRECTION('ref_axis',(0.30614198793152,-0.951985862933551,0.));
#4835=DIRECTION('center_axis',(0.,0.,-1.));
#4836=DIRECTION('ref_axis',(1.,0.,0.));
#4837=DIRECTION('',(0.,1.,0.));
#4838=DIRECTION('center_axis',(0.,0.,1.));
#4839=DIRECTION('ref_axis',(1.,0.,0.));
#4840=DIRECTION('',(0.,1.,0.));
#4841=DIRECTION('center_axis',(-1.,1.48029736616688E-15,0.));
#4842=DIRECTION('ref_axis',(1.48029736616688E-15,1.,0.));
#4843=DIRECTION('center_axis',(0.,0.,-1.));
#4844=DIRECTION('ref_axis',(0.956576610205313,-0.291481026497632,0.));
#4845=DIRECTION('',(0.,0.,-1.));
#4846=DIRECTION('',(0.,0.,-1.));
#4847=DIRECTION('center_axis',(0.,0.,-1.));
#4848=DIRECTION('ref_axis',(-1.,0.,0.));
#4849=DIRECTION('center_axis',(0.,0.,-1.));
#4850=DIRECTION('ref_axis',(0.347375648716105,0.937726057374469,0.));
#4851=DIRECTION('center_axis',(-0.422618261740753,0.906307787036625,0.));
#4852=DIRECTION('ref_axis',(-0.906307787036625,-0.422618261740752,0.));
#4853=DIRECTION('',(0.,0.,-1.));
#4854=DIRECTION('',(0.906307787036625,0.422618261740752,0.));
#4855=DIRECTION('',(0.,0.,1.));
#4856=DIRECTION('',(-0.906307787036625,-0.422618261740752,0.));
#4857=DIRECTION('',(0.,0.,-1.));
#4858=DIRECTION('',(0.,0.,1.));
#4859=DIRECTION('',(-0.906307787036625,-0.422618261740752,0.));
#4860=DIRECTION('',(-0.906307787036625,-0.422618261740752,0.));
#4861=DIRECTION('',(0.,0.,1.));
#4862=DIRECTION('',(0.906307787036625,0.422618261740752,0.));
#4863=DIRECTION('',(0.906307787036625,0.422618261740752,0.));
#4864=DIRECTION('',(0.,0.,1.));
#4865=DIRECTION('center_axis',(-1.,-1.48029736616688E-15,0.));
#4866=DIRECTION('ref_axis',(0.,0.,-1.));
#4867=DIRECTION('center_axis',(0.,0.,-1.));
#4868=DIRECTION('ref_axis',(-1.,0.,0.));
#4869=DIRECTION('center_axis',(0.,0.,-1.));
#4870=DIRECTION('ref_axis',(0.30614198793152,-0.951985862933551,0.));
#4871=DIRECTION('',(0.,0.,1.));
#4872=DIRECTION('',(1.53134210293125E-15,0.,1.));
#4873=DIRECTION('',(1.53134210293125E-15,0.,1.));
#4874=DIRECTION('',(0.,0.,1.));
#4875=DIRECTION('center_axis',(0.,0.,1.));
#4876=DIRECTION('ref_axis',(0.,-1.,0.));
#4877=DIRECTION('',(0.,0.,1.));
#4878=DIRECTION('center_axis',(0.158113883008414,0.273861278752586,0.948683298050514));
#4879=DIRECTION('ref_axis',(-0.474341649025241,-0.821583836257758,0.316227766016838));
#4880=DIRECTION('center_axis',(0.,0.,-1.));
#4881=DIRECTION('ref_axis',(0.,-1.,0.));
#4882=DIRECTION('center_axis',(-0.499999999999983,-0.866025403784448,0.));
#4883=DIRECTION('ref_axis',(0.866025403784448,-0.499999999999983,0.));
#4884=DIRECTION('',(0.,0.,-1.));
#4885=DIRECTION('',(-0.86602540378445,0.499999999999981,0.));
#4886=DIRECTION('',(-0.86602540378445,0.499999999999981,0.));
#4887=DIRECTION('',(0.,0.,1.));
#4888=DIRECTION('',(0.86602540378445,-0.499999999999981,0.));
#4889=DIRECTION('',(0.86602540378445,-0.499999999999981,0.));
#4890=DIRECTION('',(0.,0.,-1.));
#4891=DIRECTION('',(0.,0.,1.));
#4892=DIRECTION('',(0.866025403784448,-0.499999999999983,0.));
#4893=DIRECTION('',(0.,0.,-1.));
#4894=DIRECTION('',(-0.866025403784448,0.499999999999983,0.));
#4895=DIRECTION('center_axis',(-1.,0.,0.));
#4896=DIRECTION('ref_axis',(0.,0.,1.));
#4897=DIRECTION('center_axis',(0.,0.,1.));
#4898=DIRECTION('ref_axis',(1.,0.,0.));
#4899=DIRECTION('center_axis',(0.,0.,1.));
#4900=DIRECTION('ref_axis',(0.347375648716105,0.937726057374469,0.));
#4901=DIRECTION('center_axis',(0.,0.,1.));
#4902=DIRECTION('ref_axis',(1.,0.,0.));
#4903=DIRECTION('center_axis',(0.,0.,1.));
#4904=DIRECTION('ref_axis',(1.,0.,0.));
#4905=DIRECTION('center_axis',(0.,0.,1.));
#4906=DIRECTION('ref_axis',(0.30614198793152,-0.951985862933551,0.));
#4907=DIRECTION('center_axis',(0.865166635234938,3.20175972858434E-16,0.501484489566981));
#4908=DIRECTION('ref_axis',(3.70074341541719E-16,-1.,0.));
#4909=DIRECTION('center_axis',(0.,1.,0.));
#4910=DIRECTION('ref_axis',(-0.965925826289068,0.,-0.25881904510252));
#4911=DIRECTION('center_axis',(-0.866025403784438,0.,-0.500000000000001));
#4912=DIRECTION('ref_axis',(0.500000000000001,0.,-0.866025403784438));
#4913=DIRECTION('center_axis',(0.,1.,0.));
#4914=DIRECTION('ref_axis',(-0.973900193662721,0.,-0.226976678942384));
#4915=DIRECTION('center_axis',(-1.,0.,-3.70074341545462E-16));
#4916=DIRECTION('ref_axis',(0.,-1.,0.));
#4917=DIRECTION('center_axis',(0.,-1.,0.));
#4918=DIRECTION('ref_axis',(0.,0.,1.));
#4919=DIRECTION('center_axis',(-0.987285946797356,3.70751888844737E-12,
0.158954267814512));
#4920=DIRECTION('ref_axis',(-3.75514434362382E-12,-1.,7.40148683083438E-16));
#4921=DIRECTION('center_axis',(-5.42971581974084E-12,0.,-1.));
#4922=DIRECTION('ref_axis',(-1.,0.,5.42971581974084E-12));
#4923=DIRECTION('',(1.,0.,-5.42971581974084E-12));
#4924=DIRECTION('',(0.,-1.,0.));
#4925=DIRECTION('',(1.,0.,-5.42971581974084E-12));
#4926=DIRECTION('center_axis',(0.,-1.,0.));
#4927=DIRECTION('ref_axis',(0.,0.,-1.));
#4928=DIRECTION('center_axis',(0.987285946797356,3.63554115670251E-12,-0.158954267814512));
#4929=DIRECTION('ref_axis',(-3.6822396983401E-12,1.,7.40148683083437E-16));
#4930=DIRECTION('center_axis',(1.,0.,-4.06748483316483E-13));
#4931=DIRECTION('ref_axis',(0.,1.,0.));
#4932=DIRECTION('center_axis',(0.,1.,0.));
#4933=DIRECTION('ref_axis',(-0.965925826289077,0.,-0.25881904510249));
#4934=DIRECTION('center_axis',(0.,-1.,0.));
#4935=DIRECTION('ref_axis',(-0.973900193662721,0.,-0.226976678942384));
#4936=DIRECTION('center_axis',(-0.866025403784438,0.,-0.500000000000001));
#4937=DIRECTION('ref_axis',(0.,1.,0.));
#4938=DIRECTION('center_axis',(0.,1.,0.));
#4939=DIRECTION('ref_axis',(0.,0.,1.));
#4940=DIRECTION('center_axis',(0.865166635234938,-6.91349057398205E-16,
0.501484489566981));
#4941=DIRECTION('ref_axis',(0.501484489566981,0.,-0.865166635234938));
#4942=DIRECTION('center_axis',(0.,-1.,0.));
#4943=DIRECTION('ref_axis',(0.,0.,-1.));
#4944=DIRECTION('',(0.360066009547009,0.,0.932926829268455));
#4945=DIRECTION('center_axis',(0.,-1.,0.));
#4946=DIRECTION('ref_axis',(-0.36006600954774,0.,0.932926829268173));
#4947=DIRECTION('',(0.360066009547009,0.,0.932926829268455));
#4948=DIRECTION('center_axis',(0.,-1.,0.));
#4949=DIRECTION('ref_axis',(-0.360066009547735,0.,0.932926829268175));
#4950=DIRECTION('',(-0.360066009547195,0.,0.932926829268383));
#4951=DIRECTION('center_axis',(0.,-1.,0.));
#4952=DIRECTION('ref_axis',(-0.36006600954774,0.,0.932926829268173));
#4953=DIRECTION('',(-0.360066009547195,0.,0.932926829268383));
#4954=DIRECTION('center_axis',(0.,0.,-1.));
#4955=DIRECTION('ref_axis',(-1.,-5.07486346028219E-14,0.));
#4956=DIRECTION('',(0.,0.,-1.));
#4957=DIRECTION('center_axis',(0.,0.,-1.));
#4958=DIRECTION('ref_axis',(0.179241746520453,-0.98380506011318,0.));
#4959=DIRECTION('center_axis',(0.,0.,-1.));
#4960=DIRECTION('ref_axis',(-1.,1.22464679914735E-16,0.));
#4961=DIRECTION('center_axis',(0.,0.,1.));
#4962=DIRECTION('ref_axis',(0.956576610205313,-0.291481026497632,0.));
#4963=DIRECTION('',(0.,0.,-1.));
#4964=DIRECTION('',(0.,0.,1.));
#4965=DIRECTION('',(-1.53134210293125E-15,-3.62694669067132E-31,-1.));
#4966=DIRECTION('',(-1.53134210293125E-15,-3.62694669067132E-31,-1.));
#4967=DIRECTION('',(0.732868893600203,0.,0.680369888217588));
#4968=DIRECTION('center_axis',(0.,1.,0.));
#4969=DIRECTION('ref_axis',(1.,0.,0.));
#4970=DIRECTION('center_axis',(0.,1.,0.));
#4971=DIRECTION('ref_axis',(0.987688340595199,0.,0.156434465039843));
#4972=DIRECTION('',(0.,1.,0.));
#4973=DIRECTION('center_axis',(0.,-1.,0.));
#4974=DIRECTION('ref_axis',(0.987688340595199,0.,0.156434465039843));
#4975=DIRECTION('center_axis',(0.,-1.,0.));
#4976=DIRECTION('ref_axis',(0.987688340595199,0.,0.156434465039843));
#4977=DIRECTION('center_axis',(0.,-1.,0.));
#4978=DIRECTION('ref_axis',(0.987688340595199,0.,0.156434465039843));
#4979=DIRECTION('',(0.,1.,0.));
#4980=DIRECTION('center_axis',(0.,1.,0.));
#4981=DIRECTION('ref_axis',(0.987688340595199,0.,0.156434465039843));
#4982=DIRECTION('center_axis',(0.,1.,0.));
#4983=DIRECTION('ref_axis',(0.987688340595199,0.,0.156434465039843));
#4984=DIRECTION('center_axis',(-0.937564330777156,-0.295038606742838,-0.184188344326204));
#4985=DIRECTION('ref_axis',(1.64909173209685E-15,-0.529563072260716,0.848270565620305));
#4986=DIRECTION('',(0.93715586461514,0.279279927341843,0.209144944001485));
#4987=DIRECTION('center_axis',(-1.,-2.60039989597592E-15,0.));
#4988=DIRECTION('ref_axis',(0.,-0.520823697282579,0.853664264420682));
#4989=DIRECTION('',(0.630998200559458,-1.3722528783289E-15,0.775784294047467));
#4990=DIRECTION('center_axis',(-0.945416546054444,-0.267754705760113,0.185728220768414));
#4991=DIRECTION('ref_axis',(-1.10512676336345E-15,-0.569955683688794,-0.821675433873278));
#4992=DIRECTION('',(0.944997730698513,0.250672895505826,-0.210100900601084));
#4993=DIRECTION('center_axis',(-1.,-2.60039989597592E-15,0.));
#4994=DIRECTION('ref_axis',(4.03717463500057E-15,-0.561956702364156,-0.827166648667609));
#4995=DIRECTION('',(0.702350202584215,0.,0.711831576238307));
#4996=DIRECTION('center_axis',(-0.973549471224313,0.22209776208931,-0.0536098046422487));
#4997=DIRECTION('ref_axis',(3.76468097728361E-15,-0.234640533103887,-0.972082208573289));
#4998=DIRECTION('',(0.973092141736207,-0.22918465127694,0.0237924212788408));
#4999=DIRECTION('center_axis',(-1.,-2.60039989597592E-15,0.));
#5000=DIRECTION('ref_axis',(4.03717463500056E-15,-0.241444619450267,-0.970414599920321));
#5001=DIRECTION('',(0.665363733787264,1.05202707570668E-15,0.746519324438873));
#5002=DIRECTION('center_axis',(-0.948216228918613,0.313303902019038,0.052217317003174));
#5003=DIRECTION('ref_axis',(-2.65741978758493E-16,-0.164398987305361,0.986393923832143));
#5004=DIRECTION('',(0.947793681696803,-0.318071666419069,-0.0227497682848862));
#5005=DIRECTION('center_axis',(-1.,-2.60039989597592E-15,0.));
#5006=DIRECTION('ref_axis',(0.,-0.173747595646802,0.98479021776567));
#5007=DIRECTION('center_axis',(0.133643628788197,-0.286599686818256,0.948683298050514));
#5008=DIRECTION('ref_axis',(0.99022271888156,0.,-0.139495401396642));
#5009=DIRECTION('center_axis',(0.133643628788197,-0.286599686818256,0.948683298050514));
#5010=DIRECTION('ref_axis',(0.400930886364592,-0.859799060454768,-0.316227766016838));
#5011=DIRECTION('',(-0.906307787036625,-0.422618261740752,0.));
#5012=DIRECTION('center_axis',(0.133643628788197,-0.286599686818256,0.948683298050514));
#5013=DIRECTION('ref_axis',(0.400930886364592,-0.859799060454769,-0.316227766016838));
#5014=DIRECTION('center_axis',(0.158113883008414,0.273861278752586,0.948683298050514));
#5015=DIRECTION('ref_axis',(0.986393923832145,0.,-0.164398987305352));
#5016=DIRECTION('center_axis',(0.158113883008414,0.273861278752586,0.948683298050514));
#5017=DIRECTION('ref_axis',(0.474341649025241,0.821583836257758,-0.316227766016838));
#5018=DIRECTION('',(0.866025403784448,-0.499999999999983,0.));
#5019=DIRECTION('center_axis',(0.,0.,-1.));
#5020=DIRECTION('ref_axis',(1.,0.,0.));
#5021=DIRECTION('center_axis',(0.,0.,-1.));
#5022=DIRECTION('ref_axis',(1.,0.,0.));
#5023=DIRECTION('',(1.,0.,0.));
#5024=DIRECTION('center_axis',(0.,0.,-1.));
#5025=DIRECTION('ref_axis',(0.,1.,0.));
#5026=DIRECTION('',(0.707106781186947,-0.707106781186148,0.));
#5027=DIRECTION('center_axis',(0.158113883008414,0.273861278752586,-0.948683298050514));
#5028=DIRECTION('ref_axis',(-0.986393923832145,0.,-0.164398987305352));
#5029=DIRECTION('center_axis',(0.158113883008414,0.273861278752586,-0.948683298050514));
#5030=DIRECTION('ref_axis',(-0.474341649025241,-0.821583836257758,-0.316227766016838));
#5031=DIRECTION('',(-0.866025403784448,0.499999999999983,0.));
#5032=DIRECTION('center_axis',(0.158113883008414,0.273861278752586,-0.948683298050514));
#5033=DIRECTION('ref_axis',(0.474341649025241,0.821583836257758,0.316227766016838));
#5034=DIRECTION('center_axis',(0.133643628788197,-0.286599686818256,-0.948683298050514));
#5035=DIRECTION('ref_axis',(-0.99022271888156,0.,-0.139495401396642));
#5036=DIRECTION('center_axis',(0.133643628788197,-0.286599686818256,-0.948683298050514));
#5037=DIRECTION('ref_axis',(0.400930886364592,-0.859799060454768,0.316227766016838));
#5038=DIRECTION('center_axis',(0.133643628788197,-0.286599686818256,-0.948683298050514));
#5039=DIRECTION('ref_axis',(0.400930886364592,-0.859799060454769,0.316227766016838));
#5040=DIRECTION('',(0.906307787036625,0.422618261740752,0.));
#5041=DIRECTION('center_axis',(0.,0.,1.));
#5042=DIRECTION('ref_axis',(0.,-1.,0.));
#5043=DIRECTION('center_axis',(0.,0.,1.));
#5044=DIRECTION('ref_axis',(0.,-1.,0.));
#5045=DIRECTION('center_axis',(0.,0.,1.));
#5046=DIRECTION('ref_axis',(1.,0.,0.));
#5047=DIRECTION('center_axis',(0.,0.,-1.));
#5048=DIRECTION('ref_axis',(1.,0.,0.));
#5049=DIRECTION('',(1.,0.,0.));
#5050=DIRECTION('center_axis',(0.,0.,-1.));
#5051=DIRECTION('ref_axis',(0.,-1.,0.));
#5052=DIRECTION('',(-0.707106781186947,-0.707106781186148,0.));
#5053=DIRECTION('center_axis',(-1.,0.,0.));
#5054=DIRECTION('ref_axis',(0.,-0.707106781186548,-0.707106781186548));
#5055=DIRECTION('',(-1.,0.,0.));
#5056=DIRECTION('center_axis',(0.,1.,0.));
#5057=DIRECTION('ref_axis',(1.,0.,0.));
#5058=DIRECTION('',(-0.207911690817759,0.,-0.978147600733806));
#5059=DIRECTION('center_axis',(0.,1.,0.));
#5060=DIRECTION('ref_axis',(0.987688340595199,0.,0.156434465039843));
#5061=DIRECTION('',(1.,2.22044604925032E-15,0.));
#5062=DIRECTION('',(0.,0.,-1.));
#5063=DIRECTION('',(-1.,-2.22044604925032E-15,0.));
#5064=DIRECTION('center_axis',(0.,1.,0.));
#5065=DIRECTION('ref_axis',(0.987688340595199,0.,0.156434465039843));
#5066=DIRECTION('',(0.499999999999322,0.,-0.86602540378483));
#5067=DIRECTION('',(-0.360066009547195,0.,0.932926829268383));
#5068=DIRECTION('center_axis',(0.,-1.,0.));
#5069=DIRECTION('ref_axis',(-0.36006600954774,0.,0.932926829268173));
#5070=DIRECTION('',(0.360066009547009,0.,0.932926829268455));
#5071=DIRECTION('',(0.,0.,1.));
#5072=DIRECTION('',(0.,0.,1.));
#5073=DIRECTION('',(1.,0.,0.));
#5074=DIRECTION('center_axis',(1.,0.,0.));
#5075=DIRECTION('ref_axis',(0.,-0.707106781186548,0.707106781186547));
#5076=DIRECTION('',(-1.,0.,0.));
#5077=DIRECTION('center_axis',(1.,0.,0.));
#5078=DIRECTION('ref_axis',(0.,0.707106781186548,-0.707106781186548));
#5079=DIRECTION('',(1.,0.,0.));
#5080=DIRECTION('',(-1.,0.,0.));
#5081=DIRECTION('center_axis',(0.,1.,0.));
#5082=DIRECTION('ref_axis',(1.,0.,0.));
#5083=DIRECTION('center_axis',(0.,-1.,0.));
#5084=DIRECTION('ref_axis',(0.987688340595199,0.,0.156434465039843));
#5085=DIRECTION('',(-1.,2.22044604925032E-15,0.));
#5086=DIRECTION('',(0.,0.,-1.));
#5087=DIRECTION('',(1.,-2.22044604925032E-15,0.));
#5088=DIRECTION('center_axis',(0.,-1.,0.));
#5089=DIRECTION('ref_axis',(0.987688340595199,0.,0.156434465039843));
#5090=DIRECTION('',(0.207911690817759,0.,0.978147600733806));
#5091=DIRECTION('',(-0.360066009547009,0.,-0.932926829268455));
#5092=DIRECTION('center_axis',(0.,1.,0.));
#5093=DIRECTION('ref_axis',(-0.36006600954774,0.,0.932926829268173));
#5094=DIRECTION('',(0.360066009547195,0.,-0.932926829268383));
#5095=DIRECTION('',(0.,0.,-1.));
#5096=DIRECTION('',(0.,0.,1.));
#5097=DIRECTION('',(-1.,0.,0.));
#5098=DIRECTION('center_axis',(-1.,0.,0.));
#5099=DIRECTION('ref_axis',(0.,0.707106781186548,0.707106781186547));
#5100=DIRECTION('center_axis',(0.,0.,-1.));
#5101=DIRECTION('ref_axis',(1.,0.,0.));
#5102=DIRECTION('',(1.,1.58013613088755E-16,0.));
#5103=DIRECTION('',(-1.77635683940025E-14,-1.,0.));
#5104=DIRECTION('center_axis',(0.,0.,1.));
#5105=DIRECTION('ref_axis',(-1.,0.,0.));
#5106=DIRECTION('',(1.77635683940025E-14,1.,0.));
#5107=DIRECTION('',(-1.,-1.58013613088755E-16,0.));
#5108=DIRECTION('center_axis',(-1.,1.77635683940025E-14,0.));
#5109=DIRECTION('ref_axis',(-1.77635683940025E-14,-1.,0.));
#5110=DIRECTION('',(0.,0.,1.));
#5111=DIRECTION('center_axis',(0.,-1.,0.));
#5112=DIRECTION('ref_axis',(0.,0.,-1.));
#5113=DIRECTION('center_axis',(0.,0.,-1.));
#5114=DIRECTION('ref_axis',(1.,0.,0.));
#5115=DIRECTION('center_axis',(0.,0.,1.));
#5116=DIRECTION('ref_axis',(1.,0.,0.));
#5117=DIRECTION('center_axis',(0.,0.,-1.));
#5118=DIRECTION('ref_axis',(1.,0.,0.));
#5119=DIRECTION('center_axis',(0.,0.,1.));
#5120=DIRECTION('ref_axis',(0.,-1.,0.));
#5121=DIRECTION('',(-0.707106781186947,0.707106781186148,0.));
#5122=DIRECTION('center_axis',(0.,0.,1.));
#5123=DIRECTION('ref_axis',(0.,1.,0.));
#5124=DIRECTION('center_axis',(0.,0.,-1.));
#5125=DIRECTION('ref_axis',(0.,1.,0.));
#5126=DIRECTION('',(0.,0.,1.));
#5127=DIRECTION('center_axis',(0.707106781186148,0.707106781186947,0.));
#5128=DIRECTION('ref_axis',(-0.707106781186947,0.707106781186148,0.));
#5129=DIRECTION('center_axis',(1.58013613088755E-16,-1.,0.));
#5130=DIRECTION('ref_axis',(1.,1.58013613088755E-16,0.));
#5131=DIRECTION('center_axis',(0.,0.,1.));
#5132=DIRECTION('ref_axis',(0.,-1.,0.));
#5133=DIRECTION('center_axis',(0.,-1.,0.));
#5134=DIRECTION('ref_axis',(0.,0.,-1.));
#5135=DIRECTION('center_axis',(0.,0.,-1.));
#5136=DIRECTION('ref_axis',(-1.,0.,0.));
#5137=DIRECTION('',(-1.,1.58013613088755E-16,0.));
#5138=DIRECTION('',(1.77635683940025E-14,-1.,0.));
#5139=DIRECTION('center_axis',(1.,1.77635683940025E-14,0.));
#5140=DIRECTION('ref_axis',(-1.77635683940025E-14,1.,0.));
#5141=DIRECTION('',(0.,0.,1.));
#5142=DIRECTION('',(-1.77635683940025E-14,1.,0.));
#5143=DIRECTION('center_axis',(0.,0.,1.));
#5144=DIRECTION('ref_axis',(1.,0.,0.));
#5145=DIRECTION('',(1.,-1.58013613088755E-16,0.));
#5146=DIRECTION('center_axis',(0.,1.,0.));
#5147=DIRECTION('ref_axis',(0.,0.,1.));
#5148=DIRECTION('center_axis',(-0.707106781186148,0.707106781186947,0.));
#5149=DIRECTION('ref_axis',(-0.707106781186947,-0.707106781186148,0.));
#5150=DIRECTION('',(0.,0.,1.));
#5151=DIRECTION('',(0.707106781186947,0.707106781186148,0.));
#5152=DIRECTION('center_axis',(-1.58013613088755E-16,-1.,0.));
#5153=DIRECTION('ref_axis',(1.,-1.58013613088755E-16,0.));
#5154=DIRECTION('center_axis',(0.,0.,1.));
#5155=DIRECTION('ref_axis',(1.,0.,0.));
#5156=DIRECTION('center_axis',(0.,0.,-1.));
#5157=DIRECTION('ref_axis',(0.,-1.,0.));
#5158=DIRECTION('center_axis',(0.,0.,1.));
#5159=DIRECTION('ref_axis',(0.,-1.,0.));
#5160=DIRECTION('center_axis',(0.,0.,1.));
#5161=DIRECTION('ref_axis',(1.,0.,0.));
#5162=DIRECTION('center_axis',(0.,0.,1.));
#5163=DIRECTION('ref_axis',(0.,-1.,0.));
#5164=DIRECTION('center_axis',(0.,0.,1.));
#5165=DIRECTION('ref_axis',(1.,0.,0.));
#5166=DIRECTION('center_axis',(0.,0.,1.));
#5167=DIRECTION('ref_axis',(0.,-1.,0.));
#5168=DIRECTION('center_axis',(0.,1.,0.));
#5169=DIRECTION('ref_axis',(0.,0.,1.));
#5170=DIRECTION('center_axis',(0.321225452065825,-0.947002750231015,2.64232450222506E-14));
#5171=DIRECTION('ref_axis',(5.48258283765509E-15,-2.60422684788617E-14,
-1.));
#5172=DIRECTION('center_axis',(0.,0.,-1.));
#5173=DIRECTION('ref_axis',(-1.,0.,0.));
#5174=DIRECTION('center_axis',(-0.416865220488482,-0.908968309649511,0.));
#5175=DIRECTION('ref_axis',(0.,0.,-1.));
#5176=DIRECTION('center_axis',(0.,0.,1.));
#5177=DIRECTION('ref_axis',(-0.952759157846822,-0.303726829797789,0.));
#5178=DIRECTION('center_axis',(0.,0.,-1.));
#5179=DIRECTION('ref_axis',(-0.952759157846822,-0.303726829797789,0.));
#5180=DIRECTION('center_axis',(0.,0.,1.));
#5181=DIRECTION('ref_axis',(1.,0.,0.));
#5182=DIRECTION('center_axis',(-0.32122545206582,-0.947002750231017,0.));
#5183=DIRECTION('ref_axis',(0.,0.,-1.));
#5184=DIRECTION('center_axis',(0.,0.,-1.));
#5185=DIRECTION('ref_axis',(0.93347327879431,-0.35864695422797,0.));
#5186=DIRECTION('center_axis',(0.,0.,1.));
#5187=DIRECTION('ref_axis',(0.93347327879431,-0.35864695422797,0.));
#5188=DIRECTION('center_axis',(0.,0.,1.));
#5189=DIRECTION('ref_axis',(1.,0.,0.));
#5190=DIRECTION('center_axis',(0.385137331886683,-0.922859271821661,0.));
#5191=DIRECTION('ref_axis',(0.,0.,-1.));
#5192=DIRECTION('center_axis',(0.,0.,-1.));
#5193=DIRECTION('ref_axis',(0.939544249902852,0.342427514190212,0.));
#5194=DIRECTION('center_axis',(0.,0.,1.));
#5195=DIRECTION('ref_axis',(0.939544249902852,0.342427514190211,0.));
#5196=DIRECTION('center_axis',(0.,0.,-1.));
#5197=DIRECTION('ref_axis',(-1.,0.,0.));
#5198=DIRECTION('center_axis',(0.,0.,1.));
#5199=DIRECTION('ref_axis',(-0.932488644503518,0.361199291073489,0.));
#5200=DIRECTION('center_axis',(0.,0.,-1.));
#5201=DIRECTION('ref_axis',(-0.932488644503518,0.361199291073489,0.));
#5202=DIRECTION('center_axis',(0.,0.,1.));
#5203=DIRECTION('ref_axis',(-0.932488644503521,0.361199291073482,0.));
#5204=DIRECTION('',(0.,0.,-1.));
#5205=DIRECTION('center_axis',(0.,0.,1.));
#5206=DIRECTION('ref_axis',(1.,0.,0.));
#5207=DIRECTION('',(1.,0.,0.));
#5208=DIRECTION('center_axis',(0.,0.,1.));
#5209=DIRECTION('ref_axis',(0.892099963776945,-0.45183808452716,0.));
#5210=DIRECTION('',(0.,0.,1.));
#5211=DIRECTION('',(1.,0.,0.));
#5212=DIRECTION('',(1.,0.,0.));
#5213=DIRECTION('',(1.,0.,0.));
#5214=DIRECTION('',(1.,0.,0.));
#5215=DIRECTION('center_axis',(0.,0.,1.));
#5216=DIRECTION('ref_axis',(1.,0.,0.));
#5217=DIRECTION('center_axis',(0.,0.,1.));
#5218=DIRECTION('ref_axis',(-0.932488644503517,0.361199291073492,0.));
#5219=DIRECTION('center_axis',(-0.38513733188668,0.922859271821662,0.));
#5220=DIRECTION('ref_axis',(0.,0.,1.));
#5221=DIRECTION('center_axis',(0.,0.,-1.));
#5222=DIRECTION('ref_axis',(-0.932488644503518,0.361199291073489,0.));
#5223=DIRECTION('center_axis',(0.,0.,1.));
#5224=DIRECTION('ref_axis',(-0.932488644503518,0.361199291073489,0.));
#5225=DIRECTION('center_axis',(0.,0.,-1.));
#5226=DIRECTION('ref_axis',(-1.,0.,0.));
#5227=DIRECTION('center_axis',(-0.321225452065823,0.947002750231016,4.63139894106874E-16));
#5228=DIRECTION('ref_axis',(5.48258283765485E-15,1.37064570941371E-15,1.));
#5229=DIRECTION('center_axis',(0.,0.,1.));
#5230=DIRECTION('ref_axis',(0.939544249902852,0.342427514190212,0.));
#5231=DIRECTION('center_axis',(0.,0.,-1.));
#5232=DIRECTION('ref_axis',(0.939544249902852,0.342427514190211,0.));
#5233=DIRECTION('center_axis',(0.321225452065821,0.947002750231017,-1.51866614999641E-13));
#5234=DIRECTION('ref_axis',(0.,1.60365548001411E-13,1.));
#5235=DIRECTION('center_axis',(0.,0.,-1.));
#5236=DIRECTION('ref_axis',(-1.,0.,0.));
#5237=DIRECTION('center_axis',(0.416865220488478,0.908968309649513,0.));
#5238=DIRECTION('ref_axis',(0.,0.,1.));
#5239=DIRECTION('center_axis',(0.,0.,1.));
#5240=DIRECTION('ref_axis',(0.93347327879431,-0.35864695422797,0.));
#5241=DIRECTION('center_axis',(0.,0.,-1.));
#5242=DIRECTION('ref_axis',(0.93347327879431,-0.35864695422797,0.));
#5243=DIRECTION('center_axis',(0.,0.,1.));
#5244=DIRECTION('ref_axis',(-0.952759157846822,-0.303726829797789,0.));
#5245=DIRECTION('center_axis',(0.,0.,-1.));
#5246=DIRECTION('ref_axis',(-0.952759157846822,-0.303726829797789,0.));
#5247=DIRECTION('center_axis',(0.,0.,1.));
#5248=DIRECTION('ref_axis',(-0.952759157846822,-0.303726829797789,0.));
#5249=DIRECTION('center_axis',(0.,0.,1.));
#5250=DIRECTION('ref_axis',(1.,0.,0.));
#5251=DIRECTION('',(1.,0.,0.));
#5252=DIRECTION('center_axis',(0.,0.,1.));
#5253=DIRECTION('ref_axis',(-0.932488644503521,0.361199291073482,0.));
#5254=DIRECTION('',(0.,0.,-1.));
#5255=DIRECTION('center_axis',(0.,0.,1.));
#5256=DIRECTION('ref_axis',(0.892099963776945,-0.45183808452716,0.));
#5257=DIRECTION('',(0.,0.,1.));
#5258=DIRECTION('center_axis',(0.,0.,1.));
#5259=DIRECTION('ref_axis',(0.892099963776945,-0.45183808452716,0.));
#5260=DIRECTION('',(-1.,0.,0.));
#5261=DIRECTION('',(1.,0.,0.));
#5262=DIRECTION('',(1.,0.,0.));
#5263=DIRECTION('center_axis',(0.,0.,1.));
#5264=DIRECTION('ref_axis',(1.,0.,0.));
#5265=DIRECTION('',(-2.60039989597592E-15,1.,1.58603289232165E-16));
#5266=DIRECTION('center_axis',(0.,0.,1.));
#5267=DIRECTION('ref_axis',(1.,0.,0.));
#5268=DIRECTION('center_axis',(0.,0.,1.));
#5269=DIRECTION('ref_axis',(1.,0.,0.));
#5270=DIRECTION('',(-2.60039989597592E-15,1.,-1.58603289232165E-16));
#5271=DIRECTION('',(1.,0.,0.));
#5272=DIRECTION('center_axis',(0.,0.,1.));
#5273=DIRECTION('ref_axis',(1.,0.,0.));
#5274=DIRECTION('',(2.60039989597592E-15,-1.,1.58603289232165E-16));
#5275=DIRECTION('center_axis',(0.,0.,1.));
#5276=DIRECTION('ref_axis',(0.892099963776945,-0.45183808452716,0.));
#5277=DIRECTION('center_axis',(0.,0.,1.));
#5278=DIRECTION('ref_axis',(1.,0.,0.));
#5279=DIRECTION('',(2.60039989597592E-15,-1.,-1.58603289232165E-16));
#5280=DIRECTION('center_axis',(-1.,-2.60039989597592E-15,0.));
#5281=DIRECTION('ref_axis',(2.60039989597592E-15,-1.,0.));
#5282=DIRECTION('center_axis',(0.,0.,1.));
#5283=DIRECTION('ref_axis',(-0.952759157846823,-0.303726829797786,0.));
#5284=DIRECTION('center_axis',(0.,0.,1.));
#5285=DIRECTION('ref_axis',(1.,0.,0.));
#5286=DIRECTION('',(0.,0.,1.));
#5287=DIRECTION('center_axis',(0.,0.,1.));
#5288=DIRECTION('ref_axis',(1.,0.,0.));
#5289=DIRECTION('center_axis',(0.,0.,1.));
#5290=DIRECTION('ref_axis',(1.,0.,0.));
#5291=DIRECTION('',(0.,0.,1.));
#5292=DIRECTION('center_axis',(0.,0.,1.));
#5293=DIRECTION('ref_axis',(1.,0.,0.));
#5294=DIRECTION('center_axis',(0.,0.,1.));
#5295=DIRECTION('ref_axis',(-0.952759157846823,-0.303726829797786,0.));
#5296=DIRECTION('center_axis',(0.207911690817759,0.,0.978147600733806));
#5297=DIRECTION('ref_axis',(0.691654801480225,-0.707106781186548,-0.147015766465198));
#5298=DIRECTION('',(-0.207911690817759,0.,-0.978147600733806));
#5299=DIRECTION('center_axis',(0.978147600733806,0.,-0.207911690817759));
#5300=DIRECTION('ref_axis',(-0.207911690817759,0.,-0.978147600733806));
#5301=DIRECTION('',(0.207911690817759,0.,0.978147600733806));
#5302=DIRECTION('center_axis',(0.86602540378483,0.,0.499999999999322));
#5303=DIRECTION('ref_axis',(0.499999999999322,0.,-0.86602540378483));
#5304=DIRECTION('',(-0.499999999999322,0.,0.86602540378483));
#5305=DIRECTION('center_axis',(0.499999999999322,0.,-0.86602540378483));
#5306=DIRECTION('ref_axis',(0.612372435696071,0.707106781186548,0.353553390592794));
#5307=DIRECTION('center_axis',(-0.207911690817759,0.,-0.978147600733806));
#5308=DIRECTION('ref_axis',(0.691654801480225,0.707106781186548,-0.147015766465198));
#5309=DIRECTION('center_axis',(-0.932926829268383,0.,-0.360066009547195));
#5310=DIRECTION('ref_axis',(-0.360066009547195,0.,0.932926829268383));
#5311=DIRECTION('',(0.,1.,0.));
#5312=DIRECTION('center_axis',(-0.932926829268383,0.,-0.360066009547195));
#5313=DIRECTION('ref_axis',(-0.360066009547195,0.,0.932926829268383));
#5314=DIRECTION('',(0.,1.,0.));
#5315=DIRECTION('',(0.360066009547195,0.,-0.932926829268383));
#5316=DIRECTION('center_axis',(0.,1.,0.));
#5317=DIRECTION('ref_axis',(1.,0.,1.52858755463634E-13));
#5318=DIRECTION('center_axis',(0.295017367076712,0.948683298050514,0.113862869817707));
#5319=DIRECTION('ref_axis',(0.885052101229939,-0.316227766016837,0.341588609453638));
#5320=DIRECTION('center_axis',(0.,1.,0.));
#5321=DIRECTION('ref_axis',(-0.36006600954774,0.,0.932926829268173));
#5322=DIRECTION('center_axis',(0.295017367076736,0.948683298050514,-0.113862869817648));
#5323=DIRECTION('ref_axis',(-0.885052101230207,0.316227766016838,0.341588609452944));
#5324=DIRECTION('',(0.,-1.,0.));
#5325=DIRECTION('center_axis',(0.,1.,0.));
#5326=DIRECTION('ref_axis',(1.,0.,1.52858755463634E-13));
#5327=DIRECTION('',(0.,-1.,0.));
#5328=DIRECTION('center_axis',(0.,1.,0.));
#5329=DIRECTION('ref_axis',(-0.36006600954774,0.,0.932926829268173));
#5330=DIRECTION('center_axis',(-0.295017367076736,0.948683298050514,0.113862869817648));
#5331=DIRECTION('ref_axis',(-0.885052101230207,-0.316227766016838,0.341588609452944));
#5332=DIRECTION('center_axis',(0.,1.,0.));
#5333=DIRECTION('ref_axis',(-0.36006600954774,0.,0.932926829268173));
#5334=DIRECTION('center_axis',(-0.295017367076712,0.948683298050514,-0.113862869817707));
#5335=DIRECTION('ref_axis',(0.885052101229939,0.316227766016837,0.341588609453638));
#5336=DIRECTION('center_axis',(0.,1.,0.));
#5337=DIRECTION('ref_axis',(-0.36006600954774,0.,0.932926829268173));
#5338=DIRECTION('center_axis',(-0.932926829268455,0.,0.360066009547009));
#5339=DIRECTION('ref_axis',(0.360066009547009,0.,0.932926829268455));
#5340=DIRECTION('center_axis',(-0.932926829268455,0.,0.360066009547009));
#5341=DIRECTION('ref_axis',(0.360066009547009,0.,0.932926829268455));
#5342=DIRECTION('',(-0.360066009547009,0.,-0.932926829268455));
#5343=DIRECTION('center_axis',(-0.0829143993204732,0.996545428737607,-0.00473400966455274));
#5344=DIRECTION('ref_axis',(0.996556595639119,0.0829153284270693,0.));
#5345=DIRECTION('center_axis',(0.,0.,1.));
#5346=DIRECTION('ref_axis',(0.214805292509484,0.976656892828753,0.));
#5347=DIRECTION('center_axis',(0.,0.,-1.));
#5348=DIRECTION('ref_axis',(-0.62503645280986,0.780595562797322,0.));
#5349=DIRECTION('center_axis',(0.,0.,1.));
#5350=DIRECTION('ref_axis',(-0.62503645280986,0.780595562797322,0.));
#5351=DIRECTION('',(0.,0.,1.));
#5352=DIRECTION('',(0.,0.,-1.));
#5353=DIRECTION('center_axis',(0.,0.,1.));
#5354=DIRECTION('ref_axis',(1.,0.,0.));
#5355=DIRECTION('center_axis',(0.,0.,1.));
#5356=DIRECTION('ref_axis',(1.,0.,0.));
#5357=DIRECTION('center_axis',(0.,0.,-1.));
#5358=DIRECTION('ref_axis',(1.,0.,0.));
#5359=DIRECTION('center_axis',(0.,0.,1.));
#5360=DIRECTION('ref_axis',(1.,0.,0.));
#5361=DIRECTION('center_axis',(0.,0.,1.));
#5362=DIRECTION('ref_axis',(-0.62503645280986,-0.780595562797322,0.));
#5363=DIRECTION('center_axis',(0.,0.,-1.));
#5364=DIRECTION('ref_axis',(1.,0.,0.));
#5365=DIRECTION('center_axis',(0.,0.,1.));
#5366=DIRECTION('ref_axis',(1.,0.,0.));
#5367=DIRECTION('',(0.,0.,1.));
#5368=DIRECTION('',(0.,0.,1.));
#5369=DIRECTION('center_axis',(0.,0.,1.));
#5370=DIRECTION('ref_axis',(-0.62503645280986,-0.780595562797322,0.));
#5371=DIRECTION('',(0.,0.,1.));
#5372=DIRECTION('center_axis',(-2.21853722954E-15,-4.87943659675886E-16,
-1.));
#5373=DIRECTION('ref_axis',(0.214805292509493,-0.976656892828751,0.));
#5374=DIRECTION('',(0.,0.,-1.));
#5375=DIRECTION('center_axis',(0.0829143993204708,0.996545428737607,0.00473400966455538));
#5376=DIRECTION('ref_axis',(0.99655659563912,-0.0829153284270669,0.));
#5377=DIRECTION('center_axis',(0.,0.,1.));
#5378=DIRECTION('ref_axis',(1.,0.,0.));
#5379=DIRECTION('',(0.,0.,-1.));
#5380=DIRECTION('',(0.,0.,1.));
#5381=DIRECTION('center_axis',(0.,0.,1.));
#5382=DIRECTION('ref_axis',(-1.,-1.5035635998724E-12,0.));
#5383=DIRECTION('center_axis',(0.,0.,-1.));
#5384=DIRECTION('ref_axis',(-1.,0.,0.));
#5385=DIRECTION('center_axis',(0.,0.,-1.));
#5386=DIRECTION('ref_axis',(-1.,0.,0.));
#5387=DIRECTION('center_axis',(0.,0.,1.));
#5388=DIRECTION('ref_axis',(1.,0.,0.));
#5389=DIRECTION('center_axis',(0.,0.,1.));
#5390=DIRECTION('ref_axis',(1.,0.,0.));
#5391=DIRECTION('center_axis',(0.,0.,1.));
#5392=DIRECTION('ref_axis',(1.,0.,0.));
#5393=DIRECTION('',(0.,0.,-1.));
#5394=DIRECTION('center_axis',(0.,0.,1.));
#5395=DIRECTION('ref_axis',(1.,0.,0.));
#5396=DIRECTION('center_axis',(-0.295017367076712,0.948683298050514,-0.113862869817707));
#5397=DIRECTION('ref_axis',(0.,0.119166756861407,0.992874253900832));
#5398=DIRECTION('',(0.360066009547195,0.,-0.932926829268383));
#5399=DIRECTION('',(0.360066009547195,0.,-0.932926829268383));
#5400=DIRECTION('center_axis',(0.295017367076712,-0.948683298050514,0.113862869817707));
#5401=DIRECTION('ref_axis',(0.885052101229941,0.316227766016837,0.341588609453633));
#5402=DIRECTION('center_axis',(0.295017367076736,0.948683298050514,-0.113862869817648));
#5403=DIRECTION('ref_axis',(0.,0.119166756861346,0.992874253900839));
#5404=DIRECTION('',(-0.360066009547009,0.,-0.932926829268455));
#5405=DIRECTION('center_axis',(-0.295017367076736,-0.948683298050514,0.113862869817648));
#5406=DIRECTION('ref_axis',(-0.885052101230207,0.316227766016838,0.341588609452944));
#5407=DIRECTION('center_axis',(0.,-1.,0.));
#5408=DIRECTION('ref_axis',(0.,0.,-1.));
#5409=DIRECTION('',(0.360066009547195,0.,-0.932926829268383));
#5410=DIRECTION('center_axis',(0.,-1.,0.));
#5411=DIRECTION('ref_axis',(-0.360066009547735,0.,0.932926829268175));
#5412=DIRECTION('center_axis',(0.,1.,0.));
#5413=DIRECTION('ref_axis',(1.,0.,3.69149155688286E-14));
#5414=DIRECTION('center_axis',(-0.295017367076712,-0.948683298050514,-0.113862869817707));
#5415=DIRECTION('ref_axis',(0.885052101229941,-0.316227766016837,0.341588609453633));
#5416=DIRECTION('center_axis',(0.295017367076712,0.948683298050514,0.113862869817707));
#5417=DIRECTION('ref_axis',(0.,-0.119166756861407,0.992874253900832));
#5418=DIRECTION('center_axis',(-0.295017367076736,0.948683298050514,0.113862869817648));
#5419=DIRECTION('ref_axis',(0.,-0.119166756861346,0.992874253900839));
#5420=DIRECTION('',(-0.360066009547009,0.,-0.932926829268455));
#5421=DIRECTION('center_axis',(0.295017367076736,-0.948683298050514,-0.113862869817648));
#5422=DIRECTION('ref_axis',(-0.885052101230207,-0.316227766016838,0.341588609452944));
#5423=DIRECTION('',(-0.360066009547009,0.,-0.932926829268455));
#5424=DIRECTION('center_axis',(0.,-1.,0.));
#5425=DIRECTION('ref_axis',(0.,0.,-1.));
#5426=DIRECTION('center_axis',(0.,-1.,0.));
#5427=DIRECTION('ref_axis',(-0.360066009547735,0.,0.932926829268175));
#5428=DIRECTION('center_axis',(0.,1.,0.));
#5429=DIRECTION('ref_axis',(1.,0.,3.69149155688286E-14));
#5430=DIRECTION('center_axis',(0.,1.,0.));
#5431=DIRECTION('ref_axis',(-0.360066009547735,0.,0.932926829268175));
#5432=DIRECTION('center_axis',(0.,-1.,0.));
#5433=DIRECTION('ref_axis',(0.,0.,-1.));
#5434=DIRECTION('center_axis',(0.,-1.,0.));
#5435=DIRECTION('ref_axis',(0.,0.,-1.));
#5436=CARTESIAN_POINT('',(0.,0.,0.));
#5437=CARTESIAN_POINT('Origin',(2.98811657095532,0.,6.17556971983311));
#5438=CARTESIAN_POINT('',(2.79285851191927,6.65,5.71527167466946));
#5439=CARTESIAN_POINT('',(3.42112927284754,6.65,5.92556971983311));
#5440=CARTESIAN_POINT('Origin',(2.98811657095532,6.65,6.17556971983311));
#5441=CARTESIAN_POINT('',(2.79285851191927,4.15,5.71527167466946));
#5442=CARTESIAN_POINT('',(2.79285851191927,0.,5.71527167466946));
#5443=CARTESIAN_POINT('',(3.42112927284754,4.15,5.92556971983311));
#5444=CARTESIAN_POINT('Origin',(2.98811657095532,4.15,6.17556971983311));
#5445=CARTESIAN_POINT('',(3.42112927284754,0.,5.92556971983311));
#5446=CARTESIAN_POINT('Origin',(5.48482755730144,0.,9.5));
#5447=CARTESIAN_POINT('',(4.61880215351909,4.15,8.00000000000362));
#5448=CARTESIAN_POINT('',(2.75050242571762,4.15,4.76400994768436));
#5449=CARTESIAN_POINT('',(5.20859218705894,3.74838205966224,9.02154630393993));
#5450=CARTESIAN_POINT('Origin',(4.61880215351909,2.65,8.00000000000362));
#5451=CARTESIAN_POINT('',(5.20859218708797,6.65,9.02154630394268));
#5452=CARTESIAN_POINT('Ctrl Pts',(5.20859218708797,6.65,9.02154630394268));
#5453=CARTESIAN_POINT('Ctrl Pts',(5.20859218708797,5.68279401988741,9.02154630394268));
#5454=CARTESIAN_POINT('Ctrl Pts',(5.20859218705894,4.71558803977483,9.02154630393993));
#5455=CARTESIAN_POINT('Ctrl Pts',(5.20859218705894,3.74838205966224,9.02154630393993));
#5456=CARTESIAN_POINT('',(0.,6.65,0.));
#5457=CARTESIAN_POINT('Origin',(2.98811657095532,0.,6.17556971983311));
#5458=CARTESIAN_POINT('',(3.42112927284754,-6.65,5.92556971983311));
#5459=CARTESIAN_POINT('',(2.79285851191927,-6.65,5.71527167466946));
#5460=CARTESIAN_POINT('Origin',(2.98811657095532,-6.65,6.17556971983311));
#5461=CARTESIAN_POINT('',(3.42112927284754,-4.15,5.92556971983311));
#5462=CARTESIAN_POINT('',(3.42112927284754,0.,5.92556971983311));
#5463=CARTESIAN_POINT('',(2.79285851191927,-4.15,5.71527167466946));
#5464=CARTESIAN_POINT('Origin',(2.98811657095532,-4.15,6.17556971983311));
#5465=CARTESIAN_POINT('',(2.79285851191927,0.,5.71527167466946));
#5466=CARTESIAN_POINT('Origin',(5.48482755730144,0.,9.5));
#5467=CARTESIAN_POINT('',(5.20859218708797,-6.65,9.02154630394268));
#5468=CARTESIAN_POINT('',(0.,-6.65,0.));
#5469=CARTESIAN_POINT('',(5.20859218708645,-3.74838205962839,9.02154630394254));
#5470=CARTESIAN_POINT('Ctrl Pts',(5.20859218708645,-3.74838205962839,9.02154630394254));
#5471=CARTESIAN_POINT('Ctrl Pts',(5.20859218708977,-4.71558803975226,9.02154630394285));
#5472=CARTESIAN_POINT('Ctrl Pts',(5.20859218708841,-5.68279401987613,9.02154630394272));
#5473=CARTESIAN_POINT('Ctrl Pts',(5.20859218708797,-6.65,9.02154630394268));
#5474=CARTESIAN_POINT('',(4.61880215351909,-4.15,8.00000000000362));
#5475=CARTESIAN_POINT('Origin',(4.61880215351909,-2.65,8.00000000000362));
#5476=CARTESIAN_POINT('',(2.75050242571762,-4.15,4.76400994768436));
#5477=CARTESIAN_POINT('Origin',(-2.00758622134928,-6.65,1.69675885398896));
#5478=CARTESIAN_POINT('',(-5.54977477020482,-6.65,-4.09999999999976));
#5479=CARTESIAN_POINT('',(-8.56971411425152,-6.65,-4.0999999999998));
#5480=CARTESIAN_POINT('',(-5.28865016780037,-6.65,-4.09999999999976));
#5481=CARTESIAN_POINT('',(-5.28570665752097,-6.65,-4.43523450683709));
#5482=CARTESIAN_POINT('Origin',(0.,-6.65,0.));
#5483=CARTESIAN_POINT('',(-7.27742220963032,-6.65,-6.10648229202209));
#5484=CARTESIAN_POINT('',(0.,-6.65,0.));
#5485=CARTESIAN_POINT('Origin',(0.,-6.65,0.));
#5486=CARTESIAN_POINT('Origin',(-2.00758622134928,-6.65,1.69675885398896));
#5487=CARTESIAN_POINT('',(0.,-6.65,6.9));
#5488=CARTESIAN_POINT('',(3.2,-6.65,5.54256258422041));
#5489=CARTESIAN_POINT('',(-5.54977477018216,-6.65,4.10000000003044));
#5490=CARTESIAN_POINT('Origin',(0.,-6.65,0.));
#5491=CARTESIAN_POINT('',(-8.56971411422901,-6.65,4.10000000004684));
#5492=CARTESIAN_POINT('',(-1.79499698265098,-6.65,4.10000000001005));
#5493=CARTESIAN_POINT('',(2.77555756156289E-15,-6.65,9.5));
#5494=CARTESIAN_POINT('Origin',(0.,-6.65,0.));
#5495=CARTESIAN_POINT('Ctrl Pts',(5.20859218708797,-6.65,9.02154630394268));
#5496=CARTESIAN_POINT('Ctrl Pts',(5.01047321903044,-6.65,9.05800717625563));
#5497=CARTESIAN_POINT('Ctrl Pts',(4.81598437587112,-6.65,9.09213173840803));
#5498=CARTESIAN_POINT('Ctrl Pts',(4.62536656358109,-6.65,9.12393203190465));
#5499=CARTESIAN_POINT('Ctrl Pts',(4.43474875129117,-6.65,9.15573232540126));
#5500=CARTESIAN_POINT('Ctrl Pts',(4.24800196987054,-6.65,9.1852083502421));
#5501=CARTESIAN_POINT('Ctrl Pts',(4.06532889382803,-6.65,9.21240758414764));
#5502=CARTESIAN_POINT('Ctrl Pts',(3.88265581778529,-6.65,9.23960681805321));
#5503=CARTESIAN_POINT('Ctrl Pts',(3.70405644712068,-6.65,9.26452926102348));
#5504=CARTESIAN_POINT('Ctrl Pts',(3.52969522488077,-6.65,9.28725782699456));
#5505=CARTESIAN_POINT('Ctrl Pts',(3.35533400264122,-6.65,9.30998639296561));
#5506=CARTESIAN_POINT('Ctrl Pts',(3.18521092882635,-6.65,9.33052108193748));
#5507=CARTESIAN_POINT('Ctrl Pts',(3.0194522150205,-6.65,9.34898024406198));
#5508=CARTESIAN_POINT('Ctrl Pts',(2.85369350121449,-6.65,9.3674394061865));
#5509=CARTESIAN_POINT('Ctrl Pts',(2.6922991474175,-6.65,9.38382304146364));
#5510=CARTESIAN_POINT('Ctrl Pts',(2.53535713375162,-6.65,9.39828493626086));
#5511=CARTESIAN_POINT('Ctrl Pts',(2.37841512008571,-6.65,9.41274683105809));
#5512=CARTESIAN_POINT('Ctrl Pts',(2.22592544655091,-6.65,9.42528698537541));
#5513=CARTESIAN_POINT('Ctrl Pts',(2.07793786180704,-6.65,9.43609462179594));
#5514=CARTESIAN_POINT('Ctrl Pts',(1.92995027706317,-6.65,9.44690225821648));
#5515=CARTESIAN_POINT('Ctrl Pts',(1.78646478111022,-6.65,9.45597737674023));
#5516=CARTESIAN_POINT('Ctrl Pts',(1.64749289114579,-6.65,9.463544636166));
#5517=CARTESIAN_POINT('Ctrl Pts',(1.50852100118135,-6.65,9.47111189559177));
#5518=CARTESIAN_POINT('Ctrl Pts',(1.37406271720542,-6.65,9.47717129591956));
#5519=CARTESIAN_POINT('Ctrl Pts',(1.24409132495333,-6.65,9.48198293216383));
#5520=CARTESIAN_POINT('Ctrl Pts',(1.11411993270125,-6.65,9.4867945684081));
#5521=CARTESIAN_POINT('Ctrl Pts',(0.988635432173015,-6.65,9.49035844056885));
#5522=CARTESIAN_POINT('Ctrl Pts',(0.867572877641695,-6.65,9.49297007987621));
#5523=CARTESIAN_POINT('Ctrl Pts',(0.746510323110404,-6.65,9.49558171918358));
#5524=CARTESIAN_POINT('Ctrl Pts',(0.629869714576029,-6.65,9.49724112563756));
#5525=CARTESIAN_POINT('Ctrl Pts',(0.517547874849402,-6.65,9.49827926668396));
#5526=CARTESIAN_POINT('Ctrl Pts',(0.405226035122758,-6.65,9.49931740773036));
#5527=CARTESIAN_POINT('Ctrl Pts',(0.297222964203862,-6.65,9.49973428336917));
#5528=CARTESIAN_POINT('Ctrl Pts',(0.193397253441293,-6.65,9.49989629726187));
#5529=CARTESIAN_POINT('Ctrl Pts',(0.127251671828601,-6.65,9.49999951353733));
#5530=CARTESIAN_POINT('Ctrl Pts',(0.0628008062566941,-6.65,9.50000000000031));
#5531=CARTESIAN_POINT('Ctrl Pts',(0.,-6.65,9.50000000000031));
#5532=CARTESIAN_POINT('Origin',(-5.28570665752097,0.,-4.4352345068371));
#5533=CARTESIAN_POINT('',(-5.28570665752097,4.15,-4.4352345068371));
#5534=CARTESIAN_POINT('',(-7.27742220963032,4.15,-6.10648229202209));
#5535=CARTESIAN_POINT('',(-3.01937191746885,4.15,-2.53355386233512));
#5536=CARTESIAN_POINT('',(-5.28570665752097,6.65,-4.43523450683709));
#5537=CARTESIAN_POINT('',(-5.28570665752097,0.,-4.4352345068371));
#5538=CARTESIAN_POINT('',(-7.27742220963032,6.65,-6.10648229202209));
#5539=CARTESIAN_POINT('',(0.,6.65,0.));
#5540=CARTESIAN_POINT('',(-7.27742220963033,-9.,-6.10648229202209));
#5541=CARTESIAN_POINT('Origin',(0.,0.,0.));
#5542=CARTESIAN_POINT('',(0.,4.15,6.9));
#5543=CARTESIAN_POINT('',(-5.54977477018216,4.15,4.10000000003044));
#5544=CARTESIAN_POINT('Origin',(0.,4.15,0.));
#5545=CARTESIAN_POINT('',(0.,6.65,6.9));
#5546=CARTESIAN_POINT('',(0.,0.,6.9));
#5547=CARTESIAN_POINT('',(-5.54977477018216,6.65,4.10000000003044));
#5548=CARTESIAN_POINT('Origin',(0.,6.65,0.));
#5549=CARTESIAN_POINT('',(-5.54977477018216,0.,4.10000000003044));
#5550=CARTESIAN_POINT('Origin',(0.,0.,0.));
#5551=CARTESIAN_POINT('',(-5.54977477020482,4.15,-4.09999999999976));
#5552=CARTESIAN_POINT('Origin',(0.,4.15,0.));
#5553=CARTESIAN_POINT('',(-5.54977477020482,6.65,-4.09999999999976));
#5554=CARTESIAN_POINT('',(-5.54977477020482,0.,-4.09999999999976));
#5555=CARTESIAN_POINT('Origin',(0.,6.65,0.));
#5556=CARTESIAN_POINT('Origin',(0.,0.,0.));
#5557=CARTESIAN_POINT('',(-5.54977477020482,-4.15,-4.09999999999976));
#5558=CARTESIAN_POINT('',(-5.54977477020482,0.,-4.09999999999976));
#5559=CARTESIAN_POINT('',(-5.28570665752097,-4.15,-4.4352345068371));
#5560=CARTESIAN_POINT('Origin',(0.,-4.15,0.));
#5561=CARTESIAN_POINT('',(-5.28570665752097,0.,-4.4352345068371));
#5562=CARTESIAN_POINT('Origin',(3.2,0.,5.54256258422041));
#5563=CARTESIAN_POINT('',(3.2,6.65,5.54256258422041));
#5564=CARTESIAN_POINT('',(1.48843754721844,4.15,6.26860599448578));
#5565=CARTESIAN_POINT('Origin',(-2.00758622134928,6.65,1.69675885398896));
#5566=CARTESIAN_POINT('',(2.77555756156289E-15,6.65,9.5));
#5567=CARTESIAN_POINT('Ctrl Pts',(0.,6.65,9.50000000000031));
#5568=CARTESIAN_POINT('Ctrl Pts',(0.0985755690265534,6.65,9.50000000000031));
#5569=CARTESIAN_POINT('Ctrl Pts',(0.201218472286014,6.65,9.49999704698233));
#5570=CARTESIAN_POINT('Ctrl Pts',(0.308094475039429,6.65,9.499602161479));
#5571=CARTESIAN_POINT('Ctrl Pts',(0.41497047779284,6.65,9.49920727597567));
#5572=CARTESIAN_POINT('Ctrl Pts',(0.526079580040206,6.65,9.49842045798699));
#5573=CARTESIAN_POINT('Ctrl Pts',(0.641549315580325,6.65,9.49688816426122));
#5574=CARTESIAN_POINT('Ctrl Pts',(0.75701905112047,6.65,9.49535587053546));
#5575=CARTESIAN_POINT('Ctrl Pts',(0.876849419953371,6.65,9.49307810107262));
#5576=CARTESIAN_POINT('Ctrl Pts',(1.00112972441558,6.65,9.48973674883666));
#5577=CARTESIAN_POINT('Ctrl Pts',(1.12541002887781,6.65,9.48639539660069));
#5578=CARTESIAN_POINT('Ctrl Pts',(1.25414026896935,6.65,9.4819904615916));
#5579=CARTESIAN_POINT('Ctrl Pts',(1.38737151556449,6.65,9.47623927298899));
#5580=CARTESIAN_POINT('Ctrl Pts',(1.52060276215959,6.65,9.47048808438639));
#5581=CARTESIAN_POINT('Ctrl Pts',(1.65833501525829,6.65,9.46339064219028));
#5582=CARTESIAN_POINT('Ctrl Pts',(1.80058111427264,6.65,9.45469971179594));
#5583=CARTESIAN_POINT('Ctrl Pts',(1.942827213287,6.65,9.4460087814016));
#5584=CARTESIAN_POINT('Ctrl Pts',(2.08958715821702,6.65,9.43572436280904));
#5585=CARTESIAN_POINT('Ctrl Pts',(2.24083555701248,6.65,9.4236346576292));
#5586=CARTESIAN_POINT('Ctrl Pts',(2.39208395580794,6.65,9.41154495244936));
#5587=CARTESIAN_POINT('Ctrl Pts',(2.54782080846884,6.65,9.39764996068224));
#5588=CARTESIAN_POINT('Ctrl Pts',(2.70798249148275,6.65,9.38177332015447));
#5589=CARTESIAN_POINT('Ctrl Pts',(2.86814417449668,6.65,9.36589667962669));
#5590=CARTESIAN_POINT('Ctrl Pts',(3.03273068786361,6.65,9.34803839033826));
#5591=CARTESIAN_POINT('Ctrl Pts',(3.20164017660885,6.65,9.32805752633145));
#5592=CARTESIAN_POINT('Ctrl Pts',(3.37054966535403,6.65,9.30807666232465));
#5593=CARTESIAN_POINT('Ctrl Pts',(3.54378212947752,6.65,9.28597322359948));
#5594=CARTESIAN_POINT('Ctrl Pts',(3.72119748254236,6.65,9.26164172041388));
#5595=CARTESIAN_POINT('Ctrl Pts',(3.89861283560739,6.65,9.23731021722827));
#5596=CARTESIAN_POINT('Ctrl Pts',(4.08021107761378,6.65,9.21075064958222));
#5597=CARTESIAN_POINT('Ctrl Pts',(4.26581389066234,6.65,9.18189296394937));
#5598=CARTESIAN_POINT('Ctrl Pts',(4.45141670371071,6.65,9.15303527831656));
#5599=CARTESIAN_POINT('Ctrl Pts',(4.64102408780124,6.65,9.12187947469694));
#5600=CARTESIAN_POINT('Ctrl Pts',(4.83441949357247,6.65,9.08839093577981));
#5601=CARTESIAN_POINT('Ctrl Pts',(4.95762839339102,6.65,9.06705596135238));
#5602=CARTESIAN_POINT('Ctrl Pts',(5.08237398665966,6.65,9.04477490105536));
#5603=CARTESIAN_POINT('Ctrl Pts',(5.20859218708797,6.65,9.02154630394268));
#5604=CARTESIAN_POINT('',(-8.56971411422901,6.65,4.10000000004684));
#5605=CARTESIAN_POINT('Origin',(0.,6.65,0.));
#5606=CARTESIAN_POINT('',(-1.79499698265098,6.65,4.10000000001005));
#5607=CARTESIAN_POINT('Origin',(-2.00758622134928,6.65,1.69675885398896));
#5608=CARTESIAN_POINT('',(-8.56971411425152,6.65,-4.0999999999998));
#5609=CARTESIAN_POINT('',(-5.28865016780037,6.65,-4.09999999999976));
#5610=CARTESIAN_POINT('Origin',(0.,6.65,0.));
#5611=CARTESIAN_POINT('Origin',(-5.28570665752097,0.,-4.4352345068371));
#5612=CARTESIAN_POINT('',(-7.27742220963032,-4.15,-6.10648229202209));
#5613=CARTESIAN_POINT('',(-3.01937191746885,-4.15,-2.53355386233512));
#5614=CARTESIAN_POINT('',(-7.27742220963033,-9.,-6.10648229202209));
#5615=CARTESIAN_POINT('Origin',(0.,0.,0.));
#5616=CARTESIAN_POINT('',(-5.54977477018216,-4.15,4.10000000003044));
#5617=CARTESIAN_POINT('',(0.,-4.15,6.9));
#5618=CARTESIAN_POINT('Origin',(0.,-4.15,0.));
#5619=CARTESIAN_POINT('',(-5.54977477018216,0.,4.10000000003044));
#5620=CARTESIAN_POINT('',(0.,0.,6.9));
#5621=CARTESIAN_POINT('Origin',(3.2,0.,5.54256258422041));
#5622=CARTESIAN_POINT('',(1.48843754721844,-4.15,6.26860599448578));
#5623=CARTESIAN_POINT('Origin',(3.89315030716645,-2.65,9.25686586649484));
#5624=CARTESIAN_POINT('',(5.83017261334276,-2.65,8.90184481680123));
#5625=CARTESIAN_POINT('Ctrl Pts',(5.20859218708598,-3.74838205962839,9.02154630394305));
#5626=CARTESIAN_POINT('Ctrl Pts',(5.29265959190257,-3.68786815996437,9.00607493871865));
#5627=CARTESIAN_POINT('Ctrl Pts',(5.37171263905834,-3.6203309064279,8.99122386641219));
#5628=CARTESIAN_POINT('Ctrl Pts',(5.44363118410792,-3.54588676269954,8.97751793703328));
#5629=CARTESIAN_POINT('Ctrl Pts',(5.47634190293539,-3.51202732557979,8.97128406784316));
#5630=CARTESIAN_POINT('Ctrl Pts',(5.50757612354434,-3.47673905720435,8.96528761527908));
#5631=CARTESIAN_POINT('Ctrl Pts',(5.5371327040158,-3.44003291574481,8.9595797181213));
#5632=CARTESIAN_POINT('Ctrl Pts',(5.59992211306131,-3.36205512217663,8.94745397543684));
#5633=CARTESIAN_POINT('Ctrl Pts',(5.65476772639815,-3.27810261393488,8.93670298564402));
#5634=CARTESIAN_POINT('Ctrl Pts',(5.69952459922313,-3.18888891560974,8.927865591054));
#5635=CARTESIAN_POINT('Ctrl Pts',(5.72670095075626,-3.134718401134,8.92249952933305));
#5636=CARTESIAN_POINT('Ctrl Pts',(5.75015792056521,-3.0786081318959,8.9178389733584));
#5637=CARTESIAN_POINT('Ctrl Pts',(5.76942426055478,-3.02071784403915,8.9139993988232));
#5638=CARTESIAN_POINT('Ctrl Pts',(5.79277586721293,-2.9505524035824,8.90934567453881));
#5639=CARTESIAN_POINT('Ctrl Pts',(5.80958444213814,-2.87890975060388,8.90597615045274));
#5640=CARTESIAN_POINT('Ctrl Pts',(5.81951803523915,-2.80632639070663,8.90398353237564));
#5641=CARTESIAN_POINT('Ctrl Pts',(5.82659306100859,-2.75463017801864,8.90256432543806));
#5642=CARTESIAN_POINT('Ctrl Pts',(5.83018137670441,-2.70245676838277,8.90184305650241));
#5643=CARTESIAN_POINT('Ctrl Pts',(5.83017643769589,-2.64999999994203,8.9018440486025));
#5644=CARTESIAN_POINT('',(6.83440250823937,-2.65,7.1624676163576));
#5645=CARTESIAN_POINT('',(5.19218841284369,-2.65,10.0068658664938));
#5646=CARTESIAN_POINT('',(5.64757838279382,-4.15,6.21810730127745));
#5647=CARTESIAN_POINT('Ctrl Pts',(5.64757838279382,-4.15,6.21810730127745));
#5648=CARTESIAN_POINT('Ctrl Pts',(5.64918216935548,-4.15,6.21940030332998));
#5649=CARTESIAN_POINT('Ctrl Pts',(5.65078599110771,-4.14999585706163,6.2206932586477));
#5650=CARTESIAN_POINT('Ctrl Pts',(5.73234663191406,-4.1495744898611,6.28644130422038));
#5651=CARTESIAN_POINT('Ctrl Pts',(5.81217448554144,-4.13886561627449,6.35060437609748));
#5652=CARTESIAN_POINT('Ctrl Pts',(5.96900173367371,-4.09715593444329,6.47632159370587));
#5653=CARTESIAN_POINT('Ctrl Pts',(6.04562870505547,-4.06627940953437,6.53757802047717));
#5654=CARTESIAN_POINT('Ctrl Pts',(6.26054087313048,-3.94819889816749,6.70898195871852));
#5655=CARTESIAN_POINT('Ctrl Pts',(6.38897574226212,-3.83639348649515,6.81089192975594));
#5656=CARTESIAN_POINT('Ctrl Pts',(6.60405277934622,-3.55762320328008,6.98107852393385));
#5657=CARTESIAN_POINT('Ctrl Pts',(6.68905419903502,-3.39391220065714,7.0480751612647));
#5658=CARTESIAN_POINT('Ctrl Pts',(6.80467030311191,-3.03496673256928,7.13911312613059));
#5659=CARTESIAN_POINT('Ctrl Pts',(6.83440250823937,-2.84346086002714,7.16246761635761));
#5660=CARTESIAN_POINT('Ctrl Pts',(6.83440250823937,-2.65,7.16246761635761));
#5661=CARTESIAN_POINT('',(3.89315030716645,-4.15,9.25686586649484));
#5662=CARTESIAN_POINT('Origin',(0.,-9.,0.));
#5663=CARTESIAN_POINT('',(-8.56971411422901,-7.5,4.10000000004684));
#5664=CARTESIAN_POINT('',(-8.56971411422901,0.,4.10000000004684));
#5665=CARTESIAN_POINT('',(1.66533453693773E-15,-7.5,9.49999999998483));
#5666=CARTESIAN_POINT('Origin',(0.,-7.5,0.));
#5667=CARTESIAN_POINT('',(1.66533453693773E-15,0.,9.49999999998483));
#5668=CARTESIAN_POINT('Origin',(-8.56971411425152,0.,-4.0999999999998));
#5669=CARTESIAN_POINT('',(-8.56971411425152,-7.5,-4.0999999999998));
#5670=CARTESIAN_POINT('',(-8.56971411425152,0.,-4.0999999999998));
#5671=CARTESIAN_POINT('',(-8.53610575911055,-7.8,-4.0999999999998));
#5672=CARTESIAN_POINT('Ctrl Pts',(-8.53610575911054,-7.8,-4.0999999999998));
#5673=CARTESIAN_POINT('Ctrl Pts',(-8.55894572364117,-7.6991386226216,-4.0999999999998));
#5674=CARTESIAN_POINT('Ctrl Pts',(-8.56971411425152,-7.59496403721827,-4.0999999999998));
#5675=CARTESIAN_POINT('Ctrl Pts',(-8.56971411425152,-7.5,-4.0999999999998));
#5676=CARTESIAN_POINT('',(-1.58240774396189,-7.8,-4.09999999999971));
#5677=CARTESIAN_POINT('',(-5.63485705713628,-7.8,-4.09999999999976));
#5678=CARTESIAN_POINT('',(-1.58240774396189,-4.15,-4.09999999999971));
#5679=CARTESIAN_POINT('',(-1.58240774396189,0.,-4.09999999999971));
#5680=CARTESIAN_POINT('',(-5.55980771265503,-4.15,-4.09999999999976));
#5681=CARTESIAN_POINT('Origin',(0.,-9.,0.));
#5682=CARTESIAN_POINT('',(4.75,-4.15,-8.22724133595217));
#5683=CARTESIAN_POINT('Origin',(0.,-4.15,0.));
#5684=CARTESIAN_POINT('',(4.75,-7.5,-8.22724133595217));
#5685=CARTESIAN_POINT('',(4.75,0.,-8.22724133595217));
#5686=CARTESIAN_POINT('Origin',(0.,-7.5,0.));
#5687=CARTESIAN_POINT('Origin',(0.,-9.,0.));
#5688=CARTESIAN_POINT('',(-8.56971411425152,7.5,-4.0999999999998));
#5689=CARTESIAN_POINT('',(-8.56971411425152,0.,-4.0999999999998));
#5690=CARTESIAN_POINT('',(4.75,7.5,-8.22724133595217));
#5691=CARTESIAN_POINT('Origin',(0.,7.5,0.));
#5692=CARTESIAN_POINT('',(4.75,4.15,-8.22724133595217));
#5693=CARTESIAN_POINT('',(4.75,0.,-8.22724133595217));
#5694=CARTESIAN_POINT('Origin',(0.,4.15,0.));
#5695=CARTESIAN_POINT('Origin',(-8.56971411425152,0.,-4.0999999999998));
#5696=CARTESIAN_POINT('',(-1.58240774396189,4.15,-4.09999999999971));
#5697=CARTESIAN_POINT('',(-5.55980771265503,4.15,-4.09999999999976));
#5698=CARTESIAN_POINT('',(-1.58240774396189,7.8,-4.09999999999971));
#5699=CARTESIAN_POINT('',(-1.58240774396189,0.,-4.09999999999971));
#5700=CARTESIAN_POINT('',(-8.53610575911055,7.8,-4.0999999999998));
#5701=CARTESIAN_POINT('',(-5.63485705713628,7.8,-4.09999999999976));
#5702=CARTESIAN_POINT('Ctrl Pts',(-8.56971411425152,7.5,-4.0999999999998));
#5703=CARTESIAN_POINT('Ctrl Pts',(-8.56971411425152,7.59496403721827,-4.0999999999998));
#5704=CARTESIAN_POINT('Ctrl Pts',(-8.55894572364117,7.6991386226216,-4.0999999999998));
#5705=CARTESIAN_POINT('Ctrl Pts',(-8.53610575911054,7.8,-4.0999999999998));
#5706=CARTESIAN_POINT('Origin',(-1.58240774396573,0.,4.1000000000089));
#5707=CARTESIAN_POINT('',(-8.56971411422901,7.5,4.10000000004684));
#5708=CARTESIAN_POINT('',(-8.56971411422901,0.,4.10000000004684));
#5709=CARTESIAN_POINT('',(-8.53610575908804,7.8,4.10000000004665));
#5710=CARTESIAN_POINT('Ctrl Pts',(-8.53610575908804,7.8,4.10000000004665));
#5711=CARTESIAN_POINT('Ctrl Pts',(-8.55894572361867,7.6991386226216,4.10000000004678));
#5712=CARTESIAN_POINT('Ctrl Pts',(-8.56971411422901,7.59496403721827,4.10000000004684));
#5713=CARTESIAN_POINT('Ctrl Pts',(-8.56971411422901,7.5,4.10000000004684));
#5714=CARTESIAN_POINT('',(-1.58240774396573,7.8,4.1000000000089));
#5715=CARTESIAN_POINT('',(-1.3500000000094,7.8,4.10000000000764));
#5716=CARTESIAN_POINT('',(-1.58240774396573,4.15,4.1000000000089));
#5717=CARTESIAN_POINT('',(-1.58240774396573,0.,4.1000000000089));
#5718=CARTESIAN_POINT('',(-2.06615452750514,4.15,4.10000000001152));
#5719=CARTESIAN_POINT('Origin',(0.,-9.,0.));
#5720=CARTESIAN_POINT('',(6.11788059511643E-13,7.5,9.50000000000026));
#5721=CARTESIAN_POINT('',(1.66533453693773E-15,0.,9.49999999998483));
#5722=CARTESIAN_POINT('Origin',(0.,7.5,0.));
#5723=CARTESIAN_POINT('Ctrl Pts',(0.,-9.,9.50000000000031));
#5724=CARTESIAN_POINT('Ctrl Pts',(0.,9.,9.50000000000031));
#5725=CARTESIAN_POINT('Ctrl Pts',(2.54551732808367,-9.,9.50000000000031));
#5726=CARTESIAN_POINT('Ctrl Pts',(2.54551732808367,9.,9.50000000000031));
#5727=CARTESIAN_POINT('Ctrl Pts',(7.5,-9.,9.50000000000031));
#5728=CARTESIAN_POINT('Ctrl Pts',(7.5,9.,9.50000000000031));
#5729=CARTESIAN_POINT('Ctrl Pts',(16.75,-9.,5.34999999999995));
#5730=CARTESIAN_POINT('Ctrl Pts',(16.75,9.,5.34999999999995));
#5731=CARTESIAN_POINT('Ctrl Pts',(18.75,-9.,5.35));
#5732=CARTESIAN_POINT('Ctrl Pts',(18.75,9.,5.35));
#5733=CARTESIAN_POINT('',(4.43843140173303,-7.5,9.15457582314669));
#5734=CARTESIAN_POINT('Ctrl Pts',(4.43843140173303,-7.5,9.15457582314669));
#5735=CARTESIAN_POINT('Ctrl Pts',(3.8152276099523,-7.5,9.25491241027535));
#5736=CARTESIAN_POINT('Ctrl Pts',(2.76252623882437,-7.5,9.39337678596543));
#5737=CARTESIAN_POINT('Ctrl Pts',(1.26100148617594,-7.5,9.49367890969604));
#5738=CARTESIAN_POINT('Ctrl Pts',(0.401632008286972,-7.5,9.50000000000031));
#5739=CARTESIAN_POINT('Ctrl Pts',(2.22044604925031E-15,-7.5,9.50000000000031));
#5740=CARTESIAN_POINT('',(9.19368157942309,-7.36997118573643,8.10012915083282));
#5741=CARTESIAN_POINT('Ctrl Pts',(9.19368157942309,-7.36997118573643,8.10012915083282));
#5742=CARTESIAN_POINT('Ctrl Pts',(7.6436319007493,-7.44834760362307,8.51924482405845));
#5743=CARTESIAN_POINT('Ctrl Pts',(6.06551804729431,-7.49999999999977,8.89261284549575));
#5744=CARTESIAN_POINT('Ctrl Pts',(4.43843140173303,-7.5,9.15457582314669));
#5745=CARTESIAN_POINT('',(10.2364681691651,-2.5941811358199,7.80987198077862));
#5746=CARTESIAN_POINT('Ctrl Pts',(9.19368157942309,-7.36997118573643,8.10012915083282));
#5747=CARTESIAN_POINT('Ctrl Pts',(9.43706028301279,-7.09566309589832,8.03432233792405));
#5748=CARTESIAN_POINT('Ctrl Pts',(9.65083654589598,-6.7939481268527,7.97511231882083));
#5749=CARTESIAN_POINT('Ctrl Pts',(10.1388927380601,-5.91051081031609,7.83838438001015));
#5750=CARTESIAN_POINT('Ctrl Pts',(10.3389833357608,-5.29551241945347,7.78053448239499));
#5751=CARTESIAN_POINT('Ctrl Pts',(10.492596440997,-4.03501942519905,7.73624884557758));
#5752=CARTESIAN_POINT('Ctrl Pts',(10.4509192625464,-3.40577099134552,7.74841962974991));
#5753=CARTESIAN_POINT('Ctrl Pts',(10.2766829391042,-2.73141080453318,7.79836675131892));
#5754=CARTESIAN_POINT('Ctrl Pts',(10.2572934832037,-2.66252523543101,7.80391853594727));
#5755=CARTESIAN_POINT('Ctrl Pts',(10.2364681691651,-2.5941811358199,7.80987198077862));
#5756=CARTESIAN_POINT('',(10.2364681691524,2.59418113581896,7.80987198078226));
#5757=CARTESIAN_POINT('Ctrl Pts',(10.2364681691699,-2.59418113581978,7.80987198077724));
#5758=CARTESIAN_POINT('Ctrl Pts',(9.98572291005467,-1.77129035327892,7.88155388022396));
#5759=CARTESIAN_POINT('Ctrl Pts',(9.85514563857145,-0.914626134704109,7.91787117237313));
#5760=CARTESIAN_POINT('Ctrl Pts',(9.84495247914346,0.846155492675077,7.92072973486263));
#5761=CARTESIAN_POINT('Ctrl Pts',(9.97567666496381,1.73832078682067,7.88442585448565));
#5762=CARTESIAN_POINT('Ctrl Pts',(10.2364681691697,2.59418113581892,7.80987198077731));
#5763=CARTESIAN_POINT('',(9.19368157941585,7.3699711857368,8.10012915083478));
#5764=CARTESIAN_POINT('Ctrl Pts',(10.2364681691524,2.59418113581896,7.80987198078226));
#5765=CARTESIAN_POINT('Ctrl Pts',(10.3485994058796,2.96217118860391,7.77781641943576));
#5766=CARTESIAN_POINT('Ctrl Pts',(10.4183699083544,3.34341000351008,7.75765192468875));
#5767=CARTESIAN_POINT('Ctrl Pts',(10.4834422277761,4.3552164556932,7.73886938975513));
#5768=CARTESIAN_POINT('Ctrl Pts',(10.4059943130361,4.98033558808759,7.76145865772167));
#5769=CARTESIAN_POINT('Ctrl Pts',(10.0235553666458,6.17641863316595,7.8706820887713));
#5770=CARTESIAN_POINT('Ctrl Pts',(9.71985825453231,6.73301956381275,7.95689947288934));
#5771=CARTESIAN_POINT('Ctrl Pts',(9.28145721074442,7.26902105717791,8.0763481157103));
#5772=CARTESIAN_POINT('Ctrl Pts',(9.23804442356523,7.3199705617754,8.08813394606962));
#5773=CARTESIAN_POINT('Ctrl Pts',(9.19368157941585,7.3699711857368,8.10012915083478));
#5774=CARTESIAN_POINT('',(4.43843140173303,7.5,9.15457582314669));
#5775=CARTESIAN_POINT('Ctrl Pts',(4.43843140173304,7.5,9.15457582314669));
#5776=CARTESIAN_POINT('Ctrl Pts',(6.06551804729177,7.49999999999977,8.89261284549616));
#5777=CARTESIAN_POINT('Ctrl Pts',(7.64363190074438,7.44834760362324,8.51924482405959));
#5778=CARTESIAN_POINT('Ctrl Pts',(9.19368157941585,7.3699711857368,8.10012915083478));
#5779=CARTESIAN_POINT('Ctrl Pts',(1.66533453693773E-15,7.5,9.50000000000031));
#5780=CARTESIAN_POINT('Ctrl Pts',(0.401632008286712,7.5,9.50000000000031));
#5781=CARTESIAN_POINT('Ctrl Pts',(1.2610014861751,7.5,9.49367890969606));
#5782=CARTESIAN_POINT('Ctrl Pts',(2.76252623882258,7.5,9.39337678596559));
#5783=CARTESIAN_POINT('Ctrl Pts',(3.81522760994986,7.5,9.25491241027569));
#5784=CARTESIAN_POINT('Ctrl Pts',(4.43843140173021,7.5,9.15457582314715));
#5785=CARTESIAN_POINT('',(5.83017261334276,2.65,8.90184481680123));
#5786=CARTESIAN_POINT('Ctrl Pts',(5.83017261334276,2.65,8.90184481680123));
#5787=CARTESIAN_POINT('Ctrl Pts',(5.83017261334276,2.6717986223002,8.90184481680123));
#5788=CARTESIAN_POINT('Ctrl Pts',(5.829551970418,2.69364617648896,8.9019695007165));
#5789=CARTESIAN_POINT('Ctrl Pts',(5.81931058365878,2.87295988388507,8.90402619358063));
#5790=CARTESIAN_POINT('Ctrl Pts',(5.77821744592544,3.02490327745404,8.91230651576586));
#5791=CARTESIAN_POINT('Ctrl Pts',(5.62598254156391,3.34313183886949,8.94240924179454));
#5792=CARTESIAN_POINT('Ctrl Pts',(5.50329880496176,3.4979392136255,8.96638749852773));
#5793=CARTESIAN_POINT('Ctrl Pts',(5.31062855130994,3.67085999630968,9.00265293264858));
#5794=CARTESIAN_POINT('Ctrl Pts',(5.26059920563937,3.71094412247772,9.0119751796765));
#5795=CARTESIAN_POINT('Ctrl Pts',(5.20859218703835,3.74838205966224,9.02154630395181));
#5796=CARTESIAN_POINT('Ctrl Pts',(5.83017261334276,2.65,8.90184481680123));
#5797=CARTESIAN_POINT('Ctrl Pts',(5.83017261334276,0.883333333333339,8.90184481680123));
#5798=CARTESIAN_POINT('Ctrl Pts',(5.83017261334276,-0.883333333333322,8.90184481680123));
#5799=CARTESIAN_POINT('Ctrl Pts',(5.83017261334276,-2.64999999999998,8.90184481680123));
#5800=CARTESIAN_POINT('Ctrl Pts',(13.0783686041832,1.42749011516571,19.011));
#5801=CARTESIAN_POINT('Ctrl Pts',(13.0783686041832,1.42749011516571,4.85));
#5802=CARTESIAN_POINT('Ctrl Pts',(13.0633630885588,1.46162681133978,19.011));
#5803=CARTESIAN_POINT('Ctrl Pts',(13.0633630885588,1.46162681133978,4.85));
#5804=CARTESIAN_POINT('Ctrl Pts',(13.0341735526267,1.52803134847905,19.011));
#5805=CARTESIAN_POINT('Ctrl Pts',(13.0341735526267,1.52803134847905,4.85));
#5806=CARTESIAN_POINT('Ctrl Pts',(12.9771647305312,1.5727517523865,19.011));
#5807=CARTESIAN_POINT('Ctrl Pts',(12.9771647305312,1.5727517523865,4.85));
#5808=CARTESIAN_POINT('Ctrl Pts',(12.9494625329971,1.59448266029358,19.011));
#5809=CARTESIAN_POINT('Ctrl Pts',(12.9494625329971,1.59448266029358,4.85));
#5810=CARTESIAN_POINT('',(13.0783686041832,1.42749011516571,5.35));
#5811=CARTESIAN_POINT('',(12.9494625329971,1.59448266029358,5.35));
#5812=CARTESIAN_POINT('Ctrl Pts',(13.0783686041832,1.42749011516571,5.35));
#5813=CARTESIAN_POINT('Ctrl Pts',(13.0633630885588,1.46162681133978,5.35));
#5814=CARTESIAN_POINT('Ctrl Pts',(13.0483575729344,1.49576350751385,5.35));
#5815=CARTESIAN_POINT('Ctrl Pts',(13.0260002613068,1.52416974306107,5.35));
#5816=CARTESIAN_POINT('Ctrl Pts',(13.0048669280653,1.55102084447943,5.35));
#5817=CARTESIAN_POINT('Ctrl Pts',(12.9771647305312,1.5727517523865,5.35));
#5818=CARTESIAN_POINT('Ctrl Pts',(12.9494625329971,1.59448266029358,5.35));
#5819=CARTESIAN_POINT('',(13.0783686041832,1.42749011516571,4.85));
#5820=CARTESIAN_POINT('',(13.0783686041832,1.42749011516571,5.35));
#5821=CARTESIAN_POINT('',(12.9494625329971,1.59448266029358,4.85));
#5822=CARTESIAN_POINT('Ctrl Pts',(13.0783686041832,1.42749011516571,4.85));
#5823=CARTESIAN_POINT('Ctrl Pts',(13.0633630885588,1.46162681133978,4.85));
#5824=CARTESIAN_POINT('Ctrl Pts',(13.0341735526267,1.52803134847905,4.85));
#5825=CARTESIAN_POINT('Ctrl Pts',(12.9771647305312,1.5727517523865,4.85));
#5826=CARTESIAN_POINT('Ctrl Pts',(12.9494625329971,1.59448266029358,4.85));
#5827=CARTESIAN_POINT('',(12.9494625329971,1.59448266029358,5.35));
#5828=CARTESIAN_POINT('Ctrl Pts',(12.9494625329971,1.59448266029358,19.011));
#5829=CARTESIAN_POINT('Ctrl Pts',(12.9494625329971,1.59448266029358,4.85));
#5830=CARTESIAN_POINT('Ctrl Pts',(12.9193442285874,1.61114512478553,19.011));
#5831=CARTESIAN_POINT('Ctrl Pts',(12.9193442285874,1.61114512478553,4.85));
#5832=CARTESIAN_POINT('Ctrl Pts',(12.8593266298573,1.64434888998191,19.011));
#5833=CARTESIAN_POINT('Ctrl Pts',(12.8593266298573,1.64434888998191,4.85));
#5834=CARTESIAN_POINT('Ctrl Pts',(12.7909158121932,1.64919641177105,19.011));
#5835=CARTESIAN_POINT('Ctrl Pts',(12.7909158121932,1.64919641177105,4.85));
#5836=CARTESIAN_POINT('Ctrl Pts',(12.7568352222443,1.651611328125,19.011));
#5837=CARTESIAN_POINT('Ctrl Pts',(12.7568352222443,1.651611328125,4.85));
#5838=CARTESIAN_POINT('',(12.7568352222443,1.651611328125,5.35));
#5839=CARTESIAN_POINT('Ctrl Pts',(12.9494625329971,1.59448266029358,5.35));
#5840=CARTESIAN_POINT('Ctrl Pts',(12.9193442285874,1.61114512478553,5.35));
#5841=CARTESIAN_POINT('Ctrl Pts',(12.8892259241777,1.62780758927747,5.35));
#5842=CARTESIAN_POINT('Ctrl Pts',(12.8569939732552,1.63732916116714,5.35));
#5843=CARTESIAN_POINT('Ctrl Pts',(12.8249964021421,1.6467814954171,5.35));
#5844=CARTESIAN_POINT('Ctrl Pts',(12.7909158121932,1.64919641177105,5.35));
#5845=CARTESIAN_POINT('Ctrl Pts',(12.7568352222443,1.651611328125,5.35));
#5846=CARTESIAN_POINT('',(12.7568352222443,1.651611328125,4.85));
#5847=CARTESIAN_POINT('Ctrl Pts',(12.9494625329971,1.59448266029358,4.85));
#5848=CARTESIAN_POINT('Ctrl Pts',(12.9193442285874,1.61114512478553,4.85));
#5849=CARTESIAN_POINT('Ctrl Pts',(12.8593266298573,1.64434888998191,4.85));
#5850=CARTESIAN_POINT('Ctrl Pts',(12.7909158121932,1.64919641177105,4.85));
#5851=CARTESIAN_POINT('Ctrl Pts',(12.7568352222443,1.651611328125,4.85));
#5852=CARTESIAN_POINT('',(12.7568352222443,1.651611328125,5.35));
#5853=CARTESIAN_POINT('Ctrl Pts',(12.7568352222443,1.651611328125,19.011));
#5854=CARTESIAN_POINT('Ctrl Pts',(12.7568352222443,1.651611328125,4.85));
#5855=CARTESIAN_POINT('Ctrl Pts',(12.7084547790591,1.64716260966298,19.011));
#5856=CARTESIAN_POINT('Ctrl Pts',(12.7084547790591,1.64716260966298,4.85));
#5857=CARTESIAN_POINT('Ctrl Pts',(12.6125128174545,1.63834047518522,19.011));
#5858=CARTESIAN_POINT('Ctrl Pts',(12.6125128174545,1.63834047518522,4.85));
#5859=CARTESIAN_POINT('Ctrl Pts',(12.5415338549245,1.57327202893396,19.011));
#5860=CARTESIAN_POINT('Ctrl Pts',(12.5415338549245,1.57327202893396,4.85));
#5861=CARTESIAN_POINT('Ctrl Pts',(12.5063472986221,1.54101550579071,19.011));
#5862=CARTESIAN_POINT('Ctrl Pts',(12.5063472986221,1.54101550579071,4.85));
#5863=CARTESIAN_POINT('',(12.5063472986221,1.54101550579071,5.35));
#5864=CARTESIAN_POINT('Ctrl Pts',(12.7568352222443,1.651611328125,5.35));
#5865=CARTESIAN_POINT('Ctrl Pts',(12.7084547790591,1.64716260966298,5.35));
#5866=CARTESIAN_POINT('Ctrl Pts',(12.660074335874,1.64271389120097,5.35));
#5867=CARTESIAN_POINT('Ctrl Pts',(12.6180416345596,1.62396252155304,5.35));
#5868=CARTESIAN_POINT('Ctrl Pts',(12.576720411227,1.60552855207722,5.35));
#5869=CARTESIAN_POINT('Ctrl Pts',(12.5415338549245,1.57327202893396,5.35));
#5870=CARTESIAN_POINT('Ctrl Pts',(12.5063472986221,1.54101550579071,5.35));
#5871=CARTESIAN_POINT('',(12.5063472986221,1.54101550579071,4.85));
#5872=CARTESIAN_POINT('Ctrl Pts',(12.7568352222443,1.651611328125,4.85));
#5873=CARTESIAN_POINT('Ctrl Pts',(12.7084547790591,1.64716260966298,4.85));
#5874=CARTESIAN_POINT('Ctrl Pts',(12.6125128174545,1.63834047518522,4.85));
#5875=CARTESIAN_POINT('Ctrl Pts',(12.5415338549245,1.57327202893396,4.85));
#5876=CARTESIAN_POINT('Ctrl Pts',(12.5063472986221,1.54101550579071,4.85));
#5877=CARTESIAN_POINT('',(12.5063472986221,1.54101550579071,5.35));
#5878=CARTESIAN_POINT('Ctrl Pts',(12.5063472986221,1.54101550579071,19.011));
#5879=CARTESIAN_POINT('Ctrl Pts',(12.5063472986221,1.54101550579071,4.85));
#5880=CARTESIAN_POINT('Ctrl Pts',(12.4778428417016,1.49468485883665,19.011));
#5881=CARTESIAN_POINT('Ctrl Pts',(12.4778428417016,1.49468485883665,4.85));
#5882=CARTESIAN_POINT('Ctrl Pts',(12.4123693626528,1.38826540832347,19.011));
#5883=CARTESIAN_POINT('Ctrl Pts',(12.4123693626528,1.38826540832347,4.85));
#5884=CARTESIAN_POINT('Ctrl Pts',(12.4097062765972,1.26260414972514,19.011));
#5885=CARTESIAN_POINT('Ctrl Pts',(12.4097062765972,1.26260414972514,4.85));
#5886=CARTESIAN_POINT('Ctrl Pts',(12.4082025885582,1.19165062904358,19.011));
#5887=CARTESIAN_POINT('Ctrl Pts',(12.4082025885582,1.19165062904358,4.85));
#5888=CARTESIAN_POINT('',(12.4082025885582,1.19165062904358,5.35));
#5889=CARTESIAN_POINT('Ctrl Pts',(12.5063472986221,1.54101550579071,5.35));
#5890=CARTESIAN_POINT('Ctrl Pts',(12.4778428417016,1.49468485883665,5.35));
#5891=CARTESIAN_POINT('Ctrl Pts',(12.449338384781,1.44835421188259,5.35));
#5892=CARTESIAN_POINT('Ctrl Pts',(12.43273884058,1.39837652444839,5.35));
#5893=CARTESIAN_POINT('Ctrl Pts',(12.4112099646362,1.3335576704067,5.35));
#5894=CARTESIAN_POINT('Ctrl Pts',(12.4097062765972,1.26260414972514,5.35));
#5895=CARTESIAN_POINT('Ctrl Pts',(12.4082025885582,1.19165062904358,5.35));
#5896=CARTESIAN_POINT('',(12.4082025885582,1.19165062904358,4.85));
#5897=CARTESIAN_POINT('Ctrl Pts',(12.5063472986221,1.54101550579071,4.85));
#5898=CARTESIAN_POINT('Ctrl Pts',(12.4778428417016,1.49468485883665,4.85));
#5899=CARTESIAN_POINT('Ctrl Pts',(12.4123693626528,1.38826540832347,4.85));
#5900=CARTESIAN_POINT('Ctrl Pts',(12.4097062765972,1.26260414972514,4.85));
#5901=CARTESIAN_POINT('Ctrl Pts',(12.4082025885582,1.19165062904358,4.85));
#5902=CARTESIAN_POINT('',(12.4082025885582,1.19165062904358,5.35));
#5903=CARTESIAN_POINT('Ctrl Pts',(13.4482416510582,1.51098608970642,19.011));
#5904=CARTESIAN_POINT('Ctrl Pts',(13.4482416510582,1.51098608970642,4.85));
#5905=CARTESIAN_POINT('Ctrl Pts',(13.4899626302108,1.55274647894776,19.011));
#5906=CARTESIAN_POINT('Ctrl Pts',(13.4899626302108,1.55274647894776,4.85));
#5907=CARTESIAN_POINT('Ctrl Pts',(13.5776066491119,1.64047328733829,19.011));
#5908=CARTESIAN_POINT('Ctrl Pts',(13.5776066491119,1.64047328733829,4.85));
#5909=CARTESIAN_POINT('Ctrl Pts',(13.680154137241,1.71025991224987,19.011));
#5910=CARTESIAN_POINT('Ctrl Pts',(13.680154137241,1.71025991224987,4.85));
#5911=CARTESIAN_POINT('Ctrl Pts',(13.7338861823082,1.746826171875,19.011));
#5912=CARTESIAN_POINT('Ctrl Pts',(13.7338861823082,1.746826171875,4.85));
#5913=CARTESIAN_POINT('',(13.4482416510582,1.51098608970642,5.35));
#5914=CARTESIAN_POINT('',(13.7338861823082,1.746826171875,5.35));
#5915=CARTESIAN_POINT('Ctrl Pts',(13.4482416510582,1.51098608970642,5.35));
#5916=CARTESIAN_POINT('Ctrl Pts',(13.4899626302108,1.55274647894776,5.35));
#5917=CARTESIAN_POINT('Ctrl Pts',(13.5316836093634,1.59450686818911,5.35));
#5918=CARTESIAN_POINT('Ctrl Pts',(13.5767817497253,1.63220196962357,5.35));
#5919=CARTESIAN_POINT('Ctrl Pts',(13.6264220921739,1.67369365262473,5.35));
#5920=CARTESIAN_POINT('Ctrl Pts',(13.680154137241,1.71025991224987,5.35));
#5921=CARTESIAN_POINT('Ctrl Pts',(13.7338861823082,1.746826171875,5.35));
#5922=CARTESIAN_POINT('',(13.4482416510582,1.51098608970642,4.85));
#5923=CARTESIAN_POINT('',(13.4482416510582,1.51098608970642,5.35));
#5924=CARTESIAN_POINT('',(13.7338861823082,1.746826171875,4.85));
#5925=CARTESIAN_POINT('Ctrl Pts',(13.4482416510582,1.51098608970642,4.85));
#5926=CARTESIAN_POINT('Ctrl Pts',(13.4899626302108,1.55274647894776,4.85));
#5927=CARTESIAN_POINT('Ctrl Pts',(13.5776066491119,1.64047328733829,4.85));
#5928=CARTESIAN_POINT('Ctrl Pts',(13.680154137241,1.71025991224987,4.85));
#5929=CARTESIAN_POINT('Ctrl Pts',(13.7338861823082,1.746826171875,4.85));
#5930=CARTESIAN_POINT('',(13.7338861823082,1.746826171875,5.35));
#5931=CARTESIAN_POINT('Origin',(13.7338861823082,1.746826171875,5.35));
#5932=CARTESIAN_POINT('',(14.3183588981628,2.120361328125,5.35));
#5933=CARTESIAN_POINT('',(14.9612039670714,2.53120211974035,5.35));
#5934=CARTESIAN_POINT('',(14.3183588981628,2.120361328125,4.85));
#5935=CARTESIAN_POINT('',(13.7338861823082,1.746826171875,4.85));
#5936=CARTESIAN_POINT('',(14.3183588981628,2.120361328125,5.35));
#5937=CARTESIAN_POINT('Origin',(14.3183588981628,2.120361328125,5.35));
#5938=CARTESIAN_POINT('',(14.3183588981628,1.76293969154358,5.35));
#5939=CARTESIAN_POINT('',(14.3183588981628,1.0601806640625,5.35));
#5940=CARTESIAN_POINT('',(14.3183588981628,1.76293969154358,4.85));
#5941=CARTESIAN_POINT('',(14.3183588981628,2.120361328125,4.85));
#5942=CARTESIAN_POINT('',(14.3183588981628,1.76293969154358,5.35));
#5943=CARTESIAN_POINT('Origin',(14.3183588981628,1.76293969154358,5.35));
#5944=CARTESIAN_POINT('',(13.8715815544128,1.47875964641571,5.35));
#5945=CARTESIAN_POINT('',(15.3392311736261,2.41228221835103,5.35));
#5946=CARTESIAN_POINT('',(13.8715815544128,1.47875964641571,4.85));
#5947=CARTESIAN_POINT('',(14.3183588981628,1.76293969154358,4.85));
#5948=CARTESIAN_POINT('',(13.8715815544128,1.47875964641571,5.35));
#5949=CARTESIAN_POINT('Ctrl Pts',(13.8715815544128,1.47875964641571,19.011));
#5950=CARTESIAN_POINT('Ctrl Pts',(13.8715815544128,1.47875964641571,4.85));
#5951=CARTESIAN_POINT('Ctrl Pts',(13.8142050482704,1.44162285854847,19.011));
#5952=CARTESIAN_POINT('Ctrl Pts',(13.8142050482704,1.44162285854847,4.85));
#5953=CARTESIAN_POINT('Ctrl Pts',(13.7134001488905,1.37637716103329,19.011));
#5954=CARTESIAN_POINT('Ctrl Pts',(13.7134001488905,1.37637716103329,4.85));
#5955=CARTESIAN_POINT('Ctrl Pts',(13.6171495587347,1.3046029996691,19.011));
#5956=CARTESIAN_POINT('Ctrl Pts',(13.6171495587347,1.3046029996691,4.85));
#5957=CARTESIAN_POINT('Ctrl Pts',(13.5756832361221,1.27368152141571,19.011));
#5958=CARTESIAN_POINT('Ctrl Pts',(13.5756832361221,1.27368152141571,4.85));
#5959=CARTESIAN_POINT('',(13.5756832361221,1.27368152141571,5.35));
#5960=CARTESIAN_POINT('Ctrl Pts',(13.8715815544128,1.47875964641571,5.35));
#5961=CARTESIAN_POINT('Ctrl Pts',(13.8142050482704,1.44162285854847,5.35));
#5962=CARTESIAN_POINT('Ctrl Pts',(13.7568285421279,1.40448607068123,5.35));
#5963=CARTESIAN_POINT('Ctrl Pts',(13.7009274959564,1.36523425579071,5.35));
#5964=CARTESIAN_POINT('Ctrl Pts',(13.6586158813473,1.33552447792248,5.35));
#5965=CARTESIAN_POINT('Ctrl Pts',(13.6171495587347,1.3046029996691,5.35));
#5966=CARTESIAN_POINT('Ctrl Pts',(13.5756832361221,1.27368152141571,5.35));
#5967=CARTESIAN_POINT('',(13.5756832361221,1.27368152141571,4.85));
#5968=CARTESIAN_POINT('Ctrl Pts',(13.8715815544128,1.47875964641571,4.85));
#5969=CARTESIAN_POINT('Ctrl Pts',(13.8142050482704,1.44162285854847,4.85));
#5970=CARTESIAN_POINT('Ctrl Pts',(13.7134001488905,1.37637716103329,4.85));
#5971=CARTESIAN_POINT('Ctrl Pts',(13.6171495587347,1.3046029996691,4.85));
#5972=CARTESIAN_POINT('Ctrl Pts',(13.5756832361221,1.27368152141571,4.85));
#5973=CARTESIAN_POINT('',(13.5756832361221,1.27368152141571,5.35));
#5974=CARTESIAN_POINT('Ctrl Pts',(13.5756832361221,1.27368152141571,19.011));
#5975=CARTESIAN_POINT('Ctrl Pts',(13.5756832361221,1.27368152141571,4.85));
#5976=CARTESIAN_POINT('Ctrl Pts',(13.5453873315739,1.24944048546518,19.011));
#5977=CARTESIAN_POINT('Ctrl Pts',(13.5453873315739,1.24944048546518,4.85));
#5978=CARTESIAN_POINT('Ctrl Pts',(13.4920071037081,1.20672870504339,19.011));
#5979=CARTESIAN_POINT('Ctrl Pts',(13.4920071037081,1.20672870504339,4.85));
#5980=CARTESIAN_POINT('Ctrl Pts',(13.4502055469251,1.15274155638197,19.011));
#5981=CARTESIAN_POINT('Ctrl Pts',(13.4502055469251,1.15274155638197,4.85));
#5982=CARTESIAN_POINT('Ctrl Pts',(13.4321284294128,1.12939476966858,19.011));
#5983=CARTESIAN_POINT('Ctrl Pts',(13.4321284294128,1.12939476966858,4.85));
#5984=CARTESIAN_POINT('',(13.4321284294128,1.12939476966858,5.35));
#5985=CARTESIAN_POINT('Ctrl Pts',(13.5756832361221,1.27368152141571,5.35));
#5986=CARTESIAN_POINT('Ctrl Pts',(13.5453873315739,1.24944048546518,5.35));
#5987=CARTESIAN_POINT('Ctrl Pts',(13.5150914270257,1.22519944951465,5.35));
#5988=CARTESIAN_POINT('Ctrl Pts',(13.4885251522064,1.19732648134232,5.35));
#5989=CARTESIAN_POINT('Ctrl Pts',(13.4682826644373,1.17608834309537,5.35));
#5990=CARTESIAN_POINT('Ctrl Pts',(13.4502055469251,1.15274155638197,5.35));
#5991=CARTESIAN_POINT('Ctrl Pts',(13.4321284294128,1.12939476966858,5.35));
#5992=CARTESIAN_POINT('',(13.4321284294128,1.12939476966858,4.85));
#5993=CARTESIAN_POINT('Ctrl Pts',(13.5756832361221,1.27368152141571,4.85));
#5994=CARTESIAN_POINT('Ctrl Pts',(13.5453873315739,1.24944048546518,4.85));
#5995=CARTESIAN_POINT('Ctrl Pts',(13.4920071037081,1.20672870504339,4.85));
#5996=CARTESIAN_POINT('Ctrl Pts',(13.4502055469251,1.15274155638197,4.85));
#5997=CARTESIAN_POINT('Ctrl Pts',(13.4321284294128,1.12939476966858,4.85));
#5998=CARTESIAN_POINT('',(13.4321284294128,1.12939476966858,5.35));
#5999=CARTESIAN_POINT('Ctrl Pts',(13.4321284294128,1.12939476966858,19.011));
#6000=CARTESIAN_POINT('Ctrl Pts',(13.4321284294128,1.12939476966858,4.85));
#6001=CARTESIAN_POINT('Ctrl Pts',(13.4195758259413,1.1083899401401,19.011));
#6002=CARTESIAN_POINT('Ctrl Pts',(13.4195758259413,1.1083899401401,4.85));
#6003=CARTESIAN_POINT('Ctrl Pts',(13.3951579722341,1.06753045981547,19.011));
#6004=CARTESIAN_POINT('Ctrl Pts',(13.3951579722341,1.06753045981547,4.85));
#6005=CARTESIAN_POINT('Ctrl Pts',(13.3815916710549,1.02191941503747,19.011));
#6006=CARTESIAN_POINT('Ctrl Pts',(13.3815916710549,1.02191941503747,4.85));
#6007=CARTESIAN_POINT('Ctrl Pts',(13.3749994635582,0.999755859374999,19.011));
#6008=CARTESIAN_POINT('Ctrl Pts',(13.3749994635582,0.999755859374999,4.85));
#6009=CARTESIAN_POINT('',(13.3749994635582,0.999755859374999,5.35));
#6010=CARTESIAN_POINT('Ctrl Pts',(13.4321284294128,1.12939476966858,5.35));
#6011=CARTESIAN_POINT('Ctrl Pts',(13.4195758259413,1.1083899401401,5.35));
#6012=CARTESIAN_POINT('Ctrl Pts',(13.4070232224697,1.08738511061162,5.35));
#6013=CARTESIAN_POINT('Ctrl Pts',(13.3973383903503,1.06512457132339,5.35));
#6014=CARTESIAN_POINT('Ctrl Pts',(13.3881838785516,1.04408297069995,5.35));
#6015=CARTESIAN_POINT('Ctrl Pts',(13.3815916710549,1.02191941503747,5.35));
#6016=CARTESIAN_POINT('Ctrl Pts',(13.3749994635582,0.999755859374999,5.35));
#6017=CARTESIAN_POINT('',(13.3749994635582,0.999755859374999,4.85));
#6018=CARTESIAN_POINT('Ctrl Pts',(13.4321284294128,1.12939476966858,4.85));
#6019=CARTESIAN_POINT('Ctrl Pts',(13.4195758259413,1.1083899401401,4.85));
#6020=CARTESIAN_POINT('Ctrl Pts',(13.3951579722341,1.06753045981547,4.85));
#6021=CARTESIAN_POINT('Ctrl Pts',(13.3815916710549,1.02191941503747,4.85));
#6022=CARTESIAN_POINT('Ctrl Pts',(13.3749994635582,0.999755859374999,4.85));
#6023=CARTESIAN_POINT('',(13.3749994635582,0.999755859374999,5.35));
#6024=CARTESIAN_POINT('Ctrl Pts',(13.3749994635582,0.999755859374999,19.011));
#6025=CARTESIAN_POINT('Ctrl Pts',(13.3749994635582,0.999755859374999,4.85));
#6026=CARTESIAN_POINT('Ctrl Pts',(13.3720349172708,0.978545122759528,19.011));
#6027=CARTESIAN_POINT('Ctrl Pts',(13.3720349172708,0.978545122759528,4.85));
#6028=CARTESIAN_POINT('Ctrl Pts',(13.364704749142,0.926099233760048,19.011));
#6029=CARTESIAN_POINT('Ctrl Pts',(13.364704749142,0.926099233760048,4.85));
#6030=CARTESIAN_POINT('Ctrl Pts',(13.3647303997859,0.873110856694333,19.011));
#6031=CARTESIAN_POINT('Ctrl Pts',(13.3647303997859,0.873110856694333,4.85));
#6032=CARTESIAN_POINT('Ctrl Pts',(13.3647456765175,0.84155261516571,19.011));
#6033=CARTESIAN_POINT('Ctrl Pts',(13.3647456765175,0.84155261516571,4.85));
#6034=CARTESIAN_POINT('',(13.3647456765175,0.84155261516571,5.35));
#6035=CARTESIAN_POINT('Ctrl Pts',(13.3749994635582,0.999755859374999,5.35));
#6036=CARTESIAN_POINT('Ctrl Pts',(13.3720349172708,0.978545122759528,5.35));
#6037=CARTESIAN_POINT('Ctrl Pts',(13.3690703709833,0.957334386144056,5.35));
#6038=CARTESIAN_POINT('Ctrl Pts',(13.3673089742661,0.93603491783142,5.35));
#6039=CARTESIAN_POINT('Ctrl Pts',(13.3647151230543,0.904669098222955,5.35));
#6040=CARTESIAN_POINT('Ctrl Pts',(13.3647303997859,0.873110856694333,5.35));
#6041=CARTESIAN_POINT('Ctrl Pts',(13.3647456765175,0.84155261516571,5.35));
#6042=CARTESIAN_POINT('',(13.3647456765175,0.84155261516571,4.85));
#6043=CARTESIAN_POINT('Ctrl Pts',(13.3749994635582,0.999755859374999,4.85));
#6044=CARTESIAN_POINT('Ctrl Pts',(13.3720349172708,0.978545122759528,4.85));
#6045=CARTESIAN_POINT('Ctrl Pts',(13.364704749142,0.926099233760048,4.85));
#6046=CARTESIAN_POINT('Ctrl Pts',(13.3647303997859,0.873110856694333,4.85));
#6047=CARTESIAN_POINT('Ctrl Pts',(13.3647456765175,0.84155261516571,4.85));
#6048=CARTESIAN_POINT('',(13.3647456765175,0.84155261516571,5.35));
#6049=CARTESIAN_POINT('Origin',(13.3647456765175,0.84155261516571,5.35));
#6050=CARTESIAN_POINT('',(13.3647456765175,0.51196277141571,5.35));
#6051=CARTESIAN_POINT('',(13.3647456765175,0.420776307582855,5.35));
#6052=CARTESIAN_POINT('',(13.3647456765175,0.51196277141571,4.85));
#6053=CARTESIAN_POINT('',(13.3647456765175,0.84155261516571,4.85));
#6054=CARTESIAN_POINT('',(13.3647456765175,0.51196277141571,5.35));
#6055=CARTESIAN_POINT('Origin',(12.4082025885582,1.19165062904358,5.35));
#6056=CARTESIAN_POINT('',(12.4082025885582,0.51196277141571,5.35));
#6057=CARTESIAN_POINT('',(12.4082025885582,0.595825314521789,5.35));
#6058=CARTESIAN_POINT('',(12.4082025885582,0.51196277141571,4.85));
#6059=CARTESIAN_POINT('',(12.4082025885582,1.19165062904358,4.85));
#6060=CARTESIAN_POINT('',(12.4082025885582,0.51196277141571,5.35));
#6061=CARTESIAN_POINT('Ctrl Pts',(13.1186518073082,1.12280249595642,19.011));
#6062=CARTESIAN_POINT('Ctrl Pts',(13.1186518073082,1.12280249595642,4.85));
#6063=CARTESIAN_POINT('Ctrl Pts',(13.1180174302016,1.18105374415986,19.011));
#6064=CARTESIAN_POINT('Ctrl Pts',(13.1180174302016,1.18105374415986,4.85));
#6065=CARTESIAN_POINT('Ctrl Pts',(13.1168921932165,1.2843778682951,19.011));
#6066=CARTESIAN_POINT('Ctrl Pts',(13.1168921932165,1.2843778682951,4.85));
#6067=CARTESIAN_POINT('Ctrl Pts',(13.0900694401041,1.38402238640701,19.011));
#6068=CARTESIAN_POINT('Ctrl Pts',(13.0900694401041,1.38402238640701,4.85));
#6069=CARTESIAN_POINT('Ctrl Pts',(13.0783686041832,1.42749011516571,19.011));
#6070=CARTESIAN_POINT('Ctrl Pts',(13.0783686041832,1.42749011516571,4.85));
#6071=CARTESIAN_POINT('',(13.1186518073082,1.12280249595642,5.35));
#6072=CARTESIAN_POINT('Ctrl Pts',(13.1186518073082,1.12280249595642,5.35));
#6073=CARTESIAN_POINT('Ctrl Pts',(13.1180174302016,1.18105374415986,5.35));
#6074=CARTESIAN_POINT('Ctrl Pts',(13.1173830530951,1.23930499236331,5.35));
#6075=CARTESIAN_POINT('Ctrl Pts',(13.1085810065269,1.29638671875,5.35));
#6076=CARTESIAN_POINT('Ctrl Pts',(13.1017702760251,1.3405546576483,5.35));
#6077=CARTESIAN_POINT('Ctrl Pts',(13.0900694401041,1.38402238640701,5.35));
#6078=CARTESIAN_POINT('Ctrl Pts',(13.0783686041832,1.42749011516571,5.35));
#6079=CARTESIAN_POINT('',(13.1186518073082,1.12280249595642,4.85));
#6080=CARTESIAN_POINT('',(13.1186518073082,1.12280249595642,5.35));
#6081=CARTESIAN_POINT('Ctrl Pts',(13.1186518073082,1.12280249595642,4.85));
#6082=CARTESIAN_POINT('Ctrl Pts',(13.1180174302016,1.18105374415986,4.85));
#6083=CARTESIAN_POINT('Ctrl Pts',(13.1168921932165,1.2843778682951,4.85));
#6084=CARTESIAN_POINT('Ctrl Pts',(13.0900694401041,1.38402238640701,4.85));
#6085=CARTESIAN_POINT('Ctrl Pts',(13.0783686041832,1.42749011516571,4.85));
#6086=CARTESIAN_POINT('Origin',(13.1186518073082,0.51196277141571,5.35));
#6087=CARTESIAN_POINT('',(13.1186518073082,0.51196277141571,5.35));
#6088=CARTESIAN_POINT('',(13.1186518073082,0.255981385707855,5.35));
#6089=CARTESIAN_POINT('',(13.1186518073082,0.51196277141571,4.85));
#6090=CARTESIAN_POINT('',(13.1186518073082,0.51196277141571,5.35));
#6091=CARTESIAN_POINT('',(13.1186518073082,0.51196277141571,4.85));
#6092=CARTESIAN_POINT('Origin',(12.4082025885582,0.51196277141571,5.35));
#6093=CARTESIAN_POINT('',(15.3578512942791,0.51196277141571,5.35));
#6094=CARTESIAN_POINT('',(12.4082025885582,0.51196277141571,4.85));
#6095=CARTESIAN_POINT('Origin',(13.3647456765175,0.51196277141571,5.35));
#6096=CARTESIAN_POINT('',(14.3183588981628,0.51196277141571,5.35));
#6097=CARTESIAN_POINT('',(15.8361228382587,0.51196277141571,5.35));
#6098=CARTESIAN_POINT('',(14.3183588981628,0.51196277141571,4.85));
#6099=CARTESIAN_POINT('',(13.3647456765175,0.51196277141571,4.85));
#6100=CARTESIAN_POINT('',(14.3183588981628,0.51196277141571,5.35));
#6101=CARTESIAN_POINT('Ctrl Pts',(13.3413082361221,1.33959949016571,19.011));
#6102=CARTESIAN_POINT('Ctrl Pts',(13.3413082361221,1.33959949016571,4.85));
#6103=CARTESIAN_POINT('Ctrl Pts',(13.3580356255876,1.37345329427306,19.011));
#6104=CARTESIAN_POINT('Ctrl Pts',(13.3580356255876,1.37345329427306,4.85));
#6105=CARTESIAN_POINT('Ctrl Pts',(13.3880346844574,1.43416702754756,19.011));
#6106=CARTESIAN_POINT('Ctrl Pts',(13.3880346844574,1.43416702754756,4.85));
#6107=CARTESIAN_POINT('Ctrl Pts',(13.4297754271596,1.48742472992374,19.011));
#6108=CARTESIAN_POINT('Ctrl Pts',(13.4297754271596,1.48742472992374,4.85));
#6109=CARTESIAN_POINT('Ctrl Pts',(13.4482416510582,1.51098608970642,19.011));
#6110=CARTESIAN_POINT('Ctrl Pts',(13.4482416510582,1.51098608970642,4.85));
#6111=CARTESIAN_POINT('',(13.3413082361221,1.33959949016571,5.35));
#6112=CARTESIAN_POINT('Ctrl Pts',(13.3413082361221,1.33959949016571,5.35));
#6113=CARTESIAN_POINT('Ctrl Pts',(13.3580356255876,1.37345329427306,5.35));
#6114=CARTESIAN_POINT('Ctrl Pts',(13.374763015053,1.4073070983804,5.35));
#6115=CARTESIAN_POINT('Ctrl Pts',(13.3951410651207,1.43884271383285,5.35));
#6116=CARTESIAN_POINT('Ctrl Pts',(13.411309203261,1.46386337014107,5.35));
#6117=CARTESIAN_POINT('Ctrl Pts',(13.4297754271596,1.48742472992374,5.35));
#6118=CARTESIAN_POINT('Ctrl Pts',(13.4482416510582,1.51098608970642,5.35));
#6119=CARTESIAN_POINT('',(13.3413082361221,1.33959949016571,4.85));
#6120=CARTESIAN_POINT('',(13.3413082361221,1.33959949016571,5.35));
#6121=CARTESIAN_POINT('Ctrl Pts',(13.3413082361221,1.33959949016571,4.85));
#6122=CARTESIAN_POINT('Ctrl Pts',(13.3580356255876,1.37345329427306,4.85));
#6123=CARTESIAN_POINT('Ctrl Pts',(13.3880346844574,1.43416702754756,4.85));
#6124=CARTESIAN_POINT('Ctrl Pts',(13.4297754271596,1.48742472992374,4.85));
#6125=CARTESIAN_POINT('Ctrl Pts',(13.4482416510582,1.51098608970642,4.85));
#6126=CARTESIAN_POINT('Ctrl Pts',(13.1420892477036,1.79663062095642,19.011));
#6127=CARTESIAN_POINT('Ctrl Pts',(13.1420892477036,1.79663062095642,4.85));
#6128=CARTESIAN_POINT('Ctrl Pts',(13.1900656914258,1.73628317512314,19.011));
#6129=CARTESIAN_POINT('Ctrl Pts',(13.1900656914258,1.73628317512314,4.85));
#6130=CARTESIAN_POINT('Ctrl Pts',(13.2966159086933,1.60225837115254,19.011));
#6131=CARTESIAN_POINT('Ctrl Pts',(13.2966159086933,1.60225837115254,4.85));
#6132=CARTESIAN_POINT('Ctrl Pts',(13.3254547053714,1.43277142562375,19.011));
#6133=CARTESIAN_POINT('Ctrl Pts',(13.3254547053714,1.43277142562375,4.85));
#6134=CARTESIAN_POINT('Ctrl Pts',(13.3413082361221,1.33959949016571,19.011));
#6135=CARTESIAN_POINT('Ctrl Pts',(13.3413082361221,1.33959949016571,4.85));
#6136=CARTESIAN_POINT('',(13.1420892477036,1.79663062095642,5.35));
#6137=CARTESIAN_POINT('Ctrl Pts',(13.1420892477036,1.79663062095642,5.35));
#6138=CARTESIAN_POINT('Ctrl Pts',(13.1900656914258,1.73628317512314,5.35));
#6139=CARTESIAN_POINT('Ctrl Pts',(13.238042135148,1.67593572928987,5.35));
#6140=CARTESIAN_POINT('Ctrl Pts',(13.2702630758286,1.60839855670929,5.35));
#6141=CARTESIAN_POINT('Ctrl Pts',(13.3096011746207,1.5259433610818,5.35));
#6142=CARTESIAN_POINT('Ctrl Pts',(13.3254547053714,1.43277142562375,5.35));
#6143=CARTESIAN_POINT('Ctrl Pts',(13.3413082361221,1.33959949016571,5.35));
#6144=CARTESIAN_POINT('',(13.1420892477036,1.79663062095642,4.85));
#6145=CARTESIAN_POINT('',(13.1420892477036,1.79663062095642,5.35));
#6146=CARTESIAN_POINT('Ctrl Pts',(13.1420892477036,1.79663062095642,4.85));
#6147=CARTESIAN_POINT('Ctrl Pts',(13.1900656914258,1.73628317512314,4.85));
#6148=CARTESIAN_POINT('Ctrl Pts',(13.2966159086933,1.60225837115254,4.85));
#6149=CARTESIAN_POINT('Ctrl Pts',(13.3254547053714,1.43277142562375,4.85));
#6150=CARTESIAN_POINT('Ctrl Pts',(13.3413082361221,1.33959949016571,4.85));
#6151=CARTESIAN_POINT('Ctrl Pts',(12.7568352222443,1.944580078125,19.011));
#6152=CARTESIAN_POINT('Ctrl Pts',(12.7568352222443,1.944580078125,4.85));
#6153=CARTESIAN_POINT('Ctrl Pts',(12.8295754321388,1.93882688282278,19.011));
#6154=CARTESIAN_POINT('Ctrl Pts',(12.8295754321388,1.93882688282278,4.85));
#6155=CARTESIAN_POINT('Ctrl Pts',(12.9727255672435,1.92750479994741,19.011));
#6156=CARTESIAN_POINT('Ctrl Pts',(12.9727255672435,1.92750479994741,4.85));
#6157=CARTESIAN_POINT('Ctrl Pts',(13.0862506978505,1.83977933116522,19.011));
#6158=CARTESIAN_POINT('Ctrl Pts',(13.0862506978505,1.83977933116522,4.85));
#6159=CARTESIAN_POINT('Ctrl Pts',(13.1420892477036,1.79663062095642,19.011));
#6160=CARTESIAN_POINT('Ctrl Pts',(13.1420892477036,1.79663062095642,4.85));
#6161=CARTESIAN_POINT('',(12.7568352222443,1.944580078125,5.35));
#6162=CARTESIAN_POINT('Ctrl Pts',(12.7568352222443,1.944580078125,5.35));
#6163=CARTESIAN_POINT('Ctrl Pts',(12.8295754321388,1.93882688282278,5.35));
#6164=CARTESIAN_POINT('Ctrl Pts',(12.9023156420333,1.93307368752055,5.35));
#6165=CARTESIAN_POINT('Ctrl Pts',(12.9674065113068,1.90759271383286,5.35));
#6166=CARTESIAN_POINT('Ctrl Pts',(13.0304121479974,1.88292804137403,5.35));
#6167=CARTESIAN_POINT('Ctrl Pts',(13.0862506978505,1.83977933116522,5.35));
#6168=CARTESIAN_POINT('Ctrl Pts',(13.1420892477036,1.79663062095642,5.35));
#6169=CARTESIAN_POINT('',(12.7568352222443,1.944580078125,4.85));
#6170=CARTESIAN_POINT('',(12.7568352222443,1.944580078125,5.35));
#6171=CARTESIAN_POINT('Ctrl Pts',(12.7568352222443,1.944580078125,4.85));
#6172=CARTESIAN_POINT('Ctrl Pts',(12.8295754321388,1.93882688282278,4.85));
#6173=CARTESIAN_POINT('Ctrl Pts',(12.9727255672435,1.92750479994741,4.85));
#6174=CARTESIAN_POINT('Ctrl Pts',(13.0862506978505,1.83977933116522,4.85));
#6175=CARTESIAN_POINT('Ctrl Pts',(13.1420892477036,1.79663062095642,4.85));
#6176=CARTESIAN_POINT('Ctrl Pts',(12.4331051111221,1.85522437095642,19.011));
#6177=CARTESIAN_POINT('Ctrl Pts',(12.4331051111221,1.85522437095642,4.85));
#6178=CARTESIAN_POINT('Ctrl Pts',(12.4834643914286,1.88128590861084,19.011));
#6179=CARTESIAN_POINT('Ctrl Pts',(12.4834643914286,1.88128590861084,4.85));
#6180=CARTESIAN_POINT('Ctrl Pts',(12.5850546739025,1.93386011054352,19.011));
#6181=CARTESIAN_POINT('Ctrl Pts',(12.5850546739025,1.93386011054352,4.85));
#6182=CARTESIAN_POINT('Ctrl Pts',(12.6992484164202,1.94098637268213,19.011));
#6183=CARTESIAN_POINT('Ctrl Pts',(12.6992484164202,1.94098637268213,4.85));
#6184=CARTESIAN_POINT('Ctrl Pts',(12.7568352222443,1.944580078125,19.011));
#6185=CARTESIAN_POINT('Ctrl Pts',(12.7568352222443,1.944580078125,4.85));
#6186=CARTESIAN_POINT('',(12.4331051111221,1.85522437095642,5.35));
#6187=CARTESIAN_POINT('Ctrl Pts',(12.4331051111221,1.85522437095642,5.35));
#6188=CARTESIAN_POINT('Ctrl Pts',(12.4834643914286,1.88128590861084,5.35));
#6189=CARTESIAN_POINT('Ctrl Pts',(12.5338236717351,1.90734744626526,5.35));
#6190=CARTESIAN_POINT('Ctrl Pts',(12.5872799754143,1.92224115133286,5.35));
#6191=CARTESIAN_POINT('Ctrl Pts',(12.6416616105962,1.93739266723927,5.35));
#6192=CARTESIAN_POINT('Ctrl Pts',(12.6992484164202,1.94098637268213,5.35));
#6193=CARTESIAN_POINT('Ctrl Pts',(12.7568352222443,1.944580078125,5.35));
#6194=CARTESIAN_POINT('',(12.4331051111221,1.85522437095642,4.85));
#6195=CARTESIAN_POINT('',(12.4331051111221,1.85522437095642,5.35));
#6196=CARTESIAN_POINT('Ctrl Pts',(12.4331051111221,1.85522437095642,4.85));
#6197=CARTESIAN_POINT('Ctrl Pts',(12.4834643914286,1.88128590861084,4.85));
#6198=CARTESIAN_POINT('Ctrl Pts',(12.5850546739025,1.93386011054352,4.85));
#6199=CARTESIAN_POINT('Ctrl Pts',(12.6992484164202,1.94098637268213,4.85));
#6200=CARTESIAN_POINT('Ctrl Pts',(12.7568352222443,1.944580078125,4.85));
#6201=CARTESIAN_POINT('Ctrl Pts',(12.2287592291832,1.61645531654358,19.011));
#6202=CARTESIAN_POINT('Ctrl Pts',(12.2287592291832,1.61645531654358,4.85));
#6203=CARTESIAN_POINT('Ctrl Pts',(12.2521778940678,1.66402203567475,19.011));
#6204=CARTESIAN_POINT('Ctrl Pts',(12.2521778940678,1.66402203567475,4.85));
#6205=CARTESIAN_POINT('Ctrl Pts',(12.2999005482628,1.76095369678663,19.011));
#6206=CARTESIAN_POINT('Ctrl Pts',(12.2999005482628,1.76095369678663,4.85));
#6207=CARTESIAN_POINT('Ctrl Pts',(12.3881578233648,1.82341456633691,19.011));
#6208=CARTESIAN_POINT('Ctrl Pts',(12.3881578233648,1.82341456633691,4.85));
#6209=CARTESIAN_POINT('Ctrl Pts',(12.4331051111221,1.85522437095642,19.011));
#6210=CARTESIAN_POINT('Ctrl Pts',(12.4331051111221,1.85522437095642,4.85));
#6211=CARTESIAN_POINT('',(12.2287592291832,1.61645531654358,5.35));
#6212=CARTESIAN_POINT('Ctrl Pts',(12.2287592291832,1.61645531654358,5.35));
#6213=CARTESIAN_POINT('Ctrl Pts',(12.2521778940678,1.66402203567475,5.35));
#6214=CARTESIAN_POINT('Ctrl Pts',(12.2755965589524,1.71158875480593,5.35));
#6215=CARTESIAN_POINT('Ctrl Pts',(12.3087763786316,1.75085455179215,5.35));
#6216=CARTESIAN_POINT('Ctrl Pts',(12.3432105356075,1.79160476171739,5.35));
#6217=CARTESIAN_POINT('Ctrl Pts',(12.3881578233648,1.82341456633691,5.35));
#6218=CARTESIAN_POINT('Ctrl Pts',(12.4331051111221,1.85522437095642,5.35));
#6219=CARTESIAN_POINT('',(12.2287592291832,1.61645531654358,4.85));
#6220=CARTESIAN_POINT('',(12.2287592291832,1.61645531654358,5.35));
#6221=CARTESIAN_POINT('Ctrl Pts',(12.2287592291832,1.61645531654358,4.85));
#6222=CARTESIAN_POINT('Ctrl Pts',(12.2521778940678,1.66402203567475,4.85));
#6223=CARTESIAN_POINT('Ctrl Pts',(12.2999005482628,1.76095369678663,4.85));
#6224=CARTESIAN_POINT('Ctrl Pts',(12.3881578233648,1.82341456633691,4.85));
#6225=CARTESIAN_POINT('Ctrl Pts',(12.4331051111221,1.85522437095642,4.85));
#6226=CARTESIAN_POINT('Ctrl Pts',(12.1708977222443,1.17993175983429,19.011));
#6227=CARTESIAN_POINT('Ctrl Pts',(12.1708977222443,1.17993175983429,4.85));
#6228=CARTESIAN_POINT('Ctrl Pts',(12.1715505748914,1.264766812313,19.011));
#6229=CARTESIAN_POINT('Ctrl Pts',(12.1715505748914,1.264766812313,4.85));
#6230=CARTESIAN_POINT('Ctrl Pts',(12.1726906593699,1.4129152911283,19.011));
#6231=CARTESIAN_POINT('Ctrl Pts',(12.1726906593699,1.4129152911283,4.85));
#6232=CARTESIAN_POINT('Ctrl Pts',(12.2119718401633,1.55551376588262,19.011));
#6233=CARTESIAN_POINT('Ctrl Pts',(12.2119718401633,1.55551376588262,4.85));
#6234=CARTESIAN_POINT('Ctrl Pts',(12.2287592291832,1.61645531654358,19.011));
#6235=CARTESIAN_POINT('Ctrl Pts',(12.2287592291832,1.61645531654358,4.85));
#6236=CARTESIAN_POINT('',(12.1708977222443,1.17993175983429,5.35));
#6237=CARTESIAN_POINT('Ctrl Pts',(12.1708977222443,1.17993175983429,5.35));
#6238=CARTESIAN_POINT('Ctrl Pts',(12.1715505748914,1.264766812313,5.35));
#6239=CARTESIAN_POINT('Ctrl Pts',(12.1722034275385,1.34960186479171,5.35));
#6240=CARTESIAN_POINT('Ctrl Pts',(12.1853631734848,1.43261700868607,5.35));
#6241=CARTESIAN_POINT('Ctrl Pts',(12.1951844511434,1.49457221522165,5.35));
#6242=CARTESIAN_POINT('Ctrl Pts',(12.2119718401633,1.55551376588262,5.35));
#6243=CARTESIAN_POINT('Ctrl Pts',(12.2287592291832,1.61645531654358,5.35));
#6244=CARTESIAN_POINT('',(12.1708977222443,1.17993175983429,4.85));
#6245=CARTESIAN_POINT('',(12.1708977222443,1.17993175983429,5.35));
#6246=CARTESIAN_POINT('Ctrl Pts',(12.1708977222443,1.17993175983429,4.85));
#6247=CARTESIAN_POINT('Ctrl Pts',(12.1715505748914,1.264766812313,4.85));
#6248=CARTESIAN_POINT('Ctrl Pts',(12.1726906593699,1.4129152911283,4.85));
#6249=CARTESIAN_POINT('Ctrl Pts',(12.2119718401633,1.55551376588262,4.85));
#6250=CARTESIAN_POINT('Ctrl Pts',(12.2287592291832,1.61645531654358,4.85));
#6251=CARTESIAN_POINT('Origin',(12.1708977222443,0.227783322334289,5.35));
#6252=CARTESIAN_POINT('',(12.1708977222443,0.227783322334289,5.35));
#6253=CARTESIAN_POINT('',(12.1708977222443,0.113891661167144,5.35));
#6254=CARTESIAN_POINT('',(12.1708977222443,0.227783322334289,4.85));
#6255=CARTESIAN_POINT('',(12.1708977222443,0.227783322334289,5.35));
#6256=CARTESIAN_POINT('',(12.1708977222443,0.227783322334289,4.85));
#6257=CARTESIAN_POINT('Origin',(14.3183588981628,0.227783322334289,5.35));
#6258=CARTESIAN_POINT('',(14.3183588981628,0.227783322334289,5.35));
#6259=CARTESIAN_POINT('',(16.3129294490814,0.227783322334289,5.35));
#6260=CARTESIAN_POINT('',(14.3183588981628,0.227783322334289,4.85));
#6261=CARTESIAN_POINT('',(14.3183588981628,0.227783322334289,5.35));
#6262=CARTESIAN_POINT('',(14.3183588981628,0.227783322334289,4.85));
#6263=CARTESIAN_POINT('Origin',(14.3183588981628,0.51196277141571,5.35));
#6264=CARTESIAN_POINT('',(14.3183588981628,0.255981385707855,5.35));
#6265=CARTESIAN_POINT('',(14.3183588981628,0.51196277141571,4.85));
#6266=CARTESIAN_POINT('Origin',(13.2446283102036,0.279785059392452,4.85));
#6267=CARTESIAN_POINT('Origin',(13.6738276481628,-0.911865383386612,5.35));
#6268=CARTESIAN_POINT('',(13.6738276481628,-0.911865383386612,5.35));
#6269=CARTESIAN_POINT('',(13.4086909890175,-0.911865383386612,5.35));
#6270=CARTESIAN_POINT('',(15.9906638240814,-0.911865383386612,5.35));
#6271=CARTESIAN_POINT('',(13.6738276481628,-0.911865383386612,4.85));
#6272=CARTESIAN_POINT('',(13.6738276481628,-0.911865383386612,5.35));
#6273=CARTESIAN_POINT('',(13.4086909890175,-0.911865383386612,4.85));
#6274=CARTESIAN_POINT('',(13.6738276481628,-0.911865383386612,4.85));
#6275=CARTESIAN_POINT('',(13.4086909890175,-0.911865383386612,5.35));
#6276=CARTESIAN_POINT('Origin',(13.4086909890175,-0.911865383386612,5.35));
#6277=CARTESIAN_POINT('',(13.4086909890175,-0.101806670427323,5.35));
#6278=CARTESIAN_POINT('',(13.4086909890175,-0.455932691693306,5.35));
#6279=CARTESIAN_POINT('',(13.4086909890175,-0.101806670427323,4.85));
#6280=CARTESIAN_POINT('',(13.4086909890175,-0.911865383386612,4.85));
#6281=CARTESIAN_POINT('',(13.4086909890175,-0.101806670427323,5.35));
#6282=CARTESIAN_POINT('Origin',(13.4086909890175,-0.101806670427323,5.35));
#6283=CARTESIAN_POINT('',(13.6738276481628,-0.101806670427323,5.35));
#6284=CARTESIAN_POINT('',(15.8580954945087,-0.101806670427323,5.35));
#6285=CARTESIAN_POINT('',(13.6738276481628,-0.101806670427323,4.85));
#6286=CARTESIAN_POINT('',(13.4086909890175,-0.101806670427323,4.85));
#6287=CARTESIAN_POINT('',(13.6738276481628,-0.101806670427323,5.35));
#6288=CARTESIAN_POINT('Origin',(13.6738276481628,-0.101806670427323,5.35));
#6289=CARTESIAN_POINT('',(13.6738276481628,-0.0509033352136615,5.35));
#6290=CARTESIAN_POINT('',(13.6738276481628,-0.101806670427323,4.85));
#6291=CARTESIAN_POINT('Origin',(13.2446283102036,0.279785059392452,4.85));
#6292=CARTESIAN_POINT('Origin',(14.3183588981628,-1.5607912093401,5.35));
#6293=CARTESIAN_POINT('',(14.3183588981628,-1.5607912093401,5.35));
#6294=CARTESIAN_POINT('',(12.1708977222443,-1.5607912093401,5.35));
#6295=CARTESIAN_POINT('',(16.3129294490814,-1.5607912093401,5.35));
#6296=CARTESIAN_POINT('',(14.3183588981628,-1.5607912093401,4.85));
#6297=CARTESIAN_POINT('',(14.3183588981628,-1.5607912093401,5.35));
#6298=CARTESIAN_POINT('',(12.1708977222443,-1.5607912093401,4.85));
#6299=CARTESIAN_POINT('',(14.3183588981628,-1.5607912093401,4.85));
#6300=CARTESIAN_POINT('',(12.1708977222443,-1.5607912093401,5.35));
#6301=CARTESIAN_POINT('Origin',(12.1708977222443,-1.5607912093401,5.35));
#6302=CARTESIAN_POINT('',(12.1708977222443,-1.27661153674126,5.35));
#6303=CARTESIAN_POINT('',(12.1708977222443,-0.780395604670048,5.35));
#6304=CARTESIAN_POINT('',(12.1708977222443,-1.27661153674126,4.85));
#6305=CARTESIAN_POINT('',(12.1708977222443,-1.5607912093401,4.85));
#6306=CARTESIAN_POINT('',(12.1708977222443,-1.27661153674126,5.35));
#6307=CARTESIAN_POINT('Origin',(12.1708977222443,-1.27661153674126,5.35));
#6308=CARTESIAN_POINT('',(14.3183588981628,-1.27661153674126,5.35));
#6309=CARTESIAN_POINT('',(15.2391988611221,-1.27661153674126,5.35));
#6310=CARTESIAN_POINT('',(14.3183588981628,-1.27661153674126,4.85));
#6311=CARTESIAN_POINT('',(12.1708977222443,-1.27661153674126,4.85));
#6312=CARTESIAN_POINT('',(14.3183588981628,-1.27661153674126,5.35));
#6313=CARTESIAN_POINT('Origin',(14.3183588981628,-1.27661153674126,5.35));
#6314=CARTESIAN_POINT('',(14.3183588981628,-0.638305768370629,5.35));
#6315=CARTESIAN_POINT('',(14.3183588981628,-1.27661153674126,4.85));
#6316=CARTESIAN_POINT('Origin',(13.2446283102036,0.279785059392452,4.85));
#6317=CARTESIAN_POINT('Origin',(18.3075,0.,5.35));
#6318=CARTESIAN_POINT('',(9.55456242558471,-7.32946441182258,5.35));
#6319=CARTESIAN_POINT('',(10.475612321721,-2.52131087919443,5.35));
#6320=CARTESIAN_POINT('Origin',(5.45358511812996,-4.05158626829879,5.35));
#6321=CARTESIAN_POINT('',(18.75,-6.9900000000001,5.35));
#6322=CARTESIAN_POINT('Ctrl Pts',(18.75,-6.9900000000001,5.35));
#6323=CARTESIAN_POINT('Ctrl Pts',(16.3817659711708,-6.9900000000001,5.35));
#6324=CARTESIAN_POINT('Ctrl Pts',(13.315320049264,-7.10640357218466,5.35));
#6325=CARTESIAN_POINT('Ctrl Pts',(10.2527192537322,-7.28723261870566,5.35));
#6326=CARTESIAN_POINT('Ctrl Pts',(9.55439014627785,-7.32626302431755,5.35));
#6327=CARTESIAN_POINT('',(22.2399976145027,-6.05640294653235,5.35));
#6328=CARTESIAN_POINT('Origin',(18.75,0.,5.35));
#6329=CARTESIAN_POINT('',(21.312956421304,-5.52117546408924,5.35));
#6330=CARTESIAN_POINT('',(18.7895701090998,-4.06429769746883,5.35));
#6331=CARTESIAN_POINT('',(21.1084722664792,-4.87973015195278,5.35));
#6332=CARTESIAN_POINT('Origin',(21.562956421304,-5.08816276219702,5.35));
#6333=CARTESIAN_POINT('',(22.1696465398153,-0.321729096250127,5.35000003014273));
#6334=CARTESIAN_POINT('Origin',(10.4682944589645,-6.24500451351651E-16,
5.35));
#6335=CARTESIAN_POINT('',(22.1444685637868,1.45283091113058E-14,5.35));
#6336=CARTESIAN_POINT('Ctrl Pts',(22.1440588014496,0.000122214330469411,
5.34988495452523));
#6337=CARTESIAN_POINT('Ctrl Pts',(22.1529741528889,-0.0471861734832074,
5.34992148160884));
#6338=CARTESIAN_POINT('Ctrl Pts',(22.1596127334507,-0.0949677149899054,
5.34998080941326));
#6339=CARTESIAN_POINT('Ctrl Pts',(22.1639739637746,-0.142963864722215,5.35001344394903));
#6340=CARTESIAN_POINT('Ctrl Pts',(22.1682904516481,-0.190467615478854,5.35004574368269));
#6341=CARTESIAN_POINT('Ctrl Pts',(22.1703762361351,-0.238182619662168,5.35005233249768));
#6342=CARTESIAN_POINT('Ctrl Pts',(22.1702042759821,-0.285842500207673,5.35002573127497));
#6343=CARTESIAN_POINT('Ctrl Pts',(22.1701610968996,-0.29780986518971,5.35001905172526));
#6344=CARTESIAN_POINT('Ctrl Pts',(22.1699754257189,-0.309773637256277,5.35001046033685));
#6345=CARTESIAN_POINT('Ctrl Pts',(22.1696465445766,-0.321729340386538,5.35000018419024));
#6346=CARTESIAN_POINT('',(22.1696465380598,0.321729160100391,5.35));
#6347=CARTESIAN_POINT('Ctrl Pts',(22.169646540643,0.321729396581922,5.35000016579724));
#6348=CARTESIAN_POINT('Ctrl Pts',(22.1711466850945,0.267144447165448,5.34998091903513));
#6349=CARTESIAN_POINT('Ctrl Pts',(22.1696501341016,0.212756464500221,5.3499688854245));
#6350=CARTESIAN_POINT('Ctrl Pts',(22.1653352578947,0.158978583242563,5.34995442703184));
#6351=CARTESIAN_POINT('Ctrl Pts',(22.1610203816879,0.105200701984904,5.34993996863919));
#6352=CARTESIAN_POINT('Ctrl Pts',(22.1538866457038,0.0520319009633295,5.34992173831404));
#6353=CARTESIAN_POINT('Ctrl Pts',(22.1440588014496,-0.000122214330440906,
5.34988495452523));
#6354=CARTESIAN_POINT('',(21.2710767333898,4.50833065144617,5.35));
#6355=CARTESIAN_POINT('Origin',(10.4682944589645,-6.24500451351651E-16,
5.35));
#6356=CARTESIAN_POINT('',(21.5211972384302,5.15405321090783,5.35));
#6357=CARTESIAN_POINT('Origin',(21.7325063693006,4.70089931738952,5.35));
#6358=CARTESIAN_POINT('',(22.7545674171041,5.72918317056353,5.35));
#6359=CARTESIAN_POINT('',(24.6276824032169,6.60263103319295,5.35));
#6360=CARTESIAN_POINT('',(18.75,6.9900000000001,5.35));
#6361=CARTESIAN_POINT('Origin',(18.75,0.,5.35));
#6362=CARTESIAN_POINT('',(9.55456242557899,7.32946441182237,5.35));
#6363=CARTESIAN_POINT('Ctrl Pts',(9.55453307980272,7.32890783808375,5.35));
#6364=CARTESIAN_POINT('Ctrl Pts',(10.8440664988668,7.25769817179251,5.35));
#6365=CARTESIAN_POINT('Ctrl Pts',(13.9062695607306,7.06662394111847,5.35));
#6366=CARTESIAN_POINT('Ctrl Pts',(16.9738244783754,6.9900000000001,5.35));
#6367=CARTESIAN_POINT('Ctrl Pts',(18.75,6.9900000000001,5.35));
#6368=CARTESIAN_POINT('',(10.4756123217197,2.52131087919014,5.35));
#6369=CARTESIAN_POINT('Origin',(5.45358511812996,4.05158626830585,5.35));
#6370=CARTESIAN_POINT('Origin',(18.75,0.,5.35));
#6371=CARTESIAN_POINT('',(16.85,-2.32682891837997E-16,5.35));
#6372=CARTESIAN_POINT('Origin',(18.75,0.,5.35));
#6373=CARTESIAN_POINT('Ctrl Pts',(9.55456242558519,-7.32946441182303,5.35));
#6374=CARTESIAN_POINT('Ctrl Pts',(9.16598163451677,-7.74552187740112,5.34999999999975));
#6375=CARTESIAN_POINT('Ctrl Pts',(8.38779158721464,-8.32388590700058,5.10605722796103));
#6376=CARTESIAN_POINT('Ctrl Pts',(7.38428444486198,-8.73602757307932,4.64236358801417));
#6377=CARTESIAN_POINT('Ctrl Pts',(6.79660759629541,-8.89073603183387,4.31326584270597));
#6378=CARTESIAN_POINT('Ctrl Pts',(6.48908594875092,-8.95118006386621,4.09085998581245));
#6379=CARTESIAN_POINT('Ctrl Pts',(6.36868528716209,-8.97009721389324,3.93807519072042));
#6380=CARTESIAN_POINT('Ctrl Pts',(6.36868528717289,-8.97009721389155,3.84999999997614));
#6381=CARTESIAN_POINT('Ctrl Pts',(9.50343702803907,-7.2886002931919,5.35000000000003));
#6382=CARTESIAN_POINT('Ctrl Pts',(9.12540390247114,-7.70310206184516,5.3617149940332));
#6383=CARTESIAN_POINT('Ctrl Pts',(8.36170684593843,-8.29682807907685,5.13083292428082));
#6384=CARTESIAN_POINT('Ctrl Pts',(7.36925394750284,-8.72586928848891,4.66192847100587));
#6385=CARTESIAN_POINT('Ctrl Pts',(6.786894497871,-8.88740350242605,4.3256452779263));
#6386=CARTESIAN_POINT('Ctrl Pts',(6.48191269053993,-8.95052249920727,4.09746061924389));
#6387=CARTESIAN_POINT('Ctrl Pts',(6.36247144327264,-8.97026710263353,3.94050354383874));
#6388=CARTESIAN_POINT('Ctrl Pts',(6.36247144328336,-8.97026710263176,3.84999999997548));
#6389=CARTESIAN_POINT('Ctrl Pts',(9.40164186736032,-7.20723624084791,5.40423375442192));
#6390=CARTESIAN_POINT('Ctrl Pts',(9.04494270501307,-7.63300804045815,5.42567430504929));
#6391=CARTESIAN_POINT('Ctrl Pts',(8.31020727474836,-8.25869022405177,5.19500714628166));
#6392=CARTESIAN_POINT('Ctrl Pts',(7.33936029046862,-8.71248872128577,4.70439990072335));
#6393=CARTESIAN_POINT('Ctrl Pts',(6.76753886406561,-8.88352877884652,4.351094277872));
#6394=CARTESIAN_POINT('Ctrl Pts',(6.46757907420484,-8.95021104653789,4.11075001960198));
#6395=CARTESIAN_POINT('Ctrl Pts',(6.35005643808591,-8.97107061849251,3.9453874950104));
#6396=CARTESIAN_POINT('Ctrl Pts',(6.35005643809645,-8.97107061849064,3.84999999997416));
#6397=CARTESIAN_POINT('Ctrl Pts',(9.35927779189708,-7.1733749764174,5.53455015305023));
#6398=CARTESIAN_POINT('Ctrl Pts',(9.00090771335193,-7.62211588387532,5.54190944830182));
#6399=CARTESIAN_POINT('Ctrl Pts',(8.27056338732039,-8.25852011603719,5.27530754898106));
#6400=CARTESIAN_POINT('Ctrl Pts',(7.31266217368375,-8.71439261122586,4.75111601464387));
#6401=CARTESIAN_POINT('Ctrl Pts',(6.74899817288439,-8.8853703458506,4.37735698500704));
#6402=CARTESIAN_POINT('Ctrl Pts',(6.45351550735861,-8.95200137777108,4.12425818623334));
#6403=CARTESIAN_POINT('Ctrl Pts',(6.33773583668473,-8.97279710991615,3.95029875679268));
#6404=CARTESIAN_POINT('Ctrl Pts',(6.33773583669512,-8.97279710991428,3.84999999997283));
#6405=CARTESIAN_POINT('Ctrl Pts',(9.35927779189706,-7.17337497641743,5.6));
#6406=CARTESIAN_POINT('Ctrl Pts',(8.99267494395727,-7.63203447943148,5.59999999999971));
#6407=CARTESIAN_POINT('Ctrl Pts',(8.25565527352796,-8.26782866099745,5.31540009928787));
#6408=CARTESIAN_POINT('Ctrl Pts',(7.30048045075218,-8.71894511493451,4.77442418601654));
#6409=CARTESIAN_POINT('Ctrl Pts',(6.74004035254338,-8.88767326375195,4.39047681649031));
#6410=CARTESIAN_POINT('Ctrl Pts',(6.4465604364627,-8.95338379590324,4.13100331678119));
#6411=CARTESIAN_POINT('Ctrl Pts',(6.33161626700452,-8.97388870736743,3.95275438917383));
#6412=CARTESIAN_POINT('Ctrl Pts',(6.33161626701483,-8.97388870736559,3.84999999997216));
#6413=CARTESIAN_POINT('',(6.349793850736,-8.97061156886959,3.95098053835773));
#6414=CARTESIAN_POINT('',(6.36868528717289,-8.97009721389155,3.85));
#6415=CARTESIAN_POINT('Ctrl Pts',(6.34913437499217,-8.97070070685651,3.94882265259337));
#6416=CARTESIAN_POINT('Ctrl Pts',(6.34915286226141,-8.97069831932134,3.94731161997854));
#6417=CARTESIAN_POINT('Ctrl Pts',(6.34918279242336,-8.97069558267025,3.94580122155451));
#6418=CARTESIAN_POINT('Ctrl Pts',(6.34922425644698,-8.97069251765522,3.9442913474827));
#6419=CARTESIAN_POINT('Ctrl Pts',(6.34950629613077,-8.97067166931983,3.9340211332426));
#6420=CARTESIAN_POINT('Ctrl Pts',(6.35031405758544,-8.97063743013432,3.9237568597648));
#6421=CARTESIAN_POINT('Ctrl Pts',(6.35168882194916,-8.97059156300285,3.91352690633322));
#6422=CARTESIAN_POINT('Ctrl Pts',(6.3524747190425,-8.97056534262192,3.90767885638445));
#6423=CARTESIAN_POINT('Ctrl Pts',(6.35344668749212,-8.97053507347518,3.90184187820515));
#6424=CARTESIAN_POINT('Ctrl Pts',(6.35462008321222,-8.97049983670919,3.89602016231284));
#6425=CARTESIAN_POINT('Ctrl Pts',(6.35487354441846,-8.97049222533558,3.89476263332485));
#6426=CARTESIAN_POINT('Ctrl Pts',(6.35513642776686,-8.97048438056146,3.89350581354025));
#6427=CARTESIAN_POINT('Ctrl Pts',(6.35540892809666,-8.97047629004039,3.89224973961496));
#6428=CARTESIAN_POINT('Ctrl Pts',(6.35697184265305,-8.9704298871859,3.88504557871271));
#6429=CARTESIAN_POINT('Ctrl Pts',(6.3588591866201,-8.97037236374349,3.87804586076073));
#6430=CARTESIAN_POINT('Ctrl Pts',(6.36104263706548,-8.97030957540542,3.87111933800771));
#6431=CARTESIAN_POINT('Ctrl Pts',(6.36305080280829,-8.97025182763751,3.86474886793875));
#6432=CARTESIAN_POINT('Ctrl Pts',(6.36530930381461,-8.97018949798233,3.85844030358933));
#6433=CARTESIAN_POINT('Ctrl Pts',(6.367842877627,-8.97012024077034,3.85208851410363));
#6434=CARTESIAN_POINT('Ctrl Pts',(6.36806402308462,-8.97011419558714,3.85153409197246));
#6435=CARTESIAN_POINT('Ctrl Pts',(6.36828729723401,-8.97010809362558,3.85097933825871));
#6436=CARTESIAN_POINT('Ctrl Pts',(6.36851273613383,-8.97010193105654,3.85042418163579));
#6437=CARTESIAN_POINT('Ctrl Pts',(6.3685701185599,-8.97010036245785,3.85028287401808));
#6438=CARTESIAN_POINT('Ctrl Pts',(6.36862763793343,-8.97009879004262,3.85014147558081));
#6439=CARTESIAN_POINT('Ctrl Pts',(6.36868528717289,-8.97009721389155,3.84999999997614));
#6440=CARTESIAN_POINT('Ctrl Pts',(6.36868528717289,-8.97009721389155,3.84999999997614));
#6441=CARTESIAN_POINT('Ctrl Pts',(6.36868528716209,-8.97009721389324,3.93807519072042));
#6442=CARTESIAN_POINT('Ctrl Pts',(6.48908594875092,-8.95118006386621,4.09085998581245));
#6443=CARTESIAN_POINT('Ctrl Pts',(6.79660759629541,-8.89073603183387,4.31326584270597));
#6444=CARTESIAN_POINT('Ctrl Pts',(7.38428444486198,-8.73602757307932,4.64236358801417));
#6445=CARTESIAN_POINT('Ctrl Pts',(8.38779158721464,-8.32388590700058,5.10605722796103));
#6446=CARTESIAN_POINT('Ctrl Pts',(9.16598163451677,-7.74552187740112,5.34999999999975));
#6447=CARTESIAN_POINT('Ctrl Pts',(9.55456242558519,-7.32946441182303,5.35));
#6448=CARTESIAN_POINT('',(9.35927779189706,-7.17337497641743,5.6));
#6449=CARTESIAN_POINT('Origin',(9.5545624255852,-7.32946441182319,5.6));
#6450=CARTESIAN_POINT('Ctrl Pts',(9.35927779189706,-7.17337497641743,5.6));
#6451=CARTESIAN_POINT('Ctrl Pts',(8.99267494395727,-7.63203447943148,5.59999999999971));
#6452=CARTESIAN_POINT('Ctrl Pts',(8.25565527352796,-8.26782866099745,5.31540009928787));
#6453=CARTESIAN_POINT('Ctrl Pts',(7.30048045075218,-8.71894511493451,4.77442418601654));
#6454=CARTESIAN_POINT('Ctrl Pts',(6.74004035254338,-8.88767326375195,4.39047681649031));
#6455=CARTESIAN_POINT('Ctrl Pts',(6.47171570300084,-8.94775149924491,4.15324376557215));
#6456=CARTESIAN_POINT('Ctrl Pts',(6.37195984929953,-8.96649555055329,4.01244228458519));
#6457=CARTESIAN_POINT('Ctrl Pts',(6.34988781970528,-8.97056195376644,3.95094353206425));
#6458=CARTESIAN_POINT('Origin',(18.75,0.,5.6));
#6459=CARTESIAN_POINT('',(10.2364681691651,-2.5941811358199,5.6));
#6460=CARTESIAN_POINT('Origin',(10.475612321721,-2.52131087919443,5.6));
#6461=CARTESIAN_POINT('',(10.2364681691524,2.59418113581896,5.6));
#6462=CARTESIAN_POINT('Origin',(10.4756123217197,2.52131087919014,5.6));
#6463=CARTESIAN_POINT('Origin',(18.75,0.,5.6));
#6464=CARTESIAN_POINT('Origin',(5.45358511812996,4.05158626830585,5.6));
#6465=CARTESIAN_POINT('',(9.35927779189072,7.17337497641664,5.6));
#6466=CARTESIAN_POINT('Origin',(9.55456242557893,7.32946441182231,5.6));
#6467=CARTESIAN_POINT('Origin',(5.45358511812996,4.05158626830585,5.6));
#6468=CARTESIAN_POINT('Ctrl Pts',(6.36868528715343,8.97009721389208,3.84999999997613));
#6469=CARTESIAN_POINT('Ctrl Pts',(6.36868528714262,8.97009721389378,3.93807519072063));
#6470=CARTESIAN_POINT('Ctrl Pts',(6.48908594873383,8.95118006386672,4.09085998581203));
#6471=CARTESIAN_POINT('Ctrl Pts',(6.79660759628027,8.89073603183475,4.31326584270464));
#6472=CARTESIAN_POINT('Ctrl Pts',(7.38428444484953,8.73602757308073,4.64236358801259));
#6473=CARTESIAN_POINT('Ctrl Pts',(8.38779158720525,8.32388590700231,5.1060572279603));
#6474=CARTESIAN_POINT('Ctrl Pts',(9.16598163450967,7.74552187740165,5.35));
#6475=CARTESIAN_POINT('Ctrl Pts',(9.55456242557884,7.32946441182242,5.35));
#6476=CARTESIAN_POINT('Ctrl Pts',(6.36247144326402,8.97026710263229,3.84999999997548));
#6477=CARTESIAN_POINT('Ctrl Pts',(6.36247144325331,8.97026710263406,3.94050354383896));
#6478=CARTESIAN_POINT('Ctrl Pts',(6.48191269052296,8.95052249920777,4.09746061924347));
#6479=CARTESIAN_POINT('Ctrl Pts',(6.78689449785596,8.88740350242694,4.32564527792494));
#6480=CARTESIAN_POINT('Ctrl Pts',(7.36925394749046,8.72586928849035,4.66192847100426));
#6481=CARTESIAN_POINT('Ctrl Pts',(8.36170684592909,8.29682807907861,5.13083292428012));
#6482=CARTESIAN_POINT('Ctrl Pts',(9.12540390246405,7.70310206184566,5.36171499403345));
#6483=CARTESIAN_POINT('Ctrl Pts',(9.50343702803268,7.2886002931913,5.35));
#6484=CARTESIAN_POINT('Ctrl Pts',(6.35005643807738,8.97107061849114,3.84999999997415));
#6485=CARTESIAN_POINT('Ctrl Pts',(6.35005643806684,8.97107061849301,3.94538749501062));
#6486=CARTESIAN_POINT('Ctrl Pts',(6.4675790741881,8.95021104653837,4.11075001960153));
#6487=CARTESIAN_POINT('Ctrl Pts',(6.76753886405076,8.88352877884741,4.35109427787057));
#6488=CARTESIAN_POINT('Ctrl Pts',(7.3393602904564,8.71248872128725,4.70439990072166));
#6489=CARTESIAN_POINT('Ctrl Pts',(8.31020727473912,8.25869022405359,5.19500714628095));
#6490=CARTESIAN_POINT('Ctrl Pts',(9.04494270500599,7.63300804045862,5.42567430504956));
#6491=CARTESIAN_POINT('Ctrl Pts',(9.40164186735387,7.2072362408473,5.40423375442187));
#6492=CARTESIAN_POINT('Ctrl Pts',(6.33773583667631,8.9727971099147,3.84999999997282));
#6493=CARTESIAN_POINT('Ctrl Pts',(6.33773583666593,8.97279710991657,3.95029875679292));
#6494=CARTESIAN_POINT('Ctrl Pts',(6.45351550734209,8.95200137777149,4.12425818623286));
#6495=CARTESIAN_POINT('Ctrl Pts',(6.74899817286972,8.88537034585142,4.37735698500552));
#6496=CARTESIAN_POINT('Ctrl Pts',(7.31266217367164,8.71439261122729,4.75111601464207));
#6497=CARTESIAN_POINT('Ctrl Pts',(8.27056338731119,8.25852011603899,5.27530754898025));
#6498=CARTESIAN_POINT('Ctrl Pts',(9.00090771334486,7.62211588387582,5.5419094483021));
#6499=CARTESIAN_POINT('Ctrl Pts',(9.35927779189063,7.17337497641674,5.53455015305021));
#6500=CARTESIAN_POINT('Ctrl Pts',(6.33161626699615,8.97388870736597,3.84999999997216));
#6501=CARTESIAN_POINT('Ctrl Pts',(6.33161626698584,8.97388870736781,3.95275438917407));
#6502=CARTESIAN_POINT('Ctrl Pts',(6.44656043644628,8.9533837959036,4.1310033167807));
#6503=CARTESIAN_POINT('Ctrl Pts',(6.74004035252879,8.88767326375273,4.39047681648875));
#6504=CARTESIAN_POINT('Ctrl Pts',(7.30048045074012,8.7189451149359,4.77442418601469));
#6505=CARTESIAN_POINT('Ctrl Pts',(8.25565527351874,8.26782866099924,5.31540009928702));
#6506=CARTESIAN_POINT('Ctrl Pts',(8.99267494395019,7.632034479432,5.6));
#6507=CARTESIAN_POINT('Ctrl Pts',(9.35927779189063,7.17337497641674,5.6));
#6508=CARTESIAN_POINT('',(6.36868528715343,8.97009721389208,3.85));
#6509=CARTESIAN_POINT('',(6.3497938507534,8.97061156886347,3.95098053845791));
#6510=CARTESIAN_POINT('Ctrl Pts',(6.36868528715343,8.97009721389208,3.84999999997613));
#6511=CARTESIAN_POINT('Ctrl Pts',(6.36862763734572,8.97009879005868,3.85014147697532));
#6512=CARTESIAN_POINT('Ctrl Pts',(6.36857011910516,8.97010036244295,3.85028287261735));
#6513=CARTESIAN_POINT('Ctrl Pts',(6.36851273611435,8.97010193105707,3.85042418162828));
#6514=CARTESIAN_POINT('Ctrl Pts',(6.36582710280182,8.97017534518708,3.85703771260202));
#6515=CARTESIAN_POINT('Ctrl Pts',(6.36344581982533,8.97024059605607,3.8636078069347));
#6516=CARTESIAN_POINT('Ctrl Pts',(6.36133586295217,8.97030078725311,3.87023142399551));
#6517=CARTESIAN_POINT('Ctrl Pts',(6.35908672288977,8.97036494895916,3.87729196759193));
#6518=CARTESIAN_POINT('Ctrl Pts',(6.35714625620757,8.9704234910148,3.8844133051846));
#6519=CARTESIAN_POINT('Ctrl Pts',(6.35553201962053,8.97047231947218,3.89170731148975));
#6520=CARTESIAN_POINT('Ctrl Pts',(6.35521529148001,8.97048190006689,3.89313846295323));
#6521=CARTESIAN_POINT('Ctrl Pts',(6.35491128057193,8.97049108045063,3.89457624501418));
#6522=CARTESIAN_POINT('Ctrl Pts',(6.3546203418489,8.97049979081896,3.89602147685686));
#6523=CARTESIAN_POINT('Ctrl Pts',(6.35461895314091,8.97049983239527,3.8960283752339));
#6524=CARTESIAN_POINT('Ctrl Pts',(6.35461756473088,8.97049987396084,3.89603527378065));
#6525=CARTESIAN_POINT('Ctrl Pts',(6.35461617661884,8.97049991551567,3.89604217249721));
#6526=CARTESIAN_POINT('Ctrl Pts',(6.35263628954131,8.97055918585956,3.90588192564635));
#6527=CARTESIAN_POINT('Ctrl Pts',(6.35122925624031,8.97060477828365,3.915742188766));
#6528=CARTESIAN_POINT('Ctrl Pts',(6.35032778865286,8.97063993135098,3.92562306582025));
#6529=CARTESIAN_POINT('Ctrl Pts',(6.34962337279736,8.97066740031198,3.93334408270451));
#6530=CARTESIAN_POINT('Ctrl Pts',(6.34922913366957,8.97068846926165,3.94107767526904));
#6531=CARTESIAN_POINT('Ctrl Pts',(6.34913437497301,8.97070070685704,3.94882265259113));
#6532=CARTESIAN_POINT('Ctrl Pts',(6.34988781972283,8.97056195376021,3.95094353216432));
#6533=CARTESIAN_POINT('Ctrl Pts',(6.37195984932447,8.96649555054562,4.01244228464573));
#6534=CARTESIAN_POINT('Ctrl Pts',(6.47171570301071,8.94775149923946,4.15324376559467));
#6535=CARTESIAN_POINT('Ctrl Pts',(6.74004035252879,8.88767326375273,4.39047681648875));
#6536=CARTESIAN_POINT('Ctrl Pts',(7.30048045074012,8.7189451149359,4.77442418601469));
#6537=CARTESIAN_POINT('Ctrl Pts',(8.25565527351874,8.26782866099924,5.31540009928702));
#6538=CARTESIAN_POINT('Ctrl Pts',(8.99267494395019,7.632034479432,5.6));
#6539=CARTESIAN_POINT('Ctrl Pts',(9.35927779189063,7.17337497641674,5.6));
#6540=CARTESIAN_POINT('Ctrl Pts',(9.55456242557884,7.32946441182242,5.35));
#6541=CARTESIAN_POINT('Ctrl Pts',(9.16598163450967,7.74552187740165,5.35));
#6542=CARTESIAN_POINT('Ctrl Pts',(8.38779158720525,8.32388590700231,5.1060572279603));
#6543=CARTESIAN_POINT('Ctrl Pts',(7.38428444484953,8.73602757308073,4.64236358801259));
#6544=CARTESIAN_POINT('Ctrl Pts',(6.79660759628027,8.89073603183475,4.31326584270464));
#6545=CARTESIAN_POINT('Ctrl Pts',(6.48908594873383,8.95118006386672,4.09085998581203));
#6546=CARTESIAN_POINT('Ctrl Pts',(6.36868528714262,8.97009721389378,3.93807519072063));
#6547=CARTESIAN_POINT('Ctrl Pts',(6.36868528715343,8.97009721389208,3.84999999997613));
#6548=CARTESIAN_POINT('Origin',(5.45358511812996,-4.05158626829879,5.6));
#6549=CARTESIAN_POINT('Origin',(5.45358511812996,-4.05158626829879,5.6));
#6550=CARTESIAN_POINT('Ctrl Pts',(18.75,-6.9900000000001,5.35));
#6551=CARTESIAN_POINT('Ctrl Pts',(16.3817659711708,-6.9900000000001,5.35));
#6552=CARTESIAN_POINT('Ctrl Pts',(12.2389814739583,-7.14726183554113,5.35));
#6553=CARTESIAN_POINT('Ctrl Pts',(8.10321515965291,-7.42211402278446,5.35));
#6554=CARTESIAN_POINT('Ctrl Pts',(6.3276900634561,-7.47065752132889,5.35));
#6555=CARTESIAN_POINT('Ctrl Pts',(18.75,-7.43879895051293,5.35));
#6556=CARTESIAN_POINT('Ctrl Pts',(16.3909386486772,-7.43879895051293,5.35));
#6557=CARTESIAN_POINT('Ctrl Pts',(12.2718707304892,-7.59496894205281,5.35));
#6558=CARTESIAN_POINT('Ctrl Pts',(8.12525619880225,-7.87047806955006,5.35));
#6559=CARTESIAN_POINT('Ctrl Pts',(6.33995580570952,-7.91928882824848,5.35));
#6560=CARTESIAN_POINT('Ctrl Pts',(18.75,-8.21613114289493,4.97380912873259));
#6561=CARTESIAN_POINT('Ctrl Pts',(16.4066932369853,-8.21613114289493,4.97380912873259));
#6562=CARTESIAN_POINT('Ctrl Pts',(12.3286757957586,-8.37041790156748,4.97380912873259));
#6563=CARTESIAN_POINT('Ctrl Pts',(8.16329042447814,-8.64706086428214,4.97380912873259));
#6564=CARTESIAN_POINT('Ctrl Pts',(6.36120041046216,-8.69633065729137,4.97380912873259));
#6565=CARTESIAN_POINT('Ctrl Pts',(18.75,-8.4900000000001,4.18659921288462));
#6566=CARTESIAN_POINT('Ctrl Pts',(16.4123105928197,-8.4900000000001,4.18659921288462));
#6567=CARTESIAN_POINT('Ctrl Pts',(12.3487697299819,-8.64361930406115,4.18659921288462));
#6568=CARTESIAN_POINT('Ctrl Pts',(8.17676170167152,-8.92066375052714,4.18659921288462));
#6569=CARTESIAN_POINT('Ctrl Pts',(6.36868528717289,-8.97009721389155,4.18659921288462));
#6570=CARTESIAN_POINT('Ctrl Pts',(18.75,-8.4900000000001,3.85));
#6571=CARTESIAN_POINT('Ctrl Pts',(16.4122871501386,-8.4900000000001,3.85));
#6572=CARTESIAN_POINT('Ctrl Pts',(12.3487414671675,-8.64362069412165,3.85));
#6573=CARTESIAN_POINT('Ctrl Pts',(8.1767367188714,-8.92066443356594,3.85));
#6574=CARTESIAN_POINT('Ctrl Pts',(6.36868528717289,-8.97009721389155,3.85));
#6575=CARTESIAN_POINT('',(18.75,-8.4900000000001,3.85));
#6576=CARTESIAN_POINT('Ctrl Pts',(6.36868528717289,-8.97009721389155,3.85));
#6577=CARTESIAN_POINT('Ctrl Pts',(8.1767367188714,-8.92066443356594,3.85));
#6578=CARTESIAN_POINT('Ctrl Pts',(12.3487414671675,-8.64362069412165,3.85));
#6579=CARTESIAN_POINT('Ctrl Pts',(16.4122871501386,-8.4900000000001,3.85));
#6580=CARTESIAN_POINT('Ctrl Pts',(18.75,-8.4900000000001,3.85));
#6581=CARTESIAN_POINT('Origin',(18.75,-6.9900000000001,3.85));
#6582=CARTESIAN_POINT('Origin',(5.45358511812996,-4.05158626829879,5.35));
#6583=CARTESIAN_POINT('',(10.2364681691651,-2.5941811358199,5.35));
#6584=CARTESIAN_POINT('',(6.34979385073209,-8.97061156887008,7.26791336460867));
#6585=CARTESIAN_POINT('Ctrl Pts',(6.34979385073348,-8.97061156887006,7.26791336460813));
#6586=CARTESIAN_POINT('Ctrl Pts',(6.34979385073348,-8.97061156887006,7.29900882509212));
#6587=CARTESIAN_POINT('Ctrl Pts',(6.35575109782562,-8.96953694641228,7.32867187655583));
#6588=CARTESIAN_POINT('Ctrl Pts',(6.38039444325997,-8.9649554805948,7.38898644886011));
#6589=CARTESIAN_POINT('Ctrl Pts',(6.39954748234076,-8.96133790107389,7.41753276537015));
#6590=CARTESIAN_POINT('Ctrl Pts',(6.4498070159764,-8.95141970780715,7.4760552027274));
#6591=CARTESIAN_POINT('Ctrl Pts',(6.49120753832876,-8.94320551342222,7.5143665642428));
#6592=CARTESIAN_POINT('Ctrl Pts',(6.66376026979786,-8.9041504375838,7.63092813941604));
#6593=CARTESIAN_POINT('Ctrl Pts',(6.80760529915738,-8.86776705294119,7.70102394139956));
#6594=CARTESIAN_POINT('Ctrl Pts',(7.21956478669061,-8.73667116003281,7.86904982831853));
#6595=CARTESIAN_POINT('Ctrl Pts',(7.55445730833219,-8.60756149792962,7.97883488811137));
#6596=CARTESIAN_POINT('Ctrl Pts',(8.16081050655112,-8.26481661175311,8.11195501799198));
#6597=CARTESIAN_POINT('Ctrl Pts',(8.39945899523247,-8.10188480070233,8.14686957693662));
#6598=CARTESIAN_POINT('Ctrl Pts',(8.82822635207215,-7.75058330460314,8.16244383136078));
#6599=CARTESIAN_POINT('Ctrl Pts',(9.02022426363406,-7.56547204205931,8.14703002161332));
#6600=CARTESIAN_POINT('Ctrl Pts',(9.19368157942309,-7.36997118573643,8.10012915083282));
#6601=CARTESIAN_POINT('',(6.34979385073321,-8.97061156887011,5.35));
#6602=CARTESIAN_POINT('Origin',(18.75,0.,5.35));
#6603=CARTESIAN_POINT('',(10.2364681691524,2.59418113581896,5.35));
#6604=CARTESIAN_POINT('Origin',(5.45358511812996,4.05158626830585,-3.6));
#6605=CARTESIAN_POINT('',(9.35927779189063,7.17337497641675,-3.6));
#6606=CARTESIAN_POINT('',(9.55456242557883,7.32946441182243,-3.35));
#6607=CARTESIAN_POINT('Origin',(9.55456242557883,7.32946441182243,-3.6));
#6608=CARTESIAN_POINT('',(10.4756123217037,2.52131087919455,-3.35));
#6609=CARTESIAN_POINT('Origin',(5.45358511812996,4.05158626830585,-3.35));
#6610=CARTESIAN_POINT('',(10.2364681691524,2.59418113581896,-3.6));
#6611=CARTESIAN_POINT('Origin',(10.4756123217037,2.52131087919455,-3.6));
#6612=CARTESIAN_POINT('Origin',(5.45358511812996,4.05158626830585,-3.6));
#6613=CARTESIAN_POINT('Origin',(18.75,0.,-3.6));
#6614=CARTESIAN_POINT('',(10.475612321721,-2.52131087919443,-3.35));
#6615=CARTESIAN_POINT('',(10.2364681691651,-2.5941811358199,-3.6));
#6616=CARTESIAN_POINT('Origin',(10.475612321721,-2.52131087919443,-3.6));
#6617=CARTESIAN_POINT('Origin',(18.75,0.,-3.6));
#6618=CARTESIAN_POINT('Origin',(18.75,0.,-3.35));
#6619=CARTESIAN_POINT('Origin',(5.45358511812996,-4.05158626829879,-3.6));
#6620=CARTESIAN_POINT('',(9.55456242558629,-7.32946441182196,-3.35));
#6621=CARTESIAN_POINT('',(9.35927779189803,-7.17337497641621,-3.6));
#6622=CARTESIAN_POINT('Origin',(9.55456242558622,-7.32946441182191,-3.6));
#6623=CARTESIAN_POINT('Origin',(5.45358511812996,-4.05158626829879,-3.6));
#6624=CARTESIAN_POINT('Origin',(5.45358511812996,-4.05158626829879,-3.35));
#6625=CARTESIAN_POINT('Ctrl Pts',(6.3686852871729,-8.97009721389155,-1.84999999997613));
#6626=CARTESIAN_POINT('Ctrl Pts',(6.36868528716209,-8.97009721389325,-1.93807519072044));
#6627=CARTESIAN_POINT('Ctrl Pts',(6.48910647821359,-8.95127418573451,-2.09092150267666));
#6628=CARTESIAN_POINT('Ctrl Pts',(6.79656482048703,-8.8906475539537,-2.31317708889747));
#6629=CARTESIAN_POINT('Ctrl Pts',(7.21649930738696,-8.78076163367617,-2.54868134161671));
#6630=CARTESIAN_POINT('Ctrl Pts',(7.88577948700513,-8.53777636110829,-2.87817457027596));
#6631=CARTESIAN_POINT('Ctrl Pts',(8.70601029144443,-8.1037894719482,-3.21540986188744));
#6632=CARTESIAN_POINT('Ctrl Pts',(9.29550856487385,-7.6068360555409,-3.35));
#6633=CARTESIAN_POINT('Ctrl Pts',(9.55456242558613,-7.32946441182202,-3.35));
#6634=CARTESIAN_POINT('Ctrl Pts',(6.36247144328336,-8.97026710263176,-1.84999999997547));
#6635=CARTESIAN_POINT('Ctrl Pts',(6.36247144327264,-8.97026710263353,-1.94050354383876));
#6636=CARTESIAN_POINT('Ctrl Pts',(6.48193937361973,-8.95062366584725,-2.09755271186656));
#6637=CARTESIAN_POINT('Ctrl Pts',(6.78684786795402,-8.88733111207571,-2.32555413616728));
#6638=CARTESIAN_POINT('Ctrl Pts',(7.2030222656514,-8.77258091164373,-2.56635366423435));
#6639=CARTESIAN_POINT('Ctrl Pts',(7.86530855780115,-8.5195834465387,-2.90069607326431));
#6640=CARTESIAN_POINT('Ctrl Pts',(8.67453613216555,-8.06989419681827,-3.23626569326724));
#6641=CARTESIAN_POINT('Ctrl Pts',(9.25141494432804,-7.56493480562654,-3.35780999602229));
#6642=CARTESIAN_POINT('Ctrl Pts',(9.50343702803999,-7.28860029319089,-3.35));
#6643=CARTESIAN_POINT('Ctrl Pts',(6.35005643798016,-8.97107061735367,-1.84999999997415));
#6644=CARTESIAN_POINT('Ctrl Pts',(6.35005643796962,-8.97107061735554,-1.94538749501042));
#6645=CARTESIAN_POINT('Ctrl Pts',(6.46761795692688,-8.95033072860186,-2.11086728692136));
#6646=CARTESIAN_POINT('Ctrl Pts',(6.76746616862776,-8.88344748932704,-2.35094317600249));
#6647=CARTESIAN_POINT('Ctrl Pts',(7.17621486629216,-8.76201411603096,-2.60411777215002));
#6648=CARTESIAN_POINT('Ctrl Pts',(7.82469935458283,-8.49432651604435,-2.95412853361552));
#6649=CARTESIAN_POINT('Ctrl Pts',(8.61231753014423,-8.01901179306241,-3.30193451626105));
#6650=CARTESIAN_POINT('Ctrl Pts',(9.16383534290475,-7.4910784459556,-3.41851838744534));
#6651=CARTESIAN_POINT('Ctrl Pts',(9.40163478446957,-7.20723057954864,-3.4042246870269));
#6652=CARTESIAN_POINT('Ctrl Pts',(6.33773583669512,-8.97279710991428,-1.84999999997282));
#6653=CARTESIAN_POINT('Ctrl Pts',(6.33773583668473,-8.97279710991615,-1.9502987567927));
#6654=CARTESIAN_POINT('Ctrl Pts',(6.45354791646858,-8.95211378638777,-2.12434582082139));
#6655=CARTESIAN_POINT('Ctrl Pts',(6.74896156720321,-8.88529370818781,-2.37724410099653));
#6656=CARTESIAN_POINT('Ctrl Pts',(7.15179802851999,-8.76386406936132,-2.64481846848847));
#6657=CARTESIAN_POINT('Ctrl Pts',(7.79162448084513,-8.49524333767231,-3.01779297904492));
#6658=CARTESIAN_POINT('Ctrl Pts',(8.57026922966102,-8.01578806701255,-3.39601770078042));
#6659=CARTESIAN_POINT('Ctrl Pts',(9.12036440620119,-7.47253558138842,-3.53945634988479));
#6660=CARTESIAN_POINT('Ctrl Pts',(9.35927779189795,-7.17337497641631,-3.53455015305021));
#6661=CARTESIAN_POINT('Ctrl Pts',(6.33161626701483,-8.97388870736559,-1.84999999997215));
#6662=CARTESIAN_POINT('Ctrl Pts',(6.33161626700452,-8.97388870736743,-1.95275438917385));
#6663=CARTESIAN_POINT('Ctrl Pts',(6.44658147848559,-8.95348827599906,-2.13107508645611));
#6664=CARTESIAN_POINT('Ctrl Pts',(6.73999970798788,-8.88757419264066,-2.39037327038039));
#6665=CARTESIAN_POINT('Ctrl Pts',(7.14047890279166,-8.76774379071327,-2.66512823188617));
#6666=CARTESIAN_POINT('Ctrl Pts',(7.7779285493038,-8.50199123767787,-3.04953699865529));
#6667=CARTESIAN_POINT('Ctrl Pts',(8.55725855000647,-8.02603475648757,-3.44297817220201));
#6668=CARTESIAN_POINT('Ctrl Pts',(9.11487589327143,-7.47914797842586,-3.6));
#6669=CARTESIAN_POINT('Ctrl Pts',(9.35927779189795,-7.17337497641631,-3.6));
#6670=CARTESIAN_POINT('',(6.3686852871729,-8.97009721389155,-1.85));
#6671=CARTESIAN_POINT('',(6.34979385073599,-8.9706115688696,-1.9509805383577));
#6672=CARTESIAN_POINT('Ctrl Pts',(6.3686852871729,-8.97009721389155,-1.84999999997613));
#6673=CARTESIAN_POINT('Ctrl Pts',(6.36862763764385,-8.97009879005053,-1.85014147629145));
#6674=CARTESIAN_POINT('Ctrl Pts',(6.36857011887417,-8.97010036257137,-1.85028287338366));
#6675=CARTESIAN_POINT('Ctrl Pts',(6.36851273621365,-8.97010193142023,-1.85042418187253));
#6676=CARTESIAN_POINT('Ctrl Pts',(6.36582695631664,-8.97017536096633,-1.85703808745342));
#6677=CARTESIAN_POINT('Ctrl Pts',(6.36344562064676,-8.97024089055007,-1.86360876269066));
#6678=CARTESIAN_POINT('Ctrl Pts',(6.36133573166293,-8.9703016239206,-1.87023326635526));
#6679=CARTESIAN_POINT('Ctrl Pts',(6.35908629433321,-8.97036637420456,-1.87729591559807));
#6680=CARTESIAN_POINT('Ctrl Pts',(6.35714577012209,-8.97042580996925,-1.88441971409449));
#6681=CARTESIAN_POINT('Ctrl Pts',(6.35553170361346,-8.97047577433234,-1.89171643273476));
#6682=CARTESIAN_POINT('Ctrl Pts',(6.35521552134375,-8.97048556193753,-1.89314579952283));
#6683=CARTESIAN_POINT('Ctrl Pts',(6.35491202380946,-8.97049495955007,-1.89458178461803));
#6684=CARTESIAN_POINT('Ctrl Pts',(6.35462156391206,-8.97050389666988,-1.8960252018921));
#6685=CARTESIAN_POINT('Ctrl Pts',(6.35462017555091,-8.97050393938817,-1.89603210124198));
#6686=CARTESIAN_POINT('Ctrl Pts',(6.35461878748777,-8.97050398209591,-1.89603900076163));
#6687=CARTESIAN_POINT('Ctrl Pts',(6.35461739972267,-8.9705040247931,-1.89604590045117));
#6688=CARTESIAN_POINT('Ctrl Pts',(6.35263651150151,-8.97056497052366,-1.90589447909453));
#6689=CARTESIAN_POINT('Ctrl Pts',(6.35122942667261,-8.97061254454125,-1.91576365811709));
#6690=CARTESIAN_POINT('Ctrl Pts',(6.35032837248815,-8.97064959440915,-1.92565306504418));
#6691=CARTESIAN_POINT('Ctrl Pts',(6.34962549189022,-8.97067849570471,-1.93336744268546));
#6692=CARTESIAN_POINT('Ctrl Pts',(6.34923200605681,-8.97070096491019,-1.94109412624672));
#6693=CARTESIAN_POINT('Ctrl Pts',(6.34913703803894,-8.9707144138628,-1.94883190098381));
#6694=CARTESIAN_POINT('Ctrl Pts',(6.34988753036263,-8.97057675279571,-1.95094462773855));
#6695=CARTESIAN_POINT('Ctrl Pts',(6.37196189134844,-8.96652599396813,-2.01245705681002));
#6696=CARTESIAN_POINT('Ctrl Pts',(6.47172923546985,-8.94783903139368,-2.15329854451067));
#6697=CARTESIAN_POINT('Ctrl Pts',(6.73999970798788,-8.88757419264066,-2.39037327038039));
#6698=CARTESIAN_POINT('Ctrl Pts',(7.14047890279166,-8.76774379071327,-2.66512823188617));
#6699=CARTESIAN_POINT('Ctrl Pts',(7.7779285493038,-8.50199123767787,-3.04953699865529));
#6700=CARTESIAN_POINT('Ctrl Pts',(8.55725855000647,-8.02603475648757,-3.44297817220201));
#6701=CARTESIAN_POINT('Ctrl Pts',(9.11487589327143,-7.47914797842586,-3.6));
#6702=CARTESIAN_POINT('Ctrl Pts',(9.35927779189795,-7.17337497641631,-3.6));
#6703=CARTESIAN_POINT('Ctrl Pts',(9.55456242558613,-7.32946441182202,-3.35));
#6704=CARTESIAN_POINT('Ctrl Pts',(9.29550856487385,-7.6068360555409,-3.35));
#6705=CARTESIAN_POINT('Ctrl Pts',(8.70601029144443,-8.1037894719482,-3.21540986188744));
#6706=CARTESIAN_POINT('Ctrl Pts',(7.88577948700513,-8.53777636110829,-2.87817457027596));
#6707=CARTESIAN_POINT('Ctrl Pts',(7.21649930738696,-8.78076163367617,-2.54868134161671));
#6708=CARTESIAN_POINT('Ctrl Pts',(6.79656482048703,-8.8906475539537,-2.31317708889747));
#6709=CARTESIAN_POINT('Ctrl Pts',(6.48910647821359,-8.95127418573451,-2.09092150267666));
#6710=CARTESIAN_POINT('Ctrl Pts',(6.36868528716209,-8.97009721389325,-1.93807519072044));
#6711=CARTESIAN_POINT('Ctrl Pts',(6.3686852871729,-8.97009721389155,-1.84999999997613));
#6712=CARTESIAN_POINT('Ctrl Pts',(9.55456242557883,7.32946441182243,-3.35));
#6713=CARTESIAN_POINT('Ctrl Pts',(9.16598163450967,7.74552187740166,-3.35));
#6714=CARTESIAN_POINT('Ctrl Pts',(8.38778453914309,8.32390548333716,-3.10606297922473));
#6715=CARTESIAN_POINT('Ctrl Pts',(7.38428441957687,8.73603186623879,-2.64237575302453));
#6716=CARTESIAN_POINT('Ctrl Pts',(6.79660884341545,8.8907385078147,-2.31327414516149));
#6717=CARTESIAN_POINT('Ctrl Pts',(6.48908670602514,8.95118102983061,-2.09086526396451));
#6718=CARTESIAN_POINT('Ctrl Pts',(6.36868528714262,8.97009721389378,-1.93807519072063));
#6719=CARTESIAN_POINT('Ctrl Pts',(6.36868528715342,8.97009721389208,-1.84999999997613));
#6720=CARTESIAN_POINT('Ctrl Pts',(9.50343702803268,7.28860029319131,-3.35));
#6721=CARTESIAN_POINT('Ctrl Pts',(9.12540390246404,7.70310206184566,-3.36171499403345));
#6722=CARTESIAN_POINT('Ctrl Pts',(8.36170031562181,8.29684996008693,-3.13084013024783));
#6723=CARTESIAN_POINT('Ctrl Pts',(7.36925397477069,8.72587402310894,-2.66194091819458));
#6724=CARTESIAN_POINT('Ctrl Pts',(6.78689579466591,8.88740624528904,-2.32565395015542));
#6725=CARTESIAN_POINT('Ctrl Pts',(6.48191345924308,8.95052356714248,-2.09746605862362));
#6726=CARTESIAN_POINT('Ctrl Pts',(6.3624714432533,8.97026710263406,-1.94050354383896));
#6727=CARTESIAN_POINT('Ctrl Pts',(6.36247144326402,8.97026710263229,-1.84999999997548));
#6728=CARTESIAN_POINT('Ctrl Pts',(9.40163478446225,7.20723057954907,-3.4042246870269));
#6729=CARTESIAN_POINT('Ctrl Pts',(9.04493562211438,7.63300237916038,-3.4256652376546));
#6730=CARTESIAN_POINT('Ctrl Pts',(8.31020301731194,8.25871398740379,-3.19502155632185));
#6731=CARTESIAN_POINT('Ctrl Pts',(7.33935988845525,8.71249324609059,-2.70441375435875));
#6732=CARTESIAN_POINT('Ctrl Pts',(6.76754044916528,8.88353185316388,-2.35110445363465));
#6733=CARTESIAN_POINT('Ctrl Pts',(6.46757983958914,8.95021215756789,-2.11075606443216));
#6734=CARTESIAN_POINT('Ctrl Pts',(6.35005643795054,8.97107061735604,-1.94538749501063));
#6735=CARTESIAN_POINT('Ctrl Pts',(6.35005643796109,8.97107061735418,-1.84999999997415));
#6736=CARTESIAN_POINT('Ctrl Pts',(9.35927779189063,7.17337497641675,-3.53455015305021));
#6737=CARTESIAN_POINT('Ctrl Pts',(9.00090771334485,7.62211588387582,-3.5419094483021));
#6738=CARTESIAN_POINT('Ctrl Pts',(8.27055566735947,8.25854169866076,-3.27531637199979));
#6739=CARTESIAN_POINT('Ctrl Pts',(7.31266165542913,8.71439709929231,-2.75113033611321));
#6740=CARTESIAN_POINT('Ctrl Pts',(6.7489992008186,8.88537301642053,-2.37736676460474));
#6741=CARTESIAN_POINT('Ctrl Pts',(6.45351613244625,8.95200239265948,-2.12426432152767));
#6742=CARTESIAN_POINT('Ctrl Pts',(6.33773583666592,8.97279710991657,-1.95029875679292));
#6743=CARTESIAN_POINT('Ctrl Pts',(6.33773583667631,8.97279710991471,-1.84999999997282));
#6744=CARTESIAN_POINT('Ctrl Pts',(9.35927779189063,7.17337497641675,-3.6));
#6745=CARTESIAN_POINT('Ctrl Pts',(8.99267494395019,7.632034479432,-3.6));
#6746=CARTESIAN_POINT('Ctrl Pts',(8.25564889571767,8.26785029869499,-3.31540680909552));
#6747=CARTESIAN_POINT('Ctrl Pts',(7.30048051087286,8.71894986447583,-2.77443837852862));
#6748=CARTESIAN_POINT('Ctrl Pts',(6.74004159336187,8.88767600811035,-2.3904865026884));
#6749=CARTESIAN_POINT('Ctrl Pts',(6.44656118024678,8.95338486734688,-2.13100947462526));
#6750=CARTESIAN_POINT('Ctrl Pts',(6.33161626698584,8.97388870736781,-1.95275438917407));
#6751=CARTESIAN_POINT('Ctrl Pts',(6.33161626699615,8.97388870736597,-1.84999999997216));
#6752=CARTESIAN_POINT('',(6.34979385075341,8.97061156886347,-1.95098053845794));
#6753=CARTESIAN_POINT('',(6.36868528715342,8.97009721389208,-1.85));
#6754=CARTESIAN_POINT('Ctrl Pts',(6.34913448172504,8.97070086514268,-1.94882353361586));
#6755=CARTESIAN_POINT('Ctrl Pts',(6.34915296492498,8.97069847284615,-1.94731247821894));
#6756=CARTESIAN_POINT('Ctrl Pts',(6.34918289131182,8.97069573162562,-1.94580205731055));
#6757=CARTESIAN_POINT('Ctrl Pts',(6.34922435180981,8.97069266220839,-1.94429216104978));
#6758=CARTESIAN_POINT('Ctrl Pts',(6.34950635698822,8.97067178470822,-1.9340221791387));
#6759=CARTESIAN_POINT('Ctrl Pts',(6.35031405581256,8.9706375244994,-1.92375815036969));
#6760=CARTESIAN_POINT('Ctrl Pts',(6.35168871438313,8.97059163995006,-1.91352845713047));
#6761=CARTESIAN_POINT('Ctrl Pts',(6.35247463162831,8.97056540692072,-1.90767995590858));
#6762=CARTESIAN_POINT('Ctrl Pts',(6.35344664424637,8.97053512563287,-1.90184253395648));
#6763=CARTESIAN_POINT('Ctrl Pts',(6.35462011069256,8.97049987720466,-1.89602038448919));
#6764=CARTESIAN_POINT('Ctrl Pts',(6.35487357062995,8.97049226380895,-1.89476284393974));
#6765=CARTESIAN_POINT('Ctrl Pts',(6.35513645272898,8.97048441706764,-1.89350601297725));
#6766=CARTESIAN_POINT('Ctrl Pts',(6.35540895183562,8.97047632463969,-1.8922499282821));
#6767=CARTESIAN_POINT('Ctrl Pts',(6.35697185744565,8.97042991090568,-1.88504571451066));
#6768=CARTESIAN_POINT('Ctrl Pts',(6.35885919388199,8.97037237883216,-1.87804595409651));
#6769=CARTESIAN_POINT('Ctrl Pts',(6.36104263981221,8.97030958460341,-1.87111939973461));
#6770=CARTESIAN_POINT('Ctrl Pts',(6.36305079832043,8.97025183150635,-1.86474891037102));
#6771=CARTESIAN_POINT('Ctrl Pts',(6.36530929386103,8.97018949889006,-1.85844033551851));
#6772=CARTESIAN_POINT('Ctrl Pts',(6.36784286524633,8.97012024119822,-1.85208854578315));
#6773=CARTESIAN_POINT('Ctrl Pts',(6.36806401471974,8.97011419585758,-1.85153411303131));
#6774=CARTESIAN_POINT('Ctrl Pts',(6.36828729298949,8.9701080937549,-1.85097934876392));
#6775=CARTESIAN_POINT('Ctrl Pts',(6.36851273611726,8.97010193106067,-1.85042418165236));
#6776=CARTESIAN_POINT('Ctrl Pts',(6.36857011882731,8.97010036245177,-1.85028287331572));
#6777=CARTESIAN_POINT('Ctrl Pts',(6.36862763762627,8.97009879005101,-1.85014147628682));
#6778=CARTESIAN_POINT('Ctrl Pts',(6.36868528715342,8.97009721389208,-1.84999999997613));
#6779=CARTESIAN_POINT('Ctrl Pts',(6.36868528715342,8.97009721389208,-1.84999999997613));
#6780=CARTESIAN_POINT('Ctrl Pts',(6.36868528714262,8.97009721389378,-1.93807519072063));
#6781=CARTESIAN_POINT('Ctrl Pts',(6.48908670602514,8.95118102983061,-2.09086526396451));
#6782=CARTESIAN_POINT('Ctrl Pts',(6.79660884341545,8.8907385078147,-2.31327414516149));
#6783=CARTESIAN_POINT('Ctrl Pts',(7.38428441957687,8.73603186623879,-2.64237575302453));
#6784=CARTESIAN_POINT('Ctrl Pts',(8.38778453914309,8.32390548333716,-3.10606297922473));
#6785=CARTESIAN_POINT('Ctrl Pts',(9.16598163450967,7.74552187740166,-3.35));
#6786=CARTESIAN_POINT('Ctrl Pts',(9.55456242557883,7.32946441182243,-3.35));
#6787=CARTESIAN_POINT('Ctrl Pts',(9.35927779189063,7.17337497641675,-3.6));
#6788=CARTESIAN_POINT('Ctrl Pts',(8.99267494395019,7.632034479432,-3.6));
#6789=CARTESIAN_POINT('Ctrl Pts',(8.25564889571767,8.26785029869499,-3.31540680909552));
#6790=CARTESIAN_POINT('Ctrl Pts',(7.30048051087286,8.71894986447583,-2.77443837852862));
#6791=CARTESIAN_POINT('Ctrl Pts',(6.74004159336187,8.88767600811035,-2.3904865026884));
#6792=CARTESIAN_POINT('Ctrl Pts',(6.47171627136404,8.94775276289479,-2.1532500330819));
#6793=CARTESIAN_POINT('Ctrl Pts',(6.37195973197999,8.96649597821758,-2.01244376173389));
#6794=CARTESIAN_POINT('Ctrl Pts',(6.34988763143358,8.97056217389087,-1.95094361519267));
#6795=CARTESIAN_POINT('Origin',(18.3075,0.,-3.35));
#6796=CARTESIAN_POINT('',(18.75,6.9900000000001,-3.35));
#6797=CARTESIAN_POINT('Ctrl Pts',(18.75,6.9900000000001,-3.35));
#6798=CARTESIAN_POINT('Ctrl Pts',(16.3817659711671,6.9900000000001,-3.35));
#6799=CARTESIAN_POINT('Ctrl Pts',(13.3153217478514,7.10640610077513,-3.35));
#6800=CARTESIAN_POINT('Ctrl Pts',(10.2527197770637,7.287233956491,-3.35));
#6801=CARTESIAN_POINT('Ctrl Pts',(9.55439019213486,7.32626406974823,-3.35));
#6802=CARTESIAN_POINT('',(22.7545674171041,5.72918317056353,-3.35));
#6803=CARTESIAN_POINT('Origin',(18.75,0.,-3.35));
#6804=CARTESIAN_POINT('',(21.5211972384302,5.15405321090783,-3.35));
#6805=CARTESIAN_POINT('',(24.6276824032169,6.60263103319295,-3.35));
#6806=CARTESIAN_POINT('',(21.2710767333898,4.50833065144617,-3.35));
#6807=CARTESIAN_POINT('Origin',(21.7325063693006,4.70089931738952,-3.35));
#6808=CARTESIAN_POINT('',(22.1696465380598,0.321729160100392,-3.35));
#6809=CARTESIAN_POINT('Origin',(10.4682944589645,-6.24500451351651E-16,
-3.35));
#6810=CARTESIAN_POINT('',(22.1444685637868,-4.26741975090295E-15,-3.35));
#6811=CARTESIAN_POINT('Ctrl Pts',(22.1440609811582,-0.000123479424990663,
-3.34988367840835));
#6812=CARTESIAN_POINT('Ctrl Pts',(22.1530099423448,0.0473665053808638,-3.3499206672945));
#6813=CARTESIAN_POINT('Ctrl Pts',(22.1596646943491,0.0953341353760074,-3.3499797209278));
#6814=CARTESIAN_POINT('Ctrl Pts',(22.1640247033897,0.143516492492722,-3.35001211077593));
#6815=CARTESIAN_POINT('Ctrl Pts',(22.1683445734234,0.191255274391425,-3.35004420243744));
#6816=CARTESIAN_POINT('Ctrl Pts',(22.1704119270375,0.239205889563998,-3.35005056768351));
#6817=CARTESIAN_POINT('Ctrl Pts',(22.1701992274827,0.287097407755097,-3.35002422583217));
#6818=CARTESIAN_POINT('Ctrl Pts',(22.1701479357106,0.298646284025248,-3.35001787358456));
#6819=CARTESIAN_POINT('Ctrl Pts',(22.1699639230163,0.310191616520181,-3.35000978584912));
#6820=CARTESIAN_POINT('Ctrl Pts',(22.1696465432177,0.321729381820312,-3.3500001661506));
#6821=CARTESIAN_POINT('',(22.1696465398153,-0.321729096250128,-3.35000003014273));
#6822=CARTESIAN_POINT('Ctrl Pts',(22.1696465365025,-0.321729228500755,-3.35000009062794));
#6823=CARTESIAN_POINT('Ctrl Pts',(22.17102880355,-0.27144465298595,-3.34999831879186));
#6824=CARTESIAN_POINT('Ctrl Pts',(22.1698682558823,-0.221337525876029,-3.34999148307585));
#6825=CARTESIAN_POINT('Ctrl Pts',(22.1663069251377,-0.17172925761708,-3.34997545846537));
#6826=CARTESIAN_POINT('Ctrl Pts',(22.1625000601838,-0.118700771522865,-3.34995832904595));
#6827=CARTESIAN_POINT('Ctrl Pts',(22.1559498497294,-0.0662412230832317,
-3.34992973016078));
#6828=CARTESIAN_POINT('Ctrl Pts',(22.1467796750508,-0.0147170729701781,
-3.34989409989275));
#6829=CARTESIAN_POINT('Ctrl Pts',(22.1458976863526,-0.00976147292180993,
-3.34989067296853));
#6830=CARTESIAN_POINT('Ctrl Pts',(22.1449914258844,-0.00481451522045603,
-3.34988719463631));
#6831=CARTESIAN_POINT('Ctrl Pts',(22.1440609811582,0.000123479424982309,
-3.34988367840835));
#6832=CARTESIAN_POINT('',(21.1084722664792,-4.87973015195278,-3.35));
#6833=CARTESIAN_POINT('Origin',(10.4682944589645,-6.24500451351651E-16,
-3.35));
#6834=CARTESIAN_POINT('',(21.312956421304,-5.52117546408924,-3.35));
#6835=CARTESIAN_POINT('Origin',(21.562956421304,-5.08816276219702,-3.35));
#6836=CARTESIAN_POINT('',(22.2399976145027,-6.05640294653235,-3.35));
#6837=CARTESIAN_POINT('',(18.7895701090998,-4.06429769746883,-3.35));
#6838=CARTESIAN_POINT('',(18.75,-6.9900000000001,-3.35));
#6839=CARTESIAN_POINT('Origin',(18.75,0.,-3.35));
#6840=CARTESIAN_POINT('Ctrl Pts',(9.55456242512187,-7.32946440351249,-3.3499963478394));
#6841=CARTESIAN_POINT('Ctrl Pts',(10.252900760015,-7.29043383639082,-3.34999634783939));
#6842=CARTESIAN_POINT('Ctrl Pts',(13.3155126155907,-7.10960490843503,-3.3499963478394));
#6843=CARTESIAN_POINT('Ctrl Pts',(16.3818314660031,-6.99320458140819,-3.34999634783939));
#6844=CARTESIAN_POINT('Ctrl Pts',(18.75,-6.99320458140819,-3.34999634783939));
#6845=CARTESIAN_POINT('',(18.75,-3.5,-3.35));
#6846=CARTESIAN_POINT('',(18.75,3.5,-3.35));
#6847=CARTESIAN_POINT('Origin',(18.75,0.,-3.35));
#6848=CARTESIAN_POINT('',(18.75,-1.9,-3.35));
#6849=CARTESIAN_POINT('',(18.75,0.,-3.35));
#6850=CARTESIAN_POINT('',(18.75,1.9,-3.35));
#6851=CARTESIAN_POINT('Origin',(18.75,0.,-3.35));
#6852=CARTESIAN_POINT('',(18.75,0.,-3.35));
#6853=CARTESIAN_POINT('Ctrl Pts',(18.75,6.9900000000001,-3.35));
#6854=CARTESIAN_POINT('Ctrl Pts',(16.3817659711671,6.9900000000001,-3.35));
#6855=CARTESIAN_POINT('Ctrl Pts',(12.2389840971988,7.14726523921215,-3.35));
#6856=CARTESIAN_POINT('Ctrl Pts',(8.10321515963654,7.42211402278532,-3.35));
#6857=CARTESIAN_POINT('Ctrl Pts',(6.32769006343698,7.47065752132941,-3.35));
#6858=CARTESIAN_POINT('Ctrl Pts',(18.75,7.43879895051293,-3.35));
#6859=CARTESIAN_POINT('Ctrl Pts',(16.3909386486736,7.43879895051293,-3.35));
#6860=CARTESIAN_POINT('Ctrl Pts',(12.2718782486182,7.59497174503622,-3.35));
#6861=CARTESIAN_POINT('Ctrl Pts',(8.1252561987858,7.87047806955093,-3.35));
#6862=CARTESIAN_POINT('Ctrl Pts',(6.3399558056903,7.91928882824901,-3.35));
#6863=CARTESIAN_POINT('Ctrl Pts',(18.75,8.21615305819739,-2.97383543764065));
#6864=CARTESIAN_POINT('Ctrl Pts',(16.4066932369817,8.21615305819739,-2.97383543764065));
#6865=CARTESIAN_POINT('Ctrl Pts',(12.3287011932663,8.37044129509652,-2.97383543764065));
#6866=CARTESIAN_POINT('Ctrl Pts',(8.16329102341007,8.64708277139927,-2.97383543764065));
#6867=CARTESIAN_POINT('Ctrl Pts',(6.36120100939124,8.69635256440816,-2.97383543764065));
#6868=CARTESIAN_POINT('Ctrl Pts',(18.75,8.4900000000001,-2.18659921288462));
#6869=CARTESIAN_POINT('Ctrl Pts',(16.4123105928161,8.4900000000001,-2.18659921288462));
#6870=CARTESIAN_POINT('Ctrl Pts',(12.3487957718516,8.64362048195997,-2.18659921288462));
#6871=CARTESIAN_POINT('Ctrl Pts',(8.17676170165491,8.92066375052802,-2.18659921288462));
#6872=CARTESIAN_POINT('Ctrl Pts',(6.36868528715342,8.97009721389208,-2.18659921288462));
#6873=CARTESIAN_POINT('Ctrl Pts',(18.75,8.4900000000001,-1.85));
#6874=CARTESIAN_POINT('Ctrl Pts',(16.4122871501349,8.4900000000001,-1.85));
#6875=CARTESIAN_POINT('Ctrl Pts',(12.348768976076,8.64362182668713,-1.85));
#6876=CARTESIAN_POINT('Ctrl Pts',(8.17673671885479,8.92066443356681,-1.85));
#6877=CARTESIAN_POINT('Ctrl Pts',(6.36868528715342,8.97009721389208,-1.85));
#6878=CARTESIAN_POINT('',(18.75,8.4900000000001,-1.85));
#6879=CARTESIAN_POINT('Ctrl Pts',(6.36868528715342,8.97009721389208,-1.85));
#6880=CARTESIAN_POINT('Ctrl Pts',(8.17673671885479,8.92066443356681,-1.85));
#6881=CARTESIAN_POINT('Ctrl Pts',(12.348768976076,8.64362182668713,-1.85));
#6882=CARTESIAN_POINT('Ctrl Pts',(16.4122871501349,8.4900000000001,-1.85));
#6883=CARTESIAN_POINT('Ctrl Pts',(18.75,8.4900000000001,-1.85));
#6884=CARTESIAN_POINT('Origin',(18.75,6.9900000000001,-1.85));
#6885=CARTESIAN_POINT('Origin',(5.45358511812996,4.05158626830585,-3.35));
#6886=CARTESIAN_POINT('',(10.2364681691524,2.59418113581896,-5.00103256459603));
#6887=CARTESIAN_POINT('',(10.2364681691524,2.59418113581896,-3.35));
#6888=CARTESIAN_POINT('',(9.17646568812422,7.3892741299124,-5.60118738062991));
#6889=CARTESIAN_POINT('Ctrl Pts',(9.17646568812422,7.3892741299124,-5.60118738062991));
#6890=CARTESIAN_POINT('Ctrl Pts',(9.34473022721498,7.20159067682325,-5.50270751532982));
#6891=CARTESIAN_POINT('Ctrl Pts',(9.50091049009683,6.9988622756652,-5.41242114958739));
#6892=CARTESIAN_POINT('Ctrl Pts',(9.94543817094324,6.31676583951877,-5.1589065245293));
#6893=CARTESIAN_POINT('Ctrl Pts',(10.1743303442635,5.79674294042289,-5.03418742425552));
#6894=CARTESIAN_POINT('Ctrl Pts',(10.411999855226,4.82357734373336,-4.90671639354809));
#6895=CARTESIAN_POINT('Ctrl Pts',(10.4601937154277,4.39586867031273,-4.88159231527336));
#6896=CARTESIAN_POINT('Ctrl Pts',(10.4454488282572,3.53246616939038,-4.88936254500432));
#6897=CARTESIAN_POINT('Ctrl Pts',(10.3815769104236,3.10328003546555,-4.92276385353652));
#6898=CARTESIAN_POINT('Ctrl Pts',(10.2555616221452,2.65798085976326,-4.99071289630459));
#6899=CARTESIAN_POINT('Ctrl Pts',(10.2461657326966,2.62600640614222,-4.99578688554806));
#6900=CARTESIAN_POINT('Ctrl Pts',(10.2364681691524,2.59418113581896,-5.00103256459603));
#6901=CARTESIAN_POINT('',(6.34979385075082,8.97061156886959,-5.56710079276536));
#6902=CARTESIAN_POINT('Ctrl Pts',(6.34979385071442,8.97061156887057,-5.56710079278678));
#6903=CARTESIAN_POINT('Ctrl Pts',(6.34979385071442,8.97061156887057,-5.59990713622065));
#6904=CARTESIAN_POINT('Ctrl Pts',(6.35492978708966,8.96968918925898,-5.63190148714579));
#6905=CARTESIAN_POINT('Ctrl Pts',(6.37805393440286,8.96539098950415,-5.68857832908538));
#6906=CARTESIAN_POINT('Ctrl Pts',(6.39347528717845,8.96249153848991,-5.71177495981456));
#6907=CARTESIAN_POINT('Ctrl Pts',(6.43731912163407,8.95392205464481,-5.75891690890352));
#6908=CARTESIAN_POINT('Ctrl Pts',(6.46732893939143,8.94784368114031,-5.78032495582914));
#6909=CARTESIAN_POINT('Ctrl Pts',(6.55786419388619,8.9284969837354,-5.83140788117773));
#6910=CARTESIAN_POINT('Ctrl Pts',(6.62869081469041,8.91199900263466,-5.85503076871761));
#6911=CARTESIAN_POINT('Ctrl Pts',(6.84302681550722,8.85713020319012,-5.91158704246534));
#6912=CARTESIAN_POINT('Ctrl Pts',(7.03997930749612,8.79911807529151,-5.93701832218037));
#6913=CARTESIAN_POINT('Ctrl Pts',(7.60880276542965,8.57871794925435,-5.96717576672305));
#6914=CARTESIAN_POINT('Ctrl Pts',(8.02958006035684,8.36698929630957,-5.95469538644155));
#6915=CARTESIAN_POINT('Ctrl Pts',(8.71280037653364,7.85884566664902,-5.81371533644364));
#6916=CARTESIAN_POINT('Ctrl Pts',(8.96082444392632,7.62980189386194,-5.72739531960805));
#6917=CARTESIAN_POINT('Ctrl Pts',(9.17646568812422,7.3892741299124,-5.60118738062991));
#6918=CARTESIAN_POINT('',(6.34979385075061,8.97061156886398,-3.35));
#6919=CARTESIAN_POINT('Origin',(18.75,0.,-1.85));
#6920=CARTESIAN_POINT('',(24.2811194935237,6.44102609437053,-1.85));
#6921=CARTESIAN_POINT('Ctrl Pts',(24.2811194935237,6.44102609437053,-1.85));
#6922=CARTESIAN_POINT('Ctrl Pts',(24.2811194935237,6.44102609437053,-2.02878835351902));
#6923=CARTESIAN_POINT('Ctrl Pts',(24.2408183175363,6.42223334737494,-2.2386755717678));
#6924=CARTESIAN_POINT('Ctrl Pts',(24.1080913390279,6.36034174085267,-2.57452940655154));
#6925=CARTESIAN_POINT('Ctrl Pts',(23.989285402038,6.30494162260003,-2.7575546256159));
#6926=CARTESIAN_POINT('Ctrl Pts',(23.7327451266004,6.18531492753826,-3.02451212701712));
#6927=CARTESIAN_POINT('Ctrl Pts',(23.5461706275483,6.09831380981379,-3.15131030581211));
#6928=CARTESIAN_POINT('Ctrl Pts',(23.189917412639,5.93219020745924,-3.30391839339455));
#6929=CARTESIAN_POINT('Ctrl Pts',(22.9541219931289,5.82223699758379,-3.35));
#6930=CARTESIAN_POINT('Ctrl Pts',(22.7545674171041,5.72918317056353,-3.35));
#6931=CARTESIAN_POINT('Origin',(18.75,0.,-1.85));
#6932=CARTESIAN_POINT('Origin',(32.3479954811698,10.2026721447971,1.));
#6933=CARTESIAN_POINT('',(24.2811194935237,6.44102609437053,-0.4));
#6934=CARTESIAN_POINT('',(24.2811194935237,6.44102609437053,1.));
#6935=CARTESIAN_POINT('',(23.4868126427288,6.07063472691982,-0.4));
#6936=CARTESIAN_POINT('',(26.0224329802688,7.25301390848848,-0.4));
#6937=CARTESIAN_POINT('',(23.4868126427288,6.07063472691982,2.4));
#6938=CARTESIAN_POINT('',(23.4868126427288,6.07063472691982,1.));
#6939=CARTESIAN_POINT('',(24.2811194935237,6.44102609437053,2.4));
#6940=CARTESIAN_POINT('',(26.0224329802688,7.25301390848848,2.4));
#6941=CARTESIAN_POINT('',(24.2811194935237,6.44102609437053,3.85));
#6942=CARTESIAN_POINT('',(24.2811194935237,6.44102609437053,1.));
#6943=CARTESIAN_POINT('Ctrl Pts',(22.7545674171041,5.72918317056353,5.35));
#6944=CARTESIAN_POINT('Ctrl Pts',(22.9541219931289,5.82223699758379,5.35));
#6945=CARTESIAN_POINT('Ctrl Pts',(23.189917412639,5.93219020745924,5.30391839339455));
#6946=CARTESIAN_POINT('Ctrl Pts',(23.5461706275483,6.09831380981379,5.15131030581211));
#6947=CARTESIAN_POINT('Ctrl Pts',(23.7327451266004,6.18531492753826,5.02451212701712));
#6948=CARTESIAN_POINT('Ctrl Pts',(23.989285402038,6.30494162260003,4.7575546256159));
#6949=CARTESIAN_POINT('Ctrl Pts',(24.1080913390279,6.36034174085267,4.57452940655154));
#6950=CARTESIAN_POINT('Ctrl Pts',(24.2408183175363,6.42223334737494,4.2386755717678));
#6951=CARTESIAN_POINT('Ctrl Pts',(24.2811194935237,6.44102609437053,4.02878835351902));
#6952=CARTESIAN_POINT('Ctrl Pts',(24.2811194935237,6.44102609437053,3.85));
#6953=CARTESIAN_POINT('',(21.5211972384302,5.15405321090783,3.81));
#6954=CARTESIAN_POINT('',(21.5211972384302,5.15405321090783,1.));
#6955=CARTESIAN_POINT('',(20.4238160570349,4.64233596210792,3.));
#6956=CARTESIAN_POINT('Ctrl Pts',(21.5211972384302,5.15405321090783,3.81));
#6957=CARTESIAN_POINT('Ctrl Pts',(21.3630295027125,5.08029838446959,3.58787384797613));
#6958=CARTESIAN_POINT('Ctrl Pts',(21.1669813321604,4.98887962117388,3.32688502415385));
#6959=CARTESIAN_POINT('Ctrl Pts',(20.8722270468691,4.8514334406685,3.12341098338739));
#6960=CARTESIAN_POINT('Ctrl Pts',(20.7726127885294,4.80498254914329,3.07191417198952));
#6961=CARTESIAN_POINT('Ctrl Pts',(20.6052399092698,4.72693529377705,3.01679518035083));
#6962=CARTESIAN_POINT('Ctrl Pts',(20.5068132853927,4.68103820529681,3.));
#6963=CARTESIAN_POINT('Ctrl Pts',(20.4238160570349,4.64233596210792,3.));
#6964=CARTESIAN_POINT('',(17.9740686807479,3.50000000000002,3.));
#6965=CARTESIAN_POINT('',(17.2708360839072,3.17207725462891,3.));
#6966=CARTESIAN_POINT('',(14.45,1.85669978630054,3.));
#6967=CARTESIAN_POINT('',(17.2708360839072,3.17207725462891,3.));
#6968=CARTESIAN_POINT('',(14.45,1.85669978630054,-1.));
#6969=CARTESIAN_POINT('',(14.45,1.85669978630054,1.));
#6970=CARTESIAN_POINT('',(17.9740686807479,3.50000000000002,-1.));
#6971=CARTESIAN_POINT('',(17.2708360839072,3.17207725462891,-1.));
#6972=CARTESIAN_POINT('',(20.4238160570349,4.64233596210792,-1.));
#6973=CARTESIAN_POINT('',(17.2708360839072,3.17207725462891,-1.));
#6974=CARTESIAN_POINT('',(21.5211972384302,5.15405321090783,-1.81));
#6975=CARTESIAN_POINT('Ctrl Pts',(20.4238160570349,4.64233596210792,-1.));
#6976=CARTESIAN_POINT('Ctrl Pts',(20.5068132853927,4.68103820529681,-1.));
#6977=CARTESIAN_POINT('Ctrl Pts',(20.6052399092698,4.72693529377705,-1.01679518035083));
#6978=CARTESIAN_POINT('Ctrl Pts',(20.7726127885294,4.80498254914329,-1.07191417198953));
#6979=CARTESIAN_POINT('Ctrl Pts',(20.8722270468691,4.8514334406685,-1.12341098338739));
#6980=CARTESIAN_POINT('Ctrl Pts',(21.1669813321604,4.98887962117388,-1.32688502415385));
#6981=CARTESIAN_POINT('Ctrl Pts',(21.3630295027125,5.08029838446959,-1.58787384797613));
#6982=CARTESIAN_POINT('Ctrl Pts',(21.5211972384302,5.15405321090783,-1.81));
#6983=CARTESIAN_POINT('',(21.5211972384302,5.15405321090783,1.));
#6984=CARTESIAN_POINT('Ctrl Pts',(6.3276900634561,-7.47065752132889,-3.35));
#6985=CARTESIAN_POINT('Ctrl Pts',(8.10321515965292,-7.42211402278446,-3.35));
#6986=CARTESIAN_POINT('Ctrl Pts',(12.2389840972088,-7.1472652392115,-3.35));
#6987=CARTESIAN_POINT('Ctrl Pts',(16.3817659711708,-6.9900000000001,-3.35));
#6988=CARTESIAN_POINT('Ctrl Pts',(18.75,-6.9900000000001,-3.35));
#6989=CARTESIAN_POINT('Ctrl Pts',(6.33995580570953,-7.91928882824849,-3.35));
#6990=CARTESIAN_POINT('Ctrl Pts',(8.12525619880225,-7.87047806955006,-3.35));
#6991=CARTESIAN_POINT('Ctrl Pts',(12.2718782486282,-7.59497174503559,-3.35));
#6992=CARTESIAN_POINT('Ctrl Pts',(16.3909386486772,-7.43879895051293,-3.35));
#6993=CARTESIAN_POINT('Ctrl Pts',(18.75,-7.43879895051293,-3.35));
#6994=CARTESIAN_POINT('Ctrl Pts',(6.36120100941066,-8.69635256440763,-2.97383543764065));
#6995=CARTESIAN_POINT('Ctrl Pts',(8.16329102342665,-8.6470827713984,-2.97383543764065));
#6996=CARTESIAN_POINT('Ctrl Pts',(12.3287011932761,-8.37044129509589,-2.97383543764066));
#6997=CARTESIAN_POINT('Ctrl Pts',(16.4066932369853,-8.21615305819739,-2.97383543764065));
#6998=CARTESIAN_POINT('Ctrl Pts',(18.75,-8.21615305819739,-2.97383543764065));
#6999=CARTESIAN_POINT('Ctrl Pts',(6.3686852871729,-8.97009721389155,-2.18659921288462));
#7000=CARTESIAN_POINT('Ctrl Pts',(8.17676170167153,-8.92066375052714,-2.18659921288462));
#7001=CARTESIAN_POINT('Ctrl Pts',(12.3487957718613,-8.64362048195935,-2.18659921288462));
#7002=CARTESIAN_POINT('Ctrl Pts',(16.4123105928197,-8.4900000000001,-2.18659921288462));
#7003=CARTESIAN_POINT('Ctrl Pts',(18.75,-8.4900000000001,-2.18659921288462));
#7004=CARTESIAN_POINT('Ctrl Pts',(6.3686852871729,-8.97009721389155,-1.85));
#7005=CARTESIAN_POINT('Ctrl Pts',(8.17673671887141,-8.92066443356594,-1.85));
#7006=CARTESIAN_POINT('Ctrl Pts',(12.3487689760858,-8.6436218266865,-1.85));
#7007=CARTESIAN_POINT('Ctrl Pts',(16.4122871501385,-8.4900000000001,-1.85));
#7008=CARTESIAN_POINT('Ctrl Pts',(18.75,-8.4900000000001,-1.85));
#7009=CARTESIAN_POINT('',(18.75,-8.4900000000001,-1.85));
#7010=CARTESIAN_POINT('Origin',(18.75,-6.9900000000001,-1.85));
#7011=CARTESIAN_POINT('Ctrl Pts',(18.75,-8.4900000000001,-1.85));
#7012=CARTESIAN_POINT('Ctrl Pts',(16.4122871501385,-8.4900000000001,-1.85));
#7013=CARTESIAN_POINT('Ctrl Pts',(12.3487689760858,-8.6436218266865,-1.85));
#7014=CARTESIAN_POINT('Ctrl Pts',(8.17673671887141,-8.92066443356594,-1.85));
#7015=CARTESIAN_POINT('Ctrl Pts',(6.3686852871729,-8.97009721389155,-1.85));
#7016=CARTESIAN_POINT('Origin',(18.75,0.,-1.85));
#7017=CARTESIAN_POINT('',(23.6986995006488,-6.89858487316623,-1.85));
#7018=CARTESIAN_POINT('Ctrl Pts',(22.2399976145027,-6.05640294653235,-3.35));
#7019=CARTESIAN_POINT('Ctrl Pts',(22.4306826497091,-6.1664950029392,-3.35));
#7020=CARTESIAN_POINT('Ctrl Pts',(22.6559977427852,-6.29658073257918,-3.30391839339455));
#7021=CARTESIAN_POINT('Ctrl Pts',(22.9964166807048,-6.49312169802431,-3.1513103058121));
#7022=CARTESIAN_POINT('Ctrl Pts',(23.1746985604246,-6.59605278927214,-3.02451212701712));
#7023=CARTESIAN_POINT('Ctrl Pts',(23.419836469202,-6.73758322689334,-2.7575546256159));
#7024=CARTESIAN_POINT('Ctrl Pts',(23.5333618752784,-6.80312715065145,-2.57452940655154));
#7025=CARTESIAN_POINT('Ctrl Pts',(23.660189578626,-6.87635115931986,-2.2386755717678));
#7026=CARTESIAN_POINT('Ctrl Pts',(23.6986995006488,-6.89858487316623,-2.02878835351902));
#7027=CARTESIAN_POINT('Ctrl Pts',(23.6986995006488,-6.89858487316623,-1.85));
#7028=CARTESIAN_POINT('Origin',(18.75,0.,-1.85));
#7029=CARTESIAN_POINT('Ctrl Pts',(18.75,-8.4900000000001,-8.52115015710908));
#7030=CARTESIAN_POINT('Ctrl Pts',(18.75,-8.4900000000001,9.19205542285908));
#7031=CARTESIAN_POINT('Ctrl Pts',(12.5,-8.4900000000001,-8.52115015710908));
#7032=CARTESIAN_POINT('Ctrl Pts',(12.5,-8.4900000000001,9.19205542285908));
#7033=CARTESIAN_POINT('Ctrl Pts',(9.375,-9.,-8.52115015710908));
#7034=CARTESIAN_POINT('Ctrl Pts',(9.375,-9.,9.19205542285908));
#7035=CARTESIAN_POINT('Ctrl Pts',(4.2,-9.,-8.52115015710908));
#7036=CARTESIAN_POINT('Ctrl Pts',(4.2,-9.,9.19205542285908));
#7037=CARTESIAN_POINT('',(6.3497938507332,-8.97061156887007,-5.56710079277573));
#7038=CARTESIAN_POINT('',(6.3497938507332,-8.97061156887011,-3.35));
#7039=CARTESIAN_POINT('',(18.75,-8.49,0.6));
#7040=CARTESIAN_POINT('',(18.75,-8.49,3.17499999999999));
#7041=CARTESIAN_POINT('',(15.2741055700228,-8.54492085018943,0.6));
#7042=CARTESIAN_POINT('Ctrl Pts',(18.75,-8.4900000000001,0.599999999999999));
#7043=CARTESIAN_POINT('Ctrl Pts',(17.4761597485042,-8.4900000000001,0.599999999999999));
#7044=CARTESIAN_POINT('Ctrl Pts',(16.3321330159148,-8.51118556628563,0.599999999999999));
#7045=CARTESIAN_POINT('Ctrl Pts',(15.2741055700229,-8.54492085018942,0.599999999999999));
#7046=CARTESIAN_POINT('',(15.2741055700228,-8.54492085018943,1.4));
#7047=CARTESIAN_POINT('Ctrl Pts',(15.2741055700228,-8.54492085018943,0.6));
#7048=CARTESIAN_POINT('Ctrl Pts',(15.2741055700228,-8.54492085018943,0.866666666666667));
#7049=CARTESIAN_POINT('Ctrl Pts',(15.2741055700228,-8.54492085018943,1.13333333333333));
#7050=CARTESIAN_POINT('Ctrl Pts',(15.2741055700228,-8.54492085018943,1.4));
#7051=CARTESIAN_POINT('',(18.75,-8.49,1.4));
#7052=CARTESIAN_POINT('Ctrl Pts',(15.2741055700229,-8.54492085018942,1.4));
#7053=CARTESIAN_POINT('Ctrl Pts',(16.3321330159148,-8.51118556628563,1.4));
#7054=CARTESIAN_POINT('Ctrl Pts',(17.4761597485042,-8.4900000000001,1.4));
#7055=CARTESIAN_POINT('Ctrl Pts',(18.75,-8.4900000000001,1.4));
#7056=CARTESIAN_POINT('',(18.75,-8.49,3.17499999999999));
#7057=CARTESIAN_POINT('',(4.20000000000563,-9.,7.67364690295066));
#7058=CARTESIAN_POINT('Ctrl Pts',(4.20000000001148,-9.,7.67364690295066));
#7059=CARTESIAN_POINT('Ctrl Pts',(4.920838510988,-8.99999999999989,7.55980112858951));
#7060=CARTESIAN_POINT('Ctrl Pts',(5.63799957750111,-8.98903483697481,7.42284240746877));
#7061=CARTESIAN_POINT('Ctrl Pts',(6.349940152867,-8.96961818963829,7.26871429947172));
#7062=CARTESIAN_POINT('',(4.2,-9.,-6.81250389955448));
#7063=CARTESIAN_POINT('',(4.2,-9.,1.));
#7064=CARTESIAN_POINT('Ctrl Pts',(6.34977602316441,-8.96998713026339,-5.56709929339847));
#7065=CARTESIAN_POINT('Ctrl Pts',(5.63689901677667,-8.98933136145607,-5.986993008802));
#7066=CARTESIAN_POINT('Ctrl Pts',(4.92202284225116,-8.99997747498761,-6.4062356134362));
#7067=CARTESIAN_POINT('Ctrl Pts',(4.20186906139464,-8.99999506159712,-6.81572842512107));
#7068=CARTESIAN_POINT('Origin',(18.75,0.,1.));
#7069=CARTESIAN_POINT('',(23.6986995006488,-6.89858487316623,-0.4));
#7070=CARTESIAN_POINT('',(23.6986995006488,-6.89858487316623,1.));
#7071=CARTESIAN_POINT('',(20.2299656446946,-8.36001206282167,0.6));
#7072=CARTESIAN_POINT('Origin',(18.75,0.,-1.56666666666691));
#7073=CARTESIAN_POINT('Origin',(18.75,0.,0.6));
#7074=CARTESIAN_POINT('Origin',(20.9110152182,-5.28911460227875,1.));
#7075=CARTESIAN_POINT('',(21.312956421304,-5.52117546408924,-1.81));
#7076=CARTESIAN_POINT('',(21.312956421304,-5.52117546408924,1.));
#7077=CARTESIAN_POINT('',(20.2643502035082,-4.91576238197093,-1.));
#7078=CARTESIAN_POINT('Ctrl Pts',(21.312956421304,-5.52117546408924,-1.81));
#7079=CARTESIAN_POINT('Ctrl Pts',(21.1618187182522,-5.43391607054761,-1.58787384797613));
#7080=CARTESIAN_POINT('Ctrl Pts',(20.9744842403938,-5.32575845932755,-1.32688502415385));
#7081=CARTESIAN_POINT('Ctrl Pts',(20.6928308080965,-5.16314577437253,-1.12341098338739));
#7082=CARTESIAN_POINT('Ctrl Pts',(20.5976440740364,-5.10818968783964,-1.07191417198952));
#7083=CARTESIAN_POINT('Ctrl Pts',(20.4377103656244,-5.01585191823551,-1.01679518035083));
#7084=CARTESIAN_POINT('Ctrl Pts',(20.3436584796034,-4.9615510365235,-1.));
#7085=CARTESIAN_POINT('Ctrl Pts',(20.2643502035082,-4.91576238197094,-1.));
#7086=CARTESIAN_POINT('',(17.8121778264897,-3.50000000000002,-1.));
#7087=CARTESIAN_POINT('',(16.9999999999997,-3.0310889132462,-1.));
#7088=CARTESIAN_POINT('',(14.45,-1.55884572681291,-1.));
#7089=CARTESIAN_POINT('',(16.9999999999997,-3.0310889132462,-1.));
#7090=CARTESIAN_POINT('',(14.45,-1.55884572681291,3.));
#7091=CARTESIAN_POINT('',(14.45,-1.55884572681291,1.));
#7092=CARTESIAN_POINT('',(17.8121778264897,-3.50000000000002,3.));
#7093=CARTESIAN_POINT('',(16.9999999999997,-3.0310889132462,3.));
#7094=CARTESIAN_POINT('',(20.2643502035082,-4.91576238197093,3.));
#7095=CARTESIAN_POINT('',(16.9999999999997,-3.0310889132462,3.));
#7096=CARTESIAN_POINT('',(21.312956421304,-5.52117546408924,3.81));
#7097=CARTESIAN_POINT('Ctrl Pts',(20.2643502035082,-4.91576238197094,3.));
#7098=CARTESIAN_POINT('Ctrl Pts',(20.3436584796034,-4.9615510365235,3.));
#7099=CARTESIAN_POINT('Ctrl Pts',(20.4377103656244,-5.01585191823551,3.01679518035083));
#7100=CARTESIAN_POINT('Ctrl Pts',(20.5976440740364,-5.10818968783964,3.07191417198952));
#7101=CARTESIAN_POINT('Ctrl Pts',(20.6928308080965,-5.16314577437253,3.12341098338739));
#7102=CARTESIAN_POINT('Ctrl Pts',(20.9744842403938,-5.32575845932755,3.32688502415385));
#7103=CARTESIAN_POINT('Ctrl Pts',(21.1618187182522,-5.43391607054761,3.58787384797613));
#7104=CARTESIAN_POINT('Ctrl Pts',(21.312956421304,-5.52117546408924,3.81));
#7105=CARTESIAN_POINT('',(21.312956421304,-5.52117546408924,1.));
#7106=CARTESIAN_POINT('',(23.6986995006488,-6.89858487316623,3.85));
#7107=CARTESIAN_POINT('Ctrl Pts',(23.6986995006488,-6.89858487316623,3.85));
#7108=CARTESIAN_POINT('Ctrl Pts',(23.6986995006488,-6.89858487316623,4.02878835351902));
#7109=CARTESIAN_POINT('Ctrl Pts',(23.660189578626,-6.87635115931986,4.2386755717678));
#7110=CARTESIAN_POINT('Ctrl Pts',(23.5333618752784,-6.80312715065145,4.57452940655154));
#7111=CARTESIAN_POINT('Ctrl Pts',(23.419836469202,-6.73758322689334,4.7575546256159));
#7112=CARTESIAN_POINT('Ctrl Pts',(23.1746985604246,-6.59605278927214,5.02451212701712));
#7113=CARTESIAN_POINT('Ctrl Pts',(22.9964166807048,-6.49312169802432,5.15131030581211));
#7114=CARTESIAN_POINT('Ctrl Pts',(22.6559977427852,-6.29658073257918,5.30391839339455));
#7115=CARTESIAN_POINT('Ctrl Pts',(22.4306826497091,-6.1664950029392,5.35));
#7116=CARTESIAN_POINT('Ctrl Pts',(22.2399976145027,-6.05640294653235,5.35));
#7117=CARTESIAN_POINT('',(23.6986995006488,-6.89858487316623,2.4));
#7118=CARTESIAN_POINT('',(23.6986995006488,-6.89858487316623,1.));
#7119=CARTESIAN_POINT('',(22.9396969619664,-6.46037455314235,2.4));
#7120=CARTESIAN_POINT('',(20.4049797545423,-4.99695489111652,2.4));
#7121=CARTESIAN_POINT('',(22.9396969619664,-6.46037455314235,-0.4));
#7122=CARTESIAN_POINT('',(22.9396969619664,-6.46037455314235,1.));
#7123=CARTESIAN_POINT('',(20.4049797545423,-4.99695489111652,-0.4));
#7124=CARTESIAN_POINT('Ctrl Pts',(6.32769006343698,7.47065752132941,5.35));
#7125=CARTESIAN_POINT('Ctrl Pts',(8.69505685836973,7.40593285660396,5.35));
#7126=CARTESIAN_POINT('Ctrl Pts',(12.8295565592226,7.09351897506045,5.35));
#7127=CARTESIAN_POINT('Ctrl Pts',(16.9738244783754,6.9900000000001,5.35));
#7128=CARTESIAN_POINT('Ctrl Pts',(18.75,6.9900000000001,5.35));
#7129=CARTESIAN_POINT('Ctrl Pts',(6.3399558056903,7.91928882824901,5.35));
#7130=CARTESIAN_POINT('Ctrl Pts',(8.72035632981764,7.85420781665157,5.35));
#7131=CARTESIAN_POINT('Ctrl Pts',(12.8590967710253,7.54142245689286,5.35));
#7132=CARTESIAN_POINT('Ctrl Pts',(16.9807039865052,7.43879895051293,5.35));
#7133=CARTESIAN_POINT('Ctrl Pts',(18.75,7.43879895051293,5.35));
#7134=CARTESIAN_POINT('Ctrl Pts',(6.36120041044276,8.6963306572919,4.97380912873259));
#7135=CARTESIAN_POINT('Ctrl Pts',(8.76398709580119,8.63063759994672,4.97380912873259));
#7136=CARTESIAN_POINT('Ctrl Pts',(12.910098608294,8.31721016051042,4.97380912873259));
#7137=CARTESIAN_POINT('Ctrl Pts',(16.9925199277363,8.21613114289493,4.97380912873259));
#7138=CARTESIAN_POINT('Ctrl Pts',(18.75,8.21613114289493,4.97380912873259));
#7139=CARTESIAN_POINT('Ctrl Pts',(6.36868528715343,8.97009721389208,4.18659921288462));
#7140=CARTESIAN_POINT('Ctrl Pts',(8.77945383982207,8.90418592940667,4.18659921288462));
#7141=CARTESIAN_POINT('Ctrl Pts',(12.9281492570411,8.5905316042506,4.18659921288462));
#7142=CARTESIAN_POINT('Ctrl Pts',(16.9967329446121,8.4900000000001,4.18659921288462));
#7143=CARTESIAN_POINT('Ctrl Pts',(18.75,8.4900000000001,4.18659921288462));
#7144=CARTESIAN_POINT('Ctrl Pts',(6.36868528715343,8.97009721389208,3.85));
#7145=CARTESIAN_POINT('Ctrl Pts',(8.77942052942192,8.90418684012506,3.85));
#7146=CARTESIAN_POINT('Ctrl Pts',(12.9281205368401,8.59053275000252,3.85));
#7147=CARTESIAN_POINT('Ctrl Pts',(16.9967153626012,8.4900000000001,3.85));
#7148=CARTESIAN_POINT('Ctrl Pts',(18.75,8.4900000000001,3.85));
#7149=CARTESIAN_POINT('',(18.75,8.4900000000001,3.85));
#7150=CARTESIAN_POINT('Origin',(18.75,6.9900000000001,3.85));
#7151=CARTESIAN_POINT('Ctrl Pts',(18.75,8.4900000000001,3.85));
#7152=CARTESIAN_POINT('Ctrl Pts',(16.9967153626012,8.4900000000001,3.85));
#7153=CARTESIAN_POINT('Ctrl Pts',(12.9281205368401,8.59053275000252,3.85));
#7154=CARTESIAN_POINT('Ctrl Pts',(8.77942052942192,8.90418684012506,3.85));
#7155=CARTESIAN_POINT('Ctrl Pts',(6.36868528715343,8.97009721389208,3.85));
#7156=CARTESIAN_POINT('Origin',(18.75,0.,3.85));
#7157=CARTESIAN_POINT('Origin',(18.75,0.,3.85));
#7158=CARTESIAN_POINT('Origin',(18.3075,0.,5.35));
#7159=CARTESIAN_POINT('Origin',(18.75,0.,3.85));
#7160=CARTESIAN_POINT('Origin',(18.75,0.,3.85));
#7161=CARTESIAN_POINT('Ctrl Pts',(8.49211051514733,-8.88748114862034,-4.30661050130849));
#7162=CARTESIAN_POINT('Ctrl Pts',(7.06492933003867,-8.95732464492501,-5.13230896003065));
#7163=CARTESIAN_POINT('Ctrl Pts',(5.64306711147813,-9.,-5.99197483648284));
#7164=CARTESIAN_POINT('Ctrl Pts',(4.2,-9.,-6.81250389955448));
#7165=CARTESIAN_POINT('Ctrl Pts',(8.71477739542468,-8.87658426069042,-4.68797445575607));
#7166=CARTESIAN_POINT('Ctrl Pts',(7.29841448322496,-8.94839896779293,-5.50887410407691));
#7167=CARTESIAN_POINT('Ctrl Pts',(5.87158064685646,-8.99574837127104,-6.37521228581222));
#7168=CARTESIAN_POINT('Ctrl Pts',(4.42506571261612,-9.,-7.20078977746664));
#7169=CARTESIAN_POINT('Ctrl Pts',(9.08296953983483,-8.4944877026524,-5.34902401664057));
#7170=CARTESIAN_POINT('Ctrl Pts',(7.68914249310476,-8.56714682047948,-6.16154005305155));
#7171=CARTESIAN_POINT('Ctrl Pts',(6.26038660900121,-8.61739430531978,-7.03945968830972));
#7172=CARTESIAN_POINT('Ctrl Pts',(4.814945699336,-8.62395263794682,-7.87341507949171));
#7173=CARTESIAN_POINT('Ctrl Pts',(9.18853173259072,-7.72028700506303,-5.59412550983891));
#7174=CARTESIAN_POINT('Ctrl Pts',(7.80862812627477,-7.79040461710229,-6.40133410676143));
#7175=CARTESIAN_POINT('Ctrl Pts',(6.38806432471881,-7.8346514920079,-7.27794575925333));
#7176=CARTESIAN_POINT('Ctrl Pts',(4.95222673435047,-7.83659921288462,-8.11025385240689));
#7177=CARTESIAN_POINT('Ctrl Pts',(9.17646568813145,-7.38927412991204,-5.60118738062567));
#7178=CARTESIAN_POINT('Ctrl Pts',(7.79955514826135,-7.4583161497476,-6.40704918150991));
#7179=CARTESIAN_POINT('Ctrl Pts',(6.38346538358883,-7.5,-7.28065183791528));
#7180=CARTESIAN_POINT('Ctrl Pts',(4.95222673435047,-7.5,-8.11025385240689));
#7181=CARTESIAN_POINT('',(9.17646568813145,-7.38927412991204,-5.60118738062567));
#7182=CARTESIAN_POINT('Ctrl Pts',(9.17646568813145,-7.38927412991204,-5.60118738062568));
#7183=CARTESIAN_POINT('Ctrl Pts',(8.9279429077663,-7.66647819110216,-5.74663983345149));
#7184=CARTESIAN_POINT('Ctrl Pts',(8.63647716448833,-7.92806967672042,-5.83925697297675));
#7185=CARTESIAN_POINT('Ctrl Pts',(7.91585059841118,-8.42974570815757,-5.96094626678371));
#7186=CARTESIAN_POINT('Ctrl Pts',(7.52248096023937,-8.61574730797935,-5.96576650542864));
#7187=CARTESIAN_POINT('Ctrl Pts',(6.98682581985411,-8.81662715198493,-5.93147705871454));
#7188=CARTESIAN_POINT('Ctrl Pts',(6.78844289463064,-8.87244757422716,-5.90278268889588));
#7189=CARTESIAN_POINT('Ctrl Pts',(6.54754139208624,-8.93142590082092,-5.8281133286238));
#7190=CARTESIAN_POINT('Ctrl Pts',(6.48565635451563,-8.94410552808032,-5.79524780804352));
#7191=CARTESIAN_POINT('Ctrl Pts',(6.41668475922755,-8.95802553433822,-5.73923750353528));
#7192=CARTESIAN_POINT('Ctrl Pts',(6.39419977970968,-8.96234158650974,-5.7143691982929));
#7193=CARTESIAN_POINT('Ctrl Pts',(6.36851144633042,-8.96717390937481,-5.66734816819224));
#7194=CARTESIAN_POINT('Ctrl Pts',(6.3615578005668,-8.96845598712003,-5.64915409670222));
#7195=CARTESIAN_POINT('Ctrl Pts',(6.3519390330016,-8.97022285812584,-5.60937822412978));
#7196=CARTESIAN_POINT('Ctrl Pts',(6.34979385073347,-8.97061156887006,-5.58830596083172));
#7197=CARTESIAN_POINT('Ctrl Pts',(6.34979385073347,-8.97061156887006,-5.56710079277557));
#7198=CARTESIAN_POINT('',(4.95222673435047,-7.5,-8.11025385240689));
#7199=CARTESIAN_POINT('Origin',(4.2,-7.5,-6.81250389955448));
#7200=CARTESIAN_POINT('Ctrl Pts',(4.95222673435047,-7.5,-8.11025385240689));
#7201=CARTESIAN_POINT('Ctrl Pts',(6.38346538358883,-7.5,-7.28065183791528));
#7202=CARTESIAN_POINT('Ctrl Pts',(7.79955514826135,-7.4583161497476,-6.40704918150991));
#7203=CARTESIAN_POINT('Ctrl Pts',(9.17646568813145,-7.38927412991204,-5.60118738062567));
#7204=CARTESIAN_POINT('Origin',(0.,-7.5,0.));
#7205=CARTESIAN_POINT('',(4.,-9.,-6.92820323027551));
#7206=CARTESIAN_POINT('Origin',(4.,-7.5,-6.92820323027551));
#7207=CARTESIAN_POINT('',(2.22044604925031E-15,-9.,8.));
#7208=CARTESIAN_POINT('Origin',(0.,-9.,0.));
#7209=CARTESIAN_POINT('Origin',(2.22044604925031E-15,-7.5,8.));
#7210=CARTESIAN_POINT('',(-8.53610575908804,-7.8,4.10000000004665));
#7211=CARTESIAN_POINT('Ctrl Pts',(-8.56971411422901,-7.5,4.10000000004684));
#7212=CARTESIAN_POINT('Ctrl Pts',(-8.56971411422901,-7.59496403721827,4.10000000004684));
#7213=CARTESIAN_POINT('Ctrl Pts',(-8.55894572361867,-7.6991386226216,4.10000000004678));
#7214=CARTESIAN_POINT('Ctrl Pts',(-8.53610575908804,-7.8,4.10000000004665));
#7215=CARTESIAN_POINT('Origin',(0.,-7.8,0.));
#7216=CARTESIAN_POINT('Ctrl Pts',(4.43843140173303,-7.5,9.15457582314669));
#7217=CARTESIAN_POINT('Ctrl Pts',(3.8152276099523,-7.5,9.25491241027535));
#7218=CARTESIAN_POINT('Ctrl Pts',(2.76252623882437,-7.5,9.39337678596543));
#7219=CARTESIAN_POINT('Ctrl Pts',(1.26100148617594,-7.5,9.49367890969604));
#7220=CARTESIAN_POINT('Ctrl Pts',(0.401632008286972,-7.5,9.50000000000031));
#7221=CARTESIAN_POINT('Ctrl Pts',(2.22044604925031E-15,-7.5,9.50000000000031));
#7222=CARTESIAN_POINT('Ctrl Pts',(4.43843140173303,-7.94879895051283,9.15457582314669));
#7223=CARTESIAN_POINT('Ctrl Pts',(3.81513520539048,-7.94879895051283,9.25492728752496));
#7224=CARTESIAN_POINT('Ctrl Pts',(2.76270156066301,-7.94879895051282,9.39337800861851));
#7225=CARTESIAN_POINT('Ctrl Pts',(1.26089782234666,-7.94879895051283,9.49369973599541));
#7226=CARTESIAN_POINT('Ctrl Pts',(0.401632008286972,-7.94879895051283,9.50000000000031));
#7227=CARTESIAN_POINT('Ctrl Pts',(2.22044604925031E-15,-7.94879895051283,
9.50000000000031));
#7228=CARTESIAN_POINT('Ctrl Pts',(4.37866040842233,-8.72626818812059,8.78333029112591));
#7229=CARTESIAN_POINT('Ctrl Pts',(3.76261479527612,-8.72626818812059,8.88251440257371));
#7230=CARTESIAN_POINT('Ctrl Pts',(2.72390088172914,-8.72626818812059,9.01908871937735));
#7231=CARTESIAN_POINT('Ctrl Pts',(1.24708925291873,-8.72626818812059,9.1176842344092));
#7232=CARTESIAN_POINT('Ctrl Pts',(0.401632008286972,-8.72626818812059,9.12397364894663));
#7233=CARTESIAN_POINT('Ctrl Pts',(2.22044604925031E-15,-8.72626818812059,
9.12397364894663));
#7234=CARTESIAN_POINT('Ctrl Pts',(4.25350388144228,-9.,8.0059665755347));
#7235=CARTESIAN_POINT('Ctrl Pts',(3.65235490295852,-9.,8.10275231023729));
#7236=CARTESIAN_POINT('Ctrl Pts',(2.64319670822567,-9.,8.23535535549806));
#7237=CARTESIAN_POINT('Ctrl Pts',(1.21785460690097,-9.,8.330396887569));
#7238=CARTESIAN_POINT('Ctrl Pts',(0.401632008286972,-9.,8.33659921288493));
#7239=CARTESIAN_POINT('Ctrl Pts',(2.22044604925031E-15,-9.,8.33659921288493));
#7240=CARTESIAN_POINT('Ctrl Pts',(4.20000000001126,-9.,7.67364690295066));
#7241=CARTESIAN_POINT('Ctrl Pts',(3.60521154366268,-9.,7.76940858566285));
#7242=CARTESIAN_POINT('Ctrl Pts',(2.60871067637783,-9.,7.9003127876625));
#7243=CARTESIAN_POINT('Ctrl Pts',(1.20534825343622,-9.,7.99383664617353));
#7244=CARTESIAN_POINT('Ctrl Pts',(0.401632008286972,-9.,8.00000000000031));
#7245=CARTESIAN_POINT('Ctrl Pts',(2.22044604925031E-15,-9.,8.00000000000031));
#7246=CARTESIAN_POINT('Ctrl Pts',(2.22044604925031E-15,-9.,8.00000000000031));
#7247=CARTESIAN_POINT('Ctrl Pts',(0.401632008286972,-9.,8.00000000000031));
#7248=CARTESIAN_POINT('Ctrl Pts',(1.20534825343622,-9.,7.99383664617353));
#7249=CARTESIAN_POINT('Ctrl Pts',(2.60871067637783,-9.,7.9003127876625));
#7250=CARTESIAN_POINT('Ctrl Pts',(3.60521154366268,-9.,7.76940858566285));
#7251=CARTESIAN_POINT('Ctrl Pts',(4.20000000001126,-9.,7.67364690295066));
#7252=CARTESIAN_POINT('Origin',(4.20000000001126,-7.5,7.67364690295066));
#7253=CARTESIAN_POINT('Ctrl Pts',(4.20000000001148,-9.,7.67364690295066));
#7254=CARTESIAN_POINT('Ctrl Pts',(5.78304561019356,-8.99999999999977,7.42362827798007));
#7255=CARTESIAN_POINT('Ctrl Pts',(7.34835516579608,-8.9471157941822,7.06213754532674));
#7256=CARTESIAN_POINT('Ctrl Pts',(8.87958515406547,-8.8679715544174,6.65212720524443));
#7257=CARTESIAN_POINT('Ctrl Pts',(4.27133850858617,-8.99999999999999,8.11673979972937));
#7258=CARTESIAN_POINT('Ctrl Pts',(5.87662989864331,-8.99852165117793,7.86221024845452));
#7259=CARTESIAN_POINT('Ctrl Pts',(7.45454193947971,-8.94282790668267,7.49544766278161));
#7260=CARTESIAN_POINT('Ctrl Pts',(8.99542488302907,-8.86198417998402,7.0816912526965));
#7261=CARTESIAN_POINT('Ctrl Pts',(4.39491144876679,-8.62390482246495,8.8842676486021));
#7262=CARTESIAN_POINT('Ctrl Pts',(6.03056913331522,-8.62162440149422,8.62210661258583));
#7263=CARTESIAN_POINT('Ctrl Pts',(7.62328051682308,-8.5643651429363,8.24610914406837));
#7264=CARTESIAN_POINT('Ctrl Pts',(9.17709068244058,-8.48280567809621,7.82604338672086));
#7265=CARTESIAN_POINT('Ctrl Pts',(4.43843140173308,-7.83659921288462,9.15457582314668));
#7266=CARTESIAN_POINT('Ctrl Pts',(6.07215072005697,-7.83592196398828,8.89153268144982));
#7267=CARTESIAN_POINT('Ctrl Pts',(7.65683032063815,-7.78259164418109,8.51608999637569));
#7268=CARTESIAN_POINT('Ctrl Pts',(9.20973496446825,-7.70326861504021,8.09578849945027));
#7269=CARTESIAN_POINT('Ctrl Pts',(4.43843140173303,-7.5,9.15457582314669));
#7270=CARTESIAN_POINT('Ctrl Pts',(6.06551804729431,-7.49999999999977,8.89261284549575));
#7271=CARTESIAN_POINT('Ctrl Pts',(7.6436319007493,-7.44834760362307,8.51924482405845));
#7272=CARTESIAN_POINT('Ctrl Pts',(9.19368157942309,-7.36997118573643,8.10012915083282));
#7273=CARTESIAN_POINT('Ctrl Pts',(4.2,-9.,-6.81250389955449));
#7274=CARTESIAN_POINT('Ctrl Pts',(4.13336634814497,-9.,-6.85112737568915));
#7275=CARTESIAN_POINT('Ctrl Pts',(4.06669979273728,-9.,-6.88969408698375));
#7276=CARTESIAN_POINT('Ctrl Pts',(4.,-9.,-6.92820323027551));
#7277=CARTESIAN_POINT('Ctrl Pts',(4.42506571261612,-9.,-7.20078977746664));
#7278=CARTESIAN_POINT('Ctrl Pts',(4.35821062740012,-9.,-7.23954160505578));
#7279=CARTESIAN_POINT('Ctrl Pts',(4.29132383725842,-9.,-7.27823572419421));
#7280=CARTESIAN_POINT('Ctrl Pts',(4.22439947525642,-9.,-7.31687452261141));
#7281=CARTESIAN_POINT('Ctrl Pts',(4.81495994510237,-8.62398674024653,-7.87343965644676));
#7282=CARTESIAN_POINT('Ctrl Pts',(4.74772453566399,-8.62398674024653,-7.91241193486094));
#7283=CARTESIAN_POINT('Ctrl Pts',(4.68044961889742,-8.62398674024653,-7.95133058871564));
#7284=CARTESIAN_POINT('Ctrl Pts',(4.61313954658237,-8.62398674024653,-7.9901920770859));
#7285=CARTESIAN_POINT('Ctrl Pts',(4.95222673435047,-7.83659921288462,-8.11025385240689));
#7286=CARTESIAN_POINT('Ctrl Pts',(4.88485571892558,-7.83659921288462,-8.14930473336555));
#7287=CARTESIAN_POINT('Ctrl Pts',(4.81744759873181,-7.83659921288462,-8.18830044666817));
#7288=CARTESIAN_POINT('Ctrl Pts',(4.75,-7.83659921288462,-8.22724133595217));
#7289=CARTESIAN_POINT('Ctrl Pts',(4.95222673435047,-7.5,-8.11025385240689));
#7290=CARTESIAN_POINT('Ctrl Pts',(4.88485628484449,-7.5,-8.14930440533677));
#7291=CARTESIAN_POINT('Ctrl Pts',(4.81744702479844,-7.5,-8.18830077802875));
#7292=CARTESIAN_POINT('Ctrl Pts',(4.75,-7.5,-8.22724133595217));
#7293=CARTESIAN_POINT('Ctrl Pts',(4.75,-7.5,-8.22724133595217));
#7294=CARTESIAN_POINT('Ctrl Pts',(4.81744702479844,-7.5,-8.18830077802875));
#7295=CARTESIAN_POINT('Ctrl Pts',(4.88485628484449,-7.5,-8.14930440533677));
#7296=CARTESIAN_POINT('Ctrl Pts',(4.95222673435047,-7.5,-8.11025385240689));
#7297=CARTESIAN_POINT('Ctrl Pts',(4.2,-9.,-6.81250389955449));
#7298=CARTESIAN_POINT('Ctrl Pts',(4.13336634814497,-9.,-6.85112737568915));
#7299=CARTESIAN_POINT('Ctrl Pts',(4.06669979273728,-9.,-6.88969408698375));
#7300=CARTESIAN_POINT('Ctrl Pts',(4.,-9.,-6.92820323027551));
#7301=CARTESIAN_POINT('Origin',(-1.58240774396573,0.,4.1000000000089));
#7302=CARTESIAN_POINT('',(-1.58240774396573,-4.15,4.1000000000089));
#7303=CARTESIAN_POINT('',(-2.06615452750514,-4.15,4.10000000001152));
#7304=CARTESIAN_POINT('',(-1.58240774396573,-7.8,4.1000000000089));
#7305=CARTESIAN_POINT('',(-1.58240774396573,0.,4.1000000000089));
#7306=CARTESIAN_POINT('',(-1.3500000000094,-7.8,4.10000000000764));
#7307=CARTESIAN_POINT('Origin',(-2.70000000002109,-9.,2.35189645536593E-11));
#7308=CARTESIAN_POINT('Ctrl Pts',(8.87958515405833,8.86797155441777,6.65212720524634));
#7309=CARTESIAN_POINT('Ctrl Pts',(7.34835516579121,8.94711579418239,7.06213754532785));
#7310=CARTESIAN_POINT('Ctrl Pts',(5.7830456101911,8.99999999999977,7.42362827798046));
#7311=CARTESIAN_POINT('Ctrl Pts',(4.20000000001148,9.,7.67364690295066));
#7312=CARTESIAN_POINT('Ctrl Pts',(8.99542488302188,8.8619841799844,7.08169125269843));
#7313=CARTESIAN_POINT('Ctrl Pts',(7.4545419394748,8.94282790668286,7.49544766278274));
#7314=CARTESIAN_POINT('Ctrl Pts',(5.8766298986408,8.99852165117793,7.86221024845492));
#7315=CARTESIAN_POINT('Ctrl Pts',(4.27133850858617,8.99999999999999,8.11673979972937));
#7316=CARTESIAN_POINT('Ctrl Pts',(9.17709068243333,8.48280567809659,7.82604338672282));
#7317=CARTESIAN_POINT('Ctrl Pts',(7.62328051681814,8.5643651429365,8.24610914406953));
#7318=CARTESIAN_POINT('Ctrl Pts',(6.03056913331266,8.62162440149422,8.62210661258624));
#7319=CARTESIAN_POINT('Ctrl Pts',(4.39491144876679,8.62390482246495,8.8842676486021));
#7320=CARTESIAN_POINT('Ctrl Pts',(9.209734964461,7.70326861504058,8.09578849945223));
#7321=CARTESIAN_POINT('Ctrl Pts',(7.65683032063321,7.78259164418127,8.51608999637685));
#7322=CARTESIAN_POINT('Ctrl Pts',(6.07215072005441,7.83592196398828,8.89153268145023));
#7323=CARTESIAN_POINT('Ctrl Pts',(4.43843140173308,7.83659921288462,9.15457582314668));
#7324=CARTESIAN_POINT('Ctrl Pts',(9.19368157941585,7.3699711857368,8.10012915083478));
#7325=CARTESIAN_POINT('Ctrl Pts',(7.64363190074438,7.44834760362324,8.51924482405959));
#7326=CARTESIAN_POINT('Ctrl Pts',(6.06551804729177,7.49999999999977,8.89261284549616));
#7327=CARTESIAN_POINT('Ctrl Pts',(4.43843140173304,7.5,9.15457582314669));
#7328=CARTESIAN_POINT('',(6.34979385074981,8.97061156886964,7.26791336460476));
#7329=CARTESIAN_POINT('Ctrl Pts',(9.19368157941585,7.3699711857368,8.10012915083477));
#7330=CARTESIAN_POINT('Ctrl Pts',(8.95525243569691,7.63870070894746,8.16459765946466));
#7331=CARTESIAN_POINT('Ctrl Pts',(8.66981702455093,7.90150171399715,8.17275232507396));
#7332=CARTESIAN_POINT('Ctrl Pts',(7.95431570960536,8.40655068854738,8.0840111339695));
#7333=CARTESIAN_POINT('Ctrl Pts',(7.56521080988704,8.597603134885,7.98016369075967));
#7334=CARTESIAN_POINT('Ctrl Pts',(7.00535910079161,8.81101405829147,7.78727941058585));
#7335=CARTESIAN_POINT('Ctrl Pts',(6.80255576915177,8.86862752390147,7.70194388081203));
#7336=CARTESIAN_POINT('Ctrl Pts',(6.57089198808071,8.92589114555124,7.57152615344392));
#7337=CARTESIAN_POINT('Ctrl Pts',(6.49291356943304,8.94270744431473,7.51907117616251));
#7338=CARTESIAN_POINT('Ctrl Pts',(6.41129603426976,8.9590773668452,7.4331795255789));
#7339=CARTESIAN_POINT('Ctrl Pts',(6.38834478254191,8.96345797813483,7.40282478998339));
#7340=CARTESIAN_POINT('Ctrl Pts',(6.36514420545152,8.96779581084838,7.35308714642933));
#7341=CARTESIAN_POINT('Ctrl Pts',(6.35940389704574,8.96885255990293,7.33670826008776));
#7342=CARTESIAN_POINT('Ctrl Pts',(6.35167591268568,8.97026986731772,7.3026233695604));
#7343=CARTESIAN_POINT('Ctrl Pts',(6.34979385071442,8.97061156887057,7.28539621342584));
#7344=CARTESIAN_POINT('Ctrl Pts',(6.34979385071442,8.97061156887057,7.26791336461226));
#7345=CARTESIAN_POINT('',(4.20000000000574,9.,7.67364690295066));
#7346=CARTESIAN_POINT('Ctrl Pts',(6.34994015288473,8.96961818963782,7.26871429946788));
#7347=CARTESIAN_POINT('Ctrl Pts',(5.63799957751302,8.98903483697463,7.42284240746649));
#7348=CARTESIAN_POINT('Ctrl Pts',(4.92083851099399,8.9999999999999,7.55980112858857));
#7349=CARTESIAN_POINT('Ctrl Pts',(4.20000000001148,9.,7.67364690295066));
#7350=CARTESIAN_POINT('Origin',(4.20000000001127,7.5,7.67364690295066));
#7351=CARTESIAN_POINT('Ctrl Pts',(1.66533453693773E-15,7.5,9.50000000000031));
#7352=CARTESIAN_POINT('Ctrl Pts',(0.401632008286712,7.5,9.50000000000031));
#7353=CARTESIAN_POINT('Ctrl Pts',(1.2610014861751,7.5,9.49367890969606));
#7354=CARTESIAN_POINT('Ctrl Pts',(2.76252623882258,7.5,9.39337678596559));
#7355=CARTESIAN_POINT('Ctrl Pts',(3.81522760994986,7.5,9.25491241027569));
#7356=CARTESIAN_POINT('Ctrl Pts',(4.43843140173021,7.5,9.15457582314715));
#7357=CARTESIAN_POINT('Ctrl Pts',(1.66533453693773E-15,7.94879895051283,
9.50000000000031));
#7358=CARTESIAN_POINT('Ctrl Pts',(0.401632008286712,7.94879895051283,9.50000000000031));
#7359=CARTESIAN_POINT('Ctrl Pts',(1.26089782234582,7.94879895051283,9.49369973599543));
#7360=CARTESIAN_POINT('Ctrl Pts',(2.76270156066122,7.94879895051283,9.39337800861867));
#7361=CARTESIAN_POINT('Ctrl Pts',(3.81513520538804,7.94879895051283,9.2549272875253));
#7362=CARTESIAN_POINT('Ctrl Pts',(4.43843140173021,7.94879895051283,9.15457582314715));
#7363=CARTESIAN_POINT('Ctrl Pts',(1.66533453693773E-15,8.72626818812059,
9.12397364894663));
#7364=CARTESIAN_POINT('Ctrl Pts',(0.401632008286712,8.72626818812059,9.12397364894663));
#7365=CARTESIAN_POINT('Ctrl Pts',(1.24708925291791,8.72626818812059,9.11768423440921));
#7366=CARTESIAN_POINT('Ctrl Pts',(2.72390088172737,8.72626818812059,9.01908871937752));
#7367=CARTESIAN_POINT('Ctrl Pts',(3.76261479527372,8.72626818812059,8.88251440257405));
#7368=CARTESIAN_POINT('Ctrl Pts',(4.37866040841955,8.72626818812059,8.78333029112636));
#7369=CARTESIAN_POINT('Ctrl Pts',(1.66533453693773E-15,9.,8.33659921288493));
#7370=CARTESIAN_POINT('Ctrl Pts',(0.401632008286712,9.,8.33659921288493));
#7371=CARTESIAN_POINT('Ctrl Pts',(1.21785460690018,9.,8.33039688756902));
#7372=CARTESIAN_POINT('Ctrl Pts',(2.64319670822397,9.,8.23535535549822));
#7373=CARTESIAN_POINT('Ctrl Pts',(3.65235490295617,9.,8.10275231023762));
#7374=CARTESIAN_POINT('Ctrl Pts',(4.25350388143956,9.,8.00596657553513));
#7375=CARTESIAN_POINT('Ctrl Pts',(1.66533453693773E-15,9.,8.00000000000031));
#7376=CARTESIAN_POINT('Ctrl Pts',(0.401632008286712,9.,8.00000000000031));
#7377=CARTESIAN_POINT('Ctrl Pts',(1.20534825343544,9.,7.99383664617355));
#7378=CARTESIAN_POINT('Ctrl Pts',(2.60871067637615,9.,7.90031278766265));
#7379=CARTESIAN_POINT('Ctrl Pts',(3.60521154366036,9.,7.76940858566317));
#7380=CARTESIAN_POINT('Ctrl Pts',(4.20000000000857,9.,7.67364690295109));
#7381=CARTESIAN_POINT('',(1.66533453693773E-15,9.,8.00000000000031));
#7382=CARTESIAN_POINT('Ctrl Pts',(4.20000000000857,9.,7.67364690295109));
#7383=CARTESIAN_POINT('Ctrl Pts',(3.60521154366036,9.,7.76940858566317));
#7384=CARTESIAN_POINT('Ctrl Pts',(2.60871067637615,9.,7.90031278766265));
#7385=CARTESIAN_POINT('Ctrl Pts',(1.20534825343544,9.,7.99383664617355));
#7386=CARTESIAN_POINT('Ctrl Pts',(0.401632008286712,9.,8.00000000000031));
#7387=CARTESIAN_POINT('Ctrl Pts',(1.66533453693773E-15,9.,8.00000000000031));
#7388=CARTESIAN_POINT('Origin',(1.66533453693773E-15,7.5,8.00000000000031));
#7389=CARTESIAN_POINT('Origin',(0.,7.5,0.));
#7390=CARTESIAN_POINT('',(4.,9.,-6.92820323027551));
#7391=CARTESIAN_POINT('Origin',(0.,9.,0.));
#7392=CARTESIAN_POINT('Origin',(4.,7.5,-6.92820323027551));
#7393=CARTESIAN_POINT('Origin',(0.,7.8,0.));
#7394=CARTESIAN_POINT('Ctrl Pts',(4.2,9.,-6.81250389955448));
#7395=CARTESIAN_POINT('Ctrl Pts',(5.64306699443526,9.,-5.99197490303351));
#7396=CARTESIAN_POINT('Ctrl Pts',(7.06492837848517,8.95732469149213,-5.13230951055402));
#7397=CARTESIAN_POINT('Ctrl Pts',(8.49211051513983,8.88748114862071,-4.30661050131283));
#7398=CARTESIAN_POINT('Ctrl Pts',(4.42506571261612,9.,-7.20078977746664));
#7399=CARTESIAN_POINT('Ctrl Pts',(5.87158052953393,8.99574837161587,-6.37521235277236));
#7400=CARTESIAN_POINT('Ctrl Pts',(7.29841353888433,8.94839901567434,-5.50887465140078));
#7401=CARTESIAN_POINT('Ctrl Pts',(8.71477739541724,8.8765842606908,-4.68797445576038));
#7402=CARTESIAN_POINT('Ctrl Pts',(4.814945699336,8.62395263794682,-7.87341507949171));
#7403=CARTESIAN_POINT('Ctrl Pts',(6.26038649176577,8.61739430585171,-7.03945975594938));
#7404=CARTESIAN_POINT('Ctrl Pts',(7.68914156378951,8.56714686892389,-6.16154059478584));
#7405=CARTESIAN_POINT('Ctrl Pts',(9.0829695398275,8.49448770265278,-5.34902401664484));
#7406=CARTESIAN_POINT('Ctrl Pts',(4.95222673435047,7.83659921288462,-8.11025385240689));
#7407=CARTESIAN_POINT('Ctrl Pts',(6.38806420826226,7.83465149216588,-7.27794582675938));
#7408=CARTESIAN_POINT('Ctrl Pts',(7.80862720624275,7.79040466385217,-6.40133464495708));
#7409=CARTESIAN_POINT('Ctrl Pts',(9.18853173258347,7.7202870050634,-5.59412550984315));
#7410=CARTESIAN_POINT('Ctrl Pts',(4.95222673435047,7.5,-8.11025385240689));
#7411=CARTESIAN_POINT('Ctrl Pts',(6.38346526750528,7.5,-7.28065190520185));
#7412=CARTESIAN_POINT('Ctrl Pts',(7.79955423022492,7.45831619578034,-6.4070497188076));
#7413=CARTESIAN_POINT('Ctrl Pts',(9.17646568812422,7.3892741299124,-5.60118738062991));
#7414=CARTESIAN_POINT('',(4.95222673435047,7.5,-8.11025385240689));
#7415=CARTESIAN_POINT('Ctrl Pts',(9.17646568812422,7.3892741299124,-5.60118738062991));
#7416=CARTESIAN_POINT('Ctrl Pts',(7.79955423022492,7.45831619578034,-6.4070497188076));
#7417=CARTESIAN_POINT('Ctrl Pts',(6.38346526750528,7.5,-7.28065190520185));
#7418=CARTESIAN_POINT('Ctrl Pts',(4.95222673435047,7.5,-8.11025385240689));
#7419=CARTESIAN_POINT('',(4.2,9.,-6.81250389955448));
#7420=CARTESIAN_POINT('Origin',(4.2,7.5,-6.81250389955448));
#7421=CARTESIAN_POINT('Ctrl Pts',(4.2,9.,-6.81250389955448));
#7422=CARTESIAN_POINT('Ctrl Pts',(4.92013961411462,9.,-6.40303196429224));
#7423=CARTESIAN_POINT('Ctrl Pts',(5.63499828871009,8.98937235386787,-5.98381369604081));
#7424=CARTESIAN_POINT('Ctrl Pts',(6.34787263955881,8.97004423364854,-5.56393408602181));
#7425=CARTESIAN_POINT('Ctrl Pts',(4.,9.,-6.92820323027551));
#7426=CARTESIAN_POINT('Ctrl Pts',(4.06669946292211,9.,-6.88969427740263));
#7427=CARTESIAN_POINT('Ctrl Pts',(4.13336610381696,9.,-6.85112751731124));
#7428=CARTESIAN_POINT('Ctrl Pts',(4.2,9.,-6.81250389955448));
#7429=CARTESIAN_POINT('Ctrl Pts',(4.22439947525642,9.,-7.31687452261141));
#7430=CARTESIAN_POINT('Ctrl Pts',(4.29132350633281,9.,-7.2782359152542));
#7431=CARTESIAN_POINT('Ctrl Pts',(4.35821038226017,9.,-7.2395417471485));
#7432=CARTESIAN_POINT('Ctrl Pts',(4.42506571261612,9.,-7.20078977746664));
#7433=CARTESIAN_POINT('Ctrl Pts',(4.61313954658237,8.62398674024653,-7.9901920770859));
#7434=CARTESIAN_POINT('Ctrl Pts',(4.68044928606456,8.62398674024653,-7.95133078087678));
#7435=CARTESIAN_POINT('Ctrl Pts',(4.74772428912949,8.62398674024653,-7.912412077762));
#7436=CARTESIAN_POINT('Ctrl Pts',(4.81495994510237,8.62398674024653,-7.87343965644676));
#7437=CARTESIAN_POINT('Ctrl Pts',(4.75,7.83659921288462,-8.22724133595217));
#7438=CARTESIAN_POINT('Ctrl Pts',(4.81744726521891,7.83659921288462,-8.18830063922193));
#7439=CARTESIAN_POINT('Ctrl Pts',(4.88485547189385,7.83659921288462,-8.14930487655482));
#7440=CARTESIAN_POINT('Ctrl Pts',(4.95222673435047,7.83659921288462,-8.11025385240689));
#7441=CARTESIAN_POINT('Ctrl Pts',(4.75,7.5,-8.22724133595217));
#7442=CARTESIAN_POINT('Ctrl Pts',(4.81744669128838,7.5,-8.18830097058087));
#7443=CARTESIAN_POINT('Ctrl Pts',(4.88485603781483,7.5,-8.14930454852484));
#7444=CARTESIAN_POINT('Ctrl Pts',(4.95222673435047,7.5,-8.11025385240689));
#7445=CARTESIAN_POINT('Ctrl Pts',(4.95222673435047,7.5,-8.11025385240689));
#7446=CARTESIAN_POINT('Ctrl Pts',(4.88485603781483,7.5,-8.14930454852484));
#7447=CARTESIAN_POINT('Ctrl Pts',(4.81744669128838,7.5,-8.18830097058087));
#7448=CARTESIAN_POINT('Ctrl Pts',(4.75,7.5,-8.22724133595217));
#7449=CARTESIAN_POINT('Ctrl Pts',(4.,9.,-6.92820323027551));
#7450=CARTESIAN_POINT('Ctrl Pts',(4.06669946292211,9.,-6.88969427740263));
#7451=CARTESIAN_POINT('Ctrl Pts',(4.13336610381696,9.,-6.85112751731124));
#7452=CARTESIAN_POINT('Ctrl Pts',(4.2,9.,-6.81250389955448));
#7453=CARTESIAN_POINT('Origin',(-2.70000000002109,7.8,2.35189645536593E-11));
#7454=CARTESIAN_POINT('',(-1.47627063918696,7.8,-3.82500000000019));
#7455=CARTESIAN_POINT('',(-0.913159486772254,7.8,-2.36598557481457));
#7456=CARTESIAN_POINT('',(-0.900621212890238,7.8,-3.99986017642688));
#7457=CARTESIAN_POINT('Origin',(-4.21862697971305E-11,7.8,3.04501038332474E-13));
#7458=CARTESIAN_POINT('',(-0.498617499014303,7.8,-2.95827324459666));
#7459=CARTESIAN_POINT('',(0.0581842748561706,7.8,-1.51560634559793));
#7460=CARTESIAN_POINT('',(-0.498617499014526,7.8,2.95827324459726));
#7461=CARTESIAN_POINT('Origin',(-4.21862697971305E-11,7.8,3.04501038332474E-13));
#7462=CARTESIAN_POINT('',(-0.900621212890678,7.8,3.99986017642743));
#7463=CARTESIAN_POINT('',(0.157202427474136,7.8,1.25905146756946));
#7464=CARTESIAN_POINT('',(-1.47627063918792,7.8,3.82499999999981));
#7465=CARTESIAN_POINT('Origin',(-4.21862697971305E-11,7.8,3.04501038332474E-13));
#7466=CARTESIAN_POINT('',(-0.715123181528688,7.8,1.85287581873637));
#7467=CARTESIAN_POINT('Ctrl Pts',(18.75,-9.,-3.35));
#7468=CARTESIAN_POINT('Ctrl Pts',(18.75,9.,-3.35));
#7469=CARTESIAN_POINT('Ctrl Pts',(11.75,-9.,-3.35));
#7470=CARTESIAN_POINT('Ctrl Pts',(11.75,9.,-3.35));
#7471=CARTESIAN_POINT('Ctrl Pts',(11.75,-9.,-4.18578945162479));
#7472=CARTESIAN_POINT('Ctrl Pts',(11.75,9.,-4.18578945162479));
#7473=CARTESIAN_POINT('Ctrl Pts',(4.75,-9.,-8.22724133595217));
#7474=CARTESIAN_POINT('Ctrl Pts',(4.75,9.,-8.22724133595217));
#7475=CARTESIAN_POINT('',(6.66973987741538,-4.15,-7.09921570822699));
#7476=CARTESIAN_POINT('Ctrl Pts',(4.75,-4.15,-8.22724133595217));
#7477=CARTESIAN_POINT('Ctrl Pts',(5.4564040357061,-4.15,-7.81939877578061));
#7478=CARTESIAN_POINT('Ctrl Pts',(6.0915214054605,-4.15,-7.44420207089391));
#7479=CARTESIAN_POINT('Ctrl Pts',(6.66973987741186,-4.15,-7.0992157082211));
#7480=CARTESIAN_POINT('',(8.42729873902447,-2.65,-6.04515288588491));
#7481=CARTESIAN_POINT('Ctrl Pts',(8.42729873902447,-2.64999999999725,-6.04515288588491));
#7482=CARTESIAN_POINT('Ctrl Pts',(8.42729873902449,-2.65711894069078,-6.04515288588491));
#7483=CARTESIAN_POINT('Ctrl Pts',(8.42723938372325,-2.66424438882372,-6.04518837800244));
#7484=CARTESIAN_POINT('Ctrl Pts',(8.42477384818681,-2.8119521712424,-6.0466626768225));
#7485=CARTESIAN_POINT('Ctrl Pts',(8.3993511672435,-2.94918224551537,-6.06185920964662));
#7486=CARTESIAN_POINT('Ctrl Pts',(8.29462566899493,-3.24836924333445,-6.12454964499828));
#7487=CARTESIAN_POINT('Ctrl Pts',(8.20393219988257,-3.39930279402045,-6.17889448278949));
#7488=CARTESIAN_POINT('Ctrl Pts',(7.94777394743887,-3.70137419641271,-6.33265712819685));
#7489=CARTESIAN_POINT('Ctrl Pts',(7.76132273941455,-3.84458217795971,-6.4447686764731));
#7490=CARTESIAN_POINT('Ctrl Pts',(7.27912816840553,-4.08115114904892,-6.7345301265549));
#7491=CARTESIAN_POINT('Ctrl Pts',(6.97706540465571,-4.15000000000392,-6.91585401892304));
#7492=CARTESIAN_POINT('Ctrl Pts',(6.66973987740291,-4.15,-7.09921570822644));
#7493=CARTESIAN_POINT('',(8.42729873902447,2.65,-6.04515288588491));
#7494=CARTESIAN_POINT('Ctrl Pts',(8.42729873902447,-2.65,-6.04515288588491));
#7495=CARTESIAN_POINT('Ctrl Pts',(8.42729873902447,-0.88333333333334,-6.04515288588491));
#7496=CARTESIAN_POINT('Ctrl Pts',(8.42729873902447,0.883333333333322,-6.04515288588491));
#7497=CARTESIAN_POINT('Ctrl Pts',(8.42729873902447,2.64999999999998,-6.04515288588492));
#7498=CARTESIAN_POINT('',(6.66973987741538,4.15,-7.09921570822699));
#7499=CARTESIAN_POINT('Ctrl Pts',(6.66973987740291,4.15,-7.09921570822644));
#7500=CARTESIAN_POINT('Ctrl Pts',(6.84784371392368,4.15000000000227,-6.9929524224272));
#7501=CARTESIAN_POINT('Ctrl Pts',(7.02671550574552,4.12686009556812,-6.88586555934692));
#7502=CARTESIAN_POINT('Ctrl Pts',(7.37492280333983,4.03280896285341,-6.67699486776448));
#7503=CARTESIAN_POINT('Ctrl Pts',(7.54617071427628,3.96081711803989,-6.57406653517599));
#7504=CARTESIAN_POINT('Ctrl Pts',(7.86088349940734,3.76526141058921,-6.38490300030727));
#7505=CARTESIAN_POINT('Ctrl Pts',(8.00619022461807,3.6412228561702,-6.29757607763703));
#7506=CARTESIAN_POINT('Ctrl Pts',(8.23152049989712,3.35659180492093,-6.16235271501147));
#7507=CARTESIAN_POINT('Ctrl Pts',(8.31628134810113,3.20340573063851,-6.11158042407167));
#7508=CARTESIAN_POINT('Ctrl Pts',(8.40719495819737,2.90988800621177,-6.05716964837987));
#7509=CARTESIAN_POINT('Ctrl Pts',(8.42729873902419,2.78104655894214,-6.04515288588508));
#7510=CARTESIAN_POINT('Ctrl Pts',(8.42729873902447,2.65000000000275,-6.04515288588491));
#7511=CARTESIAN_POINT('Ctrl Pts',(6.66973987741186,4.15,-7.0992157082211));
#7512=CARTESIAN_POINT('Ctrl Pts',(6.0915214054605,4.15,-7.44420207089392));
#7513=CARTESIAN_POINT('Ctrl Pts',(5.4564040357061,4.15,-7.81939877578061));
#7514=CARTESIAN_POINT('Ctrl Pts',(4.75,4.15,-8.22724133595217));
#7515=CARTESIAN_POINT('',(10.2364681691651,-2.5941811358199,-5.00103256458913));
#7516=CARTESIAN_POINT('Ctrl Pts',(10.2364681691697,2.59418113581892,-5.00103256458666));
#7517=CARTESIAN_POINT('Ctrl Pts',(10.0985659356301,2.14161634048856,-5.07562767848777));
#7518=CARTESIAN_POINT('Ctrl Pts',(9.99643243755164,1.67723495730742,-5.13242098135807));
#7519=CARTESIAN_POINT('Ctrl Pts',(9.8640457633273,0.707680106970273,-5.20623502701569));
#7520=CARTESIAN_POINT('Ctrl Pts',(9.83822405953563,0.206302081777271,-5.22083581472098));
#7521=CARTESIAN_POINT('Ctrl Pts',(9.88101125709018,-1.08068495673769,-5.19682232797666));
#7522=CARTESIAN_POINT('Ctrl Pts',(10.0102133494021,-1.85166258791463,-5.12342002429659));
#7523=CARTESIAN_POINT('Ctrl Pts',(10.2364681691699,-2.59418113581978,-5.00103256458652));
#7524=CARTESIAN_POINT('Ctrl Pts',(10.2364681691651,-2.5941811358199,-5.00103256458913));
#7525=CARTESIAN_POINT('Ctrl Pts',(10.2422403738044,-2.61312424170115,-4.99791022021894));
#7526=CARTESIAN_POINT('Ctrl Pts',(10.2479060230414,-2.63212127317822,-4.99484852850999));
#7527=CARTESIAN_POINT('Ctrl Pts',(10.3754675925014,-3.0693347361618,-4.92597841692702));
#7528=CARTESIAN_POINT('Ctrl Pts',(10.4430285925872,-3.50447058749728,-4.89063822902643));
#7529=CARTESIAN_POINT('Ctrl Pts',(10.4616085388889,-4.37333629532171,-4.880846480057));
#7530=CARTESIAN_POINT('Ctrl Pts',(10.4154877210847,-4.80036130361911,-4.9048823570357));
#7531=CARTESIAN_POINT('Ctrl Pts',(10.1882127695804,-5.75091463046913,-5.02669661635542));
#7532=CARTESIAN_POINT('Ctrl Pts',(9.97460845030017,-6.25264626062064,-5.14287464270438));
#7533=CARTESIAN_POINT('Ctrl Pts',(9.53736543494318,-6.9511245389976,-5.39137557127644));
#7534=CARTESIAN_POINT('Ctrl Pts',(9.36447407623979,-7.17956824844368,-5.49115207053456));
#7535=CARTESIAN_POINT('Ctrl Pts',(9.17646568813145,-7.38927412991204,-5.60118738062567));
#7536=CARTESIAN_POINT('Origin',(18.75,0.,-3.35));
#7537=CARTESIAN_POINT('',(10.2364681691651,-2.5941811358199,-3.35));
#7538=CARTESIAN_POINT('Origin',(5.45358511812996,-4.05158626829879,-3.35));
#7539=CARTESIAN_POINT('Origin',(18.75,0.,-3.35));
#7540=CARTESIAN_POINT('Ctrl Pts',(18.75,-3.5,-3.35));
#7541=CARTESIAN_POINT('Ctrl Pts',(18.4574704345752,-3.5,-3.35));
#7542=CARTESIAN_POINT('Ctrl Pts',(18.1661035232972,-3.46332622893274,-3.35147484980546));
#7543=CARTESIAN_POINT('Ctrl Pts',(17.5575756248321,-3.30768116775119,-3.35871881929683));
#7544=CARTESIAN_POINT('Ctrl Pts',(17.2461463838349,-3.17820623448765,-3.36509819823779));
#7545=CARTESIAN_POINT('Ctrl Pts',(16.5604674709281,-2.76948943957707,-3.38598788564906));
#7546=CARTESIAN_POINT('Ctrl Pts',(16.2139886929715,-2.45612975376725,-3.40266631274287));
#7547=CARTESIAN_POINT('Ctrl Pts',(15.6698499434292,-1.72225061451102,-3.4361330296261));
#7548=CARTESIAN_POINT('Ctrl Pts',(15.4736849156353,-1.31127232238941,-3.45223843909116));
#7549=CARTESIAN_POINT('Ctrl Pts',(15.2667028365287,-0.508924725891843,-3.47005936539788));
#7550=CARTESIAN_POINT('Ctrl Pts',(15.232139468224,-0.130761654574713,-3.47342294385298));
#7551=CARTESIAN_POINT('Ctrl Pts',(15.2866215558304,0.643355011814484,-3.46845879975505));
#7552=CARTESIAN_POINT('Ctrl Pts',(15.3823092197596,1.03313437681544,-3.45954049818213));
#7553=CARTESIAN_POINT('Ctrl Pts',(15.7247865363663,1.8189576913739,-3.43291063850568));
#7554=CARTESIAN_POINT('Ctrl Pts',(15.9890195967048,2.19943132204832,-3.41472612212997));
#7555=CARTESIAN_POINT('Ctrl Pts',(16.6340751274604,2.82214588738854,-3.38356533532457));
#7556=CARTESIAN_POINT('Ctrl Pts',(17.0033500150836,3.06448056714262,-3.37078178413467));
#7557=CARTESIAN_POINT('Ctrl Pts',(17.833231999875,3.40905911571014,-3.35374841448958));
#7558=CARTESIAN_POINT('Ctrl Pts',(18.2893403006748,3.5,-3.35));
#7559=CARTESIAN_POINT('Ctrl Pts',(18.75,3.5,-3.35));
#7560=CARTESIAN_POINT('Ctrl Pts',(18.75,-9.,-3.35));
#7561=CARTESIAN_POINT('Ctrl Pts',(18.75,9.,-3.35));
#7562=CARTESIAN_POINT('Ctrl Pts',(11.75,-9.,-3.35));
#7563=CARTESIAN_POINT('Ctrl Pts',(11.75,9.,-3.35));
#7564=CARTESIAN_POINT('Ctrl Pts',(11.75,-9.,-4.18578945162479));
#7565=CARTESIAN_POINT('Ctrl Pts',(11.75,9.,-4.18578945162479));
#7566=CARTESIAN_POINT('Ctrl Pts',(4.75,-9.,-8.22724133595217));
#7567=CARTESIAN_POINT('Ctrl Pts',(4.75,9.,-8.22724133595217));
#7568=CARTESIAN_POINT('',(18.6141000633178,1.89513355920126,-3.35010703728089));
#7569=CARTESIAN_POINT('Ctrl Pts',(18.75,1.9,-3.35));
#7570=CARTESIAN_POINT('Ctrl Pts',(18.704628737561,1.9,-3.35));
#7571=CARTESIAN_POINT('Ctrl Pts',(18.6592998814519,1.8983748359926,-3.35003515183819));
#7572=CARTESIAN_POINT('Ctrl Pts',(18.6141000633178,1.89513355920098,-3.35010703728089));
#7573=CARTESIAN_POINT('',(16.0588991736615,1.21306430662346,-3.41247260349605));
#7574=CARTESIAN_POINT('Ctrl Pts',(16.0588991736615,1.21306430662346,-3.41247260349605));
#7575=CARTESIAN_POINT('Ctrl Pts',(16.0510919979999,1.30773160054111,-3.4129183553237));
#7576=CARTESIAN_POINT('Ctrl Pts',(16.0537711248001,1.4031694586186,-3.4126748027666));
#7577=CARTESIAN_POINT('Ctrl Pts',(16.0662206752429,1.4972810875101,-3.41188296226428));
#7578=CARTESIAN_POINT('Ctrl Pts',(16.0747332071288,1.56163106106541,-3.4113415316676));
#7579=CARTESIAN_POINT('Ctrl Pts',(16.0878125719972,1.6253609710656,-3.41054383102793));
#7580=CARTESIAN_POINT('Ctrl Pts',(16.1052173792027,1.6878069242686,-3.409535416142));
#7581=CARTESIAN_POINT('Ctrl Pts',(16.1285309156916,1.7714525510997,-3.40818465615016));
#7582=CARTESIAN_POINT('Ctrl Pts',(16.1596348735931,1.85292231528769,-3.40645394720213));
#7583=CARTESIAN_POINT('Ctrl Pts',(16.1980699556085,1.93070605428007,-3.40444660630503));
#7584=CARTESIAN_POINT('Ctrl Pts',(16.233886585655,2.00319065056652,-3.40257601874495));
#7585=CARTESIAN_POINT('Ctrl Pts',(16.2760704056066,2.07247508328237,-3.40046511398889));
#7586=CARTESIAN_POINT('Ctrl Pts',(16.3242771923115,2.13729775074273,-3.3981974952957));
#7587=CARTESIAN_POINT('Ctrl Pts',(16.3278014533991,2.14203675162085,-3.3980317161416));
#7588=CARTESIAN_POINT('Ctrl Pts',(16.3313579147112,2.14675188452877,-3.3978650997406));
#7589=CARTESIAN_POINT('Ctrl Pts',(16.3349464460542,2.15144264598717,-3.3976976789482));
#7590=CARTESIAN_POINT('Ctrl Pts',(16.34998018945,2.17109405692857,-3.39699628860451));
#7591=CARTESIAN_POINT('Ctrl Pts',(16.3655640542687,2.19031141007751,-3.39628137929789));
#7592=CARTESIAN_POINT('Ctrl Pts',(16.3816857590654,2.20905654002377,-3.39555543746194));
#7593=CARTESIAN_POINT('Ctrl Pts',(16.4364117750722,2.27268791737645,-3.39309118786581));
#7594=CARTESIAN_POINT('Ctrl Pts',(16.4973391084542,2.3308765350926,-3.39049968874549));
#7595=CARTESIAN_POINT('Ctrl Pts',(16.5631050816051,2.38290085005872,-3.38787299310092));
#7596=CARTESIAN_POINT('Ctrl Pts',(16.6150235071213,2.42397103258916,-3.38579936907253));
#7597=CARTESIAN_POINT('Ctrl Pts',(16.669956227142,2.46119938729674,-3.38370387516286));
#7598=CARTESIAN_POINT('Ctrl Pts',(16.7272134580589,2.49424334745183,-3.38163219352561));
#7599=CARTESIAN_POINT('Ctrl Pts',(16.7938916726638,2.53272429092971,-3.37921964177294));
#7600=CARTESIAN_POINT('Ctrl Pts',(16.8638133773638,2.56562422327865,-3.3768359312021));
#7601=CARTESIAN_POINT('Ctrl Pts',(16.9360136911776,2.59238114702352,-3.37454997302174));
#7602=CARTESIAN_POINT('Ctrl Pts',(17.0069287866579,2.61866177797785,-3.37230470656705));
#7603=CARTESIAN_POINT('Ctrl Pts',(17.0800430630169,2.63901538922308,-3.37015380208941));
#7604=CARTESIAN_POINT('Ctrl Pts',(17.1544089463423,2.65287215584875,-3.36816416163318));
#7605=CARTESIAN_POINT('Ctrl Pts',(17.1796483021892,2.65757506325889,-3.36748888903187));
#7606=CARTESIAN_POINT('Ctrl Pts',(17.2050314799335,2.66152934036217,-3.36683220127221));
#7607=CARTESIAN_POINT('Ctrl Pts',(17.2305202719272,2.66471196824461,-3.36619672897423));
#7608=CARTESIAN_POINT('Ctrl Pts',(17.2582738820273,2.6681773899627,-3.36550479149866));
#7609=CARTESIAN_POINT('Ctrl Pts',(17.286128841724,2.67078624444278,-3.36483873791401));
#7610=CARTESIAN_POINT('Ctrl Pts',(17.3140415669609,2.67250479426299,-3.36420183061054));
#7611=CARTESIAN_POINT('Ctrl Pts',(17.3738593812279,2.67618769849688,-3.36283691899903));
#7612=CARTESIAN_POINT('Ctrl Pts',(17.4339459031026,2.67578182145977,-3.3616057790761));
#7613=CARTESIAN_POINT('Ctrl Pts',(17.4937735262369,2.67134892880168,-3.36049438038667));
#7614=CARTESIAN_POINT('Ctrl Pts',(17.5536078028218,2.66691554316005,-3.35938285809821));
#7615=CARTESIAN_POINT('Ctrl Pts',(17.6131829122994,2.65845299405205,-3.35839109153242));
#7616=CARTESIAN_POINT('Ctrl Pts',(17.6719199797547,2.64603159454794,-3.35750632727488));
#7617=CARTESIAN_POINT('Ctrl Pts',(17.6854819791021,2.64316357577774,-3.35730204107533));
#7618=CARTESIAN_POINT('Ctrl Pts',(17.6989990964122,2.64008458401631,-3.35710346411162));
#7619=CARTESIAN_POINT('Ctrl Pts',(17.7124638488324,2.63679565532178,-3.35691044566694));
#7620=CARTESIAN_POINT('Ctrl Pts',(17.7831234198967,2.61953620014844,-3.35589753432009));
#7621=CARTESIAN_POINT('Ctrl Pts',(17.8524275751114,2.59648392698516,-3.35503648704162));
#7622=CARTESIAN_POINT('Ctrl Pts',(17.9194243724662,2.56799051024606,-3.35430428957688));
#7623=CARTESIAN_POINT('Ctrl Pts',(17.9757361860102,2.54404136589894,-3.35368886662027));
#7624=CARTESIAN_POINT('Ctrl Pts',(18.030419156498,2.51624848328499,-3.35316442224107));
#7625=CARTESIAN_POINT('Ctrl Pts',(18.0829322929152,2.48480554087441,-3.35271721709588));
#7626=CARTESIAN_POINT('Ctrl Pts',(18.108593481688,2.46944056106514,-3.3524986848117));
#7627=CARTESIAN_POINT('Ctrl Pts',(18.1337368275813,2.45320370524581,-3.35229859953027));
#7628=CARTESIAN_POINT('Ctrl Pts',(18.1583231142821,2.43614516943508,-3.35211528996101));
#7629=CARTESIAN_POINT('Ctrl Pts',(18.2497294234763,2.37272535262045,-3.35143378602468));
#7630=CARTESIAN_POINT('Ctrl Pts',(18.3331811193794,2.29782218849065,-3.35098595067919));
#7631=CARTESIAN_POINT('Ctrl Pts',(18.4064300954085,2.21394425710579,-3.35068569368831));
#7632=CARTESIAN_POINT('Ctrl Pts',(18.4476230611042,2.16677389463143,-3.35051683841421));
#7633=CARTESIAN_POINT('Ctrl Pts',(18.4855896243206,2.11676421560385,-3.3503946671978));
#7634=CARTESIAN_POINT('Ctrl Pts',(18.5199296103805,2.06435414481016,-3.35030394594273));
#7635=CARTESIAN_POINT('Ctrl Pts',(18.5553264632867,2.01033107201523,-3.35021043259898));
#7636=CARTESIAN_POINT('Ctrl Pts',(18.5868730819953,1.9537479195525,-3.35015033886232));
#7637=CARTESIAN_POINT('Ctrl Pts',(18.6141000633179,1.8951335592013,-3.35010703728089));
#7638=CARTESIAN_POINT('',(16.0588991736615,-1.21306430662346,-3.41247260349605));
#7639=CARTESIAN_POINT('Ctrl Pts',(16.0588991736615,-1.21306430662346,-3.41247260349605));
#7640=CARTESIAN_POINT('Ctrl Pts',(15.8779924677186,-0.834186842796502,-3.42280149813118));
#7641=CARTESIAN_POINT('Ctrl Pts',(15.6873537907759,-4.16156439996616E-8,
-3.43648710107793));
#7642=CARTESIAN_POINT('Ctrl Pts',(15.8779925167308,0.834186945443841,-3.42280149533282));
#7643=CARTESIAN_POINT('Ctrl Pts',(16.0588991736615,1.21306430662345,-3.41247260349605));
#7644=CARTESIAN_POINT('',(18.6141000633178,-1.89513355920126,-3.35010703728089));
#7645=CARTESIAN_POINT('Ctrl Pts',(18.6141000633179,-1.8951335592013,-3.35010703728089));
#7646=CARTESIAN_POINT('Ctrl Pts',(18.5889474981997,-1.94928210758873,-3.35014703972676));
#7647=CARTESIAN_POINT('Ctrl Pts',(18.560004903729,-2.00164526338632,-3.35019418396364));
#7648=CARTESIAN_POINT('Ctrl Pts',(18.5277149123591,-2.05180944002228,-3.35026515187466));
#7649=CARTESIAN_POINT('Ctrl Pts',(18.5029321826369,-2.09031069624938,-3.35031962010098));
#7650=CARTESIAN_POINT('Ctrl Pts',(18.4761840119732,-2.12751102986766,-3.3503881031749));
#7651=CARTESIAN_POINT('Ctrl Pts',(18.4476524856714,-2.16326657711499,-3.35047810562634));
#7652=CARTESIAN_POINT('Ctrl Pts',(18.4005268915715,-2.22232410486771,-3.35062676290285));
#7653=CARTESIAN_POINT('Ctrl Pts',(18.3485356099299,-2.27744581193011,-3.35083409468232));
#7654=CARTESIAN_POINT('Ctrl Pts',(18.2924485512202,-2.32798076331553,-3.35113414633751));
#7655=CARTESIAN_POINT('Ctrl Pts',(18.2497621842833,-2.36644156920559,-3.3513625076627));
#7656=CARTESIAN_POINT('Ctrl Pts',(18.2047022755598,-2.4022451641267,-3.3516445733556));
#7657=CARTESIAN_POINT('Ctrl Pts',(18.157595260944,-2.43508905777132,-3.35199567577765));
#7658=CARTESIAN_POINT('Ctrl Pts',(18.098795442038,-2.47608539375693,-3.35243392810593));
#7659=CARTESIAN_POINT('Ctrl Pts',(18.0367246223419,-2.51249095119329,-3.35298044852839));
#7660=CARTESIAN_POINT('Ctrl Pts',(17.9721534298965,-2.54361899144031,-3.35366486178459));
#7661=CARTESIAN_POINT('Ctrl Pts',(17.9291312557739,-2.56435882784238,-3.35412086925734));
#7662=CARTESIAN_POINT('Ctrl Pts',(17.8849998158927,-2.58275671241472,-3.3546380803373));
#7663=CARTESIAN_POINT('Ctrl Pts',(17.8399914894364,-2.59862160483095,-3.3552250398517));
#7664=CARTESIAN_POINT('Ctrl Pts',(17.7981242299916,-2.61337930899708,-3.35577103629742));
#7665=CARTESIAN_POINT('Ctrl Pts',(17.7554983496502,-2.62594532007845,-3.35637738450635));
#7666=CARTESIAN_POINT('Ctrl Pts',(17.7123539680458,-2.6363356765982,-3.35704129144589));
#7667=CARTESIAN_POINT('Ctrl Pts',(17.6336715998791,-2.65528456001409,-3.35825205790731));
#7668=CARTESIAN_POINT('Ctrl Pts',(17.5533406065826,-2.66692553741699,-3.35965296854364));
#7669=CARTESIAN_POINT('Ctrl Pts',(17.4726392584385,-2.67141246750864,-3.36122892453234));
#7670=CARTESIAN_POINT('Ctrl Pts',(17.3919379102944,-2.67589939760029,-3.36280488052104));
#7671=CARTESIAN_POINT('Ctrl Pts',(17.3108645750693,-2.67323233209853,-3.36455589241814));
#7672=CARTESIAN_POINT('Ctrl Pts',(17.2306754115664,-2.66351241522197,-3.3664683595121));
#7673=CARTESIAN_POINT('Ctrl Pts',(17.1691961027952,-2.65606036378783,-3.36793460694315));
#7674=CARTESIAN_POINT('Ctrl Pts',(17.1081848478447,-2.64432064143701,-3.36949717631523));
#7675=CARTESIAN_POINT('Ctrl Pts',(17.0482904236192,-2.62841336000107,-3.37114820537585));
#7676=CARTESIAN_POINT('Ctrl Pts',(16.9881704619097,-2.61244617836109,-3.37280545152504));
#7677=CARTESIAN_POINT('Ctrl Pts',(16.9291758613861,-2.59228121903092,-3.37455170252338));
#7678=CARTESIAN_POINT('Ctrl Pts',(16.8719107255491,-2.56804509962905,-3.37638078022152));
#7679=CARTESIAN_POINT('Ctrl Pts',(16.8478383854338,-2.55785704889293,-3.37714966306452));
#7680=CARTESIAN_POINT('Ctrl Pts',(16.824071019404,-2.54694954715697,-3.37793321329538));
#7681=CARTESIAN_POINT('Ctrl Pts',(16.8006508034043,-2.53533147235911,-3.3787311072193));
#7682=CARTESIAN_POINT('Ctrl Pts',(16.7755134371848,-2.52286157024705,-3.37958750204377));
#7683=CARTESIAN_POINT('Ctrl Pts',(16.7507760061751,-2.50957310749763,-3.38046042168237));
#7684=CARTESIAN_POINT('Ctrl Pts',(16.726472585776,-2.49551442124506,-3.3813450841826));
#7685=CARTESIAN_POINT('Ctrl Pts',(16.6670580988052,-2.46114520006302,-3.38350781550725));
#7686=CARTESIAN_POINT('Ctrl Pts',(16.6103389529229,-2.42214333474138,-3.38573671668655));
#7687=CARTESIAN_POINT('Ctrl Pts',(16.5568780094772,-2.37903165615023,-3.38795769133871));
#7688=CARTESIAN_POINT('Ctrl Pts',(16.5029395983433,-2.33553494070444,-3.39019850184792));
#7689=CARTESIAN_POINT('Ctrl Pts',(16.4523182261994,-2.28785314853277,-3.39243130716735));
#7690=CARTESIAN_POINT('Ctrl Pts',(16.4056433606261,-2.23653283650666,-3.39457834405357));
#7691=CARTESIAN_POINT('Ctrl Pts',(16.3808288841647,-2.20924862991881,-3.3957198062864));
#7692=CARTESIAN_POINT('Ctrl Pts',(16.3571307107133,-2.18093631585614,-3.3968369933259));
#7693=CARTESIAN_POINT('Ctrl Pts',(16.3346485546006,-2.15168117011505,-3.39791790938868));
#7694=CARTESIAN_POINT('Ctrl Pts',(16.2951523778063,-2.10028634825989,-3.39981683988722));
#7695=CARTESIAN_POINT('Ctrl Pts',(16.2592954041561,-2.04602759703742,-3.4016093047209));
#7696=CARTESIAN_POINT('Ctrl Pts',(16.2275956566564,-1.98941239319461,-3.40323202778788));
#7697=CARTESIAN_POINT('Ctrl Pts',(16.1852928301736,-1.91386027264639,-3.40539752681378));
#7698=CARTESIAN_POINT('Ctrl Pts',(16.1503953751182,-1.83411052728867,-3.40726062455628));
#7699=CARTESIAN_POINT('Ctrl Pts',(16.1233086513526,-1.75176044291924,-3.40874660838857));
#7700=CARTESIAN_POINT('Ctrl Pts',(16.116385231748,-1.73071160019123,-3.40912642876424));
#7701=CARTESIAN_POINT('Ctrl Pts',(16.109971927791,-1.70949306985525,-3.40948161754725));
#7702=CARTESIAN_POINT('Ctrl Pts',(16.1040751098751,-1.6881318928434,-3.40981094365517));
#7703=CARTESIAN_POINT('Ctrl Pts',(16.0750903869372,-1.58313495955662,-3.41142968551399));
#7704=CARTESIAN_POINT('Ctrl Pts',(16.0585153043029,-1.47459100336947,-3.4124274306566));
#7705=CARTESIAN_POINT('Ctrl Pts',(16.0550704602616,-1.3656312230507,-3.41266050254439));
#7706=CARTESIAN_POINT('Ctrl Pts',(16.053462118161,-1.31475965967415,-3.41276932004821));
#7707=CARTESIAN_POINT('Ctrl Pts',(16.0547152106335,-1.26379769278996,-3.41271148747245));
#7708=CARTESIAN_POINT('Ctrl Pts',(16.0588991736615,-1.21306430662346,-3.41247260349605));
#7709=CARTESIAN_POINT('Ctrl Pts',(18.6141000633178,-1.89513355920098,-3.35010703728089));
#7710=CARTESIAN_POINT('Ctrl Pts',(18.6592671984907,-1.89837249229903,-3.35003520381692));
#7711=CARTESIAN_POINT('Ctrl Pts',(18.704595642233,-1.9,-3.35));
#7712=CARTESIAN_POINT('Ctrl Pts',(18.75,-1.9,-3.35));
#7713=CARTESIAN_POINT('Origin',(5.45358511812996,4.05158626830585,5.35));
#7714=CARTESIAN_POINT('',(6.34979385075061,8.97061156886398,5.35));
#7715=CARTESIAN_POINT('Ctrl Pts',(4.2,9.,-8.52115015710908));
#7716=CARTESIAN_POINT('Ctrl Pts',(4.2,9.,9.19205542285908));
#7717=CARTESIAN_POINT('Ctrl Pts',(9.375,9.,-8.52115015710908));
#7718=CARTESIAN_POINT('Ctrl Pts',(9.375,9.,9.19205542285908));
#7719=CARTESIAN_POINT('Ctrl Pts',(12.5,8.4900000000001,-8.52115015710908));
#7720=CARTESIAN_POINT('Ctrl Pts',(12.5,8.4900000000001,9.19205542285908));
#7721=CARTESIAN_POINT('Ctrl Pts',(18.75,8.4900000000001,-8.52115015710908));
#7722=CARTESIAN_POINT('Ctrl Pts',(18.75,8.4900000000001,9.19205542285908));
#7723=CARTESIAN_POINT('',(4.2,9.,1.));
#7724=CARTESIAN_POINT('',(18.75,8.49,1.4));
#7725=CARTESIAN_POINT('',(18.75,8.49,3.175));
#7726=CARTESIAN_POINT('',(15.2741055700228,8.54492085018943,1.4));
#7727=CARTESIAN_POINT('Ctrl Pts',(18.75,8.4900000000001,1.4));
#7728=CARTESIAN_POINT('Ctrl Pts',(17.4761597485042,8.4900000000001,1.4));
#7729=CARTESIAN_POINT('Ctrl Pts',(16.3321330159148,8.51118556628563,1.4));
#7730=CARTESIAN_POINT('Ctrl Pts',(15.2741055700229,8.54492085018942,1.4));
#7731=CARTESIAN_POINT('',(15.2741055700228,8.54492085018943,0.6));
#7732=CARTESIAN_POINT('Ctrl Pts',(15.2741055700228,8.54492085018943,1.4));
#7733=CARTESIAN_POINT('Ctrl Pts',(15.2741055700228,8.54492085018943,1.13333333333333));
#7734=CARTESIAN_POINT('Ctrl Pts',(15.2741055700228,8.54492085018943,0.866666666666667));
#7735=CARTESIAN_POINT('Ctrl Pts',(15.2741055700228,8.54492085018943,0.6));
#7736=CARTESIAN_POINT('',(18.75,8.49,0.6));
#7737=CARTESIAN_POINT('Ctrl Pts',(15.2741055700229,8.54492085018942,0.599999999999999));
#7738=CARTESIAN_POINT('Ctrl Pts',(16.3321330159148,8.51118556628563,0.599999999999999));
#7739=CARTESIAN_POINT('Ctrl Pts',(17.4761597485042,8.4900000000001,0.599999999999999));
#7740=CARTESIAN_POINT('Ctrl Pts',(18.75,8.4900000000001,0.599999999999999));
#7741=CARTESIAN_POINT('',(18.75,8.49,3.175));
#7742=CARTESIAN_POINT('Ctrl Pts',(9.39211880259686,-1.57372118959613,-3.13019238991895));
#7743=CARTESIAN_POINT('Ctrl Pts',(9.39211880259686,-1.43576895899477,-3.13019238991895));
#7744=CARTESIAN_POINT('Ctrl Pts',(9.41659120104005,-1.14871254295745,-3.05706929361839));
#7745=CARTESIAN_POINT('Ctrl Pts',(9.52178892798686,-0.730833907330033,-2.72509825110241));
#7746=CARTESIAN_POINT('Ctrl Pts',(9.64386520283632,-0.562333357170964,-2.26211859714139));
#7747=CARTESIAN_POINT('Ctrl Pts',(9.75341526406662,-0.672053237039529,-1.71713434901533));
#7748=CARTESIAN_POINT('Ctrl Pts',(9.80700834237059,-0.953565559494641,-1.36610376391521));
#7749=CARTESIAN_POINT('Ctrl Pts',(9.82290795914599,-1.45301026594724,-1.23309651546402));
#7750=CARTESIAN_POINT('Ctrl Pts',(9.80798981612346,-2.01161186319608,-1.36173532932325));
#7751=CARTESIAN_POINT('Ctrl Pts',(9.73519970697872,-2.38542510102906,-1.83351804532169));
#7752=CARTESIAN_POINT('Ctrl Pts',(9.61831537637775,-2.43426647514811,-2.35659917588979));
#7753=CARTESIAN_POINT('Ctrl Pts',(9.51187556988717,-2.30958258391116,-2.75449953948312));
#7754=CARTESIAN_POINT('Ctrl Pts',(9.41962161163539,-2.01477396643908,-3.04886464089548));
#7755=CARTESIAN_POINT('Ctrl Pts',(9.39211880259686,-1.7116734201975,-3.13019238991895));
#7756=CARTESIAN_POINT('Ctrl Pts',(9.39211880259686,-1.57372118959613,-3.13019238991895));
#7757=CARTESIAN_POINT('Ctrl Pts',(9.47735542511429,-1.57372118959613,-3.05106168613189));
#7758=CARTESIAN_POINT('Ctrl Pts',(9.47793778528338,-1.45258464507182,-3.05346915388014));
#7759=CARTESIAN_POINT('Ctrl Pts',(9.50060301015293,-1.1954546728304,-2.99657270509417));
#7760=CARTESIAN_POINT('Ctrl Pts',(9.5967514545815,-0.796432945883617,-2.70844494924895));
#7761=CARTESIAN_POINT('Ctrl Pts',(9.7079611995131,-0.614791061526716,-2.27322811790369));
#7762=CARTESIAN_POINT('Ctrl Pts',(9.80939557748649,-0.70746940593998,-1.74700486514118));
#7763=CARTESIAN_POINT('Ctrl Pts',(9.86139305492002,-0.976735146001879,-1.40764460784085));
#7764=CARTESIAN_POINT('Ctrl Pts',(9.87966601690352,-1.45546411950839,-1.2898348502219));
#7765=CARTESIAN_POINT('Ctrl Pts',(9.86632155660593,-1.97779851943259,-1.42995721289776));
#7766=CARTESIAN_POINT('Ctrl Pts',(9.79208617987429,-2.30744836959064,-1.88222766342015));
#7767=CARTESIAN_POINT('Ctrl Pts',(9.67902953716844,-2.33821804945657,-2.36312564227572));
#7768=CARTESIAN_POINT('Ctrl Pts',(9.58020168201705,-2.21780495969843,-2.71999711840153));
#7769=CARTESIAN_POINT('Ctrl Pts',(9.49930300160699,-1.95631188420349,-2.97546864398192));
#7770=CARTESIAN_POINT('Ctrl Pts',(9.4767730649452,-1.69485773412045,-3.04865421838364));
#7771=CARTESIAN_POINT('Ctrl Pts',(9.47735542511429,-1.57372118959613,-3.05106168613189));
#7772=CARTESIAN_POINT('Ctrl Pts',(9.56259204763172,-1.57372118959613,-2.97193098234483));
#7773=CARTESIAN_POINT('Ctrl Pts',(9.56375676796991,-1.46940033114887,-2.97674591784133));
#7774=CARTESIAN_POINT('Ctrl Pts',(9.58461481926582,-1.24219680270336,-2.93607611656995));
#7775=CARTESIAN_POINT('Ctrl Pts',(9.67171398117613,-0.862031984437201,-2.6917916473955));
#7776=CARTESIAN_POINT('Ctrl Pts',(9.77205719618988,-0.667248765882466,-2.28433763866598));
#7777=CARTESIAN_POINT('Ctrl Pts',(9.86537589090636,-0.742885574840432,-1.77687538126703));
#7778=CARTESIAN_POINT('Ctrl Pts',(9.91577776746945,-0.999904732509117,-1.44918545176649));
#7779=CARTESIAN_POINT('Ctrl Pts',(9.93642407466105,-1.45791797306953,-1.34657318497978));
#7780=CARTESIAN_POINT('Ctrl Pts',(9.92465329708838,-1.94398517566911,-1.49817909647228));
#7781=CARTESIAN_POINT('Ctrl Pts',(9.84897265276986,-2.22947163815222,-1.93093728151861));
#7782=CARTESIAN_POINT('Ctrl Pts',(9.73974369795912,-2.24216962376502,-2.36965210866164));
#7783=CARTESIAN_POINT('Ctrl Pts',(9.64852779414692,-2.12602733548571,-2.68549469731994));
#7784=CARTESIAN_POINT('Ctrl Pts',(9.5789843915786,-1.89784980196789,-2.90207264706836));
#7785=CARTESIAN_POINT('Ctrl Pts',(9.56142732729354,-1.6780420480434,-2.96711604684833));
#7786=CARTESIAN_POINT('Ctrl Pts',(9.56259204763172,-1.57372118959613,-2.97193098234483));
#7787=CARTESIAN_POINT('Ctrl Pts',(9.64782867014915,-1.57372118959613,-2.89280027855777));
#7788=CARTESIAN_POINT('Ctrl Pts',(9.64957575065643,-1.48621601722592,-2.90002268180252));
#7789=CARTESIAN_POINT('Ctrl Pts',(9.6686266283787,-1.28893893257631,-2.87557952804574));
#7790=CARTESIAN_POINT('Ctrl Pts',(9.74667650777077,-0.927631022990786,-2.67513834554205));
#7791=CARTESIAN_POINT('Ctrl Pts',(9.83615319286666,-0.719706470238217,-2.29544715942827));
#7792=CARTESIAN_POINT('Ctrl Pts',(9.92135620432623,-0.778301743740883,-1.80674589739288));
#7793=CARTESIAN_POINT('Ctrl Pts',(9.97016248001888,-1.02307431901636,-1.49072629569212));
#7794=CARTESIAN_POINT('Ctrl Pts',(9.99318213241857,-1.46037182663067,-1.40331151973766));
#7795=CARTESIAN_POINT('Ctrl Pts',(9.98298503757084,-1.91017183190562,-1.5664009800468));
#7796=CARTESIAN_POINT('Ctrl Pts',(9.90585912566543,-2.1514949067138,-1.97964689961707));
#7797=CARTESIAN_POINT('Ctrl Pts',(9.80045785874981,-2.14612119807348,-2.37617857504756));
#7798=CARTESIAN_POINT('Ctrl Pts',(9.7168539062768,-2.03424971127299,-2.65099227623836));
#7799=CARTESIAN_POINT('Ctrl Pts',(9.6586657815502,-1.8393877197323,-2.8286766501548));
#7800=CARTESIAN_POINT('Ctrl Pts',(9.64608158964188,-1.66122636196635,-2.88557787531302));
#7801=CARTESIAN_POINT('Ctrl Pts',(9.64782867014915,-1.57372118959613,-2.89280027855777));
#7802=CARTESIAN_POINT('',(9.39211880259686,-1.57372118959613,-3.13019238991895));
#7803=CARTESIAN_POINT('',(9.64782867014915,-1.57372118959613,-2.89280027855777));
#7804=CARTESIAN_POINT('',(9.39211880259686,-1.57372118959613,-3.13019238991895));
#7805=CARTESIAN_POINT('',(9.70687071887601,-1.11832628356669,-2.77333145662107));
#7806=CARTESIAN_POINT('Ctrl Pts',(9.64782867014915,-1.57372118959613,-2.89280027855777));
#7807=CARTESIAN_POINT('Ctrl Pts',(9.64957575065643,-1.48621601722592,-2.90002268180252));
#7808=CARTESIAN_POINT('Ctrl Pts',(9.66520042311272,-1.32441823154292,-2.87997550724101));
#7809=CARTESIAN_POINT('Ctrl Pts',(9.69426073244794,-1.17380206414274,-2.80895632031978));
#7810=CARTESIAN_POINT('Ctrl Pts',(9.70687071887602,-1.11832628356669,-2.77333145662107));
#7811=CARTESIAN_POINT('Ctrl Pts',(9.70687071887602,-1.11832628356669,-2.77333145662107));
#7812=CARTESIAN_POINT('Ctrl Pts',(9.71395429769454,-1.0871631204284,-2.75331941843621));
#7813=CARTESIAN_POINT('Ctrl Pts',(9.76304588340271,-0.889592118180415,-2.60567547213572));
#7814=CARTESIAN_POINT('Ctrl Pts',(9.83615319286666,-0.719706470238217,-2.29544715942827));
#7815=CARTESIAN_POINT('Ctrl Pts',(9.92135620432623,-0.778301743740883,-1.80674589739288));
#7816=CARTESIAN_POINT('Ctrl Pts',(9.97016248001888,-1.02307431901636,-1.49072629569212));
#7817=CARTESIAN_POINT('Ctrl Pts',(9.99318213241857,-1.46037182663067,-1.40331151973766));
#7818=CARTESIAN_POINT('Ctrl Pts',(9.98298503757084,-1.91017183190562,-1.5664009800468));
#7819=CARTESIAN_POINT('Ctrl Pts',(9.90585912566543,-2.1514949067138,-1.97964689961707));
#7820=CARTESIAN_POINT('Ctrl Pts',(9.80045785874981,-2.14612119807348,-2.37617857504756));
#7821=CARTESIAN_POINT('Ctrl Pts',(9.7168539062768,-2.03424971127299,-2.65099227623836));
#7822=CARTESIAN_POINT('Ctrl Pts',(9.6586657815502,-1.8393877197323,-2.8286766501548));
#7823=CARTESIAN_POINT('Ctrl Pts',(9.64608158964188,-1.66122636196635,-2.88557787531302));
#7824=CARTESIAN_POINT('Ctrl Pts',(9.64782867014915,-1.57372118959613,-2.89280027855777));
#7825=CARTESIAN_POINT('Ctrl Pts',(9.39211880259686,-1.57372118959613,-3.13019238991895));
#7826=CARTESIAN_POINT('Ctrl Pts',(9.39211880259686,-1.7116734201975,-3.13019238991895));
#7827=CARTESIAN_POINT('Ctrl Pts',(9.41962161163539,-2.01477396643908,-3.04886464089548));
#7828=CARTESIAN_POINT('Ctrl Pts',(9.51187556988717,-2.30958258391116,-2.75449953948312));
#7829=CARTESIAN_POINT('Ctrl Pts',(9.61831537637775,-2.43426647514811,-2.35659917588979));
#7830=CARTESIAN_POINT('Ctrl Pts',(9.73519970697872,-2.38542510102906,-1.83351804532169));
#7831=CARTESIAN_POINT('Ctrl Pts',(9.80798981612346,-2.01161186319608,-1.36173532932325));
#7832=CARTESIAN_POINT('Ctrl Pts',(9.82290795914599,-1.45301026594724,-1.23309651546402));
#7833=CARTESIAN_POINT('Ctrl Pts',(9.80700834237059,-0.953565559494641,-1.36610376391521));
#7834=CARTESIAN_POINT('Ctrl Pts',(9.75341526406662,-0.672053237039529,-1.71713434901533));
#7835=CARTESIAN_POINT('Ctrl Pts',(9.64386520283632,-0.562333357170964,-2.26211859714139));
#7836=CARTESIAN_POINT('Ctrl Pts',(9.52178892798686,-0.730833907330033,-2.72509825110241));
#7837=CARTESIAN_POINT('Ctrl Pts',(9.41659120104005,-1.14871254295745,-3.05706929361839));
#7838=CARTESIAN_POINT('Ctrl Pts',(9.39211880259686,-1.43576895899477,-3.13019238991895));
#7839=CARTESIAN_POINT('Ctrl Pts',(9.39211880259686,-1.57372118959613,-3.13019238991895));
#7840=CARTESIAN_POINT('Origin',(0.,0.,0.));
#7841=CARTESIAN_POINT('',(9.57914401186244,-2.65,2.5));
#7842=CARTESIAN_POINT('Origin',(0.,-2.65,0.));
#7843=CARTESIAN_POINT('',(6.83440250823937,2.65,7.1624676163576));
#7844=CARTESIAN_POINT('',(6.83440250823937,0.,7.1624676163576));
#7845=CARTESIAN_POINT('',(9.57914401186244,2.65,2.5));
#7846=CARTESIAN_POINT('Origin',(0.,2.65,0.));
#7847=CARTESIAN_POINT('',(9.88736567544662,2.65,-0.5));
#7848=CARTESIAN_POINT('Origin',(0.,2.65,0.));
#7849=CARTESIAN_POINT('',(8.71322725555603,2.65,-4.69996497785203));
#7850=CARTESIAN_POINT('Origin',(0.,2.65,0.));
#7851=CARTESIAN_POINT('',(8.71322725555603,-2.65,-4.69996497785203));
#7852=CARTESIAN_POINT('',(8.71322725555603,0.,-4.69996497785203));
#7853=CARTESIAN_POINT('',(9.88736567544662,-2.65,-0.5));
#7854=CARTESIAN_POINT('Origin',(0.,-2.65,0.));
#7855=CARTESIAN_POINT('Origin',(0.,-2.65,0.));
#7856=CARTESIAN_POINT('',(9.30753093292755,-1.47756316775165,3.37340598395699));
#7857=CARTESIAN_POINT('Ctrl Pts',(9.30753093292755,-1.47756316775165,3.37340598395699));
#7858=CARTESIAN_POINT('Ctrl Pts',(9.30753093292755,-1.59654253630251,3.37340598395699));
#7859=CARTESIAN_POINT('Ctrl Pts',(9.28902697357783,-1.84263468328532,3.42525626181566));
#7860=CARTESIAN_POINT('Ctrl Pts',(9.239331970371,-2.04176097335655,3.55699000950398));
#7861=CARTESIAN_POINT('Ctrl Pts',(9.17657615305395,-2.2227786073681,3.7163866617023));
#7862=CARTESIAN_POINT('Ctrl Pts',(9.1312306301345,-2.30959070839685,3.82743808824432));
#7863=CARTESIAN_POINT('Ctrl Pts',(9.02769877317718,-2.43684147216836,4.06567835400346));
#7864=CARTESIAN_POINT('Ctrl Pts',(8.96937438332886,-2.47752159260144,4.19284884629293));
#7865=CARTESIAN_POINT('Ctrl Pts',(8.85322898368018,-2.51551592799927,4.43290149986848));
#7866=CARTESIAN_POINT('Ctrl Pts',(8.78606424545142,-2.51549740297677,4.56490614268554));
#7867=CARTESIAN_POINT('Ctrl Pts',(8.64882080451128,-2.4612517563256,4.81987515114362));
#7868=CARTESIAN_POINT('Ctrl Pts',(8.57847124733179,-2.40743404438526,4.94339615955766));
#7869=CARTESIAN_POINT('Ctrl Pts',(8.46892292073798,-2.26028880375577,5.12819939835464));
#7870=CARTESIAN_POINT('Ctrl Pts',(8.37311491624725,-2.08099046748422,5.28340402122641));
#7871=CARTESIAN_POINT('Ctrl Pts',(8.33586330211461,-1.82329123126458,5.34064414813658));
#7872=CARTESIAN_POINT('Ctrl Pts',(8.3360451851955,-1.55820332070233,5.34040060109351));
#7873=CARTESIAN_POINT('Ctrl Pts',(8.35934830337887,-1.41777213028182,5.3042550551896));
#7874=CARTESIAN_POINT('Ctrl Pts',(8.43032640628523,-1.17456536241217,5.19078326460386));
#7875=CARTESIAN_POINT('Ctrl Pts',(8.47771305432564,-1.07029547297214,5.11342995388342));
#7876=CARTESIAN_POINT('Ctrl Pts',(8.57736494956235,-0.897749031476163,4.94463257168343));
#7877=CARTESIAN_POINT('Ctrl Pts',(8.63857297784994,-0.818673390554315,4.83763794972689));
#7878=CARTESIAN_POINT('Ctrl Pts',(8.76487057106658,-0.701713158592099,4.60491033351936));
#7879=CARTESIAN_POINT('Ctrl Pts',(8.83001706046685,-0.663893086147777,4.47884207121382));
#7880=CARTESIAN_POINT('Ctrl Pts',(8.94291045376245,-0.63666980141761,4.24850967179242));
#7881=CARTESIAN_POINT('Ctrl Pts',(8.99971731322426,-0.640450394451274,4.12714419168167));
#7882=CARTESIAN_POINT('Ctrl Pts',(9.10549697120407,-0.70021561393967,3.88823218604733));
#7883=CARTESIAN_POINT('Ctrl Pts',(9.15454413402733,-0.756841087951065,3.77056066091589));
#7884=CARTESIAN_POINT('Ctrl Pts',(9.22833631315866,-0.908356630820957,3.58585212265742));
#7885=CARTESIAN_POINT('Ctrl Pts',(9.28872671834071,-1.10425809500282,3.42633083972608));
#7886=CARTESIAN_POINT('Ctrl Pts',(9.30753093292755,-1.35895488417332,3.37340598395699));
#7887=CARTESIAN_POINT('Ctrl Pts',(9.30753093292755,-1.47756316775165,3.37340598395699));
#7888=CARTESIAN_POINT('',(9.83745902001919,1.53349356208015,1.1110355662368));
#7889=CARTESIAN_POINT('Ctrl Pts',(9.83745902001919,1.53349356208015,1.1110355662368));
#7890=CARTESIAN_POINT('Ctrl Pts',(9.83745902001919,1.40142480101685,1.1110355662368));
#7891=CARTESIAN_POINT('Ctrl Pts',(9.8299215997868,1.11402588614452,1.17981454264752));
#7892=CARTESIAN_POINT('Ctrl Pts',(9.79498425854663,0.795715418928918,1.45537401164718));
#7893=CARTESIAN_POINT('Ctrl Pts',(9.72599724178492,0.646157814826958,1.86428702368393));
#7894=CARTESIAN_POINT('Ctrl Pts',(9.6637821099027,0.679824560924952,2.15528639462809));
#7895=CARTESIAN_POINT('Ctrl Pts',(9.61921784797194,0.750937191676703,2.34227549420364));
#7896=CARTESIAN_POINT('Ctrl Pts',(9.58975203450641,0.811347696903604,2.46093176814541));
#7897=CARTESIAN_POINT('Ctrl Pts',(9.55432835800761,0.909269496056968,2.59502260011096));
#7898=CARTESIAN_POINT('Ctrl Pts',(9.51877821938552,1.04629139585279,2.72275610050902));
#7899=CARTESIAN_POINT('Ctrl Pts',(9.45437567322041,1.39305900428021,2.94027405848182));
#7900=CARTESIAN_POINT('Ctrl Pts',(9.44873807418865,1.80545417697118,2.95747545505969));
#7901=CARTESIAN_POINT('Ctrl Pts',(9.50299106852468,2.11329185589748,2.77578074690464));
#7902=CARTESIAN_POINT('Ctrl Pts',(9.52748459319949,2.22170111837987,2.69058522530967));
#7903=CARTESIAN_POINT('Ctrl Pts',(9.56197829059171,2.33092539323985,2.56682080637523));
#7904=CARTESIAN_POINT('Ctrl Pts',(9.60924213586651,2.42630529583193,2.38429872665269));
#7905=CARTESIAN_POINT('Ctrl Pts',(9.68765511645281,2.50596502023853,2.05439791651715));
#7906=CARTESIAN_POINT('Ctrl Pts',(9.74394575271287,2.45005734307474,1.7621343350362));
#7907=CARTESIAN_POINT('Ctrl Pts',(9.78167967517727,2.30818518174031,1.52670066735448));
#7908=CARTESIAN_POINT('Ctrl Pts',(9.80557454701166,2.18723603915006,1.36917277141411));
#7909=CARTESIAN_POINT('Ctrl Pts',(9.83032285035013,1.94885655821269,1.17706107591602));
#7910=CARTESIAN_POINT('Ctrl Pts',(9.83745902001919,1.66556232314345,1.1110355662368));
#7911=CARTESIAN_POINT('Ctrl Pts',(9.83745902001919,1.53349356208015,1.1110355662368));
#7912=CARTESIAN_POINT('',(9.85940942668504,1.04457339865805,-0.895570073748703));
#7913=CARTESIAN_POINT('Ctrl Pts',(9.85940942668504,1.04457339865805,-0.895570073748703));
#7914=CARTESIAN_POINT('Ctrl Pts',(9.85940942668504,0.916051450426043,-0.895570073748703));
#7915=CARTESIAN_POINT('Ctrl Pts',(9.86548706082957,0.639559311169578,-0.830625255775095));
#7916=CARTESIAN_POINT('Ctrl Pts',(9.8846967758108,0.323646598747946,-0.583626108281588));
#7917=CARTESIAN_POINT('Ctrl Pts',(9.90080228096749,0.137898335013984,-0.204356377499995));
#7918=CARTESIAN_POINT('Ctrl Pts',(9.90086767793424,0.136576366639081,0.128144991936497));
#7919=CARTESIAN_POINT('Ctrl Pts',(9.88980579035586,0.271670060593875,0.518655231854205));
#7920=CARTESIAN_POINT('Ctrl Pts',(9.85909163013103,0.665294529400342,0.910568887442111));
#7921=CARTESIAN_POINT('Ctrl Pts',(9.8576768890776,1.47956509343534,0.932487950984223));
#7922=CARTESIAN_POINT('Ctrl Pts',(9.91076447026499,2.03692830747237,0.225173195484256));
#7923=CARTESIAN_POINT('Ctrl Pts',(9.89237874477365,1.87285608006431,-0.484654882718546));
#7924=CARTESIAN_POINT('Ctrl Pts',(9.86522060879643,1.45063810263766,-0.832298340264008));
#7925=CARTESIAN_POINT('Ctrl Pts',(9.85940942668504,1.17309534689005,-0.895570073748703));
#7926=CARTESIAN_POINT('Ctrl Pts',(9.85940942668504,1.04457339865805,-0.895570073748703));
#7927=CARTESIAN_POINT('Origin',(8.09748832881669,-1.994256801777,-2.4949857411398));
#7928=CARTESIAN_POINT('',(14.45,0.296035627211704,-1.71353307047221));
#7929=CARTESIAN_POINT('',(8.09748832881669,-1.5970635518612,-3.13122221685985));
#7930=CARTESIAN_POINT('Origin',(14.45,3.78863607153335E-14,-1.25));
#7931=CARTESIAN_POINT('Ctrl Pts',(9.30753093292755,-1.47756316775165,3.37340598395699));
#7932=CARTESIAN_POINT('Ctrl Pts',(9.30753093292755,-1.35895488417332,3.37340598395699));
#7933=CARTESIAN_POINT('Ctrl Pts',(9.28872671834071,-1.10425809500282,3.42633083972608));
#7934=CARTESIAN_POINT('Ctrl Pts',(9.22833631315866,-0.908356630820957,3.58585212265742));
#7935=CARTESIAN_POINT('Ctrl Pts',(9.15454413402733,-0.756841087951065,3.77056066091589));
#7936=CARTESIAN_POINT('Ctrl Pts',(9.10549697120407,-0.70021561393967,3.88823218604733));
#7937=CARTESIAN_POINT('Ctrl Pts',(8.99971731322426,-0.640450394451274,4.12714419168167));
#7938=CARTESIAN_POINT('Ctrl Pts',(8.94291045376245,-0.63666980141761,4.24850967179242));
#7939=CARTESIAN_POINT('Ctrl Pts',(8.83001706046685,-0.663893086147777,4.47884207121382));
#7940=CARTESIAN_POINT('Ctrl Pts',(8.76487057106658,-0.701713158592099,4.60491033351936));
#7941=CARTESIAN_POINT('Ctrl Pts',(8.63857297784994,-0.818673390554315,4.83763794972689));
#7942=CARTESIAN_POINT('Ctrl Pts',(8.57736494956235,-0.897749031476163,4.94463257168343));
#7943=CARTESIAN_POINT('Ctrl Pts',(8.47771305432564,-1.07029547297214,5.11342995388342));
#7944=CARTESIAN_POINT('Ctrl Pts',(8.43032640628523,-1.17456536241217,5.19078326460386));
#7945=CARTESIAN_POINT('Ctrl Pts',(8.35934830337887,-1.41777213028182,5.3042550551896));
#7946=CARTESIAN_POINT('Ctrl Pts',(8.3360451851955,-1.55820332070233,5.34040060109351));
#7947=CARTESIAN_POINT('Ctrl Pts',(8.33586330211461,-1.82329123126458,5.34064414813658));
#7948=CARTESIAN_POINT('Ctrl Pts',(8.37311491624725,-2.08099046748422,5.28340402122641));
#7949=CARTESIAN_POINT('Ctrl Pts',(8.46892292073798,-2.26028880375577,5.12819939835464));
#7950=CARTESIAN_POINT('Ctrl Pts',(8.57847124733179,-2.40743404438526,4.94339615955766));
#7951=CARTESIAN_POINT('Ctrl Pts',(8.64882080451128,-2.4612517563256,4.81987515114362));
#7952=CARTESIAN_POINT('Ctrl Pts',(8.78606424545142,-2.51549740297677,4.56490614268554));
#7953=CARTESIAN_POINT('Ctrl Pts',(8.85322898368018,-2.51551592799927,4.43290149986848));
#7954=CARTESIAN_POINT('Ctrl Pts',(8.96937438332886,-2.47752159260144,4.19284884629293));
#7955=CARTESIAN_POINT('Ctrl Pts',(9.02769877317718,-2.43684147216836,4.06567835400346));
#7956=CARTESIAN_POINT('Ctrl Pts',(9.1312306301345,-2.30959070839685,3.82743808824432));
#7957=CARTESIAN_POINT('Ctrl Pts',(9.17657615305395,-2.2227786073681,3.7163866617023));
#7958=CARTESIAN_POINT('Ctrl Pts',(9.239331970371,-2.04176097335655,3.55699000950398));
#7959=CARTESIAN_POINT('Ctrl Pts',(9.28902697357783,-1.84263468328532,3.42525626181566));
#7960=CARTESIAN_POINT('Ctrl Pts',(9.30753093292755,-1.59654253630251,3.37340598395699));
#7961=CARTESIAN_POINT('Ctrl Pts',(9.30753093292755,-1.47756316775165,3.37340598395699));
#7962=CARTESIAN_POINT('Ctrl Pts',(9.35007342769543,-1.47756316775165,3.42571009392316));
#7963=CARTESIAN_POINT('Ctrl Pts',(9.34965771293283,-1.36383250745955,3.42296778416394));
#7964=CARTESIAN_POINT('Ctrl Pts',(9.33041175644334,-1.11758111505872,3.47053963359722));
#7965=CARTESIAN_POINT('Ctrl Pts',(9.27214394913649,-0.929581718721971,3.62692974973374));
#7966=CARTESIAN_POINT('Ctrl Pts',(9.20168149619349,-0.786751079229179,3.80852633701294));
#7967=CARTESIAN_POINT('Ctrl Pts',(9.1551224455345,-0.735198943341233,3.92441086606112));
#7968=CARTESIAN_POINT('Ctrl Pts',(9.05508504059536,-0.685829828878768,4.1582165759198));
#7969=CARTESIAN_POINT('Ctrl Pts',(9.00147093431689,-0.687228400713673,4.27615558193866));
#7970=CARTESIAN_POINT('Ctrl Pts',(8.8950411698119,-0.723736101756313,4.49777364343508));
#7971=CARTESIAN_POINT('Ctrl Pts',(8.83367231384294,-0.766235786224441,4.61760535884326));
#7972=CARTESIAN_POINT('Ctrl Pts',(8.71499611030275,-0.889085731600397,4.83473156661988));
#7973=CARTESIAN_POINT('Ctrl Pts',(8.65765625882045,-0.969163092842366,4.93231229316574));
#7974=CARTESIAN_POINT('Ctrl Pts',(8.56503698555349,-1.13747404759081,5.08239132829094));
#7975=CARTESIAN_POINT('Ctrl Pts',(8.52137046856196,-1.23653629321327,5.14915395355966));
#7976=CARTESIAN_POINT('Ctrl Pts',(8.45718917411237,-1.45788098313632,5.2427493615549));
#7977=CARTESIAN_POINT('Ctrl Pts',(8.43653086902524,-1.58049326849738,5.27055837172036));
#7978=CARTESIAN_POINT('Ctrl Pts',(8.43600472154979,-1.80477065522992,5.26668322839051));
#7979=CARTESIAN_POINT('Ctrl Pts',(8.46604720390608,-2.01864070789739,5.21853641457827));
#7980=CARTESIAN_POINT('Ctrl Pts',(8.5485687225088,-2.17481208463073,5.08853650398449));
#7981=CARTESIAN_POINT('Ctrl Pts',(8.64678763794146,-2.30820271859879,4.92851663665526));
#7982=CARTESIAN_POINT('Ctrl Pts',(8.71172417359381,-2.36034350322899,4.8190297402374));
#7983=CARTESIAN_POINT('Ctrl Pts',(8.84162035902624,-2.41810685143205,4.58696468561645));
#7984=CARTESIAN_POINT('Ctrl Pts',(8.90631975910631,-2.42291576149556,4.46452510910423));
#7985=CARTESIAN_POINT('Ctrl Pts',(9.01919622584626,-2.39633212577919,4.23882935468923));
#7986=CARTESIAN_POINT('Ctrl Pts',(9.07634294960909,-2.3631955789605,4.11777053104657));
#7987=CARTESIAN_POINT('Ctrl Pts',(9.17818155206147,-2.25289555874127,3.88781339858408));
#7988=CARTESIAN_POINT('Ctrl Pts',(9.22291737119495,-2.17544888438873,3.77889757506788));
#7989=CARTESIAN_POINT('Ctrl Pts',(9.28462371793017,-2.01015768378745,3.61996040935432));
#7990=CARTESIAN_POINT('Ctrl Pts',(9.33325267466353,-1.82590149918905,3.4861374585336));
#7991=CARTESIAN_POINT('Ctrl Pts',(9.35049799220264,-1.59175758700486,3.42838701303531));
#7992=CARTESIAN_POINT('Ctrl Pts',(9.35007342769543,-1.47756316775165,3.42571009392316));
#7993=CARTESIAN_POINT('Ctrl Pts',(9.39261592246331,-1.47756316775165,3.47801420388933));
#7994=CARTESIAN_POINT('Ctrl Pts',(9.39178647487353,-1.36854536812923,3.47266546088727));
#7995=CARTESIAN_POINT('Ctrl Pts',(9.3721175621595,-1.13092132590434,3.51472447139414));
#7996=CARTESIAN_POINT('Ctrl Pts',(9.31598113520495,-0.950734505699278,3.66806581498142));
#7997=CARTESIAN_POINT('Ctrl Pts',(9.24878578233821,-0.816462622936781,3.84646435981519));
#7998=CARTESIAN_POINT('Ctrl Pts',(9.20479096079766,-0.770126727773041,3.96058068506751));
#7999=CARTESIAN_POINT('Ctrl Pts',(9.11047784701774,-0.731091816358586,4.18919884551099));
#8000=CARTESIAN_POINT('Ctrl Pts',(9.06010310691039,-0.737755888927431,4.30371346718043));
#8001=CARTESIAN_POINT('Ctrl Pts',(8.96014792868467,-0.783525555228222,4.51655614814333));
#8002=CARTESIAN_POINT('Ctrl Pts',(8.90259719415039,-0.830811762868216,4.63011488898233));
#8003=CARTESIAN_POINT('Ctrl Pts',(8.79157768338686,-0.959465581976863,4.83158593056873));
#8004=CARTESIAN_POINT('Ctrl Pts',(8.73817009187364,-1.0407112842608,4.91963168365469));
#8005=CARTESIAN_POINT('Ctrl Pts',(8.65256901119473,-1.2046444162343,5.05106968342379));
#8006=CARTESIAN_POINT('Ctrl Pts',(8.6128501003053,-1.29878739279306,5.10681205295326));
#8007=CARTESIAN_POINT('Ctrl Pts',(8.55515337211069,-1.49793335555934,5.18113346024155));
#8008=CARTESIAN_POINT('Ctrl Pts',(8.53789949534297,-1.60278007140025,5.19936082498121));
#8009=CARTESIAN_POINT('Ctrl Pts',(8.53595087103132,-1.78659092297882,5.19308408860691));
#8010=CARTESIAN_POINT('Ctrl Pts',(8.55894670704548,-1.9563251290175,5.15382624422502));
#8011=CARTESIAN_POINT('Ctrl Pts',(8.62810991645206,-2.08962166382909,5.04911504022431));
#8012=CARTESIAN_POINT('Ctrl Pts',(8.71448198957596,-2.20813527550342,4.91449710333656));
#8013=CARTESIAN_POINT('Ctrl Pts',(8.77449231124673,-2.25936959781983,4.81843928884412));
#8014=CARTESIAN_POINT('Ctrl Pts',(8.89679059952116,-2.32033626083157,4.60959008074377));
#8015=CARTESIAN_POINT('Ctrl Pts',(8.95925774834573,-2.33014650408869,4.4964291647938));
#8016=CARTESIAN_POINT('Ctrl Pts',(9.06880846993854,-2.31495238860098,4.28514819090319));
#8017=CARTESIAN_POINT('Ctrl Pts',(9.12488046721408,-2.28941810147278,4.17011923563124));
#8018=CARTESIAN_POINT('Ctrl Pts',(9.22500687161393,-2.1960522612693,3.94839923376889));
#8019=CARTESIAN_POINT('Ctrl Pts',(9.26919403476624,-2.12803415932906,3.84164160698455));
#8020=CARTESIAN_POINT('Ctrl Pts',(9.3298598682566,-1.97841658251827,3.6830425382721));
#8021=CARTESIAN_POINT('Ctrl Pts',(9.37744972267603,-1.8091140919841,3.54699087433609));
#8022=CARTESIAN_POINT('Ctrl Pts',(9.3934404159979,-1.58681411257206,3.48345365169023));
#8023=CARTESIAN_POINT('Ctrl Pts',(9.39261592246331,-1.47756316775165,3.47801420388933));
#8024=CARTESIAN_POINT('Ctrl Pts',(9.43515841723118,-1.47756316775165,3.5303183138555));
#8025=CARTESIAN_POINT('Ctrl Pts',(9.43391325487882,-1.37342299141546,3.52222726109422));
#8026=CARTESIAN_POINT('Ctrl Pts',(9.41380260026214,-1.14424434596024,3.55893326526527));
#8027=CARTESIAN_POINT('Ctrl Pts',(9.35978877118277,-0.971959593600292,3.70914344205775));
#8028=CARTESIAN_POINT('Ctrl Pts',(9.29592314450437,-0.846372614214895,3.88443003591223));
#8029=CARTESIAN_POINT('Ctrl Pts',(9.25441643512808,-0.805110057174604,3.9967593650813));
#8030=CARTESIAN_POINT('Ctrl Pts',(9.16584557438884,-0.77647125078608,4.22027122974912));
#8031=CARTESIAN_POINT('Ctrl Pts',(9.11866358746482,-0.788314488223494,4.33135937732667));
#8032=CARTESIAN_POINT('Ctrl Pts',(9.02517203802971,-0.843368570836757,4.5354877203646));
#8033=CARTESIAN_POINT('Ctrl Pts',(8.97139893692676,-0.895334390500558,4.64280991430623));
#8034=CARTESIAN_POINT('Ctrl Pts',(8.86800081583967,-1.02987792302295,4.82867954746172));
#8035=CARTESIAN_POINT('Ctrl Pts',(8.81846140113175,-1.112125345627,4.907311405137));
#8036=CARTESIAN_POINT('Ctrl Pts',(8.73989294242259,-1.27182299085296,5.02003105783131));
#8037=CARTESIAN_POINT('Ctrl Pts',(8.70389416258202,-1.36075832359415,5.06518274190905));
#8038=CARTESIAN_POINT('Ctrl Pts',(8.65299424284418,-1.53804220841384,5.11962776660685));
#8039=CARTESIAN_POINT('Ctrl Pts',(8.63838517917271,-1.62507001919531,5.12951859560806));
#8040=CARTESIAN_POINT('Ctrl Pts',(8.63609229046651,-1.76807034694415,5.11912316886084));
#8041=CARTESIAN_POINT('Ctrl Pts',(8.65187899470432,-1.89397536943067,5.08895863757688));
#8042=CARTESIAN_POINT('Ctrl Pts',(8.70775571822287,-2.00414494470404,5.00945214585416));
#8043=CARTESIAN_POINT('Ctrl Pts',(8.78279838018563,-2.10890394971694,4.89961758043416));
#8044=CARTESIAN_POINT('Ctrl Pts',(8.83739568032927,-2.15846134472321,4.8175938779379));
#8045=CARTESIAN_POINT('Ctrl Pts',(8.95234671309599,-2.22294570928685,4.63164862367469));
#8046=CARTESIAN_POINT('Ctrl Pts',(9.01234852377186,-2.23754633758498,4.52805277402956));
#8047=CARTESIAN_POINT('Ctrl Pts',(9.11863031245595,-2.23376292177872,4.33112869929949));
#8048=CARTESIAN_POINT('Ctrl Pts',(9.173524643646,-2.21577220826493,4.22221141267436));
#8049=CARTESIAN_POINT('Ctrl Pts',(9.2719577935409,-2.13935711161372,4.00877454410865));
#8050=CARTESIAN_POINT('Ctrl Pts',(9.31553525290725,-2.08070443634969,3.90415252035012));
#8051=CARTESIAN_POINT('Ctrl Pts',(9.37515161581577,-1.94681329294917,3.74601293812244));
#8052=CARTESIAN_POINT('Ctrl Pts',(9.42167542376173,-1.79238090788784,3.60787207105403));
#8053=CARTESIAN_POINT('Ctrl Pts',(9.43640747527299,-1.5820291632744,3.53843468076855));
#8054=CARTESIAN_POINT('Ctrl Pts',(9.43515841723118,-1.47756316775165,3.5303183138555));
#8055=CARTESIAN_POINT('',(9.43515841723118,-1.47756316775165,3.5303183138555));
#8056=CARTESIAN_POINT('',(9.30753093292755,-1.47756316775165,3.37340598395699));
#8057=CARTESIAN_POINT('',(8.78242850637687,-1.18545741624825,4.95896876976213));
#8058=CARTESIAN_POINT('Ctrl Pts',(9.43515841723118,-1.47756316775165,3.5303183138555));
#8059=CARTESIAN_POINT('Ctrl Pts',(9.43391325487882,-1.37342299141546,3.52222726109422));
#8060=CARTESIAN_POINT('Ctrl Pts',(9.41380260026214,-1.14424434596024,3.55893326526527));
#8061=CARTESIAN_POINT('Ctrl Pts',(9.35978877118277,-0.971959593600292,3.70914344205775));
#8062=CARTESIAN_POINT('Ctrl Pts',(9.29592314450437,-0.846372614214895,3.88443003591223));
#8063=CARTESIAN_POINT('Ctrl Pts',(9.25441643512808,-0.805110057174604,3.9967593650813));
#8064=CARTESIAN_POINT('Ctrl Pts',(9.16584557438884,-0.77647125078608,4.22027122974912));
#8065=CARTESIAN_POINT('Ctrl Pts',(9.11866358746482,-0.788314488223494,4.33135937732667));
#8066=CARTESIAN_POINT('Ctrl Pts',(9.02517203802971,-0.843368570836757,4.5354877203646));
#8067=CARTESIAN_POINT('Ctrl Pts',(8.97139893692676,-0.895334390500558,4.64280991430623));
#8068=CARTESIAN_POINT('Ctrl Pts',(8.87010676514679,-1.02713762314018,4.82489386914336));
#8069=CARTESIAN_POINT('Ctrl Pts',(8.82250093794261,-1.1054495354749,4.90088157075797));
#8070=CARTESIAN_POINT('Ctrl Pts',(8.78242850637687,-1.18545741624825,4.95896876976213));
#8071=CARTESIAN_POINT('Ctrl Pts',(8.78242850637687,-1.18545741624825,4.95896876976213));
#8072=CARTESIAN_POINT('Ctrl Pts',(8.78072684847749,-1.1888549151524,4.96143541671058));
#8073=CARTESIAN_POINT('Ctrl Pts',(8.77903877508544,-1.19225547229174,4.96386978478762));
#8074=CARTESIAN_POINT('Ctrl Pts',(8.73989294242259,-1.27182299085296,5.02003105783131));
#8075=CARTESIAN_POINT('Ctrl Pts',(8.70389416258202,-1.36075832359415,5.06518274190905));
#8076=CARTESIAN_POINT('Ctrl Pts',(8.65299424284418,-1.53804220841384,5.11962776660685));
#8077=CARTESIAN_POINT('Ctrl Pts',(8.63838517917271,-1.62507001919531,5.12951859560806));
#8078=CARTESIAN_POINT('Ctrl Pts',(8.63609229046651,-1.76807034694415,5.11912316886084));
#8079=CARTESIAN_POINT('Ctrl Pts',(8.65187899470432,-1.89397536943067,5.08895863757688));
#8080=CARTESIAN_POINT('Ctrl Pts',(8.70775571822287,-2.00414494470404,5.00945214585416));
#8081=CARTESIAN_POINT('Ctrl Pts',(8.78279838018563,-2.10890394971694,4.89961758043416));
#8082=CARTESIAN_POINT('Ctrl Pts',(8.83739568032927,-2.15846134472321,4.8175938779379));
#8083=CARTESIAN_POINT('Ctrl Pts',(8.95234671309599,-2.22294570928685,4.63164862367469));
#8084=CARTESIAN_POINT('Ctrl Pts',(9.01234852377186,-2.23754633758498,4.52805277402956));
#8085=CARTESIAN_POINT('Ctrl Pts',(9.11863031245595,-2.23376292177872,4.33112869929949));
#8086=CARTESIAN_POINT('Ctrl Pts',(9.173524643646,-2.21577220826493,4.22221141267436));
#8087=CARTESIAN_POINT('Ctrl Pts',(9.2719577935409,-2.13935711161372,4.00877454410865));
#8088=CARTESIAN_POINT('Ctrl Pts',(9.31553525290725,-2.08070443634969,3.90415252035012));
#8089=CARTESIAN_POINT('Ctrl Pts',(9.37515161581577,-1.94681329294917,3.74601293812244));
#8090=CARTESIAN_POINT('Ctrl Pts',(9.42167542376173,-1.79238090788784,3.60787207105403));
#8091=CARTESIAN_POINT('Ctrl Pts',(9.43640747527299,-1.5820291632744,3.53843468076855));
#8092=CARTESIAN_POINT('Ctrl Pts',(9.43515841723118,-1.47756316775165,3.5303183138555));
#8093=CARTESIAN_POINT('Origin',(8.0977582010264,-1.79465579193481,4.49486412360728));
#8094=CARTESIAN_POINT('',(14.45,0.317845556057857,3.69885877789601));
#8095=CARTESIAN_POINT('',(8.0977582010264,-1.36716890797143,5.11114970669401));
#8096=CARTESIAN_POINT('Origin',(14.45,3.82506526452886E-14,3.25));
#8097=CARTESIAN_POINT('Ctrl Pts',(9.85940942668504,1.04457339865805,-0.895570073748703));
#8098=CARTESIAN_POINT('Ctrl Pts',(9.85940942668504,1.17309534689005,-0.895570073748703));
#8099=CARTESIAN_POINT('Ctrl Pts',(9.86522060879643,1.45063810263766,-0.832298340264008));
#8100=CARTESIAN_POINT('Ctrl Pts',(9.89237874477365,1.87285608006431,-0.484654882718546));
#8101=CARTESIAN_POINT('Ctrl Pts',(9.91076447026499,2.03692830747237,0.225173195484256));
#8102=CARTESIAN_POINT('Ctrl Pts',(9.8576768890776,1.47956509343534,0.932487950984223));
#8103=CARTESIAN_POINT('Ctrl Pts',(9.85909163013103,0.665294529400342,0.910568887442111));
#8104=CARTESIAN_POINT('Ctrl Pts',(9.88980579035586,0.271670060593875,0.518655231854205));
#8105=CARTESIAN_POINT('Ctrl Pts',(9.90086767793424,0.136576366639081,0.128144991936497));
#8106=CARTESIAN_POINT('Ctrl Pts',(9.90080228096749,0.137898335013984,-0.204356377499995));
#8107=CARTESIAN_POINT('Ctrl Pts',(9.8846967758108,0.323646598747946,-0.583626108281588));
#8108=CARTESIAN_POINT('Ctrl Pts',(9.86548706082957,0.639559311169578,-0.830625255775095));
#8109=CARTESIAN_POINT('Ctrl Pts',(9.85940942668504,0.916051450426043,-0.895570073748703));
#8110=CARTESIAN_POINT('Ctrl Pts',(9.85940942668504,1.04457339865805,-0.895570073748703));
#8111=CARTESIAN_POINT('Ctrl Pts',(9.93114227313508,1.04457339865805,-0.822868870034771));
#8112=CARTESIAN_POINT('Ctrl Pts',(9.93094689958971,1.16187064793599,-0.820794179261365));
#8113=CARTESIAN_POINT('Ctrl Pts',(9.93533566925429,1.41276296844107,-0.759392451065032));
#8114=CARTESIAN_POINT('Ctrl Pts',(9.95766206905598,1.7934779201201,-0.441735511537707));
#8115=CARTESIAN_POINT('Ctrl Pts',(9.97369137434709,1.94357784972697,0.204596753580095));
#8116=CARTESIAN_POINT('Ctrl Pts',(9.93020214505712,1.44490189419872,0.854557076590378));
#8117=CARTESIAN_POINT('Ctrl Pts',(9.93102103619758,0.69595027664172,0.852109756965135));
#8118=CARTESIAN_POINT('Ctrl Pts',(9.95650719836988,0.318666553522816,0.489695702072821));
#8119=CARTESIAN_POINT('Ctrl Pts',(9.9660256981379,0.190079508452382,0.121041486294578));
#8120=CARTESIAN_POINT('Ctrl Pts',(9.96626453481646,0.192818403936856,-0.193472054780828));
#8121=CARTESIAN_POINT('Ctrl Pts',(9.95303748539507,0.373341099111918,-0.547769846963965));
#8122=CARTESIAN_POINT('Ctrl Pts',(9.93679670994394,0.672423952347051,-0.770812790895778));
#8123=CARTESIAN_POINT('Ctrl Pts',(9.93133764668046,0.927276149380102,-0.824943560808177));
#8124=CARTESIAN_POINT('Ctrl Pts',(9.93114227313508,1.04457339865805,-0.822868870034771));
#8125=CARTESIAN_POINT('Ctrl Pts',(10.0028751195851,1.04457339865805,-0.750167666320839));
#8126=CARTESIAN_POINT('Ctrl Pts',(10.0024843724944,1.15064594898193,-0.746018284774027));
#8127=CARTESIAN_POINT('Ctrl Pts',(10.0054507297121,1.37488783424448,-0.686486561866057));
#8128=CARTESIAN_POINT('Ctrl Pts',(10.0229453933383,1.7140997601759,-0.39881614035687));
#8129=CARTESIAN_POINT('Ctrl Pts',(10.0366182784292,1.85022739198157,0.184020311675935));
#8130=CARTESIAN_POINT('Ctrl Pts',(10.0027274010367,1.41023869496211,0.776626202196535));
#8131=CARTESIAN_POINT('Ctrl Pts',(10.0029504422641,0.726606023883097,0.793650626488159));
#8132=CARTESIAN_POINT('Ctrl Pts',(10.0232086063839,0.365663046451756,0.460736172291438));
#8133=CARTESIAN_POINT('Ctrl Pts',(10.0311837183416,0.243582650265682,0.113937980652659));
#8134=CARTESIAN_POINT('Ctrl Pts',(10.0317267886654,0.247738472859728,-0.18258773206166));
#8135=CARTESIAN_POINT('Ctrl Pts',(10.0213781949793,0.423035599475889,-0.511913585646342));
#8136=CARTESIAN_POINT('Ctrl Pts',(10.0081063590583,0.705288593524523,-0.71100032601646));
#8137=CARTESIAN_POINT('Ctrl Pts',(10.0032658666759,0.938500848334162,-0.754317047867651));
#8138=CARTESIAN_POINT('Ctrl Pts',(10.0028751195851,1.04457339865805,-0.750167666320839));
#8139=CARTESIAN_POINT('Ctrl Pts',(10.0746079660352,1.04457339865805,-0.677466462606907));
#8140=CARTESIAN_POINT('Ctrl Pts',(10.0740218453991,1.13942125002787,-0.671242390286689));
#8141=CARTESIAN_POINT('Ctrl Pts',(10.07556579017,1.33701270004789,-0.613580672667081));
#8142=CARTESIAN_POINT('Ctrl Pts',(10.0882287176207,1.63472160023169,-0.355896769176031));
#8143=CARTESIAN_POINT('Ctrl Pts',(10.0995451825113,1.75687693423616,0.163443869771774));
#8144=CARTESIAN_POINT('Ctrl Pts',(10.0752526570162,1.37557549572549,0.698695327802692));
#8145=CARTESIAN_POINT('Ctrl Pts',(10.0748798483307,0.757261771124475,0.735191496011183));
#8146=CARTESIAN_POINT('Ctrl Pts',(10.0899100143979,0.412659539380697,0.431776642510053));
#8147=CARTESIAN_POINT('Ctrl Pts',(10.0963417385452,0.297085792078983,0.10683447501074));
#8148=CARTESIAN_POINT('Ctrl Pts',(10.0971890425144,0.302658541782601,-0.171703409342493));
#8149=CARTESIAN_POINT('Ctrl Pts',(10.0897189045636,0.472730099839861,-0.476057324328719));
#8150=CARTESIAN_POINT('Ctrl Pts',(10.0794160081727,0.738153234701997,-0.651187861137143));
#8151=CARTESIAN_POINT('Ctrl Pts',(10.0751940866713,0.949725547288221,-0.683690534927125));
#8152=CARTESIAN_POINT('Ctrl Pts',(10.0746079660352,1.04457339865805,-0.677466462606907));
#8153=CARTESIAN_POINT('',(10.0746079660352,1.04457339865805,-0.677466462606907));
#8154=CARTESIAN_POINT('',(9.85940942668504,1.04457339865805,-0.895570073748703));
#8155=CARTESIAN_POINT('',(10.0766081274212,1.15655806235198,0.679932942295772));
#8156=CARTESIAN_POINT('Ctrl Pts',(10.0746079660352,1.04457339865805,-0.677466462606907));
#8157=CARTESIAN_POINT('Ctrl Pts',(10.0740218453991,1.13942125002787,-0.671242390286689));
#8158=CARTESIAN_POINT('Ctrl Pts',(10.07556579017,1.33701270004789,-0.613580672667081));
#8159=CARTESIAN_POINT('Ctrl Pts',(10.0882287176207,1.63472160023169,-0.355896769176031));
#8160=CARTESIAN_POINT('Ctrl Pts',(10.0995451825113,1.75687693423616,0.163443869771774));
#8161=CARTESIAN_POINT('Ctrl Pts',(10.0809112684879,1.46439444929859,0.57401582334954));
#8162=CARTESIAN_POINT('Ctrl Pts',(10.0771150372645,1.21626999764673,0.666366585835694));
#8163=CARTESIAN_POINT('Ctrl Pts',(10.0766081274212,1.15655806235198,0.679932942295772));
#8164=CARTESIAN_POINT('Ctrl Pts',(10.0766081274212,1.15655806235198,0.679932942295772));
#8165=CARTESIAN_POINT('Ctrl Pts',(10.0754320196057,1.01801730464186,0.711408949463638));
#8166=CARTESIAN_POINT('Ctrl Pts',(10.0771433240244,0.705366218402259,0.689498577985398));
#8167=CARTESIAN_POINT('Ctrl Pts',(10.0899100143979,0.412659539380697,0.431776642510053));
#8168=CARTESIAN_POINT('Ctrl Pts',(10.0963417385452,0.297085792078983,0.10683447501074));
#8169=CARTESIAN_POINT('Ctrl Pts',(10.0971890425144,0.302658541782601,-0.171703409342493));
#8170=CARTESIAN_POINT('Ctrl Pts',(10.0897189045636,0.472730099839861,-0.476057324328719));
#8171=CARTESIAN_POINT('Ctrl Pts',(10.0794160081727,0.738153234701997,-0.651187861137143));
#8172=CARTESIAN_POINT('Ctrl Pts',(10.0751940866713,0.949725547288221,-0.683690534927125));
#8173=CARTESIAN_POINT('Ctrl Pts',(10.0746079660352,1.04457339865805,-0.677466462606907));
#8174=CARTESIAN_POINT('Origin',(8.09883132259869,1.44515922967017,-0.0988315381962473));
#8175=CARTESIAN_POINT('',(14.45,0.125303712280556,0.785536160953415));
#8176=CARTESIAN_POINT('',(8.09883132259869,1.62114394785594,0.630248008573418));
#8177=CARTESIAN_POINT('Origin',(14.45,3.80945275324507E-14,0.25));
#8178=CARTESIAN_POINT('Ctrl Pts',(9.83745902001919,1.53349356208015,1.1110355662368));
#8179=CARTESIAN_POINT('Ctrl Pts',(9.83745902001919,1.66556232314345,1.1110355662368));
#8180=CARTESIAN_POINT('Ctrl Pts',(9.83032285035013,1.94885655821269,1.17706107591602));
#8181=CARTESIAN_POINT('Ctrl Pts',(9.80557454701166,2.18723603915006,1.36917277141411));
#8182=CARTESIAN_POINT('Ctrl Pts',(9.78167967517727,2.30818518174031,1.52670066735448));
#8183=CARTESIAN_POINT('Ctrl Pts',(9.74394575271287,2.45005734307474,1.7621343350362));
#8184=CARTESIAN_POINT('Ctrl Pts',(9.68765511645281,2.50596502023853,2.05439791651715));
#8185=CARTESIAN_POINT('Ctrl Pts',(9.60924213586651,2.42630529583193,2.38429872665269));
#8186=CARTESIAN_POINT('Ctrl Pts',(9.56197829059171,2.33092539323985,2.56682080637523));
#8187=CARTESIAN_POINT('Ctrl Pts',(9.52748459319949,2.22170111837987,2.69058522530967));
#8188=CARTESIAN_POINT('Ctrl Pts',(9.50299106852468,2.11329185589748,2.77578074690464));
#8189=CARTESIAN_POINT('Ctrl Pts',(9.44873807418865,1.80545417697118,2.95747545505969));
#8190=CARTESIAN_POINT('Ctrl Pts',(9.45437567322041,1.39305900428021,2.94027405848182));
#8191=CARTESIAN_POINT('Ctrl Pts',(9.51877821938552,1.04629139585279,2.72275610050902));
#8192=CARTESIAN_POINT('Ctrl Pts',(9.55432835800761,0.909269496056968,2.59502260011096));
#8193=CARTESIAN_POINT('Ctrl Pts',(9.58975203450641,0.811347696903604,2.46093176814541));
#8194=CARTESIAN_POINT('Ctrl Pts',(9.61921784797194,0.750937191676703,2.34227549420364));
#8195=CARTESIAN_POINT('Ctrl Pts',(9.6637821099027,0.679824560924952,2.15528639462809));
#8196=CARTESIAN_POINT('Ctrl Pts',(9.72599724178492,0.646157814826958,1.86428702368393));
#8197=CARTESIAN_POINT('Ctrl Pts',(9.79498425854663,0.795715418928918,1.45537401164718));
#8198=CARTESIAN_POINT('Ctrl Pts',(9.8299215997868,1.11402588614452,1.17981454264752));
#8199=CARTESIAN_POINT('Ctrl Pts',(9.83745902001919,1.40142480101685,1.1110355662368));
#8200=CARTESIAN_POINT('Ctrl Pts',(9.83745902001919,1.53349356208015,1.1110355662368));
#8201=CARTESIAN_POINT('Ctrl Pts',(9.8959732092813,1.53349356208015,1.17668683458803));
#8202=CARTESIAN_POINT('Ctrl Pts',(9.89599964024385,1.65703276788625,1.18010626161268));
#8203=CARTESIAN_POINT('Ctrl Pts',(9.88837542640638,1.91886669940253,1.24978478122924));
#8204=CARTESIAN_POINT('Ctrl Pts',(9.86278839442881,2.13396327421302,1.43372784116995));
#8205=CARTESIAN_POINT('Ctrl Pts',(9.83888442497556,2.24171804064253,1.58173997849717));
#8206=CARTESIAN_POINT('Ctrl Pts',(9.80154466025644,2.36702784177869,1.80155296948783));
#8207=CARTESIAN_POINT('Ctrl Pts',(9.74751346563498,2.41223069546381,2.06980660673628));
#8208=CARTESIAN_POINT('Ctrl Pts',(9.67558363532579,2.33639455893577,2.36673505302341));
#8209=CARTESIAN_POINT('Ctrl Pts',(9.63318313886347,2.24973753634402,2.52946288695107));
#8210=CARTESIAN_POINT('Ctrl Pts',(9.60289394173565,2.15266581393616,2.63914698010833));
#8211=CARTESIAN_POINT('Ctrl Pts',(9.5816353655984,2.05699313601445,2.71497336145704));
#8212=CARTESIAN_POINT('Ctrl Pts',(9.535114696468,1.78694090028352,2.87718816158188));
#8213=CARTESIAN_POINT('Ctrl Pts',(9.54069709614738,1.42098715831625,2.87449625398162));
#8214=CARTESIAN_POINT('Ctrl Pts',(9.59812431687852,1.09250397323682,2.68483637758028));
#8215=CARTESIAN_POINT('Ctrl Pts',(9.6300288495421,0.960441553543683,2.56967912419839));
#8216=CARTESIAN_POINT('Ctrl Pts',(9.66194793409526,0.863835564974229,2.44627122499945));
#8217=CARTESIAN_POINT('Ctrl Pts',(9.68866114971246,0.803180186128183,2.33547267129787));
#8218=CARTESIAN_POINT('Ctrl Pts',(9.72922834961946,0.730567614718701,2.15964818541393));
#8219=CARTESIAN_POINT('Ctrl Pts',(9.78651914749384,0.69200344138191,1.88196676739142));
#8220=CARTESIAN_POINT('Ctrl Pts',(9.85225939331988,0.831953598142974,1.48974895320879));
#8221=CARTESIAN_POINT('Ctrl Pts',(9.88780691566707,1.1378476545175,1.23104580268711));
#8222=CARTESIAN_POINT('Ctrl Pts',(9.89594677831875,1.40995435627404,1.17326740756337));
#8223=CARTESIAN_POINT('Ctrl Pts',(9.8959732092813,1.53349356208015,1.17668683458803));
#8224=CARTESIAN_POINT('Ctrl Pts',(9.95448739854341,1.53349356208015,1.24233810293925));
#8225=CARTESIAN_POINT('Ctrl Pts',(9.95454026046851,1.64850321262906,1.24917695698855));
#8226=CARTESIAN_POINT('Ctrl Pts',(9.94642800246263,1.88887684059237,1.32250848654246));
#8227=CARTESIAN_POINT('Ctrl Pts',(9.92000224184596,2.08069050927598,1.49828291092579));
#8228=CARTESIAN_POINT('Ctrl Pts',(9.89608917477386,2.17525089954474,1.63677928963986));
#8229=CARTESIAN_POINT('Ctrl Pts',(9.8591435678,2.28399834048263,1.84097160393946));
#8230=CARTESIAN_POINT('Ctrl Pts',(9.80737181481714,2.31849637068908,2.0852152969554));
#8231=CARTESIAN_POINT('Ctrl Pts',(9.74192513478507,2.24648382203962,2.34917137939413));
#8232=CARTESIAN_POINT('Ctrl Pts',(9.70438798713524,2.16854967944819,2.4921049675269));
#8233=CARTESIAN_POINT('Ctrl Pts',(9.6783032902718,2.08363050949245,2.58770873490698));
#8234=CARTESIAN_POINT('Ctrl Pts',(9.66027966267213,2.00069441613143,2.65416597600943));
#8235=CARTESIAN_POINT('Ctrl Pts',(9.62149131874735,1.76842762359587,2.79690086810407));
#8236=CARTESIAN_POINT('Ctrl Pts',(9.62701851907436,1.44891531235229,2.80871844948143));
#8237=CARTESIAN_POINT('Ctrl Pts',(9.67747041437151,1.13871655062086,2.64691665465155));
#8238=CARTESIAN_POINT('Ctrl Pts',(9.7057293410766,1.0116136110304,2.54433564828583));
#8239=CARTESIAN_POINT('Ctrl Pts',(9.73414383368411,0.916323433044852,2.43161068185349));
#8240=CARTESIAN_POINT('Ctrl Pts',(9.75810445145299,0.855423180579662,2.3286698483921));
#8241=CARTESIAN_POINT('Ctrl Pts',(9.79467458933622,0.781310668512448,2.16400997619978));
#8242=CARTESIAN_POINT('Ctrl Pts',(9.84704105320277,0.737849067936862,1.89964651109892));
#8243=CARTESIAN_POINT('Ctrl Pts',(9.90953452809312,0.86819177735703,1.5241238947704));
#8244=CARTESIAN_POINT('Ctrl Pts',(9.94569223154734,1.16166942289047,1.2822770627267));
#8245=CARTESIAN_POINT('Ctrl Pts',(9.95443453661831,1.41848391153124,1.23549924888994));
#8246=CARTESIAN_POINT('Ctrl Pts',(9.95448739854341,1.53349356208015,1.24233810293925));
#8247=CARTESIAN_POINT('Ctrl Pts',(10.0130015878055,1.53349356208015,1.30798937129047));
#8248=CARTESIAN_POINT('Ctrl Pts',(10.0130808806932,1.63997365737186,1.31824765236443));
#8249=CARTESIAN_POINT('Ctrl Pts',(10.0044805785189,1.85888698178221,1.39523219185569));
#8250=CARTESIAN_POINT('Ctrl Pts',(9.97721608926311,2.02741774433893,1.56283798068163));
#8251=CARTESIAN_POINT('Ctrl Pts',(9.95329392457216,2.10878375844696,1.69181860078256));
#8252=CARTESIAN_POINT('Ctrl Pts',(9.91674247534356,2.20096883918657,1.88039023839109));
#8253=CARTESIAN_POINT('Ctrl Pts',(9.86723016399931,2.22476204591435,2.10062398717453));
#8254=CARTESIAN_POINT('Ctrl Pts',(9.80826663424433,2.15657308514346,2.33160770576485));
#8255=CARTESIAN_POINT('Ctrl Pts',(9.775592835407,2.08736182255235,2.45474704810274));
#8256=CARTESIAN_POINT('Ctrl Pts',(9.75371263880795,2.01459520504874,2.53627048970564));
#8257=CARTESIAN_POINT('Ctrl Pts',(9.73892395974584,1.9443956962484,2.59335859056183));
#8258=CARTESIAN_POINT('Ctrl Pts',(9.70786794102669,1.74991434690822,2.71661357462625));
#8259=CARTESIAN_POINT('Ctrl Pts',(9.71333994200134,1.47684346638833,2.74294064498124));
#8260=CARTESIAN_POINT('Ctrl Pts',(9.75681651186451,1.1849291280049,2.60899693172282));
#8261=CARTESIAN_POINT('Ctrl Pts',(9.78142983261109,1.06278566851711,2.51899217237326));
#8262=CARTESIAN_POINT('Ctrl Pts',(9.80633973327295,0.968811301115476,2.41695013870753));
#8263=CARTESIAN_POINT('Ctrl Pts',(9.82754775319351,0.907666175031142,2.32186702548634));
#8264=CARTESIAN_POINT('Ctrl Pts',(9.86012082905299,0.832053722306196,2.16837176698562));
#8265=CARTESIAN_POINT('Ctrl Pts',(9.90756295891169,0.783694694491814,1.91732625480642));
#8266=CARTESIAN_POINT('Ctrl Pts',(9.96680966286636,0.904429956571085,1.55849883633201));
#8267=CARTESIAN_POINT('Ctrl Pts',(10.0035775474276,1.18549119126345,1.33350832276629));
#8268=CARTESIAN_POINT('Ctrl Pts',(10.0129222949179,1.42701346678844,1.29773109021651));
#8269=CARTESIAN_POINT('Ctrl Pts',(10.0130015878055,1.53349356208015,1.30798937129047));
#8270=CARTESIAN_POINT('',(10.0130015878055,1.53349356208015,1.30798937129047));
#8271=CARTESIAN_POINT('',(9.83745902001919,1.53349356208015,1.1110355662368));
#8272=CARTESIAN_POINT('',(10.0128193268822,1.57432394424404,1.31326865491643));
#8273=CARTESIAN_POINT('Ctrl Pts',(10.0130015878055,1.53349356208015,1.30798937129047));
#8274=CARTESIAN_POINT('Ctrl Pts',(10.013011697293,1.54706929661439,1.30929725611398));
#8275=CARTESIAN_POINT('Ctrl Pts',(10.0129506184535,1.56069341555998,1.31106408742236));
#8276=CARTESIAN_POINT('Ctrl Pts',(10.0128193268822,1.57432394424404,1.31326865491643));
#8277=CARTESIAN_POINT('Ctrl Pts',(10.0128193268822,1.57432394424404,1.31326865491643));
#8278=CARTESIAN_POINT('Ctrl Pts',(10.0119208444113,1.66760328400895,1.32835542118068));
#8279=CARTESIAN_POINT('Ctrl Pts',(10.0029356451475,1.86843672235237,1.40472951909175));
#8280=CARTESIAN_POINT('Ctrl Pts',(9.97721608926311,2.02741774433893,1.56283798068163));
#8281=CARTESIAN_POINT('Ctrl Pts',(9.95329392457216,2.10878375844696,1.69181860078256));
#8282=CARTESIAN_POINT('Ctrl Pts',(9.91674247534356,2.20096883918657,1.88039023839109));
#8283=CARTESIAN_POINT('Ctrl Pts',(9.86723016399931,2.22476204591435,2.10062398717453));
#8284=CARTESIAN_POINT('Ctrl Pts',(9.80826663424433,2.15657308514346,2.33160770576485));
#8285=CARTESIAN_POINT('Ctrl Pts',(9.775592835407,2.08736182255235,2.45474704810274));
#8286=CARTESIAN_POINT('Ctrl Pts',(9.75371263880795,2.01459520504874,2.53627048970564));
#8287=CARTESIAN_POINT('Ctrl Pts',(9.73892395974584,1.9443956962484,2.59335859056183));
#8288=CARTESIAN_POINT('Ctrl Pts',(9.70786794102669,1.74991434690822,2.71661357462625));
#8289=CARTESIAN_POINT('Ctrl Pts',(9.71333994200134,1.47684346638833,2.74294064498124));
#8290=CARTESIAN_POINT('Ctrl Pts',(9.75681651186451,1.1849291280049,2.60899693172282));
#8291=CARTESIAN_POINT('Ctrl Pts',(9.78142983261109,1.06278566851711,2.51899217237326));
#8292=CARTESIAN_POINT('Ctrl Pts',(9.80633973327295,0.968811301115476,2.41695013870753));
#8293=CARTESIAN_POINT('Ctrl Pts',(9.82754775319351,0.907666175031142,2.32186702548634));
#8294=CARTESIAN_POINT('Ctrl Pts',(9.86012082905299,0.832053722306196,2.16837176698562));
#8295=CARTESIAN_POINT('Ctrl Pts',(9.90756295891169,0.783694694491814,1.91732625480642));
#8296=CARTESIAN_POINT('Ctrl Pts',(9.96680966286636,0.904429956571085,1.55849883633201));
#8297=CARTESIAN_POINT('Ctrl Pts',(10.0035775474276,1.18549119126345,1.33350832276629));
#8298=CARTESIAN_POINT('Ctrl Pts',(10.0129222949179,1.42701346678844,1.29773109021651));
#8299=CARTESIAN_POINT('Ctrl Pts',(10.0130015878055,1.53349356208015,1.30798937129047));
#8300=CARTESIAN_POINT('Origin',(8.09785748407228,2.093690914453,2.09894848574217));
#8301=CARTESIAN_POINT('',(14.45,0.0852695735419995,1.20665011288492));
#8302=CARTESIAN_POINT('',(8.09785748407228,2.21699570169621,1.3591197622829));
#8303=CARTESIAN_POINT('Origin',(14.45,3.7470027081099E-14,1.75));
#8304=CARTESIAN_POINT('Origin',(25.3885055876577,8.61247558904342,0.1));
#8305=CARTESIAN_POINT('',(20.9529569893166,8.19921218796178,0.6));
#8306=CARTESIAN_POINT('Origin',(18.75,0.,-1.56666666666691));
#8307=CARTESIAN_POINT('',(19.7441776894829,7.63554914342999,0.6));
#8308=CARTESIAN_POINT('',(24.7545781950466,9.97193726959836,0.6));
#8309=CARTESIAN_POINT('Origin',(18.75,-2.27157068923926E-15,-1.56666666666691));
#8310=CARTESIAN_POINT('Origin',(19.6549797545423,-6.2959929967932,0.1));
#8311=CARTESIAN_POINT('',(19.0749125863427,-7.69314186865393,0.6));
#8312=CARTESIAN_POINT('Origin',(18.75,2.27157068923926E-15,-1.56666666666691));
#8313=CARTESIAN_POINT('',(18.9049797545424,-7.59503110246987,0.6));
#8314=CARTESIAN_POINT('Origin',(17.875,-8.21036952345565,0.6));
#8315=CARTESIAN_POINT('',(12.3964576809468,-4.35,0.6));
#8316=CARTESIAN_POINT('Origin',(18.75,2.27157068923926E-15,0.6));
#8317=CARTESIAN_POINT('',(11.0649711574556,-4.35,0.6));
#8318=CARTESIAN_POINT('',(7.66254934447069,-4.35,0.6));
#8319=CARTESIAN_POINT('',(11.1720779386422,-4.44289321881346,0.6));
#8320=CARTESIAN_POINT('Origin',(10.4649711574556,-5.15000000000004,0.6));
#8321=CARTESIAN_POINT('',(11.1720779386422,-4.44289321881346,0.6));
#8322=CARTESIAN_POINT('Origin',(19.6549797545423,-6.2959929967932,1.9));
#8323=CARTESIAN_POINT('',(20.2299656446946,-8.36001206282167,1.4));
#8324=CARTESIAN_POINT('Origin',(18.75,0.,3.56666666666691));
#8325=CARTESIAN_POINT('',(19.0749125863427,-7.69314186865393,1.4));
#8326=CARTESIAN_POINT('',(18.9049797545424,-7.59503110246987,1.4));
#8327=CARTESIAN_POINT('Origin',(18.75,2.27157068923926E-15,3.56666666666691));
#8328=CARTESIAN_POINT('Origin',(25.3885055876577,8.61247558904342,1.9));
#8329=CARTESIAN_POINT('',(20.9529569893166,8.19921218796178,1.4));
#8330=CARTESIAN_POINT('Origin',(18.75,0.,3.56666666666691));
#8331=CARTESIAN_POINT('',(19.7441776894829,7.63554914342999,1.4));
#8332=CARTESIAN_POINT('Origin',(18.75,-2.27157068923926E-15,3.56666666666691));
#8333=CARTESIAN_POINT('',(24.7545781950466,9.97193726959836,1.4));
#8334=CARTESIAN_POINT('Origin',(18.75,0.,1.));
#8335=CARTESIAN_POINT('Origin',(18.75,0.,1.4));
#8336=CARTESIAN_POINT('Origin',(17.875,8.21036952345565,1.4));
#8337=CARTESIAN_POINT('',(12.3964576809468,4.35,1.4));
#8338=CARTESIAN_POINT('Origin',(18.75,-2.27157068923926E-15,1.4));
#8339=CARTESIAN_POINT('',(11.0649711574556,4.35,1.4));
#8340=CARTESIAN_POINT('',(7.66254934447069,4.35,1.4));
#8341=CARTESIAN_POINT('',(11.1720779386422,4.44289321881346,1.4));
#8342=CARTESIAN_POINT('Origin',(10.4649711574556,5.15000000000004,1.4));
#8343=CARTESIAN_POINT('',(11.1720779386422,4.44289321881346,1.4));
#8344=CARTESIAN_POINT('Origin',(7.66254934447069,4.35,1.6));
#8345=CARTESIAN_POINT('',(12.264053654246,4.15,1.6));
#8346=CARTESIAN_POINT('Ctrl Pts',(12.264053654246,4.15,1.6));
#8347=CARTESIAN_POINT('Ctrl Pts',(12.264053654246,4.15,1.57512974865027));
#8348=CARTESIAN_POINT('Ctrl Pts',(12.267214780541,4.15495417559717,1.54896796544961));
#8349=CARTESIAN_POINT('Ctrl Pts',(12.2794781208655,4.17402163644164,1.50156264097328));
#8350=CARTESIAN_POINT('Ctrl Pts',(12.2885958370299,4.18814972213209,1.48032906597259));
#8351=CARTESIAN_POINT('Ctrl Pts',(12.3110772129804,4.22265179956463,1.44328185893037));
#8352=CARTESIAN_POINT('Ctrl Pts',(12.3267258399174,4.24646990429601,1.42666479676793));
#8353=CARTESIAN_POINT('Ctrl Pts',(12.3607886462253,4.29754643487471,1.40500227818552));
#8354=CARTESIAN_POINT('Ctrl Pts',(12.3792147346703,4.32481522094883,1.4));
#8355=CARTESIAN_POINT('Ctrl Pts',(12.3964576809468,4.35,1.4));
#8356=CARTESIAN_POINT('',(10.4649711574556,4.15,1.6));
#8357=CARTESIAN_POINT('',(7.66254934447069,4.15,1.6));
#8358=CARTESIAN_POINT('Ctrl Pts',(11.0649711574556,4.35,1.4));
#8359=CARTESIAN_POINT('Ctrl Pts',(10.9777659857882,4.28459612124948,1.4));
#8360=CARTESIAN_POINT('Ctrl Pts',(10.8787363807187,4.23314313855247,1.42978069476091));
#8361=CARTESIAN_POINT('Ctrl Pts',(10.6719766073843,4.16563520906748,1.50703587725941));
#8362=CARTESIAN_POINT('Ctrl Pts',(10.5644799900667,4.15,1.55549829718399));
#8363=CARTESIAN_POINT('Ctrl Pts',(10.4649711574556,4.15,1.6));
#8364=CARTESIAN_POINT('Origin',(-2.54990131105861,4.15,1.50954606883828));
#8365=CARTESIAN_POINT('',(7.29266705118211,4.15,-4.16857377056023));
#8366=CARTESIAN_POINT('',(7.63397761758875,4.15,-2.56283380316044));
#8367=CARTESIAN_POINT('',(8.38510584310061,4.15,-0.5));
#8368=CARTESIAN_POINT('Origin',(0.,4.15,0.));
#8369=CARTESIAN_POINT('',(12.5391839626015,4.15,-0.5));
#8370=CARTESIAN_POINT('',(10.5391839626015,4.15,-0.5));
#8371=CARTESIAN_POINT('',(12.5391839626015,4.15,2.5));
#8372=CARTESIAN_POINT('',(12.5391839626015,4.15,1.));
#8373=CARTESIAN_POINT('',(8.01935159473632,4.14999999999999,2.5));
#8374=CARTESIAN_POINT('',(10.5391839626015,4.15,2.5));
#8375=CARTESIAN_POINT('',(5.64757838279382,4.15,6.21810730127745));
#8376=CARTESIAN_POINT('Origin',(0.,4.15,0.));
#8377=CARTESIAN_POINT('',(3.89315030716645,4.15,9.25686586649484));
#8378=CARTESIAN_POINT('',(-1.47627063918792,4.15,3.82499999999981));
#8379=CARTESIAN_POINT('',(-0.958932984758225,4.15,2.48458417398357));
#8380=CARTESIAN_POINT('',(-1.47627063918696,4.15,-3.82500000000019));
#8381=CARTESIAN_POINT('Origin',(-4.21862697971305E-11,4.15,3.04501038332474E-13));
#8382=CARTESIAN_POINT('',(-0.649889759077807,4.15,-1.68385678234858));
#8383=CARTESIAN_POINT('',(10.4649711574556,4.15,0.4));
#8384=CARTESIAN_POINT('',(10.4649711574556,4.15,1.));
#8385=CARTESIAN_POINT('',(12.264053654246,4.15,0.4));
#8386=CARTESIAN_POINT('',(12.264053654246,4.15,1.));
#8387=CARTESIAN_POINT('',(7.66254934447069,4.15,0.4));
#8388=CARTESIAN_POINT('Origin',(7.66254934447069,4.35,0.4));
#8389=CARTESIAN_POINT('',(11.0649711574556,4.35,0.6));
#8390=CARTESIAN_POINT('Ctrl Pts',(10.4649711574556,4.15,0.4));
#8391=CARTESIAN_POINT('Ctrl Pts',(10.5644799900667,4.15,0.444501702816011));
#8392=CARTESIAN_POINT('Ctrl Pts',(10.6719766073843,4.16563520906748,0.492964122740589));
#8393=CARTESIAN_POINT('Ctrl Pts',(10.8787363807187,4.23314313855247,0.57021930523909));
#8394=CARTESIAN_POINT('Ctrl Pts',(10.9777659857882,4.28459612124948,0.6));
#8395=CARTESIAN_POINT('Ctrl Pts',(11.0649711574556,4.35,0.6));
#8396=CARTESIAN_POINT('',(12.3964576809468,4.35,0.6));
#8397=CARTESIAN_POINT('Ctrl Pts',(12.3964576809468,4.35,0.6));
#8398=CARTESIAN_POINT('Ctrl Pts',(12.3792147346703,4.32481522094883,0.6));
#8399=CARTESIAN_POINT('Ctrl Pts',(12.3607886462253,4.29754643487471,0.594997721814478));
#8400=CARTESIAN_POINT('Ctrl Pts',(12.3267258399174,4.24646990429601,0.573335203232065));
#8401=CARTESIAN_POINT('Ctrl Pts',(12.3110772129804,4.22265179956463,0.556718141069633));
#8402=CARTESIAN_POINT('Ctrl Pts',(12.2885958370299,4.18814972213209,0.519670934027413));
#8403=CARTESIAN_POINT('Ctrl Pts',(12.2794781208655,4.17402163644164,0.498437359026717));
#8404=CARTESIAN_POINT('Ctrl Pts',(12.267214780541,4.15495417559717,0.451032034550389));
#8405=CARTESIAN_POINT('Ctrl Pts',(12.264053654246,4.15,0.424870251349734));
#8406=CARTESIAN_POINT('Ctrl Pts',(12.264053654246,4.15,0.4));
#8407=CARTESIAN_POINT('',(7.66254934447069,4.35,0.6));
#8408=CARTESIAN_POINT('Origin',(7.66254934447069,-4.35,1.6));
#8409=CARTESIAN_POINT('',(11.0649711574556,-4.35,1.4));
#8410=CARTESIAN_POINT('',(10.4649711574556,-4.15,1.6));
#8411=CARTESIAN_POINT('Ctrl Pts',(10.4649711574556,-4.15,1.6));
#8412=CARTESIAN_POINT('Ctrl Pts',(10.5644799900667,-4.15,1.55549829718399));
#8413=CARTESIAN_POINT('Ctrl Pts',(10.6719766073843,-4.16563520906748,1.50703587725941));
#8414=CARTESIAN_POINT('Ctrl Pts',(10.8787363807187,-4.23314313855247,1.42978069476091));
#8415=CARTESIAN_POINT('Ctrl Pts',(10.9777659857882,-4.28459612124948,1.4));
#8416=CARTESIAN_POINT('Ctrl Pts',(11.0649711574556,-4.35,1.4));
#8417=CARTESIAN_POINT('',(12.264053654246,-4.15,1.6));
#8418=CARTESIAN_POINT('',(7.66254934447069,-4.15,1.6));
#8419=CARTESIAN_POINT('',(12.3964576809468,-4.35,1.4));
#8420=CARTESIAN_POINT('Ctrl Pts',(12.3964576809468,-4.35,1.4));
#8421=CARTESIAN_POINT('Ctrl Pts',(12.3792147346703,-4.32481522094883,1.4));
#8422=CARTESIAN_POINT('Ctrl Pts',(12.3607886462253,-4.29754643487471,1.40500227818552));
#8423=CARTESIAN_POINT('Ctrl Pts',(12.3267258399174,-4.24646990429601,1.42666479676793));
#8424=CARTESIAN_POINT('Ctrl Pts',(12.3110772129804,-4.22265179956463,1.44328185893037));
#8425=CARTESIAN_POINT('Ctrl Pts',(12.2885958370299,-4.18814972213209,1.48032906597259));
#8426=CARTESIAN_POINT('Ctrl Pts',(12.2794781208655,-4.17402163644164,1.50156264097328));
#8427=CARTESIAN_POINT('Ctrl Pts',(12.267214780541,-4.15495417559717,1.54896796544961));
#8428=CARTESIAN_POINT('Ctrl Pts',(12.264053654246,-4.15,1.57512974865027));
#8429=CARTESIAN_POINT('Ctrl Pts',(12.264053654246,-4.15,1.6));
#8430=CARTESIAN_POINT('',(7.66254934447069,-4.35,1.4));
#8431=CARTESIAN_POINT('Origin',(-2.54990131105861,-4.15,1.50954606883828));
#8432=CARTESIAN_POINT('',(8.01935159473632,-4.14999999999999,2.5));
#8433=CARTESIAN_POINT('Origin',(0.,-4.15,0.));
#8434=CARTESIAN_POINT('',(12.5391839626015,-4.15,2.5));
#8435=CARTESIAN_POINT('',(10.5391839626015,-4.15,2.5));
#8436=CARTESIAN_POINT('',(12.5391839626015,-4.15,-0.5));
#8437=CARTESIAN_POINT('',(12.5391839626015,-4.15,1.));
#8438=CARTESIAN_POINT('',(8.38510584310061,-4.14999999999999,-0.5));
#8439=CARTESIAN_POINT('',(10.5391839626015,-4.15,-0.5));
#8440=CARTESIAN_POINT('',(7.29266705118211,-4.15,-4.16857377056024));
#8441=CARTESIAN_POINT('Origin',(0.,-4.15,0.));
#8442=CARTESIAN_POINT('',(7.63397761758875,-4.15,-2.56283380316044));
#8443=CARTESIAN_POINT('',(-1.47627063918696,-4.15,-3.82500000000019));
#8444=CARTESIAN_POINT('',(-0.649889759077807,-4.15,-1.68385678234858));
#8445=CARTESIAN_POINT('',(-1.47627063918792,-4.15,3.82499999999981));
#8446=CARTESIAN_POINT('Origin',(-4.21862697971305E-11,-4.15,3.04501038332474E-13));
#8447=CARTESIAN_POINT('',(-0.958932984758225,-4.15,2.48458417398357));
#8448=CARTESIAN_POINT('',(12.264053654246,-4.15,0.4));
#8449=CARTESIAN_POINT('',(12.264053654246,-4.15,1.));
#8450=CARTESIAN_POINT('',(10.4649711574556,-4.15,0.4));
#8451=CARTESIAN_POINT('',(10.4649711574556,-4.15,1.));
#8452=CARTESIAN_POINT('',(7.66254934447069,-4.15,0.4));
#8453=CARTESIAN_POINT('Origin',(7.66254934447069,-4.35,0.4));
#8454=CARTESIAN_POINT('Ctrl Pts',(12.264053654246,-4.15,0.4));
#8455=CARTESIAN_POINT('Ctrl Pts',(12.264053654246,-4.15,0.424870251349734));
#8456=CARTESIAN_POINT('Ctrl Pts',(12.267214780541,-4.15495417559717,0.451032034550389));
#8457=CARTESIAN_POINT('Ctrl Pts',(12.2794781208655,-4.17402163644164,0.498437359026717));
#8458=CARTESIAN_POINT('Ctrl Pts',(12.2885958370299,-4.18814972213209,0.519670934027413));
#8459=CARTESIAN_POINT('Ctrl Pts',(12.3110772129804,-4.22265179956463,0.556718141069633));
#8460=CARTESIAN_POINT('Ctrl Pts',(12.3267258399174,-4.24646990429601,0.573335203232066));
#8461=CARTESIAN_POINT('Ctrl Pts',(12.3607886462253,-4.29754643487471,0.594997721814478));
#8462=CARTESIAN_POINT('Ctrl Pts',(12.3792147346703,-4.32481522094883,0.6));
#8463=CARTESIAN_POINT('Ctrl Pts',(12.3964576809468,-4.35,0.6));
#8464=CARTESIAN_POINT('Ctrl Pts',(11.0649711574556,-4.35,0.6));
#8465=CARTESIAN_POINT('Ctrl Pts',(10.9777659857882,-4.28459612124948,0.6));
#8466=CARTESIAN_POINT('Ctrl Pts',(10.8787363807187,-4.23314313855247,0.57021930523909));
#8467=CARTESIAN_POINT('Ctrl Pts',(10.6719766073843,-4.16563520906748,0.492964122740589));
#8468=CARTESIAN_POINT('Ctrl Pts',(10.5644799900667,-4.15,0.444501702816011));
#8469=CARTESIAN_POINT('Ctrl Pts',(10.4649711574556,-4.15,0.4));
#8470=CARTESIAN_POINT('Origin',(6.26959198130078,-3.4,2.5));
#8471=CARTESIAN_POINT('Ctrl Pts',(9.57914401186244,-2.65,2.5));
#8472=CARTESIAN_POINT('Ctrl Pts',(9.57914401186244,-2.83294924199889,2.5));
#8473=CARTESIAN_POINT('Ctrl Pts',(9.53536175997212,-3.04807833494655,2.5));
#8474=CARTESIAN_POINT('Ctrl Pts',(9.39189156887205,-3.38807098875888,2.5));
#8475=CARTESIAN_POINT('Ctrl Pts',(9.26570919775375,-3.57228905187374,2.5));
#8476=CARTESIAN_POINT('Ctrl Pts',(8.99657520842787,-3.83588789250916,2.5));
#8477=CARTESIAN_POINT('Ctrl Pts',(8.80472986686058,-3.9605180719705,2.5));
#8478=CARTESIAN_POINT('Ctrl Pts',(8.44636408598568,-4.10569415288402,2.5));
#8479=CARTESIAN_POINT('Ctrl Pts',(8.21536205659859,-4.15,2.5));
#8480=CARTESIAN_POINT('Ctrl Pts',(8.01935159473632,-4.15,2.5));
#8481=CARTESIAN_POINT('',(12.5391839626016,-2.65,2.5));
#8482=CARTESIAN_POINT('',(10.5391839626015,-2.65,2.5));
#8483=CARTESIAN_POINT('',(12.5391839626015,-4.15,2.5));
#8484=CARTESIAN_POINT('Origin',(6.26959198130078,-3.4,-0.5));
#8485=CARTESIAN_POINT('Ctrl Pts',(8.38510584310061,-4.15,-0.5));
#8486=CARTESIAN_POINT('Ctrl Pts',(8.570633411263,-4.15,-0.5));
#8487=CARTESIAN_POINT('Ctrl Pts',(8.78900016041903,-4.10662429282989,-0.5));
#8488=CARTESIAN_POINT('Ctrl Pts',(9.13167187728897,-3.96480682282417,-0.5));
#8489=CARTESIAN_POINT('Ctrl Pts',(9.31665052187682,-3.84134252841399,-0.5));
#8490=CARTESIAN_POINT('Ctrl Pts',(9.57873125957972,-3.57947327474441,-0.5));
#8491=CARTESIAN_POINT('Ctrl Pts',(9.70225520112908,-3.39478479020543,-0.5));
#8492=CARTESIAN_POINT('Ctrl Pts',(9.84400992362397,-3.05280635507112,-0.5));
#8493=CARTESIAN_POINT('Ctrl Pts',(9.88736567544662,-2.8350364812848,-0.5));
#8494=CARTESIAN_POINT('Ctrl Pts',(9.88736567544662,-2.65,-0.5));
#8495=CARTESIAN_POINT('',(12.5391839626016,-2.65,-0.5));
#8496=CARTESIAN_POINT('',(12.5391839626015,-4.15,-0.5));
#8497=CARTESIAN_POINT('',(10.5391839626015,-2.65,-0.5));
#8498=CARTESIAN_POINT('Origin',(12.5391839626016,-2.65,1.));
#8499=CARTESIAN_POINT('',(12.5391839626016,-2.65,1.));
#8500=CARTESIAN_POINT('Origin',(0.,-2.65,0.));
#8501=CARTESIAN_POINT('Origin',(18.75,2.27157068923926E-15,1.));
#8502=CARTESIAN_POINT('Origin',(18.75,2.27157068923926E-15,1.4));
#8503=CARTESIAN_POINT('Origin',(17.875,-8.21036952345565,1.4));
#8504=CARTESIAN_POINT('Origin',(18.75,0.,1.4));
#8505=CARTESIAN_POINT('',(11.1720779386422,-4.44289321881346,1.4));
#8506=CARTESIAN_POINT('',(11.1720779386422,-4.44289321881346,1.4));
#8507=CARTESIAN_POINT('Origin',(10.4649711574556,-5.15000000000004,1.4));
#8508=CARTESIAN_POINT('Origin',(10.4649711574556,-5.15000000000004,1.));
#8509=CARTESIAN_POINT('',(11.1720779386422,-4.44289321881346,1.));
#8510=CARTESIAN_POINT('Origin',(23.1499237667535,-16.4207390469113,1.));
#8511=CARTESIAN_POINT('Origin',(0.,-2.65,1.));
#8512=CARTESIAN_POINT('Origin',(18.75,0.,1.));
#8513=CARTESIAN_POINT('Origin',(0.,-2.65,0.));
#8514=CARTESIAN_POINT('Ctrl Pts',(7.29266705118211,-4.15,-4.16857377056024));
#8515=CARTESIAN_POINT('Ctrl Pts',(7.29459190245022,-4.15,-4.16930789128494));
#8516=CARTESIAN_POINT('Ctrl Pts',(7.29651677274501,-4.14999585706163,-4.17004195668782));
#8517=CARTESIAN_POINT('Ctrl Pts',(7.39440281508504,-4.1495744898611,-4.20736843978199));
#8518=CARTESIAN_POINT('Ctrl Pts',(7.49015109508118,-4.13886561627452,-4.24372298400106));
#8519=CARTESIAN_POINT('Ctrl Pts',(7.67815142807662,-4.09715593444329,-4.3148248781643));
#8520=CARTESIAN_POINT('Ctrl Pts',(7.7699572854202,-4.06627940953438,-4.34940416562572));
#8521=CARTESIAN_POINT('Ctrl Pts',(8.02731763311836,-3.94819889816749,-4.44600748577587));
#8522=CARTESIAN_POINT('Ctrl Pts',(8.18095836527228,-3.83639348649515,-4.50324107057459));
#8523=CARTESIAN_POINT('Ctrl Pts',(8.43809933271226,-3.55762320328009,-4.59863568039497));
#8524=CARTESIAN_POINT('Ctrl Pts',(8.53964358630282,-3.39391220065715,-4.63608638566857));
#8525=CARTESIAN_POINT('Ctrl Pts',(8.67773331375064,-3.03496673256927,-4.68694129440146));
#8526=CARTESIAN_POINT('Ctrl Pts',(8.71322725555603,-2.84346086002713,-4.69996497785201));
#8527=CARTESIAN_POINT('Ctrl Pts',(8.71322725555603,-2.65,-4.69996497785201));
#8528=CARTESIAN_POINT('Origin',(6.26959198130078,3.4,-0.5));
#8529=CARTESIAN_POINT('Ctrl Pts',(9.88736567544662,2.65,-0.5));
#8530=CARTESIAN_POINT('Ctrl Pts',(9.88736567544662,2.8350364812848,-0.5));
#8531=CARTESIAN_POINT('Ctrl Pts',(9.84400992362397,3.05280635507112,-0.5));
#8532=CARTESIAN_POINT('Ctrl Pts',(9.70225520112908,3.39478479020543,-0.5));
#8533=CARTESIAN_POINT('Ctrl Pts',(9.57873125957972,3.57947327474441,-0.5));
#8534=CARTESIAN_POINT('Ctrl Pts',(9.31665052187682,3.84134252841399,-0.5));
#8535=CARTESIAN_POINT('Ctrl Pts',(9.13167187728897,3.96480682282417,-0.5));
#8536=CARTESIAN_POINT('Ctrl Pts',(8.78900016041903,4.10662429282989,-0.5));
#8537=CARTESIAN_POINT('Ctrl Pts',(8.570633411263,4.15,-0.5));
#8538=CARTESIAN_POINT('Ctrl Pts',(8.38510584310061,4.15,-0.5));
#8539=CARTESIAN_POINT('',(12.5391839626016,2.65,-0.5));
#8540=CARTESIAN_POINT('',(10.5391839626015,2.65,-0.5));
#8541=CARTESIAN_POINT('',(12.5391839626015,4.15,-0.5));
#8542=CARTESIAN_POINT('Origin',(12.5391839626016,2.65,1.));
#8543=CARTESIAN_POINT('',(12.5391839626016,2.65,2.5));
#8544=CARTESIAN_POINT('',(12.5391839626016,2.65,1.));
#8545=CARTESIAN_POINT('',(12.5391839626015,4.15,2.5));
#8546=CARTESIAN_POINT('Origin',(6.26959198130078,3.4,2.5));
#8547=CARTESIAN_POINT('Ctrl Pts',(8.01935159473632,4.15,2.5));
#8548=CARTESIAN_POINT('Ctrl Pts',(8.21536205659859,4.15,2.5));
#8549=CARTESIAN_POINT('Ctrl Pts',(8.44636408598568,4.10569415288402,2.5));
#8550=CARTESIAN_POINT('Ctrl Pts',(8.80472986686058,3.9605180719705,2.5));
#8551=CARTESIAN_POINT('Ctrl Pts',(8.99657520842787,3.83588789250916,2.5));
#8552=CARTESIAN_POINT('Ctrl Pts',(9.26570919775375,3.57228905187374,2.5));
#8553=CARTESIAN_POINT('Ctrl Pts',(9.39189156887205,3.38807098875888,2.5));
#8554=CARTESIAN_POINT('Ctrl Pts',(9.53536175997212,3.04807833494655,2.5));
#8555=CARTESIAN_POINT('Ctrl Pts',(9.57914401186244,2.83294924199889,2.5));
#8556=CARTESIAN_POINT('Ctrl Pts',(9.57914401186244,2.65,2.5));
#8557=CARTESIAN_POINT('',(10.5391839626015,2.65,2.5));
#8558=CARTESIAN_POINT('Origin',(0.,2.65,0.));
#8559=CARTESIAN_POINT('Ctrl Pts',(7.29266705118212,4.15,-4.16857377056023));
#8560=CARTESIAN_POINT('Ctrl Pts',(7.29459190245023,4.15,-4.16930789128494));
#8561=CARTESIAN_POINT('Ctrl Pts',(7.296516772745,4.14999585706163,-4.17004195668781));
#8562=CARTESIAN_POINT('Ctrl Pts',(7.39440281508504,4.1495744898611,-4.20736843978198));
#8563=CARTESIAN_POINT('Ctrl Pts',(7.49015109508118,4.13886561627452,-4.24372298400106));
#8564=CARTESIAN_POINT('Ctrl Pts',(7.67815142807663,4.09715593444329,-4.3148248781643));
#8565=CARTESIAN_POINT('Ctrl Pts',(7.7699572854202,4.06627940953437,-4.34940416562573));
#8566=CARTESIAN_POINT('Ctrl Pts',(8.02731763311836,3.94819889816749,-4.44600748577587));
#8567=CARTESIAN_POINT('Ctrl Pts',(8.18095836527229,3.83639348649514,-4.50324107057459));
#8568=CARTESIAN_POINT('Ctrl Pts',(8.43809933271226,3.55762320328009,-4.59863568039497));
#8569=CARTESIAN_POINT('Ctrl Pts',(8.53964358630282,3.39391220065715,-4.63608638566857));
#8570=CARTESIAN_POINT('Ctrl Pts',(8.67773331375064,3.03496673256927,-4.68694129440146));
#8571=CARTESIAN_POINT('Ctrl Pts',(8.71322725555603,2.84346086002714,-4.69996497785201));
#8572=CARTESIAN_POINT('Ctrl Pts',(8.71322725555603,2.65,-4.69996497785201));
#8573=CARTESIAN_POINT('Origin',(23.1499237667535,16.4207390469113,1.));
#8574=CARTESIAN_POINT('',(11.1720779386422,4.44289321881346,0.6));
#8575=CARTESIAN_POINT('',(11.1720779386422,4.44289321881346,1.));
#8576=CARTESIAN_POINT('',(11.1720779386422,4.44289321881346,0.6));
#8577=CARTESIAN_POINT('Origin',(0.,2.65,1.));
#8578=CARTESIAN_POINT('Origin',(17.875,8.21036952345565,0.6));
#8579=CARTESIAN_POINT('Origin',(18.75,0.,0.6));
#8580=CARTESIAN_POINT('Origin',(10.4649711574556,5.15000000000004,0.6));
#8581=CARTESIAN_POINT('Origin',(18.75,-2.27157068923926E-15,0.6));
#8582=CARTESIAN_POINT('Origin',(10.4649711574556,5.15000000000004,1.));
#8583=CARTESIAN_POINT('Origin',(18.75,-2.27157068923926E-15,1.));
#8584=CARTESIAN_POINT('Origin',(18.75,0.,1.));
#8585=CARTESIAN_POINT('Origin',(0.,2.65,0.));
#8586=CARTESIAN_POINT('Ctrl Pts',(5.64757838279382,4.15,6.21810730127745));
#8587=CARTESIAN_POINT('Ctrl Pts',(5.64918216935546,4.15,6.21940030332996));
#8588=CARTESIAN_POINT('Ctrl Pts',(5.65078599110774,4.14999585706163,6.22069325864772));
#8589=CARTESIAN_POINT('Ctrl Pts',(5.73234663191366,4.1495744898611,6.28644130422015));
#8590=CARTESIAN_POINT('Ctrl Pts',(5.81217448554137,4.13886561627451,6.35060437609743));
#8591=CARTESIAN_POINT('Ctrl Pts',(5.9690017336737,4.09715593444329,6.47632159370587));
#8592=CARTESIAN_POINT('Ctrl Pts',(6.04562870505546,4.06627940953438,6.53757802047717));
#8593=CARTESIAN_POINT('Ctrl Pts',(6.26054087313048,3.94819889816749,6.70898195871852));
#8594=CARTESIAN_POINT('Ctrl Pts',(6.38897574226211,3.83639348649515,6.81089192975595));
#8595=CARTESIAN_POINT('Ctrl Pts',(6.60405277934621,3.55762320328009,6.98107852393385));
#8596=CARTESIAN_POINT('Ctrl Pts',(6.68905419903503,3.39391220065715,7.04807516126469));
#8597=CARTESIAN_POINT('Ctrl Pts',(6.80467030311191,3.03496673256928,7.13911312613059));
#8598=CARTESIAN_POINT('Ctrl Pts',(6.83440250823937,2.84346086002714,7.16246761635761));
#8599=CARTESIAN_POINT('Ctrl Pts',(6.83440250823937,2.65,7.16246761635761));
#8600=CARTESIAN_POINT('Ctrl Pts',(21.3630812878817,-0.430141952100689,4.93631855065414));
#8601=CARTESIAN_POINT('Ctrl Pts',(21.3619227431973,-0.344091664355808,4.84903262876519));
#8602=CARTESIAN_POINT('Ctrl Pts',(21.3590186452799,-0.228776174876035,4.73206271628585));
#8603=CARTESIAN_POINT('Ctrl Pts',(21.353121464573,-0.0843890840922622,4.58560382607859));
#8604=CARTESIAN_POINT('Ctrl Pts',(21.3503089929931,-0.0269253926064519,
4.52731584543488));
#8605=CARTESIAN_POINT('Ctrl Pts',(21.3485358803063,0.00766583014073222,
4.49222930494247));
#8606=CARTESIAN_POINT('Ctrl Pts',(21.3480155133826,0.0296483393218603,4.47050997144643));
#8607=CARTESIAN_POINT('Ctrl Pts',(21.3469237720463,0.0655924847777775,4.436863682667));
#8608=CARTESIAN_POINT('Ctrl Pts',(21.3448851115961,0.127848528153258,4.38189143770842));
#8609=CARTESIAN_POINT('Ctrl Pts',(21.3403210308701,0.240322389213097,4.29230833980261));
#8610=CARTESIAN_POINT('Ctrl Pts',(21.3293445696441,0.448434167015983,4.14766123194652));
#8611=CARTESIAN_POINT('Ctrl Pts',(21.3084179069033,0.724632570548058,3.98648446773929));
#8612=CARTESIAN_POINT('Ctrl Pts',(21.2748699334241,1.04719844903883,3.82074671121133));
#8613=CARTESIAN_POINT('Ctrl Pts',(21.2373896536909,1.32996190550742,3.68927341111115));
#8614=CARTESIAN_POINT('Ctrl Pts',(21.1988951719895,1.57687351589385,3.58164884103636));
#8615=CARTESIAN_POINT('Ctrl Pts',(21.1619925620666,1.78822554666035,3.49406738573085));
#8616=CARTESIAN_POINT('Ctrl Pts',(21.1211375085233,1.99997876714316,3.41048040351967));
#8617=CARTESIAN_POINT('Ctrl Pts',(21.0762664907848,2.21274745578572,3.33066634686778));
#8618=CARTESIAN_POINT('Ctrl Pts',(21.0272894739529,2.4276622227993,3.25450091466878));
#8619=CARTESIAN_POINT('Ctrl Pts',(20.9785376409879,2.62795675755383,3.18818959903115));
#8620=CARTESIAN_POINT('Ctrl Pts',(20.931059442325,2.81500533434189,3.13106942234062));
#8621=CARTESIAN_POINT('Ctrl Pts',(20.8933599278871,2.96050307017543,3.09060941305292));
#8622=CARTESIAN_POINT('Ctrl Pts',(20.8618802818579,3.08407797857295,3.06004274500066));
#8623=CARTESIAN_POINT('Ctrl Pts',(20.8436601343215,3.15779823581279,3.04365528943144));
#8624=CARTESIAN_POINT('Ctrl Pts',(20.8323126864351,3.20628442893607,3.03402251300731));
#8625=CARTESIAN_POINT('Ctrl Pts',(20.8281620031714,3.2244217150365,3.03056530480818));
#8626=CARTESIAN_POINT('Ctrl Pts',(20.82191221896,3.25212033135921,3.02542693046346));
#8627=CARTESIAN_POINT('Ctrl Pts',(20.8124453911472,3.29595391061896,3.01790612421304));
#8628=CARTESIAN_POINT('Ctrl Pts',(20.8017822253516,3.35116635597571,3.00997661314728));
#8629=CARTESIAN_POINT('Ctrl Pts',(20.7942402084183,3.40035697641447,3.00475699998872));
#8630=CARTESIAN_POINT('Ctrl Pts',(20.7904422897785,3.43217823887769,3.00226877288247));
#8631=CARTESIAN_POINT('Ctrl Pts',(20.7885352466347,3.45371501016435,3.00107648139389));
#8632=CARTESIAN_POINT('Ctrl Pts',(20.7875796058688,3.4678983622152,3.00050313353577));
#8633=CARTESIAN_POINT('Ctrl Pts',(20.7871012692611,3.47815388301082,3.00023077236221));
#8634=CARTESIAN_POINT('Ctrl Pts',(20.786861978728,3.48449060155767,3.00009992356444));
#8635=CARTESIAN_POINT('Ctrl Pts',(20.7867252084539,3.49071637097162,3.00003408328358));
#8636=CARTESIAN_POINT('Ctrl Pts',(20.7866568129458,3.49338642214032,2.99999999999996));
#8637=CARTESIAN_POINT('Ctrl Pts',(20.7866226128911,3.50000000000059,2.99999999999996));
#8638=CARTESIAN_POINT('Ctrl Pts',(21.6069009801783,-0.428524009051333,4.93467737484487));
#8639=CARTESIAN_POINT('Ctrl Pts',(21.6066165881513,-0.341540277915962,4.84639280599565));
#8640=CARTESIAN_POINT('Ctrl Pts',(21.6047880696072,-0.224917503599047,4.72821916330035));
#8641=CARTESIAN_POINT('Ctrl Pts',(21.6002822550574,-0.0789234157696109,
4.58008954332316));
#8642=CARTESIAN_POINT('Ctrl Pts',(21.5980177663479,-0.0208365108582486,
4.52115999476506));
#8643=CARTESIAN_POINT('Ctrl Pts',(21.596554791048,0.0141482975890999,4.48568491771984));
#8644=CARTESIAN_POINT('Ctrl Pts',(21.5959911249286,0.0365708948615195,4.46381741340534));
#8645=CARTESIAN_POINT('Ctrl Pts',(21.5948991079241,0.0731811693835863,4.42992187392646));
#8646=CARTESIAN_POINT('Ctrl Pts',(21.5928632397272,0.136593820121984,4.37454891072237));
#8647=CARTESIAN_POINT('Ctrl Pts',(21.5884203371983,0.251109691457915,4.28425987767529));
#8648=CARTESIAN_POINT('Ctrl Pts',(21.5777907778516,0.462926926752736,4.13843088954678));
#8649=CARTESIAN_POINT('Ctrl Pts',(21.5573962492168,0.744262366513702,3.97565647477631));
#8650=CARTESIAN_POINT('Ctrl Pts',(21.5243068642391,1.07331716321967,3.80792893570608));
#8651=CARTESIAN_POINT('Ctrl Pts',(21.4870133280419,1.36193282016192,3.67481506259135));
#8652=CARTESIAN_POINT('Ctrl Pts',(21.4484995714482,1.61415960205848,3.56577842083311));
#8653=CARTESIAN_POINT('Ctrl Pts',(21.4114287877514,1.83014841235033,3.47707165277656));
#8654=CARTESIAN_POINT('Ctrl Pts',(21.3702251014642,2.04660532429655,3.39249057866111));
#8655=CARTESIAN_POINT('Ctrl Pts',(21.3247951399176,2.26418159521575,3.31183830140244));
#8656=CARTESIAN_POINT('Ctrl Pts',(21.2749826363938,2.48407719097735,3.23506843549768));
#8657=CARTESIAN_POINT('Ctrl Pts',(21.2251299661648,2.68908766487332,3.16854016059827));
#8658=CARTESIAN_POINT('Ctrl Pts',(21.1762288644202,2.88055730372439,3.11173661423535));
#8659=CARTESIAN_POINT('Ctrl Pts',(21.1370911619859,3.02940664660863,3.07198040109339));
#8660=CARTESIAN_POINT('Ctrl Pts',(21.1039053820724,3.15593101795577,3.04279276330468));
#8661=CARTESIAN_POINT('Ctrl Pts',(21.0844666748958,3.23127749449746,3.02756535801954));
#8662=CARTESIAN_POINT('Ctrl Pts',(21.0721225579098,3.28085325288367,3.01904618960858));
#8663=CARTESIAN_POINT('Ctrl Pts',(21.0675748566971,3.29939361616944,3.01604992630882));
#8664=CARTESIAN_POINT('Ctrl Pts',(21.0606978587218,3.3276976667731,3.01165379701764));
#8665=CARTESIAN_POINT('Ctrl Pts',(21.0501733012656,3.37236318347189,3.00542710052473));
#8666=CARTESIAN_POINT('Ctrl Pts',(21.0378966522486,3.42854153794548,2.99966118203092));
#8667=CARTESIAN_POINT('Ctrl Pts',(21.0285615556378,3.478343961735,2.99706719404266));
#8668=CARTESIAN_POINT('Ctrl Pts',(21.0234282419332,3.51038532670736,2.99662773783404));
#8669=CARTESIAN_POINT('Ctrl Pts',(21.0205160585284,3.53195054638622,2.99702602503276));
#8670=CARTESIAN_POINT('Ctrl Pts',(21.018854280219,3.54609422954135,2.99758938708895));
#8671=CARTESIAN_POINT('Ctrl Pts',(21.0178352235133,3.55627672556907,2.99819978543466));
#8672=CARTESIAN_POINT('Ctrl Pts',(21.0172538866785,3.56255653223379,2.99863043044063));
#8673=CARTESIAN_POINT('Ctrl Pts',(21.0167676141234,3.56870454263282,2.99914334389323));
#8674=CARTESIAN_POINT('Ctrl Pts',(21.0165505991046,3.57134358363672,2.99935492368192));
#8675=CARTESIAN_POINT('Ctrl Pts',(21.0161300867267,3.57784944871376,3.00000000000002));
#8676=CARTESIAN_POINT('Ctrl Pts',(22.0289474860279,-0.279004995557311,5.07647795540525));
#8677=CARTESIAN_POINT('Ctrl Pts',(22.0300496346931,-0.189233815605283,4.98764834137222));
#8678=CARTESIAN_POINT('Ctrl Pts',(22.030128336107,-0.0690436807877656,4.86870001219852));
#8679=CARTESIAN_POINT('Ctrl Pts',(22.0278439604237,0.0814658984325537,4.71983597471759));
#8680=CARTESIAN_POINT('Ctrl Pts',(22.0264720010236,0.141460824341286,4.66049516713576));
#8681=CARTESIAN_POINT('Ctrl Pts',(22.0255028924932,0.177301650109308,4.62506815359973));
#8682=CARTESIAN_POINT('Ctrl Pts',(22.0248694578915,0.197066687849025,4.60624298666475));
#8683=CARTESIAN_POINT('Ctrl Pts',(22.0237750904429,0.230443685679867,4.57605610944967));
#8684=CARTESIAN_POINT('Ctrl Pts',(22.0217405750968,0.288651526579131,4.52646143614543));
#8685=CARTESIAN_POINT('Ctrl Pts',(22.0174826246465,0.396566596042577,4.44343946086582));
#8686=CARTESIAN_POINT('Ctrl Pts',(22.0074111539532,0.601702484125265,4.30580256127425));
#8687=CARTESIAN_POINT('Ctrl Pts',(21.9878823088058,0.882121582437738,4.14772326460611));
#8688=CARTESIAN_POINT('Ctrl Pts',(21.9554784537263,1.21436552847816,3.98307894541783));
#8689=CARTESIAN_POINT('Ctrl Pts',(21.9184480241587,1.50818452070315,3.85131629920675));
#8690=CARTESIAN_POINT('Ctrl Pts',(21.8798155076298,1.76564128618987,3.74322706605849));
#8691=CARTESIAN_POINT('Ctrl Pts',(21.8423889653854,1.98647605202886,3.65517818306515));
#8692=CARTESIAN_POINT('Ctrl Pts',(21.8005330496073,2.20795462478152,3.57122276869568));
#8693=CARTESIAN_POINT('Ctrl Pts',(21.7540894475506,2.43052808102356,3.49128166479571));
#8694=CARTESIAN_POINT('Ctrl Pts',(21.7027953039686,2.65506208281638,3.41547404588897));
#8695=CARTESIAN_POINT('Ctrl Pts',(21.6509990420741,2.86372969382639,3.35023525423252));
#8696=CARTESIAN_POINT('Ctrl Pts',(21.5995974633676,3.05749626028693,3.29520002459738));
#8697=CARTESIAN_POINT('Ctrl Pts',(21.5578288882798,3.20701339339139,3.25749356640144));
#8698=CARTESIAN_POINT('Ctrl Pts',(21.5217586252415,3.33208482935267,3.23061711077614));
#8699=CARTESIAN_POINT('Ctrl Pts',(21.5001737258262,3.40565229214164,3.21719948600914));
#8700=CARTESIAN_POINT('Ctrl Pts',(21.4861919641217,3.45312789136013,3.21003288215577));
#8701=CARTESIAN_POINT('Ctrl Pts',(21.4809988427299,3.47076186027028,3.20756728712635));
#8702=CARTESIAN_POINT('Ctrl Pts',(21.473101279191,3.49757556819051,3.20401177121876));
#8703=CARTESIAN_POINT('Ctrl Pts',(21.4607661024201,3.53949154173181,3.19931422227964));
#8704=CARTESIAN_POINT('Ctrl Pts',(21.4458364125234,3.59073300988551,3.19572301348627));
#8705=CARTESIAN_POINT('Ctrl Pts',(21.433619217921,3.63405723154232,3.19534893364951));
#8706=CARTESIAN_POINT('Ctrl Pts',(21.4263487055427,3.66080266100542,3.19646879781531));
#8707=CARTESIAN_POINT('Ctrl Pts',(21.4218329900402,3.67810883467021,3.19796973232191));
#8708=CARTESIAN_POINT('Ctrl Pts',(21.4190457660332,3.68914369223105,3.19927505893575));
#8709=CARTESIAN_POINT('Ctrl Pts',(21.4171654091796,3.69686289963248,3.20042726745268));
#8710=CARTESIAN_POINT('Ctrl Pts',(21.4160393341295,3.70156373679682,3.20119404520471));
#8711=CARTESIAN_POINT('Ctrl Pts',(21.4149965479918,3.70606067342587,3.20203706206591));
#8712=CARTESIAN_POINT('Ctrl Pts',(21.4145428805271,3.70800154443744,3.20239060138699));
#8713=CARTESIAN_POINT('Ctrl Pts',(21.4135073282488,3.71264069828229,3.20338528985109));
#8714=CARTESIAN_POINT('Ctrl Pts',(22.1747609977894,0.0273757478077956,5.37658614112657));
#8715=CARTESIAN_POINT('Ctrl Pts',(22.1745606926635,0.119389907437992,5.28884040961866));
#8716=CARTESIAN_POINT('Ctrl Pts',(22.1728055203877,0.242199757751794,5.17169355656467));
#8717=CARTESIAN_POINT('Ctrl Pts',(22.1682329586345,0.395812549489189,5.02524182743269));
#8718=CARTESIAN_POINT('Ctrl Pts',(22.1659213154054,0.457189319905051,4.96672808459672));
#8719=CARTESIAN_POINT('Ctrl Pts',(22.1644201724509,0.493247011892116,4.93235290960251));
#8720=CARTESIAN_POINT('Ctrl Pts',(22.1638247456535,0.506504097085263,4.92001890411263));
#8721=CARTESIAN_POINT('Ctrl Pts',(22.1626797957701,0.531517252040665,4.89791844719273));
#8722=CARTESIAN_POINT('Ctrl Pts',(22.1605456902137,0.575981529076323,4.86097950548051));
#8723=CARTESIAN_POINT('Ctrl Pts',(22.1559000254913,0.664614328985615,4.7944027336352));
#8724=CARTESIAN_POINT('Ctrl Pts',(22.1447963665865,0.844363873762776,4.67689870098237));
#8725=CARTESIAN_POINT('Ctrl Pts',(22.1234785448091,1.10610748980378,4.53308548627957));
#8726=CARTESIAN_POINT('Ctrl Pts',(22.0888306200183,1.42467288033545,4.37969705691984));
#8727=CARTESIAN_POINT('Ctrl Pts',(22.0497493850605,1.71053966099496,4.25501738964658));
#8728=CARTESIAN_POINT('Ctrl Pts',(22.0093555341528,1.96225281199446,4.1522635848635));
#8729=CARTESIAN_POINT('Ctrl Pts',(21.9704593347571,2.17865444442053,4.06828750499536));
#8730=CARTESIAN_POINT('Ctrl Pts',(21.9272114127049,2.39569868740159,3.98811770680787));
#8731=CARTESIAN_POINT('Ctrl Pts',(21.8795075120704,2.61347749188634,3.91174349528615));
#8732=CARTESIAN_POINT('Ctrl Pts',(21.8271776049737,2.83227197514409,3.83936561439324));
#8733=CARTESIAN_POINT('Ctrl Pts',(21.7747735209086,3.03409329565311,3.77718580439945));
#8734=CARTESIAN_POINT('Ctrl Pts',(21.7233291079653,3.21913140104009,3.72484807157339));
#8735=CARTESIAN_POINT('Ctrl Pts',(21.6820966803293,3.35943572204538,3.68906867507198));
#8736=CARTESIAN_POINT('Ctrl Pts',(21.6471141563519,3.4735186362091,3.66349642162874));
#8737=CARTESIAN_POINT('Ctrl Pts',(21.626578812386,3.53875326606351,3.65063502918064));
#8738=CARTESIAN_POINT('Ctrl Pts',(21.6135326722558,3.57941964785145,3.64361785233573));
#8739=CARTESIAN_POINT('Ctrl Pts',(21.60872439142,3.59432473683755,3.64117525054139));
#8740=CARTESIAN_POINT('Ctrl Pts',(21.6014501782802,3.61679668369631,3.63762431444387));
#8741=CARTESIAN_POINT('Ctrl Pts',(21.5902874002441,3.6510441882399,3.63277441333712));
#8742=CARTESIAN_POINT('Ctrl Pts',(21.5772392632299,3.69046282726607,3.62853989545068));
#8743=CARTESIAN_POINT('Ctrl Pts',(21.5672618545462,3.7202167841292,3.62678022847906));
#8744=CARTESIAN_POINT('Ctrl Pts',(21.5617359399617,3.73657858071033,3.6265109543268));
#8745=CARTESIAN_POINT('Ctrl Pts',(21.5585726415596,3.74590070294657,3.62674102879876));
#8746=CARTESIAN_POINT('Ctrl Pts',(21.5567520287085,3.75125025625669,3.62705287111808));
#8747=CARTESIAN_POINT('Ctrl Pts',(21.5556227928052,3.75456005157627,3.627369186168));
#8748=CARTESIAN_POINT('Ctrl Pts',(21.5549746106377,3.75645748758374,3.62758830776456));
#8749=CARTESIAN_POINT('Ctrl Pts',(21.5544248308566,3.75806362699267,3.62783586980386));
#8750=CARTESIAN_POINT('Ctrl Pts',(21.5541803620077,3.75877804700507,3.62794014853557));
#8751=CARTESIAN_POINT('Ctrl Pts',(21.5536948405782,3.76019261617346,3.6282364250423));
#8752=CARTESIAN_POINT('Ctrl Pts',(22.1730078843578,0.15758731174486,5.50497767738142));
#8753=CARTESIAN_POINT('Ctrl Pts',(22.1717632125957,0.2500346422014,5.41769175549248));
#8754=CARTESIAN_POINT('Ctrl Pts',(22.1686432218683,0.373288708897783,5.30131972664339));
#8755=CARTESIAN_POINT('Ctrl Pts',(22.1623076403396,0.527312235030105,5.15589595200667));
#8756=CARTESIAN_POINT('Ctrl Pts',(22.1592860875203,0.588911167899848,5.09773664599875));
#8757=CARTESIAN_POINT('Ctrl Pts',(22.157381160311,0.624843348930143,5.06381093441574));
#8758=CARTESIAN_POINT('Ctrl Pts',(22.1568221089211,0.635260440685109,5.05425071123065));
#8759=CARTESIAN_POINT('Ctrl Pts',(22.1556492067179,0.656575780239944,5.0356057895524));
#8760=CARTESIAN_POINT('Ctrl Pts',(22.153458990726,0.694944016840645,5.00407533600471));
#8761=CARTESIAN_POINT('Ctrl Pts',(22.1485556128272,0.774867200546811,4.94452694100335));
#8762=CARTESIAN_POINT('Ctrl Pts',(22.136763153269,0.942775361918504,4.83563616779516));
#8763=CARTESIAN_POINT('Ctrl Pts',(22.1142807867779,1.1950370932859,4.69793088404143));
#8764=CARTESIAN_POINT('Ctrl Pts',(22.0782388318739,1.50586738467181,4.54935366112148));
#8765=CARTESIAN_POINT('Ctrl Pts',(22.0379722401295,1.78662077609588,4.42770403191342));
#8766=CARTESIAN_POINT('Ctrl Pts',(21.9966160498847,2.03433281629833,4.3272287108635));
#8767=CARTESIAN_POINT('Ctrl Pts',(21.9569700723562,2.24750108767902,4.24499201224571));
#8768=CARTESIAN_POINT('Ctrl Pts',(21.9130778235942,2.46131417703337,4.16644017106125));
#8769=CARTESIAN_POINT('Ctrl Pts',(21.864871060857,2.67570599649218,4.09159051416767));
#8770=CARTESIAN_POINT('Ctrl Pts',(21.8122530559846,2.89071079060404,4.02067795821704));
#8771=CARTESIAN_POINT('Ctrl Pts',(21.759876975316,3.08840103459256,3.95980461488));
#8772=CARTESIAN_POINT('Ctrl Pts',(21.7088692118756,3.26866496718971,3.90861943681058));
#8773=CARTESIAN_POINT('Ctrl Pts',(21.6683670873548,3.40428987058471,3.87365945930931));
#8774=CARTESIAN_POINT('Ctrl Pts',(21.6345472209095,3.51317512000368,3.84864653924634));
#8775=CARTESIAN_POINT('Ctrl Pts',(21.6149725739861,3.57460533351779,3.83602142030908));
#8776=CARTESIAN_POINT('Ctrl Pts',(21.6027815483418,3.61226221367426,3.82907093432163));
#8777=CARTESIAN_POINT('Ctrl Pts',(21.5983223001817,3.62597150678263,3.82663953963727));
#8778=CARTESIAN_POINT('Ctrl Pts',(21.5916079023405,3.64654929165822,3.82309272365889));
#8779=CARTESIAN_POINT('Ctrl Pts',(21.5814373034718,3.67747686320578,3.81817816236916));
#8780=CARTESIAN_POINT('Ctrl Pts',(21.5699814299605,3.71188168980155,3.81367359586836));
#8781=CARTESIAN_POINT('Ctrl Pts',(21.5618787338509,3.73599127622173,3.81133005795645));
#8782=CARTESIAN_POINT('Ctrl Pts',(21.5577984751006,3.74807605732319,3.81047383100224));
#8783=CARTESIAN_POINT('Ctrl Pts',(21.555749660944,3.754130141615,3.8101661500064));
#8784=CARTESIAN_POINT('Ctrl Pts',(21.5547229771292,3.75716040473834,3.81005727141777));
#8785=CARTESIAN_POINT('Ctrl Pts',(21.5542090806205,3.75867629609776,3.81001936224512));
#8786=CARTESIAN_POINT('Ctrl Pts',(21.5539520010503,3.75943440993078,3.81000634920978));
#8787=CARTESIAN_POINT('Ctrl Pts',(21.5538050631719,3.75986765919393,3.81000140864766));
#8788=CARTESIAN_POINT('Ctrl Pts',(21.5537315830905,3.76008429580207,3.80999999999996));
#8789=CARTESIAN_POINT('Ctrl Pts',(21.5536948405782,3.76019261617334,3.80999999999996));
#8790=CARTESIAN_POINT('',(21.3487893509501,-6.93889390390723E-16,4.5));
#8791=CARTESIAN_POINT('Ctrl Pts',(22.1444685637868,1.44936146417862E-14,
5.35));
#8792=CARTESIAN_POINT('Ctrl Pts',(22.1404712849202,1.34533808285617E-14,
5.32984598235407));
#8793=CARTESIAN_POINT('Ctrl Pts',(22.1360660362838,-2.51488795604362E-15,
5.30978525873649));
#8794=CARTESIAN_POINT('Ctrl Pts',(22.1037922521642,-1.93666816553779E-15,
5.17611317814166));
#8795=CARTESIAN_POINT('Ctrl Pts',(22.0626978081206,2.94611672538278E-15,
5.06492397508239));
#8796=CARTESIAN_POINT('Ctrl Pts',(21.9507582024298,1.20488841277709E-15,
4.85809099418545));
#8797=CARTESIAN_POINT('Ctrl Pts',(21.8787481570972,-1.32094204410112E-15,
4.7614023814896));
#8798=CARTESIAN_POINT('Ctrl Pts',(21.7250997827302,-1.19512295789101E-15,
4.62378505467843));
#8799=CARTESIAN_POINT('Ctrl Pts',(21.6505272563602,1.15336229525051E-15,
4.57514180439266));
#8800=CARTESIAN_POINT('Ctrl Pts',(21.4982329226396,2.99677209085316E-16,
4.51501068562307));
#8801=CARTESIAN_POINT('Ctrl Pts',(21.424316983643,-1.99837898770529E-16,
4.5));
#8802=CARTESIAN_POINT('Ctrl Pts',(21.3487893509501,-4.85722573273506E-16,
4.5));
#8803=CARTESIAN_POINT('',(20.7866226128911,3.50000000000001,2.99999999999996));
#8804=CARTESIAN_POINT('Ctrl Pts',(21.3489283302695,5.95429486534413E-6,
4.49999886590699));
#8805=CARTESIAN_POINT('Ctrl Pts',(21.3488820967908,0.000910364860936311,
4.49908150358685));
#8806=CARTESIAN_POINT('Ctrl Pts',(21.3488357573472,0.00181560212291017,
4.49816330339455));
#8807=CARTESIAN_POINT('Ctrl Pts',(21.3485358803063,0.00766583014073222,
4.49222930494247));
#8808=CARTESIAN_POINT('Ctrl Pts',(21.3480155133826,0.0296483393218603,4.47050997144643));
#8809=CARTESIAN_POINT('Ctrl Pts',(21.3469237720463,0.0655924847777775,4.436863682667));
#8810=CARTESIAN_POINT('Ctrl Pts',(21.3448851115961,0.127848528153258,4.38189143770842));
#8811=CARTESIAN_POINT('Ctrl Pts',(21.3403210308701,0.240322389213097,4.29230833980261));
#8812=CARTESIAN_POINT('Ctrl Pts',(21.3293445696441,0.448434167015983,4.14766123194652));
#8813=CARTESIAN_POINT('Ctrl Pts',(21.3084179069033,0.724632570548058,3.98648446773929));
#8814=CARTESIAN_POINT('Ctrl Pts',(21.2748699334241,1.04719844903883,3.82074671121133));
#8815=CARTESIAN_POINT('Ctrl Pts',(21.2373896536909,1.32996190550742,3.68927341111115));
#8816=CARTESIAN_POINT('Ctrl Pts',(21.1988951719895,1.57687351589385,3.58164884103636));
#8817=CARTESIAN_POINT('Ctrl Pts',(21.1619925620666,1.78822554666035,3.49406738573085));
#8818=CARTESIAN_POINT('Ctrl Pts',(21.1211375085233,1.99997876714316,3.41048040351967));
#8819=CARTESIAN_POINT('Ctrl Pts',(21.0762664907848,2.21274745578572,3.33066634686778));
#8820=CARTESIAN_POINT('Ctrl Pts',(21.0272894739529,2.4276622227993,3.25450091466878));
#8821=CARTESIAN_POINT('Ctrl Pts',(20.9785376409879,2.62795675755383,3.18818959903115));
#8822=CARTESIAN_POINT('Ctrl Pts',(20.931059442325,2.81500533434189,3.13106942234062));
#8823=CARTESIAN_POINT('Ctrl Pts',(20.8933599278871,2.96050307017543,3.09060941305292));
#8824=CARTESIAN_POINT('Ctrl Pts',(20.8618802818579,3.08407797857295,3.06004274500066));
#8825=CARTESIAN_POINT('Ctrl Pts',(20.8436601343215,3.15779823581279,3.04365528943144));
#8826=CARTESIAN_POINT('Ctrl Pts',(20.8323126864351,3.20628442893607,3.03402251300731));
#8827=CARTESIAN_POINT('Ctrl Pts',(20.8281620031714,3.2244217150365,3.03056530480818));
#8828=CARTESIAN_POINT('Ctrl Pts',(20.82191221896,3.25212033135921,3.02542693046346));
#8829=CARTESIAN_POINT('Ctrl Pts',(20.8124453911472,3.29595391061896,3.01790612421304));
#8830=CARTESIAN_POINT('Ctrl Pts',(20.8017822253516,3.35116635597571,3.00997661314728));
#8831=CARTESIAN_POINT('Ctrl Pts',(20.7942402084183,3.40035697641447,3.00475699998872));
#8832=CARTESIAN_POINT('Ctrl Pts',(20.7904422897785,3.43217823887769,3.00226877288247));
#8833=CARTESIAN_POINT('Ctrl Pts',(20.7885352466347,3.45371501016435,3.00107648139389));
#8834=CARTESIAN_POINT('Ctrl Pts',(20.7875796058688,3.4678983622152,3.00050313353577));
#8835=CARTESIAN_POINT('Ctrl Pts',(20.7871012692611,3.47815388301082,3.00023077236221));
#8836=CARTESIAN_POINT('Ctrl Pts',(20.786861978728,3.48449060155767,3.00009992356444));
#8837=CARTESIAN_POINT('Ctrl Pts',(20.7867252084539,3.49071637097162,3.00003408328358));
#8838=CARTESIAN_POINT('Ctrl Pts',(20.7866568129458,3.49338642214032,2.99999999999996));
#8839=CARTESIAN_POINT('Ctrl Pts',(20.7866226128911,3.50000000000059,2.99999999999996));
#8840=CARTESIAN_POINT('',(21.5536948405782,3.76019261617334,3.80999999999996));
#8841=CARTESIAN_POINT('Origin',(20.7866226128911,3.50000000000003,3.80999999999996));
#8842=CARTESIAN_POINT('Ctrl Pts',(21.5536948405782,3.76019261617334,3.80999999999996));
#8843=CARTESIAN_POINT('Ctrl Pts',(21.5537315830905,3.76008429580207,3.80999999999996));
#8844=CARTESIAN_POINT('Ctrl Pts',(21.5538050631719,3.75986765919393,3.81000140864766));
#8845=CARTESIAN_POINT('Ctrl Pts',(21.5539520010503,3.75943440993078,3.81000634920978));
#8846=CARTESIAN_POINT('Ctrl Pts',(21.5542090806205,3.75867629609776,3.81001936224512));
#8847=CARTESIAN_POINT('Ctrl Pts',(21.5547229771292,3.75716040473834,3.81005727141777));
#8848=CARTESIAN_POINT('Ctrl Pts',(21.555749660944,3.754130141615,3.8101661500064));
#8849=CARTESIAN_POINT('Ctrl Pts',(21.5577984751006,3.74807605732319,3.81047383100224));
#8850=CARTESIAN_POINT('Ctrl Pts',(21.5618787338509,3.73599127622173,3.81133005795645));
#8851=CARTESIAN_POINT('Ctrl Pts',(21.5699814299605,3.71188168980155,3.81367359586836));
#8852=CARTESIAN_POINT('Ctrl Pts',(21.5814373034718,3.67747686320578,3.81817816236916));
#8853=CARTESIAN_POINT('Ctrl Pts',(21.5916079023405,3.64654929165822,3.82309272365889));
#8854=CARTESIAN_POINT('Ctrl Pts',(21.5983223001817,3.62597150678263,3.82663953963727));
#8855=CARTESIAN_POINT('Ctrl Pts',(21.6027815483418,3.61226221367426,3.82907093432163));
#8856=CARTESIAN_POINT('Ctrl Pts',(21.6149725739861,3.57460533351779,3.83602142030908));
#8857=CARTESIAN_POINT('Ctrl Pts',(21.6345472209095,3.51317512000368,3.84864653924634));
#8858=CARTESIAN_POINT('Ctrl Pts',(21.6683670873548,3.40428987058471,3.87365945930931));
#8859=CARTESIAN_POINT('Ctrl Pts',(21.7088692118756,3.26866496718971,3.90861943681058));
#8860=CARTESIAN_POINT('Ctrl Pts',(21.759876975316,3.08840103459256,3.95980461488));
#8861=CARTESIAN_POINT('Ctrl Pts',(21.8122530559846,2.89071079060404,4.02067795821704));
#8862=CARTESIAN_POINT('Ctrl Pts',(21.864871060857,2.67570599649218,4.09159051416767));
#8863=CARTESIAN_POINT('Ctrl Pts',(21.9130778235942,2.46131417703337,4.16644017106125));
#8864=CARTESIAN_POINT('Ctrl Pts',(21.9569700723562,2.24750108767902,4.24499201224571));
#8865=CARTESIAN_POINT('Ctrl Pts',(21.9966160498847,2.03433281629833,4.3272287108635));
#8866=CARTESIAN_POINT('Ctrl Pts',(22.0379722401295,1.78662077609588,4.42770403191342));
#8867=CARTESIAN_POINT('Ctrl Pts',(22.0782388318739,1.50586738467181,4.54935366112148));
#8868=CARTESIAN_POINT('Ctrl Pts',(22.1142807867779,1.1950370932859,4.69793088404143));
#8869=CARTESIAN_POINT('Ctrl Pts',(22.136763153269,0.942775361918504,4.83563616779516));
#8870=CARTESIAN_POINT('Ctrl Pts',(22.1485556128272,0.774867200546811,4.94452694100335));
#8871=CARTESIAN_POINT('Ctrl Pts',(22.153458990726,0.694944016840645,5.00407533600471));
#8872=CARTESIAN_POINT('Ctrl Pts',(22.1556492067179,0.656575780239944,5.0356057895524));
#8873=CARTESIAN_POINT('Ctrl Pts',(22.1568221089211,0.635260440685109,5.05425071123065));
#8874=CARTESIAN_POINT('Ctrl Pts',(22.157381160311,0.624843348930143,5.06381093441574));
#8875=CARTESIAN_POINT('Ctrl Pts',(22.1592860875203,0.588911167899848,5.09773664599875));
#8876=CARTESIAN_POINT('Ctrl Pts',(22.1623076403396,0.527312235030105,5.15589595200667));
#8877=CARTESIAN_POINT('Ctrl Pts',(22.1663932972517,0.427986343425528,5.24967608052993));
#8878=CARTESIAN_POINT('Ctrl Pts',(22.1686092916251,0.359454257639516,5.31438166187188));
#8879=CARTESIAN_POINT('Ctrl Pts',(22.169646541605,0.321729361592388,5.35000019883315));
#8880=CARTESIAN_POINT('Origin',(21.562956421304,-5.08816276219702,3.81));
#8881=CARTESIAN_POINT('',(20.3722079356631,-4.54206932335711,3.));
#8882=CARTESIAN_POINT('',(21.1084722664792,-4.87973015195278,3.81));
#8883=CARTESIAN_POINT('Origin',(20.3722079356631,-4.54206932335711,3.81));
#8884=CARTESIAN_POINT('Origin',(21.562956421304,-5.08816276219702,3.81));
#8885=CARTESIAN_POINT('Origin',(21.562956421304,-5.08816276219702,3.));
#8886=CARTESIAN_POINT('Origin',(10.4682944589645,-6.24500451351651E-16,
3.81));
#8887=CARTESIAN_POINT('',(20.7866226128911,-3.50000000000002,2.99999999999996));
#8888=CARTESIAN_POINT('',(21.5536948405782,-3.76019261617333,3.81));
#8889=CARTESIAN_POINT('Origin',(20.7866226128911,-3.50000000000002,3.81));
#8890=CARTESIAN_POINT('Origin',(10.4682944589645,-6.24500451351651E-16,
3.81));
#8891=CARTESIAN_POINT('Origin',(10.4682944589645,-6.24500451351651E-16,
3.));
#8892=CARTESIAN_POINT('Ctrl Pts',(20.7866226128911,-3.50000000000002,2.99999999999996));
#8893=CARTESIAN_POINT('Ctrl Pts',(20.7866568129458,-3.49338642214118,2.99999999999996));
#8894=CARTESIAN_POINT('Ctrl Pts',(20.7867252084525,-3.49071637182253,3.00003408328769));
#8895=CARTESIAN_POINT('Ctrl Pts',(20.7868619787243,-3.48449060354822,3.00009992357459));
#8896=CARTESIAN_POINT('Ctrl Pts',(20.7871012692494,-3.47815388789305,3.00023077238933));
#8897=CARTESIAN_POINT('Ctrl Pts',(20.7875796058328,-3.46789837506168,3.00050313361428));
#8898=CARTESIAN_POINT('Ctrl Pts',(20.7885352464628,-3.45371503956088,3.0010764816531));
#8899=CARTESIAN_POINT('Ctrl Pts',(20.790442289266,-3.43217828750106,3.00226877358728));
#8900=CARTESIAN_POINT('Ctrl Pts',(20.794240205467,-3.40035683473802,3.00475700228827));
#8901=CARTESIAN_POINT('Ctrl Pts',(20.8017822183395,-3.35116477666451,3.00997661609905));
#8902=CARTESIAN_POINT('Ctrl Pts',(20.8124453500642,-3.29594487260132,3.01790613198205));
#8903=CARTESIAN_POINT('Ctrl Pts',(20.8219121390347,-3.25208722931663,3.02542691040493));
#8904=CARTESIAN_POINT('Ctrl Pts',(20.8281618953067,-3.22438916648359,3.03056529990277));
#8905=CARTESIAN_POINT('Ctrl Pts',(20.8323126239963,-3.20624237041324,3.03402246534064));
#8906=CARTESIAN_POINT('Ctrl Pts',(20.851911920688,-3.12258264499979,3.05066155505928));
#8907=CARTESIAN_POINT('Ctrl Pts',(20.9017711934533,-2.92759210678792,3.09754159524287));
#8908=CARTESIAN_POINT('Ctrl Pts',(20.9652393858724,-2.68280601223522,3.17012167093778));
#8909=CARTESIAN_POINT('Ctrl Pts',(21.0272903994147,-2.42759930637155,3.25449467040118));
#8910=CARTESIAN_POINT('Ctrl Pts',(21.0762658846028,-2.21279808087391,3.3306706204347));
#8911=CARTESIAN_POINT('Ctrl Pts',(21.1211377316598,-1.99996253827749,3.41047966543107));
#8912=CARTESIAN_POINT('Ctrl Pts',(21.16199245934,-1.78823749102317,3.49406456743821));
#8913=CARTESIAN_POINT('Ctrl Pts',(21.1988951999106,-1.57687003213073,3.58164924282502));
#8914=CARTESIAN_POINT('Ctrl Pts',(21.2373896662815,-1.3299846587372,3.68925177618217));
#8915=CARTESIAN_POINT('Ctrl Pts',(21.2748698356039,-1.04721240720866,3.82073405518113));
#8916=CARTESIAN_POINT('Ctrl Pts',(21.3084181252954,-0.72496096643777,3.98614332273152));
#8917=CARTESIAN_POINT('Ctrl Pts',(21.3293441823182,-0.449446351513954,4.14662801351508));
#8918=CARTESIAN_POINT('Ctrl Pts',(21.3403209084918,-0.243134143960658,4.28947086835011));
#8919=CARTESIAN_POINT('Ctrl Pts',(21.344885141884,-0.130748877309786,4.37895120323936));
#8920=CARTESIAN_POINT('Ctrl Pts',(21.3469237848091,-0.069785505819257,4.43260820144915));
#8921=CARTESIAN_POINT('Ctrl Pts',(21.3480155296506,-0.0325648112728288,
4.4675505504736));
#8922=CARTESIAN_POINT('Ctrl Pts',(21.3485358967876,-0.0129469101396268,
4.48687011341488));
#8923=CARTESIAN_POINT('Ctrl Pts',(21.3491692483797,0.0120010351270789,4.51217593465706));
#8924=CARTESIAN_POINT('Ctrl Pts',(21.3499149042287,0.0227668914058746,4.5230962786693));
#8925=CARTESIAN_POINT('Ctrl Pts',(21.3513495008424,0.0532863014445665,4.55405366187817));
#8926=CARTESIAN_POINT('Ctrl Pts',(21.3537111861721,0.101745731966721,4.60320843180496));
#8927=CARTESIAN_POINT('Ctrl Pts',(21.3590186426934,0.231518865676452,4.734844609974));
#8928=CARTESIAN_POINT('Ctrl Pts',(21.3619227418969,0.344091567768415,4.84903253079086));
#8929=CARTESIAN_POINT('Ctrl Pts',(21.3630812878817,0.430141952100701,4.93631855065415));
#8930=CARTESIAN_POINT('Ctrl Pts',(21.0161300867268,-3.5778494487132,2.99999999999996));
#8931=CARTESIAN_POINT('Ctrl Pts',(21.0165505991045,-3.57134358363756,2.99935492368201));
#8932=CARTESIAN_POINT('Ctrl Pts',(21.0167676141445,-3.56870454323221,2.9991433438763));
#8933=CARTESIAN_POINT('Ctrl Pts',(21.0172538867609,-3.5625565335276,2.99863043035248));
#8934=CARTESIAN_POINT('Ctrl Pts',(21.0178352238357,-3.5562767283599,2.99819978502935));
#8935=CARTESIAN_POINT('Ctrl Pts',(21.018854281537,-3.54609423536538,2.99758938531849));
#8936=CARTESIAN_POINT('Ctrl Pts',(21.0205160661313,-3.53195054528848,2.99702601366426));
#8937=CARTESIAN_POINT('Ctrl Pts',(21.0234282732893,-3.51038526562064,2.99662768961117));
#8938=CARTESIAN_POINT('Ctrl Pts',(21.0285617378171,-3.47834328390645,2.99706689707848));
#8939=CARTESIAN_POINT('Ctrl Pts',(21.037897366927,-3.42853809954424,2.99965998943675));
#8940=CARTESIAN_POINT('Ctrl Pts',(21.0501765629649,-3.37234619031552,3.00542149019783));
#8941=CARTESIAN_POINT('Ctrl Pts',(21.0607076602334,-3.32764216286578,3.01163676880193));
#8942=CARTESIAN_POINT('Ctrl Pts',(21.0675849944757,-3.29933757129055,3.01603225357579));
#8943=CARTESIAN_POINT('Ctrl Pts',(21.0721342065608,-3.28078517524969,3.01902597110289));
#8944=CARTESIAN_POINT('Ctrl Pts',(21.0934483228469,-3.19524784491175,3.0337523039465));
#8945=CARTESIAN_POINT('Ctrl Pts',(21.1460617661667,-2.99574751337431,3.07839730957139));
#8946=CARTESIAN_POINT('Ctrl Pts',(21.2114991476976,-2.74531024627966,3.1504513319439));
#8947=CARTESIAN_POINT('Ctrl Pts',(21.2749858877439,-2.4840143563306,3.23505996574735));
#8948=CARTESIAN_POINT('Ctrl Pts',(21.3247892598258,-2.26424022641637,3.3118505294665));
#8949=CARTESIAN_POINT('Ctrl Pts',(21.3702261975458,-2.04659732112068,3.39248512732025));
#8950=CARTESIAN_POINT('Ctrl Pts',(21.4114277019461,-1.83015957622926,3.47707130156243));
#8951=CARTESIAN_POINT('Ctrl Pts',(21.4484998690579,-1.61415848544332,3.565777151242));
#8952=CARTESIAN_POINT('Ctrl Pts',(21.4870127536232,-1.36195359033769,3.67479599195281));
#8953=CARTESIAN_POINT('Ctrl Pts',(21.524307556083,-1.07334135987429,3.80790743270296));
#8954=CARTESIAN_POINT('Ctrl Pts',(21.5573917325383,-0.744583892018485,3.97532776027055));
#8955=CARTESIAN_POINT('Ctrl Pts',(21.5777848684418,-0.464027284325384,4.13733902089524));
#8956=CARTESIAN_POINT('Ctrl Pts',(21.5883885528786,-0.253970721887825,4.28143374096041));
#8957=CARTESIAN_POINT('Ctrl Pts',(21.5928326580406,-0.13957517904725,4.37159184482704));
#8958=CARTESIAN_POINT('Ctrl Pts',(21.5948554434251,-0.0775043441044268,
4.42563035727229));
#8959=CARTESIAN_POINT('Ctrl Pts',(21.5959612751457,-0.0395819411480154,
4.46082780901686));
#8960=CARTESIAN_POINT('Ctrl Pts',(21.5964995519762,-0.0195918599003053,
4.48028262312727));
#8961=CARTESIAN_POINT('Ctrl Pts',(21.5971596716949,0.00583330963265362,
4.50576883376635));
#8962=CARTESIAN_POINT('Ctrl Pts',(21.5977274725404,0.0166602468953955,4.51684426530991));
#8963=CARTESIAN_POINT('Ctrl Pts',(21.5989042560786,0.04754443964963,4.54814241335917));
#8964=CARTESIAN_POINT('Ctrl Pts',(21.6007627105469,0.0965084043354263,4.5978662318569));
#8965=CARTESIAN_POINT('Ctrl Pts',(21.6048094864734,0.227726478504621,4.73102498012335));
#8966=CARTESIAN_POINT('Ctrl Pts',(21.6066165878321,0.341540180280823,4.84639270690038));
#8967=CARTESIAN_POINT('Ctrl Pts',(21.6069009801783,0.428524009051346,4.93467737484489));
#8968=CARTESIAN_POINT('Ctrl Pts',(21.4135073282489,-3.71264069828188,3.203385289851));
#8969=CARTESIAN_POINT('Ctrl Pts',(21.414542880527,-3.70800154443804,3.20239060138712));
#8970=CARTESIAN_POINT('Ctrl Pts',(21.4149965478288,-3.70606067409263,3.20203706223345));
#8971=CARTESIAN_POINT('Ctrl Pts',(21.4160393337334,-3.70156373839065,3.20119404561291));
#8972=CARTESIAN_POINT('Ctrl Pts',(21.4171654081526,-3.69686290366354,3.2004272685186));
#8973=CARTESIAN_POINT('Ctrl Pts',(21.4190457631228,-3.68914370331131,3.19927506197241));
#8974=CARTESIAN_POINT('Ctrl Pts',(21.4218329812819,-3.67810886459637,3.19796974174911));
#8975=CARTESIAN_POINT('Ctrl Pts',(21.4263486826969,-3.66080272896475,3.19646882308592));
#8976=CARTESIAN_POINT('Ctrl Pts',(21.4336191608456,-3.63405730246652,3.19534900607283));
#8977=CARTESIAN_POINT('Ctrl Pts',(21.4458363787763,-3.59073249575501,3.19572310397992));
#8978=CARTESIAN_POINT('Ctrl Pts',(21.4607662594967,-3.5394877870602,3.19931436131944));
#8979=CARTESIAN_POINT('Ctrl Pts',(21.4731028841657,-3.49755961371487,3.20401102661876));
#8980=CARTESIAN_POINT('Ctrl Pts',(21.4810001592679,-3.47074668129372,3.20756690687645));
#8981=CARTESIAN_POINT('Ctrl Pts',(21.4861944110281,-3.45310679229542,3.21003140939569));
#8982=CARTESIAN_POINT('Ctrl Pts',(21.5103306115073,-3.37116573620732,3.22242517337478));
#8983=CARTESIAN_POINT('Ctrl Pts',(21.5678025288312,-3.1741467068441,3.26303886621003));
#8984=CARTESIAN_POINT('Ctrl Pts',(21.6368405059613,-2.92077634637738,3.33249889028978));
#8985=CARTESIAN_POINT('Ctrl Pts',(21.7028079030945,-2.65501465132405,3.41545316994204));
#8986=CARTESIAN_POINT('Ctrl Pts',(21.7540810591876,-2.43056344912154,3.49129547123766));
#8987=CARTESIAN_POINT('Ctrl Pts',(21.8005360704009,-2.20793949670528,3.5712194837674));
#8988=CARTESIAN_POINT('Ctrl Pts',(21.8423874566289,-1.9864854486612,3.65517756021695));
#8989=CARTESIAN_POINT('Ctrl Pts',(21.8798160552516,-1.7656378293188,3.74322703940536));
#8990=CARTESIAN_POINT('Ctrl Pts',(21.9184471528502,-1.508203070733,3.85129994055802));
#8991=CARTESIAN_POINT('Ctrl Pts',(21.9554777938159,-1.21437323145708,3.98307167865528));
#8992=CARTESIAN_POINT('Ctrl Pts',(21.9878735508892,-0.88238366733101,4.14746411656416));
#8993=CARTESIAN_POINT('Ctrl Pts',(22.0073800055198,-0.60247391913214,4.30504406788727));
#8994=CARTESIAN_POINT('Ctrl Pts',(22.017403414191,-0.398780462606019,4.44131225334568));
#8995=CARTESIAN_POINT('Ctrl Pts',(22.0216581293018,-0.290924065370526,4.5242647195189));
#8996=CARTESIAN_POINT('Ctrl Pts',(22.0236556369493,-0.233725115659654,4.57288001942815));
#8997=CARTESIAN_POINT('Ctrl Pts',(22.0247861595543,-0.199347796589739,4.60403578994787));
#8998=CARTESIAN_POINT('Ctrl Pts',(22.0253525450441,-0.181435011396174,4.62106762891826));
#8999=CARTESIAN_POINT('Ctrl Pts',(22.02605477562,-0.158761143223157,4.64327508723922));
#9000=CARTESIAN_POINT('Ctrl Pts',(22.0263408495087,-0.146583940796753,4.65537797131572));
#9001=CARTESIAN_POINT('Ctrl Pts',(22.0271082955271,-0.115186141651031,4.6864008789806));
#9002=CARTESIAN_POINT('Ctrl Pts',(22.0281557673066,-0.0641243892959043,
4.73693655048206));
#9003=CARTESIAN_POINT('Ctrl Pts',(22.0302095162147,0.0711952771154669,4.87077607646728));
#9004=CARTESIAN_POINT('Ctrl Pts',(22.0300496359303,0.189233714841365,4.98764824166516));
#9005=CARTESIAN_POINT('Ctrl Pts',(22.0289474860279,0.279004995557324,5.07647795540526));
#9006=CARTESIAN_POINT('Ctrl Pts',(21.5536948405782,-3.76019261617333,3.62823642504227));
#9007=CARTESIAN_POINT('Ctrl Pts',(21.5541803620077,-3.75877804700523,3.62794014853562));
#9008=CARTESIAN_POINT('Ctrl Pts',(21.5544248308327,-3.75806362719987,3.62783586986397));
#9009=CARTESIAN_POINT('Ctrl Pts',(21.5549746105979,-3.75645748808487,3.62758830791405));
#9010=CARTESIAN_POINT('Ctrl Pts',(21.555622792766,-3.75456005286957,3.62736918657249));
#9011=CARTESIAN_POINT('Ctrl Pts',(21.556752028836,-3.75125025989005,3.62705287230444));
#9012=CARTESIAN_POINT('Ctrl Pts',(21.5585726440878,-3.74590071369052,3.62674103293076));
#9013=CARTESIAN_POINT('Ctrl Pts',(21.5617359533756,-3.73657860790095,3.62651096628545));
#9014=CARTESIAN_POINT('Ctrl Pts',(21.5672619493835,-3.72021684692974,3.62678027433065));
#9015=CARTESIAN_POINT('Ctrl Pts',(21.5772396785595,-3.69046282741197,3.62853999661385));
#9016=CARTESIAN_POINT('Ctrl Pts',(21.5902893642845,-3.65104382115557,3.63277482439146));
#9017=CARTESIAN_POINT('Ctrl Pts',(21.6014563412371,-3.61679409762405,3.63762501631532));
#9018=CARTESIAN_POINT('Ctrl Pts',(21.6087306850414,-3.59432254096188,3.64117619750231));
#9019=CARTESIAN_POINT('Ctrl Pts',(21.6135401225187,-3.57941584129624,3.64361837484383));
#9020=CARTESIAN_POINT('Ctrl Pts',(21.6360666007725,-3.50919372226169,3.65574655407922));
#9021=CARTESIAN_POINT('Ctrl Pts',(21.6915759929171,-3.33035066279647,3.69432753969639));
#9022=CARTESIAN_POINT('Ctrl Pts',(21.7604532614678,-3.08918185182301,3.76027361170984));
#9023=CARTESIAN_POINT('Ctrl Pts',(21.8271824851106,-2.83225551053054,3.83934775679607));
#9024=CARTESIAN_POINT('Ctrl Pts',(21.8795020856545,-2.61348858169573,3.91175569502834));
#9025=CARTESIAN_POINT('Ctrl Pts',(21.9272126886445,-2.39569531272847,3.98811408414742));
#9026=CARTESIAN_POINT('Ctrl Pts',(21.9704583568215,-2.17865707017293,4.06828869102586));
#9027=CARTESIAN_POINT('Ctrl Pts',(22.0093558156271,-1.96225210477529,4.15226301391156));
#9028=CARTESIAN_POINT('Ctrl Pts',(22.0497488598213,-1.71054516240373,4.25501293148094));
#9029=CARTESIAN_POINT('Ctrl Pts',(22.0888308394279,-1.42467566514013,4.3796943727664));
#9030=CARTESIAN_POINT('Ctrl Pts',(22.1234740495621,-1.1061844073096,4.53300768170799));
#9031=CARTESIAN_POINT('Ctrl Pts',(22.144785949633,-0.84459170535661,4.67666675894785));
#9032=CARTESIAN_POINT('Ctrl Pts',(22.1558640964993,-0.665280025482246,4.79376763621358));
#9033=CARTESIAN_POINT('Ctrl Pts',(22.1605097832104,-0.576661333965564,4.86032227381879));
#9034=CARTESIAN_POINT('Ctrl Pts',(22.1626281391578,-0.532498953693922,4.89696860248261));
#9035=CARTESIAN_POINT('Ctrl Pts',(22.163789075044,-0.507186606617635,4.9193590990995));
#9036=CARTESIAN_POINT('Ctrl Pts',(22.1643549912182,-0.494483477143817,4.93115635159043));
#9037=CARTESIAN_POINT('Ctrl Pts',(22.165049502284,-0.478651498007773,4.94629532086223));
#9038=CARTESIAN_POINT('Ctrl Pts',(22.1656264465222,-0.464150827000729,4.96010460906272));
#9039=CARTESIAN_POINT('Ctrl Pts',(22.1668331107026,-0.433042688749125,4.98976521439204));
#9040=CARTESIAN_POINT('Ctrl Pts',(22.168725892143,-0.379765189964036,5.04055011589008));
#9041=CARTESIAN_POINT('Ctrl Pts',(22.1728357285198,-0.241552774091285,5.17231439830757));
#9042=CARTESIAN_POINT('Ctrl Pts',(22.1745606924387,-0.119390010719548,5.28884031112821));
#9043=CARTESIAN_POINT('Ctrl Pts',(22.1747609977894,-0.0273757478077808,
5.37658614112658));
#9044=CARTESIAN_POINT('Ctrl Pts',(21.5536948405782,-3.76019261617333,3.80999999999996));
#9045=CARTESIAN_POINT('Ctrl Pts',(21.5537315830905,-3.76008429580206,3.80999999999996));
#9046=CARTESIAN_POINT('Ctrl Pts',(21.5538050631704,-3.75986765919843,3.8100014086563));
#9047=CARTESIAN_POINT('Ctrl Pts',(21.5539520010463,-3.75943440994281,3.810006349233));
#9048=CARTESIAN_POINT('Ctrl Pts',(21.5542090806079,-3.75867629613564,3.81001936231745));
#9049=CARTESIAN_POINT('Ctrl Pts',(21.5547229770905,-3.75716040485472,3.81005727164321));
#9050=CARTESIAN_POINT('Ctrl Pts',(21.5557496607593,-3.75413014217137,3.81016615106153));
#9051=CARTESIAN_POINT('Ctrl Pts',(21.5577984745499,-3.74807605897788,3.81047383423017));
#9052=CARTESIAN_POINT('Ctrl Pts',(21.5618787306802,-3.7359912857838,3.81133007592786));
#9053=CARTESIAN_POINT('Ctrl Pts',(21.5699814224271,-3.71188171239403,3.81367364058345));
#9054=CARTESIAN_POINT('Ctrl Pts',(21.5814372593347,-3.6774769964246,3.81817840900746));
#9055=CARTESIAN_POINT('Ctrl Pts',(21.5916078164735,-3.64654954956529,3.8230932223477));
#9056=CARTESIAN_POINT('Ctrl Pts',(21.5983221842983,-3.62597185626616,3.82664018980329));
#9057=CARTESIAN_POINT('Ctrl Pts',(21.6027814812613,-3.61226241345611,3.8290713508257));
#9058=CARTESIAN_POINT('Ctrl Pts',(21.623837804319,-3.54722146848699,3.84108126422996));
#9059=CARTESIAN_POINT('Ctrl Pts',(21.6774036526905,-3.37693345259878,3.87879763831118));
#9060=CARTESIAN_POINT('Ctrl Pts',(21.745590117975,-3.14232276462281,3.94324518385054));
#9061=CARTESIAN_POINT('Ctrl Pts',(21.8122540502459,-2.89070829670533,4.02066164887318));
#9062=CARTESIAN_POINT('Ctrl Pts',(21.864870409611,-2.6757075625131,4.09160218635803));
#9063=CARTESIAN_POINT('Ctrl Pts',(21.9130780633189,-2.46131355601578,4.16643618775124));
#9064=CARTESIAN_POINT('Ctrl Pts',(21.9569699619929,-2.24750136764961,4.2449940780997));
#9065=CARTESIAN_POINT('Ctrl Pts',(21.9966160798815,-2.03433272031377,4.32722781185628));
#9066=CARTESIAN_POINT('Ctrl Pts',(22.0379722536561,-1.78662073957558,4.42770483637856));
#9067=CARTESIAN_POINT('Ctrl Pts',(22.0782387267816,-1.50586730123551,4.5493523072873));
#9068=CARTESIAN_POINT('Ctrl Pts',(22.1142810214054,-1.19503552794891,4.69793156606597));
#9069=CARTESIAN_POINT('Ctrl Pts',(22.136762737149,-0.942767849617979,4.83562525413089));
#9070=CARTESIAN_POINT('Ctrl Pts',(22.1485554813513,-0.774872514156981,4.94453102137003));
#9071=CARTESIAN_POINT('Ctrl Pts',(22.1534590232655,-0.69494382013769,5.00407549899975));
#9072=CARTESIAN_POINT('Ctrl Pts',(22.1556492204294,-0.656575645709977,5.03560574858722));
#9073=CARTESIAN_POINT('Ctrl Pts',(22.1568221263985,-0.635260288925878,5.05425071088422));
#9074=CARTESIAN_POINT('Ctrl Pts',(22.1573811780174,-0.624843092901981,5.06381082355501));
#9075=CARTESIAN_POINT('Ctrl Pts',(22.1580616134403,-0.612008207861942,5.07592900405946));
#9076=CARTESIAN_POINT('Ctrl Pts',(22.1588627019026,-0.596609696353693,5.09046771877487));
#9077=CARTESIAN_POINT('Ctrl Pts',(22.1604039475008,-0.565811169260575,5.11954659487882));
#9078=CARTESIAN_POINT('Ctrl Pts',(22.1629412022832,-0.511909900798788,5.17043820110995));
#9079=CARTESIAN_POINT('Ctrl Pts',(22.1686432190896,-0.373288927838318,5.30131960995875));
#9080=CARTESIAN_POINT('Ctrl Pts',(22.1717632111986,-0.25003474596917,5.41769165751815));
#9081=CARTESIAN_POINT('Ctrl Pts',(22.1730078843578,-0.157587311744845,5.50497767738144));
#9082=CARTESIAN_POINT('Ctrl Pts',(22.1696465449538,-0.321729326634964,5.35000025745958));
#9083=CARTESIAN_POINT('Ctrl Pts',(22.1686092940956,-0.359454292297579,5.31438165612573));
#9084=CARTESIAN_POINT('Ctrl Pts',(22.1663932993999,-0.427986426469555,5.24967601282859));
#9085=CARTESIAN_POINT('Ctrl Pts',(22.1629412022832,-0.511909900798788,5.17043820110995));
#9086=CARTESIAN_POINT('Ctrl Pts',(22.1604039475008,-0.565811169260575,5.11954659487882));
#9087=CARTESIAN_POINT('Ctrl Pts',(22.1588627019026,-0.596609696353693,5.09046771877487));
#9088=CARTESIAN_POINT('Ctrl Pts',(22.1580616134403,-0.612008207861942,5.07592900405946));
#9089=CARTESIAN_POINT('Ctrl Pts',(22.1573811780174,-0.624843092901981,5.06381082355501));
#9090=CARTESIAN_POINT('Ctrl Pts',(22.1568221263985,-0.635260288925878,5.05425071088422));
#9091=CARTESIAN_POINT('Ctrl Pts',(22.1556492204294,-0.656575645709977,5.03560574858722));
#9092=CARTESIAN_POINT('Ctrl Pts',(22.1534590232655,-0.69494382013769,5.00407549899975));
#9093=CARTESIAN_POINT('Ctrl Pts',(22.1485554813513,-0.774872514156981,4.94453102137003));
#9094=CARTESIAN_POINT('Ctrl Pts',(22.136762737149,-0.942767849617979,4.83562525413089));
#9095=CARTESIAN_POINT('Ctrl Pts',(22.1142810214054,-1.19503552794891,4.69793156606597));
#9096=CARTESIAN_POINT('Ctrl Pts',(22.0782387267816,-1.50586730123551,4.5493523072873));
#9097=CARTESIAN_POINT('Ctrl Pts',(22.0379722536561,-1.78662073957558,4.42770483637856));
#9098=CARTESIAN_POINT('Ctrl Pts',(21.9966160798815,-2.03433272031377,4.32722781185628));
#9099=CARTESIAN_POINT('Ctrl Pts',(21.9569699619929,-2.24750136764961,4.2449940780997));
#9100=CARTESIAN_POINT('Ctrl Pts',(21.9130780633189,-2.46131355601578,4.16643618775124));
#9101=CARTESIAN_POINT('Ctrl Pts',(21.864870409611,-2.6757075625131,4.09160218635803));
#9102=CARTESIAN_POINT('Ctrl Pts',(21.8122540502459,-2.89070829670533,4.02066164887318));
#9103=CARTESIAN_POINT('Ctrl Pts',(21.745590117975,-3.14232276462281,3.94324518385054));
#9104=CARTESIAN_POINT('Ctrl Pts',(21.6774036526905,-3.37693345259878,3.87879763831118));
#9105=CARTESIAN_POINT('Ctrl Pts',(21.623837804319,-3.54722146848699,3.84108126422996));
#9106=CARTESIAN_POINT('Ctrl Pts',(21.6027814812613,-3.61226241345611,3.8290713508257));
#9107=CARTESIAN_POINT('Ctrl Pts',(21.5983221842983,-3.62597185626616,3.82664018980329));
#9108=CARTESIAN_POINT('Ctrl Pts',(21.5916078164735,-3.64654954956529,3.8230932223477));
#9109=CARTESIAN_POINT('Ctrl Pts',(21.5814372593347,-3.6774769964246,3.81817840900746));
#9110=CARTESIAN_POINT('Ctrl Pts',(21.5699814224271,-3.71188171239403,3.81367364058345));
#9111=CARTESIAN_POINT('Ctrl Pts',(21.5618787306802,-3.7359912857838,3.81133007592786));
#9112=CARTESIAN_POINT('Ctrl Pts',(21.5577984745499,-3.74807605897788,3.81047383423017));
#9113=CARTESIAN_POINT('Ctrl Pts',(21.5557496607593,-3.75413014217137,3.81016615106153));
#9114=CARTESIAN_POINT('Ctrl Pts',(21.5547229770905,-3.75716040485472,3.81005727164321));
#9115=CARTESIAN_POINT('Ctrl Pts',(21.5542090806079,-3.75867629613564,3.81001936231745));
#9116=CARTESIAN_POINT('Ctrl Pts',(21.5539520010463,-3.75943440994281,3.810006349233));
#9117=CARTESIAN_POINT('Ctrl Pts',(21.5538050631704,-3.75986765919843,3.8100014086563));
#9118=CARTESIAN_POINT('Ctrl Pts',(21.5537315830905,-3.76008429580206,3.80999999999996));
#9119=CARTESIAN_POINT('Ctrl Pts',(21.5536948405782,-3.76019261617333,3.80999999999996));
#9120=CARTESIAN_POINT('Ctrl Pts',(20.7866226128911,-3.50000000000002,2.99999999999996));
#9121=CARTESIAN_POINT('Ctrl Pts',(20.7866568129458,-3.49338642214118,2.99999999999996));
#9122=CARTESIAN_POINT('Ctrl Pts',(20.7867252084525,-3.49071637182253,3.00003408328769));
#9123=CARTESIAN_POINT('Ctrl Pts',(20.7868619787243,-3.48449060354822,3.00009992357459));
#9124=CARTESIAN_POINT('Ctrl Pts',(20.7871012692494,-3.47815388789305,3.00023077238933));
#9125=CARTESIAN_POINT('Ctrl Pts',(20.7875796058328,-3.46789837506168,3.00050313361428));
#9126=CARTESIAN_POINT('Ctrl Pts',(20.7885352464628,-3.45371503956088,3.0010764816531));
#9127=CARTESIAN_POINT('Ctrl Pts',(20.790442289266,-3.43217828750106,3.00226877358728));
#9128=CARTESIAN_POINT('Ctrl Pts',(20.794240205467,-3.40035683473802,3.00475700228827));
#9129=CARTESIAN_POINT('Ctrl Pts',(20.8017822183395,-3.35116477666451,3.00997661609905));
#9130=CARTESIAN_POINT('Ctrl Pts',(20.8124453500642,-3.29594487260132,3.01790613198205));
#9131=CARTESIAN_POINT('Ctrl Pts',(20.8219121390347,-3.25208722931663,3.02542691040493));
#9132=CARTESIAN_POINT('Ctrl Pts',(20.8281618953067,-3.22438916648359,3.03056529990277));
#9133=CARTESIAN_POINT('Ctrl Pts',(20.8323126239963,-3.20624237041324,3.03402246534064));
#9134=CARTESIAN_POINT('Ctrl Pts',(20.851911920688,-3.12258264499979,3.05066155505928));
#9135=CARTESIAN_POINT('Ctrl Pts',(20.9017711934533,-2.92759210678792,3.09754159524287));
#9136=CARTESIAN_POINT('Ctrl Pts',(20.9652393858724,-2.68280601223522,3.17012167093778));
#9137=CARTESIAN_POINT('Ctrl Pts',(21.0272903994147,-2.42759930637155,3.25449467040118));
#9138=CARTESIAN_POINT('Ctrl Pts',(21.0762658846028,-2.21279808087391,3.3306706204347));
#9139=CARTESIAN_POINT('Ctrl Pts',(21.1211377316598,-1.99996253827749,3.41047966543107));
#9140=CARTESIAN_POINT('Ctrl Pts',(21.16199245934,-1.78823749102317,3.49406456743821));
#9141=CARTESIAN_POINT('Ctrl Pts',(21.1988951999106,-1.57687003213073,3.58164924282502));
#9142=CARTESIAN_POINT('Ctrl Pts',(21.2373896662815,-1.3299846587372,3.68925177618217));
#9143=CARTESIAN_POINT('Ctrl Pts',(21.2748698356039,-1.04721240720866,3.82073405518113));
#9144=CARTESIAN_POINT('Ctrl Pts',(21.3084181252954,-0.72496096643777,3.98614332273152));
#9145=CARTESIAN_POINT('Ctrl Pts',(21.3293441823182,-0.449446351513954,4.14662801351508));
#9146=CARTESIAN_POINT('Ctrl Pts',(21.3403209084918,-0.243134143960658,4.28947086835011));
#9147=CARTESIAN_POINT('Ctrl Pts',(21.344885141884,-0.130748877309786,4.37895120323936));
#9148=CARTESIAN_POINT('Ctrl Pts',(21.3469237848091,-0.069785505819257,4.43260820144915));
#9149=CARTESIAN_POINT('Ctrl Pts',(21.3480155296506,-0.0325648112728288,
4.4675505504736));
#9150=CARTESIAN_POINT('Ctrl Pts',(21.3485358967876,-0.0129469101396268,
4.48687011341488));
#9151=CARTESIAN_POINT('Ctrl Pts',(21.3488155175989,-0.001932546579354,4.49804247700527));
#9152=CARTESIAN_POINT('Ctrl Pts',(21.3488416729938,-0.000946481621466575,
4.49904268709887));
#9153=CARTESIAN_POINT('Ctrl Pts',(21.3488677946901,-2.44275799074229E-6,
4.50000026835665));
#9154=CARTESIAN_POINT('Origin',(10.4682944589645,-6.24500451351651E-16,
3.81));
#9155=CARTESIAN_POINT('',(20.5235607232142,4.19636941261796,3.));
#9156=CARTESIAN_POINT('',(21.2710767333898,4.50833065144617,3.81));
#9157=CARTESIAN_POINT('Origin',(20.5235607232142,4.19636941261796,3.81));
#9158=CARTESIAN_POINT('Origin',(10.4682944589645,-6.24500451351651E-16,
3.81));
#9159=CARTESIAN_POINT('Origin',(10.4682944589645,-6.24500451351651E-16,
3.));
#9160=CARTESIAN_POINT('Origin',(21.7325063693006,4.70089931738952,3.81));
#9161=CARTESIAN_POINT('Origin',(21.7325063693006,4.70089931738952,3.81));
#9162=CARTESIAN_POINT('Origin',(21.7325063693006,4.70089931738952,3.));
#9163=CARTESIAN_POINT('Origin',(21.7325063693006,4.70089931738952,1.));
#9164=CARTESIAN_POINT('',(21.2710767333898,4.50833065144617,1.));
#9165=CARTESIAN_POINT('Origin',(25.100000000002,-0.573159574128888,3.));
#9166=CARTESIAN_POINT('',(18.75,3.50000000000002,2.99999999999996));
#9167=CARTESIAN_POINT('Origin',(10.4682944589645,-6.24500451351651E-16,
1.));
#9168=CARTESIAN_POINT('',(21.1084722664792,-4.87973015195278,1.));
#9169=CARTESIAN_POINT('Ctrl Pts',(14.45,3.50000000000002,2.99999999999996));
#9170=CARTESIAN_POINT('Ctrl Pts',(22.1740686807495,3.50000000000002,2.99999999999996));
#9171=CARTESIAN_POINT('Ctrl Pts',(14.45,3.42057065988065,2.99999999999996));
#9172=CARTESIAN_POINT('Ctrl Pts',(22.1740686807495,3.42057065988065,2.99999999999996));
#9173=CARTESIAN_POINT('Ctrl Pts',(14.45,3.23091154354454,3.01917542633418));
#9174=CARTESIAN_POINT('Ctrl Pts',(22.1740686807495,3.23091154354454,3.01917542633418));
#9175=CARTESIAN_POINT('Ctrl Pts',(14.45,2.85411717161383,3.10541151145151));
#9176=CARTESIAN_POINT('Ctrl Pts',(22.1740686807495,2.85411717161383,3.10541151145151));
#9177=CARTESIAN_POINT('Ctrl Pts',(14.45,2.20338836260029,3.31811174788605));
#9178=CARTESIAN_POINT('Ctrl Pts',(22.1740686807495,2.20338836260029,3.31811174788605));
#9179=CARTESIAN_POINT('Ctrl Pts',(14.45,1.30189869005452,3.68269886884899));
#9180=CARTESIAN_POINT('Ctrl Pts',(22.1740686807495,1.30189869005452,3.68269886884899));
#9181=CARTESIAN_POINT('Ctrl Pts',(14.45,0.649971482833072,4.00854866163491));
#9182=CARTESIAN_POINT('Ctrl Pts',(22.1740686807495,0.649971482833072,4.00854866163491));
#9183=CARTESIAN_POINT('Ctrl Pts',(14.45,0.271478552557124,4.25515808671004));
#9184=CARTESIAN_POINT('Ctrl Pts',(22.1740686807495,0.271478552557124,4.25515808671004));
#9185=CARTESIAN_POINT('Ctrl Pts',(14.45,0.0802919454799587,4.41855510695963));
#9186=CARTESIAN_POINT('Ctrl Pts',(22.1740686807495,0.0802919454799587,4.41855510695963));
#9187=CARTESIAN_POINT('Ctrl Pts',(14.45,0.,4.5));
#9188=CARTESIAN_POINT('Ctrl Pts',(22.1740686807495,0.,4.5));
#9189=CARTESIAN_POINT('',(14.45,0.,4.5));
#9190=CARTESIAN_POINT('',(18.75,0.,4.5));
#9191=CARTESIAN_POINT('',(14.45,3.50000000000002,2.99999999999996));
#9192=CARTESIAN_POINT('Ctrl Pts',(14.45,2.22044604925031E-16,4.5));
#9193=CARTESIAN_POINT('Ctrl Pts',(14.45,0.0279583892516151,4.47164014387038));
#9194=CARTESIAN_POINT('Ctrl Pts',(14.45,0.0581476082791336,4.44324261352616));
#9195=CARTESIAN_POINT('Ctrl Pts',(14.45,0.0905389083779867,4.41481218910861));
#9196=CARTESIAN_POINT('Ctrl Pts',(14.45,0.124129923913873,4.38532875295794));
#9197=CARTESIAN_POINT('Ctrl Pts',(14.45,0.160088942794581,4.35580991523415));
#9198=CARTESIAN_POINT('Ctrl Pts',(14.45,0.198327790139671,4.32627122300024));
#9199=CARTESIAN_POINT('Ctrl Pts',(14.45,0.238293250487642,4.29539875912727));
#9200=CARTESIAN_POINT('Ctrl Pts',(14.45,0.280748793507921,4.26450456780431));
#9201=CARTESIAN_POINT('Ctrl Pts',(14.45,0.325537339088249,4.23361789109447));
#9202=CARTESIAN_POINT('Ctrl Pts',(14.45,0.372909027397075,4.20094985057126));
#9203=CARTESIAN_POINT('Ctrl Pts',(14.45,0.422890212941607,4.16829015051401));
#9204=CARTESIAN_POINT('Ctrl Pts',(14.45,0.475238244893429,4.13568684115205));
#9205=CARTESIAN_POINT('Ctrl Pts',(14.45,0.532845265862632,4.09980813748258));
#9206=CARTESIAN_POINT('Ctrl Pts',(14.45,0.59331823048652,4.0639975317792));
#9207=CARTESIAN_POINT('Ctrl Pts',(14.45,0.656272339689947,4.02833712331779));
#9208=CARTESIAN_POINT('Ctrl Pts',(14.45,0.722769926527407,3.99066950895032));
#9209=CARTESIAN_POINT('Ctrl Pts',(14.45,0.792035421883309,3.95316936485066));
#9210=CARTESIAN_POINT('Ctrl Pts',(14.45,0.863556691882177,3.91595496607473));
#9211=CARTESIAN_POINT('Ctrl Pts',(14.45,0.940314384179232,3.87601591898694));
#9212=CARTESIAN_POINT('Ctrl Pts',(14.45,1.01966966044402,3.83640579732583));
#9213=CARTESIAN_POINT('Ctrl Pts',(14.45,1.1009313233753,3.79729746810715));
#9214=CARTESIAN_POINT('Ctrl Pts',(14.45,1.19034664875955,3.75426507304922));
#9215=CARTESIAN_POINT('Ctrl Pts',(14.45,1.28206899865286,3.71183984411423));
#9216=CARTESIAN_POINT('Ctrl Pts',(14.45,1.37512286132452,3.67028811724382));
#9217=CARTESIAN_POINT('Ctrl Pts',(14.45,1.47860537405058,3.62407964205319));
#9218=CARTESIAN_POINT('Ctrl Pts',(14.45,1.58373295146,3.57895114189816));
#9219=CARTESIAN_POINT('Ctrl Pts',(14.45,1.68912430635832,3.53531797661164));
#9220=CARTESIAN_POINT('Ctrl Pts',(14.45,1.80236139002812,3.48843659442338));
#9221=CARTESIAN_POINT('Ctrl Pts',(14.45,1.91590015575571,3.44328179677934));
#9222=CARTESIAN_POINT('Ctrl Pts',(14.45,2.02801894854702,3.40042179617918));
#9223=CARTESIAN_POINT('Ctrl Pts',(14.45,2.12728632770555,3.36247454554985));
#9224=CARTESIAN_POINT('Ctrl Pts',(14.45,2.22543893537074,3.32632747137032));
#9225=CARTESIAN_POINT('Ctrl Pts',(14.45,2.32130658158545,3.29240101864474));
#9226=CARTESIAN_POINT('Ctrl Pts',(14.45,2.40507795706758,3.26275529641968));
#9227=CARTESIAN_POINT('Ctrl Pts',(14.45,2.48710365795572,3.2348062886235));
#9228=CARTESIAN_POINT('Ctrl Pts',(14.45,2.56663917407272,3.20883994495558));
#9229=CARTESIAN_POINT('Ctrl Pts',(14.45,2.63958707855271,3.18502429064091));
#9230=CARTESIAN_POINT('Ctrl Pts',(14.45,2.71043972327526,3.16287700840491));
#9231=CARTESIAN_POINT('Ctrl Pts',(14.45,2.77866482383532,3.14261304258512));
#9232=CARTESIAN_POINT('Ctrl Pts',(14.45,2.84282488603418,3.12355645935225));
#9233=CARTESIAN_POINT('Ctrl Pts',(14.45,2.90466086010382,3.10616577713315));
#9234=CARTESIAN_POINT('Ctrl Pts',(14.45,2.96377467105181,3.09060870021552));
#9235=CARTESIAN_POINT('Ctrl Pts',(14.45,3.01946866579686,3.07595162184071));
#9236=CARTESIAN_POINT('Ctrl Pts',(14.45,3.0727458747489,3.06292251878534));
#9237=CARTESIAN_POINT('Ctrl Pts',(14.45,3.12331896252926,3.05164708928458));
#9238=CARTESIAN_POINT('Ctrl Pts',(14.45,3.16886758791864,3.04149187952826));
#9239=CARTESIAN_POINT('Ctrl Pts',(14.45,3.21222268676063,3.03275935666734));
#9240=CARTESIAN_POINT('Ctrl Pts',(14.45,3.25321583963029,3.02552534219966));
#9241=CARTESIAN_POINT('Ctrl Pts',(14.45,3.29266341488569,3.01856407403326));
#9242=CARTESIAN_POINT('Ctrl Pts',(14.45,3.32992348887302,3.01299066506776));
#9243=CARTESIAN_POINT('Ctrl Pts',(14.45,3.36488937084538,3.00885422568983));
#9244=CARTESIAN_POINT('Ctrl Pts',(14.45,3.39827973247763,3.00490416926603));
#9245=CARTESIAN_POINT('Ctrl Pts',(14.45,3.42957785967638,3.00226462255477));
#9246=CARTESIAN_POINT('Ctrl Pts',(14.45,3.45873412943747,3.00095887407809));
#9247=CARTESIAN_POINT('Ctrl Pts',(14.45,3.4730022074336,3.00031988557712));
#9248=CARTESIAN_POINT('Ctrl Pts',(14.45,3.48675804059185,2.99999999999996));
#9249=CARTESIAN_POINT('Ctrl Pts',(14.45,3.50000000000002,2.99999999999996));
#9250=CARTESIAN_POINT('',(18.75,3.50000000000002,2.99999999999996));
#9251=CARTESIAN_POINT('',(16.3376444476008,1.64523084069862,3.55358375231081));
#9252=CARTESIAN_POINT('',(16.29,1.325,3.6928135211098));
#9253=CARTESIAN_POINT('Ctrl Pts',(16.3376444476008,1.64523084069862,3.55358375231081));
#9254=CARTESIAN_POINT('Ctrl Pts',(16.3801995130106,1.78507701937711,3.4950892308506));
#9255=CARTESIAN_POINT('Ctrl Pts',(16.4508952172376,1.91733579590833,3.44268194796846));
#9256=CARTESIAN_POINT('Ctrl Pts',(16.6389542254253,2.14102623501014,3.35727205345223));
#9257=CARTESIAN_POINT('Ctrl Pts',(16.7511101338899,2.2321225102886,3.32413683641266));
#9258=CARTESIAN_POINT('Ctrl Pts',(16.9699270384672,2.34672725509202,3.28332388629742));
#9259=CARTESIAN_POINT('Ctrl Pts',(17.0668694568081,2.38150438009241,3.27126255054128));
#9260=CARTESIAN_POINT('Ctrl Pts',(17.2459414595992,2.41844289437839,3.25850501781206));
#9261=CARTESIAN_POINT('Ctrl Pts',(17.3257527652693,2.42603296676578,3.25591404080319));
#9262=CARTESIAN_POINT('Ctrl Pts',(17.4872574791602,2.4237198804512,3.25670724154531));
#9263=CARTESIAN_POINT('Ctrl Pts',(17.5682740527027,2.41349491768255,3.26020120450028));
#9264=CARTESIAN_POINT('Ctrl Pts',(17.7530458225343,2.36904594974348,3.27559007309354));
#9265=CARTESIAN_POINT('Ctrl Pts',(17.853794648057,2.32821310470229,3.28981008205133));
#9266=CARTESIAN_POINT('Ctrl Pts',(18.0721192941962,2.20017527917575,3.33573681226062));
#9267=CARTESIAN_POINT('Ctrl Pts',(18.1800575201979,2.10338796633604,3.371282679214));
#9268=CARTESIAN_POINT('Ctrl Pts',(18.3492339515603,1.88077610522424,3.4571562783765));
#9269=CARTESIAN_POINT('Ctrl Pts',(18.4100250405293,1.75799605836408,3.50622752325897));
#9270=CARTESIAN_POINT('Ctrl Pts',(18.4880584324843,1.48691977985246,3.62003712629986));
#9271=CARTESIAN_POINT('Ctrl Pts',(18.4994212304851,1.33939242944125,3.68501553344989));
#9272=CARTESIAN_POINT('Ctrl Pts',(18.4638486013454,1.03954283010778,3.82544690125047));
#9273=CARTESIAN_POINT('Ctrl Pts',(18.4122263064174,0.889478922527779,3.90065256226287));
#9274=CARTESIAN_POINT('Ctrl Pts',(18.252996602754,0.626512285321811,4.0433356792449));
#9275=CARTESIAN_POINT('Ctrl Pts',(18.1481635426308,0.513073652960563,4.11083474052906));
#9276=CARTESIAN_POINT('Ctrl Pts',(17.9218827861987,0.354534250774366,4.21277073634845));
#9277=CARTESIAN_POINT('Ctrl Pts',(17.8092920564172,0.300187983636395,4.25091455964001));
#9278=CARTESIAN_POINT('Ctrl Pts',(17.6236072558707,0.2480556079909,4.28868136645281));
#9279=CARTESIAN_POINT('Ctrl Pts',(17.557925331072,0.235811338402284,4.29783654192771));
#9280=CARTESIAN_POINT('Ctrl Pts',(17.4385535002024,0.224815609084238,4.30607153131952));
#9281=CARTESIAN_POINT('Ctrl Pts',(17.3859620892222,0.223747906461748,4.30688096452163));
#9282=CARTESIAN_POINT('Ctrl Pts',(17.2729932990654,0.229570687508406,4.302506848162));
#9283=CARTESIAN_POINT('Ctrl Pts',(17.2133951526454,0.237625454829753,4.29644526727406));
#9284=CARTESIAN_POINT('Ctrl Pts',(17.0512813029055,0.273076830037157,4.27040308584875));
#9285=CARTESIAN_POINT('Ctrl Pts',(16.953265816274,0.310242051755862,4.24361471263694));
#9286=CARTESIAN_POINT('Ctrl Pts',(16.7519347949419,0.42001460790335,4.16981110356719));
#9287=CARTESIAN_POINT('Ctrl Pts',(16.6536582222593,0.498653290971157,4.11990065088651));
#9288=CARTESIAN_POINT('Ctrl Pts',(16.4717239706961,0.701186729091873,4.00144454262474));
#9289=CARTESIAN_POINT('Ctrl Pts',(16.3961898071316,0.830892500910758,3.93133557034056));
#9290=CARTESIAN_POINT('Ctrl Pts',(16.312719227466,1.0762142118079,3.80835073804819));
#9291=CARTESIAN_POINT('Ctrl Pts',(16.29292745568,1.18699605469628,3.75561523978084));
#9292=CARTESIAN_POINT('Ctrl Pts',(16.2901003550952,1.30784543149922,3.70058563055878));
#9293=CARTESIAN_POINT('Ctrl Pts',(16.29,1.31642133504934,3.69669372350695));
#9294=CARTESIAN_POINT('Ctrl Pts',(16.29,1.325,3.6928135211098));
#9295=CARTESIAN_POINT('Ctrl Pts',(16.29,1.32499999999998,3.69281352110981));
#9296=CARTESIAN_POINT('Ctrl Pts',(16.2899997893964,1.39246630183055,3.66229794466577));
#9297=CARTESIAN_POINT('Ctrl Pts',(16.2962052237804,1.46010757542512,3.63250656375724));
#9298=CARTESIAN_POINT('Ctrl Pts',(16.3087098724262,1.52703121671055,3.60371945504714));
#9299=CARTESIAN_POINT('Ctrl Pts',(16.3161301190802,1.566743642016,3.58663721202432));
#9300=CARTESIAN_POINT('Ctrl Pts',(16.3257684603992,1.60620349078902,3.56990801786025));
#9301=CARTESIAN_POINT('Ctrl Pts',(16.3376444476008,1.64523084069861,3.55358375231081));
#9302=CARTESIAN_POINT('Ctrl Pts',(14.45,0.,4.5));
#9303=CARTESIAN_POINT('Ctrl Pts',(22.1740686807495,0.,4.5));
#9304=CARTESIAN_POINT('Ctrl Pts',(14.45,-0.0802919454799587,4.41855510695963));
#9305=CARTESIAN_POINT('Ctrl Pts',(22.1740686807495,-0.0802919454799587,
4.41855510695963));
#9306=CARTESIAN_POINT('Ctrl Pts',(14.45,-0.271478552557124,4.25515808671004));
#9307=CARTESIAN_POINT('Ctrl Pts',(22.1740686807495,-0.271478552557124,4.25515808671004));
#9308=CARTESIAN_POINT('Ctrl Pts',(14.45,-0.649971482833072,4.00854866163491));
#9309=CARTESIAN_POINT('Ctrl Pts',(22.1740686807495,-0.649971482833072,4.00854866163491));
#9310=CARTESIAN_POINT('Ctrl Pts',(14.45,-1.30189869005452,3.68269886884899));
#9311=CARTESIAN_POINT('Ctrl Pts',(22.1740686807495,-1.30189869005452,3.68269886884899));
#9312=CARTESIAN_POINT('Ctrl Pts',(14.45,-2.20338836260029,3.31811174788605));
#9313=CARTESIAN_POINT('Ctrl Pts',(22.1740686807495,-2.20338836260029,3.31811174788605));
#9314=CARTESIAN_POINT('Ctrl Pts',(14.45,-2.85411717161383,3.10541151145151));
#9315=CARTESIAN_POINT('Ctrl Pts',(22.1740686807495,-2.85411717161383,3.10541151145151));
#9316=CARTESIAN_POINT('Ctrl Pts',(14.45,-3.23091154354454,3.01917542633418));
#9317=CARTESIAN_POINT('Ctrl Pts',(22.1740686807495,-3.23091154354454,3.01917542633418));
#9318=CARTESIAN_POINT('Ctrl Pts',(14.45,-3.42057065988065,2.99999999999996));
#9319=CARTESIAN_POINT('Ctrl Pts',(22.1740686807495,-3.42057065988065,2.99999999999996));
#9320=CARTESIAN_POINT('Ctrl Pts',(14.45,-3.50000000000002,2.99999999999996));
#9321=CARTESIAN_POINT('Ctrl Pts',(22.1740686807495,-3.50000000000002,2.99999999999996));
#9322=CARTESIAN_POINT('',(18.75,-3.50000000000002,2.99999999999996));
#9323=CARTESIAN_POINT('',(14.45,-3.50000000000002,2.99999999999996));
#9324=CARTESIAN_POINT('',(18.75,-3.50000000000002,2.99999999999996));
#9325=CARTESIAN_POINT('Ctrl Pts',(14.45,-3.50000000000002,2.99999999999996));
#9326=CARTESIAN_POINT('Ctrl Pts',(14.45,-3.47292109252686,2.99999999999996));
#9327=CARTESIAN_POINT('Ctrl Pts',(14.45,-3.44369016982071,3.0013391420085));
#9328=CARTESIAN_POINT('Ctrl Pts',(14.45,-3.41233378377923,3.00400482741249));
#9329=CARTESIAN_POINT('Ctrl Pts',(14.45,-3.37975877478916,3.00677411102461));
#9330=CARTESIAN_POINT('Ctrl Pts',(14.45,-3.34489006536426,3.01097490846427));
#9331=CARTESIAN_POINT('Ctrl Pts',(14.45,-3.30780961443206,3.01656914008471));
#9332=CARTESIAN_POINT('Ctrl Pts',(14.45,-3.26895125064692,3.02243160081376));
#9333=CARTESIAN_POINT('Ctrl Pts',(14.45,-3.22766419042195,3.02982413687141));
#9334=CARTESIAN_POINT('Ctrl Pts',(14.45,-3.18409595383516,3.03867962007829));
#9335=CARTESIAN_POINT('Ctrl Pts',(14.45,-3.13780752289599,3.04808799771684));
#9336=CARTESIAN_POINT('Ctrl Pts',(14.45,-3.0889444714637,3.0591474401563));
#9337=CARTESIAN_POINT('Ctrl Pts',(14.45,-3.03773844864138,3.07175520810743));
#9338=CARTESIAN_POINT('Ctrl Pts',(14.45,-2.98054234547405,3.08583783270307));
#9339=CARTESIAN_POINT('Ctrl Pts',(14.45,-2.92042325082939,3.10185185368642));
#9340=CARTESIAN_POINT('Ctrl Pts',(14.45,-2.85776678844926,3.11963204787623));
#9341=CARTESIAN_POINT('Ctrl Pts',(14.45,-2.79083717515789,3.13862484568453));
#9342=CARTESIAN_POINT('Ctrl Pts',(14.45,-2.72101263262872,3.1596325666733));
#9343=CARTESIAN_POINT('Ctrl Pts',(14.45,-2.64882555816394,3.18243650880846));
#9344=CARTESIAN_POINT('Ctrl Pts',(14.45,-2.56980427577872,3.2073993815155));
#9345=CARTESIAN_POINT('Ctrl Pts',(14.45,-2.48795244250141,3.23451406002519));
#9346=CARTESIAN_POINT('Ctrl Pts',(14.45,-2.40403480491854,3.26348132901511));
#9347=CARTESIAN_POINT('Ctrl Pts',(14.45,-2.30813966273002,3.29658307566353));
#9348=CARTESIAN_POINT('Ctrl Pts',(14.45,-2.20954812124905,3.33210248849897));
#9349=CARTESIAN_POINT('Ctrl Pts',(14.45,-2.10947183272487,3.36959479030887));
#9350=CARTESIAN_POINT('Ctrl Pts',(14.45,-1.99732916193723,3.41160760793972));
#9351=CARTESIAN_POINT('Ctrl Pts',(14.45,-1.88332449218069,3.45609586194624));
#9352=CARTESIAN_POINT('Ctrl Pts',(14.45,-1.76921246145778,3.50246765127429));
#9353=CARTESIAN_POINT('Ctrl Pts',(14.45,-1.66550709853357,3.54461047540286));
#9354=CARTESIAN_POINT('Ctrl Pts',(14.45,-1.5617155255972,3.58830880874021));
#9355=CARTESIAN_POINT('Ctrl Pts',(14.45,-1.45915712419264,3.63315607531662));
#9356=CARTESIAN_POINT('Ctrl Pts',(14.45,-1.36703500155554,3.67343971210218));
#9357=CARTESIAN_POINT('Ctrl Pts',(14.45,-1.27590895865251,3.71465049625789));
#9358=CARTESIAN_POINT('Ctrl Pts',(14.45,-1.186714996372,3.75652533946618));
#9359=CARTESIAN_POINT('Ctrl Pts',(14.45,-1.10541623364266,3.7946935389191));
#9360=CARTESIAN_POINT('Ctrl Pts',(14.45,-1.02572359310007,3.83341370132886));
#9361=CARTESIAN_POINT('Ctrl Pts',(14.45,-0.948314310018448,3.8725114097982));
#9362=CARTESIAN_POINT('Ctrl Pts',(14.45,-0.875907705231083,3.90908237664524));
#9363=CARTESIAN_POINT('Ctrl Pts',(14.45,-0.805499438966647,3.94598380936311));
#9364=CARTESIAN_POINT('Ctrl Pts',(14.45,-0.737604459272583,3.98309308776203));
#9365=CARTESIAN_POINT('Ctrl Pts',(14.45,-0.673085259796206,4.01835726997745));
#9366=CARTESIAN_POINT('Ctrl Pts',(14.45,-0.610836033147458,4.05380922614794));
#9367=CARTESIAN_POINT('Ctrl Pts',(14.45,-0.551255184877267,4.08936103032591));
#9368=CARTESIAN_POINT('Ctrl Pts',(14.45,-0.494049796442443,4.12349540112804));
#9369=CARTESIAN_POINT('Ctrl Pts',(14.45,-0.439304863262416,4.15772185662711));
#9370=CARTESIAN_POINT('Ctrl Pts',(14.45,-0.387325514898542,4.19197807379369));
#9371=CARTESIAN_POINT('Ctrl Pts',(14.45,-0.340515852455,4.22282728627198));
#9372=CARTESIAN_POINT('Ctrl Pts',(14.45,-0.29594907014382,4.25370078846924));
#9373=CARTESIAN_POINT('Ctrl Pts',(14.45,-0.253804285082445,4.28456435133146));
#9374=CARTESIAN_POINT('Ctrl Pts',(14.45,-0.213157190626304,4.31433112207396));
#9375=CARTESIAN_POINT('Ctrl Pts',(14.45,-0.174763368877963,4.34408866846485));
#9376=CARTESIAN_POINT('Ctrl Pts',(14.45,-0.138737162267382,4.37381633020515));
#9377=CARTESIAN_POINT('Ctrl Pts',(14.45,-0.104257894521216,4.40226750797389));
#9378=CARTESIAN_POINT('Ctrl Pts',(14.45,-0.071947450908213,4.43069134643559));
#9379=CARTESIAN_POINT('Ctrl Pts',(14.45,-0.0418592280580183,4.45907869078627));
#9380=CARTESIAN_POINT('Ctrl Pts',(14.45,-0.027392605919446,4.47272751897675));
#9381=CARTESIAN_POINT('Ctrl Pts',(14.45,-0.0134389803690107,4.48636804336745));
#9382=CARTESIAN_POINT('Ctrl Pts',(14.45,0.,4.5));
#9383=CARTESIAN_POINT('',(16.3463646548194,-0.977400710170665,3.85789172392652));
#9384=CARTESIAN_POINT('',(16.29,-1.325,3.6928135211098));
#9385=CARTESIAN_POINT('Ctrl Pts',(16.3463646548194,-0.977400710170665,3.85789172392652));
#9386=CARTESIAN_POINT('Ctrl Pts',(16.3608683012859,-0.93385482693871,3.87967381559888));
#9387=CARTESIAN_POINT('Ctrl Pts',(16.3780788911349,-0.891220535399022,3.90146960250614));
#9388=CARTESIAN_POINT('Ctrl Pts',(16.3978888698734,-0.849816578994556,3.92312237075692));
#9389=CARTESIAN_POINT('Ctrl Pts',(16.417138808216,-0.809583138138925,3.94416300180841));
#9390=CARTESIAN_POINT('Ctrl Pts',(16.4388432402776,-0.77051177262793,3.96506844060692));
#9391=CARTESIAN_POINT('Ctrl Pts',(16.4629034780103,-0.732846663299013,3.98569614517635));
#9392=CARTESIAN_POINT('Ctrl Pts',(16.486539048921,-0.695846348826034,4.00595976765145));
#9393=CARTESIAN_POINT('Ctrl Pts',(16.5124479987516,-0.660203201356806,4.02595528880143));
#9394=CARTESIAN_POINT('Ctrl Pts',(16.5405367733416,-0.626098172196224,4.0455504779497));
#9395=CARTESIAN_POINT('Ctrl Pts',(16.555881762893,-0.607466483069137,4.0562553939572));
#9396=CARTESIAN_POINT('Ctrl Pts',(16.5718773151894,-0.589292937574584,4.06684089128733));
#9397=CARTESIAN_POINT('Ctrl Pts',(16.5885081769058,-0.571600466211182,4.07728589357962));
#9398=CARTESIAN_POINT('Ctrl Pts',(16.6144749138057,-0.54397617609118,4.09359428643779));
#9399=CARTESIAN_POINT('Ctrl Pts',(16.6419758376685,-0.517541084317858,4.10955252293354));
#9400=CARTESIAN_POINT('Ctrl Pts',(16.6709141789401,-0.492512962295852,4.1249826456636));
#9401=CARTESIAN_POINT('Ctrl Pts',(16.7005508214991,-0.466880895159419,4.1407851074461));
#9402=CARTESIAN_POINT('Ctrl Pts',(16.7316950901218,-0.44272437215155,4.15603360520749));
#9403=CARTESIAN_POINT('Ctrl Pts',(16.7642430395107,-0.420221125017056,4.17053925362493));
#9404=CARTESIAN_POINT('Ctrl Pts',(16.7998147796879,-0.395627266563855,4.18639251523728));
#9405=CARTESIAN_POINT('Ctrl Pts',(16.8370631269926,-0.373007923136632,4.20135843348845));
#9406=CARTESIAN_POINT('Ctrl Pts',(16.8758523909744,-0.352530186408782,4.21519409967885));
#9407=CARTESIAN_POINT('Ctrl Pts',(16.8925435124442,-0.343718562880349,4.22114762292974));
#9408=CARTESIAN_POINT('Ctrl Pts',(16.9095199505619,-0.335302738536609,4.22689191664544));
#9409=CARTESIAN_POINT('Ctrl Pts',(16.9267708941942,-0.327293231688613,4.23240783387886));
#9410=CARTESIAN_POINT('Ctrl Pts',(16.9879093429927,-0.298907026576255,4.2519565977344));
#9411=CARTESIAN_POINT('Ctrl Pts',(17.0522208748744,-0.275882888792894,4.26846108440792));
#9412=CARTESIAN_POINT('Ctrl Pts',(17.1190001658425,-0.258906355622978,4.2808365529418));
#9413=CARTESIAN_POINT('Ctrl Pts',(17.1419761578758,-0.25306543270795,4.28509443981542));
#9414=CARTESIAN_POINT('Ctrl Pts',(17.1652442742169,-0.247940221063591,4.28886365924974));
#9415=CARTESIAN_POINT('Ctrl Pts',(17.1887757881444,-0.243561690819539,4.29210028829409));
#9416=CARTESIAN_POINT('Ctrl Pts',(17.2251248211474,-0.236798193118705,4.2970998958975));
#9417=CARTESIAN_POINT('Ctrl Pts',(17.2618541145616,-0.231862592398904,4.30079224370121));
#9418=CARTESIAN_POINT('Ctrl Pts',(17.2988676894992,-0.228784128687019,4.30309966315264));
#9419=CARTESIAN_POINT('Ctrl Pts',(17.3189508858371,-0.227113785002324,4.30435164591721));
#9420=CARTESIAN_POINT('Ctrl Pts',(17.3391177757724,-0.225990999691529,4.30519589998455));
#9421=CARTESIAN_POINT('Ctrl Pts',(17.3593530275768,-0.225427008752354,4.30561999443194));
#9422=CARTESIAN_POINT('Ctrl Pts',(17.39532511642,-0.224424405356712,4.30637390465195));
#9423=CARTESIAN_POINT('Ctrl Pts',(17.4312364608261,-0.225191945206898,4.30579450416565));
#9424=CARTESIAN_POINT('Ctrl Pts',(17.4670049238472,-0.227700632423103,4.30391220335185));
#9425=CARTESIAN_POINT('Ctrl Pts',(17.4843128472519,-0.2289145555978,4.30300138092454));
#9426=CARTESIAN_POINT('Ctrl Pts',(17.5015873153494,-0.230536966540649,4.30178548261517));
#9427=CARTESIAN_POINT('Ctrl Pts',(17.5188190219345,-0.232568922271139,4.30026793064306));
#9428=CARTESIAN_POINT('Ctrl Pts',(17.5596314021247,-0.237381501303446,4.29667368954231));
#9429=CARTESIAN_POINT('Ctrl Pts',(17.5998615216297,-0.244448221631884,4.29141699703581));
#9430=CARTESIAN_POINT('Ctrl Pts',(17.6393676073273,-0.253642501973368,4.28468283735323));
#9431=CARTESIAN_POINT('Ctrl Pts',(17.6700311216474,-0.260778844183345,4.2794559717143));
#9432=CARTESIAN_POINT('Ctrl Pts',(17.7002584469795,-0.269198606660461,4.27333900336379));
#9433=CARTESIAN_POINT('Ctrl Pts',(17.729983290322,-0.278858822954042,4.26641868029701));
#9434=CARTESIAN_POINT('Ctrl Pts',(17.7789730703932,-0.294779911795787,4.2550132339787));
#9435=CARTESIAN_POINT('Ctrl Pts',(17.8262859132737,-0.313912182375159,4.24154160389834));
#9436=CARTESIAN_POINT('Ctrl Pts',(17.8716758145923,-0.335997871553206,4.22643326825147));
#9437=CARTESIAN_POINT('Ctrl Pts',(17.9094812547828,-0.354393135191881,4.21384947178828));
#9438=CARTESIAN_POINT('Ctrl Pts',(17.9459526938125,-0.37483875606089,4.20013028573725));
#9439=CARTESIAN_POINT('Ctrl Pts',(17.9809479878534,-0.397147529366115,4.18552686948914));
#9440=CARTESIAN_POINT('Ctrl Pts',(18.0131867878291,-0.417699094940824,4.17207372876592));
#9441=CARTESIAN_POINT('Ctrl Pts',(18.0441728290167,-0.439832228364029,4.15787020672362));
#9442=CARTESIAN_POINT('Ctrl Pts',(18.0737949803019,-0.46335416538171,4.14311496067679));
#9443=CARTESIAN_POINT('Ctrl Pts',(18.0807690852764,-0.468892063570952,4.13964105245643));
#9444=CARTESIAN_POINT('Ctrl Pts',(18.0876675900267,-0.474506716863843,4.1361365713942));
#9445=CARTESIAN_POINT('Ctrl Pts',(18.0944890442747,-0.480195178460192,4.13260412605321));
#9446=CARTESIAN_POINT('Ctrl Pts',(18.127083617254,-0.507376036075194,4.11572524022088));
#9447=CARTESIAN_POINT('Ctrl Pts',(18.1578993718287,-0.536225385392803,4.09822035548803));
#9448=CARTESIAN_POINT('Ctrl Pts',(18.1868445627507,-0.566614290264705,4.08023336001494));
#9449=CARTESIAN_POINT('Ctrl Pts',(18.2156295515141,-0.59683500249381,4.06234591667502));
#9450=CARTESIAN_POINT('Ctrl Pts',(18.2425646252398,-0.628578379081538,4.04398172800484));
#9451=CARTESIAN_POINT('Ctrl Pts',(18.2675595536038,-0.66166615766382,4.02528558288219));
#9452=CARTESIAN_POINT('Ctrl Pts',(18.2929010420321,-0.695212705421377,4.00633021168134));
#9453=CARTESIAN_POINT('Ctrl Pts',(18.3162482110506,-0.730141179360027,3.98703369508114));
#9454=CARTESIAN_POINT('Ctrl Pts',(18.3375070248674,-0.76621180286987,3.96754939499254));
#9455=CARTESIAN_POINT('Ctrl Pts',(18.3445239453211,-0.778117673915468,3.96111819026981));
#9456=CARTESIAN_POINT('Ctrl Pts',(18.3513133458593,-0.790147550775364,3.95466654112611));
#9457=CARTESIAN_POINT('Ctrl Pts',(18.3578718449321,-0.802291580527303,3.94819999234134));
#9458=CARTESIAN_POINT('Ctrl Pts',(18.3819166044674,-0.846814004321022,3.92449234081552));
#9459=CARTESIAN_POINT('Ctrl Pts',(18.4028149939763,-0.892828055316473,3.90060903782155));
#9460=CARTESIAN_POINT('Ctrl Pts',(18.4204550231866,-0.940038057530581,3.87669741496774));
#9461=CARTESIAN_POINT('Ctrl Pts',(18.4399772089634,-0.992285274514239,3.85023446878933));
#9462=CARTESIAN_POINT('Ctrl Pts',(18.4555086184061,-1.04599720622555,3.82373708504265));
#9463=CARTESIAN_POINT('Ctrl Pts',(18.4668974529291,-1.10070313334881,3.79740729152926));
#9464=CARTESIAN_POINT('Ctrl Pts',(18.477247983553,-1.15042159864537,3.77347794796635));
#9465=CARTESIAN_POINT('Ctrl Pts',(18.4841768527402,-1.20095925236014,3.74968729035739));
#9466=CARTESIAN_POINT('Ctrl Pts',(18.4875701096012,-1.25192569186069,3.72618495192431));
#9467=CARTESIAN_POINT('Ctrl Pts',(18.4926875954063,-1.32878990855957,3.69074027790053));
#9468=CARTESIAN_POINT('Ctrl Pts',(18.4897369091132,-1.40627915840839,3.65611405851442));
#9469=CARTESIAN_POINT('Ctrl Pts',(18.4785943580479,-1.48304778060265,3.62273949137116));
#9470=CARTESIAN_POINT('Ctrl Pts',(18.4698595443858,-1.54322786019453,3.59657666534123));
#9471=CARTESIAN_POINT('Ctrl Pts',(18.4560906427855,-1.60296304098051,3.571182613706));
#9472=CARTESIAN_POINT('Ctrl Pts',(18.4372280663165,-1.66162828411231,3.54673821296958));
#9473=CARTESIAN_POINT('Ctrl Pts',(18.4320286273084,-1.67779926446944,3.54000015303752));
#9474=CARTESIAN_POINT('Ctrl Pts',(18.4264421604927,-1.693889183666,3.53333407376103));
#9475=CARTESIAN_POINT('Ctrl Pts',(18.4204674178614,-1.70988556835262,3.52674333919537));
#9476=CARTESIAN_POINT('Ctrl Pts',(18.4024481771117,-1.75812910361074,3.50686632688136));
#9477=CARTESIAN_POINT('Ctrl Pts',(18.3810001103905,-1.80524744457621,3.48778840358748));
#9478=CARTESIAN_POINT('Ctrl Pts',(18.3562211980633,-1.85080197536968,3.46962473152188));
#9479=CARTESIAN_POINT('Ctrl Pts',(18.3321392455533,-1.89507518771628,3.4519719515163));
#9480=CARTESIAN_POINT('Ctrl Pts',(18.3049111865758,-1.93787103162158,3.43518265199974));
#9481=CARTESIAN_POINT('Ctrl Pts',(18.2746269641422,-1.97882966418015,3.41933804096482));
#9482=CARTESIAN_POINT('Ctrl Pts',(18.248422965781,-2.01426989853962,3.40562819048069));
#9483=CARTESIAN_POINT('Ctrl Pts',(18.2199308471373,-2.04833528941706,3.39262518636389));
#9484=CARTESIAN_POINT('Ctrl Pts',(18.1892088749661,-2.0808208611671,3.38036721098593));
#9485=CARTESIAN_POINT('Ctrl Pts',(18.153645468706,-2.11842579028116,3.3661775178287));
#9486=CARTESIAN_POINT('Ctrl Pts',(18.1153840324104,-2.15358883908851,3.35310876518011));
#9487=CARTESIAN_POINT('Ctrl Pts',(18.0746857584138,-2.18596436987639,3.34121612477767));
#9488=CARTESIAN_POINT('Ctrl Pts',(18.0324952287465,-2.21952699202383,3.32888742509463));
#9489=CARTESIAN_POINT('Ctrl Pts',(17.9876858855384,-2.25009472074729,3.31782201621903));
#9490=CARTESIAN_POINT('Ctrl Pts',(17.940548718335,-2.2773317748244,3.30806164338444));
#9491=CARTESIAN_POINT('Ctrl Pts',(17.9091449642975,-2.2954776626172,3.30155908147848));
#9492=CARTESIAN_POINT('Ctrl Pts',(17.8767080056945,-2.31214630296013,3.29563532888761));
#9493=CARTESIAN_POINT('Ctrl Pts',(17.8433238887171,-2.32724620324474,3.29030086725049));
#9494=CARTESIAN_POINT('Ctrl Pts',(17.7890815275783,-2.35178045241927,3.28163345829082));
#9495=CARTESIAN_POINT('Ctrl Pts',(17.7328316249108,-2.37191218872959,3.27461218587563));
#9496=CARTESIAN_POINT('Ctrl Pts',(17.6751296633989,-2.38739976110756,3.26923841334849));
#9497=CARTESIAN_POINT('Ctrl Pts',(17.6399664517568,-2.39683779009444,3.26596367024206));
#9498=CARTESIAN_POINT('Ctrl Pts',(17.604264002558,-2.40455103369773,3.26330124523688));
#9499=CARTESIAN_POINT('Ctrl Pts',(17.5681480242316,-2.41047836526685,3.2612593414451));
#9500=CARTESIAN_POINT('Ctrl Pts',(17.5194001499458,-2.41847883562848,3.25850326300122));
#9501=CARTESIAN_POINT('Ctrl Pts',(17.4701696109882,-2.42317987885,3.25689247287156));
#9502=CARTESIAN_POINT('Ctrl Pts',(17.4208034170866,-2.42456465171023,3.25641755931329));
#9503=CARTESIAN_POINT('Ctrl Pts',(17.3916591349785,-2.4253821790038,3.25613718495939));
#9504=CARTESIAN_POINT('Ctrl Pts',(17.3624675722613,-2.42504316797256,3.25625333864259));
#9505=CARTESIAN_POINT('Ctrl Pts',(17.3333001313339,-2.42353772119727,3.25676980711323));
#9506=CARTESIAN_POINT('Ctrl Pts',(17.2813954765022,-2.420858717049,3.25768888389364));
#9507=CARTESIAN_POINT('Ctrl Pts',(17.2298473850277,-2.41450335455636,3.2598683211527));
#9508=CARTESIAN_POINT('Ctrl Pts',(17.1790447414428,-2.40457807615503,3.26329381483978));
#9509=CARTESIAN_POINT('Ctrl Pts',(17.1476049496801,-2.39843570512659,3.26541372043143));
#9510=CARTESIAN_POINT('Ctrl Pts',(17.1164506565203,-2.39092516889374,3.2680116700344));
#9511=CARTESIAN_POINT('Ctrl Pts',(17.0856740343255,-2.38206466529623,3.27109106662516));
#9512=CARTESIAN_POINT('Ctrl Pts',(17.0104394345679,-2.36040483409096,3.27861876633614));
#9513=CARTESIAN_POINT('Ctrl Pts',(16.9382276724224,-2.33092482412099,3.28893405199882));
#9514=CARTESIAN_POINT('Ctrl Pts',(16.8701133672655,-2.29439335622534,3.30196228283539));
#9515=CARTESIAN_POINT('Ctrl Pts',(16.8360420126441,-2.2761200053536,3.30847911468005));
#9516=CARTESIAN_POINT('Ctrl Pts',(16.8029958767803,-2.25608207115003,3.31567578766573));
#9517=CARTESIAN_POINT('Ctrl Pts',(16.7711094552126,-2.23438137960522,3.32354478899561));
#9518=CARTESIAN_POINT('Ctrl Pts',(16.7267100730347,-2.20416484071348,3.33450176629896));
#9519=CARTESIAN_POINT('Ctrl Pts',(16.6849150930524,-2.17099038260861,3.34666624583505));
#9520=CARTESIAN_POINT('Ctrl Pts',(16.6459301290817,-2.13519121012415,3.3599906718018));
#9521=CARTESIAN_POINT('Ctrl Pts',(16.608881188344,-2.10116985202226,3.37265339654812));
#9522=CARTESIAN_POINT('Ctrl Pts',(16.5743700985527,-2.06477782032161,3.38636400531319));
#9523=CARTESIAN_POINT('Ctrl Pts',(16.5425733367713,-2.02634481826477,3.40106190171087));
#9524=CARTESIAN_POINT('Ctrl Pts',(16.5272890495342,-2.00787057718135,3.4081269881454));
#9525=CARTESIAN_POINT('Ctrl Pts',(16.512631934676,-1.98892543257914,3.41541986986641));
#9526=CARTESIAN_POINT('Ctrl Pts',(16.4986215930583,-1.96954987055935,3.42293186904979));
#9527=CARTESIAN_POINT('Ctrl Pts',(16.4677933983882,-1.92691610658065,3.43946118571504));
#9528=CARTESIAN_POINT('Ctrl Pts',(16.4403048581049,-1.88249054344307,3.45693852114573));
#9529=CARTESIAN_POINT('Ctrl Pts',(16.4162080121917,-1.83663178071182,3.47528408161478));
#9530=CARTESIAN_POINT('Ctrl Pts',(16.3907900336545,-1.78825876745334,3.49463545498271));
#9531=CARTESIAN_POINT('Ctrl Pts',(16.3691458503078,-1.73829127329507,3.51495301953036));
#9532=CARTESIAN_POINT('Ctrl Pts',(16.3513365394155,-1.68720240641443,3.53611384229778));
#9533=CARTESIAN_POINT('Ctrl Pts',(16.3415562128759,-1.65914596988786,3.54773471621951));
#9534=CARTESIAN_POINT('Ctrl Pts',(16.3329324336479,-1.63075223792124,3.55960938280919));
#9535=CARTESIAN_POINT('Ctrl Pts',(16.3254753174864,-1.60210503481408,3.57171391376021));
#9536=CARTESIAN_POINT('Ctrl Pts',(16.3076064382425,-1.53346007851886,3.60071901401375));
#9537=CARTESIAN_POINT('Ctrl Pts',(16.2965412090313,-1.46373565981524,3.63088673971191));
#9538=CARTESIAN_POINT('Ctrl Pts',(16.2921591731381,-1.39389737327094,3.66192451256201));
#9539=CARTESIAN_POINT('Ctrl Pts',(16.2907181962837,-1.37093193964263,3.67213089000381));
#9540=CARTESIAN_POINT('Ctrl Pts',(16.289999899657,-1.34795451902878,3.68243099885568));
#9541=CARTESIAN_POINT('Ctrl Pts',(16.29,-1.32500000000001,3.6928135211098));
#9542=CARTESIAN_POINT('Ctrl Pts',(16.29,-1.32500000000001,3.6928135211098));
#9543=CARTESIAN_POINT('Ctrl Pts',(16.2900000286808,-1.31124924544059,3.69903310319057));
#9544=CARTESIAN_POINT('Ctrl Pts',(16.2902578438796,-1.29750670944307,3.70528225249013));
#9545=CARTESIAN_POINT('Ctrl Pts',(16.2907725889597,-1.28377987372303,3.71155847652954));
#9546=CARTESIAN_POINT('Ctrl Pts',(16.2930194849502,-1.22386133669745,3.73895460555421));
#9547=CARTESIAN_POINT('Ctrl Pts',(16.3001535110018,-1.16441284279196,3.76679044382364));
#9548=CARTESIAN_POINT('Ctrl Pts',(16.3120143317593,-1.10602393965269,3.79484842936797));
#9549=CARTESIAN_POINT('Ctrl Pts',(16.3208584628333,-1.0624857121394,3.81577012668571));
#9550=CARTESIAN_POINT('Ctrl Pts',(16.3323307284572,-1.01953630138701,3.83681507459887));
#9551=CARTESIAN_POINT('Ctrl Pts',(16.3463646548194,-0.977400710170665,3.85789172392652));
#9552=CARTESIAN_POINT('Origin',(25.100000000002,-0.573159574128888,3.));
#9553=CARTESIAN_POINT('Origin',(21.7325063693006,4.70089931738952,-1.81));
#9554=CARTESIAN_POINT('',(20.5235607232142,4.19636941261796,-1.));
#9555=CARTESIAN_POINT('',(21.2710767333898,4.50833065144617,-1.81));
#9556=CARTESIAN_POINT('Origin',(20.5235607232142,4.19636941261796,-1.81));
#9557=CARTESIAN_POINT('Origin',(21.7325063693006,4.70089931738952,-1.81));
#9558=CARTESIAN_POINT('Origin',(21.7325063693006,4.70089931738952,-1.));
#9559=CARTESIAN_POINT('Origin',(10.4682944589645,-6.24500451351651E-16,
-1.81));
#9560=CARTESIAN_POINT('',(20.7866226128911,3.50000000000002,-0.999999999999965));
#9561=CARTESIAN_POINT('',(21.5536948405782,3.76019261617333,-1.81));
#9562=CARTESIAN_POINT('Origin',(20.7866226128911,3.50000000000002,-1.81));
#9563=CARTESIAN_POINT('Origin',(10.4682944589645,-6.24500451351651E-16,
-1.81));
#9564=CARTESIAN_POINT('Origin',(10.4682944589645,-6.24500451351651E-16,
-1.));
#9565=CARTESIAN_POINT('Ctrl Pts',(20.7866226128911,3.50000000000002,-0.999999999999965));
#9566=CARTESIAN_POINT('Ctrl Pts',(20.7866568129458,3.49338642214118,-0.999999999999965));
#9567=CARTESIAN_POINT('Ctrl Pts',(20.7867252084525,3.49071637419096,-1.00003408329529));
#9568=CARTESIAN_POINT('Ctrl Pts',(20.7868619787242,3.48449060958563,-1.00009992359398));
#9569=CARTESIAN_POINT('Ctrl Pts',(20.7871012692492,3.47815390417798,-1.00023077244161));
#9570=CARTESIAN_POINT('Ctrl Pts',(20.787579605832,3.46789842482739,-1.00050313377421));
#9571=CARTESIAN_POINT('Ctrl Pts',(20.7885352464605,3.45371520829431,-1.00107648219475));
#9572=CARTESIAN_POINT('Ctrl Pts',(20.7904422892542,3.4321788147095,-1.00226877528389));
#9573=CARTESIAN_POINT('Ctrl Pts',(20.7942402054312,3.40035861934129,-1.00475700801031));
#9574=CARTESIAN_POINT('Ctrl Pts',(20.8017822181318,3.35116931233746,-1.00997663072145));
#9575=CARTESIAN_POINT('Ctrl Pts',(20.8124453495831,3.29595691424128,-1.01790617004695));
#9576=CARTESIAN_POINT('Ctrl Pts',(20.8219121372253,3.25210927753065,-1.02542698006372));
#9577=CARTESIAN_POINT('Ctrl Pts',(20.8281618931515,3.22441204277297,-1.03056537196462));
#9578=CARTESIAN_POINT('Ctrl Pts',(20.8323126219172,3.20626555614806,-1.03402253893746));
#9579=CARTESIAN_POINT('Ctrl Pts',(20.8519119133294,3.12260874225339,-1.05066163068482));
#9580=CARTESIAN_POINT('Ctrl Pts',(20.9017711301886,2.92762998004318,-1.0975418589129));
#9581=CARTESIAN_POINT('Ctrl Pts',(20.9652393677311,2.68281111806788,-1.17012180766551));
#9582=CARTESIAN_POINT('Ctrl Pts',(21.0272903954983,2.42760401259042,-1.254494749911));
#9583=CARTESIAN_POINT('Ctrl Pts',(21.0762658792356,2.21279949940533,-1.33067084475692));
#9584=CARTESIAN_POINT('Ctrl Pts',(21.1211377627982,1.9999624348606,-1.41048071296332));
#9585=CARTESIAN_POINT('Ctrl Pts',(21.1619924759676,1.78823553746266,-1.49406751129661));
#9586=CARTESIAN_POINT('Ctrl Pts',(21.1988951978358,1.57687100534083,-1.58164786813833));
#9587=CARTESIAN_POINT('Ctrl Pts',(21.2373897039999,1.32998288686944,-1.68925414043286));
#9588=CARTESIAN_POINT('Ctrl Pts',(21.2748698303857,1.04720401489905,-1.82074250081412));
#9589=CARTESIAN_POINT('Ctrl Pts',(21.3084181271399,0.724942327766907,-1.98616356956106));
#9590=CARTESIAN_POINT('Ctrl Pts',(21.3293441801525,0.449380894874718,-2.14669498672771));
#9591=CARTESIAN_POINT('Ctrl Pts',(21.3403209065083,0.243080242379374,-2.28952544682105));
#9592=CARTESIAN_POINT('Ctrl Pts',(21.3448851426902,0.13071048881227,-2.37899003044785));
#9593=CARTESIAN_POINT('Ctrl Pts',(21.3469237853356,0.0697644766964919,-2.43262940446443));
#9594=CARTESIAN_POINT('Ctrl Pts',(21.348015530313,0.0325466058837687,-2.46756889038699));
#9595=CARTESIAN_POINT('Ctrl Pts',(21.3485358974302,0.0129360501305531,-2.48688100115417));
#9596=CARTESIAN_POINT('Ctrl Pts',(21.3491692495714,-0.0120024490357646,
-2.51217724027675));
#9597=CARTESIAN_POINT('Ctrl Pts',(21.3499149063793,-0.0227594495966421,
-2.52308860100683));
#9598=CARTESIAN_POINT('Ctrl Pts',(21.3513495045109,-0.0532657574564628,
-2.55403269508983));
#9599=CARTESIAN_POINT('Ctrl Pts',(21.3537111916251,-0.10170428298606,-2.60316626745796));
#9600=CARTESIAN_POINT('Ctrl Pts',(21.3590186488332,-0.23145357178105,-2.73477826286923));
#9601=CARTESIAN_POINT('Ctrl Pts',(21.3619227431973,-0.344091664355814,-2.8490326287652));
#9602=CARTESIAN_POINT('Ctrl Pts',(21.3630812878817,-0.430141952100697,-2.93631855065414));
#9603=CARTESIAN_POINT('Ctrl Pts',(21.0161300867268,3.5778494487132,-0.999999999999965));
#9604=CARTESIAN_POINT('Ctrl Pts',(21.0165505991045,3.57134358363756,-0.999354923682014));
#9605=CARTESIAN_POINT('Ctrl Pts',(21.0167676138948,3.56870454582094,-0.999143344351971));
#9606=CARTESIAN_POINT('Ctrl Pts',(21.0172538860996,3.56255654018607,-0.998630431617613));
#9607=CARTESIAN_POINT('Ctrl Pts',(21.0178352219881,3.55627674647606,-0.99819978857364));
#9608=CARTESIAN_POINT('Ctrl Pts',(21.0188542756468,3.5460942913151,-0.997589396662593));
#9609=CARTESIAN_POINT('Ctrl Pts',(21.0205160445985,3.53195073886633,-0.99702605528752));
#9610=CARTESIAN_POINT('Ctrl Pts',(21.0234282026941,3.51038587860502,-0.996627826441237));
#9611=CARTESIAN_POINT('Ctrl Pts',(21.0285614742608,3.47834542174925,-0.997067408075662));
#9612=CARTESIAN_POINT('Ctrl Pts',(21.0378966563969,3.42854363839962,-0.999661365507271));
#9613=CARTESIAN_POINT('Ctrl Pts',(21.0501744576397,3.37236148027639,-1.00542554404443));
#9614=CARTESIAN_POINT('Ctrl Pts',(21.0607036011909,3.32767072570134,-1.01164454194607));
#9615=CARTESIAN_POINT('Ctrl Pts',(21.067580768642,3.29936724894244,-1.01604034058078));
#9616=CARTESIAN_POINT('Ctrl Pts',(21.0721299182108,3.28081526775213,-1.0190341783561));
#9617=CARTESIAN_POINT('Ctrl Pts',(21.0934433924733,3.19528204932435,-1.03376166295072));
#9618=CARTESIAN_POINT('Ctrl Pts',(21.1460538423938,2.99579900850591,-1.07841211929016));
#9619=CARTESIAN_POINT('Ctrl Pts',(21.2114980192786,2.74531689427783,-1.1504536510057));
#9620=CARTESIAN_POINT('Ctrl Pts',(21.2749844940447,2.4840205497702,-1.23506295990174));
#9621=CARTESIAN_POINT('Ctrl Pts',(21.3247889509256,2.26424420930541,-1.31185050532849));
#9622=CARTESIAN_POINT('Ctrl Pts',(21.3702248557771,2.04659179401924,-1.39249170829438));
#9623=CARTESIAN_POINT('Ctrl Pts',(21.4114287001435,1.83016103318315,-1.47707061806691));
#9624=CARTESIAN_POINT('Ctrl Pts',(21.448500227917,1.61416449553746,-1.56577292229494));
#9625=CARTESIAN_POINT('Ctrl Pts',(21.4870121738751,1.36194721265137,-1.67480185129115));
#9626=CARTESIAN_POINT('Ctrl Pts',(21.5243079064909,1.07333383402107,-1.80791540012913));
#9627=CARTESIAN_POINT('Ctrl Pts',(21.557391622553,0.744559920821836,-1.97535209764727));
#9628=CARTESIAN_POINT('Ctrl Pts',(21.5777851676753,0.463953847653798,-2.13741241778607));
#9629=CARTESIAN_POINT('Ctrl Pts',(21.5883888015235,0.253912724521907,-2.28149169261311));
#9630=CARTESIAN_POINT('Ctrl Pts',(21.5928328054892,0.139535487493599,-2.37163191106543));
#9631=CARTESIAN_POINT('Ctrl Pts',(21.5948554418627,0.0774837088833842,-2.42565156920755));
#9632=CARTESIAN_POINT('Ctrl Pts',(21.5959612496442,0.03956435405401,-2.46084600137952));
#9633=CARTESIAN_POINT('Ctrl Pts',(21.5964994618303,0.0195820393599235,-2.48029309739636));
#9634=CARTESIAN_POINT('Ctrl Pts',(21.5971594993553,-0.00583321792392532,
-2.50576945024162));
#9635=CARTESIAN_POINT('Ctrl Pts',(21.5977272194368,-0.0166508654571329,
-2.51683565293842));
#9636=CARTESIAN_POINT('Ctrl Pts',(21.5989039256396,-0.0475214096451315,
-2.54812012504023));
#9637=CARTESIAN_POINT('Ctrl Pts',(21.6007622865406,-0.09646364947537,-2.59782208813171));
#9638=CARTESIAN_POINT('Ctrl Pts',(21.6048091442617,-0.227657243689218,-2.73095569939576));
#9639=CARTESIAN_POINT('Ctrl Pts',(21.6066165881514,-0.341540277915968,-2.84639280599566));
#9640=CARTESIAN_POINT('Ctrl Pts',(21.6069009801783,-0.428524009051341,-2.93467737484489));
#9641=CARTESIAN_POINT('Ctrl Pts',(21.4135199065974,3.71264496488584,-1.20337421998968));
#9642=CARTESIAN_POINT('Ctrl Pts',(21.4145554588755,3.708005811042,-1.20237953152581));
#9643=CARTESIAN_POINT('Ctrl Pts',(21.4150091258835,3.70606494225064,-1.20202599265023));
#9644=CARTESIAN_POINT('Ctrl Pts',(21.4160519113487,3.70156800893518,-1.20118297644055));
#9645=CARTESIAN_POINT('Ctrl Pts',(21.4171779845649,3.6968671808402,-1.20041620046452));
#9646=CARTESIAN_POINT('Ctrl Pts',(21.4190583357073,3.6891480020184,-1.1992639974398));
#9647=CARTESIAN_POINT('Ctrl Pts',(21.4218455411193,3.67811323862524,-1.19795868871404));
#9648=CARTESIAN_POINT('Ctrl Pts',(21.4263612053136,3.66080732831708,-1.19645780321135));
#9649=CARTESIAN_POINT('Ctrl Pts',(21.433631567561,3.6340626714938,-1.19533808598346));
#9650=CARTESIAN_POINT('Ctrl Pts',(21.4458485490033,3.5907395241366,-1.19571238350606));
#9651=CARTESIAN_POINT('Ctrl Pts',(21.4607779237102,3.53949914455703,-1.19930404086047));
#9652=CARTESIAN_POINT('Ctrl Pts',(21.47311396084,3.49757661481039,-1.20400116225578));
#9653=CARTESIAN_POINT('Ctrl Pts',(21.4810111935058,3.47076413977426,-1.2075570755964));
#9654=CARTESIAN_POINT('Ctrl Pts',(21.4862054268071,3.45312442581318,-1.21002159214325));
#9655=CARTESIAN_POINT('Ctrl Pts',(21.5103415784461,3.37118482759584,-1.2224154008996));
#9656=CARTESIAN_POINT('Ctrl Pts',(21.5678139224422,3.17417111240589,-1.2630290121653));
#9657=CARTESIAN_POINT('Ctrl Pts',(21.6368560124205,2.92077953000493,-1.33248618853897));
#9658=CARTESIAN_POINT('Ctrl Pts',(21.7028237082665,2.65501725023256,-1.41544006726091));
#9659=CARTESIAN_POINT('Ctrl Pts',(21.7540970200732,2.43056277278702,-1.49128297912902));
#9660=CARTESIAN_POINT('Ctrl Pts',(21.8005526034379,2.20793981410573,-1.57120598269195));
#9661=CARTESIAN_POINT('Ctrl Pts',(21.8424030664327,1.98648071909458,-1.65516853611868));
#9662=CARTESIAN_POINT('Ctrl Pts',(21.8798317035568,1.76563416702255,-1.74321436062912));
#9663=CARTESIAN_POINT('Ctrl Pts',(21.9184632221434,1.50820049080987,-1.85128860080009));
#9664=CARTESIAN_POINT('Ctrl Pts',(21.9554933700778,1.21436225412919,-1.98306650881911));
#9665=CARTESIAN_POINT('Ctrl Pts',(21.9878894413071,0.88236622296988,-2.14746698311496));
#9666=CARTESIAN_POINT('Ctrl Pts',(22.0073968769359,0.602418166113833,-2.30508243723281));
#9667=CARTESIAN_POINT('Ctrl Pts',(22.0174198413847,0.398731986514301,-2.4413426748882));
#9668=CARTESIAN_POINT('Ctrl Pts',(22.021674044566,0.290886686058207,-2.52428426917612));
#9669=CARTESIAN_POINT('Ctrl Pts',(22.0236710200935,0.233700816397834,-2.57288686879541));
#9670=CARTESIAN_POINT('Ctrl Pts',(22.0248014567379,0.199325647387046,-2.60404055892196));
#9671=CARTESIAN_POINT('Ctrl Pts',(22.0253676209314,0.181418522897266,-2.62106692385827));
#9672=CARTESIAN_POINT('Ctrl Pts',(22.026069567284,0.158751962553087,-2.64326732023589));
#9673=CARTESIAN_POINT('Ctrl Pts',(22.0263553760071,0.146581610875727,-2.65536358193853));
#9674=CARTESIAN_POINT('Ctrl Pts',(22.0271224043605,0.115193971577266,-2.68637670733352));
#9675=CARTESIAN_POINT('Ctrl Pts',(22.0281691499949,0.0641484255802721,-2.73689683368848));
#9676=CARTESIAN_POINT('Ctrl Pts',(22.0302220395524,-0.0711526544405778,
-2.87071863258912));
#9677=CARTESIAN_POINT('Ctrl Pts',(22.030063287722,-0.189241739770728,-2.98764034816616));
#9678=CARTESIAN_POINT('Ctrl Pts',(22.0289611390567,-0.279012919722758,-3.0764699621992));
#9679=CARTESIAN_POINT('Ctrl Pts',(21.5536948405782,3.76019261617333,-1.62823642504227));
#9680=CARTESIAN_POINT('Ctrl Pts',(21.5541803620077,3.75877804700523,-1.62794014853562));
#9681=CARTESIAN_POINT('Ctrl Pts',(21.5544248306141,3.75806362761631,-1.62783586994211));
#9682=CARTESIAN_POINT('Ctrl Pts',(21.5549746100282,3.75645748913334,-1.62758830810627));
#9683=CARTESIAN_POINT('Ctrl Pts',(21.5556227911971,3.75456005566412,-1.62736918707334));
#9684=CARTESIAN_POINT('Ctrl Pts',(21.5567520239181,3.75125026830162,-1.62705287376737));
#9685=CARTESIAN_POINT('Ctrl Pts',(21.5585726266278,3.74590074139332,-1.62674103746897));
#9686=CARTESIAN_POINT('Ctrl Pts',(21.5617358971496,3.73657869273185,-1.62651097958531));
#9687=CARTESIAN_POINT('Ctrl Pts',(21.5672617467471,3.72021712133253,-1.62678031295618));
#9688=CARTESIAN_POINT('Ctrl Pts',(21.5772391431528,3.69046350427897,-1.62854008507173));
#9689=CARTESIAN_POINT('Ctrl Pts',(21.5902878338939,3.65104550657461,-1.63277500410246));
#9690=CARTESIAN_POINT('Ctrl Pts',(21.6014534373586,3.61679708532865,-1.63762530128359));
#9691=CARTESIAN_POINT('Ctrl Pts',(21.6087276648801,3.59432563493589,-1.64117649061406));
#9692=CARTESIAN_POINT('Ctrl Pts',(21.6135370588796,3.57941897402439,-1.64361867131223));
#9693=CARTESIAN_POINT('Ctrl Pts',(21.6360630992575,3.50919721869335,-1.65574687194902));
#9694=CARTESIAN_POINT('Ctrl Pts',(21.6915705057955,3.33035554944362,-1.6943283054858));
#9695=CARTESIAN_POINT('Ctrl Pts',(21.7604524916821,3.0891824686443,-1.76027385765312));
#9696=CARTESIAN_POINT('Ctrl Pts',(21.8271816112212,2.83225585451686,-1.83934769362552));
#9697=CARTESIAN_POINT('Ctrl Pts',(21.8795018556526,2.61348892108527,-1.91175596302483));
#9698=CARTESIAN_POINT('Ctrl Pts',(21.9272120691362,2.39569415218357,-1.98811382095469));
#9699=CARTESIAN_POINT('Ctrl Pts',(21.9704588377388,2.17865743878697,-2.06829067758696));
#9700=CARTESIAN_POINT('Ctrl Pts',(22.0093559138734,1.96225285929812,-2.15226252243618));
#9701=CARTESIAN_POINT('Ctrl Pts',(22.0497486355777,1.71054418549193,-2.25501342854927));
#9702=CARTESIAN_POINT('Ctrl Pts',(22.0888310392655,1.42467430737743,-2.37969618069122));
#9703=CARTESIAN_POINT('Ctrl Pts',(22.1234741372406,1.10618067540272,-2.53301210205194));
#9704=CARTESIAN_POINT('Ctrl Pts',(22.144786562876,0.844577163629342,-2.67668101456792));
#9705=CARTESIAN_POINT('Ctrl Pts',(22.1558646041251,0.665267524787372,-2.79377935081049));
#9706=CARTESIAN_POINT('Ctrl Pts',(22.1605101296062,0.576652251010951,-2.86033078440851));
#9707=CARTESIAN_POINT('Ctrl Pts',(22.1626282870828,0.532493804628264,-2.89697332687838));
#9708=CARTESIAN_POINT('Ctrl Pts',(22.1637891908814,0.507182106540413,-2.9193632049788));
#9709=CARTESIAN_POINT('Ctrl Pts',(22.1643550223699,0.494480678251604,-2.93115882260941));
#9710=CARTESIAN_POINT('Ctrl Pts',(22.1650494251755,0.478650888804611,-2.94629568894786));
#9711=CARTESIAN_POINT('Ctrl Pts',(22.1656262662227,0.464152261612947,-2.96010301107035));
#9712=CARTESIAN_POINT('Ctrl Pts',(22.166832798545,0.433047171132194,-2.98976071517663));
#9713=CARTESIAN_POINT('Ctrl Pts',(22.1687253843736,0.379774558900553,-3.04054099072557));
#9714=CARTESIAN_POINT('Ctrl Pts',(22.1728350893691,0.241567820729319,-3.17230002693646));
#9715=CARTESIAN_POINT('Ctrl Pts',(22.1745606926635,0.119389907437985,-3.28884040961867));
#9716=CARTESIAN_POINT('Ctrl Pts',(22.1747609977894,0.0273757478077872,-3.37658614112658));
#9717=CARTESIAN_POINT('Ctrl Pts',(21.5536948405782,3.76019261617333,-1.80999999999996));
#9718=CARTESIAN_POINT('Ctrl Pts',(21.5537315830905,3.76008429580206,-1.80999999999996));
#9719=CARTESIAN_POINT('Ctrl Pts',(21.5538050631703,3.75986765919851,-1.81000140865655));
#9720=CARTESIAN_POINT('Ctrl Pts',(21.5539520010463,3.75943440994304,-1.81000634923371));
#9721=CARTESIAN_POINT('Ctrl Pts',(21.5542090806078,3.75867629613625,-1.81001936231937));
#9722=CARTESIAN_POINT('Ctrl Pts',(21.5547229770897,3.75716040485713,-1.81005727165023));
#9723=CARTESIAN_POINT('Ctrl Pts',(21.5557496607568,3.75413014217948,-1.81016615108484));
#9724=CARTESIAN_POINT('Ctrl Pts',(21.5577984745372,3.74807605901696,-1.81047383433156));
#9725=CARTESIAN_POINT('Ctrl Pts',(21.5618787306418,3.73599128590448,-1.81133007622249));
#9726=CARTESIAN_POINT('Ctrl Pts',(21.569981422204,3.71188171307615,-1.81367364196035));
#9727=CARTESIAN_POINT('Ctrl Pts',(21.5814372588178,3.67747699805818,-1.8181784101921));
#9728=CARTESIAN_POINT('Ctrl Pts',(21.5916078145296,3.64654955557492,-1.82309322696868));
#9729=CARTESIAN_POINT('Ctrl Pts',(21.5983221819829,3.62597186344468,-1.82664019506395));
#9730=CARTESIAN_POINT('Ctrl Pts',(21.6027814790277,3.61226242030764,-1.82907135693695));
#9731=CARTESIAN_POINT('Ctrl Pts',(21.6238377964134,3.54722149383643,-1.84108127383796));
#9732=CARTESIAN_POINT('Ctrl Pts',(21.6774035847226,3.37693364333928,-1.87879816133193));
#9733=CARTESIAN_POINT('Ctrl Pts',(21.7455900984851,3.1423228327902,-1.94324543934317));
#9734=CARTESIAN_POINT('Ctrl Pts',(21.8122540460384,2.89070829902103,-2.02066168319389));
#9735=CARTESIAN_POINT('Ctrl Pts',(21.8648704038448,2.6757076259621,-2.09160230178381));
#9736=CARTESIAN_POINT('Ctrl Pts',(21.9130780967722,2.46131339458983,-2.16643644864847));
#9737=CARTESIAN_POINT('Ctrl Pts',(21.9569699798566,2.24750163540407,-2.24499515436707));
#9738=CARTESIAN_POINT('Ctrl Pts',(21.9966160776525,2.03433242630389,-2.32722704169654));
#9739=CARTESIAN_POINT('Ctrl Pts',(22.0379722941786,1.78662067355242,-2.42770539507392));
#9740=CARTESIAN_POINT('Ctrl Pts',(22.0782387211755,1.50586731780156,-2.54935212206057));
#9741=CARTESIAN_POINT('Ctrl Pts',(22.114281023387,1.19503602416123,-2.69793214630381));
#9742=CARTESIAN_POINT('Ctrl Pts',(22.1367627348223,0.942768079216716,-2.83562543183538));
#9743=CARTESIAN_POINT('Ctrl Pts',(22.1485554792203,0.7748724537803,-2.94453094932508));
#9744=CARTESIAN_POINT('Ctrl Pts',(22.1534590241316,0.694943775511806,-3.00407546273343));
#9745=CARTESIAN_POINT('Ctrl Pts',(22.1556492209951,0.656575594135247,-3.0356057040391));
#9746=CARTESIAN_POINT('Ctrl Pts',(22.1568221271102,0.635260238611784,-3.05425066858235));
#9747=CARTESIAN_POINT('Ctrl Pts',(22.1573811787078,0.624843042181344,-3.06381078077595));
#9748=CARTESIAN_POINT('Ctrl Pts',(22.1580616147206,0.612008146943757,-3.07592897174905));
#9749=CARTESIAN_POINT('Ctrl Pts',(22.158862704213,0.596609615893389,-3.09046770549104));
#9750=CARTESIAN_POINT('Ctrl Pts',(22.1604039514421,0.565811055109613,-3.11954661542228));
#9751=CARTESIAN_POINT('Ctrl Pts',(22.1629412081416,0.511909742225186,-3.17043827095715));
#9752=CARTESIAN_POINT('Ctrl Pts',(22.1686432256858,0.373288708345709,-3.30131974220959));
#9753=CARTESIAN_POINT('Ctrl Pts',(22.1717632125957,0.250034642201393,-3.41769175549249));
#9754=CARTESIAN_POINT('Ctrl Pts',(22.1730078843578,0.157587311744851,-3.50497767738143));
#9755=CARTESIAN_POINT('Ctrl Pts',(22.1696465439527,0.321729355087667,-3.35000019139064));
#9756=CARTESIAN_POINT('Ctrl Pts',(22.1686092951056,0.359454238303377,-3.31438165445187));
#9757=CARTESIAN_POINT('Ctrl Pts',(22.1663933032571,0.427986290525639,-3.24967606426758));
#9758=CARTESIAN_POINT('Ctrl Pts',(22.1629412081416,0.511909742225186,-3.17043827095715));
#9759=CARTESIAN_POINT('Ctrl Pts',(22.1604039514421,0.565811055109613,-3.11954661542228));
#9760=CARTESIAN_POINT('Ctrl Pts',(22.158862704213,0.596609615893389,-3.09046770549104));
#9761=CARTESIAN_POINT('Ctrl Pts',(22.1580616147206,0.612008146943757,-3.07592897174905));
#9762=CARTESIAN_POINT('Ctrl Pts',(22.1573811787078,0.624843042181344,-3.06381078077595));
#9763=CARTESIAN_POINT('Ctrl Pts',(22.1568221271102,0.635260238611784,-3.05425066858235));
#9764=CARTESIAN_POINT('Ctrl Pts',(22.1556492209951,0.656575594135247,-3.0356057040391));
#9765=CARTESIAN_POINT('Ctrl Pts',(22.1534590241316,0.694943775511806,-3.00407546273343));
#9766=CARTESIAN_POINT('Ctrl Pts',(22.1485554792203,0.7748724537803,-2.94453094932508));
#9767=CARTESIAN_POINT('Ctrl Pts',(22.1367627348223,0.942768079216716,-2.83562543183538));
#9768=CARTESIAN_POINT('Ctrl Pts',(22.114281023387,1.19503602416123,-2.69793214630381));
#9769=CARTESIAN_POINT('Ctrl Pts',(22.0782387211755,1.50586731780156,-2.54935212206057));
#9770=CARTESIAN_POINT('Ctrl Pts',(22.0379722941786,1.78662067355242,-2.42770539507392));
#9771=CARTESIAN_POINT('Ctrl Pts',(21.9966160776525,2.03433242630389,-2.32722704169654));
#9772=CARTESIAN_POINT('Ctrl Pts',(21.9569699798566,2.24750163540407,-2.24499515436707));
#9773=CARTESIAN_POINT('Ctrl Pts',(21.9130780967722,2.46131339458983,-2.16643644864847));
#9774=CARTESIAN_POINT('Ctrl Pts',(21.8648704038448,2.6757076259621,-2.09160230178381));
#9775=CARTESIAN_POINT('Ctrl Pts',(21.8122540460384,2.89070829902103,-2.02066168319389));
#9776=CARTESIAN_POINT('Ctrl Pts',(21.7455900984851,3.1423228327902,-1.94324543934317));
#9777=CARTESIAN_POINT('Ctrl Pts',(21.6774035847226,3.37693364333928,-1.87879816133193));
#9778=CARTESIAN_POINT('Ctrl Pts',(21.6238377964134,3.54722149383643,-1.84108127383796));
#9779=CARTESIAN_POINT('Ctrl Pts',(21.6027814790277,3.61226242030764,-1.82907135693695));
#9780=CARTESIAN_POINT('Ctrl Pts',(21.5983221819829,3.62597186344468,-1.82664019506395));
#9781=CARTESIAN_POINT('Ctrl Pts',(21.5916078145296,3.64654955557492,-1.82309322696868));
#9782=CARTESIAN_POINT('Ctrl Pts',(21.5814372588178,3.67747699805818,-1.8181784101921));
#9783=CARTESIAN_POINT('Ctrl Pts',(21.569981422204,3.71188171307615,-1.81367364196035));
#9784=CARTESIAN_POINT('Ctrl Pts',(21.5618787306418,3.73599128590448,-1.81133007622249));
#9785=CARTESIAN_POINT('Ctrl Pts',(21.5577984745372,3.74807605901696,-1.81047383433156));
#9786=CARTESIAN_POINT('Ctrl Pts',(21.5557496607568,3.75413014217948,-1.81016615108484));
#9787=CARTESIAN_POINT('Ctrl Pts',(21.5547229770897,3.75716040485713,-1.81005727165023));
#9788=CARTESIAN_POINT('Ctrl Pts',(21.5542090806078,3.75867629613625,-1.81001936231937));
#9789=CARTESIAN_POINT('Ctrl Pts',(21.5539520010463,3.75943440994304,-1.81000634923371));
#9790=CARTESIAN_POINT('Ctrl Pts',(21.5538050631703,3.75986765919851,-1.81000140865655));
#9791=CARTESIAN_POINT('Ctrl Pts',(21.5537315830905,3.76008429580206,-1.80999999999996));
#9792=CARTESIAN_POINT('Ctrl Pts',(21.5536948405782,3.76019261617333,-1.80999999999996));
#9793=CARTESIAN_POINT('',(21.3487893509501,-1.38777878078145E-16,-2.5));
#9794=CARTESIAN_POINT('Ctrl Pts',(20.7866226128911,3.50000000000002,-0.999999999999965));
#9795=CARTESIAN_POINT('Ctrl Pts',(20.7866568129458,3.49338642214118,-0.999999999999965));
#9796=CARTESIAN_POINT('Ctrl Pts',(20.7867252084525,3.49071637419096,-1.00003408329529));
#9797=CARTESIAN_POINT('Ctrl Pts',(20.7868619787242,3.48449060958563,-1.00009992359398));
#9798=CARTESIAN_POINT('Ctrl Pts',(20.7871012692492,3.47815390417798,-1.00023077244161));
#9799=CARTESIAN_POINT('Ctrl Pts',(20.787579605832,3.46789842482739,-1.00050313377421));
#9800=CARTESIAN_POINT('Ctrl Pts',(20.7885352464605,3.45371520829431,-1.00107648219475));
#9801=CARTESIAN_POINT('Ctrl Pts',(20.7904422892542,3.4321788147095,-1.00226877528389));
#9802=CARTESIAN_POINT('Ctrl Pts',(20.7942402054312,3.40035861934129,-1.00475700801031));
#9803=CARTESIAN_POINT('Ctrl Pts',(20.8017822181318,3.35116931233746,-1.00997663072145));
#9804=CARTESIAN_POINT('Ctrl Pts',(20.8124453495831,3.29595691424128,-1.01790617004695));
#9805=CARTESIAN_POINT('Ctrl Pts',(20.8219121372253,3.25210927753065,-1.02542698006372));
#9806=CARTESIAN_POINT('Ctrl Pts',(20.8281618931515,3.22441204277297,-1.03056537196462));
#9807=CARTESIAN_POINT('Ctrl Pts',(20.8323126219172,3.20626555614806,-1.03402253893746));
#9808=CARTESIAN_POINT('Ctrl Pts',(20.8519119133294,3.12260874225339,-1.05066163068482));
#9809=CARTESIAN_POINT('Ctrl Pts',(20.9017711301886,2.92762998004318,-1.0975418589129));
#9810=CARTESIAN_POINT('Ctrl Pts',(20.9652393677311,2.68281111806788,-1.17012180766551));
#9811=CARTESIAN_POINT('Ctrl Pts',(21.0272903954983,2.42760401259042,-1.254494749911));
#9812=CARTESIAN_POINT('Ctrl Pts',(21.0762658792356,2.21279949940533,-1.33067084475692));
#9813=CARTESIAN_POINT('Ctrl Pts',(21.1211377627982,1.9999624348606,-1.41048071296332));
#9814=CARTESIAN_POINT('Ctrl Pts',(21.1619924759676,1.78823553746266,-1.49406751129661));
#9815=CARTESIAN_POINT('Ctrl Pts',(21.1988951978358,1.57687100534083,-1.58164786813833));
#9816=CARTESIAN_POINT('Ctrl Pts',(21.2373897039999,1.32998288686944,-1.68925414043286));
#9817=CARTESIAN_POINT('Ctrl Pts',(21.2748698303857,1.04720401489905,-1.82074250081412));
#9818=CARTESIAN_POINT('Ctrl Pts',(21.3084181271399,0.724942327766907,-1.98616356956106));
#9819=CARTESIAN_POINT('Ctrl Pts',(21.3293441801525,0.449380894874718,-2.14669498672771));
#9820=CARTESIAN_POINT('Ctrl Pts',(21.3403209065083,0.243080242379374,-2.28952544682105));
#9821=CARTESIAN_POINT('Ctrl Pts',(21.3448851426902,0.13071048881227,-2.37899003044785));
#9822=CARTESIAN_POINT('Ctrl Pts',(21.3469237853356,0.0697644766964919,-2.43262940446443));
#9823=CARTESIAN_POINT('Ctrl Pts',(21.348015530313,0.0325466058837687,-2.46756889038699));
#9824=CARTESIAN_POINT('Ctrl Pts',(21.3485358974302,0.0129360501305531,-2.48688100115417));
#9825=CARTESIAN_POINT('Ctrl Pts',(21.3488154641491,0.00192799642119014,
-2.49804696415174));
#9826=CARTESIAN_POINT('Ctrl Pts',(21.3488415655779,0.000944259471280792,
-2.49904481282072));
#9827=CARTESIAN_POINT('Ctrl Pts',(21.3488676334469,2.37664094599821E-6,
-2.50000020709547));
#9828=CARTESIAN_POINT('Ctrl Pts',(21.3487893509501,-1.11022302462516E-15,
-2.5));
#9829=CARTESIAN_POINT('Ctrl Pts',(21.4242940022942,-8.24417972789451E-16,
-2.5));
#9830=CARTESIAN_POINT('Ctrl Pts',(21.4981883411138,-1.36809540282007E-11,
-2.5150015690442));
#9831=CARTESIAN_POINT('Ctrl Pts',(21.6504619083903,-1.45375249502987E-11,
-2.57510611810946));
#9832=CARTESIAN_POINT('Ctrl Pts',(21.7250341520947,2.54868558644733E-15,
-2.62373809500916));
#9833=CARTESIAN_POINT('Ctrl Pts',(21.87868344536,2.91644422887681E-15,-2.76132864815784));
#9834=CARTESIAN_POINT('Ctrl Pts',(21.9506960589513,-7.71052231635025E-16,
-2.85800077860018));
#9835=CARTESIAN_POINT('Ctrl Pts',(22.0626596979871,-1.03125071846513E-15,
-3.06482931480202));
#9836=CARTESIAN_POINT('Ctrl Pts',(22.1037681122833,3.06574240502543E-15,
-3.17603446477545));
#9837=CARTESIAN_POINT('Ctrl Pts',(22.1360569873443,5.09011082824024E-15,
-3.30974405305917));
#9838=CARTESIAN_POINT('Ctrl Pts',(22.140467179753,6.21227989001342E-15,
-3.3298252843707));
#9839=CARTESIAN_POINT('Ctrl Pts',(22.1444685637864,6.69603261727048E-15,
-3.34999999999768));
#9840=CARTESIAN_POINT('Ctrl Pts',(21.3630812878817,0.430141952100692,-2.93631855065414));
#9841=CARTESIAN_POINT('Ctrl Pts',(21.3623089238918,0.372775029212502,-2.87812787074528));
#9842=CARTESIAN_POINT('Ctrl Pts',(21.3604706740634,0.286844645082563,-2.79096463343859));
#9843=CARTESIAN_POINT('Ctrl Pts',(21.3557070628974,0.142801070349818,-2.64485175253598));
#9844=CARTESIAN_POINT('Ctrl Pts',(21.3518286617255,0.057867714696625,-2.55870380709891));
#9845=CARTESIAN_POINT('Ctrl Pts',(21.3486626118352,-0.0039901117554398,
-2.49595513154235));
#9846=CARTESIAN_POINT('Ctrl Pts',(21.3481489586929,-0.0256929489771413,
-2.47424023599001));
#9847=CARTESIAN_POINT('Ctrl Pts',(21.3470693839683,-0.0617795348330873,
-2.44015231316092));
#9848=CARTESIAN_POINT('Ctrl Pts',(21.3448851413542,-0.128755910929018,-2.38096147101613));
#9849=CARTESIAN_POINT('Ctrl Pts',(21.3403210094096,-0.240839929249124,-2.29181041179691));
#9850=CARTESIAN_POINT('Ctrl Pts',(21.3324800898959,-0.389605434129054,-2.18827588818217));
#9851=CARTESIAN_POINT('Ctrl Pts',(21.3209743651056,-0.558703617508667,-2.08353359749493));
#9852=CARTESIAN_POINT('Ctrl Pts',(21.3073641307217,-0.723779952100818,-1.98963578915164));
#9853=CARTESIAN_POINT('Ctrl Pts',(21.291642631497,-0.885994561716851,-1.90354048900295));
#9854=CARTESIAN_POINT('Ctrl Pts',(21.2737924080967,-1.04661984627994,-1.82300628329655));
#9855=CARTESIAN_POINT('Ctrl Pts',(21.2537894541758,-1.20619874989788,-1.74685985867415));
#9856=CARTESIAN_POINT('Ctrl Pts',(21.2316047331237,-1.36524416552778,-1.67422718878696));
#9857=CARTESIAN_POINT('Ctrl Pts',(21.2072250198777,-1.52397630033668,-1.60460211673287));
#9858=CARTESIAN_POINT('Ctrl Pts',(21.1806484552698,-1.68254489142393,-1.53763983861277));
#9859=CARTESIAN_POINT('Ctrl Pts',(21.1518620438399,-1.84115198151708,-1.47308604389906));
#9860=CARTESIAN_POINT('Ctrl Pts',(21.1208449566519,-2.00004641733985,-1.41075875934694));
#9861=CARTESIAN_POINT('Ctrl Pts',(21.0875677299781,-2.15954885796479,-1.35054391686599));
#9862=CARTESIAN_POINT('Ctrl Pts',(21.0559469755942,-2.30222978670327,-1.29885148450424));
#9863=CARTESIAN_POINT('Ctrl Pts',(21.0184257439072,-2.46407414313597,-1.24244353785485));
#9864=CARTESIAN_POINT('Ctrl Pts',(20.9785372150043,-2.62803690070604,-1.18819066449715));
#9865=CARTESIAN_POINT('Ctrl Pts',(20.9310609473874,-2.81481537268384,-1.13106634161795));
#9866=CARTESIAN_POINT('Ctrl Pts',(20.8858180067683,-2.99006731261377,-1.08252397907787));
#9867=CARTESIAN_POINT('Ctrl Pts',(20.8519122513514,-3.12243803609431,-1.05066214480437));
#9868=CARTESIAN_POINT('Ctrl Pts',(20.8312811866416,-3.2105323126643,-1.03314598748375));
#9869=CARTESIAN_POINT('Ctrl Pts',(20.8229640604228,-3.24706881827942,-1.02626188289719));
#9870=CARTESIAN_POINT('Ctrl Pts',(20.812445849823,-3.29577147698932,-1.01790527096164));
#9871=CARTESIAN_POINT('Ctrl Pts',(20.8028485092268,-3.34566509566483,-1.01076952131818));
#9872=CARTESIAN_POINT('Ctrl Pts',(20.7963950843153,-3.38632105338248,-1.00624856841992));
#9873=CARTESIAN_POINT('Ctrl Pts',(20.7931550603206,-3.40946116370659,-1.00404604455069));
#9874=CARTESIAN_POINT('Ctrl Pts',(20.7904422951092,-3.43217916926337,-1.00226879926976));
#9875=CARTESIAN_POINT('Ctrl Pts',(20.7885352449672,-3.45371598707687,-1.00107648099458));
#9876=CARTESIAN_POINT('Ctrl Pts',(20.7875796060139,-3.46789849302566,-1.00050313483709));
#9877=CARTESIAN_POINT('Ctrl Pts',(20.7871012691878,-3.47815394949571,-1.00023077246732));
#9878=CARTESIAN_POINT('Ctrl Pts',(20.7868619787267,-3.48449061976979,-1.00009992366065));
#9879=CARTESIAN_POINT('Ctrl Pts',(20.7867252084466,-3.49071637931938,-1.00003408330212));
#9880=CARTESIAN_POINT('Ctrl Pts',(20.7866568129458,-3.49338642214156,-0.999999999999967));
#9881=CARTESIAN_POINT('Ctrl Pts',(20.7866226128911,-3.49999999999974,-0.999999999999965));
#9882=CARTESIAN_POINT('Ctrl Pts',(21.6069009801783,0.428524009051336,-2.93467737484488));
#9883=CARTESIAN_POINT('Ctrl Pts',(21.6067113852809,0.370534789870988,-2.87582092954854));
#9884=CARTESIAN_POINT('Ctrl Pts',(21.6056959539992,0.283635920832304,-2.78773869766182));
#9885=CARTESIAN_POINT('Ctrl Pts',(21.6023434672715,0.137988146847454,-2.63994499888542));
#9886=CARTESIAN_POINT('Ctrl Pts',(21.5992857626296,0.0521516539441972,-2.55288461824319));
#9887=CARTESIAN_POINT('Ctrl Pts',(21.5966717023565,-0.0104140173770886,
-2.48944109061976));
#9888=CARTESIAN_POINT('Ctrl Pts',(21.596118043568,-0.0325495052860502,-2.46757503296327));
#9889=CARTESIAN_POINT('Ctrl Pts',(21.5950369548682,-0.0693050414573264,
-2.43323460786745));
#9890=CARTESIAN_POINT('Ctrl Pts',(21.5928521773063,-0.137518429994937,-2.37362200465605));
#9891=CARTESIAN_POINT('Ctrl Pts',(21.5884110333758,-0.25159495285676,-2.28380238465097));
#9892=CARTESIAN_POINT('Ctrl Pts',(21.5808133035762,-0.402964198893119,-2.17946220588207));
#9893=CARTESIAN_POINT('Ctrl Pts',(21.5696321977655,-0.575202193523257,-2.07370439511972));
#9894=CARTESIAN_POINT('Ctrl Pts',(21.5563161370713,-0.743438090143083,-1.97881437371784));
#9895=CARTESIAN_POINT('Ctrl Pts',(21.5408470511694,-0.908850384324806,-1.8917355377699));
#9896=CARTESIAN_POINT('Ctrl Pts',(21.5232011785455,-1.07275879867944,-1.81019823524466));
#9897=CARTESIAN_POINT('Ctrl Pts',(21.5033337609021,-1.23561608622744,-1.73311291413895));
#9898=CARTESIAN_POINT('Ctrl Pts',(21.4812211447971,-1.39800972577231,-1.65954596248565));
#9899=CARTESIAN_POINT('Ctrl Pts',(21.4568385573153,-1.56013581180142,-1.58902210397313));
#9900=CARTESIAN_POINT('Ctrl Pts',(21.4301749568071,-1.72213003451871,-1.5212132635025));
#9901=CARTESIAN_POINT('Ctrl Pts',(21.4012145082597,-1.88425266561674,-1.45583912082643));
#9902=CARTESIAN_POINT('Ctrl Pts',(21.369916703366,-2.04668197738499,-1.39278122800696));
#9903=CARTESIAN_POINT('Ctrl Pts',(21.3362374536472,-2.20980345795211,-1.33191968024404));
#9904=CARTESIAN_POINT('Ctrl Pts',(21.3041332310156,-2.35572967163301,-1.27977105821065));
#9905=CARTESIAN_POINT('Ctrl Pts',(21.2659131778433,-2.52138365426246,-1.22297191593108));
#9906=CARTESIAN_POINT('Ctrl Pts',(21.2251177708837,-2.68918103758913,-1.16856410740883));
#9907=CARTESIAN_POINT('Ctrl Pts',(21.1762477501969,-2.88035334028654,-1.11170282205575));
#9908=CARTESIAN_POINT('Ctrl Pts',(21.1291773649336,-3.05980965054165,-1.06417430648945));
#9909=CARTESIAN_POINT('Ctrl Pts',(21.0934655730418,-3.19508467634656,-1.03372146395102));
#9910=CARTESIAN_POINT('Ctrl Pts',(21.0710274824414,-3.28515608438749,-1.01822171101252));
#9911=CARTESIAN_POINT('Ctrl Pts',(21.0619001483546,-3.32249790346711,-1.01228470127681));
#9912=CARTESIAN_POINT('Ctrl Pts',(21.0501955645409,-3.37215394247658,-1.00538752295711));
#9913=CARTESIAN_POINT('Ctrl Pts',(21.0391260867187,-3.42293537974789,-1.00023406296336));
#9914=CARTESIAN_POINT('Ctrl Pts',(21.0312280967613,-3.46413152291159,-0.997809728064522));
#9915=CARTESIAN_POINT('Ctrl Pts',(21.0270936748527,-3.48751186060885,-0.996943856616966));
#9916=CARTESIAN_POINT('Ctrl Pts',(21.023428066491,-3.5103865167927,-0.996628144223829));
#9917=CARTESIAN_POINT('Ctrl Pts',(21.0205159650103,-3.53195158229189,-0.997026199053781));
#9918=CARTESIAN_POINT('Ctrl Pts',(21.0188542637656,-3.54609437765485,-0.997589421583435));
#9919=CARTESIAN_POINT('Ctrl Pts',(21.0178352169583,-3.55627679656823,-0.998199797941381));
#9920=CARTESIAN_POINT('Ctrl Pts',(21.0172538847128,-3.56255655209476,-0.99863043436645));
#9921=CARTESIAN_POINT('Ctrl Pts',(21.0167676133091,-3.56870455153154,-0.999143345453451));
#9922=CARTESIAN_POINT('Ctrl Pts',(21.0165505991045,-3.57134358363794,-0.999354923682055));
#9923=CARTESIAN_POINT('Ctrl Pts',(21.0161300867268,-3.57784944871293,-0.999999999999939));
#9924=CARTESIAN_POINT('Ctrl Pts',(22.0289611390567,0.279012919722754,-3.07646996219919));
#9925=CARTESIAN_POINT('Ctrl Pts',(22.0296959056583,0.219165399245448,-3.01725015303912));
#9926=CARTESIAN_POINT('Ctrl Pts',(22.0301193591706,0.129472303265266,-2.9284732736351));
#9927=CARTESIAN_POINT('Ctrl Pts',(22.0290154766022,-0.0207271994223049,
-2.77989328978235));
#9928=CARTESIAN_POINT('Ctrl Pts',(22.0273538669814,-0.109720054758344,-2.691834416886));
#9929=CARTESIAN_POINT('Ctrl Pts',(22.0256212484991,-0.173788664100084,-2.62850237805221));
#9930=CARTESIAN_POINT('Ctrl Pts',(22.0250027620713,-0.193314823653231,-2.60965940732385));
#9931=CARTESIAN_POINT('Ctrl Pts',(22.0239174658529,-0.226774995657332,-2.57911338587621));
#9932=CARTESIAN_POINT('Ctrl Pts',(22.0217301762348,-0.289357021873346,-2.5257540881076));
#9933=CARTESIAN_POINT('Ctrl Pts',(22.0174842662243,-0.396983584868106,-2.44304778265186));
#9934=CARTESIAN_POINT('Ctrl Pts',(22.0102884025472,-0.543598995066119,-2.3445490255257));
#9935=CARTESIAN_POINT('Ctrl Pts',(21.9996222132704,-0.713733927689676,-2.24282167469386));
#9936=CARTESIAN_POINT('Ctrl Pts',(21.9867702649962,-0.881781362221703,-2.15060194661225));
#9937=CARTESIAN_POINT('Ctrl Pts',(21.971693322293,-1.04831114584472,-2.06532817879694));
#9938=CARTESIAN_POINT('Ctrl Pts',(21.9543365622795,-1.21413085615357,-1.98514349834531));
#9939=CARTESIAN_POINT('Ctrl Pts',(21.9346664066692,-1.37958864382158,-1.90900804752689));
#9940=CARTESIAN_POINT('Ctrl Pts',(21.9126297994515,-1.54499747913141,-1.83619605921463));
#9941=CARTESIAN_POINT('Ctrl Pts',(21.8881973119665,-1.71046379849328,-1.76627470666516));
#9942=CARTESIAN_POINT('Ctrl Pts',(21.8613463661529,-1.87604029588232,-1.69896678109034));
#9943=CARTESIAN_POINT('Ctrl Pts',(21.8320358902487,-2.04182735908167,-1.63408876918204));
#9944=CARTESIAN_POINT('Ctrl Pts',(21.8002157368534,-2.20802728322281,-1.5715041491803));
#9945=CARTESIAN_POINT('Ctrl Pts',(21.7658101883231,-2.37486341212048,-1.51117695880367));
#9946=CARTESIAN_POINT('Ctrl Pts',(21.7328405250655,-2.52402772548199,-1.4595856957727));
#9947=CARTESIAN_POINT('Ctrl Pts',(21.6933976196301,-2.69298475488861,-1.40359677537645));
#9948=CARTESIAN_POINT('Ctrl Pts',(21.6510049484998,-2.86378297541224,-1.35023193842177));
#9949=CARTESIAN_POINT('Ctrl Pts',(21.5996415871622,-3.05736615161632,-1.29515549871802));
#9950=CARTESIAN_POINT('Ctrl Pts',(21.5494394174659,-3.23719524837452,-1.24999425076117));
#9951=CARTESIAN_POINT('Ctrl Pts',(21.5103627399454,-3.3710744976482,-1.22239729506141));
#9952=CARTESIAN_POINT('Ctrl Pts',(21.484951368698,-3.45734975269273,-1.20935433103775));
#9953=CARTESIAN_POINT('Ctrl Pts',(21.4745033838414,-3.49281331707281,-1.20450654824595));
#9954=CARTESIAN_POINT('Ctrl Pts',(21.4608027158193,-3.53937657985591,-1.19928008138548));
#9955=CARTESIAN_POINT('Ctrl Pts',(21.4473377536749,-3.58562925012662,-1.19607552205875));
#9956=CARTESIAN_POINT('Ctrl Pts',(21.4371193589411,-3.62169653957162,-1.19544826518416));
#9957=CARTESIAN_POINT('Ctrl Pts',(21.4315528467659,-3.6417113399712,-1.19565923370495));
#9958=CARTESIAN_POINT('Ctrl Pts',(21.426361197823,-3.66080749743609,-1.1964578338304));
#9959=CARTESIAN_POINT('Ctrl Pts',(21.421845436354,-3.67811375688343,-1.19795877966968));
#9960=CARTESIAN_POINT('Ctrl Pts',(21.4190583285155,-3.68914804410741,-1.19926400479249));
#9961=CARTESIAN_POINT('Ctrl Pts',(21.4171779786293,-3.69686721073078,-1.20041620570931));
#9962=CARTESIAN_POINT('Ctrl Pts',(21.4160519101183,-3.70156801548037,-1.20118297758705));
#9963=CARTESIAN_POINT('Ctrl Pts',(21.4150091252185,-3.70606494562217,-1.2020259932417));
#9964=CARTESIAN_POINT('Ctrl Pts',(21.4145554588754,-3.70800581104226,-1.20237953152587));
#9965=CARTESIAN_POINT('Ctrl Pts',(21.4135199065975,-3.71264496488565,-1.20337421998964));
#9966=CARTESIAN_POINT('Ctrl Pts',(22.1747609977894,-0.0273757478077917,
-3.37658614112657));
#9967=CARTESIAN_POINT('Ctrl Pts',(22.1746274608889,-0.0887185897489687,
-3.31808892112766));
#9968=CARTESIAN_POINT('Ctrl Pts',(22.1736827538359,-0.180692881953228,-3.23035831685875));
#9969=CARTESIAN_POINT('Ctrl Pts',(22.1703228230686,-0.334219687503327,-3.08397814943648));
#9970=CARTESIAN_POINT('Ctrl Pts',(22.167224173944,-0.425981724273873,-2.9964848334405));
#9971=CARTESIAN_POINT('Ctrl Pts',(22.1645422101952,-0.490386850431357,-2.93508231219877));
#9972=CARTESIAN_POINT('Ctrl Pts',(22.1639575469771,-0.503521914795828,-2.92269514746228));
#9973=CARTESIAN_POINT('Ctrl Pts',(22.1628239461245,-0.528489646032676,-2.90041497663462));
#9974=CARTESIAN_POINT('Ctrl Pts',(22.1605337424548,-0.576191908374361,-2.86076834958672));
#9975=CARTESIAN_POINT('Ctrl Pts',(22.1558917310023,-0.664748518648155,-2.79429401840943));
#9976=CARTESIAN_POINT('Ctrl Pts',(22.1479569453354,-0.793130711530395,-2.71026807134393));
#9977=CARTESIAN_POINT('Ctrl Pts',(22.1362705752939,-0.949067080732762,-2.61949621218231));
#9978=CARTESIAN_POINT('Ctrl Pts',(22.1223422336794,-1.1067019722149,-2.53539273816532));
#9979=CARTESIAN_POINT('Ctrl Pts',(22.1061511282306,-1.26541799245166,-2.45637277585048));
#9980=CARTESIAN_POINT('Ctrl Pts',(22.0876670339607,-1.42505395619976,-2.38134368394629));
#9981=CARTESIAN_POINT('Ctrl Pts',(22.0668509103115,-1.58545740627331,-2.30959603476156));
#9982=CARTESIAN_POINT('Ctrl Pts',(22.0436700816587,-1.74658900936104,-2.24064253195028));
#9983=CARTESIAN_POINT('Ctrl Pts',(22.0181005300322,-1.90829773442077,-2.1741918052007));
#9984=CARTESIAN_POINT('Ctrl Pts',(21.9901307992608,-2.070418329851,-2.11007230754701));
#9985=CARTESIAN_POINT('Ctrl Pts',(21.9597390905861,-2.23290377205809,-2.04816446281739));
#9986=CARTESIAN_POINT('Ctrl Pts',(21.9268866705321,-2.39574975259375,-1.98839456876725));
#9987=CARTESIAN_POINT('Ctrl Pts',(21.8915238093265,-2.55902152275238,-1.93076267528155));
#9988=CARTESIAN_POINT('Ctrl Pts',(21.85780288069,-2.70461374892176,-1.88149220776416));
#9989=CARTESIAN_POINT('Ctrl Pts',(21.8176471277243,-2.86896422364742,-1.82805735168844));
#9990=CARTESIAN_POINT('Ctrl Pts',(21.7747640447539,-3.03410665702354,-1.77719096058773));
#9991=CARTESIAN_POINT('Ctrl Pts',(21.723346962007,-3.21909193546367,-1.72483093193722));
#9992=CARTESIAN_POINT('Ctrl Pts',(21.6737873707074,-3.38756976952488,-1.68193931266753));
#9993=CARTESIAN_POINT('Ctrl Pts',(21.6360810741642,-3.50916823393887,-1.6557429980499));
#9994=CARTESIAN_POINT('Ctrl Pts',(21.6123666066953,-3.58309310729689,-1.64297568411215));
#9995=CARTESIAN_POINT('Ctrl Pts',(21.6027140964958,-3.61296638854219,-1.63815983313881));
#9996=CARTESIAN_POINT('Ctrl Pts',(21.5903059703498,-3.65101184561593,-1.63276694661162));
#9997=CARTESIAN_POINT('Ctrl Pts',(21.5785441763443,-3.68652654025169,-1.62896465885674));
#9998=CARTESIAN_POINT('Ctrl Pts',(21.5701114880305,-3.71171958143381,-1.62728461686322));
#9999=CARTESIAN_POINT('Ctrl Pts',(21.5656819134673,-3.72489388155041,-1.62670350409628));
#10000=CARTESIAN_POINT('Ctrl Pts',(21.5617358151819,-3.73657868850565,-1.62651103455401));
#10001=CARTESIAN_POINT('Ctrl Pts',(21.5585725556042,-3.74590088390769,-1.62674105310506));
#10002=CARTESIAN_POINT('Ctrl Pts',(21.5567520152593,-3.75125027740712,-1.62705287736885));
#10003=CARTESIAN_POINT('Ctrl Pts',(21.5556227868663,-3.75456006368285,-1.62736918816681));
#10004=CARTESIAN_POINT('Ctrl Pts',(21.5549746089276,-3.75645749075923,-1.62758830846828));
#10005=CARTESIAN_POINT('Ctrl Pts',(21.5544248301159,-3.75806362851243,-1.62783587007334));
#10006=CARTESIAN_POINT('Ctrl Pts',(21.5541803620077,-3.7587780470053,-1.62794014853563));
#10007=CARTESIAN_POINT('Ctrl Pts',(21.5536948405782,-3.76019261617327,-1.62823642504226));
#10008=CARTESIAN_POINT('Ctrl Pts',(22.1730078843578,-0.157587311744856,
-3.50497767738143));
#10009=CARTESIAN_POINT('Ctrl Pts',(22.1721781022517,-0.219218934561072,
-3.44678699747257));
#10010=CARTESIAN_POINT('Ctrl Pts',(22.1702031955569,-0.311661794089208,
-3.35950558937336));
#10011=CARTESIAN_POINT('Ctrl Pts',(22.1650854539762,-0.465706892790401,
-3.21406085469831));
#10012=CARTESIAN_POINT('Ctrl Pts',(22.1609187295621,-0.55811492889099,-3.12681326537252));
#10013=CARTESIAN_POINT('Ctrl Pts',(22.1575173131564,-0.622274976818547,
-3.06623512672773));
#10014=CARTESIAN_POINT('Ctrl Pts',(22.1569654746556,-0.632620249960534,
-3.05660658207535));
#10015=CARTESIAN_POINT('Ctrl Pts',(22.1558056435389,-0.653835894676582,
-3.03785859191815));
#10016=CARTESIAN_POINT('Ctrl Pts',(22.1534590226963,-0.69494098581641,-3.00407273206732));
#10017=CARTESIAN_POINT('Ctrl Pts',(22.1485555897713,-0.774879407717096,
-2.94453814572222));
#10018=CARTESIAN_POINT('Ctrl Pts',(22.1401317704401,-0.894763675847091,
-2.86670643373923));
#10019=CARTESIAN_POINT('Ctrl Pts',(22.1277707014686,-1.04374543566449,-2.78062041211869));
#10020=CARTESIAN_POINT('Ctrl Pts',(22.1131486720873,-1.19601811581217,-2.69998881992875));
#10021=CARTESIAN_POINT('Ctrl Pts',(22.0962584248586,-1.35046318590537,-2.62364343316091));
#10022=CARTESIAN_POINT('Ctrl Pts',(22.0770812025082,-1.50650081976657,-2.55081650998003));
#10023=CARTESIAN_POINT('Ctrl Pts',(22.055591214041,-1.66378452403184,-2.48094540861234));
#10024=CARTESIAN_POINT('Ctrl Pts',(22.0317572642433,-1.82211127390502,-2.41364061059961));
#10025=CARTESIAN_POINT('Ctrl Pts',(22.0055651448913,-1.98122590076114,-2.34867290634101));
#10026=CARTESIAN_POINT('Ctrl Pts',(21.9770128586051,-2.14087955759502,-2.2859164306679));
#10027=CARTESIAN_POINT('Ctrl Pts',(21.9460864438322,-2.3009442224947,-2.22527659597086));
#10028=CARTESIAN_POINT('Ctrl Pts',(21.9127635231981,-2.46135531770373,-2.16670969314475));
#10029=CARTESIAN_POINT('Ctrl Pts',(21.8770124426193,-2.62209644577939,-2.11022937466049));
#10030=CARTESIAN_POINT('Ctrl Pts',(21.8430409777187,-2.76527771450935,-2.061951270196));
#10031=CARTESIAN_POINT('Ctrl Pts',(21.8027303896219,-2.92665384363403,-2.00960706123614));
#10032=CARTESIAN_POINT('Ctrl Pts',(21.7598765176645,-3.08840232334945,-1.95980869308145));
#10033=CARTESIAN_POINT('Ctrl Pts',(21.7088708288254,-3.26866022510013,-1.90860772307393));
#10034=CARTESIAN_POINT('Ctrl Pts',(21.6602644941826,-3.43142108778075,-1.86668743720679));
#10035=CARTESIAN_POINT('Ctrl Pts',(21.6238381595642,-3.54722030211503,-1.8410820127123));
#10036=CARTESIAN_POINT('Ctrl Pts',(21.6016733660826,-3.61568528418911,-1.82843758487297));
#10037=CARTESIAN_POINT('Ctrl Pts',(21.5927379384839,-3.64311297499845,-1.82363808300781));
#10038=CARTESIAN_POINT('Ctrl Pts',(21.5814377962459,-3.67747537999988,-1.81817598815058));
#10039=CARTESIAN_POINT('Ctrl Pts',(21.571126982176,-3.70844132164451,-1.81412365855649));
#10040=CARTESIAN_POINT('Ctrl Pts',(21.5641938048328,-3.72910276903473,-1.8120004035927));
#10041=CARTESIAN_POINT('Ctrl Pts',(21.5607129150324,-3.7394441674283,-1.81108518058234));
#10042=CARTESIAN_POINT('Ctrl Pts',(21.5577984808275,-3.74807603878888,-1.81047391493452));
#10043=CARTESIAN_POINT('Ctrl Pts',(21.5557496591526,-3.75413014723647,-1.81016613898189));
#10044=CARTESIAN_POINT('Ctrl Pts',(21.554722977285,-3.75716040422254,-1.81005727468583));
#10045=CARTESIAN_POINT('Ctrl Pts',(21.5542090805418,-3.75867629634248,-1.81001936195022));
#10046=CARTESIAN_POINT('Ctrl Pts',(21.553952001049,-3.75943440993319,-1.81000634936427));
#10047=CARTESIAN_POINT('Ctrl Pts',(21.553805063164,-3.75986765921823,-1.81000140862851));
#10048=CARTESIAN_POINT('Ctrl Pts',(21.5537315830905,-3.76008429580206,-1.80999999999996));
#10049=CARTESIAN_POINT('Ctrl Pts',(21.5536948405782,-3.76019261617333,-1.80999999999996));
#10050=CARTESIAN_POINT('',(20.7866226128911,-3.49999999999988,-0.999999999999965));
#10051=CARTESIAN_POINT('Ctrl Pts',(21.3488666000749,-3.29804215768901E-6,
-2.4999993603554));
#10052=CARTESIAN_POINT('Ctrl Pts',(21.3488408749523,-0.000506793066354927,
-2.4994886150372));
#10053=CARTESIAN_POINT('Ctrl Pts',(21.3488151171588,-0.00101048472142059,
-2.49897766984932));
#10054=CARTESIAN_POINT('Ctrl Pts',(21.3486626118352,-0.0039901117554398,
-2.49595513154235));
#10055=CARTESIAN_POINT('Ctrl Pts',(21.3481489586929,-0.0256929489771413,
-2.47424023599001));
#10056=CARTESIAN_POINT('Ctrl Pts',(21.3470693839683,-0.0617795348330873,
-2.44015231316092));
#10057=CARTESIAN_POINT('Ctrl Pts',(21.3448851413542,-0.128755910929018,
-2.38096147101613));
#10058=CARTESIAN_POINT('Ctrl Pts',(21.3403210094096,-0.240839929249124,
-2.29181041179691));
#10059=CARTESIAN_POINT('Ctrl Pts',(21.3324800898959,-0.389605434129054,
-2.18827588818217));
#10060=CARTESIAN_POINT('Ctrl Pts',(21.3209743651056,-0.558703617508667,
-2.08353359749493));
#10061=CARTESIAN_POINT('Ctrl Pts',(21.3073641307217,-0.723779952100818,
-1.98963578915164));
#10062=CARTESIAN_POINT('Ctrl Pts',(21.291642631497,-0.885994561716851,-1.90354048900295));
#10063=CARTESIAN_POINT('Ctrl Pts',(21.2737924080967,-1.04661984627994,-1.82300628329655));
#10064=CARTESIAN_POINT('Ctrl Pts',(21.2537894541758,-1.20619874989788,-1.74685985867415));
#10065=CARTESIAN_POINT('Ctrl Pts',(21.2316047331237,-1.36524416552778,-1.67422718878696));
#10066=CARTESIAN_POINT('Ctrl Pts',(21.2072250198777,-1.52397630033668,-1.60460211673287));
#10067=CARTESIAN_POINT('Ctrl Pts',(21.1806484552698,-1.68254489142393,-1.53763983861277));
#10068=CARTESIAN_POINT('Ctrl Pts',(21.1518620438399,-1.84115198151708,-1.47308604389906));
#10069=CARTESIAN_POINT('Ctrl Pts',(21.1208449566519,-2.00004641733985,-1.41075875934694));
#10070=CARTESIAN_POINT('Ctrl Pts',(21.0875677299781,-2.15954885796479,-1.35054391686599));
#10071=CARTESIAN_POINT('Ctrl Pts',(21.0559469755942,-2.30222978670327,-1.29885148450424));
#10072=CARTESIAN_POINT('Ctrl Pts',(21.0184257439072,-2.46407414313597,-1.24244353785485));
#10073=CARTESIAN_POINT('Ctrl Pts',(20.9785372150043,-2.62803690070604,-1.18819066449715));
#10074=CARTESIAN_POINT('Ctrl Pts',(20.9310609473874,-2.81481537268384,-1.13106634161795));
#10075=CARTESIAN_POINT('Ctrl Pts',(20.8858180067683,-2.99006731261377,-1.08252397907787));
#10076=CARTESIAN_POINT('Ctrl Pts',(20.8519122513514,-3.12243803609431,-1.05066214480437));
#10077=CARTESIAN_POINT('Ctrl Pts',(20.8312811866416,-3.2105323126643,-1.03314598748375));
#10078=CARTESIAN_POINT('Ctrl Pts',(20.8229640604228,-3.24706881827942,-1.02626188289719));
#10079=CARTESIAN_POINT('Ctrl Pts',(20.812445849823,-3.29577147698932,-1.01790527096164));
#10080=CARTESIAN_POINT('Ctrl Pts',(20.8028485092268,-3.34566509566483,-1.01076952131818));
#10081=CARTESIAN_POINT('Ctrl Pts',(20.7963950843153,-3.38632105338248,-1.00624856841992));
#10082=CARTESIAN_POINT('Ctrl Pts',(20.7931550603206,-3.40946116370659,-1.00404604455069));
#10083=CARTESIAN_POINT('Ctrl Pts',(20.7904422951092,-3.43217916926337,-1.00226879926976));
#10084=CARTESIAN_POINT('Ctrl Pts',(20.7885352449672,-3.45371598707687,-1.00107648099458));
#10085=CARTESIAN_POINT('Ctrl Pts',(20.7875796060139,-3.46789849302566,-1.00050313483709));
#10086=CARTESIAN_POINT('Ctrl Pts',(20.7871012691878,-3.47815394949571,-1.00023077246732));
#10087=CARTESIAN_POINT('Ctrl Pts',(20.7868619787267,-3.48449061976979,-1.00009992366065));
#10088=CARTESIAN_POINT('Ctrl Pts',(20.7867252084466,-3.49071637931938,-1.00003408330212));
#10089=CARTESIAN_POINT('Ctrl Pts',(20.7866568129458,-3.49338642214156,-0.999999999999967));
#10090=CARTESIAN_POINT('Ctrl Pts',(20.7866226128911,-3.49999999999974,-0.999999999999965));
#10091=CARTESIAN_POINT('',(21.5536948405782,-3.76019261617332,-1.80999999999996));
#10092=CARTESIAN_POINT('Origin',(20.7866226128911,-3.50000000000001,-1.80999999999996));
#10093=CARTESIAN_POINT('Ctrl Pts',(21.5536948405782,-3.76019261617333,-1.80999999999996));
#10094=CARTESIAN_POINT('Ctrl Pts',(21.5537315830905,-3.76008429580206,-1.80999999999996));
#10095=CARTESIAN_POINT('Ctrl Pts',(21.553805063164,-3.75986765921823,-1.81000140862851));
#10096=CARTESIAN_POINT('Ctrl Pts',(21.553952001049,-3.75943440993319,-1.81000634936427));
#10097=CARTESIAN_POINT('Ctrl Pts',(21.5542090805418,-3.75867629634248,-1.81001936195022));
#10098=CARTESIAN_POINT('Ctrl Pts',(21.554722977285,-3.75716040422254,-1.81005727468583));
#10099=CARTESIAN_POINT('Ctrl Pts',(21.5557496591526,-3.75413014723647,-1.81016613898189));
#10100=CARTESIAN_POINT('Ctrl Pts',(21.5577984808275,-3.74807603878888,-1.81047391493452));
#10101=CARTESIAN_POINT('Ctrl Pts',(21.5607129150324,-3.7394441674283,-1.81108518058234));
#10102=CARTESIAN_POINT('Ctrl Pts',(21.5641938048328,-3.72910276903473,-1.8120004035927));
#10103=CARTESIAN_POINT('Ctrl Pts',(21.571126982176,-3.70844132164451,-1.81412365855649));
#10104=CARTESIAN_POINT('Ctrl Pts',(21.5814377962459,-3.67747537999988,-1.81817598815058));
#10105=CARTESIAN_POINT('Ctrl Pts',(21.5927379384839,-3.64311297499845,-1.82363808300781));
#10106=CARTESIAN_POINT('Ctrl Pts',(21.6016733660826,-3.61568528418911,-1.82843758487297));
#10107=CARTESIAN_POINT('Ctrl Pts',(21.6238381595642,-3.54722030211503,-1.8410820127123));
#10108=CARTESIAN_POINT('Ctrl Pts',(21.6602644941826,-3.43142108778075,-1.86668743720679));
#10109=CARTESIAN_POINT('Ctrl Pts',(21.7088708288254,-3.26866022510013,-1.90860772307393));
#10110=CARTESIAN_POINT('Ctrl Pts',(21.7598765176645,-3.08840232334945,-1.95980869308145));
#10111=CARTESIAN_POINT('Ctrl Pts',(21.8027303896219,-2.92665384363403,-2.00960706123614));
#10112=CARTESIAN_POINT('Ctrl Pts',(21.8430409777187,-2.76527771450935,-2.061951270196));
#10113=CARTESIAN_POINT('Ctrl Pts',(21.8770124426193,-2.62209644577939,-2.11022937466049));
#10114=CARTESIAN_POINT('Ctrl Pts',(21.9127635231981,-2.46135531770373,-2.16670969314475));
#10115=CARTESIAN_POINT('Ctrl Pts',(21.9460864438322,-2.3009442224947,-2.22527659597086));
#10116=CARTESIAN_POINT('Ctrl Pts',(21.9770128586051,-2.14087955759502,-2.2859164306679));
#10117=CARTESIAN_POINT('Ctrl Pts',(22.0055651448913,-1.98122590076114,-2.34867290634101));
#10118=CARTESIAN_POINT('Ctrl Pts',(22.0317572642433,-1.82211127390502,-2.41364061059961));
#10119=CARTESIAN_POINT('Ctrl Pts',(22.055591214041,-1.66378452403184,-2.48094540861234));
#10120=CARTESIAN_POINT('Ctrl Pts',(22.0770812025082,-1.50650081976657,-2.55081650998003));
#10121=CARTESIAN_POINT('Ctrl Pts',(22.0962584248586,-1.35046318590537,-2.62364343316091));
#10122=CARTESIAN_POINT('Ctrl Pts',(22.1131486720873,-1.19601811581217,-2.69998881992875));
#10123=CARTESIAN_POINT('Ctrl Pts',(22.1277707014686,-1.04374543566449,-2.78062041211869));
#10124=CARTESIAN_POINT('Ctrl Pts',(22.1401317704401,-0.894763675847091,
-2.86670643373923));
#10125=CARTESIAN_POINT('Ctrl Pts',(22.1485555897713,-0.774879407717096,
-2.94453814572222));
#10126=CARTESIAN_POINT('Ctrl Pts',(22.1534590226963,-0.69494098581641,-3.00407273206732));
#10127=CARTESIAN_POINT('Ctrl Pts',(22.1558056435389,-0.653835894676582,
-3.03785859191815));
#10128=CARTESIAN_POINT('Ctrl Pts',(22.1569654746556,-0.632620249960534,
-3.05660658207535));
#10129=CARTESIAN_POINT('Ctrl Pts',(22.1575173131564,-0.622274976818547,
-3.06623512672773));
#10130=CARTESIAN_POINT('Ctrl Pts',(22.1609187295621,-0.55811492889099,-3.12681326537252));
#10131=CARTESIAN_POINT('Ctrl Pts',(22.1650854539762,-0.465706892790401,
-3.21406085469831));
#10132=CARTESIAN_POINT('Ctrl Pts',(22.1683857583826,-0.366367035549131,
-3.30785455083622));
#10133=CARTESIAN_POINT('Ctrl Pts',(22.1694564531673,-0.328642585990706,
-3.34347277952338));
#10134=CARTESIAN_POINT('Ctrl Pts',(22.1696465366569,-0.32172922289908,-3.35000015620166));
#10135=CARTESIAN_POINT('Origin',(10.4682944589645,-6.24500451351651E-16,
-1.81));
#10136=CARTESIAN_POINT('',(20.3722079356631,-4.54206932335711,-1.));
#10137=CARTESIAN_POINT('',(21.1084722664792,-4.87973015195278,-1.81));
#10138=CARTESIAN_POINT('Origin',(20.3722079356631,-4.54206932335711,-1.81));
#10139=CARTESIAN_POINT('Origin',(10.4682944589645,-6.24500451351651E-16,
-1.81));
#10140=CARTESIAN_POINT('Origin',(10.4682944589645,-6.24500451351651E-16,
-1.));
#10141=CARTESIAN_POINT('Origin',(21.562956421304,-5.08816276219702,-1.81));
#10142=CARTESIAN_POINT('Origin',(21.562956421304,-5.08816276219702,-1.81));
#10143=CARTESIAN_POINT('Origin',(21.562956421304,-5.08816276219702,-1.));
#10144=CARTESIAN_POINT('Origin',(25.100000000002,-0.573159574128888,-1.));
#10145=CARTESIAN_POINT('',(18.75,3.50000000000002,-0.999999999999965));
#10146=CARTESIAN_POINT('Origin',(21.7325063693006,4.70089931738952,1.));
#10147=CARTESIAN_POINT('',(21.2710767333898,4.50833065144617,1.));
#10148=CARTESIAN_POINT('Origin',(10.4682944589645,-6.24500451351651E-16,
1.));
#10149=CARTESIAN_POINT('',(21.1084722664792,-4.87973015195278,1.));
#10150=CARTESIAN_POINT('Origin',(10.4682944589645,-6.24500451351651E-16,
1.));
#10151=CARTESIAN_POINT('Ctrl Pts',(14.45,-3.50000000000002,-0.999999999999965));
#10152=CARTESIAN_POINT('Ctrl Pts',(22.1740686807495,-3.50000000000002,-0.999999999999965));
#10153=CARTESIAN_POINT('Ctrl Pts',(14.45,-3.42057065988065,-0.999999999999965));
#10154=CARTESIAN_POINT('Ctrl Pts',(22.1740686807495,-3.42057065988065,-0.999999999999965));
#10155=CARTESIAN_POINT('Ctrl Pts',(14.45,-3.23091154354454,-1.01917542633418));
#10156=CARTESIAN_POINT('Ctrl Pts',(22.1740686807495,-3.23091154354454,-1.01917542633418));
#10157=CARTESIAN_POINT('Ctrl Pts',(14.45,-2.85411717161383,-1.10541151145151));
#10158=CARTESIAN_POINT('Ctrl Pts',(22.1740686807495,-2.85411717161383,-1.10541151145151));
#10159=CARTESIAN_POINT('Ctrl Pts',(14.45,-2.20338836260029,-1.31811174788605));
#10160=CARTESIAN_POINT('Ctrl Pts',(22.1740686807495,-2.20338836260029,-1.31811174788605));
#10161=CARTESIAN_POINT('Ctrl Pts',(14.45,-1.30189869005452,-1.68269886884899));
#10162=CARTESIAN_POINT('Ctrl Pts',(22.1740686807495,-1.30189869005452,-1.68269886884899));
#10163=CARTESIAN_POINT('Ctrl Pts',(14.45,-0.649971482833072,-2.00854866163491));
#10164=CARTESIAN_POINT('Ctrl Pts',(22.1740686807495,-0.649971482833072,
-2.00854866163491));
#10165=CARTESIAN_POINT('Ctrl Pts',(14.45,-0.271478552557124,-2.25515808671004));
#10166=CARTESIAN_POINT('Ctrl Pts',(22.1740686807495,-0.271478552557124,
-2.25515808671004));
#10167=CARTESIAN_POINT('Ctrl Pts',(14.45,-0.0802919454799587,-2.41855510695963));
#10168=CARTESIAN_POINT('Ctrl Pts',(22.1740686807495,-0.0802919454799587,
-2.41855510695963));
#10169=CARTESIAN_POINT('Ctrl Pts',(14.45,0.,-2.5));
#10170=CARTESIAN_POINT('Ctrl Pts',(22.1740686807495,0.,-2.5));
#10171=CARTESIAN_POINT('',(14.45,0.,-2.5));
#10172=CARTESIAN_POINT('',(18.75,0.,-2.5));
#10173=CARTESIAN_POINT('',(14.45,-3.50000000000002,-0.999999999999965));
#10174=CARTESIAN_POINT('Ctrl Pts',(14.45,0.,-2.5));
#10175=CARTESIAN_POINT('Ctrl Pts',(14.45,-0.0279583892516161,-2.47164014387038));
#10176=CARTESIAN_POINT('Ctrl Pts',(14.45,-0.0581476082791361,-2.44324261352616));
#10177=CARTESIAN_POINT('Ctrl Pts',(14.45,-0.0905389083779909,-2.41481218910861));
#10178=CARTESIAN_POINT('Ctrl Pts',(14.45,-0.124129923913878,-2.38532875295793));
#10179=CARTESIAN_POINT('Ctrl Pts',(14.45,-0.160088942794587,-2.35580991523414));
#10180=CARTESIAN_POINT('Ctrl Pts',(14.45,-0.198327790139678,-2.32627122300023));
#10181=CARTESIAN_POINT('Ctrl Pts',(14.45,-0.23829325048765,-2.29539875912726));
#10182=CARTESIAN_POINT('Ctrl Pts',(14.45,-0.280748793507931,-2.2645045678043));
#10183=CARTESIAN_POINT('Ctrl Pts',(14.45,-0.32553733908826,-2.23361789109446));
#10184=CARTESIAN_POINT('Ctrl Pts',(14.45,-0.372909027397095,-2.20094985057125));
#10185=CARTESIAN_POINT('Ctrl Pts',(14.45,-0.422890212941637,-2.16829015051399));
#10186=CARTESIAN_POINT('Ctrl Pts',(14.45,-0.47523824489347,-2.13568684115203));
#10187=CARTESIAN_POINT('Ctrl Pts',(14.45,-0.532845265862642,-2.09980813748257));
#10188=CARTESIAN_POINT('Ctrl Pts',(14.45,-0.593318230486495,-2.06399753177922));
#10189=CARTESIAN_POINT('Ctrl Pts',(14.45,-0.656272339689886,-2.02833712331782));
#10190=CARTESIAN_POINT('Ctrl Pts',(14.45,-0.722769926527348,-1.99066950895035));
#10191=CARTESIAN_POINT('Ctrl Pts',(14.45,-0.792035421883253,-1.95316936485069));
#10192=CARTESIAN_POINT('Ctrl Pts',(14.45,-0.863556691882124,-1.91595496607475));
#10193=CARTESIAN_POINT('Ctrl Pts',(14.45,-0.940314384179168,-1.87601591898697));
#10194=CARTESIAN_POINT('Ctrl Pts',(14.45,-1.01966966044395,-1.83640579732587));
#10195=CARTESIAN_POINT('Ctrl Pts',(14.45,-1.10093132337521,-1.79729746810719));
#10196=CARTESIAN_POINT('Ctrl Pts',(14.45,-1.19034664875962,-1.75426507304918));
#10197=CARTESIAN_POINT('Ctrl Pts',(14.45,-1.28206899865308,-1.71183984411412));
#10198=CARTESIAN_POINT('Ctrl Pts',(14.45,-1.37512286132491,-1.67028811724365));
#10199=CARTESIAN_POINT('Ctrl Pts',(14.45,-1.478605374051,-1.624079642053));
#10200=CARTESIAN_POINT('Ctrl Pts',(14.45,-1.58373295146045,-1.57895114189796));
#10201=CARTESIAN_POINT('Ctrl Pts',(14.45,-1.68912430635881,-1.53531797661144));
#10202=CARTESIAN_POINT('Ctrl Pts',(14.45,-1.80236139002841,-1.48843659442327));
#10203=CARTESIAN_POINT('Ctrl Pts',(14.45,-1.91590015575581,-1.4432817967793));
#10204=CARTESIAN_POINT('Ctrl Pts',(14.45,-2.02801894854692,-1.40042179617922));
#10205=CARTESIAN_POINT('Ctrl Pts',(14.45,-2.12728632770544,-1.36247454554989));
#10206=CARTESIAN_POINT('Ctrl Pts',(14.45,-2.22543893537061,-1.32632747137037));
#10207=CARTESIAN_POINT('Ctrl Pts',(14.45,-2.32130658158531,-1.29240101864479));
#10208=CARTESIAN_POINT('Ctrl Pts',(14.45,-2.40507795706744,-1.26275529641972));
#10209=CARTESIAN_POINT('Ctrl Pts',(14.45,-2.48710365795559,-1.23480628862354));
#10210=CARTESIAN_POINT('Ctrl Pts',(14.45,-2.56663917407259,-1.20883994495563));
#10211=CARTESIAN_POINT('Ctrl Pts',(14.45,-2.63958707855256,-1.18502429064096));
#10212=CARTESIAN_POINT('Ctrl Pts',(14.45,-2.7104397232751,-1.16287700840496));
#10213=CARTESIAN_POINT('Ctrl Pts',(14.45,-2.77866482383513,-1.14261304258517));
#10214=CARTESIAN_POINT('Ctrl Pts',(14.45,-2.842824886034,-1.1235564593523));
#10215=CARTESIAN_POINT('Ctrl Pts',(14.45,-2.90466086010363,-1.1061657771332));
#10216=CARTESIAN_POINT('Ctrl Pts',(14.45,-2.96377467105163,-1.09060870021557));
#10217=CARTESIAN_POINT('Ctrl Pts',(14.45,-3.0194686657967,-1.07595162184075));
#10218=CARTESIAN_POINT('Ctrl Pts',(14.45,-3.07274587474876,-1.06292251878537));
#10219=CARTESIAN_POINT('Ctrl Pts',(14.45,-3.12331896252913,-1.05164708928461));
#10220=CARTESIAN_POINT('Ctrl Pts',(14.45,-3.16886758791852,-1.04149187952828));
#10221=CARTESIAN_POINT('Ctrl Pts',(14.45,-3.21222268676051,-1.03275935666736));
#10222=CARTESIAN_POINT('Ctrl Pts',(14.45,-3.25321583963018,-1.02552534219968));
#10223=CARTESIAN_POINT('Ctrl Pts',(14.45,-3.29266341488559,-1.01856407403327));
#10224=CARTESIAN_POINT('Ctrl Pts',(14.45,-3.32992348887293,-1.01299066506777));
#10225=CARTESIAN_POINT('Ctrl Pts',(14.45,-3.36488937084531,-1.00885422568984));
#10226=CARTESIAN_POINT('Ctrl Pts',(14.45,-3.39827973247756,-1.00490416926603));
#10227=CARTESIAN_POINT('Ctrl Pts',(14.45,-3.42957785967631,-1.00226462255477));
#10228=CARTESIAN_POINT('Ctrl Pts',(14.45,-3.45873412943741,-1.00095887407809));
#10229=CARTESIAN_POINT('Ctrl Pts',(14.45,-3.47300220743356,-1.00031988557712));
#10230=CARTESIAN_POINT('Ctrl Pts',(14.45,-3.48675804059183,-0.999999999999965));
#10231=CARTESIAN_POINT('Ctrl Pts',(14.45,-3.50000000000002,-0.999999999999965));
#10232=CARTESIAN_POINT('',(18.75,-3.50000000000002,-0.999999999999965));
#10233=CARTESIAN_POINT('',(18.75,-3.50000000000002,-0.999999999999965));
#10234=CARTESIAN_POINT('',(16.3463646548194,-0.977400710170665,-1.85789172392652));
#10235=CARTESIAN_POINT('',(16.29,-1.32500000000023,-1.69281352110959));
#10236=CARTESIAN_POINT('Ctrl Pts',(16.3463646548194,-0.977400710170666,
-1.85789172392652));
#10237=CARTESIAN_POINT('Ctrl Pts',(16.3281239209185,-1.03216685952144,-1.8304971415421));
#10238=CARTESIAN_POINT('Ctrl Pts',(16.3142247196555,-1.08825979697018,-1.80318102189369));
#10239=CARTESIAN_POINT('Ctrl Pts',(16.3047925534807,-1.14518387204748,-1.77613854255266));
#10240=CARTESIAN_POINT('Ctrl Pts',(16.2949763706346,-1.2044255265046,-1.74799506873056));
#10241=CARTESIAN_POINT('Ctrl Pts',(16.289998364823,-1.26456561197733,-1.72014850372355));
#10242=CARTESIAN_POINT('Ctrl Pts',(16.29,-1.3250000000043,-1.69281352110785));
#10243=CARTESIAN_POINT('Ctrl Pts',(16.29,-1.32500000000046,-1.69281352110959));
#10244=CARTESIAN_POINT('Ctrl Pts',(16.29,-1.36753919968044,-1.67357268287657));
#10245=CARTESIAN_POINT('Ctrl Pts',(16.2924672155415,-1.41022309069111,-1.65458524663373));
#10246=CARTESIAN_POINT('Ctrl Pts',(16.314900257286,-1.60193821884579,-1.57062104237571));
#10247=CARTESIAN_POINT('Ctrl Pts',(16.3629474305778,-1.74820806245645,-1.51019261519749));
#10248=CARTESIAN_POINT('Ctrl Pts',(16.5128366117648,-2.00367115539883,-1.40906667030401));
#10249=CARTESIAN_POINT('Ctrl Pts',(16.6083808990595,-2.11260545042966,-1.36804723078497));
#10250=CARTESIAN_POINT('Ctrl Pts',(16.8194212558133,-2.27298167845471,-1.30936610344268));
#10251=CARTESIAN_POINT('Ctrl Pts',(16.9263625654595,-2.32987444021326,-1.28929532669209));
#10252=CARTESIAN_POINT('Ctrl Pts',(17.1237371971845,-2.39580540857077,-1.26628560823861));
#10253=CARTESIAN_POINT('Ctrl Pts',(17.2092093283325,-2.41354044039756,-1.26020197490919));
#10254=CARTESIAN_POINT('Ctrl Pts',(17.3738654838259,-2.42764745251066,-1.25535839201036));
#10255=CARTESIAN_POINT('Ctrl Pts',(17.4521271684878,-2.42601186362444,-1.25591600314035));
#10256=CARTESIAN_POINT('Ctrl Pts',(17.6206487033215,-2.40446383800635,-1.26332586933349));
#10257=CARTESIAN_POINT('Ctrl Pts',(17.7096594878,-2.38147564590703,-1.27123676406817));
#10258=CARTESIAN_POINT('Ctrl Pts',(17.9237466057698,-2.29681889429084,-1.30096279741232));
#10259=CARTESIAN_POINT('Ctrl Pts',(18.0406572106865,-2.22229177680061,-1.32752389886821));
#10260=CARTESIAN_POINT('Ctrl Pts',(18.237465903846,-2.03880577671941,-1.39591522377853));
#10261=CARTESIAN_POINT('Ctrl Pts',(18.3161060719516,-1.93250868032144,-1.43673272140303));
#10262=CARTESIAN_POINT('Ctrl Pts',(18.437978501612,-1.68866673090297,-1.53473282244031));
#10263=CARTESIAN_POINT('Ctrl Pts',(18.4754938096669,-1.55114041774567,-1.59234245268011));
#10264=CARTESIAN_POINT('Ctrl Pts',(18.4986597623608,-1.2597102150716,-1.72126978271918));
#10265=CARTESIAN_POINT('Ctrl Pts',(18.4787959585834,-1.10740726289948,-1.79257341608868));
#10266=CARTESIAN_POINT('Ctrl Pts',(18.3775636873748,-0.815421446781422,
-1.93924362595637));
#10267=CARTESIAN_POINT('Ctrl Pts',(18.2938684638823,-0.677891199784105,
-2.01421811362287));
#10268=CARTESIAN_POINT('Ctrl Pts',(18.0853864351901,-0.461218887347206,
-2.14275379626659));
#10269=CARTESIAN_POINT('Ctrl Pts',(17.9672712600264,-0.37727562954448,-2.19772103078554));
#10270=CARTESIAN_POINT('Ctrl Pts',(17.7535388788841,-0.283156403729862,
-2.26299647218124));
#10271=CARTESIAN_POINT('Ctrl Pts',(17.6686634402825,-0.257099156325105,
-2.28207350405736));
#10272=CARTESIAN_POINT('Ctrl Pts',(17.5247911987702,-0.231840812882559,
-2.30077904416347));
#10273=CARTESIAN_POINT('Ctrl Pts',(17.4685559479714,-0.226342955570096,
-2.30493109042023));
#10274=CARTESIAN_POINT('Ctrl Pts',(17.3580675828193,-0.224149155662171,
-2.30658105788557));
#10275=CARTESIAN_POINT('Ctrl Pts',(17.3044823811934,-0.227022483723513,
-2.30440502831221));
#10276=CARTESIAN_POINT('Ctrl Pts',(17.1766899344039,-0.243258834888255,
-2.29229281230213));
#10277=CARTESIAN_POINT('Ctrl Pts',(17.1040681462454,-0.260261573057754,
-2.27967402444458));
#10278=CARTESIAN_POINT('Ctrl Pts',(16.8976935778168,-0.330769088016197,
-2.22938793330779));
#10279=CARTESIAN_POINT('Ctrl Pts',(16.7745451402227,-0.402918127811745,
-2.1801981810268));
#10280=CARTESIAN_POINT('Ctrl Pts',(16.5935889691169,-0.559489081825123,
-2.08370645040252));
#10281=CARTESIAN_POINT('Ctrl Pts',(16.5271892812117,-0.635473975014935,
-2.03932618919731));
#10282=CARTESIAN_POINT('Ctrl Pts',(16.4190471991271,-0.799075894614336,
-1.94917816398631));
#10283=CARTESIAN_POINT('Ctrl Pts',(16.3767495303999,-0.886172876735669,
-1.90352480984572));
#10284=CARTESIAN_POINT('Ctrl Pts',(16.3463646548194,-0.977400710170664,
-1.85789172392652));
#10285=CARTESIAN_POINT('Origin',(25.100000000002,-0.573159574128888,-1.));
#10286=CARTESIAN_POINT('',(14.45,-2.625,-0.999999999999966));
#10287=CARTESIAN_POINT('Origin',(25.100000000002,-0.573159574128888,-1.));
#10288=CARTESIAN_POINT('Origin',(25.100000000002,-0.573159574128888,-1.));
#10289=CARTESIAN_POINT('',(14.45,3.50000000000002,-0.999999999999965));
#10290=CARTESIAN_POINT('',(14.45,0.874999999999999,-0.999999999999965));
#10291=CARTESIAN_POINT('',(18.75,3.50000000000002,-0.999999999999965));
#10292=CARTESIAN_POINT('Ctrl Pts',(14.45,0.,-2.5));
#10293=CARTESIAN_POINT('Ctrl Pts',(22.1740686807495,0.,-2.5));
#10294=CARTESIAN_POINT('Ctrl Pts',(14.45,0.0802919454799587,-2.41855510695963));
#10295=CARTESIAN_POINT('Ctrl Pts',(22.1740686807495,0.0802919454799587,
-2.41855510695963));
#10296=CARTESIAN_POINT('Ctrl Pts',(14.45,0.271478552557124,-2.25515808671004));
#10297=CARTESIAN_POINT('Ctrl Pts',(22.1740686807495,0.271478552557124,-2.25515808671004));
#10298=CARTESIAN_POINT('Ctrl Pts',(14.45,0.649971482833072,-2.00854866163491));
#10299=CARTESIAN_POINT('Ctrl Pts',(22.1740686807495,0.649971482833072,-2.00854866163491));
#10300=CARTESIAN_POINT('Ctrl Pts',(14.45,1.30189869005452,-1.68269886884899));
#10301=CARTESIAN_POINT('Ctrl Pts',(22.1740686807495,1.30189869005452,-1.68269886884899));
#10302=CARTESIAN_POINT('Ctrl Pts',(14.45,2.20338836260029,-1.31811174788605));
#10303=CARTESIAN_POINT('Ctrl Pts',(22.1740686807495,2.20338836260029,-1.31811174788605));
#10304=CARTESIAN_POINT('Ctrl Pts',(14.45,2.85411717161383,-1.10541151145151));
#10305=CARTESIAN_POINT('Ctrl Pts',(22.1740686807495,2.85411717161383,-1.10541151145151));
#10306=CARTESIAN_POINT('Ctrl Pts',(14.45,3.23091154354454,-1.01917542633418));
#10307=CARTESIAN_POINT('Ctrl Pts',(22.1740686807495,3.23091154354454,-1.01917542633418));
#10308=CARTESIAN_POINT('Ctrl Pts',(14.45,3.42057065988065,-0.999999999999965));
#10309=CARTESIAN_POINT('Ctrl Pts',(22.1740686807495,3.42057065988065,-0.999999999999965));
#10310=CARTESIAN_POINT('Ctrl Pts',(14.45,3.50000000000002,-0.999999999999965));
#10311=CARTESIAN_POINT('Ctrl Pts',(22.1740686807495,3.50000000000002,-0.999999999999965));
#10312=CARTESIAN_POINT('Ctrl Pts',(14.45,3.50000000000002,-0.999999999999965));
#10313=CARTESIAN_POINT('Ctrl Pts',(14.45,3.47292109252685,-0.999999999999965));
#10314=CARTESIAN_POINT('Ctrl Pts',(14.45,3.44369016982071,-1.0013391420085));
#10315=CARTESIAN_POINT('Ctrl Pts',(14.45,3.41233378377922,-1.00400482741249));
#10316=CARTESIAN_POINT('Ctrl Pts',(14.45,3.37975877478915,-1.00677411102461));
#10317=CARTESIAN_POINT('Ctrl Pts',(14.45,3.34489006536425,-1.01097490846427));
#10318=CARTESIAN_POINT('Ctrl Pts',(14.45,3.30780961443205,-1.01656914008471));
#10319=CARTESIAN_POINT('Ctrl Pts',(14.45,3.2689512506469,-1.02243160081376));
#10320=CARTESIAN_POINT('Ctrl Pts',(14.45,3.22766419042192,-1.02982413687142));
#10321=CARTESIAN_POINT('Ctrl Pts',(14.45,3.18409595383512,-1.03867962007829));
#10322=CARTESIAN_POINT('Ctrl Pts',(14.45,3.13780752289598,-1.04808799771684));
#10323=CARTESIAN_POINT('Ctrl Pts',(14.45,3.08894447146373,-1.0591474401563));
#10324=CARTESIAN_POINT('Ctrl Pts',(14.45,3.03773844864144,-1.07175520810742));
#10325=CARTESIAN_POINT('Ctrl Pts',(14.45,2.98054234547413,-1.08583783270305));
#10326=CARTESIAN_POINT('Ctrl Pts',(14.45,2.92042325082949,-1.10185185368639));
#10327=CARTESIAN_POINT('Ctrl Pts',(14.45,2.85776678844938,-1.11963204787619));
#10328=CARTESIAN_POINT('Ctrl Pts',(14.45,2.79083717515801,-1.1386248456845));
#10329=CARTESIAN_POINT('Ctrl Pts',(14.45,2.72101263262884,-1.15963256667326));
#10330=CARTESIAN_POINT('Ctrl Pts',(14.45,2.64882555816407,-1.18243650880842));
#10331=CARTESIAN_POINT('Ctrl Pts',(14.45,2.56980427577885,-1.20739938151546));
#10332=CARTESIAN_POINT('Ctrl Pts',(14.45,2.48795244250154,-1.23451406002515));
#10333=CARTESIAN_POINT('Ctrl Pts',(14.45,2.40403480491866,-1.26348132901507));
#10334=CARTESIAN_POINT('Ctrl Pts',(14.45,2.30813966273002,-1.29658307566353));
#10335=CARTESIAN_POINT('Ctrl Pts',(14.45,2.20954812124893,-1.33210248849901));
#10336=CARTESIAN_POINT('Ctrl Pts',(14.45,2.10947183272462,-1.36959479030896));
#10337=CARTESIAN_POINT('Ctrl Pts',(14.45,1.99732916193714,-1.41160760793976));
#10338=CARTESIAN_POINT('Ctrl Pts',(14.45,1.88332449218076,-1.45609586194621));
#10339=CARTESIAN_POINT('Ctrl Pts',(14.45,1.76921246145801,-1.5024676512742));
#10340=CARTESIAN_POINT('Ctrl Pts',(14.45,1.66550709853356,-1.54461047540286));
#10341=CARTESIAN_POINT('Ctrl Pts',(14.45,1.56171552559695,-1.58830880874031));
#10342=CARTESIAN_POINT('Ctrl Pts',(14.45,1.45915712419215,-1.63315607531683));
#10343=CARTESIAN_POINT('Ctrl Pts',(14.45,1.36703500155503,-1.67343971210241));
#10344=CARTESIAN_POINT('Ctrl Pts',(14.45,1.27590895865197,-1.71465049625814));
#10345=CARTESIAN_POINT('Ctrl Pts',(14.45,1.18671499637142,-1.75652533946645));
#10346=CARTESIAN_POINT('Ctrl Pts',(14.45,1.10541623364211,-1.79469353891937));
#10347=CARTESIAN_POINT('Ctrl Pts',(14.45,1.02572359309955,-1.83341370132912));
#10348=CARTESIAN_POINT('Ctrl Pts',(14.45,0.948314310017959,-1.87251140979845));
#10349=CARTESIAN_POINT('Ctrl Pts',(14.45,0.875907705230604,-1.90908237664549));
#10350=CARTESIAN_POINT('Ctrl Pts',(14.45,0.80549943896618,-1.94598380936336));
#10351=CARTESIAN_POINT('Ctrl Pts',(14.45,0.737604459272128,-1.98309308776227));
#10352=CARTESIAN_POINT('Ctrl Pts',(14.45,0.673085259795894,-2.01835726997763));
#10353=CARTESIAN_POINT('Ctrl Pts',(14.45,0.610836033147282,-2.05380922614804));
#10354=CARTESIAN_POINT('Ctrl Pts',(14.45,0.551255184877216,-2.08936103032594));
#10355=CARTESIAN_POINT('Ctrl Pts',(14.45,0.494049796442397,-2.12349540112807));
#10356=CARTESIAN_POINT('Ctrl Pts',(14.45,0.439304863262375,-2.15772185662714));
#10357=CARTESIAN_POINT('Ctrl Pts',(14.45,0.387325514898507,-2.19197807379371));
#10358=CARTESIAN_POINT('Ctrl Pts',(14.45,0.340515852454965,-2.222827286272));
#10359=CARTESIAN_POINT('Ctrl Pts',(14.45,0.295949070143784,-2.25370078846926));
#10360=CARTESIAN_POINT('Ctrl Pts',(14.45,0.25380428508241,-2.28456435133149));
#10361=CARTESIAN_POINT('Ctrl Pts',(14.45,0.213157190626278,-2.31433112207398));
#10362=CARTESIAN_POINT('Ctrl Pts',(14.45,0.174763368877944,-2.34408866846487));
#10363=CARTESIAN_POINT('Ctrl Pts',(14.45,0.138737162267371,-2.37381633020516));
#10364=CARTESIAN_POINT('Ctrl Pts',(14.45,0.104257894521205,-2.4022675079739));
#10365=CARTESIAN_POINT('Ctrl Pts',(14.45,0.0719474509082037,-2.43069134643559));
#10366=CARTESIAN_POINT('Ctrl Pts',(14.45,0.0418592280580099,-2.45907869078628));
#10367=CARTESIAN_POINT('Ctrl Pts',(14.45,0.0273926059194406,-2.47272751897675));
#10368=CARTESIAN_POINT('Ctrl Pts',(14.45,0.0134389803690081,-2.48636804336745));
#10369=CARTESIAN_POINT('Ctrl Pts',(14.45,0.,-2.5));
#10370=CARTESIAN_POINT('',(16.3376444476008,1.64523084069862,-1.55358375231081));
#10371=CARTESIAN_POINT('',(16.29,1.32500000000002,-1.69281352110978));
#10372=CARTESIAN_POINT('Ctrl Pts',(16.3376444476008,1.64523084069862,-1.55358375231081));
#10373=CARTESIAN_POINT('Ctrl Pts',(16.3186617567104,1.58284915343092,-1.57967661361804));
#10374=CARTESIAN_POINT('Ctrl Pts',(16.3054036721518,1.51939692208444,-1.60679045606524));
#10375=CARTESIAN_POINT('Ctrl Pts',(16.2977767547834,1.45560303734322,-1.63471090216019));
#10376=CARTESIAN_POINT('Ctrl Pts',(16.2925813360159,1.41214695541374,-1.65373017333221));
#10377=CARTESIAN_POINT('Ctrl Pts',(16.289998929567,1.36853360037931,-1.67312290706673));
#10378=CARTESIAN_POINT('Ctrl Pts',(16.29,1.3250000000008,-1.69281352110944));
#10379=CARTESIAN_POINT('Ctrl Pts',(16.29,1.32500000000005,-1.69281352110978));
#10380=CARTESIAN_POINT('Ctrl Pts',(16.29,1.28762054834259,-1.70972056186257));
#10381=CARTESIAN_POINT('Ctrl Pts',(16.2919053916977,1.25029993584638,-1.72684715403601));
#10382=CARTESIAN_POINT('Ctrl Pts',(16.3116179324309,1.05737804659874,-1.81675533959077));
#10383=CARTESIAN_POINT('Ctrl Pts',(16.3606377621855,0.906812428699084,-1.89176369628956));
#10384=CARTESIAN_POINT('Ctrl Pts',(16.5154489381902,0.640853580080597,-2.03511319347821));
#10385=CARTESIAN_POINT('Ctrl Pts',(16.6189480195383,0.525170663529772,-2.1034446807424));
#10386=CARTESIAN_POINT('Ctrl Pts',(16.8457585184821,0.361028622504443,-2.20832102476211));
#10387=CARTESIAN_POINT('Ctrl Pts',(16.9605932593086,0.303977428734342,-2.2482177042194));
#10388=CARTESIAN_POINT('Ctrl Pts',(17.1498497201496,0.249443028085488,-2.28765334151978));
#10389=CARTESIAN_POINT('Ctrl Pts',(17.2163320345063,0.236655454455994,-2.29720658370464));
#10390=CARTESIAN_POINT('Ctrl Pts',(17.3366340885007,0.225035039085364,-2.30590561283007));
#10391=CARTESIAN_POINT('Ctrl Pts',(17.3893047550638,0.223736174869706,-2.30689020781148));
#10392=CARTESIAN_POINT('Ctrl Pts',(17.5018154085543,0.229060316648963,-2.30288979417096));
#10393=CARTESIAN_POINT('Ctrl Pts',(17.5608975415106,0.236743300109563,-2.29710484575868));
#10394=CARTESIAN_POINT('Ctrl Pts',(17.7202734933738,0.270640192169969,-2.27217440303775));
#10395=CARTESIAN_POINT('Ctrl Pts',(17.8163600337225,0.306065334137605,-2.24657947020133));
#10396=CARTESIAN_POINT('Ctrl Pts',(18.0161255147682,0.411851076624253,-2.17512485552196));
#10397=CARTESIAN_POINT('Ctrl Pts',(18.11464747264,0.488528247599841,-2.12616649139886));
#10398=CARTESIAN_POINT('Ctrl Pts',(18.2983989044064,0.687056594943645,-2.00933631259399));
#10399=CARTESIAN_POINT('Ctrl Pts',(18.3755520932593,0.814866164721202,-1.93980467895719));
#10400=CARTESIAN_POINT('Ctrl Pts',(18.4792542705586,1.10345821086644,-1.7942736695796));
#10401=CARTESIAN_POINT('Ctrl Pts',(18.5002365460408,1.26490256345226,-1.71873493685794));
#10402=CARTESIAN_POINT('Ctrl Pts',(18.4714763056786,1.57620746582187,-1.58149495965181));
#10403=CARTESIAN_POINT('Ctrl Pts',(18.4267403515724,1.72407577913811,-1.5200445635328));
#10404=CARTESIAN_POINT('Ctrl Pts',(18.2823216851613,1.98370379509406,-1.41674025730759));
#10405=CARTESIAN_POINT('Ctrl Pts',(18.1889497689114,2.09511211893891,-1.374587882375));
#10406=CARTESIAN_POINT('Ctrl Pts',(17.9788730199914,2.2620880544241,-1.31325444719747));
#10407=CARTESIAN_POINT('Ctrl Pts',(17.8704081472759,2.32233125546005,-1.29195062123365));
#10408=CARTESIAN_POINT('Ctrl Pts',(17.6701447869675,2.39234653628644,-1.26747889706124));
#10409=CARTESIAN_POINT('Ctrl Pts',(17.5838079156907,2.41138952943238,-1.26094156085807));
#10410=CARTESIAN_POINT('Ctrl Pts',(17.4182777387262,2.42739680135221,-1.25544362177929));
#10411=CARTESIAN_POINT('Ctrl Pts',(17.3400783178671,2.42662820316979,-1.25570564029551));
#10412=CARTESIAN_POINT('Ctrl Pts',(17.1727297355476,2.40712236463819,-1.26241008662587));
#10413=CARTESIAN_POINT('Ctrl Pts',(17.0847265300986,2.38561120213536,-1.26980583692));
#10414=CARTESIAN_POINT('Ctrl Pts',(16.8738796146826,2.30580728434525,-1.29777915426466));
#10415=CARTESIAN_POINT('Ctrl Pts',(16.7584717645259,2.23537630086548,-1.32280971645563));
#10416=CARTESIAN_POINT('Ctrl Pts',(16.5795658622945,2.07637716586121,-1.38180696061772));
#10417=CARTESIAN_POINT('Ctrl Pts',(16.5115141789199,1.99516992785144,-1.41266654943388));
#10418=CARTESIAN_POINT('Ctrl Pts',(16.4050166703749,1.82424569907623,-1.47993037089889));
#10419=CARTESIAN_POINT('Ctrl Pts',(16.3653389863775,1.7362417551664,-1.51551592707772));
#10420=CARTESIAN_POINT('Ctrl Pts',(16.3376444476008,1.64523084069862,-1.55358375231081));
#10421=CARTESIAN_POINT('Origin',(25.100000000002,-0.573159574128888,3.));
#10422=CARTESIAN_POINT('',(14.45,-0.87500000000001,2.99999999999997));
#10423=CARTESIAN_POINT('Origin',(10.4682944589645,-6.24500451351651E-16,
1.));
#10424=CARTESIAN_POINT('Origin',(25.100000000002,-0.573159574128888,3.));
#10425=CARTESIAN_POINT('',(14.45,2.62499999999999,2.99999999999997));
#10426=CARTESIAN_POINT('Origin',(14.45,1.85669978630054,1.));
#10427=CARTESIAN_POINT('Origin',(21.562956421304,-5.08816276219702,1.));
#10428=CARTESIAN_POINT('Origin',(17.39,1.325,-3.35));
#10429=CARTESIAN_POINT('',(16.29,1.325,4.85));
#10430=CARTESIAN_POINT('',(16.29,1.325,-3.35));
#10431=CARTESIAN_POINT('Origin',(17.39,1.325,4.85));
#10432=CARTESIAN_POINT('Origin',(17.39,-1.325,-3.35));
#10433=CARTESIAN_POINT('',(16.29,-1.325,4.85));
#10434=CARTESIAN_POINT('',(16.29,-1.325,-3.35));
#10435=CARTESIAN_POINT('Origin',(17.39,-1.325,4.85));
#10436=CARTESIAN_POINT('Origin',(21.562956421304,-5.08816276219702,1.));
#10437=CARTESIAN_POINT('Origin',(7.63397761758875,-2.65,-2.56283380316044));
#10438=CARTESIAN_POINT('',(9.10119901868945,-2.65,-2.87470133938707));
#10439=CARTESIAN_POINT('Origin',(8.71322725555603,0.,-4.69996497785203));
#10440=CARTESIAN_POINT('',(9.10119901868945,2.65,-2.87470133938707));
#10441=CARTESIAN_POINT('Origin',(3.44826343939228,0.,13.0274325251053));
#10442=CARTESIAN_POINT('',(5.19218841284369,2.65,10.0068658664938));
#10443=CARTESIAN_POINT('Origin',(3.89315030716645,2.65,9.25686586649484));
#10444=CARTESIAN_POINT('Origin',(7.63397761758875,2.65,-2.56283380316044));
#10445=CARTESIAN_POINT('Origin',(-1.08019802868416,-9.,2.79878048780164));
#10446=CARTESIAN_POINT('',(-1.47627063918792,0.,3.82499999999981));
#10447=CARTESIAN_POINT('Origin',(-1.08019802868416,-9.,2.79878048780164));
#10448=CARTESIAN_POINT('',(-1.47627063918792,-7.8,3.82499999999981));
#10449=CARTESIAN_POINT('',(-1.47627063918792,0.,3.82499999999981));
#10450=CARTESIAN_POINT('',(-0.715123181528688,-7.8,1.85287581873637));
#10451=CARTESIAN_POINT('Origin',(-4.21862697971305E-11,0.,3.04501038332474E-13));
#10452=CARTESIAN_POINT('',(0.0254659174391741,7.5,4.09992091229201));
#10453=CARTESIAN_POINT('Origin',(-4.21862697971305E-11,7.99999999999942,
3.04501038332474E-13));
#10454=CARTESIAN_POINT('',(0.0254659174395855,7.5,-4.0999209122914));
#10455=CARTESIAN_POINT('Origin',(-4.21862697971305E-11,7.5,3.04501038332474E-13));
#10456=CARTESIAN_POINT('Origin',(-4.21862697971305E-11,7.9999999999993,
3.04501038332474E-13));
#10457=CARTESIAN_POINT('',(-1.47627063918696,0.,-3.82500000000019));
#10458=CARTESIAN_POINT('Origin',(-4.21862697971305E-11,0.,3.04501038332474E-13));
#10459=CARTESIAN_POINT('',(-1.47627063918696,-7.8,-3.82500000000019));
#10460=CARTESIAN_POINT('',(-1.47627063918696,0.,-3.82500000000019));
#10461=CARTESIAN_POINT('',(-0.900621212890238,-7.8,-3.99986017642688));
#10462=CARTESIAN_POINT('Origin',(-4.21862697971305E-11,-7.8,3.04501038332474E-13));
#10463=CARTESIAN_POINT('',(0.0254659174395855,-7.5,-4.0999209122914));
#10464=CARTESIAN_POINT('Origin',(-4.21862697971305E-11,-7.9999999999993,
3.04501038332474E-13));
#10465=CARTESIAN_POINT('',(0.0254659174391741,-7.5,4.09992091229201));
#10466=CARTESIAN_POINT('Origin',(-4.21862697971305E-11,-7.5,3.04501038332474E-13));
#10467=CARTESIAN_POINT('',(-0.900621212890678,-7.8,3.99986017642743));
#10468=CARTESIAN_POINT('Origin',(-4.21862697971305E-11,-7.99999999999942,
3.04501038332474E-13));
#10469=CARTESIAN_POINT('Origin',(-4.21862697971305E-11,-7.8,3.04501038332474E-13));
#10470=CARTESIAN_POINT('Origin',(-1.47627063918689,-9.,-3.8249999999996));
#10471=CARTESIAN_POINT('Origin',(-1.47627063918689,-9.,-3.8249999999996));
#10472=CARTESIAN_POINT('',(-0.913159486772254,-7.8,-2.36598557481457));
#10473=CARTESIAN_POINT('Ctrl Pts',(18.3870908980153,1.78955327046007,-3.10010735344874));
#10474=CARTESIAN_POINT('Ctrl Pts',(18.2945369498338,1.98820583664625,-3.10028800441849));
#10475=CARTESIAN_POINT('Ctrl Pts',(17.9876507775552,2.32753946111357,-3.10123203912792));
#10476=CARTESIAN_POINT('Ctrl Pts',(17.244569275738,2.5105342385853,-3.11276311255456));
#10477=CARTESIAN_POINT('Ctrl Pts',(16.4668712761984,2.12553824410205,-3.14815138441349));
#10478=CARTESIAN_POINT('Ctrl Pts',(16.2695613791052,1.52496902835742,-3.16457666518524));
#10479=CARTESIAN_POINT('Ctrl Pts',(16.293787744797,1.23379313873022,-3.16287909189549));
#10480=CARTESIAN_POINT('Ctrl Pts',(18.387109480204,1.78951338669978,-3.16561725244893));
#10481=CARTESIAN_POINT('Ctrl Pts',(18.2946301608567,1.9880230042908,-3.16584419914756));
#10482=CARTESIAN_POINT('Ctrl Pts',(17.9878219242211,2.32691696945614,-3.16692964652786));
#10483=CARTESIAN_POINT('Ctrl Pts',(17.2466863928323,2.50991793787481,-3.17832965429799));
#10484=CARTESIAN_POINT('Ctrl Pts',(16.4690123393248,2.12765476478355,-3.21206164076268));
#10485=CARTESIAN_POINT('Ctrl Pts',(16.269435351143,1.525492076998,-3.2275654624554));
#10486=CARTESIAN_POINT('Ctrl Pts',(16.2938125057319,1.23349553787034,-3.22596003927608));
#10487=CARTESIAN_POINT('Ctrl Pts',(18.4364080966072,1.81238539527161,-3.29604368840988));
#10488=CARTESIAN_POINT('Ctrl Pts',(18.3394339050919,2.02077833548162,-3.29635919901043));
#10489=CARTESIAN_POINT('Ctrl Pts',(18.0180450313773,2.37638102146731,-3.29770072505137));
#10490=CARTESIAN_POINT('Ctrl Pts',(17.2426443973959,2.56872216274665,-3.30883361839366));
#10491=CARTESIAN_POINT('Ctrl Pts',(16.4280738555249,2.16935282090208,-3.33937645358783));
#10492=CARTESIAN_POINT('Ctrl Pts',(16.2181920684998,1.53606715098517,-3.35306384675112));
#10493=CARTESIAN_POINT('Ctrl Pts',(16.2438385947572,1.22874060537627,-3.3516356235931));
#10494=CARTESIAN_POINT('Ctrl Pts',(18.5547189347584,1.86746730800496,-3.35020147657047));
#10495=CARTESIAN_POINT('Ctrl Pts',(18.4469507978185,2.09939851628775,-3.3504554763141));
#10496=CARTESIAN_POINT('Ctrl Pts',(18.0896241602799,2.49545252870711,-3.35162950226263));
#10497=CARTESIAN_POINT('Ctrl Pts',(17.2261999163223,2.70921475371079,-3.36294228270809));
#10498=CARTESIAN_POINT('Ctrl Pts',(16.323259125508,2.26126349896838,-3.39556246390839));
#10499=CARTESIAN_POINT('Ctrl Pts',(16.0934838150425,1.55889984030817,-3.41042908979546));
#10500=CARTESIAN_POINT('Ctrl Pts',(16.121660694318,1.21830320229427,-3.40888922536409));
#10501=CARTESIAN_POINT('Ctrl Pts',(18.614100063318,1.89513355920099,-3.35010703728088));
#10502=CARTESIAN_POINT('Ctrl Pts',(18.500852014954,2.13893443588404,-3.35028714610492));
#10503=CARTESIAN_POINT('Ctrl Pts',(18.1253854722465,2.55538933863938,-3.35122738918246));
#10504=CARTESIAN_POINT('Ctrl Pts',(17.2172122599488,2.77997383826378,-3.36272122540516));
#10505=CARTESIAN_POINT('Ctrl Pts',(16.2691790228346,2.30747875412524,-3.39788451721639));
#10506=CARTESIAN_POINT('Ctrl Pts',(16.0294284715529,1.57041653480229,-3.41415523751073));
#10507=CARTESIAN_POINT('Ctrl Pts',(16.0588991736615,1.21306430662345,-3.41247260349605));
#10508=CARTESIAN_POINT('',(16.293787744797,1.23379313873022,-3.16287909189549));
#10509=CARTESIAN_POINT('Origin',(16.0446485958872,1.21306430662346,-3.16287909189549));
#10510=CARTESIAN_POINT('',(18.3522440312244,1.85786774787234,-3.10018440836004));
#10511=CARTESIAN_POINT('Ctrl Pts',(18.352244031212,1.85786774789482,-3.10018440836007));
#10512=CARTESIAN_POINT('Ctrl Pts',(18.3522467456723,1.85785947353379,-3.11599128618179));
#10513=CARTESIAN_POINT('Ctrl Pts',(18.353848431578,1.85822252804412,-3.13169020293694));
#10514=CARTESIAN_POINT('Ctrl Pts',(18.3569245945464,1.85889152786004,-3.14708994369979));
#10515=CARTESIAN_POINT('Ctrl Pts',(18.3599257435213,1.85954421373277,-3.16211415297535));
#10516=CARTESIAN_POINT('Ctrl Pts',(18.3643311617173,1.86048822879344,-3.17685492310078));
#10517=CARTESIAN_POINT('Ctrl Pts',(18.3700724737942,1.86166828906154,-3.19113042209913));
#10518=CARTESIAN_POINT('Ctrl Pts',(18.3760427094696,1.86289540192659,-3.20597512872086));
#10519=CARTESIAN_POINT('Ctrl Pts',(18.3833883496413,1.86436363557868,-3.22014664724045));
#10520=CARTESIAN_POINT('Ctrl Pts',(18.3919876271287,1.8660022070451,-3.23347019900363));
#10521=CARTESIAN_POINT('Ctrl Pts',(18.4004650770192,1.86761756455843,-3.24660499347922));
#10522=CARTESIAN_POINT('Ctrl Pts',(18.4101617236819,1.86939864754743,-3.25891713635476));
#10523=CARTESIAN_POINT('Ctrl Pts',(18.4210054171438,1.87129322966624,-3.27022403881187));
#10524=CARTESIAN_POINT('Ctrl Pts',(18.423234526264,1.87168269385525,-3.27254836856878));
#10525=CARTESIAN_POINT('Ctrl Pts',(18.4255074701625,1.87207621702125,-3.27482517800959));
#10526=CARTESIAN_POINT('Ctrl Pts',(18.427823240082,1.87247330399844,-3.27705328731402));
#10527=CARTESIAN_POINT('Ctrl Pts',(18.4388520065827,1.87436441568233,-3.28766457345682));
#10528=CARTESIAN_POINT('Ctrl Pts',(18.4508487657074,1.87633393274258,-3.2971735993432));
#10529=CARTESIAN_POINT('Ctrl Pts',(18.4636156938768,1.87828648537452,-3.30556810507337));
#10530=CARTESIAN_POINT('Ctrl Pts',(18.4756065680077,1.88012034960035,-3.31345234004884));
#10531=CARTESIAN_POINT('Ctrl Pts',(18.488278072638,1.88193984780744,-3.32035355581935));
#10532=CARTESIAN_POINT('Ctrl Pts',(18.5014912643021,1.8836868896484,-3.32623548026973));
#10533=CARTESIAN_POINT('Ctrl Pts',(18.5159101511039,1.88559334792003,-3.33265412649711));
#10534=CARTESIAN_POINT('Ctrl Pts',(18.5308731556265,1.88739855046523,-3.3378143127825));
#10535=CARTESIAN_POINT('Ctrl Pts',(18.5461952112501,1.88904948831308,-3.34168105724384));
#10536=CARTESIAN_POINT('Ctrl Pts',(18.5495125123555,1.88940692455284,-3.34251822661529));
#10537=CARTESIAN_POINT('Ctrl Pts',(18.5528467230786,1.88975723292549,-3.34329462190786));
#10538=CARTESIAN_POINT('Ctrl Pts',(18.55619607594,1.89010003694816,-3.34400963891016));
#10539=CARTESIAN_POINT('Ctrl Pts',(18.5719106355507,1.89170841160195,-3.34736436974034));
#10540=CARTESIAN_POINT('Ctrl Pts',(18.5878975873689,1.89314332357649,-3.34935864958334));
#10541=CARTESIAN_POINT('Ctrl Pts',(18.603973637156,1.89438077435943,-3.34993374794115));
#10542=CARTESIAN_POINT('Ctrl Pts',(18.6073457112777,1.89464033910433,-3.35005437921036));
#10543=CARTESIAN_POINT('Ctrl Pts',(18.6107217389181,1.89489129972023,-3.350112410142));
#10544=CARTESIAN_POINT('Ctrl Pts',(18.614100063318,1.89513355920099,-3.35010703728088));
#10545=CARTESIAN_POINT('',(16.2901822353241,1.32498404508912,-3.16309555283483));
#10546=CARTESIAN_POINT('Ctrl Pts',(18.3522440312244,1.85786774787234,-3.10018440836004));
#10547=CARTESIAN_POINT('Ctrl Pts',(18.2582526111593,2.02702207084729,-3.1004185052777));
#10548=CARTESIAN_POINT('Ctrl Pts',(18.1191342560131,2.1709751728993,-3.10098940040471));
#10549=CARTESIAN_POINT('Ctrl Pts',(17.9529100953523,2.2701552716175,-3.10272569146456));
#10550=CARTESIAN_POINT('Ctrl Pts',(17.7647263270101,2.38243789435509,-3.10469136115591));
#10551=CARTESIAN_POINT('Ctrl Pts',(17.5418018764649,2.43733632759661,-3.1081506831839));
#10552=CARTESIAN_POINT('Ctrl Pts',(17.3235167099734,2.42370732905476,-3.11426373014445));
#10553=CARTESIAN_POINT('Ctrl Pts',(17.0324698213181,2.40553533099896,-3.12241445942517));
#10554=CARTESIAN_POINT('Ctrl Pts',(16.7496705487583,2.2655367875505,-3.13528292191933));
#10555=CARTESIAN_POINT('Ctrl Pts',(16.558943438205,2.04539521189012,-3.14582347335935));
#10556=CARTESIAN_POINT('Ctrl Pts',(16.3880843471593,1.84818575692791,-3.15526601686006));
#10557=CARTESIAN_POINT('Ctrl Pts',(16.2911142351354,1.5866605881082,-3.16284038471141));
#10558=CARTESIAN_POINT('Ctrl Pts',(16.2901822353241,1.32498404508912,-3.16309555283483));
#10559=CARTESIAN_POINT('Ctrl Pts',(16.2901822353241,1.32498404508912,-3.16309555283483));
#10560=CARTESIAN_POINT('Ctrl Pts',(16.2900738595256,1.29455549352935,-3.16312522456739));
#10561=CARTESIAN_POINT('Ctrl Pts',(16.2912640872804,1.26412489512516,-3.16305592789504));
#10562=CARTESIAN_POINT('Ctrl Pts',(16.293787744797,1.23379313873022,-3.16287909189549));
#10563=CARTESIAN_POINT('Ctrl Pts',(16.293787744797,1.23379313873022,-3.16287909189549));
#10564=CARTESIAN_POINT('Ctrl Pts',(16.3054190727102,1.09399659244732,-3.16206406945915));
#10565=CARTESIAN_POINT('Ctrl Pts',(16.3827691581616,0.818021151727184,-3.17337371052731));
#10566=CARTESIAN_POINT('Ctrl Pts',(16.6122280122274,0.52427113484136,-3.28825405414767));
#10567=CARTESIAN_POINT('Ctrl Pts',(16.8431400372406,0.362574211995495,-3.50438432943092));
#10568=CARTESIAN_POINT('Ctrl Pts',(17.0148469859101,0.287235326814143,-3.76608542045217));
#10569=CARTESIAN_POINT('Ctrl Pts',(17.127853538863,0.25594279820098,-4.08307884831154));
#10570=CARTESIAN_POINT('Ctrl Pts',(17.1537141782396,0.250677417888373,-4.31261442068356));
#10571=CARTESIAN_POINT('Ctrl Pts',(17.1537141782396,0.250677417888373,-4.42738991321497));
#10572=CARTESIAN_POINT('Ctrl Pts',(16.2938125057319,1.23349553787034,-3.22596003927609));
#10573=CARTESIAN_POINT('Ctrl Pts',(16.3054077226472,1.09545936174458,-3.22764003851488));
#10574=CARTESIAN_POINT('Ctrl Pts',(16.3817809931991,0.825843851860444,-3.24459062274649));
#10575=CARTESIAN_POINT('Ctrl Pts',(16.5935354709949,0.546765357664893,-3.36114021133841));
#10576=CARTESIAN_POINT('Ctrl Pts',(16.7989283476216,0.389594114202173,-3.56512013097165));
#10577=CARTESIAN_POINT('Ctrl Pts',(16.95291450288,0.310454753884174,-3.80825688702273));
#10578=CARTESIAN_POINT('Ctrl Pts',(17.0567974967631,0.273613238621021,-4.10405009672008));
#10579=CARTESIAN_POINT('Ctrl Pts',(17.0811445804669,0.26663824064442,-4.31961664384859));
#10580=CARTESIAN_POINT('Ctrl Pts',(17.0811428173685,0.266638716594374,-4.42738991321497));
#10581=CARTESIAN_POINT('Ctrl Pts',(16.243913825227,1.22874652603156,-3.35170691353054));
#10582=CARTESIAN_POINT('Ctrl Pts',(16.2516436164374,1.0872706833017,-3.35818500219523));
#10583=CARTESIAN_POINT('Ctrl Pts',(16.3189336528727,0.813775642150447,-3.38580598599441));
#10584=CARTESIAN_POINT('Ctrl Pts',(16.5008301382849,0.535094804748238,-3.50482855335981));
#10585=CARTESIAN_POINT('Ctrl Pts',(16.6714445730528,0.372264653044901,-3.68465442590856));
#10586=CARTESIAN_POINT('Ctrl Pts',(16.8042267539431,0.283154307959607,-3.8913753720125));
#10587=CARTESIAN_POINT('Ctrl Pts',(16.8990265299265,0.237851190784507,-4.14555547685849));
#10588=CARTESIAN_POINT('Ctrl Pts',(16.9217646231072,0.229133653922903,-4.33341247845087));
#10589=CARTESIAN_POINT('Ctrl Pts',(16.921758760859,0.229131178638721,-4.42738991321497));
#10590=CARTESIAN_POINT('Ctrl Pts',(16.121660694318,1.21830320229427,-3.40888922536409));
#10591=CARTESIAN_POINT('Ctrl Pts',(16.1226547597749,1.06219970429819,-3.4126121335975));
#10592=CARTESIAN_POINT('Ctrl Pts',(16.1796344975418,0.754801824219917,-3.43230334282004));
#10593=CARTESIAN_POINT('Ctrl Pts',(16.3725954506368,0.424205763631578,-3.53610247919531));
#10594=CARTESIAN_POINT('Ctrl Pts',(16.5698459368534,0.232062896492447,-3.70778678415639));
#10595=CARTESIAN_POINT('Ctrl Pts',(16.7216852092211,0.134623279591613,-3.9099193414184));
#10596=CARTESIAN_POINT('Ctrl Pts',(16.8256939475443,0.0898912748372669,
-4.15647018403355));
#10597=CARTESIAN_POINT('Ctrl Pts',(16.8503114470067,0.081814314920774,-4.33712742454607));
#10598=CARTESIAN_POINT('Ctrl Pts',(16.8503081172417,0.0818053546986955,
-4.42738991321497));
#10599=CARTESIAN_POINT('Ctrl Pts',(16.0588991736615,1.21306430662345,-3.41247260349605));
#10600=CARTESIAN_POINT('Ctrl Pts',(16.0578904116873,1.04882151012491,-3.41253019890739));
#10601=CARTESIAN_POINT('Ctrl Pts',(16.113497030251,0.722677421478206,-3.42282432176487));
#10602=CARTESIAN_POINT('Ctrl Pts',(16.3244978467724,0.36447198615531,-3.51567027042063));
#10603=CARTESIAN_POINT('Ctrl Pts',(16.5464140337744,0.15857661769634,-3.68889562731576));
#10604=CARTESIAN_POINT('Ctrl Pts',(16.7138327293018,0.0584198258972243,
-3.89833555797714));
#10605=CARTESIAN_POINT('Ctrl Pts',(16.8246322385524,0.0149669420410545,
-4.15194044195652));
#10606=CARTESIAN_POINT('Ctrl Pts',(16.8500148453288,0.00751080187802045,
-4.3355695163204));
#10607=CARTESIAN_POINT('Ctrl Pts',(16.8500148028565,0.00750004236015251,
-4.42738991321497));
#10608=CARTESIAN_POINT('',(17.1537141782396,0.250677417888373,-4.42738991321497));
#10609=CARTESIAN_POINT('',(16.8500148028565,0.00750004236015263,-4.42738991321497));
#10610=CARTESIAN_POINT('Origin',(17.1000128551122,0.00651319468118486,-4.42738991321497));
#10611=CARTESIAN_POINT('Ctrl Pts',(16.8500148028565,0.00750004236015251,
-4.42738991321497));
#10612=CARTESIAN_POINT('Ctrl Pts',(16.8500148453288,0.00751080187802045,
-4.3355695163204));
#10613=CARTESIAN_POINT('Ctrl Pts',(16.8246322385524,0.0149669420410545,
-4.15194044195652));
#10614=CARTESIAN_POINT('Ctrl Pts',(16.7138327293018,0.0584198258972243,
-3.89833555797714));
#10615=CARTESIAN_POINT('Ctrl Pts',(16.5464140337744,0.15857661769634,-3.68889562731576));
#10616=CARTESIAN_POINT('Ctrl Pts',(16.3244978467724,0.36447198615531,-3.51567027042063));
#10617=CARTESIAN_POINT('Ctrl Pts',(16.113497030251,0.722677421478206,-3.42282432176487));
#10618=CARTESIAN_POINT('Ctrl Pts',(16.0578904116873,1.04882151012491,-3.41253019890739));
#10619=CARTESIAN_POINT('Ctrl Pts',(16.0588991736615,1.21306430662345,-3.41247260349605));
#10620=CARTESIAN_POINT('Ctrl Pts',(16.293787744797,1.23379313873022,-3.16287909189549));
#10621=CARTESIAN_POINT('Ctrl Pts',(16.3054190727102,1.09399659244732,-3.16206406945915));
#10622=CARTESIAN_POINT('Ctrl Pts',(16.3827691581616,0.818021151727184,-3.17337371052731));
#10623=CARTESIAN_POINT('Ctrl Pts',(16.6122280122274,0.52427113484136,-3.28825405414767));
#10624=CARTESIAN_POINT('Ctrl Pts',(16.8431400372406,0.362574211995495,-3.50438432943092));
#10625=CARTESIAN_POINT('Ctrl Pts',(17.0148469859101,0.287235326814143,-3.76608542045217));
#10626=CARTESIAN_POINT('Ctrl Pts',(17.127853538863,0.25594279820098,-4.08307884831154));
#10627=CARTESIAN_POINT('Ctrl Pts',(17.1537141782396,0.250677417888373,-4.31261442068356));
#10628=CARTESIAN_POINT('Ctrl Pts',(17.1537141782396,0.250677417888373,-4.42738991321497));
#10629=CARTESIAN_POINT('Origin',(17.1000128551122,0.00651319468118545,1.));
#10630=CARTESIAN_POINT('',(17.1537141782396,0.250677417888373,-6.5));
#10631=CARTESIAN_POINT('',(16.8500148028565,0.00750004236015295,-6.5));
#10632=CARTESIAN_POINT('Origin',(17.1000128551122,0.00651319468118545,-6.5));
#10633=CARTESIAN_POINT('',(16.8500148028565,0.00750004236015294,1.));
#10634=CARTESIAN_POINT('',(17.1537141782396,0.250677417888373,1.));
#10635=CARTESIAN_POINT('Origin',(18.75,0.,-6.5));
#10636=CARTESIAN_POINT('',(18.3522926452085,1.85790980942152,-6.5));
#10637=CARTESIAN_POINT('Origin',(17.39,1.325,-6.5));
#10638=CARTESIAN_POINT('',(18.3522926452085,-1.85790980942152,-6.5));
#10639=CARTESIAN_POINT('Origin',(18.75,0.,-6.5));
#10640=CARTESIAN_POINT('',(17.1537141782396,-0.250677417888373,-6.5));
#10641=CARTESIAN_POINT('Origin',(17.39,-1.325,-6.5));
#10642=CARTESIAN_POINT('',(16.8500148028565,-0.00750004236015295,-6.5));
#10643=CARTESIAN_POINT('Origin',(17.1000128551122,-0.00651319468118545,
-6.5));
#10644=CARTESIAN_POINT('Origin',(18.75,0.,-6.5));
#10645=CARTESIAN_POINT('Origin',(17.39,1.325,-3.35));
#10646=CARTESIAN_POINT('',(16.29,1.325,-3.35));
#10647=CARTESIAN_POINT('',(18.3522926452085,1.85790980942152,-3.35));
#10648=CARTESIAN_POINT('Origin',(17.1000128551122,-0.00651319468118545,
1.));
#10649=CARTESIAN_POINT('',(17.1537141782396,-0.250677417888373,-4.42738991321497));
#10650=CARTESIAN_POINT('',(17.1537141782396,-0.250677417888373,1.));
#10651=CARTESIAN_POINT('',(16.8500148028565,-0.00750004236586783,-4.42738991321497));
#10652=CARTESIAN_POINT('Origin',(17.1000128551122,-0.00651319468118545,
-4.42738991321497));
#10653=CARTESIAN_POINT('',(16.8500148028565,-0.00750004236015294,1.));
#10654=CARTESIAN_POINT('Ctrl Pts',(17.1537141782396,-0.250677417888373,
-4.42738991321497));
#10655=CARTESIAN_POINT('Ctrl Pts',(17.1537141782396,-0.250677417888373,
-4.31261509880574));
#10656=CARTESIAN_POINT('Ctrl Pts',(17.1278580174723,-0.255941688835431,
-4.0830779042605));
#10657=CARTESIAN_POINT('Ctrl Pts',(17.0148380121671,-0.287239367854545,
-3.76606538708011));
#10658=CARTESIAN_POINT('Ctrl Pts',(16.8431375313824,-0.362577950983799,
-3.50438147498367));
#10659=CARTESIAN_POINT('Ctrl Pts',(16.6122080920139,-0.524289875630912,
-3.28823767056752));
#10660=CARTESIAN_POINT('Ctrl Pts',(16.3827603634268,-0.818046520626951,
-3.17337271398755));
#10661=CARTESIAN_POINT('Ctrl Pts',(16.3054190039895,-1.09399741840012,-3.1620640742745));
#10662=CARTESIAN_POINT('Ctrl Pts',(16.293787744797,-1.23379313873023,-3.16287909189549));
#10663=CARTESIAN_POINT('Ctrl Pts',(17.0811428173685,-0.266638716594376,
-4.42738991321497));
#10664=CARTESIAN_POINT('Ctrl Pts',(17.0811445804565,-0.266638240647234,
-4.31961728059989));
#10665=CARTESIAN_POINT('Ctrl Pts',(17.0568014369237,-0.273612067678916,
-4.10404911213703));
#10666=CARTESIAN_POINT('Ctrl Pts',(16.9529062805232,-0.310459137344303,
-3.80823820260561));
#10667=CARTESIAN_POINT('Ctrl Pts',(16.7989260998184,-0.389597806783422,
-3.56511742730976));
#10668=CARTESIAN_POINT('Ctrl Pts',(16.5935174734894,-0.546783335643589,
-3.3611244551364));
#10669=CARTESIAN_POINT('Ctrl Pts',(16.381772435728,-0.825868334156625,-3.2445889811689));
#10670=CARTESIAN_POINT('Ctrl Pts',(16.3054076541398,-1.09546017729668,-3.22764002858903));
#10671=CARTESIAN_POINT('Ctrl Pts',(16.2938125057319,-1.23349553787035,-3.22596003927609));
#10672=CARTESIAN_POINT('Ctrl Pts',(16.921758760859,-0.229131178638724,-4.42738991321497));
#10673=CARTESIAN_POINT('Ctrl Pts',(16.9217646230726,-0.229133653908281,
-4.33341303369294));
#10674=CARTESIAN_POINT('Ctrl Pts',(16.899029839451,-0.237849818378035,-4.1455544289247));
#10675=CARTESIAN_POINT('Ctrl Pts',(16.8042193562722,-0.28315935192393,-3.89135933969071));
#10676=CARTESIAN_POINT('Ctrl Pts',(16.6714427365588,-0.372268505260688,
-3.68465203027947));
#10677=CARTESIAN_POINT('Ctrl Pts',(16.5008149448745,-0.535113084470214,
-3.50481407668069));
#10678=CARTESIAN_POINT('Ctrl Pts',(16.3189261130302,-0.813800272021318,
-3.38580313222276));
#10679=CARTESIAN_POINT('Ctrl Pts',(16.2516435707679,-1.08727151917621,-3.35818496392107));
#10680=CARTESIAN_POINT('Ctrl Pts',(16.243913825227,-1.22874652603156,-3.35170691353054));
#10681=CARTESIAN_POINT('Ctrl Pts',(16.8503081172417,-0.081805354698696,
-4.42738991321497));
#10682=CARTESIAN_POINT('Ctrl Pts',(16.8503114469871,-0.0818143148678354,
-4.33712795783932));
#10683=CARTESIAN_POINT('Ctrl Pts',(16.8256978949333,-0.0898896927024223,
-4.15646928922057));
#10684=CARTESIAN_POINT('Ctrl Pts',(16.7216771026146,-0.134628531069131,
-3.90990376157181));
#10685=CARTESIAN_POINT('Ctrl Pts',(16.5698439301107,-0.232067213059722,
-3.7077844832039));
#10686=CARTESIAN_POINT('Ctrl Pts',(16.3725785533598,-0.424227365964283,
-3.53608901451683));
#10687=CARTESIAN_POINT('Ctrl Pts',(16.1796277384275,-0.754829968556006,
-3.43230140413874));
#10688=CARTESIAN_POINT('Ctrl Pts',(16.1226547539017,-1.06220062659654,-3.41261211160163));
#10689=CARTESIAN_POINT('Ctrl Pts',(16.121660694318,-1.21830320229428,-3.40888922536409));
#10690=CARTESIAN_POINT('Ctrl Pts',(16.8500148028565,-0.00750004236015193,
-4.42738991321497));
#10691=CARTESIAN_POINT('Ctrl Pts',(16.8500148453286,-0.00751080181445002,
-4.33557005881816));
#10692=CARTESIAN_POINT('Ctrl Pts',(16.8246366984697,-0.014965302776369,
-4.15193968336582));
#10693=CARTESIAN_POINT('Ctrl Pts',(16.7138240395908,-0.0584251181383947,
-3.89831952381693));
#10694=CARTESIAN_POINT('Ctrl Pts',(16.5464118069005,-0.158581171043628,
-3.68889332979382));
#10695=CARTESIAN_POINT('Ctrl Pts',(16.3244790556931,-0.364495276458729,
-3.51565711306977));
#10696=CARTESIAN_POINT('Ctrl Pts',(16.1134901451795,-0.722707529916069,
-3.4228234159758));
#10697=CARTESIAN_POINT('Ctrl Pts',(16.0578904176474,-1.04882248051226,-3.41253019856711));
#10698=CARTESIAN_POINT('Ctrl Pts',(16.0588991736615,-1.21306430662346,-3.41247260349606));
#10699=CARTESIAN_POINT('',(16.293787744797,-1.23379313873023,-3.16287909189549));
#10700=CARTESIAN_POINT('Origin',(16.0446485958872,-1.21306430662346,-3.16287909189549));
#10701=CARTESIAN_POINT('Ctrl Pts',(16.0588991736615,-1.21306430662346,-3.41247260349606));
#10702=CARTESIAN_POINT('Ctrl Pts',(16.0578904176474,-1.04882248051226,-3.41253019856711));
#10703=CARTESIAN_POINT('Ctrl Pts',(16.1134901451795,-0.722707529916069,
-3.4228234159758));
#10704=CARTESIAN_POINT('Ctrl Pts',(16.3244790556931,-0.364495276458729,
-3.51565711306977));
#10705=CARTESIAN_POINT('Ctrl Pts',(16.5464118069005,-0.158581171043628,
-3.68889332979382));
#10706=CARTESIAN_POINT('Ctrl Pts',(16.7138240395908,-0.0584251181383947,
-3.89831952381693));
#10707=CARTESIAN_POINT('Ctrl Pts',(16.8246366984697,-0.014965302776369,
-4.15193968336582));
#10708=CARTESIAN_POINT('Ctrl Pts',(16.8500148453286,-0.00751080181445002,
-4.33557005881816));
#10709=CARTESIAN_POINT('Ctrl Pts',(16.8500148028565,-0.00750004236015193,
-4.42738991321497));
#10710=CARTESIAN_POINT('Ctrl Pts',(17.1537141782396,-0.250677417888373,
-4.42738991321497));
#10711=CARTESIAN_POINT('Ctrl Pts',(17.1537141782396,-0.250677417888373,
-4.31261509880574));
#10712=CARTESIAN_POINT('Ctrl Pts',(17.1278580174723,-0.255941688835431,
-4.0830779042605));
#10713=CARTESIAN_POINT('Ctrl Pts',(17.0148380121671,-0.287239367854545,
-3.76606538708011));
#10714=CARTESIAN_POINT('Ctrl Pts',(16.8431375313824,-0.362577950983799,
-3.50438147498367));
#10715=CARTESIAN_POINT('Ctrl Pts',(16.6122080920139,-0.524289875630912,
-3.28823767056752));
#10716=CARTESIAN_POINT('Ctrl Pts',(16.3827603634268,-0.818046520626951,
-3.17337271398755));
#10717=CARTESIAN_POINT('Ctrl Pts',(16.3054190039895,-1.09399741840012,-3.1620640742745));
#10718=CARTESIAN_POINT('Ctrl Pts',(16.293787744797,-1.23379313873023,-3.16287909189549));
#10719=CARTESIAN_POINT('Ctrl Pts',(16.293787744797,-1.23379313873022,-3.16287909189549));
#10720=CARTESIAN_POINT('Ctrl Pts',(16.2756179705282,-1.45217505595062,-3.16415227186281));
#10721=CARTESIAN_POINT('Ctrl Pts',(16.3738390959133,-1.89900967240078,-3.15649609582977));
#10722=CARTESIAN_POINT('Ctrl Pts',(16.9278023540248,-2.42635435303211,-3.124172516757));
#10723=CARTESIAN_POINT('Ctrl Pts',(17.7943401852125,-2.47819000475359,-3.10134018660861));
#10724=CARTESIAN_POINT('Ctrl Pts',(18.2636856337733,-2.0544233587083,-3.10034822140841));
#10725=CARTESIAN_POINT('Ctrl Pts',(18.3870908980153,-1.78955327046007,-3.10010735344875));
#10726=CARTESIAN_POINT('Ctrl Pts',(16.2938125057319,-1.23349553787034,-3.22596003927609));
#10727=CARTESIAN_POINT('Ctrl Pts',(16.2755296397902,-1.45249294221609,-3.22716410666057));
#10728=CARTESIAN_POINT('Ctrl Pts',(16.374811550015,-1.90083927755342,-3.21992938476585));
#10729=CARTESIAN_POINT('Ctrl Pts',(16.9303414518845,-2.42668335173624,-3.18927436099825));
#10730=CARTESIAN_POINT('Ctrl Pts',(17.7947046169774,-2.47710381762233,-3.16717696497933));
#10731=CARTESIAN_POINT('Ctrl Pts',(18.2638037210743,-2.05419287682112,-3.1659198480471));
#10732=CARTESIAN_POINT('Ctrl Pts',(18.387109480204,-1.78951338669978,-3.16561725244893));
#10733=CARTESIAN_POINT('Ctrl Pts',(16.2438385947572,-1.22874060537627,-3.3516356235931));
#10734=CARTESIAN_POINT('Ctrl Pts',(16.2246037000641,-1.45923551458295,-3.35270679096161));
#10735=CARTESIAN_POINT('Ctrl Pts',(16.3290118527103,-1.93108607466896,-3.34630419791517));
#10736=CARTESIAN_POINT('Ctrl Pts',(16.9118297519578,-2.48215946529749,-3.31886851328166));
#10737=CARTESIAN_POINT('Ctrl Pts',(17.8160711315887,-2.5338360766892,-3.298195465027));
#10738=CARTESIAN_POINT('Ctrl Pts',(18.3071091745869,-2.09024264888495,-3.29646436921062));
#10739=CARTESIAN_POINT('Ctrl Pts',(18.4364080966072,-1.81238539527161,-3.29604368840988));
#10740=CARTESIAN_POINT('Ctrl Pts',(16.121660694318,-1.21830320229427,-3.40888922536408));
#10741=CARTESIAN_POINT('Ctrl Pts',(16.1005280348614,-1.47375068080469,-3.41004412368761));
#10742=CARTESIAN_POINT('Ctrl Pts',(16.2149194394986,-1.99653990806119,-3.4031038067395));
#10743=CARTESIAN_POINT('Ctrl Pts',(16.8584844693372,-2.61151240436932,-3.37358889064472));
#10744=CARTESIAN_POINT('Ctrl Pts',(17.864632389402,-2.67113037148645,-3.35197170359829));
#10745=CARTESIAN_POINT('Ctrl Pts',(18.4110280855052,-2.17670891904867,-3.35054014289531));
#10746=CARTESIAN_POINT('Ctrl Pts',(18.5547189347584,-1.86746730800496,-3.35020147657048));
#10747=CARTESIAN_POINT('Ctrl Pts',(16.0588991736615,-1.21306430662345,-3.41247260349605));
#10748=CARTESIAN_POINT('Ctrl Pts',(16.0367961470801,-1.48107847775758,-3.41373457900706));
#10749=CARTESIAN_POINT('Ctrl Pts',(16.1561997165586,-2.02946641612823,-3.40615191106406));
#10750=CARTESIAN_POINT('Ctrl Pts',(16.8307504982725,-2.6766621605394,-3.3740701686035));
#10751=CARTESIAN_POINT('Ctrl Pts',(17.8888235197319,-2.74027864219759,-3.35134023225193));
#10752=CARTESIAN_POINT('Ctrl Pts',(18.4631026654994,-2.22020139477837,-3.3503471823796));
#10753=CARTESIAN_POINT('Ctrl Pts',(18.614100063318,-1.89513355920099,-3.35010703728089));
#10754=CARTESIAN_POINT('',(18.3521807198331,-1.85783757421944,-3.10017890308365));
#10755=CARTESIAN_POINT('Ctrl Pts',(18.614100063318,-1.89513355920099,-3.35010703728089));
#10756=CARTESIAN_POINT('Ctrl Pts',(18.5980845036018,-1.89398508418149,-3.35013250830373));
#10757=CARTESIAN_POINT('Ctrl Pts',(18.5821487782001,-1.89264197975285,-3.34873684726337));
#10758=CARTESIAN_POINT('Ctrl Pts',(18.5664672412707,-1.89112321816589,-3.34600160611439));
#10759=CARTESIAN_POINT('Ctrl Pts',(18.5509423753783,-1.88961963021618,-3.34329369220182));
#10760=CARTESIAN_POINT('Ctrl Pts',(18.5356655216292,-1.88794336820534,-3.33927223713271));
#10761=CARTESIAN_POINT('Ctrl Pts',(18.5208169291678,-1.88613606441801,-3.33397362756454));
#10762=CARTESIAN_POINT('Ctrl Pts',(18.5165060823196,-1.88561136755832,-3.33243533399118));
#10763=CARTESIAN_POINT('Ctrl Pts',(18.5122314633451,-1.8850758037421,-3.33078914801073));
#10764=CARTESIAN_POINT('Ctrl Pts',(18.5079978712894,-1.88453086093173,-3.32903538248839));
#10765=CARTESIAN_POINT('Ctrl Pts',(18.4930952849509,-1.88261261817848,-3.32286198605089));
#10766=CARTESIAN_POINT('Ctrl Pts',(18.478829448313,-1.88059275296688,-3.31541292306845));
#10767=CARTESIAN_POINT('Ctrl Pts',(18.4653921098034,-1.87854919458614,-3.30673881177165));
#10768=CARTESIAN_POINT('Ctrl Pts',(18.4528939960437,-1.87664847406035,-3.29867099166912));
#10769=CARTESIAN_POINT('Ctrl Pts',(18.441111785576,-1.87472710580098,-3.28954251983827));
#10770=CARTESIAN_POINT('Ctrl Pts',(18.4302281740843,-1.87287220026888,-3.2793636787725));
#10771=CARTESIAN_POINT('Ctrl Pts',(18.429410278082,-1.87273280537955,-3.27859874578844));
#10772=CARTESIAN_POINT('Ctrl Pts',(18.4285974743724,-1.87259379864183,-3.27782786909259));
#10773=CARTESIAN_POINT('Ctrl Pts',(18.4277898495281,-1.87245522345111,-3.27705104746341));
#10774=CARTESIAN_POINT('Ctrl Pts',(18.4262433057579,-1.87218986187954,-3.27556348964533));
#10775=CARTESIAN_POINT('Ctrl Pts',(18.4247157517711,-1.87192608229994,-3.27405413211752));
#10776=CARTESIAN_POINT('Ctrl Pts',(18.4232074915426,-1.87166403279358,-3.27252331994888));
#10777=CARTESIAN_POINT('Ctrl Pts',(18.4118478001243,-1.8696903670611,-3.26099377516146));
#10778=CARTESIAN_POINT('Ctrl Pts',(18.4017040834723,-1.86783388171519,-3.24837613304892));
#10779=CARTESIAN_POINT('Ctrl Pts',(18.3928553569692,-1.86615161914347,-3.23487152121353));
#10780=CARTESIAN_POINT('Ctrl Pts',(18.3840066304661,-1.86446935657176,-3.22136690937815));
#10781=CARTESIAN_POINT('Ctrl Pts',(18.3764520624775,-1.86296115156647,-3.20697360738466));
#10782=CARTESIAN_POINT('Ctrl Pts',(18.3703207976565,-1.86170186862167,-3.19187535618739));
#10783=CARTESIAN_POINT('Ctrl Pts',(18.3643850832035,-1.86048274920764,-3.17725864814047));
#10784=CARTESIAN_POINT('Ctrl Pts',(18.359852146345,-1.85951095629083,-3.16214895726945));
#10785=CARTESIAN_POINT('Ctrl Pts',(18.3567959331004,-1.85884613772333,-3.14674213871436));
#10786=CARTESIAN_POINT('Ctrl Pts',(18.3537630200264,-1.85818638764573,-3.13145277973111));
#10787=CARTESIAN_POINT('Ctrl Pts',(18.352183793721,-1.8578288504006,-3.1158693758687));
#10788=CARTESIAN_POINT('Ctrl Pts',(18.3521807128337,-1.85783758676474,-3.10017890309906));
#10789=CARTESIAN_POINT('',(16.2900871289486,-1.32497896573634,-3.1631201751595));
#10790=CARTESIAN_POINT('Ctrl Pts',(16.293787744797,-1.23379313873022,-3.16287909189549));
#10791=CARTESIAN_POINT('Ctrl Pts',(16.2912640872804,-1.26412489512516,-3.16305592789504));
#10792=CARTESIAN_POINT('Ctrl Pts',(16.2900383557502,-1.2945537908201,-3.16313435374122));
#10793=CARTESIAN_POINT('Ctrl Pts',(16.2900871289486,-1.32497896573634,-3.1631201751595));
#10794=CARTESIAN_POINT('Ctrl Pts',(16.2900871289486,-1.32497896573634,-3.1631201751595));
#10795=CARTESIAN_POINT('Ctrl Pts',(16.2903895119589,-1.51360830066981,-3.16303227109825));
#10796=CARTESIAN_POINT('Ctrl Pts',(16.3969216095353,-1.92098304445374,-3.15514923853674));
#10797=CARTESIAN_POINT('Ctrl Pts',(16.9278023540248,-2.42635435303211,-3.124172516757));
#10798=CARTESIAN_POINT('Ctrl Pts',(17.7667624604886,-2.47654032567137,-3.10206682968521));
#10799=CARTESIAN_POINT('Ctrl Pts',(18.2223008320561,-2.09062743652178,-3.10046493557129));
#10800=CARTESIAN_POINT('Ctrl Pts',(18.3521807198331,-1.85783757421944,-3.10017890308365));
#10801=CARTESIAN_POINT('Origin',(17.39,-1.325,-3.35));
#10802=CARTESIAN_POINT('',(18.3522926452085,-1.85790980942152,-3.35));
#10803=CARTESIAN_POINT('',(16.29,-1.325,-3.35));
#10804=CARTESIAN_POINT('Ctrl Pts',(16.0588991736615,1.21306430662345,-3.41247260349605));
#10805=CARTESIAN_POINT('Ctrl Pts',(15.8779925167308,0.834186945443841,-3.42280149533282));
#10806=CARTESIAN_POINT('Ctrl Pts',(15.6873537907759,-4.16156439996616E-8,
-3.43648710107793));
#10807=CARTESIAN_POINT('Ctrl Pts',(15.8779924677186,-0.834186842796502,
-3.42280149813118));
#10808=CARTESIAN_POINT('Ctrl Pts',(16.0588991736615,-1.21306430662346,-3.41247260349605));
#10809=CARTESIAN_POINT('Ctrl Pts',(16.339090296503,1.08360907174511,-3.39647505066657));
#10810=CARTESIAN_POINT('Ctrl Pts',(16.1783773177072,0.744543004078209,-3.40375331980328));
#10811=CARTESIAN_POINT('Ctrl Pts',(16.0099325832334,-3.72715035871221E-8,
-3.41317665659248));
#10812=CARTESIAN_POINT('Ctrl Pts',(16.1783772741661,-0.744542912216751,
-3.40375332177514));
#10813=CARTESIAN_POINT('Ctrl Pts',(16.339090296503,-1.08360907174511,-3.39647505066657));
#10814=CARTESIAN_POINT('Ctrl Pts',(16.838901709987,0.859766970711087,-3.63732431211234));
#10815=CARTESIAN_POINT('Ctrl Pts',(16.7145503033137,0.589016784006195,-3.64279100908167));
#10816=CARTESIAN_POINT('Ctrl Pts',(16.586407038363,-2.98156421922875E-8,
-3.64959569213091));
#10817=CARTESIAN_POINT('Ctrl Pts',(16.7145502696238,-0.589016710653227,
-3.64279101056274));
#10818=CARTESIAN_POINT('Ctrl Pts',(16.838901709987,-0.85976697071109,-3.63732431211234));
#10819=CARTESIAN_POINT('Ctrl Pts',(17.0218962740215,0.789739287510482,-4.17911340832167));
#10820=CARTESIAN_POINT('Ctrl Pts',(16.9088311122642,0.542260814873955,-4.18773675177439));
#10821=CARTESIAN_POINT('Ctrl Pts',(16.7914938102268,-2.72159250864127E-8,
-4.19897794371028));
#10822=CARTESIAN_POINT('Ctrl Pts',(16.908831081632,-0.54226074782588,-4.18773675411067));
#10823=CARTESIAN_POINT('Ctrl Pts',(17.0218962740215,-0.789739287510485,
-4.17911340832167));
#10824=CARTESIAN_POINT('Ctrl Pts',(17.0242113176006,0.794766269856746,-4.41084664989829));
#10825=CARTESIAN_POINT('Ctrl Pts',(16.9098955677015,0.546536274601132,-4.42080872124998));
#10826=CARTESIAN_POINT('Ctrl Pts',(16.7901971750174,-2.72654217881915E-8,
-4.43393269071601));
#10827=CARTESIAN_POINT('Ctrl Pts',(16.9098955367305,-0.54653620734945,-4.42080872394896));
#10828=CARTESIAN_POINT('Ctrl Pts',(17.0242113176006,-0.794766269856749,
-4.41084664989829));
#10829=CARTESIAN_POINT('Ctrl Pts',(16.8500613864796,0.00749984662240278,
-4.42736906149499));
#10830=CARTESIAN_POINT('Ctrl Pts',(16.8500513726822,0.00499991158608459,
-4.42737015745702));
#10831=CARTESIAN_POINT('Ctrl Pts',(16.8500413546885,1.04915587589155E-9,
-4.42737125584658));
#10832=CARTESIAN_POINT('Ctrl Pts',(16.8500513724074,-0.00499990947758056,
-4.42737015748077));
#10833=CARTESIAN_POINT('Ctrl Pts',(16.8500613860802,-0.0074998466323079,
-4.42736906152923));
#10834=CARTESIAN_POINT('Origin',(18.75,0.,1.));
#10835=CARTESIAN_POINT('Origin',(17.39,0.,4.85));
#10836=CARTESIAN_POINT('Origin',(17.39,0.,4.85));
#10837=CARTESIAN_POINT('Origin',(18.75,0.,1.));
#10838=CARTESIAN_POINT('Origin',(18.75,0.,1.));
#10839=CARTESIAN_POINT('',(16.85,-2.32682891837997E-16,8.5));
#10840=CARTESIAN_POINT('Origin',(18.75,0.,8.5));
#10841=CARTESIAN_POINT('',(16.85,-2.32682891837997E-16,1.));
#10842=CARTESIAN_POINT('Origin',(18.75,0.,8.5));
#10843=CARTESIAN_POINT('Origin',(0.244636116150726,-7.75,1.44910208117159));
#10844=CARTESIAN_POINT('',(-0.498617499014526,-7.8,2.95827324459726));
#10845=CARTESIAN_POINT('',(0.157202427474136,-7.8,1.25905146756946));
#10846=CARTESIAN_POINT('',(0.46391130993835,-7.5,2.96391401637318));
#10847=CARTESIAN_POINT('',(0.944331238102014,-7.5,1.71915158833199));
#10848=CARTESIAN_POINT('Origin',(-4.21862697971305E-11,-7.99999999999942,
3.04501038332474E-13));
#10849=CARTESIAN_POINT('Origin',(0.0465998108991464,7.75,-1.96221183727016));
#10850=CARTESIAN_POINT('',(0.463911309938509,7.5,-2.96391401637255));
#10851=CARTESIAN_POINT('',(0.746294932850488,7.5,-2.23226134443041));
#10852=CARTESIAN_POINT('Origin',(-4.21862697971305E-11,7.9999999999993,
3.04501038332474E-13));
#10853=CARTESIAN_POINT('Origin',(1.31186468038495,7.5,3.04478664503449E-13));
#10854=CARTESIAN_POINT('',(0.46391130993835,7.5,2.96391401637318));
#10855=CARTESIAN_POINT('',(0.944331238102014,7.5,1.71915158833199));
#10856=CARTESIAN_POINT('Origin',(-4.21862697971305E-11,7.5,3.04501038332474E-13));
#10857=CARTESIAN_POINT('Origin',(-4.21862697971305E-11,9.,3.04501038332474E-13));
#10858=CARTESIAN_POINT('Origin',(-4.21862697971305E-11,7.99999999999942,
3.04501038332474E-13));
#10859=CARTESIAN_POINT('Origin',(0.244636116150726,7.75,1.44910208117159));
#10860=CARTESIAN_POINT('Origin',(0.0465998108991464,-7.75,-1.96221183727016));
#10861=CARTESIAN_POINT('',(-0.498617499014303,-7.8,-2.95827324459666));
#10862=CARTESIAN_POINT('',(0.0581842748561706,-7.8,-1.51560634559793));
#10863=CARTESIAN_POINT('',(0.463911309938509,-7.5,-2.96391401637255));
#10864=CARTESIAN_POINT('Origin',(-4.21862697971305E-11,-7.9999999999993,
3.04501038332474E-13));
#10865=CARTESIAN_POINT('',(0.746294932850488,-7.5,-2.23226134443041));
#10866=CARTESIAN_POINT('Origin',(1.31186468038495,-7.5,3.04478664503449E-13));
#10867=CARTESIAN_POINT('Origin',(-4.21862697971305E-11,-7.5,3.04501038332474E-13));
#10868=CARTESIAN_POINT('Origin',(-4.21862697971305E-11,-9.,3.04501038332474E-13));
#10869=CARTESIAN_POINT('Origin',(-4.21862697971305E-11,-7.8,3.04501038332474E-13));
#10870=CARTESIAN_POINT('Origin',(-2.70000000002109,9.,2.35189645536593E-11));
#10871=CARTESIAN_POINT('Origin',(-2.70000000002109,-7.8,2.35189645536593E-11));
#10872=UNCERTAINTY_MEASURE_WITH_UNIT(LENGTH_MEASURE(0.01),#10876,
'DISTANCE_ACCURACY_VALUE',
'Maximum model space distance between geometric entities at asserted c
onnectivities');
#10873=UNCERTAINTY_MEASURE_WITH_UNIT(LENGTH_MEASURE(0.01),#10876,
'DISTANCE_ACCURACY_VALUE',
'Maximum model space distance between geometric entities at asserted c
onnectivities');
#10874=(
GEOMETRIC_REPRESENTATION_CONTEXT(3)
GLOBAL_UNCERTAINTY_ASSIGNED_CONTEXT((#10872))
GLOBAL_UNIT_ASSIGNED_CONTEXT((#10876,#10878,#10879))
REPRESENTATION_CONTEXT('','3D')
);
#10875=(
GEOMETRIC_REPRESENTATION_CONTEXT(3)
GLOBAL_UNCERTAINTY_ASSIGNED_CONTEXT((#10873))
GLOBAL_UNIT_ASSIGNED_CONTEXT((#10876,#10878,#10879))
REPRESENTATION_CONTEXT('','3D')
);
#10876=(
LENGTH_UNIT()
NAMED_UNIT(*)
SI_UNIT(.MILLI.,.METRE.)
);
#10877=(
LENGTH_UNIT()
NAMED_UNIT(*)
SI_UNIT($,.METRE.)
);
#10878=(
NAMED_UNIT(*)
PLANE_ANGLE_UNIT()
SI_UNIT($,.RADIAN.)
);
#10879=(
NAMED_UNIT(*)
SI_UNIT($,.STERADIAN.)
SOLID_ANGLE_UNIT()
);
#10880=SHAPE_DEFINITION_REPRESENTATION(#10881,#10882);
#10881=PRODUCT_DEFINITION_SHAPE('',$,#10884);
#10882=SHAPE_REPRESENTATION('',(#4132),#10874);
#10883=PRODUCT_DEFINITION_CONTEXT('part definition',#10888,'design');
#10884=PRODUCT_DEFINITION('2026-08-20-18-02-28-189','(Unsaved)',#10885,
#10883);
#10885=PRODUCT_DEFINITION_FORMATION('',$,#10890);
#10886=PRODUCT_RELATED_PRODUCT_CATEGORY('(Unsaved)','(Unsaved)',(#10890));
#10887=APPLICATION_PROTOCOL_DEFINITION('international standard',
'automotive_design',2009,#10888);
#10888=APPLICATION_CONTEXT(
'Core Data for Automotive Mechanical Design Process');
#10889=PRODUCT_CONTEXT('part definition',#10888,'mechanical');
#10890=PRODUCT('2026-08-20-18-02-28-189','(Unsaved)',$,(#10889));
#10891=PRESENTATION_STYLE_ASSIGNMENT((#10892));
#10892=SURFACE_STYLE_USAGE(.BOTH.,#10893);
#10893=SURFACE_SIDE_STYLE('',(#10894));
#10894=SURFACE_STYLE_FILL_AREA(#10895);
#10895=FILL_AREA_STYLE('Steel - Satin',(#10896));
#10896=FILL_AREA_STYLE_COLOUR('Steel - Satin',#10897);
#10897=COLOUR_RGB('Steel - Satin',0.627450980392157,0.627450980392157,0.627450980392157);
ENDSEC;
END-ISO-10303-21;
