ISO-10303-21;
HEADER;
/* Generated by software containing ST-Developer
 * from STEP Tools, Inc. (www.steptools.com) 
 */

FILE_DESCRIPTION(
/* description */ (''),
/* implementation_level */ '2;1');

FILE_NAME(
/* name */ 'I-AP-L_selection_AP.step',
/* time_stamp */ '2026-08-20T18:03:37+02:00',
/* author */ (''),
/* organization */ (''),
/* preprocessor_version */ 'ST-DEVELOPER v20.1',
/* originating_system */ 'Autodesk Translation Framework v15.8.0.0',
/* authorisation */ '');

FILE_SCHEMA (('AUTOMOTIVE_DESIGN { 1 0 10303 214 3 1 1 }'));
ENDSEC;

DATA;
#10=MECHANICAL_DESIGN_GEOMETRIC_PRESENTATION_REPRESENTATION('',(#13),#9866);
#11=SHAPE_REPRESENTATION_RELATIONSHIP('SRR','None',#9873,#12);
#12=ADVANCED_BREP_SHAPE_REPRESENTATION('',(#14),#9865);
#13=STYLED_ITEM('',(#9882),#14);
#14=MANIFOLD_SOLID_BREP('AP_root__AP',#3704);
#15=CONICAL_SURFACE('',#3877,0.750039552833951,0.0295194506122795);
#16=CONICAL_SURFACE('',#3879,0.750035303089972,0.0297667027540821);
#17=CONICAL_SURFACE('',#3881,0.750018404142716,0.0306526192189641);
#18=CONICAL_SURFACE('',#3883,0.750033739649401,0.0298548614504989);
#19=FACE_BOUND('',#610,.T.);
#20=FACE_BOUND('',#623,.T.);
#21=FACE_BOUND('',#624,.T.);
#22=FACE_BOUND('',#625,.T.);
#23=FACE_BOUND('',#626,.T.);
#24=FACE_BOUND('',#650,.T.);
#25=FACE_BOUND('',#651,.T.);
#26=FACE_BOUND('',#652,.T.);
#27=FACE_BOUND('',#653,.T.);
#28=FACE_BOUND('',#670,.T.);
#29=FACE_BOUND('',#674,.T.);
#30=FACE_BOUND('',#708,.T.);
#31=FACE_BOUND('',#710,.T.);
#32=FACE_BOUND('',#723,.T.);
#33=FACE_BOUND('',#728,.T.);
#34=FACE_BOUND('',#733,.T.);
#35=FACE_BOUND('',#734,.T.);
#36=FACE_BOUND('',#735,.T.);
#37=FACE_BOUND('',#736,.T.);
#38=TOROIDAL_SURFACE('',#3784,8.65,0.25);
#39=TOROIDAL_SURFACE('',#3789,5.25,0.25);
#40=TOROIDAL_SURFACE('',#3793,5.25,0.25);
#41=TOROIDAL_SURFACE('',#3799,5.25,0.25);
#42=TOROIDAL_SURFACE('',#3804,8.65,0.25);
#43=TOROIDAL_SURFACE('',#3808,5.25,0.25);
#44=TOROIDAL_SURFACE('',#3823,6.99,1.5);
#45=TOROIDAL_SURFACE('',#3827,6.99,1.5);
#46=TOROIDAL_SURFACE('',#3834,6.99,1.5);
#47=TOROIDAL_SURFACE('',#3844,6.99,1.5);
#48=TOROIDAL_SURFACE('',#3847,8.,1.5);
#49=TOROIDAL_SURFACE('',#3857,8.,1.5);
#50=TOROIDAL_SURFACE('',#3919,8.4,1.5);
#51=TOROIDAL_SURFACE('',#3929,8.4,1.5);
#52=TOROIDAL_SURFACE('',#3933,8.4,1.5);
#53=TOROIDAL_SURFACE('',#3943,8.4,1.5);
#54=TOROIDAL_SURFACE('',#3945,1.31,0.81);
#55=TOROIDAL_SURFACE('',#3949,9.45217782649233,0.81);
#56=TOROIDAL_SURFACE('',#3953,9.45217782649233,0.81);
#57=TOROIDAL_SURFACE('',#3957,1.31,0.81);
#58=TOROIDAL_SURFACE('',#3964,1.31,0.81);
#59=TOROIDAL_SURFACE('',#3968,9.45217782649233,0.81);
#60=TOROIDAL_SURFACE('',#3973,9.45217782649233,0.81);
#61=TOROIDAL_SURFACE('',#3977,1.31,0.81);
#62=B_SPLINE_SURFACE_WITH_KNOTS('',3,3,((#5422,#5423,#5424,#5425,#5426,
#5427,#5428,#5429),(#5430,#5431,#5432,#5433,#5434,#5435,#5436,#5437),(#5438,
#5439,#5440,#5441,#5442,#5443,#5444,#5445),(#5446,#5447,#5448,#5449,#5450,
#5451,#5452,#5453),(#5454,#5455,#5456,#5457,#5458,#5459,#5460,#5461)),
 .UNSPECIFIED.,.F.,.F.,.F.,(4,1,4),(4,1,1,1,1,4),(0.,0.5,1.),(0.,0.184957900578987,
0.308263167631646,0.369915801157975,0.40074211792114,0.431568434684304),
 .UNSPECIFIED.);
#63=B_SPLINE_SURFACE_WITH_KNOTS('',3,3,((#5523,#5524,#5525,#5526,#5527,
#5528,#5529,#5530,#5531),(#5532,#5533,#5534,#5535,#5536,#5537,#5538,#5539,
#5540),(#5541,#5542,#5543,#5544,#5545,#5546,#5547,#5548,#5549),(#5550,#5551,
#5552,#5553,#5554,#5555,#5556,#5557,#5558),(#5559,#5560,#5561,#5562,#5563,
#5564,#5565,#5566,#5567)),.UNSPECIFIED.,.F.,.F.,.F.,(4,1,4),(4,1,1,1,1,
1,4),(0.,0.5,1.),(-2.78407852327689E-12,0.0308263167603581,0.0616526335235002,
0.123305267049784,0.184957900576069,0.308263167628637,0.431568434681206),
 .UNSPECIFIED.);
#64=B_SPLINE_SURFACE_WITH_KNOTS('',3,3,((#5613,#5614,#5615,#5616,#5617),
(#5618,#5619,#5620,#5621,#5622),(#5623,#5624,#5625,#5626,#5627),(#5628,
#5629,#5630,#5631,#5632),(#5633,#5634,#5635,#5636,#5637)),.UNSPECIFIED.,
 .F.,.F.,.F.,(4,1,4),(4,1,4),(0.,0.571428571428571,1.),(0.,0.532852656485699,
1.2433228651333),.UNSPECIFIED.);
#65=B_SPLINE_SURFACE_WITH_KNOTS('',3,3,((#5694,#5695,#5696,#5697,#5698,
#5699,#5700,#5701),(#5702,#5703,#5704,#5705,#5706,#5707,#5708,#5709),(#5710,
#5711,#5712,#5713,#5714,#5715,#5716,#5717),(#5718,#5719,#5720,#5721,#5722,
#5723,#5724,#5725),(#5726,#5727,#5728,#5729,#5730,#5731,#5732,#5733)),
 .UNSPECIFIED.,.F.,.F.,.F.,(4,1,4),(4,1,1,1,1,4),(0.,0.5,1.),(-2.78417566779154E-12,
0.0308263167603912,0.0616526335235665,0.123305267049917,0.246610534102618,
0.43156843468167),.UNSPECIFIED.);
#66=B_SPLINE_SURFACE_WITH_KNOTS('',3,3,((#5774,#5775,#5776,#5777,#5778,
#5779,#5780,#5781),(#5782,#5783,#5784,#5785,#5786,#5787,#5788,#5789),(#5790,
#5791,#5792,#5793,#5794,#5795,#5796,#5797),(#5798,#5799,#5800,#5801,#5802,
#5803,#5804,#5805),(#5806,#5807,#5808,#5809,#5810,#5811,#5812,#5813)),
 .UNSPECIFIED.,.F.,.F.,.F.,(4,1,4),(4,1,1,1,1,4),(0.,0.5,1.),(0.,0.123305267052568,
0.246610534105137,0.369915801157705,0.400742117920847,0.43156843468399),
 .UNSPECIFIED.);
#67=B_SPLINE_SURFACE_WITH_KNOTS('',3,3,((#5915,#5916,#5917,#5918,#5919),
(#5920,#5921,#5922,#5923,#5924),(#5925,#5926,#5927,#5928,#5929),(#5930,
#5931,#5932,#5933,#5934),(#5935,#5936,#5937,#5938,#5939)),.UNSPECIFIED.,
 .F.,.F.,.F.,(4,1,4),(4,1,4),(0.,0.571428571428571,1.),(0.,0.532852656485397,
1.24332286513259),.UNSPECIFIED.);
#68=B_SPLINE_SURFACE_WITH_KNOTS('',3,3,((#6049,#6050,#6051,#6052,#6053),
(#6054,#6055,#6056,#6057,#6058),(#6059,#6060,#6061,#6062,#6063),(#6064,
#6065,#6066,#6067,#6068),(#6069,#6070,#6071,#6072,#6073)),.UNSPECIFIED.,
 .F.,.F.,.F.,(4,1,4),(4,1,4),(0.,0.571428571428571,1.),(0.212790732821362,
0.92326094146896,1.45611359795466),.UNSPECIFIED.);
#69=B_SPLINE_SURFACE_WITH_KNOTS('',3,3,((#6192,#6193,#6194,#6195,#6196),
(#6197,#6198,#6199,#6200,#6201),(#6202,#6203,#6204,#6205,#6206),(#6207,
#6208,#6209,#6210,#6211),(#6212,#6213,#6214,#6215,#6216)),.UNSPECIFIED.,
 .F.,.F.,.F.,(4,1,4),(4,1,4),(0.,0.571428571428571,1.),(0.212790732822066,
0.745643389307463,1.45611359795466),.UNSPECIFIED.);
#70=B_SPLINE_SURFACE_WITH_KNOTS('',3,3,((#6268,#6269,#6270,#6271),(#6272,
#6273,#6274,#6275),(#6276,#6277,#6278,#6279),(#6280,#6281,#6282,#6283),
(#6284,#6285,#6286,#6287)),.UNSPECIFIED.,.F.,.F.,.F.,(4,1,4),(4,4),(0.,
0.571428571428571,1.),(0.154253141154729,0.645113225650531),
 .UNSPECIFIED.);
#71=B_SPLINE_SURFACE_WITH_KNOTS('',3,3,((#6323,#6324,#6325,#6326,#6327,
#6328),(#6329,#6330,#6331,#6332,#6333,#6334),(#6335,#6336,#6337,#6338,#6339,
#6340),(#6341,#6342,#6343,#6344,#6345,#6346),(#6347,#6348,#6349,#6350,#6351,
#6352)),.UNSPECIFIED.,.F.,.F.,.F.,(4,1,4),(4,1,1,4),(0.,0.571428571428571,
1.),(0.,0.180734403729138,0.301224006215229,0.421713608701321),
 .UNSPECIFIED.);
#72=B_SPLINE_SURFACE_WITH_KNOTS('',3,3,((#6360,#6361,#6362,#6363),(#6364,
#6365,#6366,#6367),(#6368,#6369,#6370,#6371),(#6372,#6373,#6374,#6375),
(#6376,#6377,#6378,#6379)),.UNSPECIFIED.,.F.,.F.,.F.,(4,1,4),(4,4),(0.,
0.571428571428571,1.),(0.,0.471868975414286),.UNSPECIFIED.);
#73=B_SPLINE_SURFACE_WITH_KNOTS('',3,3,((#6380,#6381,#6382,#6383),(#6384,
#6385,#6386,#6387),(#6388,#6389,#6390,#6391),(#6392,#6393,#6394,#6395),
(#6396,#6397,#6398,#6399)),.UNSPECIFIED.,.F.,.F.,.F.,(4,1,4),(4,4),(0.,
0.571428571428571,1.),(4.51424079890933E-16,0.0231054859750554),
 .UNSPECIFIED.);
#74=B_SPLINE_SURFACE_WITH_KNOTS('',3,3,((#6415,#6416,#6417,#6418),(#6419,
#6420,#6421,#6422),(#6423,#6424,#6425,#6426),(#6427,#6428,#6429,#6430),
(#6431,#6432,#6433,#6434)),.UNSPECIFIED.,.F.,.F.,.F.,(4,1,4),(4,4),(0.,
0.571428571428571,1.),(0.132459005540833,0.604327980955221),
 .UNSPECIFIED.);
#75=B_SPLINE_SURFACE_WITH_KNOTS('',3,3,((#6458,#6459,#6460,#6461,#6462),
(#6463,#6464,#6465,#6466,#6467),(#6468,#6469,#6470,#6471,#6472),(#6473,
#6474,#6475,#6476,#6477),(#6478,#6479,#6480,#6481,#6482)),.UNSPECIFIED.,
 .F.,.F.,.F.,(4,1,4),(4,1,4),(0.,0.571428571428571,1.),(0.,0.180734403729021,
0.421713608701048),.UNSPECIFIED.);
#76=B_SPLINE_SURFACE_WITH_KNOTS('',3,3,((#6495,#6496,#6497,#6498),(#6499,
#6500,#6501,#6502),(#6503,#6504,#6505,#6506),(#6507,#6508,#6509,#6510),
(#6511,#6512,#6513,#6514)),.UNSPECIFIED.,.F.,.F.,.F.,(4,1,4),(4,4),(0.,
0.571428571428571,1.),(0.,0.490860044684578),.UNSPECIFIED.);
#77=B_SPLINE_SURFACE_WITH_KNOTS('',3,3,((#6526,#6527,#6528,#6529),(#6530,
#6531,#6532,#6533),(#6534,#6535,#6536,#6537),(#6538,#6539,#6540,#6541),
(#6542,#6543,#6544,#6545)),.UNSPECIFIED.,.F.,.F.,.F.,(4,1,4),(4,4),(0.,
0.571428571428571,1.),(7.8933187899391E-17,0.0231053717237287),
 .UNSPECIFIED.);
#78=B_SPLINE_SURFACE_WITH_KNOTS('',3,3,((#6843,#6844,#6845,#6846,#6847,
#6848,#6849,#6850,#6851,#6852,#6853,#6854,#6855,#6856,#6857),(#6858,#6859,
#6860,#6861,#6862,#6863,#6864,#6865,#6866,#6867,#6868,#6869,#6870,#6871,
#6872),(#6873,#6874,#6875,#6876,#6877,#6878,#6879,#6880,#6881,#6882,#6883,
#6884,#6885,#6886,#6887),(#6888,#6889,#6890,#6891,#6892,#6893,#6894,#6895,
#6896,#6897,#6898,#6899,#6900,#6901,#6902)),.UNSPECIFIED.,.F.,.T.,.F.,(4,
4),(4,1,1,1,1,1,1,1,1,1,1,1,4),(0.,1.),(0.,0.0313840351266286,0.0627680702532572,
0.125536140506514,0.141228158069829,0.188304210759772,0.2196882458864,0.251072281013029,
0.313840351266286,0.345224386392914,0.376608421519543,0.407992456646172,
0.4393764917728),.UNSPECIFIED.);
#79=B_SPLINE_SURFACE_WITH_KNOTS('',3,3,((#7026,#7027,#7028,#7029,#7030,
#7031,#7032,#7033,#7034,#7035,#7036,#7037,#7038,#7039,#7040,#7041,#7042,
#7043,#7044,#7045,#7046,#7047,#7048,#7049,#7050,#7051,#7052,#7053,#7054,
#7055),(#7056,#7057,#7058,#7059,#7060,#7061,#7062,#7063,#7064,#7065,#7066,
#7067,#7068,#7069,#7070,#7071,#7072,#7073,#7074,#7075,#7076,#7077,#7078,
#7079,#7080,#7081,#7082,#7083,#7084,#7085),(#7086,#7087,#7088,#7089,#7090,
#7091,#7092,#7093,#7094,#7095,#7096,#7097,#7098,#7099,#7100,#7101,#7102,
#7103,#7104,#7105,#7106,#7107,#7108,#7109,#7110,#7111,#7112,#7113,#7114,
#7115),(#7116,#7117,#7118,#7119,#7120,#7121,#7122,#7123,#7124,#7125,#7126,
#7127,#7128,#7129,#7130,#7131,#7132,#7133,#7134,#7135,#7136,#7137,#7138,
#7139,#7140,#7141,#7142,#7143,#7144,#7145)),.UNSPECIFIED.,.F.,.T.,.F.,(4,
4),(4,1,2,2,2,1,2,2,2,1,2,2,2,2,2,1,4),(0.,1.),(0.,0.0269459200535615,0.0538918401071231,
0.084545172448323,0.115198504789523,0.149898277456648,0.184598050123772,
0.216237139291564,0.247876228459355,0.274273074837377,0.3006699212154,0.335417770045348,
0.370165618875296,0.404406794503556,0.438647970131816,0.465678194803076,
0.492708419474337),.UNSPECIFIED.);
#80=B_SPLINE_SURFACE_WITH_KNOTS('',3,3,((#7187,#7188,#7189,#7190,#7191,
#7192,#7193,#7194,#7195,#7196,#7197,#7198,#7199,#7200,#7201,#7202),(#7203,
#7204,#7205,#7206,#7207,#7208,#7209,#7210,#7211,#7212,#7213,#7214,#7215,
#7216,#7217,#7218),(#7219,#7220,#7221,#7222,#7223,#7224,#7225,#7226,#7227,
#7228,#7229,#7230,#7231,#7232,#7233,#7234),(#7235,#7236,#7237,#7238,#7239,
#7240,#7241,#7242,#7243,#7244,#7245,#7246,#7247,#7248,#7249,#7250)),
 .UNSPECIFIED.,.F.,.T.,.F.,(4,4),(4,1,1,1,1,1,1,1,1,1,1,1,1,4),(0.,1.),
(0.,0.0298743117900746,0.0597486235801491,0.104560091265261,0.119497247160298,
0.16430871484541,0.179245870740447,0.238994494320596,0.253931650215634,
0.27633738405819,0.298743117900746,0.358491741480895,0.388366053270969,
0.418240365061044),.UNSPECIFIED.);
#81=B_SPLINE_SURFACE_WITH_KNOTS('',3,3,((#7278,#7279,#7280,#7281,#7282,
#7283,#7284,#7285,#7286,#7287,#7288,#7289,#7290,#7291,#7292,#7293),(#7294,
#7295,#7296,#7297,#7298,#7299,#7300,#7301,#7302,#7303,#7304,#7305,#7306,
#7307,#7308,#7309),(#7310,#7311,#7312,#7313,#7314,#7315,#7316,#7317,#7318,
#7319,#7320,#7321,#7322,#7323,#7324,#7325),(#7326,#7327,#7328,#7329,#7330,
#7331,#7332,#7333,#7334,#7335,#7336,#7337,#7338,#7339,#7340,#7341)),
 .UNSPECIFIED.,.F.,.T.,.F.,(4,4),(4,1,1,1,1,1,1,1,1,1,1,1,1,4),(0.,1.),
(0.,0.0306949621872861,0.0613899243745721,0.122779848749144,0.138127329842787,
0.168822292030073,0.184169773123716,0.245559697498288,0.276254659685574,
0.306949621872861,0.337644584060147,0.368339546247433,0.399034508434719,
0.429729470622005),.UNSPECIFIED.);
#82=B_SPLINE_SURFACE_WITH_KNOTS('',3,3,((#7665,#7666,#7667,#7668,#7669,
#7670,#7671,#7672,#7673,#7674,#7675,#7676,#7677,#7678,#7679,#7680,#7681,
#7682,#7683,#7684,#7685,#7686,#7687,#7688,#7689,#7690,#7691,#7692,#7693,
#7694,#7695,#7696,#7697,#7698,#7699,#7700,#7701,#7702,#7703,#7704,#7705,
#7706),(#7707,#7708,#7709,#7710,#7711,#7712,#7713,#7714,#7715,#7716,#7717,
#7718,#7719,#7720,#7721,#7722,#7723,#7724,#7725,#7726,#7727,#7728,#7729,
#7730,#7731,#7732,#7733,#7734,#7735,#7736,#7737,#7738,#7739,#7740,#7741,
#7742,#7743,#7744,#7745,#7746,#7747,#7748),(#7749,#7750,#7751,#7752,#7753,
#7754,#7755,#7756,#7757,#7758,#7759,#7760,#7761,#7762,#7763,#7764,#7765,
#7766,#7767,#7768,#7769,#7770,#7771,#7772,#7773,#7774,#7775,#7776,#7777,
#7778,#7779,#7780,#7781,#7782,#7783,#7784,#7785,#7786,#7787,#7788,#7789,
#7790),(#7791,#7792,#7793,#7794,#7795,#7796,#7797,#7798,#7799,#7800,#7801,
#7802,#7803,#7804,#7805,#7806,#7807,#7808,#7809,#7810,#7811,#7812,#7813,
#7814,#7815,#7816,#7817,#7818,#7819,#7820,#7821,#7822,#7823,#7824,#7825,
#7826,#7827,#7828,#7829,#7830,#7831,#7832),(#7833,#7834,#7835,#7836,#7837,
#7838,#7839,#7840,#7841,#7842,#7843,#7844,#7845,#7846,#7847,#7848,#7849,
#7850,#7851,#7852,#7853,#7854,#7855,#7856,#7857,#7858,#7859,#7860,#7861,
#7862,#7863,#7864,#7865,#7866,#7867,#7868,#7869,#7870,#7871,#7872,#7873,
#7874)),.UNSPECIFIED.,.F.,.F.,.F.,(4,1,4),(4,1,1,2,1,1,1,1,1,1,1,1,1,1,
1,1,1,1,1,1,1,1,1,1,1,1,1,1,1,1,1,1,1,1,1,1,1,1,4),(0.,0.571428571428571,
1.),(-0.0614032507024119,-0.0368419504214471,-0.0245613002809647,0.,0.001028644203293,
0.004114576813172,0.008229153626344,0.016458307252688,0.032916614505376,
0.049374921758064,0.065833229010752,0.08229153626344,0.098749843516128,
0.115208150768816,0.131666458021504,0.148124765274192,0.16458307252688,
0.181041379779568,0.197499687032256,0.213957994284944,0.230416301537632,
0.252360711207883,0.263332916043008,0.279791223295696,0.296249530548384,
0.312707837801072,0.314765126207658,0.316822414614244,0.320936991427416,
0.325051568240588,0.326080212443881,0.327108856647174,0.328137500850467,
0.328651822952114,0.328908984002937,0.329037564528348,0.329101854791054,
0.329133999922407,0.32916614505376),.UNSPECIFIED.);
#83=B_SPLINE_SURFACE_WITH_KNOTS('',3,3,((#7985,#7986,#7987,#7988,#7989,
#7990,#7991,#7992,#7993,#7994,#7995,#7996,#7997,#7998,#7999,#8000,#8001,
#8002,#8003,#8004,#8005,#8006,#8007,#8008,#8009,#8010,#8011,#8012,#8013,
#8014,#8015,#8016,#8017,#8018,#8019,#8020,#8021,#8022,#8023),(#8024,#8025,
#8026,#8027,#8028,#8029,#8030,#8031,#8032,#8033,#8034,#8035,#8036,#8037,
#8038,#8039,#8040,#8041,#8042,#8043,#8044,#8045,#8046,#8047,#8048,#8049,
#8050,#8051,#8052,#8053,#8054,#8055,#8056,#8057,#8058,#8059,#8060,#8061,
#8062),(#8063,#8064,#8065,#8066,#8067,#8068,#8069,#8070,#8071,#8072,#8073,
#8074,#8075,#8076,#8077,#8078,#8079,#8080,#8081,#8082,#8083,#8084,#8085,
#8086,#8087,#8088,#8089,#8090,#8091,#8092,#8093,#8094,#8095,#8096,#8097,
#8098,#8099,#8100,#8101),(#8102,#8103,#8104,#8105,#8106,#8107,#8108,#8109,
#8110,#8111,#8112,#8113,#8114,#8115,#8116,#8117,#8118,#8119,#8120,#8121,
#8122,#8123,#8124,#8125,#8126,#8127,#8128,#8129,#8130,#8131,#8132,#8133,
#8134,#8135,#8136,#8137,#8138,#8139,#8140),(#8141,#8142,#8143,#8144,#8145,
#8146,#8147,#8148,#8149,#8150,#8151,#8152,#8153,#8154,#8155,#8156,#8157,
#8158,#8159,#8160,#8161,#8162,#8163,#8164,#8165,#8166,#8167,#8168,#8169,
#8170,#8171,#8172,#8173,#8174,#8175,#8176,#8177,#8178,#8179)),
 .UNSPECIFIED.,.F.,.F.,.F.,(4,1,4),(4,1,1,1,1,1,1,1,1,1,1,1,1,1,1,1,1,1,
1,1,1,1,1,1,1,1,1,1,1,1,2,1,1,1,1,4),(0.,0.571428571428571,1.),(0.,3.2145131352906E-5,
6.4290262705812E-5,0.000128580525411624,0.000257161050823248,0.000514322101646496,
0.00102864420329299,0.00205728840658599,0.00411457681317197,0.00617186521975796,
0.00822915362634394,0.0102864420329299,0.0123437304395159,0.0164583072526879,
0.0205728840658599,0.0246874608790318,0.0329166145053758,0.0658332290107515,
0.087777638681002,0.109722048351253,0.131666458021503,0.164583072526879,
0.197499687032255,0.23041630153763,0.263332916043006,0.296249530548382,
0.31270783780107,0.320936991427414,0.325051568240586,0.327108856647172,
0.329166145053758,0.332236313924069,0.33530648279438,0.341446820535003,
0.353727496016249,0.390569522459986),.UNSPECIFIED.);
#84=B_SPLINE_SURFACE_WITH_KNOTS('',3,3,((#8549,#8550,#8551,#8552,#8553,
#8554,#8555,#8556,#8557,#8558,#8559,#8560,#8561,#8562,#8563,#8564,#8565,
#8566,#8567,#8568,#8569,#8570,#8571,#8572,#8573,#8574,#8575,#8576,#8577,
#8578,#8579,#8580,#8581,#8582,#8583,#8584,#8585,#8586),(#8587,#8588,#8589,
#8590,#8591,#8592,#8593,#8594,#8595,#8596,#8597,#8598,#8599,#8600,#8601,
#8602,#8603,#8604,#8605,#8606,#8607,#8608,#8609,#8610,#8611,#8612,#8613,
#8614,#8615,#8616,#8617,#8618,#8619,#8620,#8621,#8622,#8623,#8624),(#8625,
#8626,#8627,#8628,#8629,#8630,#8631,#8632,#8633,#8634,#8635,#8636,#8637,
#8638,#8639,#8640,#8641,#8642,#8643,#8644,#8645,#8646,#8647,#8648,#8649,
#8650,#8651,#8652,#8653,#8654,#8655,#8656,#8657,#8658,#8659,#8660,#8661,
#8662),(#8663,#8664,#8665,#8666,#8667,#8668,#8669,#8670,#8671,#8672,#8673,
#8674,#8675,#8676,#8677,#8678,#8679,#8680,#8681,#8682,#8683,#8684,#8685,
#8686,#8687,#8688,#8689,#8690,#8691,#8692,#8693,#8694,#8695,#8696,#8697,
#8698,#8699,#8700),(#8701,#8702,#8703,#8704,#8705,#8706,#8707,#8708,#8709,
#8710,#8711,#8712,#8713,#8714,#8715,#8716,#8717,#8718,#8719,#8720,#8721,
#8722,#8723,#8724,#8725,#8726,#8727,#8728,#8729,#8730,#8731,#8732,#8733,
#8734,#8735,#8736,#8737,#8738)),.UNSPECIFIED.,.F.,.F.,.F.,(4,1,4),(4,1,
1,1,1,1,1,1,1,1,1,1,1,1,1,1,1,1,1,1,1,1,1,1,1,1,1,1,1,2,1,1,1,1,4),(0.,
0.571428571428571,1.),(2.67562467170126E-17,3.21451313529328E-5,6.42902627058388E-5,
0.000128580525411651,0.000257161050823275,0.000514322101646523,0.00102864420329302,
0.00205728840658601,0.004114576813172,0.00822915362634397,0.0123437304395159,
0.0133723746428089,0.0144010188461019,0.0164583072526879,0.0329166145053758,
0.0658332290107516,0.0877776386810021,0.109722048351253,0.131666458021503,
0.153610867691754,0.175555277362004,0.197499687032255,0.230416301537631,
0.263332916043006,0.296249530548382,0.31270783780107,0.320936991427414,
0.325051568240586,0.327108856647172,0.329166145053758,0.332236307588879,
0.335306470123999,0.34144679519424,0.353727445334723,0.390569395756171),
 .UNSPECIFIED.);
#85=B_SPLINE_SURFACE_WITH_KNOTS('',3,3,((#8824,#8825,#8826,#8827,#8828,
#8829,#8830,#8831,#8832,#8833,#8834,#8835,#8836,#8837,#8838,#8839,#8840,
#8841,#8842,#8843,#8844,#8845,#8846,#8847,#8848,#8849,#8850,#8851,#8852,
#8853,#8854,#8855,#8856,#8857,#8858,#8859,#8860,#8861,#8862,#8863,#8864),
(#8865,#8866,#8867,#8868,#8869,#8870,#8871,#8872,#8873,#8874,#8875,#8876,
#8877,#8878,#8879,#8880,#8881,#8882,#8883,#8884,#8885,#8886,#8887,#8888,
#8889,#8890,#8891,#8892,#8893,#8894,#8895,#8896,#8897,#8898,#8899,#8900,
#8901,#8902,#8903,#8904,#8905),(#8906,#8907,#8908,#8909,#8910,#8911,#8912,
#8913,#8914,#8915,#8916,#8917,#8918,#8919,#8920,#8921,#8922,#8923,#8924,
#8925,#8926,#8927,#8928,#8929,#8930,#8931,#8932,#8933,#8934,#8935,#8936,
#8937,#8938,#8939,#8940,#8941,#8942,#8943,#8944,#8945,#8946),(#8947,#8948,
#8949,#8950,#8951,#8952,#8953,#8954,#8955,#8956,#8957,#8958,#8959,#8960,
#8961,#8962,#8963,#8964,#8965,#8966,#8967,#8968,#8969,#8970,#8971,#8972,
#8973,#8974,#8975,#8976,#8977,#8978,#8979,#8980,#8981,#8982,#8983,#8984,
#8985,#8986,#8987),(#8988,#8989,#8990,#8991,#8992,#8993,#8994,#8995,#8996,
#8997,#8998,#8999,#9000,#9001,#9002,#9003,#9004,#9005,#9006,#9007,#9008,
#9009,#9010,#9011,#9012,#9013,#9014,#9015,#9016,#9017,#9018,#9019,#9020,
#9021,#9022,#9023,#9024,#9025,#9026,#9027,#9028)),.UNSPECIFIED.,.F.,.F.,
 .F.,(4,1,4),(4,1,1,2,1,1,1,1,1,1,1,1,1,1,1,1,1,1,1,1,1,1,1,1,1,1,1,1,1,
1,1,1,1,1,1,1,1,4),(0.,0.571428571428571,1.),(-0.0614033774062268,-0.0368420264437361,
-0.0122806754812454,0.,0.00205728840658598,0.00411457681317196,0.00822915362634392,
0.0164583072526878,0.0329166145053757,0.0493749217580635,0.0658332290107514,
0.0822915362634392,0.0987498435161271,0.115208150768815,0.131666458021503,
0.153610867691753,0.175555277362004,0.197499687032254,0.219444096702505,
0.241388506372755,0.263332916043006,0.279791223295693,0.296249530548381,
0.304478684174725,0.312707837801069,0.314765126207655,0.315793770410948,
0.316822414614241,0.320936991427413,0.325051568240585,0.327108856647171,
0.328137500850464,0.32865182295211,0.328908984002934,0.329037564528345,
0.329101854791051,0.329133999922404,0.329166145053757),.UNSPECIFIED.);
#86=B_SPLINE_SURFACE_WITH_KNOTS('',3,3,((#9450,#9451,#9452,#9453,#9454,
#9455,#9456),(#9457,#9458,#9459,#9460,#9461,#9462,#9463),(#9464,#9465,#9466,
#9467,#9468,#9469,#9470),(#9471,#9472,#9473,#9474,#9475,#9476,#9477),(#9478,
#9479,#9480,#9481,#9482,#9483,#9484)),.UNSPECIFIED.,.F.,.F.,.F.,(4,1,4),
(4,1,1,1,4),(0.,0.5,1.),(0.471825919657519,0.552508896089503,0.633191872521487,
0.740769174430799,0.848346476340111),.UNSPECIFIED.);
#87=B_SPLINE_SURFACE_WITH_KNOTS('',3,3,((#9540,#9541,#9542,#9543,#9544,
#9545,#9546,#9547,#9548,#9549),(#9550,#9551,#9552,#9553,#9554,#9555,#9556,
#9557,#9558,#9559),(#9560,#9561,#9562,#9563,#9564,#9565,#9566,#9567,#9568,
#9569),(#9570,#9571,#9572,#9573,#9574,#9575,#9576,#9577,#9578,#9579),(#9580,
#9581,#9582,#9583,#9584,#9585,#9586,#9587,#9588,#9589)),.UNSPECIFIED.,.F.,
 .F.,.F.,(4,1,4),(4,1,1,1,1,1,1,4),(0.,0.5,1.),(1.46838476306899E-17,0.0516489716391363,
0.0688652955188483,0.103297943278273,0.137730591037697,0.189379562676833,
0.223812210436257,0.241028534315969),.UNSPECIFIED.);
#88=B_SPLINE_SURFACE_WITH_KNOTS('',3,3,((#9638,#9639,#9640,#9641,#9642,
#9643,#9644,#9645,#9646,#9647),(#9648,#9649,#9650,#9651,#9652,#9653,#9654,
#9655,#9656,#9657),(#9658,#9659,#9660,#9661,#9662,#9663,#9664,#9665,#9666,
#9667),(#9668,#9669,#9670,#9671,#9672,#9673,#9674,#9675,#9676,#9677),(#9678,
#9679,#9680,#9681,#9682,#9683,#9684,#9685,#9686,#9687)),.UNSPECIFIED.,.F.,
 .F.,.F.,(4,1,4),(4,1,1,1,1,1,1,4),(0.,0.5,1.),(2.01085961463429E-16,0.0172162221613839,
0.0516486664841512,0.103297332968302,0.13772977729107,0.172162221613837,
0.189378443775221,0.241027110259372),.UNSPECIFIED.);
#89=B_SPLINE_SURFACE_WITH_KNOTS('',3,3,((#9710,#9711,#9712,#9713,#9714,
#9715,#9716),(#9717,#9718,#9719,#9720,#9721,#9722,#9723),(#9724,#9725,#9726,
#9727,#9728,#9729,#9730),(#9731,#9732,#9733,#9734,#9735,#9736,#9737),(#9738,
#9739,#9740,#9741,#9742,#9743,#9744)),.UNSPECIFIED.,.F.,.F.,.F.,(4,1,4),
(4,1,1,1,4),(0.,0.5,1.),(0.848346476345751,0.929029452777736,1.00971242920972,
1.11728973111903,1.22486703302834),.UNSPECIFIED.);
#90=B_SPLINE_SURFACE_WITH_KNOTS('',3,3,((#9795,#9796,#9797,#9798,#9799),
(#9800,#9801,#9802,#9803,#9804),(#9805,#9806,#9807,#9808,#9809),(#9810,
#9811,#9812,#9813,#9814),(#9815,#9816,#9817,#9818,#9819)),.UNSPECIFIED.,
 .F.,.F.,.F.,(4,1,4),(4,1,4),(0.,0.571428571428571,1.),(0.33042887851292,
0.455595168980021,0.580761459447122),.UNSPECIFIED.);
#91=(
BOUNDED_SURFACE()
B_SPLINE_SURFACE(4,1,((#5259,#5260),(#5261,#5262),(#5263,#5264),(#5265,
#5266),(#5267,#5268)),.UNSPECIFIED.,.F.,.F.,.F.)
B_SPLINE_SURFACE_WITH_KNOTS((5,5),(2,2),(0.,1.),(-0.9,0.9),
 .UNSPECIFIED.)
GEOMETRIC_REPRESENTATION_ITEM()
RATIONAL_B_SPLINE_SURFACE(((1.,1.),(1.,1.),(1.,1.),(1.,1.),(1.,1.)))
REPRESENTATION_ITEM('')
SURFACE()
);
#92=(
BOUNDED_SURFACE()
B_SPLINE_SURFACE(3,1,((#6094,#6095),(#6096,#6097),(#6098,#6099),(#6100,
#6101)),.UNSPECIFIED.,.F.,.F.,.F.)
B_SPLINE_SURFACE_WITH_KNOTS((4,4),(2,2),(-1.,0.),(-0.952115015710908,0.819205542285879),
 .UNSPECIFIED.)
GEOMETRIC_REPRESENTATION_ITEM()
RATIONAL_B_SPLINE_SURFACE(((1.,1.),(1.,1.),(1.,1.),(1.,1.)))
REPRESENTATION_ITEM('')
SURFACE()
);
#93=(
BOUNDED_SURFACE()
B_SPLINE_SURFACE(3,1,((#6568,#6569),(#6570,#6571),(#6572,#6573),(#6574,
#6575)),.UNSPECIFIED.,.F.,.F.,.F.)
B_SPLINE_SURFACE_WITH_KNOTS((4,4),(2,2),(-1.,0.),(-0.9,0.9),
 .UNSPECIFIED.)
GEOMETRIC_REPRESENTATION_ITEM()
RATIONAL_B_SPLINE_SURFACE(((1.,1.),(1.,1.),(1.,1.),(1.,1.)))
REPRESENTATION_ITEM('')
SURFACE()
);
#94=(
BOUNDED_SURFACE()
B_SPLINE_SURFACE(3,1,((#6661,#6662),(#6663,#6664),(#6665,#6666),(#6667,
#6668)),.UNSPECIFIED.,.F.,.F.,.F.)
B_SPLINE_SURFACE_WITH_KNOTS((4,4),(2,2),(-1.,0.),(-0.9,0.9),
 .UNSPECIFIED.)
GEOMETRIC_REPRESENTATION_ITEM()
RATIONAL_B_SPLINE_SURFACE(((1.,1.),(1.,1.),(1.,1.),(1.,1.)))
REPRESENTATION_ITEM('')
SURFACE()
);
#95=(
BOUNDED_SURFACE()
B_SPLINE_SURFACE(3,1,((#6816,#6817),(#6818,#6819),(#6820,#6821),(#6822,
#6823)),.UNSPECIFIED.,.F.,.F.,.F.)
B_SPLINE_SURFACE_WITH_KNOTS((4,4),(2,2),(0.,1.),(-0.952115015710908,0.819205542285879),
 .UNSPECIFIED.)
GEOMETRIC_REPRESENTATION_ITEM()
RATIONAL_B_SPLINE_SURFACE(((1.,1.),(1.,1.),(1.,1.),(1.,1.)))
REPRESENTATION_ITEM('')
SURFACE()
);
#96=(
BOUNDED_SURFACE()
B_SPLINE_SURFACE(5,1,((#8269,#8270),(#8271,#8272),(#8273,#8274),(#8275,
#8276),(#8277,#8278),(#8279,#8280),(#8281,#8282),(#8283,#8284),(#8285,#8286),
(#8287,#8288)),.UNSPECIFIED.,.F.,.F.,.F.)
B_SPLINE_SURFACE_WITH_KNOTS((6,1,1,1,1,6),(2,2),(0.,0.2,0.4,0.6,0.8,1.),
(-0.430000000000003,0.32621778264908),.UNSPECIFIED.)
GEOMETRIC_REPRESENTATION_ITEM()
RATIONAL_B_SPLINE_SURFACE(((1.,1.),(1.,1.),(1.,1.),(1.,1.),(1.,1.),(1.,
1.),(1.,1.),(1.,1.),(1.,1.),(1.,1.)))
REPRESENTATION_ITEM('')
SURFACE()
);
#97=(
BOUNDED_SURFACE()
B_SPLINE_SURFACE(5,1,((#8403,#8404),(#8405,#8406),(#8407,#8408),(#8409,
#8410),(#8411,#8412),(#8413,#8414),(#8415,#8416),(#8417,#8418),(#8419,#8420),
(#8421,#8422)),.UNSPECIFIED.,.F.,.F.,.F.)
B_SPLINE_SURFACE_WITH_KNOTS((6,1,1,1,1,6),(2,2),(-1.,-0.8,-0.6,-0.4,-0.2,
0.),(-0.430000000000001,0.32621778264908),.UNSPECIFIED.)
GEOMETRIC_REPRESENTATION_ITEM()
RATIONAL_B_SPLINE_SURFACE(((1.,1.),(1.,1.),(1.,1.),(1.,1.),(1.,1.),(1.,
1.),(1.,1.),(1.,1.),(1.,1.),(1.,1.)))
REPRESENTATION_ITEM('')
SURFACE()
);
#98=(
BOUNDED_SURFACE()
B_SPLINE_SURFACE(5,1,((#9128,#9129),(#9130,#9131),(#9132,#9133),(#9134,
#9135),(#9136,#9137),(#9138,#9139),(#9140,#9141),(#9142,#9143),(#9144,#9145),
(#9146,#9147)),.UNSPECIFIED.,.F.,.F.,.F.)
B_SPLINE_SURFACE_WITH_KNOTS((6,1,1,1,1,6),(2,2),(0.,0.2,0.4,0.6,0.8,1.),
(-0.430000000000001,0.326217782649081),.UNSPECIFIED.)
GEOMETRIC_REPRESENTATION_ITEM()
RATIONAL_B_SPLINE_SURFACE(((1.,1.),(1.,1.),(1.,1.),(1.,1.),(1.,1.),(1.,
1.),(1.,1.),(1.,1.),(1.,1.),(1.,1.)))
REPRESENTATION_ITEM('')
SURFACE()
);
#99=(
BOUNDED_SURFACE()
B_SPLINE_SURFACE(5,1,((#9269,#9270),(#9271,#9272),(#9273,#9274),(#9275,
#9276),(#9277,#9278),(#9279,#9280),(#9281,#9282),(#9283,#9284),(#9285,#9286),
(#9287,#9288)),.UNSPECIFIED.,.F.,.F.,.F.)
B_SPLINE_SURFACE_WITH_KNOTS((6,1,1,1,1,6),(2,2),(-1.,-0.8,-0.6,-0.4,-0.2,
0.),(-0.430000000000002,0.32621778264908),.UNSPECIFIED.)
GEOMETRIC_REPRESENTATION_ITEM()
RATIONAL_B_SPLINE_SURFACE(((1.,1.),(1.,1.),(1.,1.),(1.,1.),(1.,1.),(1.,
1.),(1.,1.),(1.,1.),(1.,1.),(1.,1.)))
REPRESENTATION_ITEM('')
SURFACE()
);
#100=B_SPLINE_CURVE_WITH_KNOTS('',3,(#4988,#4989,#4990,#4991),
 .UNSPECIFIED.,.F.,.F.,(4,4),(-1.38,-1.08983820596625),.UNSPECIFIED.);
#101=B_SPLINE_CURVE_WITH_KNOTS('',3,(#5006,#5007,#5008,#5009),
 .UNSPECIFIED.,.F.,.F.,(4,4),(-0.340161794037132,-0.0499999999999996),
 .UNSPECIFIED.);
#102=B_SPLINE_CURVE_WITH_KNOTS('',3,(#5031,#5032,#5033,#5034,#5035,#5036,
#5037,#5038,#5039,#5040,#5041,#5042,#5043,#5044,#5045,#5046,#5047,#5048,
#5049,#5050,#5051,#5052,#5053,#5054,#5055,#5056,#5057,#5058,#5059,#5060,
#5061,#5062,#5063,#5064,#5065,#5066,#5067),.UNSPECIFIED.,.F.,.F.,(4,3,3,
3,3,3,3,3,3,3,3,3,4),(-0.316916602225909,-0.289683264987248,-0.262449927748598,
-0.235216590509932,-0.207983253271265,-0.180749916032601,-0.153516578793922,
-0.126283241555254,-0.0990499043165891,-0.0718165670779218,-0.0445832298392463,
-0.0173498926005823,0.),.UNSPECIFIED.);
#103=B_SPLINE_CURVE_WITH_KNOTS('',3,(#5103,#5104,#5105,#5106,#5107,#5108,
#5109,#5110,#5111,#5112,#5113,#5114,#5115,#5116,#5117,#5118,#5119,#5120,
#5121,#5122,#5123,#5124,#5125,#5126,#5127,#5128,#5129,#5130,#5131,#5132,
#5133,#5134,#5135,#5136,#5137,#5138,#5139),.UNSPECIFIED.,.F.,.F.,(4,3,3,
3,3,3,3,3,3,3,3,3,4),(-0.941148666484219,-0.867343643927231,-0.793538621370242,
-0.719733598813259,-0.645928576256292,-0.572123553699304,-0.498318531142311,
-0.424513508585299,-0.350708486028336,-0.276903463471344,-0.20309844091442,
-0.129293418357425,-0.0822735028940365),.UNSPECIFIED.);
#104=B_SPLINE_CURVE_WITH_KNOTS('',3,(#5161,#5162,#5163,#5164,#5165,#5166,
#5167,#5168,#5169,#5170,#5171,#5172,#5173,#5174,#5175,#5176,#5177,#5178,
#5179),.UNSPECIFIED.,.F.,.F.,(4,3,3,3,3,3,4),(-0.406729305492878,-0.375176080618362,
-0.360824724285755,-0.330337270330472,-0.311825303033662,-0.289388027504629,
-0.273407475357016),.UNSPECIFIED.);
#105=B_SPLINE_CURVE_WITH_KNOTS('',3,(#5183,#5184,#5185,#5186,#5187,#5188,
#5189,#5190,#5191,#5192,#5193,#5194,#5195,#5196),.UNSPECIFIED.,.F.,.F.,
(4,2,2,2,2,2,4),(-0.000618028080154,0.,0.0308106356809675,0.0615840602596284,
0.120567361890979,0.178928357559064,0.236991367475493),.UNSPECIFIED.);
#106=B_SPLINE_CURVE_WITH_KNOTS('',3,(#5208,#5209,#5210,#5211),
 .UNSPECIFIED.,.F.,.F.,(4,4),(-0.0284892111654808,0.),.UNSPECIFIED.);
#107=B_SPLINE_CURVE_WITH_KNOTS('',3,(#5238,#5239,#5240,#5241),
 .UNSPECIFIED.,.F.,.F.,(4,4),(0.,0.0284892111654809),.UNSPECIFIED.);
#108=B_SPLINE_CURVE_WITH_KNOTS('',3,(#5246,#5247,#5248,#5249),
 .UNSPECIFIED.,.F.,.F.,(4,4),(-0.0284892111654809,0.),.UNSPECIFIED.);
#109=B_SPLINE_CURVE_WITH_KNOTS('',3,(#5270,#5271,#5272,#5273,#5274,#5275),
 .UNSPECIFIED.,.F.,.F.,(4,1,1,4),(0.,0.180734403729138,0.301224006215229,
0.421713608701321),.UNSPECIFIED.);
#110=B_SPLINE_CURVE_WITH_KNOTS('',3,(#5277,#5278,#5279,#5280),
 .UNSPECIFIED.,.F.,.F.,(4,4),(-0.471868975414286,0.),.UNSPECIFIED.);
#111=B_SPLINE_CURVE_WITH_KNOTS('',3,(#5282,#5283,#5284,#5285,#5286,#5287,
#5288,#5289,#5290,#5291),.UNSPECIFIED.,.F.,.F.,(4,2,2,2,4),(-0.883278655249227,
-0.770992297942959,-0.577617176938484,-0.38957813759654,-0.368011388426494),
 .UNSPECIFIED.);
#112=B_SPLINE_CURVE_WITH_KNOTS('',3,(#5293,#5294,#5295,#5296,#5297,#5298),
 .UNSPECIFIED.,.F.,.F.,(4,2,4),(-0.528314444096223,-0.269343773487687,0.),
 .UNSPECIFIED.);
#113=B_SPLINE_CURVE_WITH_KNOTS('',3,(#5300,#5301,#5302,#5303,#5304,#5305,
#5306,#5307,#5308,#5309),.UNSPECIFIED.,.F.,.F.,(4,2,2,2,4),(-0.855609942611662,
-0.739090604710119,-0.551187327099362,-0.360738663501218,-0.340331416889982),
 .UNSPECIFIED.);
#114=B_SPLINE_CURVE_WITH_KNOTS('',3,(#5311,#5312,#5313,#5314),
 .UNSPECIFIED.,.F.,.F.,(4,4),(-0.604327980955221,-0.132459005540833),
 .UNSPECIFIED.);
#115=B_SPLINE_CURVE_WITH_KNOTS('',3,(#5315,#5316,#5317,#5318,#5319),
 .UNSPECIFIED.,.F.,.F.,(4,1,4),(0.,0.180734403729021,0.421713608701048),
 .UNSPECIFIED.);
#116=B_SPLINE_CURVE_WITH_KNOTS('',3,(#5321,#5322,#5323,#5324,#5325,#5326,
#5327,#5328,#5329,#5330),.UNSPECIFIED.,.F.,.F.,(4,2,2,2,4),(-0.27340747535702,
-0.266766692279411,-0.218990507999035,-0.15961114443075,-0.140108321718019),
 .UNSPECIFIED.);
#117=B_SPLINE_CURVE_WITH_KNOTS('',3,(#5331,#5332,#5333,#5334),
 .UNSPECIFIED.,.F.,.F.,(4,4),(-0.73,-0.200000000000001),.UNSPECIFIED.);
#118=B_SPLINE_CURVE_WITH_KNOTS('',3,(#5464,#5465,#5466,#5467,#5468,#5469,
#5470,#5471,#5472,#5473,#5474,#5475,#5476,#5477,#5478,#5479,#5480,#5481,
#5482,#5483,#5484,#5485,#5486,#5487,#5488),.UNSPECIFIED.,.F.,.F.,(4,3,3,
3,3,3,3,3,4),(0.,0.000465204911835356,0.00362954437868012,0.00543846906033139,
0.00582920870935275,0.00807027437518631,0.0101314223941514,0.0103113400410199,
0.0103571340523695),.UNSPECIFIED.);
#119=B_SPLINE_CURVE_WITH_KNOTS('',3,(#5490,#5491,#5492,#5493,#5494,#5495,
#5496,#5497),.UNSPECIFIED.,.F.,.F.,(4,1,1,1,1,4),(-0.431568434684304,-0.40074211792114,
-0.369915801157975,-0.308263167631646,-0.184957900578987,0.),
 .UNSPECIFIED.);
#120=B_SPLINE_CURVE_WITH_KNOTS('',3,(#5500,#5501,#5502,#5503,#5504,#5505,
#5506,#5507),.UNSPECIFIED.,.F.,.F.,(4,1,1,1,1,4),(0.,0.184957900578987,
0.308263167631646,0.369915801157975,0.40074211792114,0.420999476849816),
 .UNSPECIFIED.);
#121=B_SPLINE_CURVE_WITH_KNOTS('',3,(#5570,#5571,#5572,#5573,#5574,#5575,
#5576,#5577,#5578,#5579,#5580,#5581,#5582,#5583,#5584,#5585,#5586,#5587,
#5588,#5589,#5590,#5591),.UNSPECIFIED.,.F.,.F.,(4,3,3,3,3,3,3,4),(-4.58335322289922E-5,
0.,0.00214523373560763,0.00443233325558757,0.00488038362245127,0.004882525136355,
0.00793962970337747,0.0103238004907637),.UNSPECIFIED.);
#122=B_SPLINE_CURVE_WITH_KNOTS('',3,(#5592,#5593,#5594,#5595,#5596,#5597,
#5598,#5599,#5600),.UNSPECIFIED.,.F.,.F.,(4,1,1,1,1,1,4),(0.0105681572512396,
0.0308263167603581,0.0616526335235002,0.123305267049784,0.184957900576069,
0.308263167628637,0.431568434681206),.UNSPECIFIED.);
#123=B_SPLINE_CURVE_WITH_KNOTS('',3,(#5601,#5602,#5603,#5604,#5605,#5606,
#5607,#5608,#5609),.UNSPECIFIED.,.F.,.F.,(4,1,1,1,1,1,4),(-0.431568434681206,
-0.308263167628637,-0.184957900576069,-0.123305267049784,-0.0616526335235002,
-0.0308263167603581,2.78407852327689E-12),.UNSPECIFIED.);
#124=B_SPLINE_CURVE_WITH_KNOTS('',3,(#5639,#5640,#5641,#5642,#5643),
 .UNSPECIFIED.,.F.,.F.,(4,1,4),(-1.2433228651333,-0.532852656485699,0.),
 .UNSPECIFIED.);
#125=B_SPLINE_CURVE_WITH_KNOTS('',3,(#5646,#5647,#5648,#5649,#5650),
 .UNSPECIFIED.,.F.,.F.,(4,1,4),(0.,0.532852656485699,0.920297925609164),
 .UNSPECIFIED.);
#126=B_SPLINE_CURVE_WITH_KNOTS('',3,(#5654,#5655,#5656,#5657,#5658,#5659,
#5660,#5661,#5662,#5663,#5664,#5665,#5666,#5667,#5668,#5669),
 .UNSPECIFIED.,.F.,.F.,(4,2,2,2,2,2,2,4),(0.,0.00932863814529252,0.0195998327782003,
0.032722785926231,0.0538343582679499,0.0863471548782089,0.108665886574157,
0.12926532124338),.UNSPECIFIED.);
#127=B_SPLINE_CURVE_WITH_KNOTS('',3,(#5736,#5737,#5738,#5739,#5740,#5741,
#5742,#5743,#5744,#5745,#5746,#5747,#5748,#5749,#5750,#5751,#5752,#5753,
#5754,#5755,#5756,#5757),.UNSPECIFIED.,.F.,.F.,(4,3,3,3,3,3,3,4),(-4.5833767751473E-5,
0.,0.00214512139452328,0.00443174492337672,0.00488038972272871,0.00488253124205385,
0.00793691345958757,0.0103238203749237),.UNSPECIFIED.);
#128=B_SPLINE_CURVE_WITH_KNOTS('',3,(#5758,#5759,#5760,#5761,#5762,#5763,
#5764,#5765),.UNSPECIFIED.,.F.,.F.,(4,1,1,1,1,4),(0.0105688662185116,0.0308263167603912,
0.0616526335235665,0.123305267049917,0.246610534102618,0.43156843468167),
 .UNSPECIFIED.);
#129=B_SPLINE_CURVE_WITH_KNOTS('',3,(#5766,#5767,#5768,#5769,#5770,#5771,
#5772,#5773),.UNSPECIFIED.,.F.,.F.,(4,1,1,1,1,4),(-0.43156843468167,-0.246610534102618,
-0.123305267049917,-0.0616526335235665,-0.0308263167603912,2.78417566779154E-12),
 .UNSPECIFIED.);
#130=B_SPLINE_CURVE_WITH_KNOTS('',3,(#5816,#5817,#5818,#5819,#5820,#5821,
#5822,#5823,#5824,#5825,#5826,#5827,#5828,#5829,#5830,#5831,#5832,#5833,
#5834,#5835,#5836,#5837,#5838,#5839,#5840),.UNSPECIFIED.,.F.,.F.,(4,3,3,
3,3,3,3,3,4),(0.,0.000465204911624303,0.00363143111546933,0.00543846905659938,
0.0058292087053462,0.00807027729604392,0.0101358460170789,0.0103113458867416,
0.0103571397745049),.UNSPECIFIED.);
#131=B_SPLINE_CURVE_WITH_KNOTS('',3,(#5841,#5842,#5843,#5844,#5845,#5846,
#5847,#5848),.UNSPECIFIED.,.F.,.F.,(4,1,1,1,1,4),(-0.43156843468399,-0.400742117920847,
-0.369915801157705,-0.246610534105137,-0.123305267052568,0.),
 .UNSPECIFIED.);
#132=B_SPLINE_CURVE_WITH_KNOTS('',3,(#5849,#5850,#5851,#5852,#5853,#5854,
#5855,#5856),.UNSPECIFIED.,.F.,.F.,(4,1,1,1,1,4),(0.,0.123305267052568,
0.246610534105137,0.369915801157705,0.400742117920847,0.421012530169233),
 .UNSPECIFIED.);
#133=B_SPLINE_CURVE_WITH_KNOTS('',3,(#5859,#5860,#5861,#5862,#5863),
 .UNSPECIFIED.,.F.,.F.,(4,1,4),(0.,0.532852656485397,0.920297962844397),
 .UNSPECIFIED.);
#134=B_SPLINE_CURVE_WITH_KNOTS('',3,(#5873,#5874,#5875,#5876,#5877,#5878,
#5879,#5880,#5881,#5882),.UNSPECIFIED.,.F.,.F.,(4,3,3,4),(0.12371890519128,
0.138111307929019,0.152385934494514,0.156024991959914),.UNSPECIFIED.);
#135=B_SPLINE_CURVE_WITH_KNOTS('',3,(#5884,#5885,#5886,#5887,#5888,#5889,
#5890,#5891,#5892,#5893),.UNSPECIFIED.,.F.,.F.,(4,3,3,4),(0.,0.0155990738210738,
0.0321604320864421,0.0331241555893627),.UNSPECIFIED.);
#136=B_SPLINE_CURVE_WITH_KNOTS('',3,(#5902,#5903,#5904,#5905,#5906),
 .UNSPECIFIED.,.F.,.F.,(4,1,4),(0.535815635110187,0.92326094146896,1.45611359795466),
 .UNSPECIFIED.);
#137=B_SPLINE_CURVE_WITH_KNOTS('',3,(#5941,#5942,#5943,#5944,#5945),
 .UNSPECIFIED.,.F.,.F.,(4,1,4),(-1.24332286513259,-0.532852656485397,0.),
 .UNSPECIFIED.);
#138=B_SPLINE_CURVE_WITH_KNOTS('',3,(#5951,#5952,#5953,#5954,#5955,#5956,
#5957,#5958,#5959,#5960,#5961,#5962),.UNSPECIFIED.,.F.,.F.,(4,2,2,2,2,4),
(-0.912913296491459,-0.831308833445628,-0.656767813378997,-0.527398371292351,
-0.396798617311737,-0.386645652544136),.UNSPECIFIED.);
#139=B_SPLINE_CURVE_WITH_KNOTS('',3,(#5964,#5965,#5966,#5967,#5968,#5969,
#5970,#5971,#5972,#5973,#5974,#5975,#5976,#5977,#5978,#5979),
 .UNSPECIFIED.,.F.,.F.,(4,2,2,2,2,2,2,4),(0.,0.00984190303056369,0.0183836894825119,
0.0293122926597097,0.0501695211041135,0.0982151464389698,0.174351521425856,
0.225732765639407),.UNSPECIFIED.);
#140=B_SPLINE_CURVE_WITH_KNOTS('',3,(#5983,#5984,#5985,#5986,#5987,#5988,
#5989,#5990,#5991,#5992),.UNSPECIFIED.,.F.,.F.,(4,2,2,2,4),(0.963630572595186,
1.01726707865089,1.07354887776259,1.13399359234108,1.20004882618519),
 .UNSPECIFIED.);
#141=B_SPLINE_CURVE_WITH_KNOTS('',3,(#6006,#6007,#6008,#6009,#6010,#6011,
#6012,#6013,#6014,#6015),.UNSPECIFIED.,.F.,.F.,(4,2,2,2,4),(0.727212319005182,
0.793267552849293,0.853712267427782,0.90999406653948,0.963630572595186),
 .UNSPECIFIED.);
#142=B_SPLINE_CURVE_WITH_KNOTS('',3,(#6021,#6022,#6023,#6024,#6025,#6026,
#6027,#6028),.UNSPECIFIED.,.F.,.F.,(4,2,2,4),(0.,0.0847450004496761,0.115089488594342,
0.142562681325875),.UNSPECIFIED.);
#143=B_SPLINE_CURVE_WITH_KNOTS('',3,(#6040,#6041,#6042,#6043,#6044,#6045,
#6046,#6047),.UNSPECIFIED.,.F.,.F.,(4,2,2,4),(0.388748358517016,0.41622155124855,
0.446566039393216,0.531311039842892),.UNSPECIFIED.);
#144=B_SPLINE_CURVE_WITH_KNOTS('',3,(#6076,#6077,#6078,#6079,#6080),
 .UNSPECIFIED.,.F.,.F.,(4,1,4),(-1.45611359795466,-0.92326094146896,-0.212790732821362),
 .UNSPECIFIED.);
#145=B_SPLINE_CURVE_WITH_KNOTS('',3,(#6083,#6084,#6085,#6086,#6087,#6088,
#6089,#6090,#6091,#6092),.UNSPECIFIED.,.F.,.F.,(4,2,2,2,4),(0.727212319005182,
0.793267552849294,0.853712267427782,0.90999406653948,0.963630572595186),
 .UNSPECIFIED.);
#146=B_SPLINE_CURVE_WITH_KNOTS('',3,(#6107,#6108,#6109,#6110),
 .UNSPECIFIED.,.F.,.F.,(4,4),(-1.62188465865124,-1.26908384824115),
 .UNSPECIFIED.);
#147=B_SPLINE_CURVE_WITH_KNOTS('',3,(#6112,#6113,#6114,#6115),
 .UNSPECIFIED.,.F.,.F.,(4,4),(-0.13,-0.0499999999999999),.UNSPECIFIED.);
#148=B_SPLINE_CURVE_WITH_KNOTS('',3,(#6117,#6118,#6119,#6120),
 .UNSPECIFIED.,.F.,.F.,(4,4),(-0.388748543050592,0.),.UNSPECIFIED.);
#149=B_SPLINE_CURVE_WITH_KNOTS('',3,(#6123,#6124,#6125,#6126),
 .UNSPECIFIED.,.F.,.F.,(4,4),(0.,0.214865148185469),.UNSPECIFIED.);
#150=B_SPLINE_CURVE_WITH_KNOTS('',3,(#6129,#6130,#6131,#6132),
 .UNSPECIFIED.,.F.,.F.,(4,4),(0.400157359164581,0.645113225650531),
 .UNSPECIFIED.);
#151=B_SPLINE_CURVE_WITH_KNOTS('',3,(#6143,#6144,#6145,#6146,#6147,#6148,
#6149,#6150),.UNSPECIFIED.,.F.,.F.,(4,2,2,4),(0.,0.0847450004496763,0.115089488594342,
0.142562681325875),.UNSPECIFIED.);
#152=B_SPLINE_CURVE_WITH_KNOTS('',3,(#6162,#6163,#6164,#6165,#6166,#6167,
#6168,#6169),.UNSPECIFIED.,.F.,.F.,(4,2,2,4),(0.388748358517016,0.41622155124855,
0.446566039393215,0.531311039842892),.UNSPECIFIED.);
#153=B_SPLINE_CURVE_WITH_KNOTS('',3,(#6175,#6176,#6177,#6178,#6179,#6180,
#6181,#6182,#6183,#6184),.UNSPECIFIED.,.F.,.F.,(4,2,2,2,4),(0.963630572595186,
1.01726707865089,1.07354887776259,1.13399359234108,1.20004882618519),
 .UNSPECIFIED.);
#154=B_SPLINE_CURVE_WITH_KNOTS('',3,(#6218,#6219,#6220,#6221,#6222),
 .UNSPECIFIED.,.F.,.F.,(4,1,4),(0.535818967141173,0.745643389307463,1.45611359795466),
 .UNSPECIFIED.);
#155=B_SPLINE_CURVE_WITH_KNOTS('',3,(#6225,#6226,#6227,#6228,#6229),
 .UNSPECIFIED.,.F.,.F.,(4,1,4),(-1.45611359795466,-0.745643389307463,-0.212790732822066),
 .UNSPECIFIED.);
#156=B_SPLINE_CURVE_WITH_KNOTS('',3,(#6240,#6241,#6242,#6243,#6244,#6245,
#6246,#6247,#6248,#6249),.UNSPECIFIED.,.F.,.F.,(4,3,3,4),(0.1237188468763,
0.1380633410165,0.152277167575956,0.156024914336766),.UNSPECIFIED.);
#157=B_SPLINE_CURVE_WITH_KNOTS('',3,(#6251,#6252,#6253,#6254,#6255,#6256,
#6257,#6258,#6259,#6260),.UNSPECIFIED.,.F.,.F.,(4,3,3,4),(0.,0.015123067534209,
0.0313510146709393,0.0331241860867904),.UNSPECIFIED.);
#158=B_SPLINE_CURVE_WITH_KNOTS('',3,(#6289,#6290,#6291,#6292,#6293,#6294,
#6295,#6296,#6297,#6298,#6299,#6300,#6301,#6302,#6303,#6304),
 .UNSPECIFIED.,.F.,.F.,(4,2,2,2,2,2,2,4),(0.,0.119910746782792,0.264944005456576,
0.367949468438792,0.435072210041417,0.47585425175529,0.499502431894507,
0.524912666370224),.UNSPECIFIED.);
#159=B_SPLINE_CURVE_WITH_KNOTS('',3,(#6307,#6308,#6309,#6310),
 .UNSPECIFIED.,.F.,.F.,(4,4),(-0.645113225650531,-0.154253141154729),
 .UNSPECIFIED.);
#160=B_SPLINE_CURVE_WITH_KNOTS('',3,(#6318,#6319,#6320,#6321),
 .UNSPECIFIED.,.F.,.F.,(4,4),(0.,0.0284892111654809),.UNSPECIFIED.);
#161=B_SPLINE_CURVE_WITH_KNOTS('',3,(#6353,#6354,#6355,#6356,#6357,#6358),
 .UNSPECIFIED.,.F.,.F.,(4,1,1,4),(-0.421713608701321,-0.301224006215229,
-0.180734403729138,0.),.UNSPECIFIED.);
#162=B_SPLINE_CURVE_WITH_KNOTS('',3,(#6400,#6401,#6402,#6403),
 .UNSPECIFIED.,.F.,.F.,(4,4),(-0.0231054859750554,-4.51424079890933E-16),
 .UNSPECIFIED.);
#163=B_SPLINE_CURVE_WITH_KNOTS('',3,(#6404,#6405,#6406,#6407),
 .UNSPECIFIED.,.F.,.F.,(4,4),(4.51424079890933E-16,0.0231054859750554),
 .UNSPECIFIED.);
#164=B_SPLINE_CURVE_WITH_KNOTS('',3,(#6436,#6437,#6438,#6439,#6440,#6441,
#6442,#6443,#6444,#6445,#6446,#6447,#6448,#6449,#6450,#6451),
 .UNSPECIFIED.,.F.,.F.,(4,2,2,2,2,2,2,4),(0.,0.109498028129236,0.235374309985821,
0.322615739572279,0.370870456130734,0.392860572513197,0.403100890314309,
0.413334488776467),.UNSPECIFIED.);
#165=B_SPLINE_CURVE_WITH_KNOTS('',3,(#6453,#6454,#6455,#6456),
 .UNSPECIFIED.,.F.,.F.,(4,4),(0.389462832769066,0.604327980955221),
 .UNSPECIFIED.);
#166=B_SPLINE_CURVE_WITH_KNOTS('',3,(#6484,#6485,#6486,#6487,#6488),
 .UNSPECIFIED.,.F.,.F.,(4,1,4),(-0.421713608701048,-0.180734403729021,0.),
 .UNSPECIFIED.);
#167=B_SPLINE_CURVE_WITH_KNOTS('',3,(#6516,#6517,#6518,#6519),
 .UNSPECIFIED.,.F.,.F.,(4,4),(-0.490860044684578,0.),.UNSPECIFIED.);
#168=B_SPLINE_CURVE_WITH_KNOTS('',3,(#6522,#6523,#6524,#6525),
 .UNSPECIFIED.,.F.,.F.,(4,4),(0.,0.244955892225704),.UNSPECIFIED.);
#169=B_SPLINE_CURVE_WITH_KNOTS('',3,(#6546,#6547,#6548,#6549),
 .UNSPECIFIED.,.F.,.F.,(4,4),(-0.0231053717237287,-7.8933187899391E-17),
 .UNSPECIFIED.);
#170=B_SPLINE_CURVE_WITH_KNOTS('',3,(#6550,#6551,#6552,#6553),
 .UNSPECIFIED.,.F.,.F.,(4,4),(7.8933187899391E-17,0.0231053717237287),
 .UNSPECIFIED.);
#171=B_SPLINE_CURVE_WITH_KNOTS('',3,(#6577,#6578,#6579,#6580),
 .UNSPECIFIED.,.F.,.F.,(4,4),(-0.47559235852615,-0.347376458049133),
 .UNSPECIFIED.);
#172=B_SPLINE_CURVE_WITH_KNOTS('',3,(#6582,#6583,#6584,#6585,#6586,#6587,
#6588,#6589,#6590,#6591,#6592,#6593),.UNSPECIFIED.,.F.,.F.,(4,2,2,2,2,4),
(-0.313026890814925,-0.310458103789093,-0.259821854708632,-0.194174895963877,
-0.107360812182487,0.),.UNSPECIFIED.);
#173=B_SPLINE_CURVE_WITH_KNOTS('',3,(#6595,#6596,#6597,#6598),
 .UNSPECIFIED.,.F.,.F.,(4,4),(-0.73,-0.200000000000001),.UNSPECIFIED.);
#174=B_SPLINE_CURVE_WITH_KNOTS('',3,(#6600,#6601,#6602,#6603,#6604,#6605,
#6606,#6607,#6608,#6609,#6610,#6611),.UNSPECIFIED.,.F.,.F.,(4,2,2,2,2,4),
(-0.648228622584849,-0.574195660827454,-0.499363609386279,-0.425343745926212,
-0.360313518822845,-0.313026890815138),.UNSPECIFIED.);
#175=B_SPLINE_CURVE_WITH_KNOTS('',3,(#6612,#6613,#6614,#6615),
 .UNSPECIFIED.,.F.,.F.,(4,4),(-0.24506186268064,2.77555756156289E-17),
 .UNSPECIFIED.);
#176=B_SPLINE_CURVE_WITH_KNOTS('',3,(#6617,#6618,#6619,#6620,#6621,#6622,
#6623,#6624),.UNSPECIFIED.,.F.,.F.,(4,2,2,4),(-0.530236896170286,-0.38651680276633,
-0.235744216253781,0.),.UNSPECIFIED.);
#177=B_SPLINE_CURVE_WITH_KNOTS('',3,(#6625,#6626,#6627,#6628,#6629,#6630,
#6631,#6632,#6633,#6634,#6635,#6636),.UNSPECIFIED.,.F.,.F.,(4,2,2,2,2,4),
(-0.899232242469522,-0.893180072979252,-0.760332936339882,-0.630978277655301,
-0.463288436617012,-0.371824678599907),.UNSPECIFIED.);
#178=B_SPLINE_CURVE_WITH_KNOTS('',3,(#6641,#6642,#6643,#6644,#6645,#6646,
#6647,#6648,#6649,#6650,#6651,#6652,#6653,#6654,#6655,#6656,#6657,#6658,
#6659,#6660),.UNSPECIFIED.,.F.,.F.,(4,2,2,2,2,2,2,2,2,4),(-1.10288053618889,
-1.01512333735824,-0.914437992511513,-0.775574857248193,-0.640147532143354,
-0.526924156843716,-0.407339776716964,-0.269610694237978,-0.138197909797557,
0.),.UNSPECIFIED.);
#179=B_SPLINE_CURVE_WITH_KNOTS('',3,(#6670,#6671,#6672,#6673),
 .UNSPECIFIED.,.F.,.F.,(4,4),(-0.598618840996236,-0.585007503666961),
 .UNSPECIFIED.);
#180=B_SPLINE_CURVE_WITH_KNOTS('',3,(#6675,#6676,#6677,#6678,#6679,#6680,
#6681,#6682,#6683,#6684,#6685,#6686,#6687,#6688,#6689,#6690,#6691,#6692,
#6693,#6694,#6695,#6696,#6697,#6698,#6699,#6700,#6701,#6702,#6703,#6704,
#6705,#6706,#6707,#6708,#6709,#6710,#6711,#6712,#6713,#6714,#6715,#6716,
#6717,#6718,#6719,#6720,#6721,#6722,#6723,#6724,#6725,#6726,#6727,#6728,
#6729,#6730,#6731,#6732,#6733,#6734,#6735,#6736,#6737,#6738),
 .UNSPECIFIED.,.F.,.F.,(4,3,3,3,3,3,3,3,3,3,3,3,3,3,3,3,3,3,3,3,3,4),(-0.848346476345752,
-0.819847837591959,-0.800361545921493,-0.774259885240705,-0.749936442303196,
-0.748158224559918,-0.740708583829968,-0.715420367541931,-0.695456785907058,
-0.67220843876914,-0.649373929194474,-0.641624027129522,-0.633185504021981,
-0.615101493820711,-0.597015472489846,-0.592839530106204,-0.570925254342619,
-0.552505976713562,-0.543505170581035,-0.510042188619807,-0.491223639301275,
-0.471825919657553),.UNSPECIFIED.);
#181=B_SPLINE_CURVE_WITH_KNOTS('',3,(#6740,#6741,#6742,#6743,#6744),
 .UNSPECIFIED.,.F.,.F.,(4,1,4),(-0.580761459447122,-0.455595168980021,-0.33042887851292),
 .UNSPECIFIED.);
#182=B_SPLINE_CURVE_WITH_KNOTS('',3,(#6746,#6747,#6748,#6749,#6750,#6751,
#6752,#6753,#6754,#6755,#6756,#6757,#6758,#6759,#6760,#6761,#6762,#6763,
#6764,#6765,#6766,#6767,#6768,#6769,#6770,#6771,#6772,#6773,#6774,#6775,
#6776,#6777,#6778,#6779,#6780,#6781,#6782,#6783,#6784,#6785,#6786,#6787,
#6788,#6789,#6790,#6791,#6792,#6793,#6794,#6795,#6796,#6797,#6798,#6799,
#6800,#6801,#6802,#6803,#6804,#6805,#6806,#6807,#6808,#6809),
 .UNSPECIFIED.,.F.,.F.,(4,3,3,3,3,3,3,3,3,3,3,3,3,3,3,3,3,3,3,3,3,4),(-1.22486703302831,
-1.20694722029913,-1.19319367448787,-1.17047690811288,-1.1531877821116,
-1.13160718554339,-1.1172285726041,-1.10385342258644,-1.0794611740748,-1.05506892556316,
-1.03636791270474,-1.01759647961067,-1.00970559949052,-1.0012361667855,
-0.980530974231035,-0.959640860502467,-0.948534728132509,-0.929023709466205,
-0.902986554528152,-0.896331406770199,-0.863619253091595,-0.848346476345752),
 .UNSPECIFIED.);
#183=B_SPLINE_CURVE_WITH_KNOTS('',3,(#6810,#6811,#6812,#6813),
 .UNSPECIFIED.,.F.,.F.,(4,4),(-0.0136213073301025,0.),.UNSPECIFIED.);
#184=B_SPLINE_CURVE_WITH_KNOTS('',3,(#6828,#6829,#6830,#6831),
 .UNSPECIFIED.,.F.,.F.,(4,4),(-1.62188465865124,-1.26908384824115),
 .UNSPECIFIED.);
#185=B_SPLINE_CURVE_WITH_KNOTS('',3,(#6833,#6834,#6835,#6836),
 .UNSPECIFIED.,.F.,.F.,(4,4),(-0.13,-0.0499999999999999),.UNSPECIFIED.);
#186=B_SPLINE_CURVE_WITH_KNOTS('',3,(#6838,#6839,#6840,#6841),
 .UNSPECIFIED.,.F.,.F.,(4,4),(-0.388748543050592,0.),.UNSPECIFIED.);
#187=B_SPLINE_CURVE_WITH_KNOTS('',3,(#6907,#6908,#6909,#6910,#6911),
 .UNSPECIFIED.,.F.,.F.,(4,1,4),(0.,0.0313840351266286,0.0514795461247323),
 .UNSPECIFIED.);
#188=B_SPLINE_CURVE_WITH_KNOTS('',3,(#6912,#6913,#6914,#6915,#6916,#6917,
#6918,#6919,#6920,#6921,#6922,#6923,#6924,#6925),.UNSPECIFIED.,.F.,.F.,
(4,1,1,1,1,1,1,1,1,1,1,4),(0.0514795461247323,0.0627680702532572,0.125536140506514,
0.141228158069829,0.188304210759772,0.2196882458864,0.251072281013029,0.313840351266286,
0.345224386392914,0.376608421519543,0.407992456646172,0.4393764917728),
 .UNSPECIFIED.);
#189=B_SPLINE_CURVE_WITH_KNOTS('',3,(#6926,#6927,#6928,#6929,#6930,#6931,
#6932,#6933,#6934,#6935,#6936,#6937,#6938,#6939,#6940),.UNSPECIFIED.,.T.,
 .F.,(4,1,1,1,1,1,1,1,1,1,1,1,4),(-0.4393764917728,-0.407992456646172,-0.376608421519543,
-0.345224386392914,-0.313840351266286,-0.251072281013029,-0.2196882458864,
-0.188304210759772,-0.141228158069829,-0.125536140506514,-0.0627680702532572,
-0.0313840351266286,0.),.UNSPECIFIED.);
#190=B_SPLINE_CURVE_WITH_KNOTS('',3,(#6958,#6959,#6960,#6961,#6962,#6963,
#6964,#6965,#6966,#6967,#6968,#6969,#6970,#6971,#6972,#6973,#6974,#6975,
#6976,#6977,#6978,#6979,#6980,#6981,#6982,#6983,#6984,#6985,#6986,#6987),
 .UNSPECIFIED.,.T.,.F.,(4,1,2,2,2,2,2,1,2,2,2,1,2,2,2,1,4),(-0.492708419474337,
-0.465678194803076,-0.438647970131816,-0.404406794503556,-0.370165618875296,
-0.335417770045348,-0.3006699212154,-0.274273074837377,-0.247876228459355,
-0.216237139291564,-0.184598050123772,-0.149898277456648,-0.115198504789523,
-0.084545172448323,-0.0538918401071231,-0.0269459200535615,0.),
 .UNSPECIFIED.);
#191=B_SPLINE_CURVE_WITH_KNOTS('',3,(#6989,#6990,#6991,#6992,#6993,#6994,
#6995,#6996,#6997,#6998,#6999,#7000,#7001,#7002,#7003,#7004),
 .UNSPECIFIED.,.T.,.F.,(4,1,1,1,1,1,1,1,1,1,1,1,1,4),(-0.429729470622005,
-0.399034508434719,-0.368339546247433,-0.337644584060147,-0.306949621872861,
-0.276254659685574,-0.245559697498288,-0.184169773123716,-0.168822292030073,
-0.138127329842787,-0.122779848749144,-0.0613899243745721,-0.0306949621872861,
0.),.UNSPECIFIED.);
#192=B_SPLINE_CURVE_WITH_KNOTS('',3,(#7006,#7007,#7008,#7009,#7010,#7011,
#7012,#7013,#7014,#7015,#7016,#7017,#7018,#7019,#7020,#7021),
 .UNSPECIFIED.,.T.,.F.,(4,1,1,1,1,1,1,1,1,1,1,1,1,4),(-0.418240365061044,
-0.388366053270969,-0.358491741480895,-0.298743117900746,-0.27633738405819,
-0.253931650215634,-0.238994494320596,-0.179245870740447,-0.16430871484541,
-0.119497247160298,-0.104560091265261,-0.0597486235801491,-0.0298743117900746,
0.),.UNSPECIFIED.);
#193=B_SPLINE_CURVE_WITH_KNOTS('',3,(#7149,#7150,#7151,#7152,#7153,#7154,
#7155,#7156,#7157,#7158,#7159,#7160),.UNSPECIFIED.,.F.,.F.,(4,1,2,2,2,1,
4),(0.,0.0269459200535615,0.0538918401071231,0.084545172448323,0.115198504789523,
0.149898277456648,0.1831845628875),.UNSPECIFIED.);
#194=B_SPLINE_CURVE_WITH_KNOTS('',3,(#7161,#7162,#7163,#7164,#7165,#7166,
#7167,#7168,#7169,#7170,#7171,#7172,#7173,#7174,#7175,#7176,#7177,#7178,
#7179,#7180,#7181,#7182),.UNSPECIFIED.,.F.,.F.,(4,2,2,2,1,2,2,2,2,2,1,4),
(0.1831845628875,0.184598050123772,0.216237139291564,0.247876228459355,
0.274273074837377,0.3006699212154,0.335417770045348,0.370165618875296,0.404406794503556,
0.438647970131816,0.465678194803076,0.492708419474337),.UNSPECIFIED.);
#195=B_SPLINE_CURVE_WITH_KNOTS('',3,(#7254,#7255,#7256,#7257,#7258,#7259,
#7260,#7261,#7262,#7263),.UNSPECIFIED.,.F.,.F.,(4,1,1,1,1,1,1,4),(0.,0.0298743117900746,
0.0597486235801491,0.104560091265261,0.119497247160298,0.16430871484541,
0.179245870740447,0.197241620967561),.UNSPECIFIED.);
#196=B_SPLINE_CURVE_WITH_KNOTS('',3,(#7264,#7265,#7266,#7267,#7268,#7269,
#7270,#7271,#7272,#7273),.UNSPECIFIED.,.F.,.F.,(4,1,1,1,1,1,1,4),(0.197241620967561,
0.238994494320596,0.253931650215634,0.27633738405819,0.298743117900746,
0.358491741480895,0.388366053270969,0.418240365061044),.UNSPECIFIED.);
#197=B_SPLINE_CURVE_WITH_KNOTS('',3,(#7345,#7346,#7347,#7348),
 .UNSPECIFIED.,.F.,.F.,(4,4),(0.,0.00391346999691977),.UNSPECIFIED.);
#198=B_SPLINE_CURVE_WITH_KNOTS('',3,(#7349,#7350,#7351,#7352,#7353,#7354,
#7355,#7356,#7357,#7358,#7359,#7360,#7361,#7362,#7363,#7364),
 .UNSPECIFIED.,.F.,.F.,(4,1,1,1,1,1,1,1,1,1,1,1,1,4),(0.00391346999691977,
0.0306949621872861,0.0613899243745721,0.122779848749144,0.138127329842787,
0.168822292030073,0.184169773123716,0.245559697498288,0.276254659685574,
0.306949621872861,0.337644584060147,0.368339546247433,0.399034508434719,
0.429729470622005),.UNSPECIFIED.);
#199=B_SPLINE_CURVE_WITH_KNOTS('',3,(#7411,#7412,#7413,#7414,#7415,#7416,
#7417,#7418,#7419,#7420),.UNSPECIFIED.,.F.,.F.,(4,2,2,2,4),(0.,0.00746107540492018,
0.0149221508098404,0.0240787498669891,0.0332353489241379),.UNSPECIFIED.);
#200=B_SPLINE_CURVE_WITH_KNOTS('',3,(#7423,#7424,#7425,#7426,#7427,#7428),
 .UNSPECIFIED.,.F.,.F.,(4,2,4),(0.139688673207631,0.172390612582893,0.205092551958154),
 .UNSPECIFIED.);
#201=B_SPLINE_CURVE_WITH_KNOTS('',3,(#7455,#7456,#7457,#7458,#7459,#7460),
 .UNSPECIFIED.,.F.,.F.,(4,2,4),(0.,0.0327019393752618,0.0654038787505237),
 .UNSPECIFIED.);
#202=B_SPLINE_CURVE_WITH_KNOTS('',3,(#7462,#7463,#7464,#7465,#7466,#7467,
#7468,#7469,#7470,#7471),.UNSPECIFIED.,.F.,.F.,(4,2,2,2,4),(0.0335970338336034,
0.0427536328907522,0.051910231947901,0.0593713073528212,0.0668323827577413),
 .UNSPECIFIED.);
#203=B_SPLINE_CURVE_WITH_KNOTS('',3,(#7476,#7477,#7478,#7479,#7480,#7481),
 .UNSPECIFIED.,.F.,.F.,(4,2,4),(0.,0.0327019393752618,0.0654038787505237),
 .UNSPECIFIED.);
#204=B_SPLINE_CURVE_WITH_KNOTS('',3,(#7485,#7486,#7487,#7488,#7489,#7490,
#7491,#7492,#7493,#7494),.UNSPECIFIED.,.F.,.F.,(4,2,2,2,4),(0.0335970338336035,
0.0427536328907522,0.051910231947901,0.0593713073528212,0.0668323827577414),
 .UNSPECIFIED.);
#205=B_SPLINE_CURVE_WITH_KNOTS('',3,(#7519,#7520,#7521,#7522,#7523,#7524,
#7525,#7526,#7527,#7528),.UNSPECIFIED.,.F.,.F.,(4,2,2,2,4),(0.,0.00746107540492018,
0.0149221508098404,0.0240787498669891,0.0332353489241379),.UNSPECIFIED.);
#206=B_SPLINE_CURVE_WITH_KNOTS('',3,(#7529,#7530,#7531,#7532,#7533,#7534),
 .UNSPECIFIED.,.F.,.F.,(4,2,4),(0.139678691550697,0.172380630925959,0.205082570301221),
 .UNSPECIFIED.);
#207=B_SPLINE_CURVE_WITH_KNOTS('',3,(#7536,#7537,#7538,#7539,#7540,#7541,
#7542,#7543,#7544,#7545),.UNSPECIFIED.,.F.,.F.,(4,2,2,2,4),(0.,0.0548847725996655,
0.110707195042862,0.167900571360422,0.226703709919102),.UNSPECIFIED.);
#208=B_SPLINE_CURVE_WITH_KNOTS('',3,(#7550,#7551,#7552,#7553,#7554,#7555,
#7556,#7557,#7558,#7559),.UNSPECIFIED.,.F.,.F.,(4,2,2,2,4),(-0.222315801458814,
-0.166657531010098,-0.111058221803641,-0.05551094438544,0.),
 .UNSPECIFIED.);
#209=B_SPLINE_CURVE_WITH_KNOTS('',3,(#7579,#7580,#7581,#7582,#7583,#7584,
#7585,#7586,#7587,#7588,#7589,#7590,#7591,#7592),.UNSPECIFIED.,.F.,.F.,
(4,2,2,2,2,2,4),(-0.237508104114246,-0.236890339495685,-0.206092838201483,
-0.175332532146715,-0.116374374738419,-0.0580382580081396,0.),
 .UNSPECIFIED.);
#210=B_SPLINE_CURVE_WITH_KNOTS('',3,(#7594,#7595,#7596,#7597,#7598,#7599,
#7600,#7601,#7602,#7603),.UNSPECIFIED.,.F.,.F.,(4,2,2,2,4),(0.,0.05551094438544,
0.111058221803641,0.166657531010098,0.222315801458814),.UNSPECIFIED.);
#211=B_SPLINE_CURVE_WITH_KNOTS('',3,(#7612,#7613,#7614,#7615,#7616,#7617,
#7618,#7619,#7620,#7621),.UNSPECIFIED.,.F.,.F.,(4,2,2,2,4),(-0.226703709919102,
-0.167900571360422,-0.110707195042862,-0.0548847725996655,0.),
 .UNSPECIFIED.);
#212=B_SPLINE_CURVE_WITH_KNOTS('',3,(#7624,#7625,#7626,#7627,#7628,#7629,
#7630,#7631,#7632,#7633,#7634,#7635,#7636,#7637),.UNSPECIFIED.,.F.,.F.,
(4,2,2,2,2,2,4),(-0.000618028080162338,0.,0.0308106356806843,0.0615840602590077,
0.12056736188971,0.178928357557153,0.236991367472944),.UNSPECIFIED.);
#213=B_SPLINE_CURVE_WITH_KNOTS('',3,(#7651,#7652,#7653,#7654,#7655,#7656,
#7657,#7658,#7659,#7660,#7661,#7662,#7663,#7664),.UNSPECIFIED.,.F.,.F.,
(4,2,2,2,2,2,4),(-0.237508104114236,-0.236890339495697,-0.20609283820149,
-0.175332532146721,-0.116374374738423,-0.0580382580081411,0.),
 .UNSPECIFIED.);
#214=B_SPLINE_CURVE_WITH_KNOTS('',3,(#7876,#7877,#7878,#7879,#7880,#7881,
#7882,#7883,#7884,#7885,#7886,#7887),.UNSPECIFIED.,.F.,.F.,(4,2,2,2,2,4),
(0.0299728293069525,0.0360406598002139,0.0711804235145791,0.106910820195605,
0.133684825226951,0.156585679599774),.UNSPECIFIED.);
#215=B_SPLINE_CURVE_WITH_KNOTS('',3,(#7889,#7890,#7891,#7892,#7893,#7894,
#7895,#7896,#7897,#7898,#7899,#7900,#7901,#7902,#7903,#7904,#7905,#7906,
#7907,#7908,#7909,#7910,#7911,#7912,#7913,#7914,#7915,#7916,#7917,#7918,
#7919,#7920,#7921,#7922,#7923,#7924,#7925,#7926,#7927,#7928),
 .UNSPECIFIED.,.F.,.F.,(4,2,1,1,1,1,1,1,1,1,1,1,1,1,1,1,1,1,1,1,1,1,1,1,
1,1,1,1,1,1,1,1,1,1,1,1,4),(-0.000209351985043016,0.,0.001028644203293,
0.004114576813172,0.008229153626344,0.016458307252688,0.032916614505376,
0.049374921758064,0.065833229010752,0.08229153626344,0.098749843516128,
0.115208150768816,0.131666458021504,0.148124765274192,0.16458307252688,
0.181041379779568,0.197499687032256,0.213957994284944,0.230416301537632,
0.252360711207883,0.263332916043008,0.279791223295696,0.296249530548384,
0.312707837801072,0.314765126207658,0.316822414614244,0.320936991427416,
0.325051568240588,0.326080212443881,0.327108856647174,0.328137500850467,
0.328651822952114,0.328908984002937,0.329037564528348,0.329101854791054,
0.329133999922407,0.32916614505376),.UNSPECIFIED.);
#216=B_SPLINE_CURVE_WITH_KNOTS('',3,(#7931,#7932,#7933,#7934,#7935,#7936,
#7937,#7938,#7939,#7940,#7941,#7942,#7943,#7944,#7945,#7946,#7947,#7948,
#7949,#7950,#7951,#7952,#7953,#7954,#7955,#7956,#7957,#7958,#7959,#7960,
#7961,#7962,#7963,#7964,#7965,#7966,#7967,#7968,#7969,#7970,#7971,#7972),
 .UNSPECIFIED.,.F.,.F.,(4,1,1,1,1,1,1,1,1,1,1,1,1,1,1,1,1,1,1,1,1,1,1,1,
1,1,1,1,1,1,1,1,1,1,1,2,1,1,4),(-0.32916614505376,-0.329133999922407,-0.329101854791054,
-0.329037564528348,-0.328908984002937,-0.328651822952114,-0.328137500850467,
-0.327108856647174,-0.326080212443881,-0.325051568240588,-0.320936991427416,
-0.316822414614244,-0.314765126207658,-0.312707837801072,-0.296249530548384,
-0.279791223295696,-0.263332916043008,-0.252360711207883,-0.230416301537632,
-0.213957994284944,-0.197499687032256,-0.181041379779568,-0.16458307252688,
-0.148124765274192,-0.131666458021504,-0.115208150768816,-0.098749843516128,
-0.08229153626344,-0.065833229010752,-0.049374921758064,-0.032916614505376,
-0.016458307252688,-0.008229153626344,-0.004114576813172,-0.001028644203293,
0.,0.0245613002809647,0.0368419504214471,0.0395288939096228),
 .UNSPECIFIED.);
#217=B_SPLINE_CURVE_WITH_KNOTS('',3,(#8180,#8181,#8182,#8183,#8184,#8185,
#8186,#8187,#8188,#8189,#8190,#8191,#8192,#8193,#8194,#8195,#8196,#8197,
#8198,#8199,#8200,#8201,#8202,#8203,#8204,#8205,#8206,#8207,#8208,#8209,
#8210,#8211,#8212,#8213,#8214,#8215,#8216,#8217,#8218),.UNSPECIFIED.,.F.,
 .F.,(4,1,1,1,1,2,1,1,1,1,1,1,1,1,1,1,1,1,1,1,1,1,1,1,1,1,1,1,1,1,1,1,1,
1,1,4),(-0.368695094558385,-0.353727496016249,-0.341446820535003,-0.33530648279438,
-0.332236313924069,-0.329166145053758,-0.327108856647172,-0.325051568240586,
-0.320936991427414,-0.31270783780107,-0.296249530548382,-0.263332916043006,
-0.23041630153763,-0.197499687032255,-0.164583072526879,-0.131666458021503,
-0.109722048351253,-0.087777638681002,-0.0658332290107515,-0.0329166145053758,
-0.0246874608790318,-0.0205728840658599,-0.0164583072526879,-0.0123437304395159,
-0.0102864420329299,-0.00822915362634394,-0.00617186521975796,-0.00411457681317197,
-0.00205728840658599,-0.00102864420329299,-0.000514322101646496,-0.000257161050823248,
-0.000128580525411624,-6.4290262705812E-5,-3.2145131352906E-5,0.),
 .UNSPECIFIED.);
#218=B_SPLINE_CURVE_WITH_KNOTS('',3,(#8219,#8220,#8221,#8222,#8223,#8224,
#8225,#8226,#8227,#8228,#8229,#8230,#8231,#8232,#8233,#8234,#8235,#8236,
#8237,#8238,#8239,#8240,#8241,#8242,#8243,#8244,#8245,#8246,#8247,#8248,
#8249,#8250,#8251,#8252,#8253),.UNSPECIFIED.,.F.,.F.,(4,1,1,1,1,1,1,1,1,
1,1,1,1,1,1,1,1,1,1,1,1,1,1,1,1,1,1,1,1,1,2,4),(0.,3.2145131352906E-5,6.4290262705812E-5,
0.000128580525411624,0.000257161050823248,0.000514322101646496,0.00102864420329299,
0.00205728840658599,0.00411457681317197,0.00617186521975796,0.00822915362634394,
0.0102864420329299,0.0123437304395159,0.0164583072526879,0.0205728840658599,
0.0246874608790318,0.0329166145053758,0.0658332290107515,0.087777638681002,
0.109722048351253,0.131666458021503,0.164583072526879,0.197499687032255,
0.23041630153763,0.263332916043006,0.296249530548382,0.31270783780107,0.320936991427414,
0.325051568240586,0.327108856647172,0.329166145053758,0.329377942263782),
 .UNSPECIFIED.);
#219=B_SPLINE_CURVE_WITH_KNOTS('',3,(#8292,#8293,#8294,#8295,#8296,#8297,
#8298,#8299,#8300,#8301,#8302,#8303,#8304,#8305,#8306,#8307,#8308,#8309,
#8310,#8311,#8312,#8313,#8314,#8315,#8316,#8317,#8318,#8319,#8320,#8321,
#8322,#8323,#8324,#8325,#8326,#8327,#8328,#8329,#8330,#8331,#8332,#8333,
#8334,#8335,#8336,#8337,#8338,#8339,#8340,#8341,#8342,#8343,#8344,#8345,
#8346,#8347,#8348,#8349),.UNSPECIFIED.,.F.,.F.,(4,3,3,3,3,3,3,3,3,3,3,3,
3,3,3,3,3,3,3,4),(0.,0.00801349864627163,0.0163238028545682,0.0250093453427857,
0.0341958193890818,0.0443051851720194,0.0549835735652245,0.0664437790471356,
0.0790538828177484,0.0930772149659598,0.108144496692509,0.121484718530445,
0.133141714156456,0.143833207026119,0.153887671466408,0.163360471150978,
0.171892143294373,0.180102143144861,0.187942210334505,0.191778870204691),
 .UNSPECIFIED.);
#220=B_SPLINE_CURVE_WITH_KNOTS('',3,(#8353,#8354,#8355,#8356,#8357,#8358,
#8359,#8360,#8361,#8362,#8363,#8364,#8365,#8366,#8367,#8368,#8369,#8370,
#8371,#8372,#8373,#8374,#8375,#8376,#8377,#8378,#8379,#8380,#8381,#8382,
#8383,#8384,#8385,#8386,#8387,#8388,#8389,#8390,#8391,#8392),
 .UNSPECIFIED.,.F.,.F.,(4,2,2,2,2,2,2,2,2,2,2,2,2,2,2,2,2,2,2,4),(0.,0.0472459726264989,
0.0913084663896367,0.122633540248619,0.147141277031013,0.172268727088487,
0.205970812350703,0.250629864187947,0.294258589599768,0.342449171122585,
0.394473873062786,0.443803869309,0.48124141983638,0.501422932086256,0.517602198359167,
0.536683994819388,0.571699371721307,0.613228594510256,0.663184236907433,
0.696053892932096),.UNSPECIFIED.);
#221=B_SPLINE_CURVE_WITH_KNOTS('',3,(#8393,#8394,#8395,#8396,#8397,#8398,
#8399,#8400,#8401,#8402),.UNSPECIFIED.,.F.,.F.,(4,3,3,4),(0.696053892932096,
0.696810803653221,0.718854136050604,0.73149422944077),.UNSPECIFIED.);
#222=B_SPLINE_CURVE_WITH_KNOTS('',3,(#8426,#8427,#8428,#8429,#8430,#8431,
#8432,#8433,#8434,#8435,#8436,#8437,#8438,#8439,#8440,#8441,#8442,#8443,
#8444,#8445,#8446,#8447,#8448,#8449,#8450,#8451,#8452,#8453,#8454,#8455,
#8456,#8457,#8458,#8459,#8460,#8461,#8462,#8463,#8464,#8465,#8466,#8467,
#8468,#8469,#8470,#8471,#8472,#8473,#8474,#8475,#8476,#8477,#8478,#8479,
#8480,#8481,#8482,#8483),.UNSPECIFIED.,.F.,.F.,(4,3,3,3,3,3,3,3,3,3,3,3,
3,3,3,3,3,3,3,4),(0.,0.00648596937837425,0.0132240070632767,0.0202851164342685,
0.02778708803282,0.0361666402389728,0.0451176752544849,0.0549161366943633,
0.0661131255523731,0.0786601559612118,0.090062935614912,0.10030537554451,
0.109641183398714,0.11837365220297,0.126671937278564,0.134639373709471,
0.14181439651392,0.148734442000749,0.155357345814496,0.158541683002193),
 .UNSPECIFIED.);
#223=B_SPLINE_CURVE_WITH_KNOTS('',3,(#8486,#8487,#8488,#8489,#8490,#8491,
#8492,#8493,#8494,#8495,#8496,#8497,#8498,#8499,#8500,#8501,#8502,#8503,
#8504,#8505,#8506,#8507,#8508,#8509,#8510,#8511,#8512,#8513,#8514,#8515,
#8516,#8517,#8518,#8519,#8520,#8521,#8522,#8523,#8524,#8525),
 .UNSPECIFIED.,.F.,.F.,(4,2,2,2,2,2,2,2,2,2,2,2,2,2,2,2,2,2,2,4),(0.,0.0525507266061766,
0.0976028283002936,0.126110445075437,0.143724350882834,0.160243688122097,
0.183211492191073,0.227909647214976,0.274264151478518,0.32666923439084,
0.377329901768772,0.423743348774963,0.466669836383225,0.495724894298921,
0.519818116246119,0.546021343660016,0.583129522857574,0.623279548721871,
0.667494145238982,0.692887042694375),.UNSPECIFIED.);
#224=B_SPLINE_CURVE_WITH_KNOTS('',3,(#8526,#8527,#8528,#8529,#8530,#8531,
#8532,#8533,#8534,#8535),.UNSPECIFIED.,.F.,.F.,(4,3,3,4),(0.692887042694375,
0.699968380591799,0.719500118638481,0.731988581138959),.UNSPECIFIED.);
#225=B_SPLINE_CURVE_WITH_KNOTS('',3,(#8739,#8740,#8741,#8742,#8743,#8744,
#8745,#8746,#8747,#8748,#8749,#8750,#8751,#8752,#8753,#8754,#8755,#8756,
#8757,#8758,#8759,#8760,#8761,#8762,#8763,#8764,#8765,#8766,#8767,#8768,
#8769,#8770,#8771,#8772,#8773,#8774,#8775,#8776),.UNSPECIFIED.,.F.,.F.,
(4,1,1,1,1,2,1,1,1,1,1,1,1,1,1,1,1,1,1,1,1,1,1,1,1,1,1,1,1,1,1,1,1,1,4),
(-0.3686950385024,-0.353727445334723,-0.34144679519424,-0.335306470123999,
-0.332236307588879,-0.329166145053758,-0.327108856647172,-0.325051568240586,
-0.320936991427414,-0.31270783780107,-0.296249530548382,-0.263332916043006,
-0.230416301537631,-0.197499687032255,-0.175555277362004,-0.153610867691754,
-0.131666458021503,-0.109722048351253,-0.0877776386810021,-0.0658332290107516,
-0.0329166145053758,-0.0164583072526879,-0.0144010188461019,-0.0133723746428089,
-0.0123437304395159,-0.00822915362634397,-0.004114576813172,-0.00205728840658601,
-0.00102864420329302,-0.000514322101646523,-0.000257161050823275,-0.000128580525411651,
-6.42902627058388E-5,-3.21451313529328E-5,-2.67562467170126E-17),
 .UNSPECIFIED.);
#226=B_SPLINE_CURVE_WITH_KNOTS('',3,(#8778,#8779,#8780,#8781,#8782,#8783,
#8784,#8785,#8786,#8787,#8788,#8789,#8790,#8791,#8792,#8793,#8794,#8795,
#8796,#8797,#8798,#8799,#8800,#8801,#8802,#8803,#8804,#8805,#8806,#8807,
#8808,#8809,#8810,#8811),.UNSPECIFIED.,.F.,.F.,(4,1,1,1,1,1,1,1,1,1,1,1,
1,1,1,1,1,1,1,1,1,1,1,1,1,1,1,1,1,2,4),(2.67562467170126E-17,3.21451313529328E-5,
6.42902627058388E-5,0.000128580525411651,0.000257161050823275,0.000514322101646523,
0.00102864420329302,0.00205728840658601,0.004114576813172,0.00822915362634397,
0.0123437304395159,0.0133723746428089,0.0144010188461019,0.0164583072526879,
0.0329166145053758,0.0658332290107516,0.0877776386810021,0.109722048351253,
0.131666458021503,0.153610867691754,0.175555277362004,0.197499687032255,
0.230416301537631,0.263332916043006,0.296249530548382,0.31270783780107,
0.320936991427414,0.325051568240586,0.327108856647172,0.329166145053758,
0.329377568884453),.UNSPECIFIED.);
#227=B_SPLINE_CURVE_WITH_KNOTS('',3,(#8812,#8813,#8814,#8815,#8816,#8817,
#8818,#8819,#8820,#8821,#8822,#8823),.UNSPECIFIED.,.F.,.F.,(4,2,2,2,2,4),
(0.,0.0226779369439603,0.0491806512605586,0.0845504840544191,0.119320562244687,
0.125315622325789),.UNSPECIFIED.);
#228=B_SPLINE_CURVE_WITH_KNOTS('',3,(#9030,#9031,#9032,#9033,#9034,#9035,
#9036,#9037,#9038,#9039,#9040,#9041,#9042,#9043,#9044,#9045,#9046,#9047,
#9048,#9049,#9050,#9051,#9052,#9053,#9054,#9055,#9056,#9057,#9058,#9059,
#9060,#9061,#9062,#9063,#9064,#9065,#9066,#9067,#9068),.UNSPECIFIED.,.F.,
 .F.,(4,2,1,1,1,1,1,1,1,1,1,1,1,1,1,1,1,1,1,1,1,1,1,1,1,1,1,1,1,1,1,1,1,
1,1,4),(-0.000378892875983856,0.,0.00205728840658598,0.00411457681317196,
0.00822915362634392,0.0164583072526878,0.0329166145053757,0.0493749217580635,
0.0658332290107514,0.0822915362634392,0.0987498435161271,0.115208150768815,
0.131666458021503,0.153610867691753,0.175555277362004,0.197499687032254,
0.219444096702505,0.241388506372755,0.263332916043006,0.279791223295693,
0.296249530548381,0.304478684174725,0.312707837801069,0.314765126207655,
0.315793770410948,0.316822414614241,0.320936991427413,0.325051568240585,
0.327108856647171,0.328137500850464,0.32865182295211,0.328908984002934,
0.329037564528345,0.329101854791051,0.329133999922404,0.329166145053757),
 .UNSPECIFIED.);
#229=B_SPLINE_CURVE_WITH_KNOTS('',3,(#9071,#9072,#9073,#9074,#9075,#9076,
#9077,#9078,#9079,#9080,#9081,#9082,#9083,#9084,#9085,#9086,#9087,#9088,
#9089,#9090,#9091,#9092,#9093,#9094,#9095,#9096,#9097,#9098,#9099,#9100,
#9101,#9102,#9103,#9104,#9105,#9106,#9107,#9108,#9109,#9110,#9111),
 .UNSPECIFIED.,.F.,.F.,(4,1,1,1,1,1,1,1,1,1,1,1,1,1,1,1,1,1,1,1,1,1,1,1,
1,1,1,1,1,1,1,1,1,1,2,1,1,4),(-0.329166145053757,-0.329133999922404,-0.329101854791051,
-0.329037564528345,-0.328908984002934,-0.32865182295211,-0.328137500850464,
-0.327108856647171,-0.325051568240585,-0.320936991427413,-0.316822414614241,
-0.315793770410948,-0.314765126207655,-0.312707837801069,-0.304478684174725,
-0.296249530548381,-0.279791223295693,-0.263332916043006,-0.241388506372755,
-0.219444096702505,-0.197499687032254,-0.175555277362004,-0.153610867691753,
-0.131666458021503,-0.115208150768815,-0.0987498435161271,-0.0822915362634392,
-0.0658332290107514,-0.0493749217580635,-0.0329166145053757,-0.0164583072526878,
-0.00822915362634392,-0.00411457681317196,-0.00205728840658598,0.,0.0122806754812454,
0.0368420264437361,0.0395289497150912),.UNSPECIFIED.);
#230=B_SPLINE_CURVE_WITH_KNOTS('',3,(#9151,#9152,#9153,#9154,#9155,#9156,
#9157,#9158,#9159,#9160,#9161,#9162,#9163,#9164,#9165,#9166,#9167,#9168,
#9169,#9170,#9171,#9172,#9173,#9174,#9175,#9176,#9177,#9178,#9179,#9180,
#9181,#9182,#9183,#9184,#9185,#9186,#9187,#9188,#9189,#9190,#9191,#9192,
#9193,#9194,#9195,#9196,#9197,#9198,#9199,#9200,#9201,#9202,#9203,#9204,
#9205,#9206,#9207,#9208),.UNSPECIFIED.,.F.,.F.,(4,3,3,3,3,3,3,3,3,3,3,3,
3,3,3,3,3,3,3,4),(0.,0.00801349864628796,0.0163238028546018,0.0250093453428374,
0.0341958193891512,0.0443051851721036,0.0549835735653325,0.0664437790472642,
0.079053882817918,0.09307721496616,0.108144496692717,0.121484718530682,
0.133141714156718,0.143833207026402,0.153887671466714,0.163360471151307,
0.171892143294719,0.180102143145225,0.187942210334885,0.191778870205086),
 .UNSPECIFIED.);
#231=B_SPLINE_CURVE_WITH_KNOTS('',3,(#9213,#9214,#9215,#9216,#9217,#9218,
#9219),.UNSPECIFIED.,.F.,.F.,(4,3,4),(0.,0.0191606592732168,0.0391651361872617),
 .UNSPECIFIED.);
#232=B_SPLINE_CURVE_WITH_KNOTS('',3,(#9220,#9221,#9222,#9223,#9224,#9225,
#9226,#9227,#9228,#9229,#9230,#9231,#9232,#9233,#9234,#9235,#9236,#9237,
#9238,#9239,#9240,#9241,#9242,#9243,#9244,#9245,#9246,#9247,#9248,#9249,
#9250,#9251,#9252,#9253,#9254,#9255,#9256,#9257,#9258,#9259,#9260,#9261),
 .UNSPECIFIED.,.F.,.F.,(4,2,2,2,2,2,2,2,2,2,2,2,2,2,2,2,2,2,2,2,4),(0.0391651361872617,
0.053186434848183,0.102327453172788,0.147275676238051,0.184075660858028,
0.210696540585557,0.23471844728603,0.263151472338415,0.306290873823112,
0.347926819200082,0.393987261587199,0.444380814474808,0.496544998431405,
0.541695307075727,0.567789748288463,0.584882274505757,0.601700196649578,
0.626408557298966,0.672087374591949,0.702239936206885,0.731768288170477),
 .UNSPECIFIED.);
#233=B_SPLINE_CURVE_WITH_KNOTS('',3,(#9289,#9290,#9291,#9292,#9293,#9294,
#9295,#9296,#9297,#9298,#9299,#9300,#9301,#9302,#9303,#9304,#9305,#9306,
#9307,#9308,#9309,#9310,#9311,#9312,#9313,#9314,#9315,#9316,#9317,#9318,
#9319,#9320,#9321,#9322,#9323,#9324,#9325,#9326,#9327,#9328,#9329,#9330,
#9331,#9332,#9333,#9334,#9335,#9336,#9337,#9338,#9339,#9340,#9341,#9342,
#9343,#9344,#9345,#9346),.UNSPECIFIED.,.F.,.F.,(4,3,3,3,3,3,3,3,3,3,3,3,
3,3,3,3,3,3,3,4),(0.,0.00648596937838406,0.0132240070632969,0.0202851164343002,
0.0277870880328578,0.0361666402390206,0.0451176752545456,0.054916136694439,
0.066113125552479,0.0786601559613187,0.090062935615062,0.100305375544679,
0.109641183398894,0.118373652203163,0.126671937278752,0.134639373709671,
0.14181439651413,0.148734442000968,0.155357345814725,0.158541683002426),
 .UNSPECIFIED.);
#234=B_SPLINE_CURVE_WITH_KNOTS('',3,(#9349,#9350,#9351,#9352,#9353,#9354,
#9355),.UNSPECIFIED.,.F.,.F.,(4,3,4),(0.,0.0210570083137604,0.0354772529349196),
 .UNSPECIFIED.);
#235=B_SPLINE_CURVE_WITH_KNOTS('',3,(#9356,#9357,#9358,#9359,#9360,#9361,
#9362,#9363,#9364,#9365,#9366,#9367,#9368,#9369,#9370,#9371,#9372,#9373,
#9374,#9375,#9376,#9377,#9378,#9379,#9380,#9381,#9382,#9383,#9384,#9385,
#9386,#9387,#9388,#9389,#9390,#9391,#9392,#9393,#9394,#9395,#9396,#9397),
 .UNSPECIFIED.,.F.,.F.,(4,2,2,2,2,2,2,2,2,2,2,2,2,2,2,2,2,2,2,2,4),(0.0354772529349196,
0.0477676427442531,0.0994776092552172,0.149559007187267,0.18944982758055,
0.210300867533558,0.226524911499272,0.245117808628345,0.27803926604752,
0.318565008961014,0.367820148953372,0.42043445987899,0.469510883054911,
0.514400660861461,0.551088208798526,0.577655672531253,0.601659657930329,
0.63010720625967,0.673307681662284,0.70316054354588,0.731322958811786),
 .UNSPECIFIED.);
#236=B_SPLINE_CURVE_WITH_KNOTS('',3,(#9488,#9489,#9490,#9491,#9492,#9493,
#9494,#9495,#9496,#9497,#9498,#9499,#9500,#9501,#9502,#9503,#9504,#9505,
#9506,#9507,#9508,#9509,#9510,#9511,#9512,#9513,#9514,#9515,#9516,#9517,
#9518,#9519,#9520,#9521),.UNSPECIFIED.,.F.,.F.,(4,3,3,3,3,3,3,3,3,3,3,4),
(0.,0.0047420390281652,0.00936844072208825,0.0141793111420346,0.0189220250472789,
0.0198969720851875,0.0245401204139992,0.0289010290401093,0.0336598677395684,
0.0346901799419682,0.0395242189916356,0.0405381955721527),.UNSPECIFIED.);
#237=B_SPLINE_CURVE_WITH_KNOTS('',3,(#9523,#9524,#9525,#9526,#9527,#9528,
#9529,#9530,#9531,#9532,#9533,#9534,#9535),.UNSPECIFIED.,.F.,.F.,(4,3,3,
3,4),(0.481241006434805,0.552508896090598,0.633191872523822,0.740769174434787,
0.837140162116351),.UNSPECIFIED.);
#238=B_SPLINE_CURVE_WITH_KNOTS('',3,(#9536,#9537,#9538,#9539),
 .UNSPECIFIED.,.F.,.F.,(4,4),(0.837140162116351,0.848346476345752),
 .UNSPECIFIED.);
#239=B_SPLINE_CURVE_WITH_KNOTS('',3,(#9593,#9594,#9595,#9596,#9597,#9598,
#9599,#9600,#9601,#9602),.UNSPECIFIED.,.F.,.F.,(4,1,1,1,1,1,1,4),(-0.241028534315969,
-0.223812210436257,-0.189379562676833,-0.137730591037697,-0.103297943278273,
-0.0688652955188483,-0.0516489716391363,-1.46838476306899E-17),
 .UNSPECIFIED.);
#240=B_SPLINE_CURVE_WITH_KNOTS('',3,(#9603,#9604,#9605,#9606,#9607,#9608,
#9609,#9610,#9611,#9612),.UNSPECIFIED.,.F.,.F.,(4,1,1,1,1,1,1,4),(1.46838476306899E-17,
0.0516489716391363,0.0688652955188483,0.103297943278273,0.137730591037697,
0.189379562676833,0.223812210436257,0.241028534315969),.UNSPECIFIED.);
#241=B_SPLINE_CURVE_WITH_KNOTS('',3,(#9690,#9691,#9692,#9693,#9694,#9695,
#9696,#9697,#9698,#9699),.UNSPECIFIED.,.F.,.F.,(4,1,1,1,1,1,1,4),(-0.241027110259372,
-0.189378443775221,-0.172162221613837,-0.13772977729107,-0.103297332968302,
-0.0516486664841512,-0.0172162221613839,-2.01085961463429E-16),
 .UNSPECIFIED.);
#242=B_SPLINE_CURVE_WITH_KNOTS('',3,(#9700,#9701,#9702,#9703,#9704,#9705,
#9706,#9707,#9708,#9709),.UNSPECIFIED.,.F.,.F.,(4,1,1,1,1,1,1,4),(2.01085961463429E-16,
0.0172162221613839,0.0516486664841512,0.103297332968302,0.13772977729107,
0.172162221613837,0.189378443775221,0.241027110259372),.UNSPECIFIED.);
#243=B_SPLINE_CURVE_WITH_KNOTS('',3,(#9746,#9747,#9748,#9749,#9750,#9751,
#9752,#9753,#9754,#9755,#9756,#9757,#9758,#9759,#9760,#9761,#9762,#9763,
#9764,#9765,#9766,#9767,#9768,#9769,#9770,#9771,#9772,#9773,#9774,#9775,
#9776,#9777,#9778,#9779),.UNSPECIFIED.,.F.,.F.,(4,3,3,3,3,3,3,3,3,3,3,4),
(0.,0.00481701169808006,0.00958589761488642,0.0109704016934978,0.0158439679926496,
0.0203768884053176,0.0207175342918014,0.0213698467822694,0.0262828375647518,
0.0311958283472342,0.0359521243557029,0.0406721589848283),.UNSPECIFIED.);
#244=B_SPLINE_CURVE_WITH_KNOTS('',3,(#9781,#9782,#9783,#9784),
 .UNSPECIFIED.,.F.,.F.,(4,4),(0.848346476345751,0.85955279057498),
 .UNSPECIFIED.);
#245=B_SPLINE_CURVE_WITH_KNOTS('',3,(#9785,#9786,#9787,#9788,#9789,#9790,
#9791),.UNSPECIFIED.,.F.,.F.,(4,1,1,1,4),(0.85955279057498,0.929029452777736,
1.00971242920972,1.11728973111903,1.21545194801126),.UNSPECIFIED.);
#246=B_SPLINE_CURVE_WITH_KNOTS('',3,(#9820,#9821,#9822,#9823,#9824),
 .UNSPECIFIED.,.F.,.F.,(4,1,4),(0.454450103126012,0.455595168980021,0.456740235808961),
 .UNSPECIFIED.);
#247=ELLIPSE('',#3722,1.73205080756966,1.5);
#248=ELLIPSE('',#3727,1.73205080756966,1.5);
#249=ELLIPSE('',#3830,8.94924577827651,8.49);
#250=ELLIPSE('',#3886,8.94924577827652,8.49);
#251=ELLIPSE('',#3887,8.11651266109884,7.7);
#252=ELLIPSE('',#3889,8.11651266109884,7.7);
#253=ELLIPSE('',#3894,8.94924577827651,8.49);
#254=ELLIPSE('',#3895,8.11651266109884,7.7);
#255=ELLIPSE('',#3897,8.94924577827652,8.49);
#256=ELLIPSE('',#3898,8.11651266109884,7.7);
#257=ELLIPSE('',#4005,4.32177946889678,4.1);
#258=ELLIPSE('',#4007,4.32177946889679,4.1);
#259=ELLIPSE('',#4010,4.32177946889679,4.1);
#260=ELLIPSE('',#4012,4.32177946889678,4.1);
#261=ELLIPSE('',#4039,3.16227766016477,2.99999999999658);
#262=ELLIPSE('',#4041,3.16227766016477,2.99999999999658);
#263=ELLIPSE('',#4045,3.16227766016477,2.99999999999658);
#264=ELLIPSE('',#4048,3.16227766016477,2.99999999999658);
#265=PLANE('',#3721);
#266=PLANE('',#3726);
#267=PLANE('',#3728);
#268=PLANE('',#3731);
#269=PLANE('',#3734);
#270=PLANE('',#3743);
#271=PLANE('',#3744);
#272=PLANE('',#3746);
#273=PLANE('',#3748);
#274=PLANE('',#3751);
#275=PLANE('',#3755);
#276=PLANE('',#3762);
#277=PLANE('',#3763);
#278=PLANE('',#3766);
#279=PLANE('',#3767);
#280=PLANE('',#3768);
#281=PLANE('',#3769);
#282=PLANE('',#3770);
#283=PLANE('',#3771);
#284=PLANE('',#3772);
#285=PLANE('',#3773);
#286=PLANE('',#3774);
#287=PLANE('',#3775);
#288=PLANE('',#3776);
#289=PLANE('',#3777);
#290=PLANE('',#3778);
#291=PLANE('',#3779);
#292=PLANE('',#3780);
#293=PLANE('',#3781);
#294=PLANE('',#3782);
#295=PLANE('',#3812);
#296=PLANE('',#3825);
#297=PLANE('',#3832);
#298=PLANE('',#3837);
#299=PLANE('',#3853);
#300=PLANE('',#3854);
#301=PLANE('',#3862);
#302=PLANE('',#3885);
#303=PLANE('',#3888);
#304=PLANE('',#3890);
#305=PLANE('',#3893);
#306=PLANE('',#3896);
#307=PLANE('',#3901);
#308=PLANE('',#3905);
#309=PLANE('',#3911);
#310=PLANE('',#3916);
#311=PLANE('',#3917);
#312=PLANE('',#3918);
#313=PLANE('',#3922);
#314=PLANE('',#3926);
#315=PLANE('',#3927);
#316=PLANE('',#3930);
#317=PLANE('',#3931);
#318=PLANE('',#3932);
#319=PLANE('',#3934);
#320=PLANE('',#3935);
#321=PLANE('',#3936);
#322=PLANE('',#3961);
#323=PLANE('',#3963);
#324=PLANE('',#3980);
#325=PLANE('',#3984);
#326=PLANE('',#3985);
#327=PLANE('',#3986);
#328=PLANE('',#3987);
#329=PLANE('',#3989);
#330=PLANE('',#3990);
#331=PLANE('',#3998);
#332=PLANE('',#3999);
#333=PLANE('',#4002);
#334=PLANE('',#4003);
#335=PLANE('',#4014);
#336=PLANE('',#4015);
#337=PLANE('',#4020);
#338=PLANE('',#4032);
#339=PLANE('',#4033);
#340=PLANE('',#4037);
#341=PLANE('',#4038);
#342=PLANE('',#4040);
#343=PLANE('',#4042);
#344=PLANE('',#4046);
#345=PLANE('',#4047);
#346=PLANE('',#4049);
#347=PLANE('',#4053);
#348=PLANE('',#4054);
#349=FACE_OUTER_BOUND('',#554,.T.);
#350=FACE_OUTER_BOUND('',#555,.T.);
#351=FACE_OUTER_BOUND('',#556,.T.);
#352=FACE_OUTER_BOUND('',#557,.T.);
#353=FACE_OUTER_BOUND('',#558,.T.);
#354=FACE_OUTER_BOUND('',#559,.T.);
#355=FACE_OUTER_BOUND('',#560,.T.);
#356=FACE_OUTER_BOUND('',#561,.T.);
#357=FACE_OUTER_BOUND('',#562,.T.);
#358=FACE_OUTER_BOUND('',#563,.T.);
#359=FACE_OUTER_BOUND('',#564,.T.);
#360=FACE_OUTER_BOUND('',#565,.T.);
#361=FACE_OUTER_BOUND('',#566,.T.);
#362=FACE_OUTER_BOUND('',#567,.T.);
#363=FACE_OUTER_BOUND('',#568,.T.);
#364=FACE_OUTER_BOUND('',#569,.T.);
#365=FACE_OUTER_BOUND('',#570,.T.);
#366=FACE_OUTER_BOUND('',#571,.T.);
#367=FACE_OUTER_BOUND('',#572,.T.);
#368=FACE_OUTER_BOUND('',#573,.T.);
#369=FACE_OUTER_BOUND('',#574,.T.);
#370=FACE_OUTER_BOUND('',#575,.T.);
#371=FACE_OUTER_BOUND('',#576,.T.);
#372=FACE_OUTER_BOUND('',#577,.T.);
#373=FACE_OUTER_BOUND('',#578,.T.);
#374=FACE_OUTER_BOUND('',#579,.T.);
#375=FACE_OUTER_BOUND('',#580,.T.);
#376=FACE_OUTER_BOUND('',#581,.T.);
#377=FACE_OUTER_BOUND('',#582,.T.);
#378=FACE_OUTER_BOUND('',#583,.T.);
#379=FACE_OUTER_BOUND('',#584,.T.);
#380=FACE_OUTER_BOUND('',#585,.T.);
#381=FACE_OUTER_BOUND('',#586,.T.);
#382=FACE_OUTER_BOUND('',#587,.T.);
#383=FACE_OUTER_BOUND('',#588,.T.);
#384=FACE_OUTER_BOUND('',#589,.T.);
#385=FACE_OUTER_BOUND('',#590,.T.);
#386=FACE_OUTER_BOUND('',#591,.T.);
#387=FACE_OUTER_BOUND('',#592,.T.);
#388=FACE_OUTER_BOUND('',#593,.T.);
#389=FACE_OUTER_BOUND('',#594,.T.);
#390=FACE_OUTER_BOUND('',#595,.T.);
#391=FACE_OUTER_BOUND('',#596,.T.);
#392=FACE_OUTER_BOUND('',#597,.T.);
#393=FACE_OUTER_BOUND('',#598,.T.);
#394=FACE_OUTER_BOUND('',#599,.T.);
#395=FACE_OUTER_BOUND('',#600,.T.);
#396=FACE_OUTER_BOUND('',#601,.T.);
#397=FACE_OUTER_BOUND('',#602,.T.);
#398=FACE_OUTER_BOUND('',#603,.T.);
#399=FACE_OUTER_BOUND('',#604,.T.);
#400=FACE_OUTER_BOUND('',#605,.T.);
#401=FACE_OUTER_BOUND('',#606,.T.);
#402=FACE_OUTER_BOUND('',#607,.T.);
#403=FACE_OUTER_BOUND('',#608,.T.);
#404=FACE_OUTER_BOUND('',#609,.T.);
#405=FACE_OUTER_BOUND('',#611,.T.);
#406=FACE_OUTER_BOUND('',#612,.T.);
#407=FACE_OUTER_BOUND('',#613,.T.);
#408=FACE_OUTER_BOUND('',#614,.T.);
#409=FACE_OUTER_BOUND('',#615,.T.);
#410=FACE_OUTER_BOUND('',#616,.T.);
#411=FACE_OUTER_BOUND('',#617,.T.);
#412=FACE_OUTER_BOUND('',#618,.T.);
#413=FACE_OUTER_BOUND('',#619,.T.);
#414=FACE_OUTER_BOUND('',#620,.T.);
#415=FACE_OUTER_BOUND('',#621,.T.);
#416=FACE_OUTER_BOUND('',#622,.T.);
#417=FACE_OUTER_BOUND('',#627,.T.);
#418=FACE_OUTER_BOUND('',#628,.T.);
#419=FACE_OUTER_BOUND('',#629,.T.);
#420=FACE_OUTER_BOUND('',#630,.T.);
#421=FACE_OUTER_BOUND('',#631,.T.);
#422=FACE_OUTER_BOUND('',#632,.T.);
#423=FACE_OUTER_BOUND('',#633,.T.);
#424=FACE_OUTER_BOUND('',#634,.T.);
#425=FACE_OUTER_BOUND('',#635,.T.);
#426=FACE_OUTER_BOUND('',#636,.T.);
#427=FACE_OUTER_BOUND('',#637,.T.);
#428=FACE_OUTER_BOUND('',#638,.T.);
#429=FACE_OUTER_BOUND('',#639,.T.);
#430=FACE_OUTER_BOUND('',#640,.T.);
#431=FACE_OUTER_BOUND('',#641,.T.);
#432=FACE_OUTER_BOUND('',#642,.T.);
#433=FACE_OUTER_BOUND('',#643,.T.);
#434=FACE_OUTER_BOUND('',#644,.T.);
#435=FACE_OUTER_BOUND('',#645,.T.);
#436=FACE_OUTER_BOUND('',#646,.T.);
#437=FACE_OUTER_BOUND('',#647,.T.);
#438=FACE_OUTER_BOUND('',#648,.T.);
#439=FACE_OUTER_BOUND('',#649,.T.);
#440=FACE_OUTER_BOUND('',#654,.T.);
#441=FACE_OUTER_BOUND('',#655,.T.);
#442=FACE_OUTER_BOUND('',#656,.T.);
#443=FACE_OUTER_BOUND('',#657,.T.);
#444=FACE_OUTER_BOUND('',#658,.T.);
#445=FACE_OUTER_BOUND('',#659,.T.);
#446=FACE_OUTER_BOUND('',#660,.T.);
#447=FACE_OUTER_BOUND('',#661,.T.);
#448=FACE_OUTER_BOUND('',#662,.T.);
#449=FACE_OUTER_BOUND('',#663,.T.);
#450=FACE_OUTER_BOUND('',#664,.T.);
#451=FACE_OUTER_BOUND('',#665,.T.);
#452=FACE_OUTER_BOUND('',#666,.T.);
#453=FACE_OUTER_BOUND('',#667,.T.);
#454=FACE_OUTER_BOUND('',#668,.T.);
#455=FACE_OUTER_BOUND('',#669,.T.);
#456=FACE_OUTER_BOUND('',#671,.T.);
#457=FACE_OUTER_BOUND('',#672,.T.);
#458=FACE_OUTER_BOUND('',#673,.T.);
#459=FACE_OUTER_BOUND('',#675,.T.);
#460=FACE_OUTER_BOUND('',#676,.T.);
#461=FACE_OUTER_BOUND('',#677,.T.);
#462=FACE_OUTER_BOUND('',#678,.T.);
#463=FACE_OUTER_BOUND('',#679,.T.);
#464=FACE_OUTER_BOUND('',#680,.T.);
#465=FACE_OUTER_BOUND('',#681,.T.);
#466=FACE_OUTER_BOUND('',#682,.T.);
#467=FACE_OUTER_BOUND('',#683,.T.);
#468=FACE_OUTER_BOUND('',#684,.T.);
#469=FACE_OUTER_BOUND('',#685,.T.);
#470=FACE_OUTER_BOUND('',#686,.T.);
#471=FACE_OUTER_BOUND('',#687,.T.);
#472=FACE_OUTER_BOUND('',#688,.T.);
#473=FACE_OUTER_BOUND('',#689,.T.);
#474=FACE_OUTER_BOUND('',#690,.T.);
#475=FACE_OUTER_BOUND('',#691,.T.);
#476=FACE_OUTER_BOUND('',#692,.T.);
#477=FACE_OUTER_BOUND('',#693,.T.);
#478=FACE_OUTER_BOUND('',#694,.T.);
#479=FACE_OUTER_BOUND('',#695,.T.);
#480=FACE_OUTER_BOUND('',#696,.T.);
#481=FACE_OUTER_BOUND('',#697,.T.);
#482=FACE_OUTER_BOUND('',#698,.T.);
#483=FACE_OUTER_BOUND('',#699,.T.);
#484=FACE_OUTER_BOUND('',#700,.T.);
#485=FACE_OUTER_BOUND('',#701,.T.);
#486=FACE_OUTER_BOUND('',#702,.T.);
#487=FACE_OUTER_BOUND('',#703,.T.);
#488=FACE_OUTER_BOUND('',#704,.T.);
#489=FACE_OUTER_BOUND('',#705,.T.);
#490=FACE_OUTER_BOUND('',#706,.T.);
#491=FACE_OUTER_BOUND('',#707,.T.);
#492=FACE_OUTER_BOUND('',#709,.T.);
#493=FACE_OUTER_BOUND('',#711,.T.);
#494=FACE_OUTER_BOUND('',#712,.T.);
#495=FACE_OUTER_BOUND('',#713,.T.);
#496=FACE_OUTER_BOUND('',#714,.T.);
#497=FACE_OUTER_BOUND('',#715,.T.);
#498=FACE_OUTER_BOUND('',#716,.T.);
#499=FACE_OUTER_BOUND('',#717,.T.);
#500=FACE_OUTER_BOUND('',#718,.T.);
#501=FACE_OUTER_BOUND('',#719,.T.);
#502=FACE_OUTER_BOUND('',#720,.T.);
#503=FACE_OUTER_BOUND('',#721,.T.);
#504=FACE_OUTER_BOUND('',#722,.T.);
#505=FACE_OUTER_BOUND('',#724,.T.);
#506=FACE_OUTER_BOUND('',#725,.T.);
#507=FACE_OUTER_BOUND('',#726,.T.);
#508=FACE_OUTER_BOUND('',#727,.T.);
#509=FACE_OUTER_BOUND('',#729,.T.);
#510=FACE_OUTER_BOUND('',#730,.T.);
#511=FACE_OUTER_BOUND('',#731,.T.);
#512=FACE_OUTER_BOUND('',#732,.T.);
#513=FACE_OUTER_BOUND('',#737,.T.);
#514=FACE_OUTER_BOUND('',#738,.T.);
#515=FACE_OUTER_BOUND('',#739,.T.);
#516=FACE_OUTER_BOUND('',#740,.T.);
#517=FACE_OUTER_BOUND('',#741,.T.);
#518=FACE_OUTER_BOUND('',#742,.T.);
#519=FACE_OUTER_BOUND('',#743,.T.);
#520=FACE_OUTER_BOUND('',#744,.T.);
#521=FACE_OUTER_BOUND('',#745,.T.);
#522=FACE_OUTER_BOUND('',#746,.T.);
#523=FACE_OUTER_BOUND('',#747,.T.);
#524=FACE_OUTER_BOUND('',#748,.T.);
#525=FACE_OUTER_BOUND('',#749,.T.);
#526=FACE_OUTER_BOUND('',#750,.T.);
#527=FACE_OUTER_BOUND('',#751,.T.);
#528=FACE_OUTER_BOUND('',#752,.T.);
#529=FACE_OUTER_BOUND('',#753,.T.);
#530=FACE_OUTER_BOUND('',#754,.T.);
#531=FACE_OUTER_BOUND('',#755,.T.);
#532=FACE_OUTER_BOUND('',#756,.T.);
#533=FACE_OUTER_BOUND('',#757,.T.);
#534=FACE_OUTER_BOUND('',#758,.T.);
#535=FACE_OUTER_BOUND('',#759,.T.);
#536=FACE_OUTER_BOUND('',#760,.T.);
#537=FACE_OUTER_BOUND('',#761,.T.);
#538=FACE_OUTER_BOUND('',#762,.T.);
#539=FACE_OUTER_BOUND('',#763,.T.);
#540=FACE_OUTER_BOUND('',#764,.T.);
#541=FACE_OUTER_BOUND('',#765,.T.);
#542=FACE_OUTER_BOUND('',#766,.T.);
#543=FACE_OUTER_BOUND('',#767,.T.);
#544=FACE_OUTER_BOUND('',#768,.T.);
#545=FACE_OUTER_BOUND('',#769,.T.);
#546=FACE_OUTER_BOUND('',#770,.T.);
#547=FACE_OUTER_BOUND('',#771,.T.);
#548=FACE_OUTER_BOUND('',#772,.T.);
#549=FACE_OUTER_BOUND('',#773,.T.);
#550=FACE_OUTER_BOUND('',#774,.T.);
#551=FACE_OUTER_BOUND('',#775,.T.);
#552=FACE_OUTER_BOUND('',#776,.T.);
#553=FACE_OUTER_BOUND('',#777,.T.);
#554=EDGE_LOOP('',(#2328,#2329,#2330,#2331));
#555=EDGE_LOOP('',(#2332,#2333,#2334,#2335,#2336));
#556=EDGE_LOOP('',(#2337,#2338,#2339,#2340));
#557=EDGE_LOOP('',(#2341,#2342,#2343,#2344,#2345));
#558=EDGE_LOOP('',(#2346,#2347,#2348,#2349));
#559=EDGE_LOOP('',(#2350,#2351,#2352,#2353,#2354,#2355,#2356));
#560=EDGE_LOOP('',(#2357,#2358,#2359,#2360));
#561=EDGE_LOOP('',(#2361,#2362,#2363,#2364));
#562=EDGE_LOOP('',(#2365,#2366,#2367,#2368));
#563=EDGE_LOOP('',(#2369,#2370,#2371,#2372));
#564=EDGE_LOOP('',(#2373,#2374,#2375,#2376));
#565=EDGE_LOOP('',(#2377,#2378,#2379,#2380,#2381,#2382,#2383));
#566=EDGE_LOOP('',(#2384,#2385,#2386,#2387));
#567=EDGE_LOOP('',(#2388,#2389,#2390,#2391));
#568=EDGE_LOOP('',(#2392,#2393,#2394,#2395));
#569=EDGE_LOOP('',(#2396,#2397,#2398,#2399));
#570=EDGE_LOOP('',(#2400,#2401,#2402,#2403,#2404));
#571=EDGE_LOOP('',(#2405,#2406,#2407,#2408));
#572=EDGE_LOOP('',(#2409,#2410,#2411,#2412,#2413,#2414,#2415));
#573=EDGE_LOOP('',(#2416,#2417,#2418,#2419,#2420,#2421));
#574=EDGE_LOOP('',(#2422,#2423,#2424,#2425,#2426,#2427));
#575=EDGE_LOOP('',(#2428,#2429,#2430,#2431,#2432,#2433,#2434));
#576=EDGE_LOOP('',(#2435,#2436,#2437,#2438,#2439,#2440,#2441));
#577=EDGE_LOOP('',(#2442,#2443,#2444,#2445));
#578=EDGE_LOOP('',(#2446,#2447,#2448,#2449,#2450,#2451,#2452,#2453,#2454,
#2455,#2456,#2457,#2458,#2459,#2460,#2461));
#579=EDGE_LOOP('',(#2462,#2463,#2464,#2465));
#580=EDGE_LOOP('',(#2466,#2467,#2468,#2469));
#581=EDGE_LOOP('',(#2470,#2471,#2472,#2473));
#582=EDGE_LOOP('',(#2474,#2475,#2476,#2477));
#583=EDGE_LOOP('',(#2478,#2479,#2480,#2481));
#584=EDGE_LOOP('',(#2482,#2483,#2484,#2485));
#585=EDGE_LOOP('',(#2486,#2487,#2488,#2489,#2490,#2491));
#586=EDGE_LOOP('',(#2492,#2493,#2494,#2495));
#587=EDGE_LOOP('',(#2496,#2497,#2498,#2499));
#588=EDGE_LOOP('',(#2500,#2501,#2502,#2503));
#589=EDGE_LOOP('',(#2504,#2505,#2506,#2507));
#590=EDGE_LOOP('',(#2508,#2509,#2510,#2511));
#591=EDGE_LOOP('',(#2512,#2513,#2514,#2515));
#592=EDGE_LOOP('',(#2516,#2517,#2518,#2519));
#593=EDGE_LOOP('',(#2520,#2521,#2522,#2523));
#594=EDGE_LOOP('',(#2524,#2525,#2526,#2527));
#595=EDGE_LOOP('',(#2528,#2529,#2530,#2531));
#596=EDGE_LOOP('',(#2532,#2533,#2534,#2535));
#597=EDGE_LOOP('',(#2536,#2537,#2538,#2539));
#598=EDGE_LOOP('',(#2540,#2541,#2542,#2543));
#599=EDGE_LOOP('',(#2544,#2545,#2546,#2547));
#600=EDGE_LOOP('',(#2548,#2549,#2550,#2551));
#601=EDGE_LOOP('',(#2552,#2553,#2554,#2555));
#602=EDGE_LOOP('',(#2556,#2557,#2558,#2559,#2560,#2561));
#603=EDGE_LOOP('',(#2562,#2563,#2564,#2565));
#604=EDGE_LOOP('',(#2566,#2567,#2568,#2569));
#605=EDGE_LOOP('',(#2570,#2571,#2572,#2573));
#606=EDGE_LOOP('',(#2574,#2575,#2576,#2577));
#607=EDGE_LOOP('',(#2578,#2579,#2580,#2581));
#608=EDGE_LOOP('',(#2582,#2583,#2584,#2585));
#609=EDGE_LOOP('',(#2586,#2587,#2588,#2589,#2590,#2591,#2592,#2593,#2594,
#2595,#2596,#2597,#2598,#2599,#2600));
#610=EDGE_LOOP('',(#2601,#2602,#2603,#2604));
#611=EDGE_LOOP('',(#2605,#2606,#2607,#2608));
#612=EDGE_LOOP('',(#2609,#2610,#2611,#2612,#2613,#2614));
#613=EDGE_LOOP('',(#2615,#2616,#2617,#2618));
#614=EDGE_LOOP('',(#2619,#2620,#2621,#2622,#2623,#2624,#2625,#2626,#2627,
#2628,#2629,#2630,#2631,#2632,#2633,#2634,#2635,#2636));
#615=EDGE_LOOP('',(#2637,#2638,#2639,#2640));
#616=EDGE_LOOP('',(#2641,#2642,#2643,#2644));
#617=EDGE_LOOP('',(#2645,#2646,#2647,#2648,#2649,#2650,#2651,#2652,#2653,
#2654,#2655,#2656,#2657,#2658));
#618=EDGE_LOOP('',(#2659,#2660,#2661,#2662,#2663));
#619=EDGE_LOOP('',(#2664,#2665,#2666,#2667,#2668,#2669,#2670,#2671,#2672,
#2673,#2674,#2675,#2676,#2677,#2678,#2679,#2680,#2681));
#620=EDGE_LOOP('',(#2682,#2683,#2684,#2685));
#621=EDGE_LOOP('',(#2686,#2687,#2688,#2689));
#622=EDGE_LOOP('',(#2690,#2691,#2692,#2693,#2694,#2695,#2696,#2697,#2698,
#2699,#2700,#2701,#2702,#2703,#2704));
#623=EDGE_LOOP('',(#2705,#2706,#2707,#2708,#2709,#2710));
#624=EDGE_LOOP('',(#2711,#2712,#2713,#2714));
#625=EDGE_LOOP('',(#2715,#2716,#2717,#2718));
#626=EDGE_LOOP('',(#2719));
#627=EDGE_LOOP('',(#2720,#2721,#2722,#2723));
#628=EDGE_LOOP('',(#2724,#2725,#2726,#2727));
#629=EDGE_LOOP('',(#2728,#2729,#2730,#2731,#2732,#2733,#2734,#2735));
#630=EDGE_LOOP('',(#2736,#2737,#2738,#2739));
#631=EDGE_LOOP('',(#2740,#2741,#2742,#2743));
#632=EDGE_LOOP('',(#2744,#2745,#2746,#2747));
#633=EDGE_LOOP('',(#2748,#2749,#2750,#2751,#2752,#2753,#2754));
#634=EDGE_LOOP('',(#2755,#2756,#2757,#2758));
#635=EDGE_LOOP('',(#2759,#2760,#2761,#2762));
#636=EDGE_LOOP('',(#2763,#2764,#2765,#2766));
#637=EDGE_LOOP('',(#2767,#2768,#2769,#2770,#2771,#2772,#2773,#2774));
#638=EDGE_LOOP('',(#2775,#2776,#2777,#2778));
#639=EDGE_LOOP('',(#2779,#2780,#2781,#2782));
#640=EDGE_LOOP('',(#2783,#2784,#2785,#2786,#2787,#2788,#2789,#2790,#2791,
#2792));
#641=EDGE_LOOP('',(#2793,#2794,#2795,#2796,#2797,#2798,#2799,#2800,#2801,
#2802,#2803,#2804,#2805,#2806));
#642=EDGE_LOOP('',(#2807,#2808,#2809,#2810));
#643=EDGE_LOOP('',(#2811,#2812,#2813,#2814,#2815,#2816));
#644=EDGE_LOOP('',(#2817,#2818));
#645=EDGE_LOOP('',(#2819,#2820,#2821,#2822,#2823,#2824,#2825,#2826));
#646=EDGE_LOOP('',(#2827,#2828,#2829,#2830,#2831,#2832));
#647=EDGE_LOOP('',(#2833,#2834,#2835,#2836,#2837,#2838,#2839,#2840,#2841,
#2842,#2843,#2844,#2845,#2846));
#648=EDGE_LOOP('',(#2847,#2848,#2849,#2850,#2851));
#649=EDGE_LOOP('',(#2852,#2853,#2854,#2855,#2856,#2857,#2858,#2859));
#650=EDGE_LOOP('',(#2860));
#651=EDGE_LOOP('',(#2861));
#652=EDGE_LOOP('',(#2862));
#653=EDGE_LOOP('',(#2863));
#654=EDGE_LOOP('',(#2864,#2865,#2866,#2867,#2868));
#655=EDGE_LOOP('',(#2869,#2870,#2871,#2872,#2873));
#656=EDGE_LOOP('',(#2874,#2875,#2876,#2877,#2878));
#657=EDGE_LOOP('',(#2879,#2880,#2881,#2882,#2883));
#658=EDGE_LOOP('',(#2884,#2885,#2886,#2887,#2888));
#659=EDGE_LOOP('',(#2889,#2890,#2891,#2892,#2893));
#660=EDGE_LOOP('',(#2894,#2895,#2896,#2897,#2898));
#661=EDGE_LOOP('',(#2899,#2900,#2901,#2902));
#662=EDGE_LOOP('',(#2903,#2904,#2905,#2906));
#663=EDGE_LOOP('',(#2907,#2908,#2909,#2910,#2911,#2912,#2913));
#664=EDGE_LOOP('',(#2914,#2915,#2916,#2917));
#665=EDGE_LOOP('',(#2918,#2919,#2920,#2921));
#666=EDGE_LOOP('',(#2922,#2923,#2924,#2925,#2926));
#667=EDGE_LOOP('',(#2927,#2928,#2929,#2930,#2931,#2932,#2933));
#668=EDGE_LOOP('',(#2934,#2935,#2936,#2937));
#669=EDGE_LOOP('',(#2938,#2939,#2940,#2941,#2942,#2943,#2944,#2945,#2946,
#2947,#2948,#2949,#2950,#2951,#2952,#2953,#2954,#2955,#2956,#2957));
#670=EDGE_LOOP('',(#2958,#2959,#2960,#2961));
#671=EDGE_LOOP('',(#2962,#2963,#2964,#2965));
#672=EDGE_LOOP('',(#2966,#2967,#2968,#2969));
#673=EDGE_LOOP('',(#2970,#2971,#2972,#2973,#2974,#2975,#2976,#2977,#2978,
#2979,#2980,#2981,#2982,#2983,#2984,#2985,#2986,#2987,#2988,#2989));
#674=EDGE_LOOP('',(#2990,#2991,#2992,#2993));
#675=EDGE_LOOP('',(#2994,#2995,#2996,#2997));
#676=EDGE_LOOP('',(#2998,#2999,#3000,#3001));
#677=EDGE_LOOP('',(#3002,#3003,#3004,#3005));
#678=EDGE_LOOP('',(#3006,#3007,#3008,#3009));
#679=EDGE_LOOP('',(#3010,#3011,#3012,#3013));
#680=EDGE_LOOP('',(#3014,#3015,#3016,#3017,#3018,#3019,#3020,#3021));
#681=EDGE_LOOP('',(#3022,#3023,#3024,#3025,#3026,#3027,#3028));
#682=EDGE_LOOP('',(#3029,#3030,#3031,#3032,#3033,#3034));
#683=EDGE_LOOP('',(#3035,#3036,#3037,#3038));
#684=EDGE_LOOP('',(#3039,#3040,#3041,#3042));
#685=EDGE_LOOP('',(#3043,#3044,#3045,#3046,#3047));
#686=EDGE_LOOP('',(#3048,#3049,#3050,#3051));
#687=EDGE_LOOP('',(#3052,#3053,#3054,#3055));
#688=EDGE_LOOP('',(#3056,#3057,#3058,#3059));
#689=EDGE_LOOP('',(#3060,#3061,#3062,#3063));
#690=EDGE_LOOP('',(#3064,#3065,#3066,#3067));
#691=EDGE_LOOP('',(#3068,#3069,#3070,#3071));
#692=EDGE_LOOP('',(#3072,#3073,#3074,#3075));
#693=EDGE_LOOP('',(#3076,#3077,#3078,#3079,#3080,#3081,#3082));
#694=EDGE_LOOP('',(#3083,#3084,#3085,#3086,#3087,#3088));
#695=EDGE_LOOP('',(#3089,#3090,#3091,#3092,#3093,#3094,#3095,#3096));
#696=EDGE_LOOP('',(#3097,#3098,#3099,#3100,#3101));
#697=EDGE_LOOP('',(#3102,#3103,#3104,#3105));
#698=EDGE_LOOP('',(#3106,#3107,#3108,#3109,#3110));
#699=EDGE_LOOP('',(#3111,#3112,#3113,#3114));
#700=EDGE_LOOP('',(#3115,#3116,#3117,#3118));
#701=EDGE_LOOP('',(#3119,#3120,#3121,#3122,#3123));
#702=EDGE_LOOP('',(#3124,#3125,#3126,#3127));
#703=EDGE_LOOP('',(#3128,#3129,#3130,#3131));
#704=EDGE_LOOP('',(#3132,#3133,#3134,#3135));
#705=EDGE_LOOP('',(#3136,#3137,#3138,#3139));
#706=EDGE_LOOP('',(#3140,#3141,#3142,#3143));
#707=EDGE_LOOP('',(#3144,#3145,#3146,#3147,#3148));
#708=EDGE_LOOP('',(#3149,#3150));
#709=EDGE_LOOP('',(#3151,#3152,#3153,#3154,#3155));
#710=EDGE_LOOP('',(#3156,#3157));
#711=EDGE_LOOP('',(#3158,#3159,#3160,#3161));
#712=EDGE_LOOP('',(#3162,#3163,#3164,#3165));
#713=EDGE_LOOP('',(#3166,#3167,#3168,#3169));
#714=EDGE_LOOP('',(#3170,#3171,#3172,#3173,#3174));
#715=EDGE_LOOP('',(#3175,#3176,#3177,#3178,#3179));
#716=EDGE_LOOP('',(#3180,#3181,#3182,#3183));
#717=EDGE_LOOP('',(#3184,#3185,#3186,#3187));
#718=EDGE_LOOP('',(#3188,#3189,#3190,#3191));
#719=EDGE_LOOP('',(#3192,#3193,#3194,#3195));
#720=EDGE_LOOP('',(#3196,#3197,#3198,#3199));
#721=EDGE_LOOP('',(#3200,#3201,#3202,#3203));
#722=EDGE_LOOP('',(#3204,#3205,#3206,#3207,#3208));
#723=EDGE_LOOP('',(#3209,#3210));
#724=EDGE_LOOP('',(#3211,#3212,#3213));
#725=EDGE_LOOP('',(#3214,#3215,#3216,#3217));
#726=EDGE_LOOP('',(#3218,#3219,#3220));
#727=EDGE_LOOP('',(#3221,#3222,#3223,#3224,#3225));
#728=EDGE_LOOP('',(#3226,#3227));
#729=EDGE_LOOP('',(#3228,#3229,#3230));
#730=EDGE_LOOP('',(#3231,#3232,#3233,#3234));
#731=EDGE_LOOP('',(#3235,#3236,#3237));
#732=EDGE_LOOP('',(#3238,#3239,#3240,#3241,#3242,#3243,#3244,#3245,#3246,
#3247));
#733=EDGE_LOOP('',(#3248));
#734=EDGE_LOOP('',(#3249));
#735=EDGE_LOOP('',(#3250));
#736=EDGE_LOOP('',(#3251));
#737=EDGE_LOOP('',(#3252,#3253,#3254,#3255));
#738=EDGE_LOOP('',(#3256,#3257,#3258,#3259,#3260));
#739=EDGE_LOOP('',(#3261,#3262,#3263,#3264,#3265));
#740=EDGE_LOOP('',(#3266,#3267,#3268,#3269));
#741=EDGE_LOOP('',(#3270,#3271,#3272,#3273));
#742=EDGE_LOOP('',(#3274,#3275,#3276,#3277));
#743=EDGE_LOOP('',(#3278,#3279,#3280,#3281));
#744=EDGE_LOOP('',(#3282,#3283,#3284,#3285,#3286));
#745=EDGE_LOOP('',(#3287,#3288,#3289,#3290));
#746=EDGE_LOOP('',(#3291,#3292,#3293,#3294));
#747=EDGE_LOOP('',(#3295,#3296,#3297,#3298));
#748=EDGE_LOOP('',(#3299,#3300,#3301,#3302,#3303,#3304,#3305,#3306));
#749=EDGE_LOOP('',(#3307,#3308,#3309,#3310,#3311,#3312,#3313,#3314));
#750=EDGE_LOOP('',(#3315,#3316,#3317,#3318));
#751=EDGE_LOOP('',(#3319,#3320,#3321,#3322));
#752=EDGE_LOOP('',(#3323,#3324,#3325,#3326,#3327));
#753=EDGE_LOOP('',(#3328,#3329,#3330,#3331));
#754=EDGE_LOOP('',(#3332,#3333,#3334,#3335));
#755=EDGE_LOOP('',(#3336,#3337,#3338,#3339,#3340,#3341));
#756=EDGE_LOOP('',(#3342,#3343,#3344,#3345,#3346,#3347,#3348,#3349,#3350,
#3351));
#757=EDGE_LOOP('',(#3352,#3353,#3354,#3355));
#758=EDGE_LOOP('',(#3356,#3357,#3358,#3359));
#759=EDGE_LOOP('',(#3360,#3361,#3362,#3363,#3364));
#760=EDGE_LOOP('',(#3365,#3366,#3367,#3368,#3369,#3370,#3371,#3372,#3373,
#3374));
#761=EDGE_LOOP('',(#3375,#3376,#3377,#3378));
#762=EDGE_LOOP('',(#3379,#3380,#3381,#3382));
#763=EDGE_LOOP('',(#3383));
#764=EDGE_LOOP('',(#3384));
#765=EDGE_LOOP('',(#3385,#3386,#3387,#3388,#3389,#3390,#3391,#3392));
#766=EDGE_LOOP('',(#3393,#3394,#3395,#3396));
#767=EDGE_LOOP('',(#3397));
#768=EDGE_LOOP('',(#3398,#3399,#3400,#3401));
#769=EDGE_LOOP('',(#3402,#3403,#3404,#3405));
#770=EDGE_LOOP('',(#3406,#3407,#3408,#3409));
#771=EDGE_LOOP('',(#3410,#3411,#3412,#3413));
#772=EDGE_LOOP('',(#3414,#3415,#3416,#3417));
#773=EDGE_LOOP('',(#3418,#3419,#3420,#3421));
#774=EDGE_LOOP('',(#3422,#3423,#3424,#3425));
#775=EDGE_LOOP('',(#3426,#3427,#3428,#3429));
#776=EDGE_LOOP('',(#3430,#3431,#3432,#3433));
#777=EDGE_LOOP('',(#3434,#3435,#3436,#3437,#3438,#3439,#3440,#3441,#3442,
#3443));
#778=LINE('',#4978,#1019);
#779=LINE('',#4981,#1020);
#780=LINE('',#4984,#1021);
#781=LINE('',#4992,#1022);
#782=LINE('',#4998,#1023);
#783=LINE('',#5001,#1024);
#784=LINE('',#5004,#1025);
#785=LINE('',#5012,#1026);
#786=LINE('',#5016,#1027);
#787=LINE('',#5020,#1028);
#788=LINE('',#5024,#1029);
#789=LINE('',#5028,#1030);
#790=LINE('',#5071,#1031);
#791=LINE('',#5073,#1032);
#792=LINE('',#5075,#1033);
#793=LINE('',#5076,#1034);
#794=LINE('',#5082,#1035);
#795=LINE('',#5085,#1036);
#796=LINE('',#5090,#1037);
#797=LINE('',#5094,#1038);
#798=LINE('',#5097,#1039);
#799=LINE('',#5099,#1040);
#800=LINE('',#5100,#1041);
#801=LINE('',#5142,#1042);
#802=LINE('',#5145,#1043);
#803=LINE('',#5149,#1044);
#804=LINE('',#5150,#1045);
#805=LINE('',#5155,#1046);
#806=LINE('',#5156,#1047);
#807=LINE('',#5158,#1048);
#808=LINE('',#5181,#1049);
#809=LINE('',#5197,#1050);
#810=LINE('',#5200,#1051);
#811=LINE('',#5203,#1052);
#812=LINE('',#5206,#1053);
#813=LINE('',#5213,#1054);
#814=LINE('',#5215,#1055);
#815=LINE('',#5216,#1056);
#816=LINE('',#5221,#1057);
#817=LINE('',#5225,#1058);
#818=LINE('',#5229,#1059);
#819=LINE('',#5233,#1060);
#820=LINE('',#5235,#1061);
#821=LINE('',#5237,#1062);
#822=LINE('',#5244,#1063);
#823=LINE('',#5251,#1064);
#824=LINE('',#5253,#1065);
#825=LINE('',#5254,#1066);
#826=LINE('',#5257,#1067);
#827=LINE('',#5338,#1068);
#828=LINE('',#5340,#1069);
#829=LINE('',#5342,#1070);
#830=LINE('',#5343,#1071);
#831=LINE('',#5346,#1072);
#832=LINE('',#5348,#1073);
#833=LINE('',#5349,#1074);
#834=LINE('',#5352,#1075);
#835=LINE('',#5354,#1076);
#836=LINE('',#5355,#1077);
#837=LINE('',#5358,#1078);
#838=LINE('',#5360,#1079);
#839=LINE('',#5361,#1080);
#840=LINE('',#5364,#1081);
#841=LINE('',#5366,#1082);
#842=LINE('',#5367,#1083);
#843=LINE('',#5369,#1084);
#844=LINE('',#5370,#1085);
#845=LINE('',#5375,#1086);
#846=LINE('',#5377,#1087);
#847=LINE('',#5379,#1088);
#848=LINE('',#5380,#1089);
#849=LINE('',#5383,#1090);
#850=LINE('',#5385,#1091);
#851=LINE('',#5386,#1092);
#852=LINE('',#5389,#1093);
#853=LINE('',#5391,#1094);
#854=LINE('',#5392,#1095);
#855=LINE('',#5394,#1096);
#856=LINE('',#5395,#1097);
#857=LINE('',#5400,#1098);
#858=LINE('',#5402,#1099);
#859=LINE('',#5404,#1100);
#860=LINE('',#5405,#1101);
#861=LINE('',#5408,#1102);
#862=LINE('',#5410,#1103);
#863=LINE('',#5411,#1104);
#864=LINE('',#5414,#1105);
#865=LINE('',#5416,#1106);
#866=LINE('',#5417,#1107);
#867=LINE('',#5419,#1108);
#868=LINE('',#5420,#1109);
#869=LINE('',#5652,#1110);
#870=LINE('',#5670,#1111);
#871=LINE('',#5672,#1112);
#872=LINE('',#5867,#1113);
#873=LINE('',#5899,#1114);
#874=LINE('',#5911,#1115);
#875=LINE('',#5914,#1116);
#876=LINE('',#5949,#1117);
#877=LINE('',#5980,#1118);
#878=LINE('',#5996,#1119);
#879=LINE('',#5998,#1120);
#880=LINE('',#6000,#1121);
#881=LINE('',#6002,#1122);
#882=LINE('',#6004,#1123);
#883=LINE('',#6017,#1124);
#884=LINE('',#6019,#1125);
#885=LINE('',#6030,#1126);
#886=LINE('',#6032,#1127);
#887=LINE('',#6034,#1128);
#888=LINE('',#6036,#1129);
#889=LINE('',#6038,#1130);
#890=LINE('',#6048,#1131);
#891=LINE('',#6103,#1132);
#892=LINE('',#6105,#1133);
#893=LINE('',#6121,#1134);
#894=LINE('',#6128,#1135);
#895=LINE('',#6135,#1136);
#896=LINE('',#6141,#1137);
#897=LINE('',#6152,#1138);
#898=LINE('',#6154,#1139);
#899=LINE('',#6156,#1140);
#900=LINE('',#6158,#1141);
#901=LINE('',#6160,#1142);
#902=LINE('',#6171,#1143);
#903=LINE('',#6173,#1144);
#904=LINE('',#6186,#1145);
#905=LINE('',#6188,#1146);
#906=LINE('',#6190,#1147);
#907=LINE('',#6191,#1148);
#908=LINE('',#6410,#1149);
#909=LINE('',#6412,#1150);
#910=LINE('',#6413,#1151);
#911=LINE('',#6556,#1152);
#912=LINE('',#6560,#1153);
#913=LINE('',#6564,#1154);
#914=LINE('',#6567,#1155);
#915=LINE('',#6638,#1156);
#916=LINE('',#6815,#1157);
#917=LINE('',#6824,#1158);
#918=LINE('',#6826,#1159);
#919=LINE('',#6842,#1160);
#920=LINE('',#6905,#1161);
#921=LINE('',#6945,#1162);
#922=LINE('',#6953,#1163);
#923=LINE('',#7024,#1164);
#924=LINE('',#7147,#1165);
#925=LINE('',#7185,#1166);
#926=LINE('',#7252,#1167);
#927=LINE('',#7276,#1168);
#928=LINE('',#7343,#1169);
#929=LINE('',#7367,#1170);
#930=LINE('',#7373,#1171);
#931=LINE('',#7378,#1172);
#932=LINE('',#7383,#1173);
#933=LINE('',#7386,#1174);
#934=LINE('',#7391,#1175);
#935=LINE('',#7398,#1176);
#936=LINE('',#7405,#1177);
#937=LINE('',#7408,#1178);
#938=LINE('',#7422,#1179);
#939=LINE('',#7431,#1180);
#940=LINE('',#7435,#1181);
#941=LINE('',#7437,#1182);
#942=LINE('',#7439,#1183);
#943=LINE('',#7442,#1184);
#944=LINE('',#7444,#1185);
#945=LINE('',#7447,#1186);
#946=LINE('',#7449,#1187);
#947=LINE('',#7451,#1188);
#948=LINE('',#7452,#1189);
#949=LINE('',#7472,#1190);
#950=LINE('',#7483,#1191);
#951=LINE('',#7495,#1192);
#952=LINE('',#7500,#1193);
#953=LINE('',#7502,#1194);
#954=LINE('',#7504,#1195);
#955=LINE('',#7507,#1196);
#956=LINE('',#7509,#1197);
#957=LINE('',#7512,#1198);
#958=LINE('',#7514,#1199);
#959=LINE('',#7516,#1200);
#960=LINE('',#7517,#1201);
#961=LINE('',#7547,#1202);
#962=LINE('',#7548,#1203);
#963=LINE('',#7561,#1204);
#964=LINE('',#7562,#1205);
#965=LINE('',#7564,#1206);
#966=LINE('',#7571,#1207);
#967=LINE('',#7574,#1208);
#968=LINE('',#7605,#1209);
#969=LINE('',#7606,#1210);
#970=LINE('',#7609,#1211);
#971=LINE('',#7610,#1212);
#972=LINE('',#7622,#1213);
#973=LINE('',#7640,#1214);
#974=LINE('',#7641,#1215);
#975=LINE('',#8264,#1216);
#976=LINE('',#8266,#1217);
#977=LINE('',#8268,#1218);
#978=LINE('',#8290,#1219);
#979=LINE('',#8350,#1220);
#980=LINE('',#8423,#1221);
#981=LINE('',#8425,#1222);
#982=LINE('',#9122,#1223);
#983=LINE('',#9124,#1224);
#984=LINE('',#9126,#1225);
#985=LINE('',#9149,#1226);
#986=LINE('',#9209,#1227);
#987=LINE('',#9210,#1228);
#988=LINE('',#9263,#1229);
#989=LINE('',#9267,#1230);
#990=LINE('',#9268,#1231);
#991=LINE('',#9399,#1232);
#992=LINE('',#9402,#1233);
#993=LINE('',#9407,#1234);
#994=LINE('',#9411,#1235);
#995=LINE('',#9415,#1236);
#996=LINE('',#9417,#1237);
#997=LINE('',#9419,#1238);
#998=LINE('',#9423,#1239);
#999=LINE('',#9426,#1240);
#1000=LINE('',#9427,#1241);
#1001=LINE('',#9434,#1242);
#1002=LINE('',#9437,#1243);
#1003=LINE('',#9449,#1244);
#1004=LINE('',#9617,#1245);
#1005=LINE('',#9618,#1246);
#1006=LINE('',#9630,#1247);
#1007=LINE('',#9631,#1248);
#1008=LINE('',#9634,#1249);
#1009=LINE('',#9637,#1250);
#1010=LINE('',#9793,#1251);
#1011=LINE('',#9794,#1252);
#1012=LINE('',#9832,#1253);
#1013=LINE('',#9836,#1254);
#1014=LINE('',#9838,#1255);
#1015=LINE('',#9842,#1256);
#1016=LINE('',#9846,#1257);
#1017=LINE('',#9853,#1258);
#1018=LINE('',#9856,#1259);
#1019=VECTOR('',#4061,10.);
#1020=VECTOR('',#4064,10.);
#1021=VECTOR('',#4067,10.);
#1022=VECTOR('',#4070,10.);
#1023=VECTOR('',#4075,10.);
#1024=VECTOR('',#4078,10.);
#1025=VECTOR('',#4081,10.);
#1026=VECTOR('',#4084,10.);
#1027=VECTOR('',#4087,10.);
#1028=VECTOR('',#4090,10.);
#1029=VECTOR('',#4095,10.);
#1030=VECTOR('',#4098,10.);
#1031=VECTOR('',#4103,10.);
#1032=VECTOR('',#4104,10.);
#1033=VECTOR('',#4105,10.);
#1034=VECTOR('',#4106,10.);
#1035=VECTOR('',#4111,10.);
#1036=VECTOR('',#4114,10.);
#1037=VECTOR('',#4119,10.);
#1038=VECTOR('',#4124,10.);
#1039=VECTOR('',#4127,10.);
#1040=VECTOR('',#4130,10.);
#1041=VECTOR('',#4131,10.);
#1042=VECTOR('',#4136,10.);
#1043=VECTOR('',#4139,10.);
#1044=VECTOR('',#4144,10.);
#1045=VECTOR('',#4145,10.);
#1046=VECTOR('',#4150,10.);
#1047=VECTOR('',#4151,10.);
#1048=VECTOR('',#4154,10.);
#1049=VECTOR('',#4157,10.);
#1050=VECTOR('',#4158,10.);
#1051=VECTOR('',#4161,10.);
#1052=VECTOR('',#4164,10.);
#1053=VECTOR('',#4167,10.);
#1054=VECTOR('',#4168,10.);
#1055=VECTOR('',#4169,10.);
#1056=VECTOR('',#4170,10.);
#1057=VECTOR('',#4175,10.);
#1058=VECTOR('',#4180,10.);
#1059=VECTOR('',#4183,10.);
#1060=VECTOR('',#4188,10.);
#1061=VECTOR('',#4189,10.);
#1062=VECTOR('',#4190,10.);
#1063=VECTOR('',#4193,10.);
#1064=VECTOR('',#4194,10.);
#1065=VECTOR('',#4195,10.);
#1066=VECTOR('',#4196,10.);
#1067=VECTOR('',#4199,10.);
#1068=VECTOR('',#4204,10.);
#1069=VECTOR('',#4205,10.);
#1070=VECTOR('',#4206,10.);
#1071=VECTOR('',#4207,10.);
#1072=VECTOR('',#4210,10.);
#1073=VECTOR('',#4211,10.);
#1074=VECTOR('',#4212,10.);
#1075=VECTOR('',#4215,10.);
#1076=VECTOR('',#4216,10.);
#1077=VECTOR('',#4217,10.);
#1078=VECTOR('',#4220,10.);
#1079=VECTOR('',#4221,10.);
#1080=VECTOR('',#4222,10.);
#1081=VECTOR('',#4225,10.);
#1082=VECTOR('',#4226,10.);
#1083=VECTOR('',#4227,10.);
#1084=VECTOR('',#4230,10.);
#1085=VECTOR('',#4231,10.);
#1086=VECTOR('',#4236,10.);
#1087=VECTOR('',#4237,10.);
#1088=VECTOR('',#4238,10.);
#1089=VECTOR('',#4239,10.);
#1090=VECTOR('',#4242,10.);
#1091=VECTOR('',#4243,10.);
#1092=VECTOR('',#4244,10.);
#1093=VECTOR('',#4247,10.);
#1094=VECTOR('',#4248,10.);
#1095=VECTOR('',#4249,10.);
#1096=VECTOR('',#4252,10.);
#1097=VECTOR('',#4253,10.);
#1098=VECTOR('',#4258,10.);
#1099=VECTOR('',#4259,10.);
#1100=VECTOR('',#4260,10.);
#1101=VECTOR('',#4261,10.);
#1102=VECTOR('',#4264,10.);
#1103=VECTOR('',#4265,10.);
#1104=VECTOR('',#4266,10.);
#1105=VECTOR('',#4269,10.);
#1106=VECTOR('',#4270,10.);
#1107=VECTOR('',#4271,10.);
#1108=VECTOR('',#4274,10.);
#1109=VECTOR('',#4275,10.);
#1110=VECTOR('',#4308,10.);
#1111=VECTOR('',#4309,5.);
#1112=VECTOR('',#4312,10.);
#1113=VECTOR('',#4343,10.);
#1114=VECTOR('',#4352,10.);
#1115=VECTOR('',#4357,10.);
#1116=VECTOR('',#4360,10.);
#1117=VECTOR('',#4365,10.);
#1118=VECTOR('',#4366,5.);
#1119=VECTOR('',#4373,10.);
#1120=VECTOR('',#4374,10.);
#1121=VECTOR('',#4375,10.);
#1122=VECTOR('',#4376,10.);
#1123=VECTOR('',#4377,10.);
#1124=VECTOR('',#4378,10.);
#1125=VECTOR('',#4379,10.);
#1126=VECTOR('',#4380,10.);
#1127=VECTOR('',#4381,10.);
#1128=VECTOR('',#4382,10.);
#1129=VECTOR('',#4383,10.);
#1130=VECTOR('',#4384,10.);
#1131=VECTOR('',#4385,10.);
#1132=VECTOR('',#4392,5.);
#1133=VECTOR('',#4393,10.);
#1134=VECTOR('',#4394,10.);
#1135=VECTOR('',#4395,10.);
#1136=VECTOR('',#4398,10.);
#1137=VECTOR('',#4405,10.);
#1138=VECTOR('',#4406,10.);
#1139=VECTOR('',#4407,10.);
#1140=VECTOR('',#4408,10.);
#1141=VECTOR('',#4409,10.);
#1142=VECTOR('',#4410,10.);
#1143=VECTOR('',#4411,10.);
#1144=VECTOR('',#4412,10.);
#1145=VECTOR('',#4413,10.);
#1146=VECTOR('',#4414,10.);
#1147=VECTOR('',#4415,10.);
#1148=VECTOR('',#4416,10.);
#1149=VECTOR('',#4459,10.);
#1150=VECTOR('',#4460,10.);
#1151=VECTOR('',#4461,10.);
#1152=VECTOR('',#4480,10.);
#1153=VECTOR('',#4483,10.);
#1154=VECTOR('',#4486,10.);
#1155=VECTOR('',#4489,10.);
#1156=VECTOR('',#4492,10.);
#1157=VECTOR('',#4499,5.);
#1158=VECTOR('',#4500,10.);
#1159=VECTOR('',#4501,10.);
#1160=VECTOR('',#4502,10.);
#1161=VECTOR('',#4503,10.);
#1162=VECTOR('',#4508,10.);
#1163=VECTOR('',#4515,10.);
#1164=VECTOR('',#4522,0.750039552833951);
#1165=VECTOR('',#4525,10.);
#1166=VECTOR('',#4528,0.750035303089973);
#1167=VECTOR('',#4531,10.);
#1168=VECTOR('',#4534,0.750018404142716);
#1169=VECTOR('',#4537,10.);
#1170=VECTOR('',#4540,0.750033739649401);
#1171=VECTOR('',#4547,10.);
#1172=VECTOR('',#4554,10.);
#1173=VECTOR('',#4559,10.);
#1174=VECTOR('',#4562,10.);
#1175=VECTOR('',#4567,10.);
#1176=VECTOR('',#4576,10.);
#1177=VECTOR('',#4585,10.);
#1178=VECTOR('',#4588,10.);
#1179=VECTOR('',#4591,10.);
#1180=VECTOR('',#4594,10.);
#1181=VECTOR('',#4597,10.);
#1182=VECTOR('',#4598,10.);
#1183=VECTOR('',#4599,10.);
#1184=VECTOR('',#4602,10.);
#1185=VECTOR('',#4603,10.);
#1186=VECTOR('',#4606,10.);
#1187=VECTOR('',#4607,10.);
#1188=VECTOR('',#4608,10.);
#1189=VECTOR('',#4609,10.);
#1190=VECTOR('',#4612,10.);
#1191=VECTOR('',#4615,10.);
#1192=VECTOR('',#4616,10.);
#1193=VECTOR('',#4621,10.);
#1194=VECTOR('',#4622,10.);
#1195=VECTOR('',#4623,10.);
#1196=VECTOR('',#4626,10.);
#1197=VECTOR('',#4627,10.);
#1198=VECTOR('',#4630,10.);
#1199=VECTOR('',#4631,10.);
#1200=VECTOR('',#4632,10.);
#1201=VECTOR('',#4633,10.);
#1202=VECTOR('',#4638,10.);
#1203=VECTOR('',#4639,10.);
#1204=VECTOR('',#4642,10.);
#1205=VECTOR('',#4643,10.);
#1206=VECTOR('',#4646,10.);
#1207=VECTOR('',#4657,10.);
#1208=VECTOR('',#4662,10.);
#1209=VECTOR('',#4673,10.);
#1210=VECTOR('',#4674,10.);
#1211=VECTOR('',#4677,10.);
#1212=VECTOR('',#4678,10.);
#1213=VECTOR('',#4681,10.);
#1214=VECTOR('',#4686,10.);
#1215=VECTOR('',#4687,10.);
#1216=VECTOR('',#4740,10.);
#1217=VECTOR('',#4743,10.);
#1218=VECTOR('',#4746,10.);
#1219=VECTOR('',#4747,10.);
#1220=VECTOR('',#4748,10.);
#1221=VECTOR('',#4749,10.);
#1222=VECTOR('',#4750,10.);
#1223=VECTOR('',#4787,10.);
#1224=VECTOR('',#4790,10.);
#1225=VECTOR('',#4793,10.);
#1226=VECTOR('',#4796,10.);
#1227=VECTOR('',#4797,10.);
#1228=VECTOR('',#4798,10.);
#1229=VECTOR('',#4801,10.);
#1230=VECTOR('',#4806,10.);
#1231=VECTOR('',#4807,10.);
#1232=VECTOR('',#4810,10.);
#1233=VECTOR('',#4815,10.);
#1234=VECTOR('',#4822,1.1);
#1235=VECTOR('',#4827,1.1);
#1236=VECTOR('',#4834,10.);
#1237=VECTOR('',#4837,10.);
#1238=VECTOR('',#4840,10.);
#1239=VECTOR('',#4847,10.);
#1240=VECTOR('',#4850,10.);
#1241=VECTOR('',#4851,10.);
#1242=VECTOR('',#4860,10.);
#1243=VECTOR('',#4863,10.);
#1244=VECTOR('',#4878,10.);
#1245=VECTOR('',#4887,10.);
#1246=VECTOR('',#4888,10.);
#1247=VECTOR('',#4903,1.1);
#1248=VECTOR('',#4904,10.);
#1249=VECTOR('',#4907,10.);
#1250=VECTOR('',#4910,10.);
#1251=VECTOR('',#4915,10.);
#1252=VECTOR('',#4916,1.1);
#1253=VECTOR('',#4929,1.9);
#1254=VECTOR('',#4934,10.);
#1255=VECTOR('',#4935,10.);
#1256=VECTOR('',#4940,10.);
#1257=VECTOR('',#4945,10.);
#1258=VECTOR('',#4956,10.);
#1259=VECTOR('',#4959,10.);
#1260=CIRCLE('',#3719,0.5);
#1261=CIRCLE('',#3720,0.5);
#1262=CIRCLE('',#3724,0.5);
#1263=CIRCLE('',#3725,0.5);
#1264=CIRCLE('',#3729,6.9);
#1265=CIRCLE('',#3730,9.5);
#1266=CIRCLE('',#3732,6.9);
#1267=CIRCLE('',#3733,9.5);
#1268=CIRCLE('',#3736,6.9);
#1269=CIRCLE('',#3737,6.9);
#1270=CIRCLE('',#3739,6.9);
#1271=CIRCLE('',#3740,6.9);
#1272=CIRCLE('',#3742,6.9);
#1273=CIRCLE('',#3745,9.5);
#1274=CIRCLE('',#3747,9.5);
#1275=CIRCLE('',#3750,6.9);
#1276=CIRCLE('',#3754,9.5);
#1277=CIRCLE('',#3757,9.5);
#1278=CIRCLE('',#3758,9.5);
#1279=CIRCLE('',#3760,9.5);
#1280=CIRCLE('',#3761,9.5);
#1281=CIRCLE('',#3765,9.5);
#1282=CIRCLE('',#3783,0.25);
#1283=CIRCLE('',#3785,0.249999999999994);
#1284=CIRCLE('',#3786,8.65);
#1285=CIRCLE('',#3787,0.25);
#1286=CIRCLE('',#3788,8.9);
#1287=CIRCLE('',#3790,0.25);
#1288=CIRCLE('',#3791,5.);
#1289=CIRCLE('',#3792,5.25);
#1290=CIRCLE('',#3794,5.);
#1291=CIRCLE('',#3795,5.25);
#1292=CIRCLE('',#3796,1.5);
#1293=CIRCLE('',#3800,0.250000000000001);
#1294=CIRCLE('',#3801,5.25);
#1295=CIRCLE('',#3802,0.25);
#1296=CIRCLE('',#3803,5.);
#1297=CIRCLE('',#3805,0.25);
#1298=CIRCLE('',#3806,8.9);
#1299=CIRCLE('',#3807,8.65);
#1300=CIRCLE('',#3809,0.25);
#1301=CIRCLE('',#3810,5.);
#1302=CIRCLE('',#3811,5.25);
#1303=CIRCLE('',#3813,6.99);
#1304=CIRCLE('',#3814,0.5);
#1305=CIRCLE('',#3815,10.2621778264923);
#1306=CIRCLE('',#3816,10.2621778264923);
#1307=CIRCLE('',#3817,0.5);
#1308=CIRCLE('',#3818,6.99);
#1309=CIRCLE('',#3819,3.5);
#1310=CIRCLE('',#3820,1.9);
#1311=CIRCLE('',#3821,1.5);
#1312=CIRCLE('',#3824,8.49);
#1313=CIRCLE('',#3826,1.5);
#1314=CIRCLE('',#3828,8.49);
#1315=CIRCLE('',#3831,8.49);
#1316=CIRCLE('',#3833,1.5);
#1317=CIRCLE('',#3835,8.49);
#1318=CIRCLE('',#3836,6.99);
#1319=CIRCLE('',#3838,6.99);
#1320=CIRCLE('',#3839,0.5);
#1321=CIRCLE('',#3840,10.2621778264923);
#1322=CIRCLE('',#3841,10.2621778264923);
#1323=CIRCLE('',#3842,0.5);
#1324=CIRCLE('',#3843,1.9);
#1325=CIRCLE('',#3845,8.49);
#1326=CIRCLE('',#3846,1.5);
#1327=CIRCLE('',#3848,1.5);
#1328=CIRCLE('',#3849,8.);
#1329=CIRCLE('',#3850,1.5);
#1330=CIRCLE('',#3851,9.46969384566991);
#1331=CIRCLE('',#3852,1.5);
#1332=CIRCLE('',#3855,1.5);
#1333=CIRCLE('',#3856,1.5);
#1334=CIRCLE('',#3858,8.);
#1335=CIRCLE('',#3859,1.5);
#1336=CIRCLE('',#3860,9.46969384566991);
#1337=CIRCLE('',#3861,1.5);
#1338=CIRCLE('',#3863,4.1);
#1339=CIRCLE('',#3864,2.99999999999658);
#1340=CIRCLE('',#3865,4.1);
#1341=CIRCLE('',#3871,9.9);
#1342=CIRCLE('',#3872,9.9);
#1343=CIRCLE('',#3873,9.9);
#1344=CIRCLE('',#3874,9.9);
#1345=CIRCLE('',#3875,9.9);
#1346=CIRCLE('',#3876,9.9);
#1347=CIRCLE('',#3878,0.549999999999997);
#1348=CIRCLE('',#3880,0.55);
#1349=CIRCLE('',#3882,0.55);
#1350=CIRCLE('',#3884,0.55);
#1351=CIRCLE('',#3891,7.7);
#1352=CIRCLE('',#3892,1.00000000000004);
#1353=CIRCLE('',#3900,8.49);
#1354=CIRCLE('',#3902,7.7);
#1355=CIRCLE('',#3903,1.00000000000004);
#1356=CIRCLE('',#3906,8.4);
#1357=CIRCLE('',#3907,8.4);
#1358=CIRCLE('',#3908,4.1);
#1359=CIRCLE('',#3912,8.4);
#1360=CIRCLE('',#3913,8.4);
#1361=CIRCLE('',#3914,4.1);
#1362=CIRCLE('',#3921,7.7);
#1363=CIRCLE('',#3923,8.49);
#1364=CIRCLE('',#3924,1.00000000000004);
#1365=CIRCLE('',#3937,8.49);
#1366=CIRCLE('',#3938,1.00000000000004);
#1367=CIRCLE('',#3939,7.7);
#1368=CIRCLE('',#3944,0.81);
#1369=CIRCLE('',#3946,0.81);
#1370=CIRCLE('',#3947,0.5);
#1371=CIRCLE('',#3948,1.31);
#1372=CIRCLE('',#3950,0.810000000000035);
#1373=CIRCLE('',#3951,10.2621778264923);
#1374=CIRCLE('',#3952,9.45217782649233);
#1375=CIRCLE('',#3954,0.81);
#1376=CIRCLE('',#3955,10.2621778264923);
#1377=CIRCLE('',#3956,9.45217782649233);
#1378=CIRCLE('',#3958,0.5);
#1379=CIRCLE('',#3959,1.31);
#1380=CIRCLE('',#3965,0.81);
#1381=CIRCLE('',#3966,0.5);
#1382=CIRCLE('',#3967,1.31);
#1383=CIRCLE('',#3969,0.810000000000035);
#1384=CIRCLE('',#3970,10.2621778264923);
#1385=CIRCLE('',#3971,9.45217782649233);
#1386=CIRCLE('',#3972,0.81);
#1387=CIRCLE('',#3974,0.81);
#1388=CIRCLE('',#3975,10.2621778264923);
#1389=CIRCLE('',#3976,9.45217782649233);
#1390=CIRCLE('',#3978,0.5);
#1391=CIRCLE('',#3979,1.31);
#1392=CIRCLE('',#3993,1.1);
#1393=CIRCLE('',#3995,1.1);
#1394=CIRCLE('',#4006,4.1);
#1395=CIRCLE('',#4009,4.1);
#1396=CIRCLE('',#4011,4.1);
#1397=CIRCLE('',#4013,4.1);
#1398=CIRCLE('',#4016,0.249999999999999);
#1399=CIRCLE('',#4017,0.25);
#1400=CIRCLE('',#4019,0.25);
#1401=CIRCLE('',#4021,1.1);
#1402=CIRCLE('',#4022,1.9);
#1403=CIRCLE('',#4023,1.1);
#1404=CIRCLE('',#4024,0.25);
#1405=CIRCLE('',#4025,1.9);
#1406=CIRCLE('',#4028,0.249999999999999);
#1407=CIRCLE('',#4029,0.250000000000003);
#1408=CIRCLE('',#4036,1.9);
#1409=CIRCLE('',#4043,2.99999999999658);
#1410=CIRCLE('',#4050,2.99999999999658);
#1411=CIRCLE('',#4052,2.99999999999658);
#1412=VERTEX_POINT('',#4974);
#1413=VERTEX_POINT('',#4975);
#1414=VERTEX_POINT('',#4977);
#1415=VERTEX_POINT('',#4979);
#1416=VERTEX_POINT('',#4983);
#1417=VERTEX_POINT('',#4985);
#1418=VERTEX_POINT('',#4987);
#1419=VERTEX_POINT('',#4994);
#1420=VERTEX_POINT('',#4995);
#1421=VERTEX_POINT('',#4997);
#1422=VERTEX_POINT('',#4999);
#1423=VERTEX_POINT('',#5003);
#1424=VERTEX_POINT('',#5005);
#1425=VERTEX_POINT('',#5010);
#1426=VERTEX_POINT('',#5014);
#1427=VERTEX_POINT('',#5015);
#1428=VERTEX_POINT('',#5017);
#1429=VERTEX_POINT('',#5019);
#1430=VERTEX_POINT('',#5023);
#1431=VERTEX_POINT('',#5025);
#1432=VERTEX_POINT('',#5027);
#1433=VERTEX_POINT('',#5029);
#1434=VERTEX_POINT('',#5069);
#1435=VERTEX_POINT('',#5070);
#1436=VERTEX_POINT('',#5072);
#1437=VERTEX_POINT('',#5074);
#1438=VERTEX_POINT('',#5078);
#1439=VERTEX_POINT('',#5079);
#1440=VERTEX_POINT('',#5081);
#1441=VERTEX_POINT('',#5083);
#1442=VERTEX_POINT('',#5087);
#1443=VERTEX_POINT('',#5089);
#1444=VERTEX_POINT('',#5093);
#1445=VERTEX_POINT('',#5095);
#1446=VERTEX_POINT('',#5102);
#1447=VERTEX_POINT('',#5140);
#1448=VERTEX_POINT('',#5144);
#1449=VERTEX_POINT('',#5148);
#1450=VERTEX_POINT('',#5152);
#1451=VERTEX_POINT('',#5153);
#1452=VERTEX_POINT('',#5160);
#1453=VERTEX_POINT('',#5180);
#1454=VERTEX_POINT('',#5182);
#1455=VERTEX_POINT('',#5199);
#1456=VERTEX_POINT('',#5201);
#1457=VERTEX_POINT('',#5205);
#1458=VERTEX_POINT('',#5207);
#1459=VERTEX_POINT('',#5212);
#1460=VERTEX_POINT('',#5214);
#1461=VERTEX_POINT('',#5218);
#1462=VERTEX_POINT('',#5220);
#1463=VERTEX_POINT('',#5224);
#1464=VERTEX_POINT('',#5226);
#1465=VERTEX_POINT('',#5228);
#1466=VERTEX_POINT('',#5232);
#1467=VERTEX_POINT('',#5234);
#1468=VERTEX_POINT('',#5236);
#1469=VERTEX_POINT('',#5243);
#1470=VERTEX_POINT('',#5245);
#1471=VERTEX_POINT('',#5250);
#1472=VERTEX_POINT('',#5252);
#1473=VERTEX_POINT('',#5256);
#1474=VERTEX_POINT('',#5269);
#1475=VERTEX_POINT('',#5276);
#1476=VERTEX_POINT('',#5281);
#1477=VERTEX_POINT('',#5292);
#1478=VERTEX_POINT('',#5299);
#1479=VERTEX_POINT('',#5310);
#1480=VERTEX_POINT('',#5320);
#1481=VERTEX_POINT('',#5336);
#1482=VERTEX_POINT('',#5337);
#1483=VERTEX_POINT('',#5339);
#1484=VERTEX_POINT('',#5341);
#1485=VERTEX_POINT('',#5345);
#1486=VERTEX_POINT('',#5347);
#1487=VERTEX_POINT('',#5351);
#1488=VERTEX_POINT('',#5353);
#1489=VERTEX_POINT('',#5357);
#1490=VERTEX_POINT('',#5359);
#1491=VERTEX_POINT('',#5363);
#1492=VERTEX_POINT('',#5365);
#1493=VERTEX_POINT('',#5373);
#1494=VERTEX_POINT('',#5374);
#1495=VERTEX_POINT('',#5376);
#1496=VERTEX_POINT('',#5378);
#1497=VERTEX_POINT('',#5382);
#1498=VERTEX_POINT('',#5384);
#1499=VERTEX_POINT('',#5388);
#1500=VERTEX_POINT('',#5390);
#1501=VERTEX_POINT('',#5398);
#1502=VERTEX_POINT('',#5399);
#1503=VERTEX_POINT('',#5401);
#1504=VERTEX_POINT('',#5403);
#1505=VERTEX_POINT('',#5407);
#1506=VERTEX_POINT('',#5409);
#1507=VERTEX_POINT('',#5413);
#1508=VERTEX_POINT('',#5415);
#1509=VERTEX_POINT('',#5462);
#1510=VERTEX_POINT('',#5463);
#1511=VERTEX_POINT('',#5489);
#1512=VERTEX_POINT('',#5498);
#1513=VERTEX_POINT('',#5509);
#1514=VERTEX_POINT('',#5510);
#1515=VERTEX_POINT('',#5512);
#1516=VERTEX_POINT('',#5514);
#1517=VERTEX_POINT('',#5518);
#1518=VERTEX_POINT('',#5519);
#1519=VERTEX_POINT('',#5568);
#1520=VERTEX_POINT('',#5569);
#1521=VERTEX_POINT('',#5638);
#1522=VERTEX_POINT('',#5644);
#1523=VERTEX_POINT('',#5653);
#1524=VERTEX_POINT('',#5674);
#1525=VERTEX_POINT('',#5675);
#1526=VERTEX_POINT('',#5677);
#1527=VERTEX_POINT('',#5679);
#1528=VERTEX_POINT('',#5683);
#1529=VERTEX_POINT('',#5684);
#1530=VERTEX_POINT('',#5689);
#1531=VERTEX_POINT('',#5690);
#1532=VERTEX_POINT('',#5734);
#1533=VERTEX_POINT('',#5735);
#1534=VERTEX_POINT('',#5814);
#1535=VERTEX_POINT('',#5815);
#1536=VERTEX_POINT('',#5858);
#1537=VERTEX_POINT('',#5864);
#1538=VERTEX_POINT('',#5866);
#1539=VERTEX_POINT('',#5868);
#1540=VERTEX_POINT('',#5870);
#1541=VERTEX_POINT('',#5872);
#1542=VERTEX_POINT('',#5883);
#1543=VERTEX_POINT('',#5894);
#1544=VERTEX_POINT('',#5896);
#1545=VERTEX_POINT('',#5898);
#1546=VERTEX_POINT('',#5900);
#1547=VERTEX_POINT('',#5907);
#1548=VERTEX_POINT('',#5908);
#1549=VERTEX_POINT('',#5910);
#1550=VERTEX_POINT('',#5912);
#1551=VERTEX_POINT('',#5940);
#1552=VERTEX_POINT('',#5948);
#1553=VERTEX_POINT('',#5950);
#1554=VERTEX_POINT('',#5963);
#1555=VERTEX_POINT('',#5982);
#1556=VERTEX_POINT('',#5995);
#1557=VERTEX_POINT('',#5997);
#1558=VERTEX_POINT('',#5999);
#1559=VERTEX_POINT('',#6001);
#1560=VERTEX_POINT('',#6003);
#1561=VERTEX_POINT('',#6005);
#1562=VERTEX_POINT('',#6016);
#1563=VERTEX_POINT('',#6018);
#1564=VERTEX_POINT('',#6020);
#1565=VERTEX_POINT('',#6029);
#1566=VERTEX_POINT('',#6031);
#1567=VERTEX_POINT('',#6033);
#1568=VERTEX_POINT('',#6035);
#1569=VERTEX_POINT('',#6037);
#1570=VERTEX_POINT('',#6039);
#1571=VERTEX_POINT('',#6074);
#1572=VERTEX_POINT('',#6082);
#1573=VERTEX_POINT('',#6102);
#1574=VERTEX_POINT('',#6104);
#1575=VERTEX_POINT('',#6106);
#1576=VERTEX_POINT('',#6111);
#1577=VERTEX_POINT('',#6116);
#1578=VERTEX_POINT('',#6122);
#1579=VERTEX_POINT('',#6127);
#1580=VERTEX_POINT('',#6134);
#1581=VERTEX_POINT('',#6136);
#1582=VERTEX_POINT('',#6140);
#1583=VERTEX_POINT('',#6142);
#1584=VERTEX_POINT('',#6151);
#1585=VERTEX_POINT('',#6153);
#1586=VERTEX_POINT('',#6155);
#1587=VERTEX_POINT('',#6157);
#1588=VERTEX_POINT('',#6159);
#1589=VERTEX_POINT('',#6161);
#1590=VERTEX_POINT('',#6170);
#1591=VERTEX_POINT('',#6172);
#1592=VERTEX_POINT('',#6174);
#1593=VERTEX_POINT('',#6185);
#1594=VERTEX_POINT('',#6187);
#1595=VERTEX_POINT('',#6189);
#1596=VERTEX_POINT('',#6217);
#1597=VERTEX_POINT('',#6223);
#1598=VERTEX_POINT('',#6235);
#1599=VERTEX_POINT('',#6237);
#1600=VERTEX_POINT('',#6239);
#1601=VERTEX_POINT('',#6250);
#1602=VERTEX_POINT('',#6261);
#1603=VERTEX_POINT('',#6264);
#1604=VERTEX_POINT('',#6288);
#1605=VERTEX_POINT('',#6305);
#1606=VERTEX_POINT('',#6312);
#1607=VERTEX_POINT('',#6314);
#1608=VERTEX_POINT('',#6317);
#1609=VERTEX_POINT('',#6409);
#1610=VERTEX_POINT('',#6411);
#1611=VERTEX_POINT('',#6435);
#1612=VERTEX_POINT('',#6452);
#1613=VERTEX_POINT('',#6483);
#1614=VERTEX_POINT('',#6491);
#1615=VERTEX_POINT('',#6515);
#1616=VERTEX_POINT('',#6520);
#1617=VERTEX_POINT('',#6555);
#1618=VERTEX_POINT('',#6557);
#1619=VERTEX_POINT('',#6559);
#1620=VERTEX_POINT('',#6561);
#1621=VERTEX_POINT('',#6563);
#1622=VERTEX_POINT('',#6565);
#1623=VERTEX_POINT('',#6576);
#1624=VERTEX_POINT('',#6581);
#1625=VERTEX_POINT('',#6594);
#1626=VERTEX_POINT('',#6599);
#1627=VERTEX_POINT('',#6616);
#1628=VERTEX_POINT('',#6669);
#1629=VERTEX_POINT('',#6674);
#1630=VERTEX_POINT('',#6739);
#1631=VERTEX_POINT('',#6745);
#1632=VERTEX_POINT('',#6825);
#1633=VERTEX_POINT('',#6827);
#1634=VERTEX_POINT('',#6832);
#1635=VERTEX_POINT('',#6837);
#1636=VERTEX_POINT('',#6903);
#1637=VERTEX_POINT('',#6904);
#1638=VERTEX_POINT('',#6906);
#1639=VERTEX_POINT('',#6942);
#1640=VERTEX_POINT('',#6944);
#1641=VERTEX_POINT('',#6946);
#1642=VERTEX_POINT('',#6948);
#1643=VERTEX_POINT('',#6950);
#1644=VERTEX_POINT('',#6952);
#1645=VERTEX_POINT('',#6954);
#1646=VERTEX_POINT('',#6957);
#1647=VERTEX_POINT('',#6988);
#1648=VERTEX_POINT('',#7005);
#1649=VERTEX_POINT('',#7023);
#1650=VERTEX_POINT('',#7146);
#1651=VERTEX_POINT('',#7148);
#1652=VERTEX_POINT('',#7184);
#1653=VERTEX_POINT('',#7251);
#1654=VERTEX_POINT('',#7253);
#1655=VERTEX_POINT('',#7275);
#1656=VERTEX_POINT('',#7342);
#1657=VERTEX_POINT('',#7344);
#1658=VERTEX_POINT('',#7366);
#1659=VERTEX_POINT('',#7370);
#1660=VERTEX_POINT('',#7372);
#1661=VERTEX_POINT('',#7376);
#1662=VERTEX_POINT('',#7380);
#1663=VERTEX_POINT('',#7382);
#1664=VERTEX_POINT('',#7384);
#1665=VERTEX_POINT('',#7388);
#1666=VERTEX_POINT('',#7390);
#1667=VERTEX_POINT('',#7394);
#1668=VERTEX_POINT('',#7396);
#1669=VERTEX_POINT('',#7402);
#1670=VERTEX_POINT('',#7404);
#1671=VERTEX_POINT('',#7406);
#1672=VERTEX_POINT('',#7410);
#1673=VERTEX_POINT('',#7421);
#1674=VERTEX_POINT('',#7430);
#1675=VERTEX_POINT('',#7432);
#1676=VERTEX_POINT('',#7434);
#1677=VERTEX_POINT('',#7436);
#1678=VERTEX_POINT('',#7438);
#1679=VERTEX_POINT('',#7440);
#1680=VERTEX_POINT('',#7443);
#1681=VERTEX_POINT('',#7445);
#1682=VERTEX_POINT('',#7448);
#1683=VERTEX_POINT('',#7450);
#1684=VERTEX_POINT('',#7454);
#1685=VERTEX_POINT('',#7461);
#1686=VERTEX_POINT('',#7474);
#1687=VERTEX_POINT('',#7475);
#1688=VERTEX_POINT('',#7482);
#1689=VERTEX_POINT('',#7484);
#1690=VERTEX_POINT('',#7497);
#1691=VERTEX_POINT('',#7499);
#1692=VERTEX_POINT('',#7501);
#1693=VERTEX_POINT('',#7503);
#1694=VERTEX_POINT('',#7505);
#1695=VERTEX_POINT('',#7508);
#1696=VERTEX_POINT('',#7510);
#1697=VERTEX_POINT('',#7513);
#1698=VERTEX_POINT('',#7515);
#1699=VERTEX_POINT('',#7546);
#1700=VERTEX_POINT('',#7560);
#1701=VERTEX_POINT('',#7570);
#1702=VERTEX_POINT('',#7604);
#1703=VERTEX_POINT('',#7608);
#1704=VERTEX_POINT('',#7639);
#1705=VERTEX_POINT('',#7875);
#1706=VERTEX_POINT('',#7888);
#1707=VERTEX_POINT('',#7929);
#1708=VERTEX_POINT('',#7974);
#1709=VERTEX_POINT('',#7975);
#1710=VERTEX_POINT('',#7980);
#1711=VERTEX_POINT('',#7981);
#1712=VERTEX_POINT('',#8255);
#1713=VERTEX_POINT('',#8256);
#1714=VERTEX_POINT('',#8289);
#1715=VERTEX_POINT('',#8291);
#1716=VERTEX_POINT('',#8351);
#1717=VERTEX_POINT('',#8352);
#1718=VERTEX_POINT('',#8424);
#1719=VERTEX_POINT('',#8484);
#1720=VERTEX_POINT('',#8485);
#1721=VERTEX_POINT('',#8538);
#1722=VERTEX_POINT('',#8539);
#1723=VERTEX_POINT('',#8544);
#1724=VERTEX_POINT('',#8545);
#1725=VERTEX_POINT('',#8777);
#1726=VERTEX_POINT('',#9029);
#1727=VERTEX_POINT('',#9069);
#1728=VERTEX_POINT('',#9113);
#1729=VERTEX_POINT('',#9114);
#1730=VERTEX_POINT('',#9148);
#1731=VERTEX_POINT('',#9150);
#1732=VERTEX_POINT('',#9211);
#1733=VERTEX_POINT('',#9212);
#1734=VERTEX_POINT('',#9266);
#1735=VERTEX_POINT('',#9347);
#1736=VERTEX_POINT('',#9348);
#1737=VERTEX_POINT('',#9406);
#1738=VERTEX_POINT('',#9410);
#1739=VERTEX_POINT('',#9425);
#1740=VERTEX_POINT('',#9429);
#1741=VERTEX_POINT('',#9431);
#1742=VERTEX_POINT('',#9436);
#1743=VERTEX_POINT('',#9438);
#1744=VERTEX_POINT('',#9440);
#1745=VERTEX_POINT('',#9442);
#1746=VERTEX_POINT('',#9444);
#1747=VERTEX_POINT('',#9485);
#1748=VERTEX_POINT('',#9487);
#1749=VERTEX_POINT('',#9522);
#1750=VERTEX_POINT('',#9590);
#1751=VERTEX_POINT('',#9591);
#1752=VERTEX_POINT('',#9614);
#1753=VERTEX_POINT('',#9615);
#1754=VERTEX_POINT('',#9620);
#1755=VERTEX_POINT('',#9622);
#1756=VERTEX_POINT('',#9624);
#1757=VERTEX_POINT('',#9626);
#1758=VERTEX_POINT('',#9633);
#1759=VERTEX_POINT('',#9635);
#1760=VERTEX_POINT('',#9688);
#1761=VERTEX_POINT('',#9745);
#1762=VERTEX_POINT('',#9780);
#1763=VERTEX_POINT('',#9830);
#1764=VERTEX_POINT('',#9835);
#1765=VERTEX_POINT('',#9837);
#1766=VERTEX_POINT('',#9841);
#1767=VERTEX_POINT('',#9845);
#1768=VERTEX_POINT('',#9852);
#1769=VERTEX_POINT('',#9854);
#1770=EDGE_CURVE('',#1412,#1413,#1260,.T.);
#1771=EDGE_CURVE('',#1412,#1414,#778,.T.);
#1772=EDGE_CURVE('',#1414,#1415,#1261,.T.);
#1773=EDGE_CURVE('',#1415,#1413,#779,.T.);
#1774=EDGE_CURVE('',#1416,#1415,#780,.T.);
#1775=EDGE_CURVE('',#1417,#1416,#247,.T.);
#1776=EDGE_CURVE('',#1418,#1417,#100,.T.);
#1777=EDGE_CURVE('',#1418,#1413,#781,.T.);
#1778=EDGE_CURVE('',#1419,#1420,#1262,.T.);
#1779=EDGE_CURVE('',#1419,#1421,#782,.T.);
#1780=EDGE_CURVE('',#1421,#1422,#1263,.T.);
#1781=EDGE_CURVE('',#1422,#1420,#783,.T.);
#1782=EDGE_CURVE('',#1419,#1423,#784,.T.);
#1783=EDGE_CURVE('',#1424,#1423,#101,.T.);
#1784=EDGE_CURVE('',#1425,#1424,#248,.T.);
#1785=EDGE_CURVE('',#1421,#1425,#785,.T.);
#1786=EDGE_CURVE('',#1426,#1427,#786,.T.);
#1787=EDGE_CURVE('',#1428,#1426,#1264,.T.);
#1788=EDGE_CURVE('',#1429,#1428,#787,.T.);
#1789=EDGE_CURVE('',#1427,#1429,#1265,.T.);
#1790=EDGE_CURVE('',#1430,#1420,#788,.T.);
#1791=EDGE_CURVE('',#1431,#1430,#1266,.T.);
#1792=EDGE_CURVE('',#1432,#1431,#789,.T.);
#1793=EDGE_CURVE('',#1433,#1432,#1267,.T.);
#1794=EDGE_CURVE('',#1423,#1433,#102,.T.);
#1795=EDGE_CURVE('',#1434,#1435,#790,.T.);
#1796=EDGE_CURVE('',#1434,#1436,#791,.T.);
#1797=EDGE_CURVE('',#1436,#1437,#792,.T.);
#1798=EDGE_CURVE('',#1435,#1437,#793,.T.);
#1799=EDGE_CURVE('',#1438,#1439,#1268,.T.);
#1800=EDGE_CURVE('',#1438,#1440,#794,.T.);
#1801=EDGE_CURVE('',#1440,#1441,#1269,.T.);
#1802=EDGE_CURVE('',#1439,#1441,#795,.T.);
#1803=EDGE_CURVE('',#1442,#1434,#1270,.T.);
#1804=EDGE_CURVE('',#1443,#1442,#796,.T.);
#1805=EDGE_CURVE('',#1443,#1436,#1271,.T.);
#1806=EDGE_CURVE('',#1444,#1426,#797,.T.);
#1807=EDGE_CURVE('',#1445,#1444,#1272,.T.);
#1808=EDGE_CURVE('',#1428,#1445,#798,.T.);
#1809=EDGE_CURVE('',#1412,#1440,#799,.T.);
#1810=EDGE_CURVE('',#1414,#1438,#800,.T.);
#1811=EDGE_CURVE('',#1446,#1418,#103,.T.);
#1812=EDGE_CURVE('',#1447,#1446,#1273,.T.);
#1813=EDGE_CURVE('',#1441,#1447,#801,.T.);
#1814=EDGE_CURVE('',#1448,#1443,#802,.T.);
#1815=EDGE_CURVE('',#1437,#1448,#1274,.T.);
#1816=EDGE_CURVE('',#1449,#1445,#803,.T.);
#1817=EDGE_CURVE('',#1429,#1449,#804,.T.);
#1818=EDGE_CURVE('',#1450,#1451,#1275,.T.);
#1819=EDGE_CURVE('',#1431,#1450,#805,.T.);
#1820=EDGE_CURVE('',#1430,#1451,#806,.T.);
#1821=EDGE_CURVE('',#1451,#1422,#807,.T.);
#1822=EDGE_CURVE('',#1424,#1452,#104,.T.);
#1823=EDGE_CURVE('',#1452,#1453,#808,.T.);
#1824=EDGE_CURVE('',#1454,#1453,#105,.T.);
#1825=EDGE_CURVE('',#1454,#1425,#809,.T.);
#1826=EDGE_CURVE('',#1455,#1432,#810,.T.);
#1827=EDGE_CURVE('',#1456,#1455,#1276,.T.);
#1828=EDGE_CURVE('',#1456,#1433,#811,.T.);
#1829=EDGE_CURVE('',#1457,#1427,#812,.T.);
#1830=EDGE_CURVE('',#1458,#1457,#106,.T.);
#1831=EDGE_CURVE('',#1459,#1458,#813,.T.);
#1832=EDGE_CURVE('',#1460,#1459,#814,.T.);
#1833=EDGE_CURVE('',#1460,#1444,#815,.T.);
#1834=EDGE_CURVE('',#1449,#1461,#1277,.T.);
#1835=EDGE_CURVE('',#1462,#1461,#816,.T.);
#1836=EDGE_CURVE('',#1457,#1462,#1278,.T.);
#1837=EDGE_CURVE('',#1448,#1463,#817,.T.);
#1838=EDGE_CURVE('',#1464,#1463,#1279,.T.);
#1839=EDGE_CURVE('',#1465,#1464,#818,.T.);
#1840=EDGE_CURVE('',#1465,#1435,#1280,.T.);
#1841=EDGE_CURVE('',#1442,#1466,#819,.T.);
#1842=EDGE_CURVE('',#1467,#1466,#820,.T.);
#1843=EDGE_CURVE('',#1467,#1468,#821,.T.);
#1844=EDGE_CURVE('',#1463,#1468,#107,.T.);
#1845=EDGE_CURVE('',#1447,#1469,#822,.T.);
#1846=EDGE_CURVE('',#1470,#1469,#108,.T.);
#1847=EDGE_CURVE('',#1470,#1471,#823,.T.);
#1848=EDGE_CURVE('',#1471,#1472,#824,.T.);
#1849=EDGE_CURVE('',#1472,#1439,#825,.T.);
#1850=EDGE_CURVE('',#1446,#1473,#826,.T.);
#1851=EDGE_CURVE('',#1469,#1473,#1281,.T.);
#1852=EDGE_CURVE('',#1474,#1456,#109,.T.);
#1853=EDGE_CURVE('',#1475,#1474,#110,.T.);
#1854=EDGE_CURVE('',#1475,#1476,#111,.T.);
#1855=EDGE_CURVE('',#1476,#1477,#112,.T.);
#1856=EDGE_CURVE('',#1477,#1478,#113,.T.);
#1857=EDGE_CURVE('',#1479,#1478,#114,.T.);
#1858=EDGE_CURVE('',#1473,#1479,#115,.T.);
#1859=EDGE_CURVE('',#1480,#1417,#116,.T.);
#1860=EDGE_CURVE('',#1480,#1452,#117,.T.);
#1861=EDGE_CURVE('',#1481,#1482,#827,.T.);
#1862=EDGE_CURVE('',#1483,#1481,#828,.T.);
#1863=EDGE_CURVE('',#1483,#1484,#829,.T.);
#1864=EDGE_CURVE('',#1484,#1482,#830,.T.);
#1865=EDGE_CURVE('',#1482,#1485,#831,.T.);
#1866=EDGE_CURVE('',#1484,#1486,#832,.T.);
#1867=EDGE_CURVE('',#1486,#1485,#833,.T.);
#1868=EDGE_CURVE('',#1485,#1487,#834,.T.);
#1869=EDGE_CURVE('',#1486,#1488,#835,.T.);
#1870=EDGE_CURVE('',#1488,#1487,#836,.T.);
#1871=EDGE_CURVE('',#1487,#1489,#837,.T.);
#1872=EDGE_CURVE('',#1488,#1490,#838,.T.);
#1873=EDGE_CURVE('',#1490,#1489,#839,.T.);
#1874=EDGE_CURVE('',#1491,#1481,#840,.T.);
#1875=EDGE_CURVE('',#1491,#1492,#841,.T.);
#1876=EDGE_CURVE('',#1492,#1483,#842,.T.);
#1877=EDGE_CURVE('',#1489,#1491,#843,.T.);
#1878=EDGE_CURVE('',#1490,#1492,#844,.T.);
#1879=EDGE_CURVE('',#1493,#1494,#845,.T.);
#1880=EDGE_CURVE('',#1493,#1495,#846,.T.);
#1881=EDGE_CURVE('',#1495,#1496,#847,.T.);
#1882=EDGE_CURVE('',#1496,#1494,#848,.T.);
#1883=EDGE_CURVE('',#1494,#1497,#849,.T.);
#1884=EDGE_CURVE('',#1496,#1498,#850,.T.);
#1885=EDGE_CURVE('',#1498,#1497,#851,.T.);
#1886=EDGE_CURVE('',#1497,#1499,#852,.T.);
#1887=EDGE_CURVE('',#1498,#1500,#853,.T.);
#1888=EDGE_CURVE('',#1500,#1499,#854,.T.);
#1889=EDGE_CURVE('',#1499,#1493,#855,.T.);
#1890=EDGE_CURVE('',#1500,#1495,#856,.T.);
#1891=EDGE_CURVE('',#1501,#1502,#857,.T.);
#1892=EDGE_CURVE('',#1501,#1503,#858,.T.);
#1893=EDGE_CURVE('',#1503,#1504,#859,.T.);
#1894=EDGE_CURVE('',#1504,#1502,#860,.T.);
#1895=EDGE_CURVE('',#1502,#1505,#861,.T.);
#1896=EDGE_CURVE('',#1504,#1506,#862,.T.);
#1897=EDGE_CURVE('',#1506,#1505,#863,.T.);
#1898=EDGE_CURVE('',#1505,#1507,#864,.T.);
#1899=EDGE_CURVE('',#1506,#1508,#865,.T.);
#1900=EDGE_CURVE('',#1508,#1507,#866,.T.);
#1901=EDGE_CURVE('',#1507,#1501,#867,.T.);
#1902=EDGE_CURVE('',#1508,#1503,#868,.T.);
#1903=EDGE_CURVE('',#1509,#1510,#118,.T.);
#1904=EDGE_CURVE('',#1510,#1511,#119,.T.);
#1905=EDGE_CURVE('',#1511,#1512,#1282,.T.);
#1906=EDGE_CURVE('',#1512,#1509,#120,.T.);
#1907=EDGE_CURVE('',#1513,#1514,#1283,.T.);
#1908=EDGE_CURVE('',#1514,#1515,#1284,.T.);
#1909=EDGE_CURVE('',#1515,#1516,#1285,.T.);
#1910=EDGE_CURVE('',#1516,#1513,#1286,.T.);
#1911=EDGE_CURVE('',#1517,#1518,#1287,.T.);
#1912=EDGE_CURVE('',#1518,#1516,#1288,.T.);
#1913=EDGE_CURVE('',#1515,#1517,#1289,.T.);
#1914=EDGE_CURVE('',#1519,#1520,#121,.T.);
#1915=EDGE_CURVE('',#1520,#1518,#122,.T.);
#1916=EDGE_CURVE('',#1517,#1519,#123,.T.);
#1917=EDGE_CURVE('',#1513,#1512,#1290,.T.);
#1918=EDGE_CURVE('',#1511,#1514,#1291,.T.);
#1919=EDGE_CURVE('',#1510,#1521,#124,.T.);
#1920=EDGE_CURVE('',#1521,#1522,#1292,.T.);
#1921=EDGE_CURVE('',#1522,#1511,#125,.T.);
#1922=EDGE_CURVE('',#1513,#1476,#869,.T.);
#1923=EDGE_CURVE('',#1523,#1475,#126,.T.);
#1924=EDGE_CURVE('',#1509,#1523,#870,.T.);
#1925=EDGE_CURVE('',#1516,#1477,#871,.T.);
#1926=EDGE_CURVE('',#1524,#1525,#1293,.T.);
#1927=EDGE_CURVE('',#1525,#1526,#1294,.T.);
#1928=EDGE_CURVE('',#1526,#1527,#1295,.T.);
#1929=EDGE_CURVE('',#1527,#1524,#1296,.T.);
#1930=EDGE_CURVE('',#1528,#1529,#1297,.T.);
#1931=EDGE_CURVE('',#1529,#1527,#1298,.T.);
#1932=EDGE_CURVE('',#1526,#1528,#1299,.T.);
#1933=EDGE_CURVE('',#1530,#1531,#1300,.T.);
#1934=EDGE_CURVE('',#1531,#1529,#1301,.T.);
#1935=EDGE_CURVE('',#1528,#1530,#1302,.T.);
#1936=EDGE_CURVE('',#1532,#1533,#127,.T.);
#1937=EDGE_CURVE('',#1533,#1531,#128,.T.);
#1938=EDGE_CURVE('',#1530,#1532,#129,.T.);
#1939=EDGE_CURVE('',#1534,#1535,#130,.T.);
#1940=EDGE_CURVE('',#1535,#1525,#131,.T.);
#1941=EDGE_CURVE('',#1524,#1534,#132,.T.);
#1942=EDGE_CURVE('',#1536,#1525,#133,.T.);
#1943=EDGE_CURVE('',#1537,#1536,#1303,.T.);
#1944=EDGE_CURVE('',#1537,#1538,#872,.T.);
#1945=EDGE_CURVE('',#1539,#1538,#1304,.T.);
#1946=EDGE_CURVE('',#1539,#1540,#1305,.T.);
#1947=EDGE_CURVE('',#1541,#1540,#134,.T.);
#1948=EDGE_CURVE('',#1542,#1541,#135,.T.);
#1949=EDGE_CURVE('',#1542,#1543,#1306,.T.);
#1950=EDGE_CURVE('',#1544,#1543,#1307,.T.);
#1951=EDGE_CURVE('',#1544,#1545,#873,.T.);
#1952=EDGE_CURVE('',#1546,#1545,#1308,.T.);
#1953=EDGE_CURVE('',#1530,#1546,#136,.T.);
#1954=EDGE_CURVE('',#1547,#1548,#1309,.T.);
#1955=EDGE_CURVE('',#1547,#1549,#874,.T.);
#1956=EDGE_CURVE('',#1549,#1550,#1310,.T.);
#1957=EDGE_CURVE('',#1550,#1548,#875,.T.);
#1958=EDGE_CURVE('',#1535,#1551,#137,.T.);
#1959=EDGE_CURVE('',#1551,#1536,#1311,.T.);
#1960=EDGE_CURVE('',#1527,#1552,#876,.T.);
#1961=EDGE_CURVE('',#1553,#1552,#138,.T.);
#1962=EDGE_CURVE('',#1554,#1553,#139,.T.);
#1963=EDGE_CURVE('',#1534,#1554,#877,.T.);
#1964=EDGE_CURVE('',#1555,#1537,#140,.T.);
#1965=EDGE_CURVE('',#1551,#1555,#1312,.T.);
#1966=EDGE_CURVE('',#1556,#1555,#878,.T.);
#1967=EDGE_CURVE('',#1557,#1556,#879,.T.);
#1968=EDGE_CURVE('',#1557,#1558,#880,.T.);
#1969=EDGE_CURVE('',#1559,#1558,#881,.T.);
#1970=EDGE_CURVE('',#1560,#1559,#882,.T.);
#1971=EDGE_CURVE('',#1561,#1560,#141,.T.);
#1972=EDGE_CURVE('',#1562,#1561,#883,.T.);
#1973=EDGE_CURVE('',#1563,#1562,#884,.T.);
#1974=EDGE_CURVE('',#1564,#1563,#142,.F.);
#1975=EDGE_CURVE('',#1564,#1565,#885,.T.);
#1976=EDGE_CURVE('',#1565,#1566,#886,.T.);
#1977=EDGE_CURVE('',#1567,#1566,#887,.T.);
#1978=EDGE_CURVE('',#1567,#1568,#888,.T.);
#1979=EDGE_CURVE('',#1568,#1569,#889,.T.);
#1980=EDGE_CURVE('',#1570,#1569,#143,.F.);
#1981=EDGE_CURVE('',#1538,#1570,#890,.T.);
#1982=EDGE_CURVE('',#1546,#1571,#1313,.T.);
#1983=EDGE_CURVE('',#1571,#1532,#144,.T.);
#1984=EDGE_CURVE('',#1545,#1572,#145,.T.);
#1985=EDGE_CURVE('',#1572,#1571,#1314,.T.);
#1986=EDGE_CURVE('',#1573,#1533,#891,.T.);
#1987=EDGE_CURVE('',#1571,#1574,#892,.T.);
#1988=EDGE_CURVE('',#1574,#1575,#146,.T.);
#1989=EDGE_CURVE('',#1575,#1576,#147,.T.);
#1990=EDGE_CURVE('',#1576,#1577,#148,.T.);
#1991=EDGE_CURVE('',#1577,#1521,#893,.T.);
#1992=EDGE_CURVE('',#1578,#1523,#149,.T.);
#1993=EDGE_CURVE('',#1579,#1578,#894,.T.);
#1994=EDGE_CURVE('',#1573,#1579,#150,.T.);
#1995=EDGE_CURVE('',#1572,#1580,#895,.T.);
#1996=EDGE_CURVE('',#1581,#1580,#249,.T.);
#1997=EDGE_CURVE('',#1581,#1574,#1315,.T.);
#1998=EDGE_CURVE('',#1582,#1544,#896,.T.);
#1999=EDGE_CURVE('',#1583,#1582,#151,.F.);
#2000=EDGE_CURVE('',#1583,#1584,#897,.T.);
#2001=EDGE_CURVE('',#1584,#1585,#898,.T.);
#2002=EDGE_CURVE('',#1585,#1586,#899,.T.);
#2003=EDGE_CURVE('',#1586,#1587,#900,.T.);
#2004=EDGE_CURVE('',#1587,#1588,#901,.T.);
#2005=EDGE_CURVE('',#1589,#1588,#152,.F.);
#2006=EDGE_CURVE('',#1590,#1589,#902,.T.);
#2007=EDGE_CURVE('',#1591,#1590,#903,.T.);
#2008=EDGE_CURVE('',#1592,#1591,#153,.T.);
#2009=EDGE_CURVE('',#1593,#1592,#904,.T.);
#2010=EDGE_CURVE('',#1594,#1593,#905,.T.);
#2011=EDGE_CURVE('',#1594,#1595,#906,.T.);
#2012=EDGE_CURVE('',#1580,#1595,#907,.T.);
#2013=EDGE_CURVE('',#1517,#1596,#154,.T.);
#2014=EDGE_CURVE('',#1596,#1597,#1316,.T.);
#2015=EDGE_CURVE('',#1597,#1519,#155,.T.);
#2016=EDGE_CURVE('',#1560,#1597,#1317,.T.);
#2017=EDGE_CURVE('',#1596,#1561,#1318,.T.);
#2018=EDGE_CURVE('',#1591,#1522,#1319,.T.);
#2019=EDGE_CURVE('',#1598,#1590,#1320,.T.);
#2020=EDGE_CURVE('',#1598,#1599,#1321,.T.);
#2021=EDGE_CURVE('',#1600,#1599,#156,.T.);
#2022=EDGE_CURVE('',#1601,#1600,#157,.T.);
#2023=EDGE_CURVE('',#1601,#1602,#1322,.T.);
#2024=EDGE_CURVE('',#1562,#1602,#1323,.T.);
#2025=EDGE_CURVE('',#1603,#1603,#1324,.T.);
#2026=EDGE_CURVE('',#1521,#1592,#1325,.T.);
#2027=EDGE_CURVE('',#1604,#1573,#158,.T.);
#2028=EDGE_CURVE('',#1579,#1605,#1326,.T.);
#2029=EDGE_CURVE('',#1605,#1604,#159,.T.);
#2030=EDGE_CURVE('',#1462,#1606,#1327,.T.);
#2031=EDGE_CURVE('',#1606,#1607,#1328,.T.);
#2032=EDGE_CURVE('',#1607,#1456,#1329,.T.);
#2033=EDGE_CURVE('',#1455,#1608,#160,.T.);
#2034=EDGE_CURVE('',#1608,#1458,#1330,.T.);
#2035=EDGE_CURVE('',#1607,#1578,#161,.T.);
#2036=EDGE_CURVE('',#1578,#1474,#1331,.T.);
#2037=EDGE_CURVE('',#1462,#1605,#162,.T.);
#2038=EDGE_CURVE('',#1579,#1606,#163,.T.);
#2039=EDGE_CURVE('',#1450,#1609,#908,.T.);
#2040=EDGE_CURVE('',#1609,#1610,#909,.T.);
#2041=EDGE_CURVE('',#1608,#1610,#910,.T.);
#2042=EDGE_CURVE('',#1478,#1611,#164,.T.);
#2043=EDGE_CURVE('',#1611,#1612,#165,.T.);
#2044=EDGE_CURVE('',#1612,#1479,#1332,.T.);
#2045=EDGE_CURVE('',#1612,#1613,#166,.T.);
#2046=EDGE_CURVE('',#1613,#1473,#1333,.T.);
#2047=EDGE_CURVE('',#1613,#1614,#1334,.T.);
#2048=EDGE_CURVE('',#1614,#1464,#1335,.T.);
#2049=EDGE_CURVE('',#1468,#1470,#1336,.T.);
#2050=EDGE_CURVE('',#1553,#1615,#167,.T.);
#2051=EDGE_CURVE('',#1615,#1616,#1337,.T.);
#2052=EDGE_CURVE('',#1616,#1554,#168,.T.);
#2053=EDGE_CURVE('',#1615,#1464,#169,.T.);
#2054=EDGE_CURVE('',#1614,#1616,#170,.T.);
#2055=EDGE_CURVE('',#1467,#1617,#911,.T.);
#2056=EDGE_CURVE('',#1617,#1618,#1338,.T.);
#2057=EDGE_CURVE('',#1618,#1619,#912,.T.);
#2058=EDGE_CURVE('',#1619,#1620,#1339,.T.);
#2059=EDGE_CURVE('',#1620,#1621,#913,.T.);
#2060=EDGE_CURVE('',#1621,#1622,#1340,.T.);
#2061=EDGE_CURVE('',#1622,#1471,#914,.T.);
#2062=EDGE_CURVE('',#1461,#1623,#171,.T.);
#2063=EDGE_CURVE('',#1624,#1623,#172,.T.);
#2064=EDGE_CURVE('',#1624,#1625,#173,.T.);
#2065=EDGE_CURVE('',#1626,#1625,#174,.T.);
#2066=EDGE_CURVE('',#1626,#1465,#175,.T.);
#2067=EDGE_CURVE('',#1552,#1627,#176,.T.);
#2068=EDGE_CURVE('',#1627,#1604,#177,.T.);
#2069=EDGE_CURVE('',#1529,#1627,#915,.T.);
#2070=EDGE_CURVE('',#1547,#1548,#178,.T.);
#2071=EDGE_CURVE('',#1550,#1628,#179,.T.);
#2072=EDGE_CURVE('',#1629,#1628,#180,.T.);
#2073=EDGE_CURVE('',#1630,#1629,#181,.T.);
#2074=EDGE_CURVE('',#1631,#1630,#182,.T.);
#2075=EDGE_CURVE('',#1631,#1549,#183,.T.);
#2076=EDGE_CURVE('',#1611,#1520,#916,.T.);
#2077=EDGE_CURVE('',#1616,#1612,#917,.T.);
#2078=EDGE_CURVE('',#1597,#1632,#918,.T.);
#2079=EDGE_CURVE('',#1632,#1633,#184,.T.);
#2080=EDGE_CURVE('',#1633,#1634,#185,.T.);
#2081=EDGE_CURVE('',#1634,#1635,#186,.T.);
#2082=EDGE_CURVE('',#1635,#1551,#919,.T.);
#2083=EDGE_CURVE('',#1636,#1637,#920,.T.);
#2084=EDGE_CURVE('',#1637,#1638,#187,.T.);
#2085=EDGE_CURVE('',#1638,#1637,#188,.T.);
#2086=EDGE_CURVE('',#1636,#1636,#189,.T.);
#2087=EDGE_CURVE('',#1453,#1639,#1341,.T.);
#2088=EDGE_CURVE('',#1453,#1640,#921,.T.);
#2089=EDGE_CURVE('',#1641,#1640,#1342,.T.);
#2090=EDGE_CURVE('',#1642,#1641,#1343,.T.);
#2091=EDGE_CURVE('',#1643,#1642,#1344,.T.);
#2092=EDGE_CURVE('',#1644,#1643,#922,.T.);
#2093=EDGE_CURVE('',#1645,#1644,#1345,.T.);
#2094=EDGE_CURVE('',#1639,#1645,#1346,.T.);
#2095=EDGE_CURVE('',#1646,#1646,#190,.T.);
#2096=EDGE_CURVE('',#1647,#1647,#191,.T.);
#2097=EDGE_CURVE('',#1648,#1648,#192,.T.);
#2098=EDGE_CURVE('',#1638,#1649,#923,.T.);
#2099=EDGE_CURVE('',#1649,#1649,#1347,.T.);
#2100=EDGE_CURVE('',#1646,#1650,#924,.T.);
#2101=EDGE_CURVE('',#1650,#1651,#193,.T.);
#2102=EDGE_CURVE('',#1651,#1650,#194,.T.);
#2103=EDGE_CURVE('',#1651,#1652,#925,.T.);
#2104=EDGE_CURVE('',#1652,#1652,#1348,.T.);
#2105=EDGE_CURVE('',#1648,#1653,#926,.T.);
#2106=EDGE_CURVE('',#1653,#1654,#195,.T.);
#2107=EDGE_CURVE('',#1654,#1653,#196,.T.);
#2108=EDGE_CURVE('',#1654,#1655,#927,.T.);
#2109=EDGE_CURVE('',#1655,#1655,#1349,.T.);
#2110=EDGE_CURVE('',#1647,#1656,#928,.T.);
#2111=EDGE_CURVE('',#1656,#1657,#197,.T.);
#2112=EDGE_CURVE('',#1657,#1656,#198,.T.);
#2113=EDGE_CURVE('',#1657,#1658,#929,.T.);
#2114=EDGE_CURVE('',#1658,#1658,#1350,.T.);
#2115=EDGE_CURVE('',#1556,#1659,#250,.T.);
#2116=EDGE_CURVE('',#1659,#1660,#930,.T.);
#2117=EDGE_CURVE('',#1660,#1557,#251,.F.);
#2118=EDGE_CURVE('',#1595,#1661,#252,.F.);
#2119=EDGE_CURVE('',#1661,#1581,#931,.T.);
#2120=EDGE_CURVE('',#1661,#1662,#1351,.T.);
#2121=EDGE_CURVE('',#1663,#1662,#932,.T.);
#2122=EDGE_CURVE('',#1663,#1664,#1352,.T.);
#2123=EDGE_CURVE('',#1664,#1575,#933,.T.);
#2124=EDGE_CURVE('',#1593,#1665,#253,.T.);
#2125=EDGE_CURVE('',#1665,#1666,#934,.T.);
#2126=EDGE_CURVE('',#1666,#1594,#254,.F.);
#2127=EDGE_CURVE('',#1667,#1559,#255,.T.);
#2128=EDGE_CURVE('',#1558,#1668,#256,.F.);
#2129=EDGE_CURVE('',#1668,#1667,#935,.T.);
#2130=EDGE_CURVE('',#1667,#1632,#1353,.T.);
#2131=EDGE_CURVE('',#1669,#1668,#1354,.T.);
#2132=EDGE_CURVE('',#1670,#1669,#936,.T.);
#2133=EDGE_CURVE('',#1671,#1670,#1355,.T.);
#2134=EDGE_CURVE('',#1633,#1671,#937,.T.);
#2135=EDGE_CURVE('',#1669,#1672,#199,.F.);
#2136=EDGE_CURVE('',#1672,#1673,#938,.T.);
#2137=EDGE_CURVE('',#1673,#1670,#200,.F.);
#2138=EDGE_CURVE('',#1674,#1626,#939,.T.);
#2139=EDGE_CURVE('',#1675,#1674,#1356,.T.);
#2140=EDGE_CURVE('',#1675,#1676,#940,.T.);
#2141=EDGE_CURVE('',#1677,#1676,#941,.T.);
#2142=EDGE_CURVE('',#1677,#1678,#942,.T.);
#2143=EDGE_CURVE('',#1679,#1678,#1357,.T.);
#2144=EDGE_CURVE('',#1416,#1679,#943,.T.);
#2145=EDGE_CURVE('',#1680,#1472,#944,.T.);
#2146=EDGE_CURVE('',#1681,#1680,#1358,.T.);
#2147=EDGE_CURVE('',#1466,#1681,#945,.T.);
#2148=EDGE_CURVE('',#1682,#1673,#946,.T.);
#2149=EDGE_CURVE('',#1683,#1672,#947,.T.);
#2150=EDGE_CURVE('',#1682,#1683,#948,.T.);
#2151=EDGE_CURVE('',#1684,#1682,#201,.F.);
#2152=EDGE_CURVE('',#1683,#1685,#202,.F.);
#2153=EDGE_CURVE('',#1685,#1684,#949,.T.);
#2154=EDGE_CURVE('',#1686,#1687,#203,.F.);
#2155=EDGE_CURVE('',#1687,#1688,#950,.T.);
#2156=EDGE_CURVE('',#1688,#1689,#204,.F.);
#2157=EDGE_CURVE('',#1689,#1686,#951,.T.);
#2158=EDGE_CURVE('',#1690,#1454,#1359,.T.);
#2159=EDGE_CURVE('',#1691,#1690,#952,.T.);
#2160=EDGE_CURVE('',#1691,#1692,#953,.T.);
#2161=EDGE_CURVE('',#1693,#1692,#954,.T.);
#2162=EDGE_CURVE('',#1694,#1693,#1360,.T.);
#2163=EDGE_CURVE('',#1623,#1694,#955,.T.);
#2164=EDGE_CURVE('',#1695,#1460,#956,.T.);
#2165=EDGE_CURVE('',#1696,#1695,#1361,.T.);
#2166=EDGE_CURVE('',#1609,#1696,#957,.T.);
#2167=EDGE_CURVE('',#1688,#1697,#958,.T.);
#2168=EDGE_CURVE('',#1698,#1687,#959,.T.);
#2169=EDGE_CURVE('',#1697,#1698,#960,.T.);
#2170=EDGE_CURVE('',#1662,#1697,#205,.F.);
#2171=EDGE_CURVE('',#1698,#1663,#206,.F.);
#2172=EDGE_CURVE('',#1639,#1690,#207,.T.);
#2173=EDGE_CURVE('',#1639,#1699,#961,.T.);
#2174=EDGE_CURVE('',#1699,#1691,#962,.T.);
#2175=EDGE_CURVE('',#1693,#1645,#208,.T.);
#2176=EDGE_CURVE('',#1692,#1700,#963,.T.);
#2177=EDGE_CURVE('',#1700,#1645,#964,.T.);
#2178=EDGE_CURVE('',#1700,#1699,#965,.T.);
#2179=EDGE_CURVE('',#1689,#1666,#1362,.T.);
#2180=EDGE_CURVE('',#1577,#1665,#1363,.T.);
#2181=EDGE_CURVE('',#1576,#1701,#966,.T.);
#2182=EDGE_CURVE('',#1701,#1686,#1364,.T.);
#2183=EDGE_CURVE('',#1664,#1701,#967,.T.);
#2184=EDGE_CURVE('',#1694,#1644,#209,.T.);
#2185=EDGE_CURVE('',#1642,#1675,#210,.T.);
#2186=EDGE_CURVE('',#1702,#1642,#968,.T.);
#2187=EDGE_CURVE('',#1676,#1702,#969,.T.);
#2188=EDGE_CURVE('',#1702,#1703,#970,.T.);
#2189=EDGE_CURVE('',#1703,#1677,#971,.T.);
#2190=EDGE_CURVE('',#1678,#1641,#211,.T.);
#2191=EDGE_CURVE('',#1641,#1703,#972,.T.);
#2192=EDGE_CURVE('',#1674,#1643,#212,.T.);
#2193=EDGE_CURVE('',#1704,#1671,#973,.T.);
#2194=EDGE_CURVE('',#1704,#1634,#974,.T.);
#2195=EDGE_CURVE('',#1635,#1659,#1365,.T.);
#2196=EDGE_CURVE('',#1684,#1704,#1366,.T.);
#2197=EDGE_CURVE('',#1660,#1685,#1367,.T.);
#2198=EDGE_CURVE('',#1679,#1640,#213,.T.);
#2199=EDGE_CURVE('',#1600,#1705,#214,.T.);
#2200=EDGE_CURVE('',#1705,#1706,#215,.T.);
#2201=EDGE_CURVE('',#1706,#1707,#1368,.T.);
#2202=EDGE_CURVE('',#1707,#1601,#216,.T.);
#2203=EDGE_CURVE('',#1708,#1709,#1369,.T.);
#2204=EDGE_CURVE('',#1709,#1589,#1370,.T.);
#2205=EDGE_CURVE('',#1588,#1708,#1371,.T.);
#2206=EDGE_CURVE('',#1710,#1711,#1372,.T.);
#2207=EDGE_CURVE('',#1711,#1709,#1373,.T.);
#2208=EDGE_CURVE('',#1708,#1710,#1374,.T.);
#2209=EDGE_CURVE('',#1599,#1711,#217,.T.);
#2210=EDGE_CURVE('',#1710,#1705,#218,.T.);
#2211=EDGE_CURVE('',#1712,#1713,#1375,.T.);
#2212=EDGE_CURVE('',#1713,#1707,#1376,.T.);
#2213=EDGE_CURVE('',#1706,#1712,#1377,.T.);
#2214=EDGE_CURVE('',#1563,#1713,#1378,.T.);
#2215=EDGE_CURVE('',#1712,#1564,#1379,.T.);
#2216=EDGE_CURVE('',#1602,#1713,#975,.T.);
#2217=EDGE_CURVE('',#1565,#1706,#976,.T.);
#2218=EDGE_CURVE('',#1709,#1598,#977,.T.);
#2219=EDGE_CURVE('',#1714,#1705,#978,.T.);
#2220=EDGE_CURVE('',#1714,#1715,#219,.T.);
#2221=EDGE_CURVE('',#1715,#1565,#979,.T.);
#2222=EDGE_CURVE('',#1716,#1717,#220,.T.);
#2223=EDGE_CURVE('',#1717,#1716,#221,.T.);
#2224=EDGE_CURVE('',#1587,#1710,#980,.T.);
#2225=EDGE_CURVE('',#1718,#1587,#981,.T.);
#2226=EDGE_CURVE('',#1718,#1714,#222,.T.);
#2227=EDGE_CURVE('',#1719,#1720,#223,.T.);
#2228=EDGE_CURVE('',#1720,#1719,#224,.T.);
#2229=EDGE_CURVE('',#1721,#1722,#1380,.T.);
#2230=EDGE_CURVE('',#1722,#1570,#1381,.T.);
#2231=EDGE_CURVE('',#1569,#1721,#1382,.T.);
#2232=EDGE_CURVE('',#1723,#1724,#1383,.T.);
#2233=EDGE_CURVE('',#1724,#1722,#1384,.T.);
#2234=EDGE_CURVE('',#1721,#1723,#1385,.T.);
#2235=EDGE_CURVE('',#1540,#1724,#225,.T.);
#2236=EDGE_CURVE('',#1723,#1725,#226,.T.);
#2237=EDGE_CURVE('',#1725,#1541,#227,.T.);
#2238=EDGE_CURVE('',#1725,#1726,#228,.T.);
#2239=EDGE_CURVE('',#1726,#1727,#1386,.T.);
#2240=EDGE_CURVE('',#1727,#1542,#229,.T.);
#2241=EDGE_CURVE('',#1728,#1729,#1387,.T.);
#2242=EDGE_CURVE('',#1729,#1727,#1388,.T.);
#2243=EDGE_CURVE('',#1726,#1728,#1389,.T.);
#2244=EDGE_CURVE('',#1582,#1729,#1390,.T.);
#2245=EDGE_CURVE('',#1728,#1583,#1391,.T.);
#2246=EDGE_CURVE('',#1568,#1723,#982,.T.);
#2247=EDGE_CURVE('',#1722,#1539,#983,.T.);
#2248=EDGE_CURVE('',#1543,#1729,#984,.T.);
#2249=EDGE_CURVE('',#1725,#1730,#985,.T.);
#2250=EDGE_CURVE('',#1730,#1731,#230,.T.);
#2251=EDGE_CURVE('',#1731,#1584,#986,.T.);
#2252=EDGE_CURVE('',#1584,#1726,#987,.T.);
#2253=EDGE_CURVE('',#1732,#1733,#231,.T.);
#2254=EDGE_CURVE('',#1733,#1732,#232,.T.);
#2255=EDGE_CURVE('',#1731,#1585,#988,.T.);
#2256=EDGE_CURVE('',#1567,#1734,#989,.T.);
#2257=EDGE_CURVE('',#1734,#1568,#990,.T.);
#2258=EDGE_CURVE('',#1734,#1730,#233,.T.);
#2259=EDGE_CURVE('',#1735,#1736,#234,.T.);
#2260=EDGE_CURVE('',#1736,#1735,#235,.T.);
#2261=EDGE_CURVE('',#1586,#1718,#991,.T.);
#2262=EDGE_CURVE('',#1715,#1566,#992,.T.);
#2263=EDGE_CURVE('',#1717,#1737,#993,.T.);
#2264=EDGE_CURVE('',#1737,#1737,#1392,.T.);
#2265=EDGE_CURVE('',#1720,#1738,#994,.T.);
#2266=EDGE_CURVE('',#1738,#1738,#1393,.T.);
#2267=EDGE_CURVE('',#1644,#1624,#995,.T.);
#2268=EDGE_CURVE('',#1625,#1643,#996,.T.);
#2269=EDGE_CURVE('',#1640,#1480,#997,.T.);
#2270=EDGE_CURVE('',#1680,#1622,#998,.T.);
#2271=EDGE_CURVE('',#1739,#1696,#999,.T.);
#2272=EDGE_CURVE('',#1610,#1739,#1000,.T.);
#2273=EDGE_CURVE('',#1621,#1740,#257,.T.);
#2274=EDGE_CURVE('',#1740,#1741,#1394,.T.);
#2275=EDGE_CURVE('',#1741,#1618,#258,.T.);
#2276=EDGE_CURVE('',#1617,#1681,#1001,.T.);
#2277=EDGE_CURVE('',#1695,#1742,#1002,.T.);
#2278=EDGE_CURVE('',#1743,#1742,#1395,.T.);
#2279=EDGE_CURVE('',#1744,#1743,#259,.T.);
#2280=EDGE_CURVE('',#1745,#1744,#1396,.T.);
#2281=EDGE_CURVE('',#1746,#1745,#260,.T.);
#2282=EDGE_CURVE('',#1739,#1746,#1397,.T.);
#2283=EDGE_CURVE('',#1742,#1459,#1003,.T.);
#2284=EDGE_CURVE('',#1747,#1629,#1398,.T.);
#2285=EDGE_CURVE('',#1628,#1748,#236,.F.);
#2286=EDGE_CURVE('',#1748,#1749,#237,.T.);
#2287=EDGE_CURVE('',#1749,#1747,#238,.T.);
#2288=EDGE_CURVE('',#1750,#1751,#1399,.T.);
#2289=EDGE_CURVE('',#1751,#1629,#239,.T.);
#2290=EDGE_CURVE('',#1747,#1750,#240,.T.);
#2291=EDGE_CURVE('',#1752,#1753,#1400,.T.);
#2292=EDGE_CURVE('',#1753,#1751,#1004,.T.);
#2293=EDGE_CURVE('',#1750,#1752,#1005,.T.);
#2294=EDGE_CURVE('',#1752,#1754,#1401,.T.);
#2295=EDGE_CURVE('',#1754,#1755,#1402,.T.);
#2296=EDGE_CURVE('',#1755,#1756,#1403,.T.);
#2297=EDGE_CURVE('',#1757,#1756,#1404,.T.);
#2298=EDGE_CURVE('',#1757,#1753,#1405,.T.);
#2299=EDGE_CURVE('',#1749,#1736,#1006,.T.);
#2300=EDGE_CURVE('',#1754,#1748,#1007,.T.);
#2301=EDGE_CURVE('',#1756,#1758,#1008,.T.);
#2302=EDGE_CURVE('',#1758,#1759,#1406,.T.);
#2303=EDGE_CURVE('',#1759,#1757,#1009,.T.);
#2304=EDGE_CURVE('',#1760,#1630,#1407,.T.);
#2305=EDGE_CURVE('',#1630,#1759,#241,.T.);
#2306=EDGE_CURVE('',#1758,#1760,#242,.T.);
#2307=EDGE_CURVE('',#1761,#1631,#243,.F.);
#2308=EDGE_CURVE('',#1760,#1762,#244,.T.);
#2309=EDGE_CURVE('',#1762,#1761,#245,.T.);
#2310=EDGE_CURVE('',#1761,#1755,#1010,.T.);
#2311=EDGE_CURVE('',#1762,#1733,#1011,.T.);
#2312=EDGE_CURVE('',#1751,#1759,#246,.T.);
#2313=EDGE_CURVE('',#1763,#1763,#1408,.T.);
#2314=EDGE_CURVE('',#1763,#1603,#1012,.T.);
#2315=EDGE_CURVE('',#1746,#1764,#1013,.T.);
#2316=EDGE_CURVE('',#1745,#1765,#1014,.T.);
#2317=EDGE_CURVE('',#1765,#1764,#261,.T.);
#2318=EDGE_CURVE('',#1766,#1741,#1015,.T.);
#2319=EDGE_CURVE('',#1619,#1766,#262,.T.);
#2320=EDGE_CURVE('',#1740,#1767,#1016,.T.);
#2321=EDGE_CURVE('',#1766,#1767,#1409,.T.);
#2322=EDGE_CURVE('',#1767,#1620,#263,.T.);
#2323=EDGE_CURVE('',#1768,#1743,#1017,.T.);
#2324=EDGE_CURVE('',#1768,#1769,#264,.T.);
#2325=EDGE_CURVE('',#1769,#1744,#1018,.T.);
#2326=EDGE_CURVE('',#1769,#1765,#1410,.T.);
#2327=EDGE_CURVE('',#1764,#1768,#1411,.T.);
#2328=ORIENTED_EDGE('',*,*,#1770,.F.);
#2329=ORIENTED_EDGE('',*,*,#1771,.T.);
#2330=ORIENTED_EDGE('',*,*,#1772,.T.);
#2331=ORIENTED_EDGE('',*,*,#1773,.T.);
#2332=ORIENTED_EDGE('',*,*,#1773,.F.);
#2333=ORIENTED_EDGE('',*,*,#1774,.F.);
#2334=ORIENTED_EDGE('',*,*,#1775,.F.);
#2335=ORIENTED_EDGE('',*,*,#1776,.F.);
#2336=ORIENTED_EDGE('',*,*,#1777,.T.);
#2337=ORIENTED_EDGE('',*,*,#1778,.F.);
#2338=ORIENTED_EDGE('',*,*,#1779,.T.);
#2339=ORIENTED_EDGE('',*,*,#1780,.T.);
#2340=ORIENTED_EDGE('',*,*,#1781,.T.);
#2341=ORIENTED_EDGE('',*,*,#1779,.F.);
#2342=ORIENTED_EDGE('',*,*,#1782,.T.);
#2343=ORIENTED_EDGE('',*,*,#1783,.F.);
#2344=ORIENTED_EDGE('',*,*,#1784,.F.);
#2345=ORIENTED_EDGE('',*,*,#1785,.F.);
#2346=ORIENTED_EDGE('',*,*,#1786,.F.);
#2347=ORIENTED_EDGE('',*,*,#1787,.F.);
#2348=ORIENTED_EDGE('',*,*,#1788,.F.);
#2349=ORIENTED_EDGE('',*,*,#1789,.F.);
#2350=ORIENTED_EDGE('',*,*,#1778,.T.);
#2351=ORIENTED_EDGE('',*,*,#1790,.F.);
#2352=ORIENTED_EDGE('',*,*,#1791,.F.);
#2353=ORIENTED_EDGE('',*,*,#1792,.F.);
#2354=ORIENTED_EDGE('',*,*,#1793,.F.);
#2355=ORIENTED_EDGE('',*,*,#1794,.F.);
#2356=ORIENTED_EDGE('',*,*,#1782,.F.);
#2357=ORIENTED_EDGE('',*,*,#1795,.F.);
#2358=ORIENTED_EDGE('',*,*,#1796,.T.);
#2359=ORIENTED_EDGE('',*,*,#1797,.T.);
#2360=ORIENTED_EDGE('',*,*,#1798,.F.);
#2361=ORIENTED_EDGE('',*,*,#1799,.F.);
#2362=ORIENTED_EDGE('',*,*,#1800,.T.);
#2363=ORIENTED_EDGE('',*,*,#1801,.T.);
#2364=ORIENTED_EDGE('',*,*,#1802,.F.);
#2365=ORIENTED_EDGE('',*,*,#1803,.F.);
#2366=ORIENTED_EDGE('',*,*,#1804,.F.);
#2367=ORIENTED_EDGE('',*,*,#1805,.T.);
#2368=ORIENTED_EDGE('',*,*,#1796,.F.);
#2369=ORIENTED_EDGE('',*,*,#1806,.F.);
#2370=ORIENTED_EDGE('',*,*,#1807,.F.);
#2371=ORIENTED_EDGE('',*,*,#1808,.F.);
#2372=ORIENTED_EDGE('',*,*,#1787,.T.);
#2373=ORIENTED_EDGE('',*,*,#1771,.F.);
#2374=ORIENTED_EDGE('',*,*,#1809,.T.);
#2375=ORIENTED_EDGE('',*,*,#1800,.F.);
#2376=ORIENTED_EDGE('',*,*,#1810,.F.);
#2377=ORIENTED_EDGE('',*,*,#1770,.T.);
#2378=ORIENTED_EDGE('',*,*,#1777,.F.);
#2379=ORIENTED_EDGE('',*,*,#1811,.F.);
#2380=ORIENTED_EDGE('',*,*,#1812,.F.);
#2381=ORIENTED_EDGE('',*,*,#1813,.F.);
#2382=ORIENTED_EDGE('',*,*,#1801,.F.);
#2383=ORIENTED_EDGE('',*,*,#1809,.F.);
#2384=ORIENTED_EDGE('',*,*,#1814,.F.);
#2385=ORIENTED_EDGE('',*,*,#1815,.F.);
#2386=ORIENTED_EDGE('',*,*,#1797,.F.);
#2387=ORIENTED_EDGE('',*,*,#1805,.F.);
#2388=ORIENTED_EDGE('',*,*,#1816,.F.);
#2389=ORIENTED_EDGE('',*,*,#1817,.F.);
#2390=ORIENTED_EDGE('',*,*,#1788,.T.);
#2391=ORIENTED_EDGE('',*,*,#1808,.T.);
#2392=ORIENTED_EDGE('',*,*,#1818,.F.);
#2393=ORIENTED_EDGE('',*,*,#1819,.F.);
#2394=ORIENTED_EDGE('',*,*,#1791,.T.);
#2395=ORIENTED_EDGE('',*,*,#1820,.T.);
#2396=ORIENTED_EDGE('',*,*,#1781,.F.);
#2397=ORIENTED_EDGE('',*,*,#1821,.F.);
#2398=ORIENTED_EDGE('',*,*,#1820,.F.);
#2399=ORIENTED_EDGE('',*,*,#1790,.T.);
#2400=ORIENTED_EDGE('',*,*,#1784,.T.);
#2401=ORIENTED_EDGE('',*,*,#1822,.T.);
#2402=ORIENTED_EDGE('',*,*,#1823,.T.);
#2403=ORIENTED_EDGE('',*,*,#1824,.F.);
#2404=ORIENTED_EDGE('',*,*,#1825,.T.);
#2405=ORIENTED_EDGE('',*,*,#1793,.T.);
#2406=ORIENTED_EDGE('',*,*,#1826,.F.);
#2407=ORIENTED_EDGE('',*,*,#1827,.F.);
#2408=ORIENTED_EDGE('',*,*,#1828,.T.);
#2409=ORIENTED_EDGE('',*,*,#1806,.T.);
#2410=ORIENTED_EDGE('',*,*,#1786,.T.);
#2411=ORIENTED_EDGE('',*,*,#1829,.F.);
#2412=ORIENTED_EDGE('',*,*,#1830,.F.);
#2413=ORIENTED_EDGE('',*,*,#1831,.F.);
#2414=ORIENTED_EDGE('',*,*,#1832,.F.);
#2415=ORIENTED_EDGE('',*,*,#1833,.T.);
#2416=ORIENTED_EDGE('',*,*,#1789,.T.);
#2417=ORIENTED_EDGE('',*,*,#1817,.T.);
#2418=ORIENTED_EDGE('',*,*,#1834,.T.);
#2419=ORIENTED_EDGE('',*,*,#1835,.F.);
#2420=ORIENTED_EDGE('',*,*,#1836,.F.);
#2421=ORIENTED_EDGE('',*,*,#1829,.T.);
#2422=ORIENTED_EDGE('',*,*,#1798,.T.);
#2423=ORIENTED_EDGE('',*,*,#1815,.T.);
#2424=ORIENTED_EDGE('',*,*,#1837,.T.);
#2425=ORIENTED_EDGE('',*,*,#1838,.F.);
#2426=ORIENTED_EDGE('',*,*,#1839,.F.);
#2427=ORIENTED_EDGE('',*,*,#1840,.T.);
#2428=ORIENTED_EDGE('',*,*,#1814,.T.);
#2429=ORIENTED_EDGE('',*,*,#1804,.T.);
#2430=ORIENTED_EDGE('',*,*,#1841,.T.);
#2431=ORIENTED_EDGE('',*,*,#1842,.F.);
#2432=ORIENTED_EDGE('',*,*,#1843,.T.);
#2433=ORIENTED_EDGE('',*,*,#1844,.F.);
#2434=ORIENTED_EDGE('',*,*,#1837,.F.);
#2435=ORIENTED_EDGE('',*,*,#1802,.T.);
#2436=ORIENTED_EDGE('',*,*,#1813,.T.);
#2437=ORIENTED_EDGE('',*,*,#1845,.T.);
#2438=ORIENTED_EDGE('',*,*,#1846,.F.);
#2439=ORIENTED_EDGE('',*,*,#1847,.T.);
#2440=ORIENTED_EDGE('',*,*,#1848,.T.);
#2441=ORIENTED_EDGE('',*,*,#1849,.T.);
#2442=ORIENTED_EDGE('',*,*,#1812,.T.);
#2443=ORIENTED_EDGE('',*,*,#1850,.T.);
#2444=ORIENTED_EDGE('',*,*,#1851,.F.);
#2445=ORIENTED_EDGE('',*,*,#1845,.F.);
#2446=ORIENTED_EDGE('',*,*,#1783,.T.);
#2447=ORIENTED_EDGE('',*,*,#1794,.T.);
#2448=ORIENTED_EDGE('',*,*,#1828,.F.);
#2449=ORIENTED_EDGE('',*,*,#1852,.F.);
#2450=ORIENTED_EDGE('',*,*,#1853,.F.);
#2451=ORIENTED_EDGE('',*,*,#1854,.T.);
#2452=ORIENTED_EDGE('',*,*,#1855,.T.);
#2453=ORIENTED_EDGE('',*,*,#1856,.T.);
#2454=ORIENTED_EDGE('',*,*,#1857,.F.);
#2455=ORIENTED_EDGE('',*,*,#1858,.F.);
#2456=ORIENTED_EDGE('',*,*,#1850,.F.);
#2457=ORIENTED_EDGE('',*,*,#1811,.T.);
#2458=ORIENTED_EDGE('',*,*,#1776,.T.);
#2459=ORIENTED_EDGE('',*,*,#1859,.F.);
#2460=ORIENTED_EDGE('',*,*,#1860,.T.);
#2461=ORIENTED_EDGE('',*,*,#1822,.F.);
#2462=ORIENTED_EDGE('',*,*,#1861,.F.);
#2463=ORIENTED_EDGE('',*,*,#1862,.F.);
#2464=ORIENTED_EDGE('',*,*,#1863,.T.);
#2465=ORIENTED_EDGE('',*,*,#1864,.T.);
#2466=ORIENTED_EDGE('',*,*,#1865,.F.);
#2467=ORIENTED_EDGE('',*,*,#1864,.F.);
#2468=ORIENTED_EDGE('',*,*,#1866,.T.);
#2469=ORIENTED_EDGE('',*,*,#1867,.T.);
#2470=ORIENTED_EDGE('',*,*,#1868,.F.);
#2471=ORIENTED_EDGE('',*,*,#1867,.F.);
#2472=ORIENTED_EDGE('',*,*,#1869,.T.);
#2473=ORIENTED_EDGE('',*,*,#1870,.T.);
#2474=ORIENTED_EDGE('',*,*,#1871,.F.);
#2475=ORIENTED_EDGE('',*,*,#1870,.F.);
#2476=ORIENTED_EDGE('',*,*,#1872,.T.);
#2477=ORIENTED_EDGE('',*,*,#1873,.T.);
#2478=ORIENTED_EDGE('',*,*,#1874,.F.);
#2479=ORIENTED_EDGE('',*,*,#1875,.T.);
#2480=ORIENTED_EDGE('',*,*,#1876,.T.);
#2481=ORIENTED_EDGE('',*,*,#1862,.T.);
#2482=ORIENTED_EDGE('',*,*,#1877,.F.);
#2483=ORIENTED_EDGE('',*,*,#1873,.F.);
#2484=ORIENTED_EDGE('',*,*,#1878,.T.);
#2485=ORIENTED_EDGE('',*,*,#1875,.F.);
#2486=ORIENTED_EDGE('',*,*,#1878,.F.);
#2487=ORIENTED_EDGE('',*,*,#1872,.F.);
#2488=ORIENTED_EDGE('',*,*,#1869,.F.);
#2489=ORIENTED_EDGE('',*,*,#1866,.F.);
#2490=ORIENTED_EDGE('',*,*,#1863,.F.);
#2491=ORIENTED_EDGE('',*,*,#1876,.F.);
#2492=ORIENTED_EDGE('',*,*,#1879,.F.);
#2493=ORIENTED_EDGE('',*,*,#1880,.T.);
#2494=ORIENTED_EDGE('',*,*,#1881,.T.);
#2495=ORIENTED_EDGE('',*,*,#1882,.T.);
#2496=ORIENTED_EDGE('',*,*,#1883,.F.);
#2497=ORIENTED_EDGE('',*,*,#1882,.F.);
#2498=ORIENTED_EDGE('',*,*,#1884,.T.);
#2499=ORIENTED_EDGE('',*,*,#1885,.T.);
#2500=ORIENTED_EDGE('',*,*,#1886,.F.);
#2501=ORIENTED_EDGE('',*,*,#1885,.F.);
#2502=ORIENTED_EDGE('',*,*,#1887,.T.);
#2503=ORIENTED_EDGE('',*,*,#1888,.T.);
#2504=ORIENTED_EDGE('',*,*,#1889,.F.);
#2505=ORIENTED_EDGE('',*,*,#1888,.F.);
#2506=ORIENTED_EDGE('',*,*,#1890,.T.);
#2507=ORIENTED_EDGE('',*,*,#1880,.F.);
#2508=ORIENTED_EDGE('',*,*,#1890,.F.);
#2509=ORIENTED_EDGE('',*,*,#1887,.F.);
#2510=ORIENTED_EDGE('',*,*,#1884,.F.);
#2511=ORIENTED_EDGE('',*,*,#1881,.F.);
#2512=ORIENTED_EDGE('',*,*,#1891,.F.);
#2513=ORIENTED_EDGE('',*,*,#1892,.T.);
#2514=ORIENTED_EDGE('',*,*,#1893,.T.);
#2515=ORIENTED_EDGE('',*,*,#1894,.T.);
#2516=ORIENTED_EDGE('',*,*,#1895,.F.);
#2517=ORIENTED_EDGE('',*,*,#1894,.F.);
#2518=ORIENTED_EDGE('',*,*,#1896,.T.);
#2519=ORIENTED_EDGE('',*,*,#1897,.T.);
#2520=ORIENTED_EDGE('',*,*,#1898,.F.);
#2521=ORIENTED_EDGE('',*,*,#1897,.F.);
#2522=ORIENTED_EDGE('',*,*,#1899,.T.);
#2523=ORIENTED_EDGE('',*,*,#1900,.T.);
#2524=ORIENTED_EDGE('',*,*,#1901,.F.);
#2525=ORIENTED_EDGE('',*,*,#1900,.F.);
#2526=ORIENTED_EDGE('',*,*,#1902,.T.);
#2527=ORIENTED_EDGE('',*,*,#1892,.F.);
#2528=ORIENTED_EDGE('',*,*,#1902,.F.);
#2529=ORIENTED_EDGE('',*,*,#1899,.F.);
#2530=ORIENTED_EDGE('',*,*,#1896,.F.);
#2531=ORIENTED_EDGE('',*,*,#1893,.F.);
#2532=ORIENTED_EDGE('',*,*,#1903,.T.);
#2533=ORIENTED_EDGE('',*,*,#1904,.T.);
#2534=ORIENTED_EDGE('',*,*,#1905,.T.);
#2535=ORIENTED_EDGE('',*,*,#1906,.T.);
#2536=ORIENTED_EDGE('',*,*,#1907,.T.);
#2537=ORIENTED_EDGE('',*,*,#1908,.T.);
#2538=ORIENTED_EDGE('',*,*,#1909,.T.);
#2539=ORIENTED_EDGE('',*,*,#1910,.T.);
#2540=ORIENTED_EDGE('',*,*,#1911,.T.);
#2541=ORIENTED_EDGE('',*,*,#1912,.T.);
#2542=ORIENTED_EDGE('',*,*,#1909,.F.);
#2543=ORIENTED_EDGE('',*,*,#1913,.T.);
#2544=ORIENTED_EDGE('',*,*,#1914,.T.);
#2545=ORIENTED_EDGE('',*,*,#1915,.T.);
#2546=ORIENTED_EDGE('',*,*,#1911,.F.);
#2547=ORIENTED_EDGE('',*,*,#1916,.T.);
#2548=ORIENTED_EDGE('',*,*,#1907,.F.);
#2549=ORIENTED_EDGE('',*,*,#1917,.T.);
#2550=ORIENTED_EDGE('',*,*,#1905,.F.);
#2551=ORIENTED_EDGE('',*,*,#1918,.T.);
#2552=ORIENTED_EDGE('',*,*,#1904,.F.);
#2553=ORIENTED_EDGE('',*,*,#1919,.T.);
#2554=ORIENTED_EDGE('',*,*,#1920,.T.);
#2555=ORIENTED_EDGE('',*,*,#1921,.T.);
#2556=ORIENTED_EDGE('',*,*,#1906,.F.);
#2557=ORIENTED_EDGE('',*,*,#1917,.F.);
#2558=ORIENTED_EDGE('',*,*,#1922,.T.);
#2559=ORIENTED_EDGE('',*,*,#1854,.F.);
#2560=ORIENTED_EDGE('',*,*,#1923,.F.);
#2561=ORIENTED_EDGE('',*,*,#1924,.F.);
#2562=ORIENTED_EDGE('',*,*,#1910,.F.);
#2563=ORIENTED_EDGE('',*,*,#1925,.T.);
#2564=ORIENTED_EDGE('',*,*,#1855,.F.);
#2565=ORIENTED_EDGE('',*,*,#1922,.F.);
#2566=ORIENTED_EDGE('',*,*,#1926,.T.);
#2567=ORIENTED_EDGE('',*,*,#1927,.T.);
#2568=ORIENTED_EDGE('',*,*,#1928,.T.);
#2569=ORIENTED_EDGE('',*,*,#1929,.T.);
#2570=ORIENTED_EDGE('',*,*,#1930,.T.);
#2571=ORIENTED_EDGE('',*,*,#1931,.T.);
#2572=ORIENTED_EDGE('',*,*,#1928,.F.);
#2573=ORIENTED_EDGE('',*,*,#1932,.T.);
#2574=ORIENTED_EDGE('',*,*,#1933,.T.);
#2575=ORIENTED_EDGE('',*,*,#1934,.T.);
#2576=ORIENTED_EDGE('',*,*,#1930,.F.);
#2577=ORIENTED_EDGE('',*,*,#1935,.T.);
#2578=ORIENTED_EDGE('',*,*,#1936,.T.);
#2579=ORIENTED_EDGE('',*,*,#1937,.T.);
#2580=ORIENTED_EDGE('',*,*,#1933,.F.);
#2581=ORIENTED_EDGE('',*,*,#1938,.T.);
#2582=ORIENTED_EDGE('',*,*,#1939,.T.);
#2583=ORIENTED_EDGE('',*,*,#1940,.T.);
#2584=ORIENTED_EDGE('',*,*,#1926,.F.);
#2585=ORIENTED_EDGE('',*,*,#1941,.T.);
#2586=ORIENTED_EDGE('',*,*,#1935,.F.);
#2587=ORIENTED_EDGE('',*,*,#1932,.F.);
#2588=ORIENTED_EDGE('',*,*,#1927,.F.);
#2589=ORIENTED_EDGE('',*,*,#1942,.F.);
#2590=ORIENTED_EDGE('',*,*,#1943,.F.);
#2591=ORIENTED_EDGE('',*,*,#1944,.T.);
#2592=ORIENTED_EDGE('',*,*,#1945,.F.);
#2593=ORIENTED_EDGE('',*,*,#1946,.T.);
#2594=ORIENTED_EDGE('',*,*,#1947,.F.);
#2595=ORIENTED_EDGE('',*,*,#1948,.F.);
#2596=ORIENTED_EDGE('',*,*,#1949,.T.);
#2597=ORIENTED_EDGE('',*,*,#1950,.F.);
#2598=ORIENTED_EDGE('',*,*,#1951,.T.);
#2599=ORIENTED_EDGE('',*,*,#1952,.F.);
#2600=ORIENTED_EDGE('',*,*,#1953,.F.);
#2601=ORIENTED_EDGE('',*,*,#1954,.F.);
#2602=ORIENTED_EDGE('',*,*,#1955,.T.);
#2603=ORIENTED_EDGE('',*,*,#1956,.T.);
#2604=ORIENTED_EDGE('',*,*,#1957,.T.);
#2605=ORIENTED_EDGE('',*,*,#1940,.F.);
#2606=ORIENTED_EDGE('',*,*,#1958,.T.);
#2607=ORIENTED_EDGE('',*,*,#1959,.T.);
#2608=ORIENTED_EDGE('',*,*,#1942,.T.);
#2609=ORIENTED_EDGE('',*,*,#1941,.F.);
#2610=ORIENTED_EDGE('',*,*,#1929,.F.);
#2611=ORIENTED_EDGE('',*,*,#1960,.T.);
#2612=ORIENTED_EDGE('',*,*,#1961,.F.);
#2613=ORIENTED_EDGE('',*,*,#1962,.F.);
#2614=ORIENTED_EDGE('',*,*,#1963,.F.);
#2615=ORIENTED_EDGE('',*,*,#1964,.T.);
#2616=ORIENTED_EDGE('',*,*,#1943,.T.);
#2617=ORIENTED_EDGE('',*,*,#1959,.F.);
#2618=ORIENTED_EDGE('',*,*,#1965,.T.);
#2619=ORIENTED_EDGE('',*,*,#1964,.F.);
#2620=ORIENTED_EDGE('',*,*,#1966,.F.);
#2621=ORIENTED_EDGE('',*,*,#1967,.F.);
#2622=ORIENTED_EDGE('',*,*,#1968,.T.);
#2623=ORIENTED_EDGE('',*,*,#1969,.F.);
#2624=ORIENTED_EDGE('',*,*,#1970,.F.);
#2625=ORIENTED_EDGE('',*,*,#1971,.F.);
#2626=ORIENTED_EDGE('',*,*,#1972,.F.);
#2627=ORIENTED_EDGE('',*,*,#1973,.F.);
#2628=ORIENTED_EDGE('',*,*,#1974,.F.);
#2629=ORIENTED_EDGE('',*,*,#1975,.T.);
#2630=ORIENTED_EDGE('',*,*,#1976,.T.);
#2631=ORIENTED_EDGE('',*,*,#1977,.F.);
#2632=ORIENTED_EDGE('',*,*,#1978,.T.);
#2633=ORIENTED_EDGE('',*,*,#1979,.T.);
#2634=ORIENTED_EDGE('',*,*,#1980,.F.);
#2635=ORIENTED_EDGE('',*,*,#1981,.F.);
#2636=ORIENTED_EDGE('',*,*,#1944,.F.);
#2637=ORIENTED_EDGE('',*,*,#1938,.F.);
#2638=ORIENTED_EDGE('',*,*,#1953,.T.);
#2639=ORIENTED_EDGE('',*,*,#1982,.T.);
#2640=ORIENTED_EDGE('',*,*,#1983,.T.);
#2641=ORIENTED_EDGE('',*,*,#1984,.T.);
#2642=ORIENTED_EDGE('',*,*,#1985,.T.);
#2643=ORIENTED_EDGE('',*,*,#1982,.F.);
#2644=ORIENTED_EDGE('',*,*,#1952,.T.);
#2645=ORIENTED_EDGE('',*,*,#1986,.T.);
#2646=ORIENTED_EDGE('',*,*,#1936,.F.);
#2647=ORIENTED_EDGE('',*,*,#1983,.F.);
#2648=ORIENTED_EDGE('',*,*,#1987,.T.);
#2649=ORIENTED_EDGE('',*,*,#1988,.T.);
#2650=ORIENTED_EDGE('',*,*,#1989,.T.);
#2651=ORIENTED_EDGE('',*,*,#1990,.T.);
#2652=ORIENTED_EDGE('',*,*,#1991,.T.);
#2653=ORIENTED_EDGE('',*,*,#1919,.F.);
#2654=ORIENTED_EDGE('',*,*,#1903,.F.);
#2655=ORIENTED_EDGE('',*,*,#1924,.T.);
#2656=ORIENTED_EDGE('',*,*,#1992,.F.);
#2657=ORIENTED_EDGE('',*,*,#1993,.F.);
#2658=ORIENTED_EDGE('',*,*,#1994,.F.);
#2659=ORIENTED_EDGE('',*,*,#1985,.F.);
#2660=ORIENTED_EDGE('',*,*,#1995,.T.);
#2661=ORIENTED_EDGE('',*,*,#1996,.F.);
#2662=ORIENTED_EDGE('',*,*,#1997,.T.);
#2663=ORIENTED_EDGE('',*,*,#1987,.F.);
#2664=ORIENTED_EDGE('',*,*,#1984,.F.);
#2665=ORIENTED_EDGE('',*,*,#1951,.F.);
#2666=ORIENTED_EDGE('',*,*,#1998,.F.);
#2667=ORIENTED_EDGE('',*,*,#1999,.F.);
#2668=ORIENTED_EDGE('',*,*,#2000,.T.);
#2669=ORIENTED_EDGE('',*,*,#2001,.T.);
#2670=ORIENTED_EDGE('',*,*,#2002,.T.);
#2671=ORIENTED_EDGE('',*,*,#2003,.T.);
#2672=ORIENTED_EDGE('',*,*,#2004,.T.);
#2673=ORIENTED_EDGE('',*,*,#2005,.F.);
#2674=ORIENTED_EDGE('',*,*,#2006,.F.);
#2675=ORIENTED_EDGE('',*,*,#2007,.F.);
#2676=ORIENTED_EDGE('',*,*,#2008,.F.);
#2677=ORIENTED_EDGE('',*,*,#2009,.F.);
#2678=ORIENTED_EDGE('',*,*,#2010,.F.);
#2679=ORIENTED_EDGE('',*,*,#2011,.T.);
#2680=ORIENTED_EDGE('',*,*,#2012,.F.);
#2681=ORIENTED_EDGE('',*,*,#1995,.F.);
#2682=ORIENTED_EDGE('',*,*,#1916,.F.);
#2683=ORIENTED_EDGE('',*,*,#2013,.T.);
#2684=ORIENTED_EDGE('',*,*,#2014,.T.);
#2685=ORIENTED_EDGE('',*,*,#2015,.T.);
#2686=ORIENTED_EDGE('',*,*,#1971,.T.);
#2687=ORIENTED_EDGE('',*,*,#2016,.T.);
#2688=ORIENTED_EDGE('',*,*,#2014,.F.);
#2689=ORIENTED_EDGE('',*,*,#2017,.T.);
#2690=ORIENTED_EDGE('',*,*,#1918,.F.);
#2691=ORIENTED_EDGE('',*,*,#1921,.F.);
#2692=ORIENTED_EDGE('',*,*,#2018,.F.);
#2693=ORIENTED_EDGE('',*,*,#2007,.T.);
#2694=ORIENTED_EDGE('',*,*,#2019,.F.);
#2695=ORIENTED_EDGE('',*,*,#2020,.T.);
#2696=ORIENTED_EDGE('',*,*,#2021,.F.);
#2697=ORIENTED_EDGE('',*,*,#2022,.F.);
#2698=ORIENTED_EDGE('',*,*,#2023,.T.);
#2699=ORIENTED_EDGE('',*,*,#2024,.F.);
#2700=ORIENTED_EDGE('',*,*,#1972,.T.);
#2701=ORIENTED_EDGE('',*,*,#2017,.F.);
#2702=ORIENTED_EDGE('',*,*,#2013,.F.);
#2703=ORIENTED_EDGE('',*,*,#1913,.F.);
#2704=ORIENTED_EDGE('',*,*,#1908,.F.);
#2705=ORIENTED_EDGE('',*,*,#1871,.T.);
#2706=ORIENTED_EDGE('',*,*,#1877,.T.);
#2707=ORIENTED_EDGE('',*,*,#1874,.T.);
#2708=ORIENTED_EDGE('',*,*,#1861,.T.);
#2709=ORIENTED_EDGE('',*,*,#1865,.T.);
#2710=ORIENTED_EDGE('',*,*,#1868,.T.);
#2711=ORIENTED_EDGE('',*,*,#1886,.T.);
#2712=ORIENTED_EDGE('',*,*,#1889,.T.);
#2713=ORIENTED_EDGE('',*,*,#1879,.T.);
#2714=ORIENTED_EDGE('',*,*,#1883,.T.);
#2715=ORIENTED_EDGE('',*,*,#1898,.T.);
#2716=ORIENTED_EDGE('',*,*,#1901,.T.);
#2717=ORIENTED_EDGE('',*,*,#1891,.T.);
#2718=ORIENTED_EDGE('',*,*,#1895,.T.);
#2719=ORIENTED_EDGE('',*,*,#2025,.T.);
#2720=ORIENTED_EDGE('',*,*,#2008,.T.);
#2721=ORIENTED_EDGE('',*,*,#2018,.T.);
#2722=ORIENTED_EDGE('',*,*,#1920,.F.);
#2723=ORIENTED_EDGE('',*,*,#2026,.T.);
#2724=ORIENTED_EDGE('',*,*,#2027,.T.);
#2725=ORIENTED_EDGE('',*,*,#1994,.T.);
#2726=ORIENTED_EDGE('',*,*,#2028,.T.);
#2727=ORIENTED_EDGE('',*,*,#2029,.T.);
#2728=ORIENTED_EDGE('',*,*,#1830,.T.);
#2729=ORIENTED_EDGE('',*,*,#1836,.T.);
#2730=ORIENTED_EDGE('',*,*,#2030,.T.);
#2731=ORIENTED_EDGE('',*,*,#2031,.T.);
#2732=ORIENTED_EDGE('',*,*,#2032,.T.);
#2733=ORIENTED_EDGE('',*,*,#1827,.T.);
#2734=ORIENTED_EDGE('',*,*,#2033,.T.);
#2735=ORIENTED_EDGE('',*,*,#2034,.T.);
#2736=ORIENTED_EDGE('',*,*,#2032,.F.);
#2737=ORIENTED_EDGE('',*,*,#2035,.T.);
#2738=ORIENTED_EDGE('',*,*,#2036,.T.);
#2739=ORIENTED_EDGE('',*,*,#1852,.T.);
#2740=ORIENTED_EDGE('',*,*,#1923,.T.);
#2741=ORIENTED_EDGE('',*,*,#1853,.T.);
#2742=ORIENTED_EDGE('',*,*,#2036,.F.);
#2743=ORIENTED_EDGE('',*,*,#1992,.T.);
#2744=ORIENTED_EDGE('',*,*,#2030,.F.);
#2745=ORIENTED_EDGE('',*,*,#2037,.T.);
#2746=ORIENTED_EDGE('',*,*,#2028,.F.);
#2747=ORIENTED_EDGE('',*,*,#2038,.T.);
#2748=ORIENTED_EDGE('',*,*,#1819,.T.);
#2749=ORIENTED_EDGE('',*,*,#2039,.T.);
#2750=ORIENTED_EDGE('',*,*,#2040,.T.);
#2751=ORIENTED_EDGE('',*,*,#2041,.F.);
#2752=ORIENTED_EDGE('',*,*,#2033,.F.);
#2753=ORIENTED_EDGE('',*,*,#1826,.T.);
#2754=ORIENTED_EDGE('',*,*,#1792,.T.);
#2755=ORIENTED_EDGE('',*,*,#2035,.F.);
#2756=ORIENTED_EDGE('',*,*,#2031,.F.);
#2757=ORIENTED_EDGE('',*,*,#2038,.F.);
#2758=ORIENTED_EDGE('',*,*,#1993,.T.);
#2759=ORIENTED_EDGE('',*,*,#2042,.T.);
#2760=ORIENTED_EDGE('',*,*,#2043,.T.);
#2761=ORIENTED_EDGE('',*,*,#2044,.T.);
#2762=ORIENTED_EDGE('',*,*,#1857,.T.);
#2763=ORIENTED_EDGE('',*,*,#2044,.F.);
#2764=ORIENTED_EDGE('',*,*,#2045,.T.);
#2765=ORIENTED_EDGE('',*,*,#2046,.T.);
#2766=ORIENTED_EDGE('',*,*,#1858,.T.);
#2767=ORIENTED_EDGE('',*,*,#1846,.T.);
#2768=ORIENTED_EDGE('',*,*,#1851,.T.);
#2769=ORIENTED_EDGE('',*,*,#2046,.F.);
#2770=ORIENTED_EDGE('',*,*,#2047,.T.);
#2771=ORIENTED_EDGE('',*,*,#2048,.T.);
#2772=ORIENTED_EDGE('',*,*,#1838,.T.);
#2773=ORIENTED_EDGE('',*,*,#1844,.T.);
#2774=ORIENTED_EDGE('',*,*,#2049,.T.);
#2775=ORIENTED_EDGE('',*,*,#1962,.T.);
#2776=ORIENTED_EDGE('',*,*,#2050,.T.);
#2777=ORIENTED_EDGE('',*,*,#2051,.T.);
#2778=ORIENTED_EDGE('',*,*,#2052,.T.);
#2779=ORIENTED_EDGE('',*,*,#2051,.F.);
#2780=ORIENTED_EDGE('',*,*,#2053,.T.);
#2781=ORIENTED_EDGE('',*,*,#2048,.F.);
#2782=ORIENTED_EDGE('',*,*,#2054,.T.);
#2783=ORIENTED_EDGE('',*,*,#2049,.F.);
#2784=ORIENTED_EDGE('',*,*,#1843,.F.);
#2785=ORIENTED_EDGE('',*,*,#2055,.T.);
#2786=ORIENTED_EDGE('',*,*,#2056,.T.);
#2787=ORIENTED_EDGE('',*,*,#2057,.T.);
#2788=ORIENTED_EDGE('',*,*,#2058,.T.);
#2789=ORIENTED_EDGE('',*,*,#2059,.T.);
#2790=ORIENTED_EDGE('',*,*,#2060,.T.);
#2791=ORIENTED_EDGE('',*,*,#2061,.T.);
#2792=ORIENTED_EDGE('',*,*,#1847,.F.);
#2793=ORIENTED_EDGE('',*,*,#2037,.F.);
#2794=ORIENTED_EDGE('',*,*,#1835,.T.);
#2795=ORIENTED_EDGE('',*,*,#2062,.T.);
#2796=ORIENTED_EDGE('',*,*,#2063,.F.);
#2797=ORIENTED_EDGE('',*,*,#2064,.T.);
#2798=ORIENTED_EDGE('',*,*,#2065,.F.);
#2799=ORIENTED_EDGE('',*,*,#2066,.T.);
#2800=ORIENTED_EDGE('',*,*,#1839,.T.);
#2801=ORIENTED_EDGE('',*,*,#2053,.F.);
#2802=ORIENTED_EDGE('',*,*,#2050,.F.);
#2803=ORIENTED_EDGE('',*,*,#1961,.T.);
#2804=ORIENTED_EDGE('',*,*,#2067,.T.);
#2805=ORIENTED_EDGE('',*,*,#2068,.T.);
#2806=ORIENTED_EDGE('',*,*,#2029,.F.);
#2807=ORIENTED_EDGE('',*,*,#1931,.F.);
#2808=ORIENTED_EDGE('',*,*,#2069,.T.);
#2809=ORIENTED_EDGE('',*,*,#2067,.F.);
#2810=ORIENTED_EDGE('',*,*,#1960,.F.);
#2811=ORIENTED_EDGE('',*,*,#1937,.F.);
#2812=ORIENTED_EDGE('',*,*,#1986,.F.);
#2813=ORIENTED_EDGE('',*,*,#2027,.F.);
#2814=ORIENTED_EDGE('',*,*,#2068,.F.);
#2815=ORIENTED_EDGE('',*,*,#2069,.F.);
#2816=ORIENTED_EDGE('',*,*,#1934,.F.);
#2817=ORIENTED_EDGE('',*,*,#2070,.F.);
#2818=ORIENTED_EDGE('',*,*,#1954,.T.);
#2819=ORIENTED_EDGE('',*,*,#2070,.T.);
#2820=ORIENTED_EDGE('',*,*,#1957,.F.);
#2821=ORIENTED_EDGE('',*,*,#2071,.T.);
#2822=ORIENTED_EDGE('',*,*,#2072,.F.);
#2823=ORIENTED_EDGE('',*,*,#2073,.F.);
#2824=ORIENTED_EDGE('',*,*,#2074,.F.);
#2825=ORIENTED_EDGE('',*,*,#2075,.T.);
#2826=ORIENTED_EDGE('',*,*,#1955,.F.);
#2827=ORIENTED_EDGE('',*,*,#1915,.F.);
#2828=ORIENTED_EDGE('',*,*,#2076,.F.);
#2829=ORIENTED_EDGE('',*,*,#2042,.F.);
#2830=ORIENTED_EDGE('',*,*,#1856,.F.);
#2831=ORIENTED_EDGE('',*,*,#1925,.F.);
#2832=ORIENTED_EDGE('',*,*,#1912,.F.);
#2833=ORIENTED_EDGE('',*,*,#1963,.T.);
#2834=ORIENTED_EDGE('',*,*,#2052,.F.);
#2835=ORIENTED_EDGE('',*,*,#2077,.T.);
#2836=ORIENTED_EDGE('',*,*,#2043,.F.);
#2837=ORIENTED_EDGE('',*,*,#2076,.T.);
#2838=ORIENTED_EDGE('',*,*,#1914,.F.);
#2839=ORIENTED_EDGE('',*,*,#2015,.F.);
#2840=ORIENTED_EDGE('',*,*,#2078,.T.);
#2841=ORIENTED_EDGE('',*,*,#2079,.T.);
#2842=ORIENTED_EDGE('',*,*,#2080,.T.);
#2843=ORIENTED_EDGE('',*,*,#2081,.T.);
#2844=ORIENTED_EDGE('',*,*,#2082,.T.);
#2845=ORIENTED_EDGE('',*,*,#1958,.F.);
#2846=ORIENTED_EDGE('',*,*,#1939,.F.);
#2847=ORIENTED_EDGE('',*,*,#2083,.T.);
#2848=ORIENTED_EDGE('',*,*,#2084,.T.);
#2849=ORIENTED_EDGE('',*,*,#2085,.T.);
#2850=ORIENTED_EDGE('',*,*,#2083,.F.);
#2851=ORIENTED_EDGE('',*,*,#2086,.T.);
#2852=ORIENTED_EDGE('',*,*,#2087,.F.);
#2853=ORIENTED_EDGE('',*,*,#2088,.T.);
#2854=ORIENTED_EDGE('',*,*,#2089,.F.);
#2855=ORIENTED_EDGE('',*,*,#2090,.F.);
#2856=ORIENTED_EDGE('',*,*,#2091,.F.);
#2857=ORIENTED_EDGE('',*,*,#2092,.F.);
#2858=ORIENTED_EDGE('',*,*,#2093,.F.);
#2859=ORIENTED_EDGE('',*,*,#2094,.F.);
#2860=ORIENTED_EDGE('',*,*,#2095,.F.);
#2861=ORIENTED_EDGE('',*,*,#2096,.F.);
#2862=ORIENTED_EDGE('',*,*,#2097,.F.);
#2863=ORIENTED_EDGE('',*,*,#2086,.F.);
#2864=ORIENTED_EDGE('',*,*,#2084,.F.);
#2865=ORIENTED_EDGE('',*,*,#2085,.F.);
#2866=ORIENTED_EDGE('',*,*,#2098,.T.);
#2867=ORIENTED_EDGE('',*,*,#2099,.F.);
#2868=ORIENTED_EDGE('',*,*,#2098,.F.);
#2869=ORIENTED_EDGE('',*,*,#2100,.T.);
#2870=ORIENTED_EDGE('',*,*,#2101,.T.);
#2871=ORIENTED_EDGE('',*,*,#2102,.T.);
#2872=ORIENTED_EDGE('',*,*,#2100,.F.);
#2873=ORIENTED_EDGE('',*,*,#2095,.T.);
#2874=ORIENTED_EDGE('',*,*,#2101,.F.);
#2875=ORIENTED_EDGE('',*,*,#2102,.F.);
#2876=ORIENTED_EDGE('',*,*,#2103,.T.);
#2877=ORIENTED_EDGE('',*,*,#2104,.F.);
#2878=ORIENTED_EDGE('',*,*,#2103,.F.);
#2879=ORIENTED_EDGE('',*,*,#2105,.T.);
#2880=ORIENTED_EDGE('',*,*,#2106,.T.);
#2881=ORIENTED_EDGE('',*,*,#2107,.T.);
#2882=ORIENTED_EDGE('',*,*,#2105,.F.);
#2883=ORIENTED_EDGE('',*,*,#2097,.T.);
#2884=ORIENTED_EDGE('',*,*,#2106,.F.);
#2885=ORIENTED_EDGE('',*,*,#2107,.F.);
#2886=ORIENTED_EDGE('',*,*,#2108,.T.);
#2887=ORIENTED_EDGE('',*,*,#2109,.F.);
#2888=ORIENTED_EDGE('',*,*,#2108,.F.);
#2889=ORIENTED_EDGE('',*,*,#2110,.T.);
#2890=ORIENTED_EDGE('',*,*,#2111,.T.);
#2891=ORIENTED_EDGE('',*,*,#2112,.T.);
#2892=ORIENTED_EDGE('',*,*,#2110,.F.);
#2893=ORIENTED_EDGE('',*,*,#2096,.T.);
#2894=ORIENTED_EDGE('',*,*,#2111,.F.);
#2895=ORIENTED_EDGE('',*,*,#2112,.F.);
#2896=ORIENTED_EDGE('',*,*,#2113,.T.);
#2897=ORIENTED_EDGE('',*,*,#2114,.F.);
#2898=ORIENTED_EDGE('',*,*,#2113,.F.);
#2899=ORIENTED_EDGE('',*,*,#2115,.T.);
#2900=ORIENTED_EDGE('',*,*,#2116,.T.);
#2901=ORIENTED_EDGE('',*,*,#2117,.T.);
#2902=ORIENTED_EDGE('',*,*,#1967,.T.);
#2903=ORIENTED_EDGE('',*,*,#1996,.T.);
#2904=ORIENTED_EDGE('',*,*,#2012,.T.);
#2905=ORIENTED_EDGE('',*,*,#2118,.T.);
#2906=ORIENTED_EDGE('',*,*,#2119,.T.);
#2907=ORIENTED_EDGE('',*,*,#2119,.F.);
#2908=ORIENTED_EDGE('',*,*,#2120,.T.);
#2909=ORIENTED_EDGE('',*,*,#2121,.F.);
#2910=ORIENTED_EDGE('',*,*,#2122,.T.);
#2911=ORIENTED_EDGE('',*,*,#2123,.T.);
#2912=ORIENTED_EDGE('',*,*,#1988,.F.);
#2913=ORIENTED_EDGE('',*,*,#1997,.F.);
#2914=ORIENTED_EDGE('',*,*,#2124,.T.);
#2915=ORIENTED_EDGE('',*,*,#2125,.T.);
#2916=ORIENTED_EDGE('',*,*,#2126,.T.);
#2917=ORIENTED_EDGE('',*,*,#2010,.T.);
#2918=ORIENTED_EDGE('',*,*,#2127,.T.);
#2919=ORIENTED_EDGE('',*,*,#1969,.T.);
#2920=ORIENTED_EDGE('',*,*,#2128,.T.);
#2921=ORIENTED_EDGE('',*,*,#2129,.T.);
#2922=ORIENTED_EDGE('',*,*,#2016,.F.);
#2923=ORIENTED_EDGE('',*,*,#1970,.T.);
#2924=ORIENTED_EDGE('',*,*,#2127,.F.);
#2925=ORIENTED_EDGE('',*,*,#2130,.T.);
#2926=ORIENTED_EDGE('',*,*,#2078,.F.);
#2927=ORIENTED_EDGE('',*,*,#2129,.F.);
#2928=ORIENTED_EDGE('',*,*,#2131,.F.);
#2929=ORIENTED_EDGE('',*,*,#2132,.F.);
#2930=ORIENTED_EDGE('',*,*,#2133,.F.);
#2931=ORIENTED_EDGE('',*,*,#2134,.F.);
#2932=ORIENTED_EDGE('',*,*,#2079,.F.);
#2933=ORIENTED_EDGE('',*,*,#2130,.F.);
#2934=ORIENTED_EDGE('',*,*,#2135,.T.);
#2935=ORIENTED_EDGE('',*,*,#2136,.T.);
#2936=ORIENTED_EDGE('',*,*,#2137,.T.);
#2937=ORIENTED_EDGE('',*,*,#2132,.T.);
#2938=ORIENTED_EDGE('',*,*,#1795,.T.);
#2939=ORIENTED_EDGE('',*,*,#1840,.F.);
#2940=ORIENTED_EDGE('',*,*,#2066,.F.);
#2941=ORIENTED_EDGE('',*,*,#2138,.F.);
#2942=ORIENTED_EDGE('',*,*,#2139,.F.);
#2943=ORIENTED_EDGE('',*,*,#2140,.T.);
#2944=ORIENTED_EDGE('',*,*,#2141,.F.);
#2945=ORIENTED_EDGE('',*,*,#2142,.T.);
#2946=ORIENTED_EDGE('',*,*,#2143,.F.);
#2947=ORIENTED_EDGE('',*,*,#2144,.F.);
#2948=ORIENTED_EDGE('',*,*,#1774,.T.);
#2949=ORIENTED_EDGE('',*,*,#1772,.F.);
#2950=ORIENTED_EDGE('',*,*,#1810,.T.);
#2951=ORIENTED_EDGE('',*,*,#1799,.T.);
#2952=ORIENTED_EDGE('',*,*,#1849,.F.);
#2953=ORIENTED_EDGE('',*,*,#2145,.F.);
#2954=ORIENTED_EDGE('',*,*,#2146,.F.);
#2955=ORIENTED_EDGE('',*,*,#2147,.F.);
#2956=ORIENTED_EDGE('',*,*,#1841,.F.);
#2957=ORIENTED_EDGE('',*,*,#1803,.T.);
#2958=ORIENTED_EDGE('',*,*,#2148,.T.);
#2959=ORIENTED_EDGE('',*,*,#2136,.F.);
#2960=ORIENTED_EDGE('',*,*,#2149,.F.);
#2961=ORIENTED_EDGE('',*,*,#2150,.F.);
#2962=ORIENTED_EDGE('',*,*,#2151,.T.);
#2963=ORIENTED_EDGE('',*,*,#2150,.T.);
#2964=ORIENTED_EDGE('',*,*,#2152,.T.);
#2965=ORIENTED_EDGE('',*,*,#2153,.T.);
#2966=ORIENTED_EDGE('',*,*,#2154,.T.);
#2967=ORIENTED_EDGE('',*,*,#2155,.T.);
#2968=ORIENTED_EDGE('',*,*,#2156,.T.);
#2969=ORIENTED_EDGE('',*,*,#2157,.T.);
#2970=ORIENTED_EDGE('',*,*,#1785,.T.);
#2971=ORIENTED_EDGE('',*,*,#1825,.F.);
#2972=ORIENTED_EDGE('',*,*,#2158,.F.);
#2973=ORIENTED_EDGE('',*,*,#2159,.F.);
#2974=ORIENTED_EDGE('',*,*,#2160,.T.);
#2975=ORIENTED_EDGE('',*,*,#2161,.F.);
#2976=ORIENTED_EDGE('',*,*,#2162,.F.);
#2977=ORIENTED_EDGE('',*,*,#2163,.F.);
#2978=ORIENTED_EDGE('',*,*,#2062,.F.);
#2979=ORIENTED_EDGE('',*,*,#1834,.F.);
#2980=ORIENTED_EDGE('',*,*,#1816,.T.);
#2981=ORIENTED_EDGE('',*,*,#1807,.T.);
#2982=ORIENTED_EDGE('',*,*,#1833,.F.);
#2983=ORIENTED_EDGE('',*,*,#2164,.F.);
#2984=ORIENTED_EDGE('',*,*,#2165,.F.);
#2985=ORIENTED_EDGE('',*,*,#2166,.F.);
#2986=ORIENTED_EDGE('',*,*,#2039,.F.);
#2987=ORIENTED_EDGE('',*,*,#1818,.T.);
#2988=ORIENTED_EDGE('',*,*,#1821,.T.);
#2989=ORIENTED_EDGE('',*,*,#1780,.F.);
#2990=ORIENTED_EDGE('',*,*,#2167,.F.);
#2991=ORIENTED_EDGE('',*,*,#2155,.F.);
#2992=ORIENTED_EDGE('',*,*,#2168,.F.);
#2993=ORIENTED_EDGE('',*,*,#2169,.F.);
#2994=ORIENTED_EDGE('',*,*,#2170,.T.);
#2995=ORIENTED_EDGE('',*,*,#2169,.T.);
#2996=ORIENTED_EDGE('',*,*,#2171,.T.);
#2997=ORIENTED_EDGE('',*,*,#2121,.T.);
#2998=ORIENTED_EDGE('',*,*,#2172,.F.);
#2999=ORIENTED_EDGE('',*,*,#2173,.T.);
#3000=ORIENTED_EDGE('',*,*,#2174,.T.);
#3001=ORIENTED_EDGE('',*,*,#2159,.T.);
#3002=ORIENTED_EDGE('',*,*,#2175,.F.);
#3003=ORIENTED_EDGE('',*,*,#2161,.T.);
#3004=ORIENTED_EDGE('',*,*,#2176,.T.);
#3005=ORIENTED_EDGE('',*,*,#2177,.T.);
#3006=ORIENTED_EDGE('',*,*,#2160,.F.);
#3007=ORIENTED_EDGE('',*,*,#2174,.F.);
#3008=ORIENTED_EDGE('',*,*,#2178,.F.);
#3009=ORIENTED_EDGE('',*,*,#2176,.F.);
#3010=ORIENTED_EDGE('',*,*,#2172,.T.);
#3011=ORIENTED_EDGE('',*,*,#2158,.T.);
#3012=ORIENTED_EDGE('',*,*,#1824,.T.);
#3013=ORIENTED_EDGE('',*,*,#2087,.T.);
#3014=ORIENTED_EDGE('',*,*,#2167,.T.);
#3015=ORIENTED_EDGE('',*,*,#2170,.F.);
#3016=ORIENTED_EDGE('',*,*,#2120,.F.);
#3017=ORIENTED_EDGE('',*,*,#2118,.F.);
#3018=ORIENTED_EDGE('',*,*,#2011,.F.);
#3019=ORIENTED_EDGE('',*,*,#2126,.F.);
#3020=ORIENTED_EDGE('',*,*,#2179,.F.);
#3021=ORIENTED_EDGE('',*,*,#2156,.F.);
#3022=ORIENTED_EDGE('',*,*,#2125,.F.);
#3023=ORIENTED_EDGE('',*,*,#2180,.F.);
#3024=ORIENTED_EDGE('',*,*,#1990,.F.);
#3025=ORIENTED_EDGE('',*,*,#2181,.T.);
#3026=ORIENTED_EDGE('',*,*,#2182,.T.);
#3027=ORIENTED_EDGE('',*,*,#2157,.F.);
#3028=ORIENTED_EDGE('',*,*,#2179,.T.);
#3029=ORIENTED_EDGE('',*,*,#2168,.T.);
#3030=ORIENTED_EDGE('',*,*,#2154,.F.);
#3031=ORIENTED_EDGE('',*,*,#2182,.F.);
#3032=ORIENTED_EDGE('',*,*,#2183,.F.);
#3033=ORIENTED_EDGE('',*,*,#2122,.F.);
#3034=ORIENTED_EDGE('',*,*,#2171,.F.);
#3035=ORIENTED_EDGE('',*,*,#1989,.F.);
#3036=ORIENTED_EDGE('',*,*,#2123,.F.);
#3037=ORIENTED_EDGE('',*,*,#2183,.T.);
#3038=ORIENTED_EDGE('',*,*,#2181,.F.);
#3039=ORIENTED_EDGE('',*,*,#2094,.T.);
#3040=ORIENTED_EDGE('',*,*,#2177,.F.);
#3041=ORIENTED_EDGE('',*,*,#2178,.T.);
#3042=ORIENTED_EDGE('',*,*,#2173,.F.);
#3043=ORIENTED_EDGE('',*,*,#2026,.F.);
#3044=ORIENTED_EDGE('',*,*,#1991,.F.);
#3045=ORIENTED_EDGE('',*,*,#2180,.T.);
#3046=ORIENTED_EDGE('',*,*,#2124,.F.);
#3047=ORIENTED_EDGE('',*,*,#2009,.T.);
#3048=ORIENTED_EDGE('',*,*,#2175,.T.);
#3049=ORIENTED_EDGE('',*,*,#2093,.T.);
#3050=ORIENTED_EDGE('',*,*,#2184,.F.);
#3051=ORIENTED_EDGE('',*,*,#2162,.T.);
#3052=ORIENTED_EDGE('',*,*,#2185,.F.);
#3053=ORIENTED_EDGE('',*,*,#2186,.F.);
#3054=ORIENTED_EDGE('',*,*,#2187,.F.);
#3055=ORIENTED_EDGE('',*,*,#2140,.F.);
#3056=ORIENTED_EDGE('',*,*,#2141,.T.);
#3057=ORIENTED_EDGE('',*,*,#2187,.T.);
#3058=ORIENTED_EDGE('',*,*,#2188,.T.);
#3059=ORIENTED_EDGE('',*,*,#2189,.T.);
#3060=ORIENTED_EDGE('',*,*,#2190,.F.);
#3061=ORIENTED_EDGE('',*,*,#2142,.F.);
#3062=ORIENTED_EDGE('',*,*,#2189,.F.);
#3063=ORIENTED_EDGE('',*,*,#2191,.F.);
#3064=ORIENTED_EDGE('',*,*,#2185,.T.);
#3065=ORIENTED_EDGE('',*,*,#2139,.T.);
#3066=ORIENTED_EDGE('',*,*,#2192,.T.);
#3067=ORIENTED_EDGE('',*,*,#2091,.T.);
#3068=ORIENTED_EDGE('',*,*,#2080,.F.);
#3069=ORIENTED_EDGE('',*,*,#2134,.T.);
#3070=ORIENTED_EDGE('',*,*,#2193,.F.);
#3071=ORIENTED_EDGE('',*,*,#2194,.T.);
#3072=ORIENTED_EDGE('',*,*,#2090,.T.);
#3073=ORIENTED_EDGE('',*,*,#2191,.T.);
#3074=ORIENTED_EDGE('',*,*,#2188,.F.);
#3075=ORIENTED_EDGE('',*,*,#2186,.T.);
#3076=ORIENTED_EDGE('',*,*,#2116,.F.);
#3077=ORIENTED_EDGE('',*,*,#2195,.F.);
#3078=ORIENTED_EDGE('',*,*,#2081,.F.);
#3079=ORIENTED_EDGE('',*,*,#2194,.F.);
#3080=ORIENTED_EDGE('',*,*,#2196,.F.);
#3081=ORIENTED_EDGE('',*,*,#2153,.F.);
#3082=ORIENTED_EDGE('',*,*,#2197,.F.);
#3083=ORIENTED_EDGE('',*,*,#2148,.F.);
#3084=ORIENTED_EDGE('',*,*,#2151,.F.);
#3085=ORIENTED_EDGE('',*,*,#2196,.T.);
#3086=ORIENTED_EDGE('',*,*,#2193,.T.);
#3087=ORIENTED_EDGE('',*,*,#2133,.T.);
#3088=ORIENTED_EDGE('',*,*,#2137,.F.);
#3089=ORIENTED_EDGE('',*,*,#2149,.T.);
#3090=ORIENTED_EDGE('',*,*,#2135,.F.);
#3091=ORIENTED_EDGE('',*,*,#2131,.T.);
#3092=ORIENTED_EDGE('',*,*,#2128,.F.);
#3093=ORIENTED_EDGE('',*,*,#1968,.F.);
#3094=ORIENTED_EDGE('',*,*,#2117,.F.);
#3095=ORIENTED_EDGE('',*,*,#2197,.T.);
#3096=ORIENTED_EDGE('',*,*,#2152,.F.);
#3097=ORIENTED_EDGE('',*,*,#1965,.F.);
#3098=ORIENTED_EDGE('',*,*,#2082,.F.);
#3099=ORIENTED_EDGE('',*,*,#2195,.T.);
#3100=ORIENTED_EDGE('',*,*,#2115,.F.);
#3101=ORIENTED_EDGE('',*,*,#1966,.T.);
#3102=ORIENTED_EDGE('',*,*,#2190,.T.);
#3103=ORIENTED_EDGE('',*,*,#2089,.T.);
#3104=ORIENTED_EDGE('',*,*,#2198,.F.);
#3105=ORIENTED_EDGE('',*,*,#2143,.T.);
#3106=ORIENTED_EDGE('',*,*,#2022,.T.);
#3107=ORIENTED_EDGE('',*,*,#2199,.T.);
#3108=ORIENTED_EDGE('',*,*,#2200,.T.);
#3109=ORIENTED_EDGE('',*,*,#2201,.T.);
#3110=ORIENTED_EDGE('',*,*,#2202,.T.);
#3111=ORIENTED_EDGE('',*,*,#2203,.T.);
#3112=ORIENTED_EDGE('',*,*,#2204,.T.);
#3113=ORIENTED_EDGE('',*,*,#2005,.T.);
#3114=ORIENTED_EDGE('',*,*,#2205,.T.);
#3115=ORIENTED_EDGE('',*,*,#2206,.T.);
#3116=ORIENTED_EDGE('',*,*,#2207,.T.);
#3117=ORIENTED_EDGE('',*,*,#2203,.F.);
#3118=ORIENTED_EDGE('',*,*,#2208,.T.);
#3119=ORIENTED_EDGE('',*,*,#2021,.T.);
#3120=ORIENTED_EDGE('',*,*,#2209,.T.);
#3121=ORIENTED_EDGE('',*,*,#2206,.F.);
#3122=ORIENTED_EDGE('',*,*,#2210,.T.);
#3123=ORIENTED_EDGE('',*,*,#2199,.F.);
#3124=ORIENTED_EDGE('',*,*,#2211,.T.);
#3125=ORIENTED_EDGE('',*,*,#2212,.T.);
#3126=ORIENTED_EDGE('',*,*,#2201,.F.);
#3127=ORIENTED_EDGE('',*,*,#2213,.T.);
#3128=ORIENTED_EDGE('',*,*,#1974,.T.);
#3129=ORIENTED_EDGE('',*,*,#2214,.T.);
#3130=ORIENTED_EDGE('',*,*,#2211,.F.);
#3131=ORIENTED_EDGE('',*,*,#2215,.T.);
#3132=ORIENTED_EDGE('',*,*,#2214,.F.);
#3133=ORIENTED_EDGE('',*,*,#1973,.T.);
#3134=ORIENTED_EDGE('',*,*,#2024,.T.);
#3135=ORIENTED_EDGE('',*,*,#2216,.T.);
#3136=ORIENTED_EDGE('',*,*,#2215,.F.);
#3137=ORIENTED_EDGE('',*,*,#2213,.F.);
#3138=ORIENTED_EDGE('',*,*,#2217,.F.);
#3139=ORIENTED_EDGE('',*,*,#1975,.F.);
#3140=ORIENTED_EDGE('',*,*,#2209,.F.);
#3141=ORIENTED_EDGE('',*,*,#2020,.F.);
#3142=ORIENTED_EDGE('',*,*,#2218,.F.);
#3143=ORIENTED_EDGE('',*,*,#2207,.F.);
#3144=ORIENTED_EDGE('',*,*,#2200,.F.);
#3145=ORIENTED_EDGE('',*,*,#2219,.F.);
#3146=ORIENTED_EDGE('',*,*,#2220,.T.);
#3147=ORIENTED_EDGE('',*,*,#2221,.T.);
#3148=ORIENTED_EDGE('',*,*,#2217,.T.);
#3149=ORIENTED_EDGE('',*,*,#2222,.F.);
#3150=ORIENTED_EDGE('',*,*,#2223,.F.);
#3151=ORIENTED_EDGE('',*,*,#2210,.F.);
#3152=ORIENTED_EDGE('',*,*,#2224,.F.);
#3153=ORIENTED_EDGE('',*,*,#2225,.F.);
#3154=ORIENTED_EDGE('',*,*,#2226,.T.);
#3155=ORIENTED_EDGE('',*,*,#2219,.T.);
#3156=ORIENTED_EDGE('',*,*,#2227,.F.);
#3157=ORIENTED_EDGE('',*,*,#2228,.F.);
#3158=ORIENTED_EDGE('',*,*,#2208,.F.);
#3159=ORIENTED_EDGE('',*,*,#2205,.F.);
#3160=ORIENTED_EDGE('',*,*,#2004,.F.);
#3161=ORIENTED_EDGE('',*,*,#2224,.T.);
#3162=ORIENTED_EDGE('',*,*,#2229,.T.);
#3163=ORIENTED_EDGE('',*,*,#2230,.T.);
#3164=ORIENTED_EDGE('',*,*,#1980,.T.);
#3165=ORIENTED_EDGE('',*,*,#2231,.T.);
#3166=ORIENTED_EDGE('',*,*,#2232,.T.);
#3167=ORIENTED_EDGE('',*,*,#2233,.T.);
#3168=ORIENTED_EDGE('',*,*,#2229,.F.);
#3169=ORIENTED_EDGE('',*,*,#2234,.T.);
#3170=ORIENTED_EDGE('',*,*,#1947,.T.);
#3171=ORIENTED_EDGE('',*,*,#2235,.T.);
#3172=ORIENTED_EDGE('',*,*,#2232,.F.);
#3173=ORIENTED_EDGE('',*,*,#2236,.T.);
#3174=ORIENTED_EDGE('',*,*,#2237,.T.);
#3175=ORIENTED_EDGE('',*,*,#1948,.T.);
#3176=ORIENTED_EDGE('',*,*,#2237,.F.);
#3177=ORIENTED_EDGE('',*,*,#2238,.T.);
#3178=ORIENTED_EDGE('',*,*,#2239,.T.);
#3179=ORIENTED_EDGE('',*,*,#2240,.T.);
#3180=ORIENTED_EDGE('',*,*,#2241,.T.);
#3181=ORIENTED_EDGE('',*,*,#2242,.T.);
#3182=ORIENTED_EDGE('',*,*,#2239,.F.);
#3183=ORIENTED_EDGE('',*,*,#2243,.T.);
#3184=ORIENTED_EDGE('',*,*,#1999,.T.);
#3185=ORIENTED_EDGE('',*,*,#2244,.T.);
#3186=ORIENTED_EDGE('',*,*,#2241,.F.);
#3187=ORIENTED_EDGE('',*,*,#2245,.T.);
#3188=ORIENTED_EDGE('',*,*,#2234,.F.);
#3189=ORIENTED_EDGE('',*,*,#2231,.F.);
#3190=ORIENTED_EDGE('',*,*,#1979,.F.);
#3191=ORIENTED_EDGE('',*,*,#2246,.T.);
#3192=ORIENTED_EDGE('',*,*,#2230,.F.);
#3193=ORIENTED_EDGE('',*,*,#2247,.T.);
#3194=ORIENTED_EDGE('',*,*,#1945,.T.);
#3195=ORIENTED_EDGE('',*,*,#1981,.T.);
#3196=ORIENTED_EDGE('',*,*,#2242,.F.);
#3197=ORIENTED_EDGE('',*,*,#2248,.F.);
#3198=ORIENTED_EDGE('',*,*,#1949,.F.);
#3199=ORIENTED_EDGE('',*,*,#2240,.F.);
#3200=ORIENTED_EDGE('',*,*,#2233,.F.);
#3201=ORIENTED_EDGE('',*,*,#2235,.F.);
#3202=ORIENTED_EDGE('',*,*,#1946,.F.);
#3203=ORIENTED_EDGE('',*,*,#2247,.F.);
#3204=ORIENTED_EDGE('',*,*,#2238,.F.);
#3205=ORIENTED_EDGE('',*,*,#2249,.T.);
#3206=ORIENTED_EDGE('',*,*,#2250,.T.);
#3207=ORIENTED_EDGE('',*,*,#2251,.T.);
#3208=ORIENTED_EDGE('',*,*,#2252,.T.);
#3209=ORIENTED_EDGE('',*,*,#2253,.F.);
#3210=ORIENTED_EDGE('',*,*,#2254,.F.);
#3211=ORIENTED_EDGE('',*,*,#2001,.F.);
#3212=ORIENTED_EDGE('',*,*,#2251,.F.);
#3213=ORIENTED_EDGE('',*,*,#2255,.T.);
#3214=ORIENTED_EDGE('',*,*,#2243,.F.);
#3215=ORIENTED_EDGE('',*,*,#2252,.F.);
#3216=ORIENTED_EDGE('',*,*,#2000,.F.);
#3217=ORIENTED_EDGE('',*,*,#2245,.F.);
#3218=ORIENTED_EDGE('',*,*,#1978,.F.);
#3219=ORIENTED_EDGE('',*,*,#2256,.T.);
#3220=ORIENTED_EDGE('',*,*,#2257,.T.);
#3221=ORIENTED_EDGE('',*,*,#2236,.F.);
#3222=ORIENTED_EDGE('',*,*,#2246,.F.);
#3223=ORIENTED_EDGE('',*,*,#2257,.F.);
#3224=ORIENTED_EDGE('',*,*,#2258,.T.);
#3225=ORIENTED_EDGE('',*,*,#2249,.F.);
#3226=ORIENTED_EDGE('',*,*,#2259,.F.);
#3227=ORIENTED_EDGE('',*,*,#2260,.F.);
#3228=ORIENTED_EDGE('',*,*,#2003,.F.);
#3229=ORIENTED_EDGE('',*,*,#2261,.T.);
#3230=ORIENTED_EDGE('',*,*,#2225,.T.);
#3231=ORIENTED_EDGE('',*,*,#2212,.F.);
#3232=ORIENTED_EDGE('',*,*,#2216,.F.);
#3233=ORIENTED_EDGE('',*,*,#2023,.F.);
#3234=ORIENTED_EDGE('',*,*,#2202,.F.);
#3235=ORIENTED_EDGE('',*,*,#1976,.F.);
#3236=ORIENTED_EDGE('',*,*,#2221,.F.);
#3237=ORIENTED_EDGE('',*,*,#2262,.T.);
#3238=ORIENTED_EDGE('',*,*,#2002,.F.);
#3239=ORIENTED_EDGE('',*,*,#2255,.F.);
#3240=ORIENTED_EDGE('',*,*,#2250,.F.);
#3241=ORIENTED_EDGE('',*,*,#2258,.F.);
#3242=ORIENTED_EDGE('',*,*,#2256,.F.);
#3243=ORIENTED_EDGE('',*,*,#1977,.T.);
#3244=ORIENTED_EDGE('',*,*,#2262,.F.);
#3245=ORIENTED_EDGE('',*,*,#2220,.F.);
#3246=ORIENTED_EDGE('',*,*,#2226,.F.);
#3247=ORIENTED_EDGE('',*,*,#2261,.F.);
#3248=ORIENTED_EDGE('',*,*,#2109,.T.);
#3249=ORIENTED_EDGE('',*,*,#2114,.T.);
#3250=ORIENTED_EDGE('',*,*,#2099,.T.);
#3251=ORIENTED_EDGE('',*,*,#2104,.T.);
#3252=ORIENTED_EDGE('',*,*,#2244,.F.);
#3253=ORIENTED_EDGE('',*,*,#1998,.T.);
#3254=ORIENTED_EDGE('',*,*,#1950,.T.);
#3255=ORIENTED_EDGE('',*,*,#2248,.T.);
#3256=ORIENTED_EDGE('',*,*,#2222,.T.);
#3257=ORIENTED_EDGE('',*,*,#2263,.T.);
#3258=ORIENTED_EDGE('',*,*,#2264,.T.);
#3259=ORIENTED_EDGE('',*,*,#2263,.F.);
#3260=ORIENTED_EDGE('',*,*,#2223,.T.);
#3261=ORIENTED_EDGE('',*,*,#2227,.T.);
#3262=ORIENTED_EDGE('',*,*,#2265,.T.);
#3263=ORIENTED_EDGE('',*,*,#2266,.T.);
#3264=ORIENTED_EDGE('',*,*,#2265,.F.);
#3265=ORIENTED_EDGE('',*,*,#2228,.T.);
#3266=ORIENTED_EDGE('',*,*,#2204,.F.);
#3267=ORIENTED_EDGE('',*,*,#2218,.T.);
#3268=ORIENTED_EDGE('',*,*,#2019,.T.);
#3269=ORIENTED_EDGE('',*,*,#2006,.T.);
#3270=ORIENTED_EDGE('',*,*,#2267,.T.);
#3271=ORIENTED_EDGE('',*,*,#2063,.T.);
#3272=ORIENTED_EDGE('',*,*,#2163,.T.);
#3273=ORIENTED_EDGE('',*,*,#2184,.T.);
#3274=ORIENTED_EDGE('',*,*,#2267,.F.);
#3275=ORIENTED_EDGE('',*,*,#2092,.T.);
#3276=ORIENTED_EDGE('',*,*,#2268,.F.);
#3277=ORIENTED_EDGE('',*,*,#2064,.F.);
#3278=ORIENTED_EDGE('',*,*,#1823,.F.);
#3279=ORIENTED_EDGE('',*,*,#1860,.F.);
#3280=ORIENTED_EDGE('',*,*,#2269,.F.);
#3281=ORIENTED_EDGE('',*,*,#2088,.F.);
#3282=ORIENTED_EDGE('',*,*,#1775,.T.);
#3283=ORIENTED_EDGE('',*,*,#2144,.T.);
#3284=ORIENTED_EDGE('',*,*,#2198,.T.);
#3285=ORIENTED_EDGE('',*,*,#2269,.T.);
#3286=ORIENTED_EDGE('',*,*,#1859,.T.);
#3287=ORIENTED_EDGE('',*,*,#2138,.T.);
#3288=ORIENTED_EDGE('',*,*,#2065,.T.);
#3289=ORIENTED_EDGE('',*,*,#2268,.T.);
#3290=ORIENTED_EDGE('',*,*,#2192,.F.);
#3291=ORIENTED_EDGE('',*,*,#2145,.T.);
#3292=ORIENTED_EDGE('',*,*,#1848,.F.);
#3293=ORIENTED_EDGE('',*,*,#2061,.F.);
#3294=ORIENTED_EDGE('',*,*,#2270,.F.);
#3295=ORIENTED_EDGE('',*,*,#2166,.T.);
#3296=ORIENTED_EDGE('',*,*,#2271,.F.);
#3297=ORIENTED_EDGE('',*,*,#2272,.F.);
#3298=ORIENTED_EDGE('',*,*,#2040,.F.);
#3299=ORIENTED_EDGE('',*,*,#2146,.T.);
#3300=ORIENTED_EDGE('',*,*,#2270,.T.);
#3301=ORIENTED_EDGE('',*,*,#2060,.F.);
#3302=ORIENTED_EDGE('',*,*,#2273,.T.);
#3303=ORIENTED_EDGE('',*,*,#2274,.T.);
#3304=ORIENTED_EDGE('',*,*,#2275,.T.);
#3305=ORIENTED_EDGE('',*,*,#2056,.F.);
#3306=ORIENTED_EDGE('',*,*,#2276,.T.);
#3307=ORIENTED_EDGE('',*,*,#2165,.T.);
#3308=ORIENTED_EDGE('',*,*,#2277,.T.);
#3309=ORIENTED_EDGE('',*,*,#2278,.F.);
#3310=ORIENTED_EDGE('',*,*,#2279,.F.);
#3311=ORIENTED_EDGE('',*,*,#2280,.F.);
#3312=ORIENTED_EDGE('',*,*,#2281,.F.);
#3313=ORIENTED_EDGE('',*,*,#2282,.F.);
#3314=ORIENTED_EDGE('',*,*,#2271,.T.);
#3315=ORIENTED_EDGE('',*,*,#2147,.T.);
#3316=ORIENTED_EDGE('',*,*,#2276,.F.);
#3317=ORIENTED_EDGE('',*,*,#2055,.F.);
#3318=ORIENTED_EDGE('',*,*,#1842,.T.);
#3319=ORIENTED_EDGE('',*,*,#2164,.T.);
#3320=ORIENTED_EDGE('',*,*,#1832,.T.);
#3321=ORIENTED_EDGE('',*,*,#2283,.F.);
#3322=ORIENTED_EDGE('',*,*,#2277,.F.);
#3323=ORIENTED_EDGE('',*,*,#2284,.T.);
#3324=ORIENTED_EDGE('',*,*,#2072,.T.);
#3325=ORIENTED_EDGE('',*,*,#2285,.T.);
#3326=ORIENTED_EDGE('',*,*,#2286,.T.);
#3327=ORIENTED_EDGE('',*,*,#2287,.T.);
#3328=ORIENTED_EDGE('',*,*,#2288,.T.);
#3329=ORIENTED_EDGE('',*,*,#2289,.T.);
#3330=ORIENTED_EDGE('',*,*,#2284,.F.);
#3331=ORIENTED_EDGE('',*,*,#2290,.T.);
#3332=ORIENTED_EDGE('',*,*,#2291,.T.);
#3333=ORIENTED_EDGE('',*,*,#2292,.T.);
#3334=ORIENTED_EDGE('',*,*,#2288,.F.);
#3335=ORIENTED_EDGE('',*,*,#2293,.T.);
#3336=ORIENTED_EDGE('',*,*,#2291,.F.);
#3337=ORIENTED_EDGE('',*,*,#2294,.T.);
#3338=ORIENTED_EDGE('',*,*,#2295,.T.);
#3339=ORIENTED_EDGE('',*,*,#2296,.T.);
#3340=ORIENTED_EDGE('',*,*,#2297,.F.);
#3341=ORIENTED_EDGE('',*,*,#2298,.T.);
#3342=ORIENTED_EDGE('',*,*,#2293,.F.);
#3343=ORIENTED_EDGE('',*,*,#2290,.F.);
#3344=ORIENTED_EDGE('',*,*,#2287,.F.);
#3345=ORIENTED_EDGE('',*,*,#2299,.T.);
#3346=ORIENTED_EDGE('',*,*,#2260,.T.);
#3347=ORIENTED_EDGE('',*,*,#2259,.T.);
#3348=ORIENTED_EDGE('',*,*,#2299,.F.);
#3349=ORIENTED_EDGE('',*,*,#2286,.F.);
#3350=ORIENTED_EDGE('',*,*,#2300,.F.);
#3351=ORIENTED_EDGE('',*,*,#2294,.F.);
#3352=ORIENTED_EDGE('',*,*,#2297,.T.);
#3353=ORIENTED_EDGE('',*,*,#2301,.T.);
#3354=ORIENTED_EDGE('',*,*,#2302,.T.);
#3355=ORIENTED_EDGE('',*,*,#2303,.T.);
#3356=ORIENTED_EDGE('',*,*,#2304,.T.);
#3357=ORIENTED_EDGE('',*,*,#2305,.T.);
#3358=ORIENTED_EDGE('',*,*,#2302,.F.);
#3359=ORIENTED_EDGE('',*,*,#2306,.T.);
#3360=ORIENTED_EDGE('',*,*,#2307,.T.);
#3361=ORIENTED_EDGE('',*,*,#2074,.T.);
#3362=ORIENTED_EDGE('',*,*,#2304,.F.);
#3363=ORIENTED_EDGE('',*,*,#2308,.T.);
#3364=ORIENTED_EDGE('',*,*,#2309,.T.);
#3365=ORIENTED_EDGE('',*,*,#2310,.F.);
#3366=ORIENTED_EDGE('',*,*,#2309,.F.);
#3367=ORIENTED_EDGE('',*,*,#2311,.T.);
#3368=ORIENTED_EDGE('',*,*,#2254,.T.);
#3369=ORIENTED_EDGE('',*,*,#2253,.T.);
#3370=ORIENTED_EDGE('',*,*,#2311,.F.);
#3371=ORIENTED_EDGE('',*,*,#2308,.F.);
#3372=ORIENTED_EDGE('',*,*,#2306,.F.);
#3373=ORIENTED_EDGE('',*,*,#2301,.F.);
#3374=ORIENTED_EDGE('',*,*,#2296,.F.);
#3375=ORIENTED_EDGE('',*,*,#2289,.F.);
#3376=ORIENTED_EDGE('',*,*,#2312,.T.);
#3377=ORIENTED_EDGE('',*,*,#2305,.F.);
#3378=ORIENTED_EDGE('',*,*,#2073,.T.);
#3379=ORIENTED_EDGE('',*,*,#2292,.F.);
#3380=ORIENTED_EDGE('',*,*,#2298,.F.);
#3381=ORIENTED_EDGE('',*,*,#2303,.F.);
#3382=ORIENTED_EDGE('',*,*,#2312,.F.);
#3383=ORIENTED_EDGE('',*,*,#2266,.F.);
#3384=ORIENTED_EDGE('',*,*,#2264,.F.);
#3385=ORIENTED_EDGE('',*,*,#2310,.T.);
#3386=ORIENTED_EDGE('',*,*,#2295,.F.);
#3387=ORIENTED_EDGE('',*,*,#2300,.T.);
#3388=ORIENTED_EDGE('',*,*,#2285,.F.);
#3389=ORIENTED_EDGE('',*,*,#2071,.F.);
#3390=ORIENTED_EDGE('',*,*,#1956,.F.);
#3391=ORIENTED_EDGE('',*,*,#2075,.F.);
#3392=ORIENTED_EDGE('',*,*,#2307,.F.);
#3393=ORIENTED_EDGE('',*,*,#2313,.F.);
#3394=ORIENTED_EDGE('',*,*,#2314,.T.);
#3395=ORIENTED_EDGE('',*,*,#2025,.F.);
#3396=ORIENTED_EDGE('',*,*,#2314,.F.);
#3397=ORIENTED_EDGE('',*,*,#2313,.T.);
#3398=ORIENTED_EDGE('',*,*,#2315,.F.);
#3399=ORIENTED_EDGE('',*,*,#2281,.T.);
#3400=ORIENTED_EDGE('',*,*,#2316,.T.);
#3401=ORIENTED_EDGE('',*,*,#2317,.T.);
#3402=ORIENTED_EDGE('',*,*,#2057,.F.);
#3403=ORIENTED_EDGE('',*,*,#2275,.F.);
#3404=ORIENTED_EDGE('',*,*,#2318,.F.);
#3405=ORIENTED_EDGE('',*,*,#2319,.F.);
#3406=ORIENTED_EDGE('',*,*,#2318,.T.);
#3407=ORIENTED_EDGE('',*,*,#2274,.F.);
#3408=ORIENTED_EDGE('',*,*,#2320,.T.);
#3409=ORIENTED_EDGE('',*,*,#2321,.F.);
#3410=ORIENTED_EDGE('',*,*,#2058,.F.);
#3411=ORIENTED_EDGE('',*,*,#2319,.T.);
#3412=ORIENTED_EDGE('',*,*,#2321,.T.);
#3413=ORIENTED_EDGE('',*,*,#2322,.T.);
#3414=ORIENTED_EDGE('',*,*,#2059,.F.);
#3415=ORIENTED_EDGE('',*,*,#2322,.F.);
#3416=ORIENTED_EDGE('',*,*,#2320,.F.);
#3417=ORIENTED_EDGE('',*,*,#2273,.F.);
#3418=ORIENTED_EDGE('',*,*,#2323,.F.);
#3419=ORIENTED_EDGE('',*,*,#2324,.T.);
#3420=ORIENTED_EDGE('',*,*,#2325,.T.);
#3421=ORIENTED_EDGE('',*,*,#2279,.T.);
#3422=ORIENTED_EDGE('',*,*,#2325,.F.);
#3423=ORIENTED_EDGE('',*,*,#2326,.T.);
#3424=ORIENTED_EDGE('',*,*,#2316,.F.);
#3425=ORIENTED_EDGE('',*,*,#2280,.T.);
#3426=ORIENTED_EDGE('',*,*,#2327,.F.);
#3427=ORIENTED_EDGE('',*,*,#2317,.F.);
#3428=ORIENTED_EDGE('',*,*,#2326,.F.);
#3429=ORIENTED_EDGE('',*,*,#2324,.F.);
#3430=ORIENTED_EDGE('',*,*,#2045,.F.);
#3431=ORIENTED_EDGE('',*,*,#2077,.F.);
#3432=ORIENTED_EDGE('',*,*,#2054,.F.);
#3433=ORIENTED_EDGE('',*,*,#2047,.F.);
#3434=ORIENTED_EDGE('',*,*,#2034,.F.);
#3435=ORIENTED_EDGE('',*,*,#2041,.T.);
#3436=ORIENTED_EDGE('',*,*,#2272,.T.);
#3437=ORIENTED_EDGE('',*,*,#2282,.T.);
#3438=ORIENTED_EDGE('',*,*,#2315,.T.);
#3439=ORIENTED_EDGE('',*,*,#2327,.T.);
#3440=ORIENTED_EDGE('',*,*,#2323,.T.);
#3441=ORIENTED_EDGE('',*,*,#2278,.T.);
#3442=ORIENTED_EDGE('',*,*,#2283,.T.);
#3443=ORIENTED_EDGE('',*,*,#1831,.T.);
#3444=CYLINDRICAL_SURFACE('',#3718,0.5);
#3445=CYLINDRICAL_SURFACE('',#3723,0.5);
#3446=CYLINDRICAL_SURFACE('',#3735,6.9);
#3447=CYLINDRICAL_SURFACE('',#3738,6.9);
#3448=CYLINDRICAL_SURFACE('',#3741,6.9);
#3449=CYLINDRICAL_SURFACE('',#3749,6.9);
#3450=CYLINDRICAL_SURFACE('',#3752,1.5);
#3451=CYLINDRICAL_SURFACE('',#3753,9.5);
#3452=CYLINDRICAL_SURFACE('',#3756,9.5);
#3453=CYLINDRICAL_SURFACE('',#3759,9.5);
#3454=CYLINDRICAL_SURFACE('',#3764,9.5);
#3455=CYLINDRICAL_SURFACE('',#3797,5.);
#3456=CYLINDRICAL_SURFACE('',#3798,8.9);
#3457=CYLINDRICAL_SURFACE('',#3822,5.);
#3458=CYLINDRICAL_SURFACE('',#3829,8.49);
#3459=CYLINDRICAL_SURFACE('',#3866,8.9);
#3460=CYLINDRICAL_SURFACE('',#3867,5.);
#3461=CYLINDRICAL_SURFACE('',#3868,3.5);
#3462=CYLINDRICAL_SURFACE('',#3869,5.);
#3463=CYLINDRICAL_SURFACE('',#3870,9.9);
#3464=CYLINDRICAL_SURFACE('',#3899,8.49);
#3465=CYLINDRICAL_SURFACE('',#3904,0.2);
#3466=CYLINDRICAL_SURFACE('',#3909,0.2);
#3467=CYLINDRICAL_SURFACE('',#3910,0.2);
#3468=CYLINDRICAL_SURFACE('',#3915,0.2);
#3469=CYLINDRICAL_SURFACE('',#3920,7.7);
#3470=CYLINDRICAL_SURFACE('',#3925,1.00000000000004);
#3471=CYLINDRICAL_SURFACE('',#3928,8.49);
#3472=CYLINDRICAL_SURFACE('',#3940,1.00000000000004);
#3473=CYLINDRICAL_SURFACE('',#3941,7.7);
#3474=CYLINDRICAL_SURFACE('',#3942,8.49);
#3475=CYLINDRICAL_SURFACE('',#3960,0.5);
#3476=CYLINDRICAL_SURFACE('',#3962,10.2621778264923);
#3477=CYLINDRICAL_SURFACE('',#3981,0.5);
#3478=CYLINDRICAL_SURFACE('',#3982,10.2621778264923);
#3479=CYLINDRICAL_SURFACE('',#3983,10.2621778264923);
#3480=CYLINDRICAL_SURFACE('',#3988,10.2621778264923);
#3481=CYLINDRICAL_SURFACE('',#3991,0.5);
#3482=CYLINDRICAL_SURFACE('',#3992,1.1);
#3483=CYLINDRICAL_SURFACE('',#3994,1.1);
#3484=CYLINDRICAL_SURFACE('',#3996,0.5);
#3485=CYLINDRICAL_SURFACE('',#3997,1.5);
#3486=CYLINDRICAL_SURFACE('',#4000,1.5);
#3487=CYLINDRICAL_SURFACE('',#4001,1.5);
#3488=CYLINDRICAL_SURFACE('',#4004,4.1);
#3489=CYLINDRICAL_SURFACE('',#4008,4.1);
#3490=CYLINDRICAL_SURFACE('',#4018,0.25);
#3491=CYLINDRICAL_SURFACE('',#4026,1.1);
#3492=CYLINDRICAL_SURFACE('',#4027,0.25);
#3493=CYLINDRICAL_SURFACE('',#4030,1.1);
#3494=CYLINDRICAL_SURFACE('',#4031,1.9);
#3495=CYLINDRICAL_SURFACE('',#4034,1.9);
#3496=CYLINDRICAL_SURFACE('',#4035,1.9);
#3497=CYLINDRICAL_SURFACE('',#4044,2.99999999999658);
#3498=CYLINDRICAL_SURFACE('',#4051,2.99999999999658);
#3499=ADVANCED_FACE('',(#349),#3444,.F.);
#3500=ADVANCED_FACE('',(#350),#265,.F.);
#3501=ADVANCED_FACE('',(#351),#3445,.F.);
#3502=ADVANCED_FACE('',(#352),#266,.F.);
#3503=ADVANCED_FACE('',(#353),#267,.T.);
#3504=ADVANCED_FACE('',(#354),#268,.T.);
#3505=ADVANCED_FACE('',(#355),#269,.F.);
#3506=ADVANCED_FACE('',(#356),#3446,.T.);
#3507=ADVANCED_FACE('',(#357),#3447,.T.);
#3508=ADVANCED_FACE('',(#358),#3448,.T.);
#3509=ADVANCED_FACE('',(#359),#270,.F.);
#3510=ADVANCED_FACE('',(#360),#271,.F.);
#3511=ADVANCED_FACE('',(#361),#272,.F.);
#3512=ADVANCED_FACE('',(#362),#273,.F.);
#3513=ADVANCED_FACE('',(#363),#3449,.T.);
#3514=ADVANCED_FACE('',(#364),#274,.F.);
#3515=ADVANCED_FACE('',(#365),#3450,.F.);
#3516=ADVANCED_FACE('',(#366),#3451,.T.);
#3517=ADVANCED_FACE('',(#367),#275,.T.);
#3518=ADVANCED_FACE('',(#368),#3452,.T.);
#3519=ADVANCED_FACE('',(#369),#3453,.T.);
#3520=ADVANCED_FACE('',(#370),#276,.T.);
#3521=ADVANCED_FACE('',(#371),#277,.T.);
#3522=ADVANCED_FACE('',(#372),#3454,.T.);
#3523=ADVANCED_FACE('',(#373),#91,.T.);
#3524=ADVANCED_FACE('',(#374),#278,.F.);
#3525=ADVANCED_FACE('',(#375),#279,.F.);
#3526=ADVANCED_FACE('',(#376),#280,.F.);
#3527=ADVANCED_FACE('',(#377),#281,.F.);
#3528=ADVANCED_FACE('',(#378),#282,.F.);
#3529=ADVANCED_FACE('',(#379),#283,.F.);
#3530=ADVANCED_FACE('',(#380),#284,.F.);
#3531=ADVANCED_FACE('',(#381),#285,.F.);
#3532=ADVANCED_FACE('',(#382),#286,.F.);
#3533=ADVANCED_FACE('',(#383),#287,.F.);
#3534=ADVANCED_FACE('',(#384),#288,.F.);
#3535=ADVANCED_FACE('',(#385),#289,.F.);
#3536=ADVANCED_FACE('',(#386),#290,.F.);
#3537=ADVANCED_FACE('',(#387),#291,.F.);
#3538=ADVANCED_FACE('',(#388),#292,.F.);
#3539=ADVANCED_FACE('',(#389),#293,.F.);
#3540=ADVANCED_FACE('',(#390),#294,.F.);
#3541=ADVANCED_FACE('',(#391),#62,.T.);
#3542=ADVANCED_FACE('',(#392),#38,.F.);
#3543=ADVANCED_FACE('',(#393),#39,.F.);
#3544=ADVANCED_FACE('',(#394),#63,.T.);
#3545=ADVANCED_FACE('',(#395),#40,.F.);
#3546=ADVANCED_FACE('',(#396),#64,.F.);
#3547=ADVANCED_FACE('',(#397),#3455,.T.);
#3548=ADVANCED_FACE('',(#398),#3456,.F.);
#3549=ADVANCED_FACE('',(#399),#41,.F.);
#3550=ADVANCED_FACE('',(#400),#42,.F.);
#3551=ADVANCED_FACE('',(#401),#43,.F.);
#3552=ADVANCED_FACE('',(#402),#65,.T.);
#3553=ADVANCED_FACE('',(#403),#66,.T.);
#3554=ADVANCED_FACE('',(#404,#19),#295,.F.);
#3555=ADVANCED_FACE('',(#405),#67,.F.);
#3556=ADVANCED_FACE('',(#406),#3457,.T.);
#3557=ADVANCED_FACE('',(#407),#44,.T.);
#3558=ADVANCED_FACE('',(#408),#296,.F.);
#3559=ADVANCED_FACE('',(#409),#68,.F.);
#3560=ADVANCED_FACE('',(#410),#45,.T.);
#3561=ADVANCED_FACE('',(#411),#92,.F.);
#3562=ADVANCED_FACE('',(#412),#3458,.T.);
#3563=ADVANCED_FACE('',(#413),#297,.F.);
#3564=ADVANCED_FACE('',(#414),#69,.F.);
#3565=ADVANCED_FACE('',(#415),#46,.T.);
#3566=ADVANCED_FACE('',(#416,#20,#21,#22,#23),#298,.T.);
#3567=ADVANCED_FACE('',(#417),#47,.T.);
#3568=ADVANCED_FACE('',(#418),#70,.F.);
#3569=ADVANCED_FACE('',(#419),#48,.T.);
#3570=ADVANCED_FACE('',(#420),#71,.F.);
#3571=ADVANCED_FACE('',(#421),#72,.F.);
#3572=ADVANCED_FACE('',(#422),#73,.F.);
#3573=ADVANCED_FACE('',(#423),#299,.T.);
#3574=ADVANCED_FACE('',(#424),#300,.T.);
#3575=ADVANCED_FACE('',(#425),#74,.F.);
#3576=ADVANCED_FACE('',(#426),#75,.F.);
#3577=ADVANCED_FACE('',(#427),#49,.T.);
#3578=ADVANCED_FACE('',(#428),#76,.F.);
#3579=ADVANCED_FACE('',(#429),#77,.F.);
#3580=ADVANCED_FACE('',(#430),#301,.T.);
#3581=ADVANCED_FACE('',(#431),#93,.T.);
#3582=ADVANCED_FACE('',(#432),#3459,.F.);
#3583=ADVANCED_FACE('',(#433),#3460,.T.);
#3584=ADVANCED_FACE('',(#434),#3461,.T.);
#3585=ADVANCED_FACE('',(#435),#94,.T.);
#3586=ADVANCED_FACE('',(#436),#3462,.T.);
#3587=ADVANCED_FACE('',(#437),#95,.F.);
#3588=ADVANCED_FACE('',(#438),#78,.T.);
#3589=ADVANCED_FACE('',(#439,#24,#25,#26,#27),#3463,.F.);
#3590=ADVANCED_FACE('',(#440),#15,.F.);
#3591=ADVANCED_FACE('',(#441),#79,.T.);
#3592=ADVANCED_FACE('',(#442),#16,.F.);
#3593=ADVANCED_FACE('',(#443),#80,.T.);
#3594=ADVANCED_FACE('',(#444),#17,.F.);
#3595=ADVANCED_FACE('',(#445),#81,.T.);
#3596=ADVANCED_FACE('',(#446),#18,.F.);
#3597=ADVANCED_FACE('',(#447),#302,.T.);
#3598=ADVANCED_FACE('',(#448),#303,.T.);
#3599=ADVANCED_FACE('',(#449),#304,.F.);
#3600=ADVANCED_FACE('',(#450),#305,.T.);
#3601=ADVANCED_FACE('',(#451),#306,.T.);
#3602=ADVANCED_FACE('',(#452),#3464,.T.);
#3603=ADVANCED_FACE('',(#453),#307,.F.);
#3604=ADVANCED_FACE('',(#454),#3465,.T.);
#3605=ADVANCED_FACE('',(#455,#28),#308,.F.);
#3606=ADVANCED_FACE('',(#456),#3466,.T.);
#3607=ADVANCED_FACE('',(#457),#3467,.T.);
#3608=ADVANCED_FACE('',(#458,#29),#309,.T.);
#3609=ADVANCED_FACE('',(#459),#3468,.T.);
#3610=ADVANCED_FACE('',(#460),#310,.T.);
#3611=ADVANCED_FACE('',(#461),#311,.T.);
#3612=ADVANCED_FACE('',(#462),#312,.T.);
#3613=ADVANCED_FACE('',(#463),#50,.F.);
#3614=ADVANCED_FACE('',(#464),#3469,.T.);
#3615=ADVANCED_FACE('',(#465),#313,.T.);
#3616=ADVANCED_FACE('',(#466),#3470,.T.);
#3617=ADVANCED_FACE('',(#467),#314,.T.);
#3618=ADVANCED_FACE('',(#468),#315,.T.);
#3619=ADVANCED_FACE('',(#469),#3471,.T.);
#3620=ADVANCED_FACE('',(#470),#51,.F.);
#3621=ADVANCED_FACE('',(#471),#316,.F.);
#3622=ADVANCED_FACE('',(#472),#317,.F.);
#3623=ADVANCED_FACE('',(#473),#318,.F.);
#3624=ADVANCED_FACE('',(#474),#52,.F.);
#3625=ADVANCED_FACE('',(#475),#319,.F.);
#3626=ADVANCED_FACE('',(#476),#320,.F.);
#3627=ADVANCED_FACE('',(#477),#321,.T.);
#3628=ADVANCED_FACE('',(#478),#3472,.T.);
#3629=ADVANCED_FACE('',(#479),#3473,.T.);
#3630=ADVANCED_FACE('',(#480),#3474,.T.);
#3631=ADVANCED_FACE('',(#481),#53,.F.);
#3632=ADVANCED_FACE('',(#482),#82,.F.);
#3633=ADVANCED_FACE('',(#483),#54,.T.);
#3634=ADVANCED_FACE('',(#484),#55,.T.);
#3635=ADVANCED_FACE('',(#485),#83,.F.);
#3636=ADVANCED_FACE('',(#486),#56,.T.);
#3637=ADVANCED_FACE('',(#487),#57,.T.);
#3638=ADVANCED_FACE('',(#488),#3475,.F.);
#3639=ADVANCED_FACE('',(#489),#322,.F.);
#3640=ADVANCED_FACE('',(#490),#3476,.T.);
#3641=ADVANCED_FACE('',(#491,#30),#96,.F.);
#3642=ADVANCED_FACE('',(#492,#31),#97,.F.);
#3643=ADVANCED_FACE('',(#493),#323,.F.);
#3644=ADVANCED_FACE('',(#494),#58,.T.);
#3645=ADVANCED_FACE('',(#495),#59,.T.);
#3646=ADVANCED_FACE('',(#496),#84,.F.);
#3647=ADVANCED_FACE('',(#497),#85,.F.);
#3648=ADVANCED_FACE('',(#498),#60,.T.);
#3649=ADVANCED_FACE('',(#499),#61,.T.);
#3650=ADVANCED_FACE('',(#500),#324,.T.);
#3651=ADVANCED_FACE('',(#501),#3477,.F.);
#3652=ADVANCED_FACE('',(#502),#3478,.T.);
#3653=ADVANCED_FACE('',(#503),#3479,.T.);
#3654=ADVANCED_FACE('',(#504,#32),#98,.F.);
#3655=ADVANCED_FACE('',(#505),#325,.F.);
#3656=ADVANCED_FACE('',(#506),#326,.T.);
#3657=ADVANCED_FACE('',(#507),#327,.F.);
#3658=ADVANCED_FACE('',(#508,#33),#99,.F.);
#3659=ADVANCED_FACE('',(#509),#328,.T.);
#3660=ADVANCED_FACE('',(#510),#3480,.T.);
#3661=ADVANCED_FACE('',(#511),#329,.T.);
#3662=ADVANCED_FACE('',(#512,#34,#35,#36,#37),#330,.F.);
#3663=ADVANCED_FACE('',(#513),#3481,.F.);
#3664=ADVANCED_FACE('',(#514),#3482,.F.);
#3665=ADVANCED_FACE('',(#515),#3483,.F.);
#3666=ADVANCED_FACE('',(#516),#3484,.F.);
#3667=ADVANCED_FACE('',(#517),#3485,.F.);
#3668=ADVANCED_FACE('',(#518),#331,.F.);
#3669=ADVANCED_FACE('',(#519),#332,.F.);
#3670=ADVANCED_FACE('',(#520),#3486,.F.);
#3671=ADVANCED_FACE('',(#521),#3487,.F.);
#3672=ADVANCED_FACE('',(#522),#333,.T.);
#3673=ADVANCED_FACE('',(#523),#334,.T.);
#3674=ADVANCED_FACE('',(#524),#3488,.F.);
#3675=ADVANCED_FACE('',(#525),#3489,.F.);
#3676=ADVANCED_FACE('',(#526),#335,.T.);
#3677=ADVANCED_FACE('',(#527),#336,.T.);
#3678=ADVANCED_FACE('',(#528),#86,.F.);
#3679=ADVANCED_FACE('',(#529),#87,.F.);
#3680=ADVANCED_FACE('',(#530),#3490,.T.);
#3681=ADVANCED_FACE('',(#531),#337,.F.);
#3682=ADVANCED_FACE('',(#532),#3491,.F.);
#3683=ADVANCED_FACE('',(#533),#3492,.T.);
#3684=ADVANCED_FACE('',(#534),#88,.F.);
#3685=ADVANCED_FACE('',(#535),#89,.F.);
#3686=ADVANCED_FACE('',(#536),#3493,.F.);
#3687=ADVANCED_FACE('',(#537),#90,.T.);
#3688=ADVANCED_FACE('',(#538),#3494,.T.);
#3689=ADVANCED_FACE('',(#539),#338,.T.);
#3690=ADVANCED_FACE('',(#540),#339,.T.);
#3691=ADVANCED_FACE('',(#541),#3495,.T.);
#3692=ADVANCED_FACE('',(#542),#3496,.T.);
#3693=ADVANCED_FACE('',(#543),#340,.T.);
#3694=ADVANCED_FACE('',(#544),#341,.T.);
#3695=ADVANCED_FACE('',(#545),#342,.F.);
#3696=ADVANCED_FACE('',(#546),#343,.T.);
#3697=ADVANCED_FACE('',(#547),#3497,.F.);
#3698=ADVANCED_FACE('',(#548),#344,.F.);
#3699=ADVANCED_FACE('',(#549),#345,.T.);
#3700=ADVANCED_FACE('',(#550),#346,.F.);
#3701=ADVANCED_FACE('',(#551),#3498,.F.);
#3702=ADVANCED_FACE('',(#552),#347,.F.);
#3703=ADVANCED_FACE('',(#553),#348,.F.);
#3704=CLOSED_SHELL('',(#3499,#3500,#3501,#3502,#3503,#3504,#3505,#3506,
#3507,#3508,#3509,#3510,#3511,#3512,#3513,#3514,#3515,#3516,#3517,#3518,
#3519,#3520,#3521,#3522,#3523,#3524,#3525,#3526,#3527,#3528,#3529,#3530,
#3531,#3532,#3533,#3534,#3535,#3536,#3537,#3538,#3539,#3540,#3541,#3542,
#3543,#3544,#3545,#3546,#3547,#3548,#3549,#3550,#3551,#3552,#3553,#3554,
#3555,#3556,#3557,#3558,#3559,#3560,#3561,#3562,#3563,#3564,#3565,#3566,
#3567,#3568,#3569,#3570,#3571,#3572,#3573,#3574,#3575,#3576,#3577,#3578,
#3579,#3580,#3581,#3582,#3583,#3584,#3585,#3586,#3587,#3588,#3589,#3590,
#3591,#3592,#3593,#3594,#3595,#3596,#3597,#3598,#3599,#3600,#3601,#3602,
#3603,#3604,#3605,#3606,#3607,#3608,#3609,#3610,#3611,#3612,#3613,#3614,
#3615,#3616,#3617,#3618,#3619,#3620,#3621,#3622,#3623,#3624,#3625,#3626,
#3627,#3628,#3629,#3630,#3631,#3632,#3633,#3634,#3635,#3636,#3637,#3638,
#3639,#3640,#3641,#3642,#3643,#3644,#3645,#3646,#3647,#3648,#3649,#3650,
#3651,#3652,#3653,#3654,#3655,#3656,#3657,#3658,#3659,#3660,#3661,#3662,
#3663,#3664,#3665,#3666,#3667,#3668,#3669,#3670,#3671,#3672,#3673,#3674,
#3675,#3676,#3677,#3678,#3679,#3680,#3681,#3682,#3683,#3684,#3685,#3686,
#3687,#3688,#3689,#3690,#3691,#3692,#3693,#3694,#3695,#3696,#3697,#3698,
#3699,#3700,#3701,#3702,#3703));
#3705=DERIVED_UNIT_ELEMENT(#3707,1.);
#3706=DERIVED_UNIT_ELEMENT(#9868,-3.);
#3707=(
MASS_UNIT()
NAMED_UNIT(*)
SI_UNIT(.KILO.,.GRAM.)
);
#3708=DERIVED_UNIT((#3705,#3706));
#3709=MEASURE_REPRESENTATION_ITEM('density measure',
POSITIVE_RATIO_MEASURE(7850.),#3708);
#3710=PROPERTY_DEFINITION_REPRESENTATION(#3715,#3712);
#3711=PROPERTY_DEFINITION_REPRESENTATION(#3716,#3713);
#3712=REPRESENTATION('material name',(#3714),#9865);
#3713=REPRESENTATION('density',(#3709),#9865);
#3714=DESCRIPTIVE_REPRESENTATION_ITEM('Steel','Steel');
#3715=PROPERTY_DEFINITION('material property','material name',#9875);
#3716=PROPERTY_DEFINITION('material property','density of part',#9875);
#3717=AXIS2_PLACEMENT_3D('',#4972,#4055,#4056);
#3718=AXIS2_PLACEMENT_3D('',#4973,#4057,#4058);
#3719=AXIS2_PLACEMENT_3D('',#4976,#4059,#4060);
#3720=AXIS2_PLACEMENT_3D('',#4980,#4062,#4063);
#3721=AXIS2_PLACEMENT_3D('',#4982,#4065,#4066);
#3722=AXIS2_PLACEMENT_3D('',#4986,#4068,#4069);
#3723=AXIS2_PLACEMENT_3D('',#4993,#4071,#4072);
#3724=AXIS2_PLACEMENT_3D('',#4996,#4073,#4074);
#3725=AXIS2_PLACEMENT_3D('',#5000,#4076,#4077);
#3726=AXIS2_PLACEMENT_3D('',#5002,#4079,#4080);
#3727=AXIS2_PLACEMENT_3D('',#5011,#4082,#4083);
#3728=AXIS2_PLACEMENT_3D('',#5013,#4085,#4086);
#3729=AXIS2_PLACEMENT_3D('',#5018,#4088,#4089);
#3730=AXIS2_PLACEMENT_3D('',#5021,#4091,#4092);
#3731=AXIS2_PLACEMENT_3D('',#5022,#4093,#4094);
#3732=AXIS2_PLACEMENT_3D('',#5026,#4096,#4097);
#3733=AXIS2_PLACEMENT_3D('',#5030,#4099,#4100);
#3734=AXIS2_PLACEMENT_3D('',#5068,#4101,#4102);
#3735=AXIS2_PLACEMENT_3D('',#5077,#4107,#4108);
#3736=AXIS2_PLACEMENT_3D('',#5080,#4109,#4110);
#3737=AXIS2_PLACEMENT_3D('',#5084,#4112,#4113);
#3738=AXIS2_PLACEMENT_3D('',#5086,#4115,#4116);
#3739=AXIS2_PLACEMENT_3D('',#5088,#4117,#4118);
#3740=AXIS2_PLACEMENT_3D('',#5091,#4120,#4121);
#3741=AXIS2_PLACEMENT_3D('',#5092,#4122,#4123);
#3742=AXIS2_PLACEMENT_3D('',#5096,#4125,#4126);
#3743=AXIS2_PLACEMENT_3D('',#5098,#4128,#4129);
#3744=AXIS2_PLACEMENT_3D('',#5101,#4132,#4133);
#3745=AXIS2_PLACEMENT_3D('',#5141,#4134,#4135);
#3746=AXIS2_PLACEMENT_3D('',#5143,#4137,#4138);
#3747=AXIS2_PLACEMENT_3D('',#5146,#4140,#4141);
#3748=AXIS2_PLACEMENT_3D('',#5147,#4142,#4143);
#3749=AXIS2_PLACEMENT_3D('',#5151,#4146,#4147);
#3750=AXIS2_PLACEMENT_3D('',#5154,#4148,#4149);
#3751=AXIS2_PLACEMENT_3D('',#5157,#4152,#4153);
#3752=AXIS2_PLACEMENT_3D('',#5159,#4155,#4156);
#3753=AXIS2_PLACEMENT_3D('',#5198,#4159,#4160);
#3754=AXIS2_PLACEMENT_3D('',#5202,#4162,#4163);
#3755=AXIS2_PLACEMENT_3D('',#5204,#4165,#4166);
#3756=AXIS2_PLACEMENT_3D('',#5217,#4171,#4172);
#3757=AXIS2_PLACEMENT_3D('',#5219,#4173,#4174);
#3758=AXIS2_PLACEMENT_3D('',#5222,#4176,#4177);
#3759=AXIS2_PLACEMENT_3D('',#5223,#4178,#4179);
#3760=AXIS2_PLACEMENT_3D('',#5227,#4181,#4182);
#3761=AXIS2_PLACEMENT_3D('',#5230,#4184,#4185);
#3762=AXIS2_PLACEMENT_3D('',#5231,#4186,#4187);
#3763=AXIS2_PLACEMENT_3D('',#5242,#4191,#4192);
#3764=AXIS2_PLACEMENT_3D('',#5255,#4197,#4198);
#3765=AXIS2_PLACEMENT_3D('',#5258,#4200,#4201);
#3766=AXIS2_PLACEMENT_3D('',#5335,#4202,#4203);
#3767=AXIS2_PLACEMENT_3D('',#5344,#4208,#4209);
#3768=AXIS2_PLACEMENT_3D('',#5350,#4213,#4214);
#3769=AXIS2_PLACEMENT_3D('',#5356,#4218,#4219);
#3770=AXIS2_PLACEMENT_3D('',#5362,#4223,#4224);
#3771=AXIS2_PLACEMENT_3D('',#5368,#4228,#4229);
#3772=AXIS2_PLACEMENT_3D('',#5371,#4232,#4233);
#3773=AXIS2_PLACEMENT_3D('',#5372,#4234,#4235);
#3774=AXIS2_PLACEMENT_3D('',#5381,#4240,#4241);
#3775=AXIS2_PLACEMENT_3D('',#5387,#4245,#4246);
#3776=AXIS2_PLACEMENT_3D('',#5393,#4250,#4251);
#3777=AXIS2_PLACEMENT_3D('',#5396,#4254,#4255);
#3778=AXIS2_PLACEMENT_3D('',#5397,#4256,#4257);
#3779=AXIS2_PLACEMENT_3D('',#5406,#4262,#4263);
#3780=AXIS2_PLACEMENT_3D('',#5412,#4267,#4268);
#3781=AXIS2_PLACEMENT_3D('',#5418,#4272,#4273);
#3782=AXIS2_PLACEMENT_3D('',#5421,#4276,#4277);
#3783=AXIS2_PLACEMENT_3D('',#5499,#4278,#4279);
#3784=AXIS2_PLACEMENT_3D('',#5508,#4280,#4281);
#3785=AXIS2_PLACEMENT_3D('',#5511,#4282,#4283);
#3786=AXIS2_PLACEMENT_3D('',#5513,#4284,#4285);
#3787=AXIS2_PLACEMENT_3D('',#5515,#4286,#4287);
#3788=AXIS2_PLACEMENT_3D('',#5516,#4288,#4289);
#3789=AXIS2_PLACEMENT_3D('',#5517,#4290,#4291);
#3790=AXIS2_PLACEMENT_3D('',#5520,#4292,#4293);
#3791=AXIS2_PLACEMENT_3D('',#5521,#4294,#4295);
#3792=AXIS2_PLACEMENT_3D('',#5522,#4296,#4297);
#3793=AXIS2_PLACEMENT_3D('',#5610,#4298,#4299);
#3794=AXIS2_PLACEMENT_3D('',#5611,#4300,#4301);
#3795=AXIS2_PLACEMENT_3D('',#5612,#4302,#4303);
#3796=AXIS2_PLACEMENT_3D('',#5645,#4304,#4305);
#3797=AXIS2_PLACEMENT_3D('',#5651,#4306,#4307);
#3798=AXIS2_PLACEMENT_3D('',#5671,#4310,#4311);
#3799=AXIS2_PLACEMENT_3D('',#5673,#4313,#4314);
#3800=AXIS2_PLACEMENT_3D('',#5676,#4315,#4316);
#3801=AXIS2_PLACEMENT_3D('',#5678,#4317,#4318);
#3802=AXIS2_PLACEMENT_3D('',#5680,#4319,#4320);
#3803=AXIS2_PLACEMENT_3D('',#5681,#4321,#4322);
#3804=AXIS2_PLACEMENT_3D('',#5682,#4323,#4324);
#3805=AXIS2_PLACEMENT_3D('',#5685,#4325,#4326);
#3806=AXIS2_PLACEMENT_3D('',#5686,#4327,#4328);
#3807=AXIS2_PLACEMENT_3D('',#5687,#4329,#4330);
#3808=AXIS2_PLACEMENT_3D('',#5688,#4331,#4332);
#3809=AXIS2_PLACEMENT_3D('',#5691,#4333,#4334);
#3810=AXIS2_PLACEMENT_3D('',#5692,#4335,#4336);
#3811=AXIS2_PLACEMENT_3D('',#5693,#4337,#4338);
#3812=AXIS2_PLACEMENT_3D('',#5857,#4339,#4340);
#3813=AXIS2_PLACEMENT_3D('',#5865,#4341,#4342);
#3814=AXIS2_PLACEMENT_3D('',#5869,#4344,#4345);
#3815=AXIS2_PLACEMENT_3D('',#5871,#4346,#4347);
#3816=AXIS2_PLACEMENT_3D('',#5895,#4348,#4349);
#3817=AXIS2_PLACEMENT_3D('',#5897,#4350,#4351);
#3818=AXIS2_PLACEMENT_3D('',#5901,#4353,#4354);
#3819=AXIS2_PLACEMENT_3D('',#5909,#4355,#4356);
#3820=AXIS2_PLACEMENT_3D('',#5913,#4358,#4359);
#3821=AXIS2_PLACEMENT_3D('',#5946,#4361,#4362);
#3822=AXIS2_PLACEMENT_3D('',#5947,#4363,#4364);
#3823=AXIS2_PLACEMENT_3D('',#5981,#4367,#4368);
#3824=AXIS2_PLACEMENT_3D('',#5993,#4369,#4370);
#3825=AXIS2_PLACEMENT_3D('',#5994,#4371,#4372);
#3826=AXIS2_PLACEMENT_3D('',#6075,#4386,#4387);
#3827=AXIS2_PLACEMENT_3D('',#6081,#4388,#4389);
#3828=AXIS2_PLACEMENT_3D('',#6093,#4390,#4391);
#3829=AXIS2_PLACEMENT_3D('',#6133,#4396,#4397);
#3830=AXIS2_PLACEMENT_3D('',#6137,#4399,#4400);
#3831=AXIS2_PLACEMENT_3D('',#6138,#4401,#4402);
#3832=AXIS2_PLACEMENT_3D('',#6139,#4403,#4404);
#3833=AXIS2_PLACEMENT_3D('',#6224,#4417,#4418);
#3834=AXIS2_PLACEMENT_3D('',#6230,#4419,#4420);
#3835=AXIS2_PLACEMENT_3D('',#6231,#4421,#4422);
#3836=AXIS2_PLACEMENT_3D('',#6232,#4423,#4424);
#3837=AXIS2_PLACEMENT_3D('',#6233,#4425,#4426);
#3838=AXIS2_PLACEMENT_3D('',#6234,#4427,#4428);
#3839=AXIS2_PLACEMENT_3D('',#6236,#4429,#4430);
#3840=AXIS2_PLACEMENT_3D('',#6238,#4431,#4432);
#3841=AXIS2_PLACEMENT_3D('',#6262,#4433,#4434);
#3842=AXIS2_PLACEMENT_3D('',#6263,#4435,#4436);
#3843=AXIS2_PLACEMENT_3D('',#6265,#4437,#4438);
#3844=AXIS2_PLACEMENT_3D('',#6266,#4439,#4440);
#3845=AXIS2_PLACEMENT_3D('',#6267,#4441,#4442);
#3846=AXIS2_PLACEMENT_3D('',#6306,#4443,#4444);
#3847=AXIS2_PLACEMENT_3D('',#6311,#4445,#4446);
#3848=AXIS2_PLACEMENT_3D('',#6313,#4447,#4448);
#3849=AXIS2_PLACEMENT_3D('',#6315,#4449,#4450);
#3850=AXIS2_PLACEMENT_3D('',#6316,#4451,#4452);
#3851=AXIS2_PLACEMENT_3D('',#6322,#4453,#4454);
#3852=AXIS2_PLACEMENT_3D('',#6359,#4455,#4456);
#3853=AXIS2_PLACEMENT_3D('',#6408,#4457,#4458);
#3854=AXIS2_PLACEMENT_3D('',#6414,#4462,#4463);
#3855=AXIS2_PLACEMENT_3D('',#6457,#4464,#4465);
#3856=AXIS2_PLACEMENT_3D('',#6489,#4466,#4467);
#3857=AXIS2_PLACEMENT_3D('',#6490,#4468,#4469);
#3858=AXIS2_PLACEMENT_3D('',#6492,#4470,#4471);
#3859=AXIS2_PLACEMENT_3D('',#6493,#4472,#4473);
#3860=AXIS2_PLACEMENT_3D('',#6494,#4474,#4475);
#3861=AXIS2_PLACEMENT_3D('',#6521,#4476,#4477);
#3862=AXIS2_PLACEMENT_3D('',#6554,#4478,#4479);
#3863=AXIS2_PLACEMENT_3D('',#6558,#4481,#4482);
#3864=AXIS2_PLACEMENT_3D('',#6562,#4484,#4485);
#3865=AXIS2_PLACEMENT_3D('',#6566,#4487,#4488);
#3866=AXIS2_PLACEMENT_3D('',#6637,#4490,#4491);
#3867=AXIS2_PLACEMENT_3D('',#6639,#4493,#4494);
#3868=AXIS2_PLACEMENT_3D('',#6640,#4495,#4496);
#3869=AXIS2_PLACEMENT_3D('',#6814,#4497,#4498);
#3870=AXIS2_PLACEMENT_3D('',#6941,#4504,#4505);
#3871=AXIS2_PLACEMENT_3D('',#6943,#4506,#4507);
#3872=AXIS2_PLACEMENT_3D('',#6947,#4509,#4510);
#3873=AXIS2_PLACEMENT_3D('',#6949,#4511,#4512);
#3874=AXIS2_PLACEMENT_3D('',#6951,#4513,#4514);
#3875=AXIS2_PLACEMENT_3D('',#6955,#4516,#4517);
#3876=AXIS2_PLACEMENT_3D('',#6956,#4518,#4519);
#3877=AXIS2_PLACEMENT_3D('',#7022,#4520,#4521);
#3878=AXIS2_PLACEMENT_3D('',#7025,#4523,#4524);
#3879=AXIS2_PLACEMENT_3D('',#7183,#4526,#4527);
#3880=AXIS2_PLACEMENT_3D('',#7186,#4529,#4530);
#3881=AXIS2_PLACEMENT_3D('',#7274,#4532,#4533);
#3882=AXIS2_PLACEMENT_3D('',#7277,#4535,#4536);
#3883=AXIS2_PLACEMENT_3D('',#7365,#4538,#4539);
#3884=AXIS2_PLACEMENT_3D('',#7368,#4541,#4542);
#3885=AXIS2_PLACEMENT_3D('',#7369,#4543,#4544);
#3886=AXIS2_PLACEMENT_3D('',#7371,#4545,#4546);
#3887=AXIS2_PLACEMENT_3D('',#7374,#4548,#4549);
#3888=AXIS2_PLACEMENT_3D('',#7375,#4550,#4551);
#3889=AXIS2_PLACEMENT_3D('',#7377,#4552,#4553);
#3890=AXIS2_PLACEMENT_3D('',#7379,#4555,#4556);
#3891=AXIS2_PLACEMENT_3D('',#7381,#4557,#4558);
#3892=AXIS2_PLACEMENT_3D('',#7385,#4560,#4561);
#3893=AXIS2_PLACEMENT_3D('',#7387,#4563,#4564);
#3894=AXIS2_PLACEMENT_3D('',#7389,#4565,#4566);
#3895=AXIS2_PLACEMENT_3D('',#7392,#4568,#4569);
#3896=AXIS2_PLACEMENT_3D('',#7393,#4570,#4571);
#3897=AXIS2_PLACEMENT_3D('',#7395,#4572,#4573);
#3898=AXIS2_PLACEMENT_3D('',#7397,#4574,#4575);
#3899=AXIS2_PLACEMENT_3D('',#7399,#4577,#4578);
#3900=AXIS2_PLACEMENT_3D('',#7400,#4579,#4580);
#3901=AXIS2_PLACEMENT_3D('',#7401,#4581,#4582);
#3902=AXIS2_PLACEMENT_3D('',#7403,#4583,#4584);
#3903=AXIS2_PLACEMENT_3D('',#7407,#4586,#4587);
#3904=AXIS2_PLACEMENT_3D('',#7409,#4589,#4590);
#3905=AXIS2_PLACEMENT_3D('',#7429,#4592,#4593);
#3906=AXIS2_PLACEMENT_3D('',#7433,#4595,#4596);
#3907=AXIS2_PLACEMENT_3D('',#7441,#4600,#4601);
#3908=AXIS2_PLACEMENT_3D('',#7446,#4604,#4605);
#3909=AXIS2_PLACEMENT_3D('',#7453,#4610,#4611);
#3910=AXIS2_PLACEMENT_3D('',#7473,#4613,#4614);
#3911=AXIS2_PLACEMENT_3D('',#7496,#4617,#4618);
#3912=AXIS2_PLACEMENT_3D('',#7498,#4619,#4620);
#3913=AXIS2_PLACEMENT_3D('',#7506,#4624,#4625);
#3914=AXIS2_PLACEMENT_3D('',#7511,#4628,#4629);
#3915=AXIS2_PLACEMENT_3D('',#7518,#4634,#4635);
#3916=AXIS2_PLACEMENT_3D('',#7535,#4636,#4637);
#3917=AXIS2_PLACEMENT_3D('',#7549,#4640,#4641);
#3918=AXIS2_PLACEMENT_3D('',#7563,#4644,#4645);
#3919=AXIS2_PLACEMENT_3D('',#7565,#4647,#4648);
#3920=AXIS2_PLACEMENT_3D('',#7566,#4649,#4650);
#3921=AXIS2_PLACEMENT_3D('',#7567,#4651,#4652);
#3922=AXIS2_PLACEMENT_3D('',#7568,#4653,#4654);
#3923=AXIS2_PLACEMENT_3D('',#7569,#4655,#4656);
#3924=AXIS2_PLACEMENT_3D('',#7572,#4658,#4659);
#3925=AXIS2_PLACEMENT_3D('',#7573,#4660,#4661);
#3926=AXIS2_PLACEMENT_3D('',#7575,#4663,#4664);
#3927=AXIS2_PLACEMENT_3D('',#7576,#4665,#4666);
#3928=AXIS2_PLACEMENT_3D('',#7577,#4667,#4668);
#3929=AXIS2_PLACEMENT_3D('',#7578,#4669,#4670);
#3930=AXIS2_PLACEMENT_3D('',#7593,#4671,#4672);
#3931=AXIS2_PLACEMENT_3D('',#7607,#4675,#4676);
#3932=AXIS2_PLACEMENT_3D('',#7611,#4679,#4680);
#3933=AXIS2_PLACEMENT_3D('',#7623,#4682,#4683);
#3934=AXIS2_PLACEMENT_3D('',#7638,#4684,#4685);
#3935=AXIS2_PLACEMENT_3D('',#7642,#4688,#4689);
#3936=AXIS2_PLACEMENT_3D('',#7643,#4690,#4691);
#3937=AXIS2_PLACEMENT_3D('',#7644,#4692,#4693);
#3938=AXIS2_PLACEMENT_3D('',#7645,#4694,#4695);
#3939=AXIS2_PLACEMENT_3D('',#7646,#4696,#4697);
#3940=AXIS2_PLACEMENT_3D('',#7647,#4698,#4699);
#3941=AXIS2_PLACEMENT_3D('',#7648,#4700,#4701);
#3942=AXIS2_PLACEMENT_3D('',#7649,#4702,#4703);
#3943=AXIS2_PLACEMENT_3D('',#7650,#4704,#4705);
#3944=AXIS2_PLACEMENT_3D('',#7930,#4706,#4707);
#3945=AXIS2_PLACEMENT_3D('',#7973,#4708,#4709);
#3946=AXIS2_PLACEMENT_3D('',#7976,#4710,#4711);
#3947=AXIS2_PLACEMENT_3D('',#7977,#4712,#4713);
#3948=AXIS2_PLACEMENT_3D('',#7978,#4714,#4715);
#3949=AXIS2_PLACEMENT_3D('',#7979,#4716,#4717);
#3950=AXIS2_PLACEMENT_3D('',#7982,#4718,#4719);
#3951=AXIS2_PLACEMENT_3D('',#7983,#4720,#4721);
#3952=AXIS2_PLACEMENT_3D('',#7984,#4722,#4723);
#3953=AXIS2_PLACEMENT_3D('',#8254,#4724,#4725);
#3954=AXIS2_PLACEMENT_3D('',#8257,#4726,#4727);
#3955=AXIS2_PLACEMENT_3D('',#8258,#4728,#4729);
#3956=AXIS2_PLACEMENT_3D('',#8259,#4730,#4731);
#3957=AXIS2_PLACEMENT_3D('',#8260,#4732,#4733);
#3958=AXIS2_PLACEMENT_3D('',#8261,#4734,#4735);
#3959=AXIS2_PLACEMENT_3D('',#8262,#4736,#4737);
#3960=AXIS2_PLACEMENT_3D('',#8263,#4738,#4739);
#3961=AXIS2_PLACEMENT_3D('',#8265,#4741,#4742);
#3962=AXIS2_PLACEMENT_3D('',#8267,#4744,#4745);
#3963=AXIS2_PLACEMENT_3D('',#8536,#4751,#4752);
#3964=AXIS2_PLACEMENT_3D('',#8537,#4753,#4754);
#3965=AXIS2_PLACEMENT_3D('',#8540,#4755,#4756);
#3966=AXIS2_PLACEMENT_3D('',#8541,#4757,#4758);
#3967=AXIS2_PLACEMENT_3D('',#8542,#4759,#4760);
#3968=AXIS2_PLACEMENT_3D('',#8543,#4761,#4762);
#3969=AXIS2_PLACEMENT_3D('',#8546,#4763,#4764);
#3970=AXIS2_PLACEMENT_3D('',#8547,#4765,#4766);
#3971=AXIS2_PLACEMENT_3D('',#8548,#4767,#4768);
#3972=AXIS2_PLACEMENT_3D('',#9070,#4769,#4770);
#3973=AXIS2_PLACEMENT_3D('',#9112,#4771,#4772);
#3974=AXIS2_PLACEMENT_3D('',#9115,#4773,#4774);
#3975=AXIS2_PLACEMENT_3D('',#9116,#4775,#4776);
#3976=AXIS2_PLACEMENT_3D('',#9117,#4777,#4778);
#3977=AXIS2_PLACEMENT_3D('',#9118,#4779,#4780);
#3978=AXIS2_PLACEMENT_3D('',#9119,#4781,#4782);
#3979=AXIS2_PLACEMENT_3D('',#9120,#4783,#4784);
#3980=AXIS2_PLACEMENT_3D('',#9121,#4785,#4786);
#3981=AXIS2_PLACEMENT_3D('',#9123,#4788,#4789);
#3982=AXIS2_PLACEMENT_3D('',#9125,#4791,#4792);
#3983=AXIS2_PLACEMENT_3D('',#9127,#4794,#4795);
#3984=AXIS2_PLACEMENT_3D('',#9262,#4799,#4800);
#3985=AXIS2_PLACEMENT_3D('',#9264,#4802,#4803);
#3986=AXIS2_PLACEMENT_3D('',#9265,#4804,#4805);
#3987=AXIS2_PLACEMENT_3D('',#9398,#4808,#4809);
#3988=AXIS2_PLACEMENT_3D('',#9400,#4811,#4812);
#3989=AXIS2_PLACEMENT_3D('',#9401,#4813,#4814);
#3990=AXIS2_PLACEMENT_3D('',#9403,#4816,#4817);
#3991=AXIS2_PLACEMENT_3D('',#9404,#4818,#4819);
#3992=AXIS2_PLACEMENT_3D('',#9405,#4820,#4821);
#3993=AXIS2_PLACEMENT_3D('',#9408,#4823,#4824);
#3994=AXIS2_PLACEMENT_3D('',#9409,#4825,#4826);
#3995=AXIS2_PLACEMENT_3D('',#9412,#4828,#4829);
#3996=AXIS2_PLACEMENT_3D('',#9413,#4830,#4831);
#3997=AXIS2_PLACEMENT_3D('',#9414,#4832,#4833);
#3998=AXIS2_PLACEMENT_3D('',#9416,#4835,#4836);
#3999=AXIS2_PLACEMENT_3D('',#9418,#4838,#4839);
#4000=AXIS2_PLACEMENT_3D('',#9420,#4841,#4842);
#4001=AXIS2_PLACEMENT_3D('',#9421,#4843,#4844);
#4002=AXIS2_PLACEMENT_3D('',#9422,#4845,#4846);
#4003=AXIS2_PLACEMENT_3D('',#9424,#4848,#4849);
#4004=AXIS2_PLACEMENT_3D('',#9428,#4852,#4853);
#4005=AXIS2_PLACEMENT_3D('',#9430,#4854,#4855);
#4006=AXIS2_PLACEMENT_3D('',#9432,#4856,#4857);
#4007=AXIS2_PLACEMENT_3D('',#9433,#4858,#4859);
#4008=AXIS2_PLACEMENT_3D('',#9435,#4861,#4862);
#4009=AXIS2_PLACEMENT_3D('',#9439,#4864,#4865);
#4010=AXIS2_PLACEMENT_3D('',#9441,#4866,#4867);
#4011=AXIS2_PLACEMENT_3D('',#9443,#4868,#4869);
#4012=AXIS2_PLACEMENT_3D('',#9445,#4870,#4871);
#4013=AXIS2_PLACEMENT_3D('',#9446,#4872,#4873);
#4014=AXIS2_PLACEMENT_3D('',#9447,#4874,#4875);
#4015=AXIS2_PLACEMENT_3D('',#9448,#4876,#4877);
#4016=AXIS2_PLACEMENT_3D('',#9486,#4879,#4880);
#4017=AXIS2_PLACEMENT_3D('',#9592,#4881,#4882);
#4018=AXIS2_PLACEMENT_3D('',#9613,#4883,#4884);
#4019=AXIS2_PLACEMENT_3D('',#9616,#4885,#4886);
#4020=AXIS2_PLACEMENT_3D('',#9619,#4889,#4890);
#4021=AXIS2_PLACEMENT_3D('',#9621,#4891,#4892);
#4022=AXIS2_PLACEMENT_3D('',#9623,#4893,#4894);
#4023=AXIS2_PLACEMENT_3D('',#9625,#4895,#4896);
#4024=AXIS2_PLACEMENT_3D('',#9627,#4897,#4898);
#4025=AXIS2_PLACEMENT_3D('',#9628,#4899,#4900);
#4026=AXIS2_PLACEMENT_3D('',#9629,#4901,#4902);
#4027=AXIS2_PLACEMENT_3D('',#9632,#4905,#4906);
#4028=AXIS2_PLACEMENT_3D('',#9636,#4908,#4909);
#4029=AXIS2_PLACEMENT_3D('',#9689,#4911,#4912);
#4030=AXIS2_PLACEMENT_3D('',#9792,#4913,#4914);
#4031=AXIS2_PLACEMENT_3D('',#9825,#4917,#4918);
#4032=AXIS2_PLACEMENT_3D('',#9826,#4919,#4920);
#4033=AXIS2_PLACEMENT_3D('',#9827,#4921,#4922);
#4034=AXIS2_PLACEMENT_3D('',#9828,#4923,#4924);
#4035=AXIS2_PLACEMENT_3D('',#9829,#4925,#4926);
#4036=AXIS2_PLACEMENT_3D('',#9831,#4927,#4928);
#4037=AXIS2_PLACEMENT_3D('',#9833,#4930,#4931);
#4038=AXIS2_PLACEMENT_3D('',#9834,#4932,#4933);
#4039=AXIS2_PLACEMENT_3D('',#9839,#4936,#4937);
#4040=AXIS2_PLACEMENT_3D('',#9840,#4938,#4939);
#4041=AXIS2_PLACEMENT_3D('',#9843,#4941,#4942);
#4042=AXIS2_PLACEMENT_3D('',#9844,#4943,#4944);
#4043=AXIS2_PLACEMENT_3D('',#9847,#4946,#4947);
#4044=AXIS2_PLACEMENT_3D('',#9848,#4948,#4949);
#4045=AXIS2_PLACEMENT_3D('',#9849,#4950,#4951);
#4046=AXIS2_PLACEMENT_3D('',#9850,#4952,#4953);
#4047=AXIS2_PLACEMENT_3D('',#9851,#4954,#4955);
#4048=AXIS2_PLACEMENT_3D('',#9855,#4957,#4958);
#4049=AXIS2_PLACEMENT_3D('',#9857,#4960,#4961);
#4050=AXIS2_PLACEMENT_3D('',#9858,#4962,#4963);
#4051=AXIS2_PLACEMENT_3D('',#9859,#4964,#4965);
#4052=AXIS2_PLACEMENT_3D('',#9860,#4966,#4967);
#4053=AXIS2_PLACEMENT_3D('',#9861,#4968,#4969);
#4054=AXIS2_PLACEMENT_3D('',#9862,#4970,#4971);
#4055=DIRECTION('axis',(0.,0.,1.));
#4056=DIRECTION('refdir',(1.,0.,0.));
#4057=DIRECTION('center_axis',(0.,1.,0.));
#4058=DIRECTION('ref_axis',(0.317415402901811,0.,-0.948286592755946));
#4059=DIRECTION('center_axis',(0.,-1.,0.));
#4060=DIRECTION('ref_axis',(0.317415402901811,0.,-0.948286592755946));
#4061=DIRECTION('',(0.,-1.,0.));
#4062=DIRECTION('center_axis',(0.,-1.,0.));
#4063=DIRECTION('ref_axis',(0.317415402901811,0.,-0.948286592755946));
#4064=DIRECTION('',(0.,1.,0.));
#4065=DIRECTION('center_axis',(0.866025403784439,0.,-0.5));
#4066=DIRECTION('ref_axis',(-0.5,0.,-0.866025403784439));
#4067=DIRECTION('',(-0.5,0.,-0.866025403784439));
#4068=DIRECTION('center_axis',(-0.866025403784439,0.,0.5));
#4069=DIRECTION('ref_axis',(0.5,-2.40370335797837E-16,0.866025403784439));
#4070=DIRECTION('',(-0.5,0.,-0.866025403784439));
#4071=DIRECTION('center_axis',(0.,1.,0.));
#4072=DIRECTION('ref_axis',(0.317415402901811,0.,-0.948286592755946));
#4073=DIRECTION('center_axis',(0.,1.,0.));
#4074=DIRECTION('ref_axis',(0.317415402901811,0.,-0.948286592755946));
#4075=DIRECTION('',(0.,1.,0.));
#4076=DIRECTION('center_axis',(0.,1.,0.));
#4077=DIRECTION('ref_axis',(0.317415402901811,0.,-0.948286592755946));
#4078=DIRECTION('',(0.,-1.,0.));
#4079=DIRECTION('center_axis',(0.866025403784439,0.,-0.5));
#4080=DIRECTION('ref_axis',(-0.5,0.,-0.866025403784439));
#4081=DIRECTION('',(0.5,0.,0.866025403784439));
#4082=DIRECTION('center_axis',(-0.866025403784439,0.,0.5));
#4083=DIRECTION('ref_axis',(0.5,2.40370335797837E-16,0.866025403784439));
#4084=DIRECTION('',(0.5,0.,0.866025403784439));
#4085=DIRECTION('center_axis',(0.,1.,0.));
#4086=DIRECTION('ref_axis',(1.,0.,0.));
#4087=DIRECTION('',(-1.,0.,-1.22426576229792E-14));
#4088=DIRECTION('center_axis',(0.,1.,0.));
#4089=DIRECTION('ref_axis',(1.,0.,0.));
#4090=DIRECTION('',(0.766044443118982,0.,0.642787609686535));
#4091=DIRECTION('center_axis',(0.,-1.,0.));
#4092=DIRECTION('ref_axis',(-0.360066009551053,0.,-0.932926829266894));
#4093=DIRECTION('center_axis',(0.,1.,0.));
#4094=DIRECTION('ref_axis',(1.,0.,0.));
#4095=DIRECTION('',(0.920596090327298,0.,-0.390516118072089));
#4096=DIRECTION('center_axis',(0.,1.,0.));
#4097=DIRECTION('ref_axis',(1.,0.,0.));
#4098=DIRECTION('',(1.,0.,-5.42991014763962E-12));
#4099=DIRECTION('center_axis',(0.,-1.,0.));
#4100=DIRECTION('ref_axis',(-0.360066009551053,0.,-0.932926829266894));
#4101=DIRECTION('center_axis',(0.642787609686535,0.,-0.766044443118982));
#4102=DIRECTION('ref_axis',(-0.766044443118982,0.,-0.642787609686535));
#4103=DIRECTION('',(-0.766044443118982,0.,-0.642787609686535));
#4104=DIRECTION('',(0.,1.,0.));
#4105=DIRECTION('',(-0.766044443118982,0.,-0.642787609686535));
#4106=DIRECTION('',(0.,1.,0.));
#4107=DIRECTION('center_axis',(0.,1.,0.));
#4108=DIRECTION('ref_axis',(1.,0.,0.));
#4109=DIRECTION('center_axis',(0.,-1.,0.));
#4110=DIRECTION('ref_axis',(1.,0.,0.));
#4111=DIRECTION('',(0.,1.,0.));
#4112=DIRECTION('center_axis',(0.,-1.,0.));
#4113=DIRECTION('ref_axis',(1.,0.,0.));
#4114=DIRECTION('',(0.,1.,0.));
#4115=DIRECTION('center_axis',(0.,1.,0.));
#4116=DIRECTION('ref_axis',(1.,0.,0.));
#4117=DIRECTION('center_axis',(0.,-1.,0.));
#4118=DIRECTION('ref_axis',(1.,0.,0.));
#4119=DIRECTION('',(0.,-1.,0.));
#4120=DIRECTION('center_axis',(0.,-1.,0.));
#4121=DIRECTION('ref_axis',(1.,0.,0.));
#4122=DIRECTION('center_axis',(0.,1.,0.));
#4123=DIRECTION('ref_axis',(1.,0.,0.));
#4124=DIRECTION('',(0.,-1.,0.));
#4125=DIRECTION('center_axis',(0.,1.,0.));
#4126=DIRECTION('ref_axis',(1.,0.,0.));
#4127=DIRECTION('',(0.,1.,0.));
#4128=DIRECTION('center_axis',(-0.390516118072089,0.,-0.920596090327298));
#4129=DIRECTION('ref_axis',(-0.920596090327298,0.,0.390516118072089));
#4130=DIRECTION('',(-0.920596090327298,0.,0.390516118072089));
#4131=DIRECTION('',(-0.920596090327298,0.,0.390516118072089));
#4132=DIRECTION('center_axis',(0.,1.,0.));
#4133=DIRECTION('ref_axis',(1.,0.,0.));
#4134=DIRECTION('center_axis',(0.,1.,0.));
#4135=DIRECTION('ref_axis',(-0.360066009551053,0.,-0.932926829266894));
#4136=DIRECTION('',(-1.,0.,5.42991014763962E-12));
#4137=DIRECTION('center_axis',(0.,1.,0.));
#4138=DIRECTION('ref_axis',(1.,0.,0.));
#4139=DIRECTION('',(1.,0.,1.22426576229792E-14));
#4140=DIRECTION('center_axis',(0.,1.,0.));
#4141=DIRECTION('ref_axis',(-0.360066009551053,0.,-0.932926829266894));
#4142=DIRECTION('center_axis',(0.642787609686535,0.,-0.766044443118982));
#4143=DIRECTION('ref_axis',(-0.766044443118982,0.,-0.642787609686535));
#4144=DIRECTION('',(0.766044443118982,0.,0.642787609686535));
#4145=DIRECTION('',(0.,1.,0.));
#4146=DIRECTION('center_axis',(0.,1.,0.));
#4147=DIRECTION('ref_axis',(1.,0.,0.));
#4148=DIRECTION('center_axis',(0.,1.,0.));
#4149=DIRECTION('ref_axis',(1.,0.,0.));
#4150=DIRECTION('',(0.,1.,0.));
#4151=DIRECTION('',(0.,1.,0.));
#4152=DIRECTION('center_axis',(-0.390516118072089,0.,-0.920596090327298));
#4153=DIRECTION('ref_axis',(-0.920596090327298,0.,0.390516118072089));
#4154=DIRECTION('',(0.920596090327298,0.,-0.390516118072089));
#4155=DIRECTION('center_axis',(-0.499999999999321,0.,0.866025403784831));
#4156=DIRECTION('ref_axis',(0.612372435696072,-0.707106781186547,0.353553390592794));
#4157=DIRECTION('',(0.499999999999321,0.,-0.866025403784831));
#4158=DIRECTION('',(-0.499999999999321,0.,0.866025403784831));
#4159=DIRECTION('center_axis',(0.,1.,0.));
#4160=DIRECTION('ref_axis',(-0.360066009551053,0.,-0.932926829266894));
#4161=DIRECTION('',(0.,1.,0.));
#4162=DIRECTION('center_axis',(0.,-1.,0.));
#4163=DIRECTION('ref_axis',(-0.973900193662721,0.,-0.226976678942384));
#4164=DIRECTION('',(0.,1.,0.));
#4165=DIRECTION('center_axis',(-1.22426576229792E-14,0.,1.));
#4166=DIRECTION('ref_axis',(1.,0.,1.22426576229792E-14));
#4167=DIRECTION('',(0.,1.,0.));
#4168=DIRECTION('',(-1.,0.,-1.22426576229792E-14));
#4169=DIRECTION('',(0.,-1.,0.));
#4170=DIRECTION('',(-1.,0.,-1.22426576229792E-14));
#4171=DIRECTION('center_axis',(0.,1.,0.));
#4172=DIRECTION('ref_axis',(-0.360066009551053,0.,-0.932926829266894));
#4173=DIRECTION('center_axis',(0.,-1.,0.));
#4174=DIRECTION('ref_axis',(-0.360066009551053,0.,-0.932926829266894));
#4175=DIRECTION('',(0.,1.,0.));
#4176=DIRECTION('center_axis',(0.,-1.,0.));
#4177=DIRECTION('ref_axis',(-0.973900193662721,0.,-0.226976678942384));
#4178=DIRECTION('center_axis',(0.,1.,0.));
#4179=DIRECTION('ref_axis',(-0.360066009551053,0.,-0.932926829266894));
#4180=DIRECTION('',(0.,1.,0.));
#4181=DIRECTION('center_axis',(0.,1.,0.));
#4182=DIRECTION('ref_axis',(-0.973900193662721,0.,-0.226976678942384));
#4183=DIRECTION('',(0.,1.,0.));
#4184=DIRECTION('center_axis',(0.,1.,0.));
#4185=DIRECTION('ref_axis',(-0.360066009551053,0.,-0.932926829266894));
#4186=DIRECTION('center_axis',(-1.22426576229792E-14,0.,1.));
#4187=DIRECTION('ref_axis',(1.,0.,1.22426576229792E-14));
#4188=DIRECTION('',(1.,0.,1.22426576229792E-14));
#4189=DIRECTION('',(0.,-1.,0.));
#4190=DIRECTION('',(-1.,0.,-1.22426576229792E-14));
#4191=DIRECTION('center_axis',(-5.42991014763962E-12,0.,-1.));
#4192=DIRECTION('ref_axis',(-1.,0.,5.42991014763962E-12));
#4193=DIRECTION('',(0.,1.,0.));
#4194=DIRECTION('',(1.,0.,-5.42991014763962E-12));
#4195=DIRECTION('',(0.,-1.,0.));
#4196=DIRECTION('',(-1.,0.,5.42991014763962E-12));
#4197=DIRECTION('center_axis',(0.,1.,0.));
#4198=DIRECTION('ref_axis',(-0.360066009551053,0.,-0.932926829266894));
#4199=DIRECTION('',(0.,1.,0.));
#4200=DIRECTION('center_axis',(0.,1.,0.));
#4201=DIRECTION('ref_axis',(-0.973900193662721,0.,-0.226976678942384));
#4202=DIRECTION('center_axis',(-1.,0.,0.));
#4203=DIRECTION('ref_axis',(0.,1.,0.));
#4204=DIRECTION('',(0.,1.,0.));
#4205=DIRECTION('',(0.,0.,1.));
#4206=DIRECTION('',(0.,1.,0.));
#4207=DIRECTION('',(0.,0.,1.));
#4208=DIRECTION('center_axis',(0.,1.,0.));
#4209=DIRECTION('ref_axis',(1.,0.,0.));
#4210=DIRECTION('',(1.,0.,0.));
#4211=DIRECTION('',(1.,0.,0.));
#4212=DIRECTION('',(0.,0.,1.));
#4213=DIRECTION('center_axis',(-1.,0.,0.));
#4214=DIRECTION('ref_axis',(0.,1.,0.));
#4215=DIRECTION('',(0.,1.,0.));
#4216=DIRECTION('',(0.,1.,0.));
#4217=DIRECTION('',(0.,0.,1.));
#4218=DIRECTION('center_axis',(0.,1.,0.));
#4219=DIRECTION('ref_axis',(1.,0.,0.));
#4220=DIRECTION('',(1.,0.,0.));
#4221=DIRECTION('',(1.,0.,0.));
#4222=DIRECTION('',(0.,0.,1.));
#4223=DIRECTION('center_axis',(0.,-1.,0.));
#4224=DIRECTION('ref_axis',(-1.,0.,0.));
#4225=DIRECTION('',(-1.,0.,0.));
#4226=DIRECTION('',(0.,0.,-1.));
#4227=DIRECTION('',(-1.,0.,0.));
#4228=DIRECTION('center_axis',(1.,0.,0.));
#4229=DIRECTION('ref_axis',(0.,-1.,0.));
#4230=DIRECTION('',(0.,-1.,0.));
#4231=DIRECTION('',(0.,-1.,0.));
#4232=DIRECTION('center_axis',(0.,0.,-1.));
#4233=DIRECTION('ref_axis',(-1.,0.,0.));
#4234=DIRECTION('center_axis',(0.,-1.,0.));
#4235=DIRECTION('ref_axis',(-1.,0.,0.));
#4236=DIRECTION('',(-1.,0.,0.));
#4237=DIRECTION('',(0.,0.,-1.));
#4238=DIRECTION('',(-1.,0.,0.));
#4239=DIRECTION('',(0.,0.,1.));
#4240=DIRECTION('center_axis',(-1.,0.,0.));
#4241=DIRECTION('ref_axis',(0.,1.,0.));
#4242=DIRECTION('',(0.,1.,0.));
#4243=DIRECTION('',(0.,1.,0.));
#4244=DIRECTION('',(0.,0.,1.));
#4245=DIRECTION('center_axis',(0.,1.,0.));
#4246=DIRECTION('ref_axis',(1.,0.,0.));
#4247=DIRECTION('',(1.,0.,0.));
#4248=DIRECTION('',(1.,0.,0.));
#4249=DIRECTION('',(0.,0.,1.));
#4250=DIRECTION('center_axis',(1.,0.,0.));
#4251=DIRECTION('ref_axis',(0.,-1.,0.));
#4252=DIRECTION('',(0.,-1.,0.));
#4253=DIRECTION('',(0.,-1.,0.));
#4254=DIRECTION('center_axis',(0.,0.,-1.));
#4255=DIRECTION('ref_axis',(-1.,0.,0.));
#4256=DIRECTION('center_axis',(0.,-1.,0.));
#4257=DIRECTION('ref_axis',(-1.,0.,0.));
#4258=DIRECTION('',(-1.,0.,0.));
#4259=DIRECTION('',(0.,0.,-1.));
#4260=DIRECTION('',(-1.,0.,0.));
#4261=DIRECTION('',(0.,0.,1.));
#4262=DIRECTION('center_axis',(-1.,0.,0.));
#4263=DIRECTION('ref_axis',(0.,1.,0.));
#4264=DIRECTION('',(0.,1.,0.));
#4265=DIRECTION('',(0.,1.,0.));
#4266=DIRECTION('',(0.,0.,1.));
#4267=DIRECTION('center_axis',(0.,1.,0.));
#4268=DIRECTION('ref_axis',(1.,0.,0.));
#4269=DIRECTION('',(1.,0.,0.));
#4270=DIRECTION('',(1.,0.,0.));
#4271=DIRECTION('',(0.,0.,1.));
#4272=DIRECTION('center_axis',(1.,0.,0.));
#4273=DIRECTION('ref_axis',(0.,-1.,0.));
#4274=DIRECTION('',(0.,-1.,0.));
#4275=DIRECTION('',(0.,-1.,0.));
#4276=DIRECTION('center_axis',(0.,0.,-1.));
#4277=DIRECTION('ref_axis',(-1.,0.,0.));
#4278=DIRECTION('center_axis',(0.624357741622341,0.781138534753119,6.75449897114585E-13));
#4279=DIRECTION('ref_axis',(-1.96287430753728E-12,2.43360886997834E-12,
-1.));
#4280=DIRECTION('center_axis',(0.,0.,-1.));
#4281=DIRECTION('ref_axis',(-1.,0.,0.));
#4282=DIRECTION('center_axis',(0.291481026496785,-0.956576610205571,0.));
#4283=DIRECTION('ref_axis',(-0.956576610205571,-0.291481026496785,0.));
#4284=DIRECTION('center_axis',(0.,0.,-1.));
#4285=DIRECTION('ref_axis',(-1.,3.54046721080903E-14,0.));
#4286=DIRECTION('center_axis',(0.291481026496851,0.956576610205551,0.));
#4287=DIRECTION('ref_axis',(0.,0.,-1.));
#4288=DIRECTION('center_axis',(0.,0.,1.));
#4289=DIRECTION('ref_axis',(-1.,3.54046721080903E-14,0.));
#4290=DIRECTION('center_axis',(0.,0.,1.));
#4291=DIRECTION('ref_axis',(1.,0.,0.));
#4292=DIRECTION('center_axis',(-0.62435774162188,0.781138534753487,-1.24512140779416E-15));
#4293=DIRECTION('ref_axis',(2.57571741713036E-13,2.04281036531029E-13,-1.));
#4294=DIRECTION('center_axis',(0.,0.,-1.));
#4295=DIRECTION('ref_axis',(0.977596198399445,0.210489127688233,0.));
#4296=DIRECTION('center_axis',(0.,0.,1.));
#4297=DIRECTION('ref_axis',(0.977596198399445,0.210489127688233,0.));
#4298=DIRECTION('center_axis',(0.,0.,1.));
#4299=DIRECTION('ref_axis',(1.,0.,0.));
#4300=DIRECTION('center_axis',(0.,0.,-1.));
#4301=DIRECTION('ref_axis',(0.977596198399404,-0.210489127688422,0.));
#4302=DIRECTION('center_axis',(0.,0.,1.));
#4303=DIRECTION('ref_axis',(0.977596198399404,-0.210489127688422,0.));
#4304=DIRECTION('center_axis',(-1.,-1.48029736616687E-15,0.));
#4305=DIRECTION('ref_axis',(1.48029736616687E-15,-1.,0.));
#4306=DIRECTION('center_axis',(0.,0.,1.));
#4307=DIRECTION('ref_axis',(0.179241746522302,-0.983805060112843,0.));
#4308=DIRECTION('',(0.,0.,1.));
#4309=DIRECTION('',(0.,0.,1.));
#4310=DIRECTION('center_axis',(0.,0.,1.));
#4311=DIRECTION('ref_axis',(-1.,3.742595830732E-14,0.));
#4312=DIRECTION('',(0.,0.,1.));
#4313=DIRECTION('center_axis',(0.,0.,-1.));
#4314=DIRECTION('ref_axis',(0.982142374379758,0.188139194342092,0.));
#4315=DIRECTION('center_axis',(-0.6243577416219,0.781138534753472,-6.96246585414658E-16));
#4316=DIRECTION('ref_axis',(-0.781138534753472,-0.6243577416219,0.));
#4317=DIRECTION('center_axis',(0.,0.,-1.));
#4318=DIRECTION('ref_axis',(0.977596198399444,0.210489127688234,0.));
#4319=DIRECTION('center_axis',(-0.291481026496862,-0.956576610205547,0.));
#4320=DIRECTION('ref_axis',(0.,0.,1.));
#4321=DIRECTION('center_axis',(0.,0.,1.));
#4322=DIRECTION('ref_axis',(0.977596198399445,0.210489127688234,0.));
#4323=DIRECTION('center_axis',(0.,0.,1.));
#4324=DIRECTION('ref_axis',(-1.,3.54046721080903E-14,0.));
#4325=DIRECTION('center_axis',(0.291481026496783,-0.956576610205571,0.));
#4326=DIRECTION('ref_axis',(0.,0.,1.));
#4327=DIRECTION('center_axis',(0.,0.,-1.));
#4328=DIRECTION('ref_axis',(-1.,3.56496014679197E-14,0.));
#4329=DIRECTION('center_axis',(0.,0.,1.));
#4330=DIRECTION('ref_axis',(-1.,3.56496014679197E-14,0.));
#4331=DIRECTION('center_axis',(0.,0.,-1.));
#4332=DIRECTION('ref_axis',(0.982142374379727,-0.188139194342254,0.));
#4333=DIRECTION('center_axis',(-0.624357741622098,-0.781138534753314,1.24512140788559E-15));
#4334=DIRECTION('ref_axis',(2.57571741713036E-13,-2.04281036531029E-13,
1.));
#4335=DIRECTION('center_axis',(0.,0.,1.));
#4336=DIRECTION('ref_axis',(0.977596198399404,-0.210489127688421,0.));
#4337=DIRECTION('center_axis',(0.,0.,-1.));
#4338=DIRECTION('ref_axis',(0.977596198399404,-0.210489127688421,0.));
#4339=DIRECTION('center_axis',(0.,0.,1.));
#4340=DIRECTION('ref_axis',(1.,0.,0.));
#4341=DIRECTION('center_axis',(0.,0.,1.));
#4342=DIRECTION('ref_axis',(0.306141987931484,0.951985862933562,0.));
#4343=DIRECTION('',(-0.866025403784411,-0.500000000000049,0.));
#4344=DIRECTION('center_axis',(0.,0.,-1.));
#4345=DIRECTION('ref_axis',(-0.95965117843001,0.28119320002072,0.));
#4346=DIRECTION('center_axis',(0.,0.,-1.));
#4347=DIRECTION('ref_axis',(0.882737172877082,-0.469867091442864,0.));
#4348=DIRECTION('center_axis',(0.,0.,-1.));
#4349=DIRECTION('ref_axis',(0.882737172877082,-0.469867091442864,0.));
#4350=DIRECTION('center_axis',(0.,0.,-1.));
#4351=DIRECTION('ref_axis',(-0.940353028033813,-0.340200209681943,0.));
#4352=DIRECTION('',(0.906307787036658,-0.422618261740682,0.));
#4353=DIRECTION('center_axis',(0.,0.,1.));
#4354=DIRECTION('ref_axis',(0.347375648716142,-0.937726057374455,0.));
#4355=DIRECTION('center_axis',(0.,0.,-1.));
#4356=DIRECTION('ref_axis',(1.,0.,0.));
#4357=DIRECTION('',(0.,1.,0.));
#4358=DIRECTION('center_axis',(0.,0.,1.));
#4359=DIRECTION('ref_axis',(1.,0.,0.));
#4360=DIRECTION('',(0.,1.,0.));
#4361=DIRECTION('center_axis',(-1.,1.48029736616688E-15,0.));
#4362=DIRECTION('ref_axis',(1.48029736616688E-15,1.,0.));
#4363=DIRECTION('center_axis',(0.,0.,-1.));
#4364=DIRECTION('ref_axis',(0.956576610205548,-0.291481026496861,0.));
#4365=DIRECTION('',(0.,0.,-1.));
#4366=DIRECTION('',(0.,0.,-1.));
#4367=DIRECTION('center_axis',(0.,0.,-1.));
#4368=DIRECTION('ref_axis',(-1.,0.,0.));
#4369=DIRECTION('center_axis',(0.,0.,-1.));
#4370=DIRECTION('ref_axis',(0.306141987931484,0.951985862933562,0.));
#4371=DIRECTION('center_axis',(-0.500000000000049,0.866025403784411,0.));
#4372=DIRECTION('ref_axis',(-0.866025403784411,-0.500000000000049,0.));
#4373=DIRECTION('',(0.,0.,-1.));
#4374=DIRECTION('',(0.866025403784411,0.500000000000049,0.));
#4375=DIRECTION('',(0.,0.,1.));
#4376=DIRECTION('',(-0.866025403784411,-0.500000000000049,0.));
#4377=DIRECTION('',(0.,0.,-1.));
#4378=DIRECTION('',(0.866025403784411,0.500000000000049,0.));
#4379=DIRECTION('',(0.,0.,1.));
#4380=DIRECTION('',(-0.866025403784411,-0.500000000000049,0.));
#4381=DIRECTION('',(-0.866025403784411,-0.500000000000049,0.));
#4382=DIRECTION('',(0.,0.,1.));
#4383=DIRECTION('',(0.866025403784411,0.500000000000049,0.));
#4384=DIRECTION('',(0.866025403784411,0.500000000000049,0.));
#4385=DIRECTION('',(0.,0.,1.));
#4386=DIRECTION('center_axis',(-1.,-1.48029736616688E-15,0.));
#4387=DIRECTION('ref_axis',(0.,0.,-1.));
#4388=DIRECTION('center_axis',(0.,0.,-1.));
#4389=DIRECTION('ref_axis',(-1.,0.,0.));
#4390=DIRECTION('center_axis',(0.,0.,-1.));
#4391=DIRECTION('ref_axis',(0.347375648716142,-0.937726057374455,0.));
#4392=DIRECTION('',(0.,0.,1.));
#4393=DIRECTION('',(1.53134210293125E-15,0.,1.));
#4394=DIRECTION('',(1.53134210293125E-15,0.,1.));
#4395=DIRECTION('',(0.,0.,1.));
#4396=DIRECTION('center_axis',(0.,0.,1.));
#4397=DIRECTION('ref_axis',(0.,-1.,0.));
#4398=DIRECTION('',(0.,0.,1.));
#4399=DIRECTION('center_axis',(0.133643628788175,0.286599686818267,0.948683298050514));
#4400=DIRECTION('ref_axis',(-0.400930886364525,-0.8597990604548,0.316227766016838));
#4401=DIRECTION('center_axis',(0.,0.,-1.));
#4402=DIRECTION('ref_axis',(0.,-1.,0.));
#4403=DIRECTION('center_axis',(-0.422618261740682,-0.906307787036658,0.));
#4404=DIRECTION('ref_axis',(0.906307787036658,-0.422618261740682,0.));
#4405=DIRECTION('',(0.,0.,-1.));
#4406=DIRECTION('',(-0.906307787036659,0.42261826174068,0.));
#4407=DIRECTION('',(-0.906307787036659,0.42261826174068,0.));
#4408=DIRECTION('',(0.,0.,1.));
#4409=DIRECTION('',(0.906307787036659,-0.42261826174068,0.));
#4410=DIRECTION('',(0.906307787036659,-0.42261826174068,0.));
#4411=DIRECTION('',(0.,0.,-1.));
#4412=DIRECTION('',(-0.906307787036658,0.422618261740682,0.));
#4413=DIRECTION('',(0.,0.,1.));
#4414=DIRECTION('',(0.906307787036658,-0.422618261740682,0.));
#4415=DIRECTION('',(0.,0.,-1.));
#4416=DIRECTION('',(-0.906307787036658,0.422618261740682,0.));
#4417=DIRECTION('center_axis',(-1.,0.,0.));
#4418=DIRECTION('ref_axis',(0.,0.,1.));
#4419=DIRECTION('center_axis',(0.,0.,1.));
#4420=DIRECTION('ref_axis',(1.,0.,0.));
#4421=DIRECTION('center_axis',(0.,0.,1.));
#4422=DIRECTION('ref_axis',(0.306141987931484,0.951985862933562,0.));
#4423=DIRECTION('center_axis',(0.,0.,-1.));
#4424=DIRECTION('ref_axis',(0.306141987931484,0.951985862933562,0.));
#4425=DIRECTION('center_axis',(0.,0.,1.));
#4426=DIRECTION('ref_axis',(1.,0.,0.));
#4427=DIRECTION('center_axis',(0.,0.,-1.));
#4428=DIRECTION('ref_axis',(0.347375648716142,-0.937726057374455,0.));
#4429=DIRECTION('center_axis',(0.,0.,1.));
#4430=DIRECTION('ref_axis',(-0.940353028033813,-0.340200209681943,0.));
#4431=DIRECTION('center_axis',(0.,0.,1.));
#4432=DIRECTION('ref_axis',(0.882737172877082,-0.469867091442864,0.));
#4433=DIRECTION('center_axis',(0.,0.,1.));
#4434=DIRECTION('ref_axis',(0.882737172877082,-0.469867091442864,0.));
#4435=DIRECTION('center_axis',(0.,0.,1.));
#4436=DIRECTION('ref_axis',(-0.95965117843001,0.28119320002072,0.));
#4437=DIRECTION('center_axis',(0.,0.,-1.));
#4438=DIRECTION('ref_axis',(1.,0.,0.));
#4439=DIRECTION('center_axis',(0.,0.,1.));
#4440=DIRECTION('ref_axis',(1.,0.,0.));
#4441=DIRECTION('center_axis',(0.,0.,1.));
#4442=DIRECTION('ref_axis',(0.347375648716142,-0.937726057374455,0.));
#4443=DIRECTION('center_axis',(0.865166635234938,3.20175972858434E-16,0.501484489566982));
#4444=DIRECTION('ref_axis',(3.70074341541719E-16,-1.,0.));
#4445=DIRECTION('center_axis',(0.,1.,0.));
#4446=DIRECTION('ref_axis',(-0.965925826289068,0.,-0.25881904510252));
#4447=DIRECTION('center_axis',(-0.866025403784439,0.,-0.5));
#4448=DIRECTION('ref_axis',(0.5,0.,-0.866025403784438));
#4449=DIRECTION('center_axis',(0.,1.,0.));
#4450=DIRECTION('ref_axis',(-0.973900193662721,0.,-0.226976678942384));
#4451=DIRECTION('center_axis',(-1.,0.,-3.70074341545461E-16));
#4452=DIRECTION('ref_axis',(0.,-1.,0.));
#4453=DIRECTION('center_axis',(0.,-1.,0.));
#4454=DIRECTION('ref_axis',(0.,0.,1.));
#4455=DIRECTION('center_axis',(-0.987285946797349,3.70667050026201E-12,
0.158954267814558));
#4456=DIRECTION('ref_axis',(-3.75440419494074E-12,-1.,0.));
#4457=DIRECTION('center_axis',(-5.42991014763962E-12,0.,-1.));
#4458=DIRECTION('ref_axis',(-1.,0.,5.42991014763962E-12));
#4459=DIRECTION('',(1.,0.,-5.42991014763962E-12));
#4460=DIRECTION('',(0.,-1.,0.));
#4461=DIRECTION('',(1.,0.,-5.42991014763962E-12));
#4462=DIRECTION('center_axis',(0.,-1.,0.));
#4463=DIRECTION('ref_axis',(0.,0.,-1.));
#4464=DIRECTION('center_axis',(0.987285946797349,3.63542350691049E-12,-0.158954267814558));
#4465=DIRECTION('ref_axis',(-3.6822396983401E-12,1.,0.));
#4466=DIRECTION('center_axis',(1.,0.,-4.05829087626869E-13));
#4467=DIRECTION('ref_axis',(0.,1.,0.));
#4468=DIRECTION('center_axis',(0.,1.,0.));
#4469=DIRECTION('ref_axis',(-0.965925826289077,0.,-0.25881904510249));
#4470=DIRECTION('center_axis',(0.,-1.,0.));
#4471=DIRECTION('ref_axis',(-0.973900193662721,0.,-0.226976678942384));
#4472=DIRECTION('center_axis',(-0.866025403784439,0.,-0.5));
#4473=DIRECTION('ref_axis',(0.,1.,0.));
#4474=DIRECTION('center_axis',(0.,1.,0.));
#4475=DIRECTION('ref_axis',(0.,0.,1.));
#4476=DIRECTION('center_axis',(0.865166635234938,-5.09971116813372E-17,
0.501484489566981));
#4477=DIRECTION('ref_axis',(0.501484489566981,0.,-0.865166635234938));
#4478=DIRECTION('center_axis',(0.,-1.,0.));
#4479=DIRECTION('ref_axis',(0.,0.,-1.));
#4480=DIRECTION('',(0.360066009546952,0.,0.932926829268477));
#4481=DIRECTION('center_axis',(0.,-1.,0.));
#4482=DIRECTION('ref_axis',(-0.36006600954774,0.,0.932926829268173));
#4483=DIRECTION('',(0.360066009546952,0.,0.932926829268477));
#4484=DIRECTION('center_axis',(0.,-1.,0.));
#4485=DIRECTION('ref_axis',(-0.360066009547735,0.,0.932926829268175));
#4486=DIRECTION('',(-0.360066009547132,0.,0.932926829268408));
#4487=DIRECTION('center_axis',(0.,-1.,0.));
#4488=DIRECTION('ref_axis',(-0.36006600954774,0.,0.932926829268173));
#4489=DIRECTION('',(-0.360066009547132,0.,0.932926829268408));
#4490=DIRECTION('center_axis',(0.,0.,-1.));
#4491=DIRECTION('ref_axis',(-1.,3.71810289474905E-14,0.));
#4492=DIRECTION('',(0.,0.,-1.));
#4493=DIRECTION('center_axis',(0.,0.,-1.));
#4494=DIRECTION('ref_axis',(0.179241746522302,-0.983805060112843,0.));
#4495=DIRECTION('center_axis',(0.,0.,-1.));
#4496=DIRECTION('ref_axis',(-1.,1.22464679914735E-16,0.));
#4497=DIRECTION('center_axis',(0.,0.,1.));
#4498=DIRECTION('ref_axis',(0.956576610205548,-0.291481026496861,0.));
#4499=DIRECTION('',(0.,0.,-1.));
#4500=DIRECTION('',(0.,0.,1.));
#4501=DIRECTION('',(-1.53134210293125E-15,-3.62694669067132E-31,-1.));
#4502=DIRECTION('',(-1.53134210293125E-15,-3.62694669067132E-31,-1.));
#4503=DIRECTION('',(0.732868893600204,0.,0.680369888217588));
#4504=DIRECTION('center_axis',(0.,1.,0.));
#4505=DIRECTION('ref_axis',(1.,0.,0.));
#4506=DIRECTION('center_axis',(0.,1.,0.));
#4507=DIRECTION('ref_axis',(0.987688340595199,0.,0.156434465039842));
#4508=DIRECTION('',(0.,1.,0.));
#4509=DIRECTION('center_axis',(0.,-1.,0.));
#4510=DIRECTION('ref_axis',(0.987688340595199,0.,0.156434465039842));
#4511=DIRECTION('center_axis',(0.,-1.,0.));
#4512=DIRECTION('ref_axis',(0.987688340595199,0.,0.156434465039842));
#4513=DIRECTION('center_axis',(0.,-1.,0.));
#4514=DIRECTION('ref_axis',(0.987688340595199,0.,0.156434465039842));
#4515=DIRECTION('',(0.,1.,0.));
#4516=DIRECTION('center_axis',(0.,1.,0.));
#4517=DIRECTION('ref_axis',(0.987688340595199,0.,0.156434465039842));
#4518=DIRECTION('center_axis',(0.,1.,0.));
#4519=DIRECTION('ref_axis',(0.987688340595199,0.,0.156434465039842));
#4520=DIRECTION('center_axis',(-0.937564330777156,-0.295038606742838,-0.184188344326204));
#4521=DIRECTION('ref_axis',(9.89455039258113E-16,-0.529563072260714,0.848270565620306));
#4522=DIRECTION('',(0.93715586461514,0.279279927341843,0.209144944001485));
#4523=DIRECTION('center_axis',(-1.,-2.6003998959759E-15,0.));
#4524=DIRECTION('ref_axis',(4.03717463500059E-15,-0.520823697282578,0.853664264420683));
#4525=DIRECTION('',(0.63099820055946,0.,0.775784294047465));
#4526=DIRECTION('center_axis',(-0.945416546054444,-0.267754705760113,0.185728220768414));
#4527=DIRECTION('ref_axis',(-8.84101410690761E-16,-0.569955683688795,-0.821675433873277));
#4528=DIRECTION('',(0.944997730698513,0.250672895505826,-0.210100900601084));
#4529=DIRECTION('center_axis',(-1.,-2.6003998959759E-15,0.));
#4530=DIRECTION('ref_axis',(0.,-0.561956702364157,-0.827166648667608));
#4531=DIRECTION('',(0.702350202584214,4.52933700557342E-16,0.711831576238308));
#4532=DIRECTION('center_axis',(-0.973549471224313,0.222097762089311,-0.0536098046422488));
#4533=DIRECTION('ref_axis',(3.37523122101289E-15,-0.234640533103889,-0.972082208573289));
#4534=DIRECTION('',(0.973092141736206,-0.22918465127694,0.0237924212788408));
#4535=DIRECTION('center_axis',(-1.,-2.6003998959759E-15,0.));
#4536=DIRECTION('ref_axis',(0.,-0.241444619450268,-0.97041459992032));
#4537=DIRECTION('',(0.665363733787263,0.,0.746519324438873));
#4538=DIRECTION('center_axis',(-0.948216228918613,0.313303902019038,0.0522173170031739));
#4539=DIRECTION('ref_axis',(-1.19583890441322E-15,-0.164398987305363,0.986393923832143));
#4540=DIRECTION('',(0.947793681696803,-0.318071666419069,-0.0227497682848862));
#4541=DIRECTION('center_axis',(-1.,-2.6003998959759E-15,0.));
#4542=DIRECTION('ref_axis',(4.03717463500057E-15,-0.173747595646805,0.984790217765669));
#4543=DIRECTION('center_axis',(0.158113883008434,-0.273861278752574,0.948683298050514));
#4544=DIRECTION('ref_axis',(0.986393923832141,0.,-0.164398987305373));
#4545=DIRECTION('center_axis',(0.158113883008434,-0.273861278752574,0.948683298050514));
#4546=DIRECTION('ref_axis',(0.474341649025303,-0.821583836257722,-0.316227766016838));
#4547=DIRECTION('',(-0.866025403784411,-0.500000000000049,0.));
#4548=DIRECTION('center_axis',(0.158113883008434,-0.273861278752574,0.948683298050514));
#4549=DIRECTION('ref_axis',(0.474341649025303,-0.821583836257723,-0.316227766016838));
#4550=DIRECTION('center_axis',(0.133643628788175,0.286599686818267,0.948683298050514));
#4551=DIRECTION('ref_axis',(0.990222718881564,0.,-0.13949540139662));
#4552=DIRECTION('center_axis',(0.133643628788175,0.286599686818267,0.948683298050514));
#4553=DIRECTION('ref_axis',(0.400930886364525,0.8597990604548,-0.316227766016838));
#4554=DIRECTION('',(0.906307787036658,-0.422618261740682,0.));
#4555=DIRECTION('center_axis',(0.,0.,-1.));
#4556=DIRECTION('ref_axis',(1.,0.,0.));
#4557=DIRECTION('center_axis',(0.,0.,-1.));
#4558=DIRECTION('ref_axis',(1.,0.,0.));
#4559=DIRECTION('',(1.,0.,0.));
#4560=DIRECTION('center_axis',(0.,0.,-1.));
#4561=DIRECTION('ref_axis',(0.,1.,0.));
#4562=DIRECTION('',(0.707106781186945,-0.70710678118615,0.));
#4563=DIRECTION('center_axis',(0.133643628788175,0.286599686818267,-0.948683298050514));
#4564=DIRECTION('ref_axis',(-0.990222718881564,0.,-0.13949540139662));
#4565=DIRECTION('center_axis',(0.133643628788175,0.286599686818267,-0.948683298050514));
#4566=DIRECTION('ref_axis',(-0.400930886364525,-0.8597990604548,-0.316227766016838));
#4567=DIRECTION('',(-0.906307787036658,0.422618261740682,0.));
#4568=DIRECTION('center_axis',(0.133643628788175,0.286599686818267,-0.948683298050514));
#4569=DIRECTION('ref_axis',(0.400930886364525,0.8597990604548,0.316227766016838));
#4570=DIRECTION('center_axis',(0.158113883008434,-0.273861278752574,-0.948683298050514));
#4571=DIRECTION('ref_axis',(-0.986393923832141,0.,-0.164398987305373));
#4572=DIRECTION('center_axis',(0.158113883008434,-0.273861278752574,-0.948683298050514));
#4573=DIRECTION('ref_axis',(0.474341649025303,-0.821583836257722,0.316227766016838));
#4574=DIRECTION('center_axis',(0.158113883008434,-0.273861278752574,-0.948683298050514));
#4575=DIRECTION('ref_axis',(0.474341649025303,-0.821583836257723,0.316227766016838));
#4576=DIRECTION('',(0.866025403784411,0.500000000000049,0.));
#4577=DIRECTION('center_axis',(0.,0.,1.));
#4578=DIRECTION('ref_axis',(0.,-1.,0.));
#4579=DIRECTION('center_axis',(0.,0.,1.));
#4580=DIRECTION('ref_axis',(0.,-1.,0.));
#4581=DIRECTION('center_axis',(0.,0.,1.));
#4582=DIRECTION('ref_axis',(1.,0.,0.));
#4583=DIRECTION('center_axis',(0.,0.,-1.));
#4584=DIRECTION('ref_axis',(1.,0.,0.));
#4585=DIRECTION('',(1.,0.,0.));
#4586=DIRECTION('center_axis',(0.,0.,-1.));
#4587=DIRECTION('ref_axis',(0.,-1.,0.));
#4588=DIRECTION('',(-0.707106781186945,-0.70710678118615,0.));
#4589=DIRECTION('center_axis',(-1.,0.,0.));
#4590=DIRECTION('ref_axis',(0.,-0.707106781186548,-0.707106781186548));
#4591=DIRECTION('',(-1.,0.,0.));
#4592=DIRECTION('center_axis',(0.,1.,0.));
#4593=DIRECTION('ref_axis',(1.,0.,0.));
#4594=DIRECTION('',(-0.207911690817759,0.,-0.978147600733806));
#4595=DIRECTION('center_axis',(0.,1.,0.));
#4596=DIRECTION('ref_axis',(0.987688340595199,0.,0.156434465039842));
#4597=DIRECTION('',(1.,2.49800180540662E-15,0.));
#4598=DIRECTION('',(0.,0.,-1.));
#4599=DIRECTION('',(-1.,-2.49800180540662E-15,0.));
#4600=DIRECTION('center_axis',(0.,1.,0.));
#4601=DIRECTION('ref_axis',(0.987688340595199,0.,0.156434465039842));
#4602=DIRECTION('',(0.499999999999321,0.,-0.866025403784831));
#4603=DIRECTION('',(-0.360066009547132,0.,0.932926829268408));
#4604=DIRECTION('center_axis',(0.,-1.,0.));
#4605=DIRECTION('ref_axis',(-0.36006600954774,0.,0.932926829268173));
#4606=DIRECTION('',(0.360066009546952,0.,0.932926829268477));
#4607=DIRECTION('',(0.,0.,1.));
#4608=DIRECTION('',(0.,0.,1.));
#4609=DIRECTION('',(1.,0.,0.));
#4610=DIRECTION('center_axis',(1.,0.,0.));
#4611=DIRECTION('ref_axis',(0.,-0.707106781186548,0.707106781186547));
#4612=DIRECTION('',(-1.,0.,0.));
#4613=DIRECTION('center_axis',(1.,0.,0.));
#4614=DIRECTION('ref_axis',(0.,0.707106781186548,-0.707106781186548));
#4615=DIRECTION('',(1.,0.,0.));
#4616=DIRECTION('',(-1.,0.,0.));
#4617=DIRECTION('center_axis',(0.,1.,0.));
#4618=DIRECTION('ref_axis',(1.,0.,0.));
#4619=DIRECTION('center_axis',(0.,-1.,0.));
#4620=DIRECTION('ref_axis',(0.987688340595199,0.,0.156434465039842));
#4621=DIRECTION('',(-1.,2.49800180540662E-15,0.));
#4622=DIRECTION('',(0.,0.,-1.));
#4623=DIRECTION('',(1.,-2.49800180540662E-15,0.));
#4624=DIRECTION('center_axis',(0.,-1.,0.));
#4625=DIRECTION('ref_axis',(0.987688340595199,0.,0.156434465039842));
#4626=DIRECTION('',(0.207911690817759,0.,0.978147600733806));
#4627=DIRECTION('',(-0.360066009546952,0.,-0.932926829268477));
#4628=DIRECTION('center_axis',(0.,1.,0.));
#4629=DIRECTION('ref_axis',(-0.36006600954774,0.,0.932926829268173));
#4630=DIRECTION('',(0.360066009547132,0.,-0.932926829268408));
#4631=DIRECTION('',(0.,0.,-1.));
#4632=DIRECTION('',(0.,0.,1.));
#4633=DIRECTION('',(-1.,0.,0.));
#4634=DIRECTION('center_axis',(-1.,0.,0.));
#4635=DIRECTION('ref_axis',(0.,0.707106781186548,0.707106781186547));
#4636=DIRECTION('center_axis',(0.,0.,-1.));
#4637=DIRECTION('ref_axis',(1.,0.,0.));
#4638=DIRECTION('',(1.,1.58013613088755E-16,0.));
#4639=DIRECTION('',(-1.48029736616687E-14,-1.,0.));
#4640=DIRECTION('center_axis',(0.,0.,1.));
#4641=DIRECTION('ref_axis',(-1.,0.,0.));
#4642=DIRECTION('',(1.48029736616687E-14,1.,0.));
#4643=DIRECTION('',(-1.,-1.58013613088755E-16,0.));
#4644=DIRECTION('center_axis',(-1.,1.48029736616687E-14,0.));
#4645=DIRECTION('ref_axis',(-1.48029736616687E-14,-1.,0.));
#4646=DIRECTION('',(0.,0.,1.));
#4647=DIRECTION('center_axis',(0.,-1.,0.));
#4648=DIRECTION('ref_axis',(0.,0.,-1.));
#4649=DIRECTION('center_axis',(0.,0.,-1.));
#4650=DIRECTION('ref_axis',(1.,0.,0.));
#4651=DIRECTION('center_axis',(0.,0.,1.));
#4652=DIRECTION('ref_axis',(1.,0.,0.));
#4653=DIRECTION('center_axis',(0.,0.,-1.));
#4654=DIRECTION('ref_axis',(1.,0.,0.));
#4655=DIRECTION('center_axis',(0.,0.,1.));
#4656=DIRECTION('ref_axis',(0.,-1.,0.));
#4657=DIRECTION('',(-0.707106781186945,0.70710678118615,0.));
#4658=DIRECTION('center_axis',(0.,0.,1.));
#4659=DIRECTION('ref_axis',(0.,1.,0.));
#4660=DIRECTION('center_axis',(0.,0.,-1.));
#4661=DIRECTION('ref_axis',(0.,1.,0.));
#4662=DIRECTION('',(0.,0.,1.));
#4663=DIRECTION('center_axis',(0.70710678118615,0.707106781186945,0.));
#4664=DIRECTION('ref_axis',(-0.707106781186945,0.70710678118615,0.));
#4665=DIRECTION('center_axis',(1.58013613088755E-16,-1.,0.));
#4666=DIRECTION('ref_axis',(1.,1.58013613088755E-16,0.));
#4667=DIRECTION('center_axis',(0.,0.,1.));
#4668=DIRECTION('ref_axis',(0.,-1.,0.));
#4669=DIRECTION('center_axis',(0.,-1.,0.));
#4670=DIRECTION('ref_axis',(0.,0.,-1.));
#4671=DIRECTION('center_axis',(0.,0.,-1.));
#4672=DIRECTION('ref_axis',(-1.,0.,0.));
#4673=DIRECTION('',(-1.,1.58013613088755E-16,0.));
#4674=DIRECTION('',(1.48029736616687E-14,-1.,0.));
#4675=DIRECTION('center_axis',(1.,1.48029736616687E-14,0.));
#4676=DIRECTION('ref_axis',(-1.48029736616687E-14,1.,0.));
#4677=DIRECTION('',(0.,0.,1.));
#4678=DIRECTION('',(-1.48029736616687E-14,1.,0.));
#4679=DIRECTION('center_axis',(0.,0.,1.));
#4680=DIRECTION('ref_axis',(1.,0.,0.));
#4681=DIRECTION('',(1.,-1.58013613088755E-16,0.));
#4682=DIRECTION('center_axis',(0.,1.,0.));
#4683=DIRECTION('ref_axis',(0.,0.,1.));
#4684=DIRECTION('center_axis',(-0.70710678118615,0.707106781186945,0.));
#4685=DIRECTION('ref_axis',(-0.707106781186945,-0.70710678118615,0.));
#4686=DIRECTION('',(0.,0.,1.));
#4687=DIRECTION('',(0.707106781186945,0.70710678118615,0.));
#4688=DIRECTION('center_axis',(-1.58013613088755E-16,-1.,0.));
#4689=DIRECTION('ref_axis',(1.,-1.58013613088755E-16,0.));
#4690=DIRECTION('center_axis',(0.,0.,1.));
#4691=DIRECTION('ref_axis',(1.,0.,0.));
#4692=DIRECTION('center_axis',(0.,0.,-1.));
#4693=DIRECTION('ref_axis',(0.,-1.,0.));
#4694=DIRECTION('center_axis',(0.,0.,1.));
#4695=DIRECTION('ref_axis',(0.,-1.,0.));
#4696=DIRECTION('center_axis',(0.,0.,1.));
#4697=DIRECTION('ref_axis',(1.,0.,0.));
#4698=DIRECTION('center_axis',(0.,0.,1.));
#4699=DIRECTION('ref_axis',(0.,-1.,0.));
#4700=DIRECTION('center_axis',(0.,0.,1.));
#4701=DIRECTION('ref_axis',(1.,0.,0.));
#4702=DIRECTION('center_axis',(0.,0.,1.));
#4703=DIRECTION('ref_axis',(0.,-1.,0.));
#4704=DIRECTION('center_axis',(0.,1.,0.));
#4705=DIRECTION('ref_axis',(0.,0.,1.));
#4706=DIRECTION('center_axis',(0.370285035284704,-0.928918184042171,-1.90982658503075E-14));
#4707=DIRECTION('ref_axis',(0.,2.05596856412066E-14,-1.));
#4708=DIRECTION('center_axis',(0.,0.,-1.));
#4709=DIRECTION('ref_axis',(-1.,0.,0.));
#4710=DIRECTION('center_axis',(-0.426124402796527,-0.904664575044974,0.));
#4711=DIRECTION('ref_axis',(0.,0.,-1.));
#4712=DIRECTION('center_axis',(0.,0.,1.));
#4713=DIRECTION('ref_axis',(-0.940353028033811,-0.340200209681949,0.));
#4714=DIRECTION('center_axis',(0.,0.,-1.));
#4715=DIRECTION('ref_axis',(-0.940353028033811,-0.340200209681949,0.));
#4716=DIRECTION('center_axis',(0.,0.,1.));
#4717=DIRECTION('ref_axis',(1.,0.,0.));
#4718=DIRECTION('center_axis',(-0.370285035284706,-0.928918184042171,6.3660886167689E-16));
#4719=DIRECTION('ref_axis',(0.,-6.85322854706857E-16,-1.));
#4720=DIRECTION('center_axis',(0.,0.,-1.));
#4721=DIRECTION('ref_axis',(0.923333534513044,-0.383998937555364,0.));
#4722=DIRECTION('center_axis',(0.,0.,1.));
#4723=DIRECTION('ref_axis',(0.923333534513044,-0.383998937555364,0.));
#4724=DIRECTION('center_axis',(0.,0.,1.));
#4725=DIRECTION('ref_axis',(1.,0.,0.));
#4726=DIRECTION('center_axis',(0.459225426225019,-0.88831976669916,0.));
#4727=DIRECTION('ref_axis',(0.,0.,-1.));
#4728=DIRECTION('center_axis',(0.,0.,-1.));
#4729=DIRECTION('ref_axis',(0.916088272730502,0.400976653392246,0.));
#4730=DIRECTION('center_axis',(0.,0.,1.));
#4731=DIRECTION('ref_axis',(0.916088272730502,0.400976653392246,0.));
#4732=DIRECTION('center_axis',(0.,0.,-1.));
#4733=DIRECTION('ref_axis',(-1.,0.,0.));
#4734=DIRECTION('center_axis',(0.,0.,1.));
#4735=DIRECTION('ref_axis',(-0.95965117843001,0.28119320002072,0.));
#4736=DIRECTION('center_axis',(0.,0.,-1.));
#4737=DIRECTION('ref_axis',(-0.95965117843001,0.28119320002072,0.));
#4738=DIRECTION('center_axis',(0.,0.,1.));
#4739=DIRECTION('ref_axis',(-0.95965117843001,0.28119320002072,0.));
#4740=DIRECTION('',(0.,0.,-1.));
#4741=DIRECTION('center_axis',(0.,0.,1.));
#4742=DIRECTION('ref_axis',(1.,0.,0.));
#4743=DIRECTION('',(1.,0.,0.));
#4744=DIRECTION('center_axis',(0.,0.,1.));
#4745=DIRECTION('ref_axis',(0.882737172877082,-0.469867091442864,0.));
#4746=DIRECTION('',(0.,0.,1.));
#4747=DIRECTION('',(1.,0.,0.));
#4748=DIRECTION('',(1.,0.,0.));
#4749=DIRECTION('',(1.,0.,0.));
#4750=DIRECTION('',(1.,0.,0.));
#4751=DIRECTION('center_axis',(0.,0.,1.));
#4752=DIRECTION('ref_axis',(1.,0.,0.));
#4753=DIRECTION('center_axis',(0.,0.,1.));
#4754=DIRECTION('ref_axis',(-0.959651178430011,0.281193200020717,0.));
#4755=DIRECTION('center_axis',(-0.45922542622502,0.888319766699159,0.));
#4756=DIRECTION('ref_axis',(0.,0.,1.));
#4757=DIRECTION('center_axis',(0.,0.,-1.));
#4758=DIRECTION('ref_axis',(-0.95965117843001,0.28119320002072,0.));
#4759=DIRECTION('center_axis',(0.,0.,1.));
#4760=DIRECTION('ref_axis',(-0.95965117843001,0.28119320002072,0.));
#4761=DIRECTION('center_axis',(0.,0.,-1.));
#4762=DIRECTION('ref_axis',(-1.,0.,0.));
#4763=DIRECTION('center_axis',(-0.370285035284704,0.928918184042172,6.3660886167689E-16));
#4764=DIRECTION('ref_axis',(0.,-6.85322854706857E-16,1.));
#4765=DIRECTION('center_axis',(0.,0.,1.));
#4766=DIRECTION('ref_axis',(0.916088272730502,0.400976653392246,0.));
#4767=DIRECTION('center_axis',(0.,0.,-1.));
#4768=DIRECTION('ref_axis',(0.916088272730502,0.400976653392246,0.));
#4769=DIRECTION('center_axis',(0.370285035284702,0.928918184042172,-3.43768785305536E-13));
#4770=DIRECTION('ref_axis',(0.,3.70074341541719E-13,1.));
#4771=DIRECTION('center_axis',(0.,0.,-1.));
#4772=DIRECTION('ref_axis',(-1.,0.,0.));
#4773=DIRECTION('center_axis',(0.426124402796529,0.904664575044973,0.));
#4774=DIRECTION('ref_axis',(0.,0.,1.));
#4775=DIRECTION('center_axis',(0.,0.,1.));
#4776=DIRECTION('ref_axis',(0.923333534513044,-0.383998937555364,0.));
#4777=DIRECTION('center_axis',(0.,0.,-1.));
#4778=DIRECTION('ref_axis',(0.923333534513044,-0.383998937555364,0.));
#4779=DIRECTION('center_axis',(0.,0.,1.));
#4780=DIRECTION('ref_axis',(-0.940353028033813,-0.340200209681945,0.));
#4781=DIRECTION('center_axis',(0.,0.,-1.));
#4782=DIRECTION('ref_axis',(-0.940353028033811,-0.340200209681949,0.));
#4783=DIRECTION('center_axis',(0.,0.,1.));
#4784=DIRECTION('ref_axis',(-0.940353028033811,-0.340200209681949,0.));
#4785=DIRECTION('center_axis',(0.,0.,1.));
#4786=DIRECTION('ref_axis',(1.,0.,0.));
#4787=DIRECTION('',(1.,0.,0.));
#4788=DIRECTION('center_axis',(0.,0.,1.));
#4789=DIRECTION('ref_axis',(-0.95965117843001,0.28119320002072,0.));
#4790=DIRECTION('',(0.,0.,-1.));
#4791=DIRECTION('center_axis',(0.,0.,1.));
#4792=DIRECTION('ref_axis',(0.882737172877082,-0.469867091442864,0.));
#4793=DIRECTION('',(0.,0.,1.));
#4794=DIRECTION('center_axis',(0.,0.,1.));
#4795=DIRECTION('ref_axis',(0.882737172877082,-0.469867091442864,0.));
#4796=DIRECTION('',(-1.,0.,0.));
#4797=DIRECTION('',(1.,0.,0.));
#4798=DIRECTION('',(1.,0.,0.));
#4799=DIRECTION('center_axis',(0.,0.,1.));
#4800=DIRECTION('ref_axis',(1.,0.,0.));
#4801=DIRECTION('',(-2.6003998959759E-15,1.,1.58603289232165E-16));
#4802=DIRECTION('center_axis',(0.,0.,1.));
#4803=DIRECTION('ref_axis',(1.,0.,0.));
#4804=DIRECTION('center_axis',(0.,0.,1.));
#4805=DIRECTION('ref_axis',(1.,0.,0.));
#4806=DIRECTION('',(-2.6003998959759E-15,1.,-1.58603289232165E-16));
#4807=DIRECTION('',(1.,0.,0.));
#4808=DIRECTION('center_axis',(0.,0.,1.));
#4809=DIRECTION('ref_axis',(1.,0.,0.));
#4810=DIRECTION('',(2.6003998959759E-15,-1.,1.58603289232165E-16));
#4811=DIRECTION('center_axis',(0.,0.,1.));
#4812=DIRECTION('ref_axis',(0.882737172877082,-0.469867091442864,0.));
#4813=DIRECTION('center_axis',(0.,0.,1.));
#4814=DIRECTION('ref_axis',(1.,0.,0.));
#4815=DIRECTION('',(2.6003998959759E-15,-1.,-1.58603289232165E-16));
#4816=DIRECTION('center_axis',(-1.,-2.6003998959759E-15,0.));
#4817=DIRECTION('ref_axis',(2.6003998959759E-15,-1.,0.));
#4818=DIRECTION('center_axis',(0.,0.,1.));
#4819=DIRECTION('ref_axis',(-0.940353028033813,-0.340200209681943,0.));
#4820=DIRECTION('center_axis',(0.,0.,1.));
#4821=DIRECTION('ref_axis',(1.,0.,0.));
#4822=DIRECTION('',(0.,0.,1.));
#4823=DIRECTION('center_axis',(0.,0.,1.));
#4824=DIRECTION('ref_axis',(1.,0.,0.));
#4825=DIRECTION('center_axis',(0.,0.,1.));
#4826=DIRECTION('ref_axis',(1.,0.,0.));
#4827=DIRECTION('',(0.,0.,1.));
#4828=DIRECTION('center_axis',(0.,0.,1.));
#4829=DIRECTION('ref_axis',(1.,0.,0.));
#4830=DIRECTION('center_axis',(0.,0.,1.));
#4831=DIRECTION('ref_axis',(-0.940353028033813,-0.340200209681943,0.));
#4832=DIRECTION('center_axis',(0.207911690817759,0.,0.978147600733806));
#4833=DIRECTION('ref_axis',(0.691654801480226,-0.707106781186548,-0.147015766465198));
#4834=DIRECTION('',(-0.207911690817759,0.,-0.978147600733806));
#4835=DIRECTION('center_axis',(0.978147600733806,0.,-0.207911690817759));
#4836=DIRECTION('ref_axis',(-0.207911690817759,0.,-0.978147600733806));
#4837=DIRECTION('',(0.207911690817759,0.,0.978147600733806));
#4838=DIRECTION('center_axis',(0.866025403784831,0.,0.499999999999321));
#4839=DIRECTION('ref_axis',(0.499999999999321,0.,-0.866025403784831));
#4840=DIRECTION('',(-0.499999999999321,0.,0.866025403784831));
#4841=DIRECTION('center_axis',(0.499999999999321,0.,-0.866025403784831));
#4842=DIRECTION('ref_axis',(0.612372435696072,0.707106781186547,0.353553390592794));
#4843=DIRECTION('center_axis',(-0.207911690817759,0.,-0.978147600733806));
#4844=DIRECTION('ref_axis',(0.691654801480226,0.707106781186548,-0.147015766465198));
#4845=DIRECTION('center_axis',(-0.932926829268408,0.,-0.360066009547132));
#4846=DIRECTION('ref_axis',(-0.360066009547132,0.,0.932926829268408));
#4847=DIRECTION('',(0.,1.,0.));
#4848=DIRECTION('center_axis',(-0.932926829268408,0.,-0.360066009547132));
#4849=DIRECTION('ref_axis',(-0.360066009547132,0.,0.932926829268408));
#4850=DIRECTION('',(0.,1.,0.));
#4851=DIRECTION('',(0.360066009547132,0.,-0.932926829268408));
#4852=DIRECTION('center_axis',(0.,1.,0.));
#4853=DIRECTION('ref_axis',(1.,0.,1.52858755463634E-13));
#4854=DIRECTION('center_axis',(0.295017367076719,0.948683298050514,0.113862869817687));
#4855=DIRECTION('ref_axis',(0.885052101229939,-0.316227766016837,0.341588609453638));
#4856=DIRECTION('center_axis',(0.,1.,0.));
#4857=DIRECTION('ref_axis',(-0.36006600954774,0.,0.932926829268173));
#4858=DIRECTION('center_axis',(0.295017367076743,0.948683298050514,-0.11386286981763));
#4859=DIRECTION('ref_axis',(-0.885052101230228,0.316227766016838,0.34158860945289));
#4860=DIRECTION('',(0.,-1.,0.));
#4861=DIRECTION('center_axis',(0.,1.,0.));
#4862=DIRECTION('ref_axis',(1.,0.,1.52858755463634E-13));
#4863=DIRECTION('',(0.,-1.,0.));
#4864=DIRECTION('center_axis',(0.,1.,0.));
#4865=DIRECTION('ref_axis',(-0.36006600954774,0.,0.932926829268173));
#4866=DIRECTION('center_axis',(-0.295017367076743,0.948683298050514,0.11386286981763));
#4867=DIRECTION('ref_axis',(-0.885052101230228,-0.316227766016838,0.34158860945289));
#4868=DIRECTION('center_axis',(0.,1.,0.));
#4869=DIRECTION('ref_axis',(-0.36006600954774,0.,0.932926829268173));
#4870=DIRECTION('center_axis',(-0.295017367076719,0.948683298050514,-0.113862869817687));
#4871=DIRECTION('ref_axis',(0.885052101229939,0.316227766016837,0.341588609453638));
#4872=DIRECTION('center_axis',(0.,1.,0.));
#4873=DIRECTION('ref_axis',(-0.36006600954774,0.,0.932926829268173));
#4874=DIRECTION('center_axis',(-0.932926829268477,0.,0.360066009546952));
#4875=DIRECTION('ref_axis',(0.360066009546952,0.,0.932926829268477));
#4876=DIRECTION('center_axis',(-0.932926829268477,0.,0.360066009546952));
#4877=DIRECTION('ref_axis',(0.360066009546952,0.,0.932926829268477));
#4878=DIRECTION('',(-0.360066009546952,0.,-0.932926829268477));
#4879=DIRECTION('center_axis',(-0.0829143993204778,0.996545428737607,-0.0047340096645506));
#4880=DIRECTION('ref_axis',(0.996556595639119,0.0829153284270739,0.));
#4881=DIRECTION('center_axis',(0.,0.,1.));
#4882=DIRECTION('ref_axis',(0.214805292509492,0.976656892828752,0.));
#4883=DIRECTION('center_axis',(0.,0.,-1.));
#4884=DIRECTION('ref_axis',(-0.62503645280986,0.780595562797322,0.));
#4885=DIRECTION('center_axis',(0.,0.,1.));
#4886=DIRECTION('ref_axis',(-0.62503645280986,0.780595562797322,0.));
#4887=DIRECTION('',(0.,0.,1.));
#4888=DIRECTION('',(0.,0.,-1.));
#4889=DIRECTION('center_axis',(0.,0.,1.));
#4890=DIRECTION('ref_axis',(1.,0.,0.));
#4891=DIRECTION('center_axis',(0.,0.,1.));
#4892=DIRECTION('ref_axis',(1.,0.,0.));
#4893=DIRECTION('center_axis',(0.,0.,-1.));
#4894=DIRECTION('ref_axis',(1.,0.,0.));
#4895=DIRECTION('center_axis',(0.,0.,1.));
#4896=DIRECTION('ref_axis',(1.,0.,0.));
#4897=DIRECTION('center_axis',(0.,0.,1.));
#4898=DIRECTION('ref_axis',(-0.62503645280986,-0.780595562797322,0.));
#4899=DIRECTION('center_axis',(0.,0.,-1.));
#4900=DIRECTION('ref_axis',(1.,0.,0.));
#4901=DIRECTION('center_axis',(0.,0.,1.));
#4902=DIRECTION('ref_axis',(1.,0.,0.));
#4903=DIRECTION('',(0.,0.,1.));
#4904=DIRECTION('',(0.,0.,1.));
#4905=DIRECTION('center_axis',(0.,0.,1.));
#4906=DIRECTION('ref_axis',(-0.62503645280986,-0.780595562797322,0.));
#4907=DIRECTION('',(0.,0.,1.));
#4908=DIRECTION('center_axis',(-2.21853722954E-15,-4.87943659675885E-16,
-1.));
#4909=DIRECTION('ref_axis',(0.214805292509493,-0.976656892828751,0.));
#4910=DIRECTION('',(0.,0.,-1.));
#4911=DIRECTION('center_axis',(0.0829143993204708,0.996545428737607,0.00473400966455151));
#4912=DIRECTION('ref_axis',(0.99655659563912,-0.0829153284270669,0.));
#4913=DIRECTION('center_axis',(0.,0.,1.));
#4914=DIRECTION('ref_axis',(1.,0.,0.));
#4915=DIRECTION('',(0.,0.,-1.));
#4916=DIRECTION('',(0.,0.,1.));
#4917=DIRECTION('center_axis',(0.,0.,1.));
#4918=DIRECTION('ref_axis',(-1.,-1.50400768908225E-12,0.));
#4919=DIRECTION('center_axis',(0.,0.,-1.));
#4920=DIRECTION('ref_axis',(-1.,0.,0.));
#4921=DIRECTION('center_axis',(0.,0.,-1.));
#4922=DIRECTION('ref_axis',(-1.,0.,0.));
#4923=DIRECTION('center_axis',(0.,0.,1.));
#4924=DIRECTION('ref_axis',(1.,0.,0.));
#4925=DIRECTION('center_axis',(0.,0.,1.));
#4926=DIRECTION('ref_axis',(1.,0.,0.));
#4927=DIRECTION('center_axis',(0.,0.,1.));
#4928=DIRECTION('ref_axis',(1.,0.,0.));
#4929=DIRECTION('',(0.,0.,-1.));
#4930=DIRECTION('center_axis',(0.,0.,1.));
#4931=DIRECTION('ref_axis',(1.,0.,0.));
#4932=DIRECTION('center_axis',(-0.295017367076719,0.948683298050514,-0.113862869817687));
#4933=DIRECTION('ref_axis',(0.,0.119166756861386,0.992874253900835));
#4934=DIRECTION('',(0.360066009547132,0.,-0.932926829268408));
#4935=DIRECTION('',(0.360066009547132,0.,-0.932926829268408));
#4936=DIRECTION('center_axis',(0.295017367076719,-0.948683298050514,0.113862869817687));
#4937=DIRECTION('ref_axis',(0.885052101229941,0.316227766016837,0.341588609453633));
#4938=DIRECTION('center_axis',(0.295017367076743,0.948683298050514,-0.11386286981763));
#4939=DIRECTION('ref_axis',(0.,0.119166756861328,0.992874253900842));
#4940=DIRECTION('',(-0.360066009546952,0.,-0.932926829268477));
#4941=DIRECTION('center_axis',(-0.295017367076743,-0.948683298050514,0.11386286981763));
#4942=DIRECTION('ref_axis',(-0.885052101230228,0.316227766016838,0.34158860945289));
#4943=DIRECTION('center_axis',(0.,-1.,0.));
#4944=DIRECTION('ref_axis',(0.,0.,-1.));
#4945=DIRECTION('',(0.360066009547132,0.,-0.932926829268408));
#4946=DIRECTION('center_axis',(0.,-1.,0.));
#4947=DIRECTION('ref_axis',(-0.360066009547735,0.,0.932926829268175));
#4948=DIRECTION('center_axis',(0.,1.,0.));
#4949=DIRECTION('ref_axis',(1.,0.,3.77938421299912E-14));
#4950=DIRECTION('center_axis',(-0.295017367076719,-0.948683298050514,-0.113862869817687));
#4951=DIRECTION('ref_axis',(0.885052101229941,-0.316227766016837,0.341588609453633));
#4952=DIRECTION('center_axis',(0.295017367076719,0.948683298050514,0.113862869817687));
#4953=DIRECTION('ref_axis',(0.,-0.119166756861386,0.992874253900835));
#4954=DIRECTION('center_axis',(-0.295017367076743,0.948683298050514,0.11386286981763));
#4955=DIRECTION('ref_axis',(0.,-0.119166756861328,0.992874253900842));
#4956=DIRECTION('',(-0.360066009546952,0.,-0.932926829268477));
#4957=DIRECTION('center_axis',(0.295017367076743,-0.948683298050514,-0.11386286981763));
#4958=DIRECTION('ref_axis',(-0.885052101230228,-0.316227766016838,0.34158860945289));
#4959=DIRECTION('',(-0.360066009546952,0.,-0.932926829268477));
#4960=DIRECTION('center_axis',(0.,-1.,0.));
#4961=DIRECTION('ref_axis',(0.,0.,-1.));
#4962=DIRECTION('center_axis',(0.,-1.,0.));
#4963=DIRECTION('ref_axis',(-0.360066009547735,0.,0.932926829268175));
#4964=DIRECTION('center_axis',(0.,1.,0.));
#4965=DIRECTION('ref_axis',(1.,0.,3.77938421299912E-14));
#4966=DIRECTION('center_axis',(0.,1.,0.));
#4967=DIRECTION('ref_axis',(-0.360066009547735,0.,0.932926829268175));
#4968=DIRECTION('center_axis',(0.,-1.,0.));
#4969=DIRECTION('ref_axis',(0.,0.,-1.));
#4970=DIRECTION('center_axis',(0.,-1.,0.));
#4971=DIRECTION('ref_axis',(0.,0.,-1.));
#4972=CARTESIAN_POINT('',(0.,0.,0.));
#4973=CARTESIAN_POINT('Origin',(2.98811657095532,0.,6.17556971983311));
#4974=CARTESIAN_POINT('',(2.79285851191927,6.65,5.71527167466946));
#4975=CARTESIAN_POINT('',(3.42112927284754,6.65,5.92556971983311));
#4976=CARTESIAN_POINT('Origin',(2.98811657095532,6.65,6.17556971983311));
#4977=CARTESIAN_POINT('',(2.79285851191927,4.15,5.71527167466946));
#4978=CARTESIAN_POINT('',(2.79285851191927,0.,5.71527167466946));
#4979=CARTESIAN_POINT('',(3.42112927284754,4.15,5.92556971983311));
#4980=CARTESIAN_POINT('Origin',(2.98811657095532,4.15,6.17556971983311));
#4981=CARTESIAN_POINT('',(3.42112927284754,0.,5.92556971983311));
#4982=CARTESIAN_POINT('Origin',(5.48482755730145,0.,9.50000000000001));
#4983=CARTESIAN_POINT('',(4.6188021535191,4.15,8.00000000000363));
#4984=CARTESIAN_POINT('',(2.75061089850748,4.15,4.76419782806764));
#4985=CARTESIAN_POINT('',(5.20859218705877,3.74838205966252,9.02154630393963));
#4986=CARTESIAN_POINT('Origin',(4.6188021535191,2.65,8.00000000000363));
#4987=CARTESIAN_POINT('',(5.20859218708781,6.65,9.02154630394238));
#4988=CARTESIAN_POINT('Ctrl Pts',(5.20859218708781,6.65,9.02154630394238));
#4989=CARTESIAN_POINT('Ctrl Pts',(5.20859218708781,5.68279401988751,9.02154630394238));
#4990=CARTESIAN_POINT('Ctrl Pts',(5.20859218705877,4.71558803977501,9.02154630393963));
#4991=CARTESIAN_POINT('Ctrl Pts',(5.20859218705877,3.74838205966252,9.02154630393963));
#4992=CARTESIAN_POINT('',(0.,6.65,0.));
#4993=CARTESIAN_POINT('Origin',(2.98811657095532,0.,6.17556971983311));
#4994=CARTESIAN_POINT('',(3.42112927284754,-6.65,5.92556971983311));
#4995=CARTESIAN_POINT('',(2.79285851191927,-6.65,5.71527167466946));
#4996=CARTESIAN_POINT('Origin',(2.98811657095532,-6.65,6.17556971983311));
#4997=CARTESIAN_POINT('',(3.42112927284754,-4.15,5.92556971983311));
#4998=CARTESIAN_POINT('',(3.42112927284754,0.,5.92556971983311));
#4999=CARTESIAN_POINT('',(2.79285851191927,-4.15,5.71527167466946));
#5000=CARTESIAN_POINT('Origin',(2.98811657095532,-4.15,6.17556971983311));
#5001=CARTESIAN_POINT('',(2.79285851191927,0.,5.71527167466946));
#5002=CARTESIAN_POINT('Origin',(5.48482755730145,0.,9.50000000000001));
#5003=CARTESIAN_POINT('',(5.20859218708781,-6.65,9.02154630394238));
#5004=CARTESIAN_POINT('',(0.,-6.65,0.));
#5005=CARTESIAN_POINT('',(5.20859218708628,-3.74838205962867,9.02154630394224));
#5006=CARTESIAN_POINT('Ctrl Pts',(5.20859218708628,-3.74838205962867,9.02154630394224));
#5007=CARTESIAN_POINT('Ctrl Pts',(5.2085921870896,-4.71558803975245,9.02154630394256));
#5008=CARTESIAN_POINT('Ctrl Pts',(5.20859218708824,-5.68279401987622,9.02154630394242));
#5009=CARTESIAN_POINT('Ctrl Pts',(5.20859218708781,-6.65,9.02154630394238));
#5010=CARTESIAN_POINT('',(4.6188021535191,-4.15,8.00000000000363));
#5011=CARTESIAN_POINT('Origin',(4.6188021535191,-2.65,8.00000000000363));
#5012=CARTESIAN_POINT('',(2.75061089850748,-4.15,4.76419782806764));
#5013=CARTESIAN_POINT('Origin',(-2.00758622134928,-6.65,1.69675885398896));
#5014=CARTESIAN_POINT('',(-5.54977477020482,-6.65,-4.09999999999976));
#5015=CARTESIAN_POINT('',(-8.56971411425152,-6.65,-4.0999999999998));
#5016=CARTESIAN_POINT('',(-5.28865016780036,-6.65,-4.09999999999976));
#5017=CARTESIAN_POINT('',(-5.28570665752098,-6.65,-4.4352345068371));
#5018=CARTESIAN_POINT('Origin',(0.,-6.65,0.));
#5019=CARTESIAN_POINT('',(-7.27742220963033,-6.65,-6.10648229202208));
#5020=CARTESIAN_POINT('',(0.,-6.65,0.));
#5021=CARTESIAN_POINT('Origin',(0.,-6.65,0.));
#5022=CARTESIAN_POINT('Origin',(-2.00758622134928,-6.65,1.69675885398896));
#5023=CARTESIAN_POINT('',(0.,-6.65,6.9));
#5024=CARTESIAN_POINT('',(3.2,-6.65,5.54256258422041));
#5025=CARTESIAN_POINT('',(-5.54977477018216,-6.65,4.10000000003044));
#5026=CARTESIAN_POINT('Origin',(0.,-6.65,0.));
#5027=CARTESIAN_POINT('',(-8.56971411422901,-6.65,4.10000000004684));
#5028=CARTESIAN_POINT('',(-1.79499698265093,-6.65,4.10000000001005));
#5029=CARTESIAN_POINT('',(-5.55111512312578E-15,-6.65,9.5));
#5030=CARTESIAN_POINT('Origin',(0.,-6.65,0.));
#5031=CARTESIAN_POINT('Ctrl Pts',(5.20859218708781,-6.65,9.02154630394238));
#5032=CARTESIAN_POINT('Ctrl Pts',(5.01047321903028,-6.65,9.05800717625534));
#5033=CARTESIAN_POINT('Ctrl Pts',(4.81598437587096,-6.65,9.09213173840774));
#5034=CARTESIAN_POINT('Ctrl Pts',(4.62536656358095,-6.65,9.12393203190437));
#5035=CARTESIAN_POINT('Ctrl Pts',(4.43474875129101,-6.65,9.15573232540098));
#5036=CARTESIAN_POINT('Ctrl Pts',(4.24800196987037,-6.65,9.18520835024183));
#5037=CARTESIAN_POINT('Ctrl Pts',(4.06532889382784,-6.65,9.21240758414738));
#5038=CARTESIAN_POINT('Ctrl Pts',(3.88265581778522,-6.65,9.23960681805295));
#5039=CARTESIAN_POINT('Ctrl Pts',(3.70405644712072,-6.65,9.26452926102321));
#5040=CARTESIAN_POINT('Ctrl Pts',(3.52969522488093,-6.65,9.28725782699429));
#5041=CARTESIAN_POINT('Ctrl Pts',(3.35533400264113,-6.65,9.30998639296538));
#5042=CARTESIAN_POINT('Ctrl Pts',(3.18521092882603,-6.65,9.33052108193729));
#5043=CARTESIAN_POINT('Ctrl Pts',(3.01945221501997,-6.65,9.34898024406183));
#5044=CARTESIAN_POINT('Ctrl Pts',(2.85369350121392,-6.65,9.36743940618636));
#5045=CARTESIAN_POINT('Ctrl Pts',(2.6922991474169,-6.65,9.38382304146351));
#5046=CARTESIAN_POINT('Ctrl Pts',(2.535357133751,-6.65,9.39828493626075));
#5047=CARTESIAN_POINT('Ctrl Pts',(2.37841512008501,-6.65,9.412746831058));
#5048=CARTESIAN_POINT('Ctrl Pts',(2.22592544655015,-6.65,9.42528698537533));
#5049=CARTESIAN_POINT('Ctrl Pts',(2.07793786180622,-6.65,9.43609462179588));
#5050=CARTESIAN_POINT('Ctrl Pts',(1.92995027706236,-6.65,9.44690225821642));
#5051=CARTESIAN_POINT('Ctrl Pts',(1.78646478110943,-6.65,9.45597737674018));
#5052=CARTESIAN_POINT('Ctrl Pts',(1.64749289114503,-6.65,9.46354463616596));
#5053=CARTESIAN_POINT('Ctrl Pts',(1.50852100118064,-6.65,9.47111189559173));
#5054=CARTESIAN_POINT('Ctrl Pts',(1.37406271720478,-6.65,9.47717129591953));
#5055=CARTESIAN_POINT('Ctrl Pts',(1.24409132495276,-6.65,9.4819829321638));
#5056=CARTESIAN_POINT('Ctrl Pts',(1.11411993270073,-6.65,9.48679456840807));
#5057=CARTESIAN_POINT('Ctrl Pts',(0.98863543217256,-6.65,9.49035844056883));
#5058=CARTESIAN_POINT('Ctrl Pts',(0.867572877641318,-6.65,9.4929700798762));
#5059=CARTESIAN_POINT('Ctrl Pts',(0.74651032311004,-6.65,9.49558171918357));
#5060=CARTESIAN_POINT('Ctrl Pts',(0.629869714575697,-6.65,9.49724112563755));
#5061=CARTESIAN_POINT('Ctrl Pts',(0.517547874849118,-6.65,9.49827926668395));
#5062=CARTESIAN_POINT('Ctrl Pts',(0.405226035122586,-6.65,9.49931740773035));
#5063=CARTESIAN_POINT('Ctrl Pts',(0.297222964203816,-6.65,9.49973428336917));
#5064=CARTESIAN_POINT('Ctrl Pts',(0.193397253441389,-6.65,9.49989629726186));
#5065=CARTESIAN_POINT('Ctrl Pts',(0.127251671828652,-6.65,9.49999951353732));
#5066=CARTESIAN_POINT('Ctrl Pts',(0.062800806256713,-6.65,9.50000000000031));
#5067=CARTESIAN_POINT('Ctrl Pts',(0.,-6.65,9.50000000000031));
#5068=CARTESIAN_POINT('Origin',(-5.28570665752098,0.,-4.4352345068371));
#5069=CARTESIAN_POINT('',(-5.28570665752098,4.15,-4.4352345068371));
#5070=CARTESIAN_POINT('',(-7.27742220963033,4.15,-6.10648229202209));
#5071=CARTESIAN_POINT('',(-3.01924875431423,4.15,-2.5334505161775));
#5072=CARTESIAN_POINT('',(-5.28570665752098,6.65,-4.4352345068371));
#5073=CARTESIAN_POINT('',(-5.28570665752098,0.,-4.4352345068371));
#5074=CARTESIAN_POINT('',(-7.27742220963033,6.65,-6.10648229202208));
#5075=CARTESIAN_POINT('',(0.,6.65,0.));
#5076=CARTESIAN_POINT('',(-7.27742220963033,-9.,-6.10648229202208));
#5077=CARTESIAN_POINT('Origin',(0.,0.,0.));
#5078=CARTESIAN_POINT('',(0.,4.15,6.9));
#5079=CARTESIAN_POINT('',(-5.54977477018216,4.15,4.10000000003044));
#5080=CARTESIAN_POINT('Origin',(0.,4.15,0.));
#5081=CARTESIAN_POINT('',(0.,6.65,6.9));
#5082=CARTESIAN_POINT('',(0.,0.,6.9));
#5083=CARTESIAN_POINT('',(-5.54977477018216,6.65,4.10000000003044));
#5084=CARTESIAN_POINT('Origin',(0.,6.65,0.));
#5085=CARTESIAN_POINT('',(-5.54977477018216,0.,4.10000000003044));
#5086=CARTESIAN_POINT('Origin',(0.,0.,0.));
#5087=CARTESIAN_POINT('',(-5.54977477020482,4.15,-4.09999999999976));
#5088=CARTESIAN_POINT('Origin',(0.,4.15,0.));
#5089=CARTESIAN_POINT('',(-5.54977477020482,6.65,-4.09999999999976));
#5090=CARTESIAN_POINT('',(-5.54977477020482,0.,-4.09999999999976));
#5091=CARTESIAN_POINT('Origin',(0.,6.65,0.));
#5092=CARTESIAN_POINT('Origin',(0.,0.,0.));
#5093=CARTESIAN_POINT('',(-5.54977477020482,-4.15,-4.09999999999976));
#5094=CARTESIAN_POINT('',(-5.54977477020482,0.,-4.09999999999976));
#5095=CARTESIAN_POINT('',(-5.28570665752098,-4.15,-4.4352345068371));
#5096=CARTESIAN_POINT('Origin',(0.,-4.15,0.));
#5097=CARTESIAN_POINT('',(-5.28570665752098,0.,-4.4352345068371));
#5098=CARTESIAN_POINT('Origin',(3.2,0.,5.54256258422041));
#5099=CARTESIAN_POINT('',(3.2,6.65,5.54256258422041));
#5100=CARTESIAN_POINT('',(1.48834683391682,4.15,6.26864447499507));
#5101=CARTESIAN_POINT('Origin',(-2.00758622134928,6.65,1.69675885398896));
#5102=CARTESIAN_POINT('',(-5.55111512312578E-15,6.65,9.5));
#5103=CARTESIAN_POINT('Ctrl Pts',(0.,6.65,9.50000000000031));
#5104=CARTESIAN_POINT('Ctrl Pts',(0.0985755690263976,6.65,9.50000000000031));
#5105=CARTESIAN_POINT('Ctrl Pts',(0.201218472285719,6.65,9.49999704698233));
#5106=CARTESIAN_POINT('Ctrl Pts',(0.308094475039011,6.65,9.499602161479));
#5107=CARTESIAN_POINT('Ctrl Pts',(0.414970477792305,6.65,9.49920727597567));
#5108=CARTESIAN_POINT('Ctrl Pts',(0.526079580039571,6.65,9.49842045798698));
#5109=CARTESIAN_POINT('Ctrl Pts',(0.641549315579605,6.65,9.49688816426122));
#5110=CARTESIAN_POINT('Ctrl Pts',(0.757019051119628,6.65,9.49535587053546));
#5111=CARTESIAN_POINT('Ctrl Pts',(0.876849419952419,6.65,9.49307810107262));
#5112=CARTESIAN_POINT('Ctrl Pts',(1.00112972441452,6.65,9.48973674883665));
#5113=CARTESIAN_POINT('Ctrl Pts',(1.12541002887661,6.65,9.48639539660069));
#5114=CARTESIAN_POINT('Ctrl Pts',(1.254140268968,6.65,9.4819904615916));
#5115=CARTESIAN_POINT('Ctrl Pts',(1.38737151556301,6.65,9.476239272989));
#5116=CARTESIAN_POINT('Ctrl Pts',(1.52060276215805,6.65,9.47048808438639));
#5117=CARTESIAN_POINT('Ctrl Pts',(1.65833501525671,6.65,9.46339064219028));
#5118=CARTESIAN_POINT('Ctrl Pts',(1.80058111427103,6.65,9.45469971179594));
#5119=CARTESIAN_POINT('Ctrl Pts',(1.94282721328536,6.65,9.4460087814016));
#5120=CARTESIAN_POINT('Ctrl Pts',(2.08958715821536,6.65,9.43572436280903));
#5121=CARTESIAN_POINT('Ctrl Pts',(2.24083555701081,6.65,9.42363465762919));
#5122=CARTESIAN_POINT('Ctrl Pts',(2.39208395580631,6.65,9.41154495244934));
#5123=CARTESIAN_POINT('Ctrl Pts',(2.54782080846727,6.65,9.39764996068222));
#5124=CARTESIAN_POINT('Ctrl Pts',(2.70798249148124,6.65,9.38177332015443));
#5125=CARTESIAN_POINT('Ctrl Pts',(2.86814417449511,6.65,9.36589667962666));
#5126=CARTESIAN_POINT('Ctrl Pts',(3.03273068786199,6.65,9.34803839033823));
#5127=CARTESIAN_POINT('Ctrl Pts',(3.20164017660718,6.65,9.32805752633142));
#5128=CARTESIAN_POINT('Ctrl Pts',(3.37054966535243,6.65,9.30807666232461));
#5129=CARTESIAN_POINT('Ctrl Pts',(3.54378212947599,6.65,9.28597322359943));
#5130=CARTESIAN_POINT('Ctrl Pts',(3.72119748254091,6.65,9.26164172041382));
#5131=CARTESIAN_POINT('Ctrl Pts',(3.89861283560567,6.65,9.23731021722824));
#5132=CARTESIAN_POINT('Ctrl Pts',(4.08021107761179,6.65,9.21075064958224));
#5133=CARTESIAN_POINT('Ctrl Pts',(4.26581389066006,6.65,9.18189296394944));
#5134=CARTESIAN_POINT('Ctrl Pts',(4.4514167037085,6.65,9.15303527831661));
#5135=CARTESIAN_POINT('Ctrl Pts',(4.64102408779911,6.65,9.12187947469699));
#5136=CARTESIAN_POINT('Ctrl Pts',(4.83441949357042,6.65,9.08839093577985));
#5137=CARTESIAN_POINT('Ctrl Pts',(4.95762839338958,6.65,9.06705596135232));
#5138=CARTESIAN_POINT('Ctrl Pts',(5.08237398665885,6.65,9.04477490105518));
#5139=CARTESIAN_POINT('Ctrl Pts',(5.20859218708781,6.65,9.02154630394238));
#5140=CARTESIAN_POINT('',(-8.56971411422901,6.65,4.10000000004684));
#5141=CARTESIAN_POINT('Origin',(0.,6.65,0.));
#5142=CARTESIAN_POINT('',(-1.79499698265093,6.65,4.10000000001005));
#5143=CARTESIAN_POINT('Origin',(-2.00758622134928,6.65,1.69675885398896));
#5144=CARTESIAN_POINT('',(-8.56971411425152,6.65,-4.0999999999998));
#5145=CARTESIAN_POINT('',(-5.28865016780036,6.65,-4.09999999999976));
#5146=CARTESIAN_POINT('Origin',(0.,6.65,0.));
#5147=CARTESIAN_POINT('Origin',(-5.28570665752098,0.,-4.4352345068371));
#5148=CARTESIAN_POINT('',(-7.27742220963033,-4.15,-6.10648229202209));
#5149=CARTESIAN_POINT('',(-3.01924875431423,-4.15,-2.5334505161775));
#5150=CARTESIAN_POINT('',(-7.27742220963033,-9.,-6.10648229202208));
#5151=CARTESIAN_POINT('Origin',(0.,0.,0.));
#5152=CARTESIAN_POINT('',(-5.54977477018216,-4.15,4.10000000003044));
#5153=CARTESIAN_POINT('',(0.,-4.15,6.9));
#5154=CARTESIAN_POINT('Origin',(0.,-4.15,0.));
#5155=CARTESIAN_POINT('',(-5.54977477018216,0.,4.10000000003044));
#5156=CARTESIAN_POINT('',(0.,0.,6.9));
#5157=CARTESIAN_POINT('Origin',(3.2,0.,5.54256258422041));
#5158=CARTESIAN_POINT('',(1.48834683391682,-4.15,6.26864447499507));
#5159=CARTESIAN_POINT('Origin',(3.89304152441075,-2.65,9.25705428375472));
#5160=CARTESIAN_POINT('',(5.83017261334299,-2.65,8.90184481680085));
#5161=CARTESIAN_POINT('Ctrl Pts',(5.20859218708581,-3.74838205962867,9.02154630394275));
#5162=CARTESIAN_POINT('Ctrl Pts',(5.29265959190359,-3.68786815996383,9.00607493871814));
#5163=CARTESIAN_POINT('Ctrl Pts',(5.37171263906041,-3.62033090642634,8.99122386641147));
#5164=CARTESIAN_POINT('Ctrl Pts',(5.44363118411082,-3.54588676269677,8.9775179370324));
#5165=CARTESIAN_POINT('Ctrl Pts',(5.47634190293737,-3.51202732557782,8.97128406784246));
#5166=CARTESIAN_POINT('Ctrl Pts',(5.50757612354545,-3.47673905720326,8.96528761527853));
#5167=CARTESIAN_POINT('Ctrl Pts',(5.53713270401613,-3.44003291574468,8.9595797181209));
#5168=CARTESIAN_POINT('Ctrl Pts',(5.5999221130615,-3.36205512217665,8.94745397543647));
#5169=CARTESIAN_POINT('Ctrl Pts',(5.65476772639822,-3.27810261393509,8.93670298564367));
#5170=CARTESIAN_POINT('Ctrl Pts',(5.69952459922314,-3.18888891561017,8.92786559105366));
#5171=CARTESIAN_POINT('Ctrl Pts',(5.72670095075638,-3.13471840113425,8.92249952933269));
#5172=CARTESIAN_POINT('Ctrl Pts',(5.75015792056542,-3.07860813189596,8.91783897335802));
#5173=CARTESIAN_POINT('Ctrl Pts',(5.76942426055506,-3.020717844039,8.9139993988228));
#5174=CARTESIAN_POINT('Ctrl Pts',(5.7927758672132,-2.95055240358226,8.90934567453842));
#5175=CARTESIAN_POINT('Ctrl Pts',(5.80958444213839,-2.87890975060374,8.90597615045235));
#5176=CARTESIAN_POINT('Ctrl Pts',(5.8195180352394,-2.80632639070649,8.90398353237526));
#5177=CARTESIAN_POINT('Ctrl Pts',(5.82659306100883,-2.75463017801854,8.90256432543768));
#5178=CARTESIAN_POINT('Ctrl Pts',(5.83018137670464,-2.70245676838272,8.90184305650203));
#5179=CARTESIAN_POINT('Ctrl Pts',(5.83017643769612,-2.64999999994203,8.90184404860211));
#5180=CARTESIAN_POINT('',(6.83440250823938,-2.65,7.1624676163576));
#5181=CARTESIAN_POINT('',(5.19207963008799,-2.65,10.0070542837537));
#5182=CARTESIAN_POINT('',(5.64757838279382,-4.15,6.21810730127745));
#5183=CARTESIAN_POINT('Ctrl Pts',(5.64757838279383,-4.15,6.21810730127745));
#5184=CARTESIAN_POINT('Ctrl Pts',(5.64918216935542,-4.15,6.21940030332993));
#5185=CARTESIAN_POINT('Ctrl Pts',(5.65078599110779,-4.14999585706163,6.22069325864775));
#5186=CARTESIAN_POINT('Ctrl Pts',(5.73234663191407,-4.1495744898611,6.28644130422032));
#5187=CARTESIAN_POINT('Ctrl Pts',(5.81217448554144,-4.13886561627449,6.35060437609747));
#5188=CARTESIAN_POINT('Ctrl Pts',(5.96900173367372,-4.09715593444329,6.47632159370587));
#5189=CARTESIAN_POINT('Ctrl Pts',(6.04562870505548,-4.06627940953437,6.53757802047717));
#5190=CARTESIAN_POINT('Ctrl Pts',(6.26054087313048,-3.94819889816749,6.70898195871851));
#5191=CARTESIAN_POINT('Ctrl Pts',(6.38897574226212,-3.83639348649515,6.81089192975593));
#5192=CARTESIAN_POINT('Ctrl Pts',(6.60405277934622,-3.55762320328009,6.98107852393384));
#5193=CARTESIAN_POINT('Ctrl Pts',(6.68905419903504,-3.39391220065714,7.04807516126468));
#5194=CARTESIAN_POINT('Ctrl Pts',(6.80467030311192,-3.03496673256927,7.13911312613058));
#5195=CARTESIAN_POINT('Ctrl Pts',(6.83440250823938,-2.84346086002714,7.1624676163576));
#5196=CARTESIAN_POINT('Ctrl Pts',(6.83440250823938,-2.65,7.1624676163576));
#5197=CARTESIAN_POINT('',(3.89304152441075,-4.15,9.25705428375472));
#5198=CARTESIAN_POINT('Origin',(0.,-9.,0.));
#5199=CARTESIAN_POINT('',(-8.56971411422901,-7.5,4.10000000004684));
#5200=CARTESIAN_POINT('',(-8.56971411422901,0.,4.10000000004684));
#5201=CARTESIAN_POINT('',(-2.77555756156289E-15,-7.5,9.49999999998483));
#5202=CARTESIAN_POINT('Origin',(0.,-7.5,0.));
#5203=CARTESIAN_POINT('',(-2.77555756156289E-15,0.,9.49999999998483));
#5204=CARTESIAN_POINT('Origin',(-8.56971411425152,0.,-4.0999999999998));
#5205=CARTESIAN_POINT('',(-8.56971411425152,-7.5,-4.0999999999998));
#5206=CARTESIAN_POINT('',(-8.56971411425152,0.,-4.0999999999998));
#5207=CARTESIAN_POINT('',(-8.53610575911054,-7.8,-4.0999999999998));
#5208=CARTESIAN_POINT('Ctrl Pts',(-8.53610575911054,-7.8,-4.0999999999998));
#5209=CARTESIAN_POINT('Ctrl Pts',(-8.55894572364117,-7.6991386226216,-4.0999999999998));
#5210=CARTESIAN_POINT('Ctrl Pts',(-8.56971411425151,-7.59496403721827,-4.0999999999998));
#5211=CARTESIAN_POINT('Ctrl Pts',(-8.56971411425151,-7.5,-4.0999999999998));
#5212=CARTESIAN_POINT('',(-1.5824077439618,-7.8,-4.09999999999972));
#5213=CARTESIAN_POINT('',(-5.63485705713628,-7.8,-4.09999999999977));
#5214=CARTESIAN_POINT('',(-1.5824077439618,-4.15,-4.09999999999972));
#5215=CARTESIAN_POINT('',(-1.5824077439618,0.,-4.09999999999972));
#5216=CARTESIAN_POINT('',(-5.55980833258673,-4.15,-4.09999999999976));
#5217=CARTESIAN_POINT('Origin',(0.,-9.,0.));
#5218=CARTESIAN_POINT('',(4.75,-4.15,-8.22724133595217));
#5219=CARTESIAN_POINT('Origin',(0.,-4.15,0.));
#5220=CARTESIAN_POINT('',(4.75,-7.5,-8.22724133595217));
#5221=CARTESIAN_POINT('',(4.75,0.,-8.22724133595217));
#5222=CARTESIAN_POINT('Origin',(0.,-7.5,0.));
#5223=CARTESIAN_POINT('Origin',(0.,-9.,0.));
#5224=CARTESIAN_POINT('',(-8.56971411425152,7.5,-4.0999999999998));
#5225=CARTESIAN_POINT('',(-8.56971411425152,0.,-4.0999999999998));
#5226=CARTESIAN_POINT('',(4.75,7.5,-8.22724133595217));
#5227=CARTESIAN_POINT('Origin',(0.,7.5,0.));
#5228=CARTESIAN_POINT('',(4.75,4.15,-8.22724133595217));
#5229=CARTESIAN_POINT('',(4.75,0.,-8.22724133595217));
#5230=CARTESIAN_POINT('Origin',(0.,4.15,0.));
#5231=CARTESIAN_POINT('Origin',(-8.56971411425152,0.,-4.0999999999998));
#5232=CARTESIAN_POINT('',(-1.5824077439618,4.15,-4.09999999999972));
#5233=CARTESIAN_POINT('',(-5.55980833258673,4.15,-4.09999999999976));
#5234=CARTESIAN_POINT('',(-1.5824077439618,7.8,-4.09999999999972));
#5235=CARTESIAN_POINT('',(-1.5824077439618,0.,-4.09999999999972));
#5236=CARTESIAN_POINT('',(-8.53610575911054,7.8,-4.0999999999998));
#5237=CARTESIAN_POINT('',(-5.63485705713628,7.8,-4.09999999999977));
#5238=CARTESIAN_POINT('Ctrl Pts',(-8.56971411425151,7.5,-4.0999999999998));
#5239=CARTESIAN_POINT('Ctrl Pts',(-8.56971411425151,7.59496403721827,-4.0999999999998));
#5240=CARTESIAN_POINT('Ctrl Pts',(-8.55894572364117,7.6991386226216,-4.0999999999998));
#5241=CARTESIAN_POINT('Ctrl Pts',(-8.53610575911054,7.8,-4.0999999999998));
#5242=CARTESIAN_POINT('Origin',(-1.58240774396563,0.,4.1000000000089));
#5243=CARTESIAN_POINT('',(-8.56971411422901,7.5,4.10000000004684));
#5244=CARTESIAN_POINT('',(-8.56971411422901,0.,4.10000000004684));
#5245=CARTESIAN_POINT('',(-8.53610575908804,7.8,4.10000000004666));
#5246=CARTESIAN_POINT('Ctrl Pts',(-8.53610575908804,7.8,4.10000000004666));
#5247=CARTESIAN_POINT('Ctrl Pts',(-8.55894572361867,7.6991386226216,4.10000000004678));
#5248=CARTESIAN_POINT('Ctrl Pts',(-8.56971411422901,7.59496403721827,4.10000000004684));
#5249=CARTESIAN_POINT('Ctrl Pts',(-8.56971411422901,7.5,4.10000000004684));
#5250=CARTESIAN_POINT('',(-1.58240774396563,7.8,4.1000000000089));
#5251=CARTESIAN_POINT('',(-1.35000000000939,7.8,4.10000000000764));
#5252=CARTESIAN_POINT('',(-1.58240774396563,4.15,4.1000000000089));
#5253=CARTESIAN_POINT('',(-1.58240774396563,0.,4.1000000000089));
#5254=CARTESIAN_POINT('',(-2.06615514743679,4.15,4.10000000001152));
#5255=CARTESIAN_POINT('Origin',(0.,-9.,0.));
#5256=CARTESIAN_POINT('',(6.08743631440284E-13,7.5,9.50000000000026));
#5257=CARTESIAN_POINT('',(-2.77555756156289E-15,0.,9.49999999998483));
#5258=CARTESIAN_POINT('Origin',(0.,7.5,0.));
#5259=CARTESIAN_POINT('Ctrl Pts',(0.,-9.,9.50000000000031));
#5260=CARTESIAN_POINT('Ctrl Pts',(0.,9.,9.50000000000031));
#5261=CARTESIAN_POINT('Ctrl Pts',(2.54551732807914,-9.,9.50000000000031));
#5262=CARTESIAN_POINT('Ctrl Pts',(2.54551732807914,9.,9.50000000000031));
#5263=CARTESIAN_POINT('Ctrl Pts',(7.5,-9.,9.50000000000031));
#5264=CARTESIAN_POINT('Ctrl Pts',(7.5,9.,9.50000000000031));
#5265=CARTESIAN_POINT('Ctrl Pts',(16.75,-9.,5.34999999999995));
#5266=CARTESIAN_POINT('Ctrl Pts',(16.75,9.,5.34999999999995));
#5267=CARTESIAN_POINT('Ctrl Pts',(18.75,-9.,5.35));
#5268=CARTESIAN_POINT('Ctrl Pts',(18.75,9.,5.35));
#5269=CARTESIAN_POINT('',(4.4384314017331,-7.5,9.15457582314638));
#5270=CARTESIAN_POINT('Ctrl Pts',(4.4384314017331,-7.5,9.15457582314638));
#5271=CARTESIAN_POINT('Ctrl Pts',(3.81522760995239,-7.5,9.25491241027507));
#5272=CARTESIAN_POINT('Ctrl Pts',(2.7625262388245,-7.5,9.39337678596521));
#5273=CARTESIAN_POINT('Ctrl Pts',(1.26100148617611,-7.5,9.49367890969599));
#5274=CARTESIAN_POINT('Ctrl Pts',(0.401632008286972,-7.5,9.50000000000031));
#5275=CARTESIAN_POINT('Ctrl Pts',(0.,-7.5,9.50000000000031));
#5276=CARTESIAN_POINT('',(9.19368157943462,-7.36997118573585,8.10012915082942));
#5277=CARTESIAN_POINT('Ctrl Pts',(9.19368157943462,-7.36997118573585,8.10012915082942));
#5278=CARTESIAN_POINT('Ctrl Pts',(7.64363190075711,-7.44834760362278,8.51924482405628));
#5279=CARTESIAN_POINT('Ctrl Pts',(6.06551804729831,-7.49999999999977,8.89261284549473));
#5280=CARTESIAN_POINT('Ctrl Pts',(4.4384314017331,-7.5,9.15457582314638));
#5281=CARTESIAN_POINT('',(10.2364681691704,-2.59418113582137,7.80987198077685));
#5282=CARTESIAN_POINT('Ctrl Pts',(9.19368157943461,-7.36997118573585,8.10012915082942));
#5283=CARTESIAN_POINT('Ctrl Pts',(9.43706028301896,-7.09566309590326,8.03432233792206));
#5284=CARTESIAN_POINT('Ctrl Pts',(9.65083654589801,-6.79394812686429,7.97511231881999));
#5285=CARTESIAN_POINT('Ctrl Pts',(10.1388927380611,-5.91051081033667,7.8383843800096));
#5286=CARTESIAN_POINT('Ctrl Pts',(10.3389833357638,-5.29551241947518,7.78053448239387));
#5287=CARTESIAN_POINT('Ctrl Pts',(10.4925964410042,-4.03501942522241,7.73624884557528));
#5288=CARTESIAN_POINT('Ctrl Pts',(10.4509192625556,-3.40577099136939,7.74841962974699));
#5289=CARTESIAN_POINT('Ctrl Pts',(10.2766829391139,-2.73141080454952,7.7983667513159));
#5290=CARTESIAN_POINT('Ctrl Pts',(10.2572934832114,-2.66252523543986,7.80391853594483));
#5291=CARTESIAN_POINT('Ctrl Pts',(10.2364681691704,-2.59418113582137,7.80987198077685));
#5292=CARTESIAN_POINT('',(10.2364681691703,2.59418113582206,7.80987198077689));
#5293=CARTESIAN_POINT('Ctrl Pts',(10.2364681691704,-2.59418113582142,7.80987198077685));
#5294=CARTESIAN_POINT('Ctrl Pts',(9.98572291005478,-1.77129035327984,7.88155388022367));
#5295=CARTESIAN_POINT('Ctrl Pts',(9.85514563857139,-0.914626134704245,7.91787117237289));
#5296=CARTESIAN_POINT('Ctrl Pts',(9.84495247914352,0.846155492676623,7.92072973486235));
#5297=CARTESIAN_POINT('Ctrl Pts',(9.9756766649642,1.73832078682307,7.88442585448528));
#5298=CARTESIAN_POINT('Ctrl Pts',(10.2364681691706,2.59418113582206,7.80987198077679));
#5299=CARTESIAN_POINT('',(9.19368157943562,7.3699711857358,8.10012915082915));
#5300=CARTESIAN_POINT('Ctrl Pts',(10.2364681691703,2.59418113582206,7.80987198077688));
#5301=CARTESIAN_POINT('Ctrl Pts',(10.3485994058974,2.96217118860772,7.7778164194304));
#5302=CARTESIAN_POINT('Ctrl Pts',(10.418369908372,3.34341000351459,7.75765192468343));
#5303=CARTESIAN_POINT('Ctrl Pts',(10.4834422277928,4.3552164556989,7.73886938975007));
#5304=CARTESIAN_POINT('Ctrl Pts',(10.4059943130521,4.98033558809369,7.76145865771682));
#5305=CARTESIAN_POINT('Ctrl Pts',(10.0235553666603,6.17641863317269,7.87068208876693));
#5306=CARTESIAN_POINT('Ctrl Pts',(9.71985825454606,6.73301956381967,7.95689947288525));
#5307=CARTESIAN_POINT('Ctrl Pts',(9.28145721075956,7.26902105718209,8.0763481157059));
#5308=CARTESIAN_POINT('Ctrl Pts',(9.23804442358264,7.31997056177694,8.08813394606461));
#5309=CARTESIAN_POINT('Ctrl Pts',(9.19368157943562,7.3699711857358,8.10012915082915));
#5310=CARTESIAN_POINT('',(4.4384314017331,7.5,9.15457582314638));
#5311=CARTESIAN_POINT('Ctrl Pts',(4.4384314017331,7.5,9.15457582314638));
#5312=CARTESIAN_POINT('Ctrl Pts',(6.06551804729866,7.49999999999977,8.89261284549468));
#5313=CARTESIAN_POINT('Ctrl Pts',(7.64363190075779,7.44834760362276,8.51924482405613));
#5314=CARTESIAN_POINT('Ctrl Pts',(9.19368157943562,7.3699711857358,8.10012915082915));
#5315=CARTESIAN_POINT('Ctrl Pts',(0.,7.5,9.50000000000031));
#5316=CARTESIAN_POINT('Ctrl Pts',(0.602448012430069,7.5,9.50000000000031));
#5317=CARTESIAN_POINT('Ctrl Pts',(2.13047029017802,7.5,9.47137658369974));
#5318=CARTESIAN_POINT('Ctrl Pts',(3.60749301268984,7.5,9.28835793931826));
#5319=CARTESIAN_POINT('Ctrl Pts',(4.43843140173028,7.5,9.15457582314684));
#5320=CARTESIAN_POINT('',(5.83017261334299,2.65,8.90184481680085));
#5321=CARTESIAN_POINT('Ctrl Pts',(5.83017261334299,2.65,8.90184481680085));
#5322=CARTESIAN_POINT('Ctrl Pts',(5.83017261334299,2.67179862230025,8.90184481680085));
#5323=CARTESIAN_POINT('Ctrl Pts',(5.82955197041823,2.69364617648906,8.90196950071611));
#5324=CARTESIAN_POINT('Ctrl Pts',(5.81931058365898,2.87295988388522,8.90402619358025));
#5325=CARTESIAN_POINT('Ctrl Pts',(5.77821744592562,3.0249032774542,8.91230651576549));
#5326=CARTESIAN_POINT('Ctrl Pts',(5.62598254156404,3.34313183886964,8.94240924179418));
#5327=CARTESIAN_POINT('Ctrl Pts',(5.50329880496186,3.49793921362564,8.96638749852738));
#5328=CARTESIAN_POINT('Ctrl Pts',(5.31062855130993,3.67085999630987,9.00265293264825));
#5329=CARTESIAN_POINT('Ctrl Pts',(5.26059920563929,3.71094412247796,9.01197517967619));
#5330=CARTESIAN_POINT('Ctrl Pts',(5.20859218703818,3.74838205966252,9.02154630395152));
#5331=CARTESIAN_POINT('Ctrl Pts',(5.83017261334299,2.65,8.90184481680085));
#5332=CARTESIAN_POINT('Ctrl Pts',(5.83017261334299,0.883333333333339,8.90184481680085));
#5333=CARTESIAN_POINT('Ctrl Pts',(5.83017261334299,-0.883333333333322,8.90184481680085));
#5334=CARTESIAN_POINT('Ctrl Pts',(5.83017261334299,-2.64999999999998,8.90184481680085));
#5335=CARTESIAN_POINT('Origin',(12.1708977222443,0.495117306709289,5.35));
#5336=CARTESIAN_POINT('',(12.1708977222443,0.495117306709289,5.35));
#5337=CARTESIAN_POINT('',(12.1708977222443,0.77929675579071,5.35));
#5338=CARTESIAN_POINT('',(12.1708977222443,0.247558653354644,5.35));
#5339=CARTESIAN_POINT('',(12.1708977222443,0.495117306709289,4.85));
#5340=CARTESIAN_POINT('',(12.1708977222443,0.495117306709289,5.35));
#5341=CARTESIAN_POINT('',(12.1708977222443,0.77929675579071,4.85));
#5342=CARTESIAN_POINT('',(12.1708977222443,0.495117306709289,4.85));
#5343=CARTESIAN_POINT('',(12.1708977222443,0.77929675579071,5.35));
#5344=CARTESIAN_POINT('Origin',(12.1708977222443,0.77929675579071,5.35));
#5345=CARTESIAN_POINT('',(14.0649408102036,0.77929675579071,5.35));
#5346=CARTESIAN_POINT('',(15.2391988611221,0.77929675579071,5.35));
#5347=CARTESIAN_POINT('',(14.0649408102036,0.77929675579071,4.85));
#5348=CARTESIAN_POINT('',(12.1708977222443,0.77929675579071,4.85));
#5349=CARTESIAN_POINT('',(14.0649408102036,0.77929675579071,5.35));
#5350=CARTESIAN_POINT('Origin',(14.0649408102036,0.77929675579071,5.35));
#5351=CARTESIAN_POINT('',(14.0649408102036,1.83691412210464,5.35));
#5352=CARTESIAN_POINT('',(14.0649408102036,0.389648377895355,5.35));
#5353=CARTESIAN_POINT('',(14.0649408102036,1.83691412210464,4.85));
#5354=CARTESIAN_POINT('',(14.0649408102036,0.77929675579071,4.85));
#5355=CARTESIAN_POINT('',(14.0649408102036,1.83691412210464,5.35));
#5356=CARTESIAN_POINT('Origin',(14.0649408102036,1.83691412210464,5.35));
#5357=CARTESIAN_POINT('',(14.3183588981628,1.83691412210464,5.35));
#5358=CARTESIAN_POINT('',(16.1862204051018,1.83691412210464,5.35));
#5359=CARTESIAN_POINT('',(14.3183588981628,1.83691412210464,4.85));
#5360=CARTESIAN_POINT('',(14.0649408102036,1.83691412210464,4.85));
#5361=CARTESIAN_POINT('',(14.3183588981628,1.83691412210464,5.35));
#5362=CARTESIAN_POINT('Origin',(14.3183588981628,0.495117306709289,5.35));
#5363=CARTESIAN_POINT('',(14.3183588981628,0.495117306709289,5.35));
#5364=CARTESIAN_POINT('',(16.3129294490814,0.495117306709289,5.35));
#5365=CARTESIAN_POINT('',(14.3183588981628,0.495117306709289,4.85));
#5366=CARTESIAN_POINT('',(14.3183588981628,0.495117306709289,5.35));
#5367=CARTESIAN_POINT('',(14.3183588981628,0.495117306709289,4.85));
#5368=CARTESIAN_POINT('Origin',(14.3183588981628,1.83691412210464,5.35));
#5369=CARTESIAN_POINT('',(14.3183588981628,0.918457061052322,5.35));
#5370=CARTESIAN_POINT('',(14.3183588981628,1.83691412210464,4.85));
#5371=CARTESIAN_POINT('Origin',(13.2446283102036,0.279785133898258,4.85));
#5372=CARTESIAN_POINT('Origin',(13.6738276481628,-0.628418028354645,5.35));
#5373=CARTESIAN_POINT('',(13.6738276481628,-0.628418028354645,5.35));
#5374=CARTESIAN_POINT('',(13.4086909890175,-0.628418028354645,5.35));
#5375=CARTESIAN_POINT('',(15.9906638240814,-0.628418028354645,5.35));
#5376=CARTESIAN_POINT('',(13.6738276481628,-0.628418028354645,4.85));
#5377=CARTESIAN_POINT('',(13.6738276481628,-0.628418028354645,5.35));
#5378=CARTESIAN_POINT('',(13.4086909890175,-0.628418028354645,4.85));
#5379=CARTESIAN_POINT('',(13.6738276481628,-0.628418028354645,4.85));
#5380=CARTESIAN_POINT('',(13.4086909890175,-0.628418028354645,5.35));
#5381=CARTESIAN_POINT('Origin',(13.4086909890175,-0.628418028354645,5.35));
#5382=CARTESIAN_POINT('',(13.4086909890175,0.181640684604644,5.35));
#5383=CARTESIAN_POINT('',(13.4086909890175,-0.314209014177323,5.35));
#5384=CARTESIAN_POINT('',(13.4086909890175,0.181640684604644,4.85));
#5385=CARTESIAN_POINT('',(13.4086909890175,-0.628418028354645,4.85));
#5386=CARTESIAN_POINT('',(13.4086909890175,0.181640684604644,5.35));
#5387=CARTESIAN_POINT('Origin',(13.4086909890175,0.181640684604644,5.35));
#5388=CARTESIAN_POINT('',(13.6738276481628,0.181640684604644,5.35));
#5389=CARTESIAN_POINT('',(15.8580954945087,0.181640684604644,5.35));
#5390=CARTESIAN_POINT('',(13.6738276481628,0.181640684604644,4.85));
#5391=CARTESIAN_POINT('',(13.4086909890175,0.181640684604644,4.85));
#5392=CARTESIAN_POINT('',(13.6738276481628,0.181640684604644,5.35));
#5393=CARTESIAN_POINT('Origin',(13.6738276481628,0.181640684604644,5.35));
#5394=CARTESIAN_POINT('',(13.6738276481628,0.0908203423023221,5.35));
#5395=CARTESIAN_POINT('',(13.6738276481628,0.181640684604644,4.85));
#5396=CARTESIAN_POINT('Origin',(13.2446283102036,0.279785133898258,4.85));
#5397=CARTESIAN_POINT('Origin',(14.3183588981628,-1.27734385430813,5.35));
#5398=CARTESIAN_POINT('',(14.3183588981628,-1.27734385430813,5.35));
#5399=CARTESIAN_POINT('',(12.1708977222443,-1.27734385430813,5.35));
#5400=CARTESIAN_POINT('',(16.3129294490814,-1.27734385430813,5.35));
#5401=CARTESIAN_POINT('',(14.3183588981628,-1.27734385430813,4.85));
#5402=CARTESIAN_POINT('',(14.3183588981628,-1.27734385430813,5.35));
#5403=CARTESIAN_POINT('',(12.1708977222443,-1.27734385430813,4.85));
#5404=CARTESIAN_POINT('',(14.3183588981628,-1.27734385430813,4.85));
#5405=CARTESIAN_POINT('',(12.1708977222443,-1.27734385430813,5.35));
#5406=CARTESIAN_POINT('Origin',(12.1708977222443,-1.27734385430813,5.35));
#5407=CARTESIAN_POINT('',(12.1708977222443,-0.99316418170929,5.35));
#5408=CARTESIAN_POINT('',(12.1708977222443,-0.638671927154064,5.35));
#5409=CARTESIAN_POINT('',(12.1708977222443,-0.99316418170929,4.85));
#5410=CARTESIAN_POINT('',(12.1708977222443,-1.27734385430813,4.85));
#5411=CARTESIAN_POINT('',(12.1708977222443,-0.99316418170929,5.35));
#5412=CARTESIAN_POINT('Origin',(12.1708977222443,-0.99316418170929,5.35));
#5413=CARTESIAN_POINT('',(14.3183588981628,-0.99316418170929,5.35));
#5414=CARTESIAN_POINT('',(15.2391988611221,-0.99316418170929,5.35));
#5415=CARTESIAN_POINT('',(14.3183588981628,-0.99316418170929,4.85));
#5416=CARTESIAN_POINT('',(12.1708977222443,-0.99316418170929,4.85));
#5417=CARTESIAN_POINT('',(14.3183588981628,-0.99316418170929,5.35));
#5418=CARTESIAN_POINT('Origin',(14.3183588981628,-0.99316418170929,5.35));
#5419=CARTESIAN_POINT('',(14.3183588981628,-0.496582090854645,5.35));
#5420=CARTESIAN_POINT('',(14.3183588981628,-0.99316418170929,4.85));
#5421=CARTESIAN_POINT('Origin',(13.2446283102036,0.279785133898258,4.85));
#5422=CARTESIAN_POINT('Ctrl Pts',(9.55456242559644,-7.32946441182241,5.35));
#5423=CARTESIAN_POINT('Ctrl Pts',(9.16598163452907,-7.74552187740011,5.34999999999975));
#5424=CARTESIAN_POINT('Ctrl Pts',(8.38779158722891,-8.32388590699929,5.10605722796142));
#5425=CARTESIAN_POINT('Ctrl Pts',(7.38428444487861,-8.73602757307827,4.64236358801486));
#5426=CARTESIAN_POINT('Ctrl Pts',(6.79660759631377,-8.89073603183313,4.31326584270649));
#5427=CARTESIAN_POINT('Ctrl Pts',(6.48908594877046,-8.95118006386565,4.09085998581256));
#5428=CARTESIAN_POINT('Ctrl Pts',(6.36868528718287,-8.97009721389268,3.93807519072028));
#5429=CARTESIAN_POINT('Ctrl Pts',(6.36868528719367,-8.97009721389098,3.84999999997613));
#5430=CARTESIAN_POINT('Ctrl Pts',(9.50343702805028,-7.28860029319132,5.35000000000003));
#5431=CARTESIAN_POINT('Ctrl Pts',(9.12540390248339,-7.70310206184417,5.36171499403318));
#5432=CARTESIAN_POINT('Ctrl Pts',(8.36170684595264,-8.29682807907555,5.13083292428119));
#5433=CARTESIAN_POINT('Ctrl Pts',(7.36925394751941,-8.72586928848784,4.66192847100656));
#5434=CARTESIAN_POINT('Ctrl Pts',(6.78689449788931,-8.88740350242531,4.32564527792683));
#5435=CARTESIAN_POINT('Ctrl Pts',(6.48191269055942,-8.95052249920671,4.09746061924401));
#5436=CARTESIAN_POINT('Ctrl Pts',(6.36247144329335,-8.97026710263297,3.94050354383859));
#5437=CARTESIAN_POINT('Ctrl Pts',(6.36247144330407,-8.9702671026312,3.84999999997548));
#5438=CARTESIAN_POINT('Ctrl Pts',(9.40164186737146,-7.20723624084743,5.40423375442192));
#5439=CARTESIAN_POINT('Ctrl Pts',(9.04494270502523,-7.63300804045722,5.42567430504925));
#5440=CARTESIAN_POINT('Ctrl Pts',(8.31020727476247,-8.25869022405046,5.19500714628204));
#5441=CARTESIAN_POINT('Ctrl Pts',(7.3393602904851,-8.7124887212847,4.70439990072407));
#5442=CARTESIAN_POINT('Ctrl Pts',(6.7675388640838,-8.88352877884579,4.35109427787255));
#5443=CARTESIAN_POINT('Ctrl Pts',(6.46757907422421,-8.95021104653736,4.11075001960209));
#5444=CARTESIAN_POINT('Ctrl Pts',(6.35005643810649,-8.97107061849197,3.94538749501024));
#5445=CARTESIAN_POINT('Ctrl Pts',(6.35005643811703,-8.9710706184901,3.84999999997415));
#5446=CARTESIAN_POINT('Ctrl Pts',(9.35927779190818,-7.17337497641695,5.53455015305023));
#5447=CARTESIAN_POINT('Ctrl Pts',(9.00090771336406,-7.62211588387441,5.5419094483018));
#5448=CARTESIAN_POINT('Ctrl Pts',(8.27056338733444,-8.25852011603592,5.27530754898149));
#5449=CARTESIAN_POINT('Ctrl Pts',(7.31266217370014,-8.71439261122483,4.75111601464464));
#5450=CARTESIAN_POINT('Ctrl Pts',(6.74899817290249,-8.88537034584991,4.37735698500762));
#5451=CARTESIAN_POINT('Ctrl Pts',(6.45351550737787,-8.95200137777058,4.12425818623346));
#5452=CARTESIAN_POINT('Ctrl Pts',(6.33773583670519,-8.97279710991563,3.95029875679251));
#5453=CARTESIAN_POINT('Ctrl Pts',(6.33773583671558,-8.97279710991377,3.84999999997282));
#5454=CARTESIAN_POINT('Ctrl Pts',(9.35927779190816,-7.17337497641698,5.6));
#5455=CARTESIAN_POINT('Ctrl Pts',(8.99267494396942,-7.63203447943058,5.59999999999971));
#5456=CARTESIAN_POINT('Ctrl Pts',(8.255655273542,-8.26782866099622,5.31540009928833));
#5457=CARTESIAN_POINT('Ctrl Pts',(7.30048045076855,-8.71894511493351,4.77442418601734));
#5458=CARTESIAN_POINT('Ctrl Pts',(6.74004035256143,-8.88767326375129,4.3904768164909));
#5459=CARTESIAN_POINT('Ctrl Pts',(6.4465604364819,-8.95338379590276,4.13100331678132));
#5460=CARTESIAN_POINT('Ctrl Pts',(6.33161626702492,-8.97388870736694,3.95275438917366));
#5461=CARTESIAN_POINT('Ctrl Pts',(6.33161626703523,-8.9738887073651,3.84999999997216));
#5462=CARTESIAN_POINT('',(6.34979385075686,-8.97061156886899,3.95098053835951));
#5463=CARTESIAN_POINT('',(6.36868528719367,-8.97009721389098,3.85));
#5464=CARTESIAN_POINT('Ctrl Pts',(6.34913437501279,-8.97070070685595,3.94882265259439));
#5465=CARTESIAN_POINT('Ctrl Pts',(6.34915286228207,-8.97069831932077,3.94731161997627));
#5466=CARTESIAN_POINT('Ctrl Pts',(6.34918279244404,-8.97069558266968,3.94580122155391));
#5467=CARTESIAN_POINT('Ctrl Pts',(6.34922425646761,-8.97069251765465,3.94429134748369));
#5468=CARTESIAN_POINT('Ctrl Pts',(6.34950629615141,-8.97067166931926,3.93402113324307));
#5469=CARTESIAN_POINT('Ctrl Pts',(6.35031405760614,-8.97063743013376,3.92375685976468));
#5470=CARTESIAN_POINT('Ctrl Pts',(6.35168882197,-8.97059156300228,3.91352690633249));
#5471=CARTESIAN_POINT('Ctrl Pts',(6.3524747190633,-8.97056534262135,3.90767885638415));
#5472=CARTESIAN_POINT('Ctrl Pts',(6.35344668751286,-8.97053507347461,3.90184187820528));
#5473=CARTESIAN_POINT('Ctrl Pts',(6.35462008323288,-8.97049983670862,3.89602016231338));
#5474=CARTESIAN_POINT('Ctrl Pts',(6.35487354443912,-8.97049222533502,3.89476263332538));
#5475=CARTESIAN_POINT('Ctrl Pts',(6.35513642778753,-8.9704843805609,3.89350581354075));
#5476=CARTESIAN_POINT('Ctrl Pts',(6.35540892811733,-8.97047629003982,3.89224973961544));
#5477=CARTESIAN_POINT('Ctrl Pts',(6.35697183870131,-8.97042988730327,3.88504559702378));
#5478=CARTESIAN_POINT('Ctrl Pts',(6.35885917938094,-8.97037236393964,3.87804588774391));
#5479=CARTESIAN_POINT('Ctrl Pts',(6.36104262908682,-8.97030957562065,3.87111936473109));
#5480=CARTESIAN_POINT('Ctrl Pts',(6.36305078668095,-8.97025182808506,3.86474891811551));
#5481=CARTESIAN_POINT('Ctrl Pts',(6.36530927984707,-8.97018949863833,3.85844036920392));
#5482=CARTESIAN_POINT('Ctrl Pts',(6.36784284780299,-8.97012024158554,3.85208858896972));
#5483=CARTESIAN_POINT('Ctrl Pts',(6.36806400299447,-8.97011419613619,3.85153414196124));
#5484=CARTESIAN_POINT('Ctrl Pts',(6.36828728709004,-8.97010809390287,3.8509793632924));
#5485=CARTESIAN_POINT('Ctrl Pts',(6.36851273615459,-8.97010193105597,3.85042418162797));
#5486=CARTESIAN_POINT('Ctrl Pts',(6.36857011916954,-8.97010036244119,3.85028287255749));
#5487=CARTESIAN_POINT('Ctrl Pts',(6.36862763736167,-8.97009879005825,3.85014147703492));
#5488=CARTESIAN_POINT('Ctrl Pts',(6.36868528719367,-8.97009721389098,3.84999999997613));
#5489=CARTESIAN_POINT('',(9.55456242559595,-7.32946441182196,5.35));
#5490=CARTESIAN_POINT('Ctrl Pts',(6.36868528719367,-8.97009721389098,3.84999999997613));
#5491=CARTESIAN_POINT('Ctrl Pts',(6.36868528718287,-8.97009721389268,3.93807519072028));
#5492=CARTESIAN_POINT('Ctrl Pts',(6.48908594877046,-8.95118006386565,4.09085998581256));
#5493=CARTESIAN_POINT('Ctrl Pts',(6.79660759631377,-8.89073603183313,4.31326584270649));
#5494=CARTESIAN_POINT('Ctrl Pts',(7.38428444487861,-8.73602757307827,4.64236358801486));
#5495=CARTESIAN_POINT('Ctrl Pts',(8.38779158722891,-8.32388590699929,5.10605722796142));
#5496=CARTESIAN_POINT('Ctrl Pts',(9.16598163452907,-7.74552187740011,5.34999999999975));
#5497=CARTESIAN_POINT('Ctrl Pts',(9.55456242559644,-7.32946441182241,5.35));
#5498=CARTESIAN_POINT('',(9.35927779190816,-7.17337497641698,5.6));
#5499=CARTESIAN_POINT('Origin',(9.55456242559644,-7.32946441182256,5.6));
#5500=CARTESIAN_POINT('Ctrl Pts',(9.35927779190816,-7.17337497641698,5.6));
#5501=CARTESIAN_POINT('Ctrl Pts',(8.99267494396942,-7.63203447943058,5.59999999999971));
#5502=CARTESIAN_POINT('Ctrl Pts',(8.255655273542,-8.26782866099622,5.31540009928833));
#5503=CARTESIAN_POINT('Ctrl Pts',(7.30048045076855,-8.71894511493351,4.77442418601734));
#5504=CARTESIAN_POINT('Ctrl Pts',(6.74004035256143,-8.88767326375129,4.3904768164909));
#5505=CARTESIAN_POINT('Ctrl Pts',(6.47171570302043,-8.94775149924431,4.15324376557274));
#5506=CARTESIAN_POINT('Ctrl Pts',(6.37195984932033,-8.96649555055266,4.01244228458624));
#5507=CARTESIAN_POINT('Ctrl Pts',(6.34988781972616,-8.97056195376583,3.95094353206601));
#5508=CARTESIAN_POINT('Origin',(18.75,0.,5.6));
#5509=CARTESIAN_POINT('',(10.2364681691704,-2.59418113582137,5.6));
#5510=CARTESIAN_POINT('',(10.4756123217218,-2.52131087919717,5.35));
#5511=CARTESIAN_POINT('Origin',(10.4756123217218,-2.52131087919717,5.6));
#5512=CARTESIAN_POINT('',(10.475612321722,2.52131087919776,5.35));
#5513=CARTESIAN_POINT('Origin',(18.75,0.,5.35));
#5514=CARTESIAN_POINT('',(10.2364681691703,2.59418113582206,5.6));
#5515=CARTESIAN_POINT('Origin',(10.475612321722,2.52131087919776,5.6));
#5516=CARTESIAN_POINT('Origin',(18.75,0.,5.6));
#5517=CARTESIAN_POINT('Origin',(5.45358511814256,4.05158626830637,5.6));
#5518=CARTESIAN_POINT('',(9.55456242559844,7.32946441182128,5.35));
#5519=CARTESIAN_POINT('',(9.35927779191001,7.17337497641576,5.6));
#5520=CARTESIAN_POINT('Origin',(9.55456242559838,7.32946441182123,5.6));
#5521=CARTESIAN_POINT('Origin',(5.45358511814256,4.05158626830637,5.6));
#5522=CARTESIAN_POINT('Origin',(5.45358511814256,4.05158626830637,5.35));
#5523=CARTESIAN_POINT('Ctrl Pts',(6.36868528720085,8.97009721389078,3.84999999997613));
#5524=CARTESIAN_POINT('Ctrl Pts',(6.36868528719005,8.97009721389248,3.93807519072022));
#5525=CARTESIAN_POINT('Ctrl Pts',(6.48910549513365,8.95127350831278,4.09091382142425));
#5526=CARTESIAN_POINT('Ctrl Pts',(6.7965627808849,8.89064655689072,4.31316542376458));
#5527=CARTESIAN_POINT('Ctrl Pts',(7.21649915805764,8.7807582512084,4.54866293876425));
#5528=CARTESIAN_POINT('Ctrl Pts',(7.8857798865842,8.53777244964874,4.8781596642501));
#5529=CARTESIAN_POINT('Ctrl Pts',(8.70601477066446,8.10378022288412,5.21539995027947));
#5530=CARTESIAN_POINT('Ctrl Pts',(9.29550856488708,7.60683605553973,5.35));
#5531=CARTESIAN_POINT('Ctrl Pts',(9.55456242559829,7.32946441182134,5.35));
#5532=CARTESIAN_POINT('Ctrl Pts',(6.3624714433112,8.970267102631,3.84999999997548));
#5533=CARTESIAN_POINT('Ctrl Pts',(6.36247144330048,8.97026710263277,3.94050354383853));
#5534=CARTESIAN_POINT('Ctrl Pts',(6.48193843865459,8.95062301659169,4.0975452136866));
#5535=CARTESIAN_POINT('Ctrl Pts',(6.78684591417555,8.88733016584291,4.32554280498138));
#5536=CARTESIAN_POINT('Ctrl Pts',(7.20302227873787,8.77257757345883,4.56633635530406));
#5537=CARTESIAN_POINT('Ctrl Pts',(7.86530917143814,8.51957949258676,4.90068273207864));
#5538=CARTESIAN_POINT('Ctrl Pts',(8.67454094224,8.06988419323225,5.2362589569049));
#5539=CARTESIAN_POINT('Ctrl Pts',(9.2514149443412,7.56493480562542,5.35780999602226));
#5540=CARTESIAN_POINT('Ctrl Pts',(9.50343702805209,7.28860029319027,5.35));
#5541=CARTESIAN_POINT('Ctrl Pts',(6.35005643812406,8.97107061848991,3.84999999997415));
#5542=CARTESIAN_POINT('Ctrl Pts',(6.35005643811351,8.97107061849178,3.94538749501017));
#5543=CARTESIAN_POINT('Ctrl Pts',(6.467616923806,8.95033017177362,4.11085871948134));
#5544=CARTESIAN_POINT('Ctrl Pts',(6.76746423605355,8.8834468019328,4.35093037467138));
#5545=CARTESIAN_POINT('Ctrl Pts',(7.17621443723437,8.76201121301747,4.60409686401802));
#5546=CARTESIAN_POINT('Ctrl Pts',(7.82470100572608,8.49432430838649,4.95411331316533));
#5547=CARTESIAN_POINT('Ctrl Pts',(8.61232261571833,8.01900493996838,5.30192328009902));
#5548=CARTESIAN_POINT('Ctrl Pts',(9.1638424258094,7.4910841072528,5.41852745484026));
#5549=CARTESIAN_POINT('Ctrl Pts',(9.4016418673732,7.20723624084638,5.40423375442187));
#5550=CARTESIAN_POINT('Ctrl Pts',(6.33773583672249,8.97279710991361,3.84999999997282));
#5551=CARTESIAN_POINT('Ctrl Pts',(6.33773583671211,8.97279710991548,3.95029875679244));
#5552=CARTESIAN_POINT('Ctrl Pts',(6.4535473425001,8.95211335853044,4.12433706834457));
#5553=CARTESIAN_POINT('Ctrl Pts',(6.74896021436346,8.88529312823173,4.37723081769036));
#5554=CARTESIAN_POINT('Ctrl Pts',(7.15179939093151,8.76386160588681,4.64479749143495));
#5555=CARTESIAN_POINT('Ctrl Pts',(7.79162669779373,8.49524047046301,5.01777603347954));
#5556=CARTESIAN_POINT('Ctrl Pts',(8.57027697347695,8.01578019545613,5.39600635530863));
#5557=CARTESIAN_POINT('Ctrl Pts',(9.12036440621419,7.47253558138741,5.53945634988478));
#5558=CARTESIAN_POINT('Ctrl Pts',(9.35927779190992,7.17337497641586,5.53455015305021));
#5559=CARTESIAN_POINT('Ctrl Pts',(6.33161626704209,8.97388870736496,3.84999999997216));
#5560=CARTESIAN_POINT('Ctrl Pts',(6.33161626703178,8.9738887073668,3.95275438917359));
#5561=CARTESIAN_POINT('Ctrl Pts',(6.44658053107178,8.95348752013346,4.13106612499496));
#5562=CARTESIAN_POINT('Ctrl Pts',(6.73999774623374,8.88757307831494,4.39035966105868));
#5563=CARTESIAN_POINT('Ctrl Pts',(7.14047872327349,8.76774003562861,4.66510676189163));
#5564=CARTESIAN_POINT('Ctrl Pts',(7.77792888453609,8.5019869007899,5.04951960829179));
#5565=CARTESIAN_POINT('Ctrl Pts',(8.5572627204912,8.0260245175656,5.44296660865938));
#5566=CARTESIAN_POINT('Ctrl Pts',(9.11487589328444,7.47914797842485,5.6));
#5567=CARTESIAN_POINT('Ctrl Pts',(9.35927779190992,7.17337497641586,5.6));
#5568=CARTESIAN_POINT('',(6.36868528720085,8.97009721389078,3.85));
#5569=CARTESIAN_POINT('',(6.34979385076336,8.97061156886889,3.95098053835896));
#5570=CARTESIAN_POINT('Ctrl Pts',(6.36868528720085,8.97009721389078,3.84999999997613));
#5571=CARTESIAN_POINT('Ctrl Pts',(6.36862763797845,8.97009879004139,3.85014147553893));
#5572=CARTESIAN_POINT('Ctrl Pts',(6.36857011859612,8.97010036257811,3.8502828741296));
#5573=CARTESIAN_POINT('Ctrl Pts',(6.36851273623784,8.97010193141699,3.85042418184694));
#5574=CARTESIAN_POINT('Ctrl Pts',(6.36582696089337,8.97017536075866,3.85703807494205));
#5575=CARTESIAN_POINT('Ctrl Pts',(6.36344562451832,8.970240888436,3.86360872059635));
#5576=CARTESIAN_POINT('Ctrl Pts',(6.36133573137317,8.97030161888161,3.87023317969476));
#5577=CARTESIAN_POINT('Ctrl Pts',(6.35908630954123,8.97036636547342,3.87729571883566));
#5578=CARTESIAN_POINT('Ctrl Pts',(6.35714579126304,8.97042579647127,3.88441938810658));
#5579=CARTESIAN_POINT('Ctrl Pts',(6.35553172322129,8.97047575580062,3.89171595527898));
#5580=CARTESIAN_POINT('Ctrl Pts',(6.35521552194892,8.97048554299862,3.89314537694161));
#5581=CARTESIAN_POINT('Ctrl Pts',(6.35491200662773,8.97049494014813,3.89458141685869));
#5582=CARTESIAN_POINT('Ctrl Pts',(6.3546215302449,8.97050387674283,3.89602488905689));
#5583=CARTESIAN_POINT('Ctrl Pts',(6.35462014187596,8.97050391945642,3.89603178831646));
#5584=CARTESIAN_POINT('Ctrl Pts',(6.35461875380502,8.97050396215947,3.8960386877458));
#5585=CARTESIAN_POINT('Ctrl Pts',(6.35461736603212,8.97050400485196,3.896045587345));
#5586=CARTESIAN_POINT('Ctrl Pts',(6.35263625964932,8.9705649502498,3.90589506634817));
#5587=CARTESIAN_POINT('Ctrl Pts',(6.35122907904585,8.97061252211384,3.91576511702441));
#5588=CARTESIAN_POINT('Ctrl Pts',(6.35032802182144,8.97064955915149,3.92565537408397));
#5589=CARTESIAN_POINT('Ctrl Pts',(6.34962530646934,8.97067844354891,3.93336857507013));
#5590=CARTESIAN_POINT('Ctrl Pts',(6.34923189513537,8.97070089172617,3.94109406270484));
#5591=CARTESIAN_POINT('Ctrl Pts',(6.34913690029139,8.97071430606948,3.94883062113219));
#5592=CARTESIAN_POINT('Ctrl Pts',(6.3498878224901,8.97057656063812,3.95094450912085));
#5593=CARTESIAN_POINT('Ctrl Pts',(6.37196209999683,8.96652565428669,4.01245491437269));
#5594=CARTESIAN_POINT('Ctrl Pts',(6.47172851821775,8.94783817357187,4.1532894649185));
#5595=CARTESIAN_POINT('Ctrl Pts',(6.73999774623374,8.88757307831494,4.39035966105868));
#5596=CARTESIAN_POINT('Ctrl Pts',(7.14047872327349,8.76774003562861,4.66510676189163));
#5597=CARTESIAN_POINT('Ctrl Pts',(7.77792888453609,8.5019869007899,5.04951960829179));
#5598=CARTESIAN_POINT('Ctrl Pts',(8.5572627204912,8.0260245175656,5.44296660865938));
#5599=CARTESIAN_POINT('Ctrl Pts',(9.11487589328444,7.47914797842485,5.6));
#5600=CARTESIAN_POINT('Ctrl Pts',(9.35927779190992,7.17337497641586,5.6));
#5601=CARTESIAN_POINT('Ctrl Pts',(9.55456242559829,7.32946441182134,5.35));
#5602=CARTESIAN_POINT('Ctrl Pts',(9.29550856488708,7.60683605553973,5.35));
#5603=CARTESIAN_POINT('Ctrl Pts',(8.70601477066446,8.10378022288412,5.21539995027947));
#5604=CARTESIAN_POINT('Ctrl Pts',(7.8857798865842,8.53777244964874,4.8781596642501));
#5605=CARTESIAN_POINT('Ctrl Pts',(7.21649915805764,8.7807582512084,4.54866293876425));
#5606=CARTESIAN_POINT('Ctrl Pts',(6.7965627808849,8.89064655689072,4.31316542376458));
#5607=CARTESIAN_POINT('Ctrl Pts',(6.48910549513365,8.95127350831278,4.09091382142425));
#5608=CARTESIAN_POINT('Ctrl Pts',(6.36868528719005,8.97009721389248,3.93807519072022));
#5609=CARTESIAN_POINT('Ctrl Pts',(6.36868528720085,8.97009721389078,3.84999999997613));
#5610=CARTESIAN_POINT('Origin',(5.45358511814256,-4.05158626830528,5.6));
#5611=CARTESIAN_POINT('Origin',(5.45358511814256,-4.05158626830528,5.6));
#5612=CARTESIAN_POINT('Origin',(5.45358511814256,-4.05158626830528,5.35));
#5613=CARTESIAN_POINT('Ctrl Pts',(18.75,-6.9900000000001,5.35));
#5614=CARTESIAN_POINT('Ctrl Pts',(16.973824478381,-6.9900000000001,5.35));
#5615=CARTESIAN_POINT('Ctrl Pts',(12.8295565592414,-7.09351897505956,5.35));
#5616=CARTESIAN_POINT('Ctrl Pts',(8.69505685840168,-7.40593285660194,5.35));
#5617=CARTESIAN_POINT('Ctrl Pts',(6.3276900634765,-7.47065752132833,5.35));
#5618=CARTESIAN_POINT('Ctrl Pts',(18.75,-7.43879895051293,5.35));
#5619=CARTESIAN_POINT('Ctrl Pts',(16.9807039865108,-7.43879895051293,5.35));
#5620=CARTESIAN_POINT('Ctrl Pts',(12.8590967710439,-7.54142245689198,5.35));
#5621=CARTESIAN_POINT('Ctrl Pts',(8.72035632984972,-7.85420781664954,5.35));
#5622=CARTESIAN_POINT('Ctrl Pts',(6.33995580573004,-7.91928882824793,5.35));
#5623=CARTESIAN_POINT('Ctrl Pts',(18.75,-8.21613114289493,4.97380912873259));
#5624=CARTESIAN_POINT('Ctrl Pts',(16.9925199277419,-8.21613114289493,4.97380912873259));
#5625=CARTESIAN_POINT('Ctrl Pts',(12.9100986083124,-8.31721016050955,4.97380912873259));
#5626=CARTESIAN_POINT('Ctrl Pts',(8.7639870958335,-8.63063759994468,4.97380912873259));
#5627=CARTESIAN_POINT('Ctrl Pts',(6.36120041048288,-8.6963306572908,4.97380912873259));
#5628=CARTESIAN_POINT('Ctrl Pts',(18.75,-8.4900000000001,4.18659921288462));
#5629=CARTESIAN_POINT('Ctrl Pts',(16.9967329446177,-8.4900000000001,4.18659921288462));
#5630=CARTESIAN_POINT('Ctrl Pts',(12.9281492570594,-8.59053160424975,4.18659921288462));
#5631=CARTESIAN_POINT('Ctrl Pts',(8.77945383985444,-8.90418592940462,4.18659921288462));
#5632=CARTESIAN_POINT('Ctrl Pts',(6.36868528719367,-8.97009721389098,4.18659921288462));
#5633=CARTESIAN_POINT('Ctrl Pts',(18.75,-8.4900000000001,3.85));
#5634=CARTESIAN_POINT('Ctrl Pts',(16.9967153626068,-8.4900000000001,3.85));
#5635=CARTESIAN_POINT('Ctrl Pts',(12.9281205368583,-8.59053275000166,3.85));
#5636=CARTESIAN_POINT('Ctrl Pts',(8.77942052945429,-8.90418684012301,3.85));
#5637=CARTESIAN_POINT('Ctrl Pts',(6.36868528719367,-8.97009721389098,3.85));
#5638=CARTESIAN_POINT('',(18.75,-8.4900000000001,3.85));
#5639=CARTESIAN_POINT('Ctrl Pts',(6.36868528719367,-8.97009721389098,3.85));
#5640=CARTESIAN_POINT('Ctrl Pts',(8.77942052945429,-8.90418684012301,3.85));
#5641=CARTESIAN_POINT('Ctrl Pts',(12.9281205368583,-8.59053275000166,3.85));
#5642=CARTESIAN_POINT('Ctrl Pts',(16.9967153626068,-8.4900000000001,3.85));
#5643=CARTESIAN_POINT('Ctrl Pts',(18.75,-8.4900000000001,3.85));
#5644=CARTESIAN_POINT('',(18.75,-6.9900000000001,5.35));
#5645=CARTESIAN_POINT('Origin',(18.75,-6.9900000000001,3.85));
#5646=CARTESIAN_POINT('Ctrl Pts',(18.75,-6.9900000000001,5.35));
#5647=CARTESIAN_POINT('Ctrl Pts',(16.973824478381,-6.9900000000001,5.35));
#5648=CARTESIAN_POINT('Ctrl Pts',(13.9062695607419,-7.06662394111792,5.35));
#5649=CARTESIAN_POINT('Ctrl Pts',(10.8440664988837,-7.25769817179158,5.35));
#5650=CARTESIAN_POINT('Ctrl Pts',(9.55453307981966,-7.32890783808289,5.35));
#5651=CARTESIAN_POINT('Origin',(5.45358511814256,-4.05158626830528,5.35));
#5652=CARTESIAN_POINT('',(10.2364681691704,-2.59418113582137,5.35));
#5653=CARTESIAN_POINT('',(6.34979385075295,-8.97061156886951,7.26791336460381));
#5654=CARTESIAN_POINT('Ctrl Pts',(6.34979385075407,-8.9706115688695,7.26791336460332));
#5655=CARTESIAN_POINT('Ctrl Pts',(6.34979385075407,-8.9706115688695,7.29900882508763));
#5656=CARTESIAN_POINT('Ctrl Pts',(6.35575109784627,-8.9695369464117,7.32867187655164));
#5657=CARTESIAN_POINT('Ctrl Pts',(6.38039444328087,-8.96495548059413,7.38898644885655));
#5658=CARTESIAN_POINT('Ctrl Pts',(6.39954748236185,-8.96133790107314,7.41753276536687));
#5659=CARTESIAN_POINT('Ctrl Pts',(6.44980701599638,-8.95141970780651,7.47605520272285));
#5660=CARTESIAN_POINT('Ctrl Pts',(6.4912075383482,-8.94320551342167,7.51436656423874));
#5661=CARTESIAN_POINT('Ctrl Pts',(6.66376026982112,-8.90415043758198,7.63092813941457));
#5662=CARTESIAN_POINT('Ctrl Pts',(6.8076052991816,-8.86776705293875,7.70102394139857));
#5663=CARTESIAN_POINT('Ctrl Pts',(7.21956478671789,-8.73667116002802,7.86904982831865));
#5664=CARTESIAN_POINT('Ctrl Pts',(7.55445730836168,-8.60756149792254,7.97883488811193));
#5665=CARTESIAN_POINT('Ctrl Pts',(8.16081050657823,-8.26481661174349,8.11195501799045));
#5666=CARTESIAN_POINT('Ctrl Pts',(8.39945899525574,-8.10188480069399,8.14686957693391));
#5667=CARTESIAN_POINT('Ctrl Pts',(8.82822635208884,-7.75058330459822,8.16244383135689));
#5668=CARTESIAN_POINT('Ctrl Pts',(9.02022426364795,-7.56547204205641,8.1470300216093));
#5669=CARTESIAN_POINT('Ctrl Pts',(9.19368157943461,-7.36997118573585,8.10012915082942));
#5670=CARTESIAN_POINT('',(6.34979385075407,-8.9706115688695,5.35));
#5671=CARTESIAN_POINT('Origin',(18.75,0.,5.35));
#5672=CARTESIAN_POINT('',(10.2364681691703,2.59418113582206,5.35));
#5673=CARTESIAN_POINT('Origin',(5.45358511814256,4.05158626830637,-3.6));
#5674=CARTESIAN_POINT('',(9.35927779190992,7.17337497641587,-3.6));
#5675=CARTESIAN_POINT('',(9.55456242559829,7.32946441182135,-3.35));
#5676=CARTESIAN_POINT('Origin',(9.55456242559829,7.32946441182135,-3.6));
#5677=CARTESIAN_POINT('',(10.4756123217217,2.52131087919785,-3.35));
#5678=CARTESIAN_POINT('Origin',(5.45358511814256,4.05158626830637,-3.35));
#5679=CARTESIAN_POINT('',(10.2364681691703,2.59418113582206,-3.6));
#5680=CARTESIAN_POINT('Origin',(10.4756123217217,2.52131087919785,-3.6));
#5681=CARTESIAN_POINT('Origin',(5.45358511814256,4.05158626830637,-3.6));
#5682=CARTESIAN_POINT('Origin',(18.75,0.,-3.6));
#5683=CARTESIAN_POINT('',(10.4756123217218,-2.52131087919717,-3.35));
#5684=CARTESIAN_POINT('',(10.2364681691704,-2.59418113582137,-3.6));
#5685=CARTESIAN_POINT('Origin',(10.4756123217218,-2.52131087919717,-3.6));
#5686=CARTESIAN_POINT('Origin',(18.75,0.,-3.6));
#5687=CARTESIAN_POINT('Origin',(18.75,0.,-3.35));
#5688=CARTESIAN_POINT('Origin',(5.45358511814256,-4.05158626830528,-3.6));
#5689=CARTESIAN_POINT('',(9.55456242559753,-7.32946441182134,-3.35));
#5690=CARTESIAN_POINT('',(9.35927779190914,-7.17337497641576,-3.6));
#5691=CARTESIAN_POINT('Origin',(9.55456242559747,-7.32946441182128,-3.6));
#5692=CARTESIAN_POINT('Origin',(5.45358511814256,-4.05158626830528,-3.6));
#5693=CARTESIAN_POINT('Origin',(5.45358511814256,-4.05158626830528,-3.35));
#5694=CARTESIAN_POINT('Ctrl Pts',(6.36868528719368,-8.97009721389098,-1.84999999997613));
#5695=CARTESIAN_POINT('Ctrl Pts',(6.36868528718287,-8.97009721389268,-1.9380751907203));
#5696=CARTESIAN_POINT('Ctrl Pts',(6.48908670606184,-8.95118102982954,-2.0908652639651));
#5697=CARTESIAN_POINT('Ctrl Pts',(6.79660884344914,-8.89073850781305,-2.31327414516345));
#5698=CARTESIAN_POINT('Ctrl Pts',(7.38428441960637,-8.7360318662362,-2.64237575302701));
#5699=CARTESIAN_POINT('Ctrl Pts',(8.3877845391675,-8.32390548333376,-3.10606297922616));
#5700=CARTESIAN_POINT('Ctrl Pts',(9.16598163453002,-7.74552187739934,-3.35));
#5701=CARTESIAN_POINT('Ctrl Pts',(9.55456242559738,-7.32946441182139,-3.35));
#5702=CARTESIAN_POINT('Ctrl Pts',(6.36247144330407,-8.9702671026312,-1.84999999997548));
#5703=CARTESIAN_POINT('Ctrl Pts',(6.36247144329336,-8.97026710263297,-1.94050354383862));
#5704=CARTESIAN_POINT('Ctrl Pts',(6.48191345927962,-8.95052356714141,-2.09746605862423));
#5705=CARTESIAN_POINT('Ctrl Pts',(6.78689579469945,-8.88740624528737,-2.32565395015743));
#5706=CARTESIAN_POINT('Ctrl Pts',(7.36925397480006,-8.72587402310629,-2.66194091819709));
#5707=CARTESIAN_POINT('Ctrl Pts',(8.36170031564609,-8.29684996008347,-3.13084013024922));
#5708=CARTESIAN_POINT('Ctrl Pts',(9.12540390248432,-7.70310206184339,-3.36171499403341));
#5709=CARTESIAN_POINT('Ctrl Pts',(9.5034370280512,-7.28860029319031,-3.35));
#5710=CARTESIAN_POINT('Ctrl Pts',(6.35005643800075,-8.97107061735313,-1.84999999997415));
#5711=CARTESIAN_POINT('Ctrl Pts',(6.3500564379902,-8.971070617355,-1.94538749501027));
#5712=CARTESIAN_POINT('Ctrl Pts',(6.46757983962533,-8.95021215756687,-2.1107560644328));
#5713=CARTESIAN_POINT('Ctrl Pts',(6.76754044919852,-8.88353185316221,-2.35110445363677));
#5714=CARTESIAN_POINT('Ctrl Pts',(7.33935988848435,-8.7124932460879,-2.70441375436138));
#5715=CARTESIAN_POINT('Ctrl Pts',(8.31020301733601,-8.25871398740024,-3.19502155632326));
#5716=CARTESIAN_POINT('Ctrl Pts',(9.0449356221345,-7.63300237915815,-3.42566523765452));
#5717=CARTESIAN_POINT('Ctrl Pts',(9.40163478448071,-7.20723057954815,-3.4042246870269));
#5718=CARTESIAN_POINT('Ctrl Pts',(6.33773583671558,-8.97279710991377,-1.84999999997282));
#5719=CARTESIAN_POINT('Ctrl Pts',(6.3377358367052,-8.97279710991563,-1.95029875679254));
#5720=CARTESIAN_POINT('Ctrl Pts',(6.45351613248211,-8.95200239265856,-2.12426432152834));
#5721=CARTESIAN_POINT('Ctrl Pts',(6.74899920085157,-8.88537301641897,-2.37736676460698));
#5722=CARTESIAN_POINT('Ctrl Pts',(7.31266165545804,-8.71439709928971,-2.75113033611601));
#5723=CARTESIAN_POINT('Ctrl Pts',(8.27055566738344,-8.25854169865727,-3.27531637200138));
#5724=CARTESIAN_POINT('Ctrl Pts',(9.00090771336494,-7.62211588387357,-3.54190944830207));
#5725=CARTESIAN_POINT('Ctrl Pts',(9.35927779190906,-7.17337497641586,-3.53455015305021));
#5726=CARTESIAN_POINT('Ctrl Pts',(6.33161626703524,-8.9738887073651,-1.84999999997216));
#5727=CARTESIAN_POINT('Ctrl Pts',(6.33161626702492,-8.97388870736694,-1.95275438917369));
#5728=CARTESIAN_POINT('Ctrl Pts',(6.44656118028248,-8.95338486734602,-2.13100947462595));
#5729=CARTESIAN_POINT('Ctrl Pts',(6.74004159339471,-8.88767600810886,-2.3904865026907));
#5730=CARTESIAN_POINT('Ctrl Pts',(7.30048051090169,-8.7189498644733,-2.77443837853151));
#5731=CARTESIAN_POINT('Ctrl Pts',(8.25564889574165,-8.26785029869156,-3.31540680909719));
#5732=CARTESIAN_POINT('Ctrl Pts',(8.99267494397031,-7.63203447942973,-3.6));
#5733=CARTESIAN_POINT('Ctrl Pts',(9.35927779190906,-7.17337497641586,-3.6));
#5734=CARTESIAN_POINT('',(6.36868528719367,-8.97009721389098,-1.85));
#5735=CARTESIAN_POINT('',(6.34979385075686,-8.97061156886899,-1.95098053835952));
#5736=CARTESIAN_POINT('Ctrl Pts',(6.36868528719368,-8.97009721389098,-1.84999999997613));
#5737=CARTESIAN_POINT('Ctrl Pts',(6.36862763767503,-8.97009879004968,-1.85014147626592));
#5738=CARTESIAN_POINT('Ctrl Pts',(6.3685701188591,-8.9701003624509,-1.85028287333671));
#5739=CARTESIAN_POINT('Ctrl Pts',(6.36851273615751,-8.97010193105957,-1.85042418165248));
#5740=CARTESIAN_POINT('Ctrl Pts',(6.36582709919393,-8.97017534540397,-1.85703772241615));
#5741=CARTESIAN_POINT('Ctrl Pts',(6.36344581404493,-8.97024059921333,-1.86360784418195));
#5742=CARTESIAN_POINT('Ctrl Pts',(6.36133585687931,-8.97030079596072,-1.87023150649062));
#5743=CARTESIAN_POINT('Ctrl Pts',(6.35908671717464,-8.97036496356414,-1.87729209621801));
#5744=CARTESIAN_POINT('Ctrl Pts',(6.35714625282314,-8.9704235144283,-1.88441350042552));
#5745=CARTESIAN_POINT('Ctrl Pts',(6.35553202098549,-8.97047235391614,-1.89170759441411));
#5746=CARTESIAN_POINT('Ctrl Pts',(6.35521530215977,-8.9704819364215,-1.89313872520266));
#5747=CARTESIAN_POINT('Ctrl Pts',(6.354911299986,-8.97049111882239,-1.89457648704298));
#5748=CARTESIAN_POINT('Ctrl Pts',(6.35462036938981,-8.97049983131515,-1.89602169904812));
#5749=CARTESIAN_POINT('Ctrl Pts',(6.35461898068879,-8.97049987290255,-1.89602859748859));
#5750=CARTESIAN_POINT('Ctrl Pts',(6.35461759228571,-8.97049991447922,-1.89603549609878));
#5751=CARTESIAN_POINT('Ctrl Pts',(6.35461620418064,-8.97049995604515,-1.89604239487879));
#5752=CARTESIAN_POINT('Ctrl Pts',(6.35263639321194,-8.97055924023572,-1.90588190963089));
#5753=CARTESIAN_POINT('Ctrl Pts',(6.35122939843798,-8.97060485021834,-1.91574195593701));
#5754=CARTESIAN_POINT('Ctrl Pts',(6.35032794078804,-8.970640024937,-1.92562262965568));
#5755=CARTESIAN_POINT('Ctrl Pts',(6.34962347901957,-8.97066751291108,-1.93334407600639));
#5756=CARTESIAN_POINT('Ctrl Pts',(6.34922922365587,-8.97068860261683,-1.94107810824739));
#5757=CARTESIAN_POINT('Ctrl Pts',(6.34913448176484,-8.97070086514158,-1.94882353361916));
#5758=CARTESIAN_POINT('Ctrl Pts',(6.34988763143691,-8.97056217389649,-1.95094361509434));
#5759=CARTESIAN_POINT('Ctrl Pts',(6.37195973197585,-8.96649597822462,-2.01244376167442));
#5760=CARTESIAN_POINT('Ctrl Pts',(6.47171627137383,-8.94775276289963,-2.15325003306004));
#5761=CARTESIAN_POINT('Ctrl Pts',(6.74004159339471,-8.88767600810886,-2.3904865026907));
#5762=CARTESIAN_POINT('Ctrl Pts',(7.30048051090169,-8.7189498644733,-2.77443837853151));
#5763=CARTESIAN_POINT('Ctrl Pts',(8.25564889574165,-8.26785029869156,-3.31540680909719));
#5764=CARTESIAN_POINT('Ctrl Pts',(8.99267494397031,-7.63203447942973,-3.6));
#5765=CARTESIAN_POINT('Ctrl Pts',(9.35927779190906,-7.17337497641586,-3.6));
#5766=CARTESIAN_POINT('Ctrl Pts',(9.55456242559738,-7.32946441182139,-3.35));
#5767=CARTESIAN_POINT('Ctrl Pts',(9.16598163453002,-7.74552187739934,-3.35));
#5768=CARTESIAN_POINT('Ctrl Pts',(8.3877845391675,-8.32390548333376,-3.10606297922616));
#5769=CARTESIAN_POINT('Ctrl Pts',(7.38428441960637,-8.7360318662362,-2.64237575302701));
#5770=CARTESIAN_POINT('Ctrl Pts',(6.79660884344914,-8.89073850781305,-2.31327414516345));
#5771=CARTESIAN_POINT('Ctrl Pts',(6.48908670606184,-8.95118102982954,-2.0908652639651));
#5772=CARTESIAN_POINT('Ctrl Pts',(6.36868528718287,-8.97009721389268,-1.9380751907203));
#5773=CARTESIAN_POINT('Ctrl Pts',(6.36868528719368,-8.97009721389098,-1.84999999997613));
#5774=CARTESIAN_POINT('Ctrl Pts',(9.55456242559828,7.32946441182135,-3.35));
#5775=CARTESIAN_POINT('Ctrl Pts',(9.29550856488708,7.60683605553974,-3.35));
#5776=CARTESIAN_POINT('Ctrl Pts',(8.70342166542187,8.10402416179022,-3.21628426910078));
#5777=CARTESIAN_POINT('Ctrl Pts',(7.72518265950614,8.62418696737899,-2.80974315821299));
#5778=CARTESIAN_POINT('Ctrl Pts',(6.95324234978932,8.86005401573378,-2.42192147441384));
#5779=CARTESIAN_POINT('Ctrl Pts',(6.48825758209413,8.95138446904651,-2.0919701837739));
#5780=CARTESIAN_POINT('Ctrl Pts',(6.36868528719003,8.97009721389248,-1.93807519072021));
#5781=CARTESIAN_POINT('Ctrl Pts',(6.36868528720083,8.97009721389079,-1.84999999997613));
#5782=CARTESIAN_POINT('Ctrl Pts',(9.50343702805209,7.28860029319028,-3.35));
#5783=CARTESIAN_POINT('Ctrl Pts',(9.25141494434119,7.56493480562543,-3.35780999602226));
#5784=CARTESIAN_POINT('Ctrl Pts',(8.67195609739491,8.07015565099581,-3.23712613511218));
#5785=CARTESIAN_POINT('Ctrl Pts',(7.70689668985607,8.60911964026549,-2.83262095131816));
#5786=CARTESIAN_POINT('Ctrl Pts',(6.94223377338687,8.85537290021025,-2.43710492547274));
#5787=CARTESIAN_POINT('Ctrl Pts',(6.48109488893962,8.9507380045878,-2.09862032961758));
#5788=CARTESIAN_POINT('Ctrl Pts',(6.36247144330046,8.97026710263277,-1.94050354383852));
#5789=CARTESIAN_POINT('Ctrl Pts',(6.36247144331118,8.970267102631,-1.84999999997548));
#5790=CARTESIAN_POINT('Ctrl Pts',(9.40163478448158,7.20723057954815,-3.40422468702691));
#5791=CARTESIAN_POINT('Ctrl Pts',(9.16383534291779,7.49107844595457,-3.4185183874453));
#5792=CARTESIAN_POINT('Ctrl Pts',(8.60977328183232,8.01931208077726,-3.30285666397934));
#5793=CARTESIAN_POINT('Ctrl Pts',(7.6705436624055,8.58893349379007,-2.8835003666859));
#5794=CARTESIAN_POINT('Ctrl Pts',(6.92030282733256,8.84966956364367,-2.46844855918919));
#5795=CARTESIAN_POINT('Ctrl Pts',(6.46679181087968,8.950459984093,-2.11201041183816));
#5796=CARTESIAN_POINT('Ctrl Pts',(6.3500564379972,8.97107061735482,-1.94538749501016));
#5797=CARTESIAN_POINT('Ctrl Pts',(6.35005643800775,8.97107061735295,-1.84999999997415));
#5798=CARTESIAN_POINT('Ctrl Pts',(9.35927779190991,7.17337497641587,-3.53455015305021));
#5799=CARTESIAN_POINT('Ctrl Pts',(9.12036440621418,7.47253558138742,-3.53945634988478));
#5800=CARTESIAN_POINT('Ctrl Pts',(8.56774926949877,8.01604211983709,-3.39699612949257));
#5801=CARTESIAN_POINT('Ctrl Pts',(7.63925324853731,8.59073494079802,-2.94104172607927));
#5802=CARTESIAN_POINT('Ctrl Pts',(6.89950367782111,8.85155524525294,-2.5009902498546));
#5803=CARTESIAN_POINT('Ctrl Pts',(6.45272187295892,8.95222827669911,-2.12553841624183));
#5804=CARTESIAN_POINT('Ctrl Pts',(6.33773583671209,8.97279710991548,-1.95029875679243));
#5805=CARTESIAN_POINT('Ctrl Pts',(6.33773583672247,8.97279710991361,-1.84999999997282));
#5806=CARTESIAN_POINT('Ctrl Pts',(9.35927779190991,7.17337497641587,-3.6));
#5807=CARTESIAN_POINT('Ctrl Pts',(9.11487589328443,7.47914797842486,-3.6));
#5808=CARTESIAN_POINT('Ctrl Pts',(8.5547867166255,8.026285591517,-3.44399831395091));
#5809=CARTESIAN_POINT('Ctrl Pts',(7.62535675138424,8.59676552988425,-2.96970035124848));
#5810=CARTESIAN_POINT('Ctrl Pts',(6.88952466899598,8.85431684040641,-2.51724172014948));
#5811=CARTESIAN_POINT('Ctrl Pts',(6.44577097809193,8.9536075576374,-2.13229854773622));
#5812=CARTESIAN_POINT('Ctrl Pts',(6.33161626703176,8.9738887073668,-1.95275438917357));
#5813=CARTESIAN_POINT('Ctrl Pts',(6.33161626704208,8.97388870736496,-1.84999999997216));
#5814=CARTESIAN_POINT('',(6.34979385076336,8.97061156886889,-1.95098053835899));
#5815=CARTESIAN_POINT('',(6.36868528720083,8.97009721389079,-1.85));
#5816=CARTESIAN_POINT('Ctrl Pts',(6.34903465796337,8.970729839633,-1.9489910630436));
#5817=CARTESIAN_POINT('Ctrl Pts',(6.34905544110831,8.97072678724904,-1.94747584932832));
#5818=CARTESIAN_POINT('Ctrl Pts',(6.34908766010469,8.97072339563212,-1.94596131597042));
#5819=CARTESIAN_POINT('Ctrl Pts',(6.34913140194642,8.97071968380798,-1.94444735420747));
#5820=CARTESIAN_POINT('Ctrl Pts',(6.34942911283047,8.97069442080118,-1.9341431951462));
#5821=CARTESIAN_POINT('Ctrl Pts',(6.35025267234557,8.97065605372598,-1.92384702715427));
#5822=CARTESIAN_POINT('Ctrl Pts',(6.35164219199858,8.97060625134122,-1.91358840722841));
#5823=CARTESIAN_POINT('Ctrl Pts',(6.352435222746,8.97057782797756,-1.90773357746067));
#5824=CARTESIAN_POINT('Ctrl Pts',(6.35341338526335,8.97054544803645,-1.90189085713042));
#5825=CARTESIAN_POINT('Ctrl Pts',(6.35459178343724,8.97050830795989,-1.89606480259666));
#5826=CARTESIAN_POINT('Ctrl Pts',(6.35484659097507,8.97050027708232,-1.89480502246129));
#5827=CARTESIAN_POINT('Ctrl Pts',(6.35511078454595,8.97049202235376,-1.893546019053));
#5828=CARTESIAN_POINT('Ctrl Pts',(6.35538455720867,8.97048353350892,-1.89228783397055));
#5829=CARTESIAN_POINT('Ctrl Pts',(6.35695476723825,8.9704348461448,-1.88507157353057));
#5830=CARTESIAN_POINT('Ctrl Pts',(6.35884800946325,8.97037549689344,-1.87806244425235));
#5831=CARTESIAN_POINT('Ctrl Pts',(6.36103569993591,8.9703114794567,-1.87112946666441));
#5832=CARTESIAN_POINT('Ctrl Pts',(6.36305207062192,8.9702524752765,-1.86473941608376));
#5833=CARTESIAN_POINT('Ctrl Pts',(6.36531841918315,8.97018936587824,-1.8584140339028));
#5834=CARTESIAN_POINT('Ctrl Pts',(6.36785907065189,8.97011981446347,-1.85204784139311));
#5835=CARTESIAN_POINT('Ctrl Pts',(6.36807493565656,8.97011390506713,-1.85150694147324));
#5836=CARTESIAN_POINT('Ctrl Pts',(6.36829281210218,8.97010794536667,-1.85096574494969));
#5837=CARTESIAN_POINT('Ctrl Pts',(6.36851273296793,8.97010193184529,-1.85042418591972));
#5838=CARTESIAN_POINT('Ctrl Pts',(6.36857011780509,8.97010036271294,-1.85028287474106));
#5839=CARTESIAN_POINT('Ctrl Pts',(6.36862763767359,8.97009879004972,-1.85014147628703));
#5840=CARTESIAN_POINT('Ctrl Pts',(6.36868528720083,8.97009721389079,-1.84999999997613));
#5841=CARTESIAN_POINT('Ctrl Pts',(6.36868528720083,8.97009721389079,-1.84999999997613));
#5842=CARTESIAN_POINT('Ctrl Pts',(6.36868528719003,8.97009721389248,-1.93807519072021));
#5843=CARTESIAN_POINT('Ctrl Pts',(6.48825758209413,8.95138446904651,-2.0919701837739));
#5844=CARTESIAN_POINT('Ctrl Pts',(6.95324234978932,8.86005401573378,-2.42192147441384));
#5845=CARTESIAN_POINT('Ctrl Pts',(7.72518265950614,8.62418696737899,-2.80974315821299));
#5846=CARTESIAN_POINT('Ctrl Pts',(8.70342166542187,8.10402416179022,-3.21628426910078));
#5847=CARTESIAN_POINT('Ctrl Pts',(9.29550856488708,7.60683605553974,-3.35));
#5848=CARTESIAN_POINT('Ctrl Pts',(9.55456242559828,7.32946441182135,-3.35));
#5849=CARTESIAN_POINT('Ctrl Pts',(9.35927779190991,7.17337497641587,-3.6));
#5850=CARTESIAN_POINT('Ctrl Pts',(9.11487589328443,7.47914797842486,-3.6));
#5851=CARTESIAN_POINT('Ctrl Pts',(8.5547867166255,8.026285591517,-3.44399831395091));
#5852=CARTESIAN_POINT('Ctrl Pts',(7.62535675138424,8.59676552988425,-2.96970035124848));
#5853=CARTESIAN_POINT('Ctrl Pts',(6.88952466899598,8.85431684040641,-2.51724172014948));
#5854=CARTESIAN_POINT('Ctrl Pts',(6.47109685806025,8.94794084468807,-2.15426799785912));
#5855=CARTESIAN_POINT('Ctrl Pts',(6.37169620834746,8.96656810918063,-2.01273418716555));
#5856=CARTESIAN_POINT('Ctrl Pts',(6.34974191553346,8.97060000343371,-1.9509991733933));
#5857=CARTESIAN_POINT('Origin',(18.3075,0.,-3.35));
#5858=CARTESIAN_POINT('',(18.75,6.9900000000001,-3.35));
#5859=CARTESIAN_POINT('Ctrl Pts',(18.75,6.9900000000001,-3.35));
#5860=CARTESIAN_POINT('Ctrl Pts',(16.973824478382,6.9900000000001,-3.35));
#5861=CARTESIAN_POINT('Ctrl Pts',(13.9062701541652,7.0666156893921,-3.35));
#5862=CARTESIAN_POINT('Ctrl Pts',(10.844066623934,7.25769389791793,-3.35));
#5863=CARTESIAN_POINT('Ctrl Pts',(9.55453293999384,7.32890519000293,-3.35));
#5864=CARTESIAN_POINT('',(22.2399976145022,6.05640294653262,-3.35));
#5865=CARTESIAN_POINT('Origin',(18.75,0.,-3.35));
#5866=CARTESIAN_POINT('',(21.060255296003,5.37527840137261,-3.35));
#5867=CARTESIAN_POINT('',(24.0375772671129,7.09423604285731,-3.35));
#5868=CARTESIAN_POINT('',(20.8660954126534,4.71265298636789,-3.35));
#5869=CARTESIAN_POINT('Origin',(21.310255296003,4.9422656994804,-3.35));
#5870=CARTESIAN_POINT('',(22.0070261147855,0.325129240652956,-3.35));
#5871=CARTESIAN_POINT('Origin',(11.7499999999985,2.77555756156289E-16,-3.35));
#5872=CARTESIAN_POINT('',(21.9824276742513,-2.01661604082304E-14,-3.35));
#5873=CARTESIAN_POINT('Ctrl Pts',(21.9820177510621,-0.000125850813164657,
-3.34988217026537));
#5874=CARTESIAN_POINT('Ctrl Pts',(21.9909541891214,0.047547810543903,-3.34991942100152));
#5875=CARTESIAN_POINT('Ctrl Pts',(21.9975671097859,0.0957006034055363,-3.34997885848363));
#5876=CARTESIAN_POINT('Ctrl Pts',(22.0018569162397,0.144067688759461,-3.35001171848566));
#5877=CARTESIAN_POINT('Ctrl Pts',(22.0061116182712,0.192038975699502,-3.35004430958713));
#5878=CARTESIAN_POINT('Ctrl Pts',(22.0080812520356,0.240222139209897,-3.35005123648261));
#5879=CARTESIAN_POINT('Ctrl Pts',(22.0077394153874,0.288343583301343,-3.35002546731637));
#5880=CARTESIAN_POINT('Ctrl Pts',(22.0076522703262,0.3006112737774,-3.35001889793423));
#5881=CARTESIAN_POINT('Ctrl Pts',(22.0074147564609,0.312874832859466,-3.3500103877979));
#5882=CARTESIAN_POINT('Ctrl Pts',(22.0070261261206,0.325129454888958,-3.35000017768572));
#5883=CARTESIAN_POINT('',(22.0070261147855,-0.325129240652956,-3.35));
#5884=CARTESIAN_POINT('Ctrl Pts',(22.0070261081874,-0.32512939981078,-3.35000011893821));
#5885=CARTESIAN_POINT('Ctrl Pts',(22.0086722811247,-0.273174705268281,-3.34998508952149));
#5886=CARTESIAN_POINT('Ctrl Pts',(22.007590278195,-0.221391699082887,-3.34997461364137));
#5887=CARTESIAN_POINT('Ctrl Pts',(22.0039340318147,-0.170137246348489,-3.34996043721762));
#5888=CARTESIAN_POINT('Ctrl Pts',(22.0000522368501,-0.115720980090233,-3.34994538627067));
#5889=CARTESIAN_POINT('Ctrl Pts',(21.9932687082219,-0.0618994339577321,
-3.34992493952775));
#5890=CARTESIAN_POINT('Ctrl Pts',(21.9837139333121,-0.00908401263534811,
-3.3498886563916));
#5891=CARTESIAN_POINT('Ctrl Pts',(21.9831579305376,-0.00601062565648697,
-3.34988654503633));
#5892=CARTESIAN_POINT('Ctrl Pts',(21.9825925296086,-0.00294064424541434,
-3.34988438320591));
#5893=CARTESIAN_POINT('Ctrl Pts',(21.9820177510621,0.000125850813124523,
-3.34988217026537));
#5894=CARTESIAN_POINT('',(21.0338287424381,-4.37296439770582,-3.35));
#5895=CARTESIAN_POINT('Origin',(11.7499999999985,2.77555756156289E-16,-3.35));
#5896=CARTESIAN_POINT('',(21.2748518990903,-5.03918049262241,-3.35));
#5897=CARTESIAN_POINT('Origin',(21.4861610299606,-4.58602659910408,-3.35));
#5898=CARTESIAN_POINT('',(22.7545674171045,-5.72918317056322,-3.35));
#5899=CARTESIAN_POINT('',(18.8580875836912,-3.91222478439615,-3.35));
#5900=CARTESIAN_POINT('',(18.75,-6.9900000000001,-3.35));
#5901=CARTESIAN_POINT('Origin',(18.75,0.,-3.35));
#5902=CARTESIAN_POINT('Ctrl Pts',(9.55453293999308,-7.32890519000295,-3.35));
#5903=CARTESIAN_POINT('Ctrl Pts',(10.8440666239325,-7.257693897918,-3.35));
#5904=CARTESIAN_POINT('Ctrl Pts',(13.906270154164,-7.06661568939218,-3.35));
#5905=CARTESIAN_POINT('Ctrl Pts',(16.973824478381,-6.9900000000001,-3.35));
#5906=CARTESIAN_POINT('Ctrl Pts',(18.75,-6.9900000000001,-3.35));
#5907=CARTESIAN_POINT('',(18.75,-3.5,-3.35));
#5908=CARTESIAN_POINT('',(18.75,3.5,-3.35));
#5909=CARTESIAN_POINT('Origin',(18.75,0.,-3.35));
#5910=CARTESIAN_POINT('',(18.75,-1.9,-3.35));
#5911=CARTESIAN_POINT('',(18.75,0.,-3.35));
#5912=CARTESIAN_POINT('',(18.75,1.9,-3.35));
#5913=CARTESIAN_POINT('Origin',(18.75,0.,-3.35));
#5914=CARTESIAN_POINT('',(18.75,0.,-3.35));
#5915=CARTESIAN_POINT('Ctrl Pts',(18.75,6.9900000000001,-3.35));
#5916=CARTESIAN_POINT('Ctrl Pts',(16.973824478382,6.9900000000001,-3.35));
#5917=CARTESIAN_POINT('Ctrl Pts',(12.8295575286355,7.0935078227867,-3.35));
#5918=CARTESIAN_POINT('Ctrl Pts',(8.69505685840738,7.40593285660158,-3.35));
#5919=CARTESIAN_POINT('Ctrl Pts',(6.32769006348354,7.47065752132814,-3.35));
#5920=CARTESIAN_POINT('Ctrl Pts',(18.75,7.43879895051293,-3.35));
#5921=CARTESIAN_POINT('Ctrl Pts',(16.9807039865118,7.43879895051293,-3.35));
#5922=CARTESIAN_POINT('Ctrl Pts',(12.8590984207033,7.54141110877046,-3.35));
#5923=CARTESIAN_POINT('Ctrl Pts',(8.72035632985544,7.85420781664918,-3.35));
#5924=CARTESIAN_POINT('Ctrl Pts',(6.33995580573711,7.91928882824773,-3.35));
#5925=CARTESIAN_POINT('Ctrl Pts',(18.75,8.21615305819739,-2.97383543764065));
#5926=CARTESIAN_POINT('Ctrl Pts',(16.9925199277428,8.21615305819739,-2.97383543764065));
#5927=CARTESIAN_POINT('Ctrl Pts',(12.9101108189918,8.31722013380629,-2.97383543764065));
#5928=CARTESIAN_POINT('Ctrl Pts',(8.76398769478773,8.63065950706057,-2.97383543764065));
#5929=CARTESIAN_POINT('Ctrl Pts',(6.3612010094385,8.69635256440687,-2.97383543764065));
#5930=CARTESIAN_POINT('Ctrl Pts',(18.75,8.4900000000001,-2.18659921288462));
#5931=CARTESIAN_POINT('Ctrl Pts',(16.9967329446186,8.4900000000001,-2.18659921288462));
#5932=CARTESIAN_POINT('Ctrl Pts',(12.9281596891318,8.5905196002301,-2.18659921288462));
#5933=CARTESIAN_POINT('Ctrl Pts',(8.77945383986022,8.90418592940425,-2.18659921288462));
#5934=CARTESIAN_POINT('Ctrl Pts',(6.36868528720083,8.97009721389079,-2.18659921288462));
#5935=CARTESIAN_POINT('Ctrl Pts',(18.75,8.4900000000001,-1.85));
#5936=CARTESIAN_POINT('Ctrl Pts',(16.9967153626077,8.4900000000001,-1.85));
#5937=CARTESIAN_POINT('Ctrl Pts',(12.9281324630692,8.59052070500299,-1.85));
#5938=CARTESIAN_POINT('Ctrl Pts',(8.77942052946006,8.90418684012264,-1.85));
#5939=CARTESIAN_POINT('Ctrl Pts',(6.36868528720083,8.97009721389079,-1.85));
#5940=CARTESIAN_POINT('',(18.75,8.4900000000001,-1.85));
#5941=CARTESIAN_POINT('Ctrl Pts',(6.36868528720083,8.97009721389079,-1.85));
#5942=CARTESIAN_POINT('Ctrl Pts',(8.77942052946006,8.90418684012264,-1.85));
#5943=CARTESIAN_POINT('Ctrl Pts',(12.9281324630692,8.59052070500299,-1.85));
#5944=CARTESIAN_POINT('Ctrl Pts',(16.9967153626077,8.4900000000001,-1.85));
#5945=CARTESIAN_POINT('Ctrl Pts',(18.75,8.4900000000001,-1.85));
#5946=CARTESIAN_POINT('Origin',(18.75,6.9900000000001,-1.85));
#5947=CARTESIAN_POINT('Origin',(5.45358511814256,4.05158626830637,-3.35));
#5948=CARTESIAN_POINT('',(10.2364681691703,2.59418113582206,-5.00103256458632));
#5949=CARTESIAN_POINT('',(10.2364681691703,2.59418113582206,-3.35));
#5950=CARTESIAN_POINT('',(9.17646568814402,7.38927412991141,-5.60118738061832));
#5951=CARTESIAN_POINT('Ctrl Pts',(9.17646568814402,7.3892741299114,-5.60118738061832));
#5952=CARTESIAN_POINT('Ctrl Pts',(9.34473022723657,7.20159067681982,-5.50270751531727));
#5953=CARTESIAN_POINT('Ctrl Pts',(9.5009104901199,6.998862275659,-5.41242114957409));
#5954=CARTESIAN_POINT('Ctrl Pts',(9.94543817096525,6.31676583950988,-5.15890652451703));
#5955=CARTESIAN_POINT('Ctrl Pts',(10.1743303442836,5.796742940415,-5.03418742424457));
#5956=CARTESIAN_POINT('Ctrl Pts',(10.411999855244,4.82357734372729,-4.90671639353857));
#5957=CARTESIAN_POINT('Ctrl Pts',(10.460193715445,4.39586867030709,-4.88159231526424));
#5958=CARTESIAN_POINT('Ctrl Pts',(10.4454488282736,3.53246616938527,-4.88936254499568));
#5959=CARTESIAN_POINT('Ctrl Pts',(10.3815769104395,3.10328003546047,-4.92276385352803));
#5960=CARTESIAN_POINT('Ctrl Pts',(10.2555616221615,2.65798085976096,-4.9907128962958));
#5961=CARTESIAN_POINT('Ctrl Pts',(10.2461657327137,2.62600640614264,-4.99578688553882));
#5962=CARTESIAN_POINT('Ctrl Pts',(10.2364681691703,2.59418113582206,-5.00103256458632));
#5963=CARTESIAN_POINT('',(6.34979385076056,8.97061156886932,-5.56710079275963));
#5964=CARTESIAN_POINT('Ctrl Pts',(6.34979385076107,8.97061156886931,-5.56710079275933));
#5965=CARTESIAN_POINT('Ctrl Pts',(6.34979385076107,8.97061156886931,-5.59990713619454));
#5966=CARTESIAN_POINT('Ctrl Pts',(6.35492978713651,8.96968918925764,-5.63190148712096));
#5967=CARTESIAN_POINT('Ctrl Pts',(6.3780539344506,8.96539098950248,-5.6885783290628));
#5968=CARTESIAN_POINT('Ctrl Pts',(6.39347528722677,8.96249153848803,-5.71177495979292));
#5969=CARTESIAN_POINT('Ctrl Pts',(6.4373191216841,8.95392205464226,-5.75891690888377));
#5970=CARTESIAN_POINT('Ctrl Pts',(6.46732893944267,8.94784368113728,-5.78032495581025));
#5971=CARTESIAN_POINT('Ctrl Pts',(6.55786419394056,8.92849698373095,-5.83140788116065));
#5972=CARTESIAN_POINT('Ctrl Pts',(6.62869081474707,8.91199900262903,-5.85503076870132));
#5973=CARTESIAN_POINT('Ctrl Pts',(6.8430268155701,8.85713020318076,-5.91158704245061));
#5974=CARTESIAN_POINT('Ctrl Pts',(7.03997930756354,8.79911807527859,-5.93701832216607));
#5975=CARTESIAN_POINT('Ctrl Pts',(7.60880276551541,8.57871794922623,-5.96717576670791));
#5976=CARTESIAN_POINT('Ctrl Pts',(8.02958006045072,8.36698929626763,-5.95469538642234));
#5977=CARTESIAN_POINT('Ctrl Pts',(8.71280037659867,7.85884566660749,-5.81371533641581));
#5978=CARTESIAN_POINT('Ctrl Pts',(8.96082444396586,7.6298018938395,-5.7273953195848));
#5979=CARTESIAN_POINT('Ctrl Pts',(9.17646568814402,7.38927412991141,-5.60118738061832));
#5980=CARTESIAN_POINT('',(6.34979385076056,8.9706115688694,-3.35));
#5981=CARTESIAN_POINT('Origin',(18.75,0.,-1.85));
#5982=CARTESIAN_POINT('',(23.6986995006483,6.8985848731666,-1.85));
#5983=CARTESIAN_POINT('Ctrl Pts',(23.6986995006483,6.8985848731666,-1.85));
#5984=CARTESIAN_POINT('Ctrl Pts',(23.6986995006483,6.8985848731666,-2.02878835351902));
#5985=CARTESIAN_POINT('Ctrl Pts',(23.6601895786255,6.87635115932023,-2.2386755717678));
#5986=CARTESIAN_POINT('Ctrl Pts',(23.5333618752779,6.80312715065181,-2.57452940655154));
#5987=CARTESIAN_POINT('Ctrl Pts',(23.4198364692015,6.7375832268937,-2.7575546256159));
#5988=CARTESIAN_POINT('Ctrl Pts',(23.1746985604241,6.59605278927247,-3.02451212701712));
#5989=CARTESIAN_POINT('Ctrl Pts',(22.9964166807043,6.49312169802464,-3.1513103058121));
#5990=CARTESIAN_POINT('Ctrl Pts',(22.6559977427847,6.29658073257947,-3.30391839339455));
#5991=CARTESIAN_POINT('Ctrl Pts',(22.4306826497086,6.16649500293948,-3.35));
#5992=CARTESIAN_POINT('Ctrl Pts',(22.2399976145022,6.05640294653262,-3.35));
#5993=CARTESIAN_POINT('Origin',(18.75,0.,-1.85));
#5994=CARTESIAN_POINT('Origin',(31.4070295342262,11.3489912930559,1.));
#5995=CARTESIAN_POINT('',(23.6986995006483,6.8985848731666,-0.4));
#5996=CARTESIAN_POINT('',(23.6986995006483,6.8985848731666,1.));
#5997=CARTESIAN_POINT('',(22.9396969619659,6.46037455314266,-0.4));
#5998=CARTESIAN_POINT('',(25.6529869125555,8.02689323650527,-0.4));
#5999=CARTESIAN_POINT('',(22.9396969619659,6.46037455314266,2.4));
#6000=CARTESIAN_POINT('',(22.9396969619659,6.46037455314266,1.));
#6001=CARTESIAN_POINT('',(23.6986995006483,6.8985848731666,2.4));
#6002=CARTESIAN_POINT('',(25.6529869125555,8.02689323650527,2.4));
#6003=CARTESIAN_POINT('',(23.6986995006483,6.8985848731666,3.85));
#6004=CARTESIAN_POINT('',(23.6986995006483,6.8985848731666,1.));
#6005=CARTESIAN_POINT('',(22.2399976145022,6.05640294653262,5.35));
#6006=CARTESIAN_POINT('Ctrl Pts',(22.2399976145022,6.05640294653262,5.35));
#6007=CARTESIAN_POINT('Ctrl Pts',(22.4306826497086,6.16649500293948,5.35));
#6008=CARTESIAN_POINT('Ctrl Pts',(22.6559977427847,6.29658073257947,5.30391839339455));
#6009=CARTESIAN_POINT('Ctrl Pts',(22.9964166807043,6.49312169802464,5.15131030581211));
#6010=CARTESIAN_POINT('Ctrl Pts',(23.1746985604241,6.59605278927247,5.02451212701713));
#6011=CARTESIAN_POINT('Ctrl Pts',(23.4198364692015,6.7375832268937,4.7575546256159));
#6012=CARTESIAN_POINT('Ctrl Pts',(23.5333618752779,6.80312715065181,4.57452940655154));
#6013=CARTESIAN_POINT('Ctrl Pts',(23.6601895786255,6.87635115932023,4.2386755717678));
#6014=CARTESIAN_POINT('Ctrl Pts',(23.6986995006483,6.8985848731666,4.02878835351902));
#6015=CARTESIAN_POINT('Ctrl Pts',(23.6986995006483,6.8985848731666,3.85));
#6016=CARTESIAN_POINT('',(21.060255296003,5.37527840137261,5.35));
#6017=CARTESIAN_POINT('',(24.0375772671129,7.09423604285731,5.35));
#6018=CARTESIAN_POINT('',(21.060255296003,5.37527840137261,3.81));
#6019=CARTESIAN_POINT('',(21.060255296003,5.37527840137261,1.));
#6020=CARTESIAN_POINT('',(20.0116490782072,4.76986531925423,3.));
#6021=CARTESIAN_POINT('Ctrl Pts',(21.060255296003,5.37527840137261,3.81));
#6022=CARTESIAN_POINT('Ctrl Pts',(20.9091175929512,5.28801900783096,3.58787384797613));
#6023=CARTESIAN_POINT('Ctrl Pts',(20.7217831150928,5.17986139661089,3.32688502415385));
#6024=CARTESIAN_POINT('Ctrl Pts',(20.4401296827955,5.01724871165585,3.12341098338738));
#6025=CARTESIAN_POINT('Ctrl Pts',(20.3449429487354,4.96229262512296,3.07191417198952));
#6026=CARTESIAN_POINT('Ctrl Pts',(20.1850092403235,4.86995485551881,3.01679518035083));
#6027=CARTESIAN_POINT('Ctrl Pts',(20.0909573543025,4.81565397380679,3.));
#6028=CARTESIAN_POINT('Ctrl Pts',(20.0116490782072,4.76986531925423,3.));
#6029=CARTESIAN_POINT('',(17.8121778264895,3.50000000000002,3.));
#6030=CARTESIAN_POINT('',(16.9999999999996,3.03108891324614,3.));
#6031=CARTESIAN_POINT('',(14.45,1.55884572681037,3.));
#6032=CARTESIAN_POINT('',(16.9999999999996,3.03108891324614,3.));
#6033=CARTESIAN_POINT('',(14.45,1.55884572681037,-1.));
#6034=CARTESIAN_POINT('',(14.45,1.55884572681037,1.));
#6035=CARTESIAN_POINT('',(17.8121778264895,3.50000000000002,-1.));
#6036=CARTESIAN_POINT('',(16.9999999999996,3.03108891324614,-1.));
#6037=CARTESIAN_POINT('',(20.0116490782072,4.76986531925423,-1.));
#6038=CARTESIAN_POINT('',(16.9999999999996,3.03108891324614,-1.));
#6039=CARTESIAN_POINT('',(21.060255296003,5.37527840137261,-1.81));
#6040=CARTESIAN_POINT('Ctrl Pts',(20.0116490782072,4.76986531925423,-1.));
#6041=CARTESIAN_POINT('Ctrl Pts',(20.0909573543025,4.81565397380679,-1.));
#6042=CARTESIAN_POINT('Ctrl Pts',(20.1850092403235,4.86995485551881,-1.01679518035083));
#6043=CARTESIAN_POINT('Ctrl Pts',(20.3449429487354,4.96229262512296,-1.07191417198952));
#6044=CARTESIAN_POINT('Ctrl Pts',(20.4401296827955,5.01724871165585,-1.12341098338738));
#6045=CARTESIAN_POINT('Ctrl Pts',(20.7217831150928,5.17986139661089,-1.32688502415385));
#6046=CARTESIAN_POINT('Ctrl Pts',(20.9091175929512,5.28801900783096,-1.58787384797613));
#6047=CARTESIAN_POINT('Ctrl Pts',(21.060255296003,5.37527840137261,-1.81));
#6048=CARTESIAN_POINT('',(21.060255296003,5.37527840137261,1.));
#6049=CARTESIAN_POINT('Ctrl Pts',(6.32769006347651,-7.47065752132833,-3.35));
#6050=CARTESIAN_POINT('Ctrl Pts',(8.69505685840169,-7.40593285660194,-3.35));
#6051=CARTESIAN_POINT('Ctrl Pts',(12.8295575286322,-7.09350782278687,-3.35));
#6052=CARTESIAN_POINT('Ctrl Pts',(16.973824478381,-6.9900000000001,-3.35));
#6053=CARTESIAN_POINT('Ctrl Pts',(18.75,-6.9900000000001,-3.35));
#6054=CARTESIAN_POINT('Ctrl Pts',(6.33995580573004,-7.91928882824793,-3.35));
#6055=CARTESIAN_POINT('Ctrl Pts',(8.72035632984972,-7.85420781664954,-3.35));
#6056=CARTESIAN_POINT('Ctrl Pts',(12.8590984207,-7.54141110877062,-3.35));
#6057=CARTESIAN_POINT('Ctrl Pts',(16.9807039865108,-7.43879895051293,-3.35));
#6058=CARTESIAN_POINT('Ctrl Pts',(18.75,-7.43879895051293,-3.35));
#6059=CARTESIAN_POINT('Ctrl Pts',(6.36120100943136,-8.69635256440706,-2.97383543764065));
#6060=CARTESIAN_POINT('Ctrl Pts',(8.763987694782,-8.63065950706093,-2.97383543764065));
#6061=CARTESIAN_POINT('Ctrl Pts',(12.9101108189886,-8.31722013380644,-2.97383543764065));
#6062=CARTESIAN_POINT('Ctrl Pts',(16.9925199277419,-8.21615305819739,-2.97383543764065));
#6063=CARTESIAN_POINT('Ctrl Pts',(18.75,-8.21615305819739,-2.97383543764065));
#6064=CARTESIAN_POINT('Ctrl Pts',(6.36868528719367,-8.97009721389098,-2.18659921288462));
#6065=CARTESIAN_POINT('Ctrl Pts',(8.77945383985444,-8.90418592940462,-2.18659921288462));
#6066=CARTESIAN_POINT('Ctrl Pts',(12.9281596891286,-8.59051960023025,-2.18659921288462));
#6067=CARTESIAN_POINT('Ctrl Pts',(16.9967329446177,-8.4900000000001,-2.18659921288462));
#6068=CARTESIAN_POINT('Ctrl Pts',(18.75,-8.4900000000001,-2.18659921288462));
#6069=CARTESIAN_POINT('Ctrl Pts',(6.36868528719367,-8.97009721389098,-1.85));
#6070=CARTESIAN_POINT('Ctrl Pts',(8.7794205294543,-8.90418684012301,-1.85));
#6071=CARTESIAN_POINT('Ctrl Pts',(12.928132463066,-8.59052070500314,-1.85));
#6072=CARTESIAN_POINT('Ctrl Pts',(16.9967153626068,-8.4900000000001,-1.85));
#6073=CARTESIAN_POINT('Ctrl Pts',(18.75,-8.4900000000001,-1.85));
#6074=CARTESIAN_POINT('',(18.75,-8.4900000000001,-1.85));
#6075=CARTESIAN_POINT('Origin',(18.75,-6.9900000000001,-1.85));
#6076=CARTESIAN_POINT('Ctrl Pts',(18.75,-8.4900000000001,-1.85));
#6077=CARTESIAN_POINT('Ctrl Pts',(16.9967153626068,-8.4900000000001,-1.85));
#6078=CARTESIAN_POINT('Ctrl Pts',(12.928132463066,-8.59052070500314,-1.85));
#6079=CARTESIAN_POINT('Ctrl Pts',(8.7794205294543,-8.90418684012301,-1.85));
#6080=CARTESIAN_POINT('Ctrl Pts',(6.36868528719367,-8.97009721389098,-1.85));
#6081=CARTESIAN_POINT('Origin',(18.75,0.,-1.85));
#6082=CARTESIAN_POINT('',(24.2811194935242,-6.4410260943701,-1.85));
#6083=CARTESIAN_POINT('Ctrl Pts',(22.7545674171045,-5.72918317056322,-3.35));
#6084=CARTESIAN_POINT('Ctrl Pts',(22.9541219931293,-5.82223699758346,-3.35));
#6085=CARTESIAN_POINT('Ctrl Pts',(23.1899174126395,-5.9321902074589,-3.30391839339455));
#6086=CARTESIAN_POINT('Ctrl Pts',(23.5461706275487,-6.09831380981342,-3.15131030581211));
#6087=CARTESIAN_POINT('Ctrl Pts',(23.7327451266009,-6.18531492753788,-3.02451212701712));
#6088=CARTESIAN_POINT('Ctrl Pts',(23.9892854020385,-6.30494162259963,-2.7575546256159));
#6089=CARTESIAN_POINT('Ctrl Pts',(24.1080913390283,-6.36034174085226,-2.57452940655154));
#6090=CARTESIAN_POINT('Ctrl Pts',(24.2408183175368,-6.42223334737452,-2.2386755717678));
#6091=CARTESIAN_POINT('Ctrl Pts',(24.2811194935242,-6.4410260943701,-2.02878835351902));
#6092=CARTESIAN_POINT('Ctrl Pts',(24.2811194935242,-6.4410260943701,-1.85));
#6093=CARTESIAN_POINT('Origin',(18.75,0.,-1.85));
#6094=CARTESIAN_POINT('Ctrl Pts',(18.75,-8.4900000000001,-8.52115015710907));
#6095=CARTESIAN_POINT('Ctrl Pts',(18.75,-8.4900000000001,9.19205542285879));
#6096=CARTESIAN_POINT('Ctrl Pts',(12.5,-8.4900000000001,-8.52115015710907));
#6097=CARTESIAN_POINT('Ctrl Pts',(12.5,-8.4900000000001,9.19205542285879));
#6098=CARTESIAN_POINT('Ctrl Pts',(9.375,-9.,-8.52115015710907));
#6099=CARTESIAN_POINT('Ctrl Pts',(9.375,-9.,9.19205542285879));
#6100=CARTESIAN_POINT('Ctrl Pts',(4.2,-9.,-8.52115015710907));
#6101=CARTESIAN_POINT('Ctrl Pts',(4.2,-9.,9.19205542285879));
#6102=CARTESIAN_POINT('',(6.34979385075407,-8.9706115688695,-5.56710079276345));
#6103=CARTESIAN_POINT('',(6.34979385075407,-8.9706115688695,-3.35));
#6104=CARTESIAN_POINT('',(18.75,-8.49,0.6));
#6105=CARTESIAN_POINT('',(18.75,-8.49,3.17499999999999));
#6106=CARTESIAN_POINT('',(15.2741055700227,-8.54492085018943,0.6));
#6107=CARTESIAN_POINT('Ctrl Pts',(18.75,-8.4900000000001,0.600000000000001));
#6108=CARTESIAN_POINT('Ctrl Pts',(17.4761597485042,-8.4900000000001,0.600000000000001));
#6109=CARTESIAN_POINT('Ctrl Pts',(16.3321330159148,-8.51118556628563,0.600000000000001));
#6110=CARTESIAN_POINT('Ctrl Pts',(15.2741055700229,-8.54492085018942,0.600000000000001));
#6111=CARTESIAN_POINT('',(15.2741055700227,-8.54492085018943,1.4));
#6112=CARTESIAN_POINT('Ctrl Pts',(15.2741055700227,-8.54492085018943,0.6));
#6113=CARTESIAN_POINT('Ctrl Pts',(15.2741055700227,-8.54492085018943,0.866666666666667));
#6114=CARTESIAN_POINT('Ctrl Pts',(15.2741055700227,-8.54492085018943,1.13333333333333));
#6115=CARTESIAN_POINT('Ctrl Pts',(15.2741055700227,-8.54492085018943,1.4));
#6116=CARTESIAN_POINT('',(18.75,-8.49,1.4));
#6117=CARTESIAN_POINT('Ctrl Pts',(15.2741055700229,-8.54492085018942,1.4));
#6118=CARTESIAN_POINT('Ctrl Pts',(16.3321330159148,-8.51118556628563,1.4));
#6119=CARTESIAN_POINT('Ctrl Pts',(17.4761597485042,-8.4900000000001,1.4));
#6120=CARTESIAN_POINT('Ctrl Pts',(18.75,-8.4900000000001,1.4));
#6121=CARTESIAN_POINT('',(18.75,-8.49,3.17499999999999));
#6122=CARTESIAN_POINT('',(4.20000000000563,-9.,7.67364690295036));
#6123=CARTESIAN_POINT('Ctrl Pts',(4.20000000001148,-9.,7.67364690295036));
#6124=CARTESIAN_POINT('Ctrl Pts',(4.92083851099504,-8.9999999999999,7.55980112858807));
#6125=CARTESIAN_POINT('Ctrl Pts',(5.63799957751512,-8.98903483697459,7.42284240746575));
#6126=CARTESIAN_POINT('Ctrl Pts',(6.34994015288786,-8.96961818963772,7.26871429946687));
#6127=CARTESIAN_POINT('',(4.2,-9.,-6.81250389955448));
#6128=CARTESIAN_POINT('',(4.2,-9.,1.));
#6129=CARTESIAN_POINT('Ctrl Pts',(6.34977602318529,-8.96998713026282,-5.56709929338618));
#6130=CARTESIAN_POINT('Ctrl Pts',(5.63689901679064,-8.98933136145586,-5.98699300879384));
#6131=CARTESIAN_POINT('Ctrl Pts',(4.92202284225822,-8.99997747498761,-6.40623561343225));
#6132=CARTESIAN_POINT('Ctrl Pts',(4.20186906139468,-8.99999506159712,-6.81572842512112));
#6133=CARTESIAN_POINT('Origin',(18.75,0.,1.));
#6134=CARTESIAN_POINT('',(24.2811194935242,-6.4410260943701,-0.4));
#6135=CARTESIAN_POINT('',(24.2811194935242,-6.4410260943701,1.));
#6136=CARTESIAN_POINT('',(20.9529569893173,-8.19921218796161,0.6));
#6137=CARTESIAN_POINT('Origin',(18.75,0.,-1.56666666666691));
#6138=CARTESIAN_POINT('Origin',(18.75,0.,0.6));
#6139=CARTESIAN_POINT('Origin',(20.8088058421182,-4.82185964720341,1.));
#6140=CARTESIAN_POINT('',(21.2748518990903,-5.03918049262241,-1.81));
#6141=CARTESIAN_POINT('',(21.2748518990903,-5.03918049262241,1.));
#6142=CARTESIAN_POINT('',(20.1774707176949,-4.52746324382258,-1.));
#6143=CARTESIAN_POINT('Ctrl Pts',(21.2748518990903,-5.03918049262241,-1.81));
#6144=CARTESIAN_POINT('Ctrl Pts',(21.1166841633725,-4.96542566618418,-1.58787384797613));
#6145=CARTESIAN_POINT('Ctrl Pts',(20.9206359928204,-4.87400690288849,-1.32688502415385));
#6146=CARTESIAN_POINT('Ctrl Pts',(20.6258817075291,-4.73656072238313,-1.12341098338738));
#6147=CARTESIAN_POINT('Ctrl Pts',(20.5262674491894,-4.69010983085793,-1.07191417198952));
#6148=CARTESIAN_POINT('Ctrl Pts',(20.3588945699298,-4.61206257549171,-1.01679518035083));
#6149=CARTESIAN_POINT('Ctrl Pts',(20.2604679460527,-4.56616548701148,-1.));
#6150=CARTESIAN_POINT('Ctrl Pts',(20.1774707176949,-4.52746324382259,-1.));
#6151=CARTESIAN_POINT('',(17.9740686807481,-3.50000000000002,-1.));
#6152=CARTESIAN_POINT('',(17.2708360839073,-3.17207725462897,-1.));
#6153=CARTESIAN_POINT('',(14.45,-1.85669978630311,-1.));
#6154=CARTESIAN_POINT('',(17.2708360839073,-3.17207725462897,-1.));
#6155=CARTESIAN_POINT('',(14.45,-1.85669978630311,3.));
#6156=CARTESIAN_POINT('',(14.45,-1.85669978630311,1.));
#6157=CARTESIAN_POINT('',(17.9740686807481,-3.50000000000002,3.));
#6158=CARTESIAN_POINT('',(17.2708360839073,-3.17207725462897,3.));
#6159=CARTESIAN_POINT('',(20.1774707176949,-4.52746324382258,3.));
#6160=CARTESIAN_POINT('',(17.2708360839073,-3.17207725462897,3.));
#6161=CARTESIAN_POINT('',(21.2748518990903,-5.03918049262241,3.81));
#6162=CARTESIAN_POINT('Ctrl Pts',(20.1774707176949,-4.52746324382258,3.));
#6163=CARTESIAN_POINT('Ctrl Pts',(20.2604679460527,-4.56616548701148,3.));
#6164=CARTESIAN_POINT('Ctrl Pts',(20.3588945699298,-4.61206257549171,3.01679518035083));
#6165=CARTESIAN_POINT('Ctrl Pts',(20.5262674491894,-4.69010983085793,3.07191417198952));
#6166=CARTESIAN_POINT('Ctrl Pts',(20.6258817075291,-4.73656072238313,3.12341098338739));
#6167=CARTESIAN_POINT('Ctrl Pts',(20.9206359928204,-4.87400690288849,3.32688502415385));
#6168=CARTESIAN_POINT('Ctrl Pts',(21.1166841633725,-4.96542566618418,3.58787384797613));
#6169=CARTESIAN_POINT('Ctrl Pts',(21.2748518990903,-5.03918049262241,3.81));
#6170=CARTESIAN_POINT('',(21.2748518990903,-5.03918049262241,5.35));
#6171=CARTESIAN_POINT('',(21.2748518990903,-5.03918049262241,1.));
#6172=CARTESIAN_POINT('',(22.7545674171045,-5.72918317056322,5.35));
#6173=CARTESIAN_POINT('',(18.8580875836912,-3.91222478439615,5.35));
#6174=CARTESIAN_POINT('',(24.2811194935242,-6.4410260943701,3.85));
#6175=CARTESIAN_POINT('Ctrl Pts',(24.2811194935242,-6.4410260943701,3.85));
#6176=CARTESIAN_POINT('Ctrl Pts',(24.2811194935242,-6.4410260943701,4.02878835351902));
#6177=CARTESIAN_POINT('Ctrl Pts',(24.2408183175368,-6.42223334737452,4.2386755717678));
#6178=CARTESIAN_POINT('Ctrl Pts',(24.1080913390283,-6.36034174085226,4.57452940655154));
#6179=CARTESIAN_POINT('Ctrl Pts',(23.9892854020385,-6.30494162259963,4.7575546256159));
#6180=CARTESIAN_POINT('Ctrl Pts',(23.7327451266009,-6.18531492753788,5.02451212701712));
#6181=CARTESIAN_POINT('Ctrl Pts',(23.5461706275487,-6.09831380981342,5.15131030581211));
#6182=CARTESIAN_POINT('Ctrl Pts',(23.1899174126395,-5.9321902074589,5.30391839339455));
#6183=CARTESIAN_POINT('Ctrl Pts',(22.9541219931293,-5.82223699758346,5.35));
#6184=CARTESIAN_POINT('Ctrl Pts',(22.7545674171045,-5.72918317056322,5.35));
#6185=CARTESIAN_POINT('',(24.2811194935242,-6.4410260943701,2.4));
#6186=CARTESIAN_POINT('',(24.2811194935242,-6.4410260943701,1.));
#6187=CARTESIAN_POINT('',(23.4868126427292,-6.07063472691945,2.4));
#6188=CARTESIAN_POINT('',(20.2528381607429,-4.56260765969145,2.4));
#6189=CARTESIAN_POINT('',(23.4868126427292,-6.07063472691945,-0.4));
#6190=CARTESIAN_POINT('',(23.4868126427292,-6.07063472691945,1.));
#6191=CARTESIAN_POINT('',(20.2528381607429,-4.56260765969145,-0.4));
#6192=CARTESIAN_POINT('Ctrl Pts',(6.32769006348355,7.47065752132813,5.35));
#6193=CARTESIAN_POINT('Ctrl Pts',(8.10321515967642,7.42211402278322,5.35));
#6194=CARTESIAN_POINT('Ctrl Pts',(12.2389814739727,7.1472618355402,5.35));
#6195=CARTESIAN_POINT('Ctrl Pts',(16.381765971176,6.9900000000001,5.35));
#6196=CARTESIAN_POINT('Ctrl Pts',(18.75,6.9900000000001,5.35));
#6197=CARTESIAN_POINT('Ctrl Pts',(6.33995580573712,7.91928882824773,5.35));
#6198=CARTESIAN_POINT('Ctrl Pts',(8.12525619882587,7.87047806954882,5.35));
#6199=CARTESIAN_POINT('Ctrl Pts',(12.2718707305034,7.59496894205189,5.35));
#6200=CARTESIAN_POINT('Ctrl Pts',(16.3909386486824,7.43879895051293,5.35));
#6201=CARTESIAN_POINT('Ctrl Pts',(18.75,7.43879895051293,5.35));
#6202=CARTESIAN_POINT('Ctrl Pts',(6.36120041049003,8.69633065729061,4.97380912873259));
#6203=CARTESIAN_POINT('Ctrl Pts',(8.16329042450194,8.64706086428089,4.97380912873259));
#6204=CARTESIAN_POINT('Ctrl Pts',(12.3286757957726,8.37041790156657,4.97380912873259));
#6205=CARTESIAN_POINT('Ctrl Pts',(16.4066932369905,8.21613114289493,4.97380912873259));
#6206=CARTESIAN_POINT('Ctrl Pts',(18.75,8.21613114289493,4.97380912873259));
#6207=CARTESIAN_POINT('Ctrl Pts',(6.36868528720084,8.97009721389078,4.18659921288462));
#6208=CARTESIAN_POINT('Ctrl Pts',(8.17676170169538,8.92066375052588,4.18659921288462));
#6209=CARTESIAN_POINT('Ctrl Pts',(12.3487697299959,8.64361930406024,4.18659921288462));
#6210=CARTESIAN_POINT('Ctrl Pts',(16.4123105928249,8.4900000000001,4.18659921288462));
#6211=CARTESIAN_POINT('Ctrl Pts',(18.75,8.4900000000001,4.18659921288462));
#6212=CARTESIAN_POINT('Ctrl Pts',(6.36868528720084,8.97009721389078,3.85));
#6213=CARTESIAN_POINT('Ctrl Pts',(8.17673671889526,8.92066443356468,3.85));
#6214=CARTESIAN_POINT('Ctrl Pts',(12.3487414671815,8.64362069412074,3.85));
#6215=CARTESIAN_POINT('Ctrl Pts',(16.4122871501437,8.4900000000001,3.85));
#6216=CARTESIAN_POINT('Ctrl Pts',(18.75,8.4900000000001,3.85));
#6217=CARTESIAN_POINT('',(18.75,6.9900000000001,5.35));
#6218=CARTESIAN_POINT('Ctrl Pts',(9.5545624251335,7.32946440350251,5.34999634520044));
#6219=CARTESIAN_POINT('Ctrl Pts',(10.2529002822651,7.29043354426233,5.34999634520044));
#6220=CARTESIAN_POINT('Ctrl Pts',(13.3155109533361,7.10960342667878,5.34999634520044));
#6221=CARTESIAN_POINT('Ctrl Pts',(16.3818314873809,6.99320562694846,5.34999634520044));
#6222=CARTESIAN_POINT('Ctrl Pts',(18.75,6.99320562694846,5.34999634520044));
#6223=CARTESIAN_POINT('',(18.75,8.4900000000001,3.85));
#6224=CARTESIAN_POINT('Origin',(18.75,6.9900000000001,3.85));
#6225=CARTESIAN_POINT('Ctrl Pts',(18.75,8.4900000000001,3.85));
#6226=CARTESIAN_POINT('Ctrl Pts',(16.4122871501437,8.4900000000001,3.85));
#6227=CARTESIAN_POINT('Ctrl Pts',(12.3487414671815,8.64362069412074,3.85));
#6228=CARTESIAN_POINT('Ctrl Pts',(8.17673671889526,8.92066443356468,3.85));
#6229=CARTESIAN_POINT('Ctrl Pts',(6.36868528720084,8.97009721389078,3.85));
#6230=CARTESIAN_POINT('Origin',(18.75,0.,3.85));
#6231=CARTESIAN_POINT('Origin',(18.75,0.,3.85));
#6232=CARTESIAN_POINT('Origin',(18.75,0.,5.35));
#6233=CARTESIAN_POINT('Origin',(18.3075,0.,5.35));
#6234=CARTESIAN_POINT('Origin',(18.75,0.,5.35));
#6235=CARTESIAN_POINT('',(21.0338287424381,-4.37296439770582,5.35));
#6236=CARTESIAN_POINT('Origin',(21.4861610299606,-4.58602659910408,5.35));
#6237=CARTESIAN_POINT('',(22.0070261147855,-0.325129240652955,5.35));
#6238=CARTESIAN_POINT('Origin',(11.7499999999985,2.77555756156289E-16,5.35));
#6239=CARTESIAN_POINT('',(21.9824276742513,-2.85362011798185E-15,5.35));
#6240=CARTESIAN_POINT('Ctrl Pts',(21.9820155210361,0.00012456078662143,
5.34988347597368));
#6241=CARTESIAN_POINT('Ctrl Pts',(21.990922774904,-0.0473901055247873,5.34992027416146));
#6242=CARTESIAN_POINT('Ctrl Pts',(21.9975219122681,-0.09537997830003,5.34997990845026));
#6243=CARTESIAN_POINT('Ctrl Pts',(22.0018132722268,-0.143584063159975,5.35001295275631));
#6244=CARTESIAN_POINT('Ctrl Pts',(22.0060655411156,-0.19134904496832,5.35004569605353));
#6245=CARTESIAN_POINT('Ctrl Pts',(22.0080520564687,-0.239325416713972,5.35005280147295));
#6246=CARTESIAN_POINT('Ctrl Pts',(22.007746819833,-0.287243608306925,5.35002680557696));
#6247=CARTESIAN_POINT('Ctrl Pts',(22.0076663383661,-0.299878154435313,5.35001995126263));
#6248=CARTESIAN_POINT('Ctrl Pts',(22.0074263789408,-0.312508526221211,5.35001099297373));
#6249=CARTESIAN_POINT('Ctrl Pts',(22.0070261257114,-0.325129474827952,5.35000019448558));
#6250=CARTESIAN_POINT('',(22.0070261147855,0.325129240652954,5.35));
#6251=CARTESIAN_POINT('Ctrl Pts',(22.0070261110514,0.325129390671781,5.35000010880592));
#6252=CARTESIAN_POINT('Ctrl Pts',(22.0086226526532,0.274746524012367,5.34999834681237));
#6253=CARTESIAN_POINT('Ctrl Pts',(22.0076538365117,0.224534432966288,5.34999174236229));
#6254=CARTESIAN_POINT('Ctrl Pts',(22.0042613812099,0.17481586016718,5.34997611176772));
#6255=CARTESIAN_POINT('Ctrl Pts',(22.0006210757509,0.12146488694217,5.34995933921402));
#6256=CARTESIAN_POINT('Ctrl Pts',(21.9941899459863,0.0686810592486879,5.34993114972474));
#6257=CARTESIAN_POINT('Ctrl Pts',(21.9850929893953,0.016836123894275,5.3498953949302));
#6258=CARTESIAN_POINT('Ctrl Pts',(21.9840989965469,0.0111712078914973,5.349891488128));
#6259=CARTESIAN_POINT('Ctrl Pts',(21.9830731303798,0.00551748735806212,
5.3498875086576));
#6260=CARTESIAN_POINT('Ctrl Pts',(21.9820155210361,-0.00012456078662737,
5.34988347597368));
#6261=CARTESIAN_POINT('',(20.8660954126534,4.71265298636789,5.35));
#6262=CARTESIAN_POINT('Origin',(11.7499999999985,2.77555756156289E-16,5.35));
#6263=CARTESIAN_POINT('Origin',(21.310255296003,4.9422656994804,5.35));
#6264=CARTESIAN_POINT('',(16.85,-2.32682891837997E-16,5.35));
#6265=CARTESIAN_POINT('Origin',(18.75,0.,5.35));
#6266=CARTESIAN_POINT('Origin',(18.75,0.,3.85));
#6267=CARTESIAN_POINT('Origin',(18.75,0.,3.85));
#6268=CARTESIAN_POINT('Ctrl Pts',(8.4921105151593,-8.88748114861976,-4.30661050130157));
#6269=CARTESIAN_POINT('Ctrl Pts',(7.06492933004654,-8.95732464492476,-5.13230896002572));
#6270=CARTESIAN_POINT('Ctrl Pts',(5.64306711148217,-9.,-5.99197483648054));
#6271=CARTESIAN_POINT('Ctrl Pts',(4.2,-9.,-6.81250389955448));
#6272=CARTESIAN_POINT('Ctrl Pts',(8.71477739543656,-8.87658426068982,-4.68797445574918));
#6273=CARTESIAN_POINT('Ctrl Pts',(7.29841448323289,-8.94839896779265,-5.50887410407193));
#6274=CARTESIAN_POINT('Ctrl Pts',(5.87158064686048,-8.99574837127103,-6.37521228580992));
#6275=CARTESIAN_POINT('Ctrl Pts',(4.42506571261612,-9.,-7.20078977746664));
#6276=CARTESIAN_POINT('Ctrl Pts',(9.08296953984651,-8.49448770265179,-5.34902401663376));
#6277=CARTESIAN_POINT('Ctrl Pts',(7.68914249311274,-8.56714682047919,-6.16154005304648));
#6278=CARTESIAN_POINT('Ctrl Pts',(6.26038660900516,-8.61739430531977,-7.03945968830744));
#6279=CARTESIAN_POINT('Ctrl Pts',(4.814945699336,-8.62395263794682,-7.87341507949171));
#6280=CARTESIAN_POINT('Ctrl Pts',(9.1885317326023,-7.72028700506244,-5.59412550983214));
#6281=CARTESIAN_POINT('Ctrl Pts',(7.80862812628273,-7.79040461710203,-6.40133410675637));
#6282=CARTESIAN_POINT('Ctrl Pts',(6.38806432472272,-7.8346514920079,-7.27794575925106));
#6283=CARTESIAN_POINT('Ctrl Pts',(4.95222673435047,-7.83659921288462,-8.11025385240689));
#6284=CARTESIAN_POINT('Ctrl Pts',(9.176465688143,-7.38927412991146,-5.60118738061892));
#6285=CARTESIAN_POINT('Ctrl Pts',(7.79955514826928,-7.45831614974735,-6.40704918150487));
#6286=CARTESIAN_POINT('Ctrl Pts',(6.38346538359272,-7.5,-7.28065183791302));
#6287=CARTESIAN_POINT('Ctrl Pts',(4.95222673435047,-7.5,-8.11025385240689));
#6288=CARTESIAN_POINT('',(9.176465688143,-7.38927412991146,-5.60118738061892));
#6289=CARTESIAN_POINT('Ctrl Pts',(9.176465688143,-7.38927412991146,-5.60118738061891));
#6290=CARTESIAN_POINT('Ctrl Pts',(8.92794290777833,-7.66647819110155,-5.74663983344437));
#6291=CARTESIAN_POINT('Ctrl Pts',(8.63647716450086,-7.92806967671983,-5.83925697296931));
#6292=CARTESIAN_POINT('Ctrl Pts',(7.91585059842464,-8.42974570815727,-5.96094626677547));
#6293=CARTESIAN_POINT('Ctrl Pts',(7.5224809602535,-8.61574730797902,-5.96576650541982));
#6294=CARTESIAN_POINT('Ctrl Pts',(6.98682581987072,-8.81662715198431,-5.93147705870477));
#6295=CARTESIAN_POINT('Ctrl Pts',(6.78844289464812,-8.87244757422658,-5.90278268888567));
#6296=CARTESIAN_POINT('Ctrl Pts',(6.54754139210491,-8.93142590082041,-5.82811332861264));
#6297=CARTESIAN_POINT('Ctrl Pts',(6.48565635453537,-8.94410552807968,-5.79524780803222));
#6298=CARTESIAN_POINT('Ctrl Pts',(6.41668475924804,-8.95802553433756,-5.73923750352414));
#6299=CARTESIAN_POINT('Ctrl Pts',(6.39419977973013,-8.96234158650913,-5.7143691982815));
#6300=CARTESIAN_POINT('Ctrl Pts',(6.36851144635093,-8.96717390937423,-5.66734816818049));
#6301=CARTESIAN_POINT('Ctrl Pts',(6.36155780058734,-8.96845598711946,-5.64915409669042));
#6302=CARTESIAN_POINT('Ctrl Pts',(6.35193903302218,-8.97022285812528,-5.60937822411777));
#6303=CARTESIAN_POINT('Ctrl Pts',(6.34979385075407,-8.9706115688695,-5.58830596081959));
#6304=CARTESIAN_POINT('Ctrl Pts',(6.34979385075407,-8.9706115688695,-5.56710079276345));
#6305=CARTESIAN_POINT('',(4.95222673435047,-7.5,-8.11025385240689));
#6306=CARTESIAN_POINT('Origin',(4.2,-7.5,-6.81250389955448));
#6307=CARTESIAN_POINT('Ctrl Pts',(4.95222673435047,-7.5,-8.11025385240689));
#6308=CARTESIAN_POINT('Ctrl Pts',(6.38346538359272,-7.5,-7.28065183791302));
#6309=CARTESIAN_POINT('Ctrl Pts',(7.79955514826928,-7.45831614974735,-6.40704918150487));
#6310=CARTESIAN_POINT('Ctrl Pts',(9.176465688143,-7.38927412991146,-5.60118738061892));
#6311=CARTESIAN_POINT('Origin',(0.,-7.5,0.));
#6312=CARTESIAN_POINT('',(4.,-9.,-6.92820323027551));
#6313=CARTESIAN_POINT('Origin',(4.,-7.5,-6.92820323027551));
#6314=CARTESIAN_POINT('',(-2.22044604925031E-15,-9.,8.));
#6315=CARTESIAN_POINT('Origin',(0.,-9.,0.));
#6316=CARTESIAN_POINT('Origin',(-2.22044604925031E-15,-7.5,8.));
#6317=CARTESIAN_POINT('',(-8.53610575908804,-7.8,4.10000000004666));
#6318=CARTESIAN_POINT('Ctrl Pts',(-8.56971411422901,-7.5,4.10000000004684));
#6319=CARTESIAN_POINT('Ctrl Pts',(-8.56971411422901,-7.59496403721827,4.10000000004684));
#6320=CARTESIAN_POINT('Ctrl Pts',(-8.55894572361867,-7.6991386226216,4.10000000004678));
#6321=CARTESIAN_POINT('Ctrl Pts',(-8.53610575908804,-7.8,4.10000000004666));
#6322=CARTESIAN_POINT('Origin',(0.,-7.8,0.));
#6323=CARTESIAN_POINT('Ctrl Pts',(4.4384314017331,-7.5,9.15457582314638));
#6324=CARTESIAN_POINT('Ctrl Pts',(3.81522760995239,-7.5,9.25491241027507));
#6325=CARTESIAN_POINT('Ctrl Pts',(2.7625262388245,-7.5,9.39337678596521));
#6326=CARTESIAN_POINT('Ctrl Pts',(1.26100148617611,-7.5,9.49367890969599));
#6327=CARTESIAN_POINT('Ctrl Pts',(0.401632008286972,-7.5,9.50000000000031));
#6328=CARTESIAN_POINT('Ctrl Pts',(0.,-7.5,9.50000000000031));
#6329=CARTESIAN_POINT('Ctrl Pts',(4.4384314017331,-7.94879895051283,9.15457582314638));
#6330=CARTESIAN_POINT('Ctrl Pts',(3.81513520539057,-7.94879895051283,9.25492728752468));
#6331=CARTESIAN_POINT('Ctrl Pts',(2.76270156066314,-7.94879895051283,9.39337800861829));
#6332=CARTESIAN_POINT('Ctrl Pts',(1.26089782234683,-7.94879895051283,9.49369973599537));
#6333=CARTESIAN_POINT('Ctrl Pts',(0.401632008286972,-7.94879895051283,9.50000000000031));
#6334=CARTESIAN_POINT('Ctrl Pts',(0.,-7.94879895051283,9.50000000000031));
#6335=CARTESIAN_POINT('Ctrl Pts',(4.37866040842238,-8.72626818812059,8.7833302911256));
#6336=CARTESIAN_POINT('Ctrl Pts',(3.7626147952762,-8.72626818812059,8.88251440257343));
#6337=CARTESIAN_POINT('Ctrl Pts',(2.72390088172924,-8.72626818812059,9.01908871937714));
#6338=CARTESIAN_POINT('Ctrl Pts',(1.24708925291886,-8.7262681881206,9.11768423440915));
#6339=CARTESIAN_POINT('Ctrl Pts',(0.401632008286973,-8.72626818812059,9.12397364894663));
#6340=CARTESIAN_POINT('Ctrl Pts',(0.,-8.72626818812059,9.12397364894663));
#6341=CARTESIAN_POINT('Ctrl Pts',(4.2535038814423,-9.,8.00596657553439));
#6342=CARTESIAN_POINT('Ctrl Pts',(3.65235490295854,-9.,8.10275231023702));
#6343=CARTESIAN_POINT('Ctrl Pts',(2.64319670822571,-9.,8.23535535549785));
#6344=CARTESIAN_POINT('Ctrl Pts',(1.21785460690102,-9.,8.33039688756896));
#6345=CARTESIAN_POINT('Ctrl Pts',(0.401632008286972,-9.,8.33659921288493));
#6346=CARTESIAN_POINT('Ctrl Pts',(0.,-9.,8.33659921288493));
#6347=CARTESIAN_POINT('Ctrl Pts',(4.20000000001126,-9.,7.67364690295036));
#6348=CARTESIAN_POINT('Ctrl Pts',(3.60521154366268,-9.,7.76940858566258));
#6349=CARTESIAN_POINT('Ctrl Pts',(2.60871067637783,-9.,7.90031278766229));
#6350=CARTESIAN_POINT('Ctrl Pts',(1.20534825343622,-9.,7.99383664617349));
#6351=CARTESIAN_POINT('Ctrl Pts',(0.401632008286972,-9.,8.00000000000031));
#6352=CARTESIAN_POINT('Ctrl Pts',(0.,-9.,8.00000000000031));
#6353=CARTESIAN_POINT('Ctrl Pts',(0.,-9.,8.00000000000031));
#6354=CARTESIAN_POINT('Ctrl Pts',(0.401632008286972,-9.,8.00000000000031));
#6355=CARTESIAN_POINT('Ctrl Pts',(1.20534825343622,-9.,7.99383664617349));
#6356=CARTESIAN_POINT('Ctrl Pts',(2.60871067637783,-9.,7.90031278766229));
#6357=CARTESIAN_POINT('Ctrl Pts',(3.60521154366268,-9.,7.76940858566258));
#6358=CARTESIAN_POINT('Ctrl Pts',(4.20000000001126,-9.,7.67364690295036));
#6359=CARTESIAN_POINT('Origin',(4.20000000001126,-7.5,7.67364690295036));
#6360=CARTESIAN_POINT('Ctrl Pts',(4.20000000001148,-9.,7.67364690295036));
#6361=CARTESIAN_POINT('Ctrl Pts',(5.78304561019749,-8.99999999999977,7.42362827797908));
#6362=CARTESIAN_POINT('Ctrl Pts',(7.34835516580385,-8.94711579418192,7.06213754532462));
#6363=CARTESIAN_POINT('Ctrl Pts',(8.87958515407691,-8.8679715544168,6.65212720524108));
#6364=CARTESIAN_POINT('Ctrl Pts',(4.27133850858619,-8.99999999999999,8.11673979972907));
#6365=CARTESIAN_POINT('Ctrl Pts',(5.87662989864728,-8.99852165117793,7.86221024845352));
#6366=CARTESIAN_POINT('Ctrl Pts',(7.45454193948754,-8.94282790668237,7.49544766277948));
#6367=CARTESIAN_POINT('Ctrl Pts',(8.99542488304056,-8.86198417998342,7.08169125269313));
#6368=CARTESIAN_POINT('Ctrl Pts',(4.39491144876685,-8.62390482246496,8.88426764860179));
#6369=CARTESIAN_POINT('Ctrl Pts',(6.03056913331924,-8.62162440149421,8.62210661258481));
#6370=CARTESIAN_POINT('Ctrl Pts',(7.62328051683098,-8.56436514293599,8.24610914406619));
#6371=CARTESIAN_POINT('Ctrl Pts',(9.17709068245215,-8.4828056780956,7.82604338671745));
#6372=CARTESIAN_POINT('Ctrl Pts',(4.43843140173315,-7.83659921288462,9.15457582314638));
#6373=CARTESIAN_POINT('Ctrl Pts',(6.07215072006098,-7.83592196398828,8.8915326814488));
#6374=CARTESIAN_POINT('Ctrl Pts',(7.65683032064599,-7.7825916441808,8.51608999637352));
#6375=CARTESIAN_POINT('Ctrl Pts',(9.2097349644798,-7.70326861503961,8.09578849944686));
#6376=CARTESIAN_POINT('Ctrl Pts',(4.4384314017331,-7.5,9.15457582314638));
#6377=CARTESIAN_POINT('Ctrl Pts',(6.06551804729831,-7.49999999999977,8.89261284549473));
#6378=CARTESIAN_POINT('Ctrl Pts',(7.64363190075711,-7.44834760362278,8.51924482405628));
#6379=CARTESIAN_POINT('Ctrl Pts',(9.19368157943462,-7.36997118573585,8.10012915082942));
#6380=CARTESIAN_POINT('Ctrl Pts',(4.2,-9.,-6.81250389955448));
#6381=CARTESIAN_POINT('Ctrl Pts',(4.13336634814498,-9.,-6.85112737568914));
#6382=CARTESIAN_POINT('Ctrl Pts',(4.06669979273728,-9.,-6.88969408698375));
#6383=CARTESIAN_POINT('Ctrl Pts',(4.,-9.,-6.92820323027551));
#6384=CARTESIAN_POINT('Ctrl Pts',(4.42506571261612,-9.,-7.20078977746664));
#6385=CARTESIAN_POINT('Ctrl Pts',(4.35821062740013,-9.,-7.23954160505578));
#6386=CARTESIAN_POINT('Ctrl Pts',(4.29132383725842,-9.,-7.27823572419421));
#6387=CARTESIAN_POINT('Ctrl Pts',(4.22439947525642,-9.,-7.31687452261141));
#6388=CARTESIAN_POINT('Ctrl Pts',(4.81495994510237,-8.62398674024653,-7.87343965644676));
#6389=CARTESIAN_POINT('Ctrl Pts',(4.74772453566399,-8.62398674024653,-7.91241193486094));
#6390=CARTESIAN_POINT('Ctrl Pts',(4.68044961889742,-8.62398674024653,-7.95133058871564));
#6391=CARTESIAN_POINT('Ctrl Pts',(4.61313954658237,-8.62398674024653,-7.9901920770859));
#6392=CARTESIAN_POINT('Ctrl Pts',(4.95222673435047,-7.83659921288462,-8.11025385240689));
#6393=CARTESIAN_POINT('Ctrl Pts',(4.88485571892558,-7.83659921288462,-8.14930473336555));
#6394=CARTESIAN_POINT('Ctrl Pts',(4.81744759873181,-7.83659921288462,-8.18830044666817));
#6395=CARTESIAN_POINT('Ctrl Pts',(4.75,-7.83659921288462,-8.22724133595217));
#6396=CARTESIAN_POINT('Ctrl Pts',(4.95222673435047,-7.5,-8.11025385240689));
#6397=CARTESIAN_POINT('Ctrl Pts',(4.88485628484449,-7.5,-8.14930440533677));
#6398=CARTESIAN_POINT('Ctrl Pts',(4.81744702479844,-7.5,-8.18830077802875));
#6399=CARTESIAN_POINT('Ctrl Pts',(4.75,-7.5,-8.22724133595217));
#6400=CARTESIAN_POINT('Ctrl Pts',(4.75,-7.5,-8.22724133595217));
#6401=CARTESIAN_POINT('Ctrl Pts',(4.81744702479844,-7.5,-8.18830077802875));
#6402=CARTESIAN_POINT('Ctrl Pts',(4.88485628484449,-7.5,-8.14930440533677));
#6403=CARTESIAN_POINT('Ctrl Pts',(4.95222673435047,-7.5,-8.11025385240689));
#6404=CARTESIAN_POINT('Ctrl Pts',(4.2,-9.,-6.81250389955448));
#6405=CARTESIAN_POINT('Ctrl Pts',(4.13336634814498,-9.,-6.85112737568914));
#6406=CARTESIAN_POINT('Ctrl Pts',(4.06669979273728,-9.,-6.88969408698375));
#6407=CARTESIAN_POINT('Ctrl Pts',(4.,-9.,-6.92820323027551));
#6408=CARTESIAN_POINT('Origin',(-1.58240774396563,0.,4.1000000000089));
#6409=CARTESIAN_POINT('',(-1.58240774396563,-4.15,4.1000000000089));
#6410=CARTESIAN_POINT('',(-2.06615514743679,-4.15,4.10000000001152));
#6411=CARTESIAN_POINT('',(-1.58240774396563,-7.8,4.1000000000089));
#6412=CARTESIAN_POINT('',(-1.58240774396563,0.,4.1000000000089));
#6413=CARTESIAN_POINT('',(-1.35000000000939,-7.8,4.10000000000764));
#6414=CARTESIAN_POINT('Origin',(-2.70000000002109,-9.,2.35186869979032E-11));
#6415=CARTESIAN_POINT('Ctrl Pts',(8.8795851540779,8.86797155441675,6.65212720524081));
#6416=CARTESIAN_POINT('Ctrl Pts',(7.34835516580452,8.94711579418189,7.06213754532447));
#6417=CARTESIAN_POINT('Ctrl Pts',(5.78304561019783,8.99999999999977,7.42362827797903));
#6418=CARTESIAN_POINT('Ctrl Pts',(4.20000000001148,9.,7.67364690295036));
#6419=CARTESIAN_POINT('Ctrl Pts',(8.99542488304156,8.86198417998336,7.08169125269286));
#6420=CARTESIAN_POINT('Ctrl Pts',(7.45454193948822,8.94282790668235,7.49544766277932));
#6421=CARTESIAN_POINT('Ctrl Pts',(5.87662989864763,8.99852165117793,7.86221024845347));
#6422=CARTESIAN_POINT('Ctrl Pts',(4.27133850858619,8.99999999999999,8.11673979972907));
#6423=CARTESIAN_POINT('Ctrl Pts',(9.17709068245315,8.48280567809555,7.82604338671718));
#6424=CARTESIAN_POINT('Ctrl Pts',(7.62328051683165,8.56436514293597,8.24610914406604));
#6425=CARTESIAN_POINT('Ctrl Pts',(6.0305691333196,8.62162440149421,8.62210661258476));
#6426=CARTESIAN_POINT('Ctrl Pts',(4.39491144876685,8.62390482246496,8.88426764860179));
#6427=CARTESIAN_POINT('Ctrl Pts',(9.20973496448081,7.70326861503956,8.09578849944659));
#6428=CARTESIAN_POINT('Ctrl Pts',(7.65683032064668,7.78259164418078,8.51608999637336));
#6429=CARTESIAN_POINT('Ctrl Pts',(6.07215072006134,7.83592196398828,8.89153268144874));
#6430=CARTESIAN_POINT('Ctrl Pts',(4.43843140173315,7.83659921288462,9.15457582314638));
#6431=CARTESIAN_POINT('Ctrl Pts',(9.19368157943562,7.3699711857358,8.10012915082915));
#6432=CARTESIAN_POINT('Ctrl Pts',(7.64363190075779,7.44834760362276,8.51924482405613));
#6433=CARTESIAN_POINT('Ctrl Pts',(6.06551804729866,7.49999999999977,8.89261284549468));
#6434=CARTESIAN_POINT('Ctrl Pts',(4.4384314017331,7.5,9.15457582314638));
#6435=CARTESIAN_POINT('',(6.34979385075976,8.97061156886937,7.26791336460227));
#6436=CARTESIAN_POINT('Ctrl Pts',(9.19368157943562,7.3699711857358,8.10012915082915));
#6437=CARTESIAN_POINT('Ctrl Pts',(8.95525243571716,7.63870070894654,8.16459765945897));
#6438=CARTESIAN_POINT('Ctrl Pts',(8.66981702457193,7.90150171399617,8.17275232506812));
#6439=CARTESIAN_POINT('Ctrl Pts',(7.95431570962718,8.40655068854775,8.08401113396303));
#6440=CARTESIAN_POINT('Ctrl Pts',(7.56521080991003,8.59760313488502,7.98016369075217));
#6441=CARTESIAN_POINT('Ctrl Pts',(7.00535910082389,8.81101405828997,7.78727941057871));
#6442=CARTESIAN_POINT('Ctrl Pts',(6.8025557691869,8.86862752390012,7.70194388080455));
#6443=CARTESIAN_POINT('Ctrl Pts',(6.57089198811958,8.92589114555017,7.57152615343468));
#6444=CARTESIAN_POINT('Ctrl Pts',(6.49291356947438,8.94270744431356,7.51907117615297));
#6445=CARTESIAN_POINT('Ctrl Pts',(6.41129603431378,8.95907736684401,7.4331795255687));
#6446=CARTESIAN_POINT('Ctrl Pts',(6.38834478258693,8.96345797813361,7.40282478997308));
#6447=CARTESIAN_POINT('Ctrl Pts',(6.36514420549746,8.96779581084714,7.35308714641883));
#6448=CARTESIAN_POINT('Ctrl Pts',(6.35940389709198,8.96885255990168,7.33670826007727));
#6449=CARTESIAN_POINT('Ctrl Pts',(6.35167591273226,8.97026986731645,7.30262336954994));
#6450=CARTESIAN_POINT('Ctrl Pts',(6.34979385076108,8.97061156886931,7.28539621341537));
#6451=CARTESIAN_POINT('Ctrl Pts',(6.34979385076108,8.97061156886931,7.26791336460181));
#6452=CARTESIAN_POINT('',(4.20000000000574,9.,7.67364690295036));
#6453=CARTESIAN_POINT('Ctrl Pts',(6.34994015289468,8.96961818963754,7.26871429946539));
#6454=CARTESIAN_POINT('Ctrl Pts',(5.6379995775197,8.98903483697452,7.42284240746488));
#6455=CARTESIAN_POINT('Ctrl Pts',(4.92083851099735,8.9999999999999,7.5598011285877));
#6456=CARTESIAN_POINT('Ctrl Pts',(4.20000000001148,9.,7.67364690295036));
#6457=CARTESIAN_POINT('Origin',(4.20000000001126,7.5,7.67364690295036));
#6458=CARTESIAN_POINT('Ctrl Pts',(0.,7.5,9.50000000000031));
#6459=CARTESIAN_POINT('Ctrl Pts',(0.602448012430069,7.5,9.50000000000031));
#6460=CARTESIAN_POINT('Ctrl Pts',(2.13047029017802,7.5,9.47137658369974));
#6461=CARTESIAN_POINT('Ctrl Pts',(3.60749301268984,7.5,9.28835793931826));
#6462=CARTESIAN_POINT('Ctrl Pts',(4.43843140173028,7.5,9.15457582314684));
#6463=CARTESIAN_POINT('Ctrl Pts',(0.,7.94879895051283,9.50000000000031));
#6464=CARTESIAN_POINT('Ctrl Pts',(0.602448012430069,7.94879895051283,9.50000000000031));
#6465=CARTESIAN_POINT('Ctrl Pts',(2.13058697250914,7.94879895051283,9.47138921374818));
#6466=CARTESIAN_POINT('Ctrl Pts',(3.60736980660742,7.94879895051283,9.28837777565107));
#6467=CARTESIAN_POINT('Ctrl Pts',(4.43843140173028,7.94879895051283,9.15457582314684));
#6468=CARTESIAN_POINT('Ctrl Pts',(0.,8.72626818812059,9.12397364894663));
#6469=CARTESIAN_POINT('Ctrl Pts',(0.60244801243007,8.72626818812059,9.12397364894663));
#6470=CARTESIAN_POINT('Ctrl Pts',(2.10004525027072,8.72626818812059,9.09582871511349));
#6471=CARTESIAN_POINT('Ctrl Pts',(3.55726625755851,8.72626818812059,8.91557577305633));
#6472=CARTESIAN_POINT('Ctrl Pts',(4.3786604084196,8.72626818812059,8.78333029112605));
#6473=CARTESIAN_POINT('Ctrl Pts',(0.,9.,8.33659921288493));
#6474=CARTESIAN_POINT('Ctrl Pts',(0.602448012430069,9.,8.33659921288493));
#6475=CARTESIAN_POINT('Ctrl Pts',(2.0364535421995,9.,8.30946878105973));
#6476=CARTESIAN_POINT('Ctrl Pts',(3.4519719101284,9.,8.13501422180484));
#6477=CARTESIAN_POINT('Ctrl Pts',(4.25350388143957,9.,8.00596657553483));
#6478=CARTESIAN_POINT('Ctrl Pts',(0.,9.,8.00000000000031));
#6479=CARTESIAN_POINT('Ctrl Pts',(0.602448012430069,9.,8.00000000000031));
#6480=CARTESIAN_POINT('Ctrl Pts',(2.00927811367454,9.,7.97330431941299));
#6481=CARTESIAN_POINT('Ctrl Pts',(3.40694872487763,9.,7.80132914656693));
#6482=CARTESIAN_POINT('Ctrl Pts',(4.20000000000857,9.,7.67364690295079));
#6483=CARTESIAN_POINT('',(0.,9.,8.00000000000031));
#6484=CARTESIAN_POINT('Ctrl Pts',(4.20000000000857,9.,7.67364690295079));
#6485=CARTESIAN_POINT('Ctrl Pts',(3.40694872487763,9.,7.80132914656693));
#6486=CARTESIAN_POINT('Ctrl Pts',(2.00927811367454,9.,7.97330431941299));
#6487=CARTESIAN_POINT('Ctrl Pts',(0.602448012430069,9.,8.00000000000031));
#6488=CARTESIAN_POINT('Ctrl Pts',(0.,9.,8.00000000000031));
#6489=CARTESIAN_POINT('Origin',(0.,7.5,8.00000000000031));
#6490=CARTESIAN_POINT('Origin',(0.,7.5,0.));
#6491=CARTESIAN_POINT('',(4.,9.,-6.92820323027551));
#6492=CARTESIAN_POINT('Origin',(0.,9.,0.));
#6493=CARTESIAN_POINT('Origin',(4.,7.5,-6.92820323027551));
#6494=CARTESIAN_POINT('Origin',(0.,7.8,0.));
#6495=CARTESIAN_POINT('Ctrl Pts',(4.2,9.,-6.81250389955448));
#6496=CARTESIAN_POINT('Ctrl Pts',(5.64306699444217,9.,-5.99197490302957));
#6497=CARTESIAN_POINT('Ctrl Pts',(7.06492837849866,8.95732469149169,-5.13230951054557));
#6498=CARTESIAN_POINT('Ctrl Pts',(8.49211051516036,8.88748114861971,-4.30661050130095));
#6499=CARTESIAN_POINT('Ctrl Pts',(4.42506571261612,9.,-7.20078977746664));
#6500=CARTESIAN_POINT('Ctrl Pts',(5.87158052954089,8.99574837161585,-6.37521235276838));
#6501=CARTESIAN_POINT('Ctrl Pts',(7.29841353889791,8.94839901567385,-5.50887465139225));
#6502=CARTESIAN_POINT('Ctrl Pts',(8.71477739543761,8.87658426068976,-4.68797445574857));
#6503=CARTESIAN_POINT('Ctrl Pts',(4.814945699336,8.62395263794682,-7.87341507949171));
#6504=CARTESIAN_POINT('Ctrl Pts',(6.26038649177276,8.61739430585168,-7.03945975594535));
#6505=CARTESIAN_POINT('Ctrl Pts',(7.68914156380317,8.56714686892338,-6.16154059477717));
#6506=CARTESIAN_POINT('Ctrl Pts',(9.08296953984754,8.49448770265174,-5.34902401663315));
#6507=CARTESIAN_POINT('Ctrl Pts',(4.95222673435047,7.83659921288462,-8.11025385240689));
#6508=CARTESIAN_POINT('Ctrl Pts',(6.38806420826922,7.83465149216587,-7.27794582675535));
#6509=CARTESIAN_POINT('Ctrl Pts',(7.80862720625636,7.79040466385172,-6.40133464494841));
#6510=CARTESIAN_POINT('Ctrl Pts',(9.18853173260332,7.72028700506239,-5.59412550983154));
#6511=CARTESIAN_POINT('Ctrl Pts',(4.95222673435047,7.5,-8.11025385240689));
#6512=CARTESIAN_POINT('Ctrl Pts',(6.38346526751223,7.5,-7.28065190519783));
#6513=CARTESIAN_POINT('Ctrl Pts',(7.79955423023849,7.45831619577992,-6.40704971879895));
#6514=CARTESIAN_POINT('Ctrl Pts',(9.17646568814402,7.38927412991141,-5.60118738061832));
#6515=CARTESIAN_POINT('',(4.95222673435047,7.5,-8.11025385240689));
#6516=CARTESIAN_POINT('Ctrl Pts',(9.17646568814402,7.38927412991141,-5.60118738061832));
#6517=CARTESIAN_POINT('Ctrl Pts',(7.79955423023849,7.45831619577992,-6.40704971879895));
#6518=CARTESIAN_POINT('Ctrl Pts',(6.38346526751223,7.5,-7.28065190519783));
#6519=CARTESIAN_POINT('Ctrl Pts',(4.95222673435047,7.5,-8.11025385240689));
#6520=CARTESIAN_POINT('',(4.2,9.,-6.81250389955448));
#6521=CARTESIAN_POINT('Origin',(4.2,7.5,-6.81250389955448));
#6522=CARTESIAN_POINT('Ctrl Pts',(4.2,9.,-6.81250389955448));
#6523=CARTESIAN_POINT('Ctrl Pts',(4.9201396141179,9.,-6.40303196429037));
#6524=CARTESIAN_POINT('Ctrl Pts',(5.63499828871657,8.98937235386777,-5.98381369603694));
#6525=CARTESIAN_POINT('Ctrl Pts',(6.3478726395685,8.97004423364827,-5.563934086016));
#6526=CARTESIAN_POINT('Ctrl Pts',(4.,9.,-6.92820323027551));
#6527=CARTESIAN_POINT('Ctrl Pts',(4.06669946292211,9.,-6.88969427740263));
#6528=CARTESIAN_POINT('Ctrl Pts',(4.13336610381696,9.,-6.85112751731124));
#6529=CARTESIAN_POINT('Ctrl Pts',(4.2,9.,-6.81250389955448));
#6530=CARTESIAN_POINT('Ctrl Pts',(4.22439947525642,9.,-7.31687452261141));
#6531=CARTESIAN_POINT('Ctrl Pts',(4.29132350633281,9.,-7.2782359152542));
#6532=CARTESIAN_POINT('Ctrl Pts',(4.35821038226017,9.,-7.2395417471485));
#6533=CARTESIAN_POINT('Ctrl Pts',(4.42506571261612,9.,-7.20078977746664));
#6534=CARTESIAN_POINT('Ctrl Pts',(4.61313954658237,8.62398674024653,-7.9901920770859));
#6535=CARTESIAN_POINT('Ctrl Pts',(4.68044928606455,8.62398674024653,-7.95133078087678));
#6536=CARTESIAN_POINT('Ctrl Pts',(4.74772428912949,8.62398674024653,-7.912412077762));
#6537=CARTESIAN_POINT('Ctrl Pts',(4.81495994510238,8.62398674024653,-7.87343965644676));
#6538=CARTESIAN_POINT('Ctrl Pts',(4.75,7.83659921288462,-8.22724133595217));
#6539=CARTESIAN_POINT('Ctrl Pts',(4.81744726521891,7.83659921288462,-8.18830063922193));
#6540=CARTESIAN_POINT('Ctrl Pts',(4.88485547189385,7.83659921288462,-8.14930487655482));
#6541=CARTESIAN_POINT('Ctrl Pts',(4.95222673435047,7.83659921288462,-8.11025385240689));
#6542=CARTESIAN_POINT('Ctrl Pts',(4.75,7.5,-8.22724133595217));
#6543=CARTESIAN_POINT('Ctrl Pts',(4.81744669128838,7.5,-8.18830097058087));
#6544=CARTESIAN_POINT('Ctrl Pts',(4.88485603781484,7.5,-8.14930454852484));
#6545=CARTESIAN_POINT('Ctrl Pts',(4.95222673435047,7.5,-8.11025385240689));
#6546=CARTESIAN_POINT('Ctrl Pts',(4.95222673435047,7.5,-8.11025385240689));
#6547=CARTESIAN_POINT('Ctrl Pts',(4.88485603781484,7.5,-8.14930454852484));
#6548=CARTESIAN_POINT('Ctrl Pts',(4.81744669128838,7.5,-8.18830097058087));
#6549=CARTESIAN_POINT('Ctrl Pts',(4.75,7.5,-8.22724133595217));
#6550=CARTESIAN_POINT('Ctrl Pts',(4.,9.,-6.92820323027551));
#6551=CARTESIAN_POINT('Ctrl Pts',(4.06669946292211,9.,-6.88969427740263));
#6552=CARTESIAN_POINT('Ctrl Pts',(4.13336610381696,9.,-6.85112751731124));
#6553=CARTESIAN_POINT('Ctrl Pts',(4.2,9.,-6.81250389955448));
#6554=CARTESIAN_POINT('Origin',(-2.70000000002109,7.8,2.35186869979032E-11));
#6555=CARTESIAN_POINT('',(-1.47627063918696,7.8,-3.82500000000019));
#6556=CARTESIAN_POINT('',(-0.913159486772253,7.8,-2.36598557481449));
#6557=CARTESIAN_POINT('',(-0.900621212890176,7.8,-3.99986017642689));
#6558=CARTESIAN_POINT('Origin',(-4.21862697971305E-11,7.8,3.04501038332474E-13));
#6559=CARTESIAN_POINT('',(-0.498617499014308,7.8,-2.95827324459666));
#6560=CARTESIAN_POINT('',(0.0581842748561125,7.8,-1.5156063455978));
#6561=CARTESIAN_POINT('',(-0.498617499014538,7.8,2.95827324459727));
#6562=CARTESIAN_POINT('Origin',(-4.21862697971305E-11,7.8,3.04501038332474E-13));
#6563=CARTESIAN_POINT('',(-0.900621212890615,7.8,3.99986017642745));
#6564=CARTESIAN_POINT('',(0.157202427474057,7.8,1.25905146756932));
#6565=CARTESIAN_POINT('',(-1.47627063918792,7.8,3.82499999999981));
#6566=CARTESIAN_POINT('Origin',(-4.21862697971305E-11,7.8,3.04501038332474E-13));
#6567=CARTESIAN_POINT('',(-0.715123181528721,7.8,1.85287581873626));
#6568=CARTESIAN_POINT('Ctrl Pts',(18.75,-9.,-3.35));
#6569=CARTESIAN_POINT('Ctrl Pts',(18.75,9.,-3.35));
#6570=CARTESIAN_POINT('Ctrl Pts',(11.75,-9.,-3.35));
#6571=CARTESIAN_POINT('Ctrl Pts',(11.75,9.,-3.35));
#6572=CARTESIAN_POINT('Ctrl Pts',(11.75,-9.,-4.18578945162478));
#6573=CARTESIAN_POINT('Ctrl Pts',(11.75,9.,-4.18578945162478));
#6574=CARTESIAN_POINT('Ctrl Pts',(4.75,-9.,-8.22724133595217));
#6575=CARTESIAN_POINT('Ctrl Pts',(4.75,9.,-8.22724133595217));
#6576=CARTESIAN_POINT('',(6.66973987741537,-4.15,-7.09921570822699));
#6577=CARTESIAN_POINT('Ctrl Pts',(4.75,-4.15,-8.22724133595217));
#6578=CARTESIAN_POINT('Ctrl Pts',(5.4564040357061,-4.15,-7.81939877578061));
#6579=CARTESIAN_POINT('Ctrl Pts',(6.0915214054605,-4.15,-7.44420207089392));
#6580=CARTESIAN_POINT('Ctrl Pts',(6.66973987741186,-4.15,-7.0992157082211));
#6581=CARTESIAN_POINT('',(8.42729873902447,-2.65,-6.04515288588492));
#6582=CARTESIAN_POINT('Ctrl Pts',(8.42729873902447,-2.64999999999725,-6.04515288588491));
#6583=CARTESIAN_POINT('Ctrl Pts',(8.42729873902449,-2.65711894069078,-6.04515288588491));
#6584=CARTESIAN_POINT('Ctrl Pts',(8.42723938372324,-2.66424438882372,-6.04518837800244));
#6585=CARTESIAN_POINT('Ctrl Pts',(8.4247738481868,-2.81195217124239,-6.0466626768225));
#6586=CARTESIAN_POINT('Ctrl Pts',(8.39935116724351,-2.94918224551536,-6.06185920964662));
#6587=CARTESIAN_POINT('Ctrl Pts',(8.29462566899493,-3.24836924333445,-6.12454964499828));
#6588=CARTESIAN_POINT('Ctrl Pts',(8.20393219988256,-3.39930279402046,-6.1788944827895));
#6589=CARTESIAN_POINT('Ctrl Pts',(7.9477739474389,-3.70137419641267,-6.33265712819684));
#6590=CARTESIAN_POINT('Ctrl Pts',(7.76132273941459,-3.84458217795968,-6.44476867647307));
#6591=CARTESIAN_POINT('Ctrl Pts',(7.2791281684055,-4.08115114904894,-6.73453012655492));
#6592=CARTESIAN_POINT('Ctrl Pts',(6.97706540465567,-4.15000000000392,-6.91585401892306));
#6593=CARTESIAN_POINT('Ctrl Pts',(6.66973987740291,-4.15,-7.09921570822644));
#6594=CARTESIAN_POINT('',(8.42729873902447,2.65,-6.04515288588492));
#6595=CARTESIAN_POINT('Ctrl Pts',(8.42729873902447,-2.65,-6.04515288588492));
#6596=CARTESIAN_POINT('Ctrl Pts',(8.42729873902447,-0.88333333333334,-6.04515288588492));
#6597=CARTESIAN_POINT('Ctrl Pts',(8.42729873902447,0.883333333333322,-6.04515288588492));
#6598=CARTESIAN_POINT('Ctrl Pts',(8.42729873902447,2.64999999999998,-6.04515288588492));
#6599=CARTESIAN_POINT('',(6.66973987741537,4.15,-7.09921570822699));
#6600=CARTESIAN_POINT('Ctrl Pts',(6.66973987740291,4.15,-7.09921570822644));
#6601=CARTESIAN_POINT('Ctrl Pts',(6.84784371392369,4.15000000000227,-6.9929524224272));
#6602=CARTESIAN_POINT('Ctrl Pts',(7.02671550574553,4.12686009556811,-6.88586555934692));
#6603=CARTESIAN_POINT('Ctrl Pts',(7.37492280333984,4.0328089628534,-6.67699486776448));
#6604=CARTESIAN_POINT('Ctrl Pts',(7.54617071427628,3.96081711803989,-6.57406653517599));
#6605=CARTESIAN_POINT('Ctrl Pts',(7.86088349940734,3.76526141058921,-6.38490300030727));
#6606=CARTESIAN_POINT('Ctrl Pts',(8.00619022461807,3.6412228561702,-6.29757607763703));
#6607=CARTESIAN_POINT('Ctrl Pts',(8.23152049989712,3.35659180492093,-6.16235271501147));
#6608=CARTESIAN_POINT('Ctrl Pts',(8.31628134810113,3.20340573063851,-6.11158042407167));
#6609=CARTESIAN_POINT('Ctrl Pts',(8.40719495819737,2.90988800621176,-6.05716964837987));
#6610=CARTESIAN_POINT('Ctrl Pts',(8.42729873902419,2.78104655894213,-6.04515288588508));
#6611=CARTESIAN_POINT('Ctrl Pts',(8.42729873902447,2.65000000000275,-6.04515288588492));
#6612=CARTESIAN_POINT('Ctrl Pts',(6.66973987741186,4.15,-7.0992157082211));
#6613=CARTESIAN_POINT('Ctrl Pts',(6.09152140546049,4.15,-7.44420207089392));
#6614=CARTESIAN_POINT('Ctrl Pts',(5.4564040357061,4.15,-7.81939877578061));
#6615=CARTESIAN_POINT('Ctrl Pts',(4.75,4.15,-8.22724133595217));
#6616=CARTESIAN_POINT('',(10.2364681691704,-2.59418113582137,-5.00103256458626));
#6617=CARTESIAN_POINT('Ctrl Pts',(10.2364681691706,2.59418113582205,-5.00103256458615));
#6618=CARTESIAN_POINT('Ctrl Pts',(10.0985659356306,2.14161634049099,-5.07562767848746));
#6619=CARTESIAN_POINT('Ctrl Pts',(9.99643243755193,1.67723495730914,-5.13242098135791));
#6620=CARTESIAN_POINT('Ctrl Pts',(9.86404576332726,0.707680106970361,-5.20623502701572));
#6621=CARTESIAN_POINT('Ctrl Pts',(9.83822405953556,0.206302081776474,-5.22083581472102));
#6622=CARTESIAN_POINT('Ctrl Pts',(9.88101125709039,-1.08068495673937,-5.19682232797654));
#6623=CARTESIAN_POINT('Ctrl Pts',(10.0102133494025,-1.85166258791629,-5.12342002429639));
#6624=CARTESIAN_POINT('Ctrl Pts',(10.2364681691704,-2.59418113582142,-5.00103256458625));
#6625=CARTESIAN_POINT('Ctrl Pts',(10.2364681691704,-2.59418113582137,-5.00103256458626));
#6626=CARTESIAN_POINT('Ctrl Pts',(10.2422403738102,-2.6131242417041,-4.99791022021581));
#6627=CARTESIAN_POINT('Ctrl Pts',(10.2479060230477,-2.63212127318265,-4.99484852850661));
#6628=CARTESIAN_POINT('Ctrl Pts',(10.3754675925081,-3.06933473616709,-4.92597841692344));
#6629=CARTESIAN_POINT('Ctrl Pts',(10.4430285925941,-3.50447058750193,-4.89063822902282));
#6630=CARTESIAN_POINT('Ctrl Pts',(10.4616085388962,-4.37333629532488,-4.88084648005319));
#6631=CARTESIAN_POINT('Ctrl Pts',(10.4154877210923,-4.80036130362147,-4.90488235703167));
#6632=CARTESIAN_POINT('Ctrl Pts',(10.1882127695893,-5.7509146304692,-5.02669661635058));
#6633=CARTESIAN_POINT('Ctrl Pts',(9.97460845031025,-6.25264626061945,-5.14287464269879));
#6634=CARTESIAN_POINT('Ctrl Pts',(9.53736543495478,-6.95112453899605,-5.39137557126977));
#6635=CARTESIAN_POINT('Ctrl Pts',(9.3644740762514,-7.17956824844265,-5.49115207052782));
#6636=CARTESIAN_POINT('Ctrl Pts',(9.176465688143,-7.38927412991146,-5.60118738061891));
#6637=CARTESIAN_POINT('Origin',(18.75,0.,-3.35));
#6638=CARTESIAN_POINT('',(10.2364681691704,-2.59418113582137,-3.35));
#6639=CARTESIAN_POINT('Origin',(5.45358511814256,-4.05158626830528,-3.35));
#6640=CARTESIAN_POINT('Origin',(18.75,0.,-3.35));
#6641=CARTESIAN_POINT('Ctrl Pts',(18.75,-3.5,-3.35));
#6642=CARTESIAN_POINT('Ctrl Pts',(18.4574704345752,-3.5,-3.35));
#6643=CARTESIAN_POINT('Ctrl Pts',(18.1661035232972,-3.46332622893275,-3.35147484980546));
#6644=CARTESIAN_POINT('Ctrl Pts',(17.5575756248321,-3.30768116775119,-3.35871881929683));
#6645=CARTESIAN_POINT('Ctrl Pts',(17.2461463838349,-3.17820623448765,-3.36509819823779));
#6646=CARTESIAN_POINT('Ctrl Pts',(16.5604674709281,-2.76948943957707,-3.38598788564906));
#6647=CARTESIAN_POINT('Ctrl Pts',(16.2139886929715,-2.45612975376725,-3.40266631274287));
#6648=CARTESIAN_POINT('Ctrl Pts',(15.6698499434292,-1.72225061451102,-3.4361330296261));
#6649=CARTESIAN_POINT('Ctrl Pts',(15.4736849156353,-1.31127232238941,-3.45223843909116));
#6650=CARTESIAN_POINT('Ctrl Pts',(15.2667028365287,-0.508924725891843,-3.47005936539788));
#6651=CARTESIAN_POINT('Ctrl Pts',(15.232139468224,-0.130761654574713,-3.47342294385298));
#6652=CARTESIAN_POINT('Ctrl Pts',(15.2866215558304,0.643355011814484,-3.46845879975505));
#6653=CARTESIAN_POINT('Ctrl Pts',(15.3823092197596,1.03313437681544,-3.45954049818213));
#6654=CARTESIAN_POINT('Ctrl Pts',(15.7247865363663,1.8189576913739,-3.43291063850568));
#6655=CARTESIAN_POINT('Ctrl Pts',(15.9890195967048,2.19943132204831,-3.41472612212997));
#6656=CARTESIAN_POINT('Ctrl Pts',(16.6340751274604,2.82214588738854,-3.38356533532457));
#6657=CARTESIAN_POINT('Ctrl Pts',(17.0033500150836,3.06448056714262,-3.37078178413467));
#6658=CARTESIAN_POINT('Ctrl Pts',(17.833231999875,3.40905911571014,-3.35374841448958));
#6659=CARTESIAN_POINT('Ctrl Pts',(18.2893403006748,3.5,-3.35));
#6660=CARTESIAN_POINT('Ctrl Pts',(18.75,3.5,-3.35));
#6661=CARTESIAN_POINT('Ctrl Pts',(18.75,-9.,-3.35));
#6662=CARTESIAN_POINT('Ctrl Pts',(18.75,9.,-3.35));
#6663=CARTESIAN_POINT('Ctrl Pts',(11.75,-9.,-3.35));
#6664=CARTESIAN_POINT('Ctrl Pts',(11.75,9.,-3.35));
#6665=CARTESIAN_POINT('Ctrl Pts',(11.75,-9.,-4.18578945162478));
#6666=CARTESIAN_POINT('Ctrl Pts',(11.75,9.,-4.18578945162478));
#6667=CARTESIAN_POINT('Ctrl Pts',(4.75,-9.,-8.22724133595217));
#6668=CARTESIAN_POINT('Ctrl Pts',(4.75,9.,-8.22724133595217));
#6669=CARTESIAN_POINT('',(18.6141000633178,1.89513355920126,-3.35010703728089));
#6670=CARTESIAN_POINT('Ctrl Pts',(18.75,1.9,-3.35));
#6671=CARTESIAN_POINT('Ctrl Pts',(18.704628737561,1.9,-3.35));
#6672=CARTESIAN_POINT('Ctrl Pts',(18.6592998814519,1.8983748359926,-3.35003515183819));
#6673=CARTESIAN_POINT('Ctrl Pts',(18.6141000633178,1.89513355920098,-3.35010703728089));
#6674=CARTESIAN_POINT('',(16.0588991736615,1.21306430662346,-3.41247260349605));
#6675=CARTESIAN_POINT('Ctrl Pts',(16.0588991736615,1.21306430662346,-3.41247260349605));
#6676=CARTESIAN_POINT('Ctrl Pts',(16.0510919979999,1.30773160054125,-3.4129183553237));
#6677=CARTESIAN_POINT('Ctrl Pts',(16.0537711248001,1.40316945861887,-3.4126748027666));
#6678=CARTESIAN_POINT('Ctrl Pts',(16.066220675243,1.49728108751049,-3.41188296226427));
#6679=CARTESIAN_POINT('Ctrl Pts',(16.0747332071288,1.56163106106567,-3.4113415316676));
#6680=CARTESIAN_POINT('Ctrl Pts',(16.0878125719972,1.62536097106573,-3.41054383102792));
#6681=CARTESIAN_POINT('Ctrl Pts',(16.1052173792027,1.6878069242686,-3.409535416142));
#6682=CARTESIAN_POINT('Ctrl Pts',(16.1285309156916,1.7714525510997,-3.40818465615016));
#6683=CARTESIAN_POINT('Ctrl Pts',(16.1596348735931,1.85292231528769,-3.40645394720213));
#6684=CARTESIAN_POINT('Ctrl Pts',(16.1980699556085,1.93070605428007,-3.40444660630503));
#6685=CARTESIAN_POINT('Ctrl Pts',(16.2338865856549,2.00319065056631,-3.40257601874496));
#6686=CARTESIAN_POINT('Ctrl Pts',(16.2760704056063,2.07247508328196,-3.40046511398891));
#6687=CARTESIAN_POINT('Ctrl Pts',(16.3242771923111,2.13729775074215,-3.39819749529572));
#6688=CARTESIAN_POINT('Ctrl Pts',(16.3278014533989,2.14203675162046,-3.39803171614161));
#6689=CARTESIAN_POINT('Ctrl Pts',(16.331357914711,2.14675188452858,-3.3978650997406));
#6690=CARTESIAN_POINT('Ctrl Pts',(16.3349464460542,2.15144264598717,-3.3976976789482));
#6691=CARTESIAN_POINT('Ctrl Pts',(16.34998018945,2.17109405692857,-3.39699628860451));
#6692=CARTESIAN_POINT('Ctrl Pts',(16.3655640542687,2.19031141007751,-3.39628137929789));
#6693=CARTESIAN_POINT('Ctrl Pts',(16.3816857590654,2.20905654002376,-3.39555543746194));
#6694=CARTESIAN_POINT('Ctrl Pts',(16.4364117750721,2.27268791737629,-3.39309118786582));
#6695=CARTESIAN_POINT('Ctrl Pts',(16.4973391084539,2.33087653509232,-3.3904996887455));
#6696=CARTESIAN_POINT('Ctrl Pts',(16.5631050816047,2.38290085005834,-3.38787299310094));
#6697=CARTESIAN_POINT('Ctrl Pts',(16.615023507121,2.42397103258893,-3.38579936907254));
#6698=CARTESIAN_POINT('Ctrl Pts',(16.6699562271418,2.46119938729664,-3.38370387516286));
#6699=CARTESIAN_POINT('Ctrl Pts',(16.7272134580589,2.49424334745183,-3.38163219352561));
#6700=CARTESIAN_POINT('Ctrl Pts',(16.7938916726631,2.53272429092929,-3.37921964177296));
#6701=CARTESIAN_POINT('Ctrl Pts',(16.8638133773623,2.56562422327793,-3.37683593120215));
#6702=CARTESIAN_POINT('Ctrl Pts',(16.9360136911753,2.59238114702265,-3.37454997302181));
#6703=CARTESIAN_POINT('Ctrl Pts',(17.006928786656,2.61866177797731,-3.3723047065671));
#6704=CARTESIAN_POINT('Ctrl Pts',(17.0800430630156,2.63901538922278,-3.37015380208945));
#6705=CARTESIAN_POINT('Ctrl Pts',(17.1544089463415,2.6528721558486,-3.3681641616332));
#6706=CARTESIAN_POINT('Ctrl Pts',(17.1796483021886,2.6575750632588,-3.36748888903188));
#6707=CARTESIAN_POINT('Ctrl Pts',(17.2050314799333,2.66152934036213,-3.36683220127222));
#6708=CARTESIAN_POINT('Ctrl Pts',(17.2305202719272,2.66471196824461,-3.36619672897423));
#6709=CARTESIAN_POINT('Ctrl Pts',(17.2582738820273,2.6681773899627,-3.36550479149866));
#6710=CARTESIAN_POINT('Ctrl Pts',(17.286128841724,2.67078624444278,-3.36483873791401));
#6711=CARTESIAN_POINT('Ctrl Pts',(17.3140415669609,2.67250479426299,-3.36420183061054));
#6712=CARTESIAN_POINT('Ctrl Pts',(17.3738593812272,2.67618769849683,-3.36283691899905));
#6713=CARTESIAN_POINT('Ctrl Pts',(17.4339459031011,2.67578182145978,-3.36160577907613));
#6714=CARTESIAN_POINT('Ctrl Pts',(17.4937735262346,2.67134892880184,-3.36049438038671));
#6715=CARTESIAN_POINT('Ctrl Pts',(17.5536078028206,2.66691554316024,-3.35938285809823));
#6716=CARTESIAN_POINT('Ctrl Pts',(17.6131829122992,2.65845299405212,-3.35839109153242));
#6717=CARTESIAN_POINT('Ctrl Pts',(17.6719199797555,2.64603159454777,-3.35750632727487));
#6718=CARTESIAN_POINT('Ctrl Pts',(17.6854819791027,2.64316357577761,-3.35730204107532));
#6719=CARTESIAN_POINT('Ctrl Pts',(17.6989990964125,2.64008458401624,-3.35710346411162));
#6720=CARTESIAN_POINT('Ctrl Pts',(17.7124638488324,2.63679565532177,-3.35691044566694));
#6721=CARTESIAN_POINT('Ctrl Pts',(17.7831234198971,2.61953620014833,-3.35589753432008));
#6722=CARTESIAN_POINT('Ctrl Pts',(17.8524275751122,2.59648392698488,-3.35503648704161));
#6723=CARTESIAN_POINT('Ctrl Pts',(17.9194243724674,2.56799051024555,-3.35430428957687));
#6724=CARTESIAN_POINT('Ctrl Pts',(17.975736186011,2.54404136589855,-3.35368886662026));
#6725=CARTESIAN_POINT('Ctrl Pts',(18.0304191564984,2.51624848328476,-3.35316442224107));
#6726=CARTESIAN_POINT('Ctrl Pts',(18.0829322929152,2.48480554087441,-3.35271721709588));
#6727=CARTESIAN_POINT('Ctrl Pts',(18.108593481688,2.46944056106513,-3.3524986848117));
#6728=CARTESIAN_POINT('Ctrl Pts',(18.1337368275813,2.45320370524581,-3.35229859953027));
#6729=CARTESIAN_POINT('Ctrl Pts',(18.1583231142821,2.43614516943508,-3.35211528996101));
#6730=CARTESIAN_POINT('Ctrl Pts',(18.249729423478,2.37272535261926,-3.35143378602467));
#6731=CARTESIAN_POINT('Ctrl Pts',(18.3331811193825,2.29782218848786,-3.35098595067917));
#6732=CARTESIAN_POINT('Ctrl Pts',(18.4064300954125,2.2139442571011,-3.35068569368829));
#6733=CARTESIAN_POINT('Ctrl Pts',(18.4476230611067,2.16677389462811,-3.3505168384142));
#6734=CARTESIAN_POINT('Ctrl Pts',(18.4855896243218,2.1167642156021,-3.35039466719779));
#6735=CARTESIAN_POINT('Ctrl Pts',(18.5199296103805,2.06435414481015,-3.35030394594274));
#6736=CARTESIAN_POINT('Ctrl Pts',(18.5553264632867,2.01033107201522,-3.35021043259898));
#6737=CARTESIAN_POINT('Ctrl Pts',(18.5868730819953,1.95374791955249,-3.35015033886232));
#6738=CARTESIAN_POINT('Ctrl Pts',(18.6141000633179,1.8951335592013,-3.35010703728089));
#6739=CARTESIAN_POINT('',(16.0588991736615,-1.21306430662346,-3.41247260349605));
#6740=CARTESIAN_POINT('Ctrl Pts',(16.0588991736615,-1.21306430662346,-3.41247260349605));
#6741=CARTESIAN_POINT('Ctrl Pts',(15.8779924677186,-0.834186842796498,-3.42280149813118));
#6742=CARTESIAN_POINT('Ctrl Pts',(15.6873537907759,-4.16156441500627E-8,
-3.43648710107793));
#6743=CARTESIAN_POINT('Ctrl Pts',(15.8779925167308,0.834186945443846,-3.42280149533282));
#6744=CARTESIAN_POINT('Ctrl Pts',(16.0588991736615,1.21306430662346,-3.41247260349605));
#6745=CARTESIAN_POINT('',(18.6141000633178,-1.89513355920126,-3.35010703728089));
#6746=CARTESIAN_POINT('Ctrl Pts',(18.6141000633179,-1.8951335592013,-3.35010703728089));
#6747=CARTESIAN_POINT('Ctrl Pts',(18.5889474981997,-1.94928210758873,-3.35014703972676));
#6748=CARTESIAN_POINT('Ctrl Pts',(18.560004903729,-2.00164526338632,-3.35019418396363));
#6749=CARTESIAN_POINT('Ctrl Pts',(18.5277149123591,-2.05180944002228,-3.35026515187466));
#6750=CARTESIAN_POINT('Ctrl Pts',(18.5029321826362,-2.09031069625046,-3.35031962010098));
#6751=CARTESIAN_POINT('Ctrl Pts',(18.4761840119717,-2.12751102986975,-3.35038810317491));
#6752=CARTESIAN_POINT('Ctrl Pts',(18.447652485669,-2.16326657711799,-3.35047810562635));
#6753=CARTESIAN_POINT('Ctrl Pts',(18.4005268915688,-2.22232410487081,-3.35062676290286));
#6754=CARTESIAN_POINT('Ctrl Pts',(18.3485356099268,-2.27744581193326,-3.35083409468233));
#6755=CARTESIAN_POINT('Ctrl Pts',(18.2924485512168,-2.32798076331867,-3.35113414633752));
#6756=CARTESIAN_POINT('Ctrl Pts',(18.2497621842809,-2.36644156920755,-3.35136250766271));
#6757=CARTESIAN_POINT('Ctrl Pts',(18.2047022755585,-2.4022451641276,-3.35164457335561));
#6758=CARTESIAN_POINT('Ctrl Pts',(18.157595260944,-2.43508905777133,-3.35199567577765));
#6759=CARTESIAN_POINT('Ctrl Pts',(18.0987954420373,-2.47608539375742,-3.35243392810593));
#6760=CARTESIAN_POINT('Ctrl Pts',(18.0367246223404,-2.51249095119415,-3.3529804485284));
#6761=CARTESIAN_POINT('Ctrl Pts',(17.9721534298942,-2.54361899144141,-3.35366486178461));
#6762=CARTESIAN_POINT('Ctrl Pts',(17.9291312557723,-2.56435882784303,-3.35412086925736));
#6763=CARTESIAN_POINT('Ctrl Pts',(17.884999815892,-2.582756712415,-3.3546380803373));
#6764=CARTESIAN_POINT('Ctrl Pts',(17.8399914894364,-2.59862160483096,-3.3552250398517));
#6765=CARTESIAN_POINT('Ctrl Pts',(17.7981242299916,-2.61337930899709,-3.35577103629742));
#6766=CARTESIAN_POINT('Ctrl Pts',(17.7554983496502,-2.62594532007845,-3.35637738450635));
#6767=CARTESIAN_POINT('Ctrl Pts',(17.7123539680458,-2.63633567659821,-3.35704129144589));
#6768=CARTESIAN_POINT('Ctrl Pts',(17.6336715998791,-2.65528456001409,-3.35825205790731));
#6769=CARTESIAN_POINT('Ctrl Pts',(17.5533406065826,-2.66692553741699,-3.35965296854364));
#6770=CARTESIAN_POINT('Ctrl Pts',(17.4726392584385,-2.67141246750865,-3.36122892453234));
#6771=CARTESIAN_POINT('Ctrl Pts',(17.3919379102944,-2.6758993976003,-3.36280488052104));
#6772=CARTESIAN_POINT('Ctrl Pts',(17.3108645750693,-2.67323233209854,-3.36455589241814));
#6773=CARTESIAN_POINT('Ctrl Pts',(17.2306754115664,-2.66351241522198,-3.3664683595121));
#6774=CARTESIAN_POINT('Ctrl Pts',(17.1691961027993,-2.65606036378832,-3.36793460694306));
#6775=CARTESIAN_POINT('Ctrl Pts',(17.1081848478527,-2.64432064143855,-3.36949717631502));
#6776=CARTESIAN_POINT('Ctrl Pts',(17.0482904236309,-2.62841336000419,-3.37114820537553));
#6777=CARTESIAN_POINT('Ctrl Pts',(16.988170461921,-2.61244617836465,-3.37280545152472));
#6778=CARTESIAN_POINT('Ctrl Pts',(16.9291758613968,-2.59228121903487,-3.37455170252306));
#6779=CARTESIAN_POINT('Ctrl Pts',(16.8719107255592,-2.56804509963333,-3.3763807802212));
#6780=CARTESIAN_POINT('Ctrl Pts',(16.8478383854404,-2.55785704889598,-3.3771496630643));
#6781=CARTESIAN_POINT('Ctrl Pts',(16.8240710194072,-2.5469495471586,-3.37793321329526));
#6782=CARTESIAN_POINT('Ctrl Pts',(16.8006508034043,-2.53533147235911,-3.3787311072193));
#6783=CARTESIAN_POINT('Ctrl Pts',(16.7755134371848,-2.52286157024705,-3.37958750204377));
#6784=CARTESIAN_POINT('Ctrl Pts',(16.7507760061751,-2.50957310749763,-3.38046042168237));
#6785=CARTESIAN_POINT('Ctrl Pts',(16.726472585776,-2.49551442124505,-3.3813450841826));
#6786=CARTESIAN_POINT('Ctrl Pts',(16.6670580988059,-2.46114520006338,-3.38350781550723));
#6787=CARTESIAN_POINT('Ctrl Pts',(16.6103389529241,-2.42214333474219,-3.3857367166865));
#6788=CARTESIAN_POINT('Ctrl Pts',(16.5568780094789,-2.37903165615158,-3.38795769133864));
#6789=CARTESIAN_POINT('Ctrl Pts',(16.5029395983451,-2.335534940706,-3.39019850184785));
#6790=CARTESIAN_POINT('Ctrl Pts',(16.4523182262012,-2.28785314853455,-3.39243130716727));
#6791=CARTESIAN_POINT('Ctrl Pts',(16.4056433606279,-2.23653283650868,-3.39457834405348));
#6792=CARTESIAN_POINT('Ctrl Pts',(16.3808288841659,-2.20924862992021,-3.39571980628635));
#6793=CARTESIAN_POINT('Ctrl Pts',(16.3571307107139,-2.18093631585686,-3.39683699332588));
#6794=CARTESIAN_POINT('Ctrl Pts',(16.3346485546006,-2.15168117011505,-3.39791790938869));
#6795=CARTESIAN_POINT('Ctrl Pts',(16.2951523778063,-2.10028634825988,-3.39981683988722));
#6796=CARTESIAN_POINT('Ctrl Pts',(16.2592954041561,-2.04602759703742,-3.4016093047209));
#6797=CARTESIAN_POINT('Ctrl Pts',(16.2275956566564,-1.98941239319461,-3.40323202778788));
#6798=CARTESIAN_POINT('Ctrl Pts',(16.1852928301733,-1.9138602726459,-3.40539752681379));
#6799=CARTESIAN_POINT('Ctrl Pts',(16.1503953751178,-1.83411052728765,-3.4072606245563));
#6800=CARTESIAN_POINT('Ctrl Pts',(16.1233086513521,-1.75176044291765,-3.4087466083886));
#6801=CARTESIAN_POINT('Ctrl Pts',(16.1163852317477,-1.73071160019017,-3.40912642876426));
#6802=CARTESIAN_POINT('Ctrl Pts',(16.1099719277908,-1.70949306985472,-3.40948161754726));
#6803=CARTESIAN_POINT('Ctrl Pts',(16.1040751098751,-1.6881318928434,-3.40981094365517));
#6804=CARTESIAN_POINT('Ctrl Pts',(16.0750903869374,-1.58313495955742,-3.41142968551397));
#6805=CARTESIAN_POINT('Ctrl Pts',(16.0585153043031,-1.47459100337113,-3.41242743065659));
#6806=CARTESIAN_POINT('Ctrl Pts',(16.0550704602617,-1.3656312230532,-3.41266050254439));
#6807=CARTESIAN_POINT('Ctrl Pts',(16.0534621181609,-1.31475965967582,-3.41276932004822));
#6808=CARTESIAN_POINT('Ctrl Pts',(16.0547152106334,-1.26379769279079,-3.41271148747246));
#6809=CARTESIAN_POINT('Ctrl Pts',(16.0588991736615,-1.21306430662346,-3.41247260349605));
#6810=CARTESIAN_POINT('Ctrl Pts',(18.6141000633178,-1.89513355920098,-3.35010703728089));
#6811=CARTESIAN_POINT('Ctrl Pts',(18.6592671984907,-1.89837249229903,-3.35003520381692));
#6812=CARTESIAN_POINT('Ctrl Pts',(18.704595642233,-1.9,-3.35));
#6813=CARTESIAN_POINT('Ctrl Pts',(18.75,-1.9,-3.35));
#6814=CARTESIAN_POINT('Origin',(5.45358511814256,4.05158626830637,5.35));
#6815=CARTESIAN_POINT('',(6.34979385076057,8.9706115688694,5.35));
#6816=CARTESIAN_POINT('Ctrl Pts',(4.2,9.,-8.52115015710908));
#6817=CARTESIAN_POINT('Ctrl Pts',(4.2,9.,9.19205542285879));
#6818=CARTESIAN_POINT('Ctrl Pts',(9.375,9.,-8.52115015710908));
#6819=CARTESIAN_POINT('Ctrl Pts',(9.375,9.,9.19205542285879));
#6820=CARTESIAN_POINT('Ctrl Pts',(12.5,8.4900000000001,-8.52115015710908));
#6821=CARTESIAN_POINT('Ctrl Pts',(12.5,8.4900000000001,9.19205542285879));
#6822=CARTESIAN_POINT('Ctrl Pts',(18.75,8.4900000000001,-8.52115015710908));
#6823=CARTESIAN_POINT('Ctrl Pts',(18.75,8.4900000000001,9.19205542285879));
#6824=CARTESIAN_POINT('',(4.2,9.,1.));
#6825=CARTESIAN_POINT('',(18.75,8.49,1.4));
#6826=CARTESIAN_POINT('',(18.75,8.49,3.175));
#6827=CARTESIAN_POINT('',(15.2741055700227,8.54492085018943,1.4));
#6828=CARTESIAN_POINT('Ctrl Pts',(18.75,8.4900000000001,1.4));
#6829=CARTESIAN_POINT('Ctrl Pts',(17.4761597485041,8.4900000000001,1.4));
#6830=CARTESIAN_POINT('Ctrl Pts',(16.3321330159148,8.51118556628563,1.4));
#6831=CARTESIAN_POINT('Ctrl Pts',(15.2741055700229,8.54492085018942,1.4));
#6832=CARTESIAN_POINT('',(15.2741055700227,8.54492085018943,0.6));
#6833=CARTESIAN_POINT('Ctrl Pts',(15.2741055700227,8.54492085018943,1.4));
#6834=CARTESIAN_POINT('Ctrl Pts',(15.2741055700227,8.54492085018943,1.13333333333333));
#6835=CARTESIAN_POINT('Ctrl Pts',(15.2741055700227,8.54492085018943,0.866666666666667));
#6836=CARTESIAN_POINT('Ctrl Pts',(15.2741055700227,8.54492085018943,0.6));
#6837=CARTESIAN_POINT('',(18.75,8.49,0.6));
#6838=CARTESIAN_POINT('Ctrl Pts',(15.2741055700229,8.54492085018942,0.599999999999998));
#6839=CARTESIAN_POINT('Ctrl Pts',(16.3321330159148,8.51118556628563,0.599999999999998));
#6840=CARTESIAN_POINT('Ctrl Pts',(17.4761597485041,8.4900000000001,0.599999999999998));
#6841=CARTESIAN_POINT('Ctrl Pts',(18.75,8.4900000000001,0.599999999999998));
#6842=CARTESIAN_POINT('',(18.75,8.49,3.175));
#6843=CARTESIAN_POINT('Ctrl Pts',(9.39211880259686,-1.57372118959613,-3.13019238991895));
#6844=CARTESIAN_POINT('Ctrl Pts',(9.39211880259686,-1.43576895899477,-3.13019238991895));
#6845=CARTESIAN_POINT('Ctrl Pts',(9.41659120104005,-1.14871254295745,-3.05706929361839));
#6846=CARTESIAN_POINT('Ctrl Pts',(9.52178892798687,-0.730833907330033,-2.72509825110241));
#6847=CARTESIAN_POINT('Ctrl Pts',(9.64386520283632,-0.562333357170967,-2.2621185971414));
#6848=CARTESIAN_POINT('Ctrl Pts',(9.75341526406663,-0.672053237039529,-1.71713434901533));
#6849=CARTESIAN_POINT('Ctrl Pts',(9.8070083423706,-0.953565559494642,-1.36610376391521));
#6850=CARTESIAN_POINT('Ctrl Pts',(9.822907959146,-1.45301026594725,-1.23309651546403));
#6851=CARTESIAN_POINT('Ctrl Pts',(9.80798981612347,-2.01161186319608,-1.36173532932325));
#6852=CARTESIAN_POINT('Ctrl Pts',(9.73519970697872,-2.38542510102906,-1.83351804532169));
#6853=CARTESIAN_POINT('Ctrl Pts',(9.61831537637775,-2.43426647514811,-2.35659917588979));
#6854=CARTESIAN_POINT('Ctrl Pts',(9.51187556988717,-2.30958258391116,-2.75449953948312));
#6855=CARTESIAN_POINT('Ctrl Pts',(9.41962161163539,-2.01477396643908,-3.04886464089548));
#6856=CARTESIAN_POINT('Ctrl Pts',(9.39211880259686,-1.7116734201975,-3.13019238991895));
#6857=CARTESIAN_POINT('Ctrl Pts',(9.39211880259686,-1.57372118959613,-3.13019238991895));
#6858=CARTESIAN_POINT('Ctrl Pts',(9.47735542511429,-1.57372118959613,-3.05106168613189));
#6859=CARTESIAN_POINT('Ctrl Pts',(9.47793778528338,-1.45258464507182,-3.05346915388014));
#6860=CARTESIAN_POINT('Ctrl Pts',(9.50060301015294,-1.19545467283041,-2.99657270509417));
#6861=CARTESIAN_POINT('Ctrl Pts',(9.5967514545815,-0.796432945883618,-2.70844494924895));
#6862=CARTESIAN_POINT('Ctrl Pts',(9.7079611995131,-0.614791061526718,-2.27322811790369));
#6863=CARTESIAN_POINT('Ctrl Pts',(9.8093955774865,-0.707469405939981,-1.74700486514118));
#6864=CARTESIAN_POINT('Ctrl Pts',(9.86139305492003,-0.976735146001881,-1.40764460784085));
#6865=CARTESIAN_POINT('Ctrl Pts',(9.87966601690353,-1.45546411950839,-1.2898348502219));
#6866=CARTESIAN_POINT('Ctrl Pts',(9.86632155660593,-1.97779851943259,-1.42995721289776));
#6867=CARTESIAN_POINT('Ctrl Pts',(9.79208617987429,-2.30744836959064,-1.88222766342015));
#6868=CARTESIAN_POINT('Ctrl Pts',(9.67902953716844,-2.33821804945657,-2.36312564227571));
#6869=CARTESIAN_POINT('Ctrl Pts',(9.58020168201704,-2.21780495969843,-2.71999711840153));
#6870=CARTESIAN_POINT('Ctrl Pts',(9.49930300160699,-1.95631188420349,-2.97546864398192));
#6871=CARTESIAN_POINT('Ctrl Pts',(9.4767730649452,-1.69485773412045,-3.04865421838364));
#6872=CARTESIAN_POINT('Ctrl Pts',(9.47735542511429,-1.57372118959613,-3.05106168613189));
#6873=CARTESIAN_POINT('Ctrl Pts',(9.56259204763172,-1.57372118959613,-2.97193098234483));
#6874=CARTESIAN_POINT('Ctrl Pts',(9.56375676796991,-1.46940033114887,-2.97674591784133));
#6875=CARTESIAN_POINT('Ctrl Pts',(9.58461481926582,-1.24219680270336,-2.93607611656996));
#6876=CARTESIAN_POINT('Ctrl Pts',(9.67171398117614,-0.862031984437201,-2.6917916473955));
#6877=CARTESIAN_POINT('Ctrl Pts',(9.77205719618989,-0.667248765882468,-2.28433763866598));
#6878=CARTESIAN_POINT('Ctrl Pts',(9.86537589090637,-0.742885574840432,-1.77687538126703));
#6879=CARTESIAN_POINT('Ctrl Pts',(9.91577776746946,-0.999904732509118,-1.44918545176649));
#6880=CARTESIAN_POINT('Ctrl Pts',(9.93642407466105,-1.45791797306953,-1.34657318497978));
#6881=CARTESIAN_POINT('Ctrl Pts',(9.92465329708839,-1.94398517566911,-1.49817909647228));
#6882=CARTESIAN_POINT('Ctrl Pts',(9.84897265276986,-2.22947163815222,-1.93093728151861));
#6883=CARTESIAN_POINT('Ctrl Pts',(9.73974369795912,-2.24216962376502,-2.36965210866164));
#6884=CARTESIAN_POINT('Ctrl Pts',(9.64852779414692,-2.12602733548571,-2.68549469731994));
#6885=CARTESIAN_POINT('Ctrl Pts',(9.57898439157859,-1.89784980196789,-2.90207264706836));
#6886=CARTESIAN_POINT('Ctrl Pts',(9.56142732729354,-1.6780420480434,-2.96711604684833));
#6887=CARTESIAN_POINT('Ctrl Pts',(9.56259204763172,-1.57372118959613,-2.97193098234483));
#6888=CARTESIAN_POINT('Ctrl Pts',(9.64782867014915,-1.57372118959613,-2.89280027855777));
#6889=CARTESIAN_POINT('Ctrl Pts',(9.64957575065643,-1.48621601722592,-2.90002268180252));
#6890=CARTESIAN_POINT('Ctrl Pts',(9.6686266283787,-1.28893893257632,-2.87557952804574));
#6891=CARTESIAN_POINT('Ctrl Pts',(9.74667650777077,-0.927631022990786,-2.67513834554205));
#6892=CARTESIAN_POINT('Ctrl Pts',(9.83615319286667,-0.719706470238219,-2.29544715942827));
#6893=CARTESIAN_POINT('Ctrl Pts',(9.92135620432623,-0.778301743740884,-1.80674589739288));
#6894=CARTESIAN_POINT('Ctrl Pts',(9.97016248001889,-1.02307431901636,-1.49072629569213));
#6895=CARTESIAN_POINT('Ctrl Pts',(9.99318213241858,-1.46037182663067,-1.40331151973766));
#6896=CARTESIAN_POINT('Ctrl Pts',(9.98298503757085,-1.91017183190562,-1.5664009800468));
#6897=CARTESIAN_POINT('Ctrl Pts',(9.90585912566543,-2.1514949067138,-1.97964689961708));
#6898=CARTESIAN_POINT('Ctrl Pts',(9.80045785874981,-2.14612119807348,-2.37617857504756));
#6899=CARTESIAN_POINT('Ctrl Pts',(9.7168539062768,-2.03424971127299,-2.65099227623836));
#6900=CARTESIAN_POINT('Ctrl Pts',(9.6586657815502,-1.8393877197323,-2.8286766501548));
#6901=CARTESIAN_POINT('Ctrl Pts',(9.64608158964188,-1.66122636196635,-2.88557787531302));
#6902=CARTESIAN_POINT('Ctrl Pts',(9.64782867014915,-1.57372118959613,-2.89280027855777));
#6903=CARTESIAN_POINT('',(9.39211880259686,-1.57372118959613,-3.13019238991895));
#6904=CARTESIAN_POINT('',(9.64782867014915,-1.57372118959613,-2.89280027855777));
#6905=CARTESIAN_POINT('',(9.39211880259686,-1.57372118959613,-3.13019238991895));
#6906=CARTESIAN_POINT('',(9.70687071887602,-1.1183262835667,-2.77333145662107));
#6907=CARTESIAN_POINT('Ctrl Pts',(9.64782867014915,-1.57372118959613,-2.89280027855777));
#6908=CARTESIAN_POINT('Ctrl Pts',(9.64957575065643,-1.48621601722592,-2.90002268180252));
#6909=CARTESIAN_POINT('Ctrl Pts',(9.66520042311272,-1.32441823154292,-2.87997550724101));
#6910=CARTESIAN_POINT('Ctrl Pts',(9.69426073244795,-1.17380206414274,-2.80895632031979));
#6911=CARTESIAN_POINT('Ctrl Pts',(9.70687071887602,-1.1183262835667,-2.77333145662107));
#6912=CARTESIAN_POINT('Ctrl Pts',(9.70687071887602,-1.1183262835667,-2.77333145662107));
#6913=CARTESIAN_POINT('Ctrl Pts',(9.71395429769455,-1.0871631204284,-2.75331941843621));
#6914=CARTESIAN_POINT('Ctrl Pts',(9.76304588340272,-0.889592118180416,-2.60567547213572));
#6915=CARTESIAN_POINT('Ctrl Pts',(9.83615319286667,-0.719706470238219,-2.29544715942827));
#6916=CARTESIAN_POINT('Ctrl Pts',(9.92135620432623,-0.778301743740884,-1.80674589739288));
#6917=CARTESIAN_POINT('Ctrl Pts',(9.97016248001889,-1.02307431901636,-1.49072629569213));
#6918=CARTESIAN_POINT('Ctrl Pts',(9.99318213241858,-1.46037182663067,-1.40331151973766));
#6919=CARTESIAN_POINT('Ctrl Pts',(9.98298503757085,-1.91017183190562,-1.5664009800468));
#6920=CARTESIAN_POINT('Ctrl Pts',(9.90585912566543,-2.1514949067138,-1.97964689961708));
#6921=CARTESIAN_POINT('Ctrl Pts',(9.80045785874981,-2.14612119807348,-2.37617857504756));
#6922=CARTESIAN_POINT('Ctrl Pts',(9.7168539062768,-2.03424971127299,-2.65099227623836));
#6923=CARTESIAN_POINT('Ctrl Pts',(9.6586657815502,-1.8393877197323,-2.8286766501548));
#6924=CARTESIAN_POINT('Ctrl Pts',(9.64608158964188,-1.66122636196635,-2.88557787531302));
#6925=CARTESIAN_POINT('Ctrl Pts',(9.64782867014915,-1.57372118959613,-2.89280027855777));
#6926=CARTESIAN_POINT('Ctrl Pts',(9.39211880259686,-1.57372118959613,-3.13019238991895));
#6927=CARTESIAN_POINT('Ctrl Pts',(9.39211880259686,-1.7116734201975,-3.13019238991895));
#6928=CARTESIAN_POINT('Ctrl Pts',(9.41962161163539,-2.01477396643908,-3.04886464089548));
#6929=CARTESIAN_POINT('Ctrl Pts',(9.51187556988717,-2.30958258391116,-2.75449953948312));
#6930=CARTESIAN_POINT('Ctrl Pts',(9.61831537637775,-2.43426647514811,-2.35659917588979));
#6931=CARTESIAN_POINT('Ctrl Pts',(9.73519970697872,-2.38542510102906,-1.83351804532169));
#6932=CARTESIAN_POINT('Ctrl Pts',(9.80798981612347,-2.01161186319608,-1.36173532932325));
#6933=CARTESIAN_POINT('Ctrl Pts',(9.822907959146,-1.45301026594725,-1.23309651546403));
#6934=CARTESIAN_POINT('Ctrl Pts',(9.8070083423706,-0.953565559494642,-1.36610376391521));
#6935=CARTESIAN_POINT('Ctrl Pts',(9.75341526406663,-0.672053237039529,-1.71713434901533));
#6936=CARTESIAN_POINT('Ctrl Pts',(9.64386520283632,-0.562333357170967,-2.2621185971414));
#6937=CARTESIAN_POINT('Ctrl Pts',(9.52178892798687,-0.730833907330033,-2.72509825110241));
#6938=CARTESIAN_POINT('Ctrl Pts',(9.41659120104005,-1.14871254295745,-3.05706929361839));
#6939=CARTESIAN_POINT('Ctrl Pts',(9.39211880259686,-1.43576895899477,-3.13019238991895));
#6940=CARTESIAN_POINT('Ctrl Pts',(9.39211880259686,-1.57372118959613,-3.13019238991895));
#6941=CARTESIAN_POINT('Origin',(0.,0.,0.));
#6942=CARTESIAN_POINT('',(9.57914401186244,-2.65,2.5));
#6943=CARTESIAN_POINT('Origin',(0.,-2.65,0.));
#6944=CARTESIAN_POINT('',(6.83440250823938,2.65,7.1624676163576));
#6945=CARTESIAN_POINT('',(6.83440250823938,0.,7.1624676163576));
#6946=CARTESIAN_POINT('',(9.57914401186244,2.65,2.5));
#6947=CARTESIAN_POINT('Origin',(0.,2.65,0.));
#6948=CARTESIAN_POINT('',(9.88736567544662,2.65,-0.5));
#6949=CARTESIAN_POINT('Origin',(0.,2.65,0.));
#6950=CARTESIAN_POINT('',(8.71322725555603,2.65,-4.69996497785203));
#6951=CARTESIAN_POINT('Origin',(0.,2.65,0.));
#6952=CARTESIAN_POINT('',(8.71322725555603,-2.65,-4.69996497785203));
#6953=CARTESIAN_POINT('',(8.71322725555603,0.,-4.69996497785203));
#6954=CARTESIAN_POINT('',(9.88736567544662,-2.65,-0.5));
#6955=CARTESIAN_POINT('Origin',(0.,-2.65,0.));
#6956=CARTESIAN_POINT('Origin',(0.,-2.65,0.));
#6957=CARTESIAN_POINT('',(9.30753093292755,-1.47756316775165,3.37340598395699));
#6958=CARTESIAN_POINT('Ctrl Pts',(9.30753093292755,-1.47756316775165,3.37340598395699));
#6959=CARTESIAN_POINT('Ctrl Pts',(9.30753093292755,-1.59654253630251,3.37340598395699));
#6960=CARTESIAN_POINT('Ctrl Pts',(9.28902618864671,-1.84263534742739,3.42525758203693));
#6961=CARTESIAN_POINT('Ctrl Pts',(9.23933084934965,-2.04176248020948,3.55699147003329));
#6962=CARTESIAN_POINT('Ctrl Pts',(9.17657392617033,-2.22278187597843,3.71638933110344));
#6963=CARTESIAN_POINT('Ctrl Pts',(9.13122774095982,-2.30959505100676,3.82744137880734));
#6964=CARTESIAN_POINT('Ctrl Pts',(9.02769480524716,-2.43684749529838,4.06568265603313));
#6965=CARTESIAN_POINT('Ctrl Pts',(8.96936939685909,-2.47752914373736,4.19285407110687));
#6966=CARTESIAN_POINT('Ctrl Pts',(8.85322256908879,-2.51552553824528,4.43290800398252));
#6967=CARTESIAN_POINT('Ctrl Pts',(8.78605640291012,-2.51550898494725,4.56491392388727));
#6968=CARTESIAN_POINT('Ctrl Pts',(8.64881081356256,-2.46126615018017,4.8198848689943));
#6969=CARTESIAN_POINT('Ctrl Pts',(8.57845969679513,-2.4074504405587,4.94340727418031));
#6970=CARTESIAN_POINT('Ctrl Pts',(8.46890752766204,-2.26030979158911,5.12821403236434));
#6971=CARTESIAN_POINT('Ctrl Pts',(8.37309878445554,-2.08101228896222,5.28341919706778));
#6972=CARTESIAN_POINT('Ctrl Pts',(8.33584330361546,-1.82331782855387,5.34066312457577));
#6973=CARTESIAN_POINT('Ctrl Pts',(8.33601947524845,-1.55823792873499,5.3404246345035));
#6974=CARTESIAN_POINT('Ctrl Pts',(8.35931819912518,-1.41780909621673,5.30428474245518));
#6975=CARTESIAN_POINT('Ctrl Pts',(8.43029273999672,-1.17461665948584,5.19081199725694));
#6976=CARTESIAN_POINT('Ctrl Pts',(8.47766447200527,-1.07032680391992,5.11349037350311));
#6977=CARTESIAN_POINT('Ctrl Pts',(8.57733540330409,-0.897869614406895,4.9446242633837));
#6978=CARTESIAN_POINT('Ctrl Pts',(8.69972570186448,-0.739892813954795,4.73072918308601));
#6979=CARTESIAN_POINT('Ctrl Pts',(8.82997006438633,-0.6640447758822,4.47892296740282));
#6980=CARTESIAN_POINT('Ctrl Pts',(8.9428769626226,-0.636754314843059,4.24861348589872));
#6981=CARTESIAN_POINT('Ctrl Pts',(8.99966767015247,-0.640604207558763,4.12724759814501));
#6982=CARTESIAN_POINT('Ctrl Pts',(9.10544919674811,-0.700366134555471,3.88832916242005));
#6983=CARTESIAN_POINT('Ctrl Pts',(9.1544510029939,-0.757151210825484,3.77072186852117));
#6984=CARTESIAN_POINT('Ctrl Pts',(9.22832573593542,-0.908390527763581,3.58587523413926));
#6985=CARTESIAN_POINT('Ctrl Pts',(9.28879094544378,-1.10403724783511,3.42623368429335));
#6986=CARTESIAN_POINT('Ctrl Pts',(9.30753093292755,-1.35895488417332,3.37340598395699));
#6987=CARTESIAN_POINT('Ctrl Pts',(9.30753093292755,-1.47756316775165,3.37340598395699));
#6988=CARTESIAN_POINT('',(9.83745902001919,1.53349356208015,1.1110355662368));
#6989=CARTESIAN_POINT('Ctrl Pts',(9.83745902001919,1.53349356208015,1.1110355662368));
#6990=CARTESIAN_POINT('Ctrl Pts',(9.83745902001919,1.40142480101685,1.1110355662368));
#6991=CARTESIAN_POINT('Ctrl Pts',(9.82984811884023,1.11446668238119,1.17994407117678));
#6992=CARTESIAN_POINT('Ctrl Pts',(9.79417908806978,0.796339558757517,1.45828301587735));
#6993=CARTESIAN_POINT('Ctrl Pts',(9.7260306956226,0.645950013637561,1.86401590687946));
#6994=CARTESIAN_POINT('Ctrl Pts',(9.64182276872311,0.68982389771652,2.25674392789582));
#6995=CARTESIAN_POINT('Ctrl Pts',(9.55245780140986,0.893083620483205,2.60799932796637));
#6996=CARTESIAN_POINT('Ctrl Pts',(9.45770381806353,1.30703672515364,2.92797504423827));
#6997=CARTESIAN_POINT('Ctrl Pts',(9.44854931805577,1.84563510992062,2.95876245824275));
#6998=CARTESIAN_POINT('Ctrl Pts',(9.53346049105601,2.2588514092451,2.67392604832416));
#6999=CARTESIAN_POINT('Ctrl Pts',(9.59354106050594,2.40766352936391,2.45042854488777));
#7000=CARTESIAN_POINT('Ctrl Pts',(9.70415693496054,2.52569102471583,1.98875271419757));
#7001=CARTESIAN_POINT('Ctrl Pts',(9.78656026179234,2.3748499881303,1.5204420846576));
#7002=CARTESIAN_POINT('Ctrl Pts',(9.8303390319497,1.94849545396001,1.17652659729231));
#7003=CARTESIAN_POINT('Ctrl Pts',(9.83745902001919,1.66556232314345,1.1110355662368));
#7004=CARTESIAN_POINT('Ctrl Pts',(9.83745902001919,1.53349356208015,1.1110355662368));
#7005=CARTESIAN_POINT('',(9.85940942668504,1.04457339865805,-0.895570073748703));
#7006=CARTESIAN_POINT('Ctrl Pts',(9.85940942668504,1.04457339865805,-0.895570073748703));
#7007=CARTESIAN_POINT('Ctrl Pts',(9.85940942668504,0.916051450426043,-0.895570073748703));
#7008=CARTESIAN_POINT('Ctrl Pts',(9.86500289366765,0.641532721386419,-0.833870740356517));
#7009=CARTESIAN_POINT('Ctrl Pts',(9.89183702123523,0.21560955516891,-0.494181654057419));
#7010=CARTESIAN_POINT('Ctrl Pts',(9.90653301219982,0.0771491689830044,0.0328399815767828));
#7011=CARTESIAN_POINT('Ctrl Pts',(9.88918844065492,0.270751151946337,0.483837265022368));
#7012=CARTESIAN_POINT('Ctrl Pts',(9.87742666310892,0.445225705770385,0.678793836127173));
#7013=CARTESIAN_POINT('Ctrl Pts',(9.8580690546807,0.817467280001888,0.917538632552431));
#7014=CARTESIAN_POINT('Ctrl Pts',(9.85792481128145,1.25374374673285,0.919235633342378));
#7015=CARTESIAN_POINT('Ctrl Pts',(9.88127102118428,1.71802685322999,0.633980380726367));
#7016=CARTESIAN_POINT('Ctrl Pts',(9.8970155454265,1.89792022557262,0.336169218813082));
#7017=CARTESIAN_POINT('Ctrl Pts',(9.90239239736066,1.9555244495642,-0.125960593618769));
#7018=CARTESIAN_POINT('Ctrl Pts',(9.88882295708672,1.81859204216085,-0.527837314996601));
#7019=CARTESIAN_POINT('Ctrl Pts',(9.86539572087034,1.45082093694853,-0.831439875569808));
#7020=CARTESIAN_POINT('Ctrl Pts',(9.85940942668504,1.17309534689005,-0.895570073748703));
#7021=CARTESIAN_POINT('Ctrl Pts',(9.85940942668504,1.04457339865805,-0.895570073748703));
#7022=CARTESIAN_POINT('Origin',(8.09748832881669,-1.994256801777,-2.4949857411398));
#7023=CARTESIAN_POINT('',(14.45,0.296035627211702,-1.71353307047221));
#7024=CARTESIAN_POINT('',(8.09748832881669,-1.5970635518612,-3.13122221685985));
#7025=CARTESIAN_POINT('Origin',(14.45,3.70536934468646E-14,-1.25));
#7026=CARTESIAN_POINT('Ctrl Pts',(9.30753093292755,-1.47756316775165,3.37340598395699));
#7027=CARTESIAN_POINT('Ctrl Pts',(9.30753093292755,-1.35895488417332,3.37340598395699));
#7028=CARTESIAN_POINT('Ctrl Pts',(9.28879094544378,-1.10403724783511,3.42623368429335));
#7029=CARTESIAN_POINT('Ctrl Pts',(9.22832573593542,-0.908390527763581,3.58587523413926));
#7030=CARTESIAN_POINT('Ctrl Pts',(9.1544510029939,-0.757151210825484,3.77072186852117));
#7031=CARTESIAN_POINT('Ctrl Pts',(9.10544919674811,-0.700366134555471,3.88832916242005));
#7032=CARTESIAN_POINT('Ctrl Pts',(8.99966767015247,-0.640604207558763,4.12724759814501));
#7033=CARTESIAN_POINT('Ctrl Pts',(8.9428769626226,-0.636754314843059,4.24861348589872));
#7034=CARTESIAN_POINT('Ctrl Pts',(8.82997006438633,-0.6640447758822,4.47892296740282));
#7035=CARTESIAN_POINT('Ctrl Pts',(8.69972570186448,-0.739892813954795,4.73072918308601));
#7036=CARTESIAN_POINT('Ctrl Pts',(8.57733540330409,-0.897869614406895,4.9446242633837));
#7037=CARTESIAN_POINT('Ctrl Pts',(8.47766447200527,-1.07032680391992,5.11349037350311));
#7038=CARTESIAN_POINT('Ctrl Pts',(8.43029273999672,-1.17461665948584,5.19081199725694));
#7039=CARTESIAN_POINT('Ctrl Pts',(8.35931819912518,-1.41780909621673,5.30428474245518));
#7040=CARTESIAN_POINT('Ctrl Pts',(8.33601947524845,-1.55823792873499,5.3404246345035));
#7041=CARTESIAN_POINT('Ctrl Pts',(8.33584330361546,-1.82331782855387,5.34066312457577));
#7042=CARTESIAN_POINT('Ctrl Pts',(8.37309878445554,-2.08101228896222,5.28341919706778));
#7043=CARTESIAN_POINT('Ctrl Pts',(8.46890752766204,-2.26030979158911,5.12821403236434));
#7044=CARTESIAN_POINT('Ctrl Pts',(8.57845969679513,-2.4074504405587,4.94340727418031));
#7045=CARTESIAN_POINT('Ctrl Pts',(8.64881081356256,-2.46126615018017,4.8198848689943));
#7046=CARTESIAN_POINT('Ctrl Pts',(8.78605640291012,-2.51550898494725,4.56491392388727));
#7047=CARTESIAN_POINT('Ctrl Pts',(8.85322256908879,-2.51552553824528,4.43290800398252));
#7048=CARTESIAN_POINT('Ctrl Pts',(8.96936939685909,-2.47752914373736,4.19285407110687));
#7049=CARTESIAN_POINT('Ctrl Pts',(9.02769480524716,-2.43684749529838,4.06568265603313));
#7050=CARTESIAN_POINT('Ctrl Pts',(9.13122774095982,-2.30959505100676,3.82744137880734));
#7051=CARTESIAN_POINT('Ctrl Pts',(9.17657392617033,-2.22278187597843,3.71638933110344));
#7052=CARTESIAN_POINT('Ctrl Pts',(9.23933084934965,-2.04176248020948,3.55699147003329));
#7053=CARTESIAN_POINT('Ctrl Pts',(9.28902618864671,-1.84263534742739,3.42525758203693));
#7054=CARTESIAN_POINT('Ctrl Pts',(9.30753093292755,-1.59654253630251,3.37340598395699));
#7055=CARTESIAN_POINT('Ctrl Pts',(9.30753093292755,-1.47756316775165,3.37340598395699));
#7056=CARTESIAN_POINT('Ctrl Pts',(9.35007342769543,-1.47756316775165,3.42571009392316));
#7057=CARTESIAN_POINT('Ctrl Pts',(9.3496593043559,-1.36383723540032,3.42296771449094));
#7058=CARTESIAN_POINT('Ctrl Pts',(9.33047221109121,-1.11734914858662,3.47044265379599));
#7059=CARTESIAN_POINT('Ctrl Pts',(9.27213779488251,-0.929628539345008,3.62695264188629));
#7060=CARTESIAN_POINT('Ctrl Pts',(9.20158653404139,-0.787052879305255,3.80868728266507));
#7061=CARTESIAN_POINT('Ctrl Pts',(9.15507481384604,-0.735357868511506,3.92450878327303));
#7062=CARTESIAN_POINT('Ctrl Pts',(9.05503604498137,-0.685972234750461,4.15831837203841));
#7063=CARTESIAN_POINT('Ctrl Pts',(9.00143514951246,-0.687334546330877,4.27626287125263));
#7064=CARTESIAN_POINT('Ctrl Pts',(8.89499900107104,-0.723849577868688,4.49784809771418));
#7065=CARTESIAN_POINT('Ctrl Pts',(8.77229285965718,-0.809209184688159,4.73720784812095));
#7066=CARTESIAN_POINT('Ctrl Pts',(8.65762190016988,-0.969307350703617,4.93231678076653));
#7067=CARTESIAN_POINT('Ctrl Pts',(8.56499090412995,-1.13749038925501,5.08244528934859));
#7068=CARTESIAN_POINT('Ctrl Pts',(8.52133564598057,-1.23659510561017,5.14918563069461));
#7069=CARTESIAN_POINT('Ctrl Pts',(8.45715978675572,-1.45791324774369,5.24277722623272));
#7070=CARTESIAN_POINT('Ctrl Pts',(8.43650481140453,-1.58053016464034,5.27058328845389));
#7071=CARTESIAN_POINT('Ctrl Pts',(8.43598490563198,-1.80479605024751,5.26670174099848));
#7072=CARTESIAN_POINT('Ctrl Pts',(8.46603090694742,-2.01866361701159,5.21855201000864));
#7073=CARTESIAN_POINT('Ctrl Pts',(8.54855340479033,-2.17483257622022,5.08855094655727));
#7074=CARTESIAN_POINT('Ctrl Pts',(8.64677603367469,-2.30821946859598,4.928527887773));
#7075=CARTESIAN_POINT('Ctrl Pts',(8.71171420789191,-2.36035773082798,4.81903939395146));
#7076=CARTESIAN_POINT('Ctrl Pts',(8.8416125007669,-2.41811853690911,4.58697250674804));
#7077=CARTESIAN_POINT('Ctrl Pts',(8.90631335217159,-2.42292532132079,4.46453159376739));
#7078=CARTESIAN_POINT('Ctrl Pts',(9.01919123463816,-2.39633970811804,4.23883459154036));
#7079=CARTESIAN_POINT('Ctrl Pts',(9.07633898398835,-2.36320158688352,4.11777482720982));
#7080=CARTESIAN_POINT('Ctrl Pts',(9.17817866143327,-2.2528999109229,3.88781669283959));
#7081=CARTESIAN_POINT('Ctrl Pts',(9.2229151450542,-2.17545214810711,3.77890024258185));
#7082=CARTESIAN_POINT('Ctrl Pts',(9.28462259650555,-2.01015919329601,3.61996187090809));
#7083=CARTESIAN_POINT('Ctrl Pts',(9.33325189014579,-1.82590216060889,3.48613877770471));
#7084=CARTESIAN_POINT('Ctrl Pts',(9.35049799196008,-1.59175758860212,3.42838701365149));
#7085=CARTESIAN_POINT('Ctrl Pts',(9.35007342769543,-1.47756316775165,3.42571009392316));
#7086=CARTESIAN_POINT('Ctrl Pts',(9.39261592246331,-1.47756316775165,3.47801420388933));
#7087=CARTESIAN_POINT('Ctrl Pts',(9.39178488345047,-1.36854064018846,3.47266553056027));
#7088=CARTESIAN_POINT('Ctrl Pts',(9.3721642838101,-1.13065879936188,3.51462239254565));
#7089=CARTESIAN_POINT('Ctrl Pts',(9.31597188138586,-0.95075868746719,3.6680881371095));
#7090=CARTESIAN_POINT('Ctrl Pts',(9.2487309103959,-0.816841499352941,3.84662804779767));
#7091=CARTESIAN_POINT('Ctrl Pts',(9.204764220807,-0.770290171491569,3.96067787314067));
#7092=CARTESIAN_POINT('Ctrl Pts',(9.11045201284519,-0.731272946241567,4.18929826892166));
#7093=CARTESIAN_POINT('Ctrl Pts',(9.06008756473345,-0.737819806757453,4.30383135123087));
#7094=CARTESIAN_POINT('Ctrl Pts',(8.96013161279279,-0.783710200126447,4.5165885042763));
#7095=CARTESIAN_POINT('Ctrl Pts',(8.84500849970275,-0.878470240505385,4.74340828287846));
#7096=CARTESIAN_POINT('Ctrl Pts',(8.73815148372293,-1.04086307557479,4.91960030653027));
#7097=CARTESIAN_POINT('Ctrl Pts',(8.65254035920224,-1.20476475653323,5.05113539151606));
#7098=CARTESIAN_POINT('Ctrl Pts',(8.61283105294511,-1.29888532423657,5.10683403591828));
#7099=CARTESIAN_POINT('Ctrl Pts',(8.55513524874781,-1.4980226868156,5.18116251188206));
#7100=CARTESIAN_POINT('Ctrl Pts',(8.53788475310866,-1.60285353317848,5.19938168339278));
#7101=CARTESIAN_POINT('Ctrl Pts',(8.53593873770667,-1.78665130681345,5.19310258111717));
#7102=CARTESIAN_POINT('Ctrl Pts',(8.55893705372816,-1.95637292305341,5.15384085529908));
#7103=CARTESIAN_POINT('Ctrl Pts',(8.62810031294245,-2.08966861651385,5.04912994903118));
#7104=CARTESIAN_POINT('Ctrl Pts',(8.71447445967442,-2.20817047482653,4.91450905905518));
#7105=CARTESIAN_POINT('Ctrl Pts',(8.7744855609791,-2.25940069357714,4.81845027192109));
#7106=CARTESIAN_POINT('Ctrl Pts',(8.89678509397994,-2.32036069154772,4.60959929304912));
#7107=CARTESIAN_POINT('Ctrl Pts',(8.95925308191638,-2.3301667104256,4.49643721684928));
#7108=CARTESIAN_POINT('Ctrl Pts',(9.06880472481456,-2.31496804280933,4.28515489220902));
#7109=CARTESIAN_POINT('Ctrl Pts',(9.12487740029404,-2.28943054373174,4.17012492182701));
#7110=CARTESIAN_POINT('Ctrl Pts',(9.22500457884018,-2.19606117133043,3.94840366795268));
#7111=CARTESIAN_POINT('Ctrl Pts',(9.26919222655025,-2.12804087372918,3.84164524706117));
#7112=CARTESIAN_POINT('Ctrl Pts',(9.32985893276778,-1.97841970994451,3.68304449809406));
#7113=CARTESIAN_POINT('Ctrl Pts',(9.37744900476291,-1.80911560639449,3.54699255518685));
#7114=CARTESIAN_POINT('Ctrl Pts',(9.39344041624046,-1.5868141109748,3.48345365107405));
#7115=CARTESIAN_POINT('Ctrl Pts',(9.39261592246331,-1.47756316775165,3.47801420388933));
#7116=CARTESIAN_POINT('Ctrl Pts',(9.43515841723119,-1.47756316775165,3.5303183138555));
#7117=CARTESIAN_POINT('Ctrl Pts',(9.43391325487882,-1.37342299141546,3.52222726109422));
#7118=CARTESIAN_POINT('Ctrl Pts',(9.41384554945753,-1.1439707001134,3.55883136204829));
#7119=CARTESIAN_POINT('Ctrl Pts',(9.35978394033296,-0.971996699048616,3.70916554485653));
#7120=CARTESIAN_POINT('Ctrl Pts',(9.29586644144339,-0.846743167832713,3.88459346194157));
#7121=CARTESIAN_POINT('Ctrl Pts',(9.25438983790493,-0.805281905447604,3.99685749399364));
#7122=CARTESIAN_POINT('Ctrl Pts',(9.16582038767408,-0.776640973433266,4.22036904281506));
#7123=CARTESIAN_POINT('Ctrl Pts',(9.11864575162331,-0.78840003824527,4.33148073658478));
#7124=CARTESIAN_POINT('Ctrl Pts',(9.0251605494775,-0.843515002112934,4.53551363458767));
#7125=CARTESIAN_POINT('Ctrl Pts',(8.91757565749545,-0.947786611238748,4.7498869479134));
#7126=CARTESIAN_POINT('Ctrl Pts',(8.81843798058872,-1.11230081187151,4.9072928239131));
#7127=CARTESIAN_POINT('Ctrl Pts',(8.73986679132692,-1.27192834186833,5.02009030736153));
#7128=CARTESIAN_POINT('Ctrl Pts',(8.70387395892896,-1.36086377036091,5.06520766935595));
#7129=CARTESIAN_POINT('Ctrl Pts',(8.65297683637835,-1.53812683834256,5.11965499565959));
#7130=CARTESIAN_POINT('Ctrl Pts',(8.63837008926475,-1.62514576908383,5.12954033734317));
#7131=CARTESIAN_POINT('Ctrl Pts',(8.63608033972319,-1.76812952850709,5.11914119753989));
#7132=CARTESIAN_POINT('Ctrl Pts',(8.65186917622004,-1.89402425110277,5.08897366823994));
#7133=CARTESIAN_POINT('Ctrl Pts',(8.70774619007073,-2.00419140114496,5.00946686322411));
#7134=CARTESIAN_POINT('Ctrl Pts',(8.78279079655398,-2.10893950286381,4.89962967264787));
#7135=CARTESIAN_POINT('Ctrl Pts',(8.83738895530846,-2.15849227422496,4.81760479687824));
#7136=CARTESIAN_POINT('Ctrl Pts',(8.95234119183672,-2.22297024350957,4.6316578759099));
#7137=CARTESIAN_POINT('Ctrl Pts',(9.01234386499919,-2.23756649350111,4.52806080663415));
#7138=CARTESIAN_POINT('Ctrl Pts',(9.11862656259363,-2.23377860719,4.33113541264251));
#7139=CARTESIAN_POINT('Ctrl Pts',(9.17352157903522,-2.21578463531687,4.2222170930037));
#7140=CARTESIAN_POINT('Ctrl Pts',(9.27195549931363,-2.13936603124656,4.00877898198494));
#7141=CARTESIAN_POINT('Ctrl Pts',(9.31553344543413,-2.08071114585786,3.90415615853958));
#7142=CARTESIAN_POINT('Ctrl Pts',(9.37515067992368,-1.94681642303103,3.74601489896886));
#7143=CARTESIAN_POINT('Ctrl Pts',(9.42167470626199,-1.79238241957599,3.60787375085463));
#7144=CARTESIAN_POINT('Ctrl Pts',(9.43640747527299,-1.5820291632744,3.53843468076855));
#7145=CARTESIAN_POINT('Ctrl Pts',(9.43515841723119,-1.47756316775165,3.5303183138555));
#7146=CARTESIAN_POINT('',(9.43515841723119,-1.47756316775165,3.5303183138555));
#7147=CARTESIAN_POINT('',(9.30753093292755,-1.47756316775165,3.37340598395699));
#7148=CARTESIAN_POINT('',(8.78240396634239,-1.18560046740819,4.95898577932507));
#7149=CARTESIAN_POINT('Ctrl Pts',(9.43515841723119,-1.47756316775165,3.5303183138555));
#7150=CARTESIAN_POINT('Ctrl Pts',(9.43391325487882,-1.37342299141546,3.52222726109422));
#7151=CARTESIAN_POINT('Ctrl Pts',(9.41384554945753,-1.1439707001134,3.55883136204829));
#7152=CARTESIAN_POINT('Ctrl Pts',(9.35978394033296,-0.971996699048616,3.70916554485653));
#7153=CARTESIAN_POINT('Ctrl Pts',(9.29586644144339,-0.846743167832713,3.88459346194157));
#7154=CARTESIAN_POINT('Ctrl Pts',(9.25438983790493,-0.805281905447604,3.99685749399364));
#7155=CARTESIAN_POINT('Ctrl Pts',(9.16582038767408,-0.776640973433266,4.22036904281506));
#7156=CARTESIAN_POINT('Ctrl Pts',(9.11864575162331,-0.78840003824527,4.33148073658478));
#7157=CARTESIAN_POINT('Ctrl Pts',(9.0251605494775,-0.843515002112934,4.53551363458767));
#7158=CARTESIAN_POINT('Ctrl Pts',(8.91976688037594,-0.945662871264732,4.74552072417629));
#7159=CARTESIAN_POINT('Ctrl Pts',(8.82247983515319,-1.10562435430892,4.90085730003665));
#7160=CARTESIAN_POINT('Ctrl Pts',(8.78240396634238,-1.18560046740819,4.95898577932507));
#7161=CARTESIAN_POINT('Ctrl Pts',(8.78240396634238,-1.18560046740819,4.95898577932507));
#7162=CARTESIAN_POINT('Ctrl Pts',(8.78070216248192,-1.18899661731225,4.96145417922234));
#7163=CARTESIAN_POINT('Ctrl Pts',(8.77901398445628,-1.19239575741517,4.96389025603802));
#7164=CARTESIAN_POINT('Ctrl Pts',(8.73986679132692,-1.27192834186833,5.02009030736153));
#7165=CARTESIAN_POINT('Ctrl Pts',(8.70387395892896,-1.36086377036091,5.06520766935595));
#7166=CARTESIAN_POINT('Ctrl Pts',(8.65297683637835,-1.53812683834256,5.11965499565959));
#7167=CARTESIAN_POINT('Ctrl Pts',(8.63837008926475,-1.62514576908383,5.12954033734317));
#7168=CARTESIAN_POINT('Ctrl Pts',(8.63608033972319,-1.76812952850709,5.11914119753989));
#7169=CARTESIAN_POINT('Ctrl Pts',(8.65186917622004,-1.89402425110277,5.08897366823994));
#7170=CARTESIAN_POINT('Ctrl Pts',(8.70774619007073,-2.00419140114496,5.00946686322411));
#7171=CARTESIAN_POINT('Ctrl Pts',(8.78279079655398,-2.10893950286381,4.89962967264787));
#7172=CARTESIAN_POINT('Ctrl Pts',(8.83738895530846,-2.15849227422496,4.81760479687824));
#7173=CARTESIAN_POINT('Ctrl Pts',(8.95234119183672,-2.22297024350957,4.6316578759099));
#7174=CARTESIAN_POINT('Ctrl Pts',(9.01234386499919,-2.23756649350111,4.52806080663415));
#7175=CARTESIAN_POINT('Ctrl Pts',(9.11862656259363,-2.23377860719,4.33113541264251));
#7176=CARTESIAN_POINT('Ctrl Pts',(9.17352157903522,-2.21578463531687,4.2222170930037));
#7177=CARTESIAN_POINT('Ctrl Pts',(9.27195549931363,-2.13936603124656,4.00877898198494));
#7178=CARTESIAN_POINT('Ctrl Pts',(9.31553344543413,-2.08071114585786,3.90415615853958));
#7179=CARTESIAN_POINT('Ctrl Pts',(9.37515067992368,-1.94681642303103,3.74601489896886));
#7180=CARTESIAN_POINT('Ctrl Pts',(9.42167470626199,-1.79238241957599,3.60787375085463));
#7181=CARTESIAN_POINT('Ctrl Pts',(9.43640747527299,-1.5820291632744,3.53843468076855));
#7182=CARTESIAN_POINT('Ctrl Pts',(9.43515841723119,-1.47756316775165,3.5303183138555));
#7183=CARTESIAN_POINT('Origin',(8.0977582010264,-1.79465579193481,4.49486412360728));
#7184=CARTESIAN_POINT('',(14.45,0.317845556057856,3.69885877789601));
#7185=CARTESIAN_POINT('',(8.0977582010264,-1.36716890797143,5.11114970669401));
#7186=CARTESIAN_POINT('Origin',(14.45,3.71057351511439E-14,3.25));
#7187=CARTESIAN_POINT('Ctrl Pts',(9.85940942668504,1.04457339865805,-0.895570073748703));
#7188=CARTESIAN_POINT('Ctrl Pts',(9.85940942668504,1.17309534689005,-0.895570073748703));
#7189=CARTESIAN_POINT('Ctrl Pts',(9.86539572087034,1.45082093694853,-0.831439875569808));
#7190=CARTESIAN_POINT('Ctrl Pts',(9.88882295708672,1.81859204216085,-0.527837314996601));
#7191=CARTESIAN_POINT('Ctrl Pts',(9.90239239736066,1.9555244495642,-0.125960593618769));
#7192=CARTESIAN_POINT('Ctrl Pts',(9.8970155454265,1.89792022557262,0.336169218813082));
#7193=CARTESIAN_POINT('Ctrl Pts',(9.88127102118428,1.71802685322999,0.633980380726367));
#7194=CARTESIAN_POINT('Ctrl Pts',(9.85792481128145,1.25374374673285,0.919235633342378));
#7195=CARTESIAN_POINT('Ctrl Pts',(9.8580690546807,0.817467280001888,0.917538632552431));
#7196=CARTESIAN_POINT('Ctrl Pts',(9.87742666310892,0.445225705770385,0.678793836127173));
#7197=CARTESIAN_POINT('Ctrl Pts',(9.88918844065492,0.270751151946337,0.483837265022368));
#7198=CARTESIAN_POINT('Ctrl Pts',(9.90653301219982,0.0771491689830044,0.0328399815767828));
#7199=CARTESIAN_POINT('Ctrl Pts',(9.89183702123523,0.21560955516891,-0.494181654057419));
#7200=CARTESIAN_POINT('Ctrl Pts',(9.86500289366765,0.641532721386419,-0.833870740356517));
#7201=CARTESIAN_POINT('Ctrl Pts',(9.85940942668504,0.916051450426043,-0.895570073748703));
#7202=CARTESIAN_POINT('Ctrl Pts',(9.85940942668504,1.04457339865805,-0.895570073748703));
#7203=CARTESIAN_POINT('Ctrl Pts',(9.93114227313508,1.04457339865805,-0.822868870034771));
#7204=CARTESIAN_POINT('Ctrl Pts',(9.93094689958971,1.16187064793599,-0.820794179261365));
#7205=CARTESIAN_POINT('Ctrl Pts',(9.93549123294309,1.41302659882469,-0.758657816552607));
#7206=CARTESIAN_POINT('Ctrl Pts',(9.95471394229575,1.74420175266495,-0.481075619513762));
#7207=CARTESIAN_POINT('Ctrl Pts',(9.96638843565151,1.86929762282589,-0.115270672135819));
#7208=CARTESIAN_POINT('Ctrl Pts',(9.96234869080908,1.81891189343121,0.307072156909481));
#7209=CARTESIAN_POINT('Ctrl Pts',(9.94951055743584,1.65751804998525,0.580325495632421));
#7210=CARTESIAN_POINT('Ctrl Pts',(9.93033470080549,1.23764595328879,0.847244068838985));
#7211=CARTESIAN_POINT('Ctrl Pts',(9.93025858089866,0.836293823956257,0.854982042098761));
#7212=CARTESIAN_POINT('Ctrl Pts',(9.94623636081967,0.484452331263698,0.637569106840622));
#7213=CARTESIAN_POINT('Ctrl Pts',(9.95605616628787,0.318382597174898,0.456418426926191));
#7214=CARTESIAN_POINT('Ctrl Pts',(9.97080574694454,0.132716030860956,0.0310859471756868));
#7215=CARTESIAN_POINT('Ctrl Pts',(9.95906933524164,0.270680372741473,-0.46704221173707));
#7216=CARTESIAN_POINT('Ctrl Pts',(9.93639099522497,0.674538106666321,-0.773664302669226));
#7217=CARTESIAN_POINT('Ctrl Pts',(9.93133764668046,0.927276149380102,-0.824943560808177));
#7218=CARTESIAN_POINT('Ctrl Pts',(9.93114227313508,1.04457339865805,-0.822868870034771));
#7219=CARTESIAN_POINT('Ctrl Pts',(10.0028751195851,1.04457339865805,-0.750167666320839));
#7220=CARTESIAN_POINT('Ctrl Pts',(10.0024843724944,1.15064594898193,-0.746018284774027));
#7221=CARTESIAN_POINT('Ctrl Pts',(10.0055867450158,1.37523226070084,-0.685875757535406));
#7222=CARTESIAN_POINT('Ctrl Pts',(10.0206049275048,1.66981146316905,-0.434313924030923));
#7223=CARTESIAN_POINT('Ctrl Pts',(10.0303844739424,1.78307079608757,-0.104580750652868));
#7224=CARTESIAN_POINT('Ctrl Pts',(10.0276818361917,1.7399035612898,0.277975095005881));
#7225=CARTESIAN_POINT('Ctrl Pts',(10.0177500936874,1.59700924674051,0.526670610538476));
#7226=CARTESIAN_POINT('Ctrl Pts',(10.0027445903295,1.22154815984473,0.775252504335593));
#7227=CARTESIAN_POINT('Ctrl Pts',(10.0024481071166,0.855120367910625,0.792425451645092));
#7228=CARTESIAN_POINT('Ctrl Pts',(10.0150460585304,0.523678956757009,0.596344377554073));
#7229=CARTESIAN_POINT('Ctrl Pts',(10.0229238919208,0.366014042403456,0.428999588830015));
#7230=CARTESIAN_POINT('Ctrl Pts',(10.0350784816893,0.188282892738905,0.0293319127745907));
#7231=CARTESIAN_POINT('Ctrl Pts',(10.026301649248,0.325751190314035,-0.43990276941672));
#7232=CARTESIAN_POINT('Ctrl Pts',(10.0077790967823,0.707543491946221,-0.713457864981934));
#7233=CARTESIAN_POINT('Ctrl Pts',(10.0032658666759,0.938500848334162,-0.754317047867651));
#7234=CARTESIAN_POINT('Ctrl Pts',(10.0028751195851,1.04457339865805,-0.750167666320839));
#7235=CARTESIAN_POINT('Ctrl Pts',(10.0746079660352,1.04457339865805,-0.677466462606907));
#7236=CARTESIAN_POINT('Ctrl Pts',(10.0740218453991,1.13942125002787,-0.671242390286688));
#7237=CARTESIAN_POINT('Ctrl Pts',(10.0756822570886,1.33743792257699,-0.613093698518204));
#7238=CARTESIAN_POINT('Ctrl Pts',(10.0864959127138,1.59542117367315,-0.387552228548083));
#7239=CARTESIAN_POINT('Ctrl Pts',(10.0943805122332,1.69684396934925,-0.0938908291699181));
#7240=CARTESIAN_POINT('Ctrl Pts',(10.0930149815743,1.66089522914839,0.24887803310228));
#7241=CARTESIAN_POINT('Ctrl Pts',(10.085989629939,1.53650044349577,0.47301572544453));
#7242=CARTESIAN_POINT('Ctrl Pts',(10.0751544798536,1.20545036640068,0.703260939832201));
#7243=CARTESIAN_POINT('Ctrl Pts',(10.0746376333346,0.873946911864994,0.729868861191423));
#7244=CARTESIAN_POINT('Ctrl Pts',(10.0838557562412,0.562905582250321,0.555119648267522));
#7245=CARTESIAN_POINT('Ctrl Pts',(10.0897916175538,0.413645487632016,0.401580750733838));
#7246=CARTESIAN_POINT('Ctrl Pts',(10.099351216434,0.243849754616856,0.0275778783734951));
#7247=CARTESIAN_POINT('Ctrl Pts',(10.0935339632545,0.380822007886599,-0.412763327096371));
#7248=CARTESIAN_POINT('Ctrl Pts',(10.0791671983396,0.740548877226123,-0.653251427294642));
#7249=CARTESIAN_POINT('Ctrl Pts',(10.0751940866713,0.949725547288221,-0.683690534927125));
#7250=CARTESIAN_POINT('Ctrl Pts',(10.0746079660352,1.04457339865805,-0.677466462606907));
#7251=CARTESIAN_POINT('',(10.0746079660352,1.04457339865805,-0.677466462606907));
#7252=CARTESIAN_POINT('',(9.85940942668504,1.04457339865805,-0.895570073748703));
#7253=CARTESIAN_POINT('',(10.0765865389298,1.15679399734028,0.676920692741702));
#7254=CARTESIAN_POINT('Ctrl Pts',(10.0746079660352,1.04457339865805,-0.677466462606907));
#7255=CARTESIAN_POINT('Ctrl Pts',(10.0740218453991,1.13942125002787,-0.671242390286688));
#7256=CARTESIAN_POINT('Ctrl Pts',(10.0756822570886,1.33743792257699,-0.613093698518204));
#7257=CARTESIAN_POINT('Ctrl Pts',(10.0864959127138,1.59542117367315,-0.387552228548083));
#7258=CARTESIAN_POINT('Ctrl Pts',(10.0943805122332,1.69684396934925,-0.0938908291699181));
#7259=CARTESIAN_POINT('Ctrl Pts',(10.0930149815743,1.66089522914839,0.24887803310228));
#7260=CARTESIAN_POINT('Ctrl Pts',(10.085989629939,1.53650044349577,0.47301572544453));
#7261=CARTESIAN_POINT('Ctrl Pts',(10.0789403298211,1.32112074601974,0.622812230720306));
#7262=CARTESIAN_POINT('Ctrl Pts',(10.077187202442,1.21640111980315,0.662597673926083));
#7263=CARTESIAN_POINT('Ctrl Pts',(10.0766180315542,1.15701179912405,0.676660785325424));
#7264=CARTESIAN_POINT('Ctrl Pts',(10.0766180315542,1.15701179912405,0.676660785325424));
#7265=CARTESIAN_POINT('Ctrl Pts',(10.0752974686604,1.01921955631437,0.709289339389351));
#7266=CARTESIAN_POINT('Ctrl Pts',(10.0763461970568,0.816295919653793,0.697479385729529));
#7267=CARTESIAN_POINT('Ctrl Pts',(10.0838557562412,0.562905582250321,0.555119648267522));
#7268=CARTESIAN_POINT('Ctrl Pts',(10.0897916175538,0.413645487632016,0.401580750733838));
#7269=CARTESIAN_POINT('Ctrl Pts',(10.099351216434,0.243849754616856,0.0275778783734951));
#7270=CARTESIAN_POINT('Ctrl Pts',(10.0935339632545,0.380822007886599,-0.412763327096371));
#7271=CARTESIAN_POINT('Ctrl Pts',(10.0791671983396,0.740548877226123,-0.653251427294642));
#7272=CARTESIAN_POINT('Ctrl Pts',(10.0751940866713,0.949725547288221,-0.683690534927125));
#7273=CARTESIAN_POINT('Ctrl Pts',(10.0746079660352,1.04457339865805,-0.677466462606907));
#7274=CARTESIAN_POINT('Origin',(8.09883132259869,1.44515922967017,-0.0988315381962478));
#7275=CARTESIAN_POINT('',(14.45,0.125303712280556,0.785536160953414));
#7276=CARTESIAN_POINT('',(8.09883132259869,1.62114394785594,0.630248008573417));
#7277=CARTESIAN_POINT('Origin',(14.45,3.72618602639818E-14,0.25));
#7278=CARTESIAN_POINT('Ctrl Pts',(9.83745902001919,1.53349356208015,1.1110355662368));
#7279=CARTESIAN_POINT('Ctrl Pts',(9.83745902001919,1.66556232314345,1.1110355662368));
#7280=CARTESIAN_POINT('Ctrl Pts',(9.8303390319497,1.94849545396001,1.17652659729231));
#7281=CARTESIAN_POINT('Ctrl Pts',(9.78656026179234,2.3748499881303,1.5204420846576));
#7282=CARTESIAN_POINT('Ctrl Pts',(9.70415693496054,2.52569102471583,1.98875271419757));
#7283=CARTESIAN_POINT('Ctrl Pts',(9.59354106050594,2.40766352936391,2.45042854488777));
#7284=CARTESIAN_POINT('Ctrl Pts',(9.53346049105601,2.2588514092451,2.67392604832416));
#7285=CARTESIAN_POINT('Ctrl Pts',(9.44854931805577,1.84563510992062,2.95876245824275));
#7286=CARTESIAN_POINT('Ctrl Pts',(9.45770381806353,1.30703672515364,2.92797504423827));
#7287=CARTESIAN_POINT('Ctrl Pts',(9.55245780140986,0.893083620483205,2.60799932796637));
#7288=CARTESIAN_POINT('Ctrl Pts',(9.64182276872311,0.68982389771652,2.25674392789582));
#7289=CARTESIAN_POINT('Ctrl Pts',(9.7260306956226,0.645950013637561,1.86401590687946));
#7290=CARTESIAN_POINT('Ctrl Pts',(9.79417908806978,0.796339558757517,1.45828301587735));
#7291=CARTESIAN_POINT('Ctrl Pts',(9.82984811884023,1.11446668238119,1.17994407117678));
#7292=CARTESIAN_POINT('Ctrl Pts',(9.83745902001919,1.40142480101685,1.1110355662368));
#7293=CARTESIAN_POINT('Ctrl Pts',(9.83745902001919,1.53349356208015,1.1110355662368));
#7294=CARTESIAN_POINT('Ctrl Pts',(9.8959732092813,1.53349356208015,1.17668683458803));
#7295=CARTESIAN_POINT('Ctrl Pts',(9.89599964024385,1.65703276788625,1.18010626161268));
#7296=CARTESIAN_POINT('Ctrl Pts',(9.88837296378018,1.91839353117177,1.24932624926669));
#7297=CARTESIAN_POINT('Ctrl Pts',(9.84306921500753,2.30332639348857,1.57858103369939));
#7298=CARTESIAN_POINT('Ctrl Pts',(9.76253059617054,2.43048207281932,2.01100685344518));
#7299=CARTESIAN_POINT('Ctrl Pts',(9.66115437490949,2.31851306067734,2.42631620352983));
#7300=CARTESIAN_POINT('Ctrl Pts',(9.60781367166408,2.18427271341412,2.6246449127844));
#7301=CARTESIAN_POINT('Ctrl Pts',(9.5348431837736,1.8223582540655,2.877322336499));
#7302=CARTESIAN_POINT('Ctrl Pts',(9.54383287011658,1.34406503039837,2.86552029636572));
#7303=CARTESIAN_POINT('Ctrl Pts',(9.62818481981469,0.945758907341792,2.58331696806613));
#7304=CARTESIAN_POINT('Ctrl Pts',(9.7090690455856,0.742699267369723,2.25616906847625));
#7305=CARTESIAN_POINT('Ctrl Pts',(9.78656029052187,0.691831570913563,1.88159417440126));
#7306=CARTESIAN_POINT('Ctrl Pts',(9.85155269780008,0.832774406265136,1.49241589696426));
#7307=CARTESIAN_POINT('Ctrl Pts',(9.88774742428155,1.13829525926667,1.23115011307694));
#7308=CARTESIAN_POINT('Ctrl Pts',(9.89594677831875,1.40995435627404,1.17326740756337));
#7309=CARTESIAN_POINT('Ctrl Pts',(9.8959732092813,1.53349356208015,1.17668683458803));
#7310=CARTESIAN_POINT('Ctrl Pts',(9.95448739854341,1.53349356208015,1.24233810293925));
#7311=CARTESIAN_POINT('Ctrl Pts',(9.95454026046851,1.64850321262906,1.24917695698855));
#7312=CARTESIAN_POINT('Ctrl Pts',(9.94640689561065,1.88829160838353,1.32212590124108));
#7313=CARTESIAN_POINT('Ctrl Pts',(9.89957816822272,2.23180279884684,1.63671998274118));
#7314=CARTESIAN_POINT('Ctrl Pts',(9.82090425738053,2.33527312092281,2.03326099269279));
#7315=CARTESIAN_POINT('Ctrl Pts',(9.72876768931305,2.22936259199077,2.40220386217189));
#7316=CARTESIAN_POINT('Ctrl Pts',(9.68216685227216,2.10969401758313,2.57536377724464));
#7317=CARTESIAN_POINT('Ctrl Pts',(9.62113704949142,1.79908139821038,2.79588221475524));
#7318=CARTESIAN_POINT('Ctrl Pts',(9.62996192216962,1.3810933356431,2.80306554849317));
#7319=CARTESIAN_POINT('Ctrl Pts',(9.70391183821951,0.998434194200377,2.5586346081659));
#7320=CARTESIAN_POINT('Ctrl Pts',(9.77631532244808,0.795574637022923,2.25559420905668));
#7321=CARTESIAN_POINT('Ctrl Pts',(9.84708988542114,0.737713128189563,1.89917244192306));
#7322=CARTESIAN_POINT('Ctrl Pts',(9.90892630753038,0.869209253772753,1.52654877805118));
#7323=CARTESIAN_POINT('Ctrl Pts',(9.94564672972286,1.16212383615216,1.28235615497709));
#7324=CARTESIAN_POINT('Ctrl Pts',(9.95443453661831,1.41848391153124,1.23549924888994));
#7325=CARTESIAN_POINT('Ctrl Pts',(9.95448739854341,1.53349356208015,1.24233810293925));
#7326=CARTESIAN_POINT('Ctrl Pts',(10.0130015878055,1.53349356208015,1.30798937129047));
#7327=CARTESIAN_POINT('Ctrl Pts',(10.0130808806932,1.63997365737186,1.31824765236443));
#7328=CARTESIAN_POINT('Ctrl Pts',(10.0044408274411,1.85818968559529,1.39492555321546));
#7329=CARTESIAN_POINT('Ctrl Pts',(9.95608712143791,2.16027920420511,1.69485893178296));
#7330=CARTESIAN_POINT('Ctrl Pts',(9.87927791859053,2.24006416902631,2.05551513194039));
#7331=CARTESIAN_POINT('Ctrl Pts',(9.7963810037166,2.1402121233042,2.37809152081395));
#7332=CARTESIAN_POINT('Ctrl Pts',(9.75652003288024,2.03511532175215,2.52608264170487));
#7333=CARTESIAN_POINT('Ctrl Pts',(9.70743091520925,1.77580454235527,2.71444209301148));
#7334=CARTESIAN_POINT('Ctrl Pts',(9.71609097422267,1.41812164088783,2.74061080062061));
#7335=CARTESIAN_POINT('Ctrl Pts',(9.77963885662434,1.05110948105896,2.53395224826566));
#7336=CARTESIAN_POINT('Ctrl Pts',(9.84356159931057,0.848450006676125,2.25501934963711));
#7337=CARTESIAN_POINT('Ctrl Pts',(9.90761948032041,0.783594685465565,1.91675070944486));
#7338=CARTESIAN_POINT('Ctrl Pts',(9.96629991726068,0.905644101280373,1.56068165913809));
#7339=CARTESIAN_POINT('Ctrl Pts',(10.0035460351642,1.18595241303764,1.33356219687725));
#7340=CARTESIAN_POINT('Ctrl Pts',(10.0129222949179,1.42701346678844,1.29773109021651));
#7341=CARTESIAN_POINT('Ctrl Pts',(10.0130015878055,1.53349356208015,1.30798937129047));
#7342=CARTESIAN_POINT('',(10.0130015878055,1.53349356208015,1.30798937129047));
#7343=CARTESIAN_POINT('',(9.83745902001919,1.53349356208015,1.1110355662368));
#7344=CARTESIAN_POINT('',(10.0128184496112,1.57430866841632,1.31326216457376));
#7345=CARTESIAN_POINT('Ctrl Pts',(10.0130015878055,1.53349356208015,1.30798937129047));
#7346=CARTESIAN_POINT('Ctrl Pts',(10.013011697293,1.54706929661439,1.30929725611398));
#7347=CARTESIAN_POINT('Ctrl Pts',(10.0129502953745,1.56068774824819,1.31106159520053));
#7348=CARTESIAN_POINT('Ctrl Pts',(10.0128184496113,1.57430866841632,1.31326216457376));
#7349=CARTESIAN_POINT('Ctrl Pts',(10.0128184496113,1.57430866841632,1.31326216457376));
#7350=CARTESIAN_POINT('Ctrl Pts',(10.0119161745759,1.66752225313664,1.32832157004512));
#7351=CARTESIAN_POINT('Ctrl Pts',(10.0028996072848,1.86781845024607,1.40448559332022));
#7352=CARTESIAN_POINT('Ctrl Pts',(9.95608712143791,2.16027920420511,1.69485893178296));
#7353=CARTESIAN_POINT('Ctrl Pts',(9.87927791859053,2.24006416902631,2.05551513194039));
#7354=CARTESIAN_POINT('Ctrl Pts',(9.7963810037166,2.1402121233042,2.37809152081395));
#7355=CARTESIAN_POINT('Ctrl Pts',(9.75652003288024,2.03511532175215,2.52608264170487));
#7356=CARTESIAN_POINT('Ctrl Pts',(9.70743091520925,1.77580454235527,2.71444209301148));
#7357=CARTESIAN_POINT('Ctrl Pts',(9.71609097422267,1.41812164088783,2.74061080062061));
#7358=CARTESIAN_POINT('Ctrl Pts',(9.77963885662434,1.05110948105896,2.53395224826566));
#7359=CARTESIAN_POINT('Ctrl Pts',(9.84356159931057,0.848450006676125,2.25501934963711));
#7360=CARTESIAN_POINT('Ctrl Pts',(9.90761948032041,0.783594685465565,1.91675070944486));
#7361=CARTESIAN_POINT('Ctrl Pts',(9.96629991726068,0.905644101280373,1.56068165913809));
#7362=CARTESIAN_POINT('Ctrl Pts',(10.0035460351642,1.18595241303764,1.33356219687725));
#7363=CARTESIAN_POINT('Ctrl Pts',(10.0129222949179,1.42701346678844,1.29773109021651));
#7364=CARTESIAN_POINT('Ctrl Pts',(10.0130015878055,1.53349356208015,1.30798937129047));
#7365=CARTESIAN_POINT('Origin',(8.09785748407228,2.093690914453,2.09894848574217));
#7366=CARTESIAN_POINT('',(14.45,0.0852695735420035,1.20665011288492));
#7367=CARTESIAN_POINT('',(8.09785748407228,2.21699570169621,1.3591197622829));
#7368=CARTESIAN_POINT('Origin',(14.45,3.81639164714898E-14,1.75));
#7369=CARTESIAN_POINT('Origin',(24.9029869125554,9.32593134218188,0.1));
#7370=CARTESIAN_POINT('',(20.2299656446939,8.36001206282178,0.6));
#7371=CARTESIAN_POINT('Origin',(18.75,0.,-1.56666666666691));
#7372=CARTESIAN_POINT('',(19.0749125863421,7.69314186865395,0.6));
#7373=CARTESIAN_POINT('',(24.1529869125554,10.6249694478585,0.6));
#7374=CARTESIAN_POINT('Origin',(18.75,-2.27157068923926E-15,-1.56666666666691));
#7375=CARTESIAN_POINT('Origin',(19.6189107681319,-5.92206934024644,0.1));
#7376=CARTESIAN_POINT('',(19.7441776894835,-7.63554914342991,0.6));
#7377=CARTESIAN_POINT('Origin',(18.75,2.27157068923926E-15,-1.56666666666691));
#7378=CARTESIAN_POINT('',(18.9849833755209,-7.28153102080142,0.6));
#7379=CARTESIAN_POINT('Origin',(17.875,-8.21036952345566,0.6));
#7380=CARTESIAN_POINT('',(12.3964576809468,-4.35,0.6));
#7381=CARTESIAN_POINT('Origin',(18.75,2.27157068923926E-15,0.6));
#7382=CARTESIAN_POINT('',(11.0649711574556,-4.35,0.6));
#7383=CARTESIAN_POINT('',(7.662548724539,-4.35,0.6));
#7384=CARTESIAN_POINT('',(11.1720779386422,-4.44289321881347,0.6));
#7385=CARTESIAN_POINT('Origin',(10.4649711574556,-5.15000000000004,0.6));
#7386=CARTESIAN_POINT('',(11.1720779386422,-4.44289321881346,0.6));
#7387=CARTESIAN_POINT('Origin',(19.6189107681319,-5.92206934024644,1.9));
#7388=CARTESIAN_POINT('',(20.9529569893173,-8.19921218796161,1.4));
#7389=CARTESIAN_POINT('Origin',(18.75,0.,3.56666666666691));
#7390=CARTESIAN_POINT('',(19.7441776894835,-7.63554914342991,1.4));
#7391=CARTESIAN_POINT('',(18.9849833755209,-7.28153102080142,1.4));
#7392=CARTESIAN_POINT('Origin',(18.75,2.27157068923926E-15,3.56666666666691));
#7393=CARTESIAN_POINT('Origin',(24.9029869125554,9.32593134218188,1.9));
#7394=CARTESIAN_POINT('',(20.2299656446939,8.36001206282178,1.4));
#7395=CARTESIAN_POINT('Origin',(18.75,0.,3.56666666666691));
#7396=CARTESIAN_POINT('',(19.0749125863421,7.69314186865395,1.4));
#7397=CARTESIAN_POINT('Origin',(18.75,-2.27157068923926E-15,3.56666666666691));
#7398=CARTESIAN_POINT('',(24.1529869125554,10.6249694478585,1.4));
#7399=CARTESIAN_POINT('Origin',(18.75,0.,1.));
#7400=CARTESIAN_POINT('Origin',(18.75,0.,1.4));
#7401=CARTESIAN_POINT('Origin',(17.875,8.21036952345566,1.4));
#7402=CARTESIAN_POINT('',(12.3964576809468,4.35,1.4));
#7403=CARTESIAN_POINT('Origin',(18.75,-2.27157068923926E-15,1.4));
#7404=CARTESIAN_POINT('',(11.0649711574556,4.35,1.4));
#7405=CARTESIAN_POINT('',(7.662548724539,4.35,1.4));
#7406=CARTESIAN_POINT('',(11.1720779386422,4.44289321881347,1.4));
#7407=CARTESIAN_POINT('Origin',(10.4649711574556,5.15000000000004,1.4));
#7408=CARTESIAN_POINT('',(11.1720779386422,4.44289321881346,1.4));
#7409=CARTESIAN_POINT('Origin',(7.662548724539,4.35,1.6));
#7410=CARTESIAN_POINT('',(12.264053654246,4.15,1.6));
#7411=CARTESIAN_POINT('Ctrl Pts',(12.264053654246,4.15,1.6));
#7412=CARTESIAN_POINT('Ctrl Pts',(12.264053654246,4.15,1.57512974865027));
#7413=CARTESIAN_POINT('Ctrl Pts',(12.267214780541,4.15495417559717,1.54896796544961));
#7414=CARTESIAN_POINT('Ctrl Pts',(12.2794781208655,4.17402163644164,1.50156264097328));
#7415=CARTESIAN_POINT('Ctrl Pts',(12.2885958370299,4.18814972213209,1.48032906597259));
#7416=CARTESIAN_POINT('Ctrl Pts',(12.3110772129804,4.22265179956463,1.44328185893037));
#7417=CARTESIAN_POINT('Ctrl Pts',(12.3267258399174,4.24646990429601,1.42666479676793));
#7418=CARTESIAN_POINT('Ctrl Pts',(12.3607886462253,4.29754643487471,1.40500227818552));
#7419=CARTESIAN_POINT('Ctrl Pts',(12.3792147346703,4.32481522094883,1.4));
#7420=CARTESIAN_POINT('Ctrl Pts',(12.3964576809468,4.35,1.4));
#7421=CARTESIAN_POINT('',(10.4649711574556,4.15,1.6));
#7422=CARTESIAN_POINT('',(7.662548724539,4.15,1.6));
#7423=CARTESIAN_POINT('Ctrl Pts',(11.0649711574556,4.35,1.4));
#7424=CARTESIAN_POINT('Ctrl Pts',(10.9777659857882,4.28459612124948,1.4));
#7425=CARTESIAN_POINT('Ctrl Pts',(10.8787363807187,4.23314313855247,1.42978069476091));
#7426=CARTESIAN_POINT('Ctrl Pts',(10.6719766073843,4.16563520906748,1.50703587725941));
#7427=CARTESIAN_POINT('Ctrl Pts',(10.5644799900667,4.15,1.55549829718399));
#7428=CARTESIAN_POINT('Ctrl Pts',(10.4649711574556,4.15,1.6));
#7429=CARTESIAN_POINT('Origin',(-2.54990255092201,4.15,1.51004779902916));
#7430=CARTESIAN_POINT('',(7.29266705118211,4.15,-4.16857377056024));
#7431=CARTESIAN_POINT('',(7.63402860880418,4.15,-2.56259390835298));
#7432=CARTESIAN_POINT('',(8.38510584310061,4.15,-0.5));
#7433=CARTESIAN_POINT('Origin',(0.,4.15,0.));
#7434=CARTESIAN_POINT('',(12.5391839626015,4.15,-0.5));
#7435=CARTESIAN_POINT('',(10.5391839626015,4.15,-0.5));
#7436=CARTESIAN_POINT('',(12.5391839626015,4.15,2.5));
#7437=CARTESIAN_POINT('',(12.5391839626015,4.15,1.));
#7438=CARTESIAN_POINT('',(8.01935159473632,4.14999999999999,2.5));
#7439=CARTESIAN_POINT('',(10.5391839626015,4.15,2.5));
#7440=CARTESIAN_POINT('',(5.64757838279382,4.15,6.21810730127745));
#7441=CARTESIAN_POINT('Origin',(0.,4.15,0.));
#7442=CARTESIAN_POINT('',(3.89304152441075,4.15,9.25705428375472));
#7443=CARTESIAN_POINT('',(-1.47627063918792,4.15,3.82499999999981));
#7444=CARTESIAN_POINT('',(-0.959017334539735,4.15,2.48480272328315));
#7445=CARTESIAN_POINT('',(-1.47627063918696,4.15,-3.82500000000019));
#7446=CARTESIAN_POINT('Origin',(-4.21862697971305E-11,4.15,3.04501038332474E-13));
#7447=CARTESIAN_POINT('',(-0.649805570041561,4.15,-1.68363864953783));
#7448=CARTESIAN_POINT('',(10.4649711574556,4.15,0.4));
#7449=CARTESIAN_POINT('',(10.4649711574556,4.15,1.));
#7450=CARTESIAN_POINT('',(12.264053654246,4.15,0.4));
#7451=CARTESIAN_POINT('',(12.264053654246,4.15,1.));
#7452=CARTESIAN_POINT('',(7.662548724539,4.15,0.4));
#7453=CARTESIAN_POINT('Origin',(7.662548724539,4.35,0.4));
#7454=CARTESIAN_POINT('',(11.0649711574556,4.35,0.6));
#7455=CARTESIAN_POINT('Ctrl Pts',(10.4649711574556,4.15,0.4));
#7456=CARTESIAN_POINT('Ctrl Pts',(10.5644799900667,4.15,0.444501702816011));
#7457=CARTESIAN_POINT('Ctrl Pts',(10.6719766073843,4.16563520906748,0.492964122740588));
#7458=CARTESIAN_POINT('Ctrl Pts',(10.8787363807187,4.23314313855247,0.570219305239089));
#7459=CARTESIAN_POINT('Ctrl Pts',(10.9777659857882,4.28459612124948,0.6));
#7460=CARTESIAN_POINT('Ctrl Pts',(11.0649711574556,4.35,0.6));
#7461=CARTESIAN_POINT('',(12.3964576809468,4.35,0.6));
#7462=CARTESIAN_POINT('Ctrl Pts',(12.3964576809468,4.35,0.6));
#7463=CARTESIAN_POINT('Ctrl Pts',(12.3792147346703,4.32481522094883,0.6));
#7464=CARTESIAN_POINT('Ctrl Pts',(12.3607886462253,4.29754643487471,0.594997721814478));
#7465=CARTESIAN_POINT('Ctrl Pts',(12.3267258399174,4.24646990429601,0.573335203232065));
#7466=CARTESIAN_POINT('Ctrl Pts',(12.3110772129804,4.22265179956463,0.556718141069633));
#7467=CARTESIAN_POINT('Ctrl Pts',(12.2885958370299,4.18814972213209,0.519670934027413));
#7468=CARTESIAN_POINT('Ctrl Pts',(12.2794781208655,4.17402163644164,0.498437359026717));
#7469=CARTESIAN_POINT('Ctrl Pts',(12.267214780541,4.15495417559717,0.451032034550389));
#7470=CARTESIAN_POINT('Ctrl Pts',(12.264053654246,4.15,0.424870251349734));
#7471=CARTESIAN_POINT('Ctrl Pts',(12.264053654246,4.15,0.4));
#7472=CARTESIAN_POINT('',(7.662548724539,4.35,0.6));
#7473=CARTESIAN_POINT('Origin',(7.662548724539,-4.35,1.6));
#7474=CARTESIAN_POINT('',(11.0649711574556,-4.35,1.4));
#7475=CARTESIAN_POINT('',(10.4649711574556,-4.15,1.6));
#7476=CARTESIAN_POINT('Ctrl Pts',(10.4649711574556,-4.15,1.6));
#7477=CARTESIAN_POINT('Ctrl Pts',(10.5644799900667,-4.15,1.55549829718399));
#7478=CARTESIAN_POINT('Ctrl Pts',(10.6719766073843,-4.16563520906748,1.50703587725941));
#7479=CARTESIAN_POINT('Ctrl Pts',(10.8787363807187,-4.23314313855247,1.42978069476091));
#7480=CARTESIAN_POINT('Ctrl Pts',(10.9777659857882,-4.28459612124948,1.4));
#7481=CARTESIAN_POINT('Ctrl Pts',(11.0649711574556,-4.35,1.4));
#7482=CARTESIAN_POINT('',(12.264053654246,-4.15,1.6));
#7483=CARTESIAN_POINT('',(7.662548724539,-4.15,1.6));
#7484=CARTESIAN_POINT('',(12.3964576809468,-4.35,1.4));
#7485=CARTESIAN_POINT('Ctrl Pts',(12.3964576809468,-4.35,1.4));
#7486=CARTESIAN_POINT('Ctrl Pts',(12.3792147346703,-4.32481522094883,1.4));
#7487=CARTESIAN_POINT('Ctrl Pts',(12.3607886462253,-4.29754643487471,1.40500227818552));
#7488=CARTESIAN_POINT('Ctrl Pts',(12.3267258399174,-4.24646990429601,1.42666479676793));
#7489=CARTESIAN_POINT('Ctrl Pts',(12.3110772129804,-4.22265179956463,1.44328185893037));
#7490=CARTESIAN_POINT('Ctrl Pts',(12.2885958370299,-4.18814972213209,1.48032906597259));
#7491=CARTESIAN_POINT('Ctrl Pts',(12.2794781208655,-4.17402163644164,1.50156264097328));
#7492=CARTESIAN_POINT('Ctrl Pts',(12.267214780541,-4.15495417559717,1.54896796544961));
#7493=CARTESIAN_POINT('Ctrl Pts',(12.264053654246,-4.15,1.57512974865027));
#7494=CARTESIAN_POINT('Ctrl Pts',(12.264053654246,-4.15,1.6));
#7495=CARTESIAN_POINT('',(7.662548724539,-4.35,1.4));
#7496=CARTESIAN_POINT('Origin',(-2.54990255092201,-4.15,1.51004779902916));
#7497=CARTESIAN_POINT('',(8.01935159473632,-4.14999999999999,2.5));
#7498=CARTESIAN_POINT('Origin',(0.,-4.15,0.));
#7499=CARTESIAN_POINT('',(12.5391839626015,-4.15,2.5));
#7500=CARTESIAN_POINT('',(10.5391839626015,-4.15,2.5));
#7501=CARTESIAN_POINT('',(12.5391839626015,-4.15,-0.5));
#7502=CARTESIAN_POINT('',(12.5391839626015,-4.15,1.));
#7503=CARTESIAN_POINT('',(8.38510584310061,-4.14999999999999,-0.5));
#7504=CARTESIAN_POINT('',(10.5391839626015,-4.15,-0.5));
#7505=CARTESIAN_POINT('',(7.29266705118211,-4.15,-4.16857377056024));
#7506=CARTESIAN_POINT('Origin',(0.,-4.15,0.));
#7507=CARTESIAN_POINT('',(7.63402860880418,-4.15,-2.56259390835298));
#7508=CARTESIAN_POINT('',(-1.47627063918696,-4.15,-3.82500000000019));
#7509=CARTESIAN_POINT('',(-0.649805570041561,-4.15,-1.68363864953783));
#7510=CARTESIAN_POINT('',(-1.47627063918792,-4.15,3.82499999999981));
#7511=CARTESIAN_POINT('Origin',(-4.21862697971305E-11,-4.15,3.04501038332474E-13));
#7512=CARTESIAN_POINT('',(-0.959017334539735,-4.15,2.48480272328315));
#7513=CARTESIAN_POINT('',(12.264053654246,-4.15,0.4));
#7514=CARTESIAN_POINT('',(12.264053654246,-4.15,1.));
#7515=CARTESIAN_POINT('',(10.4649711574556,-4.15,0.4));
#7516=CARTESIAN_POINT('',(10.4649711574556,-4.15,1.));
#7517=CARTESIAN_POINT('',(7.662548724539,-4.15,0.4));
#7518=CARTESIAN_POINT('Origin',(7.662548724539,-4.35,0.4));
#7519=CARTESIAN_POINT('Ctrl Pts',(12.264053654246,-4.15,0.4));
#7520=CARTESIAN_POINT('Ctrl Pts',(12.264053654246,-4.15,0.424870251349734));
#7521=CARTESIAN_POINT('Ctrl Pts',(12.267214780541,-4.15495417559717,0.451032034550389));
#7522=CARTESIAN_POINT('Ctrl Pts',(12.2794781208655,-4.17402163644164,0.498437359026717));
#7523=CARTESIAN_POINT('Ctrl Pts',(12.2885958370299,-4.18814972213209,0.519670934027413));
#7524=CARTESIAN_POINT('Ctrl Pts',(12.3110772129804,-4.22265179956463,0.556718141069633));
#7525=CARTESIAN_POINT('Ctrl Pts',(12.3267258399174,-4.24646990429601,0.573335203232066));
#7526=CARTESIAN_POINT('Ctrl Pts',(12.3607886462253,-4.29754643487471,0.594997721814478));
#7527=CARTESIAN_POINT('Ctrl Pts',(12.3792147346703,-4.32481522094883,0.6));
#7528=CARTESIAN_POINT('Ctrl Pts',(12.3964576809468,-4.35,0.6));
#7529=CARTESIAN_POINT('Ctrl Pts',(11.0649711574556,-4.35,0.6));
#7530=CARTESIAN_POINT('Ctrl Pts',(10.9777659857882,-4.28459612124948,0.6));
#7531=CARTESIAN_POINT('Ctrl Pts',(10.8787363807187,-4.23314313855247,0.570219305239089));
#7532=CARTESIAN_POINT('Ctrl Pts',(10.6719766073843,-4.16563520906748,0.492964122740588));
#7533=CARTESIAN_POINT('Ctrl Pts',(10.5644799900667,-4.15,0.444501702816011));
#7534=CARTESIAN_POINT('Ctrl Pts',(10.4649711574556,-4.15,0.4));
#7535=CARTESIAN_POINT('Origin',(6.26959198130077,-3.4,2.5));
#7536=CARTESIAN_POINT('Ctrl Pts',(9.57914401186244,-2.65,2.5));
#7537=CARTESIAN_POINT('Ctrl Pts',(9.57914401186244,-2.83294924199889,2.5));
#7538=CARTESIAN_POINT('Ctrl Pts',(9.53536175997212,-3.04807833494655,2.5));
#7539=CARTESIAN_POINT('Ctrl Pts',(9.39189156887205,-3.38807098875888,2.5));
#7540=CARTESIAN_POINT('Ctrl Pts',(9.26570919775375,-3.57228905187374,2.5));
#7541=CARTESIAN_POINT('Ctrl Pts',(8.99657520842787,-3.83588789250916,2.5));
#7542=CARTESIAN_POINT('Ctrl Pts',(8.80472986686058,-3.9605180719705,2.5));
#7543=CARTESIAN_POINT('Ctrl Pts',(8.44636408598568,-4.10569415288402,2.5));
#7544=CARTESIAN_POINT('Ctrl Pts',(8.21536205659859,-4.15,2.5));
#7545=CARTESIAN_POINT('Ctrl Pts',(8.01935159473632,-4.15,2.5));
#7546=CARTESIAN_POINT('',(12.5391839626015,-2.65,2.5));
#7547=CARTESIAN_POINT('',(10.5391839626015,-2.65,2.5));
#7548=CARTESIAN_POINT('',(12.5391839626015,-4.15,2.5));
#7549=CARTESIAN_POINT('Origin',(6.26959198130077,-3.4,-0.5));
#7550=CARTESIAN_POINT('Ctrl Pts',(8.38510584310061,-4.15,-0.5));
#7551=CARTESIAN_POINT('Ctrl Pts',(8.570633411263,-4.15,-0.5));
#7552=CARTESIAN_POINT('Ctrl Pts',(8.78900016041903,-4.10662429282989,-0.5));
#7553=CARTESIAN_POINT('Ctrl Pts',(9.13167187728897,-3.96480682282417,-0.5));
#7554=CARTESIAN_POINT('Ctrl Pts',(9.31665052187682,-3.84134252841399,-0.5));
#7555=CARTESIAN_POINT('Ctrl Pts',(9.57873125957972,-3.57947327474441,-0.5));
#7556=CARTESIAN_POINT('Ctrl Pts',(9.70225520112908,-3.39478479020543,-0.5));
#7557=CARTESIAN_POINT('Ctrl Pts',(9.84400992362397,-3.05280635507112,-0.5));
#7558=CARTESIAN_POINT('Ctrl Pts',(9.88736567544662,-2.8350364812848,-0.5));
#7559=CARTESIAN_POINT('Ctrl Pts',(9.88736567544662,-2.65,-0.5));
#7560=CARTESIAN_POINT('',(12.5391839626015,-2.65,-0.5));
#7561=CARTESIAN_POINT('',(12.5391839626015,-4.15,-0.5));
#7562=CARTESIAN_POINT('',(10.5391839626015,-2.65,-0.5));
#7563=CARTESIAN_POINT('Origin',(12.5391839626015,-2.65,1.));
#7564=CARTESIAN_POINT('',(12.5391839626015,-2.65,1.));
#7565=CARTESIAN_POINT('Origin',(0.,-2.65,0.));
#7566=CARTESIAN_POINT('Origin',(18.75,2.27157068923926E-15,1.));
#7567=CARTESIAN_POINT('Origin',(18.75,2.27157068923926E-15,1.4));
#7568=CARTESIAN_POINT('Origin',(17.875,-8.21036952345566,1.4));
#7569=CARTESIAN_POINT('Origin',(18.75,0.,1.4));
#7570=CARTESIAN_POINT('',(11.1720779386422,-4.44289321881347,1.4));
#7571=CARTESIAN_POINT('',(11.1720779386422,-4.44289321881346,1.4));
#7572=CARTESIAN_POINT('Origin',(10.4649711574556,-5.15000000000004,1.4));
#7573=CARTESIAN_POINT('Origin',(10.4649711574556,-5.15000000000004,1.));
#7574=CARTESIAN_POINT('',(11.1720779386422,-4.44289321881347,1.));
#7575=CARTESIAN_POINT('Origin',(23.1499237667535,-16.4207390469113,1.));
#7576=CARTESIAN_POINT('Origin',(0.,-2.65,1.));
#7577=CARTESIAN_POINT('Origin',(18.75,0.,1.));
#7578=CARTESIAN_POINT('Origin',(0.,-2.65,0.));
#7579=CARTESIAN_POINT('Ctrl Pts',(7.29266705118211,-4.15,-4.16857377056024));
#7580=CARTESIAN_POINT('Ctrl Pts',(7.29459190245031,-4.15,-4.16930789128498));
#7581=CARTESIAN_POINT('Ctrl Pts',(7.2965167727449,-4.14999585706163,-4.1700419566878));
#7582=CARTESIAN_POINT('Ctrl Pts',(7.39440281508592,-4.1495744898611,-4.20736843978216));
#7583=CARTESIAN_POINT('Ctrl Pts',(7.49015109508134,-4.13886561627449,-4.24372298400112));
#7584=CARTESIAN_POINT('Ctrl Pts',(7.67815142807663,-4.09715593444329,-4.3148248781643));
#7585=CARTESIAN_POINT('Ctrl Pts',(7.7699572854202,-4.06627940953437,-4.34940416562574));
#7586=CARTESIAN_POINT('Ctrl Pts',(8.02731763311835,-3.94819889816749,-4.44600748577588));
#7587=CARTESIAN_POINT('Ctrl Pts',(8.18095836527229,-3.83639348649514,-4.50324107057459));
#7588=CARTESIAN_POINT('Ctrl Pts',(8.43809933271227,-3.55762320328008,-4.59863568039497));
#7589=CARTESIAN_POINT('Ctrl Pts',(8.53964358630282,-3.39391220065714,-4.63608638566858));
#7590=CARTESIAN_POINT('Ctrl Pts',(8.67773331375064,-3.03496673256926,-4.68694129440147));
#7591=CARTESIAN_POINT('Ctrl Pts',(8.71322725555603,-2.84346086002713,-4.69996497785202));
#7592=CARTESIAN_POINT('Ctrl Pts',(8.71322725555603,-2.65,-4.69996497785202));
#7593=CARTESIAN_POINT('Origin',(6.26959198130077,3.4,-0.5));
#7594=CARTESIAN_POINT('Ctrl Pts',(9.88736567544662,2.65,-0.5));
#7595=CARTESIAN_POINT('Ctrl Pts',(9.88736567544662,2.8350364812848,-0.5));
#7596=CARTESIAN_POINT('Ctrl Pts',(9.84400992362397,3.05280635507112,-0.5));
#7597=CARTESIAN_POINT('Ctrl Pts',(9.70225520112908,3.39478479020543,-0.5));
#7598=CARTESIAN_POINT('Ctrl Pts',(9.57873125957972,3.57947327474441,-0.5));
#7599=CARTESIAN_POINT('Ctrl Pts',(9.31665052187682,3.84134252841399,-0.5));
#7600=CARTESIAN_POINT('Ctrl Pts',(9.13167187728897,3.96480682282417,-0.5));
#7601=CARTESIAN_POINT('Ctrl Pts',(8.78900016041903,4.10662429282989,-0.5));
#7602=CARTESIAN_POINT('Ctrl Pts',(8.570633411263,4.15,-0.5));
#7603=CARTESIAN_POINT('Ctrl Pts',(8.38510584310061,4.15,-0.5));
#7604=CARTESIAN_POINT('',(12.5391839626015,2.65,-0.5));
#7605=CARTESIAN_POINT('',(10.5391839626015,2.65,-0.5));
#7606=CARTESIAN_POINT('',(12.5391839626015,4.15,-0.5));
#7607=CARTESIAN_POINT('Origin',(12.5391839626015,2.65,1.));
#7608=CARTESIAN_POINT('',(12.5391839626015,2.65,2.5));
#7609=CARTESIAN_POINT('',(12.5391839626015,2.65,1.));
#7610=CARTESIAN_POINT('',(12.5391839626015,4.15,2.5));
#7611=CARTESIAN_POINT('Origin',(6.26959198130077,3.4,2.5));
#7612=CARTESIAN_POINT('Ctrl Pts',(8.01935159473632,4.15,2.5));
#7613=CARTESIAN_POINT('Ctrl Pts',(8.21536205659859,4.15,2.5));
#7614=CARTESIAN_POINT('Ctrl Pts',(8.44636408598568,4.10569415288402,2.5));
#7615=CARTESIAN_POINT('Ctrl Pts',(8.80472986686058,3.9605180719705,2.5));
#7616=CARTESIAN_POINT('Ctrl Pts',(8.99657520842787,3.83588789250916,2.5));
#7617=CARTESIAN_POINT('Ctrl Pts',(9.26570919775375,3.57228905187374,2.5));
#7618=CARTESIAN_POINT('Ctrl Pts',(9.39189156887205,3.38807098875888,2.5));
#7619=CARTESIAN_POINT('Ctrl Pts',(9.53536175997212,3.04807833494655,2.5));
#7620=CARTESIAN_POINT('Ctrl Pts',(9.57914401186244,2.83294924199889,2.5));
#7621=CARTESIAN_POINT('Ctrl Pts',(9.57914401186244,2.65,2.5));
#7622=CARTESIAN_POINT('',(10.5391839626015,2.65,2.5));
#7623=CARTESIAN_POINT('Origin',(0.,2.65,0.));
#7624=CARTESIAN_POINT('Ctrl Pts',(7.29266705118211,4.15,-4.16857377056024));
#7625=CARTESIAN_POINT('Ctrl Pts',(7.29459190245027,4.15,-4.16930789128496));
#7626=CARTESIAN_POINT('Ctrl Pts',(7.29651677274495,4.14999585706163,-4.17004195668779));
#7627=CARTESIAN_POINT('Ctrl Pts',(7.39440281508486,4.1495744898611,-4.20736843978202));
#7628=CARTESIAN_POINT('Ctrl Pts',(7.49015109508115,4.13886561627453,-4.24372298400107));
#7629=CARTESIAN_POINT('Ctrl Pts',(7.67815142807662,4.09715593444329,-4.31482487816431));
#7630=CARTESIAN_POINT('Ctrl Pts',(7.7699572854202,4.06627940953438,-4.34940416562573));
#7631=CARTESIAN_POINT('Ctrl Pts',(8.02731763311836,3.94819889816749,-4.44600748577588));
#7632=CARTESIAN_POINT('Ctrl Pts',(8.18095836527229,3.83639348649514,-4.50324107057459));
#7633=CARTESIAN_POINT('Ctrl Pts',(8.43809933271226,3.55762320328009,-4.59863568039497));
#7634=CARTESIAN_POINT('Ctrl Pts',(8.53964358630282,3.39391220065715,-4.63608638566858));
#7635=CARTESIAN_POINT('Ctrl Pts',(8.67773331375064,3.03496673256926,-4.68694129440147));
#7636=CARTESIAN_POINT('Ctrl Pts',(8.71322725555603,2.84346086002713,-4.69996497785202));
#7637=CARTESIAN_POINT('Ctrl Pts',(8.71322725555603,2.65,-4.69996497785202));
#7638=CARTESIAN_POINT('Origin',(23.1499237667535,16.4207390469113,1.));
#7639=CARTESIAN_POINT('',(11.1720779386422,4.44289321881347,0.6));
#7640=CARTESIAN_POINT('',(11.1720779386422,4.44289321881347,1.));
#7641=CARTESIAN_POINT('',(11.1720779386422,4.44289321881346,0.6));
#7642=CARTESIAN_POINT('Origin',(0.,2.65,1.));
#7643=CARTESIAN_POINT('Origin',(17.875,8.21036952345566,0.6));
#7644=CARTESIAN_POINT('Origin',(18.75,0.,0.6));
#7645=CARTESIAN_POINT('Origin',(10.4649711574556,5.15000000000004,0.6));
#7646=CARTESIAN_POINT('Origin',(18.75,-2.27157068923926E-15,0.6));
#7647=CARTESIAN_POINT('Origin',(10.4649711574556,5.15000000000004,1.));
#7648=CARTESIAN_POINT('Origin',(18.75,-2.27157068923926E-15,1.));
#7649=CARTESIAN_POINT('Origin',(18.75,0.,1.));
#7650=CARTESIAN_POINT('Origin',(0.,2.65,0.));
#7651=CARTESIAN_POINT('Ctrl Pts',(5.64757838279382,4.15,6.21810730127745));
#7652=CARTESIAN_POINT('Ctrl Pts',(5.64918216935542,4.15,6.21940030332993));
#7653=CARTESIAN_POINT('Ctrl Pts',(5.65078599110778,4.14999585706163,6.22069325864775));
#7654=CARTESIAN_POINT('Ctrl Pts',(5.73234663191413,4.1495744898611,6.28644130422035));
#7655=CARTESIAN_POINT('Ctrl Pts',(5.81217448554145,4.13886561627449,6.35060437609747));
#7656=CARTESIAN_POINT('Ctrl Pts',(5.96900173367372,4.09715593444329,6.47632159370586));
#7657=CARTESIAN_POINT('Ctrl Pts',(6.04562870505547,4.06627940953438,6.53757802047716));
#7658=CARTESIAN_POINT('Ctrl Pts',(6.26054087313048,3.94819889816749,6.70898195871851));
#7659=CARTESIAN_POINT('Ctrl Pts',(6.38897574226212,3.83639348649515,6.81089192975593));
#7660=CARTESIAN_POINT('Ctrl Pts',(6.60405277934623,3.55762320328009,6.98107852393384));
#7661=CARTESIAN_POINT('Ctrl Pts',(6.68905419903503,3.39391220065715,7.0480751612647));
#7662=CARTESIAN_POINT('Ctrl Pts',(6.80467030311192,3.03496673256927,7.13911312613059));
#7663=CARTESIAN_POINT('Ctrl Pts',(6.83440250823938,2.84346086002714,7.1624676163576));
#7664=CARTESIAN_POINT('Ctrl Pts',(6.83440250823938,2.65,7.1624676163576));
#7665=CARTESIAN_POINT('Ctrl Pts',(21.201051395842,-0.430902937385697,4.93709046326345));
#7666=CARTESIAN_POINT('Ctrl Pts',(21.2001640243565,-0.373429739249137,4.87879198205293));
#7667=CARTESIAN_POINT('Ctrl Pts',(21.1980465100281,-0.287340131215489,4.79146730412064));
#7668=CARTESIAN_POINT('Ctrl Pts',(21.1925502357468,-0.143068395401817,4.64512325362224));
#7669=CARTESIAN_POINT('Ctrl Pts',(21.1880717500493,-0.0579454939742934,
4.55878227418682));
#7670=CARTESIAN_POINT('Ctrl Pts',(21.1844138101762,0.0040145972801877,4.49593014832078));
#7671=CARTESIAN_POINT('Ctrl Pts',(21.1838177146054,0.025849546825811,4.47408499801612));
#7672=CARTESIAN_POINT('Ctrl Pts',(21.1825644885761,0.0621424403462974,4.43981653368833));
#7673=CARTESIAN_POINT('Ctrl Pts',(21.1800278265417,0.129487306643114,4.3803418872362));
#7674=CARTESIAN_POINT('Ctrl Pts',(21.1747248834497,0.242156633435713,4.29082183300761));
#7675=CARTESIAN_POINT('Ctrl Pts',(21.1656065562222,0.391707050340099,4.18688333591291));
#7676=CARTESIAN_POINT('Ctrl Pts',(21.1522169945969,0.561668740806875,4.08176782716815));
#7677=CARTESIAN_POINT('Ctrl Pts',(21.1363731430675,0.727528727490297,3.98757359727818));
#7678=CARTESIAN_POINT('Ctrl Pts',(21.1180656020173,0.890465839074964,3.90123270910237));
#7679=CARTESIAN_POINT('Ctrl Pts',(21.0972734431493,1.05175246695403,3.82049577572694));
#7680=CARTESIAN_POINT('Ctrl Pts',(21.0739678119202,1.2119311777631,3.74418425831453));
#7681=CARTESIAN_POINT('Ctrl Pts',(21.0481165905187,1.37149476066285,3.67143076769062));
#7682=CARTESIAN_POINT('Ctrl Pts',(21.0197102987308,1.53062551783595,3.60174153976247));
#7683=CARTESIAN_POINT('Ctrl Pts',(20.9887457353818,1.68948172814101,3.53476597927307));
#7684=CARTESIAN_POINT('Ctrl Pts',(20.9552080552318,1.84825475918063,3.47024862037508));
#7685=CARTESIAN_POINT('Ctrl Pts',(20.9190739745085,2.00719753959569,3.40801070780149));
#7686=CARTESIAN_POINT('Ctrl Pts',(20.8803117171942,2.16658688037479,3.34793725430512));
#7687=CARTESIAN_POINT('Ctrl Pts',(20.8342784581751,2.34469015906212,3.28355005410785));
#7688=CARTESIAN_POINT('Ctrl Pts',(20.7896864764144,2.50654089659034,3.22810286733772));
#7689=CARTESIAN_POINT('Ctrl Pts',(20.7423164387005,2.67108433435292,3.17498978818128));
#7690=CARTESIAN_POINT('Ctrl Pts',(20.6981254787468,2.81973041014386,3.12963830584448));
#7691=CARTESIAN_POINT('Ctrl Pts',(20.6455098204002,2.99392135219611,3.08153802010839));
#7692=CARTESIAN_POINT('Ctrl Pts',(20.6061068046502,3.12533186551862,3.05002755293415));
#7693=CARTESIAN_POINT('Ctrl Pts',(20.5821404180023,3.21275685180667,3.03271955206159));
#7694=CARTESIAN_POINT('Ctrl Pts',(20.57248021372,3.24901168085773,3.02591907998265));
#7695=CARTESIAN_POINT('Ctrl Pts',(20.5602675990955,3.29733574080511,3.0176680643864));
#7696=CARTESIAN_POINT('Ctrl Pts',(20.5491290233907,3.34682846575095,3.01062636670192));
#7697=CARTESIAN_POINT('Ctrl Pts',(20.5416395873792,3.3871696598843,3.00616514458564));
#7698=CARTESIAN_POINT('Ctrl Pts',(20.5378795378401,3.4101336171318,3.00399175615095));
#7699=CARTESIAN_POINT('Ctrl Pts',(20.5347315818017,3.43268605582935,3.00223809453519));
#7700=CARTESIAN_POINT('Ctrl Pts',(20.5325188493723,3.45406593738153,3.00106171258084));
#7701=CARTESIAN_POINT('Ctrl Pts',(20.5314101133729,3.46815200619847,3.00049610741281));
#7702=CARTESIAN_POINT('Ctrl Pts',(20.5308551664397,3.47833250351089,3.00022746384765));
#7703=CARTESIAN_POINT('Ctrl Pts',(20.5305775563971,3.48463137164472,3.00009844856073));
#7704=CARTESIAN_POINT('Ctrl Pts',(20.5304188852399,3.49080448613869,3.00003354582481));
#7705=CARTESIAN_POINT('Ctrl Pts',(20.5303395380311,3.49347110336085,2.99999999999996));
#7706=CARTESIAN_POINT('Ctrl Pts',(20.5302998618274,3.50000000000002,2.99999999999996));
#7707=CARTESIAN_POINT('Ctrl Pts',(21.4450847114183,-0.429045889019141,4.93520674871798));
#7708=CARTESIAN_POINT('Ctrl Pts',(21.4448689494347,-0.370852711561424,4.87613796961856));
#7709=CARTESIAN_POINT('Ctrl Pts',(21.4436973085703,-0.283639450597686,4.78774883087205));
#7710=CARTESIAN_POINT('Ctrl Pts',(21.4398158247357,-0.137505825405721,4.63946777245744));
#7711=CARTESIAN_POINT('Ctrl Pts',(21.4362873882901,-0.0513169617784919,
4.55202616096572));
#7712=CARTESIAN_POINT('Ctrl Pts',(21.4332578130441,0.0114646496424979,4.48837330187051));
#7713=CARTESIAN_POINT('Ctrl Pts',(21.4326129316191,0.0337971554179343,4.4663582523122));
#7714=CARTESIAN_POINT('Ctrl Pts',(21.4313537643973,0.070860904789326,4.4318033871638));
#7715=CARTESIAN_POINT('Ctrl Pts',(21.4288082148776,0.139634570482396,4.37184781632496));
#7716=CARTESIAN_POINT('Ctrl Pts',(21.4236316653208,0.254615693673549,4.2815554782214));
#7717=CARTESIAN_POINT('Ctrl Pts',(21.4147669987637,0.407209494718949,4.17667028928632));
#7718=CARTESIAN_POINT('Ctrl Pts',(21.4017114514216,0.580835020914229,4.07036746864675));
#7719=CARTESIAN_POINT('Ctrl Pts',(21.3861567782986,0.750385879014563,3.97501135356119));
#7720=CARTESIAN_POINT('Ctrl Pts',(21.368080327206,0.917059309119092,3.88751919015104));
#7721=CARTESIAN_POINT('Ctrl Pts',(21.347453412379,1.08217849279972,3.8056105922055));
#7722=CARTESIAN_POINT('Ctrl Pts',(21.3242227797954,1.2461911479001,3.72819939919228));
#7723=CARTESIAN_POINT('Ctrl Pts',(21.2983620006383,1.40966822272044,3.65435334755485));
#7724=CARTESIAN_POINT('Ctrl Pts',(21.2698479754686,1.57276498512967,3.58361332143445));
#7725=CARTESIAN_POINT('Ctrl Pts',(21.2386664867509,1.73562620457322,3.51564817221845));
#7726=CARTESIAN_POINT('Ctrl Pts',(21.2047992884109,1.89850080824558,3.45017420769037));
#7727=CARTESIAN_POINT('Ctrl Pts',(21.1681986893532,2.06157613368804,3.38708464633826));
#7728=CARTESIAN_POINT('Ctrl Pts',(21.1288201628525,2.22517169491952,3.32625949513439));
#7729=CARTESIAN_POINT('Ctrl Pts',(21.0818966456725,2.40803264839668,3.26121192806085));
#7730=CARTESIAN_POINT('Ctrl Pts',(21.0362544780745,2.57429583129735,3.20537963006498));
#7731=CARTESIAN_POINT('Ctrl Pts',(20.9875048091749,2.74338242152887,3.15225257482017));
#7732=CARTESIAN_POINT('Ctrl Pts',(20.9418505451666,2.89606542528008,3.1071447958881));
#7733=CARTESIAN_POINT('Ctrl Pts',(20.8868989612295,3.07507686139709,3.06025752974219));
#7734=CARTESIAN_POINT('Ctrl Pts',(20.845246208669,3.20980986472844,3.03041112652202));
#7735=CARTESIAN_POINT('Ctrl Pts',(20.8191035478907,3.29942260529941,3.01546668404414));
#7736=CARTESIAN_POINT('Ctrl Pts',(20.8084733293276,3.33656148108979,3.00977456734781));
#7737=CARTESIAN_POINT('Ctrl Pts',(20.7948503203978,3.38592514825997,3.00322844429204));
#7738=CARTESIAN_POINT('Ctrl Pts',(20.7819851828764,3.43635135112634,2.99849226846422));
#7739=CARTESIAN_POINT('Ctrl Pts',(20.7728226522606,3.47722001886465,2.996458971288));
#7740=CARTESIAN_POINT('Ctrl Pts',(20.7680323134525,3.50040096854348,2.9958305137031));
#7741=CARTESIAN_POINT('Ctrl Pts',(20.7637920042204,3.52306987399627,2.99576365802745));
#7742=CARTESIAN_POINT('Ctrl Pts',(20.7604349236169,3.54441430613543,2.99641772342297));
#7743=CARTESIAN_POINT('Ctrl Pts',(20.7585250350865,3.55840684725064,2.9971589185051));
#7744=CARTESIAN_POINT('Ctrl Pts',(20.757359111324,3.56846704702757,2.99790308833692));
#7745=CARTESIAN_POINT('Ctrl Pts',(20.7566949881166,3.57467735220526,2.99841889352448));
#7746=CARTESIAN_POINT('Ctrl Pts',(20.7561433816077,3.58073799022139,2.99901615443389));
#7747=CARTESIAN_POINT('Ctrl Pts',(20.755895575683,3.58335865307512,2.99926592466369));
#7748=CARTESIAN_POINT('Ctrl Pts',(20.755424515127,3.58973910902226,2.99999999999997));
#7749=CARTESIAN_POINT('Ctrl Pts',(21.867485974286,-0.278836669731913,5.07686013684144));
#7750=CARTESIAN_POINT('Ctrl Pts',(21.8683349157585,-0.218494250118209,5.01737050885627));
#7751=CARTESIAN_POINT('Ctrl Pts',(21.8688188519746,-0.128053622777466,4.92818101365733));
#7752=CARTESIAN_POINT('Ctrl Pts',(21.8675244776221,0.0233875122878152,4.77893365977012));
#7753=CARTESIAN_POINT('Ctrl Pts',(21.8655769713588,0.113166034008497,4.69043739702589));
#7754=CARTESIAN_POINT('Ctrl Pts',(21.8635563788499,0.177784650978817,4.62681114166904));
#7755=CARTESIAN_POINT('Ctrl Pts',(21.8628321750753,0.197566752720428,4.607827338533));
#7756=CARTESIAN_POINT('Ctrl Pts',(21.8615612342522,0.231457773010655,4.57706439486769));
#7757=CARTESIAN_POINT('Ctrl Pts',(21.8589988724376,0.294843791807022,4.52334997366722));
#7758=CARTESIAN_POINT('Ctrl Pts',(21.8540214743493,0.403855678849742,4.44011901459859));
#7759=CARTESIAN_POINT('Ctrl Pts',(21.845574910327,0.552427354637667,4.34098209766043));
#7760=CARTESIAN_POINT('Ctrl Pts',(21.8330426800187,0.724866201802829,4.23859369778623));
#7761=CARTESIAN_POINT('Ctrl Pts',(21.8179356300252,0.895172270537912,4.14579091724289));
#7762=CARTESIAN_POINT('Ctrl Pts',(21.8002062662033,1.06392615777446,4.05998797612866));
#7763=CARTESIAN_POINT('Ctrl Pts',(21.7797895009016,1.23193283367357,3.97932268195736));
#7764=CARTESIAN_POINT('Ctrl Pts',(21.7566442448812,1.39953884187221,3.90274901748664));
#7765=CARTESIAN_POINT('Ctrl Pts',(21.7307094522244,1.56703361530491,3.82955125939935));
#7766=CARTESIAN_POINT('Ctrl Pts',(21.7019561451738,1.73448205060462,3.75931064654881));
#7767=CARTESIAN_POINT('Ctrl Pts',(21.6703557806566,1.90194202478826,3.69174760818785));
#7768=CARTESIAN_POINT('Ctrl Pts',(21.6358613760999,2.06950264033211,3.62668100930769));
#7769=CARTESIAN_POINT('Ctrl Pts',(21.5984120454823,2.23736263428906,3.56398464121274));
#7770=CARTESIAN_POINT('Ctrl Pts',(21.5579263819303,2.40571437284068,3.50362195867311));
#7771=CARTESIAN_POINT('Ctrl Pts',(21.5094294949597,2.59370460547976,3.43922203929039));
#7772=CARTESIAN_POINT('Ctrl Pts',(21.4619375610832,2.76425484070698,3.38422966217948));
#7773=CARTESIAN_POINT('Ctrl Pts',(21.410803590063,2.9369891411062,3.33230393271266));
#7774=CARTESIAN_POINT('Ctrl Pts',(21.3625120922581,3.09249818873719,3.28869856078419));
#7775=CARTESIAN_POINT('Ctrl Pts',(21.3035629518303,3.27275648978618,3.24431674775361));
#7776=CARTESIAN_POINT('Ctrl Pts',(21.2577433581726,3.40663634706677,3.21756890814032));
#7777=CARTESIAN_POINT('Ctrl Pts',(21.2280179981758,3.49267049736342,3.20529153272463));
#7778=CARTESIAN_POINT('Ctrl Pts',(21.2158054215153,3.5280061632022,3.2007836470534));
#7779=CARTESIAN_POINT('Ctrl Pts',(21.1998126123259,3.57433791245498,3.19606341502003));
#7780=CARTESIAN_POINT('Ctrl Pts',(21.1841376963314,3.6202371795604,3.19346356541863));
#7781=CARTESIAN_POINT('Ctrl Pts',(21.1722864003081,3.65591249420137,3.19341306915281));
#7782=CARTESIAN_POINT('Ctrl Pts',(21.1658456748142,3.67567105030701,3.19397705528595));
#7783=CARTESIAN_POINT('Ctrl Pts',(21.1598554240692,3.69448263002927,3.19514920806607));
#7784=CARTESIAN_POINT('Ctrl Pts',(21.1546719699635,3.7114655080507,3.19703757217419));
#7785=CARTESIAN_POINT('Ctrl Pts',(21.151484866424,3.72226735006716,3.19861354609348));
#7786=CARTESIAN_POINT('Ctrl Pts',(21.1493455794112,3.72979776461143,3.19997023259929));
#7787=CARTESIAN_POINT('Ctrl Pts',(21.1480658271452,3.7343831857662,3.20086740821814));
#7788=CARTESIAN_POINT('Ctrl Pts',(21.1468885023219,3.7387483047847,3.20184000819089));
#7789=CARTESIAN_POINT('Ctrl Pts',(21.1463724316837,3.74064641265866,3.20225214431474));
#7790=CARTESIAN_POINT('Ctrl Pts',(21.1452145517597,3.74511707443152,3.20338406661337));
#7791=CARTESIAN_POINT('Ctrl Pts',(22.0129670041397,0.0281045917803659,5.37724189392989));
#7792=CARTESIAN_POINT('Ctrl Pts',(22.0128090457827,0.0901718290767406,5.31858861258036));
#7793=CARTESIAN_POINT('Ctrl Pts',(22.0117027525915,0.183231411648274,5.23062187500292));
#7794=CARTESIAN_POINT('Ctrl Pts',(22.0077713329229,0.338567083124663,5.08386035489043));
#7795=CARTESIAN_POINT('Ctrl Pts',(22.0041539376121,0.431428027894392,4.9961327612053));
#7796=CARTESIAN_POINT('Ctrl Pts',(22.0010174780403,0.496601303229035,4.93456440147848));
#7797=CARTESIAN_POINT('Ctrl Pts',(22.0003318723836,0.50994210110848,4.92209366647602));
#7798=CARTESIAN_POINT('Ctrl Pts',(21.9990018123337,0.535306072558281,4.89966996226774));
#7799=CARTESIAN_POINT('Ctrl Pts',(21.9963136885178,0.583770138461957,4.85978053344205));
#7800=CARTESIAN_POINT('Ctrl Pts',(21.9908615265477,0.673753691385985,4.79292439468706));
#7801=CARTESIAN_POINT('Ctrl Pts',(21.981531983478,0.804239510194374,4.70843208896016));
#7802=CARTESIAN_POINT('Ctrl Pts',(21.9677806902253,0.962717793355747,4.61718890405315));
#7803=CARTESIAN_POINT('Ctrl Pts',(21.9513855159683,1.12286464941292,4.53268874861605));
#7804=CARTESIAN_POINT('Ctrl Pts',(21.9323204913108,1.28406177469209,4.45332401655009));
#7805=CARTESIAN_POINT('Ctrl Pts',(21.9105492194382,1.44613880321954,4.3779966991803));
#7806=CARTESIAN_POINT('Ctrl Pts',(21.8860249029953,1.60893399578726,4.30599181457918));
#7807=CARTESIAN_POINT('Ctrl Pts',(21.8587103794841,1.77238554612141,4.2368296538801));
#7808=CARTESIAN_POINT('Ctrl Pts',(21.8285836682971,1.93629876821093,4.17023115201667));
#7809=CARTESIAN_POINT('Ctrl Pts',(21.7956299524238,2.10050992956141,4.1060204656734));
#7810=CARTESIAN_POINT('Ctrl Pts',(21.7598240495182,2.26496503878729,4.04407766090858));
#7811=CARTESIAN_POINT('Ctrl Pts',(21.721120265805,2.42964780828412,3.98433513780047));
#7812=CARTESIAN_POINT('Ctrl Pts',(21.6794667413042,2.59460146896366,3.92678973783424));
#7813=CARTESIAN_POINT('Ctrl Pts',(21.6298185127782,2.77828342517453,3.86539175329261));
#7814=CARTESIAN_POINT('Ctrl Pts',(21.5815057235114,2.94413288971745,3.81298677314238));
#7815=CARTESIAN_POINT('Ctrl Pts',(21.5298839154404,3.11072981548074,3.76352334146613));
#7816=CARTESIAN_POINT('Ctrl Pts',(21.4814996022676,3.25947816116007,3.72201850655386));
#7817=CARTESIAN_POINT('Ctrl Pts',(21.4232344265589,3.42852029020986,3.67966498551054));
#7818=CARTESIAN_POINT('Ctrl Pts',(21.3789526318637,3.55025593563118,3.65395918570361));
#7819=CARTESIAN_POINT('Ctrl Pts',(21.3511427873343,3.62410475096796,3.64154953594446));
#7820=CARTESIAN_POINT('Ctrl Pts',(21.3398287409393,3.65392842312472,3.63688568676085));
#7821=CARTESIAN_POINT('Ctrl Pts',(21.3252969645604,3.69186920862239,3.6317049995028));
#7822=CARTESIAN_POINT('Ctrl Pts',(21.3115467187508,3.72721251113613,3.62813157930588));
#7823=CARTESIAN_POINT('Ctrl Pts',(21.3017114495524,3.75222101695219,3.6266496564332));
#7824=CARTESIAN_POINT('Ctrl Pts',(21.296553412125,3.76527684666495,3.6261852374529));
#7825=CARTESIAN_POINT('Ctrl Pts',(21.2919677738567,3.7768318825223,3.626111945092));
#7826=CARTESIAN_POINT('Ctrl Pts',(21.2883073756984,3.78601101159358,3.62646144813601));
#7827=CARTESIAN_POINT('Ctrl Pts',(21.2862084068667,3.79125880612693,3.62685539584659));
#7828=CARTESIAN_POINT('Ctrl Pts',(21.2849134498907,3.79448816157482,3.62723313986248));
#7829=CARTESIAN_POINT('Ctrl Pts',(21.2841715214738,3.79633596627313,3.62749128668536));
#7830=CARTESIAN_POINT('Ctrl Pts',(21.2835471752212,3.79788767267577,3.62777751790099));
#7831=CARTESIAN_POINT('Ctrl Pts',(21.2832676104721,3.79858269852154,3.62789927225864));
#7832=CARTESIAN_POINT('Ctrl Pts',(21.2827235909016,3.79993087858061,3.62823642504227));
#7833=CARTESIAN_POINT('Ctrl Pts',(22.0109548668894,0.158426519806612,5.50574958999074));
#7834=CARTESIAN_POINT('Ctrl Pts',(22.0099914525155,0.220824857032297,5.44745110878021));
#7835=CARTESIAN_POINT('Ctrl Pts',(22.0076924787777,0.314416202039153,5.36000945856919));
#7836=CARTESIAN_POINT('Ctrl Pts',(22.0017252038181,0.470366562834921,5.21430572847246));
#7837=CARTESIAN_POINT('Ctrl Pts',(21.9968629363635,0.563910787672843,5.12690879792953));
#7838=CARTESIAN_POINT('Ctrl Pts',(21.9928915310275,0.628867262378719,5.06622015401268));
#7839=CARTESIAN_POINT('Ctrl Pts',(21.9922443533229,0.639387060282669,5.05653243906082));
#7840=CARTESIAN_POINT('Ctrl Pts',(21.9908837326696,0.660963414495316,5.03767220920407));
#7841=CARTESIAN_POINT('Ctrl Pts',(21.9881296925573,0.702772074155976,5.00369144769215));
#7842=CARTESIAN_POINT('Ctrl Pts',(21.9823723162137,0.784075678610194,4.94383604694903));
#7843=CARTESIAN_POINT('Ctrl Pts',(21.9724725981587,0.906006396088852,4.86561170812862));
#7844=CARTESIAN_POINT('Ctrl Pts',(21.9579356242527,1.05747780270777,4.77913545488807));
#7845=CARTESIAN_POINT('Ctrl Pts',(21.9407340412064,1.21221114992011,4.69818684970909));
#7846=CARTESIAN_POINT('Ctrl Pts',(21.9208576439071,1.36908286941683,4.62157547285701));
#7847=CARTESIAN_POINT('Ctrl Pts',(21.8982837106171,1.52750003291001,4.54852794673466));
#7848=CARTESIAN_POINT('Ctrl Pts',(21.8729809141165,1.68710854677257,4.47847695269011));
#7849=CARTESIAN_POINT('Ctrl Pts',(21.8449143842728,1.84768026154018,4.41103902824212));
#7850=CARTESIAN_POINT('Ctrl Pts',(21.8140738284698,2.00891745846055,4.34599670281859));
#7851=CARTESIAN_POINT('Ctrl Pts',(21.7804557712093,2.17057290901124,4.28321903253193));
#7852=CARTESIAN_POINT('Ctrl Pts',(21.7440440950956,2.33251072159316,4.22260964820374));
#7853=CARTESIAN_POINT('Ctrl Pts',(21.7048135210643,2.4946552237862,4.16412940933327));
#7854=CARTESIAN_POINT('Ctrl Pts',(21.6627295500666,2.65697388201662,4.1077876820087));
#7855=CARTESIAN_POINT('Ctrl Pts',(21.6127514922414,2.83751181804671,4.04767284111447));
#7856=CARTESIAN_POINT('Ctrl Pts',(21.5643382212614,3.0001850078267,3.99637272073878));
#7857=CARTESIAN_POINT('Ctrl Pts',(21.5129088301104,3.16303172056944,3.94796185451539));
#7858=CARTESIAN_POINT('Ctrl Pts',(21.4649309463155,3.30791636454235,3.90735176569035));
#7859=CARTESIAN_POINT('Ctrl Pts',(21.4078064135018,3.47118411823644,3.86586645698497));
#7860=CARTESIAN_POINT('Ctrl Pts',(21.365026774571,3.58712520525761,3.84059600060307));
#7861=CARTESIAN_POINT('Ctrl Pts',(21.339006599522,3.65559949204769,3.82813567424686));
#7862=CARTESIAN_POINT('Ctrl Pts',(21.328518568509,3.68302234630404,3.82340830876471));
#7863=CARTESIAN_POINT('Ctrl Pts',(21.3152593995319,3.71735905041381,3.81803298876925));
#7864=CARTESIAN_POINT('Ctrl Pts',(21.3031663087422,3.74827877841414,3.81404975402139));
#7865=CARTESIAN_POINT('Ctrl Pts',(21.2950350689812,3.76890438789311,3.811963839256));
#7866=CARTESIAN_POINT('Ctrl Pts',(21.2909528037388,3.77922670375646,3.81106499058324));
#7867=CARTESIAN_POINT('Ctrl Pts',(21.287535085066,3.78784138598975,3.81046491580436));
#7868=CARTESIAN_POINT('Ctrl Pts',(21.2851327335562,3.79388238417847,3.81016292292498));
#7869=CARTESIAN_POINT('Ctrl Pts',(21.2839289849389,3.79690576214515,3.81005614579291));
#7870=CARTESIAN_POINT('Ctrl Pts',(21.2833264820854,3.79841813223269,3.81001897286739));
#7871=CARTESIAN_POINT('Ctrl Pts',(21.2830250823787,3.79917446506066,3.81000621908776));
#7872=CARTESIAN_POINT('Ctrl Pts',(21.2828528139702,3.79960669152751,3.81000137848799));
#7873=CARTESIAN_POINT('Ctrl Pts',(21.2827666671391,3.7998228150713,3.80999999999996));
#7874=CARTESIAN_POINT('Ctrl Pts',(21.2827235909016,3.79993087858061,3.80999999999996));
#7875=CARTESIAN_POINT('',(21.1845608729826,-4.16333634234427E-16,4.5));
#7876=CARTESIAN_POINT('Ctrl Pts',(21.9824276742513,-3.49546780409327E-15,
5.35));
#7877=CARTESIAN_POINT('Ctrl Pts',(21.978471310495,-3.25743967640893E-15,
5.33015141620518));
#7878=CARTESIAN_POINT('Ctrl Pts',(21.9741174445207,-1.2590393541711E-14,
5.31039360582167));
#7879=CARTESIAN_POINT('Ctrl Pts',(21.94183582592,-8.13881660413221E-15,
5.17697674576397));
#7880=CARTESIAN_POINT('Ctrl Pts',(21.9006203559518,-5.92936516885181E-15,
5.06579184109962));
#7881=CARTESIAN_POINT('Ctrl Pts',(21.7882786243328,-4.60673070991184E-15,
4.85870033216011));
#7882=CARTESIAN_POINT('Ctrl Pts',(21.7159265656663,-5.10971169278315E-15,
4.76182190449085));
#7883=CARTESIAN_POINT('Ctrl Pts',(21.5616358714623,-3.69695388645481E-15,
4.62392117716173));
#7884=CARTESIAN_POINT('Ctrl Pts',(21.4867372993584,2.06838139606045E-11,
4.57516000379065));
#7885=CARTESIAN_POINT('Ctrl Pts',(21.3340780590923,1.94444114541645E-11,
4.51501414961109));
#7886=CARTESIAN_POINT('Ctrl Pts',(21.2601149031348,-6.26884050333678E-16,
4.5));
#7887=CARTESIAN_POINT('Ctrl Pts',(21.1845608729826,-6.24500451351651E-16,
4.5));
#7888=CARTESIAN_POINT('',(20.5302998618274,3.50000000000002,2.99999999999996));
#7889=CARTESIAN_POINT('Ctrl Pts',(21.1846505117452,3.87460771123719E-6,
4.49999861198017));
#7890=CARTESIAN_POINT('Ctrl Pts',(21.1846206623668,0.000510378410976595,
4.49948481679646));
#7891=CARTESIAN_POINT('Ctrl Pts',(21.1845907748282,0.00101707781119522,
4.49897082284428));
#7892=CARTESIAN_POINT('Ctrl Pts',(21.1844138101762,0.0040145972801877,4.49593014832078));
#7893=CARTESIAN_POINT('Ctrl Pts',(21.1838177146054,0.025849546825811,4.47408499801612));
#7894=CARTESIAN_POINT('Ctrl Pts',(21.1825644885761,0.0621424403462974,4.43981653368833));
#7895=CARTESIAN_POINT('Ctrl Pts',(21.1800278265417,0.129487306643114,4.3803418872362));
#7896=CARTESIAN_POINT('Ctrl Pts',(21.1747248834497,0.242156633435713,4.29082183300761));
#7897=CARTESIAN_POINT('Ctrl Pts',(21.1656065562222,0.391707050340099,4.18688333591291));
#7898=CARTESIAN_POINT('Ctrl Pts',(21.1522169945969,0.561668740806875,4.08176782716815));
#7899=CARTESIAN_POINT('Ctrl Pts',(21.1363731430675,0.727528727490297,3.98757359727818));
#7900=CARTESIAN_POINT('Ctrl Pts',(21.1180656020173,0.890465839074964,3.90123270910237));
#7901=CARTESIAN_POINT('Ctrl Pts',(21.0972734431493,1.05175246695403,3.82049577572694));
#7902=CARTESIAN_POINT('Ctrl Pts',(21.0739678119202,1.2119311777631,3.74418425831453));
#7903=CARTESIAN_POINT('Ctrl Pts',(21.0481165905187,1.37149476066285,3.67143076769062));
#7904=CARTESIAN_POINT('Ctrl Pts',(21.0197102987308,1.53062551783595,3.60174153976247));
#7905=CARTESIAN_POINT('Ctrl Pts',(20.9887457353818,1.68948172814101,3.53476597927307));
#7906=CARTESIAN_POINT('Ctrl Pts',(20.9552080552318,1.84825475918063,3.47024862037508));
#7907=CARTESIAN_POINT('Ctrl Pts',(20.9190739745085,2.00719753959569,3.40801070780149));
#7908=CARTESIAN_POINT('Ctrl Pts',(20.8803117171942,2.16658688037479,3.34793725430512));
#7909=CARTESIAN_POINT('Ctrl Pts',(20.8342784581751,2.34469015906212,3.28355005410785));
#7910=CARTESIAN_POINT('Ctrl Pts',(20.7896864764144,2.50654089659034,3.22810286733772));
#7911=CARTESIAN_POINT('Ctrl Pts',(20.7423164387005,2.67108433435292,3.17498978818128));
#7912=CARTESIAN_POINT('Ctrl Pts',(20.6981254787468,2.81973041014386,3.12963830584448));
#7913=CARTESIAN_POINT('Ctrl Pts',(20.6455098204002,2.99392135219611,3.08153802010839));
#7914=CARTESIAN_POINT('Ctrl Pts',(20.6061068046502,3.12533186551862,3.05002755293415));
#7915=CARTESIAN_POINT('Ctrl Pts',(20.5821404180023,3.21275685180667,3.03271955206159));
#7916=CARTESIAN_POINT('Ctrl Pts',(20.57248021372,3.24901168085773,3.02591907998265));
#7917=CARTESIAN_POINT('Ctrl Pts',(20.5602675990955,3.29733574080511,3.0176680643864));
#7918=CARTESIAN_POINT('Ctrl Pts',(20.5491290233907,3.34682846575095,3.01062636670192));
#7919=CARTESIAN_POINT('Ctrl Pts',(20.5416395873792,3.3871696598843,3.00616514458564));
#7920=CARTESIAN_POINT('Ctrl Pts',(20.5378795378401,3.4101336171318,3.00399175615095));
#7921=CARTESIAN_POINT('Ctrl Pts',(20.5347315818017,3.43268605582935,3.00223809453519));
#7922=CARTESIAN_POINT('Ctrl Pts',(20.5325188493723,3.45406593738153,3.00106171258084));
#7923=CARTESIAN_POINT('Ctrl Pts',(20.5314101133729,3.46815200619847,3.00049610741281));
#7924=CARTESIAN_POINT('Ctrl Pts',(20.5308551664397,3.47833250351089,3.00022746384765));
#7925=CARTESIAN_POINT('Ctrl Pts',(20.5305775563971,3.48463137164472,3.00009844856073));
#7926=CARTESIAN_POINT('Ctrl Pts',(20.5304188852399,3.49080448613869,3.00003354582481));
#7927=CARTESIAN_POINT('Ctrl Pts',(20.5303395380311,3.49347110336085,2.99999999999996));
#7928=CARTESIAN_POINT('Ctrl Pts',(20.5302998618274,3.50000000000002,2.99999999999996));
#7929=CARTESIAN_POINT('',(21.2827235909016,3.79993087858061,3.80999999999996));
#7930=CARTESIAN_POINT('Origin',(20.5302998618274,3.5,3.80999999999996));
#7931=CARTESIAN_POINT('Ctrl Pts',(21.2827235909016,3.79993087858061,3.80999999999996));
#7932=CARTESIAN_POINT('Ctrl Pts',(21.2827666671391,3.7998228150713,3.80999999999996));
#7933=CARTESIAN_POINT('Ctrl Pts',(21.2828528139702,3.79960669152751,3.81000137848799));
#7934=CARTESIAN_POINT('Ctrl Pts',(21.2830250823787,3.79917446506066,3.81000621908776));
#7935=CARTESIAN_POINT('Ctrl Pts',(21.2833264820854,3.79841813223269,3.81001897286739));
#7936=CARTESIAN_POINT('Ctrl Pts',(21.2839289849389,3.79690576214515,3.81005614579291));
#7937=CARTESIAN_POINT('Ctrl Pts',(21.2851327335562,3.79388238417847,3.81016292292498));
#7938=CARTESIAN_POINT('Ctrl Pts',(21.287535085066,3.78784138598975,3.81046491580436));
#7939=CARTESIAN_POINT('Ctrl Pts',(21.2909528037388,3.77922670375646,3.81106499058324));
#7940=CARTESIAN_POINT('Ctrl Pts',(21.2950350689812,3.76890438789311,3.811963839256));
#7941=CARTESIAN_POINT('Ctrl Pts',(21.3031663087422,3.74827877841414,3.81404975402139));
#7942=CARTESIAN_POINT('Ctrl Pts',(21.3152593995319,3.71735905041381,3.81803298876925));
#7943=CARTESIAN_POINT('Ctrl Pts',(21.328518568509,3.68302234630404,3.82340830876471));
#7944=CARTESIAN_POINT('Ctrl Pts',(21.339006599522,3.65559949204769,3.82813567424686));
#7945=CARTESIAN_POINT('Ctrl Pts',(21.365026774571,3.58712520525761,3.84059600060307));
#7946=CARTESIAN_POINT('Ctrl Pts',(21.4078064135018,3.47118411823644,3.86586645698497));
#7947=CARTESIAN_POINT('Ctrl Pts',(21.4649309463155,3.30791636454235,3.90735176569035));
#7948=CARTESIAN_POINT('Ctrl Pts',(21.5129088301104,3.16303172056944,3.94796185451539));
#7949=CARTESIAN_POINT('Ctrl Pts',(21.5643382212614,3.0001850078267,3.99637272073878));
#7950=CARTESIAN_POINT('Ctrl Pts',(21.6127514922414,2.83751181804671,4.04767284111447));
#7951=CARTESIAN_POINT('Ctrl Pts',(21.6627295500666,2.65697388201662,4.1077876820087));
#7952=CARTESIAN_POINT('Ctrl Pts',(21.7048135210643,2.4946552237862,4.16412940933327));
#7953=CARTESIAN_POINT('Ctrl Pts',(21.7440440950956,2.33251072159316,4.22260964820374));
#7954=CARTESIAN_POINT('Ctrl Pts',(21.7804557712093,2.17057290901124,4.28321903253193));
#7955=CARTESIAN_POINT('Ctrl Pts',(21.8140738284698,2.00891745846055,4.34599670281859));
#7956=CARTESIAN_POINT('Ctrl Pts',(21.8449143842728,1.84768026154018,4.41103902824212));
#7957=CARTESIAN_POINT('Ctrl Pts',(21.8729809141165,1.68710854677257,4.47847695269011));
#7958=CARTESIAN_POINT('Ctrl Pts',(21.8982837106171,1.52750003291001,4.54852794673466));
#7959=CARTESIAN_POINT('Ctrl Pts',(21.9208576439071,1.36908286941683,4.62157547285701));
#7960=CARTESIAN_POINT('Ctrl Pts',(21.9407340412064,1.21221114992011,4.69818684970909));
#7961=CARTESIAN_POINT('Ctrl Pts',(21.9579356242527,1.05747780270777,4.77913545488807));
#7962=CARTESIAN_POINT('Ctrl Pts',(21.9724725981587,0.906006396088852,4.86561170812862));
#7963=CARTESIAN_POINT('Ctrl Pts',(21.9823723162137,0.784075678610194,4.94383604694903));
#7964=CARTESIAN_POINT('Ctrl Pts',(21.9881296925573,0.702772074155976,5.00369144769215));
#7965=CARTESIAN_POINT('Ctrl Pts',(21.9908837326696,0.660963414495316,5.03767220920407));
#7966=CARTESIAN_POINT('Ctrl Pts',(21.9922443533229,0.639387060282669,5.05653243906082));
#7967=CARTESIAN_POINT('Ctrl Pts',(21.9928915310275,0.628867262378719,5.06622015401268));
#7968=CARTESIAN_POINT('Ctrl Pts',(21.9968629363635,0.563910787672843,5.12690879792953));
#7969=CARTESIAN_POINT('Ctrl Pts',(22.0017252038181,0.470366562834921,5.21430572847246));
#7970=CARTESIAN_POINT('Ctrl Pts',(22.0055666906467,0.369972117971741,5.30810381283029));
#7971=CARTESIAN_POINT('Ctrl Pts',(22.0068097723041,0.331954330137309,5.34362360914897));
#7972=CARTESIAN_POINT('Ctrl Pts',(22.0070261116985,0.325129370256371,5.35000012787991));
#7973=CARTESIAN_POINT('Origin',(21.4861610299606,-4.58602659910408,3.81));
#7974=CARTESIAN_POINT('',(20.3010504366517,-4.02780363144063,3.));
#7975=CARTESIAN_POINT('',(21.0338287424381,-4.37296439770582,3.81));
#7976=CARTESIAN_POINT('Origin',(20.3010504366517,-4.02780363144063,3.81));
#7977=CARTESIAN_POINT('Origin',(21.4861610299606,-4.58602659910408,3.81));
#7978=CARTESIAN_POINT('Origin',(21.4861610299606,-4.58602659910408,3.));
#7979=CARTESIAN_POINT('Origin',(11.7499999999985,2.77555756156289E-16,3.81));
#7980=CARTESIAN_POINT('',(20.5302998618274,-3.50000000000002,2.99999999999996));
#7981=CARTESIAN_POINT('',(21.2827235909016,-3.79993087858063,3.81));
#7982=CARTESIAN_POINT('Origin',(20.5302998618274,-3.50000000000002,3.81));
#7983=CARTESIAN_POINT('Origin',(11.7499999999985,2.77555756156289E-16,3.81));
#7984=CARTESIAN_POINT('Origin',(11.7499999999985,2.77555756156289E-16,3.));
#7985=CARTESIAN_POINT('Ctrl Pts',(20.5302998618274,-3.50000000000002,2.99999999999996));
#7986=CARTESIAN_POINT('Ctrl Pts',(20.5303395380311,-3.49347110336094,2.99999999999996));
#7987=CARTESIAN_POINT('Ctrl Pts',(20.5304188852417,-3.4908044848331,3.00003354583716));
#7988=CARTESIAN_POINT('Ctrl Pts',(20.530577556412,-3.48463136353286,3.0000984484976));
#7989=CARTESIAN_POINT('Ctrl Pts',(20.530855166449,-3.4783324960485,3.00022746401545));
#7990=CARTESIAN_POINT('Ctrl Pts',(20.5314101136034,-3.46815188862122,3.00049610597533));
#7991=CARTESIAN_POINT('Ctrl Pts',(20.5325188491849,-3.45406598862972,3.00106171820218));
#7992=CARTESIAN_POINT('Ctrl Pts',(20.5347315868717,-3.43268355355602,3.00223805670883));
#7993=CARTESIAN_POINT('Ctrl Pts',(20.5391387092694,-3.4011179534395,3.0046933990272));
#7994=CARTESIAN_POINT('Ctrl Pts',(20.5453909828406,-3.36618673175906,3.00837202764732));
#7995=CARTESIAN_POINT('Ctrl Pts',(20.5528412541731,-3.3305277831694,3.01297476424678));
#7996=CARTESIAN_POINT('Ctrl Pts',(20.5602431828948,-3.29834779639754,3.0177319267856));
#7997=CARTESIAN_POINT('Ctrl Pts',(20.5675953358857,-3.26838146083995,3.02261900380607));
#7998=CARTESIAN_POINT('Ctrl Pts',(20.5773282731484,-3.23053711497198,3.02928644227921));
#7999=CARTESIAN_POINT('Ctrl Pts',(20.589357860144,-3.18626839781999,3.03787004962857));
#8000=CARTESIAN_POINT('Ctrl Pts',(20.6035762431073,-3.1360353982269,3.04850542852806));
#8001=CARTESIAN_POINT('Ctrl Pts',(20.622264651501,-3.0717211763489,3.06308314605419));
#8002=CARTESIAN_POINT('Ctrl Pts',(20.6725723114448,-2.90336748708793,3.1046914911695));
#8003=CARTESIAN_POINT('Ctrl Pts',(20.7378837270071,-2.68862745800521,3.16836867331802));
#8004=CARTESIAN_POINT('Ctrl Pts',(20.8101155751464,-2.43408631056546,3.25225231023211));
#8005=CARTESIAN_POINT('Ctrl Pts',(20.8671470683093,-2.2198253838415,3.32811171031398));
#8006=CARTESIAN_POINT('Ctrl Pts',(20.9281261262405,-1.97166113910379,3.42101395130941));
#8007=CARTESIAN_POINT('Ctrl Pts',(20.9900282234205,-1.68957488944855,3.5335219071294));
#8008=CARTESIAN_POINT('Ctrl Pts',(21.0493967414393,-1.37164514412903,3.669980242578));
#8009=CARTESIAN_POINT('Ctrl Pts',(21.0985326275591,-1.05234517453621,3.81823993565214));
#8010=CARTESIAN_POINT('Ctrl Pts',(21.1376015298591,-0.72873505804389,3.98406285502031));
#8011=CARTESIAN_POINT('Ctrl Pts',(21.1619597164998,-0.451855285445227,4.14508371635816));
#8012=CARTESIAN_POINT('Ctrl Pts',(21.1747247676269,-0.244453308880435,4.28847958817296));
#8013=CARTESIAN_POINT('Ctrl Pts',(21.1800278198973,-0.131480673340557,4.3783315842416));
#8014=CARTESIAN_POINT('Ctrl Pts',(21.1823954009585,-0.0701836380833831,
4.4322426489404));
#8015=CARTESIAN_POINT('Ctrl Pts',(21.1836628299542,-0.0327501160459832,
4.46736967933429));
#8016=CARTESIAN_POINT('Ctrl Pts',(21.1842667713094,-0.0130157951122898,
4.48680021914877));
#8017=CARTESIAN_POINT('Ctrl Pts',(21.1849997178757,0.0120180668290695,4.51219319121293));
#8018=CARTESIAN_POINT('Ctrl Pts',(21.1858610324673,0.0228016667594019,4.5231315344917));
#8019=CARTESIAN_POINT('Ctrl Pts',(21.1875180089988,0.0533717085078772,4.55414027787117));
#8020=CARTESIAN_POINT('Ctrl Pts',(21.190245410096,0.101913047011088,4.60337813521054));
#8021=CARTESIAN_POINT('Ctrl Pts',(21.1963727488859,0.231910743937928,4.7352421036862));
#8022=CARTESIAN_POINT('Ctrl Pts',(21.1997203408713,0.344693286396692,4.84964288976308));
#8023=CARTESIAN_POINT('Ctrl Pts',(21.201051395842,0.430902937385693,4.93709046326345));
#8024=CARTESIAN_POINT('Ctrl Pts',(20.755424515127,-3.58973910902226,2.99999999999996));
#8025=CARTESIAN_POINT('Ctrl Pts',(20.7558955756829,-3.58335865307521,2.9992659246637));
#8026=CARTESIAN_POINT('Ctrl Pts',(20.7561433816914,-3.58073798902084,2.99901615424888));
#8027=CARTESIAN_POINT('Ctrl Pts',(20.7566949886816,-3.57467734443089,2.99841889234786));
#8028=CARTESIAN_POINT('Ctrl Pts',(20.7573591117682,-3.56846704040549,2.99790308729505));
#8029=CARTESIAN_POINT('Ctrl Pts',(20.7585250434302,-3.55840673343801,2.99715890136284));
#8030=CARTESIAN_POINT('Ctrl Pts',(20.7604349182283,-3.54441436781118,2.99641773181754));
#8031=CARTESIAN_POINT('Ctrl Pts',(20.763792181391,-3.52306744128734,2.99576329752235));
#8032=CARTESIAN_POINT('Ctrl Pts',(20.7697281236476,-3.49133861687037,2.99585782521812));
#8033=CARTESIAN_POINT('Ctrl Pts',(20.7774650548686,-3.4559910123435,2.99735985621348));
#8034=CARTESIAN_POINT('Ctrl Pts',(20.7862488956338,-3.41975943072751,3.00011642223915));
#8035=CARTESIAN_POINT('Ctrl Pts',(20.7947384322369,-3.38695980998039,3.00344310108106));
#8036=CARTESIAN_POINT('Ctrl Pts',(20.8030168439689,-3.35635613896674,3.00717089470967));
#8037=CARTESIAN_POINT('Ctrl Pts',(20.8138337453791,-3.31764120454949,3.01254293070121));
#8038=CARTESIAN_POINT('Ctrl Pts',(20.826975517644,-3.27231712715119,3.0199128534217));
#8039=CARTESIAN_POINT('Ctrl Pts',(20.8423231993829,-3.22079477303009,3.02941795280873));
#8040=CARTESIAN_POINT('Ctrl Pts',(20.8623122379423,-3.15477067870565,3.04281207943334));
#8041=CARTESIAN_POINT('Ctrl Pts',(20.9155007125042,-2.98183715848925,3.08224736450161));
#8042=CARTESIAN_POINT('Ctrl Pts',(20.9829990150834,-2.76143460572951,3.14554771894364));
#8043=CARTESIAN_POINT('Ctrl Pts',(21.057220434878,-2.49986365618505,3.22961198155616));
#8044=CARTESIAN_POINT('Ctrl Pts',(21.1154267051055,-2.2798243672706,3.30621121407772));
#8045=CARTESIAN_POINT('Ctrl Pts',(21.1774166844097,-2.02507406916416,3.40023792097477));
#8046=CARTESIAN_POINT('Ctrl Pts',(21.240005299039,-1.73570190223787,3.51437264243629));
#8047=CARTESIAN_POINT('Ctrl Pts',(21.2996912251481,-1.40977686595493,3.65289126941028));
#8048=CARTESIAN_POINT('Ctrl Pts',(21.3487529770368,-1.08276151825043,3.80333121366565));
#8049=CARTESIAN_POINT('Ctrl Pts',(21.3874108137785,-0.75152316031512,3.97153220951981));
#8050=CARTESIAN_POINT('Ctrl Pts',(21.4112340335653,-0.468761473758757,4.13433184903586));
#8051=CARTESIAN_POINT('Ctrl Pts',(21.4236041214139,-0.256998734368851,4.27918966205033));
#8052=CARTESIAN_POINT('Ctrl Pts',(21.4287839475901,-0.141697401998438,4.36982248507202));
#8053=CARTESIAN_POINT('Ctrl Pts',(21.431140506324,-0.0791201553715623,4.42417010772532));
#8054=CARTESIAN_POINT('Ctrl Pts',(21.4324285401242,-0.0408783691384357,
4.45958614757471));
#8055=CARTESIAN_POINT('Ctrl Pts',(21.4330554343821,-0.0207151080959699,
4.47916981867702));
#8056=CARTESIAN_POINT('Ctrl Pts',(21.4338221166372,0.00486707702447669,
4.50476623571964));
#8057=CARTESIAN_POINT('Ctrl Pts',(21.4344791477546,0.0157248674284682,4.51588776371811));
#8058=CARTESIAN_POINT('Ctrl Pts',(21.435841512441,0.0467190959357339,4.54729281741939));
#8059=CARTESIAN_POINT('Ctrl Pts',(21.4379923679099,0.0958506242248076,4.59719552150623));
#8060=CARTESIAN_POINT('Ctrl Pts',(21.4426744748298,0.227528230675954,4.7308294500396));
#8061=CARTESIAN_POINT('Ctrl Pts',(21.4447610689918,0.341756270880079,4.84660373034396));
#8062=CARTESIAN_POINT('Ctrl Pts',(21.4450847114183,0.429045889019135,4.93520674871798));
#8063=CARTESIAN_POINT('Ctrl Pts',(21.1452145517596,-3.74511707443152,3.20338406661337));
#8064=CARTESIAN_POINT('Ctrl Pts',(21.1463724316837,-3.74064641265873,3.20225214431476));
#8065=CARTESIAN_POINT('Ctrl Pts',(21.1468885025422,-3.73874830388525,3.20184000801629));
#8066=CARTESIAN_POINT('Ctrl Pts',(21.1480658285817,-3.7343831801588,3.2008674067197));
#8067=CARTESIAN_POINT('Ctrl Pts',(21.149345580626,-3.72979775947531,3.1999702318892));
#8068=CARTESIAN_POINT('Ctrl Pts',(21.1514848875046,-3.72226726870217,3.19861352282448));
#8069=CARTESIAN_POINT('Ctrl Pts',(21.1546719584681,-3.7114655438753,3.19703759707989));
#8070=CARTESIAN_POINT('Ctrl Pts',(21.1598558773503,-3.69448089581783,3.19514868973145));
#8071=CARTESIAN_POINT('Ctrl Pts',(21.1682407283533,-3.66815015750804,3.19350964800164));
#8072=CARTESIAN_POINT('Ctrl Pts',(21.1783672652219,-3.6375121174024,3.19325384459349));
#8073=CARTESIAN_POINT('Ctrl Pts',(21.1893323147047,-3.60506528462572,3.19436035074427));
#8074=CARTESIAN_POINT('Ctrl Pts',(21.1996016868681,-3.57503898490782,3.19633325677336));
#8075=CARTESIAN_POINT('Ctrl Pts',(21.209403408404,-3.54656314701935,3.19890017433157));
#8076=CARTESIAN_POINT('Ctrl Pts',(21.2219969785389,-3.51009042239722,3.20292851897803));
#8077=CARTESIAN_POINT('Ctrl Pts',(21.2370255925515,-3.46665248206811,3.20885761306501));
#8078=CARTESIAN_POINT('Ctrl Pts',(21.2542637892839,-3.41663643262631,3.21696410006664));
#8079=CARTESIAN_POINT('Ctrl Pts',(21.2764320089212,-3.35189612230407,3.22878604320863));
#8080=CARTESIAN_POINT('Ctrl Pts',(21.3345288764202,-3.1801126511051,3.26481360740041));
#8081=CARTESIAN_POINT('Ctrl Pts',(21.406210447673,-2.95555297595513,3.32559334796151));
#8082=CARTESIAN_POINT('Ctrl Pts',(21.4838272204958,-2.68802656245699,3.40804222936023));
#8083=CARTESIAN_POINT('Ctrl Pts',(21.544139534813,-2.46192387902226,3.48372658599743));
#8084=CARTESIAN_POINT('Ctrl Pts',(21.6079201922803,-2.19984506576659,3.57701463245417));
#8085=CARTESIAN_POINT('Ctrl Pts',(21.6717934955351,-1.90192658035025,3.69049757812294));
#8086=CARTESIAN_POINT('Ctrl Pts',(21.7321243509991,-1.56701207286145,3.82813571765639));
#8087=CARTESIAN_POINT('Ctrl Pts',(21.7811544277013,-1.23216344215657,3.97724708034767));
#8088=CARTESIAN_POINT('Ctrl Pts',(21.8192549192158,-0.895795654287684,4.14261044992792));
#8089=CARTESIAN_POINT('Ctrl Pts',(21.8421787505751,-0.612074801256953,4.30122106730703));
#8090=CARTESIAN_POINT('Ctrl Pts',(21.8539451532538,-0.405661219510817,4.43837060459886));
#8091=CARTESIAN_POINT('Ctrl Pts',(21.8589328704273,-0.296415457580842,4.52185019562925));
#8092=CARTESIAN_POINT('Ctrl Pts',(21.8612730048076,-0.238482497790387,4.57078912767152));
#8093=CARTESIAN_POINT('Ctrl Pts',(21.862596991549,-0.20366183655959,4.6021639315503));
#8094=CARTESIAN_POINT('Ctrl Pts',(21.8632601933793,-0.185516281794148,4.61932164379617));
#8095=CARTESIAN_POINT('Ctrl Pts',(21.8640802690367,-0.162606389672966,4.64164113879474));
#8096=CARTESIAN_POINT('Ctrl Pts',(21.864414344267,-0.150326244153264,4.65380842410006));
#8097=CARTESIAN_POINT('Ctrl Pts',(21.8653099929358,-0.118661583910971,4.68497036867379));
#8098=CARTESIAN_POINT('Ctrl Pts',(21.8665332925224,-0.0671671324787298,
4.73574433164103));
#8099=CARTESIAN_POINT('Ctrl Pts',(21.868934618454,0.0692969161685417,4.87020116482962));
#8100=CARTESIAN_POINT('Ctrl Pts',(21.868759384335,0.188323193826692,4.98762584620947));
#8101=CARTESIAN_POINT('Ctrl Pts',(21.867485974286,0.278836669731907,5.07686013684143));
#8102=CARTESIAN_POINT('Ctrl Pts',(21.2827235909016,-3.79993087858063,3.62823642504227));
#8103=CARTESIAN_POINT('Ctrl Pts',(21.2832676104721,-3.79858269852157,3.62789927225864));
#8104=CARTESIAN_POINT('Ctrl Pts',(21.283547175322,-3.79788767242755,3.62777751789719));
#8105=CARTESIAN_POINT('Ctrl Pts',(21.284171522133,-3.79633596468856,3.62749128611422));
#8106=CARTESIAN_POINT('Ctrl Pts',(21.2849134504431,-3.79448816018257,3.62723314022029));
#8107=CARTESIAN_POINT('Ctrl Pts',(21.2862084165402,-3.79125878299254,3.62685538551899));
#8108=CARTESIAN_POINT('Ctrl Pts',(21.2883073702561,-3.78601102306691,3.62646147214268));
#8109=CARTESIAN_POINT('Ctrl Pts',(21.2919679800601,-3.77683138663727,3.62611169621964));
#8110=CARTESIAN_POINT('Ctrl Pts',(21.2983872556438,-3.76065595823853,3.62621549143613));
#8111=CARTESIAN_POINT('Ctrl Pts',(21.3067008316402,-3.73955493092124,3.6272946006368));
#8112=CARTESIAN_POINT('Ctrl Pts',(21.3161086687081,-3.7154656174399,3.62933321824495));
#8113=CARTESIAN_POINT('Ctrl Pts',(21.3251790024719,-3.69206541062109,3.63188333283321));
#8114=CARTESIAN_POINT('Ctrl Pts',(21.3340106741111,-3.66910971270488,3.63481471158406));
#8115=CARTESIAN_POINT('Ctrl Pts',(21.3455353835219,-3.63894171016664,3.63913646003459));
#8116=CARTESIAN_POINT('Ctrl Pts',(21.3595290459152,-3.60187652594111,3.64517566233342));
#8117=CARTESIAN_POINT('Ctrl Pts',(21.3758467141188,-3.55806581343644,3.65319279965738));
#8118=CARTESIAN_POINT('Ctrl Pts',(21.3970811344219,-3.50025588491984,3.66470664605766));
#8119=CARTESIAN_POINT('Ctrl Pts',(21.4535393804629,-3.34322092248799,3.69933135095245));
#8120=CARTESIAN_POINT('Ctrl Pts',(21.5251261941534,-3.12902725385545,3.7571087630869));
#8121=CARTESIAN_POINT('Ctrl Pts',(21.603699915373,-2.87027657566648,3.83567694357875));
#8122=CARTESIAN_POINT('Ctrl Pts',(21.6653008380919,-2.649623123315,3.90781824675202));
#8123=CARTESIAN_POINT('Ctrl Pts',(21.7308721188968,-2.39293553429694,3.99676112925298));
#8124=CARTESIAN_POINT('Ctrl Pts',(21.7970502703672,-2.10042138563345,4.10488756887864));
#8125=CARTESIAN_POINT('Ctrl Pts',(21.8601199626023,-1.77214251075635,4.23558342429758));
#8126=CARTESIAN_POINT('Ctrl Pts',(21.911925234002,-1.44577456755798,4.37633883688211));
#8127=CARTESIAN_POINT('Ctrl Pts',(21.95271755314,-1.12236864072284,4.53027219870827));
#8128=CARTESIAN_POINT('Ctrl Pts',(21.9778037414321,-0.856546382786949,4.67464727952709));
#8129=CARTESIAN_POINT('Ctrl Pts',(21.9908287239367,-0.674289194806218,4.79239678537014));
#8130=CARTESIAN_POINT('Ctrl Pts',(21.996285079296,-0.584242849004136,4.85933383474701));
#8131=CARTESIAN_POINT('Ctrl Pts',(21.9987715212653,-0.539374007539288,4.89620446535385));
#8132=CARTESIAN_POINT('Ctrl Pts',(22.0001336125943,-0.513660298823874,4.91873824837223));
#8133=CARTESIAN_POINT('Ctrl Pts',(22.0007973846242,-0.500757031838693,4.93061405637189));
#8134=CARTESIAN_POINT('Ctrl Pts',(22.0016096955913,-0.484719515612229,4.94581591593436));
#8135=CARTESIAN_POINT('Ctrl Pts',(22.0022843471843,-0.470044479740598,4.9596612751152));
#8136=CARTESIAN_POINT('Ctrl Pts',(22.0036946933646,-0.438569913420657,4.98939741403063));
#8137=CARTESIAN_POINT('Ctrl Pts',(22.0059073621675,-0.384660834287134,5.04031386256216));
#8138=CARTESIAN_POINT('Ctrl Pts',(22.0107119528757,-0.244811914428082,5.17242149566027));
#8139=CARTESIAN_POINT('Ctrl Pts',(22.012730067006,-0.121205289821534,5.28926212112365));
#8140=CARTESIAN_POINT('Ctrl Pts',(22.0129670041397,-0.0281045917803698,
5.37724189392989));
#8141=CARTESIAN_POINT('Ctrl Pts',(21.2827235909016,-3.79993087858063,3.80999999999996));
#8142=CARTESIAN_POINT('Ctrl Pts',(21.2827666671391,-3.79982281507131,3.80999999999996));
#8143=CARTESIAN_POINT('Ctrl Pts',(21.2828528139723,-3.79960669152158,3.81000137855214));
#8144=CARTESIAN_POINT('Ctrl Pts',(21.283025082395,-3.79917446502031,3.810006218896));
#8145=CARTESIAN_POINT('Ctrl Pts',(21.2833264820955,-3.7984181321988,3.81001897364222));
#8146=CARTESIAN_POINT('Ctrl Pts',(21.2839289851891,-3.79690576154329,3.81005614080532));
#8147=CARTESIAN_POINT('Ctrl Pts',(21.2851327333527,-3.79388238447726,3.81016294610296));
#8148=CARTESIAN_POINT('Ctrl Pts',(21.2875350905705,-3.78784137301578,3.81046477913197));
#8149=CARTESIAN_POINT('Ctrl Pts',(21.2923198792804,-3.77578085501759,3.81130571923918));
#8150=CARTESIAN_POINT('Ctrl Pts',(21.2991079385388,-3.75858948846372,3.81294855450666));
#8151=CARTESIAN_POINT('Ctrl Pts',(21.3071966574218,-3.73797393483694,3.81538097345198));
#8152=CARTESIAN_POINT('Ctrl Pts',(21.3152328909963,-3.71736148906669,3.81817420593825));
#8153=CARTESIAN_POINT('Ctrl Pts',(21.3232150833317,-3.69675658181257,3.82125866970398));
#8154=CARTESIAN_POINT('Ctrl Pts',(21.3337820801442,-3.66930413099159,3.82570252802162));
#8155=CARTESIAN_POINT('Ctrl Pts',(21.3468425370245,-3.63504466567395,3.83178787624324));
#8156=CARTESIAN_POINT('Ctrl Pts',(21.3622793577291,-3.59402517990679,3.83976503725058));
#8157=CARTESIAN_POINT('Ctrl Pts',(21.3825692606224,-3.5394048194663,3.85114529867685));
#8158=CARTESIAN_POINT('Ctrl Pts',(21.4371880121794,-3.38944144256116,3.88516906564209));
#8159=CARTESIAN_POINT('Ctrl Pts',(21.508096259242,-3.18107998168276,3.94167471076393));
#8160=CARTESIAN_POINT('Ctrl Pts',(21.5865179821453,-2.92784639319287,4.01858239039912));
#8161=CARTESIAN_POINT('Ctrl Pts',(21.6484367626941,-2.71109776841407,4.08921156417058));
#8162=CARTESIAN_POINT('Ctrl Pts',(21.7146413927455,-2.45855362934178,4.17629762507397));
#8163=CARTESIAN_POINT('Ctrl Pts',(21.7818481614664,-2.1704546118442,4.28213602044108));
#8164=CARTESIAN_POINT('Ctrl Pts',(21.8463042371336,-1.84735140827907,4.40986579835538));
#8165=CARTESIAN_POINT('Ctrl Pts',(21.8996508002516,-1.5268880859016,4.54704796806418));
#8166=CARTESIAN_POINT('Ctrl Pts',(21.942067694035,-1.21125706526555,4.69609996284268));
#8167=CARTESIAN_POINT('Ctrl Pts',(21.9685132441957,-0.954832343943978,4.83437329568903));
#8168=CARTESIAN_POINT('Ctrl Pts',(21.9823721904655,-0.784068348374581,4.9438290137242));
#8169=CARTESIAN_POINT('Ctrl Pts',(21.9881296853436,-0.702775126480564,5.003694182362));
#8170=CARTESIAN_POINT('Ctrl Pts',(21.990700155167,-0.663749996776206,5.03540640721711));
#8171=CARTESIAN_POINT('Ctrl Pts',(21.9920761959033,-0.642071999566983,5.05416238523614));
#8172=CARTESIAN_POINT('Ctrl Pts',(21.9927318917331,-0.631478566938451,5.06378087439189));
#8173=CARTESIAN_POINT('Ctrl Pts',(21.9935276478159,-0.618463147272588,5.07594100148567));
#8174=CARTESIAN_POINT('Ctrl Pts',(21.9944627723624,-0.602876168552267,5.09050375875266));
#8175=CARTESIAN_POINT('Ctrl Pts',(21.9962617427302,-0.571700196356343,5.11963118363686));
#8176=CARTESIAN_POINT('Ctrl Pts',(21.9992228672009,-0.517137100343368,5.17060892516595));
#8177=CARTESIAN_POINT('Ctrl Pts',(22.0058752854498,-0.37680814883305,5.30171738050152));
#8178=CARTESIAN_POINT('Ctrl Pts',(22.0095097477796,-0.252023866899404,5.41830201649037));
#8179=CARTESIAN_POINT('Ctrl Pts',(22.0109548668894,-0.158426519806615,5.50574958999074));
#8180=CARTESIAN_POINT('Ctrl Pts',(22.0070261262931,-0.325129456475909,5.35000021163174));
#8181=CARTESIAN_POINT('Ctrl Pts',(22.0058210111474,-0.363147792916898,5.31448000113259));
#8182=CARTESIAN_POINT('Ctrl Pts',(22.0032420997937,-0.432353691584477,5.24982152984108));
#8183=CARTESIAN_POINT('Ctrl Pts',(21.9992228672009,-0.517137100343368,5.17060892516595));
#8184=CARTESIAN_POINT('Ctrl Pts',(21.9962617427302,-0.571700196356343,5.11963118363686));
#8185=CARTESIAN_POINT('Ctrl Pts',(21.9944627723624,-0.602876168552267,5.09050375875266));
#8186=CARTESIAN_POINT('Ctrl Pts',(21.9935276478159,-0.618463147272588,5.07594100148567));
#8187=CARTESIAN_POINT('Ctrl Pts',(21.9927318917331,-0.631478566938451,5.06378087439189));
#8188=CARTESIAN_POINT('Ctrl Pts',(21.9920761959033,-0.642071999566983,5.05416238523614));
#8189=CARTESIAN_POINT('Ctrl Pts',(21.990700155167,-0.663749996776206,5.03540640721711));
#8190=CARTESIAN_POINT('Ctrl Pts',(21.9881296853436,-0.702775126480564,5.003694182362));
#8191=CARTESIAN_POINT('Ctrl Pts',(21.9823721904655,-0.784068348374581,4.9438290137242));
#8192=CARTESIAN_POINT('Ctrl Pts',(21.9685132441957,-0.954832343943978,4.83437329568903));
#8193=CARTESIAN_POINT('Ctrl Pts',(21.942067694035,-1.21125706526555,4.69609996284268));
#8194=CARTESIAN_POINT('Ctrl Pts',(21.8996508002516,-1.5268880859016,4.54704796806418));
#8195=CARTESIAN_POINT('Ctrl Pts',(21.8463042371336,-1.84735140827907,4.40986579835538));
#8196=CARTESIAN_POINT('Ctrl Pts',(21.7818481614664,-2.1704546118442,4.28213602044108));
#8197=CARTESIAN_POINT('Ctrl Pts',(21.7146413927455,-2.45855362934178,4.17629762507397));
#8198=CARTESIAN_POINT('Ctrl Pts',(21.6484367626941,-2.71109776841407,4.08921156417058));
#8199=CARTESIAN_POINT('Ctrl Pts',(21.5865179821453,-2.92784639319287,4.01858239039912));
#8200=CARTESIAN_POINT('Ctrl Pts',(21.508096259242,-3.18107998168276,3.94167471076393));
#8201=CARTESIAN_POINT('Ctrl Pts',(21.4371880121794,-3.38944144256116,3.88516906564209));
#8202=CARTESIAN_POINT('Ctrl Pts',(21.3825692606224,-3.5394048194663,3.85114529867685));
#8203=CARTESIAN_POINT('Ctrl Pts',(21.3622793577291,-3.59402517990679,3.83976503725058));
#8204=CARTESIAN_POINT('Ctrl Pts',(21.3468425370245,-3.63504466567395,3.83178787624324));
#8205=CARTESIAN_POINT('Ctrl Pts',(21.3337820801442,-3.66930413099159,3.82570252802162));
#8206=CARTESIAN_POINT('Ctrl Pts',(21.3232150833317,-3.69675658181257,3.82125866970398));
#8207=CARTESIAN_POINT('Ctrl Pts',(21.3152328909963,-3.71736148906669,3.81817420593825));
#8208=CARTESIAN_POINT('Ctrl Pts',(21.3071966574218,-3.73797393483694,3.81538097345198));
#8209=CARTESIAN_POINT('Ctrl Pts',(21.2991079385388,-3.75858948846372,3.81294855450666));
#8210=CARTESIAN_POINT('Ctrl Pts',(21.2923198792804,-3.77578085501759,3.81130571923918));
#8211=CARTESIAN_POINT('Ctrl Pts',(21.2875350905705,-3.78784137301578,3.81046477913197));
#8212=CARTESIAN_POINT('Ctrl Pts',(21.2851327333527,-3.79388238447726,3.81016294610296));
#8213=CARTESIAN_POINT('Ctrl Pts',(21.2839289851891,-3.79690576154329,3.81005614080532));
#8214=CARTESIAN_POINT('Ctrl Pts',(21.2833264820955,-3.7984181321988,3.81001897364222));
#8215=CARTESIAN_POINT('Ctrl Pts',(21.283025082395,-3.79917446502031,3.810006218896));
#8216=CARTESIAN_POINT('Ctrl Pts',(21.2828528139723,-3.79960669152158,3.81000137855214));
#8217=CARTESIAN_POINT('Ctrl Pts',(21.2827666671391,-3.79982281507131,3.80999999999996));
#8218=CARTESIAN_POINT('Ctrl Pts',(21.2827235909016,-3.79993087858063,3.80999999999996));
#8219=CARTESIAN_POINT('Ctrl Pts',(20.5302998618274,-3.50000000000002,2.99999999999996));
#8220=CARTESIAN_POINT('Ctrl Pts',(20.5303395380311,-3.49347110336094,2.99999999999996));
#8221=CARTESIAN_POINT('Ctrl Pts',(20.5304188852417,-3.4908044848331,3.00003354583716));
#8222=CARTESIAN_POINT('Ctrl Pts',(20.530577556412,-3.48463136353286,3.0000984484976));
#8223=CARTESIAN_POINT('Ctrl Pts',(20.530855166449,-3.4783324960485,3.00022746401545));
#8224=CARTESIAN_POINT('Ctrl Pts',(20.5314101136034,-3.46815188862122,3.00049610597533));
#8225=CARTESIAN_POINT('Ctrl Pts',(20.5325188491849,-3.45406598862972,3.00106171820218));
#8226=CARTESIAN_POINT('Ctrl Pts',(20.5347315868717,-3.43268355355602,3.00223805670883));
#8227=CARTESIAN_POINT('Ctrl Pts',(20.5391387092694,-3.4011179534395,3.0046933990272));
#8228=CARTESIAN_POINT('Ctrl Pts',(20.5453909828406,-3.36618673175906,3.00837202764732));
#8229=CARTESIAN_POINT('Ctrl Pts',(20.5528412541731,-3.3305277831694,3.01297476424678));
#8230=CARTESIAN_POINT('Ctrl Pts',(20.5602431828948,-3.29834779639754,3.0177319267856));
#8231=CARTESIAN_POINT('Ctrl Pts',(20.5675953358857,-3.26838146083995,3.02261900380607));
#8232=CARTESIAN_POINT('Ctrl Pts',(20.5773282731484,-3.23053711497198,3.02928644227921));
#8233=CARTESIAN_POINT('Ctrl Pts',(20.589357860144,-3.18626839781999,3.03787004962857));
#8234=CARTESIAN_POINT('Ctrl Pts',(20.6035762431073,-3.1360353982269,3.04850542852806));
#8235=CARTESIAN_POINT('Ctrl Pts',(20.622264651501,-3.0717211763489,3.06308314605419));
#8236=CARTESIAN_POINT('Ctrl Pts',(20.6725723114448,-2.90336748708793,3.1046914911695));
#8237=CARTESIAN_POINT('Ctrl Pts',(20.7378837270071,-2.68862745800521,3.16836867331802));
#8238=CARTESIAN_POINT('Ctrl Pts',(20.8101155751464,-2.43408631056546,3.25225231023211));
#8239=CARTESIAN_POINT('Ctrl Pts',(20.8671470683093,-2.2198253838415,3.32811171031398));
#8240=CARTESIAN_POINT('Ctrl Pts',(20.9281261262405,-1.97166113910379,3.42101395130941));
#8241=CARTESIAN_POINT('Ctrl Pts',(20.9900282234205,-1.68957488944855,3.5335219071294));
#8242=CARTESIAN_POINT('Ctrl Pts',(21.0493967414393,-1.37164514412903,3.669980242578));
#8243=CARTESIAN_POINT('Ctrl Pts',(21.0985326275591,-1.05234517453621,3.81823993565214));
#8244=CARTESIAN_POINT('Ctrl Pts',(21.1376015298591,-0.72873505804389,3.98406285502031));
#8245=CARTESIAN_POINT('Ctrl Pts',(21.1619597164998,-0.451855285445227,4.14508371635816));
#8246=CARTESIAN_POINT('Ctrl Pts',(21.1747247676269,-0.244453308880435,4.28847958817296));
#8247=CARTESIAN_POINT('Ctrl Pts',(21.1800278198973,-0.131480673340557,4.3783315842416));
#8248=CARTESIAN_POINT('Ctrl Pts',(21.1823954009585,-0.0701836380833831,
4.4322426489404));
#8249=CARTESIAN_POINT('Ctrl Pts',(21.1836628299542,-0.0327501160459832,
4.46736967933429));
#8250=CARTESIAN_POINT('Ctrl Pts',(21.1842667713094,-0.0130157951122898,
4.48680021914877));
#8251=CARTESIAN_POINT('Ctrl Pts',(21.1845911267202,-0.00193740420783568,
4.49803752929339));
#8252=CARTESIAN_POINT('Ctrl Pts',(21.1846213630946,-0.000949019127737677,
4.49904009285854));
#8253=CARTESIAN_POINT('Ctrl Pts',(21.1846515604018,-2.78926411057857E-6,
4.49999989661168));
#8254=CARTESIAN_POINT('Origin',(11.7499999999985,2.77555756156289E-16,3.81));
#8255=CARTESIAN_POINT('',(20.1465564016271,4.34068039112562,3.));
#8256=CARTESIAN_POINT('',(20.8660954126534,4.71265298636789,3.81));
#8257=CARTESIAN_POINT('Origin',(20.1465564016271,4.34068039112562,3.81));
#8258=CARTESIAN_POINT('Origin',(11.7499999999985,2.77555756156289E-16,3.81));
#8259=CARTESIAN_POINT('Origin',(11.7499999999985,2.77555756156289E-16,3.));
#8260=CARTESIAN_POINT('Origin',(21.310255296003,4.9422656994804,3.81));
#8261=CARTESIAN_POINT('Origin',(21.310255296003,4.9422656994804,3.81));
#8262=CARTESIAN_POINT('Origin',(21.310255296003,4.9422656994804,3.));
#8263=CARTESIAN_POINT('Origin',(21.310255296003,4.9422656994804,1.));
#8264=CARTESIAN_POINT('',(20.8660954126534,4.71265298636789,1.));
#8265=CARTESIAN_POINT('Origin',(25.100000000002,0.573159574129896,3.));
#8266=CARTESIAN_POINT('',(18.75,3.50000000000002,2.99999999999996));
#8267=CARTESIAN_POINT('Origin',(11.7499999999985,2.77555756156289E-16,1.));
#8268=CARTESIAN_POINT('',(21.0338287424381,-4.37296439770582,1.));
#8269=CARTESIAN_POINT('Ctrl Pts',(14.45,3.50000000000002,2.99999999999996));
#8270=CARTESIAN_POINT('Ctrl Pts',(22.0121778264908,3.50000000000002,2.99999999999996));
#8271=CARTESIAN_POINT('Ctrl Pts',(14.45,3.42057065988065,2.99999999999996));
#8272=CARTESIAN_POINT('Ctrl Pts',(22.0121778264908,3.42057065988065,2.99999999999996));
#8273=CARTESIAN_POINT('Ctrl Pts',(14.45,3.23091154354454,3.01917542633418));
#8274=CARTESIAN_POINT('Ctrl Pts',(22.0121778264908,3.23091154354454,3.01917542633418));
#8275=CARTESIAN_POINT('Ctrl Pts',(14.45,2.85411717161383,3.10541151145151));
#8276=CARTESIAN_POINT('Ctrl Pts',(22.0121778264908,2.85411717161383,3.10541151145151));
#8277=CARTESIAN_POINT('Ctrl Pts',(14.45,2.20338836260029,3.31811174788605));
#8278=CARTESIAN_POINT('Ctrl Pts',(22.0121778264908,2.20338836260029,3.31811174788605));
#8279=CARTESIAN_POINT('Ctrl Pts',(14.45,1.30189869005452,3.68269886884899));
#8280=CARTESIAN_POINT('Ctrl Pts',(22.0121778264908,1.30189869005452,3.68269886884899));
#8281=CARTESIAN_POINT('Ctrl Pts',(14.45,0.649971482833072,4.00854866163491));
#8282=CARTESIAN_POINT('Ctrl Pts',(22.0121778264908,0.649971482833072,4.00854866163491));
#8283=CARTESIAN_POINT('Ctrl Pts',(14.45,0.271478552557124,4.25515808671004));
#8284=CARTESIAN_POINT('Ctrl Pts',(22.0121778264908,0.271478552557124,4.25515808671004));
#8285=CARTESIAN_POINT('Ctrl Pts',(14.45,0.0802919454799587,4.41855510695963));
#8286=CARTESIAN_POINT('Ctrl Pts',(22.0121778264908,0.0802919454799587,4.41855510695963));
#8287=CARTESIAN_POINT('Ctrl Pts',(14.45,0.,4.5));
#8288=CARTESIAN_POINT('Ctrl Pts',(22.0121778264908,0.,4.5));
#8289=CARTESIAN_POINT('',(14.45,0.,4.5));
#8290=CARTESIAN_POINT('',(18.75,0.,4.5));
#8291=CARTESIAN_POINT('',(14.45,3.50000000000002,2.99999999999996));
#8292=CARTESIAN_POINT('Ctrl Pts',(14.45,0.,4.5));
#8293=CARTESIAN_POINT('Ctrl Pts',(14.45,0.0279583892516167,4.47164014387038));
#8294=CARTESIAN_POINT('Ctrl Pts',(14.45,0.0581476082791374,4.44324261352616));
#8295=CARTESIAN_POINT('Ctrl Pts',(14.45,0.0905389083779929,4.41481218910861));
#8296=CARTESIAN_POINT('Ctrl Pts',(14.45,0.12412992391388,4.38532875295793));
#8297=CARTESIAN_POINT('Ctrl Pts',(14.45,0.160088942794588,4.35580991523414));
#8298=CARTESIAN_POINT('Ctrl Pts',(14.45,0.198327790139679,4.32627122300023));
#8299=CARTESIAN_POINT('Ctrl Pts',(14.45,0.23829325048765,4.29539875912726));
#8300=CARTESIAN_POINT('Ctrl Pts',(14.45,0.280748793507928,4.2645045678043));
#8301=CARTESIAN_POINT('Ctrl Pts',(14.45,0.325537339088256,4.23361789109447));
#8302=CARTESIAN_POINT('Ctrl Pts',(14.45,0.372909027397098,4.20094985057125));
#8303=CARTESIAN_POINT('Ctrl Pts',(14.45,0.422890212941647,4.16829015051398));
#8304=CARTESIAN_POINT('Ctrl Pts',(14.45,0.475238244893488,4.13568684115201));
#8305=CARTESIAN_POINT('Ctrl Pts',(14.45,0.532845265862695,4.09980813748254));
#8306=CARTESIAN_POINT('Ctrl Pts',(14.45,0.593318230486586,4.06399753177917));
#8307=CARTESIAN_POINT('Ctrl Pts',(14.45,0.656272339690017,4.02833712331775));
#8308=CARTESIAN_POINT('Ctrl Pts',(14.45,0.722769926527472,3.99066950895028));
#8309=CARTESIAN_POINT('Ctrl Pts',(14.45,0.792035421883369,3.95316936485063));
#8310=CARTESIAN_POINT('Ctrl Pts',(14.45,0.86355669188223,3.9159549660747));
#8311=CARTESIAN_POINT('Ctrl Pts',(14.45,0.940314384179296,3.87601591898691));
#8312=CARTESIAN_POINT('Ctrl Pts',(14.45,1.0196696604441,3.83640579732579));
#8313=CARTESIAN_POINT('Ctrl Pts',(14.45,1.10093132337539,3.79729746810711));
#8314=CARTESIAN_POINT('Ctrl Pts',(14.45,1.19034664875969,3.75426507304915));
#8315=CARTESIAN_POINT('Ctrl Pts',(14.45,1.28206899865305,3.71183984411414));
#8316=CARTESIAN_POINT('Ctrl Pts',(14.45,1.37512286132476,3.67028811724372));
#8317=CARTESIAN_POINT('Ctrl Pts',(14.45,1.47860537405084,3.62407964205307));
#8318=CARTESIAN_POINT('Ctrl Pts',(14.45,1.58373295146028,3.57895114189804));
#8319=CARTESIAN_POINT('Ctrl Pts',(14.45,1.68912430635862,3.53531797661152));
#8320=CARTESIAN_POINT('Ctrl Pts',(14.45,1.80236139002839,3.48843659442328));
#8321=CARTESIAN_POINT('Ctrl Pts',(14.45,1.91590015575596,3.44328179677924));
#8322=CARTESIAN_POINT('Ctrl Pts',(14.45,2.02801894854724,3.4004217961791));
#8323=CARTESIAN_POINT('Ctrl Pts',(14.45,2.12728632770574,3.36247454554978));
#8324=CARTESIAN_POINT('Ctrl Pts',(14.45,2.22543893537091,3.32632747137026));
#8325=CARTESIAN_POINT('Ctrl Pts',(14.45,2.32130658158559,3.29240101864469));
#8326=CARTESIAN_POINT('Ctrl Pts',(14.45,2.40507795706771,3.26275529641963));
#8327=CARTESIAN_POINT('Ctrl Pts',(14.45,2.48710365795585,3.23480628862345));
#8328=CARTESIAN_POINT('Ctrl Pts',(14.45,2.56663917407284,3.20883994495554));
#8329=CARTESIAN_POINT('Ctrl Pts',(14.45,2.63958707855281,3.18502429064088));
#8330=CARTESIAN_POINT('Ctrl Pts',(14.45,2.71043972327535,3.16287700840488));
#8331=CARTESIAN_POINT('Ctrl Pts',(14.45,2.77866482383538,3.1426130425851));
#8332=CARTESIAN_POINT('Ctrl Pts',(14.45,2.84282488603423,3.12355645935224));
#8333=CARTESIAN_POINT('Ctrl Pts',(14.45,2.90466086010384,3.10616577713315));
#8334=CARTESIAN_POINT('Ctrl Pts',(14.45,2.96377467105181,3.09060870021552));
#8335=CARTESIAN_POINT('Ctrl Pts',(14.45,3.01946866579687,3.07595162184071));
#8336=CARTESIAN_POINT('Ctrl Pts',(14.45,3.0727458747489,3.06292251878534));
#8337=CARTESIAN_POINT('Ctrl Pts',(14.45,3.12331896252926,3.05164708928458));
#8338=CARTESIAN_POINT('Ctrl Pts',(14.45,3.16886758791864,3.04149187952826));
#8339=CARTESIAN_POINT('Ctrl Pts',(14.45,3.21222268676063,3.03275935666734));
#8340=CARTESIAN_POINT('Ctrl Pts',(14.45,3.25321583963029,3.02552534219966));
#8341=CARTESIAN_POINT('Ctrl Pts',(14.45,3.29266341488569,3.01856407403326));
#8342=CARTESIAN_POINT('Ctrl Pts',(14.45,3.32992348887303,3.01299066506776));
#8343=CARTESIAN_POINT('Ctrl Pts',(14.45,3.3648893708454,3.00885422568983));
#8344=CARTESIAN_POINT('Ctrl Pts',(14.45,3.39827973247765,3.00490416926603));
#8345=CARTESIAN_POINT('Ctrl Pts',(14.45,3.4295778596764,3.00226462255477));
#8346=CARTESIAN_POINT('Ctrl Pts',(14.45,3.45873412943749,3.00095887407809));
#8347=CARTESIAN_POINT('Ctrl Pts',(14.45,3.47300220743361,3.00031988557712));
#8348=CARTESIAN_POINT('Ctrl Pts',(14.45,3.48675804059185,2.99999999999996));
#8349=CARTESIAN_POINT('Ctrl Pts',(14.45,3.50000000000002,2.99999999999996));
#8350=CARTESIAN_POINT('',(18.75,3.50000000000002,2.99999999999996));
#8351=CARTESIAN_POINT('',(16.3377932354057,1.64571938597778,3.55337941646284));
#8352=CARTESIAN_POINT('',(16.29,1.32499999553851,3.69281352514574));
#8353=CARTESIAN_POINT('Ctrl Pts',(16.3377932354057,1.64571938597778,3.55337941646284));
#8354=CARTESIAN_POINT('Ctrl Pts',(16.3804254936134,1.78558604960129,3.49488301995004));
#8355=CARTESIAN_POINT('Ctrl Pts',(16.4512106621232,1.91784653539315,3.44248170132871));
#8356=CARTESIAN_POINT('Ctrl Pts',(16.6390975786133,2.1410698002145,3.35726032309526));
#8357=CARTESIAN_POINT('Ctrl Pts',(16.7508267688756,2.23183683930385,3.32424149626276));
#8358=CARTESIAN_POINT('Ctrl Pts',(16.9698186925464,2.34676734332081,3.28330754520054));
#8359=CARTESIAN_POINT('Ctrl Pts',(17.0675863190737,2.38180759089821,3.27115710112489));
#8360=CARTESIAN_POINT('Ctrl Pts',(17.2489912048163,2.41894827584961,3.25833105364965));
#8361=CARTESIAN_POINT('Ctrl Pts',(17.3303016811784,2.4263963097397,3.25578942616556));
#8362=CARTESIAN_POINT('Ctrl Pts',(17.4952739532052,2.42313252747481,3.25690867502649));
#8363=CARTESIAN_POINT('Ctrl Pts',(17.5782092167825,2.41197151939046,3.2607228075716));
#8364=CARTESIAN_POINT('Ctrl Pts',(17.7671927809468,2.36432280314645,3.27723413285394));
#8365=CARTESIAN_POINT('Ctrl Pts',(17.8699492845313,2.32088562402171,3.29238379019526));
#8366=CARTESIAN_POINT('Ctrl Pts',(18.0884930999629,2.18722004235787,3.34046894154255));
#8367=CARTESIAN_POINT('Ctrl Pts',(18.1947898512266,2.08819327805577,3.37697636444279));
#8368=CARTESIAN_POINT('Ctrl Pts',(18.3602439374489,1.86152429689374,3.46477323933712));
#8369=CARTESIAN_POINT('Ctrl Pts',(18.4188557804004,1.7368202339584,3.51485122095655));
#8370=CARTESIAN_POINT('Ctrl Pts',(18.4914259915082,1.4628140969055,3.63050593881388));
#8371=CARTESIAN_POINT('Ctrl Pts',(18.4995576868893,1.31438704549347,3.69628625646468));
#8372=CARTESIAN_POINT('Ctrl Pts',(18.4568967709888,1.01439591663537,3.83778705638186));
#8373=CARTESIAN_POINT('Ctrl Pts',(18.4016019887415,0.865140093031502,3.91323170244991));
#8374=CARTESIAN_POINT('Ctrl Pts',(18.2362965368687,0.60660711984147,4.05484450107393));
#8375=CARTESIAN_POINT('Ctrl Pts',(18.1296426616463,0.496341412148121,4.12114233989446));
#8376=CARTESIAN_POINT('Ctrl Pts',(17.9043457993346,0.345650551707525,4.2188918493898));
#8377=CARTESIAN_POINT('Ctrl Pts',(17.7950694987033,0.295044899777826,4.25458638104599));
#8378=CARTESIAN_POINT('Ctrl Pts',(17.6137902678107,0.245998344282392,4.29020463592587));
#8379=CARTESIAN_POINT('Ctrl Pts',(17.5484463025421,0.234421244270468,4.29887466943728));
#8380=CARTESIAN_POINT('Ctrl Pts',(17.4284464516657,0.224367006313071,4.30641027519196));
#8381=CARTESIAN_POINT('Ctrl Pts',(17.3748509331353,0.2237975338175,4.30684219547538));
#8382=CARTESIAN_POINT('Ctrl Pts',(17.2581939974674,0.231095001923833,4.30136389891784));
#8383=CARTESIAN_POINT('Ctrl Pts',(17.1960214006631,0.240440618115269,4.29434084788612));
#8384=CARTESIAN_POINT('Ctrl Pts',(17.0238582080468,0.281418842746859,4.26436108614203));
#8385=CARTESIAN_POINT('Ctrl Pts',(16.9194051738527,0.324673635563863,4.23343567526041));
#8386=CARTESIAN_POINT('Ctrl Pts',(16.7129837966351,0.44825202125601,4.15164513036301));
#8387=CARTESIAN_POINT('Ctrl Pts',(16.6155881930443,0.533642157618097,4.09852426082255));
#8388=CARTESIAN_POINT('Ctrl Pts',(16.4401863505849,0.74971828434298,3.9747107007439));
#8389=CARTESIAN_POINT('Ctrl Pts',(16.3703715903734,0.885655790929019,3.9027795085038));
#8390=CARTESIAN_POINT('Ctrl Pts',(16.3035940380115,1.12616662905095,3.78451759668396));
#8391=CARTESIAN_POINT('Ctrl Pts',(16.29000000081,1.22514326588234,3.737979562938));
#8392=CARTESIAN_POINT('Ctrl Pts',(16.29,1.32499999107701,3.69281352514574));
#8393=CARTESIAN_POINT('Ctrl Pts',(16.29,1.32499999107701,3.69281352514574));
#8394=CARTESIAN_POINT('Ctrl Pts',(16.2900000016695,1.32729946467072,3.6917734538733));
#8395=CARTESIAN_POINT('Ctrl Pts',(16.2900072102967,1.32959939377054,3.69073410723003));
#8396=CARTESIAN_POINT('Ctrl Pts',(16.2900216395201,1.33189974463672,3.68969549671205));
#8397=CARTESIAN_POINT('Ctrl Pts',(16.2904418600095,1.39889257832967,3.65944817108613));
#8398=CARTESIAN_POINT('Ctrl Pts',(16.2969827915471,1.46602197587808,3.62992718307464));
#8399=CARTESIAN_POINT('Ctrl Pts',(16.3097291032547,1.53240872840082,3.60140781724577));
#8400=CARTESIAN_POINT('Ctrl Pts',(16.3170380966256,1.57047623727969,3.58505423508284));
#8401=CARTESIAN_POINT('Ctrl Pts',(16.3263874859794,1.6082997374429,3.56902942584576));
#8402=CARTESIAN_POINT('Ctrl Pts',(16.3377932354057,1.64571938597778,3.55337941646284));
#8403=CARTESIAN_POINT('Ctrl Pts',(14.45,0.,4.5));
#8404=CARTESIAN_POINT('Ctrl Pts',(22.0121778264908,0.,4.5));
#8405=CARTESIAN_POINT('Ctrl Pts',(14.45,-0.0802919454799587,4.41855510695963));
#8406=CARTESIAN_POINT('Ctrl Pts',(22.0121778264908,-0.0802919454799587,
4.41855510695963));
#8407=CARTESIAN_POINT('Ctrl Pts',(14.45,-0.271478552557124,4.25515808671004));
#8408=CARTESIAN_POINT('Ctrl Pts',(22.0121778264908,-0.271478552557124,4.25515808671004));
#8409=CARTESIAN_POINT('Ctrl Pts',(14.45,-0.649971482833072,4.00854866163491));
#8410=CARTESIAN_POINT('Ctrl Pts',(22.0121778264908,-0.649971482833072,4.00854866163491));
#8411=CARTESIAN_POINT('Ctrl Pts',(14.45,-1.30189869005452,3.68269886884899));
#8412=CARTESIAN_POINT('Ctrl Pts',(22.0121778264908,-1.30189869005452,3.68269886884899));
#8413=CARTESIAN_POINT('Ctrl Pts',(14.45,-2.20338836260029,3.31811174788605));
#8414=CARTESIAN_POINT('Ctrl Pts',(22.0121778264908,-2.20338836260029,3.31811174788605));
#8415=CARTESIAN_POINT('Ctrl Pts',(14.45,-2.85411717161383,3.10541151145151));
#8416=CARTESIAN_POINT('Ctrl Pts',(22.0121778264908,-2.85411717161383,3.10541151145151));
#8417=CARTESIAN_POINT('Ctrl Pts',(14.45,-3.23091154354454,3.01917542633418));
#8418=CARTESIAN_POINT('Ctrl Pts',(22.0121778264908,-3.23091154354454,3.01917542633418));
#8419=CARTESIAN_POINT('Ctrl Pts',(14.45,-3.42057065988065,2.99999999999996));
#8420=CARTESIAN_POINT('Ctrl Pts',(22.0121778264908,-3.42057065988065,2.99999999999996));
#8421=CARTESIAN_POINT('Ctrl Pts',(14.45,-3.50000000000002,2.99999999999996));
#8422=CARTESIAN_POINT('Ctrl Pts',(22.0121778264908,-3.50000000000002,2.99999999999996));
#8423=CARTESIAN_POINT('',(18.75,-3.50000000000002,2.99999999999996));
#8424=CARTESIAN_POINT('',(14.45,-3.50000000000002,2.99999999999996));
#8425=CARTESIAN_POINT('',(18.75,-3.50000000000002,2.99999999999996));
#8426=CARTESIAN_POINT('Ctrl Pts',(14.45,-3.50000000000002,2.99999999999996));
#8427=CARTESIAN_POINT('Ctrl Pts',(14.45,-3.47292109252686,2.99999999999996));
#8428=CARTESIAN_POINT('Ctrl Pts',(14.45,-3.44369016982071,3.0013391420085));
#8429=CARTESIAN_POINT('Ctrl Pts',(14.45,-3.41233378377923,3.00400482741249));
#8430=CARTESIAN_POINT('Ctrl Pts',(14.45,-3.37975877478916,3.00677411102461));
#8431=CARTESIAN_POINT('Ctrl Pts',(14.45,-3.34489006536426,3.01097490846427));
#8432=CARTESIAN_POINT('Ctrl Pts',(14.45,-3.30780961443206,3.01656914008471));
#8433=CARTESIAN_POINT('Ctrl Pts',(14.45,-3.26895125064692,3.02243160081376));
#8434=CARTESIAN_POINT('Ctrl Pts',(14.45,-3.22766419042195,3.02982413687141));
#8435=CARTESIAN_POINT('Ctrl Pts',(14.45,-3.18409595383516,3.03867962007829));
#8436=CARTESIAN_POINT('Ctrl Pts',(14.45,-3.13780752289599,3.04808799771684));
#8437=CARTESIAN_POINT('Ctrl Pts',(14.45,-3.0889444714637,3.0591474401563));
#8438=CARTESIAN_POINT('Ctrl Pts',(14.45,-3.03773844864138,3.07175520810743));
#8439=CARTESIAN_POINT('Ctrl Pts',(14.45,-2.98054234547405,3.08583783270307));
#8440=CARTESIAN_POINT('Ctrl Pts',(14.45,-2.92042325082939,3.10185185368642));
#8441=CARTESIAN_POINT('Ctrl Pts',(14.45,-2.85776678844926,3.11963204787623));
#8442=CARTESIAN_POINT('Ctrl Pts',(14.45,-2.79083717515789,3.13862484568453));
#8443=CARTESIAN_POINT('Ctrl Pts',(14.45,-2.72101263262872,3.1596325666733));
#8444=CARTESIAN_POINT('Ctrl Pts',(14.45,-2.64882555816394,3.18243650880846));
#8445=CARTESIAN_POINT('Ctrl Pts',(14.45,-2.56980427577872,3.2073993815155));
#8446=CARTESIAN_POINT('Ctrl Pts',(14.45,-2.48795244250141,3.23451406002519));
#8447=CARTESIAN_POINT('Ctrl Pts',(14.45,-2.40403480491854,3.26348132901511));
#8448=CARTESIAN_POINT('Ctrl Pts',(14.45,-2.30813966273002,3.29658307566353));
#8449=CARTESIAN_POINT('Ctrl Pts',(14.45,-2.20954812124905,3.33210248849897));
#8450=CARTESIAN_POINT('Ctrl Pts',(14.45,-2.10947183272487,3.36959479030887));
#8451=CARTESIAN_POINT('Ctrl Pts',(14.45,-1.99732916193723,3.41160760793972));
#8452=CARTESIAN_POINT('Ctrl Pts',(14.45,-1.88332449218069,3.45609586194624));
#8453=CARTESIAN_POINT('Ctrl Pts',(14.45,-1.76921246145778,3.50246765127429));
#8454=CARTESIAN_POINT('Ctrl Pts',(14.45,-1.66550709853357,3.54461047540286));
#8455=CARTESIAN_POINT('Ctrl Pts',(14.45,-1.5617155255972,3.58830880874021));
#8456=CARTESIAN_POINT('Ctrl Pts',(14.45,-1.45915712419264,3.63315607531662));
#8457=CARTESIAN_POINT('Ctrl Pts',(14.45,-1.36703500155554,3.67343971210218));
#8458=CARTESIAN_POINT('Ctrl Pts',(14.45,-1.27590895865251,3.71465049625789));
#8459=CARTESIAN_POINT('Ctrl Pts',(14.45,-1.186714996372,3.75652533946618));
#8460=CARTESIAN_POINT('Ctrl Pts',(14.45,-1.10541623364266,3.7946935389191));
#8461=CARTESIAN_POINT('Ctrl Pts',(14.45,-1.02572359310007,3.83341370132886));
#8462=CARTESIAN_POINT('Ctrl Pts',(14.45,-0.948314310018448,3.8725114097982));
#8463=CARTESIAN_POINT('Ctrl Pts',(14.45,-0.875907705231083,3.90908237664524));
#8464=CARTESIAN_POINT('Ctrl Pts',(14.45,-0.805499438966647,3.94598380936311));
#8465=CARTESIAN_POINT('Ctrl Pts',(14.45,-0.737604459272583,3.98309308776203));
#8466=CARTESIAN_POINT('Ctrl Pts',(14.45,-0.673085259796206,4.01835726997745));
#8467=CARTESIAN_POINT('Ctrl Pts',(14.45,-0.610836033147458,4.05380922614794));
#8468=CARTESIAN_POINT('Ctrl Pts',(14.45,-0.551255184877267,4.08936103032591));
#8469=CARTESIAN_POINT('Ctrl Pts',(14.45,-0.494049796442443,4.12349540112804));
#8470=CARTESIAN_POINT('Ctrl Pts',(14.45,-0.439304863262416,4.15772185662711));
#8471=CARTESIAN_POINT('Ctrl Pts',(14.45,-0.387325514898542,4.19197807379369));
#8472=CARTESIAN_POINT('Ctrl Pts',(14.45,-0.340515852455,4.22282728627198));
#8473=CARTESIAN_POINT('Ctrl Pts',(14.45,-0.29594907014382,4.25370078846924));
#8474=CARTESIAN_POINT('Ctrl Pts',(14.45,-0.253804285082445,4.28456435133146));
#8475=CARTESIAN_POINT('Ctrl Pts',(14.45,-0.213157190626304,4.31433112207396));
#8476=CARTESIAN_POINT('Ctrl Pts',(14.45,-0.174763368877963,4.34408866846485));
#8477=CARTESIAN_POINT('Ctrl Pts',(14.45,-0.138737162267382,4.37381633020515));
#8478=CARTESIAN_POINT('Ctrl Pts',(14.45,-0.104257894521216,4.40226750797389));
#8479=CARTESIAN_POINT('Ctrl Pts',(14.45,-0.071947450908213,4.43069134643559));
#8480=CARTESIAN_POINT('Ctrl Pts',(14.45,-0.0418592280580183,4.45907869078627));
#8481=CARTESIAN_POINT('Ctrl Pts',(14.45,-0.027392605919446,4.47272751897675));
#8482=CARTESIAN_POINT('Ctrl Pts',(14.45,-0.0134389803690107,4.48636804336745));
#8483=CARTESIAN_POINT('Ctrl Pts',(14.45,0.,4.5));
#8484=CARTESIAN_POINT('',(16.3465040076919,-0.976982595209695,3.85810088363812));
#8485=CARTESIAN_POINT('',(16.29,-1.325,3.6928135211098));
#8486=CARTESIAN_POINT('Ctrl Pts',(16.3465040076919,-0.976982595209695,3.85810088363812));
#8487=CARTESIAN_POINT('Ctrl Pts',(16.3965716868491,-0.826859578873258,3.93320425973657));
#8488=CARTESIAN_POINT('Ctrl Pts',(16.4788161212282,-0.688195776833737,4.0084401340411));
#8489=CARTESIAN_POINT('Ctrl Pts',(16.6831386843389,-0.471014306548737,4.13667873477247));
#8490=CARTESIAN_POINT('Ctrl Pts',(16.7976654347407,-0.387078254413034,4.19122073328736));
#8491=CARTESIAN_POINT('Ctrl Pts',(17.0100982413632,-0.288705733240517,4.25899144048802));
#8492=CARTESIAN_POINT('Ctrl Pts',(17.0981595275272,-0.260295232455027,4.27972766212364));
#8493=CARTESIAN_POINT('Ctrl Pts',(17.247125987666,-0.23278484765714,4.30006854550449));
#8494=CARTESIAN_POINT('Ctrl Pts',(17.3049325634599,-0.22674186928911,4.30463118014274));
#8495=CARTESIAN_POINT('Ctrl Pts',(17.4180174969528,-0.223994967150471,4.30669692440696));
#8496=CARTESIAN_POINT('Ctrl Pts',(17.4725763833769,-0.226749731471683,4.30460970692249));
#8497=CARTESIAN_POINT('Ctrl Pts',(17.6018906314639,-0.242942462694211,4.29252719753601));
#8498=CARTESIAN_POINT('Ctrl Pts',(17.675043839787,-0.259987782673605,4.27987123285375));
#8499=CARTESIAN_POINT('Ctrl Pts',(17.8818460298159,-0.33055443714921,4.22953726199678));
#8500=CARTESIAN_POINT('Ctrl Pts',(18.0049477686882,-0.402593964272924,4.18041255205816));
#8501=CARTESIAN_POINT('Ctrl Pts',(18.2173661385571,-0.586154497127066,4.06725799533907));
#8502=CARTESIAN_POINT('Ctrl Pts',(18.3050562743495,-0.698721865462132,4.00286423249129));
#8503=CARTESIAN_POINT('Ctrl Pts',(18.4409709729936,-0.963821812507931,3.8628309631132));
#8504=CARTESIAN_POINT('Ctrl Pts',(18.4821183180483,-1.11879255686472,3.78711739212794));
#8505=CARTESIAN_POINT('Ctrl Pts',(18.4956037562442,-1.43097942657517,3.64414129190802));
#8506=CARTESIAN_POINT('Ctrl Pts',(18.4701133692905,-1.58618632808464,3.57741543324107));
#8507=CARTESIAN_POINT('Ctrl Pts',(18.3581450544995,-1.86681565345542,3.46240250684468));
#8508=CARTESIAN_POINT('Ctrl Pts',(18.2778367306337,-1.99132308710077,3.41398449295147));
#8509=CARTESIAN_POINT('Ctrl Pts',(18.0762434971286,-2.1956860109767,3.33719152835265));
#8510=CARTESIAN_POINT('Ctrl Pts',(17.9605947275723,-2.2759828461322,3.30838111075763));
#8511=CARTESIAN_POINT('Ctrl Pts',(17.7436539828698,-2.37097664169661,3.27487466039667));
#8512=CARTESIAN_POINT('Ctrl Pts',(17.6510610383831,-2.39791220416536,3.26558536963564));
#8513=CARTESIAN_POINT('Ctrl Pts',(17.4767324785222,-2.42448525039207,3.25643688811198));
#8514=CARTESIAN_POINT('Ctrl Pts',(17.3965572790866,-2.42788788564869,3.25527689071471));
#8515=CARTESIAN_POINT('Ctrl Pts',(17.2298612860758,-2.4167560182192,3.25909705889972));
#8516=CARTESIAN_POINT('Ctrl Pts',(17.1442057867826,-2.4006793599743,3.26460457495783));
#8517=CARTESIAN_POINT('Ctrl Pts',(16.9444933702968,-2.33819647820599,3.28636806330824));
#8518=CARTESIAN_POINT('Ctrl Pts',(16.8353920511831,-2.28257826711785,3.30593159246866));
#8519=CARTESIAN_POINT('Ctrl Pts',(16.6331149170093,-2.13379761863638,3.36022069701691));
#8520=CARTESIAN_POINT('Ctrl Pts',(16.5440472286827,-2.03949968589599,3.39551960338921));
#8521=CARTESIAN_POINT('Ctrl Pts',(16.3963113411892,-1.81710086057355,3.48248452302772));
#8522=CARTESIAN_POINT('Ctrl Pts',(16.3429853507608,-1.68865036309126,3.5346324497984));
#8523=CARTESIAN_POINT('Ctrl Pts',(16.2980937385868,-1.47939052291769,3.6240298133228));
#8524=CARTESIAN_POINT('Ctrl Pts',(16.29,-1.40204806156311,3.65796403405182));
#8525=CARTESIAN_POINT('Ctrl Pts',(16.29,-1.325,3.6928135211098));
#8526=CARTESIAN_POINT('Ctrl Pts',(16.29,-1.32499999999999,3.69281352110981));
#8527=CARTESIAN_POINT('Ctrl Pts',(16.2900000487033,-1.30351342751839,3.70253207877922));
#8528=CARTESIAN_POINT('Ctrl Pts',(16.2906295650997,-1.28204970710828,3.71232158460633));
#8529=CARTESIAN_POINT('Ctrl Pts',(16.2918846147408,-1.26063696208032,3.72217260105776));
#8530=CARTESIAN_POINT('Ctrl Pts',(16.2953463207445,-1.2015758496035,3.74934389506463));
#8531=CARTESIAN_POINT('Ctrl Pts',(16.303556470646,-1.14305343066299,3.77691558136139));
#8532=CARTESIAN_POINT('Ctrl Pts',(16.3163580527182,-1.08563460534498,3.80467608685167));
#8533=CARTESIAN_POINT('Ctrl Pts',(16.3245432985613,-1.04892139297794,3.82242596814646));
#8534=CARTESIAN_POINT('Ctrl Pts',(16.3346056311323,-1.01265870819718,3.84025287740418));
#8535=CARTESIAN_POINT('Ctrl Pts',(16.3465040076919,-0.976982595209694,3.85810088363812));
#8536=CARTESIAN_POINT('Origin',(25.100000000002,0.573159574129896,3.));
#8537=CARTESIAN_POINT('Origin',(21.310255296003,4.9422656994804,-1.81));
#8538=CARTESIAN_POINT('',(20.1465564016271,4.34068039112562,-1.));
#8539=CARTESIAN_POINT('',(20.8660954126534,4.71265298636789,-1.81));
#8540=CARTESIAN_POINT('Origin',(20.1465564016271,4.34068039112562,-1.81));
#8541=CARTESIAN_POINT('Origin',(21.310255296003,4.9422656994804,-1.81));
#8542=CARTESIAN_POINT('Origin',(21.310255296003,4.9422656994804,-1.));
#8543=CARTESIAN_POINT('Origin',(11.7499999999985,2.77555756156289E-16,-1.81));
#8544=CARTESIAN_POINT('',(20.5302998618274,3.50000000000002,-0.999999999999965));
#8545=CARTESIAN_POINT('',(21.2827235909016,3.79993087858063,-1.81));
#8546=CARTESIAN_POINT('Origin',(20.5302998618274,3.50000000000002,-1.81));
#8547=CARTESIAN_POINT('Origin',(11.7499999999985,2.77555756156289E-16,-1.81));
#8548=CARTESIAN_POINT('Origin',(11.7499999999985,2.77555756156289E-16,-1.));
#8549=CARTESIAN_POINT('Ctrl Pts',(20.5302998618274,3.50000000000002,-0.999999999999965));
#8550=CARTESIAN_POINT('Ctrl Pts',(20.5303395380311,3.49347110336093,-0.999999999999965));
#8551=CARTESIAN_POINT('Ctrl Pts',(20.5304188852461,3.49080448242752,-1.00003354582414));
#8552=CARTESIAN_POINT('Ctrl Pts',(20.530577556387,3.4846313645449,-1.00009844850894));
#8553=CARTESIAN_POINT('Ctrl Pts',(20.5308551665092,3.47833246776591,-1.00022746386577));
#8554=CARTESIAN_POINT('Ctrl Pts',(20.5314101130462,3.46815195727526,-1.00049610646586));
#8555=CARTESIAN_POINT('Ctrl Pts',(20.5325188512571,3.45406526340389,-1.00106171428768));
#8556=CARTESIAN_POINT('Ctrl Pts',(20.5347315723707,3.43268575438301,-1.0022380716163));
#8557=CARTESIAN_POINT('Ctrl Pts',(20.5391387728584,3.40109867999048,-1.00469329271971));
#8558=CARTESIAN_POINT('Ctrl Pts',(20.5478914725911,3.35228739051183,-1.00984396418848));
#8559=CARTESIAN_POINT('Ctrl Pts',(20.5602675537151,3.29747048021136,-1.01766824613308));
#8560=CARTESIAN_POINT('Ctrl Pts',(20.5712590008773,3.25400257371731,-1.02509449250235));
#8561=CARTESIAN_POINT('Ctrl Pts',(20.5785176318621,3.22651739549521,-1.03017002745743));
#8562=CARTESIAN_POINT('Ctrl Pts',(20.5833387950834,3.20851190418599,-1.03358543095228));
#8563=CARTESIAN_POINT('Ctrl Pts',(20.6061065484094,3.12549476840343,-1.05002674687491));
#8564=CARTESIAN_POINT('Ctrl Pts',(20.6640505265971,2.93194323015449,-1.09639171046419));
#8565=CARTESIAN_POINT('Ctrl Pts',(20.737885563988,2.68846301385375,-1.168367225833));
#8566=CARTESIAN_POINT('Ctrl Pts',(20.8101149716142,2.43416350854632,-1.25225069610972));
#8567=CARTESIAN_POINT('Ctrl Pts',(20.8671473349399,2.21980410260148,-1.32811812016962));
#8568=CARTESIAN_POINT('Ctrl Pts',(20.9194144541315,2.00712888936279,-1.40772405166165));
#8569=CARTESIAN_POINT('Ctrl Pts',(20.9670101236255,1.79531553625991,-1.49120304595813));
#8570=CARTESIAN_POINT('Ctrl Pts',(21.0100047742891,1.5836422986703,-1.57877263777806));
#8571=CARTESIAN_POINT('Ctrl Pts',(21.0548569412843,1.33616407402888,-1.68646169873416));
#8572=CARTESIAN_POINT('Ctrl Pts',(21.0985321080538,1.05236313361962,-1.81821524032572));
#8573=CARTESIAN_POINT('Ctrl Pts',(21.1376022803586,0.728727775458152,-1.98407406575765));
#8574=CARTESIAN_POINT('Ctrl Pts',(21.1619595643123,0.451797564764385,-2.1451420530008));
#8575=CARTESIAN_POINT('Ctrl Pts',(21.1747247964306,0.244406405128314,-2.28852718331745));
#8576=CARTESIAN_POINT('Ctrl Pts',(21.1800278152725,0.131447055100306,-2.37836555138201));
#8577=CARTESIAN_POINT('Ctrl Pts',(21.1823954033378,0.0701652970728425,-2.43226114002458));
#8578=CARTESIAN_POINT('Ctrl Pts',(21.1836628306681,0.0327342430572136,-2.46738566094639));
#8579=CARTESIAN_POINT('Ctrl Pts',(21.1842667726689,0.0130063953782189,-2.48680963674853));
#8580=CARTESIAN_POINT('Ctrl Pts',(21.184999718213,-0.0120191501819248,-2.51219417266));
#8581=CARTESIAN_POINT('Ctrl Pts',(21.1858610311686,-0.0227949958258374,
-2.52312465040405));
#8582=CARTESIAN_POINT('Ctrl Pts',(21.1875180049998,-0.0533535165077535,
-2.55412170877768));
#8583=CARTESIAN_POINT('Ctrl Pts',(21.1902454029025,-0.101876512571758,-2.60334096810461));
#8584=CARTESIAN_POINT('Ctrl Pts',(21.1963727400592,-0.231853222140135,-2.73518365265488));
#8585=CARTESIAN_POINT('Ctrl Pts',(21.1997203386138,-0.344693140180862,-2.84964274144767));
#8586=CARTESIAN_POINT('Ctrl Pts',(21.201051395842,-0.430902937385705,-2.93709046326346));
#8587=CARTESIAN_POINT('Ctrl Pts',(20.755424515127,3.58973910902226,-0.999999999999965));
#8588=CARTESIAN_POINT('Ctrl Pts',(20.7558955756829,3.5833586530752,-0.9992659246637));
#8589=CARTESIAN_POINT('Ctrl Pts',(20.756143382183,3.58073798592753,-0.999016153320093));
#8590=CARTESIAN_POINT('Ctrl Pts',(20.7566949895485,3.57467734326051,-0.998418890582103));
#8591=CARTESIAN_POINT('Ctrl Pts',(20.7573591164278,3.56846700660479,-0.997903078589604));
#8592=CARTESIAN_POINT('Ctrl Pts',(20.7585250484149,3.55840677795205,-0.99715888960872));
#8593=CARTESIAN_POINT('Ctrl Pts',(20.7604350067099,3.54441357255554,-0.996417570373921));
#8594=CARTESIAN_POINT('Ctrl Pts',(20.7637921844554,3.52306923011251,-0.995763234543968));
#8595=CARTESIAN_POINT('Ctrl Pts',(20.7697300851598,3.49131838580751,-0.995854312854386));
#8596=CARTESIAN_POINT('Ctrl Pts',(20.7805577544715,3.44191648094491,-0.997962956456772));
#8597=CARTESIAN_POINT('Ctrl Pts',(20.7948155864976,3.38611351841918,-1.00329569610161));
#8598=CARTESIAN_POINT('Ctrl Pts',(20.8070760577529,3.3417051566557,-1.0091887682376));
#8599=CARTESIAN_POINT('Ctrl Pts',(20.8150837177742,3.31355848481263,-1.01339761841914));
#8600=CARTESIAN_POINT('Ctrl Pts',(20.8203823712097,3.29510722128397,-1.01627041472766));
#8601=CARTESIAN_POINT('Ctrl Pts',(20.8452142861169,3.21001371961881,-1.03047185186974));
#8602=CARTESIAN_POINT('Ctrl Pts',(20.9065808056048,3.01132949505135,-1.07419469418878));
#8603=CARTESIAN_POINT('Ctrl Pts',(20.9830145607909,2.76128792183784,-1.14551145700954));
#8604=CARTESIAN_POINT('Ctrl Pts',(21.0572067888258,2.49993483974709,-1.22964412692663));
#8605=CARTESIAN_POINT('Ctrl Pts',(21.1154307275411,2.27978735228958,-1.30621566244899));
#8606=CARTESIAN_POINT('Ctrl Pts',(21.1685599066376,2.06150396334198,-1.38677985675347));
#8607=CARTESIAN_POINT('Ctrl Pts',(21.2167421298431,1.84418765262184,-1.47142527540209));
#8608=CARTESIAN_POINT('Ctrl Pts',(21.2600961201476,1.62710255902852,-1.56030314581145));
#8609=CARTESIAN_POINT('Ctrl Pts',(21.3051353854828,1.37341059193264,-1.66964588168468));
#8610=CARTESIAN_POINT('Ctrl Pts',(21.3487508493821,1.08277252691507,-1.80331206022212));
#8611=CARTESIAN_POINT('Ctrl Pts',(21.3874158684168,0.751539431618382,-1.97152223246352));
#8612=CARTESIAN_POINT('Ctrl Pts',(21.4112333745816,0.468691428220398,-2.13440038886712));
#8613=CARTESIAN_POINT('Ctrl Pts',(21.4236045848296,0.256949202188509,-2.27923932669269));
#8614=CARTESIAN_POINT('Ctrl Pts',(21.4287840681732,0.141662407518265,-2.3698577300668));
#8615=CARTESIAN_POINT('Ctrl Pts',(21.4311405206283,0.0791022469300727,-2.4241885583845));
#8616=CARTESIAN_POINT('Ctrl Pts',(21.4324285181212,0.0408630738998387,-2.45960200286506));
#8617=CARTESIAN_POINT('Ctrl Pts',(21.4330553502604,0.0207067046847441,-2.47917885028448));
#8618=CARTESIAN_POINT('Ctrl Pts',(21.4338219461665,-0.00486672973037053,
-2.50476658759928));
#8619=CARTESIAN_POINT('Ctrl Pts',(21.4344788930636,-0.0157163591815743,
-2.5158800312041));
#8620=CARTESIAN_POINT('Ctrl Pts',(21.4358411751844,-0.0466985563344304,
-2.54727304755302));
#8621=CARTESIAN_POINT('Ctrl Pts',(21.437991930831,-0.0958109815722494,-2.59715655172731));
#8622=CARTESIAN_POINT('Ctrl Pts',(21.4426741201922,-0.22746701956093,-2.73076828385374));
#8623=CARTESIAN_POINT('Ctrl Pts',(21.4447610684429,-0.341756122832572,-2.84660358006886));
#8624=CARTESIAN_POINT('Ctrl Pts',(21.4450847114183,-0.429045889019148,-2.93520674871799));
#8625=CARTESIAN_POINT('Ctrl Pts',(21.1452270368124,3.74512205121881,-1.20337286494489));
#8626=CARTESIAN_POINT('Ctrl Pts',(21.1463849167365,3.74065138944601,-1.20224094264627));
#8627=CARTESIAN_POINT('Ctrl Pts',(21.1469009879042,3.73875327923199,-1.20182880607876));
#8628=CARTESIAN_POINT('Ctrl Pts',(21.1480783130901,3.73438815826663,-1.20085620578805));
#8629=CARTESIAN_POINT('Ctrl Pts',(21.1493580697117,3.7298027186202,-1.19995902646012));
#8630=CARTESIAN_POINT('Ctrl Pts',(21.1514973563309,3.72227229931583,-1.19860233997924));
#8631=CARTESIAN_POINT('Ctrl Pts',(21.1546845584471,3.71147004801478,-1.19702628164248));
#8632=CARTESIAN_POINT('Ctrl Pts',(21.1598679018807,3.69448749390505,-1.19513800152431));
#8633=CARTESIAN_POINT('Ctrl Pts',(21.1682564141377,3.6681423136252,-1.19349520098968));
#8634=CARTESIAN_POINT('Ctrl Pts',(21.1824158800584,3.62531429824539,-1.19315614646631));
#8635=CARTESIAN_POINT('Ctrl Pts',(21.1998133479227,3.57441737461294,-1.19605940269611));
#8636=CARTESIAN_POINT('Ctrl Pts',(21.2142024512754,3.53273611358159,-1.20031286950588));
#8637=CARTESIAN_POINT('Ctrl Pts',(21.2234323147371,3.50602441451882,-1.20360505173531));
#8638=CARTESIAN_POINT('Ctrl Pts',(21.2295042966189,3.48844680979758,-1.20590352502078));
#8639=CARTESIAN_POINT('Ctrl Pts',(21.2577377600306,3.40673805692603,-1.21757101137465));
#8640=CARTESIAN_POINT('Ctrl Pts',(21.3251232875811,3.20974142601541,-1.25694419381301));
#8641=CARTESIAN_POINT('Ctrl Pts',(21.4062570882731,2.95543143793773,-1.32555016982779));
#8642=CARTESIAN_POINT('Ctrl Pts',(21.4838331857513,2.68808390246045,-1.4080340704728));
#8643=CARTESIAN_POINT('Ctrl Pts',(21.5441580442171,2.46191408370142,-1.48371600388247));
#8644=CARTESIAN_POINT('Ctrl Pts',(21.5988249889738,2.23728852891526,-1.56366081034283));
#8645=CARTESIAN_POINT('Ctrl Pts',(21.6480792849048,2.0135931683369,-1.6477905538143));
#8646=CARTESIAN_POINT('Ctrl Pts',(21.6921276268175,1.79030370385485,-1.73613719113535));
#8647=CARTESIAN_POINT('Ctrl Pts',(21.7375905921595,1.52980886774997,-1.84469044219843));
#8648=CARTESIAN_POINT('Ctrl Pts',(21.7811706749634,1.23217736738556,-1.97721322023526));
#8649=CARTESIAN_POINT('Ctrl Pts',(21.8192693911836,0.895776465437183,-2.14261474957779));
#8650=CARTESIAN_POINT('Ctrl Pts',(21.8421964104557,0.612026491660691,-2.30125127081327));
#8651=CARTESIAN_POINT('Ctrl Pts',(21.8539619478143,0.405617392510618,-2.43839594977398));
#8652=CARTESIAN_POINT('Ctrl Pts',(21.8589492217112,0.296381595977934,-2.52186581789315));
#8653=CARTESIAN_POINT('Ctrl Pts',(21.861288793071,0.238460106005821,-2.57079370638871));
#8654=CARTESIAN_POINT('Ctrl Pts',(21.8626126956341,0.203641357264231,-2.60216667196957));
#8655=CARTESIAN_POINT('Ctrl Pts',(21.8632756682474,0.185500812634708,-2.61931957713802));
#8656=CARTESIAN_POINT('Ctrl Pts',(21.8640954520397,0.162597403480529,-2.64163285452039));
#8657=CARTESIAN_POINT('Ctrl Pts',(21.8644292562502,0.150323306661958,-2.65379433612541));
#8658=CARTESIAN_POINT('Ctrl Pts',(21.8653244758435,0.118667660185431,-2.68494767133049));
#8659=CARTESIAN_POINT('Ctrl Pts',(21.8665470249497,0.0671875500935375,-2.73570800064266));
#8660=CARTESIAN_POINT('Ctrl Pts',(21.8689474730645,-0.0692599865336166,
-2.87014923270157));
#8661=CARTESIAN_POINT('Ctrl Pts',(21.8687732576765,-0.188331064519299,-2.98761757311208));
#8662=CARTESIAN_POINT('Ctrl Pts',(21.8674998454677,-0.278844693939857,-3.07685201508983));
#8663=CARTESIAN_POINT('Ctrl Pts',(21.2827235909016,3.79993087858063,-1.62823642504227));
#8664=CARTESIAN_POINT('Ctrl Pts',(21.2832676104721,3.79858269852157,-1.62789927225864));
#8665=CARTESIAN_POINT('Ctrl Pts',(21.2835471756774,3.79788767211145,-1.62777751783108));
#8666=CARTESIAN_POINT('Ctrl Pts',(21.2841715225079,3.79633596541421,-1.62749128649912));
#8667=CARTESIAN_POINT('Ctrl Pts',(21.2849134540664,3.79448815589553,-1.62723313913588));
#8668=CARTESIAN_POINT('Ctrl Pts',(21.2862084156705,3.79125880258499,-1.62685539383472));
#8669=CARTESIAN_POINT('Ctrl Pts',(21.2883074479515,3.78601089648868,-1.62646143467448));
#8670=CARTESIAN_POINT('Ctrl Pts',(21.2919678756529,3.77683192836279,-1.62611191096656));
#8671=CARTESIAN_POINT('Ctrl Pts',(21.2983891302256,3.76065237928717,-1.62621436589705));
#8672=CARTESIAN_POINT('Ctrl Pts',(21.3100217380092,3.73113128309354,-1.62773263430072));
#8673=CARTESIAN_POINT('Ctrl Pts',(21.3252735949986,3.69188251378824,-1.63170431281874));
#8674=CARTESIAN_POINT('Ctrl Pts',(21.338351033716,3.65774066383376,-1.63636947570736));
#8675=CARTESIAN_POINT('Ctrl Pts',(21.3468757963505,3.63530971216891,-1.63980404548659));
#8676=CARTESIAN_POINT('Ctrl Pts',(21.3525135150395,3.62042638294078,-1.64217135480854));
#8677=CARTESIAN_POINT('Ctrl Pts',(21.3789293363878,3.55027739369368,-1.65396010442773));
#8678=CARTESIAN_POINT('Ctrl Pts',(21.4441170813527,3.37124255128923,-1.6918262783528));
#8679=CARTESIAN_POINT('Ctrl Pts',(21.5251421858235,3.1289946411882,-1.75709198029973));
#8680=CARTESIAN_POINT('Ctrl Pts',(21.6036896498962,2.87028676419782,-1.83567982038742));
#8681=CARTESIAN_POINT('Ctrl Pts',(21.6653038182133,2.64961788081939,-1.90782186301368));
#8682=CARTESIAN_POINT('Ctrl Pts',(21.7215037451739,2.42961214535852,-1.98404481581549));
#8683=CARTESIAN_POINT('Ctrl Pts',(21.7724521826558,2.2100930555723,-2.06419983577991));
#8684=CARTESIAN_POINT('Ctrl Pts',(21.8182803150325,1.99097793356107,-2.14825847004068));
#8685=CARTESIAN_POINT('Ctrl Pts',(21.8658728240204,1.73586841399502,-2.25122297587324));
#8686=CARTESIAN_POINT('Ctrl Pts',(21.9119240179872,1.4457783557063,-2.37633009706989));
#8687=CARTESIAN_POINT('Ctrl Pts',(21.9527202795263,1.12236694053114,-2.53027954601692));
#8688=CARTESIAN_POINT('Ctrl Pts',(21.9778038663463,0.856533493800669,-2.67465870283853));
#8689=CARTESIAN_POINT('Ctrl Pts',(21.9908293485675,0.674278189124259,-2.7924071832095));
#8690=CARTESIAN_POINT('Ctrl Pts',(21.9962854163966,0.584234825005044,-2.85934123508647));
#8691=CARTESIAN_POINT('Ctrl Pts',(21.9987716795928,0.539369470352366,-2.89620859213834));
#8692=CARTESIAN_POINT('Ctrl Pts',(22.000133732063,0.513656334862863,-2.9187418219701));
#8693=CARTESIAN_POINT('Ctrl Pts',(22.000797419562,0.500754578472743,-2.93061619537633));
#8694=CARTESIAN_POINT('Ctrl Pts',(22.001609618257,0.484719025100511,-2.94581618510596));
#8695=CARTESIAN_POINT('Ctrl Pts',(22.0022841631555,0.470045829710909,-2.95965978878383));
#8696=CARTESIAN_POINT('Ctrl Pts',(22.0036943717054,0.438574032254586,-2.98939331732564));
#8697=CARTESIAN_POINT('Ctrl Pts',(22.0059068377456,0.384669371282387,-3.04030562591163));
#8698=CARTESIAN_POINT('Ctrl Pts',(22.0107112937747,0.244825628215258,-3.17240853985379));
#8699=CARTESIAN_POINT('Ctrl Pts',(22.0127300666042,0.121205447724921,-3.2892619719056));
#8700=CARTESIAN_POINT('Ctrl Pts',(22.0129670041397,0.0281045917803574,-3.3772418939299));
#8701=CARTESIAN_POINT('Ctrl Pts',(21.2827235909016,3.79993087858063,-1.80999999999996));
#8702=CARTESIAN_POINT('Ctrl Pts',(21.2827666671391,3.79982281507131,-1.80999999999996));
#8703=CARTESIAN_POINT('Ctrl Pts',(21.282852813977,3.79960669150971,-1.81000137852463));
#8704=CARTESIAN_POINT('Ctrl Pts',(21.2830250823678,3.79917446508986,-1.81000621899282));
#8705=CARTESIAN_POINT('Ctrl Pts',(21.2833264821608,3.79841813203325,-1.81001897330035));
#8706=CARTESIAN_POINT('Ctrl Pts',(21.2839289845842,3.79690576308969,-1.81005614321075));
#8707=CARTESIAN_POINT('Ctrl Pts',(21.2851327356024,3.79388237875763,-1.81016293554993));
#8708=CARTESIAN_POINT('Ctrl Pts',(21.2875350748268,3.78784141321673,-1.81046484396822));
#8709=CARTESIAN_POINT('Ctrl Pts',(21.2923199483186,3.7757806792639,-1.81130540686133));
#8710=CARTESIAN_POINT('Ctrl Pts',(21.3018227066001,3.75171410430461,-1.81360764069594));
#8711=CARTESIAN_POINT('Ctrl Pts',(21.3152593502627,3.71735918779292,-1.81803193371349));
#8712=CARTESIAN_POINT('Ctrl Pts',(21.3271927043975,3.68645589738261,-1.82287092167441));
#8713=CARTESIAN_POINT('Ctrl Pts',(21.3350733604019,3.66588364377054,-1.82636389960974));
#8714=CARTESIAN_POINT('Ctrl Pts',(21.340307670972,3.65217562690888,-1.82875887973158));
#8715=CARTESIAN_POINT('Ctrl Pts',(21.3650264963718,3.58712601933882,-1.84059391942376));
#8716=CARTESIAN_POINT('Ctrl Pts',(21.427935956927,3.41662698601715,-1.87782055787604));
#8717=CARTESIAN_POINT('Ctrl Pts',(21.5080982536421,3.18107484059211,-1.94166223462404));
#8718=CARTESIAN_POINT('Ctrl Pts',(21.5865173268937,2.92784824367063,-2.01858567523268));
#8719=CARTESIAN_POINT('Ctrl Pts',(21.6484370521735,2.71109653044056,-2.08921542675381));
#8720=CARTESIAN_POINT('Ctrl Pts',(21.7051831779309,2.49463358831795,-2.16384749129616));
#8721=CARTESIAN_POINT('Ctrl Pts',(21.7568575362729,2.27847584967593,-2.24230439814184));
#8722=CARTESIAN_POINT('Ctrl Pts',(21.8035365936073,2.06272123547295,-2.32453189538917));
#8723=CARTESIAN_POINT('Ctrl Pts',(21.8522323462748,1.81173731316908,-2.42511050420498));
#8724=CARTESIAN_POINT('Ctrl Pts',(21.8996502362276,1.52688943334021,-2.54704520275984));
#8725=CARTESIAN_POINT('Ctrl Pts',(21.9420685088483,1.21125475982245,-2.69610220384435));
#8726=CARTESIAN_POINT('Ctrl Pts',(21.9685130789666,0.954833088703036,-2.83437304627751));
#8727=CARTESIAN_POINT('Ctrl Pts',(21.9823722217376,0.784068176108903,-2.94382902301556));
#8728=CARTESIAN_POINT('Ctrl Pts',(21.9881296803224,0.702775107368734,-3.00369413106968));
#8729=CARTESIAN_POINT('Ctrl Pts',(21.9907001577502,0.663749944292727,-3.03540636894393));
#8730=CARTESIAN_POINT('Ctrl Pts',(21.9920761966784,0.642071955141875,-3.05416234427992));
#8731=CARTESIAN_POINT('Ctrl Pts',(21.9927318932091,0.631478519694566,-3.06378083494181));
#8732=CARTESIAN_POINT('Ctrl Pts',(21.9935276481821,0.618463117010881,-3.07594094728293));
#8733=CARTESIAN_POINT('Ctrl Pts',(21.9944627709524,0.602876168881838,-3.0905036767104));
#8734=CARTESIAN_POINT('Ctrl Pts',(21.9962617383884,0.571700251045617,-3.11963105297966));
#8735=CARTESIAN_POINT('Ctrl Pts',(21.9992228593909,0.51713723302113,-3.17060872893314));
#8736=CARTESIAN_POINT('Ctrl Pts',(22.0058752758668,0.376808381362454,-3.30171709591367));
#8737=CARTESIAN_POINT('Ctrl Pts',(22.0095097453286,0.252024025645133,-3.41830186817496));
#8738=CARTESIAN_POINT('Ctrl Pts',(22.0109548668894,0.158426519806603,-3.50574958999075));
#8739=CARTESIAN_POINT('Ctrl Pts',(22.0070261266564,0.325129437986262,-3.35000019347777));
#8740=CARTESIAN_POINT('Ctrl Pts',(22.0058210089003,0.36314785555815,-3.3144798951188));
#8741=CARTESIAN_POINT('Ctrl Pts',(22.0032420939835,0.432353819811089,-3.249821340749));
#8742=CARTESIAN_POINT('Ctrl Pts',(21.9992228593909,0.51713723302113,-3.17060872893314));
#8743=CARTESIAN_POINT('Ctrl Pts',(21.9962617383884,0.571700251045617,-3.11963105297966));
#8744=CARTESIAN_POINT('Ctrl Pts',(21.9944627709524,0.602876168881838,-3.0905036767104));
#8745=CARTESIAN_POINT('Ctrl Pts',(21.9935276481821,0.618463117010881,-3.07594094728293));
#8746=CARTESIAN_POINT('Ctrl Pts',(21.9927318932091,0.631478519694566,-3.06378083494181));
#8747=CARTESIAN_POINT('Ctrl Pts',(21.9920761966784,0.642071955141875,-3.05416234427992));
#8748=CARTESIAN_POINT('Ctrl Pts',(21.9907001577502,0.663749944292727,-3.03540636894393));
#8749=CARTESIAN_POINT('Ctrl Pts',(21.9881296803224,0.702775107368734,-3.00369413106968));
#8750=CARTESIAN_POINT('Ctrl Pts',(21.9823722217376,0.784068176108903,-2.94382902301556));
#8751=CARTESIAN_POINT('Ctrl Pts',(21.9685130789666,0.954833088703036,-2.83437304627751));
#8752=CARTESIAN_POINT('Ctrl Pts',(21.9420685088483,1.21125475982245,-2.69610220384435));
#8753=CARTESIAN_POINT('Ctrl Pts',(21.8996502362276,1.52688943334021,-2.54704520275984));
#8754=CARTESIAN_POINT('Ctrl Pts',(21.8522323462748,1.81173731316908,-2.42511050420498));
#8755=CARTESIAN_POINT('Ctrl Pts',(21.8035365936073,2.06272123547295,-2.32453189538917));
#8756=CARTESIAN_POINT('Ctrl Pts',(21.7568575362729,2.27847584967593,-2.24230439814184));
#8757=CARTESIAN_POINT('Ctrl Pts',(21.7051831779309,2.49463358831795,-2.16384749129616));
#8758=CARTESIAN_POINT('Ctrl Pts',(21.6484370521735,2.71109653044056,-2.08921542675381));
#8759=CARTESIAN_POINT('Ctrl Pts',(21.5865173268937,2.92784824367063,-2.01858567523268));
#8760=CARTESIAN_POINT('Ctrl Pts',(21.5080982536421,3.18107484059211,-1.94166223462404));
#8761=CARTESIAN_POINT('Ctrl Pts',(21.427935956927,3.41662698601715,-1.87782055787604));
#8762=CARTESIAN_POINT('Ctrl Pts',(21.3650264963718,3.58712601933882,-1.84059391942376));
#8763=CARTESIAN_POINT('Ctrl Pts',(21.340307670972,3.65217562690888,-1.82875887973158));
#8764=CARTESIAN_POINT('Ctrl Pts',(21.3350733604019,3.66588364377054,-1.82636389960974));
#8765=CARTESIAN_POINT('Ctrl Pts',(21.3271927043975,3.68645589738261,-1.82287092167441));
#8766=CARTESIAN_POINT('Ctrl Pts',(21.3152593502627,3.71735918779292,-1.81803193371349));
#8767=CARTESIAN_POINT('Ctrl Pts',(21.3018227066001,3.75171410430461,-1.81360764069594));
#8768=CARTESIAN_POINT('Ctrl Pts',(21.2923199483186,3.7757806792639,-1.81130540686133));
#8769=CARTESIAN_POINT('Ctrl Pts',(21.2875350748268,3.78784141321673,-1.81046484396822));
#8770=CARTESIAN_POINT('Ctrl Pts',(21.2851327356024,3.79388237875763,-1.81016293554993));
#8771=CARTESIAN_POINT('Ctrl Pts',(21.2839289845842,3.79690576308969,-1.81005614321075));
#8772=CARTESIAN_POINT('Ctrl Pts',(21.2833264821608,3.79841813203325,-1.81001897330035));
#8773=CARTESIAN_POINT('Ctrl Pts',(21.2830250823678,3.79917446508986,-1.81000621899282));
#8774=CARTESIAN_POINT('Ctrl Pts',(21.282852813977,3.79960669150971,-1.81000137852463));
#8775=CARTESIAN_POINT('Ctrl Pts',(21.2827666671391,3.79982281507131,-1.80999999999996));
#8776=CARTESIAN_POINT('Ctrl Pts',(21.2827235909016,3.79993087858063,-1.80999999999996));
#8777=CARTESIAN_POINT('',(21.1845608729826,-1.38777878078145E-16,-2.5));
#8778=CARTESIAN_POINT('Ctrl Pts',(20.5302998618274,3.50000000000002,-0.999999999999965));
#8779=CARTESIAN_POINT('Ctrl Pts',(20.5303395380311,3.49347110336093,-0.999999999999965));
#8780=CARTESIAN_POINT('Ctrl Pts',(20.5304188852461,3.49080448242752,-1.00003354582414));
#8781=CARTESIAN_POINT('Ctrl Pts',(20.530577556387,3.4846313645449,-1.00009844850894));
#8782=CARTESIAN_POINT('Ctrl Pts',(20.5308551665092,3.47833246776591,-1.00022746386577));
#8783=CARTESIAN_POINT('Ctrl Pts',(20.5314101130462,3.46815195727526,-1.00049610646586));
#8784=CARTESIAN_POINT('Ctrl Pts',(20.5325188512571,3.45406526340389,-1.00106171428768));
#8785=CARTESIAN_POINT('Ctrl Pts',(20.5347315723707,3.43268575438301,-1.0022380716163));
#8786=CARTESIAN_POINT('Ctrl Pts',(20.5391387728584,3.40109867999048,-1.00469329271971));
#8787=CARTESIAN_POINT('Ctrl Pts',(20.5478914725911,3.35228739051183,-1.00984396418848));
#8788=CARTESIAN_POINT('Ctrl Pts',(20.5602675537151,3.29747048021136,-1.01766824613308));
#8789=CARTESIAN_POINT('Ctrl Pts',(20.5712590008773,3.25400257371731,-1.02509449250235));
#8790=CARTESIAN_POINT('Ctrl Pts',(20.5785176318621,3.22651739549521,-1.03017002745743));
#8791=CARTESIAN_POINT('Ctrl Pts',(20.5833387950834,3.20851190418599,-1.03358543095228));
#8792=CARTESIAN_POINT('Ctrl Pts',(20.6061065484094,3.12549476840343,-1.05002674687491));
#8793=CARTESIAN_POINT('Ctrl Pts',(20.6640505265971,2.93194323015449,-1.09639171046419));
#8794=CARTESIAN_POINT('Ctrl Pts',(20.737885563988,2.68846301385375,-1.168367225833));
#8795=CARTESIAN_POINT('Ctrl Pts',(20.8101149716142,2.43416350854632,-1.25225069610972));
#8796=CARTESIAN_POINT('Ctrl Pts',(20.8671473349399,2.21980410260148,-1.32811812016962));
#8797=CARTESIAN_POINT('Ctrl Pts',(20.9194144541315,2.00712888936279,-1.40772405166165));
#8798=CARTESIAN_POINT('Ctrl Pts',(20.9670101236255,1.79531553625991,-1.49120304595813));
#8799=CARTESIAN_POINT('Ctrl Pts',(21.0100047742891,1.5836422986703,-1.57877263777806));
#8800=CARTESIAN_POINT('Ctrl Pts',(21.0548569412843,1.33616407402888,-1.68646169873416));
#8801=CARTESIAN_POINT('Ctrl Pts',(21.0985321080538,1.05236313361962,-1.81821524032572));
#8802=CARTESIAN_POINT('Ctrl Pts',(21.1376022803586,0.728727775458152,-1.98407406575765));
#8803=CARTESIAN_POINT('Ctrl Pts',(21.1619595643123,0.451797564764385,-2.1451420530008));
#8804=CARTESIAN_POINT('Ctrl Pts',(21.1747247964306,0.244406405128314,-2.28852718331745));
#8805=CARTESIAN_POINT('Ctrl Pts',(21.1800278152725,0.131447055100306,-2.37836555138201));
#8806=CARTESIAN_POINT('Ctrl Pts',(21.1823954033378,0.0701652970728425,-2.43226114002458));
#8807=CARTESIAN_POINT('Ctrl Pts',(21.1836628306681,0.0327342430572136,-2.46738566094639));
#8808=CARTESIAN_POINT('Ctrl Pts',(21.1842667726689,0.0130063953782189,-2.48680963674853));
#8809=CARTESIAN_POINT('Ctrl Pts',(21.1845910746552,0.00193349344265557,
-2.49804137897577));
#8810=CARTESIAN_POINT('Ctrl Pts',(21.1846212577901,0.000947106956774202,
-2.49904191525827));
#8811=CARTESIAN_POINT('Ctrl Pts',(21.184651401996,2.72845150650766E-6,-2.49999984107759));
#8812=CARTESIAN_POINT('Ctrl Pts',(21.1845608729826,-1.38777878078145E-16,
-2.5));
#8813=CARTESIAN_POINT('Ctrl Pts',(21.2601539961292,-7.21533664869984E-16,
-2.5));
#8814=CARTESIAN_POINT('Ctrl Pts',(21.3341539266303,-6.94274981203913E-16,
-2.51502966181958));
#8815=CARTESIAN_POINT('Ctrl Pts',(21.4868486057357,-1.59632333403964E-15,
-2.575220684619));
#8816=CARTESIAN_POINT('Ctrl Pts',(21.5617477341615,-1.05267613217005E-16,
-2.62400106994359));
#8817=CARTESIAN_POINT('Ctrl Pts',(21.7160368504996,-1.47944869532654E-15,
-2.76194732048901));
#8818=CARTESIAN_POINT('Ctrl Pts',(21.7883844773539,-2.59974726165889E-15,
-2.8588536643653));
#8819=CARTESIAN_POINT('Ctrl Pts',(21.9006852194567,-3.36119052221299E-15,
-3.06595257144425));
#8820=CARTESIAN_POINT('Ctrl Pts',(21.9418768669919,-1.40135822590061E-14,
-3.17711030340788));
#8821=CARTESIAN_POINT('Ctrl Pts',(21.9741328248995,-2.2233731704259E-14,
-3.31046340850009));
#8822=CARTESIAN_POINT('Ctrl Pts',(21.9784782989992,-8.79167960545323E-15,
-3.3301864766598));
#8823=CARTESIAN_POINT('Ctrl Pts',(21.9824276742509,-9.41954847455406E-15,
-3.34999999999781));
#8824=CARTESIAN_POINT('Ctrl Pts',(21.201051395842,0.430902937385685,-2.93709046326344));
#8825=CARTESIAN_POINT('Ctrl Pts',(21.2001640258615,0.373429836726352,-2.87879208092986));
#8826=CARTESIAN_POINT('Ctrl Pts',(21.1973406733029,0.258232501270272,-2.76194122881323));
#8827=CARTESIAN_POINT('Ctrl Pts',(21.1911887161693,0.11348349790804,-2.61511527971867));
#8828=CARTESIAN_POINT('Ctrl Pts',(21.1863163049212,0.02696240260089,-2.52735291675261));
#8829=CARTESIAN_POINT('Ctrl Pts',(21.1842667579757,-0.00773342591512362,
-2.49216036270361));
#8830=CARTESIAN_POINT('Ctrl Pts',(21.1836628164853,-0.0298516879697659,
-2.47031014890735));
#8831=CARTESIAN_POINT('Ctrl Pts',(21.1823953947963,-0.066003357645966,-2.43648537341828));
#8832=CARTESIAN_POINT('Ctrl Pts',(21.1800277774792,-0.128628153043793,-2.38121990489831));
#8833=CARTESIAN_POINT('Ctrl Pts',(21.1747250245161,-0.241625072733953,-2.29134923244378));
#8834=CARTESIAN_POINT('Ctrl Pts',(21.1656065718403,-0.391512227938274,-2.18707759665541));
#8835=CARTESIAN_POINT('Ctrl Pts',(21.1522170241214,-0.561555475573225,-2.08188076618591));
#8836=CARTESIAN_POINT('Ctrl Pts',(21.1363731353995,-0.72749306335375,-1.98760935309664));
#8837=CARTESIAN_POINT('Ctrl Pts',(21.1180656209199,-0.890441303547192,-1.90125716656739));
#8838=CARTESIAN_POINT('Ctrl Pts',(21.097273403218,-1.05174727510135,-1.82050070719627));
#8839=CARTESIAN_POINT('Ctrl Pts',(21.073967882969,-1.21192671885117,-1.74418840969677));
#8840=CARTESIAN_POINT('Ctrl Pts',(21.0452439800023,-1.38922339353791,-1.66334941289968));
#8841=CARTESIAN_POINT('Ctrl Pts',(21.0100054934684,-1.58362890444962,-1.57879233792083));
#8842=CARTESIAN_POINT('Ctrl Pts',(20.967009771308,-1.79531550065652,-1.49119255200145));
#8843=CARTESIAN_POINT('Ctrl Pts',(20.9194144741621,-2.00714071445296,-1.40773136277275));
#8844=CARTESIAN_POINT('Ctrl Pts',(20.8671478002098,-2.21975974100039,-1.32811121886357));
#8845=CARTESIAN_POINT('Ctrl Pts',(20.8101141329058,-2.43422939867089,-1.25225815351756));
#8846=CARTESIAN_POINT('Ctrl Pts',(20.7533647595317,-2.63382288319898,-1.18632974550617));
#8847=CARTESIAN_POINT('Ctrl Pts',(20.6981234571231,-2.81997009003935,-1.12964036258758));
#8848=CARTESIAN_POINT('Ctrl Pts',(20.6542810698234,-2.96459454528693,-1.08955058177203));
#8849=CARTESIAN_POINT('Ctrl Pts',(20.6176904068688,-3.08730973480709,-1.05930433375456));
#8850=CARTESIAN_POINT('Ctrl Pts',(20.5965209462303,-3.16046542987171,-1.04310399132142));
#8851=CARTESIAN_POINT('Ctrl Pts',(20.5833388845436,-3.20857896216791,-1.03358558721176));
#8852=CARTESIAN_POINT('Ctrl Pts',(20.5785177914979,-3.22657465573244,-1.03017015071157));
#8853=CARTESIAN_POINT('Ctrl Pts',(20.5712591172806,-3.25405905150666,-1.02509461917973));
#8854=CARTESIAN_POINT('Ctrl Pts',(20.5602676363299,-3.29749949470906,-1.0176683093895));
#8855=CARTESIAN_POINT('Ctrl Pts',(20.5478914801914,-3.35229241284752,-1.00984397620277));
#8856=CARTESIAN_POINT('Ctrl Pts',(20.5391387769066,-3.4011004292279,-1.00469329681783));
#8857=CARTESIAN_POINT('Ctrl Pts',(20.5347315730117,-3.43268616632987,-1.00223807264014));
#8858=CARTESIAN_POINT('Ctrl Pts',(20.5325188514882,-3.45406538589034,-1.00106171459059));
#8859=CARTESIAN_POINT('Ctrl Pts',(20.5314101130923,-3.46815198883454,-1.00049610654683));
#8860=CARTESIAN_POINT('Ctrl Pts',(20.5308551665248,-3.47833247758615,-1.00022746389102));
#8861=CARTESIAN_POINT('Ctrl Pts',(20.5305775563919,-3.4846313679911,-1.00009844851795));
#8862=CARTESIAN_POINT('Ctrl Pts',(20.5304188852479,-3.49080448372124,-1.00003354582755));
#8863=CARTESIAN_POINT('Ctrl Pts',(20.5303395380311,-3.49347110336188,-0.99999999999997));
#8864=CARTESIAN_POINT('Ctrl Pts',(20.5302998618274,-3.49999999999941,-0.999999999999965));
#8865=CARTESIAN_POINT('Ctrl Pts',(21.4450847114183,0.429045889019127,-2.93520674871797));
#8866=CARTESIAN_POINT('Ctrl Pts',(21.4448689498006,0.370852810259757,-2.87613806980196));
#8867=CARTESIAN_POINT('Ctrl Pts',(21.4433134634179,0.254157481553617,-2.75784791844265));
#8868=CARTESIAN_POINT('Ctrl Pts',(21.4387471169368,0.10752630134293,-2.60911352595878));
#8869=CARTESIAN_POINT('Ctrl Pts',(21.4348152917838,0.0199061325080933,-2.52021952392768));
#8870=CARTESIAN_POINT('Ctrl Pts',(21.4331193237761,-0.0152481810251982,
-2.48457661497871));
#8871=CARTESIAN_POINT('Ctrl Pts',(21.432462645513,-0.0378724295617789,-2.46256028090079));
#8872=CARTESIAN_POINT('Ctrl Pts',(21.4311907062557,-0.0747916063945858,
-2.4284528290345));
#8873=CARTESIAN_POINT('Ctrl Pts',(21.4288181451068,-0.13874791797013,-2.37273453913278));
#8874=CARTESIAN_POINT('Ctrl Pts',(21.4236410735209,-0.25410757035271,-2.2820512266006));
#8875=CARTESIAN_POINT('Ctrl Pts',(21.4147695475943,-0.407009819990785,-2.17686550854973));
#8876=CARTESIAN_POINT('Ctrl Pts',(21.4017138470874,-0.580727063485993,-2.0704733213196));
#8877=CARTESIAN_POINT('Ctrl Pts',(21.3861578829499,-0.750351823299489,-1.97504490802144));
#8878=CARTESIAN_POINT('Ctrl Pts',(21.3680832860704,-0.917050938441617,-1.88752829681274));
#8879=CARTESIAN_POINT('Ctrl Pts',(21.347449740326,-1.08215397159437,-1.80563372671769));
#8880=CARTESIAN_POINT('Ctrl Pts',(21.3242236838118,-1.24619080207813,-1.72819961072924));
#8881=CARTESIAN_POINT('Ctrl Pts',(21.2954871884526,-1.42782739643348,-1.64615545156242));
#8882=CARTESIAN_POINT('Ctrl Pts',(21.2600972042918,-1.62708937863964,-1.56032233221992));
#8883=CARTESIAN_POINT('Ctrl Pts',(21.2167432503211,-1.84419289823603,-1.47140901477208));
#8884=CARTESIAN_POINT('Ctrl Pts',(21.1685584576905,-2.06150813223917,-1.38679344486443));
#8885=CARTESIAN_POINT('Ctrl Pts',(21.1154359896645,-2.27973888021703,-1.30620078299809));
#8886=CARTESIAN_POINT('Ctrl Pts',(21.0572013492095,-2.50000451804869,-1.22965756340943));
#8887=CARTESIAN_POINT('Ctrl Pts',(20.9989394526793,-2.70507374955997,-1.16349825055638));
#8888=CARTESIAN_POINT('Ctrl Pts',(20.9418144480007,-2.89633866663573,-1.10721094139549));
#8889=CARTESIAN_POINT('Ctrl Pts',(20.8961193106862,-3.04483638476724,-1.06797218909772));
#8890=CARTESIAN_POINT('Ctrl Pts',(20.8574049597616,-3.17089837750319,-1.03935842068177));
#8891=CARTESIAN_POINT('Ctrl Pts',(20.8347447731202,-3.24589015480251,-1.0245199452964));
#8892=CARTESIAN_POINT('Ctrl Pts',(20.8203635902955,-3.29520751380557,-1.01630490276829));
#8893=CARTESIAN_POINT('Ctrl Pts',(20.8150667170236,-3.31364650106781,-1.01342906354272));
#8894=CARTESIAN_POINT('Ctrl Pts',(20.8070597845518,-3.34179073867718,-1.00921877094813));
#8895=CARTESIAN_POINT('Ctrl Pts',(20.7948070538031,-3.38615787257707,-1.00331152084163));
#8896=CARTESIAN_POINT('Ctrl Pts',(20.7805563998227,-3.44192384679142,-0.997965462277376));
#8897=CARTESIAN_POINT('Ctrl Pts',(20.7697296114554,-3.49132095316055,-0.995855195530012));
#8898=CARTESIAN_POINT('Ctrl Pts',(20.763792081487,-3.52306981311299,-0.995763426278798));
#8899=CARTESIAN_POINT('Ctrl Pts',(20.7604349764486,-3.54441374500575,-0.996417626877862));
#8900=CARTESIAN_POINT('Ctrl Pts',(20.7585250411263,-3.55840682112779,-0.997158903207499));
#8901=CARTESIAN_POINT('Ctrl Pts',(20.7573591142051,-3.56846701993111,-0.997903082739787));
#8902=CARTESIAN_POINT('Ctrl Pts',(20.7566949887953,-3.57467734787135,-0.998418891987321));
#8903=CARTESIAN_POINT('Ctrl Pts',(20.7561433819074,-3.58073798764138,-0.999016153834229));
#8904=CARTESIAN_POINT('Ctrl Pts',(20.7558955756829,-3.58335865307613,-0.999265924663816));
#8905=CARTESIAN_POINT('Ctrl Pts',(20.7554245151271,-3.58973910902167,-0.999999999999898));
#8906=CARTESIAN_POINT('Ctrl Pts',(21.8674998454677,0.278844693939835,-3.07685201508981));
#8907=CARTESIAN_POINT('Ctrl Pts',(21.8683487855004,0.218502376669693,-3.01736248800183));
#8908=CARTESIAN_POINT('Ctrl Pts',(21.8689761062011,0.0975872270750425,-2.89813575630335));
#8909=CARTESIAN_POINT('Ctrl Pts',(21.8669914018198,-0.054256531008739,-2.74850334307577));
#8910=CARTESIAN_POINT('Ctrl Pts',(21.8645823059631,-0.145156072481107,-2.65894336503926));
#8911=CARTESIAN_POINT('Ctrl Pts',(21.8634503380932,-0.181346127940277,-2.62331177815007));
#8912=CARTESIAN_POINT('Ctrl Pts',(21.8627085406497,-0.201372231076676,-2.60434610443176));
#8913=CARTESIAN_POINT('Ctrl Pts',(21.8614267969861,-0.235181609817653,-2.57394460675635));
#8914=CARTESIAN_POINT('Ctrl Pts',(21.8590426181204,-0.294158917907956,-2.52399572521982));
#8915=CARTESIAN_POINT('Ctrl Pts',(21.854053179055,-0.403415004680792,-2.44051294053573));
#8916=CARTESIAN_POINT('Ctrl Pts',(21.8455966764339,-0.552267053433807,-2.34111653294694));
#8917=CARTESIAN_POINT('Ctrl Pts',(21.8330615588141,-0.724768361241295,-2.23866924683579));
#8918=CARTESIAN_POINT('Ctrl Pts',(21.8179522172928,-0.895138566595545,-2.14580685051434));
#8919=CARTESIAN_POINT('Ctrl Pts',(21.8002218244983,-1.0638969877437,-2.05999913419985));
#8920=CARTESIAN_POINT('Ctrl Pts',(21.7798072023785,-1.23193181101964,-1.97930861755825));
#8921=CARTESIAN_POINT('Ctrl Pts',(21.7566602309002,-1.39953050197154,-1.90274099564169));
#8922=CARTESIAN_POINT('Ctrl Pts',(21.7278444618563,-1.58564319121781,-1.82140574540957));
#8923=CARTESIAN_POINT('Ctrl Pts',(21.6921278037106,-1.79029225834756,-1.736154434551));
#8924=CARTESIAN_POINT('Ctrl Pts',(21.6480800272028,-2.01359193960062,-1.6477812240847));
#8925=CARTESIAN_POINT('Ctrl Pts',(21.5988218773058,-2.23729956062977,-1.56366977058322));
#8926=CARTESIAN_POINT('Ctrl Pts',(21.5441670919376,-2.46188297681607,-1.48369919505745));
#8927=CARTESIAN_POINT('Ctrl Pts',(21.4838189709702,-2.68813081814745,-1.40805787188588));
#8928=CARTESIAN_POINT('Ctrl Pts',(21.4229044897744,-2.89805664139628,-1.34318274724799));
#8929=CARTESIAN_POINT('Ctrl Pts',(21.3624915057307,-3.09265601472258,-1.28872091571997));
#8930=CARTESIAN_POINT('Ctrl Pts',(21.3134400014003,-3.24254671032743,-1.25165945244188));
#8931=CARTESIAN_POINT('Ctrl Pts',(21.2711362858792,-3.36767309081277,-1.22552492812813));
#8932=CARTESIAN_POINT('Ctrl Pts',(21.2458541157463,-3.44114155849658,-1.21265221537704));
#8933=CARTESIAN_POINT('Ctrl Pts',(21.2294990659035,-3.48848172660811,-1.20590711902154));
#8934=CARTESIAN_POINT('Ctrl Pts',(21.2234283985322,-3.50605336348693,-1.20360740129365));
#8935=CARTESIAN_POINT('Ctrl Pts',(21.214198308561,-3.53276511241452,-1.20031555051468));
#8936=CARTESIAN_POINT('Ctrl Pts',(21.1998113304477,-3.57443211614195,-1.19606062607303));
#8937=CARTESIAN_POINT('Ctrl Pts',(21.1824154670382,-3.62531695622015,-1.19315643878722));
#8938=CARTESIAN_POINT('Ctrl Pts',(21.1682562732958,-3.66814323634361,-1.193495298082));
#8939=CARTESIAN_POINT('Ctrl Pts',(21.1598678644796,-3.69448771826556,-1.19513802976857));
#8940=CARTESIAN_POINT('Ctrl Pts',(21.1546845472347,-3.71147011491707,-1.19702629014846));
#8941=CARTESIAN_POINT('Ctrl Pts',(21.1514973531992,-3.72227231695375,-1.19860234248428));
#8942=CARTESIAN_POINT('Ctrl Pts',(21.1493580687194,-3.72980272413846,-1.19995902726331));
#8943=CARTESIAN_POINT('Ctrl Pts',(21.1480783127292,-3.73438816022385,-1.2008562060865));
#8944=CARTESIAN_POINT('Ctrl Pts',(21.1469009877656,-3.73875327997176,-1.20182880619491));
#8945=CARTESIAN_POINT('Ctrl Pts',(21.1463849167363,-3.74065138944666,-1.20224094264644));
#8946=CARTESIAN_POINT('Ctrl Pts',(21.1452270368126,-3.7451220512184,-1.20337286494478));
#8947=CARTESIAN_POINT('Ctrl Pts',(22.0129670041397,-0.0281045917803788,
-3.37724189392988));
#8948=CARTESIAN_POINT('Ctrl Pts',(22.0128090460506,-0.0901717238078205,
-3.31858871205906));
#8949=CARTESIAN_POINT('Ctrl Pts',(22.0113339763663,-0.214354090151465,-3.20120872310412));
#8950=CARTESIAN_POINT('Ctrl Pts',(22.0066839405862,-0.36980228840971,-3.05433795520976));
#8951=CARTESIAN_POINT('Ctrl Pts',(22.0026293610155,-0.462999143200392,-2.96630097444882));
#8952=CARTESIAN_POINT('Ctrl Pts',(22.0008729094516,-0.499511648958331,-2.93181005338282));
#8953=CARTESIAN_POINT('Ctrl Pts',(22.0001745874293,-0.51297708258049,-2.91939302896736));
#8954=CARTESIAN_POINT('Ctrl Pts',(21.9988311151974,-0.538388710827873,-2.89715085210589));
#8955=CARTESIAN_POINT('Ctrl Pts',(21.9963257011048,-0.583568515600266,-2.859977125882));
#8956=CARTESIAN_POINT('Ctrl Pts',(21.9908706166603,-0.673622358612948,-2.79304464308135));
#8957=CARTESIAN_POINT('Ctrl Pts',(21.9815348558261,-0.804193306698116,-2.70847517638169));
#8958=CARTESIAN_POINT('Ctrl Pts',(21.967782805174,-0.962690292154286,-2.61721477900781));
#8959=CARTESIAN_POINT('Ctrl Pts',(21.9513863272232,-1.12285676722829,-2.53269707442401));
#8960=CARTESIAN_POINT('Ctrl Pts',(21.9323220956689,-1.28405635524431,-2.45333168237328));
#8961=CARTESIAN_POINT('Ctrl Pts',(21.9105475510418,-1.4461360925885,-2.37799498191821));
#8962=CARTESIAN_POINT('Ctrl Pts',(21.8860253837556,-1.60893280740631,-2.30599333709412));
#8963=CARTESIAN_POINT('Ctrl Pts',(21.8556746462852,-1.79054834272062,-2.22914485684834));
#8964=CARTESIAN_POINT('Ctrl Pts',(21.8182811543335,-1.99097362204336,-2.1482676208792));
#8965=CARTESIAN_POINT('Ctrl Pts',(21.7724528517793,-2.21009476795325,-2.06419381975832));
#8966=CARTESIAN_POINT('Ctrl Pts',(21.7215023244245,-2.42961335290152,-1.98405117282983));
#8967=CARTESIAN_POINT('Ctrl Pts',(21.6653089678662,-2.6496087095705,-1.90780845850629));
#8968=CARTESIAN_POINT('Ctrl Pts',(21.6036831414508,-2.87030229690165,-1.83569852481933));
#8969=CARTESIAN_POINT('Ctrl Pts',(21.5419952396114,-3.07352759535531,-1.77389897866703));
#8970=CARTESIAN_POINT('Ctrl Pts',(21.481469757291,-3.25952039070908,-1.72203441635597));
#8971=CARTESIAN_POINT('Ctrl Pts',(21.4329905741793,-3.40030046896872,-1.68670423692653));
#8972=CARTESIAN_POINT('Ctrl Pts',(21.3918993885111,-3.51456478187828,-1.66156878393493));
#8973=CARTESIAN_POINT('Ctrl Pts',(21.367799654563,-3.5798083266267,-1.64899153666605));
#8974=CARTESIAN_POINT('Ctrl Pts',(21.3525012024342,-3.62043237965776,-1.64217109887947));
#8975=CARTESIAN_POINT('Ctrl Pts',(21.3468648479294,-3.63531411921338,-1.63980333427222));
#8976=CARTESIAN_POINT('Ctrl Pts',(21.3383404591716,-3.65774537030685,-1.63636902092601));
#8977=CARTESIAN_POINT('Ctrl Pts',(21.3252680886311,-3.69188477325147,-1.6317039632953));
#8978=CARTESIAN_POINT('Ctrl Pts',(21.3100208420429,-3.73113175098501,-1.62773262323022));
#8979=CARTESIAN_POINT('Ctrl Pts',(21.2983888179592,-3.76065253649205,-1.62621435695007));
#8980=CARTESIAN_POINT('Ctrl Pts',(21.2919678062175,-3.77683197030171,-1.62611191186349));
#8981=CARTESIAN_POINT('Ctrl Pts',(21.2883074275049,-3.78601090898808,-1.62646143489979));
#8982=CARTESIAN_POINT('Ctrl Pts',(21.2862084106485,-3.79125880608286,-1.62685539405755));
#8983=CARTESIAN_POINT('Ctrl Pts',(21.284913452527,-3.79448815700125,-1.62723313921289));
#8984=CARTESIAN_POINT('Ctrl Pts',(21.2841715219807,-3.79633596581669,-1.62749128653466));
#8985=CARTESIAN_POINT('Ctrl Pts',(21.2835471754831,-3.79788767226581,-1.62777751784614));
#8986=CARTESIAN_POINT('Ctrl Pts',(21.283267610472,-3.79858269852175,-1.62789927225869));
#8987=CARTESIAN_POINT('Ctrl Pts',(21.2827235909016,-3.7999308785805,-1.62823642504224));
#8988=CARTESIAN_POINT('Ctrl Pts',(22.0109548668894,-0.158426519806624,-3.50574958999073));
#8989=CARTESIAN_POINT('Ctrl Pts',(22.0099914541495,-0.220824751201815,-3.44745120765715));
#8990=CARTESIAN_POINT('Ctrl Pts',(22.0069261557013,-0.345612987198125,-3.33086242855024));
#8991=CARTESIAN_POINT('Ctrl Pts',(22.0002470094512,-0.501552082922649,-3.18516974055039));
#8992=CARTESIAN_POINT('Ctrl Pts',(21.9949570591783,-0.595083476807213,-3.09778433700222));
#8993=CARTESIAN_POINT('Ctrl Pts',(21.9927318772568,-0.631478684938516,-3.0637808797109));
#8994=CARTESIAN_POINT('Ctrl Pts',(21.9920761812802,-0.642071849958288,-3.05416215620067));
#8995=CARTESIAN_POINT('Ctrl Pts',(21.9907001484767,-0.663750279455914,-3.03540659432807));
#8996=CARTESIAN_POINT('Ctrl Pts',(21.9881296392904,-0.702773481562566,-3.00369246181854));
#8997=CARTESIAN_POINT('Ctrl Pts',(21.9823724693688,-0.784071390874702,-2.94383283009603));
#8998=CARTESIAN_POINT('Ctrl Pts',(21.9724726151151,-0.906005857038312,-2.8656112891529));
#8999=CARTESIAN_POINT('Ctrl Pts',(21.9579356563073,-1.05747698618757,-2.77913487600624));
#9000=CARTESIAN_POINT('Ctrl Pts',(21.9407340328813,-1.21221122539891,-2.69818686682299));
#9001=CARTESIAN_POINT('Ctrl Pts',(21.9208576644295,-1.36908271252454,-2.62157553369436));
#9002=CARTESIAN_POINT('Ctrl Pts',(21.898283667264,-1.52750012098602,-2.5485275481702));
#9003=CARTESIAN_POINT('Ctrl Pts',(21.8729809912538,-1.68710787440786,-2.47847699626711));
#9004=CARTESIAN_POINT('Ctrl Pts',(21.8417956067291,-1.8655240261355,-2.40354599121715));
#9005=CARTESIAN_POINT('Ctrl Pts',(21.8035373744164,-2.06271932338226,-2.32453753140864));
#9006=CARTESIAN_POINT('Ctrl Pts',(21.7568571537637,-2.27847677507041,-2.2422994956311));
#9007=CARTESIAN_POINT('Ctrl Pts',(21.7051831996781,-2.49463347196561,-2.16385300862193));
#9008=CARTESIAN_POINT('Ctrl Pts',(21.6484375573145,-2.71109558823835,-2.08920334270386));
#9009=CARTESIAN_POINT('Ctrl Pts',(21.5865164163125,-2.92785010986059,-2.01860207637485));
#9010=CARTESIAN_POINT('Ctrl Pts',(21.524903931677,-3.12680874893299,-1.95811601487517));
#9011=CARTESIAN_POINT('Ctrl Pts',(21.4649287514497,-3.30792197441606,-1.907361396637));
#9012=CARTESIAN_POINT('Ctrl Pts',(21.4173293110809,-3.4439674936787,-1.8727666487195));
#9013=CARTESIAN_POINT('Ctrl Pts',(21.3776030282156,-3.55303994961407,-1.84806054494753));
#9014=CARTESIAN_POINT('Ctrl Pts',(21.3546194604546,-3.61451301481893,-1.8356079136346));
#9015=CARTESIAN_POINT('Ctrl Pts',(21.3403077680984,-3.65217537778418,-1.82875853515886));
#9016=CARTESIAN_POINT('Ctrl Pts',(21.3350735337177,-3.66588319590332,-1.82636332592985));
#9017=CARTESIAN_POINT('Ctrl Pts',(21.3271928307759,-3.68645557158612,-1.82287049373011));
#9018=CARTESIAN_POINT('Ctrl Pts',(21.3152594399571,-3.71735895590794,-1.81803163883649));
#9019=CARTESIAN_POINT('Ctrl Pts',(21.3018227148517,-3.75171408307408,-1.81360761241305));
#9020=CARTESIAN_POINT('Ctrl Pts',(21.2923199527138,-3.77578066790575,-1.81130539240789));
#9021=CARTESIAN_POINT('Ctrl Pts',(21.2875350755228,-3.78784141142258,-1.81046484163075));
#9022=CARTESIAN_POINT('Ctrl Pts',(21.2851327358534,-3.79388237810933,-1.81016293472239));
#9023=CARTESIAN_POINT('Ctrl Pts',(21.2839289846343,-3.79690576296045,-1.81005614304369));
#9024=CARTESIAN_POINT('Ctrl Pts',(21.2833264821777,-3.79841813198961,-1.81001897324453));
#9025=CARTESIAN_POINT('Ctrl Pts',(21.2830250823731,-3.79917446507627,-1.81000621897535));
#9026=CARTESIAN_POINT('Ctrl Pts',(21.282852813979,-3.79960669150452,-1.810001378518));
#9027=CARTESIAN_POINT('Ctrl Pts',(21.2827666671391,-3.79982281507131,-1.80999999999996));
#9028=CARTESIAN_POINT('Ctrl Pts',(21.2827235909016,-3.79993087858062,-1.80999999999996));
#9029=CARTESIAN_POINT('',(20.5302998618274,-3.49999999999971,-0.999999999999965));
#9030=CARTESIAN_POINT('Ctrl Pts',(21.1847229460518,-6.95897958545284E-6,
-2.49999744863804));
#9031=CARTESIAN_POINT('Ctrl Pts',(21.1846690350542,-0.00092218270627962,
-2.49906912042585));
#9032=CARTESIAN_POINT('Ctrl Pts',(21.1846149990471,-0.00183821452561092,
-2.49813997334643));
#9033=CARTESIAN_POINT('Ctrl Pts',(21.1842667579757,-0.00773342591512362,
-2.49216036270361));
#9034=CARTESIAN_POINT('Ctrl Pts',(21.1836628164853,-0.0298516879697659,
-2.47031014890735));
#9035=CARTESIAN_POINT('Ctrl Pts',(21.1823953947963,-0.066003357645966,-2.43648537341828));
#9036=CARTESIAN_POINT('Ctrl Pts',(21.1800277774792,-0.128628153043793,-2.38121990489831));
#9037=CARTESIAN_POINT('Ctrl Pts',(21.1747250245161,-0.241625072733953,-2.29134923244378));
#9038=CARTESIAN_POINT('Ctrl Pts',(21.1656065718403,-0.391512227938274,-2.18707759665541));
#9039=CARTESIAN_POINT('Ctrl Pts',(21.1522170241214,-0.561555475573225,-2.08188076618591));
#9040=CARTESIAN_POINT('Ctrl Pts',(21.1363731353995,-0.72749306335375,-1.98760935309664));
#9041=CARTESIAN_POINT('Ctrl Pts',(21.1180656209199,-0.890441303547192,-1.90125716656739));
#9042=CARTESIAN_POINT('Ctrl Pts',(21.097273403218,-1.05174727510135,-1.82050070719627));
#9043=CARTESIAN_POINT('Ctrl Pts',(21.073967882969,-1.21192671885117,-1.74418840969677));
#9044=CARTESIAN_POINT('Ctrl Pts',(21.0452439800023,-1.38922339353791,-1.66334941289968));
#9045=CARTESIAN_POINT('Ctrl Pts',(21.0100054934684,-1.58362890444962,-1.57879233792083));
#9046=CARTESIAN_POINT('Ctrl Pts',(20.967009771308,-1.79531550065652,-1.49119255200145));
#9047=CARTESIAN_POINT('Ctrl Pts',(20.9194144741621,-2.00714071445296,-1.40773136277275));
#9048=CARTESIAN_POINT('Ctrl Pts',(20.8671478002098,-2.21975974100039,-1.32811121886357));
#9049=CARTESIAN_POINT('Ctrl Pts',(20.8101141329058,-2.43422939867089,-1.25225815351756));
#9050=CARTESIAN_POINT('Ctrl Pts',(20.7533647595317,-2.63382288319898,-1.18632974550617));
#9051=CARTESIAN_POINT('Ctrl Pts',(20.6981234571231,-2.81997009003935,-1.12964036258758));
#9052=CARTESIAN_POINT('Ctrl Pts',(20.6542810698234,-2.96459454528693,-1.08955058177203));
#9053=CARTESIAN_POINT('Ctrl Pts',(20.6176904068688,-3.08730973480709,-1.05930433375456));
#9054=CARTESIAN_POINT('Ctrl Pts',(20.5965209462303,-3.16046542987171,-1.04310399132142));
#9055=CARTESIAN_POINT('Ctrl Pts',(20.5833388845436,-3.20857896216791,-1.03358558721176));
#9056=CARTESIAN_POINT('Ctrl Pts',(20.5785177914979,-3.22657465573244,-1.03017015071157));
#9057=CARTESIAN_POINT('Ctrl Pts',(20.5712591172806,-3.25405905150666,-1.02509461917973));
#9058=CARTESIAN_POINT('Ctrl Pts',(20.5602676363299,-3.29749949470906,-1.0176683093895));
#9059=CARTESIAN_POINT('Ctrl Pts',(20.5478914801914,-3.35229241284752,-1.00984397620277));
#9060=CARTESIAN_POINT('Ctrl Pts',(20.5391387769066,-3.4011004292279,-1.00469329681783));
#9061=CARTESIAN_POINT('Ctrl Pts',(20.5347315730117,-3.43268616632987,-1.00223807264014));
#9062=CARTESIAN_POINT('Ctrl Pts',(20.5325188514882,-3.45406538589034,-1.00106171459059));
#9063=CARTESIAN_POINT('Ctrl Pts',(20.5314101130923,-3.46815198883454,-1.00049610654683));
#9064=CARTESIAN_POINT('Ctrl Pts',(20.5308551665248,-3.47833247758615,-1.00022746389102));
#9065=CARTESIAN_POINT('Ctrl Pts',(20.5305775563919,-3.4846313679911,-1.00009844851795));
#9066=CARTESIAN_POINT('Ctrl Pts',(20.5304188852479,-3.49080448372124,-1.00003354582755));
#9067=CARTESIAN_POINT('Ctrl Pts',(20.5303395380311,-3.49347110336188,-0.99999999999997));
#9068=CARTESIAN_POINT('Ctrl Pts',(20.5302998618274,-3.49999999999941,-0.999999999999965));
#9069=CARTESIAN_POINT('',(21.2827235909016,-3.79993087858062,-1.80999999999996));
#9070=CARTESIAN_POINT('Origin',(20.5302998618274,-3.50000000000001,-1.80999999999996));
#9071=CARTESIAN_POINT('Ctrl Pts',(21.2827235909016,-3.79993087858062,-1.80999999999996));
#9072=CARTESIAN_POINT('Ctrl Pts',(21.2827666671391,-3.79982281507131,-1.80999999999996));
#9073=CARTESIAN_POINT('Ctrl Pts',(21.282852813979,-3.79960669150452,-1.810001378518));
#9074=CARTESIAN_POINT('Ctrl Pts',(21.2830250823731,-3.79917446507627,-1.81000621897535));
#9075=CARTESIAN_POINT('Ctrl Pts',(21.2833264821777,-3.79841813198961,-1.81001897324453));
#9076=CARTESIAN_POINT('Ctrl Pts',(21.2839289846343,-3.79690576296045,-1.81005614304369));
#9077=CARTESIAN_POINT('Ctrl Pts',(21.2851327358534,-3.79388237810933,-1.81016293472239));
#9078=CARTESIAN_POINT('Ctrl Pts',(21.2875350755228,-3.78784141142258,-1.81046484163075));
#9079=CARTESIAN_POINT('Ctrl Pts',(21.2923199527138,-3.77578066790575,-1.81130539240789));
#9080=CARTESIAN_POINT('Ctrl Pts',(21.3018227148517,-3.75171408307408,-1.81360761241305));
#9081=CARTESIAN_POINT('Ctrl Pts',(21.3152594399571,-3.71735895590794,-1.81803163883649));
#9082=CARTESIAN_POINT('Ctrl Pts',(21.3271928307759,-3.68645557158612,-1.82287049373011));
#9083=CARTESIAN_POINT('Ctrl Pts',(21.3350735337177,-3.66588319590332,-1.82636332592985));
#9084=CARTESIAN_POINT('Ctrl Pts',(21.3403077680984,-3.65217537778418,-1.82875853515886));
#9085=CARTESIAN_POINT('Ctrl Pts',(21.3546194604546,-3.61451301481893,-1.8356079136346));
#9086=CARTESIAN_POINT('Ctrl Pts',(21.3776030282156,-3.55303994961407,-1.84806054494753));
#9087=CARTESIAN_POINT('Ctrl Pts',(21.4173293110809,-3.4439674936787,-1.8727666487195));
#9088=CARTESIAN_POINT('Ctrl Pts',(21.4649287514497,-3.30792197441606,-1.907361396637));
#9089=CARTESIAN_POINT('Ctrl Pts',(21.524903931677,-3.12680874893299,-1.95811601487517));
#9090=CARTESIAN_POINT('Ctrl Pts',(21.5865164163125,-2.92785010986059,-2.01860207637485));
#9091=CARTESIAN_POINT('Ctrl Pts',(21.6484375573145,-2.71109558823835,-2.08920334270386));
#9092=CARTESIAN_POINT('Ctrl Pts',(21.7051831996781,-2.49463347196561,-2.16385300862193));
#9093=CARTESIAN_POINT('Ctrl Pts',(21.7568571537637,-2.27847677507041,-2.2422994956311));
#9094=CARTESIAN_POINT('Ctrl Pts',(21.8035373744164,-2.06271932338226,-2.32453753140864));
#9095=CARTESIAN_POINT('Ctrl Pts',(21.8417956067291,-1.8655240261355,-2.40354599121715));
#9096=CARTESIAN_POINT('Ctrl Pts',(21.8729809912538,-1.68710787440786,-2.47847699626711));
#9097=CARTESIAN_POINT('Ctrl Pts',(21.898283667264,-1.52750012098602,-2.5485275481702));
#9098=CARTESIAN_POINT('Ctrl Pts',(21.9208576644295,-1.36908271252454,-2.62157553369436));
#9099=CARTESIAN_POINT('Ctrl Pts',(21.9407340328813,-1.21221122539891,-2.69818686682299));
#9100=CARTESIAN_POINT('Ctrl Pts',(21.9579356563073,-1.05747698618757,-2.77913487600624));
#9101=CARTESIAN_POINT('Ctrl Pts',(21.9724726151151,-0.906005857038312,-2.8656112891529));
#9102=CARTESIAN_POINT('Ctrl Pts',(21.9823724693688,-0.784071390874702,-2.94383283009603));
#9103=CARTESIAN_POINT('Ctrl Pts',(21.9881296392904,-0.702773481562566,-3.00369246181854));
#9104=CARTESIAN_POINT('Ctrl Pts',(21.9907001484767,-0.663750279455914,-3.03540659432807));
#9105=CARTESIAN_POINT('Ctrl Pts',(21.9920761812802,-0.642071849958288,-3.05416215620067));
#9106=CARTESIAN_POINT('Ctrl Pts',(21.9927318772568,-0.631478684938516,-3.0637808797109));
#9107=CARTESIAN_POINT('Ctrl Pts',(21.9949570591783,-0.595083476807213,-3.09778433700222));
#9108=CARTESIAN_POINT('Ctrl Pts',(22.0002470094512,-0.501552082922649,-3.18516974055039));
#9109=CARTESIAN_POINT('Ctrl Pts',(22.004546767012,-0.401164955473102,-3.27896065533513));
#9110=CARTESIAN_POINT('Ctrl Pts',(22.0068097715878,-0.331954275122185,-3.34362368742991));
#9111=CARTESIAN_POINT('Ctrl Pts',(22.0070261088199,-0.325129379854984,-3.35000013758276));
#9112=CARTESIAN_POINT('Origin',(11.7499999999985,2.77555756156289E-16,-1.81));
#9113=CARTESIAN_POINT('',(20.3010504366517,-4.02780363144063,-1.));
#9114=CARTESIAN_POINT('',(21.0338287424381,-4.37296439770582,-1.81));
#9115=CARTESIAN_POINT('Origin',(20.3010504366517,-4.02780363144063,-1.81));
#9116=CARTESIAN_POINT('Origin',(11.7499999999985,2.77555756156289E-16,-1.81));
#9117=CARTESIAN_POINT('Origin',(11.7499999999985,2.77555756156289E-16,-1.));
#9118=CARTESIAN_POINT('Origin',(21.4861610299606,-4.58602659910408,-1.81));
#9119=CARTESIAN_POINT('Origin',(21.4861610299606,-4.58602659910408,-1.81));
#9120=CARTESIAN_POINT('Origin',(21.4861610299606,-4.58602659910408,-1.));
#9121=CARTESIAN_POINT('Origin',(25.100000000002,0.573159574129896,-1.));
#9122=CARTESIAN_POINT('',(18.75,3.50000000000002,-0.999999999999965));
#9123=CARTESIAN_POINT('Origin',(21.310255296003,4.9422656994804,1.));
#9124=CARTESIAN_POINT('',(20.8660954126534,4.71265298636789,1.));
#9125=CARTESIAN_POINT('Origin',(11.7499999999985,2.77555756156289E-16,1.));
#9126=CARTESIAN_POINT('',(21.0338287424381,-4.37296439770582,1.));
#9127=CARTESIAN_POINT('Origin',(11.7499999999985,2.77555756156289E-16,1.));
#9128=CARTESIAN_POINT('Ctrl Pts',(14.45,-3.50000000000002,-0.999999999999965));
#9129=CARTESIAN_POINT('Ctrl Pts',(22.0121778264908,-3.50000000000002,-0.999999999999965));
#9130=CARTESIAN_POINT('Ctrl Pts',(14.45,-3.42057065988065,-0.999999999999965));
#9131=CARTESIAN_POINT('Ctrl Pts',(22.0121778264908,-3.42057065988065,-0.999999999999965));
#9132=CARTESIAN_POINT('Ctrl Pts',(14.45,-3.23091154354454,-1.01917542633418));
#9133=CARTESIAN_POINT('Ctrl Pts',(22.0121778264908,-3.23091154354454,-1.01917542633418));
#9134=CARTESIAN_POINT('Ctrl Pts',(14.45,-2.85411717161383,-1.10541151145151));
#9135=CARTESIAN_POINT('Ctrl Pts',(22.0121778264908,-2.85411717161383,-1.10541151145151));
#9136=CARTESIAN_POINT('Ctrl Pts',(14.45,-2.20338836260029,-1.31811174788605));
#9137=CARTESIAN_POINT('Ctrl Pts',(22.0121778264908,-2.20338836260029,-1.31811174788605));
#9138=CARTESIAN_POINT('Ctrl Pts',(14.45,-1.30189869005452,-1.68269886884899));
#9139=CARTESIAN_POINT('Ctrl Pts',(22.0121778264908,-1.30189869005452,-1.68269886884899));
#9140=CARTESIAN_POINT('Ctrl Pts',(14.45,-0.649971482833072,-2.00854866163491));
#9141=CARTESIAN_POINT('Ctrl Pts',(22.0121778264908,-0.649971482833072,-2.00854866163491));
#9142=CARTESIAN_POINT('Ctrl Pts',(14.45,-0.271478552557124,-2.25515808671004));
#9143=CARTESIAN_POINT('Ctrl Pts',(22.0121778264908,-0.271478552557124,-2.25515808671004));
#9144=CARTESIAN_POINT('Ctrl Pts',(14.45,-0.0802919454799587,-2.41855510695963));
#9145=CARTESIAN_POINT('Ctrl Pts',(22.0121778264908,-0.0802919454799587,
-2.41855510695963));
#9146=CARTESIAN_POINT('Ctrl Pts',(14.45,0.,-2.5));
#9147=CARTESIAN_POINT('Ctrl Pts',(22.0121778264908,0.,-2.5));
#9148=CARTESIAN_POINT('',(14.45,0.,-2.5));
#9149=CARTESIAN_POINT('',(18.75,0.,-2.5));
#9150=CARTESIAN_POINT('',(14.45,-3.50000000000002,-0.999999999999965));
#9151=CARTESIAN_POINT('Ctrl Pts',(14.45,0.,-2.5));
#9152=CARTESIAN_POINT('Ctrl Pts',(14.45,-0.0279583892516161,-2.47164014387038));
#9153=CARTESIAN_POINT('Ctrl Pts',(14.45,-0.0581476082791361,-2.44324261352616));
#9154=CARTESIAN_POINT('Ctrl Pts',(14.45,-0.0905389083779909,-2.41481218910861));
#9155=CARTESIAN_POINT('Ctrl Pts',(14.45,-0.124129923913878,-2.38532875295793));
#9156=CARTESIAN_POINT('Ctrl Pts',(14.45,-0.160088942794587,-2.35580991523414));
#9157=CARTESIAN_POINT('Ctrl Pts',(14.45,-0.198327790139678,-2.32627122300023));
#9158=CARTESIAN_POINT('Ctrl Pts',(14.45,-0.23829325048765,-2.29539875912726));
#9159=CARTESIAN_POINT('Ctrl Pts',(14.45,-0.280748793507931,-2.2645045678043));
#9160=CARTESIAN_POINT('Ctrl Pts',(14.45,-0.32553733908826,-2.23361789109446));
#9161=CARTESIAN_POINT('Ctrl Pts',(14.45,-0.372909027397095,-2.20094985057125));
#9162=CARTESIAN_POINT('Ctrl Pts',(14.45,-0.422890212941637,-2.16829015051399));
#9163=CARTESIAN_POINT('Ctrl Pts',(14.45,-0.47523824489347,-2.13568684115203));
#9164=CARTESIAN_POINT('Ctrl Pts',(14.45,-0.532845265862642,-2.09980813748257));
#9165=CARTESIAN_POINT('Ctrl Pts',(14.45,-0.593318230486495,-2.06399753177922));
#9166=CARTESIAN_POINT('Ctrl Pts',(14.45,-0.656272339689886,-2.02833712331782));
#9167=CARTESIAN_POINT('Ctrl Pts',(14.45,-0.722769926527348,-1.99066950895035));
#9168=CARTESIAN_POINT('Ctrl Pts',(14.45,-0.792035421883253,-1.95316936485069));
#9169=CARTESIAN_POINT('Ctrl Pts',(14.45,-0.863556691882124,-1.91595496607475));
#9170=CARTESIAN_POINT('Ctrl Pts',(14.45,-0.940314384179168,-1.87601591898697));
#9171=CARTESIAN_POINT('Ctrl Pts',(14.45,-1.01966966044395,-1.83640579732587));
#9172=CARTESIAN_POINT('Ctrl Pts',(14.45,-1.10093132337521,-1.79729746810719));
#9173=CARTESIAN_POINT('Ctrl Pts',(14.45,-1.19034664875962,-1.75426507304918));
#9174=CARTESIAN_POINT('Ctrl Pts',(14.45,-1.28206899865308,-1.71183984411412));
#9175=CARTESIAN_POINT('Ctrl Pts',(14.45,-1.37512286132491,-1.67028811724365));
#9176=CARTESIAN_POINT('Ctrl Pts',(14.45,-1.478605374051,-1.624079642053));
#9177=CARTESIAN_POINT('Ctrl Pts',(14.45,-1.58373295146045,-1.57895114189796));
#9178=CARTESIAN_POINT('Ctrl Pts',(14.45,-1.68912430635881,-1.53531797661144));
#9179=CARTESIAN_POINT('Ctrl Pts',(14.45,-1.80236139002841,-1.48843659442327));
#9180=CARTESIAN_POINT('Ctrl Pts',(14.45,-1.91590015575581,-1.4432817967793));
#9181=CARTESIAN_POINT('Ctrl Pts',(14.45,-2.02801894854692,-1.40042179617922));
#9182=CARTESIAN_POINT('Ctrl Pts',(14.45,-2.12728632770544,-1.36247454554989));
#9183=CARTESIAN_POINT('Ctrl Pts',(14.45,-2.22543893537061,-1.32632747137037));
#9184=CARTESIAN_POINT('Ctrl Pts',(14.45,-2.32130658158531,-1.29240101864479));
#9185=CARTESIAN_POINT('Ctrl Pts',(14.45,-2.40507795706744,-1.26275529641972));
#9186=CARTESIAN_POINT('Ctrl Pts',(14.45,-2.48710365795559,-1.23480628862354));
#9187=CARTESIAN_POINT('Ctrl Pts',(14.45,-2.56663917407259,-1.20883994495563));
#9188=CARTESIAN_POINT('Ctrl Pts',(14.45,-2.63958707855256,-1.18502429064096));
#9189=CARTESIAN_POINT('Ctrl Pts',(14.45,-2.7104397232751,-1.16287700840496));
#9190=CARTESIAN_POINT('Ctrl Pts',(14.45,-2.77866482383513,-1.14261304258517));
#9191=CARTESIAN_POINT('Ctrl Pts',(14.45,-2.842824886034,-1.1235564593523));
#9192=CARTESIAN_POINT('Ctrl Pts',(14.45,-2.90466086010363,-1.1061657771332));
#9193=CARTESIAN_POINT('Ctrl Pts',(14.45,-2.96377467105163,-1.09060870021557));
#9194=CARTESIAN_POINT('Ctrl Pts',(14.45,-3.0194686657967,-1.07595162184075));
#9195=CARTESIAN_POINT('Ctrl Pts',(14.45,-3.07274587474876,-1.06292251878537));
#9196=CARTESIAN_POINT('Ctrl Pts',(14.45,-3.12331896252913,-1.05164708928461));
#9197=CARTESIAN_POINT('Ctrl Pts',(14.45,-3.16886758791852,-1.04149187952828));
#9198=CARTESIAN_POINT('Ctrl Pts',(14.45,-3.21222268676051,-1.03275935666736));
#9199=CARTESIAN_POINT('Ctrl Pts',(14.45,-3.25321583963018,-1.02552534219968));
#9200=CARTESIAN_POINT('Ctrl Pts',(14.45,-3.29266341488559,-1.01856407403327));
#9201=CARTESIAN_POINT('Ctrl Pts',(14.45,-3.32992348887293,-1.01299066506777));
#9202=CARTESIAN_POINT('Ctrl Pts',(14.45,-3.36488937084531,-1.00885422568984));
#9203=CARTESIAN_POINT('Ctrl Pts',(14.45,-3.39827973247756,-1.00490416926603));
#9204=CARTESIAN_POINT('Ctrl Pts',(14.45,-3.42957785967631,-1.00226462255477));
#9205=CARTESIAN_POINT('Ctrl Pts',(14.45,-3.45873412943741,-1.00095887407809));
#9206=CARTESIAN_POINT('Ctrl Pts',(14.45,-3.47300220743356,-1.00031988557712));
#9207=CARTESIAN_POINT('Ctrl Pts',(14.45,-3.48675804059183,-0.999999999999965));
#9208=CARTESIAN_POINT('Ctrl Pts',(14.45,-3.50000000000002,-0.999999999999965));
#9209=CARTESIAN_POINT('',(18.75,-3.50000000000002,-0.999999999999965));
#9210=CARTESIAN_POINT('',(18.75,-3.50000000000002,-0.999999999999965));
#9211=CARTESIAN_POINT('',(16.3465040076919,-0.976982595209694,-1.85810088363812));
#9212=CARTESIAN_POINT('',(16.29,-1.32500000000023,-1.69281352110959));
#9213=CARTESIAN_POINT('Ctrl Pts',(16.3465040076919,-0.976982595209694,-1.85810088363812));
#9214=CARTESIAN_POINT('Ctrl Pts',(16.3282481899665,-1.03172087085489,-1.83071647981326));
#9215=CARTESIAN_POINT('Ctrl Pts',(16.3143302306413,-1.08778624193321,-1.80340990909544));
#9216=CARTESIAN_POINT('Ctrl Pts',(16.3048755184265,-1.14468374323581,-1.77637615202017));
#9217=CARTESIAN_POINT('Ctrl Pts',(16.2950044294659,-1.20408695765786,-1.74815185338823));
#9218=CARTESIAN_POINT('Ctrl Pts',(16.2899983583309,-1.26439545483266,-1.72022546723296));
#9219=CARTESIAN_POINT('Ctrl Pts',(16.29,-1.32500000000429,-1.69281352110786));
#9220=CARTESIAN_POINT('Ctrl Pts',(16.29,-1.32500000000046,-1.69281352110959));
#9221=CARTESIAN_POINT('Ctrl Pts',(16.29,-1.36747187188918,-1.67360313580351));
#9222=CARTESIAN_POINT('Ctrl Pts',(16.2924594131876,-1.41008801965574,-1.65464533085501));
#9223=CARTESIAN_POINT('Ctrl Pts',(16.3148525987836,-1.6017698876993,-1.57069152257087));
#9224=CARTESIAN_POINT('Ctrl Pts',(16.3628887259236,-1.74807686521682,-1.5102457479773));
#9225=CARTESIAN_POINT('Ctrl Pts',(16.5128187217882,-2.00366913001246,-1.40906637719577));
#9226=CARTESIAN_POINT('Ctrl Pts',(16.6084365195457,-2.11268022375257,-1.36801885974186));
#9227=CARTESIAN_POINT('Ctrl Pts',(16.8197087362525,-2.27317349138503,-1.30929674928912));
#9228=CARTESIAN_POINT('Ctrl Pts',(16.9268075755583,-2.33009803732399,-1.28921646603702));
#9229=CARTESIAN_POINT('Ctrl Pts',(17.1254986782482,-2.39633925398027,-1.26609989897166));
#9230=CARTESIAN_POINT('Ctrl Pts',(17.2121971667573,-2.41412937135989,-1.25999949680049));
#9231=CARTESIAN_POINT('Ctrl Pts',(17.37982911865,-2.42784243193687,-1.25529170427396));
#9232=CARTESIAN_POINT('Ctrl Pts',(17.4598182789214,-2.42567389993742,-1.25603085910856));
#9233=CARTESIAN_POINT('Ctrl Pts',(17.6323285422907,-2.40211827073504,-1.26413424733024));
#9234=CARTESIAN_POINT('Ctrl Pts',(17.7234684453991,-2.37741238746954,-1.27264220923356));
#9235=CARTESIAN_POINT('Ctrl Pts',(17.941377348815,-2.2873816297724,-1.3043140623264));
#9236=CARTESIAN_POINT('Ctrl Pts',(18.0593760801271,-2.20886775722075,-1.3323791511033));
#9237=CARTESIAN_POINT('Ctrl Pts',(18.2545868721851,-2.01814875707966,-1.40378730949482));
#9238=CARTESIAN_POINT('Ctrl Pts',(18.3311061069788,-1.90919375180861,-1.44585089985013));
#9239=CARTESIAN_POINT('Ctrl Pts',(18.4473771492864,-1.66072810899309,-1.54630466924163));
#9240=CARTESIAN_POINT('Ctrl Pts',(18.4813922151689,-1.52135491638011,-1.60508891664217));
#9241=CARTESIAN_POINT('Ctrl Pts',(18.4964082319835,-1.2278795064141,-1.73593402294689));
#9242=CARTESIAN_POINT('Ctrl Pts',(18.4720413229971,-1.07548230660704,-1.80793962119984));
#9243=CARTESIAN_POINT('Ctrl Pts',(18.3620277837739,-0.786590927375951,-1.95458649242056));
#9244=CARTESIAN_POINT('Ctrl Pts',(18.2747043369449,-0.652022522534307,-2.02884670844089));
#9245=CARTESIAN_POINT('Ctrl Pts',(18.0616770215097,-0.442940534429811,-2.15436500829488));
#9246=CARTESIAN_POINT('Ctrl Pts',(17.9428994377939,-0.363113852734359,-2.20725704393297));
#9247=CARTESIAN_POINT('Ctrl Pts',(17.7318753388595,-0.276138759078768,-2.26807482124059));
#9248=CARTESIAN_POINT('Ctrl Pts',(17.6501409078707,-0.252752912480867,-2.28527062576332));
#9249=CARTESIAN_POINT('Ctrl Pts',(17.509712018787,-0.230085147471798,-2.30209696552473));
#9250=CARTESIAN_POINT('Ctrl Pts',(17.45340703244,-0.22536612161273,-2.30566573673062));
#9251=CARTESIAN_POINT('Ctrl Pts',(17.3409160570351,-0.224680315478363,-2.30618163237369));
#9252=CARTESIAN_POINT('Ctrl Pts',(17.2854225915155,-0.228578255561348,-2.30323122255991));
#9253=CARTESIAN_POINT('Ctrl Pts',(17.1499012139898,-0.248434021518049,-2.2884585932088));
#9254=CARTESIAN_POINT('Ctrl Pts',(17.0718937834697,-0.2690051178589,-2.2732677915157));
#9255=CARTESIAN_POINT('Ctrl Pts',(16.8603756781891,-0.349762978673196,-2.21630598226865));
#9256=CARTESIAN_POINT('Ctrl Pts',(16.7379381995974,-0.428035745266336,-2.16384831179047));
#9257=CARTESIAN_POINT('Ctrl Pts',(16.5682155960867,-0.587933423199131,-2.06703411165736));
#9258=CARTESIAN_POINT('Ctrl Pts',(16.5095804453793,-0.659280605144412,-2.02592497222167));
#9259=CARTESIAN_POINT('Ctrl Pts',(16.4129599329961,-0.811801535100896,-1.94251760038389));
#9260=CARTESIAN_POINT('Ctrl Pts',(16.3746371306311,-0.892628190418318,-1.90030161170243));
#9261=CARTESIAN_POINT('Ctrl Pts',(16.3465040076919,-0.976982595209695,-1.85810088363812));
#9262=CARTESIAN_POINT('Origin',(25.100000000002,0.573159574129896,-1.));
#9263=CARTESIAN_POINT('',(14.45,-2.625,-0.999999999999966));
#9264=CARTESIAN_POINT('Origin',(25.100000000002,0.573159574129896,-1.));
#9265=CARTESIAN_POINT('Origin',(25.100000000002,0.573159574129896,-1.));
#9266=CARTESIAN_POINT('',(14.45,3.50000000000002,-0.999999999999965));
#9267=CARTESIAN_POINT('',(14.45,0.874999999999999,-0.999999999999965));
#9268=CARTESIAN_POINT('',(18.75,3.50000000000002,-0.999999999999965));
#9269=CARTESIAN_POINT('Ctrl Pts',(14.45,0.,-2.5));
#9270=CARTESIAN_POINT('Ctrl Pts',(22.0121778264908,0.,-2.5));
#9271=CARTESIAN_POINT('Ctrl Pts',(14.45,0.0802919454799587,-2.41855510695963));
#9272=CARTESIAN_POINT('Ctrl Pts',(22.0121778264908,0.0802919454799587,-2.41855510695963));
#9273=CARTESIAN_POINT('Ctrl Pts',(14.45,0.271478552557124,-2.25515808671004));
#9274=CARTESIAN_POINT('Ctrl Pts',(22.0121778264908,0.271478552557124,-2.25515808671004));
#9275=CARTESIAN_POINT('Ctrl Pts',(14.45,0.649971482833072,-2.00854866163491));
#9276=CARTESIAN_POINT('Ctrl Pts',(22.0121778264908,0.649971482833072,-2.00854866163491));
#9277=CARTESIAN_POINT('Ctrl Pts',(14.45,1.30189869005452,-1.68269886884899));
#9278=CARTESIAN_POINT('Ctrl Pts',(22.0121778264908,1.30189869005452,-1.68269886884899));
#9279=CARTESIAN_POINT('Ctrl Pts',(14.45,2.20338836260029,-1.31811174788605));
#9280=CARTESIAN_POINT('Ctrl Pts',(22.0121778264908,2.20338836260029,-1.31811174788605));
#9281=CARTESIAN_POINT('Ctrl Pts',(14.45,2.85411717161383,-1.10541151145151));
#9282=CARTESIAN_POINT('Ctrl Pts',(22.0121778264908,2.85411717161383,-1.10541151145151));
#9283=CARTESIAN_POINT('Ctrl Pts',(14.45,3.23091154354454,-1.01917542633418));
#9284=CARTESIAN_POINT('Ctrl Pts',(22.0121778264908,3.23091154354454,-1.01917542633418));
#9285=CARTESIAN_POINT('Ctrl Pts',(14.45,3.42057065988065,-0.999999999999965));
#9286=CARTESIAN_POINT('Ctrl Pts',(22.0121778264908,3.42057065988065,-0.999999999999965));
#9287=CARTESIAN_POINT('Ctrl Pts',(14.45,3.50000000000002,-0.999999999999965));
#9288=CARTESIAN_POINT('Ctrl Pts',(22.0121778264908,3.50000000000002,-0.999999999999965));
#9289=CARTESIAN_POINT('Ctrl Pts',(14.45,3.50000000000002,-0.999999999999965));
#9290=CARTESIAN_POINT('Ctrl Pts',(14.45,3.47292109252685,-0.999999999999965));
#9291=CARTESIAN_POINT('Ctrl Pts',(14.45,3.44369016982071,-1.0013391420085));
#9292=CARTESIAN_POINT('Ctrl Pts',(14.45,3.41233378377922,-1.00400482741249));
#9293=CARTESIAN_POINT('Ctrl Pts',(14.45,3.37975877478915,-1.00677411102461));
#9294=CARTESIAN_POINT('Ctrl Pts',(14.45,3.34489006536425,-1.01097490846427));
#9295=CARTESIAN_POINT('Ctrl Pts',(14.45,3.30780961443205,-1.01656914008471));
#9296=CARTESIAN_POINT('Ctrl Pts',(14.45,3.2689512506469,-1.02243160081376));
#9297=CARTESIAN_POINT('Ctrl Pts',(14.45,3.22766419042192,-1.02982413687142));
#9298=CARTESIAN_POINT('Ctrl Pts',(14.45,3.18409595383512,-1.03867962007829));
#9299=CARTESIAN_POINT('Ctrl Pts',(14.45,3.13780752289598,-1.04808799771684));
#9300=CARTESIAN_POINT('Ctrl Pts',(14.45,3.08894447146373,-1.0591474401563));
#9301=CARTESIAN_POINT('Ctrl Pts',(14.45,3.03773844864144,-1.07175520810742));
#9302=CARTESIAN_POINT('Ctrl Pts',(14.45,2.98054234547413,-1.08583783270305));
#9303=CARTESIAN_POINT('Ctrl Pts',(14.45,2.92042325082949,-1.10185185368639));
#9304=CARTESIAN_POINT('Ctrl Pts',(14.45,2.85776678844938,-1.11963204787619));
#9305=CARTESIAN_POINT('Ctrl Pts',(14.45,2.79083717515801,-1.1386248456845));
#9306=CARTESIAN_POINT('Ctrl Pts',(14.45,2.72101263262884,-1.15963256667326));
#9307=CARTESIAN_POINT('Ctrl Pts',(14.45,2.64882555816407,-1.18243650880842));
#9308=CARTESIAN_POINT('Ctrl Pts',(14.45,2.56980427577885,-1.20739938151546));
#9309=CARTESIAN_POINT('Ctrl Pts',(14.45,2.48795244250154,-1.23451406002515));
#9310=CARTESIAN_POINT('Ctrl Pts',(14.45,2.40403480491866,-1.26348132901507));
#9311=CARTESIAN_POINT('Ctrl Pts',(14.45,2.30813966273002,-1.29658307566353));
#9312=CARTESIAN_POINT('Ctrl Pts',(14.45,2.20954812124893,-1.33210248849901));
#9313=CARTESIAN_POINT('Ctrl Pts',(14.45,2.10947183272462,-1.36959479030896));
#9314=CARTESIAN_POINT('Ctrl Pts',(14.45,1.99732916193714,-1.41160760793976));
#9315=CARTESIAN_POINT('Ctrl Pts',(14.45,1.88332449218076,-1.45609586194621));
#9316=CARTESIAN_POINT('Ctrl Pts',(14.45,1.76921246145801,-1.5024676512742));
#9317=CARTESIAN_POINT('Ctrl Pts',(14.45,1.66550709853356,-1.54461047540286));
#9318=CARTESIAN_POINT('Ctrl Pts',(14.45,1.56171552559695,-1.58830880874031));
#9319=CARTESIAN_POINT('Ctrl Pts',(14.45,1.45915712419215,-1.63315607531683));
#9320=CARTESIAN_POINT('Ctrl Pts',(14.45,1.36703500155503,-1.67343971210241));
#9321=CARTESIAN_POINT('Ctrl Pts',(14.45,1.27590895865197,-1.71465049625814));
#9322=CARTESIAN_POINT('Ctrl Pts',(14.45,1.18671499637142,-1.75652533946645));
#9323=CARTESIAN_POINT('Ctrl Pts',(14.45,1.10541623364211,-1.79469353891937));
#9324=CARTESIAN_POINT('Ctrl Pts',(14.45,1.02572359309955,-1.83341370132912));
#9325=CARTESIAN_POINT('Ctrl Pts',(14.45,0.948314310017959,-1.87251140979845));
#9326=CARTESIAN_POINT('Ctrl Pts',(14.45,0.875907705230604,-1.90908237664549));
#9327=CARTESIAN_POINT('Ctrl Pts',(14.45,0.80549943896618,-1.94598380936336));
#9328=CARTESIAN_POINT('Ctrl Pts',(14.45,0.737604459272128,-1.98309308776227));
#9329=CARTESIAN_POINT('Ctrl Pts',(14.45,0.673085259795894,-2.01835726997763));
#9330=CARTESIAN_POINT('Ctrl Pts',(14.45,0.610836033147282,-2.05380922614804));
#9331=CARTESIAN_POINT('Ctrl Pts',(14.45,0.551255184877216,-2.08936103032594));
#9332=CARTESIAN_POINT('Ctrl Pts',(14.45,0.494049796442397,-2.12349540112807));
#9333=CARTESIAN_POINT('Ctrl Pts',(14.45,0.439304863262375,-2.15772185662714));
#9334=CARTESIAN_POINT('Ctrl Pts',(14.45,0.387325514898507,-2.19197807379371));
#9335=CARTESIAN_POINT('Ctrl Pts',(14.45,0.340515852454965,-2.222827286272));
#9336=CARTESIAN_POINT('Ctrl Pts',(14.45,0.295949070143784,-2.25370078846926));
#9337=CARTESIAN_POINT('Ctrl Pts',(14.45,0.25380428508241,-2.28456435133149));
#9338=CARTESIAN_POINT('Ctrl Pts',(14.45,0.213157190626278,-2.31433112207398));
#9339=CARTESIAN_POINT('Ctrl Pts',(14.45,0.174763368877944,-2.34408866846487));
#9340=CARTESIAN_POINT('Ctrl Pts',(14.45,0.138737162267371,-2.37381633020516));
#9341=CARTESIAN_POINT('Ctrl Pts',(14.45,0.104257894521205,-2.4022675079739));
#9342=CARTESIAN_POINT('Ctrl Pts',(14.45,0.0719474509082037,-2.43069134643559));
#9343=CARTESIAN_POINT('Ctrl Pts',(14.45,0.0418592280580099,-2.45907869078628));
#9344=CARTESIAN_POINT('Ctrl Pts',(14.45,0.0273926059194406,-2.47272751897675));
#9345=CARTESIAN_POINT('Ctrl Pts',(14.45,0.0134389803690081,-2.48636804336745));
#9346=CARTESIAN_POINT('Ctrl Pts',(14.45,0.,-2.5));
#9347=CARTESIAN_POINT('',(16.3377932354057,1.64571938597778,-1.55337941646284));
#9348=CARTESIAN_POINT('',(16.29,1.32500000000002,-1.69281352110978));
#9349=CARTESIAN_POINT('Ctrl Pts',(16.3377932354057,1.64571938597778,-1.55337941646284));
#9350=CARTESIAN_POINT('Ctrl Pts',(16.318792242396,1.5833814848315,-1.57945097982724));
#9351=CARTESIAN_POINT('Ctrl Pts',(16.3055090352034,1.5199720103085,-1.60654299360263));
#9352=CARTESIAN_POINT('Ctrl Pts',(16.2978505020196,1.45621853779819,-1.63444153857511));
#9353=CARTESIAN_POINT('Ctrl Pts',(16.2926057910756,1.41255893262787,-1.6535469991934));
#9354=CARTESIAN_POINT('Ctrl Pts',(16.2899989251461,1.36873927541957,-1.67302987851406));
#9355=CARTESIAN_POINT('Ctrl Pts',(16.29,1.32500000000078,-1.69281352110945));
#9356=CARTESIAN_POINT('Ctrl Pts',(16.29,1.32500000000005,-1.69281352110978));
#9357=CARTESIAN_POINT('Ctrl Pts',(16.29,1.28772379006604,-1.70967386476167));
#9358=CARTESIAN_POINT('Ctrl Pts',(16.2918948806965,1.25050599667735,-1.72675259165094));
#9359=CARTESIAN_POINT('Ctrl Pts',(16.3115342866221,1.05776472351234,-1.81656898599167));
#9360=CARTESIAN_POINT('Ctrl Pts',(16.3604673648173,0.90726519435741,-1.8915340123241));
#9361=CARTESIAN_POINT('Ctrl Pts',(16.5151451010489,0.64122113734413,-2.03490123358346));
#9362=CARTESIAN_POINT('Ctrl Pts',(16.61866463816,0.525425456962207,-2.10328810335147));
#9363=CARTESIAN_POINT('Ctrl Pts',(16.8453896661448,0.361256045134408,-2.20817077240866));
#9364=CARTESIAN_POINT('Ctrl Pts',(16.9600566102324,0.304223902919085,-2.24804419726906));
#9365=CARTESIAN_POINT('Ctrl Pts',(17.1498662787401,0.249390653436322,-2.28768876530755));
#9366=CARTESIAN_POINT('Ctrl Pts',(17.2171302588645,0.236477843017252,-2.29733883455414));
#9367=CARTESIAN_POINT('Ctrl Pts',(17.3393114766146,0.224856737953323,-2.30603965542366));
#9368=CARTESIAN_POINT('Ctrl Pts',(17.3930495520051,0.22368887480405,-2.30692529248396));
#9369=CARTESIAN_POINT('Ctrl Pts',(17.508371866226,0.229650348701487,-2.30244702568627));
#9370=CARTESIAN_POINT('Ctrl Pts',(17.5691326253344,0.237974059946966,-2.29618234517802));
#9371=CARTESIAN_POINT('Ctrl Pts',(17.733959832241,0.274602269071581,-2.26929521913448));
#9372=CARTESIAN_POINT('Ctrl Pts',(17.833348083951,0.312950342444441,-2.24169478219765));
#9373=CARTESIAN_POINT('Ctrl Pts',(18.0360415873922,0.425556402357329,-2.1662167273667));
#9374=CARTESIAN_POINT('Ctrl Pts',(18.1343483181041,0.505712534022156,-2.11554823183123));
#9375=CARTESIAN_POINT('Ctrl Pts',(18.3152389460013,0.711392621117479,-1.99577150570664));
#9376=CARTESIAN_POINT('Ctrl Pts',(18.3896728278605,0.842617120661997,-1.92516840694614));
#9377=CARTESIAN_POINT('Ctrl Pts',(18.4849241295934,1.13450392089193,-1.77946715550669));
#9378=CARTESIAN_POINT('Ctrl Pts',(18.5013095964714,1.29525162436498,-1.70490103721966));
#9379=CARTESIAN_POINT('Ctrl Pts',(18.4645425338791,1.60408257559951,-1.56971737374612));
#9380=CARTESIAN_POINT('Ctrl Pts',(18.4162103542721,1.7502417888276,-1.50936458895501));
#9381=CARTESIAN_POINT('Ctrl Pts',(18.2657918196454,2.00545344174544,-1.40838246579984));
#9382=CARTESIAN_POINT('Ctrl Pts',(18.1699804494884,2.11423996626096,-1.36743709563861));
#9383=CARTESIAN_POINT('Ctrl Pts',(17.9586221986488,2.27414462849642,-1.30895062841915));
#9384=CARTESIAN_POINT('Ctrl Pts',(17.8516561343214,2.33077348127252,-1.28897896469079));
#9385=CARTESIAN_POINT('Ctrl Pts',(17.6532142469717,2.3966484715944,-1.26599330239251));
#9386=CARTESIAN_POINT('Ctrl Pts',(17.5665899743357,2.41431879860307,-1.25993439455276));
#9387=CARTESIAN_POINT('Ctrl Pts',(17.3990279697416,2.42785331905172,-1.25528803122286));
#9388=CARTESIAN_POINT('Ctrl Pts',(17.3190286934501,2.42560100064976,-1.25605575161884));
#9389=CARTESIAN_POINT('Ctrl Pts',(17.1464005700025,2.40184318515423,-1.26422910266672));
#9390=CARTESIAN_POINT('Ctrl Pts',(17.0551640797889,2.37698953502917,-1.27278876619903));
#9391=CARTESIAN_POINT('Ctrl Pts',(16.8369654947004,2.28647813407974,-1.30463528640567));
#9392=CARTESIAN_POINT('Ctrl Pts',(16.7188464358664,2.20756650756168,-1.33285049243717));
#9393=CARTESIAN_POINT('Ctrl Pts',(16.5508709894238,2.04271337837853,-1.39460113909854));
#9394=CARTESIAN_POINT('Ctrl Pts',(16.4920932214949,1.96736608787325,-1.42347457181048));
#9395=CARTESIAN_POINT('Ctrl Pts',(16.3986832393103,1.80995944766244,-1.48571576087076));
#9396=CARTESIAN_POINT('Ctrl Pts',(16.3632055042748,1.7290912131166,-1.51851083997747));
#9397=CARTESIAN_POINT('Ctrl Pts',(16.3377932354057,1.64571938597778,-1.55337941646284));
#9398=CARTESIAN_POINT('Origin',(25.100000000002,0.573159574129896,3.));
#9399=CARTESIAN_POINT('',(14.45,-0.87500000000001,2.99999999999997));
#9400=CARTESIAN_POINT('Origin',(11.7499999999985,2.77555756156289E-16,1.));
#9401=CARTESIAN_POINT('Origin',(25.100000000002,0.573159574129896,3.));
#9402=CARTESIAN_POINT('',(14.45,2.62499999999999,2.99999999999997));
#9403=CARTESIAN_POINT('Origin',(14.45,1.55884572681037,1.));
#9404=CARTESIAN_POINT('Origin',(21.4861610299606,-4.58602659910408,1.));
#9405=CARTESIAN_POINT('Origin',(17.39,1.325,-3.35));
#9406=CARTESIAN_POINT('',(16.29,1.325,4.85));
#9407=CARTESIAN_POINT('',(16.29,1.325,-3.35));
#9408=CARTESIAN_POINT('Origin',(17.39,1.325,4.85));
#9409=CARTESIAN_POINT('Origin',(17.39,-1.325,-3.35));
#9410=CARTESIAN_POINT('',(16.29,-1.325,4.85));
#9411=CARTESIAN_POINT('',(16.29,-1.325,-3.35));
#9412=CARTESIAN_POINT('Origin',(17.39,-1.325,4.85));
#9413=CARTESIAN_POINT('Origin',(21.4861610299606,-4.58602659910408,1.));
#9414=CARTESIAN_POINT('Origin',(7.63402860880418,-2.65,-2.56259390835298));
#9415=CARTESIAN_POINT('',(9.10125000990489,-2.65,-2.87446144457961));
#9416=CARTESIAN_POINT('Origin',(8.71322725555603,0.,-4.69996497785203));
#9417=CARTESIAN_POINT('',(9.10125000990489,2.65,-2.87446144457961));
#9418=CARTESIAN_POINT('Origin',(3.44826343939229,0.,13.0274325251053));
#9419=CARTESIAN_POINT('',(5.19207963008799,2.65,10.0070542837537));
#9420=CARTESIAN_POINT('Origin',(3.89304152441075,2.65,9.25705428375472));
#9421=CARTESIAN_POINT('Origin',(7.63402860880418,2.65,-2.56259390835298));
#9422=CARTESIAN_POINT('Origin',(-1.08019802868416,-9.,2.79878048780164));
#9423=CARTESIAN_POINT('',(-1.47627063918792,0.,3.82499999999981));
#9424=CARTESIAN_POINT('Origin',(-1.08019802868416,-9.,2.79878048780164));
#9425=CARTESIAN_POINT('',(-1.47627063918792,-7.8,3.82499999999981));
#9426=CARTESIAN_POINT('',(-1.47627063918792,0.,3.82499999999981));
#9427=CARTESIAN_POINT('',(-0.715123181528721,-7.8,1.85287581873626));
#9428=CARTESIAN_POINT('Origin',(-4.21862697971305E-11,0.,3.04501038332474E-13));
#9429=CARTESIAN_POINT('',(0.0254659174392333,7.5,4.09992091229201));
#9430=CARTESIAN_POINT('Origin',(-4.21862697971305E-11,7.99999999999935,
3.04501038332474E-13));
#9431=CARTESIAN_POINT('',(0.0254659174396388,7.5,-4.0999209122914));
#9432=CARTESIAN_POINT('Origin',(-4.21862697971305E-11,7.5,3.04501038332474E-13));
#9433=CARTESIAN_POINT('Origin',(-4.21862697971305E-11,7.99999999999923,
3.04501038332474E-13));
#9434=CARTESIAN_POINT('',(-1.47627063918696,0.,-3.82500000000019));
#9435=CARTESIAN_POINT('Origin',(-4.21862697971305E-11,0.,3.04501038332474E-13));
#9436=CARTESIAN_POINT('',(-1.47627063918696,-7.8,-3.82500000000019));
#9437=CARTESIAN_POINT('',(-1.47627063918696,0.,-3.82500000000019));
#9438=CARTESIAN_POINT('',(-0.900621212890176,-7.8,-3.99986017642689));
#9439=CARTESIAN_POINT('Origin',(-4.21862697971305E-11,-7.8,3.04501038332474E-13));
#9440=CARTESIAN_POINT('',(0.0254659174396388,-7.5,-4.0999209122914));
#9441=CARTESIAN_POINT('Origin',(-4.21862697971305E-11,-7.99999999999923,
3.04501038332474E-13));
#9442=CARTESIAN_POINT('',(0.0254659174392333,-7.5,4.09992091229201));
#9443=CARTESIAN_POINT('Origin',(-4.21862697971305E-11,-7.5,3.04501038332474E-13));
#9444=CARTESIAN_POINT('',(-0.900621212890615,-7.8,3.99986017642745));
#9445=CARTESIAN_POINT('Origin',(-4.21862697971305E-11,-7.99999999999935,
3.04501038332474E-13));
#9446=CARTESIAN_POINT('Origin',(-4.21862697971305E-11,-7.8,3.04501038332474E-13));
#9447=CARTESIAN_POINT('Origin',(-1.47627063918683,-9.,-3.82499999999963));
#9448=CARTESIAN_POINT('Origin',(-1.47627063918683,-9.,-3.82499999999963));
#9449=CARTESIAN_POINT('',(-0.913159486772253,-7.8,-2.36598557481449));
#9450=CARTESIAN_POINT('Ctrl Pts',(18.3870908980153,1.78955327046007,-3.10010735344874));
#9451=CARTESIAN_POINT('Ctrl Pts',(18.2945369498338,1.98820583664625,-3.10028800441849));
#9452=CARTESIAN_POINT('Ctrl Pts',(17.9876507775553,2.32753946111356,-3.10123203912792));
#9453=CARTESIAN_POINT('Ctrl Pts',(17.244569275738,2.5105342385853,-3.11276311255455));
#9454=CARTESIAN_POINT('Ctrl Pts',(16.4668712761984,2.12553824410204,-3.14815138441349));
#9455=CARTESIAN_POINT('Ctrl Pts',(16.2695613791052,1.52496902835742,-3.16457666518524));
#9456=CARTESIAN_POINT('Ctrl Pts',(16.293787744797,1.23379313873022,-3.16287909189549));
#9457=CARTESIAN_POINT('Ctrl Pts',(18.387109480204,1.78951338669978,-3.16561725244893));
#9458=CARTESIAN_POINT('Ctrl Pts',(18.2946301608567,1.98802300429079,-3.16584419914756));
#9459=CARTESIAN_POINT('Ctrl Pts',(17.9878219242211,2.32691696945614,-3.16692964652786));
#9460=CARTESIAN_POINT('Ctrl Pts',(17.2466863928323,2.50991793787481,-3.17832965429799));
#9461=CARTESIAN_POINT('Ctrl Pts',(16.4690123393248,2.12765476478354,-3.21206164076268));
#9462=CARTESIAN_POINT('Ctrl Pts',(16.269435351143,1.52549207699801,-3.2275654624554));
#9463=CARTESIAN_POINT('Ctrl Pts',(16.2938125057319,1.23349553787035,-3.22596003927608));
#9464=CARTESIAN_POINT('Ctrl Pts',(18.4364080966072,1.81238539527161,-3.29604368840988));
#9465=CARTESIAN_POINT('Ctrl Pts',(18.3394339050919,2.02077833548162,-3.29635919901044));
#9466=CARTESIAN_POINT('Ctrl Pts',(18.0180450313774,2.37638102146731,-3.29770072505137));
#9467=CARTESIAN_POINT('Ctrl Pts',(17.2426443973959,2.56872216274665,-3.30883361839366));
#9468=CARTESIAN_POINT('Ctrl Pts',(16.4280738555248,2.16935282090207,-3.33937645358783));
#9469=CARTESIAN_POINT('Ctrl Pts',(16.2181920684998,1.53606715098517,-3.35306384675112));
#9470=CARTESIAN_POINT('Ctrl Pts',(16.2438385947572,1.22874060537628,-3.3516356235931));
#9471=CARTESIAN_POINT('Ctrl Pts',(18.5547189347584,1.86746730800496,-3.35020147657048));
#9472=CARTESIAN_POINT('Ctrl Pts',(18.4469507978185,2.09939851628775,-3.3504554763141));
#9473=CARTESIAN_POINT('Ctrl Pts',(18.0896241602799,2.4954525287071,-3.35162950226263));
#9474=CARTESIAN_POINT('Ctrl Pts',(17.2261999163223,2.70921475371079,-3.36294228270809));
#9475=CARTESIAN_POINT('Ctrl Pts',(16.323259125508,2.26126349896837,-3.39556246390839));
#9476=CARTESIAN_POINT('Ctrl Pts',(16.0934838150425,1.55889984030817,-3.41042908979546));
#9477=CARTESIAN_POINT('Ctrl Pts',(16.121660694318,1.21830320229427,-3.40888922536409));
#9478=CARTESIAN_POINT('Ctrl Pts',(18.614100063318,1.89513355920099,-3.35010703728089));
#9479=CARTESIAN_POINT('Ctrl Pts',(18.500852014954,2.13893443588404,-3.35028714610492));
#9480=CARTESIAN_POINT('Ctrl Pts',(18.1253854722465,2.55538933863938,-3.35122738918246));
#9481=CARTESIAN_POINT('Ctrl Pts',(17.2172122599488,2.77997383826377,-3.36272122540516));
#9482=CARTESIAN_POINT('Ctrl Pts',(16.2691790228346,2.30747875412523,-3.39788451721639));
#9483=CARTESIAN_POINT('Ctrl Pts',(16.0294284715529,1.57041653480229,-3.41415523751073));
#9484=CARTESIAN_POINT('Ctrl Pts',(16.0588991736615,1.21306430662346,-3.41247260349605));
#9485=CARTESIAN_POINT('',(16.293787744797,1.23379313873023,-3.16287909189549));
#9486=CARTESIAN_POINT('Origin',(16.0446485958872,1.21306430662346,-3.16287909189549));
#9487=CARTESIAN_POINT('',(18.3522440312244,1.85786774787234,-3.10018440836004));
#9488=CARTESIAN_POINT('Ctrl Pts',(18.352244031212,1.85786774789482,-3.10018440836007));
#9489=CARTESIAN_POINT('Ctrl Pts',(18.3522467456723,1.85785947353379,-3.11599128618189));
#9490=CARTESIAN_POINT('Ctrl Pts',(18.3538484315781,1.85822252804412,-3.13169020293713));
#9491=CARTESIAN_POINT('Ctrl Pts',(18.3569245945465,1.85889152786005,-3.14708994370006));
#9492=CARTESIAN_POINT('Ctrl Pts',(18.3599257435213,1.85954421373278,-3.16211415297553));
#9493=CARTESIAN_POINT('Ctrl Pts',(18.3643311617174,1.86048822879344,-3.17685492310087));
#9494=CARTESIAN_POINT('Ctrl Pts',(18.3700724737942,1.86166828906154,-3.19113042209913));
#9495=CARTESIAN_POINT('Ctrl Pts',(18.3760427094696,1.86289540192659,-3.20597512872089));
#9496=CARTESIAN_POINT('Ctrl Pts',(18.3833883496413,1.86436363557869,-3.22014664724052));
#9497=CARTESIAN_POINT('Ctrl Pts',(18.3919876271288,1.86600220704511,-3.23347019900372));
#9498=CARTESIAN_POINT('Ctrl Pts',(18.4004650770192,1.86761756455844,-3.24660499347929));
#9499=CARTESIAN_POINT('Ctrl Pts',(18.410161723682,1.86939864754744,-3.25891713635479));
#9500=CARTESIAN_POINT('Ctrl Pts',(18.4210054171438,1.87129322966624,-3.27022403881187));
#9501=CARTESIAN_POINT('Ctrl Pts',(18.423234526264,1.87168269385525,-3.27254836856878));
#9502=CARTESIAN_POINT('Ctrl Pts',(18.4255074701625,1.87207621702125,-3.27482517800959));
#9503=CARTESIAN_POINT('Ctrl Pts',(18.427823240082,1.87247330399844,-3.27705328731402));
#9504=CARTESIAN_POINT('Ctrl Pts',(18.4388520065826,1.87436441568232,-3.28766457345677));
#9505=CARTESIAN_POINT('Ctrl Pts',(18.4508487657073,1.87633393274256,-3.29717359934311));
#9506=CARTESIAN_POINT('Ctrl Pts',(18.4636156938766,1.87828648537449,-3.30556810507325));
#9507=CARTESIAN_POINT('Ctrl Pts',(18.4756065680076,1.88012034960033,-3.31345234004877));
#9508=CARTESIAN_POINT('Ctrl Pts',(18.488278072638,1.88193984780743,-3.32035355581931));
#9509=CARTESIAN_POINT('Ctrl Pts',(18.5014912643021,1.8836868896484,-3.32623548026973));
#9510=CARTESIAN_POINT('Ctrl Pts',(18.5159101511044,1.8855933479201,-3.33265412649734));
#9511=CARTESIAN_POINT('Ctrl Pts',(18.5308731556276,1.88739855046536,-3.33781431278287));
#9512=CARTESIAN_POINT('Ctrl Pts',(18.5461952112518,1.88904948831325,-3.34168105724425));
#9513=CARTESIAN_POINT('Ctrl Pts',(18.5495125123566,1.88940692455296,-3.34251822661555));
#9514=CARTESIAN_POINT('Ctrl Pts',(18.5528467230791,1.88975723292555,-3.34329462190797));
#9515=CARTESIAN_POINT('Ctrl Pts',(18.55619607594,1.89010003694816,-3.34400963891017));
#9516=CARTESIAN_POINT('Ctrl Pts',(18.5719106355492,1.8917084116018,-3.34736436974003));
#9517=CARTESIAN_POINT('Ctrl Pts',(18.5878975873659,1.89314332357622,-3.34935864958296));
#9518=CARTESIAN_POINT('Ctrl Pts',(18.6039736371515,1.89438077435908,-3.34993374794099));
#9519=CARTESIAN_POINT('Ctrl Pts',(18.6073457112747,1.89464033910411,-3.35005437921031));
#9520=CARTESIAN_POINT('Ctrl Pts',(18.6107217389166,1.89489129972012,-3.350112410142));
#9521=CARTESIAN_POINT('Ctrl Pts',(18.614100063318,1.89513355920099,-3.35010703728089));
#9522=CARTESIAN_POINT('',(16.2901822353241,1.32498404508912,-3.16309555283483));
#9523=CARTESIAN_POINT('Ctrl Pts',(18.3522440312244,1.85786774787234,-3.10018440836004));
#9524=CARTESIAN_POINT('Ctrl Pts',(18.2582526111593,2.02702207084729,-3.1004185052777));
#9525=CARTESIAN_POINT('Ctrl Pts',(18.1191342560131,2.1709751728993,-3.10098940040471));
#9526=CARTESIAN_POINT('Ctrl Pts',(17.9529100953523,2.2701552716175,-3.10272569146456));
#9527=CARTESIAN_POINT('Ctrl Pts',(17.7647263270101,2.38243789435508,-3.10469136115591));
#9528=CARTESIAN_POINT('Ctrl Pts',(17.5418018764649,2.4373363275966,-3.1081506831839));
#9529=CARTESIAN_POINT('Ctrl Pts',(17.3235167099734,2.42370732905475,-3.11426373014445));
#9530=CARTESIAN_POINT('Ctrl Pts',(17.0324698213181,2.40553533099895,-3.12241445942517));
#9531=CARTESIAN_POINT('Ctrl Pts',(16.7496705487583,2.2655367875505,-3.13528292191933));
#9532=CARTESIAN_POINT('Ctrl Pts',(16.558943438205,2.04539521189011,-3.14582347335935));
#9533=CARTESIAN_POINT('Ctrl Pts',(16.3880843471593,1.8481857569279,-3.15526601686006));
#9534=CARTESIAN_POINT('Ctrl Pts',(16.2911142351354,1.5866605881082,-3.16284038471141));
#9535=CARTESIAN_POINT('Ctrl Pts',(16.2901822353241,1.32498404508912,-3.16309555283483));
#9536=CARTESIAN_POINT('Ctrl Pts',(16.2901822353241,1.32498404508912,-3.16309555283483));
#9537=CARTESIAN_POINT('Ctrl Pts',(16.2900738595256,1.29455549352935,-3.16312522456739));
#9538=CARTESIAN_POINT('Ctrl Pts',(16.2912640872804,1.26412489512516,-3.16305592789504));
#9539=CARTESIAN_POINT('Ctrl Pts',(16.293787744797,1.23379313873023,-3.16287909189549));
#9540=CARTESIAN_POINT('Ctrl Pts',(16.293787744797,1.23379313873023,-3.16287909189549));
#9541=CARTESIAN_POINT('Ctrl Pts',(16.3054190727102,1.09399659244732,-3.16206406945915));
#9542=CARTESIAN_POINT('Ctrl Pts',(16.3576917696053,0.910322685927234,-3.16994942022088));
#9543=CARTESIAN_POINT('Ctrl Pts',(16.497343804039,0.671054653382619,-3.23069394815644));
#9544=CARTESIAN_POINT('Ctrl Pts',(16.6454849821607,0.501497983654468,-3.31951452715652));
#9545=CARTESIAN_POINT('Ctrl Pts',(16.8764419218978,0.339186312810349,-3.53487688389791));
#9546=CARTESIAN_POINT('Ctrl Pts',(17.0677895523265,0.270346539249012,-3.8634674358966));
#9547=CARTESIAN_POINT('Ctrl Pts',(17.1439170683624,0.252905025045259,-4.19792341081366));
#9548=CARTESIAN_POINT('Ctrl Pts',(17.1537141782396,0.250677417888373,-4.37000216694926));
#9549=CARTESIAN_POINT('Ctrl Pts',(17.1537141782396,0.250677417888373,-4.42738991321497));
#9550=CARTESIAN_POINT('Ctrl Pts',(16.2938125057319,1.23349553787035,-3.22596003927608));
#9551=CARTESIAN_POINT('Ctrl Pts',(16.3054077226472,1.09545936174458,-3.22764003851488));
#9552=CARTESIAN_POINT('Ctrl Pts',(16.3568203834365,0.915961356719872,-3.23929769628416));
#9553=CARTESIAN_POINT('Ctrl Pts',(16.4876169364156,0.686169166419652,-3.3027555041942));
#9554=CARTESIAN_POINT('Ctrl Pts',(16.6230564896228,0.524599269351405,-3.39066836759114));
#9555=CARTESIAN_POINT('Ctrl Pts',(16.8284953171563,0.366880665582546,-3.59388244662891));
#9556=CARTESIAN_POINT('Ctrl Pts',(17.0009180518854,0.291355347080709,-3.89860890087869));
#9557=CARTESIAN_POINT('Ctrl Pts',(17.07206518232,0.269461486993845,-4.21192664062659));
#9558=CARTESIAN_POINT('Ctrl Pts',(17.0811436989177,0.266638478619398,-4.37350327853178));
#9559=CARTESIAN_POINT('Ctrl Pts',(17.0811428173685,0.266638716594375,-4.42738991321497));
#9560=CARTESIAN_POINT('Ctrl Pts',(16.243913825227,1.22874652603156,-3.35170691353054));
#9561=CARTESIAN_POINT('Ctrl Pts',(16.2516436164374,1.0872706833017,-3.35818500219523));
#9562=CARTESIAN_POINT('Ctrl Pts',(16.2964589581688,0.905575526895637,-3.37692196425747));
#9563=CARTESIAN_POINT('Ctrl Pts',(16.4099625421702,0.674305805978401,-3.44522520957015));
#9564=CARTESIAN_POINT('Ctrl Pts',(16.525164015363,0.512315543315963,-3.53089102504707));
#9565=CARTESIAN_POINT('Ctrl Pts',(16.6958562316836,0.348769042052268,-3.70995604091123));
#9566=CARTESIAN_POINT('Ctrl Pts',(16.8467889560455,0.260348513211225,-3.96794136884544));
#9567=CARTESIAN_POINT('Ctrl Pts',(16.9135030528605,0.232622823524762,-4.23958029456784));
#9568=CARTESIAN_POINT('Ctrl Pts',(16.9217616919831,0.229132416280813,-4.38040119583291));
#9569=CARTESIAN_POINT('Ctrl Pts',(16.921758760859,0.229131178638722,-4.42738991321497));
#9570=CARTESIAN_POINT('Ctrl Pts',(16.121660694318,1.21830320229427,-3.40888922536409));
#9571=CARTESIAN_POINT('Ctrl Pts',(16.1226547597749,1.0621997042982,-3.4126121335975));
#9572=CARTESIAN_POINT('Ctrl Pts',(16.1612601714244,0.857553940022461,-3.42607193748462));
#9573=CARTESIAN_POINT('Ctrl Pts',(16.2760796546805,0.589404715200528,-3.48412406275116));
#9574=CARTESIAN_POINT('Ctrl Pts',(16.4010217758161,0.397103594922753,-3.56096834140447));
#9575=CARTESIAN_POINT('Ctrl Pts',(16.5982417536486,0.204262543693095,-3.73200478248693));
#9576=CARTESIAN_POINT('Ctrl Pts',(16.7695878299737,0.111153753672714,-3.98493068308603));
#9577=CARTESIAN_POINT('Ctrl Pts',(16.841150045012,0.0851611501204107,-4.24689820181852));
#9578=CARTESIAN_POINT('Ctrl Pts',(16.8503097821242,0.0818098348097347,-4.38225866888051));
#9579=CARTESIAN_POINT('Ctrl Pts',(16.8503081172417,0.0818053546986954,-4.42738991321497));
#9580=CARTESIAN_POINT('Ctrl Pts',(16.0588991736615,1.21306430662346,-3.41247260349605));
#9581=CARTESIAN_POINT('Ctrl Pts',(16.0578904116873,1.04882151012492,-3.41253019890739));
#9582=CARTESIAN_POINT('Ctrl Pts',(16.095695861485,0.831643609506019,-3.41966562165229));
#9583=CARTESIAN_POINT('Ctrl Pts',(16.2188332212429,0.543497640641268,-3.46915235784988));
#9584=CARTESIAN_POINT('Ctrl Pts',(16.3564831158303,0.335402892578922,-3.54072255285366));
#9585=CARTESIAN_POINT('Ctrl Pts',(16.57843785761,0.128770193699968,-3.71333497435172));
#9586=CARTESIAN_POINT('Ctrl Pts',(16.7657282366622,0.0351535909588747,-3.97624681288656));
#9587=CARTESIAN_POINT('Ctrl Pts',(16.8403899334367,0.0106632661808935,-4.24381705027525));
#9588=CARTESIAN_POINT('Ctrl Pts',(16.8500148240926,0.00750542211908581,
-4.38147971476767));
#9589=CARTESIAN_POINT('Ctrl Pts',(16.8500148028565,0.00750004236015184,
-4.42738991321497));
#9590=CARTESIAN_POINT('',(17.1537141782396,0.250677417888373,-4.42738991321497));
#9591=CARTESIAN_POINT('',(16.8500148028565,0.0075000423601518,-4.42738991321497));
#9592=CARTESIAN_POINT('Origin',(17.1000128551122,0.00651319468118447,-4.42738991321497));
#9593=CARTESIAN_POINT('Ctrl Pts',(16.8500148028565,0.00750004236015184,
-4.42738991321497));
#9594=CARTESIAN_POINT('Ctrl Pts',(16.8500148240926,0.00750542211908581,
-4.38147971476767));
#9595=CARTESIAN_POINT('Ctrl Pts',(16.8403899334367,0.0106632661808935,-4.24381705027525));
#9596=CARTESIAN_POINT('Ctrl Pts',(16.7657282366622,0.0351535909588747,-3.97624681288656));
#9597=CARTESIAN_POINT('Ctrl Pts',(16.57843785761,0.128770193699968,-3.71333497435172));
#9598=CARTESIAN_POINT('Ctrl Pts',(16.3564831158303,0.335402892578922,-3.54072255285366));
#9599=CARTESIAN_POINT('Ctrl Pts',(16.2188332212429,0.543497640641268,-3.46915235784988));
#9600=CARTESIAN_POINT('Ctrl Pts',(16.095695861485,0.831643609506019,-3.41966562165229));
#9601=CARTESIAN_POINT('Ctrl Pts',(16.0578904116873,1.04882151012492,-3.41253019890739));
#9602=CARTESIAN_POINT('Ctrl Pts',(16.0588991736615,1.21306430662346,-3.41247260349605));
#9603=CARTESIAN_POINT('Ctrl Pts',(16.293787744797,1.23379313873023,-3.16287909189549));
#9604=CARTESIAN_POINT('Ctrl Pts',(16.3054190727102,1.09399659244732,-3.16206406945915));
#9605=CARTESIAN_POINT('Ctrl Pts',(16.3576917696053,0.910322685927234,-3.16994942022088));
#9606=CARTESIAN_POINT('Ctrl Pts',(16.497343804039,0.671054653382619,-3.23069394815644));
#9607=CARTESIAN_POINT('Ctrl Pts',(16.6454849821607,0.501497983654468,-3.31951452715652));
#9608=CARTESIAN_POINT('Ctrl Pts',(16.8764419218978,0.339186312810349,-3.53487688389791));
#9609=CARTESIAN_POINT('Ctrl Pts',(17.0677895523265,0.270346539249012,-3.8634674358966));
#9610=CARTESIAN_POINT('Ctrl Pts',(17.1439170683624,0.252905025045259,-4.19792341081366));
#9611=CARTESIAN_POINT('Ctrl Pts',(17.1537141782396,0.250677417888373,-4.37000216694926));
#9612=CARTESIAN_POINT('Ctrl Pts',(17.1537141782396,0.250677417888373,-4.42738991321497));
#9613=CARTESIAN_POINT('Origin',(17.1000128551122,0.00651319468118545,1.));
#9614=CARTESIAN_POINT('',(17.1537141782396,0.250677417888373,-6.5));
#9615=CARTESIAN_POINT('',(16.8500148028565,0.00750004236015295,-6.5));
#9616=CARTESIAN_POINT('Origin',(17.1000128551122,0.00651319468118545,-6.5));
#9617=CARTESIAN_POINT('',(16.8500148028565,0.00750004236015294,1.));
#9618=CARTESIAN_POINT('',(17.1537141782396,0.250677417888373,1.));
#9619=CARTESIAN_POINT('Origin',(18.75,0.,-6.5));
#9620=CARTESIAN_POINT('',(18.3522926452085,1.85790980942152,-6.5));
#9621=CARTESIAN_POINT('Origin',(17.39,1.325,-6.5));
#9622=CARTESIAN_POINT('',(18.3522926452085,-1.85790980942152,-6.5));
#9623=CARTESIAN_POINT('Origin',(18.75,0.,-6.5));
#9624=CARTESIAN_POINT('',(17.1537141782396,-0.250677417888373,-6.5));
#9625=CARTESIAN_POINT('Origin',(17.39,-1.325,-6.5));
#9626=CARTESIAN_POINT('',(16.8500148028565,-0.00750004236015295,-6.5));
#9627=CARTESIAN_POINT('Origin',(17.1000128551122,-0.00651319468118545,-6.5));
#9628=CARTESIAN_POINT('Origin',(18.75,0.,-6.5));
#9629=CARTESIAN_POINT('Origin',(17.39,1.325,-3.35));
#9630=CARTESIAN_POINT('',(16.29,1.325,-3.35));
#9631=CARTESIAN_POINT('',(18.3522926452085,1.85790980942152,-3.35));
#9632=CARTESIAN_POINT('Origin',(17.1000128551122,-0.00651319468118545,1.));
#9633=CARTESIAN_POINT('',(17.1537141782396,-0.250677417888373,-4.42738991321497));
#9634=CARTESIAN_POINT('',(17.1537141782396,-0.250677417888373,1.));
#9635=CARTESIAN_POINT('',(16.8500148028565,-0.00750004236586807,-4.42738991321497));
#9636=CARTESIAN_POINT('Origin',(17.1000128551122,-0.00651319468118545,-4.42738991321497));
#9637=CARTESIAN_POINT('',(16.8500148028565,-0.00750004236015294,1.));
#9638=CARTESIAN_POINT('Ctrl Pts',(17.1537141782396,-0.250677417888373,-4.42738991321497));
#9639=CARTESIAN_POINT('Ctrl Pts',(17.1537141782396,-0.250677417888373,-4.37000250601035));
#9640=CARTESIAN_POINT('Ctrl Pts',(17.143917500136,-0.252906531730378,-4.19792817259659));
#9641=CARTESIAN_POINT('Ctrl Pts',(17.067782381547,-0.270350205902464,-3.86344447215344));
#9642=CARTESIAN_POINT('Ctrl Pts',(16.8764250329364,-0.339200628559879,-3.53486069398622));
#9643=CARTESIAN_POINT('Ctrl Pts',(16.6454797783545,-0.501507435193407,-3.3195109457823));
#9644=CARTESIAN_POINT('Ctrl Pts',(16.4973311321574,-0.671079010955874,-3.2306894149145));
#9645=CARTESIAN_POINT('Ctrl Pts',(16.357690201382,-0.910340079412628,-3.16995177914819));
#9646=CARTESIAN_POINT('Ctrl Pts',(16.3054190039895,-1.09399741840012,-3.1620640742745));
#9647=CARTESIAN_POINT('Ctrl Pts',(16.293787744797,-1.23379313873023,-3.16287909189549));
#9648=CARTESIAN_POINT('Ctrl Pts',(17.0811428173685,-0.266638716594375,-4.42738991321497));
#9649=CARTESIAN_POINT('Ctrl Pts',(17.0811436989125,-0.266638478620804,-4.37350359690743));
#9650=CARTESIAN_POINT('Ctrl Pts',(17.0720655864539,-0.269462836142049,-4.21193104094065));
#9651=CARTESIAN_POINT('Ctrl Pts',(17.000911418453,-0.291359331975826,-3.89858741574589));
#9652=CARTESIAN_POINT('Ctrl Pts',(16.828480131175,-0.366894792197536,-3.59386719393213));
#9653=CARTESIAN_POINT('Ctrl Pts',(16.6230517122978,-0.524608356745881,-3.39066476791306));
#9654=CARTESIAN_POINT('Ctrl Pts',(16.4876049882568,-0.686192547221213,-3.3027505647537));
#9655=CARTESIAN_POINT('Ctrl Pts',(16.3568184860186,-0.915978340321866,-3.23929946844887));
#9656=CARTESIAN_POINT('Ctrl Pts',(16.3054076541398,-1.09546017729668,-3.22764002858903));
#9657=CARTESIAN_POINT('Ctrl Pts',(16.2938125057319,-1.23349553787035,-3.22596003927609));
#9658=CARTESIAN_POINT('Ctrl Pts',(16.921758760859,-0.229131178638722,-4.42738991321497));
#9659=CARTESIAN_POINT('Ctrl Pts',(16.9217616919658,-0.229132416273501,-4.38040147345395));
#9660=CARTESIAN_POINT('Ctrl Pts',(16.9135035113427,-0.232624065113837,-4.23958398918224));
#9661=CARTESIAN_POINT('Ctrl Pts',(16.8467828956206,-0.260353065344101,-3.96792278953119));
#9662=CARTESIAN_POINT('Ctrl Pts',(16.6958433761196,-0.348783852939287,-3.70994263674714));
#9663=CARTESIAN_POINT('Ctrl Pts',(16.5251600349517,-0.51232469372851,-3.53088740980322));
#9664=CARTESIAN_POINT('Ctrl Pts',(16.4099521597942,-0.674329280071864,-3.44521952397876));
#9665=CARTESIAN_POINT('Ctrl Pts',(16.2964571600799,-0.905592714467919,-3.37692260685763));
#9666=CARTESIAN_POINT('Ctrl Pts',(16.2516435707679,-1.08727151917621,-3.35818496392107));
#9667=CARTESIAN_POINT('Ctrl Pts',(16.243913825227,-1.22874652603156,-3.35170691353054));
#9668=CARTESIAN_POINT('Ctrl Pts',(16.8503081172417,-0.0818053546986956,
-4.42738991321497));
#9669=CARTESIAN_POINT('Ctrl Pts',(16.8503097821144,-0.0818098347832653,
-4.38225893552714));
#9670=CARTESIAN_POINT('Ctrl Pts',(16.8411505808765,-0.0851627102015368,
-4.24690183523618));
#9671=CARTESIAN_POINT('Ctrl Pts',(16.7695813171375,-0.111158443995619,-3.98491272696336));
#9672=CARTESIAN_POINT('Ctrl Pts',(16.5982273415061,-0.204279459349615,-3.73199193882113));
#9673=CARTESIAN_POINT('Ctrl Pts',(16.401017638482,-0.397114204639227,-3.56096514406924));
#9674=CARTESIAN_POINT('Ctrl Pts',(16.2760693617428,-0.589431906312023,-3.48411940415198));
#9675=CARTESIAN_POINT('Ctrl Pts',(16.1612595689534,-0.857573105732373,-3.42607303936661));
#9676=CARTESIAN_POINT('Ctrl Pts',(16.1226547539017,-1.06220062659654,-3.41261211160163));
#9677=CARTESIAN_POINT('Ctrl Pts',(16.121660694318,-1.21830320229427,-3.40888922536409));
#9678=CARTESIAN_POINT('Ctrl Pts',(16.8500148028565,-0.00750004236015213,
-4.42738991321497));
#9679=CARTESIAN_POINT('Ctrl Pts',(16.8500148240925,-0.00750542208730122,
-4.38147998601656));
#9680=CARTESIAN_POINT('Ctrl Pts',(16.8403904680801,-0.0106650089386182,
-4.24382085275659));
#9681=CARTESIAN_POINT('Ctrl Pts',(16.7657213495475,-0.0351583033618669,
-3.97622843264161));
#9682=CARTESIAN_POINT('Ctrl Pts',(16.5784218794752,-0.128788117187004,-3.7133219839917));
#9683=CARTESIAN_POINT('Ctrl Pts',(16.3564785855885,-0.33541428247101,-3.54071965186723));
#9684=CARTESIAN_POINT('Ctrl Pts',(16.2188222625912,-0.543526861621223,-3.46914863732255));
#9685=CARTESIAN_POINT('Ctrl Pts',(16.0956957384872,-0.831663919574345,-3.41966742300854));
#9686=CARTESIAN_POINT('Ctrl Pts',(16.0578904176474,-1.04882248051227,-3.41253019856711));
#9687=CARTESIAN_POINT('Ctrl Pts',(16.0588991736615,-1.21306430662346,-3.41247260349606));
#9688=CARTESIAN_POINT('',(16.293787744797,-1.23379313873023,-3.16287909189549));
#9689=CARTESIAN_POINT('Origin',(16.0446485958872,-1.21306430662346,-3.16287909189549));
#9690=CARTESIAN_POINT('Ctrl Pts',(16.0588991736615,-1.21306430662346,-3.41247260349606));
#9691=CARTESIAN_POINT('Ctrl Pts',(16.0578904176474,-1.04882248051227,-3.41253019856711));
#9692=CARTESIAN_POINT('Ctrl Pts',(16.0956957384872,-0.831663919574345,-3.41966742300854));
#9693=CARTESIAN_POINT('Ctrl Pts',(16.2188222625912,-0.543526861621223,-3.46914863732255));
#9694=CARTESIAN_POINT('Ctrl Pts',(16.3564785855885,-0.33541428247101,-3.54071965186723));
#9695=CARTESIAN_POINT('Ctrl Pts',(16.5784218794752,-0.128788117187004,-3.7133219839917));
#9696=CARTESIAN_POINT('Ctrl Pts',(16.7657213495475,-0.0351583033618669,
-3.97622843264161));
#9697=CARTESIAN_POINT('Ctrl Pts',(16.8403904680801,-0.0106650089386182,
-4.24382085275659));
#9698=CARTESIAN_POINT('Ctrl Pts',(16.8500148240925,-0.00750542208730122,
-4.38147998601656));
#9699=CARTESIAN_POINT('Ctrl Pts',(16.8500148028565,-0.00750004236015213,
-4.42738991321497));
#9700=CARTESIAN_POINT('Ctrl Pts',(17.1537141782396,-0.250677417888373,-4.42738991321497));
#9701=CARTESIAN_POINT('Ctrl Pts',(17.1537141782396,-0.250677417888373,-4.37000250601035));
#9702=CARTESIAN_POINT('Ctrl Pts',(17.143917500136,-0.252906531730378,-4.19792817259659));
#9703=CARTESIAN_POINT('Ctrl Pts',(17.067782381547,-0.270350205902464,-3.86344447215344));
#9704=CARTESIAN_POINT('Ctrl Pts',(16.8764250329364,-0.339200628559879,-3.53486069398622));
#9705=CARTESIAN_POINT('Ctrl Pts',(16.6454797783545,-0.501507435193407,-3.3195109457823));
#9706=CARTESIAN_POINT('Ctrl Pts',(16.4973311321574,-0.671079010955874,-3.2306894149145));
#9707=CARTESIAN_POINT('Ctrl Pts',(16.357690201382,-0.910340079412628,-3.16995177914819));
#9708=CARTESIAN_POINT('Ctrl Pts',(16.3054190039895,-1.09399741840012,-3.1620640742745));
#9709=CARTESIAN_POINT('Ctrl Pts',(16.293787744797,-1.23379313873023,-3.16287909189549));
#9710=CARTESIAN_POINT('Ctrl Pts',(16.293787744797,-1.23379313873022,-3.16287909189549));
#9711=CARTESIAN_POINT('Ctrl Pts',(16.2756179705282,-1.45217505595062,-3.16415227186281));
#9712=CARTESIAN_POINT('Ctrl Pts',(16.3738390959133,-1.89900967240078,-3.15649609582977));
#9713=CARTESIAN_POINT('Ctrl Pts',(16.9278023540248,-2.42635435303211,-3.124172516757));
#9714=CARTESIAN_POINT('Ctrl Pts',(17.7943401852125,-2.4781900047536,-3.10134018660861));
#9715=CARTESIAN_POINT('Ctrl Pts',(18.2636856337733,-2.05442335870831,-3.10034822140841));
#9716=CARTESIAN_POINT('Ctrl Pts',(18.3870908980153,-1.78955327046007,-3.10010735344875));
#9717=CARTESIAN_POINT('Ctrl Pts',(16.2938125057319,-1.23349553787035,-3.22596003927609));
#9718=CARTESIAN_POINT('Ctrl Pts',(16.2755296397902,-1.45249294221609,-3.22716410666057));
#9719=CARTESIAN_POINT('Ctrl Pts',(16.374811550015,-1.90083927755342,-3.21992938476585));
#9720=CARTESIAN_POINT('Ctrl Pts',(16.9303414518845,-2.42668335173625,-3.18927436099825));
#9721=CARTESIAN_POINT('Ctrl Pts',(17.7947046169774,-2.47710381762234,-3.16717696497933));
#9722=CARTESIAN_POINT('Ctrl Pts',(18.2638037210743,-2.05419287682113,-3.1659198480471));
#9723=CARTESIAN_POINT('Ctrl Pts',(18.387109480204,-1.78951338669978,-3.16561725244893));
#9724=CARTESIAN_POINT('Ctrl Pts',(16.2438385947572,-1.22874060537628,-3.3516356235931));
#9725=CARTESIAN_POINT('Ctrl Pts',(16.2246037000642,-1.45923551458295,-3.35270679096161));
#9726=CARTESIAN_POINT('Ctrl Pts',(16.3290118527103,-1.93108607466897,-3.34630419791517));
#9727=CARTESIAN_POINT('Ctrl Pts',(16.9118297519578,-2.48215946529749,-3.31886851328166));
#9728=CARTESIAN_POINT('Ctrl Pts',(17.8160711315887,-2.53383607668921,-3.298195465027));
#9729=CARTESIAN_POINT('Ctrl Pts',(18.3071091745868,-2.09024264888496,-3.29646436921062));
#9730=CARTESIAN_POINT('Ctrl Pts',(18.4364080966072,-1.81238539527161,-3.29604368840988));
#9731=CARTESIAN_POINT('Ctrl Pts',(16.121660694318,-1.21830320229427,-3.40888922536409));
#9732=CARTESIAN_POINT('Ctrl Pts',(16.1005280348614,-1.4737506808047,-3.41004412368761));
#9733=CARTESIAN_POINT('Ctrl Pts',(16.2149194394986,-1.99653990806119,-3.4031038067395));
#9734=CARTESIAN_POINT('Ctrl Pts',(16.8584844693372,-2.61151240436932,-3.37358889064473));
#9735=CARTESIAN_POINT('Ctrl Pts',(17.864632389402,-2.67113037148647,-3.35197170359829));
#9736=CARTESIAN_POINT('Ctrl Pts',(18.4110280855052,-2.17670891904867,-3.35054014289531));
#9737=CARTESIAN_POINT('Ctrl Pts',(18.5547189347584,-1.86746730800496,-3.35020147657048));
#9738=CARTESIAN_POINT('Ctrl Pts',(16.0588991736615,-1.21306430662346,-3.41247260349605));
#9739=CARTESIAN_POINT('Ctrl Pts',(16.0367961470801,-1.48107847775758,-3.41373457900706));
#9740=CARTESIAN_POINT('Ctrl Pts',(16.1561997165586,-2.02946641612823,-3.40615191106406));
#9741=CARTESIAN_POINT('Ctrl Pts',(16.8307504982725,-2.67666216053941,-3.3740701686035));
#9742=CARTESIAN_POINT('Ctrl Pts',(17.8888235197319,-2.7402786421976,-3.35134023225193));
#9743=CARTESIAN_POINT('Ctrl Pts',(18.4631026654993,-2.22020139477838,-3.3503471823796));
#9744=CARTESIAN_POINT('Ctrl Pts',(18.614100063318,-1.89513355920099,-3.35010703728089));
#9745=CARTESIAN_POINT('',(18.3521807198331,-1.85783757421944,-3.10017890308365));
#9746=CARTESIAN_POINT('Ctrl Pts',(18.614100063318,-1.89513355920099,-3.35010703728089));
#9747=CARTESIAN_POINT('Ctrl Pts',(18.598084503602,-1.89398508418151,-3.35013250830373));
#9748=CARTESIAN_POINT('Ctrl Pts',(18.5821487782005,-1.89264197975288,-3.34873684726341));
#9749=CARTESIAN_POINT('Ctrl Pts',(18.5664672412713,-1.89112321816595,-3.3460016061145));
#9750=CARTESIAN_POINT('Ctrl Pts',(18.5509423753788,-1.88961963021624,-3.34329369220195));
#9751=CARTESIAN_POINT('Ctrl Pts',(18.5356655216297,-1.88794336820539,-3.33927223713285));
#9752=CARTESIAN_POINT('Ctrl Pts',(18.5208169291682,-1.88613606441806,-3.33397362756468));
#9753=CARTESIAN_POINT('Ctrl Pts',(18.5165060823199,-1.88561136755835,-3.33243533399129));
#9754=CARTESIAN_POINT('Ctrl Pts',(18.5122314633452,-1.88507580374212,-3.33078914801079));
#9755=CARTESIAN_POINT('Ctrl Pts',(18.5079978712894,-1.88453086093173,-3.32903538248838));
#9756=CARTESIAN_POINT('Ctrl Pts',(18.4930952849509,-1.88261261817848,-3.32286198605088));
#9757=CARTESIAN_POINT('Ctrl Pts',(18.478829448313,-1.88059275296687,-3.31541292306845));
#9758=CARTESIAN_POINT('Ctrl Pts',(18.4653921098034,-1.87854919458613,-3.30673881177165));
#9759=CARTESIAN_POINT('Ctrl Pts',(18.4528939960438,-1.87664847406036,-3.29867099166918));
#9760=CARTESIAN_POINT('Ctrl Pts',(18.4411117855762,-1.87472710580102,-3.28954251983843));
#9761=CARTESIAN_POINT('Ctrl Pts',(18.4302281740845,-1.87287220026893,-3.27936367877276));
#9762=CARTESIAN_POINT('Ctrl Pts',(18.4294102780821,-1.87273280537959,-3.27859874578861));
#9763=CARTESIAN_POINT('Ctrl Pts',(18.4285974743725,-1.87259379864184,-3.27782786909268));
#9764=CARTESIAN_POINT('Ctrl Pts',(18.4277898495281,-1.87245522345111,-3.27705104746341));
#9765=CARTESIAN_POINT('Ctrl Pts',(18.4262433057579,-1.87218986187954,-3.27556348964533));
#9766=CARTESIAN_POINT('Ctrl Pts',(18.4247157517711,-1.87192608229994,-3.27405413211752));
#9767=CARTESIAN_POINT('Ctrl Pts',(18.4232074915426,-1.87166403279358,-3.27252331994888));
#9768=CARTESIAN_POINT('Ctrl Pts',(18.4118478001243,-1.8696903670611,-3.26099377516146));
#9769=CARTESIAN_POINT('Ctrl Pts',(18.4017040834723,-1.86783388171518,-3.24837613304892));
#9770=CARTESIAN_POINT('Ctrl Pts',(18.3928553569692,-1.86615161914347,-3.23487152121354));
#9771=CARTESIAN_POINT('Ctrl Pts',(18.3840066304661,-1.86446935657176,-3.22136690937815));
#9772=CARTESIAN_POINT('Ctrl Pts',(18.3764520624775,-1.86296115156647,-3.20697360738466));
#9773=CARTESIAN_POINT('Ctrl Pts',(18.3703207976565,-1.86170186862167,-3.19187535618739));
#9774=CARTESIAN_POINT('Ctrl Pts',(18.3643850832036,-1.86048274920764,-3.17725864814053));
#9775=CARTESIAN_POINT('Ctrl Pts',(18.359852146345,-1.85951095629084,-3.16214895726956));
#9776=CARTESIAN_POINT('Ctrl Pts',(18.3567959331005,-1.85884613772334,-3.14674213871454));
#9777=CARTESIAN_POINT('Ctrl Pts',(18.3537630200264,-1.85818638764574,-3.13145277973123));
#9778=CARTESIAN_POINT('Ctrl Pts',(18.352183793721,-1.8578288504006,-3.11586937586876));
#9779=CARTESIAN_POINT('Ctrl Pts',(18.3521807128337,-1.85783758676474,-3.10017890309906));
#9780=CARTESIAN_POINT('',(16.2900871289486,-1.32497896573633,-3.1631201751595));
#9781=CARTESIAN_POINT('Ctrl Pts',(16.293787744797,-1.23379313873022,-3.16287909189549));
#9782=CARTESIAN_POINT('Ctrl Pts',(16.2912640872804,-1.26412489512516,-3.16305592789504));
#9783=CARTESIAN_POINT('Ctrl Pts',(16.2900383557502,-1.2945537908201,-3.16313435374122));
#9784=CARTESIAN_POINT('Ctrl Pts',(16.2900871289486,-1.32497896573633,-3.1631201751595));
#9785=CARTESIAN_POINT('Ctrl Pts',(16.2900871289486,-1.32497896573633,-3.1631201751595));
#9786=CARTESIAN_POINT('Ctrl Pts',(16.2903895119589,-1.51360830066981,-3.16303227109825));
#9787=CARTESIAN_POINT('Ctrl Pts',(16.3969216095353,-1.92098304445374,-3.15514923853674));
#9788=CARTESIAN_POINT('Ctrl Pts',(16.9278023540248,-2.42635435303211,-3.124172516757));
#9789=CARTESIAN_POINT('Ctrl Pts',(17.7667624604886,-2.47654032567138,-3.10206682968521));
#9790=CARTESIAN_POINT('Ctrl Pts',(18.2223008320561,-2.09062743652179,-3.10046493557129));
#9791=CARTESIAN_POINT('Ctrl Pts',(18.3521807198331,-1.85783757421944,-3.10017890308365));
#9792=CARTESIAN_POINT('Origin',(17.39,-1.325,-3.35));
#9793=CARTESIAN_POINT('',(18.3522926452085,-1.85790980942152,-3.35));
#9794=CARTESIAN_POINT('',(16.29,-1.325,-3.35));
#9795=CARTESIAN_POINT('Ctrl Pts',(16.0588991736615,1.21306430662346,-3.41247260349605));
#9796=CARTESIAN_POINT('Ctrl Pts',(15.8779925167308,0.834186945443846,-3.42280149533282));
#9797=CARTESIAN_POINT('Ctrl Pts',(15.6873537907759,-4.16156441500627E-8,
-3.43648710107793));
#9798=CARTESIAN_POINT('Ctrl Pts',(15.8779924677186,-0.834186842796498,-3.42280149813118));
#9799=CARTESIAN_POINT('Ctrl Pts',(16.0588991736615,-1.21306430662346,-3.41247260349605));
#9800=CARTESIAN_POINT('Ctrl Pts',(16.339090296503,1.08360907174511,-3.39647505066657));
#9801=CARTESIAN_POINT('Ctrl Pts',(16.1783773177072,0.744543004078213,-3.40375331980328));
#9802=CARTESIAN_POINT('Ctrl Pts',(16.0099325832334,-3.72715044895264E-8,
-3.41317665659247));
#9803=CARTESIAN_POINT('Ctrl Pts',(16.1783772741661,-0.74454291221674,-3.40375332177514));
#9804=CARTESIAN_POINT('Ctrl Pts',(16.339090296503,-1.08360907174511,-3.39647505066657));
#9805=CARTESIAN_POINT('Ctrl Pts',(16.838901709987,0.859766970711088,-3.63732431211234));
#9806=CARTESIAN_POINT('Ctrl Pts',(16.7145503033137,0.589016784006199,-3.64279100908167));
#9807=CARTESIAN_POINT('Ctrl Pts',(16.586407038363,-2.98156445986981E-8,
-3.64959569213091));
#9808=CARTESIAN_POINT('Ctrl Pts',(16.7145502696238,-0.589016710653203,-3.64279101056274));
#9809=CARTESIAN_POINT('Ctrl Pts',(16.838901709987,-0.85976697071109,-3.63732431211234));
#9810=CARTESIAN_POINT('Ctrl Pts',(17.0218962740215,0.789739287510484,-4.17911340832167));
#9811=CARTESIAN_POINT('Ctrl Pts',(16.9088311122642,0.542260814873959,-4.18773675177439));
#9812=CARTESIAN_POINT('Ctrl Pts',(16.7914938102268,-2.72159275680236E-8,
-4.19897794371028));
#9813=CARTESIAN_POINT('Ctrl Pts',(16.908831081632,-0.542260747825853,-4.18773675411067));
#9814=CARTESIAN_POINT('Ctrl Pts',(17.0218962740215,-0.789739287510485,-4.17911340832167));
#9815=CARTESIAN_POINT('Ctrl Pts',(17.0242113176006,0.794766269856748,-4.41084664989829));
#9816=CARTESIAN_POINT('Ctrl Pts',(16.9098955677015,0.546536274601137,-4.42080872124998));
#9817=CARTESIAN_POINT('Ctrl Pts',(16.7901971750174,-2.72654241194018E-8,
-4.43393269071601));
#9818=CARTESIAN_POINT('Ctrl Pts',(16.9098955367305,-0.546536207349423,-4.42080872394896));
#9819=CARTESIAN_POINT('Ctrl Pts',(17.0242113176006,-0.794766269856749,-4.41084664989829));
#9820=CARTESIAN_POINT('Ctrl Pts',(16.8500613864796,0.00749984662240248,
-4.42736906149499));
#9821=CARTESIAN_POINT('Ctrl Pts',(16.8500513726822,0.00499991158608667,
-4.42737015745702));
#9822=CARTESIAN_POINT('Ctrl Pts',(16.8500413546885,1.04915782398601E-9,
-4.42737125584658));
#9823=CARTESIAN_POINT('Ctrl Pts',(16.8500513724074,-0.00499990947757874,
-4.42737015748077));
#9824=CARTESIAN_POINT('Ctrl Pts',(16.8500613860802,-0.00749984663230864,
-4.42736906152923));
#9825=CARTESIAN_POINT('Origin',(18.75,0.,1.));
#9826=CARTESIAN_POINT('Origin',(17.39,0.,4.85));
#9827=CARTESIAN_POINT('Origin',(17.39,0.,4.85));
#9828=CARTESIAN_POINT('Origin',(18.75,0.,1.));
#9829=CARTESIAN_POINT('Origin',(18.75,0.,1.));
#9830=CARTESIAN_POINT('',(16.85,-2.32682891837997E-16,8.5));
#9831=CARTESIAN_POINT('Origin',(18.75,0.,8.5));
#9832=CARTESIAN_POINT('',(16.85,-2.32682891837997E-16,1.));
#9833=CARTESIAN_POINT('Origin',(18.75,0.,8.5));
#9834=CARTESIAN_POINT('Origin',(0.24463611615062,-7.75,1.44910208117154));
#9835=CARTESIAN_POINT('',(-0.498617499014538,-7.8,2.95827324459727));
#9836=CARTESIAN_POINT('',(0.157202427474057,-7.8,1.25905146756932));
#9837=CARTESIAN_POINT('',(0.463911309938319,-7.5,2.96391401637319));
#9838=CARTESIAN_POINT('',(0.944331238101926,-7.5,1.71915158833189));
#9839=CARTESIAN_POINT('Origin',(-4.21862697971305E-11,-7.99999999999935,
3.04501038332474E-13));
#9840=CARTESIAN_POINT('Origin',(0.0465998108990809,7.75,-1.96221183727012));
#9841=CARTESIAN_POINT('',(0.463911309938481,7.5,-2.96391401637255));
#9842=CARTESIAN_POINT('',(0.746294932850439,7.5,-2.23226134443034));
#9843=CARTESIAN_POINT('Origin',(-4.21862697971305E-11,7.99999999999923,
3.04501038332474E-13));
#9844=CARTESIAN_POINT('Origin',(1.31186468038495,7.5,3.04478664503449E-13));
#9845=CARTESIAN_POINT('',(0.463911309938319,7.5,2.96391401637319));
#9846=CARTESIAN_POINT('',(0.944331238101926,7.5,1.71915158833189));
#9847=CARTESIAN_POINT('Origin',(-4.21862697971305E-11,7.5,3.04501038332474E-13));
#9848=CARTESIAN_POINT('Origin',(-4.21862697971305E-11,9.,3.04501038332474E-13));
#9849=CARTESIAN_POINT('Origin',(-4.21862697971305E-11,7.99999999999935,
3.04501038332474E-13));
#9850=CARTESIAN_POINT('Origin',(0.24463611615062,7.75,1.44910208117154));
#9851=CARTESIAN_POINT('Origin',(0.0465998108990809,-7.75,-1.96221183727012));
#9852=CARTESIAN_POINT('',(-0.498617499014308,-7.8,-2.95827324459666));
#9853=CARTESIAN_POINT('',(0.0581842748561125,-7.8,-1.5156063455978));
#9854=CARTESIAN_POINT('',(0.463911309938481,-7.5,-2.96391401637255));
#9855=CARTESIAN_POINT('Origin',(-4.21862697971305E-11,-7.99999999999923,
3.04501038332474E-13));
#9856=CARTESIAN_POINT('',(0.746294932850439,-7.5,-2.23226134443034));
#9857=CARTESIAN_POINT('Origin',(1.31186468038495,-7.5,3.04478664503449E-13));
#9858=CARTESIAN_POINT('Origin',(-4.21862697971305E-11,-7.5,3.04501038332474E-13));
#9859=CARTESIAN_POINT('Origin',(-4.21862697971305E-11,-9.,3.04501038332474E-13));
#9860=CARTESIAN_POINT('Origin',(-4.21862697971305E-11,-7.8,3.04501038332474E-13));
#9861=CARTESIAN_POINT('Origin',(-2.70000000002109,9.,2.35186869979032E-11));
#9862=CARTESIAN_POINT('Origin',(-2.70000000002109,-7.8,2.35186869979032E-11));
#9863=UNCERTAINTY_MEASURE_WITH_UNIT(LENGTH_MEASURE(0.01),#9867,
'DISTANCE_ACCURACY_VALUE',
'Maximum model space distance between geometric entities at asserted c
onnectivities');
#9864=UNCERTAINTY_MEASURE_WITH_UNIT(LENGTH_MEASURE(0.01),#9867,
'DISTANCE_ACCURACY_VALUE',
'Maximum model space distance between geometric entities at asserted c
onnectivities');
#9865=(
GEOMETRIC_REPRESENTATION_CONTEXT(3)
GLOBAL_UNCERTAINTY_ASSIGNED_CONTEXT((#9863))
GLOBAL_UNIT_ASSIGNED_CONTEXT((#9867,#9869,#9870))
REPRESENTATION_CONTEXT('','3D')
);
#9866=(
GEOMETRIC_REPRESENTATION_CONTEXT(3)
GLOBAL_UNCERTAINTY_ASSIGNED_CONTEXT((#9864))
GLOBAL_UNIT_ASSIGNED_CONTEXT((#9867,#9869,#9870))
REPRESENTATION_CONTEXT('','3D')
);
#9867=(
LENGTH_UNIT()
NAMED_UNIT(*)
SI_UNIT(.MILLI.,.METRE.)
);
#9868=(
LENGTH_UNIT()
NAMED_UNIT(*)
SI_UNIT($,.METRE.)
);
#9869=(
NAMED_UNIT(*)
PLANE_ANGLE_UNIT()
SI_UNIT($,.RADIAN.)
);
#9870=(
NAMED_UNIT(*)
SI_UNIT($,.STERADIAN.)
SOLID_ANGLE_UNIT()
);
#9871=SHAPE_DEFINITION_REPRESENTATION(#9872,#9873);
#9872=PRODUCT_DEFINITION_SHAPE('',$,#9875);
#9873=SHAPE_REPRESENTATION('',(#3717),#9865);
#9874=PRODUCT_DEFINITION_CONTEXT('part definition',#9879,'design');
#9875=PRODUCT_DEFINITION('2026-08-20-18-03-36-793','(Unsaved)',#9876,#9874);
#9876=PRODUCT_DEFINITION_FORMATION('',$,#9881);
#9877=PRODUCT_RELATED_PRODUCT_CATEGORY('(Unsaved)','(Unsaved)',(#9881));
#9878=APPLICATION_PROTOCOL_DEFINITION('international standard',
'automotive_design',2009,#9879);
#9879=APPLICATION_CONTEXT(
'Core Data for Automotive Mechanical Design Process');
#9880=PRODUCT_CONTEXT('part definition',#9879,'mechanical');
#9881=PRODUCT('2026-08-20-18-03-36-793','(Unsaved)',$,(#9880));
#9882=PRESENTATION_STYLE_ASSIGNMENT((#9883));
#9883=SURFACE_STYLE_USAGE(.BOTH.,#9884);
#9884=SURFACE_SIDE_STYLE('',(#9885));
#9885=SURFACE_STYLE_FILL_AREA(#9886);
#9886=FILL_AREA_STYLE('Steel - Satin',(#9887));
#9887=FILL_AREA_STYLE_COLOUR('Steel - Satin',#9888);
#9888=COLOUR_RGB('Steel - Satin',0.627450980392157,0.627450980392157,0.627450980392157);
ENDSEC;
END-ISO-10303-21;
