ISO-10303-21;
HEADER;
/* Generated by software containing ST-Developer
 * from STEP Tools, Inc. (www.steptools.com) 
 */

FILE_DESCRIPTION(
/* description */ (''),
/* implementation_level */ '2;1');

FILE_NAME(
/* name */ 'PP_I-PP_PP.step',
/* time_stamp */ '2026-08-17T10:17:42+02:00',
/* author */ (''),
/* organization */ (''),
/* preprocessor_version */ 'ST-DEVELOPER v20.1',
/* originating_system */ 'Autodesk Translation Framework v15.8.0.0',
/* authorisation */ '');

FILE_SCHEMA (('AUTOMOTIVE_DESIGN { 1 0 10303 214 3 1 1 }'));
ENDSEC;

DATA;
#10=MECHANICAL_DESIGN_GEOMETRIC_PRESENTATION_REPRESENTATION('',(#13),#7153);
#11=SHAPE_REPRESENTATION_RELATIONSHIP('SRR','None',#7160,#12);
#12=ADVANCED_BREP_SHAPE_REPRESENTATION('',(#14),#7152);
#13=STYLED_ITEM('',(#7169),#14);
#14=MANIFOLD_SOLID_BREP('PP',#3510);
#15=B_SPLINE_SURFACE_WITH_KNOTS('',3,3,((#5788,#5789,#5790,#5791),(#5792,
#5793,#5794,#5795),(#5796,#5797,#5798,#5799),(#5800,#5801,#5802,#5803),
(#5804,#5805,#5806,#5807)),.UNSPECIFIED.,.F.,.F.,.F.,(4,1,4),(4,4),(0.,
0.571428571428571,1.),(0.,0.648890604821105),.UNSPECIFIED.);
#16=B_SPLINE_SURFACE_WITH_KNOTS('',3,3,((#5827,#5828,#5829,#5830),(#5831,
#5832,#5833,#5834),(#5835,#5836,#5837,#5838),(#5839,#5840,#5841,#5842),
(#5843,#5844,#5845,#5846)),.UNSPECIFIED.,.F.,.F.,.F.,(4,1,4),(4,4),(0.,
0.571428571428571,1.),(0.583901579968483,1.23279218478967),
 .UNSPECIFIED.);
#17=B_SPLINE_SURFACE_WITH_KNOTS('',3,3,((#5893,#5894,#5895,#5896),(#5897,
#5898,#5899,#5900),(#5901,#5902,#5903,#5904),(#5905,#5906,#5907,#5908),
(#5909,#5910,#5911,#5912)),.UNSPECIFIED.,.F.,.F.,.F.,(4,1,4),(4,4),(0.,
0.571428571428571,1.),(1.79788334209287,1.95169329111381),.UNSPECIFIED.);
#18=B_SPLINE_SURFACE_WITH_KNOTS('',3,3,((#5982,#5983,#5984,#5985),(#5986,
#5987,#5988,#5989),(#5990,#5991,#5992,#5993),(#5994,#5995,#5996,#5997),
(#5998,#5999,#6000,#6001)),.UNSPECIFIED.,.F.,.F.,.F.,(4,1,4),(4,4),(0.,
0.571428571428571,1.),(-0.273089555198247,0.0489039768820738),
 .UNSPECIFIED.);
#19=B_SPLINE_SURFACE_WITH_KNOTS('',3,3,((#6034,#6035,#6036,#6037,#6038,
#6039,#6040,#6041),(#6042,#6043,#6044,#6045,#6046,#6047,#6048,#6049),(#6050,
#6051,#6052,#6053,#6054,#6055,#6056,#6057),(#6058,#6059,#6060,#6061,#6062,
#6063,#6064,#6065),(#6066,#6067,#6068,#6069,#6070,#6071,#6072,#6073)),
 .UNSPECIFIED.,.F.,.F.,.F.,(4,1,4),(4,1,1,1,1,4),(0.,0.571428571428571,
1.),(0.,0.510610824932531,0.765916237398797,1.02122164986506,1.27652706233133,
1.78713788726386),.UNSPECIFIED.);
#20=B_SPLINE_SURFACE_WITH_KNOTS('',3,3,((#6192,#6193,#6194,#6195),(#6196,
#6197,#6198,#6199),(#6200,#6201,#6202,#6203),(#6204,#6205,#6206,#6207),
(#6208,#6209,#6210,#6211)),.UNSPECIFIED.,.F.,.F.,.F.,(4,1,4),(4,4),(0.,
0.571428571428571,1.),(0.488480977051424,0.811002171585676),
 .UNSPECIFIED.);
#21=B_SPLINE_SURFACE_WITH_KNOTS('',3,3,((#6230,#6231,#6232,#6233,#6234),
(#6235,#6236,#6237,#6238,#6239),(#6240,#6241,#6242,#6243,#6244),(#6245,
#6246,#6247,#6248,#6249),(#6250,#6251,#6252,#6253,#6254)),.UNSPECIFIED.,
 .F.,.F.,.F.,(4,1,4),(4,1,4),(0.,0.571428571428571,1.),(4.183615614611E-12,
0.441846596307106,0.773231543534298),.UNSPECIFIED.);
#22=B_SPLINE_SURFACE_WITH_KNOTS('',3,3,((#6304,#6305,#6306,#6307,#6308,
#6309,#6310,#6311),(#6312,#6313,#6314,#6315,#6316,#6317,#6318,#6319),(#6320,
#6321,#6322,#6323,#6324,#6325,#6326,#6327),(#6328,#6329,#6330,#6331,#6332,
#6333,#6334,#6335),(#6336,#6337,#6338,#6339,#6340,#6341,#6342,#6343)),
 .UNSPECIFIED.,.F.,.F.,.F.,(4,1,4),(4,1,1,1,1,4),(0.,0.571428571428571,
1.),(0.,0.510622189715419,0.765933284573128,1.02124437943084,1.27655547428855,
1.78717766400397),.UNSPECIFIED.);
#23=B_SPLINE_SURFACE_WITH_KNOTS('',3,3,((#6361,#6362,#6363,#6364),(#6365,
#6366,#6367,#6368),(#6369,#6370,#6371,#6372),(#6373,#6374,#6375,#6376),
(#6377,#6378,#6379,#6380)),.UNSPECIFIED.,.F.,.F.,.F.,(4,1,4),(4,4),(0.,
0.571428571428571,1.),(2.18846602443501E-16,0.153809949020923),
 .UNSPECIFIED.);
#24=B_SPLINE_SURFACE_WITH_KNOTS('',3,3,((#6438,#6439,#6440,#6441),(#6442,
#6443,#6444,#6445),(#6446,#6447,#6448,#6449),(#6450,#6451,#6452,#6453),
(#6454,#6455,#6456,#6457)),.UNSPECIFIED.,.F.,.F.,.F.,(4,1,4),(4,4),(0.,
0.571428571428571,1.),(-0.00836291588363683,0.313630428941688),
 .UNSPECIFIED.);
#25=B_SPLINE_SURFACE_WITH_KNOTS('',3,3,((#6533,#6534,#6535,#6536,#6537),
(#6538,#6539,#6540,#6541,#6542),(#6543,#6544,#6545,#6546,#6547),(#6548,
#6549,#6550,#6551,#6552),(#6553,#6554,#6555,#6556,#6557)),.UNSPECIFIED.,
 .F.,.F.,.F.,(4,1,4),(4,1,4),(0.,0.571428571428571,1.),(-0.350290345586354,
-0.0189054245703648,0.422941136784288),.UNSPECIFIED.);
#26=B_SPLINE_SURFACE_WITH_KNOTS('',3,3,((#6559,#6560,#6561,#6562),(#6563,
#6564,#6565,#6566),(#6567,#6568,#6569,#6570),(#6571,#6572,#6573,#6574),
(#6575,#6576,#6577,#6578)),.UNSPECIFIED.,.F.,.F.,.F.,(4,1,4),(4,4),(0.,
0.571428571428571,1.),(0.,0.322521194530071),.UNSPECIFIED.);
#27=B_SPLINE_SURFACE_WITH_KNOTS('',3,3,((#6591,#6592,#6593,#6594),(#6595,
#6596,#6597,#6598),(#6599,#6600,#6601,#6602),(#6603,#6604,#6605,#6606),
(#6607,#6608,#6609,#6610)),.UNSPECIFIED.,.F.,.F.,.F.,(4,1,4),(4,4),(0.,
0.571428571428571,1.),(0.0675898196116841,0.250450840858405),
 .UNSPECIFIED.);
#28=B_SPLINE_SURFACE_WITH_KNOTS('',3,3,((#6677,#6678,#6679,#6680),(#6681,
#6682,#6683,#6684),(#6685,#6686,#6687,#6688),(#6689,#6690,#6691,#6692),
(#6693,#6694,#6695,#6696)),.UNSPECIFIED.,.F.,.F.,.F.,(4,1,4),(4,4),(0.,
0.571428571428571,1.),(0.0371784736434472,0.220077756295929),
 .UNSPECIFIED.);
#29=B_SPLINE_SURFACE_WITH_KNOTS('',3,3,((#6733,#6734,#6735,#6736),(#6737,
#6738,#6739,#6740),(#6741,#6742,#6743,#6744),(#6745,#6746,#6747,#6748),
(#6749,#6750,#6751,#6752)),.UNSPECIFIED.,.F.,.F.,.F.,(4,1,4),(4,4),(0.,
0.571428571428571,1.),(0.037178473643436,0.2202493035883),.UNSPECIFIED.);
#30=B_SPLINE_SURFACE_WITH_KNOTS('',3,3,((#6806,#6807,#6808,#6809),(#6810,
#6811,#6812,#6813),(#6814,#6815,#6816,#6817),(#6818,#6819,#6820,#6821),
(#6822,#6823,#6824,#6825)),.UNSPECIFIED.,.F.,.F.,.F.,(4,1,4),(4,4),(0.,
0.571428571428571,1.),(0.110967991134118,0.29382901250903),
 .UNSPECIFIED.);
#31=(
BOUNDED_SURFACE()
B_SPLINE_SURFACE(2,2,((#5035,#5036,#5037,#5038,#5039),(#5040,#5041,#5042,
#5043,#5044),(#5045,#5046,#5047,#5048,#5049)),.UNSPECIFIED.,.F.,.F.,.F.)
B_SPLINE_SURFACE_WITH_KNOTS((3,3),(3,2,3),(-3.14159265358979,-1.5707963267949),
(1.18305310797875,2.16232288078428,3.1415926535898),.UNSPECIFIED.)
GEOMETRIC_REPRESENTATION_ITEM()
RATIONAL_B_SPLINE_SURFACE(((1.,0.882504631706301,1.,0.882504631706301,1.),
(0.70710678118655,0.624025009508064,0.70710678118655,0.624025009508064,
0.70710678118655),(1.,0.882504631706301,1.,0.882504631706301,1.)))
REPRESENTATION_ITEM('')
SURFACE()
);
#32=(
BOUNDED_SURFACE()
B_SPLINE_SURFACE(2,2,((#5074,#5075,#5076,#5077,#5078),(#5079,#5080,#5081,
#5082,#5083),(#5084,#5085,#5086,#5087,#5088)),.UNSPECIFIED.,.F.,.F.,.F.)
B_SPLINE_SURFACE_WITH_KNOTS((3,3),(3,2,3),(-3.14159265358979,-1.5707963267949),
(-3.14159265358979,-2.16232288078427,-1.18305310797875),.UNSPECIFIED.)
GEOMETRIC_REPRESENTATION_ITEM()
RATIONAL_B_SPLINE_SURFACE(((1.,0.882504631706301,1.,0.882504631706301,1.),
(0.70710678118655,0.624025009508065,0.70710678118655,0.624025009508065,
0.70710678118655),(1.,0.882504631706301,1.,0.882504631706301,1.)))
REPRESENTATION_ITEM('')
SURFACE()
);
#33=(
BOUNDED_SURFACE()
B_SPLINE_SURFACE(2,1,((#5173,#5174),(#5175,#5176),(#5177,#5178)),
 .UNSPECIFIED.,.F.,.F.,.F.)
B_SPLINE_SURFACE_WITH_KNOTS((3,3),(2,2),(-0.759167812246172,0.),(-0.9,0.9),
 .UNSPECIFIED.)
GEOMETRIC_REPRESENTATION_ITEM()
RATIONAL_B_SPLINE_SURFACE(((1.,1.),(1.,1.),(1.,1.)))
REPRESENTATION_ITEM('')
SURFACE()
);
#34=(
BOUNDED_SURFACE()
B_SPLINE_SURFACE(5,1,((#5557,#5558),(#5559,#5560),(#5561,#5562),(#5563,
#5564),(#5565,#5566),(#5567,#5568),(#5569,#5570),(#5571,#5572),(#5573,#5574),
(#5575,#5576)),.UNSPECIFIED.,.F.,.F.,.F.)
B_SPLINE_SURFACE_WITH_KNOTS((6,1,1,1,1,6),(2,2),(-0.939335153181924,-0.8,
-0.6,-0.4,-0.2,0.),(0.,0.1),.UNSPECIFIED.)
GEOMETRIC_REPRESENTATION_ITEM()
RATIONAL_B_SPLINE_SURFACE(((1.,1.),(1.,1.),(1.,1.),(1.,1.),(1.,1.),(1.,
1.),(1.,1.),(1.,1.),(1.,1.),(1.,1.)))
REPRESENTATION_ITEM('')
SURFACE()
);
#35=(
BOUNDED_SURFACE()
B_SPLINE_SURFACE(5,1,((#5595,#5596),(#5597,#5598),(#5599,#5600),(#5601,
#5602),(#5603,#5604),(#5605,#5606)),.UNSPECIFIED.,.F.,.F.,.F.)
B_SPLINE_SURFACE_WITH_KNOTS((6,6),(2,2),(-0.95415791602582,-0.939335153181929),
(0.,0.1),.UNSPECIFIED.)
GEOMETRIC_REPRESENTATION_ITEM()
RATIONAL_B_SPLINE_SURFACE(((1.,1.),(1.,1.),(1.,1.),(1.,1.),(1.,1.),(1.,
1.)))
REPRESENTATION_ITEM('')
SURFACE()
);
#36=(
BOUNDED_SURFACE()
B_SPLINE_SURFACE(2,1,((#6129,#6130),(#6131,#6132),(#6133,#6134)),
 .UNSPECIFIED.,.F.,.F.,.F.)
B_SPLINE_SURFACE_WITH_KNOTS((3,3),(2,2),(-1.,0.),(-0.395329494591077,0.39532949455409),
 .UNSPECIFIED.)
GEOMETRIC_REPRESENTATION_ITEM()
RATIONAL_B_SPLINE_SURFACE(((1.,1.),(1.,1.),(1.,1.)))
REPRESENTATION_ITEM('')
SURFACE()
);
#37=(
BOUNDED_SURFACE()
B_SPLINE_SURFACE(3,1,((#6151,#6152),(#6153,#6154),(#6155,#6156),(#6157,
#6158)),.UNSPECIFIED.,.F.,.F.,.F.)
B_SPLINE_SURFACE_WITH_KNOTS((4,4),(2,2),(0.,1.),(-2.3,2.3),
 .UNSPECIFIED.)
GEOMETRIC_REPRESENTATION_ITEM()
RATIONAL_B_SPLINE_SURFACE(((1.,1.),(1.,1.),(1.,1.),(1.,1.)))
REPRESENTATION_ITEM('')
SURFACE()
);
#38=(
BOUNDED_SURFACE()
B_SPLINE_SURFACE(3,1,((#6488,#6489),(#6490,#6491),(#6492,#6493),(#6494,
#6495)),.UNSPECIFIED.,.F.,.F.,.F.)
B_SPLINE_SURFACE_WITH_KNOTS((4,4),(2,2),(0.,1.),(-2.3,2.3),
 .UNSPECIFIED.)
GEOMETRIC_REPRESENTATION_ITEM()
RATIONAL_B_SPLINE_SURFACE(((1.,1.),(1.,1.),(1.,1.),(1.,1.)))
REPRESENTATION_ITEM('')
SURFACE()
);
#39=(
BOUNDED_CURVE()
B_SPLINE_CURVE(2,(#4920,#4921,#4922),.UNSPECIFIED.,.F.,.F.)
B_SPLINE_CURVE_WITH_KNOTS((3,3),(3.45453139876743,3.68034047222997),
 .UNSPECIFIED.)
CURVE()
GEOMETRIC_REPRESENTATION_ITEM()
RATIONAL_B_SPLINE_CURVE((2.18109434500176,2.15360697452714,2.11747963629505))
REPRESENTATION_ITEM('')
);
#40=(
BOUNDED_CURVE()
B_SPLINE_CURVE(2,(#4924,#4925,#4926),.UNSPECIFIED.,.F.,.F.)
B_SPLINE_CURVE_WITH_KNOTS((3,3),(0.7078498745299,0.833392357789196),
 .UNSPECIFIED.)
CURVE()
GEOMETRIC_REPRESENTATION_ITEM()
RATIONAL_B_SPLINE_CURVE((1.38095238095175,1.40358274318806,1.42225731721503))
REPRESENTATION_ITEM('')
);
#41=(
BOUNDED_CURVE()
B_SPLINE_CURVE(2,(#4929,#4930,#4931),.UNSPECIFIED.,.F.,.F.)
B_SPLINE_CURVE_WITH_KNOTS((3,3),(0.,0.128084345346939),.UNSPECIFIED.)
CURVE()
GEOMETRIC_REPRESENTATION_ITEM()
RATIONAL_B_SPLINE_CURVE((1.,1.00240143132602,1.))
REPRESENTATION_ITEM('')
);
#42=(
BOUNDED_CURVE()
B_SPLINE_CURVE(2,(#4947,#4948,#4949),.UNSPECIFIED.,.F.,.F.)
B_SPLINE_CURVE_WITH_KNOTS((3,3),(1.3247147824349,1.5140053954364),
 .UNSPECIFIED.)
CURVE()
GEOMETRIC_REPRESENTATION_ITEM()
RATIONAL_B_SPLINE_CURVE((1.78139372391756,1.81178693879687,1.83491151974262))
REPRESENTATION_ITEM('')
);
#43=(
BOUNDED_CURVE()
B_SPLINE_CURVE(2,(#4952,#4953,#4954),.UNSPECIFIED.,.F.,.F.)
B_SPLINE_CURVE_WITH_KNOTS((3,3),(0.,0.128084345346939),.UNSPECIFIED.)
CURVE()
GEOMETRIC_REPRESENTATION_ITEM()
RATIONAL_B_SPLINE_CURVE((1.,1.00240143132662,1.))
REPRESENTATION_ITEM('')
);
#44=(
BOUNDED_CURVE()
B_SPLINE_CURVE(2,(#4957,#4958,#4959),.UNSPECIFIED.,.F.,.F.)
B_SPLINE_CURVE_WITH_KNOTS((3,3),(2.01871991987875,2.14426240313805),
 .UNSPECIFIED.)
CURVE()
GEOMETRIC_REPRESENTATION_ITEM()
RATIONAL_B_SPLINE_CURVE((1.42225731721503,1.40358274318806,1.38095238095175))
REPRESENTATION_ITEM('')
);
#45=(
BOUNDED_CURVE()
B_SPLINE_CURVE(5,(#4968,#4969,#4970,#4971,#4972,#4973,#4974,#4975,#4976,
#4977),.UNSPECIFIED.,.F.,.F.)
B_SPLINE_CURVE_WITH_KNOTS((6,1,1,1,1,6),(-0.939335153181924,-0.8,-0.6,-0.4,
-0.2,0.),.UNSPECIFIED.)
CURVE()
GEOMETRIC_REPRESENTATION_ITEM()
RATIONAL_B_SPLINE_CURVE((1.,1.,1.,1.,1.,1.,1.,1.,1.,1.))
REPRESENTATION_ITEM('')
);
#46=(
BOUNDED_CURVE()
B_SPLINE_CURVE(5,(#4979,#4980,#4981,#4982,#4983,#4984),.UNSPECIFIED.,.F.,
 .F.)
B_SPLINE_CURVE_WITH_KNOTS((6,6),(-0.95415791602582,-0.939335153181929),
 .UNSPECIFIED.)
CURVE()
GEOMETRIC_REPRESENTATION_ITEM()
RATIONAL_B_SPLINE_CURVE((1.,1.,1.,1.,1.,1.))
REPRESENTATION_ITEM('')
);
#47=(
BOUNDED_CURVE()
B_SPLINE_CURVE(2,(#5010,#5011,#5012),.UNSPECIFIED.,.F.,.F.)
B_SPLINE_CURVE_WITH_KNOTS((3,3),(1.85309324522495,1.86431699370031),
 .UNSPECIFIED.)
CURVE()
GEOMETRIC_REPRESENTATION_ITEM()
RATIONAL_B_SPLINE_CURVE((1.46464646464707,1.46344349369338,1.46220890524509))
REPRESENTATION_ITEM('')
);
#48=(
BOUNDED_CURVE()
B_SPLINE_CURVE(2,(#5014,#5015,#5016),.UNSPECIFIED.,.F.,.F.)
B_SPLINE_CURVE_WITH_KNOTS((3,3),(0.707849874515889,0.987795283952543),
 .UNSPECIFIED.)
CURVE()
GEOMETRIC_REPRESENTATION_ITEM()
RATIONAL_B_SPLINE_CURVE((1.38095238095354,1.43141550592701,1.46220890524658))
REPRESENTATION_ITEM('')
);
#49=(
BOUNDED_CURVE()
B_SPLINE_CURVE(2,(#5019,#5020,#5021),.UNSPECIFIED.,.F.,.F.)
B_SPLINE_CURVE_WITH_KNOTS((3,3),(0.,0.1414731805941),.UNSPECIFIED.)
CURVE()
GEOMETRIC_REPRESENTATION_ITEM()
RATIONAL_B_SPLINE_CURVE((1.,1.00296282365754,1.))
REPRESENTATION_ITEM('')
);
#50=(
BOUNDED_CURVE()
B_SPLINE_CURVE(5,(#5577,#5578,#5579,#5580,#5581,#5582,#5583,#5584),
 .UNSPECIFIED.,.F.,.F.)
B_SPLINE_CURVE_WITH_KNOTS((6,1,1,6),(0.,0.2,0.4,0.49460653883043),
 .UNSPECIFIED.)
CURVE()
GEOMETRIC_REPRESENTATION_ITEM()
RATIONAL_B_SPLINE_CURVE((1.,1.,1.,1.,1.,1.,1.,1.))
REPRESENTATION_ITEM('')
);
#51=(
BOUNDED_CURVE()
B_SPLINE_CURVE(5,(#5586,#5587,#5588,#5589,#5590,#5591,#5592,#5593),
 .UNSPECIFIED.,.F.,.F.)
B_SPLINE_CURVE_WITH_KNOTS((6,1,1,6),(-0.939335153181924,-0.8,-0.6,-0.49460653883043),
 .UNSPECIFIED.)
CURVE()
GEOMETRIC_REPRESENTATION_ITEM()
RATIONAL_B_SPLINE_CURVE((1.,1.,1.,1.,1.,1.,1.,1.))
REPRESENTATION_ITEM('')
);
#52=(
BOUNDED_CURVE()
B_SPLINE_CURVE(5,(#5608,#5609,#5610,#5611,#5612,#5613),.UNSPECIFIED.,.F.,
 .F.)
B_SPLINE_CURVE_WITH_KNOTS((6,6),(-0.95415791602582,-0.939335153181929),
 .UNSPECIFIED.)
CURVE()
GEOMETRIC_REPRESENTATION_ITEM()
RATIONAL_B_SPLINE_CURVE((1.,1.,1.,1.,1.,1.))
REPRESENTATION_ITEM('')
);
#53=CONICAL_SURFACE('',#3585,9.,1.27933953231703);
#54=CONICAL_SURFACE('',#3590,9.,1.27933953231703);
#55=CONICAL_SURFACE('',#3599,9.,1.27933953231703);
#56=CONICAL_SURFACE('',#3752,1.75,0.785398163397449);
#57=CONICAL_SURFACE('',#3771,1.75,0.785398163397449);
#58=B_SPLINE_CURVE_WITH_KNOTS('',3,(#4850,#4851,#4852,#4853,#4854,#4855,
#4856,#4857,#4858,#4859,#4860,#4861,#4862,#4863),.UNSPECIFIED.,.F.,.F.,
(4,2,2,2,2,2,4),(-0.000617058787287973,0.,0.0312593397631196,0.0624597838737448,
0.121613690993655,0.17986027124997,0.237678019878543),.UNSPECIFIED.);
#59=B_SPLINE_CURVE_WITH_KNOTS('',3,(#4940,#4941,#4942,#4943),
 .UNSPECIFIED.,.F.,.F.,(4,4),(-0.88,-0.0499999999999996),.UNSPECIFIED.);
#60=B_SPLINE_CURVE_WITH_KNOTS('',3,(#5056,#5057,#5058,#5059,#5060,#5061,
#5062,#5063,#5064,#5065,#5066,#5067,#5068,#5069),.UNSPECIFIED.,.F.,.F.,
(4,2,2,2,2,2,4),(-0.238143812549005,-0.237527145461313,-0.206287648654877,
-0.175107010114946,-0.115990653001859,-0.0577810467949794,0.),
 .UNSPECIFIED.);
#61=B_SPLINE_CURVE_WITH_KNOTS('',3,(#5107,#5108,#5109,#5110),
 .UNSPECIFIED.,.F.,.F.,(4,4),(-0.414222749331422,0.),.UNSPECIFIED.);
#62=B_SPLINE_CURVE_WITH_KNOTS('',3,(#5113,#5114,#5115,#5116),
 .UNSPECIFIED.,.F.,.F.,(4,4),(-0.659271750193051,-0.24503747167317),
 .UNSPECIFIED.);
#63=B_SPLINE_CURVE_WITH_KNOTS('',3,(#5182,#5183,#5184,#5185),
 .UNSPECIFIED.,.F.,.F.,(4,4),(0.744322158301335,1.23279218478967),
 .UNSPECIFIED.);
#64=B_SPLINE_CURVE_WITH_KNOTS('',3,(#5187,#5188,#5189,#5190),
 .UNSPECIFIED.,.F.,.F.,(4,4),(-0.0500000000000009,0.),.UNSPECIFIED.);
#65=B_SPLINE_CURVE_WITH_KNOTS('',3,(#5192,#5193,#5194,#5195),
 .UNSPECIFIED.,.F.,.F.,(4,4),(-0.35,-0.2),.UNSPECIFIED.);
#66=B_SPLINE_CURVE_WITH_KNOTS('',3,(#5197,#5198,#5199,#5200),
 .UNSPECIFIED.,.F.,.F.,(4,4),(-0.811002171585676,-0.488480977051424),
 .UNSPECIFIED.);
#67=B_SPLINE_CURVE_WITH_KNOTS('',3,(#5202,#5203,#5204,#5205),
 .UNSPECIFIED.,.F.,.F.,(4,4),(-0.422934978509955,-4.183615614611E-12),
 .UNSPECIFIED.);
#68=B_SPLINE_CURVE_WITH_KNOTS('',3,(#5207,#5208,#5209,#5210,#5211,#5212),
 .UNSPECIFIED.,.F.,.F.,(4,2,4),(-1.4239332417421,-0.9,-0.376066758209745),
 .UNSPECIFIED.);
#69=B_SPLINE_CURVE_WITH_KNOTS('',3,(#5214,#5215,#5216,#5217),
 .UNSPECIFIED.,.F.,.F.,(4,4),(-0.422941136784288,-6.1605691845672E-6),
 .UNSPECIFIED.);
#70=B_SPLINE_CURVE_WITH_KNOTS('',3,(#5219,#5220,#5221,#5222),
 .UNSPECIFIED.,.F.,.F.,(4,4),(-0.322521194530071,0.),.UNSPECIFIED.);
#71=B_SPLINE_CURVE_WITH_KNOTS('',3,(#5224,#5225,#5226,#5227),
 .UNSPECIFIED.,.F.,.F.,(4,4),(-1.47101839028567,-1.32101839028567),
 .UNSPECIFIED.);
#72=B_SPLINE_CURVE_WITH_KNOTS('',3,(#5229,#5230,#5231,#5232),
 .UNSPECIFIED.,.F.,.F.,(4,4),(-0.2,-0.15),.UNSPECIFIED.);
#73=B_SPLINE_CURVE_WITH_KNOTS('',3,(#5234,#5235,#5236,#5237),
 .UNSPECIFIED.,.F.,.F.,(4,4),(0.,0.488470026488334),.UNSPECIFIED.);
#74=B_SPLINE_CURVE_WITH_KNOTS('',3,(#5255,#5256,#5257,#5258),
 .UNSPECIFIED.,.F.,.F.,(4,4),(-0.028507657459085,0.),.UNSPECIFIED.);
#75=B_SPLINE_CURVE_WITH_KNOTS('',3,(#5267,#5268,#5269,#5270),
 .UNSPECIFIED.,.F.,.F.,(4,4),(0.,0.0285076574590843),.UNSPECIFIED.);
#76=B_SPLINE_CURVE_WITH_KNOTS('',3,(#5273,#5274,#5275,#5276),
 .UNSPECIFIED.,.F.,.F.,(4,4),(-0.0285076574590845,0.),.UNSPECIFIED.);
#77=B_SPLINE_CURVE_WITH_KNOTS('',3,(#5321,#5322,#5323,#5324,#5325,#5326,
#5327,#5328,#5329,#5330,#5331,#5332,#5333,#5334,#5335,#5336,#5337,#5338,
#5339,#5340,#5341,#5342,#5343,#5344,#5345,#5346,#5347,#5348,#5349,#5350,
#5351,#5352,#5353,#5354,#5355,#5356,#5357,#5358,#5359,#5360,#5361,#5362,
#5363,#5364,#5365,#5366,#5367,#5368,#5369,#5370,#5371,#5372,#5373,#5374,
#5375,#5376,#5377,#5378,#5379,#5380,#5381,#5382,#5383,#5384,#5385,#5386,
#5387,#5388,#5389,#5390,#5391,#5392,#5393,#5394,#5395,#5396,#5397,#5398,
#5399,#5400,#5401,#5402,#5403,#5404,#5405,#5406,#5407,#5408,#5409,#5410,
#5411,#5412,#5413,#5414),.UNSPECIFIED.,.F.,.F.,(4,3,3,3,3,3,3,3,3,3,3,3,
3,3,3,3,3,3,3,3,3,3,3,3,3,3,3,3,3,3,3,4),(-0.743920259836935,-0.730396500380599,
-0.701596433468184,-0.691768664515402,-0.664660114772903,-0.650965977965643,
-0.624391918878174,-0.607411984176348,-0.570076959683652,-0.557983876867197,
-0.533387037973524,-0.511845474585239,-0.508790199079852,-0.487820261516151,
-0.466875982948603,-0.459355261984216,-0.43537110721766,-0.413075236984658,
-0.389353483707836,-0.368650442054683,-0.348749795940124,-0.329141987771551,
-0.324312935978921,-0.303845492190891,-0.281835310992493,-0.280001132492416,
-0.237078043860167,-0.234788335053767,-0.212394597884195,-0.190000860714623,
-0.169063049633939,-0.152418720396724),.UNSPECIFIED.);
#78=B_SPLINE_CURVE_WITH_KNOTS('',3,(#5415,#5416,#5417,#5418,#5419,#5420,
#5421,#5422,#5423,#5424,#5425,#5426,#5427,#5428,#5429,#5430,#5431,#5432,
#5433,#5434,#5435,#5436),.UNSPECIFIED.,.F.,.F.,(4,3,3,3,3,3,3,4),(-0.152418720396724,
-0.139673789593309,-0.115054558000681,-0.0909940986982454,-0.0617919552727359,
-0.0429580271618032,-0.0166369935587117,0.),.UNSPECIFIED.);
#79=B_SPLINE_CURVE_WITH_KNOTS('',3,(#5458,#5459,#5460,#5461,#5462,#5463,
#5464,#5465,#5466,#5467),.UNSPECIFIED.,.F.,.F.,(4,2,2,2,4),(0.,0.0471306687033506,
0.0942613374067013,0.134868866942364,0.16033679845016),.UNSPECIFIED.);
#80=B_SPLINE_CURVE_WITH_KNOTS('',3,(#5468,#5469,#5470,#5471,#5472,#5473,
#5474,#5475),.UNSPECIFIED.,.F.,.F.,(4,2,2,4),(-0.0444699075689326,-0.0252629343962116,
0.,0.000628380141687176),.UNSPECIFIED.);
#81=B_SPLINE_CURVE_WITH_KNOTS('',3,(#5477,#5478,#5479,#5480,#5481,#5482,
#5483,#5484,#5485,#5486,#5487,#5488,#5489,#5490),.UNSPECIFIED.,.F.,.F.,
(4,2,2,2,2,2,4),(0.,0.0456914964467363,0.0920795338195827,0.139718108762029,
0.164950574333281,0.190197005254972,0.19082497489582),.UNSPECIFIED.);
#82=B_SPLINE_CURVE_WITH_KNOTS('',3,(#5511,#5512,#5513,#5514,#5515,#5516,
#5517,#5518),.UNSPECIFIED.,.F.,.F.,(4,2,2,4),(-0.461146328619024,-0.442362170945177,
-0.397552198608651,-0.378339325206952),.UNSPECIFIED.);
#83=B_SPLINE_CURVE_WITH_KNOTS('',3,(#5520,#5521,#5522,#5523,#5524,#5525,
#5526,#5527,#5528,#5529,#5530,#5531,#5532,#5533,#5534,#5535),
 .UNSPECIFIED.,.F.,.F.,(4,2,2,2,2,2,2,4),(-0.474436217489117,-0.443080770716796,
-0.411870119889332,-0.373118850040133,-0.335144204431556,-0.295482273773148,
-0.252064617624059,-0.242468498060618),.UNSPECIFIED.);
#84=B_SPLINE_CURVE_WITH_KNOTS('',3,(#5536,#5537,#5538,#5539,#5540,#5541,
#5542,#5543,#5544,#5545,#5546,#5547,#5548,#5549),.UNSPECIFIED.,.F.,.F.,
(4,2,2,2,2,2,4),(-0.241017237821977,-0.210967916190053,-0.169422166415889,
-0.130997248105845,-0.0905953525924233,-0.046364993638093,-1.35598743221385E-6),
 .UNSPECIFIED.);
#85=B_SPLINE_CURVE_WITH_KNOTS('',3,(#5643,#5644,#5645,#5646),
 .UNSPECIFIED.,.F.,.F.,(4,4),(-0.112240291662721,-0.0844925936081182),
 .UNSPECIFIED.);
#86=B_SPLINE_CURVE_WITH_KNOTS('',3,(#5648,#5649,#5650,#5651,#5652,#5653,
#5654,#5655,#5656,#5657),.UNSPECIFIED.,.F.,.F.,(4,2,2,2,4),(0.256356158367008,
0.281824089874226,0.32243161940989,0.369562288113241,0.416692956816592),
 .UNSPECIFIED.);
#87=B_SPLINE_CURVE_WITH_KNOTS('',3,(#5658,#5659,#5660,#5661,#5662,#5663,
#5664,#5665),.UNSPECIFIED.,.F.,.F.,(4,2,2,4),(-0.0844925936081182,-0.0751098568355923,
-0.0364523073400391,-0.0334569410854785),.UNSPECIFIED.);
#88=B_SPLINE_CURVE_WITH_KNOTS('',3,(#5730,#5731,#5732,#5733,#5734,#5735,
#5736,#5737),.UNSPECIFIED.,.F.,.F.,(4,1,1,1,1,4),(-1.78717766400397,-1.27655547428855,
-1.02124437943084,-0.765933284573128,-0.510622189715419,0.),
 .UNSPECIFIED.);
#89=B_SPLINE_CURVE_WITH_KNOTS('',3,(#5746,#5747,#5748,#5749,#5750,#5751,
#5752,#5753),.UNSPECIFIED.,.F.,.F.,(4,1,1,1,1,4),(-1.78713788726386,-1.27652706233133,
-1.02122164986506,-0.765916237398797,-0.510610824932531,0.),
 .UNSPECIFIED.);
#90=B_SPLINE_CURVE_WITH_KNOTS('',3,(#5761,#5762,#5763,#5764,#5765,#5766,
#5767,#5768,#5769,#5770,#5771,#5772),.UNSPECIFIED.,.F.,.F.,(4,2,2,2,2,4),
(0.807811789349772,0.895241896231126,0.98267200311248,1.04110808902951,
1.07032613198803,1.09954417494654),.UNSPECIFIED.);
#91=B_SPLINE_CURVE_WITH_KNOTS('',3,(#5783,#5784,#5785,#5786),
 .UNSPECIFIED.,.F.,.F.,(4,4),(0.,0.0285076574590851),.UNSPECIFIED.);
#92=B_SPLINE_CURVE_WITH_KNOTS('',3,(#5809,#5810,#5811,#5812,#5813,#5814,
#5815,#5816,#5817,#5818,#5819,#5820),.UNSPECIFIED.,.F.,.F.,(4,2,2,2,2,4),
(0.,0.0350990841201347,0.0777389932614659,0.138790968913437,0.20325105183058,
0.26706591068534),.UNSPECIFIED.);
#93=B_SPLINE_CURVE_WITH_KNOTS('',3,(#5821,#5822,#5823,#5824),
 .UNSPECIFIED.,.F.,.F.,(4,4),(-0.648890604821105,0.),.UNSPECIFIED.);
#94=B_SPLINE_CURVE_WITH_KNOTS('',3,(#5848,#5849,#5850,#5851,#5852,#5853,
#5854,#5855,#5856,#5857,#5858,#5859),.UNSPECIFIED.,.F.,.F.,(4,2,2,2,2,4),
(0.,0.0953187961032158,0.195239877375181,0.255050539376663,0.282613539925149,
0.309237845919508),.UNSPECIFIED.);
#95=B_SPLINE_CURVE_WITH_KNOTS('',3,(#5862,#5863,#5864,#5865),
 .UNSPECIFIED.,.F.,.F.,(4,4),(-1.23279218478967,-0.583901579968483),
 .UNSPECIFIED.);
#96=B_SPLINE_CURVE_WITH_KNOTS('',3,(#5873,#5874,#5875,#5876,#5877,#5878,
#5879,#5880,#5881,#5882,#5883,#5884),.UNSPECIFIED.,.F.,.F.,(4,2,2,2,2,4),
(0.54977208747327,0.578990130431785,0.6082081733903,0.666644259307329,0.754074366188683,
0.841504473070037),.UNSPECIFIED.);
#97=B_SPLINE_CURVE_WITH_KNOTS('',3,(#5914,#5915,#5916,#5917),
 .UNSPECIFIED.,.F.,.F.,(4,4),(1.79788334209287,1.95169329111381),
 .UNSPECIFIED.);
#98=B_SPLINE_CURVE_WITH_KNOTS('',3,(#5921,#5922,#5923,#5924),
 .UNSPECIFIED.,.F.,.F.,(4,4),(-1.95169329111381,-1.80607270103211),
 .UNSPECIFIED.);
#99=B_SPLINE_CURVE_WITH_KNOTS('',3,(#5926,#5927,#5928,#5929),
 .UNSPECIFIED.,.F.,.F.,(4,4),(-0.000779035092483621,0.),.UNSPECIFIED.);
#100=B_SPLINE_CURVE_WITH_KNOTS('',3,(#5930,#5931,#5932,#5933,#5934,#5935,
#5936,#5937,#5938,#5939,#5940,#5941,#5942,#5943,#5944,#5945,#5946,#5947,
#5948,#5949,#5950,#5951,#5952,#5953,#5954,#5955,#5956,#5957,#5958,#5959,
#5960,#5961,#5962,#5963,#5964,#5965,#5966,#5967,#5968,#5969,#5970,#5971,
#5972,#5973,#5974,#5975,#5976,#5977,#5978,#5979,#5980,#5981),
 .UNSPECIFIED.,.F.,.F.,(4,3,3,3,3,3,3,3,3,3,3,3,3,3,3,3,3,4),(0.,0.0178537039109473,
0.0359882307119774,0.054069280162785,0.0585094948917648,0.076672140042224,
0.0946528804958674,0.101810182429222,0.117048409225819,0.134980872991836,
0.153209229011688,0.171440469405505,0.17567615898258,0.193876236027268,
0.206829046357488,0.224792248439495,0.237977631220854,0.23868323495708),
 .UNSPECIFIED.);
#101=B_SPLINE_CURVE_WITH_KNOTS('',3,(#6004,#6005,#6006,#6007),
 .UNSPECIFIED.,.F.,.F.,(4,4),(-0.040541377422454,-5.98552463326719E-6),
 .UNSPECIFIED.);
#102=B_SPLINE_CURVE_WITH_KNOTS('',3,(#6009,#6010,#6011,#6012,#6013,#6014,
#6015,#6016,#6017,#6018,#6019,#6020),.UNSPECIFIED.,.F.,.F.,(4,2,2,2,2,4),
(0.,0.0317854100993793,0.0731278217590264,0.142770295298332,0.24491127371193,
0.353795552571916),.UNSPECIFIED.);
#103=B_SPLINE_CURVE_WITH_KNOTS('',3,(#6021,#6022,#6023,#6024),
 .UNSPECIFIED.,.F.,.F.,(4,4),(-0.273089555198247,0.0489039768820738),
 .UNSPECIFIED.);
#104=B_SPLINE_CURVE_WITH_KNOTS('',3,(#6025,#6026,#6027,#6028),
 .UNSPECIFIED.,.F.,.F.,(4,4),(0.0405410633856696,0.0405603002350993),
 .UNSPECIFIED.);
#105=B_SPLINE_CURVE_WITH_KNOTS('',3,(#6076,#6077,#6078,#6079,#6080,#6081,
#6082,#6083),.UNSPECIFIED.,.F.,.F.,(4,1,1,1,1,4),(0.,0.510610824932531,
0.765916237398797,1.02122164986506,1.27652706233133,1.78713788726386),
 .UNSPECIFIED.);
#106=B_SPLINE_CURVE_WITH_KNOTS('',3,(#6086,#6087,#6088,#6089,#6090,#6091,
#6092,#6093,#6094,#6095,#6096,#6097),.UNSPECIFIED.,.F.,.F.,(4,2,2,2,2,4),
(0.,0.0292180429585148,0.0584360859170296,0.116872171834059,0.204302278715413,
0.291732385596767),.UNSPECIFIED.);
#107=B_SPLINE_CURVE_WITH_KNOTS('',3,(#6101,#6102,#6103,#6104,#6105,#6106),
 .UNSPECIFIED.,.F.,.F.,(4,2,4),(-1.14120612500402,-0.9,-0.658793875012084),
 .UNSPECIFIED.);
#108=B_SPLINE_CURVE_WITH_KNOTS('',3,(#6108,#6109,#6110,#6111,#6112,#6113,
#6114,#6115,#6116,#6117),.UNSPECIFIED.,.F.,.F.,(4,2,2,2,4),(0.,0.202345919360494,
0.310611429601237,0.360629724023254,0.405799710511867),.UNSPECIFIED.);
#109=B_SPLINE_CURVE_WITH_KNOTS('',3,(#6119,#6120,#6121,#6122),
 .UNSPECIFIED.,.F.,.F.,(4,4),(-0.884810359275551,-0.480024840829214),
 .UNSPECIFIED.);
#110=B_SPLINE_CURVE_WITH_KNOTS('',3,(#6125,#6126,#6127,#6128),
 .UNSPECIFIED.,.F.,.F.,(4,4),(-0.30518715401374,-0.0506311514188553),
 .UNSPECIFIED.);
#111=B_SPLINE_CURVE_WITH_KNOTS('',3,(#6138,#6139,#6140,#6141),
 .UNSPECIFIED.,.F.,.F.,(4,4),(-0.000781785249225536,0.),.UNSPECIFIED.);
#112=B_SPLINE_CURVE_WITH_KNOTS('',3,(#6143,#6144,#6145,#6146),
 .UNSPECIFIED.,.F.,.F.,(4,4),(-1.92368249687101E-5,-2.06475461728139E-15),
 .UNSPECIFIED.);
#113=B_SPLINE_CURVE_WITH_KNOTS('',3,(#6147,#6148,#6149,#6150),
 .UNSPECIFIED.,.F.,.F.,(4,4),(-0.0405351334856971,3.09941675879489E-7),
 .UNSPECIFIED.);
#114=B_SPLINE_CURVE_WITH_KNOTS('',3,(#6160,#6161,#6162,#6163,#6164,#6165,
#6166,#6167,#6168,#6169),.UNSPECIFIED.,.F.,.F.,(4,3,3,4),(-2.03809713578943,
-1.8046858662111,-1.54446999217379,-1.2434231465057),.UNSPECIFIED.);
#115=B_SPLINE_CURVE_WITH_KNOTS('',3,(#6171,#6172,#6173,#6174,#6175),
 .UNSPECIFIED.,.F.,.F.,(4,1,4),(4.183615614611E-12,0.441846596307106,0.773231543534298),
 .UNSPECIFIED.);
#116=B_SPLINE_CURVE_WITH_KNOTS('',3,(#6188,#6189,#6190,#6191),
 .UNSPECIFIED.,.F.,.F.,(4,4),(-0.145620590081698,-2.18846602443501E-16),
 .UNSPECIFIED.);
#117=B_SPLINE_CURVE_WITH_KNOTS('',3,(#6213,#6214,#6215,#6216,#6217,#6218,
#6219,#6220,#6221,#6222,#6223,#6224),.UNSPECIFIED.,.F.,.F.,(4,2,2,2,2,4),
(0.,0.0950369308065549,0.194228878554094,0.254237193823186,0.282115042683152,
0.309106733180974),.UNSPECIFIED.);
#118=B_SPLINE_CURVE_WITH_KNOTS('',3,(#6225,#6226,#6227,#6228),
 .UNSPECIFIED.,.F.,.F.,(4,4),(0.648889939932984,0.811002171585676),
 .UNSPECIFIED.);
#119=B_SPLINE_CURVE_WITH_KNOTS('',3,(#6255,#6256,#6257,#6258,#6259,#6260,
#6261,#6262,#6263,#6264,#6265,#6266),.UNSPECIFIED.,.F.,.F.,(4,2,2,2,2,4),
(0.,0.284711983865801,0.481249560869483,0.57788111222997,0.626429851077927,
0.672314926061221),.UNSPECIFIED.);
#120=B_SPLINE_CURVE_WITH_KNOTS('',3,(#6269,#6270,#6271,#6272),
 .UNSPECIFIED.,.F.,.F.,(4,4),(-0.453249543315088,-0.0526451670832908),
 .UNSPECIFIED.);
#121=B_SPLINE_CURVE_WITH_KNOTS('',3,(#6273,#6274,#6275,#6276,#6277,#6278,
#6279,#6280,#6281,#6282,#6283,#6284,#6285,#6286),.UNSPECIFIED.,.F.,.F.,
(4,2,2,2,2,2,4),(0.,0.0193688360398571,0.0409187247185865,0.0746073954129795,
0.134988765355756,0.226834248277401,0.318274466131963),.UNSPECIFIED.);
#122=B_SPLINE_CURVE_WITH_KNOTS('',3,(#6291,#6292,#6293,#6294,#6295,#6296,
#6297,#6298,#6299,#6300,#6301,#6302),.UNSPECIFIED.,.F.,.F.,(4,2,2,2,2,4),
(0.258039701876503,0.345469808757857,0.432899915639211,0.49133600155624,
0.520554044514755,0.54977208747327),.UNSPECIFIED.);
#123=B_SPLINE_CURVE_WITH_KNOTS('',3,(#6344,#6345,#6346,#6347,#6348,#6349,
#6350,#6351),.UNSPECIFIED.,.F.,.F.,(4,1,1,1,1,4),(0.,0.510622189715419,
0.765933284573128,1.02124437943084,1.27655547428855,1.78717766400397),
 .UNSPECIFIED.);
#124=B_SPLINE_CURVE_WITH_KNOTS('',3,(#6382,#6383,#6384,#6385),
 .UNSPECIFIED.,.F.,.F.,(4,4),(2.18846602443501E-16,0.153809949020923),
 .UNSPECIFIED.);
#125=B_SPLINE_CURVE_WITH_KNOTS('',3,(#6386,#6387,#6388,#6389,#6390,#6391,
#6392,#6393,#6394,#6395,#6396,#6397,#6398,#6399,#6400,#6401,#6402,#6403,
#6404,#6405,#6406,#6407,#6408,#6409,#6410,#6411,#6412,#6413,#6414,#6415,
#6416,#6417,#6418,#6419,#6420,#6421,#6422,#6423,#6424,#6425,#6426,#6427,
#6428,#6429,#6430,#6431,#6432,#6433,#6434,#6435,#6436,#6437),
 .UNSPECIFIED.,.F.,.F.,(4,3,3,3,3,3,3,3,3,3,3,3,3,3,3,3,3,4),(-0.000705635581460946,
0.,0.0179641738502109,0.0311502726510949,0.0493513340212836,0.0623048480437704,
0.080574416781439,0.0988305866665423,0.116655851698562,0.120935768626309,
0.136174819576833,0.154115506130238,0.172286910858765,0.179477848978388,
0.197608720917856,0.215767581250146,0.233517047316178,0.237990508286117),
 .UNSPECIFIED.);
#126=B_SPLINE_CURVE_WITH_KNOTS('',3,(#6458,#6459,#6460,#6461),
 .UNSPECIFIED.,.F.,.F.,(4,4),(-0.00836291588363683,0.313630428941688),
 .UNSPECIFIED.);
#127=B_SPLINE_CURVE_WITH_KNOTS('',3,(#6497,#6498,#6499,#6500,#6501,#6502,
#6503),.UNSPECIFIED.,.F.,.F.,(4,3,4),(-0.16661266825018,-0.0644768957782694,
-0.0500124080842748),.UNSPECIFIED.);
#128=B_SPLINE_CURVE_WITH_KNOTS('',3,(#6505,#6506,#6507,#6508),
 .UNSPECIFIED.,.F.,.F.,(4,4),(-0.249920657001538,-0.0619956783150887),
 .UNSPECIFIED.);
#129=B_SPLINE_CURVE_WITH_KNOTS('',3,(#6509,#6510,#6511,#6512,#6513,#6514,
#6515,#6516,#6517,#6518),.UNSPECIFIED.,.F.,.F.,(4,2,2,2,4),(-0.170866593139628,
-0.169005657234839,-0.112788168951115,-0.0553915563427618,0.),
 .UNSPECIFIED.);
#130=B_SPLINE_CURVE_WITH_KNOTS('',3,(#6521,#6522,#6523,#6524,#6525),
 .UNSPECIFIED.,.F.,.F.,(4,1,4),(-0.350290345586354,-0.0189054245703648,
0.422941136784288),.UNSPECIFIED.);
#131=B_SPLINE_CURVE_WITH_KNOTS('',3,(#6529,#6530,#6531,#6532),
 .UNSPECIFIED.,.F.,.F.,(4,4),(0.,0.16211223164905),.UNSPECIFIED.);
#132=B_SPLINE_CURVE_WITH_KNOTS('',3,(#6579,#6580,#6581,#6582,#6583,#6584,
#6585,#6586,#6587,#6588,#6589,#6590),.UNSPECIFIED.,.F.,.F.,(4,2,2,2,2,4),
(0.,0.0350741208456034,0.0775617118578131,0.138237028399589,0.202935503334876,
0.267101785603947),.UNSPECIFIED.);
#133=B_SPLINE_CURVE_WITH_KNOTS('',3,(#6613,#6614,#6615,#6616,#6617,#6618,
#6619,#6620,#6621,#6622),.UNSPECIFIED.,.F.,.F.,(4,3,3,4),(0.,0.0124874600522525,
0.025583205333407,0.0330970828436586),.UNSPECIFIED.);
#134=B_SPLINE_CURVE_WITH_KNOTS('',3,(#6624,#6625,#6626,#6627),
 .UNSPECIFIED.,.F.,.F.,(4,4),(-0.217378113244528,-0.0404909670184677),
 .UNSPECIFIED.);
#135=B_SPLINE_CURVE_WITH_KNOTS('',3,(#6629,#6630,#6631,#6632,#6633,#6634,
#6635,#6636,#6637,#6638,#6639,#6640),.UNSPECIFIED.,.F.,.F.,(4,2,2,2,2,4),
(0.,0.0386176314229644,0.0790169923740044,0.116746217364684,0.141848648128384,
0.168665936913917),.UNSPECIFIED.);
#136=B_SPLINE_CURVE_WITH_KNOTS('',3,(#6642,#6643,#6644,#6645),
 .UNSPECIFIED.,.F.,.F.,(4,4),(0.0877079494670666,0.0989308238984568),
 .UNSPECIFIED.);
#137=B_SPLINE_CURVE_WITH_KNOTS('',3,(#6646,#6647,#6648,#6649,#6650,#6651,
#6652,#6653,#6654,#6655),.UNSPECIFIED.,.F.,.F.,(4,2,2,2,4),(0.,0.077442192671719,
0.156409995347164,0.218361831771123,0.224035885895827),.UNSPECIFIED.);
#138=B_SPLINE_CURVE_WITH_KNOTS('',3,(#6664,#6665,#6666,#6667,#6668,#6669,
#6670,#6671,#6672,#6673,#6674,#6675,#6676),.UNSPECIFIED.,.F.,.F.,(4,3,3,
3,4),(0.139109001810199,0.151876384974127,0.154627093086871,0.167642125736335,
0.172292206715672),.UNSPECIFIED.);
#139=B_SPLINE_CURVE_WITH_KNOTS('',3,(#6698,#6699,#6700,#6701,#6702,#6703,
#6704,#6705,#6706,#6707),.UNSPECIFIED.,.F.,.F.,(4,2,2,2,4),(0.0342935276901243,
0.0465491761112913,0.0851830163373754,0.14742011691004,0.209829576868072),
 .UNSPECIFIED.);
#140=B_SPLINE_CURVE_WITH_KNOTS('',3,(#6709,#6710,#6711,#6712),
 .UNSPECIFIED.,.F.,.F.,(4,4),(0.188698490603396,0.19992136503478),
 .UNSPECIFIED.);
#141=B_SPLINE_CURVE_WITH_KNOTS('',3,(#6714,#6715,#6716,#6717,#6718,#6719,
#6720,#6721),.UNSPECIFIED.,.F.,.F.,(4,2,2,4),(0.,0.0351795846595025,0.0661550441635792,
0.0931075738522553),.UNSPECIFIED.);
#142=B_SPLINE_CURVE_WITH_KNOTS('',3,(#6722,#6723,#6724,#6725,#6726,#6727,
#6728,#6729),.UNSPECIFIED.,.F.,.F.,(4,2,2,4),(0.0931075738522553,0.100755248048092,
0.131373525806622,0.161945591472185),.UNSPECIFIED.);
#143=B_SPLINE_CURVE_WITH_KNOTS('',3,(#6755,#6756,#6757,#6758,#6759,#6760,
#6761,#6762,#6763,#6764,#6765,#6766,#6767),.UNSPECIFIED.,.F.,.F.,(4,3,3,
3,4),(0.139109367726175,0.151876564845436,0.154644901549726,0.167659176803802,
0.17229259688969),.UNSPECIFIED.);
#144=B_SPLINE_CURVE_WITH_KNOTS('',3,(#6769,#6770,#6771,#6772,#6773,#6774,
#6775,#6776,#6777,#6778),.UNSPECIFIED.,.F.,.F.,(4,2,2,2,4),(0.0342936657908497,
0.0466222527487324,0.085484369408941,0.147763989396111,0.209947220005207),
 .UNSPECIFIED.);
#145=B_SPLINE_CURVE_WITH_KNOTS('',3,(#6780,#6781,#6782,#6783),
 .UNSPECIFIED.,.F.,.F.,(4,4),(0.188698490603397,0.199921365034786),
 .UNSPECIFIED.);
#146=B_SPLINE_CURVE_WITH_KNOTS('',3,(#6785,#6786,#6787,#6788,#6789,#6790,
#6791,#6792,#6793,#6794,#6795,#6796),.UNSPECIFIED.,.F.,.F.,(4,2,2,2,2,4),
(0.,0.03518755867935,0.0661325480995141,0.100725141713635,0.13135882974818,
0.161944907396687),.UNSPECIFIED.);
#147=B_SPLINE_CURVE_WITH_KNOTS('',3,(#6797,#6798,#6799,#6800),
 .UNSPECIFIED.,.F.,.F.,(4,4),(-0.290516519134014,-0.113629372907938),
 .UNSPECIFIED.);
#148=B_SPLINE_CURVE_WITH_KNOTS('',3,(#6827,#6828,#6829,#6830,#6831,#6832,
#6833,#6834,#6835,#6836),.UNSPECIFIED.,.F.,.F.,(4,3,3,4),(0.,0.0124873741609557,
0.0255830297860741,0.033097082482986),.UNSPECIFIED.);
#149=B_SPLINE_CURVE_WITH_KNOTS('',3,(#6838,#6839,#6840,#6841,#6842,#6843,
#6844,#6845,#6846,#6847,#6848,#6849),.UNSPECIFIED.,.F.,.F.,(4,2,2,2,2,4),
(0.,0.0386176296816648,0.0790169885334103,0.11674622457032,0.141848786565147,
0.168665936527602),.UNSPECIFIED.);
#150=B_SPLINE_CURVE_WITH_KNOTS('',3,(#6851,#6852,#6853,#6854),
 .UNSPECIFIED.,.F.,.F.,(4,4),(0.131086121117686,0.14230899554907),
 .UNSPECIFIED.);
#151=B_SPLINE_CURVE_WITH_KNOTS('',3,(#6855,#6856,#6857,#6858,#6859,#6860,
#6861,#6862,#6863,#6864),.UNSPECIFIED.,.F.,.F.,(4,2,2,2,4),(0.,0.0774208359881959,
0.156370905869109,0.218342587294812,0.224039778127936),.UNSPECIFIED.);
#152=B_SPLINE_CURVE_WITH_KNOTS('',3,(#6884,#6885,#6886,#6887),
 .UNSPECIFIED.,.F.,.F.,(4,4),(-0.112175182113494,0.),.UNSPECIFIED.);
#153=B_SPLINE_CURVE_WITH_KNOTS('',3,(#6894,#6895,#6896,#6897),
 .UNSPECIFIED.,.F.,.F.,(4,4),(-0.108184373684689,0.),.UNSPECIFIED.);
#154=B_SPLINE_CURVE_WITH_KNOTS('',3,(#6899,#6900,#6901,#6902),
 .UNSPECIFIED.,.F.,.F.,(4,4),(0.678108645729953,0.679530892935033),
 .UNSPECIFIED.);
#155=B_SPLINE_CURVE_WITH_KNOTS('',3,(#6905,#6906,#6907,#6908),
 .UNSPECIFIED.,.F.,.F.,(4,4),(0.99760958974027,1.00299015939165),
 .UNSPECIFIED.);
#156=B_SPLINE_CURVE_WITH_KNOTS('',3,(#6936,#6937,#6938,#6939),
 .UNSPECIFIED.,.F.,.F.,(4,4),(0.140329551835423,0.141751799040462),
 .UNSPECIFIED.);
#157=B_SPLINE_CURVE_WITH_KNOTS('',3,(#6945,#6946,#6947,#6948),
 .UNSPECIFIED.,.F.,.F.,(4,4),(-0.108184373684688,0.),.UNSPECIFIED.);
#158=B_SPLINE_CURVE_WITH_KNOTS('',3,(#6957,#6958,#6959,#6960,#6961,#6962),
 .UNSPECIFIED.,.F.,.F.,(4,2,4),(-0.0826922584846056,-0.0625927033605989,
0.),.UNSPECIFIED.);
#159=B_SPLINE_CURVE_WITH_KNOTS('',3,(#6965,#6966,#6967,#6968),
 .UNSPECIFIED.,.F.,.F.,(4,4),(0.130465438526418,0.135522746106278),
 .UNSPECIFIED.);
#160=B_SPLINE_CURVE_WITH_KNOTS('',3,(#6989,#6990,#6991,#6992,#6993,#6994,
#6995,#6996,#6997,#6998,#6999,#7000,#7001,#7002),.UNSPECIFIED.,.F.,.F.,
(4,2,2,2,2,2,4),(-0.190824974890228,-0.190197005249024,-0.164950574333285,
-0.139718108762033,-0.0920795338195849,-0.0456914964467368,0.),
 .UNSPECIFIED.);
#161=B_SPLINE_CURVE_WITH_KNOTS('',3,(#7005,#7006,#7007,#7008,#7009,#7010,
#7011,#7012,#7013,#7014,#7015,#7016,#7017,#7018),.UNSPECIFIED.,.F.,.F.,
(4,2,2,2,2,2,4),(-0.190321336152964,-0.144599971387443,-0.0981816103702459,
-0.0505118943128533,-0.0252629343961754,0.,0.000628380141683734),
 .UNSPECIFIED.);
#162=B_SPLINE_CURVE_WITH_KNOTS('',3,(#7021,#7022,#7023,#7024,#7025,#7026,
#7027,#7028,#7029,#7030,#7031,#7032,#7033,#7034),.UNSPECIFIED.,.F.,.F.,
(4,2,2,2,2,2,4),(-0.000628380141679896,0.,0.0252629343961471,0.0505118943127696,
0.098181610370058,0.144599971387155,0.190321336152578),.UNSPECIFIED.);
#163=B_SPLINE_CURVE_WITH_KNOTS('',3,(#7038,#7039,#7040,#7041,#7042,#7043,
#7044,#7045,#7046,#7047,#7048,#7049,#7050,#7051),.UNSPECIFIED.,.F.,.F.,
(4,2,2,2,2,2,4),(-0.190824974890291,-0.190197005249091,-0.164950574333285,
-0.139718108762033,-0.092079533819585,-0.0456914964467369,0.),
 .UNSPECIFIED.);
#164=B_SPLINE_CURVE_WITH_KNOTS('',3,(#7066,#7067,#7068,#7069,#7070,#7071,
#7072,#7073,#7074,#7075,#7076,#7077,#7078,#7079),.UNSPECIFIED.,.F.,.F.,
(4,2,2,2,2,2,4),(-0.19032133623782,-0.144599971450495,-0.0981816104111619,
-0.0505118943310365,-0.0252629344023183,0.,0.00062838014233671),
 .UNSPECIFIED.);
#165=B_SPLINE_CURVE_WITH_KNOTS('',3,(#7080,#7081,#7082,#7083,#7084,#7085,
#7086,#7087),.UNSPECIFIED.,.F.,.F.,(4,2,2,4),(-0.190824974895826,-0.190197005254978,
-0.164950574333286,-0.145756148467286),.UNSPECIFIED.);
#166=TOROIDAL_SURFACE('',#3554,8.,1.5);
#167=TOROIDAL_SURFACE('',#3567,7.,1.5);
#168=TOROIDAL_SURFACE('',#3570,7.,1.5);
#169=TOROIDAL_SURFACE('',#3607,7.,1.5);
#170=TOROIDAL_SURFACE('',#3670,3.1,1.2);
#171=TOROIDAL_SURFACE('',#3671,3.1,1.2);
#172=TOROIDAL_SURFACE('',#3701,6.5,1.5);
#173=TOROIDAL_SURFACE('',#3709,6.5,1.5);
#174=TOROIDAL_SURFACE('',#3729,8.,1.5);
#175=TOROIDAL_SURFACE('',#3787,3.1,1.2);
#176=TOROIDAL_SURFACE('',#3790,3.1,1.2);
#177=TOROIDAL_SURFACE('',#3796,3.1,1.2);
#178=TOROIDAL_SURFACE('',#3798,3.1,1.2);
#179=FACE_BOUND('',#486,.T.);
#180=FACE_BOUND('',#531,.T.);
#181=FACE_BOUND('',#556,.T.);
#182=FACE_BOUND('',#565,.T.);
#183=FACE_BOUND('',#584,.T.);
#184=FACE_BOUND('',#596,.T.);
#185=FACE_BOUND('',#627,.T.);
#186=ELLIPSE('',#3532,1.73205080756933,1.5);
#187=ELLIPSE('',#3536,1.73205080756933,1.5);
#188=ELLIPSE('',#3603,1.83116188314219,1.5);
#189=ELLIPSE('',#3606,1.83116188314219,1.5);
#190=ELLIPSE('',#3642,4.34813178275499,4.12500000002226);
#191=ELLIPSE('',#3644,4.34813178275499,4.12500000002226);
#192=ELLIPSE('',#3648,4.34813178275499,4.12500000002226);
#193=ELLIPSE('',#3650,4.34813178275499,4.12500000002226);
#194=ELLIPSE('',#3815,3.68932393684227,3.49999999998023);
#195=ELLIPSE('',#3818,3.68932393684227,3.49999999998023);
#196=ELLIPSE('',#3820,3.68932393684227,3.49999999998023);
#197=ELLIPSE('',#3825,3.68932393684227,3.49999999998023);
#198=PLANE('',#3527);
#199=PLANE('',#3529);
#200=PLANE('',#3531);
#201=PLANE('',#3535);
#202=PLANE('',#3537);
#203=PLANE('',#3545);
#204=PLANE('',#3546);
#205=PLANE('',#3561);
#206=PLANE('',#3563);
#207=PLANE('',#3565);
#208=PLANE('',#3580);
#209=PLANE('',#3581);
#210=PLANE('',#3582);
#211=PLANE('',#3583);
#212=PLANE('',#3584);
#213=PLANE('',#3587);
#214=PLANE('',#3592);
#215=PLANE('',#3601);
#216=PLANE('',#3611);
#217=PLANE('',#3615);
#218=PLANE('',#3619);
#219=PLANE('',#3620);
#220=PLANE('',#3624);
#221=PLANE('',#3625);
#222=PLANE('',#3634);
#223=PLANE('',#3635);
#224=PLANE('',#3636);
#225=PLANE('',#3637);
#226=PLANE('',#3638);
#227=PLANE('',#3639);
#228=PLANE('',#3652);
#229=PLANE('',#3655);
#230=PLANE('',#3657);
#231=PLANE('',#3659);
#232=PLANE('',#3660);
#233=PLANE('',#3662);
#234=PLANE('',#3672);
#235=PLANE('',#3674);
#236=PLANE('',#3675);
#237=PLANE('',#3678);
#238=PLANE('',#3680);
#239=PLANE('',#3681);
#240=PLANE('',#3682);
#241=PLANE('',#3684);
#242=PLANE('',#3685);
#243=PLANE('',#3693);
#244=PLANE('',#3694);
#245=PLANE('',#3695);
#246=PLANE('',#3696);
#247=PLANE('',#3697);
#248=PLANE('',#3698);
#249=PLANE('',#3706);
#250=PLANE('',#3714);
#251=PLANE('',#3716);
#252=PLANE('',#3723);
#253=PLANE('',#3724);
#254=PLANE('',#3726);
#255=PLANE('',#3735);
#256=PLANE('',#3740);
#257=PLANE('',#3743);
#258=PLANE('',#3744);
#259=PLANE('',#3745);
#260=PLANE('',#3746);
#261=PLANE('',#3747);
#262=PLANE('',#3748);
#263=PLANE('',#3749);
#264=PLANE('',#3750);
#265=PLANE('',#3751);
#266=PLANE('',#3756);
#267=PLANE('',#3760);
#268=PLANE('',#3769);
#269=PLANE('',#3770);
#270=PLANE('',#3775);
#271=PLANE('',#3776);
#272=PLANE('',#3780);
#273=PLANE('',#3794);
#274=PLANE('',#3800);
#275=PLANE('',#3801);
#276=PLANE('',#3804);
#277=PLANE('',#3805);
#278=PLANE('',#3806);
#279=PLANE('',#3807);
#280=PLANE('',#3808);
#281=PLANE('',#3809);
#282=PLANE('',#3810);
#283=PLANE('',#3814);
#284=PLANE('',#3821);
#285=PLANE('',#3822);
#286=PLANE('',#3824);
#287=PLANE('',#3828);
#288=PLANE('',#3829);
#289=PLANE('',#3830);
#290=PLANE('',#3831);
#291=PLANE('',#3832);
#292=FACE_OUTER_BOUND('',#475,.T.);
#293=FACE_OUTER_BOUND('',#476,.T.);
#294=FACE_OUTER_BOUND('',#477,.T.);
#295=FACE_OUTER_BOUND('',#478,.T.);
#296=FACE_OUTER_BOUND('',#479,.T.);
#297=FACE_OUTER_BOUND('',#480,.T.);
#298=FACE_OUTER_BOUND('',#481,.T.);
#299=FACE_OUTER_BOUND('',#482,.T.);
#300=FACE_OUTER_BOUND('',#483,.T.);
#301=FACE_OUTER_BOUND('',#484,.T.);
#302=FACE_OUTER_BOUND('',#485,.T.);
#303=FACE_OUTER_BOUND('',#487,.T.);
#304=FACE_OUTER_BOUND('',#488,.T.);
#305=FACE_OUTER_BOUND('',#489,.T.);
#306=FACE_OUTER_BOUND('',#490,.T.);
#307=FACE_OUTER_BOUND('',#491,.T.);
#308=FACE_OUTER_BOUND('',#492,.T.);
#309=FACE_OUTER_BOUND('',#493,.T.);
#310=FACE_OUTER_BOUND('',#494,.T.);
#311=FACE_OUTER_BOUND('',#495,.T.);
#312=FACE_OUTER_BOUND('',#496,.T.);
#313=FACE_OUTER_BOUND('',#497,.T.);
#314=FACE_OUTER_BOUND('',#498,.T.);
#315=FACE_OUTER_BOUND('',#499,.T.);
#316=FACE_OUTER_BOUND('',#500,.T.);
#317=FACE_OUTER_BOUND('',#501,.T.);
#318=FACE_OUTER_BOUND('',#502,.T.);
#319=FACE_OUTER_BOUND('',#503,.T.);
#320=FACE_OUTER_BOUND('',#504,.T.);
#321=FACE_OUTER_BOUND('',#505,.T.);
#322=FACE_OUTER_BOUND('',#506,.T.);
#323=FACE_OUTER_BOUND('',#507,.T.);
#324=FACE_OUTER_BOUND('',#508,.T.);
#325=FACE_OUTER_BOUND('',#509,.T.);
#326=FACE_OUTER_BOUND('',#510,.T.);
#327=FACE_OUTER_BOUND('',#511,.T.);
#328=FACE_OUTER_BOUND('',#512,.T.);
#329=FACE_OUTER_BOUND('',#513,.T.);
#330=FACE_OUTER_BOUND('',#514,.T.);
#331=FACE_OUTER_BOUND('',#515,.T.);
#332=FACE_OUTER_BOUND('',#516,.T.);
#333=FACE_OUTER_BOUND('',#517,.T.);
#334=FACE_OUTER_BOUND('',#518,.T.);
#335=FACE_OUTER_BOUND('',#519,.T.);
#336=FACE_OUTER_BOUND('',#520,.T.);
#337=FACE_OUTER_BOUND('',#521,.T.);
#338=FACE_OUTER_BOUND('',#522,.T.);
#339=FACE_OUTER_BOUND('',#523,.T.);
#340=FACE_OUTER_BOUND('',#524,.T.);
#341=FACE_OUTER_BOUND('',#525,.T.);
#342=FACE_OUTER_BOUND('',#526,.T.);
#343=FACE_OUTER_BOUND('',#527,.T.);
#344=FACE_OUTER_BOUND('',#528,.T.);
#345=FACE_OUTER_BOUND('',#529,.T.);
#346=FACE_OUTER_BOUND('',#530,.T.);
#347=FACE_OUTER_BOUND('',#532,.T.);
#348=FACE_OUTER_BOUND('',#533,.T.);
#349=FACE_OUTER_BOUND('',#534,.T.);
#350=FACE_OUTER_BOUND('',#535,.T.);
#351=FACE_OUTER_BOUND('',#536,.T.);
#352=FACE_OUTER_BOUND('',#537,.T.);
#353=FACE_OUTER_BOUND('',#538,.T.);
#354=FACE_OUTER_BOUND('',#539,.T.);
#355=FACE_OUTER_BOUND('',#540,.T.);
#356=FACE_OUTER_BOUND('',#541,.T.);
#357=FACE_OUTER_BOUND('',#542,.T.);
#358=FACE_OUTER_BOUND('',#543,.T.);
#359=FACE_OUTER_BOUND('',#544,.T.);
#360=FACE_OUTER_BOUND('',#545,.T.);
#361=FACE_OUTER_BOUND('',#546,.T.);
#362=FACE_OUTER_BOUND('',#547,.T.);
#363=FACE_OUTER_BOUND('',#548,.T.);
#364=FACE_OUTER_BOUND('',#549,.T.);
#365=FACE_OUTER_BOUND('',#550,.T.);
#366=FACE_OUTER_BOUND('',#551,.T.);
#367=FACE_OUTER_BOUND('',#552,.T.);
#368=FACE_OUTER_BOUND('',#553,.T.);
#369=FACE_OUTER_BOUND('',#554,.T.);
#370=FACE_OUTER_BOUND('',#555,.T.);
#371=FACE_OUTER_BOUND('',#557,.T.);
#372=FACE_OUTER_BOUND('',#558,.T.);
#373=FACE_OUTER_BOUND('',#559,.T.);
#374=FACE_OUTER_BOUND('',#560,.T.);
#375=FACE_OUTER_BOUND('',#561,.T.);
#376=FACE_OUTER_BOUND('',#562,.T.);
#377=FACE_OUTER_BOUND('',#563,.T.);
#378=FACE_OUTER_BOUND('',#564,.T.);
#379=FACE_OUTER_BOUND('',#566,.T.);
#380=FACE_OUTER_BOUND('',#567,.T.);
#381=FACE_OUTER_BOUND('',#568,.T.);
#382=FACE_OUTER_BOUND('',#569,.T.);
#383=FACE_OUTER_BOUND('',#570,.T.);
#384=FACE_OUTER_BOUND('',#571,.T.);
#385=FACE_OUTER_BOUND('',#572,.T.);
#386=FACE_OUTER_BOUND('',#573,.T.);
#387=FACE_OUTER_BOUND('',#574,.T.);
#388=FACE_OUTER_BOUND('',#575,.T.);
#389=FACE_OUTER_BOUND('',#576,.T.);
#390=FACE_OUTER_BOUND('',#577,.T.);
#391=FACE_OUTER_BOUND('',#578,.T.);
#392=FACE_OUTER_BOUND('',#579,.T.);
#393=FACE_OUTER_BOUND('',#580,.T.);
#394=FACE_OUTER_BOUND('',#581,.T.);
#395=FACE_OUTER_BOUND('',#582,.T.);
#396=FACE_OUTER_BOUND('',#583,.T.);
#397=FACE_OUTER_BOUND('',#585,.T.);
#398=FACE_OUTER_BOUND('',#586,.T.);
#399=FACE_OUTER_BOUND('',#587,.T.);
#400=FACE_OUTER_BOUND('',#588,.T.);
#401=FACE_OUTER_BOUND('',#589,.T.);
#402=FACE_OUTER_BOUND('',#590,.T.);
#403=FACE_OUTER_BOUND('',#591,.T.);
#404=FACE_OUTER_BOUND('',#592,.T.);
#405=FACE_OUTER_BOUND('',#593,.T.);
#406=FACE_OUTER_BOUND('',#594,.T.);
#407=FACE_OUTER_BOUND('',#595,.T.);
#408=FACE_OUTER_BOUND('',#597,.T.);
#409=FACE_OUTER_BOUND('',#598,.T.);
#410=FACE_OUTER_BOUND('',#599,.T.);
#411=FACE_OUTER_BOUND('',#600,.T.);
#412=FACE_OUTER_BOUND('',#601,.T.);
#413=FACE_OUTER_BOUND('',#602,.T.);
#414=FACE_OUTER_BOUND('',#603,.T.);
#415=FACE_OUTER_BOUND('',#604,.T.);
#416=FACE_OUTER_BOUND('',#605,.T.);
#417=FACE_OUTER_BOUND('',#606,.T.);
#418=FACE_OUTER_BOUND('',#607,.T.);
#419=FACE_OUTER_BOUND('',#608,.T.);
#420=FACE_OUTER_BOUND('',#609,.T.);
#421=FACE_OUTER_BOUND('',#610,.T.);
#422=FACE_OUTER_BOUND('',#611,.T.);
#423=FACE_OUTER_BOUND('',#612,.T.);
#424=FACE_OUTER_BOUND('',#613,.T.);
#425=FACE_OUTER_BOUND('',#614,.T.);
#426=FACE_OUTER_BOUND('',#615,.T.);
#427=FACE_OUTER_BOUND('',#616,.T.);
#428=FACE_OUTER_BOUND('',#617,.T.);
#429=FACE_OUTER_BOUND('',#618,.T.);
#430=FACE_OUTER_BOUND('',#619,.T.);
#431=FACE_OUTER_BOUND('',#620,.T.);
#432=FACE_OUTER_BOUND('',#621,.T.);
#433=FACE_OUTER_BOUND('',#622,.T.);
#434=FACE_OUTER_BOUND('',#623,.T.);
#435=FACE_OUTER_BOUND('',#624,.T.);
#436=FACE_OUTER_BOUND('',#625,.T.);
#437=FACE_OUTER_BOUND('',#626,.T.);
#438=FACE_OUTER_BOUND('',#628,.T.);
#439=FACE_OUTER_BOUND('',#629,.T.);
#440=FACE_OUTER_BOUND('',#630,.T.);
#441=FACE_OUTER_BOUND('',#631,.T.);
#442=FACE_OUTER_BOUND('',#632,.T.);
#443=FACE_OUTER_BOUND('',#633,.T.);
#444=FACE_OUTER_BOUND('',#634,.T.);
#445=FACE_OUTER_BOUND('',#635,.T.);
#446=FACE_OUTER_BOUND('',#636,.T.);
#447=FACE_OUTER_BOUND('',#637,.T.);
#448=FACE_OUTER_BOUND('',#638,.T.);
#449=FACE_OUTER_BOUND('',#639,.T.);
#450=FACE_OUTER_BOUND('',#640,.T.);
#451=FACE_OUTER_BOUND('',#641,.T.);
#452=FACE_OUTER_BOUND('',#642,.T.);
#453=FACE_OUTER_BOUND('',#643,.T.);
#454=FACE_OUTER_BOUND('',#644,.T.);
#455=FACE_OUTER_BOUND('',#645,.T.);
#456=FACE_OUTER_BOUND('',#646,.T.);
#457=FACE_OUTER_BOUND('',#647,.T.);
#458=FACE_OUTER_BOUND('',#648,.T.);
#459=FACE_OUTER_BOUND('',#649,.T.);
#460=FACE_OUTER_BOUND('',#650,.T.);
#461=FACE_OUTER_BOUND('',#651,.T.);
#462=FACE_OUTER_BOUND('',#652,.T.);
#463=FACE_OUTER_BOUND('',#653,.T.);
#464=FACE_OUTER_BOUND('',#654,.T.);
#465=FACE_OUTER_BOUND('',#655,.T.);
#466=FACE_OUTER_BOUND('',#656,.T.);
#467=FACE_OUTER_BOUND('',#657,.T.);
#468=FACE_OUTER_BOUND('',#658,.T.);
#469=FACE_OUTER_BOUND('',#659,.T.);
#470=FACE_OUTER_BOUND('',#660,.T.);
#471=FACE_OUTER_BOUND('',#661,.T.);
#472=FACE_OUTER_BOUND('',#662,.T.);
#473=FACE_OUTER_BOUND('',#663,.T.);
#474=FACE_OUTER_BOUND('',#664,.T.);
#475=EDGE_LOOP('',(#2210,#2211,#2212,#2213));
#476=EDGE_LOOP('',(#2214,#2215,#2216,#2217,#2218));
#477=EDGE_LOOP('',(#2219,#2220,#2221,#2222,#2223));
#478=EDGE_LOOP('',(#2224,#2225,#2226,#2227,#2228));
#479=EDGE_LOOP('',(#2229,#2230,#2231,#2232,#2233));
#480=EDGE_LOOP('',(#2234,#2235,#2236,#2237,#2238));
#481=EDGE_LOOP('',(#2239,#2240,#2241,#2242,#2243));
#482=EDGE_LOOP('',(#2244,#2245,#2246,#2247));
#483=EDGE_LOOP('',(#2248,#2249,#2250,#2251));
#484=EDGE_LOOP('',(#2252,#2253,#2254,#2255,#2256));
#485=EDGE_LOOP('',(#2257,#2258,#2259,#2260,#2261,#2262,#2263));
#486=EDGE_LOOP('',(#2264,#2265,#2266,#2267,#2268,#2269,#2270,#2271));
#487=EDGE_LOOP('',(#2272,#2273,#2274,#2275,#2276));
#488=EDGE_LOOP('',(#2277,#2278,#2279,#2280));
#489=EDGE_LOOP('',(#2281,#2282,#2283,#2284,#2285));
#490=EDGE_LOOP('',(#2286,#2287,#2288,#2289,#2290));
#491=EDGE_LOOP('',(#2291,#2292,#2293,#2294));
#492=EDGE_LOOP('',(#2295,#2296,#2297,#2298));
#493=EDGE_LOOP('',(#2299,#2300,#2301,#2302));
#494=EDGE_LOOP('',(#2303,#2304,#2305,#2306,#2307,#2308,#2309,#2310,#2311,
#2312,#2313,#2314,#2315,#2316,#2317,#2318));
#495=EDGE_LOOP('',(#2319,#2320,#2321,#2322));
#496=EDGE_LOOP('',(#2323,#2324,#2325,#2326));
#497=EDGE_LOOP('',(#2327,#2328,#2329,#2330));
#498=EDGE_LOOP('',(#2331,#2332,#2333,#2334));
#499=EDGE_LOOP('',(#2335,#2336,#2337,#2338));
#500=EDGE_LOOP('',(#2339,#2340,#2341,#2342,#2343));
#501=EDGE_LOOP('',(#2344,#2345,#2346,#2347,#2348,#2349,#2350,#2351,#2352,
#2353));
#502=EDGE_LOOP('',(#2354,#2355,#2356,#2357,#2358));
#503=EDGE_LOOP('',(#2359,#2360,#2361,#2362,#2363,#2364,#2365,#2366,#2367,
#2368,#2369,#2370,#2371,#2372,#2373,#2374,#2375,#2376));
#504=EDGE_LOOP('',(#2377,#2378,#2379,#2380,#2381));
#505=EDGE_LOOP('',(#2382,#2383,#2384,#2385,#2386,#2387,#2388,#2389));
#506=EDGE_LOOP('',(#2390,#2391,#2392,#2393));
#507=EDGE_LOOP('',(#2394,#2395,#2396));
#508=EDGE_LOOP('',(#2397,#2398,#2399,#2400));
#509=EDGE_LOOP('',(#2401,#2402,#2403,#2404));
#510=EDGE_LOOP('',(#2405,#2406,#2407));
#511=EDGE_LOOP('',(#2408,#2409,#2410,#2411,#2412,#2413,#2414,#2415,#2416,
#2417,#2418,#2419,#2420));
#512=EDGE_LOOP('',(#2421,#2422,#2423,#2424,#2425,#2426,#2427,#2428,#2429,
#2430,#2431,#2432,#2433,#2434,#2435,#2436,#2437));
#513=EDGE_LOOP('',(#2438,#2439,#2440,#2441,#2442,#2443,#2444));
#514=EDGE_LOOP('',(#2445,#2446,#2447,#2448,#2449,#2450,#2451,#2452,#2453,
#2454,#2455,#2456,#2457));
#515=EDGE_LOOP('',(#2458,#2459,#2460,#2461,#2462,#2463));
#516=EDGE_LOOP('',(#2464,#2465,#2466,#2467,#2468,#2469,#2470,#2471));
#517=EDGE_LOOP('',(#2472,#2473,#2474,#2475,#2476,#2477,#2478,#2479,#2480,
#2481,#2482,#2483,#2484,#2485,#2486,#2487));
#518=EDGE_LOOP('',(#2488,#2489,#2490,#2491));
#519=EDGE_LOOP('',(#2492,#2493,#2494,#2495));
#520=EDGE_LOOP('',(#2496,#2497,#2498,#2499));
#521=EDGE_LOOP('',(#2500,#2501,#2502,#2503,#2504));
#522=EDGE_LOOP('',(#2505,#2506,#2507,#2508,#2509));
#523=EDGE_LOOP('',(#2510,#2511,#2512,#2513,#2514));
#524=EDGE_LOOP('',(#2515,#2516,#2517,#2518));
#525=EDGE_LOOP('',(#2519,#2520,#2521,#2522));
#526=EDGE_LOOP('',(#2523,#2524,#2525,#2526));
#527=EDGE_LOOP('',(#2527,#2528,#2529,#2530,#2531,#2532,#2533,#2534));
#528=EDGE_LOOP('',(#2535,#2536,#2537,#2538,#2539,#2540,#2541,#2542));
#529=EDGE_LOOP('',(#2543));
#530=EDGE_LOOP('',(#2544,#2545,#2546,#2547,#2548));
#531=EDGE_LOOP('',(#2549,#2550,#2551,#2552));
#532=EDGE_LOOP('',(#2553));
#533=EDGE_LOOP('',(#2554));
#534=EDGE_LOOP('',(#2555,#2556,#2557,#2558,#2559,#2560));
#535=EDGE_LOOP('',(#2561,#2562,#2563,#2564));
#536=EDGE_LOOP('',(#2565,#2566,#2567,#2568,#2569));
#537=EDGE_LOOP('',(#2570,#2571,#2572,#2573,#2574,#2575,#2576));
#538=EDGE_LOOP('',(#2577,#2578,#2579,#2580));
#539=EDGE_LOOP('',(#2581,#2582,#2583));
#540=EDGE_LOOP('',(#2584,#2585,#2586,#2587));
#541=EDGE_LOOP('',(#2588,#2589,#2590,#2591));
#542=EDGE_LOOP('',(#2592,#2593,#2594,#2595));
#543=EDGE_LOOP('',(#2596,#2597,#2598,#2599,#2600));
#544=EDGE_LOOP('',(#2601,#2602,#2603,#2604,#2605));
#545=EDGE_LOOP('',(#2606,#2607,#2608,#2609));
#546=EDGE_LOOP('',(#2610,#2611));
#547=EDGE_LOOP('',(#2612,#2613,#2614,#2615,#2616,#2617));
#548=EDGE_LOOP('',(#2618,#2619,#2620,#2621));
#549=EDGE_LOOP('',(#2622,#2623,#2624,#2625));
#550=EDGE_LOOP('',(#2626,#2627,#2628,#2629));
#551=EDGE_LOOP('',(#2630,#2631,#2632,#2633));
#552=EDGE_LOOP('',(#2634,#2635,#2636,#2637,#2638,#2639,#2640,#2641,#2642,
#2643,#2644,#2645,#2646,#2647,#2648,#2649,#2650,#2651,#2652,#2653,#2654));
#553=EDGE_LOOP('',(#2655,#2656,#2657,#2658,#2659,#2660,#2661,#2662));
#554=EDGE_LOOP('',(#2663,#2664,#2665,#2666));
#555=EDGE_LOOP('',(#2667,#2668,#2669,#2670,#2671,#2672,#2673,#2674,#2675,
#2676,#2677));
#556=EDGE_LOOP('',(#2678,#2679,#2680,#2681));
#557=EDGE_LOOP('',(#2682,#2683,#2684,#2685));
#558=EDGE_LOOP('',(#2686,#2687,#2688,#2689));
#559=EDGE_LOOP('',(#2690,#2691,#2692,#2693));
#560=EDGE_LOOP('',(#2694,#2695,#2696,#2697,#2698,#2699,#2700,#2701,#2702,
#2703));
#561=EDGE_LOOP('',(#2704,#2705,#2706,#2707));
#562=EDGE_LOOP('',(#2708,#2709,#2710,#2711));
#563=EDGE_LOOP('',(#2712,#2713,#2714,#2715,#2716,#2717,#2718,#2719,#2720,
#2721,#2722,#2723,#2724,#2725,#2726,#2727,#2728,#2729));
#564=EDGE_LOOP('',(#2730,#2731,#2732,#2733,#2734,#2735,#2736,#2737,#2738,
#2739,#2740,#2741,#2742,#2743,#2744,#2745,#2746,#2747,#2748,#2749,#2750,
#2751));
#565=EDGE_LOOP('',(#2752,#2753,#2754,#2755));
#566=EDGE_LOOP('',(#2756,#2757,#2758,#2759));
#567=EDGE_LOOP('',(#2760,#2761,#2762,#2763,#2764,#2765,#2766,#2767));
#568=EDGE_LOOP('',(#2768,#2769,#2770,#2771));
#569=EDGE_LOOP('',(#2772,#2773,#2774,#2775));
#570=EDGE_LOOP('',(#2776,#2777,#2778,#2779));
#571=EDGE_LOOP('',(#2780,#2781,#2782,#2783,#2784,#2785,#2786,#2787));
#572=EDGE_LOOP('',(#2788,#2789,#2790,#2791));
#573=EDGE_LOOP('',(#2792,#2793,#2794,#2795));
#574=EDGE_LOOP('',(#2796,#2797,#2798,#2799,#2800));
#575=EDGE_LOOP('',(#2801,#2802,#2803,#2804,#2805));
#576=EDGE_LOOP('',(#2806,#2807,#2808,#2809,#2810));
#577=EDGE_LOOP('',(#2811,#2812,#2813,#2814));
#578=EDGE_LOOP('',(#2815,#2816,#2817,#2818,#2819));
#579=EDGE_LOOP('',(#2820,#2821,#2822,#2823));
#580=EDGE_LOOP('',(#2824,#2825,#2826,#2827));
#581=EDGE_LOOP('',(#2828,#2829,#2830,#2831,#2832,#2833));
#582=EDGE_LOOP('',(#2834,#2835,#2836,#2837,#2838,#2839,#2840,#2841));
#583=EDGE_LOOP('',(#2842,#2843,#2844,#2845,#2846,#2847,#2848,#2849));
#584=EDGE_LOOP('',(#2850,#2851));
#585=EDGE_LOOP('',(#2852,#2853,#2854,#2855,#2856,#2857,#2858,#2859,#2860,
#2861));
#586=EDGE_LOOP('',(#2862,#2863,#2864,#2865));
#587=EDGE_LOOP('',(#2866,#2867,#2868,#2869));
#588=EDGE_LOOP('',(#2870,#2871,#2872,#2873,#2874,#2875));
#589=EDGE_LOOP('',(#2876,#2877,#2878,#2879));
#590=EDGE_LOOP('',(#2880,#2881,#2882,#2883));
#591=EDGE_LOOP('',(#2884,#2885,#2886,#2887));
#592=EDGE_LOOP('',(#2888,#2889,#2890,#2891));
#593=EDGE_LOOP('',(#2892,#2893,#2894,#2895,#2896));
#594=EDGE_LOOP('',(#2897,#2898,#2899,#2900,#2901));
#595=EDGE_LOOP('',(#2902,#2903,#2904,#2905,#2906,#2907,#2908,#2909,#2910,
#2911,#2912,#2913,#2914,#2915,#2916));
#596=EDGE_LOOP('',(#2917,#2918,#2919,#2920));
#597=EDGE_LOOP('',(#2921,#2922,#2923,#2924,#2925,#2926,#2927,#2928,#2929,
#2930,#2931,#2932));
#598=EDGE_LOOP('',(#2933,#2934,#2935,#2936));
#599=EDGE_LOOP('',(#2937,#2938,#2939,#2940));
#600=EDGE_LOOP('',(#2941,#2942,#2943,#2944));
#601=EDGE_LOOP('',(#2945,#2946,#2947,#2948,#2949));
#602=EDGE_LOOP('',(#2950,#2951,#2952,#2953,#2954,#2955,#2956,#2957));
#603=EDGE_LOOP('',(#2958,#2959,#2960,#2961,#2962,#2963));
#604=EDGE_LOOP('',(#2964,#2965,#2966,#2967,#2968));
#605=EDGE_LOOP('',(#2969,#2970,#2971,#2972,#2973));
#606=EDGE_LOOP('',(#2974,#2975,#2976,#2977,#2978));
#607=EDGE_LOOP('',(#2979,#2980,#2981,#2982,#2983));
#608=EDGE_LOOP('',(#2984,#2985,#2986,#2987,#2988,#2989,#2990));
#609=EDGE_LOOP('',(#2991,#2992,#2993));
#610=EDGE_LOOP('',(#2994,#2995,#2996));
#611=EDGE_LOOP('',(#2997,#2998,#2999));
#612=EDGE_LOOP('',(#3000,#3001,#3002));
#613=EDGE_LOOP('',(#3003,#3004,#3005,#3006));
#614=EDGE_LOOP('',(#3007,#3008,#3009,#3010,#3011,#3012,#3013));
#615=EDGE_LOOP('',(#3014,#3015,#3016,#3017));
#616=EDGE_LOOP('',(#3018,#3019,#3020,#3021,#3022));
#617=EDGE_LOOP('',(#3023,#3024,#3025,#3026,#3027,#3028,#3029,#3030,#3031,
#3032));
#618=EDGE_LOOP('',(#3033,#3034,#3035,#3036,#3037,#3038));
#619=EDGE_LOOP('',(#3039,#3040,#3041,#3042));
#620=EDGE_LOOP('',(#3043,#3044,#3045,#3046));
#621=EDGE_LOOP('',(#3047,#3048,#3049,#3050,#3051,#3052));
#622=EDGE_LOOP('',(#3053,#3054,#3055,#3056,#3057));
#623=EDGE_LOOP('',(#3058,#3059,#3060,#3061,#3062));
#624=EDGE_LOOP('',(#3063,#3064,#3065,#3066,#3067));
#625=EDGE_LOOP('',(#3068,#3069,#3070,#3071,#3072,#3073,#3074,#3075,#3076,
#3077,#3078,#3079,#3080,#3081,#3082,#3083,#3084,#3085,#3086,#3087,#3088,
#3089,#3090));
#626=EDGE_LOOP('',(#3091,#3092,#3093,#3094,#3095,#3096,#3097,#3098,#3099,
#3100));
#627=EDGE_LOOP('',(#3101,#3102,#3103,#3104));
#628=EDGE_LOOP('',(#3105,#3106,#3107,#3108));
#629=EDGE_LOOP('',(#3109,#3110,#3111,#3112));
#630=EDGE_LOOP('',(#3113,#3114,#3115,#3116,#3117,#3118));
#631=EDGE_LOOP('',(#3119,#3120,#3121,#3122));
#632=EDGE_LOOP('',(#3123,#3124,#3125,#3126));
#633=EDGE_LOOP('',(#3127,#3128,#3129,#3130));
#634=EDGE_LOOP('',(#3131,#3132,#3133,#3134));
#635=EDGE_LOOP('',(#3135,#3136,#3137,#3138));
#636=EDGE_LOOP('',(#3139,#3140,#3141,#3142));
#637=EDGE_LOOP('',(#3143,#3144,#3145,#3146,#3147));
#638=EDGE_LOOP('',(#3148,#3149,#3150,#3151));
#639=EDGE_LOOP('',(#3152,#3153,#3154,#3155));
#640=EDGE_LOOP('',(#3156,#3157,#3158,#3159));
#641=EDGE_LOOP('',(#3160,#3161,#3162,#3163));
#642=EDGE_LOOP('',(#3164,#3165,#3166,#3167));
#643=EDGE_LOOP('',(#3168,#3169,#3170,#3171));
#644=EDGE_LOOP('',(#3172,#3173,#3174,#3175));
#645=EDGE_LOOP('',(#3176,#3177,#3178,#3179));
#646=EDGE_LOOP('',(#3180,#3181,#3182,#3183,#3184));
#647=EDGE_LOOP('',(#3185,#3186,#3187,#3188));
#648=EDGE_LOOP('',(#3189,#3190,#3191,#3192));
#649=EDGE_LOOP('',(#3193,#3194,#3195,#3196,#3197));
#650=EDGE_LOOP('',(#3198,#3199,#3200,#3201));
#651=EDGE_LOOP('',(#3202,#3203,#3204,#3205,#3206,#3207,#3208,#3209,#3210));
#652=EDGE_LOOP('',(#3211,#3212,#3213,#3214,#3215,#3216,#3217,#3218,#3219));
#653=EDGE_LOOP('',(#3220,#3221,#3222,#3223));
#654=EDGE_LOOP('',(#3224,#3225,#3226,#3227));
#655=EDGE_LOOP('',(#3228,#3229,#3230,#3231));
#656=EDGE_LOOP('',(#3232,#3233,#3234,#3235));
#657=EDGE_LOOP('',(#3236,#3237,#3238,#3239));
#658=EDGE_LOOP('',(#3240,#3241,#3242,#3243));
#659=EDGE_LOOP('',(#3244,#3245,#3246,#3247));
#660=EDGE_LOOP('',(#3248,#3249,#3250,#3251));
#661=EDGE_LOOP('',(#3252,#3253,#3254,#3255));
#662=EDGE_LOOP('',(#3256,#3257,#3258,#3259,#3260,#3261,#3262,#3263,#3264,
#3265));
#663=EDGE_LOOP('',(#3266,#3267,#3268,#3269,#3270,#3271,#3272,#3273,#3274,
#3275));
#664=EDGE_LOOP('',(#3276,#3277,#3278,#3279));
#665=LINE('',#4724,#927);
#666=LINE('',#4727,#928);
#667=LINE('',#4730,#929);
#668=LINE('',#4734,#930);
#669=LINE('',#4735,#931);
#670=LINE('',#4739,#932);
#671=LINE('',#4740,#933);
#672=LINE('',#4744,#934);
#673=LINE('',#4746,#935);
#674=LINE('',#4750,#936);
#675=LINE('',#4752,#937);
#676=LINE('',#4755,#938);
#677=LINE('',#4759,#939);
#678=LINE('',#4763,#940);
#679=LINE('',#4765,#941);
#680=LINE('',#4766,#942);
#681=LINE('',#4770,#943);
#682=LINE('',#4772,#944);
#683=LINE('',#4774,#945);
#684=LINE('',#4776,#946);
#685=LINE('',#4782,#947);
#686=LINE('',#4788,#948);
#687=LINE('',#4793,#949);
#688=LINE('',#4795,#950);
#689=LINE('',#4796,#951);
#690=LINE('',#4803,#952);
#691=LINE('',#4807,#953);
#692=LINE('',#4824,#954);
#693=LINE('',#4827,#955);
#694=LINE('',#4830,#956);
#695=LINE('',#4834,#957);
#696=LINE('',#4835,#958);
#697=LINE('',#4838,#959);
#698=LINE('',#4840,#960);
#699=LINE('',#4842,#961);
#700=LINE('',#4873,#962);
#701=LINE('',#4877,#963);
#702=LINE('',#4881,#964);
#703=LINE('',#4885,#965);
#704=LINE('',#4889,#966);
#705=LINE('',#4892,#967);
#706=LINE('',#4896,#968);
#707=LINE('',#4898,#969);
#708=LINE('',#4900,#970);
#709=LINE('',#4901,#971);
#710=LINE('',#4904,#972);
#711=LINE('',#4906,#973);
#712=LINE('',#4907,#974);
#713=LINE('',#4910,#975);
#714=LINE('',#4912,#976);
#715=LINE('',#4913,#977);
#716=LINE('',#4915,#978);
#717=LINE('',#4916,#979);
#718=LINE('',#4934,#980);
#719=LINE('',#4938,#981);
#720=LINE('',#4945,#982);
#721=LINE('',#4962,#983);
#722=LINE('',#4966,#984);
#723=LINE('',#4990,#985);
#724=LINE('',#4992,#986);
#725=LINE('',#4996,#987);
#726=LINE('',#5000,#988);
#727=LINE('',#5002,#989);
#728=LINE('',#5004,#990);
#729=LINE('',#5007,#991);
#730=LINE('',#5024,#992);
#731=LINE('',#5026,#993);
#732=LINE('',#5028,#994);
#733=LINE('',#5029,#995);
#734=LINE('',#5030,#996);
#735=LINE('',#5033,#997);
#736=LINE('',#5055,#998);
#737=LINE('',#5092,#999);
#738=LINE('',#5096,#1000);
#739=LINE('',#5098,#1001);
#740=LINE('',#5102,#1002);
#741=LINE('',#5104,#1003);
#742=LINE('',#5120,#1004);
#743=LINE('',#5122,#1005);
#744=LINE('',#5126,#1006);
#745=LINE('',#5128,#1007);
#746=LINE('',#5131,#1008);
#747=LINE('',#5134,#1009);
#748=LINE('',#5136,#1010);
#749=LINE('',#5138,#1011);
#750=LINE('',#5140,#1012);
#751=LINE('',#5141,#1013);
#752=LINE('',#5145,#1014);
#753=LINE('',#5150,#1015);
#754=LINE('',#5152,#1016);
#755=LINE('',#5155,#1017);
#756=LINE('',#5156,#1018);
#757=LINE('',#5159,#1019);
#758=LINE('',#5160,#1020);
#759=LINE('',#5163,#1021);
#760=LINE('',#5167,#1022);
#761=LINE('',#5169,#1023);
#762=LINE('',#5171,#1024);
#763=LINE('',#5180,#1025);
#764=LINE('',#5238,#1026);
#765=LINE('',#5241,#1027);
#766=LINE('',#5244,#1028);
#767=LINE('',#5247,#1029);
#768=LINE('',#5252,#1030);
#769=LINE('',#5260,#1031);
#770=LINE('',#5261,#1032);
#771=LINE('',#5264,#1033);
#772=LINE('',#5266,#1034);
#773=LINE('',#5278,#1035);
#774=LINE('',#5279,#1036);
#775=LINE('',#5282,#1037);
#776=LINE('',#5283,#1038);
#777=LINE('',#5286,#1039);
#778=LINE('',#5287,#1040);
#779=LINE('',#5290,#1041);
#780=LINE('',#5291,#1042);
#781=LINE('',#5313,#1043);
#782=LINE('',#5319,#1044);
#783=LINE('',#5437,#1045);
#784=LINE('',#5438,#1046);
#785=LINE('',#5449,#1047);
#786=LINE('',#5451,#1048);
#787=LINE('',#5453,#1049);
#788=LINE('',#5454,#1050);
#789=LINE('',#5491,#1051);
#790=LINE('',#5502,#1052);
#791=LINE('',#5506,#1053);
#792=LINE('',#5509,#1054);
#793=LINE('',#5551,#1055);
#794=LINE('',#5553,#1056);
#795=LINE('',#5555,#1057);
#796=LINE('',#5556,#1058);
#797=LINE('',#5594,#1059);
#798=LINE('',#5614,#1060);
#799=LINE('',#5617,#1061);
#800=LINE('',#5619,#1062);
#801=LINE('',#5622,#1063);
#802=LINE('',#5626,#1064);
#803=LINE('',#5628,#1065);
#804=LINE('',#5629,#1066);
#805=LINE('',#5631,#1067);
#806=LINE('',#5633,#1068);
#807=LINE('',#5634,#1069);
#808=LINE('',#5635,#1070);
#809=LINE('',#5637,#1071);
#810=LINE('',#5639,#1072);
#811=LINE('',#5642,#1073);
#812=LINE('',#5669,#1074);
#813=LINE('',#5673,#1075);
#814=LINE('',#5678,#1076);
#815=LINE('',#5682,#1077);
#816=LINE('',#5686,#1078);
#817=LINE('',#5688,#1079);
#818=LINE('',#5689,#1080);
#819=LINE('',#5692,#1081);
#820=LINE('',#5694,#1082);
#821=LINE('',#5695,#1083);
#822=LINE('',#5697,#1084);
#823=LINE('',#5699,#1085);
#824=LINE('',#5701,#1086);
#825=LINE('',#5702,#1087);
#826=LINE('',#5705,#1088);
#827=LINE('',#5706,#1089);
#828=LINE('',#5709,#1090);
#829=LINE('',#5710,#1091);
#830=LINE('',#5712,#1092);
#831=LINE('',#5713,#1093);
#832=LINE('',#5715,#1094);
#833=LINE('',#5717,#1095);
#834=LINE('',#5719,#1096);
#835=LINE('',#5720,#1097);
#836=LINE('',#5723,#1098);
#837=LINE('',#5725,#1099);
#838=LINE('',#5727,#1100);
#839=LINE('',#5729,#1101);
#840=LINE('',#5739,#1102);
#841=LINE('',#5740,#1103);
#842=LINE('',#5742,#1104);
#843=LINE('',#5744,#1105);
#844=LINE('',#5755,#1106);
#845=LINE('',#5757,#1107);
#846=LINE('',#5758,#1108);
#847=LINE('',#5775,#1109);
#848=LINE('',#5885,#1110);
#849=LINE('',#5890,#1111);
#850=LINE('',#5891,#1112);
#851=LINE('',#5892,#1113);
#852=LINE('',#6030,#1114);
#853=LINE('',#6033,#1115);
#854=LINE('',#6098,#1116);
#855=LINE('',#6124,#1117);
#856=LINE('',#6136,#1118);
#857=LINE('',#6176,#1119);
#858=LINE('',#6179,#1120);
#859=LINE('',#6181,#1121);
#860=LINE('',#6183,#1122);
#861=LINE('',#6185,#1123);
#862=LINE('',#6187,#1124);
#863=LINE('',#6303,#1125);
#864=LINE('',#6360,#1126);
#865=LINE('',#6464,#1127);
#866=LINE('',#6468,#1128);
#867=LINE('',#6470,#1129);
#868=LINE('',#6472,#1130);
#869=LINE('',#6476,#1131);
#870=LINE('',#6478,#1132);
#871=LINE('',#6479,#1133);
#872=LINE('',#6482,#1134);
#873=LINE('',#6486,#1135);
#874=LINE('',#6520,#1136);
#875=LINE('',#6658,#1137);
#876=LINE('',#6659,#1138);
#877=LINE('',#6661,#1139);
#878=LINE('',#6663,#1140);
#879=LINE('',#6731,#1141);
#880=LINE('',#6732,#1142);
#881=LINE('',#6803,#1143);
#882=LINE('',#6804,#1144);
#883=LINE('',#6805,#1145);
#884=LINE('',#6867,#1146);
#885=LINE('',#6868,#1147);
#886=LINE('',#6869,#1148);
#887=LINE('',#6871,#1149);
#888=LINE('',#6874,#1150);
#889=LINE('',#6879,#1151);
#890=LINE('',#6881,#1152);
#891=LINE('',#6883,#1153);
#892=LINE('',#6911,#1154);
#893=LINE('',#6913,#1155);
#894=LINE('',#6914,#1156);
#895=LINE('',#6919,#1157);
#896=LINE('',#6935,#1158);
#897=LINE('',#6942,#1159);
#898=LINE('',#6944,#1160);
#899=LINE('',#6952,#1161);
#900=LINE('',#6954,#1162);
#901=LINE('',#6956,#1163);
#902=LINE('',#6972,#1164);
#903=LINE('',#6974,#1165);
#904=LINE('',#6976,#1166);
#905=LINE('',#6978,#1167);
#906=LINE('',#7004,#1168);
#907=LINE('',#7052,#1169);
#908=LINE('',#7057,#1170);
#909=LINE('',#7060,#1171);
#910=LINE('',#7063,#1172);
#911=LINE('',#7064,#1173);
#912=LINE('',#7092,#1174);
#913=LINE('',#7097,#1175);
#914=LINE('',#7099,#1176);
#915=LINE('',#7102,#1177);
#916=LINE('',#7105,#1178);
#917=LINE('',#7107,#1179);
#918=LINE('',#7115,#1180);
#919=LINE('',#7117,#1181);
#920=LINE('',#7129,#1182);
#921=LINE('',#7130,#1183);
#922=LINE('',#7133,#1184);
#923=LINE('',#7137,#1185);
#924=LINE('',#7142,#1186);
#925=LINE('',#7144,#1187);
#926=LINE('',#7145,#1188);
#927=VECTOR('',#3840,10.);
#928=VECTOR('',#3843,10.);
#929=VECTOR('',#3846,10.);
#930=VECTOR('',#3849,10.);
#931=VECTOR('',#3850,10.);
#932=VECTOR('',#3853,10.);
#933=VECTOR('',#3854,10.);
#934=VECTOR('',#3859,10.);
#935=VECTOR('',#3860,10.);
#936=VECTOR('',#3865,10.);
#937=VECTOR('',#3866,10.);
#938=VECTOR('',#3869,10.);
#939=VECTOR('',#3872,10.);
#940=VECTOR('',#3875,10.);
#941=VECTOR('',#3876,10.);
#942=VECTOR('',#3877,10.);
#943=VECTOR('',#3880,10.);
#944=VECTOR('',#3881,10.);
#945=VECTOR('',#3882,10.);
#946=VECTOR('',#3883,10.);
#947=VECTOR('',#3890,10.);
#948=VECTOR('',#3901,10.);
#949=VECTOR('',#3906,10.);
#950=VECTOR('',#3907,10.);
#951=VECTOR('',#3908,10.);
#952=VECTOR('',#3913,10.);
#953=VECTOR('',#3916,10.);
#954=VECTOR('',#3935,10.);
#955=VECTOR('',#3938,10.);
#956=VECTOR('',#3941,10.);
#957=VECTOR('',#3944,10.);
#958=VECTOR('',#3945,10.);
#959=VECTOR('',#3948,10.);
#960=VECTOR('',#3949,10.);
#961=VECTOR('',#3950,10.);
#962=VECTOR('',#3973,10.);
#963=VECTOR('',#3976,10.);
#964=VECTOR('',#3979,10.);
#965=VECTOR('',#3982,10.);
#966=VECTOR('',#3985,10.);
#967=VECTOR('',#3988,10.);
#968=VECTOR('',#3991,10.);
#969=VECTOR('',#3992,10.);
#970=VECTOR('',#3993,10.);
#971=VECTOR('',#3994,10.);
#972=VECTOR('',#3997,10.);
#973=VECTOR('',#3998,10.);
#974=VECTOR('',#3999,10.);
#975=VECTOR('',#4002,10.);
#976=VECTOR('',#4003,10.);
#977=VECTOR('',#4004,10.);
#978=VECTOR('',#4007,10.);
#979=VECTOR('',#4008,10.);
#980=VECTOR('',#4017,10.);
#981=VECTOR('',#4020,10.);
#982=VECTOR('',#4021,10.);
#983=VECTOR('',#4030,10.);
#984=VECTOR('',#4033,10.);
#985=VECTOR('',#4038,10.);
#986=VECTOR('',#4039,10.);
#987=VECTOR('',#4042,10.);
#988=VECTOR('',#4045,10.);
#989=VECTOR('',#4046,10.);
#990=VECTOR('',#4047,10.);
#991=VECTOR('',#4050,10.);
#992=VECTOR('',#4057,10.);
#993=VECTOR('',#4058,10.);
#994=VECTOR('',#4059,10.);
#995=VECTOR('',#4060,10.);
#996=VECTOR('',#4061,10.);
#997=VECTOR('',#4064,10.);
#998=VECTOR('',#4073,10.);
#999=VECTOR('',#4084,10.);
#1000=VECTOR('',#4087,10.);
#1001=VECTOR('',#4088,10.);
#1002=VECTOR('',#4091,10.);
#1003=VECTOR('',#4092,10.);
#1004=VECTOR('',#4099,10.);
#1005=VECTOR('',#4100,10.);
#1006=VECTOR('',#4103,10.);
#1007=VECTOR('',#4104,10.);
#1008=VECTOR('',#4107,10.);
#1009=VECTOR('',#4110,10.);
#1010=VECTOR('',#4111,10.);
#1011=VECTOR('',#4112,10.);
#1012=VECTOR('',#4113,10.);
#1013=VECTOR('',#4114,10.);
#1014=VECTOR('',#4117,10.);
#1015=VECTOR('',#4122,10.);
#1016=VECTOR('',#4123,10.);
#1017=VECTOR('',#4126,10.);
#1018=VECTOR('',#4127,10.);
#1019=VECTOR('',#4130,10.);
#1020=VECTOR('',#4131,10.);
#1021=VECTOR('',#4134,10.);
#1022=VECTOR('',#4137,10.);
#1023=VECTOR('',#4138,10.);
#1024=VECTOR('',#4139,10.);
#1025=VECTOR('',#4142,10.);
#1026=VECTOR('',#4143,10.);
#1027=VECTOR('',#4146,10.);
#1028=VECTOR('',#4149,10.);
#1029=VECTOR('',#4152,10.);
#1030=VECTOR('',#4159,10.);
#1031=VECTOR('',#4162,10.);
#1032=VECTOR('',#4163,10.);
#1033=VECTOR('',#4166,10.);
#1034=VECTOR('',#4167,10.);
#1035=VECTOR('',#4170,10.);
#1036=VECTOR('',#4171,10.);
#1037=VECTOR('',#4174,10.);
#1038=VECTOR('',#4175,10.);
#1039=VECTOR('',#4178,10.);
#1040=VECTOR('',#4179,10.);
#1041=VECTOR('',#4182,10.);
#1042=VECTOR('',#4183,10.);
#1043=VECTOR('',#4208,10.);
#1044=VECTOR('',#4215,1.15);
#1045=VECTOR('',#4216,10.);
#1046=VECTOR('',#4217,10.);
#1047=VECTOR('',#4230,10.);
#1048=VECTOR('',#4231,10.);
#1049=VECTOR('',#4232,10.);
#1050=VECTOR('',#4233,10.);
#1051=VECTOR('',#4236,10.);
#1052=VECTOR('',#4247,10.);
#1053=VECTOR('',#4252,10.);
#1054=VECTOR('',#4255,10.);
#1055=VECTOR('',#4262,10.);
#1056=VECTOR('',#4265,10.);
#1057=VECTOR('',#4268,10.);
#1058=VECTOR('',#4269,10.);
#1059=VECTOR('',#4270,10.);
#1060=VECTOR('',#4271,10.);
#1061=VECTOR('',#4276,10.);
#1062=VECTOR('',#4277,10.);
#1063=VECTOR('',#4280,10.);
#1064=VECTOR('',#4287,10.);
#1065=VECTOR('',#4290,10.);
#1066=VECTOR('',#4291,10.);
#1067=VECTOR('',#4294,10.);
#1068=VECTOR('',#4297,1.15);
#1069=VECTOR('',#4298,1.15);
#1070=VECTOR('',#4299,10.);
#1071=VECTOR('',#4302,10.);
#1072=VECTOR('',#4305,10.);
#1073=VECTOR('',#4308,1.15);
#1074=VECTOR('',#4311,10.);
#1075=VECTOR('',#4314,10.);
#1076=VECTOR('',#4319,10.);
#1077=VECTOR('',#4322,10.);
#1078=VECTOR('',#4327,10.);
#1079=VECTOR('',#4328,10.);
#1080=VECTOR('',#4329,10.);
#1081=VECTOR('',#4332,10.);
#1082=VECTOR('',#4333,10.);
#1083=VECTOR('',#4334,10.);
#1084=VECTOR('',#4335,10.);
#1085=VECTOR('',#4336,10.);
#1086=VECTOR('',#4337,10.);
#1087=VECTOR('',#4338,10.);
#1088=VECTOR('',#4341,10.);
#1089=VECTOR('',#4342,10.);
#1090=VECTOR('',#4345,10.);
#1091=VECTOR('',#4346,10.);
#1092=VECTOR('',#4349,10.);
#1093=VECTOR('',#4350,10.);
#1094=VECTOR('',#4351,10.);
#1095=VECTOR('',#4352,10.);
#1096=VECTOR('',#4353,10.);
#1097=VECTOR('',#4354,10.);
#1098=VECTOR('',#4357,10.);
#1099=VECTOR('',#4358,10.);
#1100=VECTOR('',#4359,10.);
#1101=VECTOR('',#4360,10.);
#1102=VECTOR('',#4361,10.);
#1103=VECTOR('',#4362,10.);
#1104=VECTOR('',#4363,10.);
#1105=VECTOR('',#4364,10.);
#1106=VECTOR('',#4365,10.);
#1107=VECTOR('',#4366,10.);
#1108=VECTOR('',#4367,10.);
#1109=VECTOR('',#4372,10.);
#1110=VECTOR('',#4399,10.);
#1111=VECTOR('',#4406,10.);
#1112=VECTOR('',#4407,10.);
#1113=VECTOR('',#4408,10.);
#1114=VECTOR('',#4413,10.);
#1115=VECTOR('',#4418,10.);
#1116=VECTOR('',#4423,10.);
#1117=VECTOR('',#4426,10.);
#1118=VECTOR('',#4427,10.);
#1119=VECTOR('',#4428,10.);
#1120=VECTOR('',#4431,10.);
#1121=VECTOR('',#4432,10.);
#1122=VECTOR('',#4433,10.);
#1123=VECTOR('',#4434,10.);
#1124=VECTOR('',#4435,10.);
#1125=VECTOR('',#4444,10.);
#1126=VECTOR('',#4457,10.);
#1127=VECTOR('',#4460,10.);
#1128=VECTOR('',#4463,10.);
#1129=VECTOR('',#4464,10.);
#1130=VECTOR('',#4465,10.);
#1131=VECTOR('',#4468,10.);
#1132=VECTOR('',#4469,10.);
#1133=VECTOR('',#4470,10.);
#1134=VECTOR('',#4471,10.);
#1135=VECTOR('',#4474,10.);
#1136=VECTOR('',#4477,10.);
#1137=VECTOR('',#4486,10.);
#1138=VECTOR('',#4487,10.);
#1139=VECTOR('',#4488,10.);
#1140=VECTOR('',#4489,10.);
#1141=VECTOR('',#4492,10.);
#1142=VECTOR('',#4493,10.);
#1143=VECTOR('',#4496,10.);
#1144=VECTOR('',#4497,10.);
#1145=VECTOR('',#4498,10.);
#1146=VECTOR('',#4501,10.);
#1147=VECTOR('',#4502,10.);
#1148=VECTOR('',#4503,10.);
#1149=VECTOR('',#4506,10.);
#1150=VECTOR('',#4511,10.);
#1151=VECTOR('',#4516,10.);
#1152=VECTOR('',#4517,10.);
#1153=VECTOR('',#4518,10.);
#1154=VECTOR('',#4529,10.);
#1155=VECTOR('',#4530,10.);
#1156=VECTOR('',#4531,10.);
#1157=VECTOR('',#4536,10.);
#1158=VECTOR('',#4557,10.);
#1159=VECTOR('',#4560,10.);
#1160=VECTOR('',#4561,10.);
#1161=VECTOR('',#4564,10.);
#1162=VECTOR('',#4565,10.);
#1163=VECTOR('',#4566,10.);
#1164=VECTOR('',#4575,10.);
#1165=VECTOR('',#4578,10.);
#1166=VECTOR('',#4581,10.);
#1167=VECTOR('',#4584,1.5);
#1168=VECTOR('',#4603,10.);
#1169=VECTOR('',#4610,10.);
#1170=VECTOR('',#4617,10.);
#1171=VECTOR('',#4620,10.);
#1172=VECTOR('',#4623,10.);
#1173=VECTOR('',#4624,10.);
#1174=VECTOR('',#4635,10.);
#1175=VECTOR('',#4642,10.);
#1176=VECTOR('',#4645,10.);
#1177=VECTOR('',#4650,10.);
#1178=VECTOR('',#4655,10.);
#1179=VECTOR('',#4658,10.);
#1180=VECTOR('',#4671,10.);
#1181=VECTOR('',#4672,10.);
#1182=VECTOR('',#4687,10.);
#1183=VECTOR('',#4688,10.);
#1184=VECTOR('',#4691,10.);
#1185=VECTOR('',#4696,10.);
#1186=VECTOR('',#4705,10.);
#1187=VECTOR('',#4708,10.);
#1188=VECTOR('',#4709,10.);
#1189=CIRCLE('',#3525,7.2);
#1190=CIRCLE('',#3526,7.2);
#1191=CIRCLE('',#3528,1.5);
#1192=CIRCLE('',#3530,9.5);
#1193=CIRCLE('',#3534,1.5);
#1194=CIRCLE('',#3538,1.5);
#1195=CIRCLE('',#3540,9.5);
#1196=CIRCLE('',#3541,9.5);
#1197=CIRCLE('',#3543,7.2);
#1198=CIRCLE('',#3544,7.2);
#1199=CIRCLE('',#3547,8.);
#1200=CIRCLE('',#3548,1.15);
#1201=CIRCLE('',#3549,3.1);
#1202=CIRCLE('',#3550,3.1);
#1203=CIRCLE('',#3551,3.1);
#1204=CIRCLE('',#3552,1.15);
#1205=CIRCLE('',#3553,3.1);
#1206=CIRCLE('',#3555,9.5);
#1207=CIRCLE('',#3556,9.5);
#1208=CIRCLE('',#3557,1.5);
#1209=CIRCLE('',#3559,6.125);
#1210=CIRCLE('',#3560,6.125);
#1211=CIRCLE('',#3562,1.5);
#1212=CIRCLE('',#3564,1.5);
#1213=CIRCLE('',#3566,8.5);
#1214=CIRCLE('',#3568,7.);
#1215=CIRCLE('',#3569,8.5);
#1216=CIRCLE('',#3571,8.5);
#1217=CIRCLE('',#3572,1.5);
#1218=CIRCLE('',#3573,7.);
#1219=CIRCLE('',#3575,8.5);
#1220=CIRCLE('',#3576,8.5);
#1221=CIRCLE('',#3577,8.5);
#1222=CIRCLE('',#3578,8.5);
#1223=CIRCLE('',#3579,8.5);
#1224=CIRCLE('',#3586,9.5);
#1225=CIRCLE('',#3588,1.5);
#1226=CIRCLE('',#3589,1.5);
#1227=CIRCLE('',#3591,9.5);
#1228=CIRCLE('',#3593,0.999999999749439);
#1229=CIRCLE('',#3594,1.15);
#1230=CIRCLE('',#3595,1.15);
#1231=CIRCLE('',#3596,9.5);
#1232=CIRCLE('',#3597,1.15);
#1233=CIRCLE('',#3598,1.15);
#1234=CIRCLE('',#3600,9.5);
#1235=CIRCLE('',#3604,1.5);
#1236=CIRCLE('',#3608,7.);
#1237=CIRCLE('',#3609,1.5);
#1238=CIRCLE('',#3610,1.5);
#1239=CIRCLE('',#3612,8.);
#1240=CIRCLE('',#3613,4.12500000002226);
#1241=CIRCLE('',#3614,8.);
#1242=CIRCLE('',#3616,8.);
#1243=CIRCLE('',#3617,4.12500000002226);
#1244=CIRCLE('',#3618,8.);
#1245=CIRCLE('',#3621,1.15);
#1246=CIRCLE('',#3622,1.15);
#1247=CIRCLE('',#3623,1.15);
#1248=CIRCLE('',#3626,1.15);
#1249=CIRCLE('',#3627,0.999999999749439);
#1250=CIRCLE('',#3629,8.);
#1251=CIRCLE('',#3631,8.);
#1252=CIRCLE('',#3633,8.);
#1253=CIRCLE('',#3641,4.12500000002226);
#1254=CIRCLE('',#3643,4.12500000002226);
#1255=CIRCLE('',#3645,4.12500000002226);
#1256=CIRCLE('',#3647,4.12500000002226);
#1257=CIRCLE('',#3649,4.12500000002226);
#1258=CIRCLE('',#3651,4.12500000002226);
#1259=CIRCLE('',#3653,1.15);
#1260=CIRCLE('',#3656,1.15);
#1261=CIRCLE('',#3658,1.15);
#1262=CIRCLE('',#3663,1.15);
#1263=CIRCLE('',#3664,1.9);
#1264=CIRCLE('',#3665,1.15);
#1265=CIRCLE('',#3666,1.15);
#1266=CIRCLE('',#3667,1.9);
#1267=CIRCLE('',#3669,1.9);
#1268=CIRCLE('',#3677,9.5);
#1269=CIRCLE('',#3679,1.15);
#1270=CIRCLE('',#3688,1.9999999999996);
#1271=CIRCLE('',#3689,1.99999999999979);
#1272=CIRCLE('',#3691,1.99999999999979);
#1273=CIRCLE('',#3692,1.9999999999996);
#1274=CIRCLE('',#3700,1.5);
#1275=CIRCLE('',#3702,1.5);
#1276=CIRCLE('',#3703,6.5);
#1277=CIRCLE('',#3704,8.);
#1278=CIRCLE('',#3705,7.96969384566991);
#1279=CIRCLE('',#3707,9.5);
#1280=CIRCLE('',#3708,1.5);
#1281=CIRCLE('',#3710,1.5);
#1282=CIRCLE('',#3711,6.5);
#1283=CIRCLE('',#3712,7.96969384566991);
#1284=CIRCLE('',#3715,9.5);
#1285=CIRCLE('',#3717,1.5);
#1286=CIRCLE('',#3720,1.5);
#1287=CIRCLE('',#3721,1.5);
#1288=CIRCLE('',#3725,1.5);
#1289=CIRCLE('',#3728,1.5);
#1290=CIRCLE('',#3730,8.);
#1291=CIRCLE('',#3731,1.5);
#1292=CIRCLE('',#3732,9.5);
#1293=CIRCLE('',#3734,1.5);
#1294=CIRCLE('',#3736,1.5);
#1295=CIRCLE('',#3737,1.5);
#1296=CIRCLE('',#3738,3.1);
#1297=CIRCLE('',#3739,3.1);
#1298=CIRCLE('',#3741,9.5);
#1299=CIRCLE('',#3742,1.5);
#1300=CIRCLE('',#3753,1.5);
#1301=CIRCLE('',#3754,1.5);
#1302=CIRCLE('',#3755,2.);
#1303=CIRCLE('',#3758,9.75);
#1304=CIRCLE('',#3759,9.75);
#1305=CIRCLE('',#3761,8.75);
#1306=CIRCLE('',#3762,2.);
#1307=CIRCLE('',#3763,9.75);
#1308=CIRCLE('',#3764,2.65136924865556);
#1309=CIRCLE('',#3765,9.5);
#1310=CIRCLE('',#3766,9.75);
#1311=CIRCLE('',#3768,8.75);
#1312=CIRCLE('',#3772,1.5);
#1313=CIRCLE('',#3774,9.75);
#1314=CIRCLE('',#3778,1.5);
#1315=CIRCLE('',#3779,1.5);
#1316=CIRCLE('',#3781,9.75);
#1317=CIRCLE('',#3782,2.65136924865556);
#1318=CIRCLE('',#3788,1.9);
#1319=CIRCLE('',#3791,1.9);
#1320=CIRCLE('',#3793,1.9);
#1321=CIRCLE('',#3797,1.9);
#1322=CIRCLE('',#3802,1.9);
#1323=CIRCLE('',#3811,9.5);
#1324=CIRCLE('',#3817,3.49999999998023);
#1325=CIRCLE('',#3819,3.49999999998023);
#1326=CIRCLE('',#3823,3.49999999998023);
#1327=CIRCLE('',#3827,3.49999999998023);
#1328=VERTEX_POINT('',#4720);
#1329=VERTEX_POINT('',#4721);
#1330=VERTEX_POINT('',#4723);
#1331=VERTEX_POINT('',#4725);
#1332=VERTEX_POINT('',#4729);
#1333=VERTEX_POINT('',#4731);
#1334=VERTEX_POINT('',#4733);
#1335=VERTEX_POINT('',#4737);
#1336=VERTEX_POINT('',#4738);
#1337=VERTEX_POINT('',#4743);
#1338=VERTEX_POINT('',#4745);
#1339=VERTEX_POINT('',#4749);
#1340=VERTEX_POINT('',#4751);
#1341=VERTEX_POINT('',#4753);
#1342=VERTEX_POINT('',#4757);
#1343=VERTEX_POINT('',#4758);
#1344=VERTEX_POINT('',#4760);
#1345=VERTEX_POINT('',#4762);
#1346=VERTEX_POINT('',#4764);
#1347=VERTEX_POINT('',#4768);
#1348=VERTEX_POINT('',#4769);
#1349=VERTEX_POINT('',#4771);
#1350=VERTEX_POINT('',#4773);
#1351=VERTEX_POINT('',#4775);
#1352=VERTEX_POINT('',#4779);
#1353=VERTEX_POINT('',#4781);
#1354=VERTEX_POINT('',#4790);
#1355=VERTEX_POINT('',#4792);
#1356=VERTEX_POINT('',#4794);
#1357=VERTEX_POINT('',#4797);
#1358=VERTEX_POINT('',#4798);
#1359=VERTEX_POINT('',#4800);
#1360=VERTEX_POINT('',#4802);
#1361=VERTEX_POINT('',#4804);
#1362=VERTEX_POINT('',#4806);
#1363=VERTEX_POINT('',#4808);
#1364=VERTEX_POINT('',#4810);
#1365=VERTEX_POINT('',#4814);
#1366=VERTEX_POINT('',#4816);
#1367=VERTEX_POINT('',#4820);
#1368=VERTEX_POINT('',#4821);
#1369=VERTEX_POINT('',#4823);
#1370=VERTEX_POINT('',#4825);
#1371=VERTEX_POINT('',#4829);
#1372=VERTEX_POINT('',#4831);
#1373=VERTEX_POINT('',#4833);
#1374=VERTEX_POINT('',#4837);
#1375=VERTEX_POINT('',#4839);
#1376=VERTEX_POINT('',#4841);
#1377=VERTEX_POINT('',#4847);
#1378=VERTEX_POINT('',#4849);
#1379=VERTEX_POINT('',#4866);
#1380=VERTEX_POINT('',#4868);
#1381=VERTEX_POINT('',#4872);
#1382=VERTEX_POINT('',#4874);
#1383=VERTEX_POINT('',#4876);
#1384=VERTEX_POINT('',#4878);
#1385=VERTEX_POINT('',#4880);
#1386=VERTEX_POINT('',#4882);
#1387=VERTEX_POINT('',#4884);
#1388=VERTEX_POINT('',#4886);
#1389=VERTEX_POINT('',#4888);
#1390=VERTEX_POINT('',#4890);
#1391=VERTEX_POINT('',#4894);
#1392=VERTEX_POINT('',#4895);
#1393=VERTEX_POINT('',#4897);
#1394=VERTEX_POINT('',#4899);
#1395=VERTEX_POINT('',#4903);
#1396=VERTEX_POINT('',#4905);
#1397=VERTEX_POINT('',#4909);
#1398=VERTEX_POINT('',#4911);
#1399=VERTEX_POINT('',#4919);
#1400=VERTEX_POINT('',#4923);
#1401=VERTEX_POINT('',#4927);
#1402=VERTEX_POINT('',#4933);
#1403=VERTEX_POINT('',#4935);
#1404=VERTEX_POINT('',#4937);
#1405=VERTEX_POINT('',#4939);
#1406=VERTEX_POINT('',#4944);
#1407=VERTEX_POINT('',#4951);
#1408=VERTEX_POINT('',#4955);
#1409=VERTEX_POINT('',#4961);
#1410=VERTEX_POINT('',#4963);
#1411=VERTEX_POINT('',#4965);
#1412=VERTEX_POINT('',#4967);
#1413=VERTEX_POINT('',#4978);
#1414=VERTEX_POINT('',#4985);
#1415=VERTEX_POINT('',#4987);
#1416=VERTEX_POINT('',#4989);
#1417=VERTEX_POINT('',#4991);
#1418=VERTEX_POINT('',#4993);
#1419=VERTEX_POINT('',#4995);
#1420=VERTEX_POINT('',#4997);
#1421=VERTEX_POINT('',#4999);
#1422=VERTEX_POINT('',#5001);
#1423=VERTEX_POINT('',#5003);
#1424=VERTEX_POINT('',#5005);
#1425=VERTEX_POINT('',#5009);
#1426=VERTEX_POINT('',#5013);
#1427=VERTEX_POINT('',#5017);
#1428=VERTEX_POINT('',#5023);
#1429=VERTEX_POINT('',#5025);
#1430=VERTEX_POINT('',#5027);
#1431=VERTEX_POINT('',#5032);
#1432=VERTEX_POINT('',#5052);
#1433=VERTEX_POINT('',#5054);
#1434=VERTEX_POINT('',#5071);
#1435=VERTEX_POINT('',#5091);
#1436=VERTEX_POINT('',#5093);
#1437=VERTEX_POINT('',#5095);
#1438=VERTEX_POINT('',#5097);
#1439=VERTEX_POINT('',#5099);
#1440=VERTEX_POINT('',#5101);
#1441=VERTEX_POINT('',#5103);
#1442=VERTEX_POINT('',#5105);
#1443=VERTEX_POINT('',#5112);
#1444=VERTEX_POINT('',#5117);
#1445=VERTEX_POINT('',#5119);
#1446=VERTEX_POINT('',#5121);
#1447=VERTEX_POINT('',#5123);
#1448=VERTEX_POINT('',#5125);
#1449=VERTEX_POINT('',#5127);
#1450=VERTEX_POINT('',#5129);
#1451=VERTEX_POINT('',#5133);
#1452=VERTEX_POINT('',#5135);
#1453=VERTEX_POINT('',#5137);
#1454=VERTEX_POINT('',#5139);
#1455=VERTEX_POINT('',#5143);
#1456=VERTEX_POINT('',#5144);
#1457=VERTEX_POINT('',#5146);
#1458=VERTEX_POINT('',#5149);
#1459=VERTEX_POINT('',#5151);
#1460=VERTEX_POINT('',#5153);
#1461=VERTEX_POINT('',#5158);
#1462=VERTEX_POINT('',#5162);
#1463=VERTEX_POINT('',#5164);
#1464=VERTEX_POINT('',#5166);
#1465=VERTEX_POINT('',#5168);
#1466=VERTEX_POINT('',#5170);
#1467=VERTEX_POINT('',#5179);
#1468=VERTEX_POINT('',#5181);
#1469=VERTEX_POINT('',#5186);
#1470=VERTEX_POINT('',#5191);
#1471=VERTEX_POINT('',#5196);
#1472=VERTEX_POINT('',#5201);
#1473=VERTEX_POINT('',#5206);
#1474=VERTEX_POINT('',#5213);
#1475=VERTEX_POINT('',#5218);
#1476=VERTEX_POINT('',#5223);
#1477=VERTEX_POINT('',#5228);
#1478=VERTEX_POINT('',#5233);
#1479=VERTEX_POINT('',#5240);
#1480=VERTEX_POINT('',#5242);
#1481=VERTEX_POINT('',#5246);
#1482=VERTEX_POINT('',#5250);
#1483=VERTEX_POINT('',#5254);
#1484=VERTEX_POINT('',#5259);
#1485=VERTEX_POINT('',#5263);
#1486=VERTEX_POINT('',#5265);
#1487=VERTEX_POINT('',#5272);
#1488=VERTEX_POINT('',#5277);
#1489=VERTEX_POINT('',#5281);
#1490=VERTEX_POINT('',#5285);
#1491=VERTEX_POINT('',#5289);
#1492=VERTEX_POINT('',#5293);
#1493=VERTEX_POINT('',#5295);
#1494=VERTEX_POINT('',#5297);
#1495=VERTEX_POINT('',#5299);
#1496=VERTEX_POINT('',#5303);
#1497=VERTEX_POINT('',#5305);
#1498=VERTEX_POINT('',#5307);
#1499=VERTEX_POINT('',#5309);
#1500=VERTEX_POINT('',#5311);
#1501=VERTEX_POINT('',#5315);
#1502=VERTEX_POINT('',#5318);
#1503=VERTEX_POINT('',#5320);
#1504=VERTEX_POINT('',#5440);
#1505=VERTEX_POINT('',#5443);
#1506=VERTEX_POINT('',#5447);
#1507=VERTEX_POINT('',#5448);
#1508=VERTEX_POINT('',#5450);
#1509=VERTEX_POINT('',#5452);
#1510=VERTEX_POINT('',#5456);
#1511=VERTEX_POINT('',#5457);
#1512=VERTEX_POINT('',#5476);
#1513=VERTEX_POINT('',#5493);
#1514=VERTEX_POINT('',#5495);
#1515=VERTEX_POINT('',#5497);
#1516=VERTEX_POINT('',#5499);
#1517=VERTEX_POINT('',#5501);
#1518=VERTEX_POINT('',#5505);
#1519=VERTEX_POINT('',#5507);
#1520=VERTEX_POINT('',#5585);
#1521=VERTEX_POINT('',#5607);
#1522=VERTEX_POINT('',#5618);
#1523=VERTEX_POINT('',#5620);
#1524=VERTEX_POINT('',#5641);
#1525=VERTEX_POINT('',#5647);
#1526=VERTEX_POINT('',#5667);
#1527=VERTEX_POINT('',#5668);
#1528=VERTEX_POINT('',#5670);
#1529=VERTEX_POINT('',#5672);
#1530=VERTEX_POINT('',#5676);
#1531=VERTEX_POINT('',#5677);
#1532=VERTEX_POINT('',#5679);
#1533=VERTEX_POINT('',#5681);
#1534=VERTEX_POINT('',#5685);
#1535=VERTEX_POINT('',#5687);
#1536=VERTEX_POINT('',#5691);
#1537=VERTEX_POINT('',#5693);
#1538=VERTEX_POINT('',#5696);
#1539=VERTEX_POINT('',#5698);
#1540=VERTEX_POINT('',#5700);
#1541=VERTEX_POINT('',#5704);
#1542=VERTEX_POINT('',#5708);
#1543=VERTEX_POINT('',#5714);
#1544=VERTEX_POINT('',#5716);
#1545=VERTEX_POINT('',#5718);
#1546=VERTEX_POINT('',#5722);
#1547=VERTEX_POINT('',#5724);
#1548=VERTEX_POINT('',#5726);
#1549=VERTEX_POINT('',#5728);
#1550=VERTEX_POINT('',#5738);
#1551=VERTEX_POINT('',#5741);
#1552=VERTEX_POINT('',#5743);
#1553=VERTEX_POINT('',#5745);
#1554=VERTEX_POINT('',#5754);
#1555=VERTEX_POINT('',#5756);
#1556=VERTEX_POINT('',#5760);
#1557=VERTEX_POINT('',#5773);
#1558=VERTEX_POINT('',#5777);
#1559=VERTEX_POINT('',#5780);
#1560=VERTEX_POINT('',#5782);
#1561=VERTEX_POINT('',#5808);
#1562=VERTEX_POINT('',#5847);
#1563=VERTEX_POINT('',#5860);
#1564=VERTEX_POINT('',#5867);
#1565=VERTEX_POINT('',#5872);
#1566=VERTEX_POINT('',#5889);
#1567=VERTEX_POINT('',#5913);
#1568=VERTEX_POINT('',#5918);
#1569=VERTEX_POINT('',#5920);
#1570=VERTEX_POINT('',#5925);
#1571=VERTEX_POINT('',#6002);
#1572=VERTEX_POINT('',#6003);
#1573=VERTEX_POINT('',#6008);
#1574=VERTEX_POINT('',#6074);
#1575=VERTEX_POINT('',#6085);
#1576=VERTEX_POINT('',#6100);
#1577=VERTEX_POINT('',#6107);
#1578=VERTEX_POINT('',#6118);
#1579=VERTEX_POINT('',#6123);
#1580=VERTEX_POINT('',#6135);
#1581=VERTEX_POINT('',#6137);
#1582=VERTEX_POINT('',#6142);
#1583=VERTEX_POINT('',#6159);
#1584=VERTEX_POINT('',#6170);
#1585=VERTEX_POINT('',#6178);
#1586=VERTEX_POINT('',#6180);
#1587=VERTEX_POINT('',#6182);
#1588=VERTEX_POINT('',#6184);
#1589=VERTEX_POINT('',#6186);
#1590=VERTEX_POINT('',#6212);
#1591=VERTEX_POINT('',#6268);
#1592=VERTEX_POINT('',#6288);
#1593=VERTEX_POINT('',#6290);
#1594=VERTEX_POINT('',#6353);
#1595=VERTEX_POINT('',#6358);
#1596=VERTEX_POINT('',#6381);
#1597=VERTEX_POINT('',#6463);
#1598=VERTEX_POINT('',#6465);
#1599=VERTEX_POINT('',#6467);
#1600=VERTEX_POINT('',#6469);
#1601=VERTEX_POINT('',#6471);
#1602=VERTEX_POINT('',#6473);
#1603=VERTEX_POINT('',#6475);
#1604=VERTEX_POINT('',#6477);
#1605=VERTEX_POINT('',#6480);
#1606=VERTEX_POINT('',#6481);
#1607=VERTEX_POINT('',#6483);
#1608=VERTEX_POINT('',#6485);
#1609=VERTEX_POINT('',#6496);
#1610=VERTEX_POINT('',#6504);
#1611=VERTEX_POINT('',#6519);
#1612=VERTEX_POINT('',#6527);
#1613=VERTEX_POINT('',#6611);
#1614=VERTEX_POINT('',#6612);
#1615=VERTEX_POINT('',#6623);
#1616=VERTEX_POINT('',#6628);
#1617=VERTEX_POINT('',#6641);
#1618=VERTEX_POINT('',#6657);
#1619=VERTEX_POINT('',#6660);
#1620=VERTEX_POINT('',#6662);
#1621=VERTEX_POINT('',#6697);
#1622=VERTEX_POINT('',#6708);
#1623=VERTEX_POINT('',#6713);
#1624=VERTEX_POINT('',#6753);
#1625=VERTEX_POINT('',#6754);
#1626=VERTEX_POINT('',#6768);
#1627=VERTEX_POINT('',#6779);
#1628=VERTEX_POINT('',#6784);
#1629=VERTEX_POINT('',#6802);
#1630=VERTEX_POINT('',#6826);
#1631=VERTEX_POINT('',#6837);
#1632=VERTEX_POINT('',#6850);
#1633=VERTEX_POINT('',#6866);
#1634=VERTEX_POINT('',#6877);
#1635=VERTEX_POINT('',#6878);
#1636=VERTEX_POINT('',#6880);
#1637=VERTEX_POINT('',#6882);
#1638=VERTEX_POINT('',#6889);
#1639=VERTEX_POINT('',#6891);
#1640=VERTEX_POINT('',#6893);
#1641=VERTEX_POINT('',#6898);
#1642=VERTEX_POINT('',#6903);
#1643=VERTEX_POINT('',#6910);
#1644=VERTEX_POINT('',#6912);
#1645=VERTEX_POINT('',#6916);
#1646=VERTEX_POINT('',#6918);
#1647=VERTEX_POINT('',#6922);
#1648=VERTEX_POINT('',#6924);
#1649=VERTEX_POINT('',#6926);
#1650=VERTEX_POINT('',#6932);
#1651=VERTEX_POINT('',#6934);
#1652=VERTEX_POINT('',#6941);
#1653=VERTEX_POINT('',#6943);
#1654=VERTEX_POINT('',#6950);
#1655=VERTEX_POINT('',#6951);
#1656=VERTEX_POINT('',#6953);
#1657=VERTEX_POINT('',#6955);
#1658=VERTEX_POINT('',#6970);
#1659=VERTEX_POINT('',#6988);
#1660=VERTEX_POINT('',#7003);
#1661=VERTEX_POINT('',#7020);
#1662=VERTEX_POINT('',#7037);
#1663=VERTEX_POINT('',#7056);
#1664=VERTEX_POINT('',#7058);
#1665=VERTEX_POINT('',#7062);
#1666=VERTEX_POINT('',#7095);
#1667=VERTEX_POINT('',#7114);
#1668=VERTEX_POINT('',#7116);
#1669=VERTEX_POINT('',#7120);
#1670=VERTEX_POINT('',#7121);
#1671=VERTEX_POINT('',#7123);
#1672=VERTEX_POINT('',#7125);
#1673=VERTEX_POINT('',#7132);
#1674=VERTEX_POINT('',#7136);
#1675=EDGE_CURVE('',#1328,#1329,#1189,.T.);
#1676=EDGE_CURVE('',#1328,#1330,#665,.T.);
#1677=EDGE_CURVE('',#1331,#1330,#1190,.T.);
#1678=EDGE_CURVE('',#1329,#1331,#666,.T.);
#1679=EDGE_CURVE('',#1332,#1328,#667,.T.);
#1680=EDGE_CURVE('',#1333,#1332,#1191,.T.);
#1681=EDGE_CURVE('',#1333,#1334,#668,.T.);
#1682=EDGE_CURVE('',#1330,#1334,#669,.T.);
#1683=EDGE_CURVE('',#1335,#1336,#670,.T.);
#1684=EDGE_CURVE('',#1336,#1331,#671,.T.);
#1685=EDGE_CURVE('',#1334,#1335,#1192,.T.);
#1686=EDGE_CURVE('',#1329,#1337,#672,.T.);
#1687=EDGE_CURVE('',#1338,#1336,#673,.T.);
#1688=EDGE_CURVE('',#1337,#1338,#186,.T.);
#1689=EDGE_CURVE('',#1338,#1339,#674,.T.);
#1690=EDGE_CURVE('',#1339,#1340,#675,.T.);
#1691=EDGE_CURVE('',#1341,#1340,#1193,.T.);
#1692=EDGE_CURVE('',#1341,#1337,#676,.T.);
#1693=EDGE_CURVE('',#1342,#1343,#677,.T.);
#1694=EDGE_CURVE('',#1344,#1342,#187,.T.);
#1695=EDGE_CURVE('',#1344,#1345,#678,.T.);
#1696=EDGE_CURVE('',#1346,#1345,#679,.T.);
#1697=EDGE_CURVE('',#1343,#1346,#680,.T.);
#1698=EDGE_CURVE('',#1347,#1348,#681,.T.);
#1699=EDGE_CURVE('',#1349,#1347,#682,.T.);
#1700=EDGE_CURVE('',#1350,#1349,#683,.T.);
#1701=EDGE_CURVE('',#1351,#1350,#684,.T.);
#1702=EDGE_CURVE('',#1348,#1351,#1194,.T.);
#1703=EDGE_CURVE('',#1352,#1350,#1195,.T.);
#1704=EDGE_CURVE('',#1353,#1352,#685,.T.);
#1705=EDGE_CURVE('',#1353,#1351,#1196,.T.);
#1706=EDGE_CURVE('',#1343,#1347,#1197,.T.);
#1707=EDGE_CURVE('',#1349,#1346,#1198,.T.);
#1708=EDGE_CURVE('',#1345,#1352,#686,.T.);
#1709=EDGE_CURVE('',#1354,#1348,#1199,.T.);
#1710=EDGE_CURVE('',#1355,#1354,#687,.T.);
#1711=EDGE_CURVE('',#1355,#1356,#688,.T.);
#1712=EDGE_CURVE('',#1342,#1356,#689,.T.);
#1713=EDGE_CURVE('',#1357,#1358,#1200,.T.);
#1714=EDGE_CURVE('',#1359,#1358,#1201,.T.);
#1715=EDGE_CURVE('',#1360,#1359,#690,.T.);
#1716=EDGE_CURVE('',#1361,#1360,#1202,.T.);
#1717=EDGE_CURVE('',#1362,#1361,#691,.T.);
#1718=EDGE_CURVE('',#1363,#1362,#1203,.T.);
#1719=EDGE_CURVE('',#1363,#1364,#1204,.T.);
#1720=EDGE_CURVE('',#1357,#1364,#1205,.T.);
#1721=EDGE_CURVE('',#1351,#1365,#1206,.T.);
#1722=EDGE_CURVE('',#1365,#1366,#1207,.T.);
#1723=EDGE_CURVE('',#1354,#1366,#1208,.T.);
#1724=EDGE_CURVE('',#1367,#1368,#1209,.T.);
#1725=EDGE_CURVE('',#1369,#1367,#692,.T.);
#1726=EDGE_CURVE('',#1369,#1370,#1210,.T.);
#1727=EDGE_CURVE('',#1370,#1368,#693,.T.);
#1728=EDGE_CURVE('',#1371,#1367,#694,.T.);
#1729=EDGE_CURVE('',#1372,#1371,#1211,.T.);
#1730=EDGE_CURVE('',#1373,#1372,#695,.T.);
#1731=EDGE_CURVE('',#1369,#1373,#696,.T.);
#1732=EDGE_CURVE('',#1368,#1374,#697,.T.);
#1733=EDGE_CURVE('',#1370,#1375,#698,.T.);
#1734=EDGE_CURVE('',#1376,#1375,#699,.T.);
#1735=EDGE_CURVE('',#1374,#1376,#1212,.T.);
#1736=EDGE_CURVE('',#1375,#1373,#1213,.T.);
#1737=EDGE_CURVE('',#1371,#1377,#1214,.T.);
#1738=EDGE_CURVE('',#1377,#1378,#58,.T.);
#1739=EDGE_CURVE('',#1378,#1372,#1215,.T.);
#1740=EDGE_CURVE('',#1376,#1379,#1216,.T.);
#1741=EDGE_CURVE('',#1379,#1380,#1217,.T.);
#1742=EDGE_CURVE('',#1380,#1374,#1218,.T.);
#1743=EDGE_CURVE('',#1381,#1378,#700,.T.);
#1744=EDGE_CURVE('',#1382,#1381,#1219,.T.);
#1745=EDGE_CURVE('',#1383,#1382,#701,.T.);
#1746=EDGE_CURVE('',#1384,#1383,#1220,.T.);
#1747=EDGE_CURVE('',#1385,#1384,#702,.T.);
#1748=EDGE_CURVE('',#1386,#1385,#1221,.T.);
#1749=EDGE_CURVE('',#1386,#1387,#703,.T.);
#1750=EDGE_CURVE('',#1388,#1387,#1222,.T.);
#1751=EDGE_CURVE('',#1389,#1388,#704,.T.);
#1752=EDGE_CURVE('',#1390,#1389,#1223,.T.);
#1753=EDGE_CURVE('',#1390,#1379,#705,.T.);
#1754=EDGE_CURVE('',#1391,#1392,#706,.T.);
#1755=EDGE_CURVE('',#1391,#1393,#707,.T.);
#1756=EDGE_CURVE('',#1393,#1394,#708,.T.);
#1757=EDGE_CURVE('',#1392,#1394,#709,.T.);
#1758=EDGE_CURVE('',#1395,#1391,#710,.T.);
#1759=EDGE_CURVE('',#1395,#1396,#711,.T.);
#1760=EDGE_CURVE('',#1396,#1393,#712,.T.);
#1761=EDGE_CURVE('',#1397,#1395,#713,.T.);
#1762=EDGE_CURVE('',#1397,#1398,#714,.T.);
#1763=EDGE_CURVE('',#1398,#1396,#715,.T.);
#1764=EDGE_CURVE('',#1392,#1397,#716,.T.);
#1765=EDGE_CURVE('',#1394,#1398,#717,.T.);
#1766=EDGE_CURVE('',#1387,#1399,#39,.T.);
#1767=EDGE_CURVE('',#1400,#1399,#40,.T.);
#1768=EDGE_CURVE('',#1400,#1401,#1224,.T.);
#1769=EDGE_CURVE('',#1401,#1388,#41,.F.);
#1770=EDGE_CURVE('',#1399,#1402,#718,.T.);
#1771=EDGE_CURVE('',#1386,#1403,#1225,.T.);
#1772=EDGE_CURVE('',#1403,#1404,#719,.T.);
#1773=EDGE_CURVE('',#1405,#1404,#59,.T.);
#1774=EDGE_CURVE('',#1405,#1406,#720,.T.);
#1775=EDGE_CURVE('',#1406,#1379,#1226,.T.);
#1776=EDGE_CURVE('',#1402,#1390,#42,.T.);
#1777=EDGE_CURVE('',#1389,#1407,#43,.F.);
#1778=EDGE_CURVE('',#1407,#1408,#1227,.T.);
#1779=EDGE_CURVE('',#1408,#1402,#44,.F.);
#1780=EDGE_CURVE('',#1409,#1407,#721,.T.);
#1781=EDGE_CURVE('',#1410,#1409,#1228,.T.);
#1782=EDGE_CURVE('',#1411,#1410,#722,.T.);
#1783=EDGE_CURVE('',#1412,#1411,#45,.T.);
#1784=EDGE_CURVE('',#1413,#1412,#46,.T.);
#1785=EDGE_CURVE('',#1413,#1414,#1229,.T.);
#1786=EDGE_CURVE('',#1414,#1415,#1230,.T.);
#1787=EDGE_CURVE('',#1416,#1415,#723,.T.);
#1788=EDGE_CURVE('',#1417,#1416,#724,.T.);
#1789=EDGE_CURVE('',#1418,#1417,#1231,.T.);
#1790=EDGE_CURVE('',#1419,#1418,#725,.T.);
#1791=EDGE_CURVE('',#1419,#1420,#1232,.T.);
#1792=EDGE_CURVE('',#1421,#1420,#726,.T.);
#1793=EDGE_CURVE('',#1422,#1421,#727,.T.);
#1794=EDGE_CURVE('',#1423,#1422,#728,.T.);
#1795=EDGE_CURVE('',#1423,#1424,#1233,.T.);
#1796=EDGE_CURVE('',#1408,#1424,#729,.T.);
#1797=EDGE_CURVE('',#1381,#1425,#47,.T.);
#1798=EDGE_CURVE('',#1426,#1425,#48,.T.);
#1799=EDGE_CURVE('',#1426,#1427,#1234,.T.);
#1800=EDGE_CURVE('',#1427,#1382,#49,.F.);
#1801=EDGE_CURVE('',#1425,#1428,#730,.T.);
#1802=EDGE_CURVE('',#1429,#1378,#731,.T.);
#1803=EDGE_CURVE('',#1430,#1429,#732,.T.);
#1804=EDGE_CURVE('',#1385,#1430,#733,.T.);
#1805=EDGE_CURVE('',#1428,#1384,#734,.T.);
#1806=EDGE_CURVE('',#1377,#1431,#735,.T.);
#1807=EDGE_CURVE('',#1431,#1429,#188,.T.);
#1808=EDGE_CURVE('',#1406,#1380,#1235,.T.);
#1809=EDGE_CURVE('',#1430,#1432,#189,.T.);
#1810=EDGE_CURVE('',#1432,#1433,#736,.T.);
#1811=EDGE_CURVE('',#1433,#1385,#60,.T.);
#1812=EDGE_CURVE('',#1433,#1434,#1236,.T.);
#1813=EDGE_CURVE('',#1434,#1386,#1237,.T.);
#1814=EDGE_CURVE('',#1434,#1403,#1238,.T.);
#1815=EDGE_CURVE('',#1435,#1432,#737,.T.);
#1816=EDGE_CURVE('',#1436,#1435,#1239,.T.);
#1817=EDGE_CURVE('',#1437,#1436,#738,.T.);
#1818=EDGE_CURVE('',#1438,#1437,#739,.T.);
#1819=EDGE_CURVE('',#1439,#1438,#1240,.T.);
#1820=EDGE_CURVE('',#1440,#1439,#740,.T.);
#1821=EDGE_CURVE('',#1441,#1440,#741,.T.);
#1822=EDGE_CURVE('',#1442,#1441,#1241,.T.);
#1823=EDGE_CURVE('',#1404,#1442,#61,.T.);
#1824=EDGE_CURVE('',#1443,#1405,#62,.T.);
#1825=EDGE_CURVE('',#1444,#1443,#1242,.T.);
#1826=EDGE_CURVE('',#1445,#1444,#742,.T.);
#1827=EDGE_CURVE('',#1446,#1445,#743,.T.);
#1828=EDGE_CURVE('',#1447,#1446,#1243,.T.);
#1829=EDGE_CURVE('',#1448,#1447,#744,.T.);
#1830=EDGE_CURVE('',#1449,#1448,#745,.T.);
#1831=EDGE_CURVE('',#1450,#1449,#1244,.T.);
#1832=EDGE_CURVE('',#1431,#1450,#746,.T.);
#1833=EDGE_CURVE('',#1428,#1451,#747,.T.);
#1834=EDGE_CURVE('',#1452,#1451,#748,.T.);
#1835=EDGE_CURVE('',#1452,#1453,#749,.T.);
#1836=EDGE_CURVE('',#1453,#1454,#750,.T.);
#1837=EDGE_CURVE('',#1454,#1426,#751,.T.);
#1838=EDGE_CURVE('',#1455,#1456,#752,.T.);
#1839=EDGE_CURVE('',#1455,#1457,#1245,.T.);
#1840=EDGE_CURVE('',#1457,#1451,#1246,.T.);
#1841=EDGE_CURVE('',#1458,#1383,#753,.T.);
#1842=EDGE_CURVE('',#1459,#1458,#754,.T.);
#1843=EDGE_CURVE('',#1459,#1460,#1247,.T.);
#1844=EDGE_CURVE('',#1365,#1460,#755,.T.);
#1845=EDGE_CURVE('',#1456,#1353,#756,.T.);
#1846=EDGE_CURVE('',#1461,#1401,#757,.T.);
#1847=EDGE_CURVE('',#1461,#1409,#758,.T.);
#1848=EDGE_CURVE('',#1400,#1462,#759,.T.);
#1849=EDGE_CURVE('',#1462,#1463,#1248,.T.);
#1850=EDGE_CURVE('',#1464,#1463,#760,.T.);
#1851=EDGE_CURVE('',#1465,#1464,#761,.T.);
#1852=EDGE_CURVE('',#1466,#1465,#762,.T.);
#1853=EDGE_CURVE('',#1466,#1461,#1249,.T.);
#1854=EDGE_CURVE('',#1467,#1442,#763,.T.);
#1855=EDGE_CURVE('',#1468,#1467,#63,.T.);
#1856=EDGE_CURVE('',#1468,#1469,#64,.T.);
#1857=EDGE_CURVE('',#1470,#1469,#65,.T.);
#1858=EDGE_CURVE('',#1471,#1470,#66,.T.);
#1859=EDGE_CURVE('',#1472,#1471,#67,.T.);
#1860=EDGE_CURVE('',#1472,#1473,#68,.T.);
#1861=EDGE_CURVE('',#1474,#1473,#69,.T.);
#1862=EDGE_CURVE('',#1475,#1474,#70,.T.);
#1863=EDGE_CURVE('',#1476,#1475,#71,.T.);
#1864=EDGE_CURVE('',#1476,#1477,#72,.T.);
#1865=EDGE_CURVE('',#1478,#1477,#73,.T.);
#1866=EDGE_CURVE('',#1443,#1478,#764,.T.);
#1867=EDGE_CURVE('',#1435,#1479,#765,.T.);
#1868=EDGE_CURVE('',#1480,#1479,#1250,.T.);
#1869=EDGE_CURVE('',#1436,#1480,#766,.T.);
#1870=EDGE_CURVE('',#1441,#1481,#767,.T.);
#1871=EDGE_CURVE('',#1467,#1481,#1251,.T.);
#1872=EDGE_CURVE('',#1482,#1478,#1252,.T.);
#1873=EDGE_CURVE('',#1482,#1444,#768,.T.);
#1874=EDGE_CURVE('',#1483,#1480,#74,.T.);
#1875=EDGE_CURVE('',#1483,#1484,#769,.T.);
#1876=EDGE_CURVE('',#1484,#1437,#770,.T.);
#1877=EDGE_CURVE('',#1440,#1485,#771,.T.);
#1878=EDGE_CURVE('',#1485,#1486,#772,.T.);
#1879=EDGE_CURVE('',#1481,#1486,#75,.T.);
#1880=EDGE_CURVE('',#1487,#1482,#76,.T.);
#1881=EDGE_CURVE('',#1488,#1487,#773,.T.);
#1882=EDGE_CURVE('',#1488,#1445,#774,.T.);
#1883=EDGE_CURVE('',#1489,#1484,#775,.T.);
#1884=EDGE_CURVE('',#1438,#1489,#776,.T.);
#1885=EDGE_CURVE('',#1439,#1490,#777,.T.);
#1886=EDGE_CURVE('',#1485,#1490,#778,.T.);
#1887=EDGE_CURVE('',#1491,#1488,#779,.T.);
#1888=EDGE_CURVE('',#1491,#1446,#780,.T.);
#1889=EDGE_CURVE('',#1492,#1489,#1253,.T.);
#1890=EDGE_CURVE('',#1492,#1493,#190,.T.);
#1891=EDGE_CURVE('',#1493,#1494,#1254,.T.);
#1892=EDGE_CURVE('',#1494,#1495,#191,.T.);
#1893=EDGE_CURVE('',#1490,#1495,#1255,.T.);
#1894=EDGE_CURVE('',#1496,#1491,#1256,.T.);
#1895=EDGE_CURVE('',#1496,#1497,#192,.T.);
#1896=EDGE_CURVE('',#1497,#1498,#1257,.T.);
#1897=EDGE_CURVE('',#1498,#1499,#193,.T.);
#1898=EDGE_CURVE('',#1500,#1499,#1258,.T.);
#1899=EDGE_CURVE('',#1500,#1447,#781,.T.);
#1900=EDGE_CURVE('',#1501,#1501,#1259,.T.);
#1901=EDGE_CURVE('',#1501,#1502,#782,.T.);
#1902=EDGE_CURVE('',#1503,#1502,#77,.T.);
#1903=EDGE_CURVE('',#1502,#1503,#78,.T.);
#1904=EDGE_CURVE('',#1424,#1462,#783,.T.);
#1905=EDGE_CURVE('',#1463,#1423,#784,.T.);
#1906=EDGE_CURVE('',#1504,#1504,#1260,.T.);
#1907=EDGE_CURVE('',#1505,#1505,#1261,.T.);
#1908=EDGE_CURVE('',#1506,#1507,#785,.T.);
#1909=EDGE_CURVE('',#1508,#1507,#786,.T.);
#1910=EDGE_CURVE('',#1509,#1508,#787,.T.);
#1911=EDGE_CURVE('',#1506,#1509,#788,.T.);
#1912=EDGE_CURVE('',#1510,#1511,#79,.T.);
#1913=EDGE_CURVE('',#1511,#1362,#80,.T.);
#1914=EDGE_CURVE('',#1512,#1361,#81,.T.);
#1915=EDGE_CURVE('',#1512,#1510,#789,.T.);
#1916=EDGE_CURVE('',#1507,#1513,#1262,.T.);
#1917=EDGE_CURVE('',#1513,#1514,#1263,.T.);
#1918=EDGE_CURVE('',#1514,#1515,#1264,.T.);
#1919=EDGE_CURVE('',#1515,#1516,#1265,.T.);
#1920=EDGE_CURVE('',#1516,#1517,#790,.T.);
#1921=EDGE_CURVE('',#1517,#1508,#1266,.T.);
#1922=EDGE_CURVE('',#1513,#1518,#791,.T.);
#1923=EDGE_CURVE('',#1519,#1518,#1267,.T.);
#1924=EDGE_CURVE('',#1519,#1514,#792,.T.);
#1925=EDGE_CURVE('',#1511,#1363,#82,.T.);
#1926=EDGE_CURVE('',#1518,#1357,#83,.T.);
#1927=EDGE_CURVE('',#1364,#1519,#84,.T.);
#1928=EDGE_CURVE('',#1464,#1422,#793,.T.);
#1929=EDGE_CURVE('',#1466,#1410,#794,.T.);
#1930=EDGE_CURVE('',#1454,#1465,#795,.T.);
#1931=EDGE_CURVE('',#1454,#1411,#796,.T.);
#1932=EDGE_CURVE('',#1454,#1453,#50,.T.);
#1933=EDGE_CURVE('',#1520,#1453,#51,.T.);
#1934=EDGE_CURVE('',#1520,#1412,#797,.T.);
#1935=EDGE_CURVE('',#1521,#1520,#52,.T.);
#1936=EDGE_CURVE('',#1521,#1413,#798,.T.);
#1937=EDGE_CURVE('',#1365,#1418,#799,.T.);
#1938=EDGE_CURVE('',#1522,#1417,#800,.T.);
#1939=EDGE_CURVE('',#1522,#1523,#1268,.T.);
#1940=EDGE_CURVE('',#1523,#1366,#801,.T.);
#1941=EDGE_CURVE('',#1452,#1521,#1269,.T.);
#1942=EDGE_CURVE('',#1427,#1465,#802,.T.);
#1943=EDGE_CURVE('',#1416,#1456,#803,.T.);
#1944=EDGE_CURVE('',#1455,#1415,#804,.T.);
#1945=EDGE_CURVE('',#1460,#1419,#805,.T.);
#1946=EDGE_CURVE('',#1505,#1414,#806,.T.);
#1947=EDGE_CURVE('',#1457,#1515,#807,.T.);
#1948=EDGE_CURVE('',#1516,#1510,#808,.T.);
#1949=EDGE_CURVE('',#1458,#1421,#809,.T.);
#1950=EDGE_CURVE('',#1459,#1420,#810,.T.);
#1951=EDGE_CURVE('',#1504,#1524,#811,.T.);
#1952=EDGE_CURVE('',#1358,#1524,#85,.T.);
#1953=EDGE_CURVE('',#1525,#1506,#86,.T.);
#1954=EDGE_CURVE('',#1524,#1525,#87,.T.);
#1955=EDGE_CURVE('',#1526,#1527,#812,.T.);
#1956=EDGE_CURVE('',#1526,#1528,#1270,.T.);
#1957=EDGE_CURVE('',#1529,#1528,#813,.T.);
#1958=EDGE_CURVE('',#1527,#1529,#1271,.T.);
#1959=EDGE_CURVE('',#1530,#1531,#814,.T.);
#1960=EDGE_CURVE('',#1532,#1530,#1272,.T.);
#1961=EDGE_CURVE('',#1533,#1532,#815,.T.);
#1962=EDGE_CURVE('',#1533,#1531,#1273,.T.);
#1963=EDGE_CURVE('',#1531,#1534,#816,.T.);
#1964=EDGE_CURVE('',#1535,#1534,#817,.T.);
#1965=EDGE_CURVE('',#1530,#1535,#818,.T.);
#1966=EDGE_CURVE('',#1536,#1526,#819,.T.);
#1967=EDGE_CURVE('',#1537,#1536,#820,.T.);
#1968=EDGE_CURVE('',#1534,#1537,#821,.T.);
#1969=EDGE_CURVE('',#1538,#1533,#822,.T.);
#1970=EDGE_CURVE('',#1539,#1538,#823,.T.);
#1971=EDGE_CURVE('',#1540,#1539,#824,.T.);
#1972=EDGE_CURVE('',#1528,#1540,#825,.T.);
#1973=EDGE_CURVE('',#1541,#1527,#826,.T.);
#1974=EDGE_CURVE('',#1541,#1536,#827,.T.);
#1975=EDGE_CURVE('',#1542,#1532,#828,.T.);
#1976=EDGE_CURVE('',#1542,#1538,#829,.T.);
#1977=EDGE_CURVE('',#1541,#1344,#830,.T.);
#1978=EDGE_CURVE('',#1529,#1339,#831,.T.);
#1979=EDGE_CURVE('',#1335,#1543,#832,.T.);
#1980=EDGE_CURVE('',#1543,#1544,#833,.T.);
#1981=EDGE_CURVE('',#1544,#1545,#834,.T.);
#1982=EDGE_CURVE('',#1545,#1522,#835,.T.);
#1983=EDGE_CURVE('',#1546,#1450,#836,.T.);
#1984=EDGE_CURVE('',#1547,#1546,#837,.T.);
#1985=EDGE_CURVE('',#1547,#1548,#838,.T.);
#1986=EDGE_CURVE('',#1549,#1548,#839,.T.);
#1987=EDGE_CURVE('',#1340,#1549,#88,.T.);
#1988=EDGE_CURVE('',#1340,#1550,#840,.T.);
#1989=EDGE_CURVE('',#1550,#1542,#841,.T.);
#1990=EDGE_CURVE('',#1535,#1551,#842,.T.);
#1991=EDGE_CURVE('',#1551,#1552,#843,.T.);
#1992=EDGE_CURVE('',#1553,#1552,#89,.T.);
#1993=EDGE_CURVE('',#1554,#1553,#844,.T.);
#1994=EDGE_CURVE('',#1554,#1555,#845,.T.);
#1995=EDGE_CURVE('',#1479,#1555,#846,.T.);
#1996=EDGE_CURVE('',#1556,#1547,#90,.T.);
#1997=EDGE_CURVE('',#1546,#1557,#1274,.T.);
#1998=EDGE_CURVE('',#1557,#1556,#847,.T.);
#1999=EDGE_CURVE('',#1478,#1558,#1275,.T.);
#2000=EDGE_CURVE('',#1558,#1557,#1276,.T.);
#2001=EDGE_CURVE('',#1546,#1559,#1277,.T.);
#2002=EDGE_CURVE('',#1559,#1560,#91,.T.);
#2003=EDGE_CURVE('',#1560,#1487,#1278,.T.);
#2004=EDGE_CURVE('',#1477,#1561,#92,.T.);
#2005=EDGE_CURVE('',#1561,#1558,#93,.T.);
#2006=EDGE_CURVE('',#1561,#1556,#1279,.T.);
#2007=EDGE_CURVE('',#1562,#1468,#94,.T.);
#2008=EDGE_CURVE('',#1467,#1563,#1280,.T.);
#2009=EDGE_CURVE('',#1563,#1562,#95,.T.);
#2010=EDGE_CURVE('',#1479,#1564,#1281,.T.);
#2011=EDGE_CURVE('',#1564,#1563,#1282,.T.);
#2012=EDGE_CURVE('',#1486,#1483,#1283,.T.);
#2013=EDGE_CURVE('',#1555,#1565,#96,.T.);
#2014=EDGE_CURVE('',#1565,#1564,#848,.T.);
#2015=EDGE_CURVE('',#1565,#1562,#1284,.T.);
#2016=EDGE_CURVE('',#1448,#1566,#849,.T.);
#2017=EDGE_CURVE('',#1560,#1566,#850,.T.);
#2018=EDGE_CURVE('',#1559,#1449,#851,.T.);
#2019=EDGE_CURVE('',#1567,#1355,#97,.T.);
#2020=EDGE_CURVE('',#1355,#1568,#1285,.T.);
#2021=EDGE_CURVE('',#1568,#1569,#98,.T.);
#2022=EDGE_CURVE('',#1569,#1570,#99,.T.);
#2023=EDGE_CURVE('',#1570,#1567,#100,.T.);
#2024=EDGE_CURVE('',#1571,#1572,#101,.T.);
#2025=EDGE_CURVE('',#1572,#1573,#102,.T.);
#2026=EDGE_CURVE('',#1573,#1567,#103,.T.);
#2027=EDGE_CURVE('',#1571,#1570,#104,.T.);
#2028=EDGE_CURVE('',#1366,#1568,#852,.T.);
#2029=EDGE_CURVE('',#1356,#1552,#1286,.T.);
#2030=EDGE_CURVE('',#1552,#1541,#853,.T.);
#2031=EDGE_CURVE('',#1574,#1553,#1287,.T.);
#2032=EDGE_CURVE('',#1356,#1574,#105,.T.);
#2033=EDGE_CURVE('',#1575,#1554,#106,.F.);
#2034=EDGE_CURVE('',#1574,#1575,#854,.T.);
#2035=EDGE_CURVE('',#1576,#1572,#107,.T.);
#2036=EDGE_CURVE('',#1577,#1576,#108,.T.);
#2037=EDGE_CURVE('',#1578,#1577,#109,.T.);
#2038=EDGE_CURVE('',#1579,#1578,#855,.T.);
#2039=EDGE_CURVE('',#1573,#1579,#110,.T.);
#2040=EDGE_CURVE('',#1580,#1569,#856,.T.);
#2041=EDGE_CURVE('',#1581,#1580,#111,.T.);
#2042=EDGE_CURVE('',#1581,#1582,#112,.T.);
#2043=EDGE_CURVE('',#1576,#1582,#113,.T.);
#2044=EDGE_CURVE('',#1579,#1583,#114,.T.);
#2045=EDGE_CURVE('',#1584,#1583,#115,.T.);
#2046=EDGE_CURVE('',#1574,#1584,#857,.T.);
#2047=EDGE_CURVE('',#1523,#1585,#858,.T.);
#2048=EDGE_CURVE('',#1585,#1586,#859,.T.);
#2049=EDGE_CURVE('',#1586,#1587,#860,.T.);
#2050=EDGE_CURVE('',#1588,#1587,#861,.T.);
#2051=EDGE_CURVE('',#1589,#1588,#862,.T.);
#2052=EDGE_CURVE('',#1580,#1589,#116,.T.);
#2053=EDGE_CURVE('',#1470,#1590,#117,.F.);
#2054=EDGE_CURVE('',#1590,#1584,#118,.T.);
#2055=EDGE_CURVE('',#1584,#1471,#1288,.T.);
#2056=EDGE_CURVE('',#1583,#1472,#119,.T.);
#2057=EDGE_CURVE('',#1591,#1578,#120,.T.);
#2058=EDGE_CURVE('',#1473,#1591,#121,.T.);
#2059=EDGE_CURVE('',#1592,#1549,#1289,.T.);
#2060=EDGE_CURVE('',#1548,#1593,#122,.F.);
#2061=EDGE_CURVE('',#1593,#1592,#863,.T.);
#2062=EDGE_CURVE('',#1592,#1341,#123,.T.);
#2063=EDGE_CURVE('',#1332,#1594,#1290,.T.);
#2064=EDGE_CURVE('',#1594,#1588,#1291,.T.);
#2065=EDGE_CURVE('',#1588,#1333,#1292,.T.);
#2066=EDGE_CURVE('',#1595,#1589,#1293,.T.);
#2067=EDGE_CURVE('',#1594,#1595,#864,.T.);
#2068=EDGE_CURVE('',#1595,#1596,#124,.T.);
#2069=EDGE_CURVE('',#1596,#1581,#125,.T.);
#2070=EDGE_CURVE('',#1596,#1577,#126,.T.);
#2071=EDGE_CURVE('',#1597,#1341,#865,.T.);
#2072=EDGE_CURVE('',#1597,#1598,#1294,.T.);
#2073=EDGE_CURVE('',#1598,#1599,#866,.T.);
#2074=EDGE_CURVE('',#1599,#1600,#867,.T.);
#2075=EDGE_CURVE('',#1600,#1601,#868,.T.);
#2076=EDGE_CURVE('',#1601,#1602,#1295,.T.);
#2077=EDGE_CURVE('',#1602,#1603,#869,.T.);
#2078=EDGE_CURVE('',#1603,#1604,#870,.T.);
#2079=EDGE_CURVE('',#1595,#1604,#871,.T.);
#2080=EDGE_CURVE('',#1605,#1606,#872,.T.);
#2081=EDGE_CURVE('',#1607,#1605,#1296,.T.);
#2082=EDGE_CURVE('',#1608,#1607,#873,.T.);
#2083=EDGE_CURVE('',#1606,#1608,#1297,.T.);
#2084=EDGE_CURVE('',#1604,#1609,#127,.T.);
#2085=EDGE_CURVE('',#1609,#1610,#128,.T.);
#2086=EDGE_CURVE('',#1610,#1597,#129,.T.);
#2087=EDGE_CURVE('',#1611,#1592,#874,.T.);
#2088=EDGE_CURVE('',#1591,#1611,#130,.T.);
#2089=EDGE_CURVE('',#1593,#1612,#1298,.T.);
#2090=EDGE_CURVE('',#1611,#1612,#131,.T.);
#2091=EDGE_CURVE('',#1611,#1474,#1299,.T.);
#2092=EDGE_CURVE('',#1612,#1475,#132,.F.);
#2093=EDGE_CURVE('',#1613,#1614,#133,.T.);
#2094=EDGE_CURVE('',#1615,#1613,#134,.T.);
#2095=EDGE_CURVE('',#1615,#1616,#135,.T.);
#2096=EDGE_CURVE('',#1616,#1617,#136,.T.);
#2097=EDGE_CURVE('',#1617,#1614,#137,.T.);
#2098=EDGE_CURVE('',#1614,#1618,#875,.T.);
#2099=EDGE_CURVE('',#1618,#1609,#876,.T.);
#2100=EDGE_CURVE('',#1619,#1603,#877,.T.);
#2101=EDGE_CURVE('',#1619,#1620,#878,.T.);
#2102=EDGE_CURVE('',#1620,#1613,#138,.T.);
#2103=EDGE_CURVE('',#1621,#1620,#139,.F.);
#2104=EDGE_CURVE('',#1621,#1622,#140,.T.);
#2105=EDGE_CURVE('',#1622,#1623,#141,.T.);
#2106=EDGE_CURVE('',#1623,#1615,#142,.T.);
#2107=EDGE_CURVE('',#1621,#1619,#879,.T.);
#2108=EDGE_CURVE('',#1622,#1602,#880,.T.);
#2109=EDGE_CURVE('',#1624,#1625,#143,.T.);
#2110=EDGE_CURVE('',#1626,#1624,#144,.F.);
#2111=EDGE_CURVE('',#1626,#1627,#145,.T.);
#2112=EDGE_CURVE('',#1627,#1628,#146,.T.);
#2113=EDGE_CURVE('',#1625,#1628,#147,.T.);
#2114=EDGE_CURVE('',#1626,#1629,#881,.T.);
#2115=EDGE_CURVE('',#1629,#1599,#882,.T.);
#2116=EDGE_CURVE('',#1627,#1598,#883,.T.);
#2117=EDGE_CURVE('',#1625,#1630,#148,.T.);
#2118=EDGE_CURVE('',#1628,#1631,#149,.T.);
#2119=EDGE_CURVE('',#1631,#1632,#150,.T.);
#2120=EDGE_CURVE('',#1632,#1630,#151,.T.);
#2121=EDGE_CURVE('',#1630,#1633,#884,.T.);
#2122=EDGE_CURVE('',#1600,#1633,#885,.T.);
#2123=EDGE_CURVE('',#1629,#1624,#886,.T.);
#2124=EDGE_CURVE('',#1633,#1632,#887,.T.);
#2125=EDGE_CURVE('',#1618,#1617,#888,.T.);
#2126=EDGE_CURVE('',#1634,#1635,#889,.T.);
#2127=EDGE_CURVE('',#1635,#1636,#890,.F.);
#2128=EDGE_CURVE('',#1636,#1637,#891,.T.);
#2129=EDGE_CURVE('',#1637,#1634,#152,.T.);
#2130=EDGE_CURVE('',#1637,#1638,#1300,.T.);
#2131=EDGE_CURVE('',#1638,#1639,#1301,.T.);
#2132=EDGE_CURVE('',#1639,#1640,#153,.T.);
#2133=EDGE_CURVE('',#1640,#1641,#154,.T.);
#2134=EDGE_CURVE('',#1641,#1642,#1302,.T.);
#2135=EDGE_CURVE('',#1642,#1634,#155,.T.);
#2136=EDGE_CURVE('',#1639,#1643,#892,.T.);
#2137=EDGE_CURVE('',#1643,#1644,#893,.F.);
#2138=EDGE_CURVE('',#1644,#1640,#894,.T.);
#2139=EDGE_CURVE('',#1642,#1645,#1303,.T.);
#2140=EDGE_CURVE('',#1645,#1646,#895,.T.);
#2141=EDGE_CURVE('',#1646,#1635,#1304,.T.);
#2142=EDGE_CURVE('',#1647,#1641,#1305,.T.);
#2143=EDGE_CURVE('',#1648,#1647,#1306,.T.);
#2144=EDGE_CURVE('',#1649,#1648,#1307,.T.);
#2145=EDGE_CURVE('',#1544,#1649,#1308,.T.);
#2146=EDGE_CURVE('',#1587,#1543,#1309,.T.);
#2147=EDGE_CURVE('',#1645,#1586,#1310,.T.);
#2148=EDGE_CURVE('',#1644,#1650,#1311,.T.);
#2149=EDGE_CURVE('',#1651,#1650,#896,.T.);
#2150=EDGE_CURVE('',#1647,#1651,#156,.T.);
#2151=EDGE_CURVE('',#1650,#1652,#897,.F.);
#2152=EDGE_CURVE('',#1652,#1653,#898,.T.);
#2153=EDGE_CURVE('',#1653,#1651,#157,.T.);
#2154=EDGE_CURVE('',#1654,#1655,#899,.T.);
#2155=EDGE_CURVE('',#1655,#1656,#900,.F.);
#2156=EDGE_CURVE('',#1656,#1657,#901,.T.);
#2157=EDGE_CURVE('',#1657,#1654,#158,.T.);
#2158=EDGE_CURVE('',#1653,#1654,#1312,.T.);
#2159=EDGE_CURVE('',#1657,#1648,#159,.T.);
#2160=EDGE_CURVE('',#1656,#1658,#1313,.T.);
#2161=EDGE_CURVE('',#1649,#1658,#902,.T.);
#2162=EDGE_CURVE('',#1610,#1616,#903,.T.);
#2163=EDGE_CURVE('',#1601,#1631,#904,.T.);
#2164=EDGE_CURVE('',#1623,#1638,#905,.T.);
#2165=EDGE_CURVE('',#1636,#1655,#1314,.T.);
#2166=EDGE_CURVE('',#1652,#1643,#1315,.T.);
#2167=EDGE_CURVE('',#1585,#1646,#1316,.T.);
#2168=EDGE_CURVE('',#1658,#1545,#1317,.T.);
#2169=EDGE_CURVE('',#1606,#1659,#160,.T.);
#2170=EDGE_CURVE('',#1659,#1660,#906,.T.);
#2171=EDGE_CURVE('',#1660,#1605,#161,.T.);
#2172=EDGE_CURVE('',#1608,#1661,#162,.T.);
#2173=EDGE_CURVE('',#1661,#1659,#1318,.T.);
#2174=EDGE_CURVE('',#1607,#1662,#163,.T.);
#2175=EDGE_CURVE('',#1662,#1661,#907,.T.);
#2176=EDGE_CURVE('',#1660,#1662,#1319,.T.);
#2177=EDGE_CURVE('',#1660,#1663,#908,.T.);
#2178=EDGE_CURVE('',#1664,#1663,#1320,.T.);
#2179=EDGE_CURVE('',#1664,#1662,#909,.T.);
#2180=EDGE_CURVE('',#1665,#1659,#910,.T.);
#2181=EDGE_CURVE('',#1663,#1665,#911,.T.);
#2182=EDGE_CURVE('',#1509,#1360,#164,.T.);
#2183=EDGE_CURVE('',#1359,#1525,#165,.T.);
#2184=EDGE_CURVE('',#1509,#1512,#1321,.T.);
#2185=EDGE_CURVE('',#1512,#1517,#912,.T.);
#2186=EDGE_CURVE('',#1665,#1666,#1322,.T.);
#2187=EDGE_CURVE('',#1666,#1664,#913,.T.);
#2188=EDGE_CURVE('',#1666,#1661,#914,.T.);
#2189=EDGE_CURVE('',#1551,#1537,#915,.T.);
#2190=EDGE_CURVE('',#1339,#1540,#916,.T.);
#2191=EDGE_CURVE('',#1550,#1539,#917,.T.);
#2192=EDGE_CURVE('',#1575,#1590,#1323,.T.);
#2193=EDGE_CURVE('',#1495,#1667,#918,.T.);
#2194=EDGE_CURVE('',#1668,#1494,#919,.T.);
#2195=EDGE_CURVE('',#1667,#1668,#194,.T.);
#2196=EDGE_CURVE('',#1669,#1670,#1324,.T.);
#2197=EDGE_CURVE('',#1671,#1669,#195,.T.);
#2198=EDGE_CURVE('',#1672,#1671,#1325,.T.);
#2199=EDGE_CURVE('',#1670,#1672,#196,.T.);
#2200=EDGE_CURVE('',#1499,#1669,#920,.T.);
#2201=EDGE_CURVE('',#1498,#1671,#921,.T.);
#2202=EDGE_CURVE('',#1493,#1673,#922,.T.);
#2203=EDGE_CURVE('',#1668,#1673,#1326,.T.);
#2204=EDGE_CURVE('',#1674,#1492,#923,.T.);
#2205=EDGE_CURVE('',#1673,#1674,#197,.T.);
#2206=EDGE_CURVE('',#1667,#1674,#1327,.T.);
#2207=EDGE_CURVE('',#1566,#1500,#924,.T.);
#2208=EDGE_CURVE('',#1670,#1496,#925,.T.);
#2209=EDGE_CURVE('',#1672,#1497,#926,.T.);
#2210=ORIENTED_EDGE('',*,*,#1675,.F.);
#2211=ORIENTED_EDGE('',*,*,#1676,.T.);
#2212=ORIENTED_EDGE('',*,*,#1677,.F.);
#2213=ORIENTED_EDGE('',*,*,#1678,.F.);
#2214=ORIENTED_EDGE('',*,*,#1679,.F.);
#2215=ORIENTED_EDGE('',*,*,#1680,.F.);
#2216=ORIENTED_EDGE('',*,*,#1681,.T.);
#2217=ORIENTED_EDGE('',*,*,#1682,.F.);
#2218=ORIENTED_EDGE('',*,*,#1676,.F.);
#2219=ORIENTED_EDGE('',*,*,#1683,.T.);
#2220=ORIENTED_EDGE('',*,*,#1684,.T.);
#2221=ORIENTED_EDGE('',*,*,#1677,.T.);
#2222=ORIENTED_EDGE('',*,*,#1682,.T.);
#2223=ORIENTED_EDGE('',*,*,#1685,.T.);
#2224=ORIENTED_EDGE('',*,*,#1686,.F.);
#2225=ORIENTED_EDGE('',*,*,#1678,.T.);
#2226=ORIENTED_EDGE('',*,*,#1684,.F.);
#2227=ORIENTED_EDGE('',*,*,#1687,.F.);
#2228=ORIENTED_EDGE('',*,*,#1688,.F.);
#2229=ORIENTED_EDGE('',*,*,#1688,.T.);
#2230=ORIENTED_EDGE('',*,*,#1689,.T.);
#2231=ORIENTED_EDGE('',*,*,#1690,.T.);
#2232=ORIENTED_EDGE('',*,*,#1691,.F.);
#2233=ORIENTED_EDGE('',*,*,#1692,.T.);
#2234=ORIENTED_EDGE('',*,*,#1693,.F.);
#2235=ORIENTED_EDGE('',*,*,#1694,.F.);
#2236=ORIENTED_EDGE('',*,*,#1695,.T.);
#2237=ORIENTED_EDGE('',*,*,#1696,.F.);
#2238=ORIENTED_EDGE('',*,*,#1697,.F.);
#2239=ORIENTED_EDGE('',*,*,#1698,.F.);
#2240=ORIENTED_EDGE('',*,*,#1699,.F.);
#2241=ORIENTED_EDGE('',*,*,#1700,.F.);
#2242=ORIENTED_EDGE('',*,*,#1701,.F.);
#2243=ORIENTED_EDGE('',*,*,#1702,.F.);
#2244=ORIENTED_EDGE('',*,*,#1701,.T.);
#2245=ORIENTED_EDGE('',*,*,#1703,.F.);
#2246=ORIENTED_EDGE('',*,*,#1704,.F.);
#2247=ORIENTED_EDGE('',*,*,#1705,.T.);
#2248=ORIENTED_EDGE('',*,*,#1706,.F.);
#2249=ORIENTED_EDGE('',*,*,#1697,.T.);
#2250=ORIENTED_EDGE('',*,*,#1707,.F.);
#2251=ORIENTED_EDGE('',*,*,#1699,.T.);
#2252=ORIENTED_EDGE('',*,*,#1707,.T.);
#2253=ORIENTED_EDGE('',*,*,#1696,.T.);
#2254=ORIENTED_EDGE('',*,*,#1708,.T.);
#2255=ORIENTED_EDGE('',*,*,#1703,.T.);
#2256=ORIENTED_EDGE('',*,*,#1700,.T.);
#2257=ORIENTED_EDGE('',*,*,#1693,.T.);
#2258=ORIENTED_EDGE('',*,*,#1706,.T.);
#2259=ORIENTED_EDGE('',*,*,#1698,.T.);
#2260=ORIENTED_EDGE('',*,*,#1709,.F.);
#2261=ORIENTED_EDGE('',*,*,#1710,.F.);
#2262=ORIENTED_EDGE('',*,*,#1711,.T.);
#2263=ORIENTED_EDGE('',*,*,#1712,.F.);
#2264=ORIENTED_EDGE('',*,*,#1713,.T.);
#2265=ORIENTED_EDGE('',*,*,#1714,.F.);
#2266=ORIENTED_EDGE('',*,*,#1715,.F.);
#2267=ORIENTED_EDGE('',*,*,#1716,.F.);
#2268=ORIENTED_EDGE('',*,*,#1717,.F.);
#2269=ORIENTED_EDGE('',*,*,#1718,.F.);
#2270=ORIENTED_EDGE('',*,*,#1719,.T.);
#2271=ORIENTED_EDGE('',*,*,#1720,.F.);
#2272=ORIENTED_EDGE('',*,*,#1702,.T.);
#2273=ORIENTED_EDGE('',*,*,#1721,.T.);
#2274=ORIENTED_EDGE('',*,*,#1722,.T.);
#2275=ORIENTED_EDGE('',*,*,#1723,.F.);
#2276=ORIENTED_EDGE('',*,*,#1709,.T.);
#2277=ORIENTED_EDGE('',*,*,#1724,.F.);
#2278=ORIENTED_EDGE('',*,*,#1725,.F.);
#2279=ORIENTED_EDGE('',*,*,#1726,.T.);
#2280=ORIENTED_EDGE('',*,*,#1727,.T.);
#2281=ORIENTED_EDGE('',*,*,#1728,.F.);
#2282=ORIENTED_EDGE('',*,*,#1729,.F.);
#2283=ORIENTED_EDGE('',*,*,#1730,.F.);
#2284=ORIENTED_EDGE('',*,*,#1731,.F.);
#2285=ORIENTED_EDGE('',*,*,#1725,.T.);
#2286=ORIENTED_EDGE('',*,*,#1732,.F.);
#2287=ORIENTED_EDGE('',*,*,#1727,.F.);
#2288=ORIENTED_EDGE('',*,*,#1733,.T.);
#2289=ORIENTED_EDGE('',*,*,#1734,.F.);
#2290=ORIENTED_EDGE('',*,*,#1735,.F.);
#2291=ORIENTED_EDGE('',*,*,#1736,.F.);
#2292=ORIENTED_EDGE('',*,*,#1733,.F.);
#2293=ORIENTED_EDGE('',*,*,#1726,.F.);
#2294=ORIENTED_EDGE('',*,*,#1731,.T.);
#2295=ORIENTED_EDGE('',*,*,#1729,.T.);
#2296=ORIENTED_EDGE('',*,*,#1737,.T.);
#2297=ORIENTED_EDGE('',*,*,#1738,.T.);
#2298=ORIENTED_EDGE('',*,*,#1739,.T.);
#2299=ORIENTED_EDGE('',*,*,#1735,.T.);
#2300=ORIENTED_EDGE('',*,*,#1740,.T.);
#2301=ORIENTED_EDGE('',*,*,#1741,.T.);
#2302=ORIENTED_EDGE('',*,*,#1742,.T.);
#2303=ORIENTED_EDGE('',*,*,#1734,.T.);
#2304=ORIENTED_EDGE('',*,*,#1736,.T.);
#2305=ORIENTED_EDGE('',*,*,#1730,.T.);
#2306=ORIENTED_EDGE('',*,*,#1739,.F.);
#2307=ORIENTED_EDGE('',*,*,#1743,.F.);
#2308=ORIENTED_EDGE('',*,*,#1744,.F.);
#2309=ORIENTED_EDGE('',*,*,#1745,.F.);
#2310=ORIENTED_EDGE('',*,*,#1746,.F.);
#2311=ORIENTED_EDGE('',*,*,#1747,.F.);
#2312=ORIENTED_EDGE('',*,*,#1748,.F.);
#2313=ORIENTED_EDGE('',*,*,#1749,.T.);
#2314=ORIENTED_EDGE('',*,*,#1750,.F.);
#2315=ORIENTED_EDGE('',*,*,#1751,.F.);
#2316=ORIENTED_EDGE('',*,*,#1752,.F.);
#2317=ORIENTED_EDGE('',*,*,#1753,.T.);
#2318=ORIENTED_EDGE('',*,*,#1740,.F.);
#2319=ORIENTED_EDGE('',*,*,#1754,.F.);
#2320=ORIENTED_EDGE('',*,*,#1755,.T.);
#2321=ORIENTED_EDGE('',*,*,#1756,.T.);
#2322=ORIENTED_EDGE('',*,*,#1757,.F.);
#2323=ORIENTED_EDGE('',*,*,#1758,.F.);
#2324=ORIENTED_EDGE('',*,*,#1759,.T.);
#2325=ORIENTED_EDGE('',*,*,#1760,.T.);
#2326=ORIENTED_EDGE('',*,*,#1755,.F.);
#2327=ORIENTED_EDGE('',*,*,#1761,.F.);
#2328=ORIENTED_EDGE('',*,*,#1762,.T.);
#2329=ORIENTED_EDGE('',*,*,#1763,.T.);
#2330=ORIENTED_EDGE('',*,*,#1759,.F.);
#2331=ORIENTED_EDGE('',*,*,#1764,.F.);
#2332=ORIENTED_EDGE('',*,*,#1757,.T.);
#2333=ORIENTED_EDGE('',*,*,#1765,.T.);
#2334=ORIENTED_EDGE('',*,*,#1762,.F.);
#2335=ORIENTED_EDGE('',*,*,#1765,.F.);
#2336=ORIENTED_EDGE('',*,*,#1756,.F.);
#2337=ORIENTED_EDGE('',*,*,#1760,.F.);
#2338=ORIENTED_EDGE('',*,*,#1763,.F.);
#2339=ORIENTED_EDGE('',*,*,#1766,.T.);
#2340=ORIENTED_EDGE('',*,*,#1767,.F.);
#2341=ORIENTED_EDGE('',*,*,#1768,.T.);
#2342=ORIENTED_EDGE('',*,*,#1769,.T.);
#2343=ORIENTED_EDGE('',*,*,#1750,.T.);
#2344=ORIENTED_EDGE('',*,*,#1770,.F.);
#2345=ORIENTED_EDGE('',*,*,#1766,.F.);
#2346=ORIENTED_EDGE('',*,*,#1749,.F.);
#2347=ORIENTED_EDGE('',*,*,#1771,.T.);
#2348=ORIENTED_EDGE('',*,*,#1772,.T.);
#2349=ORIENTED_EDGE('',*,*,#1773,.F.);
#2350=ORIENTED_EDGE('',*,*,#1774,.T.);
#2351=ORIENTED_EDGE('',*,*,#1775,.T.);
#2352=ORIENTED_EDGE('',*,*,#1753,.F.);
#2353=ORIENTED_EDGE('',*,*,#1776,.F.);
#2354=ORIENTED_EDGE('',*,*,#1776,.T.);
#2355=ORIENTED_EDGE('',*,*,#1752,.T.);
#2356=ORIENTED_EDGE('',*,*,#1777,.T.);
#2357=ORIENTED_EDGE('',*,*,#1778,.T.);
#2358=ORIENTED_EDGE('',*,*,#1779,.T.);
#2359=ORIENTED_EDGE('',*,*,#1778,.F.);
#2360=ORIENTED_EDGE('',*,*,#1780,.F.);
#2361=ORIENTED_EDGE('',*,*,#1781,.F.);
#2362=ORIENTED_EDGE('',*,*,#1782,.F.);
#2363=ORIENTED_EDGE('',*,*,#1783,.F.);
#2364=ORIENTED_EDGE('',*,*,#1784,.F.);
#2365=ORIENTED_EDGE('',*,*,#1785,.T.);
#2366=ORIENTED_EDGE('',*,*,#1786,.T.);
#2367=ORIENTED_EDGE('',*,*,#1787,.F.);
#2368=ORIENTED_EDGE('',*,*,#1788,.F.);
#2369=ORIENTED_EDGE('',*,*,#1789,.F.);
#2370=ORIENTED_EDGE('',*,*,#1790,.F.);
#2371=ORIENTED_EDGE('',*,*,#1791,.T.);
#2372=ORIENTED_EDGE('',*,*,#1792,.F.);
#2373=ORIENTED_EDGE('',*,*,#1793,.F.);
#2374=ORIENTED_EDGE('',*,*,#1794,.F.);
#2375=ORIENTED_EDGE('',*,*,#1795,.T.);
#2376=ORIENTED_EDGE('',*,*,#1796,.F.);
#2377=ORIENTED_EDGE('',*,*,#1797,.T.);
#2378=ORIENTED_EDGE('',*,*,#1798,.F.);
#2379=ORIENTED_EDGE('',*,*,#1799,.T.);
#2380=ORIENTED_EDGE('',*,*,#1800,.T.);
#2381=ORIENTED_EDGE('',*,*,#1744,.T.);
#2382=ORIENTED_EDGE('',*,*,#1801,.F.);
#2383=ORIENTED_EDGE('',*,*,#1797,.F.);
#2384=ORIENTED_EDGE('',*,*,#1743,.T.);
#2385=ORIENTED_EDGE('',*,*,#1802,.F.);
#2386=ORIENTED_EDGE('',*,*,#1803,.F.);
#2387=ORIENTED_EDGE('',*,*,#1804,.F.);
#2388=ORIENTED_EDGE('',*,*,#1747,.T.);
#2389=ORIENTED_EDGE('',*,*,#1805,.F.);
#2390=ORIENTED_EDGE('',*,*,#1806,.T.);
#2391=ORIENTED_EDGE('',*,*,#1807,.T.);
#2392=ORIENTED_EDGE('',*,*,#1802,.T.);
#2393=ORIENTED_EDGE('',*,*,#1738,.F.);
#2394=ORIENTED_EDGE('',*,*,#1775,.F.);
#2395=ORIENTED_EDGE('',*,*,#1808,.T.);
#2396=ORIENTED_EDGE('',*,*,#1741,.F.);
#2397=ORIENTED_EDGE('',*,*,#1804,.T.);
#2398=ORIENTED_EDGE('',*,*,#1809,.T.);
#2399=ORIENTED_EDGE('',*,*,#1810,.T.);
#2400=ORIENTED_EDGE('',*,*,#1811,.T.);
#2401=ORIENTED_EDGE('',*,*,#1812,.T.);
#2402=ORIENTED_EDGE('',*,*,#1813,.T.);
#2403=ORIENTED_EDGE('',*,*,#1748,.T.);
#2404=ORIENTED_EDGE('',*,*,#1811,.F.);
#2405=ORIENTED_EDGE('',*,*,#1771,.F.);
#2406=ORIENTED_EDGE('',*,*,#1813,.F.);
#2407=ORIENTED_EDGE('',*,*,#1814,.T.);
#2408=ORIENTED_EDGE('',*,*,#1814,.F.);
#2409=ORIENTED_EDGE('',*,*,#1812,.F.);
#2410=ORIENTED_EDGE('',*,*,#1810,.F.);
#2411=ORIENTED_EDGE('',*,*,#1815,.F.);
#2412=ORIENTED_EDGE('',*,*,#1816,.F.);
#2413=ORIENTED_EDGE('',*,*,#1817,.F.);
#2414=ORIENTED_EDGE('',*,*,#1818,.F.);
#2415=ORIENTED_EDGE('',*,*,#1819,.F.);
#2416=ORIENTED_EDGE('',*,*,#1820,.F.);
#2417=ORIENTED_EDGE('',*,*,#1821,.F.);
#2418=ORIENTED_EDGE('',*,*,#1822,.F.);
#2419=ORIENTED_EDGE('',*,*,#1823,.F.);
#2420=ORIENTED_EDGE('',*,*,#1772,.F.);
#2421=ORIENTED_EDGE('',*,*,#1732,.T.);
#2422=ORIENTED_EDGE('',*,*,#1742,.F.);
#2423=ORIENTED_EDGE('',*,*,#1808,.F.);
#2424=ORIENTED_EDGE('',*,*,#1774,.F.);
#2425=ORIENTED_EDGE('',*,*,#1824,.F.);
#2426=ORIENTED_EDGE('',*,*,#1825,.F.);
#2427=ORIENTED_EDGE('',*,*,#1826,.F.);
#2428=ORIENTED_EDGE('',*,*,#1827,.F.);
#2429=ORIENTED_EDGE('',*,*,#1828,.F.);
#2430=ORIENTED_EDGE('',*,*,#1829,.F.);
#2431=ORIENTED_EDGE('',*,*,#1830,.F.);
#2432=ORIENTED_EDGE('',*,*,#1831,.F.);
#2433=ORIENTED_EDGE('',*,*,#1832,.F.);
#2434=ORIENTED_EDGE('',*,*,#1806,.F.);
#2435=ORIENTED_EDGE('',*,*,#1737,.F.);
#2436=ORIENTED_EDGE('',*,*,#1728,.T.);
#2437=ORIENTED_EDGE('',*,*,#1724,.T.);
#2438=ORIENTED_EDGE('',*,*,#1801,.T.);
#2439=ORIENTED_EDGE('',*,*,#1833,.T.);
#2440=ORIENTED_EDGE('',*,*,#1834,.F.);
#2441=ORIENTED_EDGE('',*,*,#1835,.T.);
#2442=ORIENTED_EDGE('',*,*,#1836,.T.);
#2443=ORIENTED_EDGE('',*,*,#1837,.T.);
#2444=ORIENTED_EDGE('',*,*,#1798,.T.);
#2445=ORIENTED_EDGE('',*,*,#1838,.F.);
#2446=ORIENTED_EDGE('',*,*,#1839,.T.);
#2447=ORIENTED_EDGE('',*,*,#1840,.T.);
#2448=ORIENTED_EDGE('',*,*,#1833,.F.);
#2449=ORIENTED_EDGE('',*,*,#1805,.T.);
#2450=ORIENTED_EDGE('',*,*,#1746,.T.);
#2451=ORIENTED_EDGE('',*,*,#1841,.F.);
#2452=ORIENTED_EDGE('',*,*,#1842,.F.);
#2453=ORIENTED_EDGE('',*,*,#1843,.T.);
#2454=ORIENTED_EDGE('',*,*,#1844,.F.);
#2455=ORIENTED_EDGE('',*,*,#1721,.F.);
#2456=ORIENTED_EDGE('',*,*,#1705,.F.);
#2457=ORIENTED_EDGE('',*,*,#1845,.F.);
#2458=ORIENTED_EDGE('',*,*,#1751,.T.);
#2459=ORIENTED_EDGE('',*,*,#1769,.F.);
#2460=ORIENTED_EDGE('',*,*,#1846,.F.);
#2461=ORIENTED_EDGE('',*,*,#1847,.T.);
#2462=ORIENTED_EDGE('',*,*,#1780,.T.);
#2463=ORIENTED_EDGE('',*,*,#1777,.F.);
#2464=ORIENTED_EDGE('',*,*,#1768,.F.);
#2465=ORIENTED_EDGE('',*,*,#1848,.T.);
#2466=ORIENTED_EDGE('',*,*,#1849,.T.);
#2467=ORIENTED_EDGE('',*,*,#1850,.F.);
#2468=ORIENTED_EDGE('',*,*,#1851,.F.);
#2469=ORIENTED_EDGE('',*,*,#1852,.F.);
#2470=ORIENTED_EDGE('',*,*,#1853,.T.);
#2471=ORIENTED_EDGE('',*,*,#1846,.T.);
#2472=ORIENTED_EDGE('',*,*,#1824,.T.);
#2473=ORIENTED_EDGE('',*,*,#1773,.T.);
#2474=ORIENTED_EDGE('',*,*,#1823,.T.);
#2475=ORIENTED_EDGE('',*,*,#1854,.F.);
#2476=ORIENTED_EDGE('',*,*,#1855,.F.);
#2477=ORIENTED_EDGE('',*,*,#1856,.T.);
#2478=ORIENTED_EDGE('',*,*,#1857,.F.);
#2479=ORIENTED_EDGE('',*,*,#1858,.F.);
#2480=ORIENTED_EDGE('',*,*,#1859,.F.);
#2481=ORIENTED_EDGE('',*,*,#1860,.T.);
#2482=ORIENTED_EDGE('',*,*,#1861,.F.);
#2483=ORIENTED_EDGE('',*,*,#1862,.F.);
#2484=ORIENTED_EDGE('',*,*,#1863,.F.);
#2485=ORIENTED_EDGE('',*,*,#1864,.T.);
#2486=ORIENTED_EDGE('',*,*,#1865,.F.);
#2487=ORIENTED_EDGE('',*,*,#1866,.F.);
#2488=ORIENTED_EDGE('',*,*,#1816,.T.);
#2489=ORIENTED_EDGE('',*,*,#1867,.T.);
#2490=ORIENTED_EDGE('',*,*,#1868,.F.);
#2491=ORIENTED_EDGE('',*,*,#1869,.F.);
#2492=ORIENTED_EDGE('',*,*,#1822,.T.);
#2493=ORIENTED_EDGE('',*,*,#1870,.T.);
#2494=ORIENTED_EDGE('',*,*,#1871,.F.);
#2495=ORIENTED_EDGE('',*,*,#1854,.T.);
#2496=ORIENTED_EDGE('',*,*,#1825,.T.);
#2497=ORIENTED_EDGE('',*,*,#1866,.T.);
#2498=ORIENTED_EDGE('',*,*,#1872,.F.);
#2499=ORIENTED_EDGE('',*,*,#1873,.T.);
#2500=ORIENTED_EDGE('',*,*,#1817,.T.);
#2501=ORIENTED_EDGE('',*,*,#1869,.T.);
#2502=ORIENTED_EDGE('',*,*,#1874,.F.);
#2503=ORIENTED_EDGE('',*,*,#1875,.T.);
#2504=ORIENTED_EDGE('',*,*,#1876,.T.);
#2505=ORIENTED_EDGE('',*,*,#1821,.T.);
#2506=ORIENTED_EDGE('',*,*,#1877,.T.);
#2507=ORIENTED_EDGE('',*,*,#1878,.T.);
#2508=ORIENTED_EDGE('',*,*,#1879,.F.);
#2509=ORIENTED_EDGE('',*,*,#1870,.F.);
#2510=ORIENTED_EDGE('',*,*,#1826,.T.);
#2511=ORIENTED_EDGE('',*,*,#1873,.F.);
#2512=ORIENTED_EDGE('',*,*,#1880,.F.);
#2513=ORIENTED_EDGE('',*,*,#1881,.F.);
#2514=ORIENTED_EDGE('',*,*,#1882,.T.);
#2515=ORIENTED_EDGE('',*,*,#1818,.T.);
#2516=ORIENTED_EDGE('',*,*,#1876,.F.);
#2517=ORIENTED_EDGE('',*,*,#1883,.F.);
#2518=ORIENTED_EDGE('',*,*,#1884,.F.);
#2519=ORIENTED_EDGE('',*,*,#1820,.T.);
#2520=ORIENTED_EDGE('',*,*,#1885,.T.);
#2521=ORIENTED_EDGE('',*,*,#1886,.F.);
#2522=ORIENTED_EDGE('',*,*,#1877,.F.);
#2523=ORIENTED_EDGE('',*,*,#1827,.T.);
#2524=ORIENTED_EDGE('',*,*,#1882,.F.);
#2525=ORIENTED_EDGE('',*,*,#1887,.F.);
#2526=ORIENTED_EDGE('',*,*,#1888,.T.);
#2527=ORIENTED_EDGE('',*,*,#1819,.T.);
#2528=ORIENTED_EDGE('',*,*,#1884,.T.);
#2529=ORIENTED_EDGE('',*,*,#1889,.F.);
#2530=ORIENTED_EDGE('',*,*,#1890,.T.);
#2531=ORIENTED_EDGE('',*,*,#1891,.T.);
#2532=ORIENTED_EDGE('',*,*,#1892,.T.);
#2533=ORIENTED_EDGE('',*,*,#1893,.F.);
#2534=ORIENTED_EDGE('',*,*,#1885,.F.);
#2535=ORIENTED_EDGE('',*,*,#1828,.T.);
#2536=ORIENTED_EDGE('',*,*,#1888,.F.);
#2537=ORIENTED_EDGE('',*,*,#1894,.F.);
#2538=ORIENTED_EDGE('',*,*,#1895,.T.);
#2539=ORIENTED_EDGE('',*,*,#1896,.T.);
#2540=ORIENTED_EDGE('',*,*,#1897,.T.);
#2541=ORIENTED_EDGE('',*,*,#1898,.F.);
#2542=ORIENTED_EDGE('',*,*,#1899,.T.);
#2543=ORIENTED_EDGE('',*,*,#1900,.F.);
#2544=ORIENTED_EDGE('',*,*,#1900,.T.);
#2545=ORIENTED_EDGE('',*,*,#1901,.T.);
#2546=ORIENTED_EDGE('',*,*,#1902,.F.);
#2547=ORIENTED_EDGE('',*,*,#1903,.F.);
#2548=ORIENTED_EDGE('',*,*,#1901,.F.);
#2549=ORIENTED_EDGE('',*,*,#1849,.F.);
#2550=ORIENTED_EDGE('',*,*,#1904,.F.);
#2551=ORIENTED_EDGE('',*,*,#1795,.F.);
#2552=ORIENTED_EDGE('',*,*,#1905,.F.);
#2553=ORIENTED_EDGE('',*,*,#1906,.F.);
#2554=ORIENTED_EDGE('',*,*,#1907,.F.);
#2555=ORIENTED_EDGE('',*,*,#1770,.T.);
#2556=ORIENTED_EDGE('',*,*,#1779,.F.);
#2557=ORIENTED_EDGE('',*,*,#1796,.T.);
#2558=ORIENTED_EDGE('',*,*,#1904,.T.);
#2559=ORIENTED_EDGE('',*,*,#1848,.F.);
#2560=ORIENTED_EDGE('',*,*,#1767,.T.);
#2561=ORIENTED_EDGE('',*,*,#1908,.T.);
#2562=ORIENTED_EDGE('',*,*,#1909,.F.);
#2563=ORIENTED_EDGE('',*,*,#1910,.F.);
#2564=ORIENTED_EDGE('',*,*,#1911,.F.);
#2565=ORIENTED_EDGE('',*,*,#1912,.T.);
#2566=ORIENTED_EDGE('',*,*,#1913,.T.);
#2567=ORIENTED_EDGE('',*,*,#1717,.T.);
#2568=ORIENTED_EDGE('',*,*,#1914,.F.);
#2569=ORIENTED_EDGE('',*,*,#1915,.T.);
#2570=ORIENTED_EDGE('',*,*,#1916,.T.);
#2571=ORIENTED_EDGE('',*,*,#1917,.T.);
#2572=ORIENTED_EDGE('',*,*,#1918,.T.);
#2573=ORIENTED_EDGE('',*,*,#1919,.T.);
#2574=ORIENTED_EDGE('',*,*,#1920,.T.);
#2575=ORIENTED_EDGE('',*,*,#1921,.T.);
#2576=ORIENTED_EDGE('',*,*,#1909,.T.);
#2577=ORIENTED_EDGE('',*,*,#1922,.T.);
#2578=ORIENTED_EDGE('',*,*,#1923,.F.);
#2579=ORIENTED_EDGE('',*,*,#1924,.T.);
#2580=ORIENTED_EDGE('',*,*,#1917,.F.);
#2581=ORIENTED_EDGE('',*,*,#1925,.T.);
#2582=ORIENTED_EDGE('',*,*,#1718,.T.);
#2583=ORIENTED_EDGE('',*,*,#1913,.F.);
#2584=ORIENTED_EDGE('',*,*,#1926,.T.);
#2585=ORIENTED_EDGE('',*,*,#1720,.T.);
#2586=ORIENTED_EDGE('',*,*,#1927,.T.);
#2587=ORIENTED_EDGE('',*,*,#1923,.T.);
#2588=ORIENTED_EDGE('',*,*,#1905,.T.);
#2589=ORIENTED_EDGE('',*,*,#1794,.T.);
#2590=ORIENTED_EDGE('',*,*,#1928,.F.);
#2591=ORIENTED_EDGE('',*,*,#1850,.T.);
#2592=ORIENTED_EDGE('',*,*,#1853,.F.);
#2593=ORIENTED_EDGE('',*,*,#1929,.T.);
#2594=ORIENTED_EDGE('',*,*,#1781,.T.);
#2595=ORIENTED_EDGE('',*,*,#1847,.F.);
#2596=ORIENTED_EDGE('',*,*,#1852,.T.);
#2597=ORIENTED_EDGE('',*,*,#1930,.F.);
#2598=ORIENTED_EDGE('',*,*,#1931,.T.);
#2599=ORIENTED_EDGE('',*,*,#1782,.T.);
#2600=ORIENTED_EDGE('',*,*,#1929,.F.);
#2601=ORIENTED_EDGE('',*,*,#1932,.T.);
#2602=ORIENTED_EDGE('',*,*,#1933,.F.);
#2603=ORIENTED_EDGE('',*,*,#1934,.T.);
#2604=ORIENTED_EDGE('',*,*,#1783,.T.);
#2605=ORIENTED_EDGE('',*,*,#1931,.F.);
#2606=ORIENTED_EDGE('',*,*,#1935,.F.);
#2607=ORIENTED_EDGE('',*,*,#1936,.T.);
#2608=ORIENTED_EDGE('',*,*,#1784,.T.);
#2609=ORIENTED_EDGE('',*,*,#1934,.F.);
#2610=ORIENTED_EDGE('',*,*,#1836,.F.);
#2611=ORIENTED_EDGE('',*,*,#1932,.F.);
#2612=ORIENTED_EDGE('',*,*,#1937,.T.);
#2613=ORIENTED_EDGE('',*,*,#1789,.T.);
#2614=ORIENTED_EDGE('',*,*,#1938,.F.);
#2615=ORIENTED_EDGE('',*,*,#1939,.T.);
#2616=ORIENTED_EDGE('',*,*,#1940,.T.);
#2617=ORIENTED_EDGE('',*,*,#1722,.F.);
#2618=ORIENTED_EDGE('',*,*,#1933,.T.);
#2619=ORIENTED_EDGE('',*,*,#1835,.F.);
#2620=ORIENTED_EDGE('',*,*,#1941,.T.);
#2621=ORIENTED_EDGE('',*,*,#1935,.T.);
#2622=ORIENTED_EDGE('',*,*,#1799,.F.);
#2623=ORIENTED_EDGE('',*,*,#1837,.F.);
#2624=ORIENTED_EDGE('',*,*,#1930,.T.);
#2625=ORIENTED_EDGE('',*,*,#1942,.F.);
#2626=ORIENTED_EDGE('',*,*,#1943,.F.);
#2627=ORIENTED_EDGE('',*,*,#1787,.T.);
#2628=ORIENTED_EDGE('',*,*,#1944,.F.);
#2629=ORIENTED_EDGE('',*,*,#1838,.T.);
#2630=ORIENTED_EDGE('',*,*,#1937,.F.);
#2631=ORIENTED_EDGE('',*,*,#1844,.T.);
#2632=ORIENTED_EDGE('',*,*,#1945,.T.);
#2633=ORIENTED_EDGE('',*,*,#1790,.T.);
#2634=ORIENTED_EDGE('',*,*,#1907,.T.);
#2635=ORIENTED_EDGE('',*,*,#1946,.T.);
#2636=ORIENTED_EDGE('',*,*,#1785,.F.);
#2637=ORIENTED_EDGE('',*,*,#1936,.F.);
#2638=ORIENTED_EDGE('',*,*,#1941,.F.);
#2639=ORIENTED_EDGE('',*,*,#1834,.T.);
#2640=ORIENTED_EDGE('',*,*,#1840,.F.);
#2641=ORIENTED_EDGE('',*,*,#1947,.T.);
#2642=ORIENTED_EDGE('',*,*,#1918,.F.);
#2643=ORIENTED_EDGE('',*,*,#1924,.F.);
#2644=ORIENTED_EDGE('',*,*,#1927,.F.);
#2645=ORIENTED_EDGE('',*,*,#1719,.F.);
#2646=ORIENTED_EDGE('',*,*,#1925,.F.);
#2647=ORIENTED_EDGE('',*,*,#1912,.F.);
#2648=ORIENTED_EDGE('',*,*,#1948,.F.);
#2649=ORIENTED_EDGE('',*,*,#1919,.F.);
#2650=ORIENTED_EDGE('',*,*,#1947,.F.);
#2651=ORIENTED_EDGE('',*,*,#1839,.F.);
#2652=ORIENTED_EDGE('',*,*,#1944,.T.);
#2653=ORIENTED_EDGE('',*,*,#1786,.F.);
#2654=ORIENTED_EDGE('',*,*,#1946,.F.);
#2655=ORIENTED_EDGE('',*,*,#1745,.T.);
#2656=ORIENTED_EDGE('',*,*,#1800,.F.);
#2657=ORIENTED_EDGE('',*,*,#1942,.T.);
#2658=ORIENTED_EDGE('',*,*,#1851,.T.);
#2659=ORIENTED_EDGE('',*,*,#1928,.T.);
#2660=ORIENTED_EDGE('',*,*,#1793,.T.);
#2661=ORIENTED_EDGE('',*,*,#1949,.F.);
#2662=ORIENTED_EDGE('',*,*,#1841,.T.);
#2663=ORIENTED_EDGE('',*,*,#1950,.F.);
#2664=ORIENTED_EDGE('',*,*,#1842,.T.);
#2665=ORIENTED_EDGE('',*,*,#1949,.T.);
#2666=ORIENTED_EDGE('',*,*,#1792,.T.);
#2667=ORIENTED_EDGE('',*,*,#1906,.T.);
#2668=ORIENTED_EDGE('',*,*,#1951,.T.);
#2669=ORIENTED_EDGE('',*,*,#1952,.F.);
#2670=ORIENTED_EDGE('',*,*,#1713,.F.);
#2671=ORIENTED_EDGE('',*,*,#1926,.F.);
#2672=ORIENTED_EDGE('',*,*,#1922,.F.);
#2673=ORIENTED_EDGE('',*,*,#1916,.F.);
#2674=ORIENTED_EDGE('',*,*,#1908,.F.);
#2675=ORIENTED_EDGE('',*,*,#1953,.F.);
#2676=ORIENTED_EDGE('',*,*,#1954,.F.);
#2677=ORIENTED_EDGE('',*,*,#1951,.F.);
#2678=ORIENTED_EDGE('',*,*,#1945,.F.);
#2679=ORIENTED_EDGE('',*,*,#1843,.F.);
#2680=ORIENTED_EDGE('',*,*,#1950,.T.);
#2681=ORIENTED_EDGE('',*,*,#1791,.F.);
#2682=ORIENTED_EDGE('',*,*,#1955,.F.);
#2683=ORIENTED_EDGE('',*,*,#1956,.T.);
#2684=ORIENTED_EDGE('',*,*,#1957,.F.);
#2685=ORIENTED_EDGE('',*,*,#1958,.F.);
#2686=ORIENTED_EDGE('',*,*,#1959,.F.);
#2687=ORIENTED_EDGE('',*,*,#1960,.F.);
#2688=ORIENTED_EDGE('',*,*,#1961,.F.);
#2689=ORIENTED_EDGE('',*,*,#1962,.T.);
#2690=ORIENTED_EDGE('',*,*,#1959,.T.);
#2691=ORIENTED_EDGE('',*,*,#1963,.T.);
#2692=ORIENTED_EDGE('',*,*,#1964,.F.);
#2693=ORIENTED_EDGE('',*,*,#1965,.F.);
#2694=ORIENTED_EDGE('',*,*,#1966,.F.);
#2695=ORIENTED_EDGE('',*,*,#1967,.F.);
#2696=ORIENTED_EDGE('',*,*,#1968,.F.);
#2697=ORIENTED_EDGE('',*,*,#1963,.F.);
#2698=ORIENTED_EDGE('',*,*,#1962,.F.);
#2699=ORIENTED_EDGE('',*,*,#1969,.F.);
#2700=ORIENTED_EDGE('',*,*,#1970,.F.);
#2701=ORIENTED_EDGE('',*,*,#1971,.F.);
#2702=ORIENTED_EDGE('',*,*,#1972,.F.);
#2703=ORIENTED_EDGE('',*,*,#1956,.F.);
#2704=ORIENTED_EDGE('',*,*,#1955,.T.);
#2705=ORIENTED_EDGE('',*,*,#1973,.F.);
#2706=ORIENTED_EDGE('',*,*,#1974,.T.);
#2707=ORIENTED_EDGE('',*,*,#1966,.T.);
#2708=ORIENTED_EDGE('',*,*,#1961,.T.);
#2709=ORIENTED_EDGE('',*,*,#1975,.F.);
#2710=ORIENTED_EDGE('',*,*,#1976,.T.);
#2711=ORIENTED_EDGE('',*,*,#1969,.T.);
#2712=ORIENTED_EDGE('',*,*,#1943,.T.);
#2713=ORIENTED_EDGE('',*,*,#1845,.T.);
#2714=ORIENTED_EDGE('',*,*,#1704,.T.);
#2715=ORIENTED_EDGE('',*,*,#1708,.F.);
#2716=ORIENTED_EDGE('',*,*,#1695,.F.);
#2717=ORIENTED_EDGE('',*,*,#1977,.F.);
#2718=ORIENTED_EDGE('',*,*,#1973,.T.);
#2719=ORIENTED_EDGE('',*,*,#1958,.T.);
#2720=ORIENTED_EDGE('',*,*,#1978,.T.);
#2721=ORIENTED_EDGE('',*,*,#1689,.F.);
#2722=ORIENTED_EDGE('',*,*,#1687,.T.);
#2723=ORIENTED_EDGE('',*,*,#1683,.F.);
#2724=ORIENTED_EDGE('',*,*,#1979,.T.);
#2725=ORIENTED_EDGE('',*,*,#1980,.T.);
#2726=ORIENTED_EDGE('',*,*,#1981,.T.);
#2727=ORIENTED_EDGE('',*,*,#1982,.T.);
#2728=ORIENTED_EDGE('',*,*,#1938,.T.);
#2729=ORIENTED_EDGE('',*,*,#1788,.T.);
#2730=ORIENTED_EDGE('',*,*,#1832,.T.);
#2731=ORIENTED_EDGE('',*,*,#1983,.F.);
#2732=ORIENTED_EDGE('',*,*,#1984,.F.);
#2733=ORIENTED_EDGE('',*,*,#1985,.T.);
#2734=ORIENTED_EDGE('',*,*,#1986,.F.);
#2735=ORIENTED_EDGE('',*,*,#1987,.F.);
#2736=ORIENTED_EDGE('',*,*,#1988,.T.);
#2737=ORIENTED_EDGE('',*,*,#1989,.T.);
#2738=ORIENTED_EDGE('',*,*,#1975,.T.);
#2739=ORIENTED_EDGE('',*,*,#1960,.T.);
#2740=ORIENTED_EDGE('',*,*,#1965,.T.);
#2741=ORIENTED_EDGE('',*,*,#1990,.T.);
#2742=ORIENTED_EDGE('',*,*,#1991,.T.);
#2743=ORIENTED_EDGE('',*,*,#1992,.F.);
#2744=ORIENTED_EDGE('',*,*,#1993,.F.);
#2745=ORIENTED_EDGE('',*,*,#1994,.T.);
#2746=ORIENTED_EDGE('',*,*,#1995,.F.);
#2747=ORIENTED_EDGE('',*,*,#1867,.F.);
#2748=ORIENTED_EDGE('',*,*,#1815,.T.);
#2749=ORIENTED_EDGE('',*,*,#1809,.F.);
#2750=ORIENTED_EDGE('',*,*,#1803,.T.);
#2751=ORIENTED_EDGE('',*,*,#1807,.F.);
#2752=ORIENTED_EDGE('',*,*,#1754,.T.);
#2753=ORIENTED_EDGE('',*,*,#1764,.T.);
#2754=ORIENTED_EDGE('',*,*,#1761,.T.);
#2755=ORIENTED_EDGE('',*,*,#1758,.T.);
#2756=ORIENTED_EDGE('',*,*,#1996,.T.);
#2757=ORIENTED_EDGE('',*,*,#1984,.T.);
#2758=ORIENTED_EDGE('',*,*,#1997,.T.);
#2759=ORIENTED_EDGE('',*,*,#1998,.T.);
#2760=ORIENTED_EDGE('',*,*,#1880,.T.);
#2761=ORIENTED_EDGE('',*,*,#1872,.T.);
#2762=ORIENTED_EDGE('',*,*,#1999,.T.);
#2763=ORIENTED_EDGE('',*,*,#2000,.T.);
#2764=ORIENTED_EDGE('',*,*,#1997,.F.);
#2765=ORIENTED_EDGE('',*,*,#2001,.T.);
#2766=ORIENTED_EDGE('',*,*,#2002,.T.);
#2767=ORIENTED_EDGE('',*,*,#2003,.T.);
#2768=ORIENTED_EDGE('',*,*,#2004,.T.);
#2769=ORIENTED_EDGE('',*,*,#2005,.T.);
#2770=ORIENTED_EDGE('',*,*,#1999,.F.);
#2771=ORIENTED_EDGE('',*,*,#1865,.T.);
#2772=ORIENTED_EDGE('',*,*,#1998,.F.);
#2773=ORIENTED_EDGE('',*,*,#2000,.F.);
#2774=ORIENTED_EDGE('',*,*,#2005,.F.);
#2775=ORIENTED_EDGE('',*,*,#2006,.T.);
#2776=ORIENTED_EDGE('',*,*,#2007,.T.);
#2777=ORIENTED_EDGE('',*,*,#1855,.T.);
#2778=ORIENTED_EDGE('',*,*,#2008,.T.);
#2779=ORIENTED_EDGE('',*,*,#2009,.T.);
#2780=ORIENTED_EDGE('',*,*,#1874,.T.);
#2781=ORIENTED_EDGE('',*,*,#1868,.T.);
#2782=ORIENTED_EDGE('',*,*,#2010,.T.);
#2783=ORIENTED_EDGE('',*,*,#2011,.T.);
#2784=ORIENTED_EDGE('',*,*,#2008,.F.);
#2785=ORIENTED_EDGE('',*,*,#1871,.T.);
#2786=ORIENTED_EDGE('',*,*,#1879,.T.);
#2787=ORIENTED_EDGE('',*,*,#2012,.T.);
#2788=ORIENTED_EDGE('',*,*,#2013,.T.);
#2789=ORIENTED_EDGE('',*,*,#2014,.T.);
#2790=ORIENTED_EDGE('',*,*,#2010,.F.);
#2791=ORIENTED_EDGE('',*,*,#1995,.T.);
#2792=ORIENTED_EDGE('',*,*,#2009,.F.);
#2793=ORIENTED_EDGE('',*,*,#2011,.F.);
#2794=ORIENTED_EDGE('',*,*,#2014,.F.);
#2795=ORIENTED_EDGE('',*,*,#2015,.T.);
#2796=ORIENTED_EDGE('',*,*,#1830,.T.);
#2797=ORIENTED_EDGE('',*,*,#2016,.T.);
#2798=ORIENTED_EDGE('',*,*,#2017,.F.);
#2799=ORIENTED_EDGE('',*,*,#2002,.F.);
#2800=ORIENTED_EDGE('',*,*,#2018,.T.);
#2801=ORIENTED_EDGE('',*,*,#2019,.T.);
#2802=ORIENTED_EDGE('',*,*,#2020,.T.);
#2803=ORIENTED_EDGE('',*,*,#2021,.T.);
#2804=ORIENTED_EDGE('',*,*,#2022,.T.);
#2805=ORIENTED_EDGE('',*,*,#2023,.T.);
#2806=ORIENTED_EDGE('',*,*,#2024,.T.);
#2807=ORIENTED_EDGE('',*,*,#2025,.T.);
#2808=ORIENTED_EDGE('',*,*,#2026,.T.);
#2809=ORIENTED_EDGE('',*,*,#2023,.F.);
#2810=ORIENTED_EDGE('',*,*,#2027,.F.);
#2811=ORIENTED_EDGE('',*,*,#1723,.T.);
#2812=ORIENTED_EDGE('',*,*,#2028,.T.);
#2813=ORIENTED_EDGE('',*,*,#2020,.F.);
#2814=ORIENTED_EDGE('',*,*,#1710,.T.);
#2815=ORIENTED_EDGE('',*,*,#1694,.T.);
#2816=ORIENTED_EDGE('',*,*,#1712,.T.);
#2817=ORIENTED_EDGE('',*,*,#2029,.T.);
#2818=ORIENTED_EDGE('',*,*,#2030,.T.);
#2819=ORIENTED_EDGE('',*,*,#1977,.T.);
#2820=ORIENTED_EDGE('',*,*,#2031,.T.);
#2821=ORIENTED_EDGE('',*,*,#1992,.T.);
#2822=ORIENTED_EDGE('',*,*,#2029,.F.);
#2823=ORIENTED_EDGE('',*,*,#2032,.T.);
#2824=ORIENTED_EDGE('',*,*,#2033,.T.);
#2825=ORIENTED_EDGE('',*,*,#1993,.T.);
#2826=ORIENTED_EDGE('',*,*,#2031,.F.);
#2827=ORIENTED_EDGE('',*,*,#2034,.T.);
#2828=ORIENTED_EDGE('',*,*,#2025,.F.);
#2829=ORIENTED_EDGE('',*,*,#2035,.F.);
#2830=ORIENTED_EDGE('',*,*,#2036,.F.);
#2831=ORIENTED_EDGE('',*,*,#2037,.F.);
#2832=ORIENTED_EDGE('',*,*,#2038,.F.);
#2833=ORIENTED_EDGE('',*,*,#2039,.F.);
#2834=ORIENTED_EDGE('',*,*,#2024,.F.);
#2835=ORIENTED_EDGE('',*,*,#2027,.T.);
#2836=ORIENTED_EDGE('',*,*,#2022,.F.);
#2837=ORIENTED_EDGE('',*,*,#2040,.F.);
#2838=ORIENTED_EDGE('',*,*,#2041,.F.);
#2839=ORIENTED_EDGE('',*,*,#2042,.T.);
#2840=ORIENTED_EDGE('',*,*,#2043,.F.);
#2841=ORIENTED_EDGE('',*,*,#2035,.T.);
#2842=ORIENTED_EDGE('',*,*,#2019,.F.);
#2843=ORIENTED_EDGE('',*,*,#2026,.F.);
#2844=ORIENTED_EDGE('',*,*,#2039,.T.);
#2845=ORIENTED_EDGE('',*,*,#2044,.T.);
#2846=ORIENTED_EDGE('',*,*,#2045,.F.);
#2847=ORIENTED_EDGE('',*,*,#2046,.F.);
#2848=ORIENTED_EDGE('',*,*,#2032,.F.);
#2849=ORIENTED_EDGE('',*,*,#1711,.F.);
#2850=ORIENTED_EDGE('',*,*,#1902,.T.);
#2851=ORIENTED_EDGE('',*,*,#1903,.T.);
#2852=ORIENTED_EDGE('',*,*,#2021,.F.);
#2853=ORIENTED_EDGE('',*,*,#2028,.F.);
#2854=ORIENTED_EDGE('',*,*,#1940,.F.);
#2855=ORIENTED_EDGE('',*,*,#2047,.T.);
#2856=ORIENTED_EDGE('',*,*,#2048,.T.);
#2857=ORIENTED_EDGE('',*,*,#2049,.T.);
#2858=ORIENTED_EDGE('',*,*,#2050,.F.);
#2859=ORIENTED_EDGE('',*,*,#2051,.F.);
#2860=ORIENTED_EDGE('',*,*,#2052,.F.);
#2861=ORIENTED_EDGE('',*,*,#2040,.T.);
#2862=ORIENTED_EDGE('',*,*,#2053,.T.);
#2863=ORIENTED_EDGE('',*,*,#2054,.T.);
#2864=ORIENTED_EDGE('',*,*,#2055,.T.);
#2865=ORIENTED_EDGE('',*,*,#1858,.T.);
#2866=ORIENTED_EDGE('',*,*,#2056,.T.);
#2867=ORIENTED_EDGE('',*,*,#1859,.T.);
#2868=ORIENTED_EDGE('',*,*,#2055,.F.);
#2869=ORIENTED_EDGE('',*,*,#2045,.T.);
#2870=ORIENTED_EDGE('',*,*,#2056,.F.);
#2871=ORIENTED_EDGE('',*,*,#2044,.F.);
#2872=ORIENTED_EDGE('',*,*,#2038,.T.);
#2873=ORIENTED_EDGE('',*,*,#2057,.F.);
#2874=ORIENTED_EDGE('',*,*,#2058,.F.);
#2875=ORIENTED_EDGE('',*,*,#1860,.F.);
#2876=ORIENTED_EDGE('',*,*,#2059,.T.);
#2877=ORIENTED_EDGE('',*,*,#1986,.T.);
#2878=ORIENTED_EDGE('',*,*,#2060,.T.);
#2879=ORIENTED_EDGE('',*,*,#2061,.T.);
#2880=ORIENTED_EDGE('',*,*,#1691,.T.);
#2881=ORIENTED_EDGE('',*,*,#1987,.T.);
#2882=ORIENTED_EDGE('',*,*,#2059,.F.);
#2883=ORIENTED_EDGE('',*,*,#2062,.T.);
#2884=ORIENTED_EDGE('',*,*,#1680,.T.);
#2885=ORIENTED_EDGE('',*,*,#2063,.T.);
#2886=ORIENTED_EDGE('',*,*,#2064,.T.);
#2887=ORIENTED_EDGE('',*,*,#2065,.T.);
#2888=ORIENTED_EDGE('',*,*,#2066,.T.);
#2889=ORIENTED_EDGE('',*,*,#2051,.T.);
#2890=ORIENTED_EDGE('',*,*,#2064,.F.);
#2891=ORIENTED_EDGE('',*,*,#2067,.T.);
#2892=ORIENTED_EDGE('',*,*,#2052,.T.);
#2893=ORIENTED_EDGE('',*,*,#2066,.F.);
#2894=ORIENTED_EDGE('',*,*,#2068,.T.);
#2895=ORIENTED_EDGE('',*,*,#2069,.T.);
#2896=ORIENTED_EDGE('',*,*,#2041,.T.);
#2897=ORIENTED_EDGE('',*,*,#2070,.T.);
#2898=ORIENTED_EDGE('',*,*,#2036,.T.);
#2899=ORIENTED_EDGE('',*,*,#2043,.T.);
#2900=ORIENTED_EDGE('',*,*,#2042,.F.);
#2901=ORIENTED_EDGE('',*,*,#2069,.F.);
#2902=ORIENTED_EDGE('',*,*,#1686,.T.);
#2903=ORIENTED_EDGE('',*,*,#1692,.F.);
#2904=ORIENTED_EDGE('',*,*,#2071,.F.);
#2905=ORIENTED_EDGE('',*,*,#2072,.T.);
#2906=ORIENTED_EDGE('',*,*,#2073,.T.);
#2907=ORIENTED_EDGE('',*,*,#2074,.T.);
#2908=ORIENTED_EDGE('',*,*,#2075,.T.);
#2909=ORIENTED_EDGE('',*,*,#2076,.T.);
#2910=ORIENTED_EDGE('',*,*,#2077,.T.);
#2911=ORIENTED_EDGE('',*,*,#2078,.T.);
#2912=ORIENTED_EDGE('',*,*,#2079,.F.);
#2913=ORIENTED_EDGE('',*,*,#2067,.F.);
#2914=ORIENTED_EDGE('',*,*,#2063,.F.);
#2915=ORIENTED_EDGE('',*,*,#1679,.T.);
#2916=ORIENTED_EDGE('',*,*,#1675,.T.);
#2917=ORIENTED_EDGE('',*,*,#2080,.F.);
#2918=ORIENTED_EDGE('',*,*,#2081,.F.);
#2919=ORIENTED_EDGE('',*,*,#2082,.F.);
#2920=ORIENTED_EDGE('',*,*,#2083,.F.);
#2921=ORIENTED_EDGE('',*,*,#2070,.F.);
#2922=ORIENTED_EDGE('',*,*,#2068,.F.);
#2923=ORIENTED_EDGE('',*,*,#2079,.T.);
#2924=ORIENTED_EDGE('',*,*,#2084,.T.);
#2925=ORIENTED_EDGE('',*,*,#2085,.T.);
#2926=ORIENTED_EDGE('',*,*,#2086,.T.);
#2927=ORIENTED_EDGE('',*,*,#2071,.T.);
#2928=ORIENTED_EDGE('',*,*,#2062,.F.);
#2929=ORIENTED_EDGE('',*,*,#2087,.F.);
#2930=ORIENTED_EDGE('',*,*,#2088,.F.);
#2931=ORIENTED_EDGE('',*,*,#2057,.T.);
#2932=ORIENTED_EDGE('',*,*,#2037,.T.);
#2933=ORIENTED_EDGE('',*,*,#2061,.F.);
#2934=ORIENTED_EDGE('',*,*,#2089,.T.);
#2935=ORIENTED_EDGE('',*,*,#2090,.F.);
#2936=ORIENTED_EDGE('',*,*,#2087,.T.);
#2937=ORIENTED_EDGE('',*,*,#2058,.T.);
#2938=ORIENTED_EDGE('',*,*,#2088,.T.);
#2939=ORIENTED_EDGE('',*,*,#2091,.T.);
#2940=ORIENTED_EDGE('',*,*,#1861,.T.);
#2941=ORIENTED_EDGE('',*,*,#2092,.T.);
#2942=ORIENTED_EDGE('',*,*,#1862,.T.);
#2943=ORIENTED_EDGE('',*,*,#2091,.F.);
#2944=ORIENTED_EDGE('',*,*,#2090,.T.);
#2945=ORIENTED_EDGE('',*,*,#2093,.F.);
#2946=ORIENTED_EDGE('',*,*,#2094,.F.);
#2947=ORIENTED_EDGE('',*,*,#2095,.T.);
#2948=ORIENTED_EDGE('',*,*,#2096,.T.);
#2949=ORIENTED_EDGE('',*,*,#2097,.T.);
#2950=ORIENTED_EDGE('',*,*,#2093,.T.);
#2951=ORIENTED_EDGE('',*,*,#2098,.T.);
#2952=ORIENTED_EDGE('',*,*,#2099,.T.);
#2953=ORIENTED_EDGE('',*,*,#2084,.F.);
#2954=ORIENTED_EDGE('',*,*,#2078,.F.);
#2955=ORIENTED_EDGE('',*,*,#2100,.F.);
#2956=ORIENTED_EDGE('',*,*,#2101,.T.);
#2957=ORIENTED_EDGE('',*,*,#2102,.T.);
#2958=ORIENTED_EDGE('',*,*,#2102,.F.);
#2959=ORIENTED_EDGE('',*,*,#2103,.F.);
#2960=ORIENTED_EDGE('',*,*,#2104,.T.);
#2961=ORIENTED_EDGE('',*,*,#2105,.T.);
#2962=ORIENTED_EDGE('',*,*,#2106,.T.);
#2963=ORIENTED_EDGE('',*,*,#2094,.T.);
#2964=ORIENTED_EDGE('',*,*,#2104,.F.);
#2965=ORIENTED_EDGE('',*,*,#2107,.T.);
#2966=ORIENTED_EDGE('',*,*,#2100,.T.);
#2967=ORIENTED_EDGE('',*,*,#2077,.F.);
#2968=ORIENTED_EDGE('',*,*,#2108,.F.);
#2969=ORIENTED_EDGE('',*,*,#2109,.F.);
#2970=ORIENTED_EDGE('',*,*,#2110,.F.);
#2971=ORIENTED_EDGE('',*,*,#2111,.T.);
#2972=ORIENTED_EDGE('',*,*,#2112,.T.);
#2973=ORIENTED_EDGE('',*,*,#2113,.F.);
#2974=ORIENTED_EDGE('',*,*,#2111,.F.);
#2975=ORIENTED_EDGE('',*,*,#2114,.T.);
#2976=ORIENTED_EDGE('',*,*,#2115,.T.);
#2977=ORIENTED_EDGE('',*,*,#2073,.F.);
#2978=ORIENTED_EDGE('',*,*,#2116,.F.);
#2979=ORIENTED_EDGE('',*,*,#2117,.F.);
#2980=ORIENTED_EDGE('',*,*,#2113,.T.);
#2981=ORIENTED_EDGE('',*,*,#2118,.T.);
#2982=ORIENTED_EDGE('',*,*,#2119,.T.);
#2983=ORIENTED_EDGE('',*,*,#2120,.T.);
#2984=ORIENTED_EDGE('',*,*,#2109,.T.);
#2985=ORIENTED_EDGE('',*,*,#2117,.T.);
#2986=ORIENTED_EDGE('',*,*,#2121,.T.);
#2987=ORIENTED_EDGE('',*,*,#2122,.F.);
#2988=ORIENTED_EDGE('',*,*,#2074,.F.);
#2989=ORIENTED_EDGE('',*,*,#2115,.F.);
#2990=ORIENTED_EDGE('',*,*,#2123,.T.);
#2991=ORIENTED_EDGE('',*,*,#2124,.F.);
#2992=ORIENTED_EDGE('',*,*,#2121,.F.);
#2993=ORIENTED_EDGE('',*,*,#2120,.F.);
#2994=ORIENTED_EDGE('',*,*,#2123,.F.);
#2995=ORIENTED_EDGE('',*,*,#2114,.F.);
#2996=ORIENTED_EDGE('',*,*,#2110,.T.);
#2997=ORIENTED_EDGE('',*,*,#2125,.F.);
#2998=ORIENTED_EDGE('',*,*,#2098,.F.);
#2999=ORIENTED_EDGE('',*,*,#2097,.F.);
#3000=ORIENTED_EDGE('',*,*,#2101,.F.);
#3001=ORIENTED_EDGE('',*,*,#2107,.F.);
#3002=ORIENTED_EDGE('',*,*,#2103,.T.);
#3003=ORIENTED_EDGE('',*,*,#2126,.T.);
#3004=ORIENTED_EDGE('',*,*,#2127,.T.);
#3005=ORIENTED_EDGE('',*,*,#2128,.T.);
#3006=ORIENTED_EDGE('',*,*,#2129,.T.);
#3007=ORIENTED_EDGE('',*,*,#2130,.T.);
#3008=ORIENTED_EDGE('',*,*,#2131,.T.);
#3009=ORIENTED_EDGE('',*,*,#2132,.T.);
#3010=ORIENTED_EDGE('',*,*,#2133,.T.);
#3011=ORIENTED_EDGE('',*,*,#2134,.T.);
#3012=ORIENTED_EDGE('',*,*,#2135,.T.);
#3013=ORIENTED_EDGE('',*,*,#2129,.F.);
#3014=ORIENTED_EDGE('',*,*,#2136,.T.);
#3015=ORIENTED_EDGE('',*,*,#2137,.T.);
#3016=ORIENTED_EDGE('',*,*,#2138,.T.);
#3017=ORIENTED_EDGE('',*,*,#2132,.F.);
#3018=ORIENTED_EDGE('',*,*,#2126,.F.);
#3019=ORIENTED_EDGE('',*,*,#2135,.F.);
#3020=ORIENTED_EDGE('',*,*,#2139,.T.);
#3021=ORIENTED_EDGE('',*,*,#2140,.T.);
#3022=ORIENTED_EDGE('',*,*,#2141,.T.);
#3023=ORIENTED_EDGE('',*,*,#2134,.F.);
#3024=ORIENTED_EDGE('',*,*,#2142,.F.);
#3025=ORIENTED_EDGE('',*,*,#2143,.F.);
#3026=ORIENTED_EDGE('',*,*,#2144,.F.);
#3027=ORIENTED_EDGE('',*,*,#2145,.F.);
#3028=ORIENTED_EDGE('',*,*,#1980,.F.);
#3029=ORIENTED_EDGE('',*,*,#2146,.F.);
#3030=ORIENTED_EDGE('',*,*,#2049,.F.);
#3031=ORIENTED_EDGE('',*,*,#2147,.F.);
#3032=ORIENTED_EDGE('',*,*,#2139,.F.);
#3033=ORIENTED_EDGE('',*,*,#2138,.F.);
#3034=ORIENTED_EDGE('',*,*,#2148,.T.);
#3035=ORIENTED_EDGE('',*,*,#2149,.F.);
#3036=ORIENTED_EDGE('',*,*,#2150,.F.);
#3037=ORIENTED_EDGE('',*,*,#2142,.T.);
#3038=ORIENTED_EDGE('',*,*,#2133,.F.);
#3039=ORIENTED_EDGE('',*,*,#2149,.T.);
#3040=ORIENTED_EDGE('',*,*,#2151,.T.);
#3041=ORIENTED_EDGE('',*,*,#2152,.T.);
#3042=ORIENTED_EDGE('',*,*,#2153,.T.);
#3043=ORIENTED_EDGE('',*,*,#2154,.T.);
#3044=ORIENTED_EDGE('',*,*,#2155,.T.);
#3045=ORIENTED_EDGE('',*,*,#2156,.T.);
#3046=ORIENTED_EDGE('',*,*,#2157,.T.);
#3047=ORIENTED_EDGE('',*,*,#2158,.T.);
#3048=ORIENTED_EDGE('',*,*,#2157,.F.);
#3049=ORIENTED_EDGE('',*,*,#2159,.T.);
#3050=ORIENTED_EDGE('',*,*,#2143,.T.);
#3051=ORIENTED_EDGE('',*,*,#2150,.T.);
#3052=ORIENTED_EDGE('',*,*,#2153,.F.);
#3053=ORIENTED_EDGE('',*,*,#2156,.F.);
#3054=ORIENTED_EDGE('',*,*,#2160,.T.);
#3055=ORIENTED_EDGE('',*,*,#2161,.F.);
#3056=ORIENTED_EDGE('',*,*,#2144,.T.);
#3057=ORIENTED_EDGE('',*,*,#2159,.F.);
#3058=ORIENTED_EDGE('',*,*,#2096,.F.);
#3059=ORIENTED_EDGE('',*,*,#2162,.F.);
#3060=ORIENTED_EDGE('',*,*,#2085,.F.);
#3061=ORIENTED_EDGE('',*,*,#2099,.F.);
#3062=ORIENTED_EDGE('',*,*,#2125,.T.);
#3063=ORIENTED_EDGE('',*,*,#2119,.F.);
#3064=ORIENTED_EDGE('',*,*,#2163,.F.);
#3065=ORIENTED_EDGE('',*,*,#2075,.F.);
#3066=ORIENTED_EDGE('',*,*,#2122,.T.);
#3067=ORIENTED_EDGE('',*,*,#2124,.T.);
#3068=ORIENTED_EDGE('',*,*,#2116,.T.);
#3069=ORIENTED_EDGE('',*,*,#2072,.F.);
#3070=ORIENTED_EDGE('',*,*,#2086,.F.);
#3071=ORIENTED_EDGE('',*,*,#2162,.T.);
#3072=ORIENTED_EDGE('',*,*,#2095,.F.);
#3073=ORIENTED_EDGE('',*,*,#2106,.F.);
#3074=ORIENTED_EDGE('',*,*,#2164,.T.);
#3075=ORIENTED_EDGE('',*,*,#2130,.F.);
#3076=ORIENTED_EDGE('',*,*,#2128,.F.);
#3077=ORIENTED_EDGE('',*,*,#2165,.T.);
#3078=ORIENTED_EDGE('',*,*,#2154,.F.);
#3079=ORIENTED_EDGE('',*,*,#2158,.F.);
#3080=ORIENTED_EDGE('',*,*,#2152,.F.);
#3081=ORIENTED_EDGE('',*,*,#2166,.T.);
#3082=ORIENTED_EDGE('',*,*,#2136,.F.);
#3083=ORIENTED_EDGE('',*,*,#2131,.F.);
#3084=ORIENTED_EDGE('',*,*,#2164,.F.);
#3085=ORIENTED_EDGE('',*,*,#2105,.F.);
#3086=ORIENTED_EDGE('',*,*,#2108,.T.);
#3087=ORIENTED_EDGE('',*,*,#2076,.F.);
#3088=ORIENTED_EDGE('',*,*,#2163,.T.);
#3089=ORIENTED_EDGE('',*,*,#2118,.F.);
#3090=ORIENTED_EDGE('',*,*,#2112,.F.);
#3091=ORIENTED_EDGE('',*,*,#2141,.F.);
#3092=ORIENTED_EDGE('',*,*,#2167,.F.);
#3093=ORIENTED_EDGE('',*,*,#2047,.F.);
#3094=ORIENTED_EDGE('',*,*,#1939,.F.);
#3095=ORIENTED_EDGE('',*,*,#1982,.F.);
#3096=ORIENTED_EDGE('',*,*,#2168,.F.);
#3097=ORIENTED_EDGE('',*,*,#2160,.F.);
#3098=ORIENTED_EDGE('',*,*,#2155,.F.);
#3099=ORIENTED_EDGE('',*,*,#2165,.F.);
#3100=ORIENTED_EDGE('',*,*,#2127,.F.);
#3101=ORIENTED_EDGE('',*,*,#2166,.F.);
#3102=ORIENTED_EDGE('',*,*,#2151,.F.);
#3103=ORIENTED_EDGE('',*,*,#2148,.F.);
#3104=ORIENTED_EDGE('',*,*,#2137,.F.);
#3105=ORIENTED_EDGE('',*,*,#2048,.F.);
#3106=ORIENTED_EDGE('',*,*,#2167,.T.);
#3107=ORIENTED_EDGE('',*,*,#2140,.F.);
#3108=ORIENTED_EDGE('',*,*,#2147,.T.);
#3109=ORIENTED_EDGE('',*,*,#1981,.F.);
#3110=ORIENTED_EDGE('',*,*,#2145,.T.);
#3111=ORIENTED_EDGE('',*,*,#2161,.T.);
#3112=ORIENTED_EDGE('',*,*,#2168,.T.);
#3113=ORIENTED_EDGE('',*,*,#2065,.F.);
#3114=ORIENTED_EDGE('',*,*,#2050,.T.);
#3115=ORIENTED_EDGE('',*,*,#2146,.T.);
#3116=ORIENTED_EDGE('',*,*,#1979,.F.);
#3117=ORIENTED_EDGE('',*,*,#1685,.F.);
#3118=ORIENTED_EDGE('',*,*,#1681,.F.);
#3119=ORIENTED_EDGE('',*,*,#2080,.T.);
#3120=ORIENTED_EDGE('',*,*,#2169,.T.);
#3121=ORIENTED_EDGE('',*,*,#2170,.T.);
#3122=ORIENTED_EDGE('',*,*,#2171,.T.);
#3123=ORIENTED_EDGE('',*,*,#2083,.T.);
#3124=ORIENTED_EDGE('',*,*,#2172,.T.);
#3125=ORIENTED_EDGE('',*,*,#2173,.T.);
#3126=ORIENTED_EDGE('',*,*,#2169,.F.);
#3127=ORIENTED_EDGE('',*,*,#2082,.T.);
#3128=ORIENTED_EDGE('',*,*,#2174,.T.);
#3129=ORIENTED_EDGE('',*,*,#2175,.T.);
#3130=ORIENTED_EDGE('',*,*,#2172,.F.);
#3131=ORIENTED_EDGE('',*,*,#2176,.T.);
#3132=ORIENTED_EDGE('',*,*,#2174,.F.);
#3133=ORIENTED_EDGE('',*,*,#2081,.T.);
#3134=ORIENTED_EDGE('',*,*,#2171,.F.);
#3135=ORIENTED_EDGE('',*,*,#2176,.F.);
#3136=ORIENTED_EDGE('',*,*,#2177,.T.);
#3137=ORIENTED_EDGE('',*,*,#2178,.F.);
#3138=ORIENTED_EDGE('',*,*,#2179,.T.);
#3139=ORIENTED_EDGE('',*,*,#2170,.F.);
#3140=ORIENTED_EDGE('',*,*,#2180,.F.);
#3141=ORIENTED_EDGE('',*,*,#2181,.F.);
#3142=ORIENTED_EDGE('',*,*,#2177,.F.);
#3143=ORIENTED_EDGE('',*,*,#1953,.T.);
#3144=ORIENTED_EDGE('',*,*,#1911,.T.);
#3145=ORIENTED_EDGE('',*,*,#2182,.T.);
#3146=ORIENTED_EDGE('',*,*,#1715,.T.);
#3147=ORIENTED_EDGE('',*,*,#2183,.T.);
#3148=ORIENTED_EDGE('',*,*,#1716,.T.);
#3149=ORIENTED_EDGE('',*,*,#2182,.F.);
#3150=ORIENTED_EDGE('',*,*,#2184,.T.);
#3151=ORIENTED_EDGE('',*,*,#1914,.T.);
#3152=ORIENTED_EDGE('',*,*,#1952,.T.);
#3153=ORIENTED_EDGE('',*,*,#1954,.T.);
#3154=ORIENTED_EDGE('',*,*,#2183,.F.);
#3155=ORIENTED_EDGE('',*,*,#1714,.T.);
#3156=ORIENTED_EDGE('',*,*,#2184,.F.);
#3157=ORIENTED_EDGE('',*,*,#1910,.T.);
#3158=ORIENTED_EDGE('',*,*,#1921,.F.);
#3159=ORIENTED_EDGE('',*,*,#2185,.F.);
#3160=ORIENTED_EDGE('',*,*,#1948,.T.);
#3161=ORIENTED_EDGE('',*,*,#1915,.F.);
#3162=ORIENTED_EDGE('',*,*,#2185,.T.);
#3163=ORIENTED_EDGE('',*,*,#1920,.F.);
#3164=ORIENTED_EDGE('',*,*,#2178,.T.);
#3165=ORIENTED_EDGE('',*,*,#2181,.T.);
#3166=ORIENTED_EDGE('',*,*,#2186,.T.);
#3167=ORIENTED_EDGE('',*,*,#2187,.T.);
#3168=ORIENTED_EDGE('',*,*,#2173,.F.);
#3169=ORIENTED_EDGE('',*,*,#2188,.F.);
#3170=ORIENTED_EDGE('',*,*,#2186,.F.);
#3171=ORIENTED_EDGE('',*,*,#2180,.T.);
#3172=ORIENTED_EDGE('',*,*,#2175,.F.);
#3173=ORIENTED_EDGE('',*,*,#2179,.F.);
#3174=ORIENTED_EDGE('',*,*,#2187,.F.);
#3175=ORIENTED_EDGE('',*,*,#2188,.T.);
#3176=ORIENTED_EDGE('',*,*,#1990,.F.);
#3177=ORIENTED_EDGE('',*,*,#1964,.T.);
#3178=ORIENTED_EDGE('',*,*,#1968,.T.);
#3179=ORIENTED_EDGE('',*,*,#2189,.F.);
#3180=ORIENTED_EDGE('',*,*,#1991,.F.);
#3181=ORIENTED_EDGE('',*,*,#2189,.T.);
#3182=ORIENTED_EDGE('',*,*,#1967,.T.);
#3183=ORIENTED_EDGE('',*,*,#1974,.F.);
#3184=ORIENTED_EDGE('',*,*,#2030,.F.);
#3185=ORIENTED_EDGE('',*,*,#1957,.T.);
#3186=ORIENTED_EDGE('',*,*,#1972,.T.);
#3187=ORIENTED_EDGE('',*,*,#2190,.F.);
#3188=ORIENTED_EDGE('',*,*,#1978,.F.);
#3189=ORIENTED_EDGE('',*,*,#1989,.F.);
#3190=ORIENTED_EDGE('',*,*,#2191,.T.);
#3191=ORIENTED_EDGE('',*,*,#1970,.T.);
#3192=ORIENTED_EDGE('',*,*,#1976,.F.);
#3193=ORIENTED_EDGE('',*,*,#1690,.F.);
#3194=ORIENTED_EDGE('',*,*,#2190,.T.);
#3195=ORIENTED_EDGE('',*,*,#1971,.T.);
#3196=ORIENTED_EDGE('',*,*,#2191,.F.);
#3197=ORIENTED_EDGE('',*,*,#1988,.F.);
#3198=ORIENTED_EDGE('',*,*,#2034,.F.);
#3199=ORIENTED_EDGE('',*,*,#2046,.T.);
#3200=ORIENTED_EDGE('',*,*,#2054,.F.);
#3201=ORIENTED_EDGE('',*,*,#2192,.F.);
#3202=ORIENTED_EDGE('',*,*,#1996,.F.);
#3203=ORIENTED_EDGE('',*,*,#2006,.F.);
#3204=ORIENTED_EDGE('',*,*,#2004,.F.);
#3205=ORIENTED_EDGE('',*,*,#1864,.F.);
#3206=ORIENTED_EDGE('',*,*,#1863,.T.);
#3207=ORIENTED_EDGE('',*,*,#2092,.F.);
#3208=ORIENTED_EDGE('',*,*,#2089,.F.);
#3209=ORIENTED_EDGE('',*,*,#2060,.F.);
#3210=ORIENTED_EDGE('',*,*,#1985,.F.);
#3211=ORIENTED_EDGE('',*,*,#2007,.F.);
#3212=ORIENTED_EDGE('',*,*,#2015,.F.);
#3213=ORIENTED_EDGE('',*,*,#2013,.F.);
#3214=ORIENTED_EDGE('',*,*,#1994,.F.);
#3215=ORIENTED_EDGE('',*,*,#2033,.F.);
#3216=ORIENTED_EDGE('',*,*,#2192,.T.);
#3217=ORIENTED_EDGE('',*,*,#2053,.F.);
#3218=ORIENTED_EDGE('',*,*,#1857,.T.);
#3219=ORIENTED_EDGE('',*,*,#1856,.F.);
#3220=ORIENTED_EDGE('',*,*,#2193,.F.);
#3221=ORIENTED_EDGE('',*,*,#1892,.F.);
#3222=ORIENTED_EDGE('',*,*,#2194,.F.);
#3223=ORIENTED_EDGE('',*,*,#2195,.F.);
#3224=ORIENTED_EDGE('',*,*,#2196,.F.);
#3225=ORIENTED_EDGE('',*,*,#2197,.F.);
#3226=ORIENTED_EDGE('',*,*,#2198,.F.);
#3227=ORIENTED_EDGE('',*,*,#2199,.F.);
#3228=ORIENTED_EDGE('',*,*,#2200,.F.);
#3229=ORIENTED_EDGE('',*,*,#1897,.F.);
#3230=ORIENTED_EDGE('',*,*,#2201,.T.);
#3231=ORIENTED_EDGE('',*,*,#2197,.T.);
#3232=ORIENTED_EDGE('',*,*,#2194,.T.);
#3233=ORIENTED_EDGE('',*,*,#1891,.F.);
#3234=ORIENTED_EDGE('',*,*,#2202,.T.);
#3235=ORIENTED_EDGE('',*,*,#2203,.F.);
#3236=ORIENTED_EDGE('',*,*,#2204,.F.);
#3237=ORIENTED_EDGE('',*,*,#2205,.F.);
#3238=ORIENTED_EDGE('',*,*,#2202,.F.);
#3239=ORIENTED_EDGE('',*,*,#1890,.F.);
#3240=ORIENTED_EDGE('',*,*,#2206,.F.);
#3241=ORIENTED_EDGE('',*,*,#2195,.T.);
#3242=ORIENTED_EDGE('',*,*,#2203,.T.);
#3243=ORIENTED_EDGE('',*,*,#2205,.T.);
#3244=ORIENTED_EDGE('',*,*,#1829,.T.);
#3245=ORIENTED_EDGE('',*,*,#1899,.F.);
#3246=ORIENTED_EDGE('',*,*,#2207,.F.);
#3247=ORIENTED_EDGE('',*,*,#2016,.F.);
#3248=ORIENTED_EDGE('',*,*,#2208,.F.);
#3249=ORIENTED_EDGE('',*,*,#2199,.T.);
#3250=ORIENTED_EDGE('',*,*,#2209,.T.);
#3251=ORIENTED_EDGE('',*,*,#1895,.F.);
#3252=ORIENTED_EDGE('',*,*,#2209,.F.);
#3253=ORIENTED_EDGE('',*,*,#2198,.T.);
#3254=ORIENTED_EDGE('',*,*,#2201,.F.);
#3255=ORIENTED_EDGE('',*,*,#1896,.F.);
#3256=ORIENTED_EDGE('',*,*,#2003,.F.);
#3257=ORIENTED_EDGE('',*,*,#2017,.T.);
#3258=ORIENTED_EDGE('',*,*,#2207,.T.);
#3259=ORIENTED_EDGE('',*,*,#1898,.T.);
#3260=ORIENTED_EDGE('',*,*,#2200,.T.);
#3261=ORIENTED_EDGE('',*,*,#2196,.T.);
#3262=ORIENTED_EDGE('',*,*,#2208,.T.);
#3263=ORIENTED_EDGE('',*,*,#1894,.T.);
#3264=ORIENTED_EDGE('',*,*,#1887,.T.);
#3265=ORIENTED_EDGE('',*,*,#1881,.T.);
#3266=ORIENTED_EDGE('',*,*,#2012,.F.);
#3267=ORIENTED_EDGE('',*,*,#1878,.F.);
#3268=ORIENTED_EDGE('',*,*,#1886,.T.);
#3269=ORIENTED_EDGE('',*,*,#1893,.T.);
#3270=ORIENTED_EDGE('',*,*,#2193,.T.);
#3271=ORIENTED_EDGE('',*,*,#2206,.T.);
#3272=ORIENTED_EDGE('',*,*,#2204,.T.);
#3273=ORIENTED_EDGE('',*,*,#1889,.T.);
#3274=ORIENTED_EDGE('',*,*,#1883,.T.);
#3275=ORIENTED_EDGE('',*,*,#1875,.F.);
#3276=ORIENTED_EDGE('',*,*,#1831,.T.);
#3277=ORIENTED_EDGE('',*,*,#2018,.F.);
#3278=ORIENTED_EDGE('',*,*,#2001,.F.);
#3279=ORIENTED_EDGE('',*,*,#1983,.T.);
#3280=CYLINDRICAL_SURFACE('',#3524,7.2);
#3281=CYLINDRICAL_SURFACE('',#3533,1.5);
#3282=CYLINDRICAL_SURFACE('',#3539,9.5);
#3283=CYLINDRICAL_SURFACE('',#3542,7.2);
#3284=CYLINDRICAL_SURFACE('',#3558,6.125);
#3285=CYLINDRICAL_SURFACE('',#3574,8.5);
#3286=CYLINDRICAL_SURFACE('',#3602,1.5);
#3287=CYLINDRICAL_SURFACE('',#3605,1.5);
#3288=CYLINDRICAL_SURFACE('',#3628,8.);
#3289=CYLINDRICAL_SURFACE('',#3630,8.);
#3290=CYLINDRICAL_SURFACE('',#3632,8.);
#3291=CYLINDRICAL_SURFACE('',#3640,4.12500000002226);
#3292=CYLINDRICAL_SURFACE('',#3646,4.12500000002226);
#3293=CYLINDRICAL_SURFACE('',#3654,1.15);
#3294=CYLINDRICAL_SURFACE('',#3661,1.2);
#3295=CYLINDRICAL_SURFACE('',#3668,1.9);
#3296=CYLINDRICAL_SURFACE('',#3673,0.999999999749439);
#3297=CYLINDRICAL_SURFACE('',#3676,9.5);
#3298=CYLINDRICAL_SURFACE('',#3683,1.15);
#3299=CYLINDRICAL_SURFACE('',#3686,1.15);
#3300=CYLINDRICAL_SURFACE('',#3687,1.99999999999979);
#3301=CYLINDRICAL_SURFACE('',#3690,1.99999999999979);
#3302=CYLINDRICAL_SURFACE('',#3699,1.5);
#3303=CYLINDRICAL_SURFACE('',#3713,1.5);
#3304=CYLINDRICAL_SURFACE('',#3718,1.5);
#3305=CYLINDRICAL_SURFACE('',#3719,1.5);
#3306=CYLINDRICAL_SURFACE('',#3722,1.5);
#3307=CYLINDRICAL_SURFACE('',#3727,1.5);
#3308=CYLINDRICAL_SURFACE('',#3733,1.5);
#3309=CYLINDRICAL_SURFACE('',#3757,9.75);
#3310=CYLINDRICAL_SURFACE('',#3767,8.75);
#3311=CYLINDRICAL_SURFACE('',#3773,9.75);
#3312=CYLINDRICAL_SURFACE('',#3777,1.5);
#3313=CYLINDRICAL_SURFACE('',#3783,9.75);
#3314=CYLINDRICAL_SURFACE('',#3784,2.65136924865556);
#3315=CYLINDRICAL_SURFACE('',#3785,9.5);
#3316=CYLINDRICAL_SURFACE('',#3786,1.2);
#3317=CYLINDRICAL_SURFACE('',#3789,1.2);
#3318=CYLINDRICAL_SURFACE('',#3792,1.9);
#3319=CYLINDRICAL_SURFACE('',#3795,1.2);
#3320=CYLINDRICAL_SURFACE('',#3799,1.9);
#3321=CYLINDRICAL_SURFACE('',#3803,1.9);
#3322=CYLINDRICAL_SURFACE('',#3812,9.5);
#3323=CYLINDRICAL_SURFACE('',#3813,9.5);
#3324=CYLINDRICAL_SURFACE('',#3816,3.49999999998023);
#3325=CYLINDRICAL_SURFACE('',#3826,3.49999999998023);
#3326=CYLINDRICAL_SURFACE('',#3833,8.);
#3327=ADVANCED_FACE('',(#292),#3280,.F.);
#3328=ADVANCED_FACE('',(#293),#198,.T.);
#3329=ADVANCED_FACE('',(#294),#199,.T.);
#3330=ADVANCED_FACE('',(#295),#200,.T.);
#3331=ADVANCED_FACE('',(#296),#3281,.T.);
#3332=ADVANCED_FACE('',(#297),#201,.T.);
#3333=ADVANCED_FACE('',(#298),#202,.T.);
#3334=ADVANCED_FACE('',(#299),#3282,.T.);
#3335=ADVANCED_FACE('',(#300),#3283,.F.);
#3336=ADVANCED_FACE('',(#301),#203,.T.);
#3337=ADVANCED_FACE('',(#302,#179),#204,.F.);
#3338=ADVANCED_FACE('',(#303),#166,.T.);
#3339=ADVANCED_FACE('',(#304),#3284,.F.);
#3340=ADVANCED_FACE('',(#305),#205,.T.);
#3341=ADVANCED_FACE('',(#306),#206,.T.);
#3342=ADVANCED_FACE('',(#307),#207,.T.);
#3343=ADVANCED_FACE('',(#308),#167,.F.);
#3344=ADVANCED_FACE('',(#309),#168,.F.);
#3345=ADVANCED_FACE('',(#310),#3285,.F.);
#3346=ADVANCED_FACE('',(#311),#208,.F.);
#3347=ADVANCED_FACE('',(#312),#209,.F.);
#3348=ADVANCED_FACE('',(#313),#210,.F.);
#3349=ADVANCED_FACE('',(#314),#211,.F.);
#3350=ADVANCED_FACE('',(#315),#212,.F.);
#3351=ADVANCED_FACE('',(#316),#53,.F.);
#3352=ADVANCED_FACE('',(#317),#213,.F.);
#3353=ADVANCED_FACE('',(#318),#54,.F.);
#3354=ADVANCED_FACE('',(#319),#214,.T.);
#3355=ADVANCED_FACE('',(#320),#55,.F.);
#3356=ADVANCED_FACE('',(#321),#215,.F.);
#3357=ADVANCED_FACE('',(#322),#3286,.F.);
#3358=ADVANCED_FACE('',(#323),#31,.T.);
#3359=ADVANCED_FACE('',(#324),#3287,.F.);
#3360=ADVANCED_FACE('',(#325),#169,.F.);
#3361=ADVANCED_FACE('',(#326),#32,.T.);
#3362=ADVANCED_FACE('',(#327),#216,.F.);
#3363=ADVANCED_FACE('',(#328),#217,.T.);
#3364=ADVANCED_FACE('',(#329),#218,.F.);
#3365=ADVANCED_FACE('',(#330),#219,.F.);
#3366=ADVANCED_FACE('',(#331),#220,.F.);
#3367=ADVANCED_FACE('',(#332),#221,.F.);
#3368=ADVANCED_FACE('',(#333),#33,.T.);
#3369=ADVANCED_FACE('',(#334),#3288,.T.);
#3370=ADVANCED_FACE('',(#335),#3289,.T.);
#3371=ADVANCED_FACE('',(#336),#3290,.T.);
#3372=ADVANCED_FACE('',(#337),#222,.T.);
#3373=ADVANCED_FACE('',(#338),#223,.T.);
#3374=ADVANCED_FACE('',(#339),#224,.T.);
#3375=ADVANCED_FACE('',(#340),#225,.F.);
#3376=ADVANCED_FACE('',(#341),#226,.F.);
#3377=ADVANCED_FACE('',(#342),#227,.F.);
#3378=ADVANCED_FACE('',(#343),#3291,.F.);
#3379=ADVANCED_FACE('',(#344),#3292,.F.);
#3380=ADVANCED_FACE('',(#345),#228,.T.);
#3381=ADVANCED_FACE('',(#346,#180),#3293,.F.);
#3382=ADVANCED_FACE('',(#347),#229,.T.);
#3383=ADVANCED_FACE('',(#348),#230,.T.);
#3384=ADVANCED_FACE('',(#349),#231,.F.);
#3385=ADVANCED_FACE('',(#350),#232,.T.);
#3386=ADVANCED_FACE('',(#351),#3294,.F.);
#3387=ADVANCED_FACE('',(#352),#233,.T.);
#3388=ADVANCED_FACE('',(#353),#3295,.T.);
#3389=ADVANCED_FACE('',(#354),#170,.F.);
#3390=ADVANCED_FACE('',(#355),#171,.F.);
#3391=ADVANCED_FACE('',(#356),#234,.F.);
#3392=ADVANCED_FACE('',(#357),#3296,.T.);
#3393=ADVANCED_FACE('',(#358),#235,.F.);
#3394=ADVANCED_FACE('',(#359),#34,.F.);
#3395=ADVANCED_FACE('',(#360),#35,.F.);
#3396=ADVANCED_FACE('',(#361),#236,.F.);
#3397=ADVANCED_FACE('',(#362),#3297,.T.);
#3398=ADVANCED_FACE('',(#363),#237,.T.);
#3399=ADVANCED_FACE('',(#364),#238,.T.);
#3400=ADVANCED_FACE('',(#365),#239,.F.);
#3401=ADVANCED_FACE('',(#366),#240,.F.);
#3402=ADVANCED_FACE('',(#367),#3298,.F.);
#3403=ADVANCED_FACE('',(#368),#241,.F.);
#3404=ADVANCED_FACE('',(#369),#242,.F.);
#3405=ADVANCED_FACE('',(#370,#181),#3299,.F.);
#3406=ADVANCED_FACE('',(#371),#3300,.F.);
#3407=ADVANCED_FACE('',(#372),#3301,.F.);
#3408=ADVANCED_FACE('',(#373),#243,.F.);
#3409=ADVANCED_FACE('',(#374),#244,.F.);
#3410=ADVANCED_FACE('',(#375),#245,.F.);
#3411=ADVANCED_FACE('',(#376),#246,.F.);
#3412=ADVANCED_FACE('',(#377),#247,.T.);
#3413=ADVANCED_FACE('',(#378,#182),#248,.T.);
#3414=ADVANCED_FACE('',(#379),#3302,.T.);
#3415=ADVANCED_FACE('',(#380),#172,.T.);
#3416=ADVANCED_FACE('',(#381),#15,.F.);
#3417=ADVANCED_FACE('',(#382),#249,.T.);
#3418=ADVANCED_FACE('',(#383),#16,.F.);
#3419=ADVANCED_FACE('',(#384),#173,.T.);
#3420=ADVANCED_FACE('',(#385),#3303,.T.);
#3421=ADVANCED_FACE('',(#386),#250,.F.);
#3422=ADVANCED_FACE('',(#387),#251,.T.);
#3423=ADVANCED_FACE('',(#388),#17,.F.);
#3424=ADVANCED_FACE('',(#389),#18,.F.);
#3425=ADVANCED_FACE('',(#390),#3304,.T.);
#3426=ADVANCED_FACE('',(#391),#3305,.T.);
#3427=ADVANCED_FACE('',(#392),#19,.F.);
#3428=ADVANCED_FACE('',(#393),#3306,.T.);
#3429=ADVANCED_FACE('',(#394),#252,.F.);
#3430=ADVANCED_FACE('',(#395),#36,.T.);
#3431=ADVANCED_FACE('',(#396,#183),#37,.F.);
#3432=ADVANCED_FACE('',(#397),#253,.T.);
#3433=ADVANCED_FACE('',(#398),#20,.F.);
#3434=ADVANCED_FACE('',(#399),#21,.F.);
#3435=ADVANCED_FACE('',(#400),#254,.F.);
#3436=ADVANCED_FACE('',(#401),#3307,.T.);
#3437=ADVANCED_FACE('',(#402),#22,.F.);
#3438=ADVANCED_FACE('',(#403),#174,.T.);
#3439=ADVANCED_FACE('',(#404),#3308,.T.);
#3440=ADVANCED_FACE('',(#405),#23,.F.);
#3441=ADVANCED_FACE('',(#406),#24,.F.);
#3442=ADVANCED_FACE('',(#407,#184),#255,.T.);
#3443=ADVANCED_FACE('',(#408),#38,.T.);
#3444=ADVANCED_FACE('',(#409),#256,.F.);
#3445=ADVANCED_FACE('',(#410),#25,.F.);
#3446=ADVANCED_FACE('',(#411),#26,.F.);
#3447=ADVANCED_FACE('',(#412),#27,.T.);
#3448=ADVANCED_FACE('',(#413),#257,.F.);
#3449=ADVANCED_FACE('',(#414),#28,.T.);
#3450=ADVANCED_FACE('',(#415),#258,.F.);
#3451=ADVANCED_FACE('',(#416),#29,.T.);
#3452=ADVANCED_FACE('',(#417),#259,.F.);
#3453=ADVANCED_FACE('',(#418),#30,.T.);
#3454=ADVANCED_FACE('',(#419),#260,.F.);
#3455=ADVANCED_FACE('',(#420),#261,.F.);
#3456=ADVANCED_FACE('',(#421),#262,.F.);
#3457=ADVANCED_FACE('',(#422),#263,.F.);
#3458=ADVANCED_FACE('',(#423),#264,.F.);
#3459=ADVANCED_FACE('',(#424),#265,.T.);
#3460=ADVANCED_FACE('',(#425),#56,.F.);
#3461=ADVANCED_FACE('',(#426),#266,.T.);
#3462=ADVANCED_FACE('',(#427),#3309,.F.);
#3463=ADVANCED_FACE('',(#428),#267,.T.);
#3464=ADVANCED_FACE('',(#429),#3310,.T.);
#3465=ADVANCED_FACE('',(#430),#268,.T.);
#3466=ADVANCED_FACE('',(#431),#269,.T.);
#3467=ADVANCED_FACE('',(#432),#57,.F.);
#3468=ADVANCED_FACE('',(#433),#3311,.F.);
#3469=ADVANCED_FACE('',(#434),#270,.F.);
#3470=ADVANCED_FACE('',(#435),#271,.F.);
#3471=ADVANCED_FACE('',(#436),#3312,.F.);
#3472=ADVANCED_FACE('',(#437,#185),#272,.F.);
#3473=ADVANCED_FACE('',(#438),#3313,.T.);
#3474=ADVANCED_FACE('',(#439),#3314,.T.);
#3475=ADVANCED_FACE('',(#440),#3315,.T.);
#3476=ADVANCED_FACE('',(#441),#3316,.F.);
#3477=ADVANCED_FACE('',(#442),#175,.F.);
#3478=ADVANCED_FACE('',(#443),#3317,.F.);
#3479=ADVANCED_FACE('',(#444),#176,.F.);
#3480=ADVANCED_FACE('',(#445),#3318,.T.);
#3481=ADVANCED_FACE('',(#446),#273,.T.);
#3482=ADVANCED_FACE('',(#447),#3319,.F.);
#3483=ADVANCED_FACE('',(#448),#177,.F.);
#3484=ADVANCED_FACE('',(#449),#178,.F.);
#3485=ADVANCED_FACE('',(#450),#3320,.T.);
#3486=ADVANCED_FACE('',(#451),#274,.T.);
#3487=ADVANCED_FACE('',(#452),#275,.F.);
#3488=ADVANCED_FACE('',(#453),#3321,.T.);
#3489=ADVANCED_FACE('',(#454),#276,.T.);
#3490=ADVANCED_FACE('',(#455),#277,.F.);
#3491=ADVANCED_FACE('',(#456),#278,.F.);
#3492=ADVANCED_FACE('',(#457),#279,.F.);
#3493=ADVANCED_FACE('',(#458),#280,.F.);
#3494=ADVANCED_FACE('',(#459),#281,.F.);
#3495=ADVANCED_FACE('',(#460),#282,.T.);
#3496=ADVANCED_FACE('',(#461),#3322,.T.);
#3497=ADVANCED_FACE('',(#462),#3323,.T.);
#3498=ADVANCED_FACE('',(#463),#283,.F.);
#3499=ADVANCED_FACE('',(#464),#3324,.F.);
#3500=ADVANCED_FACE('',(#465),#284,.T.);
#3501=ADVANCED_FACE('',(#466),#285,.T.);
#3502=ADVANCED_FACE('',(#467),#286,.F.);
#3503=ADVANCED_FACE('',(#468),#3325,.F.);
#3504=ADVANCED_FACE('',(#469),#287,.F.);
#3505=ADVANCED_FACE('',(#470),#288,.T.);
#3506=ADVANCED_FACE('',(#471),#289,.F.);
#3507=ADVANCED_FACE('',(#472),#290,.F.);
#3508=ADVANCED_FACE('',(#473),#291,.T.);
#3509=ADVANCED_FACE('',(#474),#3326,.T.);
#3510=CLOSED_SHELL('',(#3327,#3328,#3329,#3330,#3331,#3332,#3333,#3334,
#3335,#3336,#3337,#3338,#3339,#3340,#3341,#3342,#3343,#3344,#3345,#3346,
#3347,#3348,#3349,#3350,#3351,#3352,#3353,#3354,#3355,#3356,#3357,#3358,
#3359,#3360,#3361,#3362,#3363,#3364,#3365,#3366,#3367,#3368,#3369,#3370,
#3371,#3372,#3373,#3374,#3375,#3376,#3377,#3378,#3379,#3380,#3381,#3382,
#3383,#3384,#3385,#3386,#3387,#3388,#3389,#3390,#3391,#3392,#3393,#3394,
#3395,#3396,#3397,#3398,#3399,#3400,#3401,#3402,#3403,#3404,#3405,#3406,
#3407,#3408,#3409,#3410,#3411,#3412,#3413,#3414,#3415,#3416,#3417,#3418,
#3419,#3420,#3421,#3422,#3423,#3424,#3425,#3426,#3427,#3428,#3429,#3430,
#3431,#3432,#3433,#3434,#3435,#3436,#3437,#3438,#3439,#3440,#3441,#3442,
#3443,#3444,#3445,#3446,#3447,#3448,#3449,#3450,#3451,#3452,#3453,#3454,
#3455,#3456,#3457,#3458,#3459,#3460,#3461,#3462,#3463,#3464,#3465,#3466,
#3467,#3468,#3469,#3470,#3471,#3472,#3473,#3474,#3475,#3476,#3477,#3478,
#3479,#3480,#3481,#3482,#3483,#3484,#3485,#3486,#3487,#3488,#3489,#3490,
#3491,#3492,#3493,#3494,#3495,#3496,#3497,#3498,#3499,#3500,#3501,#3502,
#3503,#3504,#3505,#3506,#3507,#3508,#3509));
#3511=DERIVED_UNIT_ELEMENT(#3513,1.);
#3512=DERIVED_UNIT_ELEMENT(#7155,-3.);
#3513=(
MASS_UNIT()
NAMED_UNIT(*)
SI_UNIT(.KILO.,.GRAM.)
);
#3514=DERIVED_UNIT((#3511,#3512));
#3515=MEASURE_REPRESENTATION_ITEM('density measure',
POSITIVE_RATIO_MEASURE(7850.),#3514);
#3516=PROPERTY_DEFINITION_REPRESENTATION(#3521,#3518);
#3517=PROPERTY_DEFINITION_REPRESENTATION(#3522,#3519);
#3518=REPRESENTATION('material name',(#3520),#7152);
#3519=REPRESENTATION('density',(#3515),#7152);
#3520=DESCRIPTIVE_REPRESENTATION_ITEM('Steel','Steel');
#3521=PROPERTY_DEFINITION('material property','material name',#7162);
#3522=PROPERTY_DEFINITION('material property','density of part',#7162);
#3523=AXIS2_PLACEMENT_3D('',#4718,#3834,#3835);
#3524=AXIS2_PLACEMENT_3D('',#4719,#3836,#3837);
#3525=AXIS2_PLACEMENT_3D('',#4722,#3838,#3839);
#3526=AXIS2_PLACEMENT_3D('',#4726,#3841,#3842);
#3527=AXIS2_PLACEMENT_3D('',#4728,#3844,#3845);
#3528=AXIS2_PLACEMENT_3D('',#4732,#3847,#3848);
#3529=AXIS2_PLACEMENT_3D('',#4736,#3851,#3852);
#3530=AXIS2_PLACEMENT_3D('',#4741,#3855,#3856);
#3531=AXIS2_PLACEMENT_3D('',#4742,#3857,#3858);
#3532=AXIS2_PLACEMENT_3D('',#4747,#3861,#3862);
#3533=AXIS2_PLACEMENT_3D('',#4748,#3863,#3864);
#3534=AXIS2_PLACEMENT_3D('',#4754,#3867,#3868);
#3535=AXIS2_PLACEMENT_3D('',#4756,#3870,#3871);
#3536=AXIS2_PLACEMENT_3D('',#4761,#3873,#3874);
#3537=AXIS2_PLACEMENT_3D('',#4767,#3878,#3879);
#3538=AXIS2_PLACEMENT_3D('',#4777,#3884,#3885);
#3539=AXIS2_PLACEMENT_3D('',#4778,#3886,#3887);
#3540=AXIS2_PLACEMENT_3D('',#4780,#3888,#3889);
#3541=AXIS2_PLACEMENT_3D('',#4783,#3891,#3892);
#3542=AXIS2_PLACEMENT_3D('',#4784,#3893,#3894);
#3543=AXIS2_PLACEMENT_3D('',#4785,#3895,#3896);
#3544=AXIS2_PLACEMENT_3D('',#4786,#3897,#3898);
#3545=AXIS2_PLACEMENT_3D('',#4787,#3899,#3900);
#3546=AXIS2_PLACEMENT_3D('',#4789,#3902,#3903);
#3547=AXIS2_PLACEMENT_3D('',#4791,#3904,#3905);
#3548=AXIS2_PLACEMENT_3D('',#4799,#3909,#3910);
#3549=AXIS2_PLACEMENT_3D('',#4801,#3911,#3912);
#3550=AXIS2_PLACEMENT_3D('',#4805,#3914,#3915);
#3551=AXIS2_PLACEMENT_3D('',#4809,#3917,#3918);
#3552=AXIS2_PLACEMENT_3D('',#4811,#3919,#3920);
#3553=AXIS2_PLACEMENT_3D('',#4812,#3921,#3922);
#3554=AXIS2_PLACEMENT_3D('',#4813,#3923,#3924);
#3555=AXIS2_PLACEMENT_3D('',#4815,#3925,#3926);
#3556=AXIS2_PLACEMENT_3D('',#4817,#3927,#3928);
#3557=AXIS2_PLACEMENT_3D('',#4818,#3929,#3930);
#3558=AXIS2_PLACEMENT_3D('',#4819,#3931,#3932);
#3559=AXIS2_PLACEMENT_3D('',#4822,#3933,#3934);
#3560=AXIS2_PLACEMENT_3D('',#4826,#3936,#3937);
#3561=AXIS2_PLACEMENT_3D('',#4828,#3939,#3940);
#3562=AXIS2_PLACEMENT_3D('',#4832,#3942,#3943);
#3563=AXIS2_PLACEMENT_3D('',#4836,#3946,#3947);
#3564=AXIS2_PLACEMENT_3D('',#4843,#3951,#3952);
#3565=AXIS2_PLACEMENT_3D('',#4844,#3953,#3954);
#3566=AXIS2_PLACEMENT_3D('',#4845,#3955,#3956);
#3567=AXIS2_PLACEMENT_3D('',#4846,#3957,#3958);
#3568=AXIS2_PLACEMENT_3D('',#4848,#3959,#3960);
#3569=AXIS2_PLACEMENT_3D('',#4864,#3961,#3962);
#3570=AXIS2_PLACEMENT_3D('',#4865,#3963,#3964);
#3571=AXIS2_PLACEMENT_3D('',#4867,#3965,#3966);
#3572=AXIS2_PLACEMENT_3D('',#4869,#3967,#3968);
#3573=AXIS2_PLACEMENT_3D('',#4870,#3969,#3970);
#3574=AXIS2_PLACEMENT_3D('',#4871,#3971,#3972);
#3575=AXIS2_PLACEMENT_3D('',#4875,#3974,#3975);
#3576=AXIS2_PLACEMENT_3D('',#4879,#3977,#3978);
#3577=AXIS2_PLACEMENT_3D('',#4883,#3980,#3981);
#3578=AXIS2_PLACEMENT_3D('',#4887,#3983,#3984);
#3579=AXIS2_PLACEMENT_3D('',#4891,#3986,#3987);
#3580=AXIS2_PLACEMENT_3D('',#4893,#3989,#3990);
#3581=AXIS2_PLACEMENT_3D('',#4902,#3995,#3996);
#3582=AXIS2_PLACEMENT_3D('',#4908,#4000,#4001);
#3583=AXIS2_PLACEMENT_3D('',#4914,#4005,#4006);
#3584=AXIS2_PLACEMENT_3D('',#4917,#4009,#4010);
#3585=AXIS2_PLACEMENT_3D('',#4918,#4011,#4012);
#3586=AXIS2_PLACEMENT_3D('',#4928,#4013,#4014);
#3587=AXIS2_PLACEMENT_3D('',#4932,#4015,#4016);
#3588=AXIS2_PLACEMENT_3D('',#4936,#4018,#4019);
#3589=AXIS2_PLACEMENT_3D('',#4946,#4022,#4023);
#3590=AXIS2_PLACEMENT_3D('',#4950,#4024,#4025);
#3591=AXIS2_PLACEMENT_3D('',#4956,#4026,#4027);
#3592=AXIS2_PLACEMENT_3D('',#4960,#4028,#4029);
#3593=AXIS2_PLACEMENT_3D('',#4964,#4031,#4032);
#3594=AXIS2_PLACEMENT_3D('',#4986,#4034,#4035);
#3595=AXIS2_PLACEMENT_3D('',#4988,#4036,#4037);
#3596=AXIS2_PLACEMENT_3D('',#4994,#4040,#4041);
#3597=AXIS2_PLACEMENT_3D('',#4998,#4043,#4044);
#3598=AXIS2_PLACEMENT_3D('',#5006,#4048,#4049);
#3599=AXIS2_PLACEMENT_3D('',#5008,#4051,#4052);
#3600=AXIS2_PLACEMENT_3D('',#5018,#4053,#4054);
#3601=AXIS2_PLACEMENT_3D('',#5022,#4055,#4056);
#3602=AXIS2_PLACEMENT_3D('',#5031,#4062,#4063);
#3603=AXIS2_PLACEMENT_3D('',#5034,#4065,#4066);
#3604=AXIS2_PLACEMENT_3D('',#5050,#4067,#4068);
#3605=AXIS2_PLACEMENT_3D('',#5051,#4069,#4070);
#3606=AXIS2_PLACEMENT_3D('',#5053,#4071,#4072);
#3607=AXIS2_PLACEMENT_3D('',#5070,#4074,#4075);
#3608=AXIS2_PLACEMENT_3D('',#5072,#4076,#4077);
#3609=AXIS2_PLACEMENT_3D('',#5073,#4078,#4079);
#3610=AXIS2_PLACEMENT_3D('',#5089,#4080,#4081);
#3611=AXIS2_PLACEMENT_3D('',#5090,#4082,#4083);
#3612=AXIS2_PLACEMENT_3D('',#5094,#4085,#4086);
#3613=AXIS2_PLACEMENT_3D('',#5100,#4089,#4090);
#3614=AXIS2_PLACEMENT_3D('',#5106,#4093,#4094);
#3615=AXIS2_PLACEMENT_3D('',#5111,#4095,#4096);
#3616=AXIS2_PLACEMENT_3D('',#5118,#4097,#4098);
#3617=AXIS2_PLACEMENT_3D('',#5124,#4101,#4102);
#3618=AXIS2_PLACEMENT_3D('',#5130,#4105,#4106);
#3619=AXIS2_PLACEMENT_3D('',#5132,#4108,#4109);
#3620=AXIS2_PLACEMENT_3D('',#5142,#4115,#4116);
#3621=AXIS2_PLACEMENT_3D('',#5147,#4118,#4119);
#3622=AXIS2_PLACEMENT_3D('',#5148,#4120,#4121);
#3623=AXIS2_PLACEMENT_3D('',#5154,#4124,#4125);
#3624=AXIS2_PLACEMENT_3D('',#5157,#4128,#4129);
#3625=AXIS2_PLACEMENT_3D('',#5161,#4132,#4133);
#3626=AXIS2_PLACEMENT_3D('',#5165,#4135,#4136);
#3627=AXIS2_PLACEMENT_3D('',#5172,#4140,#4141);
#3628=AXIS2_PLACEMENT_3D('',#5239,#4144,#4145);
#3629=AXIS2_PLACEMENT_3D('',#5243,#4147,#4148);
#3630=AXIS2_PLACEMENT_3D('',#5245,#4150,#4151);
#3631=AXIS2_PLACEMENT_3D('',#5248,#4153,#4154);
#3632=AXIS2_PLACEMENT_3D('',#5249,#4155,#4156);
#3633=AXIS2_PLACEMENT_3D('',#5251,#4157,#4158);
#3634=AXIS2_PLACEMENT_3D('',#5253,#4160,#4161);
#3635=AXIS2_PLACEMENT_3D('',#5262,#4164,#4165);
#3636=AXIS2_PLACEMENT_3D('',#5271,#4168,#4169);
#3637=AXIS2_PLACEMENT_3D('',#5280,#4172,#4173);
#3638=AXIS2_PLACEMENT_3D('',#5284,#4176,#4177);
#3639=AXIS2_PLACEMENT_3D('',#5288,#4180,#4181);
#3640=AXIS2_PLACEMENT_3D('',#5292,#4184,#4185);
#3641=AXIS2_PLACEMENT_3D('',#5294,#4186,#4187);
#3642=AXIS2_PLACEMENT_3D('',#5296,#4188,#4189);
#3643=AXIS2_PLACEMENT_3D('',#5298,#4190,#4191);
#3644=AXIS2_PLACEMENT_3D('',#5300,#4192,#4193);
#3645=AXIS2_PLACEMENT_3D('',#5301,#4194,#4195);
#3646=AXIS2_PLACEMENT_3D('',#5302,#4196,#4197);
#3647=AXIS2_PLACEMENT_3D('',#5304,#4198,#4199);
#3648=AXIS2_PLACEMENT_3D('',#5306,#4200,#4201);
#3649=AXIS2_PLACEMENT_3D('',#5308,#4202,#4203);
#3650=AXIS2_PLACEMENT_3D('',#5310,#4204,#4205);
#3651=AXIS2_PLACEMENT_3D('',#5312,#4206,#4207);
#3652=AXIS2_PLACEMENT_3D('',#5314,#4209,#4210);
#3653=AXIS2_PLACEMENT_3D('',#5316,#4211,#4212);
#3654=AXIS2_PLACEMENT_3D('',#5317,#4213,#4214);
#3655=AXIS2_PLACEMENT_3D('',#5439,#4218,#4219);
#3656=AXIS2_PLACEMENT_3D('',#5441,#4220,#4221);
#3657=AXIS2_PLACEMENT_3D('',#5442,#4222,#4223);
#3658=AXIS2_PLACEMENT_3D('',#5444,#4224,#4225);
#3659=AXIS2_PLACEMENT_3D('',#5445,#4226,#4227);
#3660=AXIS2_PLACEMENT_3D('',#5446,#4228,#4229);
#3661=AXIS2_PLACEMENT_3D('',#5455,#4234,#4235);
#3662=AXIS2_PLACEMENT_3D('',#5492,#4237,#4238);
#3663=AXIS2_PLACEMENT_3D('',#5494,#4239,#4240);
#3664=AXIS2_PLACEMENT_3D('',#5496,#4241,#4242);
#3665=AXIS2_PLACEMENT_3D('',#5498,#4243,#4244);
#3666=AXIS2_PLACEMENT_3D('',#5500,#4245,#4246);
#3667=AXIS2_PLACEMENT_3D('',#5503,#4248,#4249);
#3668=AXIS2_PLACEMENT_3D('',#5504,#4250,#4251);
#3669=AXIS2_PLACEMENT_3D('',#5508,#4253,#4254);
#3670=AXIS2_PLACEMENT_3D('',#5510,#4256,#4257);
#3671=AXIS2_PLACEMENT_3D('',#5519,#4258,#4259);
#3672=AXIS2_PLACEMENT_3D('',#5550,#4260,#4261);
#3673=AXIS2_PLACEMENT_3D('',#5552,#4263,#4264);
#3674=AXIS2_PLACEMENT_3D('',#5554,#4266,#4267);
#3675=AXIS2_PLACEMENT_3D('',#5615,#4272,#4273);
#3676=AXIS2_PLACEMENT_3D('',#5616,#4274,#4275);
#3677=AXIS2_PLACEMENT_3D('',#5621,#4278,#4279);
#3678=AXIS2_PLACEMENT_3D('',#5623,#4281,#4282);
#3679=AXIS2_PLACEMENT_3D('',#5624,#4283,#4284);
#3680=AXIS2_PLACEMENT_3D('',#5625,#4285,#4286);
#3681=AXIS2_PLACEMENT_3D('',#5627,#4288,#4289);
#3682=AXIS2_PLACEMENT_3D('',#5630,#4292,#4293);
#3683=AXIS2_PLACEMENT_3D('',#5632,#4295,#4296);
#3684=AXIS2_PLACEMENT_3D('',#5636,#4300,#4301);
#3685=AXIS2_PLACEMENT_3D('',#5638,#4303,#4304);
#3686=AXIS2_PLACEMENT_3D('',#5640,#4306,#4307);
#3687=AXIS2_PLACEMENT_3D('',#5666,#4309,#4310);
#3688=AXIS2_PLACEMENT_3D('',#5671,#4312,#4313);
#3689=AXIS2_PLACEMENT_3D('',#5674,#4315,#4316);
#3690=AXIS2_PLACEMENT_3D('',#5675,#4317,#4318);
#3691=AXIS2_PLACEMENT_3D('',#5680,#4320,#4321);
#3692=AXIS2_PLACEMENT_3D('',#5683,#4323,#4324);
#3693=AXIS2_PLACEMENT_3D('',#5684,#4325,#4326);
#3694=AXIS2_PLACEMENT_3D('',#5690,#4330,#4331);
#3695=AXIS2_PLACEMENT_3D('',#5703,#4339,#4340);
#3696=AXIS2_PLACEMENT_3D('',#5707,#4343,#4344);
#3697=AXIS2_PLACEMENT_3D('',#5711,#4347,#4348);
#3698=AXIS2_PLACEMENT_3D('',#5721,#4355,#4356);
#3699=AXIS2_PLACEMENT_3D('',#5759,#4368,#4369);
#3700=AXIS2_PLACEMENT_3D('',#5774,#4370,#4371);
#3701=AXIS2_PLACEMENT_3D('',#5776,#4373,#4374);
#3702=AXIS2_PLACEMENT_3D('',#5778,#4375,#4376);
#3703=AXIS2_PLACEMENT_3D('',#5779,#4377,#4378);
#3704=AXIS2_PLACEMENT_3D('',#5781,#4379,#4380);
#3705=AXIS2_PLACEMENT_3D('',#5787,#4381,#4382);
#3706=AXIS2_PLACEMENT_3D('',#5825,#4383,#4384);
#3707=AXIS2_PLACEMENT_3D('',#5826,#4385,#4386);
#3708=AXIS2_PLACEMENT_3D('',#5861,#4387,#4388);
#3709=AXIS2_PLACEMENT_3D('',#5866,#4389,#4390);
#3710=AXIS2_PLACEMENT_3D('',#5868,#4391,#4392);
#3711=AXIS2_PLACEMENT_3D('',#5869,#4393,#4394);
#3712=AXIS2_PLACEMENT_3D('',#5870,#4395,#4396);
#3713=AXIS2_PLACEMENT_3D('',#5871,#4397,#4398);
#3714=AXIS2_PLACEMENT_3D('',#5886,#4400,#4401);
#3715=AXIS2_PLACEMENT_3D('',#5887,#4402,#4403);
#3716=AXIS2_PLACEMENT_3D('',#5888,#4404,#4405);
#3717=AXIS2_PLACEMENT_3D('',#5919,#4409,#4410);
#3718=AXIS2_PLACEMENT_3D('',#6029,#4411,#4412);
#3719=AXIS2_PLACEMENT_3D('',#6031,#4414,#4415);
#3720=AXIS2_PLACEMENT_3D('',#6032,#4416,#4417);
#3721=AXIS2_PLACEMENT_3D('',#6075,#4419,#4420);
#3722=AXIS2_PLACEMENT_3D('',#6084,#4421,#4422);
#3723=AXIS2_PLACEMENT_3D('',#6099,#4424,#4425);
#3724=AXIS2_PLACEMENT_3D('',#6177,#4429,#4430);
#3725=AXIS2_PLACEMENT_3D('',#6229,#4436,#4437);
#3726=AXIS2_PLACEMENT_3D('',#6267,#4438,#4439);
#3727=AXIS2_PLACEMENT_3D('',#6287,#4440,#4441);
#3728=AXIS2_PLACEMENT_3D('',#6289,#4442,#4443);
#3729=AXIS2_PLACEMENT_3D('',#6352,#4445,#4446);
#3730=AXIS2_PLACEMENT_3D('',#6354,#4447,#4448);
#3731=AXIS2_PLACEMENT_3D('',#6355,#4449,#4450);
#3732=AXIS2_PLACEMENT_3D('',#6356,#4451,#4452);
#3733=AXIS2_PLACEMENT_3D('',#6357,#4453,#4454);
#3734=AXIS2_PLACEMENT_3D('',#6359,#4455,#4456);
#3735=AXIS2_PLACEMENT_3D('',#6462,#4458,#4459);
#3736=AXIS2_PLACEMENT_3D('',#6466,#4461,#4462);
#3737=AXIS2_PLACEMENT_3D('',#6474,#4466,#4467);
#3738=AXIS2_PLACEMENT_3D('',#6484,#4472,#4473);
#3739=AXIS2_PLACEMENT_3D('',#6487,#4475,#4476);
#3740=AXIS2_PLACEMENT_3D('',#6526,#4478,#4479);
#3741=AXIS2_PLACEMENT_3D('',#6528,#4480,#4481);
#3742=AXIS2_PLACEMENT_3D('',#6558,#4482,#4483);
#3743=AXIS2_PLACEMENT_3D('',#6656,#4484,#4485);
#3744=AXIS2_PLACEMENT_3D('',#6730,#4490,#4491);
#3745=AXIS2_PLACEMENT_3D('',#6801,#4494,#4495);
#3746=AXIS2_PLACEMENT_3D('',#6865,#4499,#4500);
#3747=AXIS2_PLACEMENT_3D('',#6870,#4504,#4505);
#3748=AXIS2_PLACEMENT_3D('',#6872,#4507,#4508);
#3749=AXIS2_PLACEMENT_3D('',#6873,#4509,#4510);
#3750=AXIS2_PLACEMENT_3D('',#6875,#4512,#4513);
#3751=AXIS2_PLACEMENT_3D('',#6876,#4514,#4515);
#3752=AXIS2_PLACEMENT_3D('',#6888,#4519,#4520);
#3753=AXIS2_PLACEMENT_3D('',#6890,#4521,#4522);
#3754=AXIS2_PLACEMENT_3D('',#6892,#4523,#4524);
#3755=AXIS2_PLACEMENT_3D('',#6904,#4525,#4526);
#3756=AXIS2_PLACEMENT_3D('',#6909,#4527,#4528);
#3757=AXIS2_PLACEMENT_3D('',#6915,#4532,#4533);
#3758=AXIS2_PLACEMENT_3D('',#6917,#4534,#4535);
#3759=AXIS2_PLACEMENT_3D('',#6920,#4537,#4538);
#3760=AXIS2_PLACEMENT_3D('',#6921,#4539,#4540);
#3761=AXIS2_PLACEMENT_3D('',#6923,#4541,#4542);
#3762=AXIS2_PLACEMENT_3D('',#6925,#4543,#4544);
#3763=AXIS2_PLACEMENT_3D('',#6927,#4545,#4546);
#3764=AXIS2_PLACEMENT_3D('',#6928,#4547,#4548);
#3765=AXIS2_PLACEMENT_3D('',#6929,#4549,#4550);
#3766=AXIS2_PLACEMENT_3D('',#6930,#4551,#4552);
#3767=AXIS2_PLACEMENT_3D('',#6931,#4553,#4554);
#3768=AXIS2_PLACEMENT_3D('',#6933,#4555,#4556);
#3769=AXIS2_PLACEMENT_3D('',#6940,#4558,#4559);
#3770=AXIS2_PLACEMENT_3D('',#6949,#4562,#4563);
#3771=AXIS2_PLACEMENT_3D('',#6963,#4567,#4568);
#3772=AXIS2_PLACEMENT_3D('',#6964,#4569,#4570);
#3773=AXIS2_PLACEMENT_3D('',#6969,#4571,#4572);
#3774=AXIS2_PLACEMENT_3D('',#6971,#4573,#4574);
#3775=AXIS2_PLACEMENT_3D('',#6973,#4576,#4577);
#3776=AXIS2_PLACEMENT_3D('',#6975,#4579,#4580);
#3777=AXIS2_PLACEMENT_3D('',#6977,#4582,#4583);
#3778=AXIS2_PLACEMENT_3D('',#6979,#4585,#4586);
#3779=AXIS2_PLACEMENT_3D('',#6980,#4587,#4588);
#3780=AXIS2_PLACEMENT_3D('',#6981,#4589,#4590);
#3781=AXIS2_PLACEMENT_3D('',#6982,#4591,#4592);
#3782=AXIS2_PLACEMENT_3D('',#6983,#4593,#4594);
#3783=AXIS2_PLACEMENT_3D('',#6984,#4595,#4596);
#3784=AXIS2_PLACEMENT_3D('',#6985,#4597,#4598);
#3785=AXIS2_PLACEMENT_3D('',#6986,#4599,#4600);
#3786=AXIS2_PLACEMENT_3D('',#6987,#4601,#4602);
#3787=AXIS2_PLACEMENT_3D('',#7019,#4604,#4605);
#3788=AXIS2_PLACEMENT_3D('',#7035,#4606,#4607);
#3789=AXIS2_PLACEMENT_3D('',#7036,#4608,#4609);
#3790=AXIS2_PLACEMENT_3D('',#7053,#4611,#4612);
#3791=AXIS2_PLACEMENT_3D('',#7054,#4613,#4614);
#3792=AXIS2_PLACEMENT_3D('',#7055,#4615,#4616);
#3793=AXIS2_PLACEMENT_3D('',#7059,#4618,#4619);
#3794=AXIS2_PLACEMENT_3D('',#7061,#4621,#4622);
#3795=AXIS2_PLACEMENT_3D('',#7065,#4625,#4626);
#3796=AXIS2_PLACEMENT_3D('',#7088,#4627,#4628);
#3797=AXIS2_PLACEMENT_3D('',#7089,#4629,#4630);
#3798=AXIS2_PLACEMENT_3D('',#7090,#4631,#4632);
#3799=AXIS2_PLACEMENT_3D('',#7091,#4633,#4634);
#3800=AXIS2_PLACEMENT_3D('',#7093,#4636,#4637);
#3801=AXIS2_PLACEMENT_3D('',#7094,#4638,#4639);
#3802=AXIS2_PLACEMENT_3D('',#7096,#4640,#4641);
#3803=AXIS2_PLACEMENT_3D('',#7098,#4643,#4644);
#3804=AXIS2_PLACEMENT_3D('',#7100,#4646,#4647);
#3805=AXIS2_PLACEMENT_3D('',#7101,#4648,#4649);
#3806=AXIS2_PLACEMENT_3D('',#7103,#4651,#4652);
#3807=AXIS2_PLACEMENT_3D('',#7104,#4653,#4654);
#3808=AXIS2_PLACEMENT_3D('',#7106,#4656,#4657);
#3809=AXIS2_PLACEMENT_3D('',#7108,#4659,#4660);
#3810=AXIS2_PLACEMENT_3D('',#7109,#4661,#4662);
#3811=AXIS2_PLACEMENT_3D('',#7110,#4663,#4664);
#3812=AXIS2_PLACEMENT_3D('',#7111,#4665,#4666);
#3813=AXIS2_PLACEMENT_3D('',#7112,#4667,#4668);
#3814=AXIS2_PLACEMENT_3D('',#7113,#4669,#4670);
#3815=AXIS2_PLACEMENT_3D('',#7118,#4673,#4674);
#3816=AXIS2_PLACEMENT_3D('',#7119,#4675,#4676);
#3817=AXIS2_PLACEMENT_3D('',#7122,#4677,#4678);
#3818=AXIS2_PLACEMENT_3D('',#7124,#4679,#4680);
#3819=AXIS2_PLACEMENT_3D('',#7126,#4681,#4682);
#3820=AXIS2_PLACEMENT_3D('',#7127,#4683,#4684);
#3821=AXIS2_PLACEMENT_3D('',#7128,#4685,#4686);
#3822=AXIS2_PLACEMENT_3D('',#7131,#4689,#4690);
#3823=AXIS2_PLACEMENT_3D('',#7134,#4692,#4693);
#3824=AXIS2_PLACEMENT_3D('',#7135,#4694,#4695);
#3825=AXIS2_PLACEMENT_3D('',#7138,#4697,#4698);
#3826=AXIS2_PLACEMENT_3D('',#7139,#4699,#4700);
#3827=AXIS2_PLACEMENT_3D('',#7140,#4701,#4702);
#3828=AXIS2_PLACEMENT_3D('',#7141,#4703,#4704);
#3829=AXIS2_PLACEMENT_3D('',#7143,#4706,#4707);
#3830=AXIS2_PLACEMENT_3D('',#7146,#4710,#4711);
#3831=AXIS2_PLACEMENT_3D('',#7147,#4712,#4713);
#3832=AXIS2_PLACEMENT_3D('',#7148,#4714,#4715);
#3833=AXIS2_PLACEMENT_3D('',#7149,#4716,#4717);
#3834=DIRECTION('axis',(0.,0.,1.));
#3835=DIRECTION('refdir',(1.,0.,0.));
#3836=DIRECTION('center_axis',(0.,1.,0.));
#3837=DIRECTION('ref_axis',(1.,0.,0.));
#3838=DIRECTION('center_axis',(0.,-1.,0.));
#3839=DIRECTION('ref_axis',(1.,0.,0.));
#3840=DIRECTION('',(0.,-1.,0.));
#3841=DIRECTION('center_axis',(0.,1.,0.));
#3842=DIRECTION('ref_axis',(1.,0.,0.));
#3843=DIRECTION('',(0.,-1.,0.));
#3844=DIRECTION('center_axis',(-0.0871557427476901,0.,-0.996194698091743));
#3845=DIRECTION('ref_axis',(-0.996194698091743,0.,0.0871557427476901));
#3846=DIRECTION('',(-0.996194698091743,0.,0.0871557427476901));
#3847=DIRECTION('center_axis',(-0.0871557427476901,0.,-0.996194698091743));
#3848=DIRECTION('ref_axis',(0.996194698091743,0.,-0.0871557427476901));
#3849=DIRECTION('',(0.,-1.,0.));
#3850=DIRECTION('',(0.996194698091743,0.,-0.0871557427476901));
#3851=DIRECTION('center_axis',(0.,-1.,0.));
#3852=DIRECTION('ref_axis',(0.,0.,-1.));
#3853=DIRECTION('',(4.04834249764537E-16,0.,1.));
#3854=DIRECTION('',(-0.866025403784212,0.,-0.500000000000393));
#3855=DIRECTION('center_axis',(0.,-1.,0.));
#3856=DIRECTION('ref_axis',(1.,0.,0.));
#3857=DIRECTION('center_axis',(-0.500000000000393,0.,0.866025403784212));
#3858=DIRECTION('ref_axis',(0.866025403784212,0.,0.500000000000393));
#3859=DIRECTION('',(0.866025403784212,0.,0.500000000000393));
#3860=DIRECTION('',(0.,-1.,0.));
#3861=DIRECTION('center_axis',(-0.500000000000393,0.,0.866025403784212));
#3862=DIRECTION('ref_axis',(0.866025403784212,0.,0.500000000000393));
#3863=DIRECTION('center_axis',(0.,0.,-1.));
#3864=DIRECTION('ref_axis',(0.707106781186548,-0.707106781186547,0.));
#3865=DIRECTION('',(0.,0.,1.));
#3866=DIRECTION('',(0.,0.,1.));
#3867=DIRECTION('center_axis',(-7.40148683083438E-16,0.,1.));
#3868=DIRECTION('ref_axis',(0.,-1.,0.));
#3869=DIRECTION('',(0.,0.,-1.));
#3870=DIRECTION('center_axis',(-0.500000000000393,0.,0.866025403784212));
#3871=DIRECTION('ref_axis',(0.866025403784212,0.,0.500000000000393));
#3872=DIRECTION('',(-0.866025403784212,0.,-0.500000000000393));
#3873=DIRECTION('center_axis',(-0.500000000000393,0.,0.866025403784212));
#3874=DIRECTION('ref_axis',(0.866025403784212,0.,0.500000000000393));
#3875=DIRECTION('',(0.,1.,0.));
#3876=DIRECTION('',(0.866025403784212,0.,0.500000000000393));
#3877=DIRECTION('',(0.,1.,0.));
#3878=DIRECTION('center_axis',(-0.0871557427476901,0.,-0.996194698091743));
#3879=DIRECTION('ref_axis',(-0.996194698091743,0.,0.0871557427476901));
#3880=DIRECTION('',(0.996194698091743,0.,-0.0871557427476901));
#3881=DIRECTION('',(0.,-1.,0.));
#3882=DIRECTION('',(-0.996194698091743,0.,0.0871557427476901));
#3883=DIRECTION('',(0.,1.,0.));
#3884=DIRECTION('center_axis',(-0.0871557427476901,0.,-0.996194698091743));
#3885=DIRECTION('ref_axis',(0.996194698091743,0.,-0.0871557427476901));
#3886=DIRECTION('center_axis',(0.,1.,0.));
#3887=DIRECTION('ref_axis',(1.,0.,0.));
#3888=DIRECTION('center_axis',(0.,1.,0.));
#3889=DIRECTION('ref_axis',(1.,0.,0.));
#3890=DIRECTION('',(0.,1.,0.));
#3891=DIRECTION('center_axis',(0.,1.,0.));
#3892=DIRECTION('ref_axis',(-0.20791169081776,0.,-0.978147600733805));
#3893=DIRECTION('center_axis',(0.,1.,0.));
#3894=DIRECTION('ref_axis',(1.,0.,0.));
#3895=DIRECTION('center_axis',(0.,1.,0.));
#3896=DIRECTION('ref_axis',(1.,0.,0.));
#3897=DIRECTION('center_axis',(0.,-1.,0.));
#3898=DIRECTION('ref_axis',(1.,0.,0.));
#3899=DIRECTION('center_axis',(0.,1.,0.));
#3900=DIRECTION('ref_axis',(0.,0.,1.));
#3901=DIRECTION('',(-4.04834249764537E-16,0.,-1.));
#3902=DIRECTION('center_axis',(0.,-1.,0.));
#3903=DIRECTION('ref_axis',(0.,0.,-1.));
#3904=DIRECTION('center_axis',(0.,-1.,0.));
#3905=DIRECTION('ref_axis',(-0.20791169081776,0.,-0.978147600733805));
#3906=DIRECTION('',(-0.406736643075801,0.,-0.913545457642601));
#3907=DIRECTION('',(1.,0.,0.));
#3908=DIRECTION('',(0.,0.,1.));
#3909=DIRECTION('center_axis',(0.,-1.,0.));
#3910=DIRECTION('ref_axis',(1.,0.,0.));
#3911=DIRECTION('center_axis',(0.,1.,0.));
#3912=DIRECTION('ref_axis',(-8.26946079742758E-16,0.,1.));
#3913=DIRECTION('',(0.,0.,1.));
#3914=DIRECTION('center_axis',(0.,1.,0.));
#3915=DIRECTION('ref_axis',(-1.60812264967664E-16,0.,-1.));
#3916=DIRECTION('',(0.,0.,-1.));
#3917=DIRECTION('center_axis',(0.,1.,0.));
#3918=DIRECTION('ref_axis',(-8.26946079742758E-16,0.,1.));
#3919=DIRECTION('center_axis',(0.,-1.,0.));
#3920=DIRECTION('ref_axis',(1.,0.,0.));
#3921=DIRECTION('center_axis',(0.,1.,0.));
#3922=DIRECTION('ref_axis',(-8.26946079742758E-16,0.,1.));
#3923=DIRECTION('center_axis',(0.,-1.,0.));
#3924=DIRECTION('ref_axis',(0.,0.,-1.));
#3925=DIRECTION('center_axis',(0.,1.,0.));
#3926=DIRECTION('ref_axis',(-0.20791169081776,0.,-0.978147600733805));
#3927=DIRECTION('center_axis',(0.,1.,0.));
#3928=DIRECTION('ref_axis',(-0.20791169081776,0.,-0.978147600733805));
#3929=DIRECTION('center_axis',(0.406736643075801,0.,0.913545457642601));
#3930=DIRECTION('ref_axis',(0.,1.,0.));
#3931=DIRECTION('center_axis',(0.,-1.,0.));
#3932=DIRECTION('ref_axis',(1.,0.,0.));
#3933=DIRECTION('center_axis',(0.,1.,0.));
#3934=DIRECTION('ref_axis',(1.,0.,0.));
#3935=DIRECTION('',(0.,-1.,0.));
#3936=DIRECTION('center_axis',(0.,1.,0.));
#3937=DIRECTION('ref_axis',(1.,0.,0.));
#3938=DIRECTION('',(0.,-1.,0.));
#3939=DIRECTION('center_axis',(0.707106781186569,0.,0.707106781186526));
#3940=DIRECTION('ref_axis',(-0.707106781186526,0.,0.707106781186569));
#3941=DIRECTION('',(-0.707106781186526,0.,0.707106781186569));
#3942=DIRECTION('center_axis',(-0.707106781186569,0.,-0.707106781186526));
#3943=DIRECTION('ref_axis',(0.707106781186526,0.,-0.707106781186569));
#3944=DIRECTION('',(0.,-1.,0.));
#3945=DIRECTION('',(0.707106781186526,0.,-0.707106781186569));
#3946=DIRECTION('center_axis',(-0.965925826289092,0.,-0.258819045102433));
#3947=DIRECTION('ref_axis',(0.258819045102433,0.,-0.965925826289092));
#3948=DIRECTION('',(0.258819045102433,0.,-0.965925826289092));
#3949=DIRECTION('',(0.258819045102433,0.,-0.965925826289092));
#3950=DIRECTION('',(0.,1.,0.));
#3951=DIRECTION('center_axis',(0.965925826289092,0.,0.258819045102433));
#3952=DIRECTION('ref_axis',(0.258819045102433,0.,-0.965925826289092));
#3953=DIRECTION('center_axis',(0.,1.,0.));
#3954=DIRECTION('ref_axis',(1.,0.,0.));
#3955=DIRECTION('center_axis',(0.,-1.,0.));
#3956=DIRECTION('ref_axis',(1.,0.,0.));
#3957=DIRECTION('center_axis',(0.,-1.,0.));
#3958=DIRECTION('ref_axis',(0.,0.,-1.));
#3959=DIRECTION('center_axis',(0.,-1.,0.));
#3960=DIRECTION('ref_axis',(0.16964082301429,0.,-0.985505956941425));
#3961=DIRECTION('center_axis',(0.,1.,0.));
#3962=DIRECTION('ref_axis',(0.16964082301429,0.,-0.985505956941425));
#3963=DIRECTION('center_axis',(0.,-1.,0.));
#3964=DIRECTION('ref_axis',(0.,0.,-1.));
#3965=DIRECTION('center_axis',(0.,1.,0.));
#3966=DIRECTION('ref_axis',(0.16964082301429,0.,-0.985505956941425));
#3967=DIRECTION('center_axis',(-0.816983393247185,0.,0.576661196161416));
#3968=DIRECTION('ref_axis',(-0.576661196161416,0.,-0.816983393247186));
#3969=DIRECTION('center_axis',(0.,-1.,0.));
#3970=DIRECTION('ref_axis',(0.16964082301429,0.,-0.985505956941425));
#3971=DIRECTION('center_axis',(0.,1.,0.));
#3972=DIRECTION('ref_axis',(1.,0.,0.));
#3973=DIRECTION('',(0.,-1.,0.));
#3974=DIRECTION('center_axis',(0.,-1.,0.));
#3975=DIRECTION('ref_axis',(1.,0.,0.));
#3976=DIRECTION('',(0.,-1.,0.));
#3977=DIRECTION('center_axis',(0.,1.,0.));
#3978=DIRECTION('ref_axis',(1.,0.,0.));
#3979=DIRECTION('',(0.,-1.,0.));
#3980=DIRECTION('center_axis',(0.,-1.,0.));
#3981=DIRECTION('ref_axis',(0.16964082301429,0.,-0.985505956941425));
#3982=DIRECTION('',(0.,-1.,0.));
#3983=DIRECTION('center_axis',(0.,1.,0.));
#3984=DIRECTION('ref_axis',(-1.,0.,0.));
#3985=DIRECTION('',(0.,1.,0.));
#3986=DIRECTION('center_axis',(0.,-1.,0.));
#3987=DIRECTION('ref_axis',(-1.,0.,0.));
#3988=DIRECTION('',(0.,-1.,0.));
#3989=DIRECTION('center_axis',(0.,1.,0.));
#3990=DIRECTION('ref_axis',(-2.95247697258345E-13,0.,-1.));
#3991=DIRECTION('',(0.,0.,-1.));
#3992=DIRECTION('',(-1.,0.,2.93098878501041E-13));
#3993=DIRECTION('',(-2.95247697258345E-13,0.,-1.));
#3994=DIRECTION('',(-1.,0.,2.93098878501041E-13));
#3995=DIRECTION('center_axis',(2.93098878501041E-13,0.,1.));
#3996=DIRECTION('ref_axis',(0.,1.,0.));
#3997=DIRECTION('',(0.,1.,0.));
#3998=DIRECTION('',(-1.,0.,2.93098878501041E-13));
#3999=DIRECTION('',(0.,1.,0.));
#4000=DIRECTION('center_axis',(0.,-1.,0.));
#4001=DIRECTION('ref_axis',(2.95247697258345E-13,0.,1.));
#4002=DIRECTION('',(0.,0.,1.));
#4003=DIRECTION('',(-1.,0.,2.93098878501041E-13));
#4004=DIRECTION('',(2.95247697258345E-13,0.,1.));
#4005=DIRECTION('center_axis',(-2.93098878501041E-13,0.,-1.));
#4006=DIRECTION('ref_axis',(0.,-1.,0.));
#4007=DIRECTION('',(0.,-1.,0.));
#4008=DIRECTION('',(0.,-1.,0.));
#4009=DIRECTION('center_axis',(-1.,0.,2.93098878501041E-13));
#4010=DIRECTION('ref_axis',(2.93098878501041E-13,0.,1.));
#4011=DIRECTION('center_axis',(0.,-1.,0.));
#4012=DIRECTION('ref_axis',(-1.,0.,0.));
#4013=DIRECTION('center_axis',(0.,-1.,0.));
#4014=DIRECTION('ref_axis',(-1.,0.,0.));
#4015=DIRECTION('center_axis',(-0.224951054343568,0.,-0.974370064785304));
#4016=DIRECTION('ref_axis',(-0.974370064785304,0.,0.224951054343568));
#4017=DIRECTION('',(0.,-1.,0.));
#4018=DIRECTION('center_axis',(0.224951054343568,0.,0.974370064785304));
#4019=DIRECTION('ref_axis',(-0.974370064785304,0.,0.224951054343568));
#4020=DIRECTION('',(-0.974370064785304,0.,0.224951054343568));
#4021=DIRECTION('',(0.974370064785304,0.,-0.224951054343568));
#4022=DIRECTION('center_axis',(0.224951054343568,0.,0.974370064785304));
#4023=DIRECTION('ref_axis',(-0.974370064785304,0.,0.224951054343568));
#4024=DIRECTION('center_axis',(0.,1.,0.));
#4025=DIRECTION('ref_axis',(-1.,0.,0.));
#4026=DIRECTION('center_axis',(0.,1.,0.));
#4027=DIRECTION('ref_axis',(-1.,0.,0.));
#4028=DIRECTION('center_axis',(0.,1.,0.));
#4029=DIRECTION('ref_axis',(1.,0.,0.));
#4030=DIRECTION('',(-0.356684466367753,0.,0.934224914810107));
#4031=DIRECTION('center_axis',(0.,1.,0.));
#4032=DIRECTION('ref_axis',(0.968220943124152,0.,-0.250096392008715));
#4033=DIRECTION('',(-0.318422939058535,0.,0.947948749606921));
#4034=DIRECTION('center_axis',(0.,-1.,0.));
#4035=DIRECTION('ref_axis',(1.,0.,0.));
#4036=DIRECTION('center_axis',(0.,-1.,0.));
#4037=DIRECTION('ref_axis',(1.,0.,0.));
#4038=DIRECTION('',(-0.996194698091792,0.,0.0871557427471251));
#4039=DIRECTION('',(0.,0.,1.));
#4040=DIRECTION('center_axis',(0.,-1.,0.));
#4041=DIRECTION('ref_axis',(1.,0.,0.));
#4042=DIRECTION('',(-0.932936048997417,0.,0.360042120426333));
#4043=DIRECTION('center_axis',(0.,-1.,0.));
#4044=DIRECTION('ref_axis',(1.,0.,0.));
#4045=DIRECTION('',(-1.,0.,5.75953416747398E-13));
#4046=DIRECTION('',(-0.250096392004459,0.,-0.968220943125252));
#4047=DIRECTION('',(-0.0498955927009967,0.,-0.998754439203659));
#4048=DIRECTION('center_axis',(0.,-1.,0.));
#4049=DIRECTION('ref_axis',(1.,0.,0.));
#4050=DIRECTION('',(0.356684466368328,0.,-0.934224914809887));
#4051=DIRECTION('center_axis',(0.,1.,0.));
#4052=DIRECTION('ref_axis',(1.,0.,0.));
#4053=DIRECTION('center_axis',(0.,1.,0.));
#4054=DIRECTION('ref_axis',(1.,0.,0.));
#4055=DIRECTION('center_axis',(0.573576436351047,0.,-0.819152044288991));
#4056=DIRECTION('ref_axis',(-0.819152044288991,0.,-0.573576436351047));
#4057=DIRECTION('',(0.,1.,0.));
#4058=DIRECTION('',(-0.819152044288991,0.,-0.573576436351047));
#4059=DIRECTION('',(0.,-1.,0.));
#4060=DIRECTION('',(0.819152044288991,0.,0.573576436351047));
#4061=DIRECTION('',(-0.819152044288991,0.,-0.573576436351047));
#4062=DIRECTION('center_axis',(0.819152044288991,0.,0.573576436351047));
#4063=DIRECTION('ref_axis',(0.40557978767264,-0.707106781186548,-0.579227965339569));
#4064=DIRECTION('',(0.819152044288991,0.,0.573576436351047));
#4065=DIRECTION('center_axis',(1.,0.,0.));
#4066=DIRECTION('ref_axis',(0.,3.78933941766001E-16,-1.));
#4067=DIRECTION('center_axis',(0.,1.,0.));
#4068=DIRECTION('ref_axis',(-0.576661196161416,0.,-0.816983393247185));
#4069=DIRECTION('center_axis',(-0.819152044288991,0.,-0.573576436351047));
#4070=DIRECTION('ref_axis',(0.40557978767264,0.707106781186548,-0.579227965339569));
#4071=DIRECTION('center_axis',(1.,0.,0.));
#4072=DIRECTION('ref_axis',(0.,-3.78933941766001E-16,-1.));
#4073=DIRECTION('',(-0.819152044288991,0.,-0.573576436351047));
#4074=DIRECTION('center_axis',(0.,1.,0.));
#4075=DIRECTION('ref_axis',(0.18713048382941,0.,-0.982335066065429));
#4076=DIRECTION('center_axis',(0.,1.,0.));
#4077=DIRECTION('ref_axis',(0.16964082301429,0.,-0.985505956941425));
#4078=DIRECTION('center_axis',(-0.816983393247185,0.,0.576661196161416));
#4079=DIRECTION('ref_axis',(0.,1.,0.));
#4080=DIRECTION('center_axis',(0.,-1.,0.));
#4081=DIRECTION('ref_axis',(-0.576661196161416,0.,-0.816983393247185));
#4082=DIRECTION('center_axis',(0.,1.,0.));
#4083=DIRECTION('ref_axis',(1.,0.,0.));
#4084=DIRECTION('',(0.,0.,-1.));
#4085=DIRECTION('center_axis',(0.,1.,0.));
#4086=DIRECTION('ref_axis',(1.,0.,0.));
#4087=DIRECTION('',(-0.167501491828044,0.,0.985871822416778));
#4088=DIRECTION('',(0.860012158319579,0.,0.510273541879744));
#4089=DIRECTION('center_axis',(0.,-1.,0.));
#4090=DIRECTION('ref_axis',(0.860012158319491,0.,0.510273541879892));
#4091=DIRECTION('',(0.980281910181889,0.,-0.197604090469167));
#4092=DIRECTION('',(0.167501491831534,0.,-0.985871822416186));
#4093=DIRECTION('center_axis',(0.,1.,0.));
#4094=DIRECTION('ref_axis',(1.,0.,0.));
#4095=DIRECTION('center_axis',(0.,1.,0.));
#4096=DIRECTION('ref_axis',(1.,0.,0.));
#4097=DIRECTION('center_axis',(0.,-1.,0.));
#4098=DIRECTION('ref_axis',(1.,0.,0.));
#4099=DIRECTION('',(-0.167501491831534,0.,0.985871822416186));
#4100=DIRECTION('',(-0.980281910181889,0.,0.197604090469167));
#4101=DIRECTION('center_axis',(0.,1.,0.));
#4102=DIRECTION('ref_axis',(0.860012158319491,0.,0.510273541879892));
#4103=DIRECTION('',(-0.860012158319579,0.,-0.510273541879744));
#4104=DIRECTION('',(0.167501491828044,0.,-0.985871822416778));
#4105=DIRECTION('center_axis',(0.,-1.,0.));
#4106=DIRECTION('ref_axis',(1.,0.,0.));
#4107=DIRECTION('',(0.,0.,1.));
#4108=DIRECTION('center_axis',(0.968220943125119,0.,-0.250096392004974));
#4109=DIRECTION('ref_axis',(-0.250096392004974,0.,-0.968220943125119));
#4110=DIRECTION('',(-0.250096392004974,0.,-0.968220943125119));
#4111=DIRECTION('',(0.,1.,0.));
#4112=DIRECTION('',(0.250096392004974,0.,0.968220943125119));
#4113=DIRECTION('',(0.250096392004974,0.,0.968220943125119));
#4114=DIRECTION('',(0.250096392004974,0.,0.968220943125119));
#4115=DIRECTION('center_axis',(0.,1.,0.));
#4116=DIRECTION('ref_axis',(1.,0.,0.));
#4117=DIRECTION('',(0.996194698091792,0.,-0.0871557427471251));
#4118=DIRECTION('center_axis',(0.,1.,0.));
#4119=DIRECTION('ref_axis',(1.,0.,0.));
#4120=DIRECTION('center_axis',(0.,1.,0.));
#4121=DIRECTION('ref_axis',(1.,0.,0.));
#4122=DIRECTION('',(0.250096392004459,0.,0.968220943125252));
#4123=DIRECTION('',(1.,0.,-5.75953416747398E-13));
#4124=DIRECTION('center_axis',(0.,1.,0.));
#4125=DIRECTION('ref_axis',(1.,0.,0.));
#4126=DIRECTION('',(0.932936048997417,0.,-0.360042120426333));
#4127=DIRECTION('',(0.,0.,-1.));
#4128=DIRECTION('center_axis',(0.934224914810107,0.,0.356684466367753));
#4129=DIRECTION('ref_axis',(-0.356684466367753,0.,0.934224914810107));
#4130=DIRECTION('',(-0.356684466367753,0.,0.934224914810107));
#4131=DIRECTION('',(0.,-1.,0.));
#4132=DIRECTION('center_axis',(0.,1.,0.));
#4133=DIRECTION('ref_axis',(1.,0.,0.));
#4134=DIRECTION('',(0.356684466368328,0.,-0.934224914809887));
#4135=DIRECTION('center_axis',(0.,1.,0.));
#4136=DIRECTION('ref_axis',(1.,0.,0.));
#4137=DIRECTION('',(0.0498955927009967,0.,0.998754439203659));
#4138=DIRECTION('',(-0.250096392004459,0.,-0.968220943125252));
#4139=DIRECTION('',(0.318422939058535,0.,-0.947948749606921));
#4140=DIRECTION('center_axis',(0.,1.,0.));
#4141=DIRECTION('ref_axis',(0.968220943124152,0.,-0.250096392008715));
#4142=DIRECTION('',(0.,-1.,0.));
#4143=DIRECTION('',(0.,-1.,0.));
#4144=DIRECTION('center_axis',(0.,1.,0.));
#4145=DIRECTION('ref_axis',(1.,0.,0.));
#4146=DIRECTION('',(0.,1.,0.));
#4147=DIRECTION('center_axis',(0.,1.,0.));
#4148=DIRECTION('ref_axis',(-0.167501491831065,0.,0.985871822416265));
#4149=DIRECTION('',(0.,1.,0.));
#4150=DIRECTION('center_axis',(0.,1.,0.));
#4151=DIRECTION('ref_axis',(-0.96585122118639,0.,0.259097314792647));
#4152=DIRECTION('',(0.,1.,0.));
#4153=DIRECTION('center_axis',(0.,1.,0.));
#4154=DIRECTION('ref_axis',(-0.167501491831065,0.,0.985871822416265));
#4155=DIRECTION('center_axis',(0.,1.,0.));
#4156=DIRECTION('ref_axis',(-0.965851221186389,0.,0.259097314792648));
#4157=DIRECTION('center_axis',(0.,-1.,0.));
#4158=DIRECTION('ref_axis',(-0.167501491831065,0.,0.985871822416265));
#4159=DIRECTION('',(0.,1.,0.));
#4160=DIRECTION('center_axis',(-0.985871822416778,0.,-0.167501491828044));
#4161=DIRECTION('ref_axis',(-0.167501491828044,0.,0.985871822416778));
#4162=DIRECTION('',(0.167501491828044,0.,-0.985871822416778));
#4163=DIRECTION('',(0.,-1.,0.));
#4164=DIRECTION('center_axis',(0.985871822416185,0.,0.167501491831534));
#4165=DIRECTION('ref_axis',(0.167501491831534,0.,-0.985871822416186));
#4166=DIRECTION('',(0.,1.,0.));
#4167=DIRECTION('',(-0.167501491831534,0.,0.985871822416186));
#4168=DIRECTION('center_axis',(0.985871822416185,0.,0.167501491831534));
#4169=DIRECTION('ref_axis',(0.167501491831534,0.,-0.985871822416186));
#4170=DIRECTION('',(-0.167501491831534,0.,0.985871822416186));
#4171=DIRECTION('',(0.,1.,0.));
#4172=DIRECTION('center_axis',(0.510273541879744,0.,-0.860012158319579));
#4173=DIRECTION('ref_axis',(0.860012158319579,0.,0.510273541879744));
#4174=DIRECTION('',(0.860012158319579,0.,0.510273541879744));
#4175=DIRECTION('',(0.,1.,0.));
#4176=DIRECTION('center_axis',(-0.197604090469167,0.,-0.980281910181889));
#4177=DIRECTION('ref_axis',(0.980281910181889,0.,-0.197604090469167));
#4178=DIRECTION('',(0.,1.,0.));
#4179=DIRECTION('',(0.980281910181889,0.,-0.197604090469167));
#4180=DIRECTION('center_axis',(-0.197604090469167,0.,-0.980281910181889));
#4181=DIRECTION('ref_axis',(0.980281910181889,0.,-0.197604090469167));
#4182=DIRECTION('',(-0.980281910181889,0.,0.197604090469167));
#4183=DIRECTION('',(0.,1.,0.));
#4184=DIRECTION('center_axis',(0.,1.,0.));
#4185=DIRECTION('ref_axis',(0.16750149182807,0.,-0.985871822416774));
#4186=DIRECTION('center_axis',(0.,-1.,0.));
#4187=DIRECTION('ref_axis',(0.860012158319491,0.,0.510273541879892));
#4188=DIRECTION('center_axis',(0.161362662206131,0.948683298050514,-0.27195972357272));
#4189=DIRECTION('ref_axis',(0.484087986618533,-0.316227766016839,-0.815879170718075));
#4190=DIRECTION('center_axis',(0.,1.,0.));
#4191=DIRECTION('ref_axis',(0.860012158319491,0.,0.510273541879892));
#4192=DIRECTION('center_axis',(-0.0624879000848539,0.948683298050514,-0.309992358523537));
#4193=DIRECTION('ref_axis',(0.187463700254562,0.316227766016838,0.929977075570612));
#4194=DIRECTION('center_axis',(0.,-1.,0.));
#4195=DIRECTION('ref_axis',(0.860012158319491,0.,0.510273541879892));
#4196=DIRECTION('center_axis',(0.,1.,0.));
#4197=DIRECTION('ref_axis',(0.16750149182807,0.,-0.985871822416774));
#4198=DIRECTION('center_axis',(0.,1.,0.));
#4199=DIRECTION('ref_axis',(0.860012158319491,0.,0.510273541879892));
#4200=DIRECTION('center_axis',(-0.0624879000848539,-0.948683298050514,-0.309992358523537));
#4201=DIRECTION('ref_axis',(0.187463700254562,-0.316227766016838,0.929977075570612));
#4202=DIRECTION('center_axis',(0.,-1.,0.));
#4203=DIRECTION('ref_axis',(0.860012158319491,0.,0.510273541879892));
#4204=DIRECTION('center_axis',(0.161362662206131,-0.948683298050514,-0.27195972357272));
#4205=DIRECTION('ref_axis',(0.484087986618533,0.316227766016839,-0.815879170718075));
#4206=DIRECTION('center_axis',(0.,1.,0.));
#4207=DIRECTION('ref_axis',(0.860012158319491,0.,0.510273541879892));
#4208=DIRECTION('',(0.,1.,0.));
#4209=DIRECTION('center_axis',(0.,1.,0.));
#4210=DIRECTION('ref_axis',(1.,0.,0.));
#4211=DIRECTION('center_axis',(0.,-1.,0.));
#4212=DIRECTION('ref_axis',(1.,0.,0.));
#4213=DIRECTION('center_axis',(0.,1.,0.));
#4214=DIRECTION('ref_axis',(1.,0.,0.));
#4215=DIRECTION('',(0.,1.,0.));
#4216=DIRECTION('',(0.,1.,0.));
#4217=DIRECTION('',(0.,-1.,0.));
#4218=DIRECTION('center_axis',(0.,1.,0.));
#4219=DIRECTION('ref_axis',(1.,0.,0.));
#4220=DIRECTION('center_axis',(0.,-1.,0.));
#4221=DIRECTION('ref_axis',(1.,0.,0.));
#4222=DIRECTION('center_axis',(0.,1.,0.));
#4223=DIRECTION('ref_axis',(1.,0.,0.));
#4224=DIRECTION('center_axis',(0.,-1.,0.));
#4225=DIRECTION('ref_axis',(1.,0.,0.));
#4226=DIRECTION('center_axis',(-0.934224914809887,0.,-0.356684466368328));
#4227=DIRECTION('ref_axis',(0.356684466368328,0.,-0.934224914809887));
#4228=DIRECTION('center_axis',(-1.,0.,0.));
#4229=DIRECTION('ref_axis',(0.,0.,1.));
#4230=DIRECTION('',(0.,1.,0.));
#4231=DIRECTION('',(0.,0.,1.));
#4232=DIRECTION('',(0.,1.,0.));
#4233=DIRECTION('',(0.,0.,-1.));
#4234=DIRECTION('center_axis',(0.,0.,1.));
#4235=DIRECTION('ref_axis',(-0.707106781186548,-0.707106781186548,0.));
#4236=DIRECTION('',(0.,0.,1.));
#4237=DIRECTION('center_axis',(0.,1.,0.));
#4238=DIRECTION('ref_axis',(1.,0.,0.));
#4239=DIRECTION('center_axis',(0.,-1.,0.));
#4240=DIRECTION('ref_axis',(1.,0.,0.));
#4241=DIRECTION('center_axis',(0.,1.,0.));
#4242=DIRECTION('ref_axis',(1.,0.,0.));
#4243=DIRECTION('center_axis',(0.,-1.,0.));
#4244=DIRECTION('ref_axis',(1.,0.,0.));
#4245=DIRECTION('center_axis',(0.,-1.,0.));
#4246=DIRECTION('ref_axis',(1.,0.,0.));
#4247=DIRECTION('',(0.,0.,-1.));
#4248=DIRECTION('center_axis',(0.,1.,0.));
#4249=DIRECTION('ref_axis',(1.,0.,0.));
#4250=DIRECTION('center_axis',(0.,1.,0.));
#4251=DIRECTION('ref_axis',(1.,0.,0.));
#4252=DIRECTION('',(0.,-1.,0.));
#4253=DIRECTION('center_axis',(0.,-1.,0.));
#4254=DIRECTION('ref_axis',(-8.26946079742758E-16,0.,1.));
#4255=DIRECTION('',(0.,1.,0.));
#4256=DIRECTION('center_axis',(0.,-1.,0.));
#4257=DIRECTION('ref_axis',(0.,0.,-1.));
#4258=DIRECTION('center_axis',(0.,-1.,0.));
#4259=DIRECTION('ref_axis',(2.19012551830059E-12,0.,1.));
#4260=DIRECTION('center_axis',(-0.998754439203659,0.,0.0498955927009967));
#4261=DIRECTION('ref_axis',(-0.0498955927009967,0.,-0.998754439203659));
#4262=DIRECTION('',(0.,-1.,0.));
#4263=DIRECTION('center_axis',(0.,-1.,0.));
#4264=DIRECTION('ref_axis',(0.968220943124152,0.,-0.250096392008715));
#4265=DIRECTION('',(0.,-1.,0.));
#4266=DIRECTION('center_axis',(0.947948749606921,0.,0.318422939058535));
#4267=DIRECTION('ref_axis',(-0.318422939058535,0.,0.947948749606921));
#4268=DIRECTION('',(-0.318422939058535,0.,0.947948749606921));
#4269=DIRECTION('',(0.,-1.,0.));
#4270=DIRECTION('',(0.,-1.,0.));
#4271=DIRECTION('',(0.,-1.,0.));
#4272=DIRECTION('center_axis',(0.,1.,0.));
#4273=DIRECTION('ref_axis',(1.,0.,0.));
#4274=DIRECTION('center_axis',(0.,1.,0.));
#4275=DIRECTION('ref_axis',(-0.20791169081776,0.,-0.978147600733805));
#4276=DIRECTION('',(0.,-1.,0.));
#4277=DIRECTION('',(0.,1.,0.));
#4278=DIRECTION('center_axis',(0.,1.,0.));
#4279=DIRECTION('ref_axis',(1.,0.,0.));
#4280=DIRECTION('',(0.,1.,0.));
#4281=DIRECTION('center_axis',(0.,1.,0.));
#4282=DIRECTION('ref_axis',(1.,0.,0.));
#4283=DIRECTION('center_axis',(0.,-1.,0.));
#4284=DIRECTION('ref_axis',(1.,0.,0.));
#4285=DIRECTION('center_axis',(0.,1.,0.));
#4286=DIRECTION('ref_axis',(1.,0.,0.));
#4287=DIRECTION('',(-0.250096392004459,0.,-0.968220943125252));
#4288=DIRECTION('center_axis',(0.0871557427471251,0.,0.996194698091792));
#4289=DIRECTION('ref_axis',(0.996194698091792,0.,-0.0871557427471251));
#4290=DIRECTION('',(0.,1.,0.));
#4291=DIRECTION('',(0.,-1.,0.));
#4292=DIRECTION('center_axis',(0.360042120426333,0.,0.932936048997417));
#4293=DIRECTION('ref_axis',(0.932936048997417,0.,-0.360042120426333));
#4294=DIRECTION('',(0.,-1.,0.));
#4295=DIRECTION('center_axis',(0.,1.,0.));
#4296=DIRECTION('ref_axis',(1.,0.,0.));
#4297=DIRECTION('',(0.,1.,0.));
#4298=DIRECTION('',(0.,1.,0.));
#4299=DIRECTION('',(0.,-1.,0.));
#4300=DIRECTION('center_axis',(-0.968220943125252,0.,0.250096392004459));
#4301=DIRECTION('ref_axis',(0.250096392004459,0.,0.968220943125252));
#4302=DIRECTION('',(0.,-1.,0.));
#4303=DIRECTION('center_axis',(5.75953416747398E-13,0.,1.));
#4304=DIRECTION('ref_axis',(1.,0.,-5.75953416747398E-13));
#4305=DIRECTION('',(0.,-1.,0.));
#4306=DIRECTION('center_axis',(0.,1.,0.));
#4307=DIRECTION('ref_axis',(1.,0.,0.));
#4308=DIRECTION('',(0.,1.,0.));
#4309=DIRECTION('center_axis',(-1.,0.,1.5099033134902E-13));
#4310=DIRECTION('ref_axis',(-1.50851669516374E-13,1.22464679914735E-16,
-1.));
#4311=DIRECTION('',(1.,0.,-1.5099033134902E-13));
#4312=DIRECTION('center_axis',(-1.,0.,1.5099033134902E-13));
#4313=DIRECTION('ref_axis',(1.5099033134902E-13,0.,1.));
#4314=DIRECTION('',(-1.,0.,1.5099033134902E-13));
#4315=DIRECTION('center_axis',(-1.,0.,0.));
#4316=DIRECTION('ref_axis',(1.51128993181666E-13,0.,1.));
#4317=DIRECTION('center_axis',(-1.,0.,1.5099033134902E-13));
#4318=DIRECTION('ref_axis',(1.51128993181666E-13,0.,1.));
#4319=DIRECTION('',(-1.,0.,1.5099033134902E-13));
#4320=DIRECTION('center_axis',(-1.,0.,0.));
#4321=DIRECTION('ref_axis',(1.51128993181666E-13,0.,1.));
#4322=DIRECTION('',(1.,0.,-1.5099033134902E-13));
#4323=DIRECTION('center_axis',(-1.,0.,1.5099033134902E-13));
#4324=DIRECTION('ref_axis',(1.5099033134902E-13,0.,1.));
#4325=DIRECTION('center_axis',(0.,-1.,6.93889390390723E-16));
#4326=DIRECTION('ref_axis',(0.,6.93889390390723E-16,1.));
#4327=DIRECTION('',(0.,6.93889390390723E-16,1.));
#4328=DIRECTION('',(-1.,0.,0.));
#4329=DIRECTION('',(0.,6.93889390390723E-16,1.));
#4330=DIRECTION('center_axis',(-1.,0.,0.));
#4331=DIRECTION('ref_axis',(0.,0.,1.));
#4332=DIRECTION('',(0.,-1.,0.));
#4333=DIRECTION('',(0.,1.68783905770716E-16,-1.));
#4334=DIRECTION('',(0.,1.,0.));
#4335=DIRECTION('',(0.,6.37628088467151E-16,-1.));
#4336=DIRECTION('',(0.,1.,0.));
#4337=DIRECTION('',(0.,0.,1.));
#4338=DIRECTION('',(0.,-1.,0.));
#4339=DIRECTION('center_axis',(0.,0.,-1.));
#4340=DIRECTION('ref_axis',(0.,-1.,0.));
#4341=DIRECTION('',(0.,-1.,0.));
#4342=DIRECTION('',(-1.,0.,0.));
#4343=DIRECTION('center_axis',(0.,1.,6.37628088467151E-16));
#4344=DIRECTION('ref_axis',(0.,6.37628088467151E-16,-1.));
#4345=DIRECTION('',(0.,6.37628088467151E-16,-1.));
#4346=DIRECTION('',(-1.,0.,0.));
#4347=DIRECTION('center_axis',(1.,0.,0.));
#4348=DIRECTION('ref_axis',(0.,0.,-1.));
#4349=DIRECTION('',(0.,0.,-1.));
#4350=DIRECTION('',(0.,-1.,0.));
#4351=DIRECTION('',(0.,1.,0.));
#4352=DIRECTION('',(0.,0.,1.));
#4353=DIRECTION('',(0.,1.,0.));
#4354=DIRECTION('',(0.,0.,-1.));
#4355=DIRECTION('center_axis',(1.,0.,0.));
#4356=DIRECTION('ref_axis',(0.,0.,-1.));
#4357=DIRECTION('',(0.,1.,0.));
#4358=DIRECTION('',(0.,0.,1.));
#4359=DIRECTION('',(0.,1.,0.));
#4360=DIRECTION('',(0.,0.,1.));
#4361=DIRECTION('',(0.,0.,1.));
#4362=DIRECTION('',(0.,1.,0.));
#4363=DIRECTION('',(0.,1.,0.));
#4364=DIRECTION('',(0.,1.68783905770716E-16,-1.));
#4365=DIRECTION('',(0.,0.,-1.));
#4366=DIRECTION('',(0.,1.,0.));
#4367=DIRECTION('',(0.,0.,-1.));
#4368=DIRECTION('center_axis',(0.,0.,1.));
#4369=DIRECTION('ref_axis',(0.707106781186548,-0.707106781186547,0.));
#4370=DIRECTION('center_axis',(0.,0.,-1.));
#4371=DIRECTION('ref_axis',(1.,0.,0.));
#4372=DIRECTION('',(0.,0.,-1.));
#4373=DIRECTION('center_axis',(0.,-1.,0.));
#4374=DIRECTION('ref_axis',(-0.167501491831066,0.,0.985871822416265));
#4375=DIRECTION('center_axis',(-0.330270002017871,0.,0.943886500468735));
#4376=DIRECTION('ref_axis',(-0.943886500468735,0.,-0.330270002017871));
#4377=DIRECTION('center_axis',(0.,1.,0.));
#4378=DIRECTION('ref_axis',(-0.167501491831065,0.,0.985871822416265));
#4379=DIRECTION('center_axis',(0.,-1.,0.));
#4380=DIRECTION('ref_axis',(-0.167501491831065,0.,0.985871822416265));
#4381=DIRECTION('center_axis',(0.,-1.,0.));
#4382=DIRECTION('ref_axis',(0.,0.,-1.));
#4383=DIRECTION('center_axis',(0.,-1.,0.));
#4384=DIRECTION('ref_axis',(0.,0.,-1.));
#4385=DIRECTION('center_axis',(0.,-1.,0.));
#4386=DIRECTION('ref_axis',(1.,0.,0.));
#4387=DIRECTION('center_axis',(0.33027000201787,0.,-0.943886500468735));
#4388=DIRECTION('ref_axis',(-0.943886500468735,0.,-0.33027000201787));
#4389=DIRECTION('center_axis',(0.,1.,0.));
#4390=DIRECTION('ref_axis',(0.,0.,1.));
#4391=DIRECTION('center_axis',(0.,0.,1.));
#4392=DIRECTION('ref_axis',(1.,0.,0.));
#4393=DIRECTION('center_axis',(0.,-1.,0.));
#4394=DIRECTION('ref_axis',(-0.167501491831065,0.,0.985871822416265));
#4395=DIRECTION('center_axis',(0.,1.,0.));
#4396=DIRECTION('ref_axis',(0.,0.,1.));
#4397=DIRECTION('center_axis',(0.,0.,-1.));
#4398=DIRECTION('ref_axis',(0.707106781186548,0.707106781186547,0.));
#4399=DIRECTION('',(0.,0.,1.));
#4400=DIRECTION('center_axis',(0.,-1.,0.));
#4401=DIRECTION('ref_axis',(0.,0.,-1.));
#4402=DIRECTION('center_axis',(0.,1.,0.));
#4403=DIRECTION('ref_axis',(1.,0.,0.));
#4404=DIRECTION('center_axis',(-0.985871822416778,0.,-0.167501491828044));
#4405=DIRECTION('ref_axis',(-0.167501491828044,0.,0.985871822416778));
#4406=DIRECTION('',(0.,-1.,0.));
#4407=DIRECTION('',(0.167501491828044,0.,-0.985871822416778));
#4408=DIRECTION('',(0.,1.,0.));
#4409=DIRECTION('center_axis',(0.4067366430758,6.76159467411027E-16,0.913545457642601));
#4410=DIRECTION('ref_axis',(0.,1.,-7.40148683083437E-16));
#4411=DIRECTION('center_axis',(-0.406736643075801,0.,-0.913545457642601));
#4412=DIRECTION('ref_axis',(-0.645974188021251,0.707106781186547,0.287606238475952));
#4413=DIRECTION('',(0.406736643075801,0.,0.913545457642601));
#4414=DIRECTION('center_axis',(0.,0.,1.));
#4415=DIRECTION('ref_axis',(0.707106781186548,0.707106781186547,0.));
#4416=DIRECTION('center_axis',(0.,-7.40148683083438E-16,-1.));
#4417=DIRECTION('ref_axis',(0.,1.,-7.40148683083438E-16));
#4418=DIRECTION('',(0.,1.68783905770716E-16,-1.));
#4419=DIRECTION('center_axis',(0.,0.,-1.));
#4420=DIRECTION('ref_axis',(0.,1.,0.));
#4421=DIRECTION('center_axis',(0.,0.,1.));
#4422=DIRECTION('ref_axis',(0.707106781186547,0.707106781186547,0.));
#4423=DIRECTION('',(0.,0.,1.));
#4424=DIRECTION('center_axis',(0.662215950597315,0.,-0.749313041908717));
#4425=DIRECTION('ref_axis',(-0.749313041908717,0.,-0.662215950597315));
#4426=DIRECTION('',(0.,-1.,0.));
#4427=DIRECTION('',(0.,1.,0.));
#4428=DIRECTION('',(-1.,0.,0.));
#4429=DIRECTION('center_axis',(-0.913545457642601,0.,0.406736643075801));
#4430=DIRECTION('ref_axis',(0.406736643075801,0.,0.913545457642601));
#4431=DIRECTION('',(0.406736643075801,0.,0.913545457642601));
#4432=DIRECTION('',(0.,-1.,0.));
#4433=DIRECTION('',(-0.406736643075801,0.,-0.913545457642601));
#4434=DIRECTION('',(0.,1.,0.));
#4435=DIRECTION('',(-0.406736643075801,0.,-0.913545457642601));
#4436=DIRECTION('center_axis',(-0.148944333443216,-5.85514204380115E-15,
0.988845582249906));
#4437=DIRECTION('ref_axis',(0.,1.,5.9211894646675E-15));
#4438=DIRECTION('center_axis',(0.934224914809731,0.,0.356684466368737));
#4439=DIRECTION('ref_axis',(0.356684466368737,0.,-0.934224914809731));
#4440=DIRECTION('center_axis',(0.,0.,-1.));
#4441=DIRECTION('ref_axis',(0.707106781186547,-0.707106781186547,0.));
#4442=DIRECTION('center_axis',(0.,0.,1.));
#4443=DIRECTION('ref_axis',(-7.40148683083438E-16,-1.,0.));
#4444=DIRECTION('',(0.,0.,-1.));
#4445=DIRECTION('center_axis',(0.,1.,0.));
#4446=DIRECTION('ref_axis',(-0.250380004054457,0.,-0.968147640378104));
#4447=DIRECTION('center_axis',(0.,1.,0.));
#4448=DIRECTION('ref_axis',(-0.207911690817759,0.,-0.978147600733806));
#4449=DIRECTION('center_axis',(-0.406736643075801,0.,-0.913545457642601));
#4450=DIRECTION('ref_axis',(0.,-1.,0.));
#4451=DIRECTION('center_axis',(0.,-1.,0.));
#4452=DIRECTION('ref_axis',(-0.207911690817759,0.,-0.978147600733806));
#4453=DIRECTION('center_axis',(0.406736643075801,0.,0.913545457642601));
#4454=DIRECTION('ref_axis',(-0.645974188021251,-0.707106781186547,0.287606238475952));
#4455=DIRECTION('center_axis',(-0.406736643075801,0.,-0.913545457642601));
#4456=DIRECTION('ref_axis',(0.,-1.,0.));
#4457=DIRECTION('',(0.406736643075801,0.,0.913545457642601));
#4458=DIRECTION('center_axis',(0.,-1.,0.));
#4459=DIRECTION('ref_axis',(0.,0.,-1.));
#4460=DIRECTION('',(1.,0.,0.));
#4461=DIRECTION('center_axis',(0.,1.,0.));
#4462=DIRECTION('ref_axis',(1.,0.,0.));
#4463=DIRECTION('',(0.906307787036654,0.,-0.42261826174069));
#4464=DIRECTION('',(-0.422618261740701,0.,-0.906307787036649));
#4465=DIRECTION('',(-0.906307787036654,0.,0.422618261740691));
#4466=DIRECTION('center_axis',(0.,1.,0.));
#4467=DIRECTION('ref_axis',(1.,0.,0.));
#4468=DIRECTION('',(-0.906307787036654,0.,0.422618261740691));
#4469=DIRECTION('',(0.422618261740697,0.,0.906307787036651));
#4470=DIRECTION('',(1.,0.,0.));
#4471=DIRECTION('',(0.,0.,-1.));
#4472=DIRECTION('center_axis',(0.,-1.,0.));
#4473=DIRECTION('ref_axis',(-8.26946079742758E-16,0.,1.));
#4474=DIRECTION('',(0.,0.,1.));
#4475=DIRECTION('center_axis',(0.,-1.,0.));
#4476=DIRECTION('ref_axis',(-1.60812264967664E-16,0.,-1.));
#4477=DIRECTION('',(1.,0.,0.));
#4478=DIRECTION('center_axis',(0.,1.,0.));
#4479=DIRECTION('ref_axis',(1.,0.,0.));
#4480=DIRECTION('center_axis',(0.,1.,0.));
#4481=DIRECTION('ref_axis',(1.,0.,0.));
#4482=DIRECTION('center_axis',(0.148944333443222,-2.92757102190057E-15,
-0.988845582249905));
#4483=DIRECTION('ref_axis',(0.,-1.,2.96059473233375E-15));
#4484=DIRECTION('center_axis',(-0.906307787036651,0.,0.422618261740697));
#4485=DIRECTION('ref_axis',(0.422618261740697,0.,0.906307787036651));
#4486=DIRECTION('',(0.422618261740697,0.,0.906307787036651));
#4487=DIRECTION('',(0.,-1.,0.));
#4488=DIRECTION('',(0.,-1.,0.));
#4489=DIRECTION('',(0.422618261740697,0.,0.906307787036651));
#4490=DIRECTION('center_axis',(-0.422618261740691,0.,-0.906307787036654));
#4491=DIRECTION('ref_axis',(-0.906307787036654,0.,0.422618261740691));
#4492=DIRECTION('',(-0.906307787036654,0.,0.422618261740691));
#4493=DIRECTION('',(0.,-1.,0.));
#4494=DIRECTION('center_axis',(0.42261826174069,0.,0.906307787036655));
#4495=DIRECTION('ref_axis',(0.906307787036654,0.,-0.42261826174069));
#4496=DIRECTION('',(0.906307787036654,0.,-0.42261826174069));
#4497=DIRECTION('',(0.,-1.,0.));
#4498=DIRECTION('',(0.,-1.,0.));
#4499=DIRECTION('center_axis',(0.906307787036649,0.,-0.422618261740701));
#4500=DIRECTION('ref_axis',(-0.422618261740701,0.,-0.906307787036649));
#4501=DIRECTION('',(-0.422618261740701,0.,-0.906307787036649));
#4502=DIRECTION('',(0.,1.,0.));
#4503=DIRECTION('',(-0.422618261740701,0.,-0.906307787036649));
#4504=DIRECTION('center_axis',(0.,1.,0.));
#4505=DIRECTION('ref_axis',(0.,0.,1.));
#4506=DIRECTION('',(-0.906307787036654,0.,0.422618261740691));
#4507=DIRECTION('center_axis',(0.,1.,0.));
#4508=DIRECTION('ref_axis',(0.,0.,1.));
#4509=DIRECTION('center_axis',(0.,1.,0.));
#4510=DIRECTION('ref_axis',(0.,0.,1.));
#4511=DIRECTION('',(0.906307787036654,0.,-0.42261826174069));
#4512=DIRECTION('center_axis',(0.,1.,0.));
#4513=DIRECTION('ref_axis',(0.,0.,1.));
#4514=DIRECTION('center_axis',(0.218743375138225,0.,-0.97578242238377));
#4515=DIRECTION('ref_axis',(-0.97578242238377,0.,-0.218743375138225));
#4516=DIRECTION('',(0.,1.,0.));
#4517=DIRECTION('',(-0.97578242238377,0.,-0.218743375138225));
#4518=DIRECTION('',(0.,-1.,0.));
#4519=DIRECTION('center_axis',(0.,1.,0.));
#4520=DIRECTION('ref_axis',(-1.,0.,0.));
#4521=DIRECTION('center_axis',(0.,-1.,0.));
#4522=DIRECTION('ref_axis',(-1.,0.,0.));
#4523=DIRECTION('center_axis',(0.,-1.,0.));
#4524=DIRECTION('ref_axis',(-1.,0.,0.));
#4525=DIRECTION('center_axis',(0.,1.,0.));
#4526=DIRECTION('ref_axis',(-1.,0.,0.));
#4527=DIRECTION('center_axis',(0.742187679833027,0.,0.670192097763073));
#4528=DIRECTION('ref_axis',(0.670192097763073,0.,-0.742187679833027));
#4529=DIRECTION('',(0.,1.,0.));
#4530=DIRECTION('',(0.670192097763073,0.,-0.742187679833027));
#4531=DIRECTION('',(0.,-1.,0.));
#4532=DIRECTION('center_axis',(0.,1.,0.));
#4533=DIRECTION('ref_axis',(0.,0.,1.));
#4534=DIRECTION('center_axis',(0.,-1.,0.));
#4535=DIRECTION('ref_axis',(0.,0.,1.));
#4536=DIRECTION('',(0.,1.,0.));
#4537=DIRECTION('center_axis',(0.,1.,0.));
#4538=DIRECTION('ref_axis',(0.,0.,1.));
#4539=DIRECTION('center_axis',(0.,1.,0.));
#4540=DIRECTION('ref_axis',(1.,0.,0.));
#4541=DIRECTION('center_axis',(0.,1.,0.));
#4542=DIRECTION('ref_axis',(1.,0.,0.));
#4543=DIRECTION('center_axis',(0.,1.,0.));
#4544=DIRECTION('ref_axis',(1.,0.,0.));
#4545=DIRECTION('center_axis',(0.,-1.,0.));
#4546=DIRECTION('ref_axis',(0.,0.,1.));
#4547=DIRECTION('center_axis',(0.,1.,0.));
#4548=DIRECTION('ref_axis',(0.,0.,-1.));
#4549=DIRECTION('center_axis',(0.,-1.,0.));
#4550=DIRECTION('ref_axis',(1.,0.,0.));
#4551=DIRECTION('center_axis',(0.,1.,0.));
#4552=DIRECTION('ref_axis',(1.42336285208353E-17,0.,-1.));
#4553=DIRECTION('center_axis',(0.,1.,0.));
#4554=DIRECTION('ref_axis',(-0.422618261740783,0.,-0.906307787036611));
#4555=DIRECTION('center_axis',(0.,-1.,0.));
#4556=DIRECTION('ref_axis',(1.,0.,0.));
#4557=DIRECTION('',(0.,1.,0.));
#4558=DIRECTION('center_axis',(0.0363278876551627,0.,0.999339924439384));
#4559=DIRECTION('ref_axis',(0.999339924439384,0.,-0.0363278876551627));
#4560=DIRECTION('',(0.999339924439384,0.,-0.0363278876551627));
#4561=DIRECTION('',(0.,-1.,0.));
#4562=DIRECTION('center_axis',(-0.88809823360021,0.,-0.459653703864318));
#4563=DIRECTION('ref_axis',(-0.459653703864318,0.,0.88809823360021));
#4564=DIRECTION('',(0.,1.,0.));
#4565=DIRECTION('',(-0.459653703864318,0.,0.88809823360021));
#4566=DIRECTION('',(0.,-1.,0.));
#4567=DIRECTION('center_axis',(0.,1.,0.));
#4568=DIRECTION('ref_axis',(1.,0.,0.));
#4569=DIRECTION('center_axis',(0.,-1.,0.));
#4570=DIRECTION('ref_axis',(1.,0.,0.));
#4571=DIRECTION('center_axis',(0.,1.,0.));
#4572=DIRECTION('ref_axis',(0.,0.,1.));
#4573=DIRECTION('center_axis',(0.,1.,0.));
#4574=DIRECTION('ref_axis',(0.,0.,1.));
#4575=DIRECTION('',(0.,1.,0.));
#4576=DIRECTION('center_axis',(0.42261826174069,0.,0.906307787036655));
#4577=DIRECTION('ref_axis',(0.906307787036654,0.,-0.42261826174069));
#4578=DIRECTION('',(0.,1.,0.));
#4579=DIRECTION('center_axis',(-0.422618261740691,0.,-0.906307787036654));
#4580=DIRECTION('ref_axis',(-0.906307787036654,0.,0.422618261740691));
#4581=DIRECTION('',(0.,1.,0.));
#4582=DIRECTION('center_axis',(0.,1.,0.));
#4583=DIRECTION('ref_axis',(1.,0.,0.));
#4584=DIRECTION('',(0.,1.,0.));
#4585=DIRECTION('center_axis',(0.,1.,0.));
#4586=DIRECTION('ref_axis',(1.,0.,0.));
#4587=DIRECTION('center_axis',(0.,1.,0.));
#4588=DIRECTION('ref_axis',(1.,0.,0.));
#4589=DIRECTION('center_axis',(0.,1.,0.));
#4590=DIRECTION('ref_axis',(1.,0.,0.));
#4591=DIRECTION('center_axis',(0.,-1.,0.));
#4592=DIRECTION('ref_axis',(1.42336285208353E-17,0.,-1.));
#4593=DIRECTION('center_axis',(0.,-1.,0.));
#4594=DIRECTION('ref_axis',(0.,0.,-1.));
#4595=DIRECTION('center_axis',(0.,1.,0.));
#4596=DIRECTION('ref_axis',(1.42336285208353E-17,0.,-1.));
#4597=DIRECTION('center_axis',(0.,1.,0.));
#4598=DIRECTION('ref_axis',(0.,0.,-1.));
#4599=DIRECTION('center_axis',(0.,1.,0.));
#4600=DIRECTION('ref_axis',(-0.207911690817759,0.,-0.978147600733806));
#4601=DIRECTION('center_axis',(0.,0.,1.));
#4602=DIRECTION('ref_axis',(0.707106781186548,0.707106781186548,0.));
#4603=DIRECTION('',(0.,0.,1.));
#4604=DIRECTION('center_axis',(0.,1.,0.));
#4605=DIRECTION('ref_axis',(-1.01064309961486E-15,0.,-1.));
#4606=DIRECTION('center_axis',(0.,1.,0.));
#4607=DIRECTION('ref_axis',(-1.60812264967664E-16,0.,-1.));
#4608=DIRECTION('center_axis',(0.,0.,-1.));
#4609=DIRECTION('ref_axis',(-0.707106781186548,0.707106781186548,0.));
#4610=DIRECTION('',(0.,0.,-1.));
#4611=DIRECTION('center_axis',(0.,1.,0.));
#4612=DIRECTION('ref_axis',(0.,0.,1.));
#4613=DIRECTION('center_axis',(0.,1.,0.));
#4614=DIRECTION('ref_axis',(-8.26946079742758E-16,0.,1.));
#4615=DIRECTION('center_axis',(0.,1.,0.));
#4616=DIRECTION('ref_axis',(1.,0.,0.));
#4617=DIRECTION('',(0.,-1.,0.));
#4618=DIRECTION('center_axis',(0.,-1.,0.));
#4619=DIRECTION('ref_axis',(1.,0.,0.));
#4620=DIRECTION('',(0.,1.,0.));
#4621=DIRECTION('center_axis',(-1.,0.,0.));
#4622=DIRECTION('ref_axis',(0.,0.,1.));
#4623=DIRECTION('',(0.,1.,0.));
#4624=DIRECTION('',(0.,0.,-1.));
#4625=DIRECTION('center_axis',(0.,0.,-1.));
#4626=DIRECTION('ref_axis',(0.707106781186548,-0.707106781186548,0.));
#4627=DIRECTION('center_axis',(0.,-1.,0.));
#4628=DIRECTION('ref_axis',(0.,0.,-1.));
#4629=DIRECTION('center_axis',(0.,-1.,0.));
#4630=DIRECTION('ref_axis',(-1.60812264967664E-16,0.,-1.));
#4631=DIRECTION('center_axis',(0.,-1.,0.));
#4632=DIRECTION('ref_axis',(0.,0.,-1.));
#4633=DIRECTION('center_axis',(0.,1.,0.));
#4634=DIRECTION('ref_axis',(1.,0.,0.));
#4635=DIRECTION('',(0.,1.,0.));
#4636=DIRECTION('center_axis',(1.,0.,0.));
#4637=DIRECTION('ref_axis',(0.,0.,-1.));
#4638=DIRECTION('center_axis',(0.,1.,0.));
#4639=DIRECTION('ref_axis',(1.,0.,0.));
#4640=DIRECTION('center_axis',(0.,-1.,0.));
#4641=DIRECTION('ref_axis',(1.,0.,0.));
#4642=DIRECTION('',(0.,0.,1.));
#4643=DIRECTION('center_axis',(0.,1.,0.));
#4644=DIRECTION('ref_axis',(1.,0.,0.));
#4645=DIRECTION('',(0.,1.,0.));
#4646=DIRECTION('center_axis',(1.,0.,0.));
#4647=DIRECTION('ref_axis',(0.,0.,-1.));
#4648=DIRECTION('center_axis',(0.,0.,1.));
#4649=DIRECTION('ref_axis',(0.,1.,0.));
#4650=DIRECTION('',(-1.,0.,0.));
#4651=DIRECTION('center_axis',(0.,1.,1.68783905770716E-16));
#4652=DIRECTION('ref_axis',(0.,1.68783905770716E-16,-1.));
#4653=DIRECTION('center_axis',(0.,0.,-1.));
#4654=DIRECTION('ref_axis',(0.,-1.,0.));
#4655=DIRECTION('',(-1.,0.,0.));
#4656=DIRECTION('center_axis',(0.,0.,1.));
#4657=DIRECTION('ref_axis',(0.,1.,0.));
#4658=DIRECTION('',(-1.,0.,0.));
#4659=DIRECTION('center_axis',(0.,-1.,0.));
#4660=DIRECTION('ref_axis',(0.,0.,1.));
#4661=DIRECTION('center_axis',(0.,1.,0.));
#4662=DIRECTION('ref_axis',(1.,0.,0.));
#4663=DIRECTION('center_axis',(0.,1.,0.));
#4664=DIRECTION('ref_axis',(1.,0.,0.));
#4665=DIRECTION('center_axis',(0.,1.,0.));
#4666=DIRECTION('ref_axis',(1.,0.,0.));
#4667=DIRECTION('center_axis',(0.,1.,0.));
#4668=DIRECTION('ref_axis',(1.,0.,0.));
#4669=DIRECTION('center_axis',(-0.0624879000848539,0.948683298050514,-0.309992358523537));
#4670=DIRECTION('ref_axis',(0.,0.310599356145811,0.950540919667222));
#4671=DIRECTION('',(0.980281910181889,0.,-0.197604090469167));
#4672=DIRECTION('',(-0.980281910181889,0.,0.197604090469167));
#4673=DIRECTION('center_axis',(0.0624879000848539,-0.948683298050514,0.309992358523537));
#4674=DIRECTION('ref_axis',(0.187463700254561,0.316227766016838,0.929977075570612));
#4675=DIRECTION('center_axis',(0.,1.,0.));
#4676=DIRECTION('ref_axis',(0.167501491828087,0.,-0.985871822416771));
#4677=DIRECTION('center_axis',(0.,1.,0.));
#4678=DIRECTION('ref_axis',(0.860012158319476,0.,0.510273541879918));
#4679=DIRECTION('center_axis',(0.161362662206131,-0.948683298050514,-0.27195972357272));
#4680=DIRECTION('ref_axis',(0.484087986618557,0.316227766016839,-0.815879170718061));
#4681=DIRECTION('center_axis',(0.,-1.,0.));
#4682=DIRECTION('ref_axis',(0.860012158319476,0.,0.510273541879918));
#4683=DIRECTION('center_axis',(-0.0624879000848539,-0.948683298050514,-0.309992358523537));
#4684=DIRECTION('ref_axis',(0.187463700254561,-0.316227766016838,0.929977075570612));
#4685=DIRECTION('center_axis',(-0.161362662206131,0.948683298050514,0.27195972357272));
#4686=DIRECTION('ref_axis',(0.,-0.275571033064909,0.961280711205389));
#4687=DIRECTION('',(-0.860012158319579,0.,-0.510273541879744));
#4688=DIRECTION('',(-0.860012158319579,0.,-0.510273541879744));
#4689=DIRECTION('center_axis',(0.,-1.,0.));
#4690=DIRECTION('ref_axis',(0.,0.,-1.));
#4691=DIRECTION('',(-0.860012158319579,0.,-0.510273541879744));
#4692=DIRECTION('center_axis',(0.,-1.,0.));
#4693=DIRECTION('ref_axis',(0.860012158319476,0.,0.510273541879918));
#4694=DIRECTION('center_axis',(0.161362662206131,0.948683298050514,-0.27195972357272));
#4695=DIRECTION('ref_axis',(0.,0.275571033064909,0.961280711205389));
#4696=DIRECTION('',(0.860012158319579,0.,0.510273541879744));
#4697=DIRECTION('center_axis',(-0.161362662206131,-0.948683298050514,0.27195972357272));
#4698=DIRECTION('ref_axis',(0.484087986618557,-0.316227766016839,-0.815879170718061));
#4699=DIRECTION('center_axis',(0.,1.,0.));
#4700=DIRECTION('ref_axis',(0.167501491828087,0.,-0.985871822416771));
#4701=DIRECTION('center_axis',(0.,-1.,0.));
#4702=DIRECTION('ref_axis',(0.860012158319476,0.,0.510273541879918));
#4703=DIRECTION('center_axis',(0.510273541879744,0.,-0.860012158319579));
#4704=DIRECTION('ref_axis',(0.860012158319579,0.,0.510273541879744));
#4705=DIRECTION('',(-0.860012158319579,0.,-0.510273541879744));
#4706=DIRECTION('center_axis',(0.0624879000848539,0.948683298050514,0.309992358523537));
#4707=DIRECTION('ref_axis',(0.,-0.310599356145811,0.950540919667222));
#4708=DIRECTION('',(-0.980281910181889,0.,0.197604090469167));
#4709=DIRECTION('',(-0.980281910181889,0.,0.197604090469167));
#4710=DIRECTION('center_axis',(0.,-1.,0.));
#4711=DIRECTION('ref_axis',(0.,0.,-1.));
#4712=DIRECTION('center_axis',(0.,-1.,0.));
#4713=DIRECTION('ref_axis',(0.,0.,-1.));
#4714=DIRECTION('center_axis',(0.,-1.,0.));
#4715=DIRECTION('ref_axis',(0.,0.,-1.));
#4716=DIRECTION('center_axis',(0.,1.,0.));
#4717=DIRECTION('ref_axis',(1.,0.,0.));
#4718=CARTESIAN_POINT('',(0.,0.,0.));
#4719=CARTESIAN_POINT('Origin',(0.,-3.85,0.));
#4720=CARTESIAN_POINT('',(7.17260182626055,-3.85,-0.627521347783369));
#4721=CARTESIAN_POINT('',(6.23538290724633,-3.85,3.60000000000283));
#4722=CARTESIAN_POINT('Origin',(0.,-3.85,0.));
#4723=CARTESIAN_POINT('',(7.17260182626055,-6.25,-0.627521347783369));
#4724=CARTESIAN_POINT('',(7.17260182626055,-3.85,-0.627521347783369));
#4725=CARTESIAN_POINT('',(6.23538290724633,-6.25,3.60000000000283));
#4726=CARTESIAN_POINT('Origin',(0.,-6.25,0.));
#4727=CARTESIAN_POINT('',(6.23538290724633,-3.85,3.60000000000283));
#4728=CARTESIAN_POINT('Origin',(9.46384963187156,-3.85,-0.827979556103057));
#4729=CARTESIAN_POINT('',(7.96955758473394,-3.85,-0.697245941981521));
#4730=CARTESIAN_POINT('',(4.31951039397667,-3.85,-0.377908191455497));
#4731=CARTESIAN_POINT('',(9.46384963187156,-2.35,-0.827979556103057));
#4732=CARTESIAN_POINT('Origin',(7.96955758473394,-2.35,-0.697245941981521));
#4733=CARTESIAN_POINT('',(9.46384963187156,-6.25,-0.827979556103057));
#4734=CARTESIAN_POINT('',(9.46384963187156,-3.85,-0.827979556103056));
#4735=CARTESIAN_POINT('',(7.38918301585988,-6.25,-0.646469746606276));
#4736=CARTESIAN_POINT('Origin',(7.86769145362316,-6.25,2.32842400060207));
#4737=CARTESIAN_POINT('',(9.5,-6.25,0.));
#4738=CARTESIAN_POINT('',(9.5,-6.25,5.48482755730719));
#4739=CARTESIAN_POINT('',(9.5,-6.25,1.16421200030103));
#4740=CARTESIAN_POINT('',(8.2045028789331,-6.25,4.73687194572405));
#4741=CARTESIAN_POINT('Origin',(0.,-6.25,0.));
#4742=CARTESIAN_POINT('Origin',(6.23538290724633,-3.85,3.60000000000283));
#4743=CARTESIAN_POINT('',(8.,-3.85,4.61880215352184));
#4744=CARTESIAN_POINT('',(5.17450178761228,-3.85,2.98750000000328));
#4745=CARTESIAN_POINT('',(9.5,-2.35,5.48482755730719));
#4746=CARTESIAN_POINT('',(9.5,-3.85,5.48482755730719));
#4747=CARTESIAN_POINT('Origin',(8.,-2.35,4.61880215352184));
#4748=CARTESIAN_POINT('Origin',(8.,-2.35,23.25));
#4749=CARTESIAN_POINT('',(9.5,-2.35,7.40000000005387));
#4750=CARTESIAN_POINT('',(9.5,-2.35,23.25));
#4751=CARTESIAN_POINT('',(9.5,-2.35,9.5));
#4752=CARTESIAN_POINT('',(9.5,-2.35,22.2000000000269));
#4753=CARTESIAN_POINT('',(8.,-3.85,9.5));
#4754=CARTESIAN_POINT('Origin',(8.,-2.35,9.5));
#4755=CARTESIAN_POINT('',(8.,-3.85,23.25));
#4756=CARTESIAN_POINT('Origin',(6.23538290724633,3.85,3.60000000000283));
#4757=CARTESIAN_POINT('',(8.,3.85,4.61880215352184));
#4758=CARTESIAN_POINT('',(6.23538290724633,3.85,3.60000000000283));
#4759=CARTESIAN_POINT('',(5.17450178761228,3.85,2.98750000000328));
#4760=CARTESIAN_POINT('',(9.5,2.35,5.48482755730719));
#4761=CARTESIAN_POINT('Origin',(8.,2.35,4.61880215352184));
#4762=CARTESIAN_POINT('',(9.5,6.25,5.48482755730719));
#4763=CARTESIAN_POINT('',(9.5,3.85,5.48482755730719));
#4764=CARTESIAN_POINT('',(6.23538290724633,6.25,3.60000000000283));
#4765=CARTESIAN_POINT('',(6.57219433255626,6.25,3.79445816707187));
#4766=CARTESIAN_POINT('',(6.23538290724633,3.85,3.60000000000283));
#4767=CARTESIAN_POINT('Origin',(9.46384963187156,3.85,-0.827979556103057));
#4768=CARTESIAN_POINT('',(7.17260182626055,3.85,-0.627521347783369));
#4769=CARTESIAN_POINT('',(7.96955758473394,3.85,-0.697245941981521));
#4770=CARTESIAN_POINT('',(4.31951039397667,3.85,-0.377908191455497));
#4771=CARTESIAN_POINT('',(7.17260182626055,6.25,-0.627521347783369));
#4772=CARTESIAN_POINT('',(7.17260182626055,3.85,-0.627521347783369));
#4773=CARTESIAN_POINT('',(9.46384963187156,6.25,-0.827979556103056));
#4774=CARTESIAN_POINT('',(8.53480691866538,6.25,-0.74669885076612));
#4775=CARTESIAN_POINT('',(9.46384963187156,2.35,-0.827979556103056));
#4776=CARTESIAN_POINT('',(9.46384963187156,3.85,-0.827979556103056));
#4777=CARTESIAN_POINT('Origin',(7.96955758473394,2.35,-0.697245941981521));
#4778=CARTESIAN_POINT('Origin',(0.,3.85,0.));
#4779=CARTESIAN_POINT('',(9.5,6.25,0.));
#4780=CARTESIAN_POINT('Origin',(0.,6.25,0.));
#4781=CARTESIAN_POINT('',(9.5,2.35,0.));
#4782=CARTESIAN_POINT('',(9.5,3.85,0.));
#4783=CARTESIAN_POINT('Origin',(0.,2.35,0.));
#4784=CARTESIAN_POINT('Origin',(0.,3.85,0.));
#4785=CARTESIAN_POINT('Origin',(0.,3.85,0.));
#4786=CARTESIAN_POINT('Origin',(0.,6.25,0.));
#4787=CARTESIAN_POINT('Origin',(7.86769145362316,6.25,2.32842400060207));
#4788=CARTESIAN_POINT('',(9.5,6.25,3.90662577895463));
#4789=CARTESIAN_POINT('Origin',(0.,3.85,9.5));
#4790=CARTESIAN_POINT('',(-7.30836366114081,3.85,3.2538931446064));
#4791=CARTESIAN_POINT('Origin',(0.,3.85,0.));
#4792=CARTESIAN_POINT('',(-4.52741771761727,3.85,9.5));
#4793=CARTESIAN_POINT('',(-5.54339470063199,3.85,7.21807833470869));
#4794=CARTESIAN_POINT('',(8.,3.85,9.5));
#4795=CARTESIAN_POINT('',(0.,3.85,9.5));
#4796=CARTESIAN_POINT('',(8.,3.85,23.25));
#4797=CARTESIAN_POINT('',(-1.64217688943693,3.85,2.62930695503572));
#4798=CARTESIAN_POINT('',(-2.541693018581,3.85,1.7747666323482));
#4799=CARTESIAN_POINT('Origin',(-1.42500000000006,3.85,1.49999999999891));
#4800=CARTESIAN_POINT('',(-2.9,3.85,1.09544511501033));
#4801=CARTESIAN_POINT('Origin',(0.,3.85,0.));
#4802=CARTESIAN_POINT('',(-2.9,3.85,-1.09544511501033));
#4803=CARTESIAN_POINT('',(-2.9,3.85,4.32573593128807));
#4804=CARTESIAN_POINT('',(2.9,3.85,-1.09544511501033));
#4805=CARTESIAN_POINT('Origin',(0.,3.85,0.));
#4806=CARTESIAN_POINT('',(2.9,3.85,1.09544511501033));
#4807=CARTESIAN_POINT('',(2.9,3.85,5.17426406871193));
#4808=CARTESIAN_POINT('',(2.54169301857908,3.85,1.77476663235096));
#4809=CARTESIAN_POINT('Origin',(0.,3.85,0.));
#4810=CARTESIAN_POINT('',(1.64217688944845,3.85,2.62930695502853));
#4811=CARTESIAN_POINT('Origin',(1.42500000000003,3.85,1.49999999999394));
#4812=CARTESIAN_POINT('Origin',(0.,3.85,0.));
#4813=CARTESIAN_POINT('Origin',(0.,2.35,0.));
#4814=CARTESIAN_POINT('',(-8.74603451583634,2.35,3.70902685994579));
#4815=CARTESIAN_POINT('Origin',(0.,2.35,0.));
#4816=CARTESIAN_POINT('',(-8.67868184760471,2.35,3.8639981092201));
#4817=CARTESIAN_POINT('Origin',(0.,2.35,0.));
#4818=CARTESIAN_POINT('Origin',(-7.30836366114081,2.35,3.2538931446064));
#4819=CARTESIAN_POINT('Origin',(1.5,-1.95,37.));
#4820=CARTESIAN_POINT('',(5.83102903476748,-4.15,32.6689709652323));
#4821=CARTESIAN_POINT('',(3.0852666512524,-4.15,31.0837043139793));
#4822=CARTESIAN_POINT('Origin',(1.5,-4.15,37.));
#4823=CARTESIAN_POINT('',(5.83102903476748,-1.95,32.6689709652323));
#4824=CARTESIAN_POINT('',(5.83102903476748,-1.95,32.6689709652323));
#4825=CARTESIAN_POINT('',(3.0852666512524,-1.95,31.0837043139793));
#4826=CARTESIAN_POINT('Origin',(1.5,-1.95,37.));
#4827=CARTESIAN_POINT('',(3.0852666512524,-1.95,31.0837043139793));
#4828=CARTESIAN_POINT('Origin',(7.51040764008548,-1.95,30.9895923599142));
#4829=CARTESIAN_POINT('',(6.44974746830568,-4.15,32.050252531694));
#4830=CARTESIAN_POINT('',(3.56770382004271,-4.15,34.9322961799572));
#4831=CARTESIAN_POINT('',(7.51040764008547,-2.65,30.9895923599142));
#4832=CARTESIAN_POINT('Origin',(6.44974746830569,-2.65,32.050252531694));
#4833=CARTESIAN_POINT('',(7.51040764008548,-1.95,30.9895923599142));
#4834=CARTESIAN_POINT('',(7.51040764008547,0.,30.9895923599142));
#4835=CARTESIAN_POINT('',(1.5,-1.95,37.));
#4836=CARTESIAN_POINT('Origin',(3.0852666512524,-1.95,31.0837043139793));
#4837=CARTESIAN_POINT('',(3.31173331571703,-4.15,30.2385192159764));
#4838=CARTESIAN_POINT('',(1.82388332562635,-4.15,35.7912509730377));
#4839=CARTESIAN_POINT('',(3.69996188337068,-1.95,28.7896304765427));
#4840=CARTESIAN_POINT('',(1.5,-1.95,37.));
#4841=CARTESIAN_POINT('',(3.69996188337068,-2.65,28.7896304765427));
#4842=CARTESIAN_POINT('',(3.69996188337068,0.,28.7896304765427));
#4843=CARTESIAN_POINT('Origin',(3.31173331571703,-2.65,30.2385192159764));
#4844=CARTESIAN_POINT('Origin',(5.29783714566894,-1.95,30.7293007208875));
#4845=CARTESIAN_POINT('Origin',(1.5,-1.95,37.));
#4846=CARTESIAN_POINT('Origin',(1.5,-2.65,37.));
#4847=CARTESIAN_POINT('',(7.35646627603047,-4.15,33.165707006798));
#4848=CARTESIAN_POINT('Origin',(1.5,-4.15,37.));
#4849=CARTESIAN_POINT('',(8.44144660853727,-2.65,32.0942565312864));
#4850=CARTESIAN_POINT('Ctrl Pts',(7.35646627603047,-4.15,33.165707006798));
#4851=CARTESIAN_POINT('Ctrl Pts',(7.35794319814327,-4.15,33.1642754395003));
#4852=CARTESIAN_POINT('Ctrl Pts',(7.35942005932999,-4.14999592041201,33.1628438119568));
#4853=CARTESIAN_POINT('Ctrl Pts',(7.43570904469247,-4.14957441970966,33.0888852680885));
#4854=CARTESIAN_POINT('Ctrl Pts',(7.51016530811786,-4.13869221466421,33.016394961025));
#4855=CARTESIAN_POINT('Ctrl Pts',(7.65593740561154,-4.09627776317331,32.8739262934511));
#4856=CARTESIAN_POINT('Ctrl Pts',(7.72691583794458,-4.06488418944308,32.8042794585494));
#4857=CARTESIAN_POINT('Ctrl Pts',(7.92398466000747,-3.94561222319797,32.6102672724682));
#4858=CARTESIAN_POINT('Ctrl Pts',(8.04068671691278,-3.83340901837713,32.4945457453914));
#4859=CARTESIAN_POINT('Ctrl Pts',(8.23500250657224,-3.55434236398375,32.3011240822661));
#4860=CARTESIAN_POINT('Ctrl Pts',(8.3113291426564,-3.39100876537718,32.2247374169789));
#4861=CARTESIAN_POINT('Ctrl Pts',(8.41489684164624,-3.03321454685052,32.1209509958109));
#4862=CARTESIAN_POINT('Ctrl Pts',(8.44144660853727,-2.8426034893166,32.0942565312864));
#4863=CARTESIAN_POINT('Ctrl Pts',(8.44144660853727,-2.65,32.0942565312864));
#4864=CARTESIAN_POINT('Origin',(1.5,-2.65,37.));
#4865=CARTESIAN_POINT('Origin',(1.5,-2.65,37.));
#4866=CARTESIAN_POINT('',(-3.40162016737203,-2.65,30.0556411573989));
#4867=CARTESIAN_POINT('Origin',(1.5,-2.65,37.));
#4868=CARTESIAN_POINT('',(-2.5366283731299,-4.15,31.2811162472697));
#4869=CARTESIAN_POINT('Origin',(-2.5366283731299,-2.65,31.2811162472697));
#4870=CARTESIAN_POINT('Origin',(1.5,-4.15,37.));
#4871=CARTESIAN_POINT('Origin',(1.5,0.,37.));
#4872=CARTESIAN_POINT('',(8.44144660853727,1.05,32.0942565312864));
#4873=CARTESIAN_POINT('',(8.44144660853727,0.,32.0942565312864));
#4874=CARTESIAN_POINT('',(6.04427511720993,1.05,29.8167163734747));
#4875=CARTESIAN_POINT('Origin',(1.5,1.05,37.));
#4876=CARTESIAN_POINT('',(6.04427511720993,2.35,29.8167163734747));
#4877=CARTESIAN_POINT('',(6.04427511720993,0.,29.8167163734747));
#4878=CARTESIAN_POINT('',(8.44144660853727,2.35,32.0942565312864));
#4879=CARTESIAN_POINT('Origin',(1.5,2.35,37.));
#4880=CARTESIAN_POINT('',(8.44144660853727,2.65,32.0942565312864));
#4881=CARTESIAN_POINT('',(8.44144660853727,0.,32.0942565312864));
#4882=CARTESIAN_POINT('',(-3.40162016737203,2.65,30.0556411573989));
#4883=CARTESIAN_POINT('Origin',(1.5,2.65,37.));
#4884=CARTESIAN_POINT('',(-3.40162016737203,1.65,30.0556411573989));
#4885=CARTESIAN_POINT('',(-3.40162016737203,0.,30.0556411573989));
#4886=CARTESIAN_POINT('',(-1.1421625676077,1.65,28.9210782299658));
#4887=CARTESIAN_POINT('Origin',(1.5,1.65,37.));
#4888=CARTESIAN_POINT('',(-1.1421625676077,0.0499999999999998,28.9210782299658));
#4889=CARTESIAN_POINT('',(-1.1421625676077,0.,28.9210782299658));
#4890=CARTESIAN_POINT('',(-3.40162016737203,0.0499999999999998,30.0556411573989));
#4891=CARTESIAN_POINT('Origin',(1.5,0.0499999999999998,37.));
#4892=CARTESIAN_POINT('',(-3.40162016737203,0.,30.0556411573989));
#4893=CARTESIAN_POINT('Origin',(9.50000000000853,0.98437488079071,28.873828244381));
#4894=CARTESIAN_POINT('',(9.50000000000853,0.98437488079071,28.873828244381));
#4895=CARTESIAN_POINT('',(9.50000000000705,0.98437488079071,23.8630862952996));
#4896=CARTESIAN_POINT('',(9.5,0.98437488079071,32.9369141221905));
#4897=CARTESIAN_POINT('',(8.50000000000853,0.98437488079071,28.8738282443813));
#4898=CARTESIAN_POINT('',(9.50000000000853,0.98437488079071,28.873828244381));
#4899=CARTESIAN_POINT('',(8.50000000000705,0.98437488079071,23.8630862952999));
#4900=CARTESIAN_POINT('',(8.50000000000853,0.98437488079071,28.8738282443813));
#4901=CARTESIAN_POINT('',(9.50000000000705,0.98437488079071,23.8630862952996));
#4902=CARTESIAN_POINT('Origin',(9.50000000000853,0.321289002895355,28.873828244381));
#4903=CARTESIAN_POINT('',(9.50000000000853,0.321289002895355,28.873828244381));
#4904=CARTESIAN_POINT('',(9.5,0.160644501447678,28.873828244381));
#4905=CARTESIAN_POINT('',(8.50000000000853,0.321289002895355,28.8738282443813));
#4906=CARTESIAN_POINT('',(9.50000000000853,0.321289002895355,28.873828244381));
#4907=CARTESIAN_POINT('',(8.50000000000853,0.321289002895355,28.8738282443813));
#4908=CARTESIAN_POINT('Origin',(9.50000000000705,0.321289002895355,23.8630862952996));
#4909=CARTESIAN_POINT('',(9.50000000000705,0.321289002895355,23.8630862952996));
#4910=CARTESIAN_POINT('',(9.5,0.321289002895355,30.4315431476498));
#4911=CARTESIAN_POINT('',(8.50000000000705,0.321289002895355,23.8630862952999));
#4912=CARTESIAN_POINT('',(9.50000000000705,0.321289002895355,23.8630862952996));
#4913=CARTESIAN_POINT('',(8.50000000000705,0.321289002895355,23.8630862952999));
#4914=CARTESIAN_POINT('Origin',(9.50000000000705,0.98437488079071,23.8630862952996));
#4915=CARTESIAN_POINT('',(9.5,0.492187440395355,23.8630862952996));
#4916=CARTESIAN_POINT('',(8.50000000000705,0.98437488079071,23.8630862952999));
#4917=CARTESIAN_POINT('Origin',(8.50000000000778,0.652831941843033,26.3684572698406));
#4918=CARTESIAN_POINT('Origin',(1.5,1.5,37.));
#4919=CARTESIAN_POINT('',(-4.50957176509193,1.50246953751461,30.3114319386188));
#4920=CARTESIAN_POINT('Ctrl Pts',(-3.40162016737203,1.65,30.0556411573989));
#4921=CARTESIAN_POINT('Ctrl Pts',(-3.94002134376987,1.58732271868253,30.1799408630936));
#4922=CARTESIAN_POINT('Ctrl Pts',(-4.50957176509193,1.50246953751461,30.3114319386188));
#4923=CARTESIAN_POINT('',(-4.14633523559277,1.35,29.3600459158904));
#4924=CARTESIAN_POINT('Ctrl Pts',(-4.14633523559277,1.35,29.3600459158904));
#4925=CARTESIAN_POINT('Ctrl Pts',(-4.33294513635369,1.43464723744817,29.8488129777591));
#4926=CARTESIAN_POINT('Ctrl Pts',(-4.50957176509193,1.50246953751461,30.3114319386188));
#4927=CARTESIAN_POINT('',(-0.698016641783116,1.35,27.7577750058525));
#4928=CARTESIAN_POINT('Origin',(1.5,1.35,37.));
#4929=CARTESIAN_POINT('Ctrl Pts',(-1.1421625676077,1.65,28.9210782299658));
#4930=CARTESIAN_POINT('Ctrl Pts',(-0.932426991523767,1.51292116662209,28.3717405963565));
#4931=CARTESIAN_POINT('Ctrl Pts',(-0.698016641783118,1.35,27.7577750058525));
#4932=CARTESIAN_POINT('Origin',(-3.40162016737203,0.,30.0556411573989));
#4933=CARTESIAN_POINT('',(-4.50957176509193,0.19753046248539,30.3114319386188));
#4934=CARTESIAN_POINT('',(-4.50957176509193,0.675,30.3114319386188));
#4935=CARTESIAN_POINT('',(-4.86317526454998,4.15,30.3930677389143));
#4936=CARTESIAN_POINT('Origin',(-4.86317526454998,2.65,30.3930677389143));
#4937=CARTESIAN_POINT('',(-4.86415467944392,4.15,30.3932938546592));
#4938=CARTESIAN_POINT('',(-1.67500409566311,4.15,29.6570204281557));
#4939=CARTESIAN_POINT('',(-4.86415467944392,-4.15,30.3932938546592));
#4940=CARTESIAN_POINT('Ctrl Pts',(-4.86415467944392,-4.15,30.3932938546592));
#4941=CARTESIAN_POINT('Ctrl Pts',(-4.86415467944392,-1.38333333333333,30.3932938546592));
#4942=CARTESIAN_POINT('Ctrl Pts',(-4.86415467944391,1.38333333333333,30.3932938546592));
#4943=CARTESIAN_POINT('Ctrl Pts',(-4.86415467944392,4.15,30.3932938546592));
#4944=CARTESIAN_POINT('',(-4.86317526454998,-4.15,30.3930677389143));
#4945=CARTESIAN_POINT('',(-1.67500409566311,-4.15,29.6570204281557));
#4946=CARTESIAN_POINT('Origin',(-4.86317526454998,-2.65,30.3930677389143));
#4947=CARTESIAN_POINT('Ctrl Pts',(-4.50957176509193,0.19753046248539,30.3114319386188));
#4948=CARTESIAN_POINT('Ctrl Pts',(-3.94002134376989,0.112677281317472,30.1799408630936));
#4949=CARTESIAN_POINT('Ctrl Pts',(-3.40162016737203,0.0499999999999998,
30.0556411573989));
#4950=CARTESIAN_POINT('Origin',(1.5,0.2,37.));
#4951=CARTESIAN_POINT('',(-0.698016641783116,0.35,27.7577750058525));
#4952=CARTESIAN_POINT('Ctrl Pts',(-0.698016641783118,0.349999999999999,
27.7577750058525));
#4953=CARTESIAN_POINT('Ctrl Pts',(-0.932426991523763,0.187078833377915,
28.3717405963565));
#4954=CARTESIAN_POINT('Ctrl Pts',(-1.1421625676077,0.0499999999999997,28.9210782299658));
#4955=CARTESIAN_POINT('',(-4.14633523559277,0.35,29.3600459158904));
#4956=CARTESIAN_POINT('Origin',(1.5,0.35,37.));
#4957=CARTESIAN_POINT('Ctrl Pts',(-4.50957176509193,0.197530462485389,30.3114319386189));
#4958=CARTESIAN_POINT('Ctrl Pts',(-4.3329451363537,0.265352762551833,29.8488129777591));
#4959=CARTESIAN_POINT('Ctrl Pts',(-4.14633523559277,0.349999999999999,29.3600459158904));
#4960=CARTESIAN_POINT('Origin',(0.98680484042002,0.35,12.3232621345308));
#4961=CARTESIAN_POINT('',(1.88797357175826,0.35,20.98457147521));
#4962=CARTESIAN_POINT('',(1.8879735717414,0.35,20.9845714752035));
#4963=CARTESIAN_POINT('',(3.08407191772531,0.35,20.3761537161055));
#4964=CARTESIAN_POINT('Origin',(2.8221984863358,0.35,21.3412559414844));
#4965=CARTESIAN_POINT('',(4.43201521968404,0.35,16.3633110125906));
#4966=CARTESIAN_POINT('',(-2.50000000005501,0.35,37.));
#4967=CARTESIAN_POINT('',(0.692027069028089,0.35,2.64999999999581));
#4968=CARTESIAN_POINT('Ctrl Pts',(0.692027069028097,0.35,2.64999999999592));
#4969=CARTESIAN_POINT('Ctrl Pts',(0.730457223146664,0.35,3.17341423846513));
#4970=CARTESIAN_POINT('Ctrl Pts',(0.876800609895956,0.35,4.43453626155515));
#4971=CARTESIAN_POINT('Ctrl Pts',(1.30506964682059,0.35,6.38594413379841));
#4972=CARTESIAN_POINT('Ctrl Pts',(2.22738828779846,0.35,8.94023062552182));
#4973=CARTESIAN_POINT('Ctrl Pts',(3.57711075670046,0.35,11.9139368755747));
#4974=CARTESIAN_POINT('Ctrl Pts',(4.4186716309997,0.35,14.0623913181312));
#4975=CARTESIAN_POINT('Ctrl Pts',(4.62741091486312,0.35,15.3558143558766));
#4976=CARTESIAN_POINT('Ctrl Pts',(4.53566959808622,0.35,16.0547307366591));
#4977=CARTESIAN_POINT('Ctrl Pts',(4.43201521968404,0.35,16.3633110125906));
#4978=CARTESIAN_POINT('',(0.674047271168986,0.35,2.37095924075162));
#4979=CARTESIAN_POINT('Ctrl Pts',(0.674047271168987,0.35,2.37095924075165));
#4980=CARTESIAN_POINT('Ctrl Pts',(0.677148974681593,0.35,2.42689356963234));
#4981=CARTESIAN_POINT('Ctrl Pts',(0.68049871358945,0.35,2.48276484692472));
#4982=CARTESIAN_POINT('Ctrl Pts',(0.684095641819381,0.35,2.5385730394552));
#4983=CARTESIAN_POINT('Ctrl Pts',(0.687938789455095,0.35,2.59431810674224));
#4984=CARTESIAN_POINT('Ctrl Pts',(0.692027069028089,0.35,2.64999999999581));
#4985=CARTESIAN_POINT('',(0.275000000000032,0.35,1.49999999999394));
#4986=CARTESIAN_POINT('Origin',(1.42500000000003,0.35,1.49999999999394));
#4987=CARTESIAN_POINT('',(2.36702485092976,0.35,0.8403870981865));
#4988=CARTESIAN_POINT('Origin',(1.42500000000003,0.35,1.49999999999394));
#4989=CARTESIAN_POINT('',(9.5,0.35,0.216332635434562));
#4990=CARTESIAN_POINT('',(11.47360968084,0.35,0.043664162137106));
#4991=CARTESIAN_POINT('',(9.5,0.35,0.));
#4992=CARTESIAN_POINT('',(9.5,0.35,24.6616310672654));
#4993=CARTESIAN_POINT('',(-8.74603451583634,0.35,3.70902685994579));
#4994=CARTESIAN_POINT('Origin',(0.,0.35,0.));
#4995=CARTESIAN_POINT('',(-2.56116248557323,0.35,1.32213823801452));
#4996=CARTESIAN_POINT('',(-9.5,0.35,4.));
#4997=CARTESIAN_POINT('',(-1.42499566662922,0.35,2.64999999999703));
#4998=CARTESIAN_POINT('Origin',(-1.42500000000006,0.35,1.49999999999891));
#4999=CARTESIAN_POINT('',(-0.973025836521219,0.35,2.64999999999678));
#5000=CARTESIAN_POINT('',(1.42499999999639,0.35,2.64999999999539));
#5001=CARTESIAN_POINT('',(-0.74838435061581,0.35,3.5196750465065));
#5002=CARTESIAN_POINT('',(3.79041942921736,0.35,21.0911595495383));
#5003=CARTESIAN_POINT('',(-0.0573799316061463,0.35,17.3514323949158));
#5004=CARTESIAN_POINT('',(-0.850716197509443,0.35,1.47131003420186));
#5005=CARTESIAN_POINT('',(-0.410187136323576,0.35,19.5743586520314));
#5006=CARTESIAN_POINT('Origin',(0.,0.35,18.5));
#5007=CARTESIAN_POINT('',(-5.97379931851316,0.35,34.1465242690616));
#5008=CARTESIAN_POINT('Origin',(1.5,1.2,37.));
#5009=CARTESIAN_POINT('',(8.50731115692457,1.05825184349754,32.1403753845679));
#5010=CARTESIAN_POINT('Ctrl Pts',(8.44144660853727,1.05,32.0942565312864));
#5011=CARTESIAN_POINT('Ctrl Pts',(8.47432568412486,1.05406896901274,32.1172787078622));
#5012=CARTESIAN_POINT('Ctrl Pts',(8.50731115692457,1.05825184349754,32.1403753845679));
#5013=CARTESIAN_POINT('',(7.9644048371191,1.35,30.038572696506));
#5014=CARTESIAN_POINT('Ctrl Pts',(7.9644048371191,1.35,30.038572696506));
#5015=CARTESIAN_POINT('Ctrl Pts',(8.25050153828413,1.16491648999684,31.1461649156752));
#5016=CARTESIAN_POINT('Ctrl Pts',(8.50731115694098,1.05825184349072,32.1403753846315));
#5017=CARTESIAN_POINT('',(5.69850740040319,1.35,28.4781143161411));
#5018=CARTESIAN_POINT('Origin',(1.5,1.35,37.));
#5019=CARTESIAN_POINT('Ctrl Pts',(6.04427511720993,1.05,29.8167163734747));
#5020=CARTESIAN_POINT('Ctrl Pts',(5.88099591760679,1.1840715768176,29.1845987352895));
#5021=CARTESIAN_POINT('Ctrl Pts',(5.69850740040319,1.35,28.4781143161411));
#5022=CARTESIAN_POINT('Origin',(10.,0.,33.1855673646909));
#5023=CARTESIAN_POINT('',(8.50731115692457,2.35,32.1403753845679));
#5024=CARTESIAN_POINT('',(8.50731115692456,0.675,32.1403753845679));
#5025=CARTESIAN_POINT('',(9.5,-2.65,32.835463595586));
#5026=CARTESIAN_POINT('',(8.92526757739095,-2.65,32.4330316208216));
#5027=CARTESIAN_POINT('',(9.5,2.65,32.835463595586));
#5028=CARTESIAN_POINT('',(9.5,0.,32.835463595586));
#5029=CARTESIAN_POINT('',(8.92526757739095,2.65,32.4330316208216));
#5030=CARTESIAN_POINT('',(2.17514909263022,2.35,27.7065477739835));
#5031=CARTESIAN_POINT('Origin',(8.06490292286438,-2.65,33.6617596872551));
#5032=CARTESIAN_POINT('',(9.5,-4.15,34.6666254787282));
#5033=CARTESIAN_POINT('',(8.06490292286438,-4.15,33.6617596872551));
#5034=CARTESIAN_POINT('Origin',(9.5,-2.65,34.6666254787282));
#5035=CARTESIAN_POINT('Ctrl Pts',(-3.40162016737203,-2.65,30.0556411573989));
#5036=CARTESIAN_POINT('Ctrl Pts',(-3.40162016737203,-2.65,30.0556411573989));
#5037=CARTESIAN_POINT('Ctrl Pts',(-3.40162016737203,-2.65,30.0556411573989));
#5038=CARTESIAN_POINT('Ctrl Pts',(-3.40162016737203,-2.65,30.0556411573989));
#5039=CARTESIAN_POINT('Ctrl Pts',(-3.40162016737203,-2.65,30.0556411573989));
#5040=CARTESIAN_POINT('Ctrl Pts',(-3.40162016737203,-4.15,30.0556411573989));
#5041=CARTESIAN_POINT('Ctrl Pts',(-3.40162016737203,-4.15,30.0556411573989));
#5042=CARTESIAN_POINT('Ctrl Pts',(-3.40162016737203,-4.15,30.0556411573989));
#5043=CARTESIAN_POINT('Ctrl Pts',(-3.40162016737203,-4.15,30.0556411573989));
#5044=CARTESIAN_POINT('Ctrl Pts',(-3.40162016737203,-4.15,30.0556411573989));
#5045=CARTESIAN_POINT('Ctrl Pts',(-4.86317526454999,-4.15,30.3930677389142));
#5046=CARTESIAN_POINT('Ctrl Pts',(-4.68335414432077,-4.15,31.171958582875));
#5047=CARTESIAN_POINT('Ctrl Pts',(-3.93653089067127,-4.15,31.4570228035252));
#5048=CARTESIAN_POINT('Ctrl Pts',(-3.18970763702178,-4.15,31.7420870241753));
#5049=CARTESIAN_POINT('Ctrl Pts',(-2.5366283731299,-4.15,31.2811162472697));
#5050=CARTESIAN_POINT('Origin',(-3.40162016737203,-4.15,30.0556411573989));
#5051=CARTESIAN_POINT('Origin',(8.06490292286438,2.65,33.6617596872551));
#5052=CARTESIAN_POINT('',(9.5,4.15,34.6666254787282));
#5053=CARTESIAN_POINT('Origin',(9.5,2.65,34.6666254787282));
#5054=CARTESIAN_POINT('',(7.35646627603046,4.15,33.165707006798));
#5055=CARTESIAN_POINT('',(8.06490292286438,4.15,33.6617596872551));
#5056=CARTESIAN_POINT('Ctrl Pts',(7.35646627603046,4.15,33.165707006798));
#5057=CARTESIAN_POINT('Ctrl Pts',(7.35794319814324,4.15,33.1642754395003));
#5058=CARTESIAN_POINT('Ctrl Pts',(7.35942005932999,4.14999592041201,33.1628438119568));
#5059=CARTESIAN_POINT('Ctrl Pts',(7.43570904469156,4.14957441970967,33.0888852680896));
#5060=CARTESIAN_POINT('Ctrl Pts',(7.51016530811768,4.13869221466426,33.0163949610252));
#5061=CARTESIAN_POINT('Ctrl Pts',(7.65593740561155,4.09627776317331,32.8739262934511));
#5062=CARTESIAN_POINT('Ctrl Pts',(7.72691583794458,4.06488418944308,32.8042794585494));
#5063=CARTESIAN_POINT('Ctrl Pts',(7.92398466000746,3.94561222319797,32.6102672724682));
#5064=CARTESIAN_POINT('Ctrl Pts',(8.04068671691277,3.83340901837713,32.4945457453914));
#5065=CARTESIAN_POINT('Ctrl Pts',(8.23500250657225,3.55434236398375,32.3011240822661));
#5066=CARTESIAN_POINT('Ctrl Pts',(8.3113291426564,3.39100876537718,32.2247374169789));
#5067=CARTESIAN_POINT('Ctrl Pts',(8.41489684164624,3.03321454685052,32.1209509958109));
#5068=CARTESIAN_POINT('Ctrl Pts',(8.44144660853727,2.8426034893166,32.0942565312864));
#5069=CARTESIAN_POINT('Ctrl Pts',(8.44144660853727,2.65,32.0942565312864));
#5070=CARTESIAN_POINT('Origin',(1.5,2.65,37.));
#5071=CARTESIAN_POINT('',(-2.5366283731299,4.15,31.2811162472697));
#5072=CARTESIAN_POINT('Origin',(1.5,4.15,37.));
#5073=CARTESIAN_POINT('Origin',(-2.5366283731299,2.65,31.2811162472697));
#5074=CARTESIAN_POINT('Ctrl Pts',(-3.40162016737203,2.65,30.0556411573989));
#5075=CARTESIAN_POINT('Ctrl Pts',(-3.40162016737203,2.65,30.0556411573989));
#5076=CARTESIAN_POINT('Ctrl Pts',(-3.40162016737203,2.65,30.0556411573989));
#5077=CARTESIAN_POINT('Ctrl Pts',(-3.40162016737203,2.65,30.0556411573989));
#5078=CARTESIAN_POINT('Ctrl Pts',(-3.40162016737203,2.65,30.0556411573989));
#5079=CARTESIAN_POINT('Ctrl Pts',(-3.40162016737203,4.15,30.0556411573989));
#5080=CARTESIAN_POINT('Ctrl Pts',(-3.40162016737203,4.15,30.0556411573989));
#5081=CARTESIAN_POINT('Ctrl Pts',(-3.40162016737203,4.15,30.0556411573989));
#5082=CARTESIAN_POINT('Ctrl Pts',(-3.40162016737203,4.15,30.0556411573989));
#5083=CARTESIAN_POINT('Ctrl Pts',(-3.40162016737203,4.15,30.0556411573989));
#5084=CARTESIAN_POINT('Ctrl Pts',(-2.5366283731299,4.15,31.2811162472697));
#5085=CARTESIAN_POINT('Ctrl Pts',(-3.18970763702178,4.15,31.7420870241753));
#5086=CARTESIAN_POINT('Ctrl Pts',(-3.93653089067128,4.15,31.4570228035252));
#5087=CARTESIAN_POINT('Ctrl Pts',(-4.68335414432077,4.15,31.171958582875));
#5088=CARTESIAN_POINT('Ctrl Pts',(-4.86317526454999,4.15,30.3930677389142));
#5089=CARTESIAN_POINT('Origin',(-3.40162016737203,4.15,30.0556411573989));
#5090=CARTESIAN_POINT('Origin',(1.49999999999989,4.15,40.75));
#5091=CARTESIAN_POINT('',(9.5,4.15,37.));
#5092=CARTESIAN_POINT('',(9.5,4.15,38.875));
#5093=CARTESIAN_POINT('',(4.41857979005263,4.15,44.4486167849539));
#5094=CARTESIAN_POINT('Origin',(1.5,4.15,37.));
#5095=CARTESIAN_POINT('',(5.30094659261463,4.15,39.2552268145834));
#5096=CARTESIAN_POINT('',(5.124205803167,4.15,40.2954788283803));
#5097=CARTESIAN_POINT('',(5.04755015308705,4.15,39.1048783602659));
#5098=CARTESIAN_POINT('',(3.82784899596044,4.15,38.3811894874273));
#5099=CARTESIAN_POINT('',(-2.5436628795221,4.15,37.8151168731898));
#5100=CARTESIAN_POINT('Origin',(1.5,4.15,37.));
#5101=CARTESIAN_POINT('',(-2.83249594236164,4.15,37.8733395069923));
#5102=CARTESIAN_POINT('',(-0.885033405882729,4.15,37.480772267664));
#5103=CARTESIAN_POINT('',(-3.71486274494142,4.15,43.0667294773561));
#5104=CARTESIAN_POINT('',(-3.4504201331017,4.15,41.5102865059638));
#5105=CARTESIAN_POINT('',(-6.05109200374988,4.15,34.357839983857));
#5106=CARTESIAN_POINT('Origin',(1.5,4.15,37.));
#5107=CARTESIAN_POINT('Ctrl Pts',(-4.86415467944392,4.15,30.3932938546592));
#5108=CARTESIAN_POINT('Ctrl Pts',(-5.18928985865029,4.15,31.7040852203666));
#5109=CARTESIAN_POINT('Ctrl Pts',(-5.58493563341895,4.15,33.0256005967659));
#5110=CARTESIAN_POINT('Ctrl Pts',(-6.05109200374989,4.15,34.357839983857));
#5111=CARTESIAN_POINT('Origin',(1.49999999999989,-4.15,40.75));
#5112=CARTESIAN_POINT('',(-6.05109200374988,-4.15,34.357839983857));
#5113=CARTESIAN_POINT('Ctrl Pts',(-6.05109200374989,-4.15,34.357839983857));
#5114=CARTESIAN_POINT('Ctrl Pts',(-5.58493563341895,-4.15,33.0256005967659));
#5115=CARTESIAN_POINT('Ctrl Pts',(-5.18928985865029,-4.15,31.7040852203666));
#5116=CARTESIAN_POINT('Ctrl Pts',(-4.86415467944392,-4.15,30.3932938546592));
#5117=CARTESIAN_POINT('',(-3.71486274494142,-4.15,43.0667294773561));
#5118=CARTESIAN_POINT('Origin',(1.5,-4.15,37.));
#5119=CARTESIAN_POINT('',(-2.83249594236164,-4.15,37.8733395069923));
#5120=CARTESIAN_POINT('',(-3.4504201331017,-4.15,41.5102865059638));
#5121=CARTESIAN_POINT('',(-2.5436628795221,-4.15,37.8151168731898));
#5122=CARTESIAN_POINT('',(-0.885033405882729,-4.15,37.480772267664));
#5123=CARTESIAN_POINT('',(5.04755015308705,-4.15,39.1048783602659));
#5124=CARTESIAN_POINT('Origin',(1.5,-4.15,37.));
#5125=CARTESIAN_POINT('',(5.30094659261463,-4.15,39.2552268145834));
#5126=CARTESIAN_POINT('',(3.82784899596044,-4.15,38.3811894874273));
#5127=CARTESIAN_POINT('',(4.41857979005263,-4.15,44.4486167849539));
#5128=CARTESIAN_POINT('',(5.124205803167,-4.15,40.2954788283803));
#5129=CARTESIAN_POINT('',(9.5,-4.15,37.));
#5130=CARTESIAN_POINT('Origin',(1.5,-4.15,37.));
#5131=CARTESIAN_POINT('',(9.5,-4.15,38.875));
#5132=CARTESIAN_POINT('Origin',(9.24576754494548,1.35,34.9992288639582));
#5133=CARTESIAN_POINT('',(0.850000000000429,2.35,2.49592921434627));
#5134=CARTESIAN_POINT('',(0.850000000001865,2.35,2.4959292143459));
#5135=CARTESIAN_POINT('',(0.850000000000429,1.35,2.49592921434627));
#5136=CARTESIAN_POINT('',(0.850000000000429,1.35,2.49592921434627));
#5137=CARTESIAN_POINT('',(2.88281364085284,1.35,10.365745826907));
#5138=CARTESIAN_POINT('',(0.850000000001865,1.35,2.4959292143459));
#5139=CARTESIAN_POINT('',(4.43201521968404,1.35,16.3633110125906));
#5140=CARTESIAN_POINT('',(0.850000000001865,1.35,2.4959292143459));
#5141=CARTESIAN_POINT('',(0.850000000001865,1.35,2.4959292143459));
#5142=CARTESIAN_POINT('Origin',(0.98680484042002,2.35,12.7496144319791));
#5143=CARTESIAN_POINT('',(2.36702485092976,2.35,0.8403870981865));
#5144=CARTESIAN_POINT('',(9.5,2.35,0.216332635434562));
#5145=CARTESIAN_POINT('',(11.47360968084,2.35,0.043664162137106));
#5146=CARTESIAN_POINT('',(0.275000000000032,2.35,1.49999999999394));
#5147=CARTESIAN_POINT('Origin',(1.42500000000003,2.35,1.49999999999394));
#5148=CARTESIAN_POINT('Origin',(1.42500000000003,2.35,1.49999999999394));
#5149=CARTESIAN_POINT('',(-0.973025836521219,2.35,2.64999999999678));
#5150=CARTESIAN_POINT('',(3.79041942921736,2.35,21.0911595495383));
#5151=CARTESIAN_POINT('',(-1.42499566662922,2.35,2.64999999999703));
#5152=CARTESIAN_POINT('',(1.42499999999639,2.35,2.64999999999539));
#5153=CARTESIAN_POINT('',(-2.56116248557323,2.35,1.32213823801452));
#5154=CARTESIAN_POINT('Origin',(-1.42500000000006,2.35,1.49999999999891));
#5155=CARTESIAN_POINT('',(-9.5,2.35,4.));
#5156=CARTESIAN_POINT('',(9.5,2.35,23.25));
#5157=CARTESIAN_POINT('Origin',(1.8879735717414,1.35,20.9845714752035));
#5158=CARTESIAN_POINT('',(1.88797357175826,1.35,20.98457147521));
#5159=CARTESIAN_POINT('',(1.8879735717414,1.35,20.9845714752035));
#5160=CARTESIAN_POINT('',(1.88797357175826,1.35,20.98457147521));
#5161=CARTESIAN_POINT('Origin',(0.98680484042002,1.35,12.3232621345308));
#5162=CARTESIAN_POINT('',(-0.410187136323576,1.35,19.5743586520314));
#5163=CARTESIAN_POINT('',(-5.97379931851316,1.35,34.1465242690616));
#5164=CARTESIAN_POINT('',(-0.0573799316061463,1.35,17.3514323949158));
#5165=CARTESIAN_POINT('Origin',(0.,1.35,18.5));
#5166=CARTESIAN_POINT('',(-0.74838435061581,1.35,3.5196750465065));
#5167=CARTESIAN_POINT('',(-0.850716197509443,1.35,1.47131003420186));
#5168=CARTESIAN_POINT('',(3.37896428179135,1.35,19.4982557587173));
#5169=CARTESIAN_POINT('',(3.79041942921736,1.35,21.0911595495383));
#5170=CARTESIAN_POINT('',(3.08407191772531,1.35,20.3761537161055));
#5171=CARTESIAN_POINT('',(-2.50000000005501,1.35,37.));
#5172=CARTESIAN_POINT('Origin',(2.8221984863358,1.35,21.3412559414844));
#5173=CARTESIAN_POINT('Ctrl Pts',(-5.30622787772439,-9.,11.4386537438705));
#5174=CARTESIAN_POINT('Ctrl Pts',(-5.30622787772439,9.,11.4386537438705));
#5175=CARTESIAN_POINT('Ctrl Pts',(-1.83688163168587,-9.,22.3139478470491));
#5176=CARTESIAN_POINT('Ctrl Pts',(-1.83688163168587,9.,22.3139478470491));
#5177=CARTESIAN_POINT('Ctrl Pts',(-6.05109200374989,-9.,34.357839983857));
#5178=CARTESIAN_POINT('Ctrl Pts',(-6.05109200374989,9.,34.357839983857));
#5179=CARTESIAN_POINT('',(-6.05109200374989,7.5,34.357839983857));
#5180=CARTESIAN_POINT('',(-6.05109200374988,0.,34.357839983857));
#5181=CARTESIAN_POINT('',(-4.72769383070541,7.5,29.8260311158332));
#5182=CARTESIAN_POINT('Ctrl Pts',(-4.72773338341447,7.5,29.826021896329));
#5183=CARTESIAN_POINT('Ctrl Pts',(-5.08423068961991,7.5,31.3554345773107));
#5184=CARTESIAN_POINT('Ctrl Pts',(-5.5298230962235,7.5,32.8680931648237));
#5185=CARTESIAN_POINT('Ctrl Pts',(-6.05109200374989,7.5,34.357839983857));
#5186=CARTESIAN_POINT('',(-4.72769383070541,7.,29.8260311158332));
#5187=CARTESIAN_POINT('Ctrl Pts',(-4.72769383070541,7.50000000000001,29.8260311158332));
#5188=CARTESIAN_POINT('Ctrl Pts',(-4.72769383070541,7.33333333333334,29.8260311158332));
#5189=CARTESIAN_POINT('Ctrl Pts',(-4.72769383070541,7.16666666666667,29.8260311158332));
#5190=CARTESIAN_POINT('Ctrl Pts',(-4.72769383070541,7.,29.8260311158332));
#5191=CARTESIAN_POINT('',(-4.72769383070295,5.5,29.8260311158226));
#5192=CARTESIAN_POINT('Ctrl Pts',(-4.72769383070295,5.5,29.8260311158226));
#5193=CARTESIAN_POINT('Ctrl Pts',(-4.72769383070295,6.,29.8260311158226));
#5194=CARTESIAN_POINT('Ctrl Pts',(-4.7276938307049,6.5,29.826031115831));
#5195=CARTESIAN_POINT('Ctrl Pts',(-4.72769383070541,7.,29.8260311158332));
#5196=CARTESIAN_POINT('',(-4.14187283898925,5.5,26.7765834998352));
#5197=CARTESIAN_POINT('Ctrl Pts',(-4.14187283898925,5.5,26.7765834998352));
#5198=CARTESIAN_POINT('Ctrl Pts',(-4.29584365451221,5.5,27.7988000367491));
#5199=CARTESIAN_POINT('Ctrl Pts',(-4.49232681410828,5.5,28.8161225918352));
#5200=CARTESIAN_POINT('Ctrl Pts',(-4.72769383070541,5.5,29.8260311158332));
#5201=CARTESIAN_POINT('',(-3.76267427625438,5.23933241742101,22.7479675939637));
#5202=CARTESIAN_POINT('Ctrl Pts',(-3.76270460289924,5.23828665003773,22.7481136177699));
#5203=CARTESIAN_POINT('Ctrl Pts',(-3.81175402377682,5.43730900983597,24.085421575228));
#5204=CARTESIAN_POINT('Ctrl Pts',(-3.93996473292585,5.5,25.4361099545468));
#5205=CARTESIAN_POINT('Ctrl Pts',(-4.14187283898926,5.5,26.7765834998352));
#5206=CARTESIAN_POINT('',(-3.76267427664026,-5.23933241790254,22.7479675972502));
#5207=CARTESIAN_POINT('Ctrl Pts',(-3.76267427598896,5.23933241742101,22.7479675939734));
#5208=CARTESIAN_POINT('Ctrl Pts',(-3.76267427619016,3.49288827828067,22.7479675949861));
#5209=CARTESIAN_POINT('Ctrl Pts',(-3.76267427664066,1.74644413914034,22.7479675972536));
#5210=CARTESIAN_POINT('Ctrl Pts',(-3.76267427664066,-1.74644413930085,22.7479675972536));
#5211=CARTESIAN_POINT('Ctrl Pts',(-3.76267427664019,-3.4928882786017,22.7479675972512));
#5212=CARTESIAN_POINT('Ctrl Pts',(-3.76267427663999,-5.23933241790254,22.7479675972502));
#5213=CARTESIAN_POINT('',(-4.14187283898925,-5.5,26.7765834998352));
#5214=CARTESIAN_POINT('Ctrl Pts',(-4.14187283898925,-5.5,26.7765834998352));
#5215=CARTESIAN_POINT('Ctrl Pts',(-3.93996473401941,-5.5,25.436109961807));
#5216=CARTESIAN_POINT('Ctrl Pts',(-3.81175404232685,-5.43730890256648,24.0854212519743));
#5217=CARTESIAN_POINT('Ctrl Pts',(-3.7627045969469,-5.23828666114659,22.748113619798));
#5218=CARTESIAN_POINT('',(-4.72769383070541,-5.5,29.8260311158332));
#5219=CARTESIAN_POINT('Ctrl Pts',(-4.72769383070541,-5.5,29.8260311158332));
#5220=CARTESIAN_POINT('Ctrl Pts',(-4.49232681411133,-5.5,28.8161225918483));
#5221=CARTESIAN_POINT('Ctrl Pts',(-4.29584365451731,-5.5,27.7988000367756));
#5222=CARTESIAN_POINT('Ctrl Pts',(-4.14187283899525,-5.5,26.7765834998749));
#5223=CARTESIAN_POINT('',(-4.72769383070541,-7.,29.8260311158332));
#5224=CARTESIAN_POINT('Ctrl Pts',(-4.72769383070541,-7.,29.8260311158332));
#5225=CARTESIAN_POINT('Ctrl Pts',(-4.72769383070541,-6.5,29.8260311158332));
#5226=CARTESIAN_POINT('Ctrl Pts',(-4.72769383070541,-6.,29.8260311158332));
#5227=CARTESIAN_POINT('Ctrl Pts',(-4.72769383070541,-5.5,29.8260311158332));
#5228=CARTESIAN_POINT('',(-4.72769383070541,-7.5,29.8260311158332));
#5229=CARTESIAN_POINT('Ctrl Pts',(-4.72769383070541,-7.,29.8260311158332));
#5230=CARTESIAN_POINT('Ctrl Pts',(-4.72769383070541,-7.16666666666667,29.8260311158332));
#5231=CARTESIAN_POINT('Ctrl Pts',(-4.72769383070541,-7.33333333333333,29.8260311158332));
#5232=CARTESIAN_POINT('Ctrl Pts',(-4.72769383070541,-7.5,29.8260311158332));
#5233=CARTESIAN_POINT('',(-6.05109200374988,-7.5,34.357839983857));
#5234=CARTESIAN_POINT('Ctrl Pts',(-6.05109200374988,-7.5,34.357839983857));
#5235=CARTESIAN_POINT('Ctrl Pts',(-5.5298230962235,-7.5,32.8680931648237));
#5236=CARTESIAN_POINT('Ctrl Pts',(-5.08423068961991,-7.5,31.3554345773107));
#5237=CARTESIAN_POINT('Ctrl Pts',(-4.72773338341447,-7.5,29.826021896329));
#5238=CARTESIAN_POINT('',(-6.05109200374988,0.,34.357839983857));
#5239=CARTESIAN_POINT('Origin',(1.5,9.,37.));
#5240=CARTESIAN_POINT('',(9.5,7.5,37.));
#5241=CARTESIAN_POINT('',(9.5,0.,37.));
#5242=CARTESIAN_POINT('',(4.41857979005263,7.5,44.4486167849539));
#5243=CARTESIAN_POINT('Origin',(1.5,7.5,37.));
#5244=CARTESIAN_POINT('',(4.41857979005263,0.,44.4486167849539));
#5245=CARTESIAN_POINT('Origin',(1.5,9.,37.));
#5246=CARTESIAN_POINT('',(-3.71486274494142,7.5,43.0667294773561));
#5247=CARTESIAN_POINT('',(-3.71486274494142,0.,43.0667294773561));
#5248=CARTESIAN_POINT('Origin',(1.5,7.5,37.));
#5249=CARTESIAN_POINT('Origin',(1.5,9.,37.));
#5250=CARTESIAN_POINT('',(-3.71486274494142,-7.5,43.0667294773561));
#5251=CARTESIAN_POINT('Origin',(1.5,-7.5,37.));
#5252=CARTESIAN_POINT('',(-3.71486274494142,0.,43.0667294773561));
#5253=CARTESIAN_POINT('Origin',(5.30094659261463,0.,39.2552268145834));
#5254=CARTESIAN_POINT('',(4.42450852623533,7.8,44.4137217289082));
#5255=CARTESIAN_POINT('Ctrl Pts',(4.42450852623533,7.8,44.4137217289082));
#5256=CARTESIAN_POINT('Ctrl Pts',(4.42048927975095,7.69941846373804,44.4373780069094));
#5257=CARTESIAN_POINT('Ctrl Pts',(4.41857979005263,7.59502552486362,44.4486167849539));
#5258=CARTESIAN_POINT('Ctrl Pts',(4.41857979005263,7.5,44.4486167849539));
#5259=CARTESIAN_POINT('',(5.30094659261463,7.8,39.2552268145834));
#5260=CARTESIAN_POINT('',(5.39909971634638,7.8,38.6775221152804));
#5261=CARTESIAN_POINT('',(5.30094659261463,0.,39.2552268145834));
#5262=CARTESIAN_POINT('Origin',(-3.71486274494142,0.,43.0667294773561));
#5263=CARTESIAN_POINT('',(-2.83249594236164,7.8,37.8733395069923));
#5264=CARTESIAN_POINT('',(-2.83249594236164,0.,37.8733395069923));
#5265=CARTESIAN_POINT('',(-3.7089340087586,7.8,43.0318344213106));
#5266=CARTESIAN_POINT('',(-3.30841104001434,7.8,40.6744565568042));
#5267=CARTESIAN_POINT('Ctrl Pts',(-3.71486274494142,7.5,43.0667294773562));
#5268=CARTESIAN_POINT('Ctrl Pts',(-3.71486274494142,7.59502552486361,43.0667294773562));
#5269=CARTESIAN_POINT('Ctrl Pts',(-3.71295325524306,7.69941846373803,43.0554906993117));
#5270=CARTESIAN_POINT('Ctrl Pts',(-3.7089340087586,7.8,43.0318344213106));
#5271=CARTESIAN_POINT('Origin',(-3.71486274494142,0.,43.0667294773561));
#5272=CARTESIAN_POINT('',(-3.7089340087586,-7.8,43.0318344213106));
#5273=CARTESIAN_POINT('Ctrl Pts',(-3.7089340087586,-7.8,43.0318344213106));
#5274=CARTESIAN_POINT('Ctrl Pts',(-3.71295325524306,-7.69941846373803,43.0554906993117));
#5275=CARTESIAN_POINT('Ctrl Pts',(-3.71486274494142,-7.59502552486361,43.0667294773562));
#5276=CARTESIAN_POINT('Ctrl Pts',(-3.71486274494142,-7.5,43.0667294773562));
#5277=CARTESIAN_POINT('',(-2.83249594236164,-7.8,37.8733395069923));
#5278=CARTESIAN_POINT('',(-3.30841104001434,-7.8,40.6744565568042));
#5279=CARTESIAN_POINT('',(-2.83249594236164,0.,37.8733395069923));
#5280=CARTESIAN_POINT('Origin',(4.51004255410117,9.,38.7859573965696));
#5281=CARTESIAN_POINT('',(5.04755015308705,7.8,39.1048783602659));
#5282=CARTESIAN_POINT('',(3.22862761235553,7.8,38.0256517024969));
#5283=CARTESIAN_POINT('',(5.04755015308705,0.,39.1048783602659));
#5284=CARTESIAN_POINT('Origin',(-2.5436628795221,9.,37.8151168731898));
#5285=CARTESIAN_POINT('',(-2.5436628795221,7.8,37.8151168731898));
#5286=CARTESIAN_POINT('',(-2.5436628795221,0.,37.8151168731898));
#5287=CARTESIAN_POINT('',(-0.971312404899942,7.8,37.4981642882147));
#5288=CARTESIAN_POINT('Origin',(-2.5436628795221,9.,37.8151168731898));
#5289=CARTESIAN_POINT('',(-2.5436628795221,-7.8,37.8151168731898));
#5290=CARTESIAN_POINT('',(-0.971312404899942,-7.8,37.4981642882147));
#5291=CARTESIAN_POINT('',(-2.5436628795221,0.,37.8151168731898));
#5292=CARTESIAN_POINT('Origin',(1.5,0.,37.));
#5293=CARTESIAN_POINT('',(5.31598585282057,7.8,38.5664855477332));
#5294=CARTESIAN_POINT('Origin',(1.5,7.8,37.));
#5295=CARTESIAN_POINT('',(5.57009865450032,7.5,37.6707622103387));
#5296=CARTESIAN_POINT('Origin',(1.5,7.99999999999976,37.));
#5297=CARTESIAN_POINT('',(-2.56324381212518,7.5,36.2888919045531));
#5298=CARTESIAN_POINT('Origin',(1.5,7.5,37.));
#5299=CARTESIAN_POINT('',(-2.61922071746649,7.8,37.2182789063986));
#5300=CARTESIAN_POINT('Origin',(1.5,7.99999999999998,37.));
#5301=CARTESIAN_POINT('Origin',(1.5,7.8,37.));
#5302=CARTESIAN_POINT('Origin',(1.5,0.,37.));
#5303=CARTESIAN_POINT('',(-2.61922071746649,-7.8,37.2182789063986));
#5304=CARTESIAN_POINT('Origin',(1.5,-7.8,37.));
#5305=CARTESIAN_POINT('',(-2.56324381212518,-7.5,36.2888919045531));
#5306=CARTESIAN_POINT('Origin',(1.5,-7.99999999999998,37.));
#5307=CARTESIAN_POINT('',(5.57009865450032,-7.5,37.6707622103387));
#5308=CARTESIAN_POINT('Origin',(1.5,-7.5,37.));
#5309=CARTESIAN_POINT('',(5.31598585282057,-7.8,38.5664855477332));
#5310=CARTESIAN_POINT('Origin',(1.5,-7.99999999999976,37.));
#5311=CARTESIAN_POINT('',(5.04755015308705,-7.8,39.1048783602659));
#5312=CARTESIAN_POINT('Origin',(1.5,-7.8,37.));
#5313=CARTESIAN_POINT('',(5.04755015308705,0.,39.1048783602659));
#5314=CARTESIAN_POINT('Origin',(0.,-1.8,18.5));
#5315=CARTESIAN_POINT('',(-1.15,-1.8,18.5));
#5316=CARTESIAN_POINT('Origin',(0.,-1.8,18.5));
#5317=CARTESIAN_POINT('Origin',(0.,1.35,18.5));
#5318=CARTESIAN_POINT('',(-1.15,5.7430041840712,18.5));
#5319=CARTESIAN_POINT('',(-1.15,1.35,18.5));
#5320=CARTESIAN_POINT('',(-0.333561073202837,5.35488060963079,17.3994378661594));
#5321=CARTESIAN_POINT('Ctrl Pts',(-0.333561073202837,5.35488060963079,17.3994378661594));
#5322=CARTESIAN_POINT('Ctrl Pts',(-0.290655037036743,5.35017950154128,17.3864337993917));
#5323=CARTESIAN_POINT('Ctrl Pts',(-0.246951778778226,5.34638034427912,17.3759276374214));
#5324=CARTESIAN_POINT('Ctrl Pts',(-0.202668600855201,5.34351319159838,17.3679993647407));
#5325=CARTESIAN_POINT('Ctrl Pts',(-0.108363574845589,5.33740733107047,17.3511153921707));
#5326=CARTESIAN_POINT('Ctrl Pts',(-0.0124306149010649,5.3355947681422,17.3461052271061));
#5327=CARTESIAN_POINT('Ctrl Pts',(0.0829002677534589,5.33808610257812,17.3529933645802));
#5328=CARTESIAN_POINT('Ctrl Pts',(0.115431091089483,5.33893624849253,17.3553438807723));
#5329=CARTESIAN_POINT('Ctrl Pts',(0.147891805206658,5.34028765194466,17.3590803291391));
#5330=CARTESIAN_POINT('Ctrl Pts',(0.180193798343002,5.34214100002549,17.3642050382931));
#5331=CARTESIAN_POINT('Ctrl Pts',(0.269294406214997,5.34725320594737,17.3783408440577));
#5332=CARTESIAN_POINT('Ctrl Pts',(0.355850804647344,5.35610611437242,17.4028192623177));
#5333=CARTESIAN_POINT('Ctrl Pts',(0.438247242108723,5.36837712766133,17.4367810921412));
#5334=CARTESIAN_POINT('Ctrl Pts',(0.479870571196594,5.37457594450466,17.4539372273179));
#5335=CARTESIAN_POINT('Ctrl Pts',(0.520432336700375,5.38164703217294,17.473514101259));
#5336=CARTESIAN_POINT('Ctrl Pts',(0.559724252797281,5.38954833810453,17.4954061712162));
#5337=CARTESIAN_POINT('Ctrl Pts',(0.635971899123224,5.40488116073142,17.5378886707543));
#5338=CARTESIAN_POINT('Ctrl Pts',(0.706472306802708,5.42314342852502,17.5885379875037));
#5339=CARTESIAN_POINT('Ctrl Pts',(0.770219601474203,5.44380639308401,17.6460337745673));
#5340=CARTESIAN_POINT('Ctrl Pts',(0.810951990055761,5.45700933614224,17.6827716589362));
#5341=CARTESIAN_POINT('Ctrl Pts',(0.84892722951235,5.47119212064071,17.7223058666093));
#5342=CARTESIAN_POINT('Ctrl Pts',(0.883882911224124,5.48621276510125,17.7643023724541));
#5343=CARTESIAN_POINT('Ctrl Pts',(0.96074252557397,5.51923975482049,17.8566431618538));
#5344=CARTESIAN_POINT('Ctrl Pts',(1.02202093135511,5.55588168908219,17.9596624324703));
#5345=CARTESIAN_POINT('Ctrl Pts',(1.06630695613395,5.59439994990821,18.0693123380805));
#5346=CARTESIAN_POINT('Ctrl Pts',(1.08065151791044,5.60687629147874,18.1048287307273));
#5347=CARTESIAN_POINT('Ctrl Pts',(1.09321330930558,5.61954912180693,18.1410407460815));
#5348=CARTESIAN_POINT('Ctrl Pts',(1.10394437444173,5.63235868120246,18.1778093450695));
#5349=CARTESIAN_POINT('Ctrl Pts',(1.12577092473644,5.65841280433491,18.2525951808552));
#5350=CARTESIAN_POINT('Ctrl Pts',(1.13989231716979,5.68486960890681,18.3292216564065));
#5351=CARTESIAN_POINT('Ctrl Pts',(1.14619552070517,5.71125335201862,18.4065275503096));
#5352=CARTESIAN_POINT('Ctrl Pts',(1.15171577715331,5.7343598608314,18.4742309580931));
#5353=CARTESIAN_POINT('Ctrl Pts',(1.1512394760704,5.75741010017779,18.5424556400162));
#5354=CARTESIAN_POINT('Ctrl Pts',(1.14469069128898,5.78009316081858,18.6103764461132));
#5355=CARTESIAN_POINT('Ctrl Pts',(1.14376186632989,5.78331033676416,18.6200097661947));
#5356=CARTESIAN_POINT('Ctrl Pts',(1.14271088596924,5.78652014515316,18.6296368893204));
#5357=CARTESIAN_POINT('Ctrl Pts',(1.14153753358083,5.78972171863741,18.6392553747396));
#5358=CARTESIAN_POINT('Ctrl Pts',(1.13348420867386,5.81169577497112,18.7052720198322));
#5359=CARTESIAN_POINT('Ctrl Pts',(1.11971378923871,5.83315256912839,18.7705004629166));
#5360=CARTESIAN_POINT('Ctrl Pts',(1.10035630042551,5.85386206088849,18.8342260032544));
#5361=CARTESIAN_POINT('Ctrl Pts',(1.0810224976023,5.87454621233617,18.8978735684725));
#5362=CARTESIAN_POINT('Ctrl Pts',(1.05611528980837,5.89448481838727,18.9600219548605));
#5363=CARTESIAN_POINT('Ctrl Pts',(1.02576422547798,5.91346255865797,19.0199082723408));
#5364=CARTESIAN_POINT('Ctrl Pts',(1.01486569368731,5.92027713041083,19.0414123925186));
#5365=CARTESIAN_POINT('Ctrl Pts',(1.00326523026807,5.92696794210198,19.062624365064));
#5366=CARTESIAN_POINT('Ctrl Pts',(0.990968833329628,5.93352547188835,19.0835073018989));
#5367=CARTESIAN_POINT('Ctrl Pts',(0.951754682367345,5.95443793626874,19.1501045857763));
#5368=CARTESIAN_POINT('Ctrl Pts',(0.90583086201536,5.97379814820664,19.212736649019));
#5369=CARTESIAN_POINT('Ctrl Pts',(0.853813995483652,5.99139655138022,19.2703879660983));
#5370=CARTESIAN_POINT('Ctrl Pts',(0.805458682677902,6.00775617369275,19.323981111109));
#5371=CARTESIAN_POINT('Ctrl Pts',(0.751837932036338,6.02259384726113,19.3732681354577));
#5372=CARTESIAN_POINT('Ctrl Pts',(0.693447102376442,6.03575121112795,19.4174045542757));
#5373=CARTESIAN_POINT('Ctrl Pts',(0.631322016414524,6.04975002508588,19.4643636200928));
#5374=CARTESIAN_POINT('Ctrl Pts',(0.564511791913209,6.06168928897449,19.5049562856986));
#5375=CARTESIAN_POINT('Ctrl Pts',(0.494038555245872,6.07148173033646,19.538483041606));
#5376=CARTESIAN_POINT('Ctrl Pts',(0.432533390044529,6.08002803460989,19.5677433503171));
#5377=CARTESIAN_POINT('Ctrl Pts',(0.368238167664686,6.08693936308352,19.5916211020712));
#5378=CARTESIAN_POINT('Ctrl Pts',(0.30183235250788,6.09215003364331,19.6096833922248));
#5379=CARTESIAN_POINT('Ctrl Pts',(0.23800025239794,6.09715875229283,19.6270456354346));
#5380=CARTESIAN_POINT('Ctrl Pts',(0.172891707279474,6.10054458357921,19.6388538559661));
#5381=CARTESIAN_POINT('Ctrl Pts',(0.107249401271215,6.10230795456348,19.6450046962377));
#5382=CARTESIAN_POINT('Ctrl Pts',(0.0425730215927088,6.10404537754918,19.6510650269138));
#5383=CARTESIAN_POINT('Ctrl Pts',(-0.0226215259717607,6.10420776845787,
19.651633171041));
#5384=CARTESIAN_POINT('Ctrl Pts',(-0.0876238630106414,6.10278232124958,
19.6466595849883));
#5385=CARTESIAN_POINT('Ctrl Pts',(-0.103632773823317,6.10243125914527,19.6454346798669));
#5386=CARTESIAN_POINT('Ctrl Pts',(-0.119630026132843,6.10198382263695,19.6438738808827));
#5387=CARTESIAN_POINT('Ctrl Pts',(-0.135605008160237,6.1014396940112,19.6419769182264));
#5388=CARTESIAN_POINT('Ctrl Pts',(-0.203313341121066,6.09913346029508,19.6339368353691));
#5389=CARTESIAN_POINT('Ctrl Pts',(-0.269876044012868,6.09511624433612,19.6199407377876));
#5390=CARTESIAN_POINT('Ctrl Pts',(-0.334556898272613,6.08943327213512,19.6002737801012));
#5391=CARTESIAN_POINT('Ctrl Pts',(-0.404113084040999,6.08332194483968,19.5791244217943));
#5392=CARTESIAN_POINT('Ctrl Pts',(-0.471493040220541,6.07528414060767,19.5514174609864));
#5393=CARTESIAN_POINT('Ctrl Pts',(-0.535781206836962,6.06536112478726,19.5175652901653));
#5394=CARTESIAN_POINT('Ctrl Pts',(-0.541138544514207,6.06453420827486,19.5147442809541));
#5395=CARTESIAN_POINT('Ctrl Pts',(-0.54647441150707,6.06369419297944,19.5118806253031));
#5396=CARTESIAN_POINT('Ctrl Pts',(-0.551788277980435,6.0628410991594,19.5089745766289));
#5397=CARTESIAN_POINT('Ctrl Pts',(-0.67614234799416,6.04287716345315,19.4409677905887));
#5398=CARTESIAN_POINT('Ctrl Pts',(-0.785738612935292,6.01617657428657,19.3511950687651));
#5399=CARTESIAN_POINT('Ctrl Pts',(-0.876019630717479,5.98364458972159,19.2450433190037));
#5400=CARTESIAN_POINT('Ctrl Pts',(-0.880835622484468,5.98190918870731,19.2393807116754));
#5401=CARTESIAN_POINT('Ctrl Pts',(-0.885596650185953,5.98015720591899,19.2336714758047));
#5402=CARTESIAN_POINT('Ctrl Pts',(-0.890302022008445,5.9783887845913,19.2279164166356));
#5403=CARTESIAN_POINT('Ctrl Pts',(-0.936321349699138,5.96109332662447,19.1716309701776));
#5404=CARTESIAN_POINT('Ctrl Pts',(-0.976584649069006,5.94238548968994,19.1114913904589));
#5405=CARTESIAN_POINT('Ctrl Pts',(-1.01080047432445,5.92248221814521,19.0484285670333));
#5406=CARTESIAN_POINT('Ctrl Pts',(-1.0450162995799,5.90257894660047,18.9853657436077));
#5407=CARTESIAN_POINT('Ctrl Pts',(-1.07318465072093,5.88148009979719,18.9193803436799));
#5408=CARTESIAN_POINT('Ctrl Pts',(-1.09501408195395,5.85941959456966,18.8513462114749));
#5409=CARTESIAN_POINT('Ctrl Pts',(-1.11542367777142,5.83879395433116,18.7877371725919));
#5410=CARTESIAN_POINT('Ctrl Pts',(-1.1301589223373,5.81746268944421,18.7227531444302));
#5411=CARTESIAN_POINT('Ctrl Pts',(-1.13920753064608,5.79567887768592,18.6571711378137));
#5412=CARTESIAN_POINT('Ctrl Pts',(-1.14640064244031,5.77836202763176,18.6050372969859));
#5413=CARTESIAN_POINT('Ctrl Pts',(-1.15000018934276,5.76075953368727,18.5525243847455));
#5414=CARTESIAN_POINT('Ctrl Pts',(-1.15,5.74300418407245,18.5000000000037));
#5415=CARTESIAN_POINT('Ctrl Pts',(-1.15,5.74300418407245,18.5000000000037));
#5416=CARTESIAN_POINT('Ctrl Pts',(-1.14999995575131,5.72940676466462,18.4597757237171));
#5417=CARTESIAN_POINT('Ctrl Pts',(-1.14788986280941,5.7157198175318,18.4195443023168));
#5418=CARTESIAN_POINT('Ctrl Pts',(-1.14366565362204,5.70200462763087,18.3794642263706));
#5419=CARTESIAN_POINT('Ctrl Pts',(-1.13550656371505,5.67551364138246,18.3020492763481));
#5420=CARTESIAN_POINT('Ctrl Pts',(-1.11951096737628,5.64908033439729,18.2256794088335));
#5421=CARTESIAN_POINT('Ctrl Pts',(-1.09594358054112,5.62320145427429,18.1515520605748));
#5422=CARTESIAN_POINT('Ctrl Pts',(-1.07291109272042,5.59790993615159,18.0791071493977));
#5423=CARTESIAN_POINT('Ctrl Pts',(-1.04264662136686,5.57314860326158,18.0088019721945));
#5424=CARTESIAN_POINT('Ctrl Pts',(-1.00539726397684,5.54938270645243,17.9417201941787));
#5425=CARTESIAN_POINT('Ctrl Pts',(-0.96018777469243,5.52053807308392,17.8603031406539));
#5426=CARTESIAN_POINT('Ctrl Pts',(-0.905070690735337,5.49341623353877,17.7843494010906));
#5427=CARTESIAN_POINT('Ctrl Pts',(-0.841063990661127,5.46881370644877,17.7157084145231));
#5428=CARTESIAN_POINT('Ctrl Pts',(-0.799782856935763,5.45294630179259,17.671438396818));
#5429=CARTESIAN_POINT('Ctrl Pts',(-0.754803991781694,5.43812632707537,17.6302106460103));
#5430=CARTESIAN_POINT('Ctrl Pts',(-0.706400492347431,5.42456147747794,17.5925319044656));
#5431=CARTESIAN_POINT('Ctrl Pts',(-0.638755010873126,5.40560415429119,17.539874624663));
#5432=CARTESIAN_POINT('Ctrl Pts',(-0.565199157463522,5.38932280487494,17.4947684979585));
#5433=CARTESIAN_POINT('Ctrl Pts',(-0.487020878814434,5.37612179574975,17.4582194325386));
#5434=CARTESIAN_POINT('Ctrl Pts',(-0.437605968369455,5.3677777045907,17.4351175067124));
#5435=CARTESIAN_POINT('Ctrl Pts',(-0.386344284086608,5.36066393528491,17.4154355312872));
#5436=CARTESIAN_POINT('Ctrl Pts',(-0.333561073202837,5.35488060963079,17.3994378661594));
#5437=CARTESIAN_POINT('',(-0.410187136323576,1.35,19.5743586520314));
#5438=CARTESIAN_POINT('',(-0.0573799316061462,1.35,17.3514323949158));
#5439=CARTESIAN_POINT('Origin',(-1.42500000000006,-1.8,1.49999999999891));
#5440=CARTESIAN_POINT('',(-2.57500000000006,-1.8,1.49999999999891));
#5441=CARTESIAN_POINT('Origin',(-1.42500000000006,-1.8,1.49999999999891));
#5442=CARTESIAN_POINT('Origin',(1.42500000000003,-1.8,1.49999999999394));
#5443=CARTESIAN_POINT('',(0.275000000000032,-1.8,1.49999999999394));
#5444=CARTESIAN_POINT('Origin',(1.42500000000003,-1.8,1.49999999999394));
#5445=CARTESIAN_POINT('Origin',(-5.97379931851316,1.35,34.1465242690616));
#5446=CARTESIAN_POINT('Origin',(-1.7,0.,-0.848528137423855));
#5447=CARTESIAN_POINT('',(-1.7,5.05,0.383364428292532));
#5448=CARTESIAN_POINT('',(-1.7,7.,0.383364428292532));
#5449=CARTESIAN_POINT('',(-1.7,1.35,0.383364428292532));
#5450=CARTESIAN_POINT('',(-1.7,7.,-0.848528137423855));
#5451=CARTESIAN_POINT('',(-1.7,7.,0.848528137423855));
#5452=CARTESIAN_POINT('',(-1.7,5.05,-0.848528137423855));
#5453=CARTESIAN_POINT('',(-1.7,0.,-0.848528137423855));
#5454=CARTESIAN_POINT('',(-1.7,5.05,4.32573593128807));
#5455=CARTESIAN_POINT('Origin',(2.9,5.05,5.17426406871193));
#5456=CARTESIAN_POINT('',(1.7,5.05,0.383364428287563));
#5457=CARTESIAN_POINT('',(2.46693139362647,3.93087016741859,1.01329786215634));
#5458=CARTESIAN_POINT('Ctrl Pts',(1.7,5.05,0.383364428287563));
#5459=CARTESIAN_POINT('Ctrl Pts',(1.7,4.89289777098883,0.383364428287563));
#5460=CARTESIAN_POINT('Ctrl Pts',(1.7330344279823,4.72628165066255,0.389935671427171));
#5461=CARTESIAN_POINT('Ctrl Pts',(1.86176960108777,4.4265590544937,0.433997473351398));
#5462=CARTESIAN_POINT('Ctrl Pts',(1.95750014768408,4.29376471058688,0.473500643129661));
#5463=CARTESIAN_POINT('Ctrl Pts',(2.14619285948217,4.10831612292026,0.598148627310667));
#5464=CARTESIAN_POINT('Ctrl Pts',(2.25483280530977,4.03424700014001,0.693514609196126));
#5465=CARTESIAN_POINT('Ctrl Pts',(2.38310243453014,3.96558234454047,0.858871214020085));
#5466=CARTESIAN_POINT('Ctrl Pts',(2.42935834623537,3.9454097738138,0.932861524225026));
#5467=CARTESIAN_POINT('Ctrl Pts',(2.46693139362646,3.9308701674186,1.01329786215634));
#5468=CARTESIAN_POINT('Ctrl Pts',(2.46693139362648,3.93087016741859,1.01329786215633));
#5469=CARTESIAN_POINT('Ctrl Pts',(2.52560309405747,3.90816603533357,1.02487820839454));
#5470=CARTESIAN_POINT('Ctrl Pts',(2.58598224266076,3.89010603022401,1.03659572038243));
#5471=CARTESIAN_POINT('Ctrl Pts',(2.72844013901173,3.85944546505446,1.06377367662444));
#5472=CARTESIAN_POINT('Ctrl Pts',(2.81098191025335,3.85044263805199,1.07917652238818));
#5473=CARTESIAN_POINT('Ctrl Pts',(2.89587895797258,3.85000530727959,1.09469252532149));
#5474=CARTESIAN_POINT('Ctrl Pts',(2.89793946034194,3.85,1.09506891365988));
#5475=CARTESIAN_POINT('Ctrl Pts',(2.9,3.85,1.09544511501033));
#5476=CARTESIAN_POINT('',(1.7,5.05,-0.848528137423855));
#5477=CARTESIAN_POINT('Ctrl Pts',(1.7,5.05,-0.848528137423857));
#5478=CARTESIAN_POINT('Ctrl Pts',(1.7,4.89769501184421,-0.848528137423857));
#5479=CARTESIAN_POINT('Ctrl Pts',(1.72897839252584,4.74711327285095,-0.855428858581448));
#5480=CARTESIAN_POINT('Ctrl Pts',(1.84210964581587,4.46296716923078,-0.881485206475096));
#5481=CARTESIAN_POINT('Ctrl Pts',(1.925914017844,4.33267303803497,-0.900493407255654));
#5482=CARTESIAN_POINT('Ctrl Pts',(2.13987755631195,4.10824946449496,-0.946838084178492));
#5483=CARTESIAN_POINT('Ctrl Pts',(2.26927127174243,4.01722847410516,-0.97392013299133));
#5484=CARTESIAN_POINT('Ctrl Pts',(2.48772990446408,3.92000500617983,-1.0175066292731));
#5485=CARTESIAN_POINT('Ctrl Pts',(2.56662693547915,3.89427178496573,-1.03290313678329));
#5486=CARTESIAN_POINT('Ctrl Pts',(2.72844013901193,3.85944546505441,-1.06377367662448));
#5487=CARTESIAN_POINT('Ctrl Pts',(2.81098191025356,3.85044263805199,-1.07917652238825));
#5488=CARTESIAN_POINT('Ctrl Pts',(2.89587895797256,3.85000530727959,-1.09469252532148));
#5489=CARTESIAN_POINT('Ctrl Pts',(2.89793946034196,3.85,-1.09506891365989));
#5490=CARTESIAN_POINT('Ctrl Pts',(2.9,3.85,-1.09544511501033));
#5491=CARTESIAN_POINT('',(1.7,5.05,5.17426406871193));
#5492=CARTESIAN_POINT('Origin',(0.,7.,0.));
#5493=CARTESIAN_POINT('',(-0.336156378047335,7.,1.87002644085534));
#5494=CARTESIAN_POINT('Origin',(-1.42500000000006,7.,1.49999999999891));
#5495=CARTESIAN_POINT('',(0.336156378048905,7.,1.87002644085506));
#5496=CARTESIAN_POINT('Origin',(0.,7.,0.));
#5497=CARTESIAN_POINT('',(0.275000000000032,7.,1.49999999999394));
#5498=CARTESIAN_POINT('Origin',(1.42500000000003,7.,1.49999999999394));
#5499=CARTESIAN_POINT('',(1.7,7.,0.383364428287563));
#5500=CARTESIAN_POINT('Origin',(1.42500000000003,7.,1.49999999999394));
#5501=CARTESIAN_POINT('',(1.7,7.,-0.848528137423855));
#5502=CARTESIAN_POINT('',(1.7,7.,-0.848528137423855));
#5503=CARTESIAN_POINT('Origin',(0.,7.,0.));
#5504=CARTESIAN_POINT('Origin',(0.,0.,0.));
#5505=CARTESIAN_POINT('',(-0.336156378047335,5.05,1.87002644085534));
#5506=CARTESIAN_POINT('',(-0.336156378047335,1.35,1.87002644085534));
#5507=CARTESIAN_POINT('',(0.336156378048905,5.05,1.87002644085506));
#5508=CARTESIAN_POINT('Origin',(0.,5.05,0.));
#5509=CARTESIAN_POINT('',(0.336156378048905,1.35,1.87002644085506));
#5510=CARTESIAN_POINT('Origin',(0.,5.05,0.));
#5511=CARTESIAN_POINT('Ctrl Pts',(2.46693139362646,3.93087016741859,1.01329786215634));
#5512=CARTESIAN_POINT('Ctrl Pts',(2.49109788961058,3.91461317975304,1.06503346979447));
#5513=CARTESIAN_POINT('Ctrl Pts',(2.5117406316328,3.90162934410806,1.11928800402195));
#5514=CARTESIAN_POINT('Ctrl Pts',(2.56780664477127,3.86632274434381,1.30997940818104));
#5515=CARTESIAN_POINT('Ctrl Pts',(2.58282227787654,3.85638067205488,1.45211180605598));
#5516=CARTESIAN_POINT('Ctrl Pts',(2.56611626013743,3.85058987359562,1.65522240440986));
#5517=CARTESIAN_POINT('Ctrl Pts',(2.55625684816918,3.85,1.71557703320812));
#5518=CARTESIAN_POINT('Ctrl Pts',(2.54169301857908,3.85,1.77476663235096));
#5519=CARTESIAN_POINT('Origin',(0.,5.05,0.));
#5520=CARTESIAN_POINT('Ctrl Pts',(-0.336156378047335,5.05,1.87002644085534));
#5521=CARTESIAN_POINT('Ctrl Pts',(-0.336156378047335,4.94484541164309,1.87002644085534));
#5522=CARTESIAN_POINT('Ctrl Pts',(-0.340419338573999,4.84008883658563,1.88334110387241));
#5523=CARTESIAN_POINT('Ctrl Pts',(-0.360065079626194,4.6379080561725,1.93493927590118));
#5524=CARTESIAN_POINT('Ctrl Pts',(-0.37534789094205,4.54144374447147,1.97285576736936));
#5525=CARTESIAN_POINT('Ctrl Pts',(-0.42963242283066,4.34067175687287,2.07978925943261));
#5526=CARTESIAN_POINT('Ctrl Pts',(-0.472654496282248,4.24345287626537,2.1523365333581));
#5527=CARTESIAN_POINT('Ctrl Pts',(-0.598309351461368,4.08159158722636,2.30541323510401));
#5528=CARTESIAN_POINT('Ctrl Pts',(-0.677041362941568,4.02052404423581,2.38145079058947));
#5529=CARTESIAN_POINT('Ctrl Pts',(-0.875754792300106,3.92650079040366,2.51783581788765));
#5530=CARTESIAN_POINT('Ctrl Pts',(-0.991929074595676,3.89728752618212,2.57338607559633));
#5531=CARTESIAN_POINT('Ctrl Pts',(-1.25676174698025,3.85887393309748,2.64665481914474));
#5532=CARTESIAN_POINT('Ctrl Pts',(-1.40234292133406,3.85242230702793,2.65893960962229));
#5533=CARTESIAN_POINT('Ctrl Pts',(-1.57893283618544,3.85016555252435,2.64010440671309));
#5534=CARTESIAN_POINT('Ctrl Pts',(-1.6106960487128,3.85,2.63536103186119));
#5535=CARTESIAN_POINT('Ctrl Pts',(-1.64217688943693,3.85,2.62930695503573));
#5536=CARTESIAN_POINT('Ctrl Pts',(1.64217688944845,3.85,2.62930695502853));
#5537=CARTESIAN_POINT('Ctrl Pts',(1.54853219862451,3.85,2.64731575465191));
#5538=CARTESIAN_POINT('Ctrl Pts',(1.45291827096551,3.85140416957392,2.65361977143504));
#5539=CARTESIAN_POINT('Ctrl Pts',(1.22580050713034,3.86342600216065,2.64028462048867));
#5540=CARTESIAN_POINT('Ctrl Pts',(1.09755881241855,3.87709897285722,2.60990382345765));
#5541=CARTESIAN_POINT('Ctrl Pts',(0.868955093280813,3.93093721833972,2.51366534516105));
#5542=CARTESIAN_POINT('Ctrl Pts',(0.771195303543638,3.96823311871671,2.45231556354091));
#5543=CARTESIAN_POINT('Ctrl Pts',(0.599718269729428,4.08007381507522,2.30902902283216));
#5544=CARTESIAN_POINT('Ctrl Pts',(0.53230929785628,4.15341433538808,2.23050360381104));
#5545=CARTESIAN_POINT('Ctrl Pts',(0.425063078213298,4.34554452302573,2.07641368552057));
#5546=CARTESIAN_POINT('Ctrl Pts',(0.390117378310033,4.46477807494555,2.004647367414));
#5547=CARTESIAN_POINT('Ctrl Pts',(0.344821890034302,4.74249881810198,1.89897060019077));
#5548=CARTESIAN_POINT('Ctrl Pts',(0.336156378048905,4.89545463414509,1.87002644085506));
#5549=CARTESIAN_POINT('Ctrl Pts',(0.336156378048905,5.05,1.87002644085506));
#5550=CARTESIAN_POINT('Origin',(0.,1.35,18.5));
#5551=CARTESIAN_POINT('',(-0.74838435061581,1.35,3.5196750465065));
#5552=CARTESIAN_POINT('Origin',(2.8221984863358,1.35,21.3412559414844));
#5553=CARTESIAN_POINT('',(3.08407191772531,1.35,20.3761537161055));
#5554=CARTESIAN_POINT('Origin',(4.43201521968404,1.35,16.3633110125906));
#5555=CARTESIAN_POINT('',(4.80274949758323,1.35,15.259630805976));
#5556=CARTESIAN_POINT('',(4.43201521968404,1.35,16.3633110125906));
#5557=CARTESIAN_POINT('Ctrl Pts',(0.692027069028097,1.35,2.64999999999592));
#5558=CARTESIAN_POINT('Ctrl Pts',(0.692027069028097,0.35,2.64999999999592));
#5559=CARTESIAN_POINT('Ctrl Pts',(0.730457223146664,1.35,3.17341423846513));
#5560=CARTESIAN_POINT('Ctrl Pts',(0.730457223146664,0.35,3.17341423846513));
#5561=CARTESIAN_POINT('Ctrl Pts',(0.876800609895956,1.35,4.43453626155515));
#5562=CARTESIAN_POINT('Ctrl Pts',(0.876800609895956,0.35,4.43453626155515));
#5563=CARTESIAN_POINT('Ctrl Pts',(1.30506964682059,1.35,6.38594413379841));
#5564=CARTESIAN_POINT('Ctrl Pts',(1.30506964682059,0.35,6.38594413379841));
#5565=CARTESIAN_POINT('Ctrl Pts',(2.22738828779846,1.35,8.94023062552182));
#5566=CARTESIAN_POINT('Ctrl Pts',(2.22738828779846,0.35,8.94023062552182));
#5567=CARTESIAN_POINT('Ctrl Pts',(3.57711075670046,1.35,11.9139368755747));
#5568=CARTESIAN_POINT('Ctrl Pts',(3.57711075670046,0.35,11.9139368755747));
#5569=CARTESIAN_POINT('Ctrl Pts',(4.4186716309997,1.35,14.0623913181312));
#5570=CARTESIAN_POINT('Ctrl Pts',(4.4186716309997,0.35,14.0623913181312));
#5571=CARTESIAN_POINT('Ctrl Pts',(4.62741091486312,1.35,15.3558143558766));
#5572=CARTESIAN_POINT('Ctrl Pts',(4.62741091486312,0.35,15.3558143558766));
#5573=CARTESIAN_POINT('Ctrl Pts',(4.53566959808622,1.35,16.0547307366591));
#5574=CARTESIAN_POINT('Ctrl Pts',(4.53566959808622,0.35,16.0547307366591));
#5575=CARTESIAN_POINT('Ctrl Pts',(4.43201521968404,1.35,16.3633110125906));
#5576=CARTESIAN_POINT('Ctrl Pts',(4.43201521968404,0.35,16.3633110125906));
#5577=CARTESIAN_POINT('Ctrl Pts',(4.43201521968404,1.35,16.3633110125906));
#5578=CARTESIAN_POINT('Ctrl Pts',(4.53566959808622,1.35,16.0547307366591));
#5579=CARTESIAN_POINT('Ctrl Pts',(4.62741091486312,1.35,15.3558143558766));
#5580=CARTESIAN_POINT('Ctrl Pts',(4.45533789034707,1.35,14.289588535972));
#5581=CARTESIAN_POINT('Ctrl Pts',(3.99620441013841,1.35,13.0073237735386));
#5582=CARTESIAN_POINT('Ctrl Pts',(3.38961140334353,1.35,11.5660646709235));
#5583=CARTESIAN_POINT('Ctrl Pts',(3.0069014986913,1.35,10.6609303406447));
#5584=CARTESIAN_POINT('Ctrl Pts',(2.88281364085284,1.35,10.365745826907));
#5585=CARTESIAN_POINT('',(0.692027069028089,1.35,2.64999999999581));
#5586=CARTESIAN_POINT('Ctrl Pts',(0.692027069028097,1.35,2.64999999999592));
#5587=CARTESIAN_POINT('Ctrl Pts',(0.730457223146664,1.35,3.17341423846513));
#5588=CARTESIAN_POINT('Ctrl Pts',(0.876800609895956,1.35,4.43453626155515));
#5589=CARTESIAN_POINT('Ctrl Pts',(1.2299455778022,1.35,6.04364131235203));
#5590=CARTESIAN_POINT('Ctrl Pts',(1.7493707684536,1.35,7.59285024335645));
#5591=CARTESIAN_POINT('Ctrl Pts',(2.33974205253872,1.35,9.06778319808107));
#5592=CARTESIAN_POINT('Ctrl Pts',(2.7445774365863,1.35,10.0369047344088));
#5593=CARTESIAN_POINT('Ctrl Pts',(2.88281364085284,1.35,10.365745826907));
#5594=CARTESIAN_POINT('',(0.692027069028089,1.35,2.64999999999581));
#5595=CARTESIAN_POINT('Ctrl Pts',(0.674047271168987,1.35,2.37095924075165));
#5596=CARTESIAN_POINT('Ctrl Pts',(0.674047271168987,0.35,2.37095924075165));
#5597=CARTESIAN_POINT('Ctrl Pts',(0.677148974681592,1.35,2.42689356963234));
#5598=CARTESIAN_POINT('Ctrl Pts',(0.677148974681592,0.35,2.42689356963234));
#5599=CARTESIAN_POINT('Ctrl Pts',(0.680498713589449,1.35,2.48276484692472));
#5600=CARTESIAN_POINT('Ctrl Pts',(0.680498713589449,0.35,2.48276484692472));
#5601=CARTESIAN_POINT('Ctrl Pts',(0.684095641819381,1.35,2.5385730394552));
#5602=CARTESIAN_POINT('Ctrl Pts',(0.684095641819381,0.35,2.5385730394552));
#5603=CARTESIAN_POINT('Ctrl Pts',(0.687938789455095,1.35,2.59431810674224));
#5604=CARTESIAN_POINT('Ctrl Pts',(0.687938789455095,0.35,2.59431810674224));
#5605=CARTESIAN_POINT('Ctrl Pts',(0.692027069028089,1.35,2.64999999999581));
#5606=CARTESIAN_POINT('Ctrl Pts',(0.692027069028089,0.35,2.64999999999581));
#5607=CARTESIAN_POINT('',(0.674047271168986,1.35,2.37095924075162));
#5608=CARTESIAN_POINT('Ctrl Pts',(0.674047271168987,1.35,2.37095924075165));
#5609=CARTESIAN_POINT('Ctrl Pts',(0.677148974681593,1.35,2.42689356963234));
#5610=CARTESIAN_POINT('Ctrl Pts',(0.68049871358945,1.35,2.48276484692472));
#5611=CARTESIAN_POINT('Ctrl Pts',(0.684095641819381,1.35,2.5385730394552));
#5612=CARTESIAN_POINT('Ctrl Pts',(0.687938789455095,1.35,2.59431810674224));
#5613=CARTESIAN_POINT('Ctrl Pts',(0.692027069028089,1.35,2.64999999999581));
#5614=CARTESIAN_POINT('',(0.674047271168986,1.35,2.37095924075162));
#5615=CARTESIAN_POINT('Origin',(0.98680484042002,1.35,12.3232621345308));
#5616=CARTESIAN_POINT('Origin',(0.,0.,0.));
#5617=CARTESIAN_POINT('',(-8.74603451583634,0.,3.70902685994579));
#5618=CARTESIAN_POINT('',(9.5,-1.,4.44089209850063E-15));
#5619=CARTESIAN_POINT('',(9.5,0.,0.));
#5620=CARTESIAN_POINT('',(-8.67868184760471,-1.,3.8639981092201));
#5621=CARTESIAN_POINT('Origin',(0.,-1.,0.));
#5622=CARTESIAN_POINT('',(-8.67868184760471,0.,3.8639981092201));
#5623=CARTESIAN_POINT('Origin',(0.98680484042002,1.35,12.7496144319791));
#5624=CARTESIAN_POINT('Origin',(1.42500000000003,1.35,1.49999999999394));
#5625=CARTESIAN_POINT('Origin',(0.98680484042002,1.35,12.7496144319791));
#5626=CARTESIAN_POINT('',(3.79041942921736,1.35,21.0911595495383));
#5627=CARTESIAN_POINT('Origin',(2.36702485092976,1.35,0.8403870981865));
#5628=CARTESIAN_POINT('',(9.5,0.675,0.216332635434563));
#5629=CARTESIAN_POINT('',(2.36702485092976,1.35,0.8403870981865));
#5630=CARTESIAN_POINT('Origin',(-9.5,1.35,4.));
#5631=CARTESIAN_POINT('',(-2.56116248557323,1.35,1.32213823801452));
#5632=CARTESIAN_POINT('Origin',(1.42500000000003,1.35,1.49999999999394));
#5633=CARTESIAN_POINT('',(0.275000000000032,1.35,1.49999999999394));
#5634=CARTESIAN_POINT('',(0.275000000000032,1.35,1.49999999999394));
#5635=CARTESIAN_POINT('',(1.7,1.35,0.383364428287563));
#5636=CARTESIAN_POINT('Origin',(-0.973025836521219,1.35,2.64999999999678));
#5637=CARTESIAN_POINT('',(-0.973025836521219,1.35,2.64999999999678));
#5638=CARTESIAN_POINT('Origin',(-1.42499566662922,1.35,2.64999999999703));
#5639=CARTESIAN_POINT('',(-1.42499566662922,1.35,2.64999999999703));
#5640=CARTESIAN_POINT('Origin',(-1.42500000000006,1.35,1.49999999999891));
#5641=CARTESIAN_POINT('',(-2.57500000000006,3.8560112819126,1.49999999999891));
#5642=CARTESIAN_POINT('',(-2.57500000000006,1.35,1.49999999999891));
#5643=CARTESIAN_POINT('Ctrl Pts',(-2.541693018581,3.85,1.7747666323482));
#5644=CARTESIAN_POINT('Ctrl Pts',(-2.5638624501638,3.85,1.68466672005992));
#5645=CARTESIAN_POINT('Ctrl Pts',(-2.57500000000006,3.85133945114071,1.59237899544547));
#5646=CARTESIAN_POINT('Ctrl Pts',(-2.57500000000006,3.8560112819126,1.49999999999891));
#5647=CARTESIAN_POINT('',(-2.46693139362394,3.93087016741957,1.01329786215583));
#5648=CARTESIAN_POINT('Ctrl Pts',(-2.46693139362393,3.93087016741958,1.01329786215583));
#5649=CARTESIAN_POINT('Ctrl Pts',(-2.4293583462333,3.9454097738147,0.932861524226625));
#5650=CARTESIAN_POINT('Ctrl Pts',(-2.38310243452903,3.96558234454106,0.858871214023604));
#5651=CARTESIAN_POINT('Ctrl Pts',(-2.25483280530978,4.03424700014,0.693514609201091));
#5652=CARTESIAN_POINT('Ctrl Pts',(-2.14619285948218,4.10831612292025,0.598148627315633));
#5653=CARTESIAN_POINT('Ctrl Pts',(-1.95750014768409,4.29376471058687,0.473500643134627));
#5654=CARTESIAN_POINT('Ctrl Pts',(-1.86176960108778,4.42655905449369,0.433997473356365));
#5655=CARTESIAN_POINT('Ctrl Pts',(-1.7330344279823,4.72628165066254,0.38993567143214));
#5656=CARTESIAN_POINT('Ctrl Pts',(-1.7,4.89289777098883,0.383364428292533));
#5657=CARTESIAN_POINT('Ctrl Pts',(-1.7,5.05,0.383364428292533));
#5658=CARTESIAN_POINT('Ctrl Pts',(-2.57500000000006,3.8560112819126,1.49999999999891));
#5659=CARTESIAN_POINT('Ctrl Pts',(-2.57500000000006,3.85759103668332,1.46876253316905));
#5660=CARTESIAN_POINT('Ctrl Pts',(-2.57372713281532,3.85955764411582,1.43751492260946));
#5661=CARTESIAN_POINT('Ctrl Pts',(-2.56068356900823,3.87210751780669,1.27789339841647));
#5662=CARTESIAN_POINT('Ctrl Pts',(-2.52872325432972,3.889972012745,1.15382606075839));
#5663=CARTESIAN_POINT('Ctrl Pts',(-2.47494518467425,3.92550500168265,1.03073630246527));
#5664=CARTESIAN_POINT('Ctrl Pts',(-2.47098352518711,3.92814426736004,1.02197266088487));
#5665=CARTESIAN_POINT('Ctrl Pts',(-2.46693139362393,3.93087016741958,1.01329786215583));
#5666=CARTESIAN_POINT('Origin',(8.4999999999997,0.,8.78232998312561));
#5667=CARTESIAN_POINT('',(7.49999999999949,1.44539400092115,7.40000000005387));
#5668=CARTESIAN_POINT('',(9.49999999999949,1.44539400092197,7.40000000005387));
#5669=CARTESIAN_POINT('',(8.49999999999949,1.44539400092156,7.40000000005387));
#5670=CARTESIAN_POINT('',(7.49999999999949,-1.44539400092115,7.40000000005387));
#5671=CARTESIAN_POINT('Origin',(7.4999999999997,0.,8.78232998312576));
#5672=CARTESIAN_POINT('',(9.49999999999949,-1.44539400092197,7.40000000005387));
#5673=CARTESIAN_POINT('',(8.49999999999949,-1.44539400092156,7.40000000005387));
#5674=CARTESIAN_POINT('Origin',(9.49999999999574,0.,8.78232998312546));
#5675=CARTESIAN_POINT('Origin',(8.4999999999997,0.,8.78232998312561));
#5676=CARTESIAN_POINT('',(9.49999999999996,0.999999999999995,10.5143807906943));
#5677=CARTESIAN_POINT('',(7.49999999999996,0.999999999999995,10.5143807906942));
#5678=CARTESIAN_POINT('',(8.49999999999996,0.999999999999995,10.5143807906942));
#5679=CARTESIAN_POINT('',(9.49999999999996,-0.999999999999991,10.5143807906943));
#5680=CARTESIAN_POINT('Origin',(9.49999999999574,0.,8.78232998312546));
#5681=CARTESIAN_POINT('',(7.49999999999996,-0.999999999999991,10.5143807906942));
#5682=CARTESIAN_POINT('',(8.49999999999996,-0.999999999999991,10.5143807906942));
#5683=CARTESIAN_POINT('Origin',(7.4999999999997,0.,8.78232998312576));
#5684=CARTESIAN_POINT('Origin',(9.5,0.999999999999993,7.40000000005387));
#5685=CARTESIAN_POINT('',(7.5,1.,22.2000000000539));
#5686=CARTESIAN_POINT('',(7.5,1.,22.2000000000539));
#5687=CARTESIAN_POINT('',(9.5,1.,22.2000000000539));
#5688=CARTESIAN_POINT('',(9.5,1.,22.2000000000539));
#5689=CARTESIAN_POINT('',(9.5,1.,22.2000000000269));
#5690=CARTESIAN_POINT('Origin',(7.5,1.675,14.8000000000539));
#5691=CARTESIAN_POINT('',(7.5,2.35,7.40000000005387));
#5692=CARTESIAN_POINT('',(7.5,2.35,7.40000000005387));
#5693=CARTESIAN_POINT('',(7.5,2.35,22.2000000000539));
#5694=CARTESIAN_POINT('',(7.5,2.35,7.40000000005387));
#5695=CARTESIAN_POINT('',(7.5,2.35,22.2000000000539));
#5696=CARTESIAN_POINT('',(7.5,-0.999999999999999,22.2000000000539));
#5697=CARTESIAN_POINT('',(7.5,-0.999999999999999,22.2000000000539));
#5698=CARTESIAN_POINT('',(7.5,-2.35,22.2000000000539));
#5699=CARTESIAN_POINT('',(7.5,-2.35,22.2000000000539));
#5700=CARTESIAN_POINT('',(7.5,-2.35,7.40000000005387));
#5701=CARTESIAN_POINT('',(7.5,-2.35,7.40000000005387));
#5702=CARTESIAN_POINT('',(7.5,-2.35,7.40000000005387));
#5703=CARTESIAN_POINT('Origin',(9.5,2.35,7.40000000005387));
#5704=CARTESIAN_POINT('',(9.5,2.35,7.40000000005387));
#5705=CARTESIAN_POINT('',(9.5,1.175,7.40000000005387));
#5706=CARTESIAN_POINT('',(9.5,2.35,7.40000000005387));
#5707=CARTESIAN_POINT('Origin',(9.5,-0.999999999999999,22.2000000000539));
#5708=CARTESIAN_POINT('',(9.5,-0.999999999999999,22.2000000000539));
#5709=CARTESIAN_POINT('',(9.5,-1.,29.6000000000269));
#5710=CARTESIAN_POINT('',(9.5,-0.999999999999999,22.2000000000539));
#5711=CARTESIAN_POINT('Origin',(9.5,0.,37.));
#5712=CARTESIAN_POINT('',(9.5,2.35,23.25));
#5713=CARTESIAN_POINT('',(9.5,-0.499999999999995,7.40000000005387));
#5714=CARTESIAN_POINT('',(9.5,-2.,0.));
#5715=CARTESIAN_POINT('',(9.5,0.,0.));
#5716=CARTESIAN_POINT('',(9.5,-2.,5.3200772475269));
#5717=CARTESIAN_POINT('',(9.5,-2.,20.451564725788));
#5718=CARTESIAN_POINT('',(9.5,-1.,5.3200772475269));
#5719=CARTESIAN_POINT('',(9.5,-1.5,5.3200772475269));
#5720=CARTESIAN_POINT('',(9.5,-1.,20.451564725788));
#5721=CARTESIAN_POINT('Origin',(9.5,0.,37.));
#5722=CARTESIAN_POINT('',(9.5,-7.5,37.));
#5723=CARTESIAN_POINT('',(9.5,0.,37.));
#5724=CARTESIAN_POINT('',(9.5,-7.5,31.8765246170202));
#5725=CARTESIAN_POINT('',(9.5,-7.5,37.9687499999944));
#5726=CARTESIAN_POINT('',(9.5,-5.5,31.8765246170202));
#5727=CARTESIAN_POINT('',(9.5,-9.,31.8765246170202));
#5728=CARTESIAN_POINT('',(9.5,-5.5,27.));
#5729=CARTESIAN_POINT('',(9.5,-5.5,31.2191311542551));
#5730=CARTESIAN_POINT('Ctrl Pts',(9.5,-2.35,9.5));
#5731=CARTESIAN_POINT('Ctrl Pts',(9.5,-2.35,11.2020739657181));
#5732=CARTESIAN_POINT('Ctrl Pts',(9.5,-2.56911904157483,13.7750046254696));
#5733=CARTESIAN_POINT('Ctrl Pts',(9.5,-3.60160936995209,17.0340054604453));
#5734=CARTESIAN_POINT('Ctrl Pts',(9.5,-4.51867899076021,19.4137870568912));
#5735=CARTESIAN_POINT('Ctrl Pts',(9.5,-5.36112831012468,22.7260745495059));
#5736=CARTESIAN_POINT('Ctrl Pts',(9.5,-5.5,25.2979260342819));
#5737=CARTESIAN_POINT('Ctrl Pts',(9.5,-5.5,27.));
#5738=CARTESIAN_POINT('',(9.5,-2.35,22.2000000000539));
#5739=CARTESIAN_POINT('',(9.5,-2.35,22.2000000000269));
#5740=CARTESIAN_POINT('',(9.5,-1.175,22.2000000000539));
#5741=CARTESIAN_POINT('',(9.5,2.35,22.2000000000539));
#5742=CARTESIAN_POINT('',(9.5,0.500000000000002,22.2000000000539));
#5743=CARTESIAN_POINT('',(9.5,2.35,9.5));
#5744=CARTESIAN_POINT('',(9.5,2.35,29.6000000000269));
#5745=CARTESIAN_POINT('',(9.5,5.5,27.));
#5746=CARTESIAN_POINT('Ctrl Pts',(9.5,5.5,27.));
#5747=CARTESIAN_POINT('Ctrl Pts',(9.5,5.5,25.2979639168916));
#5748=CARTESIAN_POINT('Ctrl Pts',(9.5,5.35926259798249,22.7269505385452));
#5749=CARTESIAN_POINT('Ctrl Pts',(9.5,4.52027528143646,19.4111693584221));
#5750=CARTESIAN_POINT('Ctrl Pts',(9.5,3.60227682435798,17.0321399035023));
#5751=CARTESIAN_POINT('Ctrl Pts',(9.5,2.56740282670308,13.7762009981236));
#5752=CARTESIAN_POINT('Ctrl Pts',(9.5,2.35,11.2020360831084));
#5753=CARTESIAN_POINT('Ctrl Pts',(9.5,2.35,9.5));
#5754=CARTESIAN_POINT('',(9.5,5.5,31.8765246170202));
#5755=CARTESIAN_POINT('',(9.5,5.5,31.2191311542551));
#5756=CARTESIAN_POINT('',(9.5,7.5,31.8765246170202));
#5757=CARTESIAN_POINT('',(9.5,9.,31.8765246170202));
#5758=CARTESIAN_POINT('',(9.5,7.5,37.9687499999944));
#5759=CARTESIAN_POINT('Origin',(8.,-7.5,37.9687499999944));
#5760=CARTESIAN_POINT('',(8.,-9.,30.0717967697245));
#5761=CARTESIAN_POINT('Ctrl Pts',(8.,-9.,30.0717967697245));
#5762=CARTESIAN_POINT('Ctrl Pts',(8.21253808733991,-9.,30.271198767875));
#5763=CARTESIAN_POINT('Ctrl Pts',(8.43127702121513,-8.95312580185114,30.4963747407279));
#5764=CARTESIAN_POINT('Ctrl Pts',(8.82726590144953,-8.77012036987312,30.9459999374794));
#5765=CARTESIAN_POINT('Ctrl Pts',(9.0049213862422,-8.63501156415772,31.1705074719072));
#5766=CARTESIAN_POINT('Ctrl Pts',(9.2409406924786,-8.35531387109994,31.4906240146409));
#5767=CARTESIAN_POINT('Ctrl Pts',(9.33155732098846,-8.2129917427375,31.6213133530489));
#5768=CARTESIAN_POINT('Ctrl Pts',(9.4286728012719,-7.96555830829688,31.7664985332587));
#5769=CARTESIAN_POINT('Ctrl Pts',(9.45477916889877,-7.87739693350637,31.8064910363246));
#5770=CARTESIAN_POINT('Ctrl Pts',(9.49043511332198,-7.69331567773829,31.861512921393));
#5771=CARTESIAN_POINT('Ctrl Pts',(9.5,-7.59739347652838,31.8765246170202));
#5772=CARTESIAN_POINT('Ctrl Pts',(9.5,-7.5,31.8765246170202));
#5773=CARTESIAN_POINT('',(8.,-9.,37.));
#5774=CARTESIAN_POINT('Origin',(8.,-7.5,37.));
#5775=CARTESIAN_POINT('',(8.,-9.,37.9687499999944));
#5776=CARTESIAN_POINT('Origin',(1.5,-7.5,37.));
#5777=CARTESIAN_POINT('',(-4.63526225304678,-9.,34.8532449868838));
#5778=CARTESIAN_POINT('Origin',(-4.63526225304678,-7.5,34.8532449868838));
#5779=CARTESIAN_POINT('Origin',(1.5,-9.,37.));
#5780=CARTESIAN_POINT('',(4.41857979005263,-7.5,44.4486167849539));
#5781=CARTESIAN_POINT('Origin',(1.5,-7.5,37.));
#5782=CARTESIAN_POINT('',(4.42450852623533,-7.8,44.4137217289082));
#5783=CARTESIAN_POINT('Ctrl Pts',(4.41857979005263,-7.5,44.4486167849539));
#5784=CARTESIAN_POINT('Ctrl Pts',(4.41857979005263,-7.59502552486362,44.4486167849539));
#5785=CARTESIAN_POINT('Ctrl Pts',(4.42048927975095,-7.69941846373803,44.4373780069094));
#5786=CARTESIAN_POINT('Ctrl Pts',(4.42450852623533,-7.8,44.4137217289082));
#5787=CARTESIAN_POINT('Origin',(1.5,-7.8,37.));
#5788=CARTESIAN_POINT('Ctrl Pts',(-6.05109200374988,-7.5,34.357839983857));
#5789=CARTESIAN_POINT('Ctrl Pts',(-5.35863089388215,-7.5,32.3788388947167));
#5790=CARTESIAN_POINT('Ctrl Pts',(-4.79971495120493,-7.5,30.3594057571209));
#5791=CARTESIAN_POINT('Ctrl Pts',(-4.40580049392289,-7.5,28.31397559351));
#5792=CARTESIAN_POINT('Ctrl Pts',(-6.05109200374988,-7.94879895051283,34.357839983857));
#5793=CARTESIAN_POINT('Ctrl Pts',(-5.35870211938601,-7.94879895051283,32.3790424517796));
#5794=CARTESIAN_POINT('Ctrl Pts',(-4.79966578387078,-7.94879895051283,30.3591504520756));
#5795=CARTESIAN_POINT('Ctrl Pts',(-4.40580049392289,-7.94879895051283,28.31397559351));
#5796=CARTESIAN_POINT('Ctrl Pts',(-5.69586588099384,-8.72600349708012,34.482135153055));
#5797=CARTESIAN_POINT('Ctrl Pts',(-4.99788724179651,-8.72600349708012,32.4873653855051));
#5798=CARTESIAN_POINT('Ctrl Pts',(-4.43397025027376,-8.72600349708012,30.4503527319971));
#5799=CARTESIAN_POINT('Ctrl Pts',(-4.03624701392397,-8.72600349708012,28.3851451993466));
#5800=CARTESIAN_POINT('Ctrl Pts',(-4.95297370615698,-9.,34.7420763641652));
#5801=CARTESIAN_POINT('Ctrl Pts',(-4.24351273006103,-9.,32.7144909526688));
#5802=CARTESIAN_POINT('Ctrl Pts',(-3.66904127588988,-9.,30.6403492777846));
#5803=CARTESIAN_POINT('Ctrl Pts',(-3.26339172291975,-9.,28.5339837556218));
#5804=CARTESIAN_POINT('Ctrl Pts',(-4.63526225304678,-9.,34.8532449868838));
#5805=CARTESIAN_POINT('Ctrl Pts',(-3.92089858183464,-9.,32.8116480463117));
#5806=CARTESIAN_POINT('Ctrl Pts',(-3.34189990286102,-9.,30.7215763337932));
#5807=CARTESIAN_POINT('Ctrl Pts',(-2.93286599406445,-9.,28.5976372918882));
#5808=CARTESIAN_POINT('',(-2.93286599406442,-9.,28.5976372918882));
#5809=CARTESIAN_POINT('Ctrl Pts',(-4.72769383070541,-7.5,29.8260311158332));
#5810=CARTESIAN_POINT('Ctrl Pts',(-4.72769383070541,-7.61699694706711,29.8260311158332));
#5811=CARTESIAN_POINT('Ctrl Pts',(-4.71012016342298,-7.73063245933419,29.8106864747102));
#5812=CARTESIAN_POINT('Ctrl Pts',(-4.63831032263092,-7.97193339215051,29.7492183523479));
#5813=CARTESIAN_POINT('Ctrl Pts',(-4.57826495888178,-8.09301727699078,29.6984050944632));
#5814=CARTESIAN_POINT('Ctrl Pts',(-4.4036147659678,-8.35551842362683,29.5558782232093));
#5815=CARTESIAN_POINT('Ctrl Pts',(-4.2688070904141,-8.49515018303502,29.4495185029552));
#5816=CARTESIAN_POINT('Ctrl Pts',(-3.94154653174551,-8.73804522975012,29.2100743021312));
#5817=CARTESIAN_POINT('Ctrl Pts',(-3.75213360657233,-8.83454583962182,29.0803874247892));
#5818=CARTESIAN_POINT('Ctrl Pts',(-3.35632636882871,-8.96459850197429,28.8317586955454));
#5819=CARTESIAN_POINT('Ctrl Pts',(-3.14635522060088,-9.,28.7102686034953));
#5820=CARTESIAN_POINT('Ctrl Pts',(-2.93286599406447,-9.,28.5976372918883));
#5821=CARTESIAN_POINT('Ctrl Pts',(-2.93286599406445,-9.,28.5976372918882));
#5822=CARTESIAN_POINT('Ctrl Pts',(-3.34189990286102,-9.,30.7215763337932));
#5823=CARTESIAN_POINT('Ctrl Pts',(-3.92089858183464,-9.,32.8116480463117));
#5824=CARTESIAN_POINT('Ctrl Pts',(-4.63526225304678,-9.,34.8532449868838));
#5825=CARTESIAN_POINT('Origin',(0.955068627540422,-9.,38.9374999999889));
#5826=CARTESIAN_POINT('Origin',(1.5,-9.,37.));
#5827=CARTESIAN_POINT('Ctrl Pts',(-4.40580049392274,7.5,28.3139755935093));
#5828=CARTESIAN_POINT('Ctrl Pts',(-4.79971495120478,7.5,30.3594057571203));
#5829=CARTESIAN_POINT('Ctrl Pts',(-5.35863089388206,7.5,32.3788388947164));
#5830=CARTESIAN_POINT('Ctrl Pts',(-6.05109200374989,7.5,34.357839983857));
#5831=CARTESIAN_POINT('Ctrl Pts',(-4.40580049392274,7.94879895051283,28.3139755935093));
#5832=CARTESIAN_POINT('Ctrl Pts',(-4.79966578387063,7.94879895051283,30.3591504520751));
#5833=CARTESIAN_POINT('Ctrl Pts',(-5.35870211938593,7.94879895051283,32.3790424517794));
#5834=CARTESIAN_POINT('Ctrl Pts',(-6.05109200374989,7.94879895051283,34.357839983857));
#5835=CARTESIAN_POINT('Ctrl Pts',(-4.03624701392382,8.72600349708013,28.3851451993458));
#5836=CARTESIAN_POINT('Ctrl Pts',(-4.43397025027362,8.72600349708013,30.4503527319965));
#5837=CARTESIAN_POINT('Ctrl Pts',(-4.99788724179643,8.72600349708012,32.4873653855048));
#5838=CARTESIAN_POINT('Ctrl Pts',(-5.69586588099384,8.72600349708012,34.482135153055));
#5839=CARTESIAN_POINT('Ctrl Pts',(-3.2633917229196,9.,28.533983755621));
#5840=CARTESIAN_POINT('Ctrl Pts',(-3.66904127588974,9.,30.6403492777841));
#5841=CARTESIAN_POINT('Ctrl Pts',(-4.24351273006093,9.,32.7144909526685));
#5842=CARTESIAN_POINT('Ctrl Pts',(-4.95297370615698,9.,34.7420763641652));
#5843=CARTESIAN_POINT('Ctrl Pts',(-2.93286599406429,9.,28.5976372918874));
#5844=CARTESIAN_POINT('Ctrl Pts',(-3.34189990286087,9.,30.7215763337926));
#5845=CARTESIAN_POINT('Ctrl Pts',(-3.92089858183455,9.,32.8116480463115));
#5846=CARTESIAN_POINT('Ctrl Pts',(-4.63526225304678,9.,34.8532449868838));
#5847=CARTESIAN_POINT('',(-2.93286599406398,9.,28.5976372918874));
#5848=CARTESIAN_POINT('Ctrl Pts',(-2.93286599406447,9.,28.5976372918883));
#5849=CARTESIAN_POINT('Ctrl Pts',(-3.21388462485737,9.,28.7458953444641));
#5850=CARTESIAN_POINT('Ctrl Pts',(-3.48968254191079,8.93865476875146,28.9103948254964));
#5851=CARTESIAN_POINT('Ctrl Pts',(-3.9984437723151,8.7138867206003,29.2466441801659));
#5852=CARTESIAN_POINT('Ctrl Pts',(-4.22183391788457,8.54895189024061,29.4134037337827));
#5853=CARTESIAN_POINT('Ctrl Pts',(-4.49033747036781,8.23775487527084,29.6255660277723));
#5854=CARTESIAN_POINT('Ctrl Pts',(-4.57848301375606,8.10178000100132,29.6987347383152));
#5855=CARTESIAN_POINT('Ctrl Pts',(-4.66787407118405,7.87822739549009,29.7744415423166));
#5856=CARTESIAN_POINT('Ctrl Pts',(-4.69028647645496,7.80423088006506,29.7937003778808));
#5857=CARTESIAN_POINT('Ctrl Pts',(-4.72009162261552,7.65275125111255,29.8194126793886));
#5858=CARTESIAN_POINT('Ctrl Pts',(-4.72769383070541,7.57689820358242,29.8260311158332));
#5859=CARTESIAN_POINT('Ctrl Pts',(-4.72769383070541,7.5,29.8260311158332));
#5860=CARTESIAN_POINT('',(-4.63526225304678,9.,34.8532449868838));
#5861=CARTESIAN_POINT('Origin',(-4.63526225304678,7.5,34.8532449868838));
#5862=CARTESIAN_POINT('Ctrl Pts',(-4.63526225304678,9.,34.8532449868838));
#5863=CARTESIAN_POINT('Ctrl Pts',(-3.92089858183455,9.,32.8116480463115));
#5864=CARTESIAN_POINT('Ctrl Pts',(-3.34189990286087,9.,30.7215763337926));
#5865=CARTESIAN_POINT('Ctrl Pts',(-2.93286599406429,9.,28.5976372918874));
#5866=CARTESIAN_POINT('Origin',(1.5,7.5,37.));
#5867=CARTESIAN_POINT('',(8.,9.,37.));
#5868=CARTESIAN_POINT('Origin',(8.,7.5,37.));
#5869=CARTESIAN_POINT('Origin',(1.5,9.,37.));
#5870=CARTESIAN_POINT('Origin',(1.5,7.8,37.));
#5871=CARTESIAN_POINT('Origin',(8.,7.5,37.9687499999944));
#5872=CARTESIAN_POINT('',(8.,9.,30.0717967697245));
#5873=CARTESIAN_POINT('Ctrl Pts',(9.5,7.5,31.8765246170202));
#5874=CARTESIAN_POINT('Ctrl Pts',(9.5,7.59739347652838,31.8765246170202));
#5875=CARTESIAN_POINT('Ctrl Pts',(9.49043511332198,7.69331567773829,31.861512921393));
#5876=CARTESIAN_POINT('Ctrl Pts',(9.45477916889877,7.87739693350637,31.8064910363246));
#5877=CARTESIAN_POINT('Ctrl Pts',(9.4286728012719,7.96555830829688,31.7664985332587));
#5878=CARTESIAN_POINT('Ctrl Pts',(9.33155732098847,8.2129917427375,31.6213133530489));
#5879=CARTESIAN_POINT('Ctrl Pts',(9.2409406924786,8.35531387109994,31.4906240146409));
#5880=CARTESIAN_POINT('Ctrl Pts',(9.0049213862422,8.63501156415772,31.1705074719072));
#5881=CARTESIAN_POINT('Ctrl Pts',(8.82726590144953,8.77012036987312,30.9459999374794));
#5882=CARTESIAN_POINT('Ctrl Pts',(8.43127702121513,8.95312580185114,30.4963747407279));
#5883=CARTESIAN_POINT('Ctrl Pts',(8.21253808733991,9.,30.2711987678749));
#5884=CARTESIAN_POINT('Ctrl Pts',(8.,9.,30.0717967697245));
#5885=CARTESIAN_POINT('',(8.,9.,37.9687499999944));
#5886=CARTESIAN_POINT('Origin',(0.955068627540422,9.,38.9374999999889));
#5887=CARTESIAN_POINT('Origin',(1.5,9.,37.));
#5888=CARTESIAN_POINT('Origin',(5.30094659261463,0.,39.2552268145834));
#5889=CARTESIAN_POINT('',(5.30094659261463,-7.8,39.2552268145834));
#5890=CARTESIAN_POINT('',(5.30094659261463,0.,39.2552268145834));
#5891=CARTESIAN_POINT('',(5.39909971634638,-7.8,38.6775221152804));
#5892=CARTESIAN_POINT('',(4.41857979005263,0.,44.4486167849539));
#5893=CARTESIAN_POINT('Ctrl Pts',(-3.90266193346427,3.88222486208478,10.8276510825173));
#5894=CARTESIAN_POINT('Ctrl Pts',(-4.11081552285463,3.86004714867256,10.3880211448791));
#5895=CARTESIAN_POINT('Ctrl Pts',(-4.31888390982916,3.85,9.9457341368028));
#5896=CARTESIAN_POINT('Ctrl Pts',(-4.52741771761727,3.85,9.5));
#5897=CARTESIAN_POINT('Ctrl Pts',(-4.31809654633512,3.89153190081113,11.0121449831647));
#5898=CARTESIAN_POINT('Ctrl Pts',(-4.52416427810322,3.86577650045121,10.5720369527577));
#5899=CARTESIAN_POINT('Ctrl Pts',(-4.73052025042367,3.85284092949575,10.1289328184421));
#5900=CARTESIAN_POINT('Ctrl Pts',(-4.93741596025303,3.85,9.68254297854753));
#5901=CARTESIAN_POINT('Ctrl Pts',(-5.0374133488004,3.52168336486642,11.3510629557966));
#5902=CARTESIAN_POINT('Ctrl Pts',(-5.24017025751895,3.49359600875707,10.9025616197354));
#5903=CARTESIAN_POINT('Ctrl Pts',(-5.44341509988124,3.47840138843849,10.4521110964051));
#5904=CARTESIAN_POINT('Ctrl Pts',(-5.64770405659742,3.47401912418382,9.99878361387324));
#5905=CARTESIAN_POINT('Ctrl Pts',(-5.27936503093027,2.72475905290111,11.4989886856219));
#5906=CARTESIAN_POINT('Ctrl Pts',(-5.48510960929628,2.69983951932116,11.0368041184303));
#5907=CARTESIAN_POINT('Ctrl Pts',(-5.69110648717552,2.68790067593347,10.5742595868212));
#5908=CARTESIAN_POINT('Ctrl Pts',(-5.89773590408118,2.68659921288462,10.1101049646137));
#5909=CARTESIAN_POINT('Ctrl Pts',(-5.27298011992818,2.38412985050457,11.5133294305307));
#5910=CARTESIAN_POINT('Ctrl Pts',(-5.48113370931853,2.36054515493009,11.0458088141398));
#5911=CARTESIAN_POINT('Ctrl Pts',(-5.68920209629306,2.35,10.5784795655081));
#5912=CARTESIAN_POINT('Ctrl Pts',(-5.89773590408118,2.35,10.1101049646137));
#5913=CARTESIAN_POINT('',(-3.90266193346427,3.88222486208478,10.8276510825173));
#5914=CARTESIAN_POINT('Ctrl Pts',(-3.90266193346427,3.88222486208478,10.8276510825173));
#5915=CARTESIAN_POINT('Ctrl Pts',(-4.11081552285463,3.86004714867256,10.3880211448791));
#5916=CARTESIAN_POINT('Ctrl Pts',(-4.31888390982916,3.85,9.9457341368028));
#5917=CARTESIAN_POINT('Ctrl Pts',(-4.52741771761727,3.85,9.5));
#5918=CARTESIAN_POINT('',(-5.89773590408117,2.35,10.1101049646137));
#5919=CARTESIAN_POINT('Origin',(-4.52741771761727,2.35,9.5));
#5920=CARTESIAN_POINT('',(-5.30622787772442,2.38047363614919,11.4386537438705));
#5921=CARTESIAN_POINT('Ctrl Pts',(-5.89773590408118,2.35,10.1101049646137));
#5922=CARTESIAN_POINT('Ctrl Pts',(-5.70030513750602,2.35,10.5535417266416));
#5923=CARTESIAN_POINT('Ctrl Pts',(-5.50329155000669,2.35945212990025,10.9960414891239));
#5924=CARTESIAN_POINT('Ctrl Pts',(-5.30622786974849,2.38047318413831,11.4386537617847));
#5925=CARTESIAN_POINT('',(-5.30628379664455,2.38825970049694,11.4384784575286));
#5926=CARTESIAN_POINT('Ctrl Pts',(-5.30622787772441,2.38047363614919,11.4386537438705));
#5927=CARTESIAN_POINT('Ctrl Pts',(-5.30622787772441,2.38307041960511,11.4386537438705));
#5928=CARTESIAN_POINT('Ctrl Pts',(-5.30624649902998,2.38566581821364,11.4385953714681));
#5929=CARTESIAN_POINT('Ctrl Pts',(-5.30628379664455,2.38825970049702,11.4384784575286));
#5930=CARTESIAN_POINT('Ctrl Pts',(-5.30628218483192,2.38825955646214,11.4384800668962));
#5931=CARTESIAN_POINT('Ctrl Pts',(-5.30712647710159,2.44770823745582,11.435795475273));
#5932=CARTESIAN_POINT('Ctrl Pts',(-5.30454577475971,2.50700223326294,11.4318078784273));
#5933=CARTESIAN_POINT('Ctrl Pts',(-5.29869486025158,2.56582849025599,11.4265983158609));
#5934=CARTESIAN_POINT('Ctrl Pts',(-5.29275191605987,2.62558003197338,11.4213068115067));
#5935=CARTESIAN_POINT('Ctrl Pts',(-5.28343489441134,2.68485003575314,11.4147544592384));
#5936=CARTESIAN_POINT('Ctrl Pts',(-5.27085664584349,2.74331039367081,11.4070043377049));
#5937=CARTESIAN_POINT('Ctrl Pts',(-5.25831548958091,2.80159835640725,11.3992770706945));
#5938=CARTESIAN_POINT('Ctrl Pts',(-5.24253200717652,2.85908248045581,11.3903588933535));
#5939=CARTESIAN_POINT('Ctrl Pts',(-5.2235732637641,2.91542193370654,11.38029339363));
#5940=CARTESIAN_POINT('Ctrl Pts',(-5.21891751123315,2.92925737344841,11.3778215802405));
#5941=CARTESIAN_POINT('Ctrl Pts',(-5.21407007129989,2.94302366686629,11.3752804944947));
#5942=CARTESIAN_POINT('Ctrl Pts',(-5.20903155398676,2.95671551009558,11.3726706270283));
#5943=CARTESIAN_POINT('Ctrl Pts',(-5.18842155928414,3.01272183078233,11.3619949954262));
#5944=CARTESIAN_POINT('Ctrl Pts',(-5.16473939394361,3.06715350314515,11.3502331783384));
#5945=CARTESIAN_POINT('Ctrl Pts',(-5.13810960732898,3.11968816219531,11.3374443698275));
#5946=CARTESIAN_POINT('Ctrl Pts',(-5.11174652653943,3.17169666984255,11.3247836453218));
#5947=CARTESIAN_POINT('Ctrl Pts',(-5.08249419224054,3.22184695643196,11.3111161756866));
#5948=CARTESIAN_POINT('Ctrl Pts',(-5.05043056117837,3.26980643614479,11.2964820701555));
#5949=CARTESIAN_POINT('Ctrl Pts',(-5.03766751122593,3.28889688894101,11.2906569089459));
#5950=CARTESIAN_POINT('Ctrl Pts',(-5.02445857092385,3.30763991324942,11.2846784114684));
#5951=CARTESIAN_POINT('Ctrl Pts',(-5.01080693468216,3.32601311717411,11.2785484486382));
#5952=CARTESIAN_POINT('Ctrl Pts',(-4.98174196982073,3.36513051797563,11.2654974743002));
#5953=CARTESIAN_POINT('Ctrl Pts',(-4.95067123392247,3.40257291417408,11.2517602418425));
#5954=CARTESIAN_POINT('Ctrl Pts',(-4.9177485542429,3.43825644401822,11.2374035010642));
#5955=CARTESIAN_POINT('Ctrl Pts',(-4.87900488883389,3.48024909936553,11.2205083768977));
#5956=CARTESIAN_POINT('Ctrl Pts',(-4.83792195242102,3.51956395686451,11.2028533456092));
#5957=CARTESIAN_POINT('Ctrl Pts',(-4.79480429560607,3.55611950966143,11.1845607583457));
#5958=CARTESIAN_POINT('Ctrl Pts',(-4.75097518158026,3.59327824253714,11.165966336658));
#5959=CARTESIAN_POINT('Ctrl Pts',(-4.70504287720949,3.62758639959397,11.1467127753552));
#5960=CARTESIAN_POINT('Ctrl Pts',(-4.65729123636421,3.65892026641576,11.1269153339438));
#5961=CARTESIAN_POINT('Ctrl Pts',(-4.6095320395117,3.69025909136925,11.1071147598733));
#5962=CARTESIAN_POINT('Ctrl Pts',(-4.55995206483412,3.71862315720474,11.086769724469));
#5963=CARTESIAN_POINT('Ctrl Pts',(-4.50881203522575,3.74384340741551,11.0659883298299));
#5964=CARTESIAN_POINT('Ctrl Pts',(-4.49693060062754,3.74970286341749,11.0611601593507));
#5965=CARTESIAN_POINT('Ctrl Pts',(-4.48496489012226,3.75539241278326,11.0563084193691));
#5966=CARTESIAN_POINT('Ctrl Pts',(-4.47291807069845,3.76090954244462,11.051434446371));
#5967=CARTESIAN_POINT('Ctrl Pts',(-4.42115482467505,3.78461576148528,11.0304917680976));
#5968=CARTESIAN_POINT('Ctrl Pts',(-4.36812697264865,3.8050365045761,11.0092318542911));
#5969=CARTESIAN_POINT('Ctrl Pts',(-4.31410967464643,3.82203051119,10.9877645124159));
#5970=CARTESIAN_POINT('Ctrl Pts',(-4.27566611125624,3.83412497342111,10.9724864228275));
#5971=CARTESIAN_POINT('Ctrl Pts',(-4.23672081405566,3.84448288799652,10.9571030746275));
#5972=CARTESIAN_POINT('Ctrl Pts',(-4.19736853912267,3.85303786173717,10.9416530783454));
#5973=CARTESIAN_POINT('Ctrl Pts',(-4.14279406076729,3.8649020609489,10.9202267316061));
#5974=CARTESIAN_POINT('Ctrl Pts',(-4.08760414906555,3.87326435442049,10.8987376734611));
#5975=CARTESIAN_POINT('Ctrl Pts',(-4.03205583729683,3.87796887969018,10.8772891372568));
#5976=CARTESIAN_POINT('Ctrl Pts',(-3.99128216286033,3.88142210402079,10.8615454430834));
#5977=CARTESIAN_POINT('Ctrl Pts',(-3.95031499688803,3.88290363915026,10.845823465838));
#5978=CARTESIAN_POINT('Ctrl Pts',(-3.90925429571677,3.88233395955191,10.8301643341002));
#5979=CARTESIAN_POINT('Ctrl Pts',(-3.9070569697355,3.88230347366767,10.8293263499443));
#5980=CARTESIAN_POINT('Ctrl Pts',(-3.90485951052145,3.88226711162596,10.8284885973145));
#5981=CARTESIAN_POINT('Ctrl Pts',(-3.90266193346427,3.88222486208478,10.8276510825173));
#5982=CARTESIAN_POINT('Ctrl Pts',(-3.06427102777424,4.22954196930143,13.6876660898268));
#5983=CARTESIAN_POINT('Ctrl Pts',(-3.29364523003567,4.03841061357661,12.7431261459119));
#5984=CARTESIAN_POINT('Ctrl Pts',(-3.57441942588646,3.93064033045974,11.7873933673407));
#5985=CARTESIAN_POINT('Ctrl Pts',(-3.90266193346429,3.88222486208478,10.8276510825173));
#5986=CARTESIAN_POINT('Ctrl Pts',(-3.51476460228345,4.24908729047848,13.7842558748904));
#5987=CARTESIAN_POINT('Ctrl Pts',(-3.73916472725921,4.05528136118096,12.8551496320225));
#5988=CARTESIAN_POINT('Ctrl Pts',(-4.01325426492208,3.94277671409832,11.9129735649618));
#5989=CARTESIAN_POINT('Ctrl Pts',(-4.33415610054164,3.88920762536321,10.9660707530929));
#5990=CARTESIAN_POINT('Ctrl Pts',(-4.29424915984988,3.89250199802268,14.0303840729251));
#5991=CARTESIAN_POINT('Ctrl Pts',(-4.51037146346124,3.69287100578261,13.1040794651119));
#5992=CARTESIAN_POINT('Ctrl Pts',(-4.77263372614149,3.57506950701063,12.1663637803441));
#5993=CARTESIAN_POINT('Ctrl Pts',(-5.08133751162192,3.51788333114062,11.2251021293353));
#5994=CARTESIAN_POINT('Ctrl Pts',(-4.54284848165063,3.09864621577271,14.2465083377708));
#5995=CARTESIAN_POINT('Ctrl Pts',(-4.75996311629053,2.89318623616421,13.2829816492261));
#5996=CARTESIAN_POINT('Ctrl Pts',(-5.02493123271176,2.77681772037375,12.3115409813549));
#5997=CARTESIAN_POINT('Ctrl Pts',(-5.33562208330841,2.72364331787854,11.3469485394237));
#5998=CARTESIAN_POINT('Ctrl Pts',(-4.52825152101096,2.7593402449355,14.3119103598165));
#5999=CARTESIAN_POINT('Ctrl Pts',(-4.74763455171511,2.55137779666873,13.328959582271));
#6000=CARTESIAN_POINT('Ctrl Pts',(-5.01625943543969,2.43561685737019,12.3399672601715));
#6001=CARTESIAN_POINT('Ctrl Pts',(-5.33063016155339,2.38412985050457,11.3624703037512));
#6002=CARTESIAN_POINT('',(-5.30622787757979,2.38826951774898,11.4386537440615));
#6003=CARTESIAN_POINT('',(-5.1905586980778,2.41206124987916,11.8085294232741));
#6004=CARTESIAN_POINT('Ctrl Pts',(-5.3062289156508,2.38827195768378,11.4386539383737));
#6005=CARTESIAN_POINT('Ctrl Pts',(-5.26695257889025,2.39517625589733,11.5617835743648));
#6006=CARTESIAN_POINT('Ctrl Pts',(-5.22840266116486,2.4031106621887,11.6850881708286));
#6007=CARTESIAN_POINT('Ctrl Pts',(-5.19058613731749,2.41213089448295,11.808532740116));
#6008=CARTESIAN_POINT('',(-3.06427102777424,4.22954196930143,13.6876660898268));
#6009=CARTESIAN_POINT('Ctrl Pts',(-5.19055869712562,2.41206125003836,11.8085294253746));
#6010=CARTESIAN_POINT('Ctrl Pts',(-5.19055869712562,2.51801261703629,11.8085294253746));
#6011=CARTESIAN_POINT('Ctrl Pts',(-5.17454820192015,2.62119993498483,11.8226789259291));
#6012=CARTESIAN_POINT('Ctrl Pts',(-5.1089385935422,2.84890380467746,11.8806623410712));
#6013=CARTESIAN_POINT('Ctrl Pts',(-5.05171948811849,2.96706108733109,11.9312305310959));
#6014=CARTESIAN_POINT('Ctrl Pts',(-4.87298435302944,3.25089933028154,12.0891902231982));
#6015=CARTESIAN_POINT('Ctrl Pts',(-4.72839551975717,3.40336455189909,12.2169726406279));
#6016=CARTESIAN_POINT('Ctrl Pts',(-4.3647577746711,3.7130929983091,12.5383426176162));
#6017=CARTESIAN_POINT('Ctrl Pts',(-4.11765229326111,3.86087720585805,12.7567255655715));
#6018=CARTESIAN_POINT('Ctrl Pts',(-3.61419548264852,4.09221489118397,13.2016626102748));
#6019=CARTESIAN_POINT('Ctrl Pts',(-3.33666875702366,4.18082823307073,13.4469307614306));
#6020=CARTESIAN_POINT('Ctrl Pts',(-3.06427102777424,4.22954196930143,13.6876660898268));
#6021=CARTESIAN_POINT('Ctrl Pts',(-3.06427102777424,4.22954196930143,13.6876660898268));
#6022=CARTESIAN_POINT('Ctrl Pts',(-3.29364523003567,4.03841061357661,12.7431261459119));
#6023=CARTESIAN_POINT('Ctrl Pts',(-3.57441942588646,3.93064033045974,11.7873933673407));
#6024=CARTESIAN_POINT('Ctrl Pts',(-3.90266193346429,3.88222486208478,10.8276510825173));
#6025=CARTESIAN_POINT('Ctrl Pts',(-5.3062289139404,2.38827195798444,11.4386539437357));
#6026=CARTESIAN_POINT('Ctrl Pts',(-5.30624755189175,2.38826868166121,11.4385955145553));
#6027=CARTESIAN_POINT('Ctrl Pts',(-5.30626619000667,2.38826540556993,11.4385370854143));
#6028=CARTESIAN_POINT('Ctrl Pts',(-5.30628482828516,2.38826212971061,11.4384786563127));
#6029=CARTESIAN_POINT('Origin',(-5.54339470063199,2.35,7.21807833470869));
#6030=CARTESIAN_POINT('',(-6.91371288709589,2.35,7.82818329932239));
#6031=CARTESIAN_POINT('Origin',(8.,2.35,23.25));
#6032=CARTESIAN_POINT('Origin',(8.,2.35,9.5));
#6033=CARTESIAN_POINT('',(9.5,2.35,29.6000000000269));
#6034=CARTESIAN_POINT('Ctrl Pts',(8.,3.85,9.5));
#6035=CARTESIAN_POINT('Ctrl Pts',(8.,3.85,11.1197624355866));
#6036=CARTESIAN_POINT('Ctrl Pts',(8.,4.05762411041335,13.4979588821343));
#6037=CARTESIAN_POINT('Ctrl Pts',(8.,5.00205494098805,16.4903528272471));
#6038=CARTESIAN_POINT('Ctrl Pts',(8.,5.94372566044358,18.9273325062196));
#6039=CARTESIAN_POINT('Ctrl Pts',(8.,6.86044265114528,22.5398930680968));
#6040=CARTESIAN_POINT('Ctrl Pts',(8.,7.,25.238053578107));
#6041=CARTESIAN_POINT('Ctrl Pts',(8.,7.,27.));
#6042=CARTESIAN_POINT('Ctrl Pts',(8.44879895051283,3.85,9.5));
#6043=CARTESIAN_POINT('Ctrl Pts',(8.44879895051283,3.85,11.1194948877912));
#6044=CARTESIAN_POINT('Ctrl Pts',(8.44879895051283,4.05770703088483,13.4979287878185));
#6045=CARTESIAN_POINT('Ctrl Pts',(8.44879895051283,5.00189240735158,16.489646026636));
#6046=CARTESIAN_POINT('Ctrl Pts',(8.44879895051283,5.94360826546829,18.9266724607309));
#6047=CARTESIAN_POINT('Ctrl Pts',(8.44879895051283,6.86054832248938,22.5401324000877));
#6048=CARTESIAN_POINT('Ctrl Pts',(8.44879895051283,7.,25.2378587541319));
#6049=CARTESIAN_POINT('Ctrl Pts',(8.44879895051283,7.,27.));
#6050=CARTESIAN_POINT('Ctrl Pts',(9.22604013936699,3.4736998807105,9.5));
#6051=CARTESIAN_POINT('Ctrl Pts',(9.22604013936699,3.4736998807105,11.1404881971135));
#6052=CARTESIAN_POINT('Ctrl Pts',(9.22604013936698,3.68375047990701,13.5677702542977));
#6053=CARTESIAN_POINT('Ctrl Pts',(9.22604013936699,4.65094942780655,16.6264964844545));
#6054=CARTESIAN_POINT('Ctrl Pts',(9.22604013936698,5.58666704792201,19.048923343546));
#6055=CARTESIAN_POINT('Ctrl Pts',(9.22604013936698,6.48381251347171,22.5867426015544));
#6056=CARTESIAN_POINT('Ctrl Pts',(9.22604013936699,6.6236998807105,25.2531457422695));
#6057=CARTESIAN_POINT('Ctrl Pts',(9.22604013936699,6.6236998807105,27.));
#6058=CARTESIAN_POINT('Ctrl Pts',(9.5,2.68659921288462,9.5));
#6059=CARTESIAN_POINT('Ctrl Pts',(9.5,2.68659921288462,11.1836198529902));
#6060=CARTESIAN_POINT('Ctrl Pts',(9.5,2.90179346480874,13.7137687799618));
#6061=CARTESIAN_POINT('Ctrl Pts',(9.5,3.91641420334902,16.9106845130241));
#6062=CARTESIAN_POINT('Ctrl Pts',(9.5,4.83971695417518,19.3027099407867));
#6063=CARTESIAN_POINT('Ctrl Pts',(9.5,5.69610847228127,22.684933851274));
#6064=CARTESIAN_POINT('Ctrl Pts',(9.5,5.83659921288462,25.2845535161284));
#6065=CARTESIAN_POINT('Ctrl Pts',(9.5,5.83659921288462,27.));
#6066=CARTESIAN_POINT('Ctrl Pts',(9.5,2.35,9.5));
#6067=CARTESIAN_POINT('Ctrl Pts',(9.5,2.35,11.2020360831084));
#6068=CARTESIAN_POINT('Ctrl Pts',(9.5,2.56740282670308,13.7762009981236));
#6069=CARTESIAN_POINT('Ctrl Pts',(9.5,3.60227682435798,17.0321399035023));
#6070=CARTESIAN_POINT('Ctrl Pts',(9.5,4.52027528143646,19.4111693584221));
#6071=CARTESIAN_POINT('Ctrl Pts',(9.5,5.35926259798249,22.7269505385452));
#6072=CARTESIAN_POINT('Ctrl Pts',(9.5,5.5,25.2979639168916));
#6073=CARTESIAN_POINT('Ctrl Pts',(9.5,5.5,27.));
#6074=CARTESIAN_POINT('',(8.,7.,27.));
#6075=CARTESIAN_POINT('Origin',(8.,5.5,27.));
#6076=CARTESIAN_POINT('Ctrl Pts',(8.,3.85,9.5));
#6077=CARTESIAN_POINT('Ctrl Pts',(8.,3.85,11.1197624355866));
#6078=CARTESIAN_POINT('Ctrl Pts',(8.,4.05762411041335,13.4979588821343));
#6079=CARTESIAN_POINT('Ctrl Pts',(8.,5.00205494098805,16.4903528272471));
#6080=CARTESIAN_POINT('Ctrl Pts',(8.,5.94372566044358,18.9273325062196));
#6081=CARTESIAN_POINT('Ctrl Pts',(8.,6.86044265114528,22.5398930680968));
#6082=CARTESIAN_POINT('Ctrl Pts',(8.,7.,25.238053578107));
#6083=CARTESIAN_POINT('Ctrl Pts',(8.,7.,27.));
#6084=CARTESIAN_POINT('Origin',(8.,5.5,31.2191311542551));
#6085=CARTESIAN_POINT('',(8.,7.,30.0717967697245));
#6086=CARTESIAN_POINT('Ctrl Pts',(9.5,5.5,31.8765246170202));
#6087=CARTESIAN_POINT('Ctrl Pts',(9.5,5.59739347652838,31.8765246170202));
#6088=CARTESIAN_POINT('Ctrl Pts',(9.49043511332198,5.69331567773829,31.861512921393));
#6089=CARTESIAN_POINT('Ctrl Pts',(9.45477916889877,5.87739693350637,31.8064910363246));
#6090=CARTESIAN_POINT('Ctrl Pts',(9.4286728012719,5.96555830829688,31.7664985332587));
#6091=CARTESIAN_POINT('Ctrl Pts',(9.33155732098847,6.2129917427375,31.6213133530489));
#6092=CARTESIAN_POINT('Ctrl Pts',(9.2409406924786,6.35531387109994,31.4906240146409));
#6093=CARTESIAN_POINT('Ctrl Pts',(9.0049213862422,6.63501156415772,31.1705074719072));
#6094=CARTESIAN_POINT('Ctrl Pts',(8.82726590144953,6.77012036987312,30.9459999374794));
#6095=CARTESIAN_POINT('Ctrl Pts',(8.43127702121513,6.95312580185114,30.4963747407279));
#6096=CARTESIAN_POINT('Ctrl Pts',(8.21253808733991,7.,30.2711987678749));
#6097=CARTESIAN_POINT('Ctrl Pts',(8.,7.,30.0717967697245));
#6098=CARTESIAN_POINT('',(8.,7.,31.2191311542551));
#6099=CARTESIAN_POINT('Origin',(-1.,1.35,15.5119946741337));
#6100=CARTESIAN_POINT('',(-5.19055869711484,-2.41206125004016,11.8085294253984));
#6101=CARTESIAN_POINT('Ctrl Pts',(-5.19055869711165,-2.41206125004016,11.8085294253974));
#6102=CARTESIAN_POINT('Ctrl Pts',(-5.19055869711777,-1.60804083336011,11.8085294253874));
#6103=CARTESIAN_POINT('Ctrl Pts',(-5.19055869712562,-0.804020416680052,
11.8085294253746));
#6104=CARTESIAN_POINT('Ctrl Pts',(-5.19055869712562,0.804020416626387,11.8085294253746));
#6105=CARTESIAN_POINT('Ctrl Pts',(-5.1905586978191,1.60804083325277,11.8085294242429));
#6106=CARTESIAN_POINT('Ctrl Pts',(-5.19055869835982,2.41206124987916,11.8085294233606));
#6107=CARTESIAN_POINT('',(-3.06427102777424,-4.22954196930143,13.6876660898268));
#6108=CARTESIAN_POINT('Ctrl Pts',(-3.06427102777424,-4.22954196930143,13.6876660898268));
#6109=CARTESIAN_POINT('Ctrl Pts',(-3.56519506300291,-4.13996016041123,13.2449674210287));
#6110=CARTESIAN_POINT('Ctrl Pts',(-4.08973819635767,-3.91452365971474,12.7813950417212));
#6111=CARTESIAN_POINT('Ctrl Pts',(-4.70714730334709,-3.43387038098352,12.2357510507252));
#6112=CARTESIAN_POINT('Ctrl Pts',(-4.88346365987175,-3.24436170977542,12.0799289882339));
#6113=CARTESIAN_POINT('Ctrl Pts',(-5.06188640116041,-2.94493995163493,11.922245378551));
#6114=CARTESIAN_POINT('Ctrl Pts',(-5.11036755572933,-2.84080924070187,11.8793994756182));
#6115=CARTESIAN_POINT('Ctrl Pts',(-5.17362364866744,-2.62702743020306,11.823496012882));
#6116=CARTESIAN_POINT('Ctrl Pts',(-5.19055869712561,-2.52103388288504,11.8085294253746));
#6117=CARTESIAN_POINT('Ctrl Pts',(-5.19055869712561,-2.41206125003836,11.8085294253746));
#6118=CARTESIAN_POINT('',(-1.,-4.70188977813152,15.5119946741337));
#6119=CARTESIAN_POINT('Ctrl Pts',(-0.999999999999999,-4.70188977813152,
15.5119946741337));
#6120=CARTESIAN_POINT('Ctrl Pts',(-1.63502863725564,-4.5265877460278,14.950779175194));
#6121=CARTESIAN_POINT('Ctrl Pts',(-2.30875793299218,-4.36465273442954,14.3553614244434));
#6122=CARTESIAN_POINT('Ctrl Pts',(-3.06427102777424,-4.22954196930143,13.6876660898268));
#6123=CARTESIAN_POINT('',(-1.,4.70188977813152,15.5119946741337));
#6124=CARTESIAN_POINT('',(-1.,1.35,15.5119946741337));
#6125=CARTESIAN_POINT('Ctrl Pts',(-3.06427102777424,4.22954196930143,13.6876660898268));
#6126=CARTESIAN_POINT('Ctrl Pts',(-2.30875322356667,4.36465357663081,14.3553655864645));
#6127=CARTESIAN_POINT('Ctrl Pts',(-1.63502492081865,4.52658877196414,14.9507824596476));
#6128=CARTESIAN_POINT('Ctrl Pts',(-1.,4.70188977813152,15.5119946741337));
#6129=CARTESIAN_POINT('Ctrl Pts',(-8.28064455684826,-3.95329494591077,4.656278097702));
#6130=CARTESIAN_POINT('Ctrl Pts',(-8.28064455684826,3.9532949455409,4.656278097702));
#6131=CARTESIAN_POINT('Ctrl Pts',(-0.5,-3.95329494591077,18.4932420089069));
#6132=CARTESIAN_POINT('Ctrl Pts',(-0.5,3.9532949455409,18.4932420089069));
#6133=CARTESIAN_POINT('Ctrl Pts',(-6.05109200374989,-3.95329494591077,34.357839983857));
#6134=CARTESIAN_POINT('Ctrl Pts',(-6.05109200374989,3.9532949455409,34.357839983857));
#6135=CARTESIAN_POINT('',(-5.30622787772442,-2.38047363614919,11.4386537438705));
#6136=CARTESIAN_POINT('',(-5.30622787772442,0.,11.4386537438705));
#6137=CARTESIAN_POINT('',(-5.30628379664454,-2.38825970049694,11.4384784575287));
#6138=CARTESIAN_POINT('Ctrl Pts',(-5.30628218483192,-2.38825955646214,11.4384800668962));
#6139=CARTESIAN_POINT('Ctrl Pts',(-5.30624547458229,-2.38567468779611,11.4385967944176));
#6140=CARTESIAN_POINT('Ctrl Pts',(-5.30622696675335,-2.38307923173148,11.4386557117798));
#6141=CARTESIAN_POINT('Ctrl Pts',(-5.3062269865664,-2.38047327834864,11.4386557454442));
#6142=CARTESIAN_POINT('',(-5.30622787772439,-2.38826951773127,11.4386537438705));
#6143=CARTESIAN_POINT('Ctrl Pts',(-5.30628482734054,-2.38826212798014,11.4384786561043));
#6144=CARTESIAN_POINT('Ctrl Pts',(-5.30626618908354,-2.38826540383283,11.4385370851337));
#6145=CARTESIAN_POINT('Ctrl Pts',(-5.30624755099012,-2.38826867991748,11.4385955142026));
#6146=CARTESIAN_POINT('Ctrl Pts',(-5.30622891306028,-2.38827195623409,11.4386539433108));
#6147=CARTESIAN_POINT('Ctrl Pts',(-5.19058611168491,-2.41213084857375,11.8085327380638));
#6148=CARTESIAN_POINT('Ctrl Pts',(-5.22840263576812,-2.40311064017274,11.685088206862));
#6149=CARTESIAN_POINT('Ctrl Pts',(-5.26695255958757,-2.39517625137816,11.5617836216764));
#6150=CARTESIAN_POINT('Ctrl Pts',(-5.30622891476943,-2.38827195593364,11.4386539379527));
#6151=CARTESIAN_POINT('Ctrl Pts',(-23.,7.,27.));
#6152=CARTESIAN_POINT('Ctrl Pts',(23.,7.,27.));
#6153=CARTESIAN_POINT('Ctrl Pts',(-23.,7.,17.375));
#6154=CARTESIAN_POINT('Ctrl Pts',(23.,7.,17.375));
#6155=CARTESIAN_POINT('Ctrl Pts',(-23.,3.85,17.375));
#6156=CARTESIAN_POINT('Ctrl Pts',(23.,3.85,17.375));
#6157=CARTESIAN_POINT('Ctrl Pts',(-23.,3.85,9.5));
#6158=CARTESIAN_POINT('Ctrl Pts',(23.,3.85,9.5));
#6159=CARTESIAN_POINT('',(-2.30345935542674,5.88350877603972,18.9260043103779));
#6160=CARTESIAN_POINT('Ctrl Pts',(-1.,4.70188977813086,15.5119946741315));
#6161=CARTESIAN_POINT('Ctrl Pts',(-1.13074959075543,4.80886633052778,15.854471589589));
#6162=CARTESIAN_POINT('Ctrl Pts',(-1.25731108497233,4.92146104958615,16.1859425383063));
#6163=CARTESIAN_POINT('Ctrl Pts',(-1.38256414347867,5.03697062235239,16.5139956211208));
#6164=CARTESIAN_POINT('Ctrl Pts',(-1.52220107769334,5.16574514335706,16.8797218340387));
#6165=CARTESIAN_POINT('Ctrl Pts',(-1.66021180305947,5.29814276269656,17.2411990413341));
#6166=CARTESIAN_POINT('Ctrl Pts',(-1.80058635944863,5.43044423276166,17.6088764073044));
#6167=CARTESIAN_POINT('Ctrl Pts',(-1.96298735657979,5.58350538011749,18.034246733609));
#6168=CARTESIAN_POINT('Ctrl Pts',(-2.12855221195883,5.73643884337847,18.4679124968056));
#6169=CARTESIAN_POINT('Ctrl Pts',(-2.30345935542674,5.88350877603972,18.9260043103779));
#6170=CARTESIAN_POINT('',(-2.65860446561439,7.,27.));
#6171=CARTESIAN_POINT('Ctrl Pts',(-2.6586044656144,7.,27.));
#6172=CARTESIAN_POINT('Ctrl Pts',(-2.43923597637942,7.,25.4923425714821));
#6173=CARTESIAN_POINT('Ctrl Pts',(-2.2009765635579,6.87986537160342,22.7996779547638));
#6174=CARTESIAN_POINT('Ctrl Pts',(-2.23957345443091,6.24224868672301,20.0434034504469));
#6175=CARTESIAN_POINT('Ctrl Pts',(-2.30345935542675,5.88350877603972,18.9260043103779));
#6176=CARTESIAN_POINT('',(1.19307654232365,7.,27.));
#6177=CARTESIAN_POINT('Origin',(-8.67868184760471,0.,3.8639981092201));
#6178=CARTESIAN_POINT('',(-5.34704131229466,-1.,11.3469852689564));
#6179=CARTESIAN_POINT('',(-7.95353423382793,-1.,5.49270631627164));
#6180=CARTESIAN_POINT('',(-5.34704131229466,-2.,11.3469852689564));
#6181=CARTESIAN_POINT('',(-5.34704131229466,-1.5,11.3469852689564));
#6182=CARTESIAN_POINT('',(-8.67868184760471,-2.,3.8639981092201));
#6183=CARTESIAN_POINT('',(-7.95353423382793,-2.,5.49270631627164));
#6184=CARTESIAN_POINT('',(-8.67868184760471,-2.35,3.8639981092201));
#6185=CARTESIAN_POINT('',(-8.67868184760471,0.,3.8639981092201));
#6186=CARTESIAN_POINT('',(-5.89773590408118,-2.35,10.1101049646137));
#6187=CARTESIAN_POINT('',(-6.91371288709589,-2.35,7.82818329932239));
#6188=CARTESIAN_POINT('Ctrl Pts',(-5.30622786974849,-2.38047318413831,11.4386537617847));
#6189=CARTESIAN_POINT('Ctrl Pts',(-5.50329155000669,-2.35945212990025,10.9960414891239));
#6190=CARTESIAN_POINT('Ctrl Pts',(-5.70030513750602,-2.35,10.5535417266416));
#6191=CARTESIAN_POINT('Ctrl Pts',(-5.89773590408117,-2.35,10.1101049646137));
#6192=CARTESIAN_POINT('Ctrl Pts',(-3.26684298213588,7.,30.1664937396756));
#6193=CARTESIAN_POINT('Ctrl Pts',(-3.02282910743724,7.,29.119483433836));
#6194=CARTESIAN_POINT('Ctrl Pts',(-2.81873014675178,7.,28.0630788613238));
#6195=CARTESIAN_POINT('Ctrl Pts',(-2.65860446561439,7.,27.));
#6196=CARTESIAN_POINT('Ctrl Pts',(-3.70392853393174,7.,30.0646275608294));
#6197=CARTESIAN_POINT('Ctrl Pts',(-3.46251334131195,7.,29.0287676328997));
#6198=CARTESIAN_POINT('Ctrl Pts',(-3.2606732547586,7.,27.9839522488369));
#6199=CARTESIAN_POINT('Ctrl Pts',(-3.1023973251474,7.,26.9331539394658));
#6200=CARTESIAN_POINT('Ctrl Pts',(-4.46089635716369,6.62371490639138,29.8882103369121));
#6201=CARTESIAN_POINT('Ctrl Pts',(-4.22394454682974,6.62371490639138,28.8715018087049));
#6202=CARTESIAN_POINT('Ctrl Pts',(-4.02608009543049,6.62371490639138,27.8470921767376));
#6203=CARTESIAN_POINT('Ctrl Pts',(-3.87098121785746,6.62371490639138,26.8173864044232));
#6204=CARTESIAN_POINT('Ctrl Pts',(-4.72769383070541,5.83659921288462,29.8260311158332));
#6205=CARTESIAN_POINT('Ctrl Pts',(-4.4923334555797,5.83659921288462,28.8161510889403));
#6206=CARTESIAN_POINT('Ctrl Pts',(-4.29583892708826,5.83659921288462,27.7987686512498));
#6207=CARTESIAN_POINT('Ctrl Pts',(-4.14187283898925,5.83659921288462,26.7765834998352));
#6208=CARTESIAN_POINT('Ctrl Pts',(-4.72769383070541,5.5,29.8260311158332));
#6209=CARTESIAN_POINT('Ctrl Pts',(-4.49232681410828,5.5,28.8161225918352));
#6210=CARTESIAN_POINT('Ctrl Pts',(-4.29584365451221,5.5,27.7988000367491));
#6211=CARTESIAN_POINT('Ctrl Pts',(-4.14187283898925,5.5,26.7765834998352));
#6212=CARTESIAN_POINT('',(-2.932865994061,7.,28.5976372918823));
#6213=CARTESIAN_POINT('Ctrl Pts',(-2.93286599406447,7.,28.5976372918883));
#6214=CARTESIAN_POINT('Ctrl Pts',(-3.21305363031092,7.,28.7454569335559));
#6215=CARTESIAN_POINT('Ctrl Pts',(-3.48803859788375,6.93901778548606,28.9094090647188));
#6216=CARTESIAN_POINT('Ctrl Pts',(-3.99446193365763,6.71602169571499,29.2439082799876));
#6217=CARTESIAN_POINT('Ctrl Pts',(-4.2166846518855,6.55292875777061,29.409531955871));
#6218=CARTESIAN_POINT('Ctrl Pts',(-4.48600781957257,6.24392763472196,29.6220306341553));
#6219=CARTESIAN_POINT('Ctrl Pts',(-4.57518454063952,6.10784737326318,29.6959761890151));
#6220=CARTESIAN_POINT('Ctrl Pts',(-4.66621756004116,5.88332431917404,29.7730233067271));
#6221=CARTESIAN_POINT('Ctrl Pts',(-4.68920750116027,5.80851258113361,29.7927721393487));
#6222=CARTESIAN_POINT('Ctrl Pts',(-4.71985815203502,5.65505167611585,29.8192088850673));
#6223=CARTESIAN_POINT('Ctrl Pts',(-4.72769383070541,5.57807145943192,29.8260311158332));
#6224=CARTESIAN_POINT('Ctrl Pts',(-4.72769383070541,5.5,29.8260311158332));
#6225=CARTESIAN_POINT('Ctrl Pts',(-2.93287529385205,7.,28.5976355009058));
#6226=CARTESIAN_POINT('Ctrl Pts',(-2.8306855278019,7.,28.0670068514351));
#6227=CARTESIAN_POINT('Ctrl Pts',(-2.7390901265694,7.,27.5343465469948));
#6228=CARTESIAN_POINT('Ctrl Pts',(-2.65860446561439,7.,27.));
#6229=CARTESIAN_POINT('Origin',(-2.65860446561439,5.5,27.));
#6230=CARTESIAN_POINT('Ctrl Pts',(-2.6586044656144,7.,27.));
#6231=CARTESIAN_POINT('Ctrl Pts',(-2.43923597637942,7.,25.4923425714821));
#6232=CARTESIAN_POINT('Ctrl Pts',(-2.2009765635579,6.87986537160342,22.7996779547638));
#6233=CARTESIAN_POINT('Ctrl Pts',(-2.23957345443091,6.24224868672301,20.0434034504469));
#6234=CARTESIAN_POINT('Ctrl Pts',(-2.30345935542675,5.88350877603972,18.9260043103779));
#6235=CARTESIAN_POINT('Ctrl Pts',(-3.1023973251474,7.,26.9331539394658));
#6236=CARTESIAN_POINT('Ctrl Pts',(-2.88409275663824,6.99764442158796,25.4423753248958));
#6237=CARTESIAN_POINT('Ctrl Pts',(-2.64686120560903,6.87463719231521,22.7819678631219));
#6238=CARTESIAN_POINT('Ctrl Pts',(-2.69018306125124,6.24507388947244,20.0564730048826));
#6239=CARTESIAN_POINT('Ctrl Pts',(-2.75678692000482,5.89150296869307,18.950904533995));
#6240=CARTESIAN_POINT('Ctrl Pts',(-3.87100918972829,6.62374886488296,26.8173821911752));
#6241=CARTESIAN_POINT('Ctrl Pts',(-3.6547175430891,6.62011527697111,25.3689329892998));
#6242=CARTESIAN_POINT('Ctrl Pts',(-3.41964326531558,6.49557573537207,22.7918512146312));
#6243=CARTESIAN_POINT('Ctrl Pts',(-3.47070874254469,5.88363246603693,20.1783521049095));
#6244=CARTESIAN_POINT('Ctrl Pts',(-3.54151971894038,5.53810077309604,19.1119102935035));
#6245=CARTESIAN_POINT('Ctrl Pts',(-4.14187283898926,5.83659921288462,26.7765834998352));
#6246=CARTESIAN_POINT('Ctrl Pts',(-3.92923365549702,5.83552009484719,25.364995895065));
#6247=CARTESIAN_POINT('Ctrl Pts',(-3.69863306721798,5.71435019587162,22.8682508859969));
#6248=CARTESIAN_POINT('Ctrl Pts',(-3.74178158032079,5.12025760962439,20.3947937044029));
#6249=CARTESIAN_POINT('Ctrl Pts',(-3.80699915943419,4.7796231218062,19.3715039932878));
#6250=CARTESIAN_POINT('Ctrl Pts',(-4.14187283898926,5.5,26.7765834998352));
#6251=CARTESIAN_POINT('Ctrl Pts',(-3.93093637366007,5.5,25.3761704256735));
#6252=CARTESIAN_POINT('Ctrl Pts',(-3.70255974944972,5.38026007097286,22.905937190437));
#6253=CARTESIAN_POINT('Ctrl Pts',(-3.73959667281472,4.79382567227869,20.4839546300567));
#6254=CARTESIAN_POINT('Ctrl Pts',(-3.80071362514923,4.45530810042003,19.4752441810529));
#6255=CARTESIAN_POINT('Ctrl Pts',(-2.30345935542674,5.88350877603972,18.9260043103779));
#6256=CARTESIAN_POINT('Ctrl Pts',(-2.62769709789592,6.15615668979414,19.7752450424462));
#6257=CARTESIAN_POINT('Ctrl Pts',(-2.93225316352151,6.21965313668548,20.572935694244));
#6258=CARTESIAN_POINT('Ctrl Pts',(-3.34804416312837,6.10480641497213,21.661971937232));
#6259=CARTESIAN_POINT('Ctrl Pts',(-3.49270750445011,5.99454468970414,22.0408729280387));
#6260=CARTESIAN_POINT('Ctrl Pts',(-3.64605500888183,5.76441410718064,22.4425194048883));
#6261=CARTESIAN_POINT('Ctrl Pts',(-3.68726596491558,5.67672080463815,22.5504587897653));
#6262=CARTESIAN_POINT('Ctrl Pts',(-3.73063242937865,5.52894910266144,22.6640438639376));
#6263=CARTESIAN_POINT('Ctrl Pts',(-3.74271684358351,5.4744499769771,22.6956952586586));
#6264=CARTESIAN_POINT('Ctrl Pts',(-3.7587053182045,5.3583468517255,22.7375721351393));
#6265=CARTESIAN_POINT('Ctrl Pts',(-3.76267427664066,5.29981556660411,22.7479675972536));
#6266=CARTESIAN_POINT('Ctrl Pts',(-3.76267427664066,5.23933241790305,22.7479675972536));
#6267=CARTESIAN_POINT('Origin',(-9.50000000000001,1.35,37.7751222409884));
#6268=CARTESIAN_POINT('',(-2.30345935542674,-5.88350877603972,18.9260043103779));
#6269=CARTESIAN_POINT('Ctrl Pts',(-2.30345935542674,-5.88350877603972,18.9260043103779));
#6270=CARTESIAN_POINT('Ctrl Pts',(-1.84177956188295,-5.49528736919888,17.7167765293538));
#6271=CARTESIAN_POINT('Ctrl Pts',(-1.44528864834922,-5.06619564655933,16.678290907342));
#6272=CARTESIAN_POINT('Ctrl Pts',(-0.999999999999999,-4.70188977813152,
15.5119946741337));
#6273=CARTESIAN_POINT('Ctrl Pts',(-3.76267427664066,-5.23933241790304,22.7479675972536));
#6274=CARTESIAN_POINT('Ctrl Pts',(-3.76267427664066,-5.30389520470257,22.7479675972536));
#6275=CARTESIAN_POINT('Ctrl Pts',(-3.75815170714393,-5.36610219942932,22.736122121767));
#6276=CARTESIAN_POINT('Ctrl Pts',(-3.73959580260088,-5.49215800775599,22.6875206547129));
#6277=CARTESIAN_POINT('Ctrl Pts',(-3.72506610446331,-5.5518993430105,22.6494645931663));
#6278=CARTESIAN_POINT('Ctrl Pts',(-3.68100264860849,-5.68843874486805,22.5340539650801));
#6279=CARTESIAN_POINT('Ctrl Pts',(-3.64709900276182,-5.75758774900915,22.4452538247765));
#6280=CARTESIAN_POINT('Ctrl Pts',(-3.55016811231795,-5.91492433755936,22.191373262527));
#6281=CARTESIAN_POINT('Ctrl Pts',(-3.47083621503589,-5.99834578239732,21.98358783321));
#6282=CARTESIAN_POINT('Ctrl Pts',(-3.23925901539459,-6.15279287857463,21.3770428053054));
#6283=CARTESIAN_POINT('Ctrl Pts',(-3.06664746465034,-6.19730818108045,20.9249401025134));
#6284=CARTESIAN_POINT('Ctrl Pts',(-2.68139826222576,-6.13849683162927,19.9158986744419));
#6285=CARTESIAN_POINT('Ctrl Pts',(-2.48862855447497,-6.03921549737206,19.410997898597));
#6286=CARTESIAN_POINT('Ctrl Pts',(-2.30345935542674,-5.88350877603972,18.9260043103779));
#6287=CARTESIAN_POINT('Origin',(8.,-5.5,31.2191311542551));
#6288=CARTESIAN_POINT('',(8.,-7.,27.));
#6289=CARTESIAN_POINT('Origin',(8.,-5.5,27.));
#6290=CARTESIAN_POINT('',(8.,-7.,30.0717967697245));
#6291=CARTESIAN_POINT('Ctrl Pts',(8.,-7.,30.0717967697245));
#6292=CARTESIAN_POINT('Ctrl Pts',(8.21253808733991,-7.,30.2711987678749));
#6293=CARTESIAN_POINT('Ctrl Pts',(8.43127702121513,-6.95312580185114,30.4963747407279));
#6294=CARTESIAN_POINT('Ctrl Pts',(8.82726590144953,-6.77012036987312,30.9459999374794));
#6295=CARTESIAN_POINT('Ctrl Pts',(9.0049213862422,-6.63501156415772,31.1705074719072));
#6296=CARTESIAN_POINT('Ctrl Pts',(9.2409406924786,-6.35531387109994,31.4906240146409));
#6297=CARTESIAN_POINT('Ctrl Pts',(9.33155732098847,-6.2129917427375,31.6213133530489));
#6298=CARTESIAN_POINT('Ctrl Pts',(9.4286728012719,-5.96555830829688,31.7664985332587));
#6299=CARTESIAN_POINT('Ctrl Pts',(9.45477916889877,-5.87739693350637,31.8064910363246));
#6300=CARTESIAN_POINT('Ctrl Pts',(9.49043511332198,-5.69331567773829,31.861512921393));
#6301=CARTESIAN_POINT('Ctrl Pts',(9.5,-5.59739347652838,31.8765246170202));
#6302=CARTESIAN_POINT('Ctrl Pts',(9.5,-5.5,31.8765246170202));
#6303=CARTESIAN_POINT('',(8.,-7.,31.2191311542551));
#6304=CARTESIAN_POINT('Ctrl Pts',(8.,-7.,27.));
#6305=CARTESIAN_POINT('Ctrl Pts',(8.,-7.,25.2380143620592));
#6306=CARTESIAN_POINT('Ctrl Pts',(8.,-6.86512611648744,22.5420530592751));
#6307=CARTESIAN_POINT('Ctrl Pts',(8.,-5.94256650577774,18.930777268953));
#6308=CARTESIAN_POINT('Ctrl Pts',(8.,-5.00025049299472,16.4898857953198));
#6309=CARTESIAN_POINT('Ctrl Pts',(8.,-4.05725838406146,13.4953348904972));
#6310=CARTESIAN_POINT('Ctrl Pts',(8.,-3.85,11.1197984870127));
#6311=CARTESIAN_POINT('Ctrl Pts',(8.,-3.85,9.5));
#6312=CARTESIAN_POINT('Ctrl Pts',(8.44879895051283,-7.,27.));
#6313=CARTESIAN_POINT('Ctrl Pts',(8.44879895051283,-7.,25.2378195337478));
#6314=CARTESIAN_POINT('Ctrl Pts',(8.44879895051283,-6.86523594809439,22.542240124293));
#6315=CARTESIAN_POINT('Ctrl Pts',(8.44879895051283,-5.94246787865648,18.9302172338591));
#6316=CARTESIAN_POINT('Ctrl Pts',(8.44879895051283,-5.00005856785098,16.4890530931851));
#6317=CARTESIAN_POINT('Ctrl Pts',(8.44879895051283,-4.05734521132681,13.4953913947298));
#6318=CARTESIAN_POINT('Ctrl Pts',(8.44879895051283,-3.85,11.1195309332625));
#6319=CARTESIAN_POINT('Ctrl Pts',(8.44879895051283,-3.85,9.5));
#6320=CARTESIAN_POINT('Ctrl Pts',(9.22604013936699,-6.6236998807105,27.));
#6321=CARTESIAN_POINT('Ctrl Pts',(9.22604013936699,-6.6236998807105,25.2531068621314));
#6322=CARTESIAN_POINT('Ctrl Pts',(9.22604013936699,-6.48778776036016,22.5881577745124));
#6323=CARTESIAN_POINT('Ctrl Pts',(9.22604013936698,-5.58539219491301,19.0521284615463));
#6324=CARTESIAN_POINT('Ctrl Pts',(9.22604013936698,-4.6494396655538,16.6266551095101));
#6325=CARTESIAN_POINT('Ctrl Pts',(9.22604013936699,-3.68390578701054,13.565476556022));
#6326=CARTESIAN_POINT('Ctrl Pts',(9.22604013936699,-3.4736998807105,11.1405247098377));
#6327=CARTESIAN_POINT('Ctrl Pts',(9.22604013936699,-3.4736998807105,9.5));
#6328=CARTESIAN_POINT('Ctrl Pts',(9.5,-5.83659921288462,27.));
#6329=CARTESIAN_POINT('Ctrl Pts',(9.5,-5.83659921288462,25.2845153350404));
#6330=CARTESIAN_POINT('Ctrl Pts',(9.5,-5.69860577251956,22.6847481079151));
#6331=CARTESIAN_POINT('Ctrl Pts',(9.5,-4.83821553448247,19.305496062031));
#6332=CARTESIAN_POINT('Ctrl Pts',(9.5,-3.91549665417946,16.912048253308));
#6333=CARTESIAN_POINT('Ctrl Pts',(9.5,-2.90304182243514,13.7122371829217));
#6334=CARTESIAN_POINT('Ctrl Pts',(9.5,-2.68659921288462,11.1836573257056));
#6335=CARTESIAN_POINT('Ctrl Pts',(9.5,-2.68659921288462,9.5));
#6336=CARTESIAN_POINT('Ctrl Pts',(9.5,-5.5,27.));
#6337=CARTESIAN_POINT('Ctrl Pts',(9.5,-5.5,25.2979260342819));
#6338=CARTESIAN_POINT('Ctrl Pts',(9.5,-5.36112831012468,22.7260745495059));
#6339=CARTESIAN_POINT('Ctrl Pts',(9.5,-4.51867899076021,19.4137870568912));
#6340=CARTESIAN_POINT('Ctrl Pts',(9.5,-3.60160936995209,17.0340054604453));
#6341=CARTESIAN_POINT('Ctrl Pts',(9.5,-2.56911904157483,13.7750046254696));
#6342=CARTESIAN_POINT('Ctrl Pts',(9.5,-2.35,11.2020739657181));
#6343=CARTESIAN_POINT('Ctrl Pts',(9.5,-2.35,9.5));
#6344=CARTESIAN_POINT('Ctrl Pts',(8.,-7.,27.));
#6345=CARTESIAN_POINT('Ctrl Pts',(8.,-7.,25.2380143620592));
#6346=CARTESIAN_POINT('Ctrl Pts',(8.,-6.86512611648744,22.5420530592751));
#6347=CARTESIAN_POINT('Ctrl Pts',(8.,-5.94256650577774,18.930777268953));
#6348=CARTESIAN_POINT('Ctrl Pts',(8.,-5.00025049299472,16.4898857953198));
#6349=CARTESIAN_POINT('Ctrl Pts',(8.,-4.05725838406146,13.4953348904972));
#6350=CARTESIAN_POINT('Ctrl Pts',(8.,-3.85,11.1197984870127));
#6351=CARTESIAN_POINT('Ctrl Pts',(8.,-3.85,9.5));
#6352=CARTESIAN_POINT('Origin',(0.,-2.35,0.));
#6353=CARTESIAN_POINT('',(-7.30836366114081,-3.85,3.2538931446064));
#6354=CARTESIAN_POINT('Origin',(0.,-3.85,0.));
#6355=CARTESIAN_POINT('Origin',(-7.30836366114081,-2.35,3.2538931446064));
#6356=CARTESIAN_POINT('Origin',(0.,-2.35,0.));
#6357=CARTESIAN_POINT('Origin',(-5.54339470063199,-2.35,7.21807833470869));
#6358=CARTESIAN_POINT('',(-4.52741771761727,-3.85,9.5));
#6359=CARTESIAN_POINT('Origin',(-4.52741771761727,-2.35,9.5));
#6360=CARTESIAN_POINT('',(-5.54339470063199,-3.85,7.21807833470869));
#6361=CARTESIAN_POINT('Ctrl Pts',(-4.52741771761727,-3.85,9.5));
#6362=CARTESIAN_POINT('Ctrl Pts',(-4.31888390982917,-3.85,9.94573413680278));
#6363=CARTESIAN_POINT('Ctrl Pts',(-4.11081552285465,-3.86004714867256,10.3880211448791));
#6364=CARTESIAN_POINT('Ctrl Pts',(-3.90266193346431,-3.88222486208478,10.8276510825173));
#6365=CARTESIAN_POINT('Ctrl Pts',(-4.93741596025303,-3.85,9.68254297854753));
#6366=CARTESIAN_POINT('Ctrl Pts',(-4.73052025042368,-3.85284092949575,10.1289328184421));
#6367=CARTESIAN_POINT('Ctrl Pts',(-4.52416427810324,-3.8657765004512,10.5720369527577));
#6368=CARTESIAN_POINT('Ctrl Pts',(-4.31809654633515,-3.89153190081112,11.0121449831646));
#6369=CARTESIAN_POINT('Ctrl Pts',(-5.64770405659742,-3.47401912418382,9.99878361387325));
#6370=CARTESIAN_POINT('Ctrl Pts',(-5.44341509988125,-3.47840138843849,10.4521110964051));
#6371=CARTESIAN_POINT('Ctrl Pts',(-5.24017025751897,-3.49359600875707,10.9025616197354));
#6372=CARTESIAN_POINT('Ctrl Pts',(-5.03741334880043,-3.52168336486642,11.3510629557966));
#6373=CARTESIAN_POINT('Ctrl Pts',(-5.89773590408117,-2.68659921288462,10.1101049646137));
#6374=CARTESIAN_POINT('Ctrl Pts',(-5.69110648717553,-2.68790067593346,10.5742595868211));
#6375=CARTESIAN_POINT('Ctrl Pts',(-5.4851096092963,-2.69983951932116,11.0368041184303));
#6376=CARTESIAN_POINT('Ctrl Pts',(-5.27936503093031,-2.72475905290111,11.4989886856218));
#6377=CARTESIAN_POINT('Ctrl Pts',(-5.89773590408117,-2.35,10.1101049646137));
#6378=CARTESIAN_POINT('Ctrl Pts',(-5.68920209629307,-2.35,10.578479565508));
#6379=CARTESIAN_POINT('Ctrl Pts',(-5.48113370931855,-2.36054515493009,11.0458088141398));
#6380=CARTESIAN_POINT('Ctrl Pts',(-5.27298011992821,-2.38412985050456,11.5133294305306));
#6381=CARTESIAN_POINT('',(-3.90266193346431,-3.88222486208478,10.8276510825173));
#6382=CARTESIAN_POINT('Ctrl Pts',(-4.52741771761727,-3.85,9.5));
#6383=CARTESIAN_POINT('Ctrl Pts',(-4.31888390982917,-3.85,9.94573413680278));
#6384=CARTESIAN_POINT('Ctrl Pts',(-4.11081552285465,-3.86004714867256,10.3880211448791));
#6385=CARTESIAN_POINT('Ctrl Pts',(-3.90266193346431,-3.88222486208478,10.8276510825173));
#6386=CARTESIAN_POINT('Ctrl Pts',(-3.90266193346431,-3.88222486208478,10.8276510825173));
#6387=CARTESIAN_POINT('Ctrl Pts',(-3.90485949084964,-3.88226711124775,10.8284885898174));
#6388=CARTESIAN_POINT('Ctrl Pts',(-3.90705693039764,-3.88230347301653,10.829326334943));
#6389=CARTESIAN_POINT('Ctrl Pts',(-3.90925423671141,-3.88233395873311,10.8301643115944));
#6390=CARTESIAN_POINT('Ctrl Pts',(-3.96519358225986,-3.88311006856513,10.8514976437612));
#6391=CARTESIAN_POINT('Ctrl Pts',(-4.02095937846039,-3.88008116564735,10.8729475207927));
#6392=CARTESIAN_POINT('Ctrl Pts',(-4.07629870145514,-3.87344114284052,10.8944102871965));
#6393=CARTESIAN_POINT('Ctrl Pts',(-4.11691898194604,-3.86856722002609,10.9101644298974));
#6394=CARTESIAN_POINT('Ctrl Pts',(-4.15730964178054,-3.86174645046049,10.925925656888));
#6395=CARTESIAN_POINT('Ctrl Pts',(-4.19736851021965,-3.85303786802053,10.9416530669978));
#6396=CARTESIAN_POINT('Ctrl Pts',(-4.2526626448906,-3.84101722068346,10.9633619561033));
#6397=CARTESIAN_POINT('Ctrl Pts',(-4.30715371347637,-3.82543912668946,10.9849393191562));
#6398=CARTESIAN_POINT('Ctrl Pts',(-4.36057731733602,-3.80648025336043,11.0062778433722));
#6399=CARTESIAN_POINT('Ctrl Pts',(-4.39859836389219,-3.79298741211764,11.0214642584406));
#6400=CARTESIAN_POINT('Ctrl Pts',(-4.43607868403653,-3.77778102242675,11.0365297508216));
#6401=CARTESIAN_POINT('Ctrl Pts',(-4.47291807046014,-3.76090954255376,11.0514344462746));
#6402=CARTESIAN_POINT('Ctrl Pts',(-4.52487614927576,-3.73711409517858,11.0724559511435));
#6403=CARTESIAN_POINT('Ctrl Pts',(-4.57532644473397,-3.71011535270999,11.0930640516436));
#6404=CARTESIAN_POINT('Ctrl Pts',(-4.62401018417493,-3.68009498286853,11.1131507783051));
#6405=CARTESIAN_POINT('Ctrl Pts',(-4.67265821909235,-3.65009662988556,11.1332227734153));
#6406=CARTESIAN_POINT('Ctrl Pts',(-4.71954315683208,-3.61708059192978,11.152774570818));
#6407=CARTESIAN_POINT('Ctrl Pts',(-4.76438640458204,-3.58118094332881,11.1716926084974));
#6408=CARTESIAN_POINT('Ctrl Pts',(-4.80817120616256,-3.54612864293414,11.1901641190959));
#6409=CARTESIAN_POINT('Ctrl Pts',(-4.85001025337925,-3.50832668307586,11.2080317733033));
#6410=CARTESIAN_POINT('Ctrl Pts',(-4.88961345102528,-3.46786287800733,11.2251788339416));
#6411=CARTESIAN_POINT('Ctrl Pts',(-4.89912233606535,-3.45814735770719,11.2292959113009));
#6412=CARTESIAN_POINT('Ctrl Pts',(-4.90850215589888,-3.44827823247566,11.2333713826143));
#6413=CARTESIAN_POINT('Ctrl Pts',(-4.91774855415933,-3.4382564441088,11.2374035010277));
#6414=CARTESIAN_POINT('Ctrl Pts',(-4.95067123386987,-3.40257291423746,11.2517602418193));
#6415=CARTESIAN_POINT('Ctrl Pts',(-4.98174196979611,-3.36513051800875,11.2654974742891));
#6416=CARTESIAN_POINT('Ctrl Pts',(-5.01080693468216,-3.32601311717411,11.2785484486382));
#6417=CARTESIAN_POINT('Ctrl Pts',(-5.04502464459068,-3.27996083810262,11.2939131482362));
#6418=CARTESIAN_POINT('Ctrl Pts',(-5.07646379047797,-3.23158753299834,11.3083272788603));
#6419=CARTESIAN_POINT('Ctrl Pts',(-5.10506263760998,-3.18123552498651,11.3217570594591));
#6420=CARTESIAN_POINT('Ctrl Pts',(-5.13402926742418,-3.13023598749649,11.3353595477446));
#6421=CARTESIAN_POINT('Ctrl Pts',(-5.16008246684723,-3.0772055452088,11.3479524327921));
#6422=CARTESIAN_POINT('Ctrl Pts',(-5.1831157136604,-3.02247324193977,11.3594839176578));
#6423=CARTESIAN_POINT('Ctrl Pts',(-5.19223062002025,-3.00081412357044,11.3640472519369));
#6424=CARTESIAN_POINT('Ctrl Pts',(-5.20087210472559,-2.97888828299206,11.3684441691546));
#6425=CARTESIAN_POINT('Ctrl Pts',(-5.20903155398327,-2.95671551010505,11.3726706270265));
#6426=CARTESIAN_POINT('Ctrl Pts',(-5.22960438149571,-2.90081018884241,11.3833270066474));
#6427=CARTESIAN_POINT('Ctrl Pts',(-5.24699487879039,-2.84366591404871,11.3928379899828));
#6428=CARTESIAN_POINT('Ctrl Pts',(-5.26114581235325,-2.78563253855928,11.4011638692616));
#6429=CARTESIAN_POINT('Ctrl Pts',(-5.27531859052947,-2.7275095776977,11.4095026010926));
#6430=CARTESIAN_POINT('Ctrl Pts',(-5.28624208784179,-2.668493707416,11.4166527580008));
#6431=CARTESIAN_POINT('Ctrl Pts',(-5.2938143855256,-2.60891667822064,11.4225559145857));
#6432=CARTESIAN_POINT('Ctrl Pts',(-5.30121596460718,-2.55068282220393,11.4283259836081));
#6433=CARTESIAN_POINT('Ctrl Pts',(-5.30541586001748,-2.49191183212117,11.4329047526982));
#6434=CARTESIAN_POINT('Ctrl Pts',(-5.30627378647254,-2.43290990978919,11.4362178973196));
#6435=CARTESIAN_POINT('Ctrl Pts',(-5.30649001272394,-2.41803944575824,11.4370529209252));
#6436=CARTESIAN_POINT('Ctrl Pts',(-5.30649372100817,-2.4031543353343,11.4378074464457));
#6437=CARTESIAN_POINT('Ctrl Pts',(-5.30628218483192,-2.38825955646214,11.4384800668962));
#6438=CARTESIAN_POINT('Ctrl Pts',(-3.90266193346431,-3.88222486208478,10.8276510825173));
#6439=CARTESIAN_POINT('Ctrl Pts',(-3.57441983801908,-3.93064026967055,11.7873921623137));
#6440=CARTESIAN_POINT('Ctrl Pts',(-3.29364677954428,-4.03840932241275,12.743119765191));
#6441=CARTESIAN_POINT('Ctrl Pts',(-3.06427102777424,-4.22954196930143,13.6876660898268));
#6442=CARTESIAN_POINT('Ctrl Pts',(-4.33415610054166,-3.88920762536321,10.9660707530928));
#6443=CARTESIAN_POINT('Ctrl Pts',(-4.01325466783795,-3.94277664683838,11.9129723760556));
#6444=CARTESIAN_POINT('Ctrl Pts',(-3.73916624316606,-4.05528005194935,12.855143355562));
#6445=CARTESIAN_POINT('Ctrl Pts',(-3.51476460228345,-4.24908729047848,13.7842558748904));
#6446=CARTESIAN_POINT('Ctrl Pts',(-5.08133751162194,-3.51788333114061,11.2251021293352));
#6447=CARTESIAN_POINT('Ctrl Pts',(-4.77263411374181,-3.57506943520917,12.1663625985208));
#6448=CARTESIAN_POINT('Ctrl Pts',(-4.51037292344831,-3.69286965720052,13.1040732075776));
#6449=CARTESIAN_POINT('Ctrl Pts',(-4.29424915984988,-3.89250199802268,14.0303840729251));
#6450=CARTESIAN_POINT('Ctrl Pts',(-5.33562208330843,-2.72364331787854,11.3469485394236));
#6451=CARTESIAN_POINT('Ctrl Pts',(-5.02493162280699,-2.77681765360937,12.311539770238));
#6452=CARTESIAN_POINT('Ctrl Pts',(-4.75996458298116,-2.89318484820513,13.2829751402427));
#6453=CARTESIAN_POINT('Ctrl Pts',(-4.54284848165063,-3.09864621577271,14.2465083377708));
#6454=CARTESIAN_POINT('Ctrl Pts',(-5.33063016155341,-2.38412985050456,11.3624703037512));
#6455=CARTESIAN_POINT('Ctrl Pts',(-5.01625983015527,-2.43561679272446,12.3399660328522));
#6456=CARTESIAN_POINT('Ctrl Pts',(-4.74763603372961,-2.55137639180454,13.3289529420705));
#6457=CARTESIAN_POINT('Ctrl Pts',(-4.52825152101096,-2.7593402449355,14.3119103598165));
#6458=CARTESIAN_POINT('Ctrl Pts',(-3.90266193346431,-3.88222486208478,10.8276510825173));
#6459=CARTESIAN_POINT('Ctrl Pts',(-3.57441983801908,-3.93064026967055,11.7873921623137));
#6460=CARTESIAN_POINT('Ctrl Pts',(-3.29364677954428,-4.03840932241275,12.743119765191));
#6461=CARTESIAN_POINT('Ctrl Pts',(-3.06427102777424,-4.22954196930143,13.6876660898268));
#6462=CARTESIAN_POINT('Origin',(0.,-3.85,9.5));
#6463=CARTESIAN_POINT('',(4.91076080479367,-3.85,9.5));
#6464=CARTESIAN_POINT('',(0.,-3.85,9.5));
#6465=CARTESIAN_POINT('',(5.3451200930186,-3.85,8.81715323623285));
#6466=CARTESIAN_POINT('Origin',(3.90921892110224,-3.85,8.38334703008866));
#6467=CARTESIAN_POINT('',(7.05076054395303,-3.85,8.02180003190321));
#6468=CARTESIAN_POINT('',(1.15301994987999,-3.85,10.771961636731));
#6469=CARTESIAN_POINT('',(6.20552402047163,-3.85,6.20918445782991));
#6470=CARTESIAN_POINT('',(6.7041975049395,-3.85,7.27859319634588));
#6471=CARTESIAN_POINT('',(4.49988356953727,-3.85,7.00453766215953));
#6472=CARTESIAN_POINT('',(3.02670678750863,-3.85,7.6914912774356));
#6473=CARTESIAN_POINT('',(2.47331774918585,-3.85,7.94954082394454));
#6474=CARTESIAN_POINT('Origin',(3.90921892110224,-3.85,8.38334703008866));
#6475=CARTESIAN_POINT('',(0.767677298251598,-3.85,8.74489402827411));
#6476=CARTESIAN_POINT('',(3.02670678750863,-3.85,7.6914912774356));
#6477=CARTESIAN_POINT('',(1.11978899558595,-3.85,9.5));
#6478=CARTESIAN_POINT('',(0.843732520978784,-3.85,8.90799497975345));
#6479=CARTESIAN_POINT('',(0.,-3.85,9.5));
#6480=CARTESIAN_POINT('',(-2.9,-3.85,1.09544511501033));
#6481=CARTESIAN_POINT('',(-2.9,-3.85,-1.09544511501033));
#6482=CARTESIAN_POINT('',(-2.9,-3.85,4.32573593128807));
#6483=CARTESIAN_POINT('',(2.9,-3.85,1.09544511501033));
#6484=CARTESIAN_POINT('Origin',(0.,-3.85,0.));
#6485=CARTESIAN_POINT('',(2.9,-3.85,-1.09544511501033));
#6486=CARTESIAN_POINT('',(2.9,-3.85,5.17426406871193));
#6487=CARTESIAN_POINT('Origin',(0.,-3.85,0.));
#6488=CARTESIAN_POINT('Ctrl Pts',(-23.,-7.,27.));
#6489=CARTESIAN_POINT('Ctrl Pts',(23.,-7.,27.));
#6490=CARTESIAN_POINT('Ctrl Pts',(-23.,-7.,17.375));
#6491=CARTESIAN_POINT('Ctrl Pts',(23.,-7.,17.375));
#6492=CARTESIAN_POINT('Ctrl Pts',(-23.,-3.85,17.375));
#6493=CARTESIAN_POINT('Ctrl Pts',(23.,-3.85,17.375));
#6494=CARTESIAN_POINT('Ctrl Pts',(-23.,-3.85,9.5));
#6495=CARTESIAN_POINT('Ctrl Pts',(23.,-3.85,9.5));
#6496=CARTESIAN_POINT('',(1.61291382173299,-3.87012295724933,10.5575096023474));
#6497=CARTESIAN_POINT('Ctrl Pts',(1.11978899558595,-3.85,9.5));
#6498=CARTESIAN_POINT('Ctrl Pts',(1.26358102960889,-3.85,9.80836301207633));
#6499=CARTESIAN_POINT('Ctrl Pts',(1.40771815100131,-3.85482883194534,10.1174738541955));
#6500=CARTESIAN_POINT('Ctrl Pts',(1.55173520083529,-3.86532174542932,10.4263142643321));
#6501=CARTESIAN_POINT('Ctrl Pts',(1.57213092306495,-3.86680775385017,10.4700523024721));
#6502=CARTESIAN_POINT('Ctrl Pts',(1.59252423710596,-3.86840736886294,10.5137850052169));
#6503=CARTESIAN_POINT('Ctrl Pts',(1.61291382173298,-3.87012295724923,10.5575096023448));
#6504=CARTESIAN_POINT('',(3.31855427300667,-3.85118104903774,9.76215639804277));
#6505=CARTESIAN_POINT('Ctrl Pts',(1.61291382173299,-3.87012295724933,10.5575096023473));
#6506=CARTESIAN_POINT('Ctrl Pts',(2.18120751279445,-3.85972550147614,10.2925133080911));
#6507=CARTESIAN_POINT('Ctrl Pts',(2.75022321724346,-3.85358679521419,10.0271763556336));
#6508=CARTESIAN_POINT('Ctrl Pts',(3.31855427300667,-3.85118104903637,9.76215639804269));
#6509=CARTESIAN_POINT('Ctrl Pts',(3.31855427307685,-3.85118104903774,9.76215639819327));
#6510=CARTESIAN_POINT('Ctrl Pts',(3.32425334201786,-3.85120321118765,9.76459780788194));
#6511=CARTESIAN_POINT('Ctrl Pts',(3.32996893636855,-3.85122537448044,9.76700447833429));
#6512=CARTESIAN_POINT('Ctrl Pts',(3.50885472845793,-3.85191623297046,9.84102474589172));
#6513=CARTESIAN_POINT('Ctrl Pts',(3.69391334034557,-3.8524926791043,9.87959596317424));
#6514=CARTESIAN_POINT('Ctrl Pts',(4.07257068179327,-3.85258723737149,9.88665077204825));
#6515=CARTESIAN_POINT('Ctrl Pts',(4.26278872061061,-3.85207743261026,9.85358265952236));
#6516=CARTESIAN_POINT('Ctrl Pts',(4.61426921274454,-3.85075470361771,9.72013262829322));
#6517=CARTESIAN_POINT('Ctrl Pts',(4.77330936946443,-3.85,9.6232821415114));
#6518=CARTESIAN_POINT('Ctrl Pts',(4.91076080479367,-3.85,9.5));
#6519=CARTESIAN_POINT('',(-2.65860446561439,-7.,27.));
#6520=CARTESIAN_POINT('',(1.19307654232365,-7.,27.));
#6521=CARTESIAN_POINT('Ctrl Pts',(-2.30345935542674,-5.88350877603972,18.9260043103779));
#6522=CARTESIAN_POINT('Ctrl Pts',(-2.23957335681887,-6.24224923484605,20.0434051577345));
#6523=CARTESIAN_POINT('Ctrl Pts',(-2.20097662248852,-6.87986517103933,22.7996775750471));
#6524=CARTESIAN_POINT('Ctrl Pts',(-2.43923599373057,-7.,25.4923426907317));
#6525=CARTESIAN_POINT('Ctrl Pts',(-2.65860446561439,-7.,27.));
#6526=CARTESIAN_POINT('Origin',(2.3861530846473,-7.,25.4382623085101));
#6527=CARTESIAN_POINT('',(-2.93286599406388,-7.,28.5976372918873));
#6528=CARTESIAN_POINT('Origin',(1.5,-7.,37.));
#6529=CARTESIAN_POINT('Ctrl Pts',(-2.65860446562063,-7.,27.0000000000414));
#6530=CARTESIAN_POINT('Ctrl Pts',(-2.7390901265744,-7.,27.5343465470241));
#6531=CARTESIAN_POINT('Ctrl Pts',(-2.83068552780515,-7.,28.0670068514523));
#6532=CARTESIAN_POINT('Ctrl Pts',(-2.93287529385307,-7.,28.5976355009111));
#6533=CARTESIAN_POINT('Ctrl Pts',(-2.30345935542674,-5.88350877603972,18.9260043103779));
#6534=CARTESIAN_POINT('Ctrl Pts',(-2.23957335681887,-6.24224923484605,20.0434051577345));
#6535=CARTESIAN_POINT('Ctrl Pts',(-2.20097662248852,-6.87986517103933,22.7996775750471));
#6536=CARTESIAN_POINT('Ctrl Pts',(-2.43923599373057,-7.,25.4923426907317));
#6537=CARTESIAN_POINT('Ctrl Pts',(-2.65860446561439,-7.,27.));
#6538=CARTESIAN_POINT('Ctrl Pts',(-2.75678692000482,-5.89150296869307,18.950904533995));
#6539=CARTESIAN_POINT('Ctrl Pts',(-2.6901829594864,-6.24507442969772,20.056474694094));
#6540=CARTESIAN_POINT('Ctrl Pts',(-2.64686126620902,-6.87463699528759,22.7819674867754));
#6541=CARTESIAN_POINT('Ctrl Pts',(-2.88409277390524,-6.99764442177428,25.4423754428103));
#6542=CARTESIAN_POINT('Ctrl Pts',(-3.1023973251474,-7.,26.9331539394658));
#6543=CARTESIAN_POINT('Ctrl Pts',(-3.54151971894038,-5.53810077309604,19.1119102935035));
#6544=CARTESIAN_POINT('Ctrl Pts',(-3.47070863435175,-5.88363299397897,20.1783537343388));
#6545=CARTESIAN_POINT('Ctrl Pts',(-3.41964332830343,-6.4955755435796,22.7918508530319));
#6546=CARTESIAN_POINT('Ctrl Pts',(-3.65471756019689,-6.62011527725851,25.3689331038662));
#6547=CARTESIAN_POINT('Ctrl Pts',(-3.87100918972829,-6.62374886488296,26.8173821911752));
#6548=CARTESIAN_POINT('Ctrl Pts',(-3.80699915943419,-4.77962312180619,19.3715039932878));
#6549=CARTESIAN_POINT('Ctrl Pts',(-3.74178148067407,-5.12025813008393,20.3947952678996));
#6550=CARTESIAN_POINT('Ctrl Pts',(-3.69863312638398,-5.71435000725326,22.8682505422006));
#6551=CARTESIAN_POINT('Ctrl Pts',(-3.92923367231591,-5.83552009493254,25.3649960067158));
#6552=CARTESIAN_POINT('Ctrl Pts',(-4.14187283898925,-5.83659921288462,26.7765834998352));
#6553=CARTESIAN_POINT('Ctrl Pts',(-3.80071362514923,-4.45530810042003,19.4752441810529));
#6554=CARTESIAN_POINT('Ctrl Pts',(-3.7395965794334,-4.79382618950377,20.4839561712776));
#6555=CARTESIAN_POINT('Ctrl Pts',(-3.70255980584184,-5.38025988373276,22.9059368527722));
#6556=CARTESIAN_POINT('Ctrl Pts',(-3.93093639034428,-5.5,25.3761705364405));
#6557=CARTESIAN_POINT('Ctrl Pts',(-4.14187283898925,-5.5,26.7765834998352));
#6558=CARTESIAN_POINT('Origin',(-2.65860446561439,-5.5,27.));
#6559=CARTESIAN_POINT('Ctrl Pts',(-2.65860446562063,-7.,27.0000000000414));
#6560=CARTESIAN_POINT('Ctrl Pts',(-2.81873014675707,-7.,28.0630788613513));
#6561=CARTESIAN_POINT('Ctrl Pts',(-3.02282910744041,-7.,29.1194834338496));
#6562=CARTESIAN_POINT('Ctrl Pts',(-3.26684298213588,-7.,30.1664937396756));
#6563=CARTESIAN_POINT('Ctrl Pts',(-3.10239732515356,-7.,26.9331539395067));
#6564=CARTESIAN_POINT('Ctrl Pts',(-3.26067325476383,-7.,27.983952248864));
#6565=CARTESIAN_POINT('Ctrl Pts',(-3.46251334131508,-7.,29.0287676329132));
#6566=CARTESIAN_POINT('Ctrl Pts',(-3.70392853393173,-7.,30.0646275608294));
#6567=CARTESIAN_POINT('Ctrl Pts',(-3.8709812178635,-6.62371490639138,26.8173864044633));
#6568=CARTESIAN_POINT('Ctrl Pts',(-4.02608009543562,-6.62371490639138,27.8470921767642));
#6569=CARTESIAN_POINT('Ctrl Pts',(-4.22394454683281,-6.62371490639138,28.8715018087181));
#6570=CARTESIAN_POINT('Ctrl Pts',(-4.46089635716369,-6.62371490639138,29.8882103369121));
#6571=CARTESIAN_POINT('Ctrl Pts',(-4.14187283899525,-5.83659921288462,26.7765834998749));
#6572=CARTESIAN_POINT('Ctrl Pts',(-4.29583892709336,-5.83659921288462,27.7987686512762));
#6573=CARTESIAN_POINT('Ctrl Pts',(-4.49233345558275,-5.83659921288462,28.8161510889534));
#6574=CARTESIAN_POINT('Ctrl Pts',(-4.72769383070541,-5.83659921288462,29.8260311158332));
#6575=CARTESIAN_POINT('Ctrl Pts',(-4.14187283899525,-5.5,26.7765834998749));
#6576=CARTESIAN_POINT('Ctrl Pts',(-4.29584365451731,-5.5,27.7988000367756));
#6577=CARTESIAN_POINT('Ctrl Pts',(-4.49232681411133,-5.5,28.8161225918483));
#6578=CARTESIAN_POINT('Ctrl Pts',(-4.72769383070541,-5.5,29.8260311158332));
#6579=CARTESIAN_POINT('Ctrl Pts',(-4.72769383070541,-5.5,29.8260311158332));
#6580=CARTESIAN_POINT('Ctrl Pts',(-4.72769383070541,-5.61691373615201,29.8260311158332));
#6581=CARTESIAN_POINT('Ctrl Pts',(-4.71014509763927,-5.73047249283725,29.8107083446398));
#6582=CARTESIAN_POINT('Ctrl Pts',(-4.63854253288942,-5.97124520824956,29.7494164840501));
#6583=CARTESIAN_POINT('Ctrl Pts',(-4.57880423422509,-6.09194900805128,29.6988597981894));
#6584=CARTESIAN_POINT('Ctrl Pts',(-4.40529285800963,-6.35336038967918,29.5572270120464));
#6585=CARTESIAN_POINT('Ctrl Pts',(-4.27161882277346,-6.49236350453568,29.4517095101082));
#6586=CARTESIAN_POINT('Ctrl Pts',(-3.94550600979213,-6.73583381853789,29.2128322717699));
#6587=CARTESIAN_POINT('Ctrl Pts',(-3.75564450674274,-6.83304465029263,29.0826970106063));
#6588=CARTESIAN_POINT('Ctrl Pts',(-3.35844575279434,-6.96424170630034,28.8329882083326));
#6589=CARTESIAN_POINT('Ctrl Pts',(-3.14742931536368,-7.,28.710835267696));
#6590=CARTESIAN_POINT('Ctrl Pts',(-2.93286599406447,-7.,28.5976372918883));
#6591=CARTESIAN_POINT('Ctrl Pts',(2.57021122175378,-2.83579470548867,9.00773657462338));
#6592=CARTESIAN_POINT('Ctrl Pts',(2.10175330653144,-3.15884853025087,9.22618208801486));
#6593=CARTESIAN_POINT('Ctrl Pts',(1.63329539130911,-3.48190235501307,9.44462760140636));
#6594=CARTESIAN_POINT('Ctrl Pts',(1.16483747608677,-3.80495617977528,9.66307311479785));
#6595=CARTESIAN_POINT('Ctrl Pts',(2.6966583099783,-2.83579470548867,9.27890323039914));
#6596=CARTESIAN_POINT('Ctrl Pts',(2.22820039475596,-3.15884853025087,9.49734874379063));
#6597=CARTESIAN_POINT('Ctrl Pts',(1.75974247953363,-3.48190235501307,9.71579425718213));
#6598=CARTESIAN_POINT('Ctrl Pts',(1.29128456431129,-3.80495617977528,9.93423977057362));
#6599=CARTESIAN_POINT('Ctrl Pts',(3.03620672892111,-3.04862627240329,9.69231567055873));
#6600=CARTESIAN_POINT('Ctrl Pts',(2.56774881369877,-3.37168009716549,9.91076118395022));
#6601=CARTESIAN_POINT('Ctrl Pts',(2.09929089847644,-3.69473392192769,10.1292066973417));
#6602=CARTESIAN_POINT('Ctrl Pts',(1.6308329832541,-4.0177877466899,10.3476522107332));
#6603=CARTESIAN_POINT('Ctrl Pts',(3.3653831198465,-3.49350263505668,9.74031974795558));
#6604=CARTESIAN_POINT('Ctrl Pts',(2.89692520462416,-3.81655645981889,9.95876526134707));
#6605=CARTESIAN_POINT('Ctrl Pts',(2.42846728940183,-4.13961028458109,10.1772107747386));
#6606=CARTESIAN_POINT('Ctrl Pts',(1.96000937417949,-4.4626641093433,10.3956562881301));
#6607=CARTESIAN_POINT('Ctrl Pts',(3.47317164994052,-3.68379300949375,9.69005713091147));
#6608=CARTESIAN_POINT('Ctrl Pts',(3.00471373471818,-4.00684683425596,9.90850264430296));
#6609=CARTESIAN_POINT('Ctrl Pts',(2.53625581949585,-4.32990065901816,10.1269481576945));
#6610=CARTESIAN_POINT('Ctrl Pts',(2.06779790427351,-4.65295448378037,10.3453936710859));
#6611=CARTESIAN_POINT('',(1.1902955599923,-3.7874,9.65120181531076));
#6612=CARTESIAN_POINT('',(1.32605459662275,-3.8499,9.94233800888648));
#6613=CARTESIAN_POINT('Ctrl Pts',(1.1902955599923,-3.7874,9.65120181531075));
#6614=CARTESIAN_POINT('Ctrl Pts',(1.20788698818584,-3.7874,9.68892675481345));
#6615=CARTESIAN_POINT('Ctrl Pts',(1.22542722152762,-3.79061040074154,9.72632305050905));
#6616=CARTESIAN_POINT('Ctrl Pts',(1.24277149031822,-3.79681187124661,9.76324271974108));
#6617=CARTESIAN_POINT('Ctrl Pts',(1.26096062767836,-3.80331542583363,9.80196080829585));
#6618=CARTESIAN_POINT('Ctrl Pts',(1.27893461521263,-3.81310861156049,9.84015540639009));
#6619=CARTESIAN_POINT('Ctrl Pts',(1.29655826367474,-3.82598675181166,9.87765257636226));
#6620=CARTESIAN_POINT('Ctrl Pts',(1.30667009259207,-3.83337577521809,9.89916713212851));
#6621=CARTESIAN_POINT('Ctrl Pts',(1.31666713449904,-3.84178125645074,9.920451972946));
#6622=CARTESIAN_POINT('Ctrl Pts',(1.32652745573577,-3.85117102107948,9.94147237597022));
#6623=CARTESIAN_POINT('',(2.54975724054728,-2.8499,9.01727442269974));
#6624=CARTESIAN_POINT('Ctrl Pts',(2.54975724054728,-2.8499,9.01727442269974));
#6625=CARTESIAN_POINT('Ctrl Pts',(2.09660334702895,-3.1624,9.22858355357007));
#6626=CARTESIAN_POINT('Ctrl Pts',(1.64344945351062,-3.4749,9.43989268444042));
#6627=CARTESIAN_POINT('Ctrl Pts',(1.1902955599923,-3.7874,9.65120181531076));
#6628=CARTESIAN_POINT('',(3.31855427266728,-3.79041888447574,9.76215639801782));
#6629=CARTESIAN_POINT('Ctrl Pts',(2.54975724054727,-2.8499,9.01727442269973));
#6630=CARTESIAN_POINT('Ctrl Pts',(2.604158961429,-2.8499,9.13393928961821));
#6631=CARTESIAN_POINT('Ctrl Pts',(2.67326526577365,-2.86861769589718,9.24214591356754));
#6632=CARTESIAN_POINT('Ctrl Pts',(2.8332163726948,-2.94551754778883,9.4363249879507));
#6633=CARTESIAN_POINT('Ctrl Pts',(2.92060665184609,-3.00355842200183,9.51604802770455));
#6634=CARTESIAN_POINT('Ctrl Pts',(3.07737511908978,-3.1469612174091,9.63517637908667));
#6635=CARTESIAN_POINT('Ctrl Pts',(3.14836083830124,-3.23108605117457,9.67757461539816));
#6636=CARTESIAN_POINT('Ctrl Pts',(3.24049135295082,-3.39686060986255,9.72667987942793));
#6637=CARTESIAN_POINT('Ctrl Pts',(3.26908557610747,-3.46772665971172,9.74006452921252));
#6638=CARTESIAN_POINT('Ctrl Pts',(3.30916383667349,-3.62380361921091,9.75828375028809));
#6639=CARTESIAN_POINT('Ctrl Pts',(3.31855427266728,-3.70664325958926,9.76215639801782));
#6640=CARTESIAN_POINT('Ctrl Pts',(3.31855427266728,-3.79041888447574,9.76215639801782));
#6641=CARTESIAN_POINT('',(3.23230115557726,-3.8499,9.80237688705663));
#6642=CARTESIAN_POINT('Ctrl Pts',(3.31855427266728,-3.79041888447574,9.76215639801782));
#6643=CARTESIAN_POINT('Ctrl Pts',(3.28980323363728,-3.81024592298383,9.77556322769742));
#6644=CARTESIAN_POINT('Ctrl Pts',(3.26105219460727,-3.83007296149191,9.78897005737703));
#6645=CARTESIAN_POINT('Ctrl Pts',(3.23230115557727,-3.8499,9.80237688705663));
#6646=CARTESIAN_POINT('Ctrl Pts',(3.23230115557726,-3.8499,9.80237688705663));
#6647=CARTESIAN_POINT('Ctrl Pts',(2.99834628136536,-3.8499,9.91147183656433));
#6648=CARTESIAN_POINT('Ctrl Pts',(2.74740601988048,-3.8499,9.99750742275461));
#6649=CARTESIAN_POINT('Ctrl Pts',(2.23827762012331,-3.8499,10.1022480951258));
#6650=CARTESIAN_POINT('Ctrl Pts',(1.99499861839025,-3.8499,10.1163844675519));
#6651=CARTESIAN_POINT('Ctrl Pts',(1.61671362339861,-3.8499,10.0709308851196));
#6652=CARTESIAN_POINT('Ctrl Pts',(1.47293717845582,-3.84990000000541,10.0270424537829));
#6653=CARTESIAN_POINT('Ctrl Pts',(1.34677212503363,-3.84990000000541,9.95512640311009));
#6654=CARTESIAN_POINT('Ctrl Pts',(1.33633084443795,-3.8499,9.9488544404999));
#6655=CARTESIAN_POINT('Ctrl Pts',(1.32605459662275,-3.8499,9.94233800888648));
#6656=CARTESIAN_POINT('Origin',(0.767677298251597,-3.85,8.74489402827411));
#6657=CARTESIAN_POINT('',(1.61291382173299,-3.8499,10.5575096023474));
#6658=CARTESIAN_POINT('',(1.40160469086265,-3.8499,10.1043557088291));
#6659=CARTESIAN_POINT('',(1.61291382173299,-3.85,10.5575096023474));
#6660=CARTESIAN_POINT('',(0.767677298251598,-3.8499,8.74489402827411));
#6661=CARTESIAN_POINT('',(0.767677298251598,-3.85,8.74489402827411));
#6662=CARTESIAN_POINT('',(1.05453652336184,-3.8499,9.36006562173503));
#6663=CARTESIAN_POINT('',(0.97898642912195,-3.8499,9.19804792179244));
#6664=CARTESIAN_POINT('Ctrl Pts',(1.05549772013789,-3.85116598466793,9.36025468054481));
#6665=CARTESIAN_POINT('Ctrl Pts',(1.07196869865822,-3.83532932648887,9.39578604206563));
#6666=CARTESIAN_POINT('Ctrl Pts',(1.08882610802757,-3.8222312248721,9.4322347535642));
#6667=CARTESIAN_POINT('Ctrl Pts',(1.10601998743396,-3.81210040266341,9.46941984293168));
#6668=CARTESIAN_POINT('Ctrl Pts',(1.10972437563673,-3.80991773653046,9.47743129881759));
#6669=CARTESIAN_POINT('Ctrl Pts',(1.1134444561685,-3.80787296408481,9.48547685973945));
#6670=CARTESIAN_POINT('Ctrl Pts',(1.11717984984092,-3.80596864167111,9.49355457639732));
#6671=CARTESIAN_POINT('Ctrl Pts',(1.13485397358581,-3.79695828481407,9.53177452757453));
#6672=CARTESIAN_POINT('Ctrl Pts',(1.1527520384606,-3.79114859176509,9.57046347550676));
#6673=CARTESIAN_POINT('Ctrl Pts',(1.17083812587636,-3.78871098557197,9.60939344606171));
#6674=CARTESIAN_POINT('Ctrl Pts',(1.17730002062129,-3.78784006449947,9.62330255566437));
#6675=CARTESIAN_POINT('Ctrl Pts',(1.18378613824277,-3.7874,9.63724231532039));
#6676=CARTESIAN_POINT('Ctrl Pts',(1.1902955599923,-3.7874,9.65120181531076));
#6677=CARTESIAN_POINT('Ctrl Pts',(1.16483747608677,-3.80495617977528,9.66307311479786));
#6678=CARTESIAN_POINT('Ctrl Pts',(1.63339341033062,-3.48183475999809,9.44458189438599));
#6679=CARTESIAN_POINT('Ctrl Pts',(2.10194934457448,-3.1587133402209,9.22609067397412));
#6680=CARTESIAN_POINT('Ctrl Pts',(2.57050527881833,-2.83559192044371,9.00759945356225));
#6681=CARTESIAN_POINT('Ctrl Pts',(1.03839038786225,-3.80495617977528,9.39190645902209));
#6682=CARTESIAN_POINT('Ctrl Pts',(1.5069463221061,-3.48183475999809,9.17341523861022));
#6683=CARTESIAN_POINT('Ctrl Pts',(1.97550225634996,-3.1587133402209,8.95492401819835));
#6684=CARTESIAN_POINT('Ctrl Pts',(2.44405819059381,-2.8355919204437,8.73643279778648));
#6685=CARTESIAN_POINT('Ctrl Pts',(0.939920764796971,-4.01775782861046,8.86603042191657));
#6686=CARTESIAN_POINT('Ctrl Pts',(1.40847669904082,-3.69463640883327,8.6475392015047));
#6687=CARTESIAN_POINT('Ctrl Pts',(1.87703263328467,-3.37151498905608,8.42904798109282));
#6688=CARTESIAN_POINT('Ctrl Pts',(2.34558856752853,-3.04839356927889,8.21055676068096));
#6689=CARTESIAN_POINT('Ctrl Pts',(1.11477285069811,-4.4626641093433,8.58304071405676));
#6690=CARTESIAN_POINT('Ctrl Pts',(1.58332878494196,-4.1395426895661,8.36454949364489));
#6691=CARTESIAN_POINT('Ctrl Pts',(2.05188471918581,-3.81642126978891,8.14605827323302));
#6692=CARTESIAN_POINT('Ctrl Pts',(2.52044065342966,-3.49329985001172,7.92756705282114));
#6693=CARTESIAN_POINT('Ctrl Pts',(1.22256138079213,-4.65295448378037,8.53277809701265));
#6694=CARTESIAN_POINT('Ctrl Pts',(1.69111731503598,-4.32983306400318,8.31428687660078));
#6695=CARTESIAN_POINT('Ctrl Pts',(2.15967324927984,-4.00671164422598,8.0957956561889));
#6696=CARTESIAN_POINT('Ctrl Pts',(2.62822918352369,-3.68359022444879,7.87730443577703));
#6697=CARTESIAN_POINT('',(2.38706463209589,-3.8499,7.98976131298333));
#6698=CARTESIAN_POINT('Ctrl Pts',(1.05453652336184,-3.8499,9.36006562173503));
#6699=CARTESIAN_POINT('Ctrl Pts',(1.05995280359806,-3.8499,9.31958121230211));
#6700=CARTESIAN_POINT('Ctrl Pts',(1.06867266885282,-3.8498999999999,9.27946283786225));
#6701=CARTESIAN_POINT('Ctrl Pts',(1.11570501135129,-3.8498999999999,9.11609179705736));
#6702=CARTESIAN_POINT('Ctrl Pts',(1.17785635257507,-3.84989999997192,8.99737226992675));
#6703=CARTESIAN_POINT('Ctrl Pts',(1.36789837305665,-3.84989999997192,8.71755683706183));
#6704=CARTESIAN_POINT('Ctrl Pts',(1.53170526948178,-3.8499,8.54697806362941));
#6705=CARTESIAN_POINT('Ctrl Pts',(1.93111607529062,-3.8499,8.2326557057789));
#6706=CARTESIAN_POINT('Ctrl Pts',(2.15575918902941,-3.8499,8.09762081245815));
#6707=CARTESIAN_POINT('Ctrl Pts',(2.38706463209589,-3.8499,7.98976131298333));
#6708=CARTESIAN_POINT('',(2.47331774918585,-3.79041888447578,7.94954082394454));
#6709=CARTESIAN_POINT('Ctrl Pts',(2.38706463209589,-3.8499,7.98976131298333));
#6710=CARTESIAN_POINT('Ctrl Pts',(2.41581567112588,-3.83007296149193,7.97635448330373));
#6711=CARTESIAN_POINT('Ctrl Pts',(2.44456671015586,-3.81024592298385,7.96294765362413));
#6712=CARTESIAN_POINT('Ctrl Pts',(2.47331774918585,-3.79041888447578,7.94954082394454));
#6713=CARTESIAN_POINT('',(2.40921892110224,-3.02928983261533,8.38334703009855));
#6714=CARTESIAN_POINT('Ctrl Pts',(2.47331774918585,-3.79041888447578,7.94954082394454));
#6715=CARTESIAN_POINT('Ctrl Pts',(2.47331774918585,-3.67315360227744,7.94954082394454));
#6716=CARTESIAN_POINT('Ctrl Pts',(2.46704228219793,-3.55919016764546,7.96843341308075));
#6717=CARTESIAN_POINT('Ctrl Pts',(2.4460865889617,-3.35597339032105,8.0504580476224));
#6718=CARTESIAN_POINT('Ctrl Pts',(2.43339975520697,-3.27102231773113,8.10595146606819));
#6719=CARTESIAN_POINT('Ctrl Pts',(2.41513032395414,-3.1314939837938,8.23679441782439));
#6720=CARTESIAN_POINT('Ctrl Pts',(2.40921892110123,-3.07595782009689,8.30707920755527));
#6721=CARTESIAN_POINT('Ctrl Pts',(2.40921892110224,-3.02928983261533,8.38334703010844));
#6722=CARTESIAN_POINT('Ctrl Pts',(2.40921892110224,-3.02928983261533,8.38334703010844));
#6723=CARTESIAN_POINT('Ctrl Pts',(2.40921892110252,-3.0160479748841,8.40498772451634));
#6724=CARTESIAN_POINT('Ctrl Pts',(2.40968784183546,-3.00352383282779,8.42711240664617));
#6725=CARTESIAN_POINT('Ctrl Pts',(2.41467687223401,-2.9444358392209,8.53987372539747));
#6726=CARTESIAN_POINT('Ctrl Pts',(2.42721816698755,-2.90912920697723,8.6354272028911));
#6727=CARTESIAN_POINT('Ctrl Pts',(2.4733762054753,-2.86171211388503,8.82853976553038));
#6728=CARTESIAN_POINT('Ctrl Pts',(2.50663407365342,-2.8499,8.92479649286157));
#6729=CARTESIAN_POINT('Ctrl Pts',(2.54975724054728,-2.8499,9.01727442269974));
#6730=CARTESIAN_POINT('Origin',(6.20552402047163,-3.85,6.20918445782991));
#6731=CARTESIAN_POINT('',(2.12713897880661,-3.8499,8.11096663566305));
#6732=CARTESIAN_POINT('',(2.47331774918585,-3.85,7.94954082394454));
#6733=CARTESIAN_POINT('Ctrl Pts',(6.65360036611783,-3.80495617977534,7.10362094537948));
#6734=CARTESIAN_POINT('Ctrl Pts',(6.18460495775093,-3.48153169372107,7.32231709594049));
#6735=CARTESIAN_POINT('Ctrl Pts',(5.71560954938403,-3.1581072076668,7.5410132465015));
#6736=CARTESIAN_POINT('Ctrl Pts',(5.24661414101714,-2.83468272161254,7.75970939706252));
#6737=CARTESIAN_POINT('Ctrl Pts',(6.78004745434234,-3.80495617977534,7.37478760115525));
#6738=CARTESIAN_POINT('Ctrl Pts',(6.31105204597545,-3.48153169372108,7.59348375171626));
#6739=CARTESIAN_POINT('Ctrl Pts',(5.84205663760855,-3.15810720766681,7.81217990227727));
#6740=CARTESIAN_POINT('Ctrl Pts',(5.37306122924165,-2.83468272161254,8.03087605283828));
#6741=CARTESIAN_POINT('Ctrl Pts',(6.87845313063656,-4.01781274597841,7.90060771994445));
#6742=CARTESIAN_POINT('Ctrl Pts',(6.40945772226967,-3.69438825992415,8.11930387050546));
#6743=CARTESIAN_POINT('Ctrl Pts',(5.94046231390276,-3.37096377386988,8.33800002106647));
#6744=CARTESIAN_POINT('Ctrl Pts',(5.47146690553587,-3.04753928781561,8.55669617162749));
#6745=CARTESIAN_POINT('Ctrl Pts',(6.70366499150648,-4.46266410934336,8.18365334612057));
#6746=CARTESIAN_POINT('Ctrl Pts',(6.23466958313959,-4.13923962328909,8.40234949668158));
#6747=CARTESIAN_POINT('Ctrl Pts',(5.76567417477269,-3.81581513723482,8.62104564724259));
#6748=CARTESIAN_POINT('Ctrl Pts',(5.29667876640579,-3.49239065118055,8.8397417978036));
#6749=CARTESIAN_POINT('Ctrl Pts',(6.59587646141246,-4.65295448378043,8.23391596316468));
#6750=CARTESIAN_POINT('Ctrl Pts',(6.12688105304556,-4.32952999772616,8.45261211372569));
#6751=CARTESIAN_POINT('Ctrl Pts',(5.65788564467866,-4.00610551167189,8.6713082642867));
#6752=CARTESIAN_POINT('Ctrl Pts',(5.18889023631177,-3.68268102561762,8.89000441484771));
#6753=CARTESIAN_POINT('',(6.7639013188427,-3.8499,7.4066284384421));
#6754=CARTESIAN_POINT('',(6.62814228221233,-3.78740000000008,7.11549224486656));
#6755=CARTESIAN_POINT('Ctrl Pts',(6.76292935726281,-3.85117522946142,7.4064299663391));
#6756=CARTESIAN_POINT('Ctrl Pts',(6.74646077206199,-3.83533678041069,7.37090088035373));
#6757=CARTESIAN_POINT('Ctrl Pts',(6.72960574057045,-3.82223707738491,7.33445460375803));
#6758=CARTESIAN_POINT('Ctrl Pts',(6.71241402021131,-3.8121048932515,7.2972719307163));
#6759=CARTESIAN_POINT('Ctrl Pts',(6.70868630534676,-3.8099079116455,7.28920953788384));
#6760=CARTESIAN_POINT('Ctrl Pts',(6.70494268558161,-3.8078506120733,7.28111259936394));
#6761=CARTESIAN_POINT('Ctrl Pts',(6.70118354509875,-3.80593560132068,7.27298310035594));
#6762=CARTESIAN_POINT('Ctrl Pts',(6.68351135499055,-3.79693289598581,7.23476530758946));
#6763=CARTESIAN_POINT('Ctrl Pts',(6.66561493626921,-3.79113112492836,7.19607861500781));
#6764=CARTESIAN_POINT('Ctrl Pts',(6.64752993981988,-3.78870187347143,7.15715077636842));
#6765=CARTESIAN_POINT('Ctrl Pts',(6.64109121125716,-3.78783699684369,7.14329145451371));
#6766=CARTESIAN_POINT('Ctrl Pts',(6.63462835962597,-3.78740000000008,7.12940168276706));
#6767=CARTESIAN_POINT('Ctrl Pts',(6.62814228221233,-3.78740000000008,7.11549224486656));
#6768=CARTESIAN_POINT('',(5.43137321010861,-3.8499,8.77693274719404));
#6769=CARTESIAN_POINT('Ctrl Pts',(6.7639013188427,-3.8499,7.4066284384421));
#6770=CARTESIAN_POINT('Ctrl Pts',(6.75845277586762,-3.8499,7.4473539982352));
#6771=CARTESIAN_POINT('Ctrl Pts',(6.74966115077926,-3.84989999999997,7.48770927330431));
#6772=CARTESIAN_POINT('Ctrl Pts',(6.70221984636695,-3.84989999999997,7.65201189023288));
#6773=CARTESIAN_POINT('Ctrl Pts',(6.63947880853377,-3.84989999999042,7.77137491871933));
#6774=CARTESIAN_POINT('Ctrl Pts',(6.44838802552419,-3.84989999999042,8.05160315493661));
#6775=CARTESIAN_POINT('Ctrl Pts',(6.28427600020872,-3.8499,8.22201440959289));
#6776=CARTESIAN_POINT('Ctrl Pts',(5.88535523852252,-3.8499,8.53521646688053));
#6777=CARTESIAN_POINT('Ctrl Pts',(5.66167928661944,-3.8499,8.66953925999742));
#6778=CARTESIAN_POINT('Ctrl Pts',(5.43137321010861,-3.8499,8.77693274719404));
#6779=CARTESIAN_POINT('',(5.3451200930186,-3.79041888447575,8.81715323623285));
#6780=CARTESIAN_POINT('Ctrl Pts',(5.43137321010861,-3.8499,8.77693274719404));
#6781=CARTESIAN_POINT('Ctrl Pts',(5.40262217107861,-3.83007296149191,8.79033957687365));
#6782=CARTESIAN_POINT('Ctrl Pts',(5.3738711320486,-3.81024592298383,8.80374640655325));
#6783=CARTESIAN_POINT('Ctrl Pts',(5.3451200930186,-3.79041888447575,8.81715323623285));
#6784=CARTESIAN_POINT('',(5.26868060165724,-2.8499,7.74941963747766));
#6785=CARTESIAN_POINT('Ctrl Pts',(5.3451200930186,-3.79041888447574,8.81715323623285));
#6786=CARTESIAN_POINT('Ctrl Pts',(5.3451200930186,-3.67312702221124,8.81715323623285));
#6787=CARTESIAN_POINT('Ctrl Pts',(5.35139863887817,-3.55913978940441,8.79825215210373));
#6788=CARTESIAN_POINT('Ctrl Pts',(5.37235031499445,-3.35600054831279,8.71623655534193));
#6789=CARTESIAN_POINT('Ctrl Pts',(5.38502206421324,-3.27112647993971,8.66080570979823));
#6790=CARTESIAN_POINT('Ctrl Pts',(5.40570127959997,-3.11323252692235,8.51281348566181));
#6791=CARTESIAN_POINT('Ctrl Pts',(5.41225618934572,-3.04529346110787,8.41923103225867));
#6792=CARTESIAN_POINT('Ctrl Pts',(5.40378676681021,-2.94452606539254,8.22704746714934));
#6793=CARTESIAN_POINT('Ctrl Pts',(5.39125386705822,-2.9091849841538,8.13144905429845));
#6794=CARTESIAN_POINT('Ctrl Pts',(5.34509228323506,-2.86172300422523,7.93824347829675));
#6795=CARTESIAN_POINT('Ctrl Pts',(5.31182379700498,-2.8499,7.84194051847381));
#6796=CARTESIAN_POINT('Ctrl Pts',(5.26868060165724,-2.8499,7.74941963747766));
#6797=CARTESIAN_POINT('Ctrl Pts',(6.62814228221233,-3.78740000000008,7.11549224486656));
#6798=CARTESIAN_POINT('Ctrl Pts',(6.17498838869397,-3.47490000000006,7.32680137573693));
#6799=CARTESIAN_POINT('Ctrl Pts',(5.7218344951756,-3.16240000000003,7.53811050660729));
#6800=CARTESIAN_POINT('Ctrl Pts',(5.26868060165724,-2.8499,7.74941963747766));
#6801=CARTESIAN_POINT('Origin',(1.61291382173299,-3.85,10.5575096023474));
#6802=CARTESIAN_POINT('',(7.05076054395303,-3.8499,8.02180003190321));
#6803=CARTESIAN_POINT('',(5.69129886339802,-3.8499,8.65572742451426));
#6804=CARTESIAN_POINT('',(7.05076054395303,-3.85,8.02180003190321));
#6805=CARTESIAN_POINT('',(5.3451200930186,-3.85,8.81715323623285));
#6806=CARTESIAN_POINT('Ctrl Pts',(5.24822661946561,-2.83579470480931,7.75895748601339));
#6807=CARTESIAN_POINT('Ctrl Pts',(5.71668453501634,-3.15884852979799,7.54051197246875));
#6808=CARTESIAN_POINT('Ctrl Pts',(6.18514245056709,-3.48190235478666,7.32206645892411));
#6809=CARTESIAN_POINT('Ctrl Pts',(6.65360036611782,-3.80495617977534,7.10362094537948));
#6810=CARTESIAN_POINT('Ctrl Pts',(5.12177953124109,-2.83579470480931,7.48779083023761));
#6811=CARTESIAN_POINT('Ctrl Pts',(5.59023744679183,-3.15884852979799,7.26934531669298));
#6812=CARTESIAN_POINT('Ctrl Pts',(6.05869536234257,-3.48190235478666,7.05089980314834));
#6813=CARTESIAN_POINT('Ctrl Pts',(6.5271532778933,-3.80495617977533,6.83245428960371));
#6814=CARTESIAN_POINT('Ctrl Pts',(4.78223128495319,-3.04863174705202,7.07438685766894));
#6815=CARTESIAN_POINT('Ctrl Pts',(5.25068920050393,-3.3716855720407,6.8559413441243));
#6816=CARTESIAN_POINT('Ctrl Pts',(5.71914711605467,-3.69473939702937,6.63749583057967));
#6817=CARTESIAN_POINT('Ctrl Pts',(6.1876050316054,-4.01779322201805,6.41905031703504));
#6818=CARTESIAN_POINT('Ctrl Pts',(4.45305472137288,-3.49350263437733,7.02637431268116));
#6819=CARTESIAN_POINT('Ctrl Pts',(4.92151263692362,-3.81655645936601,6.80792879913653));
#6820=CARTESIAN_POINT('Ctrl Pts',(5.38997055247436,-4.13961028435468,6.58948328559189));
#6821=CARTESIAN_POINT('Ctrl Pts',(5.8584284680251,-4.46266410934335,6.37103777204726));
#6822=CARTESIAN_POINT('Ctrl Pts',(4.34526619127886,-3.6837930088144,7.07663692972527));
#6823=CARTESIAN_POINT('Ctrl Pts',(4.8137241068296,-4.00684683380308,6.85819141618064));
#6824=CARTESIAN_POINT('Ctrl Pts',(5.28218202238034,-4.32990065879175,6.639745902636));
#6825=CARTESIAN_POINT('Ctrl Pts',(5.75063993793107,-4.65295448378042,6.42130038909137));
#6826=CARTESIAN_POINT('',(6.49238324558195,-3.8499,6.82435605129101));
#6827=CARTESIAN_POINT('Ctrl Pts',(6.62814228221233,-3.78740000000008,7.11549224486656));
#6828=CARTESIAN_POINT('Ctrl Pts',(6.61055097501611,-3.78740000000008,7.07776756484346));
#6829=CARTESIAN_POINT('Ctrl Pts',(6.59301086376827,-3.79061041701788,7.04037161734147));
#6830=CARTESIAN_POINT('Ctrl Pts',(6.57566671467652,-3.79681190525968,7.00345235218266));
#6831=CARTESIAN_POINT('Ctrl Pts',(6.55747770226377,-3.80331547865558,6.96473468614491));
#6832=CARTESIAN_POINT('Ctrl Pts',(6.53950383707267,-3.8131086850455,6.92654057214716));
#6833=CARTESIAN_POINT('Ctrl Pts',(6.5218803052142,-3.82598683125951,6.8890439127006));
#6834=CARTESIAN_POINT('Ctrl Pts',(6.51176823821419,-3.83337608095121,6.8675290009539));
#6835=CARTESIAN_POINT('Ctrl Pts',(6.50177096328472,-3.84178184493102,6.84624382674649));
#6836=CARTESIAN_POINT('Ctrl Pts',(6.49191041553368,-3.85117194279659,6.82522310964211));
#6837=CARTESIAN_POINT('',(4.49988356953727,-3.79041888447578,7.00453766215953));
#6838=CARTESIAN_POINT('Ctrl Pts',(5.26868060165724,-2.8499,7.74941963747766));
#6839=CARTESIAN_POINT('Ctrl Pts',(5.21427888322854,-2.8499,7.63275477581969));
#6840=CARTESIAN_POINT('Ctrl Pts',(5.14517258266931,-2.8686176942278,7.52454815630429));
#6841=CARTESIAN_POINT('Ctrl Pts',(4.98522148494899,-2.94551753897485,7.33036908875087));
#6842=CARTESIAN_POINT('Ctrl Pts',(4.89783121084842,-3.00355840756569,7.25064605056924));
#6843=CARTESIAN_POINT('Ctrl Pts',(4.7410627235073,-3.14696121302781,7.13151767902982));
#6844=CARTESIAN_POINT('Ctrl Pts',(4.67007698295553,-3.23108607250623,7.08911943194708));
#6845=CARTESIAN_POINT('Ctrl Pts',(4.57794626981283,-3.39686101559771,7.04001406489726));
#6846=CARTESIAN_POINT('Ctrl Pts',(4.54935194953296,-3.46772745600425,7.02662938166824));
#6847=CARTESIAN_POINT('Ctrl Pts',(4.50927390810025,-3.62380446496285,7.00841027135563));
#6848=CARTESIAN_POINT('Ctrl Pts',(4.49988356953727,-3.70664369152389,7.00453766215953));
#6849=CARTESIAN_POINT('Ctrl Pts',(4.49988356953727,-3.79041888447578,7.00453766215953));
#6850=CARTESIAN_POINT('',(4.58613668662723,-3.8499,6.96431717312073));
#6851=CARTESIAN_POINT('Ctrl Pts',(4.49988356953727,-3.79041888447578,7.00453766215953));
#6852=CARTESIAN_POINT('Ctrl Pts',(4.52863460856726,-3.81024592298385,6.99113083247993));
#6853=CARTESIAN_POINT('Ctrl Pts',(4.55738564759725,-3.83007296149193,6.97772400280033));
#6854=CARTESIAN_POINT('Ctrl Pts',(4.58613668662724,-3.8499,6.96431717312074));
#6855=CARTESIAN_POINT('Ctrl Pts',(4.58613668662723,-3.8499,6.96431717312073));
#6856=CARTESIAN_POINT('Ctrl Pts',(4.82002704174387,-3.8499,6.85525230936126));
#6857=CARTESIAN_POINT('Ctrl Pts',(5.07089172504551,-3.8499,6.76923488126505));
#6858=CARTESIAN_POINT('Ctrl Pts',(5.57988689024628,-3.8499,6.66448240700804));
#6859=CARTESIAN_POINT('Ctrl Pts',(5.82312031114367,-3.8499,6.65031731675681));
#6860=CARTESIAN_POINT('Ctrl Pts',(6.20146290141029,-3.8499,6.69569569940689));
#6861=CARTESIAN_POINT('Ctrl Pts',(6.3453110646642,-3.84990000000546,6.73957255260932));
#6862=CARTESIAN_POINT('Ctrl Pts',(6.47157912021702,-3.84990000000546,6.81151564555385));
#6863=CARTESIAN_POINT('Ctrl Pts',(6.48206438084656,-3.8499,6.81781259519831));
#6864=CARTESIAN_POINT('Ctrl Pts',(6.49238324558195,-3.8499,6.82435605129101));
#6865=CARTESIAN_POINT('Origin',(7.05076054395303,-3.85,8.02180003190321));
#6866=CARTESIAN_POINT('',(6.20552402047163,-3.8499,6.20918445782991));
#6867=CARTESIAN_POINT('',(6.41683315134197,-3.8499,6.66233835134822));
#6868=CARTESIAN_POINT('',(6.20552402047163,-3.85,6.20918445782991));
#6869=CARTESIAN_POINT('',(6.83945141308267,-3.8499,7.56864613838487));
#6870=CARTESIAN_POINT('Origin',(3.90921892110231,-3.8499,8.38334703008865));
#6871=CARTESIAN_POINT('',(4.84606233991662,-3.8499,6.84311185044096));
#6872=CARTESIAN_POINT('Origin',(3.90921892110231,-3.8499,8.38334703008865));
#6873=CARTESIAN_POINT('Origin',(3.90921892110231,-3.8499,8.38334703008865));
#6874=CARTESIAN_POINT('',(2.97237550228799,-3.8499,9.92358220973635));
#6875=CARTESIAN_POINT('Origin',(3.90921892110231,-3.8499,8.38334703008865));
#6876=CARTESIAN_POINT('Origin',(2.71187948565734,-1.5,9.57666420546386));
#6877=CARTESIAN_POINT('',(2.27961030296422,-2.03588472949005,9.47976143511108));
#6878=CARTESIAN_POINT('',(2.27961030296422,-1.,9.47976143511108));
#6879=CARTESIAN_POINT('',(2.27961030296422,-1.5,9.47976143511108));
#6880=CARTESIAN_POINT('',(3.14414866835046,-1.,9.67356697581664));
#6881=CARTESIAN_POINT('',(0.815323167539485,-1.,9.15150884229248));
#6882=CARTESIAN_POINT('',(3.14414866835046,-2.5,9.67356697581664));
#6883=CARTESIAN_POINT('',(3.14414866835046,-1.5,9.67356697581664));
#6884=CARTESIAN_POINT('Ctrl Pts',(3.14414866835046,-2.5,9.67356697581664));
#6885=CARTESIAN_POINT('Ctrl Pts',(2.86595304566536,-2.41174917111805,9.6112032274452));
#6886=CARTESIAN_POINT('Ctrl Pts',(2.58027317912449,-2.2477175980607,9.54716171902826));
#6887=CARTESIAN_POINT('Ctrl Pts',(2.27961030296422,-2.03588472949005,9.47976143511108));
#6888=CARTESIAN_POINT('Origin',(3.90921892110224,-2.25,8.38334703008866));
#6889=CARTESIAN_POINT('',(2.40921892110224,-2.5,8.38334703008866));
#6890=CARTESIAN_POINT('Origin',(3.90921892110224,-2.5,8.38334703008866));
#6891=CARTESIAN_POINT('',(2.48348331891758,-2.5,7.91721615505124));
#6892=CARTESIAN_POINT('Origin',(3.90921892110224,-2.5,8.38334703008866));
#6893=CARTESIAN_POINT('',(1.92508031458535,-2.01002795689222,8.53560576540388));
#6894=CARTESIAN_POINT('Ctrl Pts',(2.48348331891758,-2.5,7.91721615505124));
#6895=CARTESIAN_POINT('Ctrl Pts',(2.30591983141855,-2.39233373046729,8.11385445211537));
#6896=CARTESIAN_POINT('Ctrl Pts',(2.12074646182692,-2.22169979406492,8.31892012508106));
#6897=CARTESIAN_POINT('Ctrl Pts',(1.92508031458535,-2.01002795689222,8.53560576540388));
#6898=CARTESIAN_POINT('',(1.91519405129226,-2.,8.53782945167534));
#6899=CARTESIAN_POINT('Ctrl Pts',(1.92508031458535,-2.01002795689222,8.53560576540388));
#6900=CARTESIAN_POINT('Ctrl Pts',(1.92178591194331,-2.00668636204525,8.53634876945641));
#6901=CARTESIAN_POINT('Ctrl Pts',(1.91849039185787,-2.00334360704381,8.53709002113529));
#6902=CARTESIAN_POINT('Ctrl Pts',(1.91519405129226,-2.,8.53782945167534));
#6903=CARTESIAN_POINT('',(2.24238463819497,-2.,9.48863589428887));
#6904=CARTESIAN_POINT('Origin',(3.90921892110224,-2.,8.38334703008866));
#6905=CARTESIAN_POINT('Ctrl Pts',(2.24238463819497,-2.,9.48863589428887));
#6906=CARTESIAN_POINT('Ctrl Pts',(2.25480323431973,-2.01197177295971,9.48570109212254));
#6907=CARTESIAN_POINT('Ctrl Pts',(2.26721157192554,-2.02393325127419,9.48274297375137));
#6908=CARTESIAN_POINT('Ctrl Pts',(2.27961030296422,-2.03588472949005,9.47976143511108));
#6909=CARTESIAN_POINT('Origin',(2.20428181675147,-1.5,8.22641096022756));
#6910=CARTESIAN_POINT('',(2.48348331891758,-1.,7.91721615505124));
#6911=CARTESIAN_POINT('',(2.48348331891758,-1.5,7.91721615505124));
#6912=CARTESIAN_POINT('',(1.92508031458535,-1.,8.53560576540388));
#6913=CARTESIAN_POINT('',(2.78446511101973,-1.,7.58390130592383));
#6914=CARTESIAN_POINT('',(1.92508031458535,-1.5,8.53560576540388));
#6915=CARTESIAN_POINT('Origin',(0.,-1.5,0.));
#6916=CARTESIAN_POINT('',(0.,-2.,9.75));
#6917=CARTESIAN_POINT('Origin',(0.,-2.,0.));
#6918=CARTESIAN_POINT('',(0.,-1.,9.75));
#6919=CARTESIAN_POINT('',(0.,-1.5,9.75));
#6920=CARTESIAN_POINT('Origin',(0.,-1.,0.));
#6921=CARTESIAN_POINT('Origin',(3.33066907387547E-15,-2.,3.90312945157597));
#6922=CARTESIAN_POINT('',(5.30929380143869,-2.,6.95513474563971));
#6923=CARTESIAN_POINT('Origin',(-1.38777878078145E-16,-2.,5.55111512312578E-16));
#6924=CARTESIAN_POINT('',(5.82733973801754,-2.,7.81694387709939));
#6925=CARTESIAN_POINT('Origin',(3.90921892110224,-2.,8.38334703008866));
#6926=CARTESIAN_POINT('',(7.46893332041069,-2.,6.26717919444297));
#6927=CARTESIAN_POINT('Origin',(0.,-2.,0.));
#6928=CARTESIAN_POINT('Origin',(9.5,-2.,7.97144649618246));
#6929=CARTESIAN_POINT('Origin',(0.,-2.,0.));
#6930=CARTESIAN_POINT('Origin',(-1.38777878078145E-16,-2.,19.5));
#6931=CARTESIAN_POINT('Origin',(-1.38777878078145E-16,-1.5,5.55111512312578E-16));
#6932=CARTESIAN_POINT('',(5.3012355913763,-1.,6.96127870471548));
#6933=CARTESIAN_POINT('Origin',(-1.38777878078145E-16,-1.,5.55111512312578E-16));
#6934=CARTESIAN_POINT('',(5.3012355913763,-2.01002795689222,6.96127870471548));
#6935=CARTESIAN_POINT('',(5.3012355913763,-1.5,6.96127870471548));
#6936=CARTESIAN_POINT('Ctrl Pts',(5.30929380144163,-1.99999999999634,6.95513474563747));
#6937=CARTESIAN_POINT('Ctrl Pts',(5.30660851688859,-2.00334360831504,6.9571845930026));
#6938=CARTESIAN_POINT('Ctrl Pts',(5.30392236785793,-2.00668636060708,6.95923263879646));
#6939=CARTESIAN_POINT('Ctrl Pts',(5.30123559137947,-2.01002795688827,6.96127870471306));
#6940=CARTESIAN_POINT('Origin',(4.88491136283148,-1.5,6.97641287421359));
#6941=CARTESIAN_POINT('',(4.46858713428666,-1.,6.99154704371171));
#6942=CARTESIAN_POINT('',(2.50146512793649,-1.,7.06305563203392));
#6943=CARTESIAN_POINT('',(4.46858713428666,-2.5,6.99154704371171));
#6944=CARTESIAN_POINT('',(4.46858713428666,-1.5,6.99154704371171));
#6945=CARTESIAN_POINT('Ctrl Pts',(4.46858713428666,-2.5,6.99154704371171));
#6946=CARTESIAN_POINT('Ctrl Pts',(4.73335641875412,-2.39233373046729,6.98192218175488));
#6947=CARTESIAN_POINT('Ctrl Pts',(5.00947298562134,-2.22169979406492,6.97188482471993));
#6948=CARTESIAN_POINT('Ctrl Pts',(5.3012355913763,-2.01002795689222,6.96127870471548));
#6949=CARTESIAN_POINT('Origin',(5.59298786586988,-1.5,8.23318130379589));
#6950=CARTESIAN_POINT('',(5.38936241993707,-2.5,8.62660660925664));
#6951=CARTESIAN_POINT('',(5.38936241993707,-1.,8.62660660925664));
#6952=CARTESIAN_POINT('',(5.38936241993707,-1.5,8.62660660925664));
#6953=CARTESIAN_POINT('',(5.79661331180269,-1.,7.83975599833514));
#6954=CARTESIAN_POINT('',(5.88594213558387,-1.,7.6671635228635));
#6955=CARTESIAN_POINT('',(5.79661331180269,-2.03588472949005,7.83975599833514));
#6956=CARTESIAN_POINT('',(5.79661331180269,-1.5,7.83975599833514));
#6957=CARTESIAN_POINT('Ctrl Pts',(5.79661331180269,-2.03588472949005,7.83975599833514));
#6958=CARTESIAN_POINT('Ctrl Pts',(5.76196417713114,-2.08770839877766,7.90670169036129));
#6959=CARTESIAN_POINT('Ctrl Pts',(5.72650899663268,-2.13844913870142,7.97520474583097));
#6960=CARTESIAN_POINT('Ctrl Pts',(5.57923936432774,-2.3363106916173,8.259744822879));
#6961=CARTESIAN_POINT('Ctrl Pts',(5.48097691311862,-2.43830429790943,8.44959798541069));
#6962=CARTESIAN_POINT('Ctrl Pts',(5.38936241993707,-2.5,8.62660660925664));
#6963=CARTESIAN_POINT('Origin',(3.90921892110224,-2.25,8.38334703008866));
#6964=CARTESIAN_POINT('Origin',(3.90921892110224,-2.5,8.38334703008866));
#6965=CARTESIAN_POINT('Ctrl Pts',(5.79661331180269,-2.03588472949005,7.83975599833514));
#6966=CARTESIAN_POINT('Ctrl Pts',(5.8068674586336,-2.02393277917532,7.83217421593861));
#6967=CARTESIAN_POINT('Ctrl Pts',(5.8171083288996,-2.0119725926804,7.82457114139427));
#6968=CARTESIAN_POINT('Ctrl Pts',(5.82733973801754,-2.,7.81694387709939));
#6969=CARTESIAN_POINT('Origin',(0.,-1.5,0.));
#6970=CARTESIAN_POINT('',(7.46893332041069,-1.,6.26717919444297));
#6971=CARTESIAN_POINT('Origin',(0.,-1.,0.));
#6972=CARTESIAN_POINT('',(7.46893332041069,-1.5,6.26717919444297));
#6973=CARTESIAN_POINT('Origin',(1.61291382173299,-3.85,10.5575096023474));
#6974=CARTESIAN_POINT('',(3.31855427266728,-3.85,9.76215639801782));
#6975=CARTESIAN_POINT('Origin',(6.20552402047163,-3.85,6.20918445782991));
#6976=CARTESIAN_POINT('',(4.49988356953727,-3.85,7.00453766215953));
#6977=CARTESIAN_POINT('Origin',(3.90921892110224,-3.85,8.38334703008866));
#6978=CARTESIAN_POINT('',(2.40921892110224,-3.85,8.38334703008866));
#6979=CARTESIAN_POINT('Origin',(3.90921892110224,-1.,8.38334703008866));
#6980=CARTESIAN_POINT('Origin',(3.90921892110224,-1.,8.38334703008866));
#6981=CARTESIAN_POINT('Origin',(3.33066907387547E-15,-1.,3.90312945157597));
#6982=CARTESIAN_POINT('Origin',(-1.38777878078145E-16,-1.,19.5));
#6983=CARTESIAN_POINT('Origin',(9.5,-1.,7.97144649618246));
#6984=CARTESIAN_POINT('Origin',(-1.38777878078145E-16,-1.5,19.5));
#6985=CARTESIAN_POINT('Origin',(9.5,-1.5,7.97144649618246));
#6986=CARTESIAN_POINT('Origin',(0.,0.,0.));
#6987=CARTESIAN_POINT('Origin',(-2.9,-5.05,4.32573593128807));
#6988=CARTESIAN_POINT('',(-1.7,-5.05,-0.848528137423855));
#6989=CARTESIAN_POINT('Ctrl Pts',(-2.9,-3.85,-1.09544511501033));
#6990=CARTESIAN_POINT('Ctrl Pts',(-2.8979394603398,-3.85,-1.09506891365949));
#6991=CARTESIAN_POINT('Ctrl Pts',(-2.8958789579746,-3.85000530727958,-1.09469252532226));
#6992=CARTESIAN_POINT('Ctrl Pts',(-2.81098191023386,-3.8504426380521,-1.07917652238084));
#6993=CARTESIAN_POINT('Ctrl Pts',(-2.72844013899284,-3.85944546505852,-1.06377367662083));
#6994=CARTESIAN_POINT('Ctrl Pts',(-2.56662693547915,-3.89427178496573,-1.03290313678329));
#6995=CARTESIAN_POINT('Ctrl Pts',(-2.48772990446408,-3.92000500617983,-1.0175066292731));
#6996=CARTESIAN_POINT('Ctrl Pts',(-2.26927127174243,-4.01722847410516,-0.973920132991327));
#6997=CARTESIAN_POINT('Ctrl Pts',(-2.13987755631195,-4.10824946449496,-0.946838084178487));
#6998=CARTESIAN_POINT('Ctrl Pts',(-1.925914017844,-4.33267303803497,-0.900493407255649));
#6999=CARTESIAN_POINT('Ctrl Pts',(-1.84210964581587,-4.46296716923078,-0.881485206475092));
#7000=CARTESIAN_POINT('Ctrl Pts',(-1.72897839252584,-4.74711327285095,-0.855428858581445));
#7001=CARTESIAN_POINT('Ctrl Pts',(-1.7,-4.89769501184421,-0.848528137423854));
#7002=CARTESIAN_POINT('Ctrl Pts',(-1.7,-5.05,-0.848528137423854));
#7003=CARTESIAN_POINT('',(-1.7,-5.05,0.848528137423855));
#7004=CARTESIAN_POINT('',(-1.7,-5.05,4.32573593128807));
#7005=CARTESIAN_POINT('Ctrl Pts',(-1.7,-5.05,0.848528137423854));
#7006=CARTESIAN_POINT('Ctrl Pts',(-1.7,-4.89769501184421,0.848528137423854));
#7007=CARTESIAN_POINT('Ctrl Pts',(-1.72897839252584,-4.74711327285095,0.855428858581446));
#7008=CARTESIAN_POINT('Ctrl Pts',(-1.84210964581587,-4.46296716923078,0.881485206475093));
#7009=CARTESIAN_POINT('Ctrl Pts',(-1.925914017844,-4.33267303803497,0.900493407255648));
#7010=CARTESIAN_POINT('Ctrl Pts',(-2.13987755631195,-4.10824946449496,0.946838084178486));
#7011=CARTESIAN_POINT('Ctrl Pts',(-2.26927127174243,-4.01722847410516,0.973920132991326));
#7012=CARTESIAN_POINT('Ctrl Pts',(-2.48772990446408,-3.92000500617983,1.0175066292731));
#7013=CARTESIAN_POINT('Ctrl Pts',(-2.56662693547915,-3.89427178496573,1.03290313678329));
#7014=CARTESIAN_POINT('Ctrl Pts',(-2.72844013901184,-3.85944546505443,1.06377367662446));
#7015=CARTESIAN_POINT('Ctrl Pts',(-2.81098191025347,-3.85044263805199,1.07917652238822));
#7016=CARTESIAN_POINT('Ctrl Pts',(-2.89587895797257,-3.85000530727959,1.09469252532148));
#7017=CARTESIAN_POINT('Ctrl Pts',(-2.89793946034195,-3.85,1.09506891365988));
#7018=CARTESIAN_POINT('Ctrl Pts',(-2.9,-3.85,1.09544511501033));
#7019=CARTESIAN_POINT('Origin',(0.,-5.05,0.));
#7020=CARTESIAN_POINT('',(1.7,-5.05,-0.848528137423855));
#7021=CARTESIAN_POINT('Ctrl Pts',(2.9,-3.85,-1.09544511501033));
#7022=CARTESIAN_POINT('Ctrl Pts',(2.89793946034196,-3.85,-1.09506891365989));
#7023=CARTESIAN_POINT('Ctrl Pts',(2.89587895797255,-3.85000530727959,-1.09469252532148));
#7024=CARTESIAN_POINT('Ctrl Pts',(2.81098191025356,-3.85044263805199,-1.07917652238825));
#7025=CARTESIAN_POINT('Ctrl Pts',(2.72844013901193,-3.85944546505441,-1.06377367662448));
#7026=CARTESIAN_POINT('Ctrl Pts',(2.56662693547915,-3.89427178496573,-1.03290313678329));
#7027=CARTESIAN_POINT('Ctrl Pts',(2.48772990446408,-3.92000500617983,-1.0175066292731));
#7028=CARTESIAN_POINT('Ctrl Pts',(2.26927127174243,-4.01722847410516,-0.973920132991331));
#7029=CARTESIAN_POINT('Ctrl Pts',(2.13987755631195,-4.10824946449496,-0.946838084178492));
#7030=CARTESIAN_POINT('Ctrl Pts',(1.925914017844,-4.33267303803497,-0.900493407255653));
#7031=CARTESIAN_POINT('Ctrl Pts',(1.84210964581587,-4.46296716923078,-0.881485206475096));
#7032=CARTESIAN_POINT('Ctrl Pts',(1.72897839252584,-4.74711327285095,-0.855428858581448));
#7033=CARTESIAN_POINT('Ctrl Pts',(1.7,-4.89769501184421,-0.848528137423857));
#7034=CARTESIAN_POINT('Ctrl Pts',(1.7,-5.05,-0.848528137423857));
#7035=CARTESIAN_POINT('Origin',(0.,-5.05,0.));
#7036=CARTESIAN_POINT('Origin',(2.9,-5.05,5.17426406871193));
#7037=CARTESIAN_POINT('',(1.7,-5.05,0.848528137423857));
#7038=CARTESIAN_POINT('Ctrl Pts',(2.9,-3.85,1.09544511501033));
#7039=CARTESIAN_POINT('Ctrl Pts',(2.89793946033983,-3.85,1.09506891365949));
#7040=CARTESIAN_POINT('Ctrl Pts',(2.89587895797458,-3.85000530727958,1.09469252532225));
#7041=CARTESIAN_POINT('Ctrl Pts',(2.81098191023408,-3.8504426380521,1.07917652238093));
#7042=CARTESIAN_POINT('Ctrl Pts',(2.72844013899306,-3.85944546505847,1.06377367662087));
#7043=CARTESIAN_POINT('Ctrl Pts',(2.56662693547915,-3.89427178496573,1.03290313678329));
#7044=CARTESIAN_POINT('Ctrl Pts',(2.48772990446408,-3.92000500617983,1.0175066292731));
#7045=CARTESIAN_POINT('Ctrl Pts',(2.26927127174243,-4.01722847410516,0.973920132991329));
#7046=CARTESIAN_POINT('Ctrl Pts',(2.13987755631195,-4.10824946449496,0.946838084178493));
#7047=CARTESIAN_POINT('Ctrl Pts',(1.925914017844,-4.33267303803497,0.900493407255654));
#7048=CARTESIAN_POINT('Ctrl Pts',(1.84210964581587,-4.46296716923078,0.881485206475096));
#7049=CARTESIAN_POINT('Ctrl Pts',(1.72897839252584,-4.74711327285095,0.855428858581448));
#7050=CARTESIAN_POINT('Ctrl Pts',(1.7,-4.89769501184421,0.848528137423857));
#7051=CARTESIAN_POINT('Ctrl Pts',(1.7,-5.05,0.848528137423857));
#7052=CARTESIAN_POINT('',(1.7,-5.05,5.17426406871193));
#7053=CARTESIAN_POINT('Origin',(0.,-5.05,0.));
#7054=CARTESIAN_POINT('Origin',(0.,-5.05,0.));
#7055=CARTESIAN_POINT('Origin',(0.,0.,0.));
#7056=CARTESIAN_POINT('',(-1.7,-7.,0.848528137423855));
#7057=CARTESIAN_POINT('',(-1.7,0.,0.848528137423855));
#7058=CARTESIAN_POINT('',(1.7,-7.,0.848528137423857));
#7059=CARTESIAN_POINT('Origin',(0.,-7.,0.));
#7060=CARTESIAN_POINT('',(1.7,0.,0.848528137423857));
#7061=CARTESIAN_POINT('Origin',(-1.7,0.,-0.848528137423855));
#7062=CARTESIAN_POINT('',(-1.7,-7.,-0.848528137423855));
#7063=CARTESIAN_POINT('',(-1.7,0.,-0.848528137423855));
#7064=CARTESIAN_POINT('',(-1.7,-7.,0.848528137423855));
#7065=CARTESIAN_POINT('Origin',(-2.9,5.05,4.32573593128807));
#7066=CARTESIAN_POINT('Ctrl Pts',(-1.7,5.05,-0.848528137423854));
#7067=CARTESIAN_POINT('Ctrl Pts',(-1.7,4.89769501184421,-0.848528137423854));
#7068=CARTESIAN_POINT('Ctrl Pts',(-1.72897839252584,4.74711327285095,-0.855428858581446));
#7069=CARTESIAN_POINT('Ctrl Pts',(-1.84210964581587,4.46296716923078,-0.881485206475093));
#7070=CARTESIAN_POINT('Ctrl Pts',(-1.925914017844,4.33267303803497,-0.900493407255648));
#7071=CARTESIAN_POINT('Ctrl Pts',(-2.13987755631195,4.10824946449496,-0.946838084178486));
#7072=CARTESIAN_POINT('Ctrl Pts',(-2.26927127174243,4.01722847410516,-0.973920132991326));
#7073=CARTESIAN_POINT('Ctrl Pts',(-2.48772990446408,3.92000500617983,-1.0175066292731));
#7074=CARTESIAN_POINT('Ctrl Pts',(-2.56662693547915,3.89427178496573,-1.03290313678329));
#7075=CARTESIAN_POINT('Ctrl Pts',(-2.72844013899293,3.8594454650585,-1.06377367662085));
#7076=CARTESIAN_POINT('Ctrl Pts',(-2.81098191023395,3.8504426380521,-1.07917652238087));
#7077=CARTESIAN_POINT('Ctrl Pts',(-2.89587895797459,3.85000530727958,-1.09469252532225));
#7078=CARTESIAN_POINT('Ctrl Pts',(-2.89793946033981,3.85,-1.09506891365949));
#7079=CARTESIAN_POINT('Ctrl Pts',(-2.9,3.85,-1.09544511501033));
#7080=CARTESIAN_POINT('Ctrl Pts',(-2.9,3.85,1.09544511501033));
#7081=CARTESIAN_POINT('Ctrl Pts',(-2.89793946034196,3.85,1.09506891365988));
#7082=CARTESIAN_POINT('Ctrl Pts',(-2.89587895797256,3.85000530727959,1.09469252532148));
#7083=CARTESIAN_POINT('Ctrl Pts',(-2.81098191025356,3.85044263805199,1.07917652238825));
#7084=CARTESIAN_POINT('Ctrl Pts',(-2.72844013901193,3.85944546505441,1.06377367662447));
#7085=CARTESIAN_POINT('Ctrl Pts',(-2.58598224265988,3.89010603022421,1.03659572038225));
#7086=CARTESIAN_POINT('Ctrl Pts',(-2.52560309405573,3.90816603533409,1.02487820839419));
#7087=CARTESIAN_POINT('Ctrl Pts',(-2.46693139362394,3.93087016741957,1.01329786215582));
#7088=CARTESIAN_POINT('Origin',(0.,5.05,0.));
#7089=CARTESIAN_POINT('Origin',(0.,5.05,0.));
#7090=CARTESIAN_POINT('Origin',(0.,5.05,0.));
#7091=CARTESIAN_POINT('Origin',(0.,0.,0.));
#7092=CARTESIAN_POINT('',(1.7,0.,-0.848528137423855));
#7093=CARTESIAN_POINT('Origin',(1.7,0.,0.848528137423857));
#7094=CARTESIAN_POINT('Origin',(0.,-7.,0.));
#7095=CARTESIAN_POINT('',(1.7,-7.,-0.848528137423855));
#7096=CARTESIAN_POINT('Origin',(0.,-7.,0.));
#7097=CARTESIAN_POINT('',(1.7,-7.,-0.848528137423855));
#7098=CARTESIAN_POINT('Origin',(0.,0.,0.));
#7099=CARTESIAN_POINT('',(1.7,0.,-0.848528137423855));
#7100=CARTESIAN_POINT('Origin',(1.7,0.,0.848528137423857));
#7101=CARTESIAN_POINT('Origin',(9.5,1.,22.2000000000539));
#7102=CARTESIAN_POINT('',(9.5,2.35,22.2000000000539));
#7103=CARTESIAN_POINT('Origin',(9.5,2.35,22.2000000000539));
#7104=CARTESIAN_POINT('Origin',(9.5,-0.999999999999989,7.40000000005387));
#7105=CARTESIAN_POINT('',(9.5,-2.35,7.40000000005387));
#7106=CARTESIAN_POINT('Origin',(9.5,-2.35,22.2000000000539));
#7107=CARTESIAN_POINT('',(9.5,-2.35,22.2000000000539));
#7108=CARTESIAN_POINT('Origin',(9.5,-2.35,7.40000000005387));
#7109=CARTESIAN_POINT('Origin',(2.3861530846473,7.,25.4382623085101));
#7110=CARTESIAN_POINT('Origin',(1.5,7.,37.));
#7111=CARTESIAN_POINT('Origin',(1.5,-9.,37.));
#7112=CARTESIAN_POINT('Origin',(1.5,9.,37.));
#7113=CARTESIAN_POINT('Origin',(-0.57220622076434,7.75,36.6526268913622));
#7114=CARTESIAN_POINT('',(-1.9987587048634,7.8,37.0932068935442));
#7115=CARTESIAN_POINT('',(-0.0300449958766232,7.8,36.69635586751));
#7116=CARTESIAN_POINT('',(-1.89632972091769,7.5,36.1544561355715));
#7117=CARTESIAN_POINT('',(-0.720409288616216,7.5,35.9174154587258));
#7118=CARTESIAN_POINT('Origin',(1.5,7.99999999999998,37.));
#7119=CARTESIAN_POINT('Origin',(1.5,-9.,37.));
#7120=CARTESIAN_POINT('',(4.77164766900663,-7.8,38.2435117730626));
#7121=CARTESIAN_POINT('',(-1.9987587048634,-7.8,37.0932068935442));
#7122=CARTESIAN_POINT('Origin',(1.5,-7.8,37.));
#7123=CARTESIAN_POINT('',(4.98500754852792,-7.5,37.3236083845716));
#7124=CARTESIAN_POINT('Origin',(1.5,-7.99999999999977,37.));
#7125=CARTESIAN_POINT('',(-1.89632972091769,-7.5,36.1544561355715));
#7126=CARTESIAN_POINT('Origin',(1.5,-7.5,37.));
#7127=CARTESIAN_POINT('Origin',(1.5,-7.99999999999998,37.));
#7128=CARTESIAN_POINT('Origin',(3.16609815602533,-7.75,37.1164702222243));
#7129=CARTESIAN_POINT('',(2.67146696024056,-7.8,36.9974053797023));
#7130=CARTESIAN_POINT('',(3.54880331243514,-7.5,36.4714611034846));
#7131=CARTESIAN_POINT('Origin',(1.5,7.5,35.9899391801218));
#7132=CARTESIAN_POINT('',(4.98500754852792,7.5,37.3236083845716));
#7133=CARTESIAN_POINT('',(3.54880331243514,7.5,36.4714611034846));
#7134=CARTESIAN_POINT('Origin',(1.5,7.5,37.));
#7135=CARTESIAN_POINT('Origin',(3.16609815602533,7.75,37.1164702222243));
#7136=CARTESIAN_POINT('',(4.77164766900663,7.8,38.2435117730626));
#7137=CARTESIAN_POINT('',(2.67146696024056,7.8,36.9974053797023));
#7138=CARTESIAN_POINT('Origin',(1.5,7.99999999999977,37.));
#7139=CARTESIAN_POINT('Origin',(1.5,9.,37.));
#7140=CARTESIAN_POINT('Origin',(1.5,7.8,37.));
#7141=CARTESIAN_POINT('Origin',(4.51004255410117,9.,38.7859573965696));
#7142=CARTESIAN_POINT('',(3.22862761235553,-7.8,38.0256517024969));
#7143=CARTESIAN_POINT('Origin',(-0.57220622076434,-7.75,36.6526268913622));
#7144=CARTESIAN_POINT('',(-0.0300449958766232,-7.8,36.69635586751));
#7145=CARTESIAN_POINT('',(-0.720409288616216,-7.5,35.9174154587258));
#7146=CARTESIAN_POINT('Origin',(1.5,-7.5,35.9899391801218));
#7147=CARTESIAN_POINT('Origin',(0.955068627540422,-7.8,38.9374999999889));
#7148=CARTESIAN_POINT('Origin',(0.955068627540422,7.8,38.9374999999889));
#7149=CARTESIAN_POINT('Origin',(1.5,9.,37.));
#7150=UNCERTAINTY_MEASURE_WITH_UNIT(LENGTH_MEASURE(0.01),#7154,
'DISTANCE_ACCURACY_VALUE',
'Maximum model space distance between geometric entities at asserted c
onnectivities');
#7151=UNCERTAINTY_MEASURE_WITH_UNIT(LENGTH_MEASURE(0.01),#7154,
'DISTANCE_ACCURACY_VALUE',
'Maximum model space distance between geometric entities at asserted c
onnectivities');
#7152=(
GEOMETRIC_REPRESENTATION_CONTEXT(3)
GLOBAL_UNCERTAINTY_ASSIGNED_CONTEXT((#7150))
GLOBAL_UNIT_ASSIGNED_CONTEXT((#7154,#7156,#7157))
REPRESENTATION_CONTEXT('','3D')
);
#7153=(
GEOMETRIC_REPRESENTATION_CONTEXT(3)
GLOBAL_UNCERTAINTY_ASSIGNED_CONTEXT((#7151))
GLOBAL_UNIT_ASSIGNED_CONTEXT((#7154,#7156,#7157))
REPRESENTATION_CONTEXT('','3D')
);
#7154=(
LENGTH_UNIT()
NAMED_UNIT(*)
SI_UNIT(.MILLI.,.METRE.)
);
#7155=(
LENGTH_UNIT()
NAMED_UNIT(*)
SI_UNIT($,.METRE.)
);
#7156=(
NAMED_UNIT(*)
PLANE_ANGLE_UNIT()
SI_UNIT($,.RADIAN.)
);
#7157=(
NAMED_UNIT(*)
SI_UNIT($,.STERADIAN.)
SOLID_ANGLE_UNIT()
);
#7158=SHAPE_DEFINITION_REPRESENTATION(#7159,#7160);
#7159=PRODUCT_DEFINITION_SHAPE('',$,#7162);
#7160=SHAPE_REPRESENTATION('',(#3523),#7152);
#7161=PRODUCT_DEFINITION_CONTEXT('part definition',#7166,'design');
#7162=PRODUCT_DEFINITION('2026-08-17-10-17-41-724','(Unsaved)',#7163,#7161);
#7163=PRODUCT_DEFINITION_FORMATION('',$,#7168);
#7164=PRODUCT_RELATED_PRODUCT_CATEGORY('(Unsaved)','(Unsaved)',(#7168));
#7165=APPLICATION_PROTOCOL_DEFINITION('international standard',
'automotive_design',2009,#7166);
#7166=APPLICATION_CONTEXT(
'Core Data for Automotive Mechanical Design Process');
#7167=PRODUCT_CONTEXT('part definition',#7166,'mechanical');
#7168=PRODUCT('2026-08-17-10-17-41-724','(Unsaved)',$,(#7167));
#7169=PRESENTATION_STYLE_ASSIGNMENT((#7170));
#7170=SURFACE_STYLE_USAGE(.BOTH.,#7171);
#7171=SURFACE_SIDE_STYLE('',(#7172));
#7172=SURFACE_STYLE_FILL_AREA(#7173);
#7173=FILL_AREA_STYLE('Steel - Satin',(#7174));
#7174=FILL_AREA_STYLE_COLOUR('Steel - Satin',#7175);
#7175=COLOUR_RGB('Steel - Satin',0.627450980392157,0.627450980392157,0.627450980392157);
ENDSEC;
END-ISO-10303-21;
