ISO-10303-21;
HEADER;
/* Generated by software containing ST-Developer
 * from STEP Tools, Inc. (www.steptools.com) 
 */

FILE_DESCRIPTION(
/* description */ (''),
/* implementation_level */ '2;1');

FILE_NAME(
/* name */ 'PP_T-PP_PP.step',
/* time_stamp */ '2026-08-17T10:19:04+02:00',
/* author */ (''),
/* organization */ (''),
/* preprocessor_version */ 'ST-DEVELOPER v20.1',
/* originating_system */ 'Autodesk Translation Framework v15.8.0.0',
/* authorisation */ '');

FILE_SCHEMA (('AUTOMOTIVE_DESIGN { 1 0 10303 214 3 1 1 }'));
ENDSEC;

DATA;
#10=MECHANICAL_DESIGN_GEOMETRIC_PRESENTATION_REPRESENTATION('',(#13),#7146);
#11=SHAPE_REPRESENTATION_RELATIONSHIP('SRR','None',#7153,#12);
#12=ADVANCED_BREP_SHAPE_REPRESENTATION('',(#14),#7145);
#13=STYLED_ITEM('',(#7162),#14);
#14=MANIFOLD_SOLID_BREP('PP',#3567);
#15=B_SPLINE_SURFACE_WITH_KNOTS('',3,3,((#5923,#5924,#5925,#5926),(#5927,
#5928,#5929,#5930),(#5931,#5932,#5933,#5934),(#5935,#5936,#5937,#5938),
(#5939,#5940,#5941,#5942)),.UNSPECIFIED.,.F.,.F.,.F.,(4,1,4),(4,4),(0.,
0.571428571428571,1.),(0.,0.634519487530056),.UNSPECIFIED.);
#16=B_SPLINE_SURFACE_WITH_KNOTS('',3,3,((#5962,#5963,#5964,#5965),(#5966,
#5967,#5968,#5969),(#5970,#5971,#5972,#5973),(#5974,#5975,#5976,#5977),
(#5978,#5979,#5980,#5981)),.UNSPECIFIED.,.F.,.F.,.F.,(4,1,4),(4,4),(0.,
0.571428571428571,1.),(0.424798699470312,1.05931818701022),
 .UNSPECIFIED.);
#17=B_SPLINE_SURFACE_WITH_KNOTS('',3,3,((#6062,#6063,#6064,#6065),(#6066,
#6067,#6068,#6069),(#6070,#6071,#6072,#6073),(#6074,#6075,#6076,#6077),
(#6078,#6079,#6080,#6081),(#6082,#6083,#6084,#6085)),.UNSPECIFIED.,.F.,
 .F.,.F.,(4,1,1,4),(4,4),(0.,0.285714285714286,0.571428571428571,1.),(0.968153911633223,
1.45668466915163),.UNSPECIFIED.);
#18=B_SPLINE_SURFACE_WITH_KNOTS('',3,3,((#6110,#6111,#6112,#6113,#6114,
#6115,#6116,#6117,#6118,#6119),(#6120,#6121,#6122,#6123,#6124,#6125,#6126,
#6127,#6128,#6129),(#6130,#6131,#6132,#6133,#6134,#6135,#6136,#6137,#6138,
#6139),(#6140,#6141,#6142,#6143,#6144,#6145,#6146,#6147,#6148,#6149),(#6150,
#6151,#6152,#6153,#6154,#6155,#6156,#6157,#6158,#6159)),.UNSPECIFIED.,.F.,
 .F.,.F.,(4,1,4),(4,1,1,1,1,1,1,4),(0.,0.571428571428571,1.),(0.,0.190699614593063,
0.381399229186126,0.572098843779189,0.762798458372252,0.953498072965315,
1.14419768755838,1.33489730215144),.UNSPECIFIED.);
#19=B_SPLINE_SURFACE_WITH_KNOTS('',3,3,((#6221,#6222,#6223,#6224),(#6225,
#6226,#6227,#6228),(#6229,#6230,#6231,#6232),(#6233,#6234,#6235,#6236),
(#6237,#6238,#6239,#6240)),.UNSPECIFIED.,.F.,.F.,.F.,(4,1,4),(4,4),(0.,
0.571428571428571,1.),(0.481347047349478,0.768912199354797),
 .UNSPECIFIED.);
#20=B_SPLINE_SURFACE_WITH_KNOTS('',3,3,((#6246,#6247,#6248,#6249,#6250,
#6251),(#6252,#6253,#6254,#6255,#6256,#6257),(#6258,#6259,#6260,#6261,#6262,
#6263),(#6264,#6265,#6266,#6267,#6268,#6269),(#6270,#6271,#6272,#6273,#6274,
#6275)),.UNSPECIFIED.,.F.,.F.,.F.,(4,1,4),(4,1,1,4),(0.,0.571428571428571,
1.),(0.,0.241611935420675,0.402686559034459,0.563761182648242),
 .UNSPECIFIED.);
#21=B_SPLINE_SURFACE_WITH_KNOTS('',3,3,((#6325,#6326,#6327,#6328,#6329,
#6330,#6331,#6332,#6333),(#6334,#6335,#6336,#6337,#6338,#6339,#6340,#6341,
#6342),(#6343,#6344,#6345,#6346,#6347,#6348,#6349,#6350,#6351),(#6352,#6353,
#6354,#6355,#6356,#6357,#6358,#6359,#6360),(#6361,#6362,#6363,#6364,#6365,
#6366,#6367,#6368,#6369)),.UNSPECIFIED.,.F.,.F.,.F.,(4,1,4),(4,1,1,1,1,
1,4),(0.,0.571428571428571,1.),(0.,0.190743763113799,0.381487526227599,
0.572231289341398,0.762975052455198,1.1444625786828,1.3352063417966),
 .UNSPECIFIED.);
#22=B_SPLINE_SURFACE_WITH_KNOTS('',3,3,((#6388,#6389,#6390,#6391),(#6392,
#6393,#6394,#6395),(#6396,#6397,#6398,#6399),(#6400,#6401,#6402,#6403),
(#6404,#6405,#6406,#6407),(#6408,#6409,#6410,#6411)),.UNSPECIFIED.,.F.,
 .F.,.F.,(4,1,1,4),(4,4),(0.,0.285714285714286,0.571428571428571,1.),(1.38777878078145E-17,
0.488530757518403),.UNSPECIFIED.);
#23=B_SPLINE_SURFACE_WITH_KNOTS('',3,3,((#6490,#6491,#6492,#6493,#6494),
(#6495,#6496,#6497,#6498,#6499),(#6500,#6501,#6502,#6503,#6504),(#6505,
#6506,#6507,#6508,#6509),(#6510,#6511,#6512,#6513,#6514)),.UNSPECIFIED.,
 .F.,.F.,.F.,(4,1,4),(4,1,4),(0.,0.571428571428571,1.),(-0.272476192109517,
-0.0308642558804391,0.291284992424998),.UNSPECIFIED.);
#24=B_SPLINE_SURFACE_WITH_KNOTS('',3,3,((#6516,#6517,#6518,#6519),(#6520,
#6521,#6522,#6523),(#6524,#6525,#6526,#6527),(#6528,#6529,#6530,#6531),
(#6532,#6533,#6534,#6535)),.UNSPECIFIED.,.F.,.F.,.F.,(4,1,4),(4,4),(0.,
0.571428571428571,1.),(1.39404802945426E-14,0.287565152005318),
 .UNSPECIFIED.);
#25=B_SPLINE_SURFACE_WITH_KNOTS('',3,3,((#6548,#6549,#6550,#6551),(#6552,
#6553,#6554,#6555),(#6556,#6557,#6558,#6559),(#6560,#6561,#6562,#6563),
(#6564,#6565,#6566,#6567)),.UNSPECIFIED.,.F.,.F.,.F.,(4,1,4),(4,4),(0.,
0.571428571428571,1.),(0.110960331561612,0.293821352900629),
 .UNSPECIFIED.);
#26=B_SPLINE_SURFACE_WITH_KNOTS('',3,3,((#6634,#6635,#6636,#6637),(#6638,
#6639,#6640,#6641),(#6642,#6643,#6644,#6645),(#6646,#6647,#6648,#6649),
(#6650,#6651,#6652,#6653)),.UNSPECIFIED.,.F.,.F.,.F.,(4,1,4),(4,4),(0.,
0.571428571428571,1.),(0.0371784736434475,0.220077756295929),
 .UNSPECIFIED.);
#27=B_SPLINE_SURFACE_WITH_KNOTS('',3,3,((#6690,#6691,#6692,#6693),(#6694,
#6695,#6696,#6697),(#6698,#6699,#6700,#6701),(#6702,#6703,#6704,#6705),
(#6706,#6707,#6708,#6709)),.UNSPECIFIED.,.F.,.F.,.F.,(4,1,4),(4,4),(0.,
0.571428571428571,1.),(0.0371784736434361,0.2202493035883),
 .UNSPECIFIED.);
#28=B_SPLINE_SURFACE_WITH_KNOTS('',3,3,((#6763,#6764,#6765,#6766),(#6767,
#6768,#6769,#6770),(#6771,#6772,#6773,#6774),(#6775,#6776,#6777,#6778),
(#6779,#6780,#6781,#6782)),.UNSPECIFIED.,.F.,.F.,.F.,(4,1,4),(4,4),(0.,
0.571428571428571,1.),(0.110979022326749,0.293840043697866),
 .UNSPECIFIED.);
#29=(
BOUNDED_SURFACE()
B_SPLINE_SURFACE(2,2,((#5173,#5174,#5175,#5176,#5177),(#5178,#5179,#5180,
#5181,#5182),(#5183,#5184,#5185,#5186,#5187)),.UNSPECIFIED.,.F.,.F.,.F.)
B_SPLINE_SURFACE_WITH_KNOTS((3,3),(3,2,3),(-3.14159265358979,-1.5707963267949),
(1.18305310797878,2.16232288078429,3.1415926535898),.UNSPECIFIED.)
GEOMETRIC_REPRESENTATION_ITEM()
RATIONAL_B_SPLINE_SURFACE(((1.,0.882504631706305,1.,0.882504631706305,1.),
(0.707106781186549,0.624025009508065,0.707106781186549,0.624025009508065,
0.707106781186549),(1.,0.882504631706305,1.,0.882504631706305,1.)))
REPRESENTATION_ITEM('')
SURFACE()
);
#30=(
BOUNDED_SURFACE()
B_SPLINE_SURFACE(2,2,((#5226,#5227,#5228,#5229,#5230),(#5231,#5232,#5233,
#5234,#5235),(#5236,#5237,#5238,#5239,#5240)),.UNSPECIFIED.,.F.,.F.,.F.)
B_SPLINE_SURFACE_WITH_KNOTS((3,3),(3,2,3),(-3.14159265358979,-1.5707963267949),
(-3.14159265358979,-2.16232288078429,-1.18305310797878),.UNSPECIFIED.)
GEOMETRIC_REPRESENTATION_ITEM()
RATIONAL_B_SPLINE_SURFACE(((1.,0.882504631706305,1.,0.882504631706305,1.),
(0.707106781186549,0.624025009508066,0.707106781186549,0.624025009508066,
0.707106781186549),(1.,0.882504631706305,1.,0.882504631706305,1.)))
REPRESENTATION_ITEM('')
SURFACE()
);
#31=(
BOUNDED_SURFACE()
B_SPLINE_SURFACE(2,1,((#5308,#5309),(#5310,#5311),(#5312,#5313),(#5314,
#5315),(#5316,#5317)),.UNSPECIFIED.,.F.,.F.,.F.)
B_SPLINE_SURFACE_WITH_KNOTS((3,2,3),(2,2),(-1.,0.,0.488890603647024),(-0.825000004105077,
0.8),.UNSPECIFIED.)
GEOMETRIC_REPRESENTATION_ITEM()
RATIONAL_B_SPLINE_SURFACE(((1.,1.),(1.,1.),(1.,1.),(1.,1.),(1.,1.)))
REPRESENTATION_ITEM('')
SURFACE()
);
#32=(
BOUNDED_SURFACE()
B_SPLINE_SURFACE(5,1,((#5710,#5711),(#5712,#5713),(#5714,#5715),(#5716,
#5717),(#5718,#5719),(#5720,#5721),(#5722,#5723),(#5724,#5725),(#5726,#5727),
(#5728,#5729)),.UNSPECIFIED.,.F.,.F.,.F.)
B_SPLINE_SURFACE_WITH_KNOTS((6,1,1,1,1,6),(2,2),(-0.926904678764959,-0.8,
-0.6,-0.4,-0.2,0.),(0.,0.1),.UNSPECIFIED.)
GEOMETRIC_REPRESENTATION_ITEM()
RATIONAL_B_SPLINE_SURFACE(((1.,1.),(1.,1.),(1.,1.),(1.,1.),(1.,1.),(1.,
1.),(1.,1.),(1.,1.),(1.,1.),(1.,1.)))
REPRESENTATION_ITEM('')
SURFACE()
);
#33=(
BOUNDED_SURFACE()
B_SPLINE_SURFACE(5,1,((#5740,#5741),(#5742,#5743),(#5744,#5745),(#5746,
#5747),(#5748,#5749),(#5750,#5751)),.UNSPECIFIED.,.F.,.F.,.F.)
B_SPLINE_SURFACE_WITH_KNOTS((6,6),(2,2),(-0.944350481369471,-0.926904678764988),
(0.,0.1),.UNSPECIFIED.)
GEOMETRIC_REPRESENTATION_ITEM()
RATIONAL_B_SPLINE_SURFACE(((1.,1.),(1.,1.),(1.,1.),(1.,1.),(1.,1.),(1.,
1.)))
REPRESENTATION_ITEM('')
SURFACE()
);
#34=(
BOUNDED_SURFACE()
B_SPLINE_SURFACE(3,1,((#6176,#6177),(#6178,#6179),(#6180,#6181),(#6182,
#6183)),.UNSPECIFIED.,.F.,.F.,.F.)
B_SPLINE_SURFACE_WITH_KNOTS((4,4),(2,2),(0.,1.),(-2.3,2.3),
 .UNSPECIFIED.)
GEOMETRIC_REPRESENTATION_ITEM()
RATIONAL_B_SPLINE_SURFACE(((1.,1.),(1.,1.),(1.,1.),(1.,1.)))
REPRESENTATION_ITEM('')
SURFACE()
);
#35=(
BOUNDED_SURFACE()
B_SPLINE_SURFACE(3,1,((#6442,#6443),(#6444,#6445),(#6446,#6447),(#6448,
#6449)),.UNSPECIFIED.,.F.,.F.,.F.)
B_SPLINE_SURFACE_WITH_KNOTS((4,4),(2,2),(0.,1.),(-2.3,2.3),
 .UNSPECIFIED.)
GEOMETRIC_REPRESENTATION_ITEM()
RATIONAL_B_SPLINE_SURFACE(((1.,1.),(1.,1.),(1.,1.),(1.,1.)))
REPRESENTATION_ITEM('')
SURFACE()
);
#36=(
BOUNDED_CURVE()
B_SPLINE_CURVE(2,(#5068,#5069,#5070),.UNSPECIFIED.,.F.,.F.)
B_SPLINE_CURVE_WITH_KNOTS((3,3),(1.9131890853937,2.00464721998247),
 .UNSPECIFIED.)
CURVE()
GEOMETRIC_REPRESENTATION_ITEM()
RATIONAL_B_SPLINE_CURVE((1.46836499888,1.45712846638895,1.44374731177429))
REPRESENTATION_ITEM('')
);
#37=(
BOUNDED_CURVE()
B_SPLINE_CURVE(2,(#5072,#5073,#5074),.UNSPECIFIED.,.F.,.F.)
B_SPLINE_CURVE_WITH_KNOTS((3,3),(0.707849874532244,0.897442952573265),
 .UNSPECIFIED.)
CURVE()
GEOMETRIC_REPRESENTATION_ITEM()
RATIONAL_B_SPLINE_CURVE((1.38095238095145,1.41512854126106,1.44028283173912))
REPRESENTATION_ITEM('')
);
#38=(
BOUNDED_CURVE()
B_SPLINE_CURVE(2,(#5077,#5078,#5079),.UNSPECIFIED.,.F.,.F.)
B_SPLINE_CURVE_WITH_KNOTS((3,3),(0.,0.128084345347024),.UNSPECIFIED.)
CURVE()
GEOMETRIC_REPRESENTATION_ITEM()
RATIONAL_B_SPLINE_CURVE((1.,1.0024014313279,1.))
REPRESENTATION_ITEM('')
);
#39=(
BOUNDED_CURVE()
B_SPLINE_CURVE(2,(#5091,#5092,#5093),.UNSPECIFIED.,.F.,.F.)
B_SPLINE_CURVE_WITH_KNOTS((3,3),(1.38221763197933,1.49639450064498),
 .UNSPECIFIED.)
CURVE()
GEOMETRIC_REPRESENTATION_ITEM()
RATIONAL_B_SPLINE_CURVE((1.79244534258684,1.80905835240641,1.82300876475777))
REPRESENTATION_ITEM('')
);
#40=(
BOUNDED_CURVE()
B_SPLINE_CURVE(2,(#5096,#5097,#5098),.UNSPECIFIED.,.F.,.F.)
B_SPLINE_CURVE_WITH_KNOTS((3,3),(0.,0.128084345347024),.UNSPECIFIED.)
CURVE()
GEOMETRIC_REPRESENTATION_ITEM()
RATIONAL_B_SPLINE_CURVE((1.,1.00240143132755,1.))
REPRESENTATION_ITEM('')
);
#41=(
BOUNDED_CURVE()
B_SPLINE_CURVE(2,(#5101,#5102,#5103),.UNSPECIFIED.,.F.,.F.)
B_SPLINE_CURVE_WITH_KNOTS((3,3),(1.954669325093,2.14426240313402),
 .UNSPECIFIED.)
CURVE()
GEOMETRIC_REPRESENTATION_ITEM()
RATIONAL_B_SPLINE_CURVE((1.44028283173912,1.41512854126106,1.38095238095145))
REPRESENTATION_ITEM('')
);
#42=(
BOUNDED_CURVE()
B_SPLINE_CURVE(5,(#5112,#5113,#5114,#5115,#5116,#5117,#5118,#5119,#5120,
#5121),.UNSPECIFIED.,.F.,.F.)
B_SPLINE_CURVE_WITH_KNOTS((6,1,1,1,1,6),(-0.926904678764959,-0.8,-0.6,-0.4,
-0.2,0.),.UNSPECIFIED.)
CURVE()
GEOMETRIC_REPRESENTATION_ITEM()
RATIONAL_B_SPLINE_CURVE((1.,1.,1.,1.,1.,1.,1.,1.,1.,1.))
REPRESENTATION_ITEM('')
);
#43=(
BOUNDED_CURVE()
B_SPLINE_CURVE(5,(#5123,#5124,#5125,#5126,#5127,#5128),.UNSPECIFIED.,.F.,
 .F.)
B_SPLINE_CURVE_WITH_KNOTS((6,6),(-0.944350481369471,-0.926904678764988),
 .UNSPECIFIED.)
CURVE()
GEOMETRIC_REPRESENTATION_ITEM()
RATIONAL_B_SPLINE_CURVE((1.,1.,1.,1.,1.,1.))
REPRESENTATION_ITEM('')
);
#44=(
BOUNDED_CURVE()
B_SPLINE_CURVE(2,(#5156,#5157,#5158),.UNSPECIFIED.,.F.,.F.)
B_SPLINE_CURVE_WITH_KNOTS((3,3),(0.,0.227134623417379),.UNSPECIFIED.)
CURVE()
GEOMETRIC_REPRESENTATION_ITEM()
RATIONAL_B_SPLINE_CURVE((1.,1.00791375401092,1.))
REPRESENTATION_ITEM('')
);
#45=(
BOUNDED_CURVE()
B_SPLINE_CURVE(2,(#5161,#5162,#5163),.UNSPECIFIED.,.F.,.F.)
B_SPLINE_CURVE_WITH_KNOTS((3,3),(0.,0.142321997029789),.UNSPECIFIED.)
CURVE()
GEOMETRIC_REPRESENTATION_ITEM()
RATIONAL_B_SPLINE_CURVE((1.,1.00300032688439,1.))
REPRESENTATION_ITEM('')
);
#46=(
BOUNDED_CURVE()
B_SPLINE_CURVE(5,(#5696,#5697,#5698,#5699,#5700,#5701,#5702,#5703),
 .UNSPECIFIED.,.F.,.F.)
B_SPLINE_CURVE_WITH_KNOTS((6,1,1,6),(0.,0.2,0.4,0.506273495064792),
 .UNSPECIFIED.)
CURVE()
GEOMETRIC_REPRESENTATION_ITEM()
RATIONAL_B_SPLINE_CURVE((1.,1.,1.,1.,1.,1.,1.,1.))
REPRESENTATION_ITEM('')
);
#47=(
BOUNDED_CURVE()
B_SPLINE_CURVE(5,(#5731,#5732,#5733,#5734,#5735,#5736,#5737,#5738),
 .UNSPECIFIED.,.F.,.F.)
B_SPLINE_CURVE_WITH_KNOTS((6,1,1,6),(-0.926904678764959,-0.8,-0.6,-0.506273495064792),
 .UNSPECIFIED.)
CURVE()
GEOMETRIC_REPRESENTATION_ITEM()
RATIONAL_B_SPLINE_CURVE((1.,1.,1.,1.,1.,1.,1.,1.))
REPRESENTATION_ITEM('')
);
#48=(
BOUNDED_CURVE()
B_SPLINE_CURVE(5,(#5753,#5754,#5755,#5756,#5757,#5758),.UNSPECIFIED.,.F.,
 .F.)
B_SPLINE_CURVE_WITH_KNOTS((6,6),(-0.944350481369471,-0.926904678764988),
 .UNSPECIFIED.)
CURVE()
GEOMETRIC_REPRESENTATION_ITEM()
RATIONAL_B_SPLINE_CURVE((1.,1.,1.,1.,1.,1.))
REPRESENTATION_ITEM('')
);
#49=CONICAL_SURFACE('',#3639,9.,1.27933953231703);
#50=CONICAL_SURFACE('',#3644,9.,1.27933953231703);
#51=CONICAL_SURFACE('',#3653,9.,1.27933953231703);
#52=CONICAL_SURFACE('',#3804,1.75,0.785398163397449);
#53=CONICAL_SURFACE('',#3823,1.75,0.785398163397448);
#54=FACE_BOUND('',#490,.T.);
#55=FACE_BOUND('',#529,.T.);
#56=FACE_BOUND('',#555,.T.);
#57=FACE_BOUND('',#580,.T.);
#58=FACE_BOUND('',#591,.T.);
#59=FACE_BOUND('',#622,.T.);
#60=FACE_BOUND('',#637,.T.);
#61=B_SPLINE_CURVE_WITH_KNOTS('',3,(#4914,#4915,#4916,#4917,#4918,#4919,
#4920,#4921,#4922,#4923,#4924,#4925,#4926,#4927),.UNSPECIFIED.,.F.,.F.,
(4,2,2,2,2,2,4),(-0.000617058787259526,0.,0.0312593397626432,0.0624597838727037,
0.121613690991543,0.179860271246804,0.237678019874329),.UNSPECIFIED.);
#62=B_SPLINE_CURVE_WITH_KNOTS('',3,(#5012,#5013,#5014,#5015,#5016,#5017,
#5018,#5019,#5020,#5021),.UNSPECIFIED.,.F.,.F.,(4,1,1,1,1,1,1,4),(-1.33489730215144,
-1.14419768755838,-0.953498072965315,-0.762798458372252,-0.572098843779189,
-0.381399229186126,-0.190699614593063,0.),.UNSPECIFIED.);
#63=B_SPLINE_CURVE_WITH_KNOTS('',3,(#5048,#5049,#5050,#5051,#5052,#5053,
#5054,#5055,#5056),.UNSPECIFIED.,.F.,.F.,(4,1,1,1,1,1,4),(-1.3352063417966,
-1.1444625786828,-0.762975052455198,-0.572231289341398,-0.381487526227599,
-0.190743763113799,0.),.UNSPECIFIED.);
#64=B_SPLINE_CURVE_WITH_KNOTS('',3,(#5086,#5087,#5088,#5089),
 .UNSPECIFIED.,.F.,.F.,(4,4),(-0.974154914109569,-0.055845085890411),
 .UNSPECIFIED.);
#65=B_SPLINE_CURVE_WITH_KNOTS('',3,(#5189,#5190,#5191,#5192,#5193,#5194,
#5195,#5196,#5197,#5198,#5199,#5200,#5201),.UNSPECIFIED.,.F.,.F.,(4,3,3,
3,4),(-0.0622489330986512,-0.039744068768122,-0.0380085970852749,-0.0159929609934256,
0.),.UNSPECIFIED.);
#66=B_SPLINE_CURVE_WITH_KNOTS('',3,(#5208,#5209,#5210,#5211,#5212,#5213,
#5214,#5215,#5216,#5217,#5218,#5219,#5220,#5221),.UNSPECIFIED.,.F.,.F.,
(4,2,2,2,2,2,4),(-0.238143812548931,-0.23752714546125,-0.206287648654879,
-0.175107010114945,-0.115990653001859,-0.0577810467949788,0.),
 .UNSPECIFIED.);
#67=B_SPLINE_CURVE_WITH_KNOTS('',3,(#5243,#5244,#5245,#5246),
 .UNSPECIFIED.,.F.,.F.,(4,4),(-0.231616826062124,-0.174946121688212),
 .UNSPECIFIED.);
#68=B_SPLINE_CURVE_WITH_KNOTS('',3,(#5262,#5263,#5264,#5265),
 .UNSPECIFIED.,.F.,.F.,(4,4),(-0.302294950050545,0.),.UNSPECIFIED.);
#69=B_SPLINE_CURVE_WITH_KNOTS('',3,(#5268,#5269,#5270,#5271),
 .UNSPECIFIED.,.F.,.F.,(4,4),(-0.602584555114006,-0.300265614991282),
 .UNSPECIFIED.);
#70=B_SPLINE_CURVE_WITH_KNOTS('',3,(#5321,#5322,#5323,#5324),
 .UNSPECIFIED.,.F.,.F.,(4,4),(0.57799614903323,1.05931818701022),
 .UNSPECIFIED.);
#71=B_SPLINE_CURVE_WITH_KNOTS('',3,(#5326,#5327,#5328,#5329),
 .UNSPECIFIED.,.F.,.F.,(4,4),(-0.0499999999999999,0.),.UNSPECIFIED.);
#72=B_SPLINE_CURVE_WITH_KNOTS('',3,(#5331,#5332,#5333,#5334),
 .UNSPECIFIED.,.F.,.F.,(4,4),(-0.35,-0.2),.UNSPECIFIED.);
#73=B_SPLINE_CURVE_WITH_KNOTS('',3,(#5336,#5337,#5338,#5339),
 .UNSPECIFIED.,.F.,.F.,(4,4),(-0.768912199354797,-0.481347047349478),
 .UNSPECIFIED.);
#74=B_SPLINE_CURVE_WITH_KNOTS('',3,(#5341,#5342,#5343,#5344,#5345),
 .UNSPECIFIED.,.F.,.F.,(4,1,4),(-0.291292189235004,-0.241611935420675,0.),
 .UNSPECIFIED.);
#75=B_SPLINE_CURVE_WITH_KNOTS('',3,(#5347,#5348,#5349,#5350,#5351,#5352),
 .UNSPECIFIED.,.F.,.F.,(4,2,4),(-1.53109028819354,-0.95,-0.368909711907088),
 .UNSPECIFIED.);
#76=B_SPLINE_CURVE_WITH_KNOTS('',3,(#5354,#5355,#5356,#5357),
 .UNSPECIFIED.,.F.,.F.,(4,4),(-0.291284992424998,9.42861851370724E-6),
 .UNSPECIFIED.);
#77=B_SPLINE_CURVE_WITH_KNOTS('',3,(#5359,#5360,#5361,#5362),
 .UNSPECIFIED.,.F.,.F.,(4,4),(-0.287565152005318,-1.39404802945426E-14),
 .UNSPECIFIED.);
#78=B_SPLINE_CURVE_WITH_KNOTS('',3,(#5364,#5365,#5366,#5367),
 .UNSPECIFIED.,.F.,.F.,(4,4),(-1.44652684958351,-1.29652684958351),
 .UNSPECIFIED.);
#79=B_SPLINE_CURVE_WITH_KNOTS('',3,(#5369,#5370,#5371,#5372),
 .UNSPECIFIED.,.F.,.F.,(4,4),(-0.2,-0.15),.UNSPECIFIED.);
#80=B_SPLINE_CURVE_WITH_KNOTS('',3,(#5374,#5375,#5376,#5377),
 .UNSPECIFIED.,.F.,.F.,(4,4),(0.,0.481322037976991),.UNSPECIFIED.);
#81=B_SPLINE_CURVE_WITH_KNOTS('',3,(#5392,#5393,#5394,#5395),
 .UNSPECIFIED.,.F.,.F.,(4,4),(0.,0.0285076574590844),.UNSPECIFIED.);
#82=B_SPLINE_CURVE_WITH_KNOTS('',3,(#5398,#5399,#5400,#5401),
 .UNSPECIFIED.,.F.,.F.,(4,4),(-0.0285076574590843,0.),.UNSPECIFIED.);
#83=B_SPLINE_CURVE_WITH_KNOTS('',3,(#5431,#5432,#5433,#5434),
 .UNSPECIFIED.,.F.,.F.,(4,4),(-0.0285076574590849,0.),.UNSPECIFIED.);
#84=B_SPLINE_CURVE_WITH_KNOTS('',3,(#5443,#5444,#5445,#5446,#5447,#5448,
#5449,#5450,#5451,#5452,#5453,#5454,#5455,#5456,#5457,#5458,#5459,#5460,
#5461,#5462,#5463,#5464,#5465,#5466,#5467,#5468,#5469,#5470,#5471,#5472,
#5473,#5474,#5475,#5476,#5477,#5478,#5479,#5480,#5481,#5482,#5483,#5484,
#5485,#5486,#5487,#5488,#5489,#5490,#5491,#5492,#5493,#5494,#5495,#5496,
#5497,#5498,#5499,#5500,#5501,#5502,#5503,#5504,#5505,#5506,#5507,#5508,
#5509,#5510,#5511,#5512,#5513,#5514,#5515,#5516,#5517,#5518,#5519,#5520,
#5521,#5522,#5523,#5524,#5525,#5526,#5527,#5528,#5529,#5530,#5531,#5532,
#5533,#5534,#5535,#5536,#5537,#5538,#5539,#5540,#5541,#5542,#5543,#5544,
#5545,#5546,#5547,#5548),.UNSPECIFIED.,.F.,.F.,(4,3,3,3,3,3,3,3,3,3,3,3,
3,3,3,3,3,3,3,3,3,3,3,3,3,3,3,3,3,3,3,3,3,3,3,4),(-0.746624912374398,-0.735509754749786,
-0.709165343792991,-0.705099912493073,-0.68010926414209,-0.672164566344021,
-0.649035358235023,-0.630367319710819,-0.603801256304984,-0.581323098048347,
-0.557823964003956,-0.537779442965824,-0.53082398490479,-0.511855512706217,
-0.493368944883259,-0.484042377012495,-0.464093148272743,-0.442448098212602,
-0.435922459665377,-0.409616493573979,-0.393218610596618,-0.373946239255225,
-0.355717424514628,-0.354673867913833,-0.336920164872779,-0.318988911517222,
-0.316922652785173,-0.296887317285199,-0.277170276873308,-0.246406301050404,
-0.232971830658408,-0.213362327624269,-0.19433150637554,-0.184393748808336,
-0.165796528479644,-0.157836033970441),.UNSPECIFIED.);
#85=B_SPLINE_CURVE_WITH_KNOTS('',3,(#5549,#5550,#5551,#5552,#5553,#5554,
#5555,#5556,#5557,#5558,#5559,#5560,#5561,#5562,#5563,#5564,#5565,#5566,
#5567,#5568,#5569,#5570,#5571,#5572,#5573),.UNSPECIFIED.,.F.,.F.,(4,3,3,
3,3,3,3,3,4),(-0.157836033970441,-0.137791346373569,-0.133160866007371,
-0.110084371549867,-0.0853444635294479,-0.0608162995899314,-0.0376283478133429,
-0.0140378543387347,0.),.UNSPECIFIED.);
#86=B_SPLINE_CURVE_WITH_KNOTS('',3,(#5595,#5596,#5597,#5598,#5599,#5600,
#5601,#5602,#5603,#5604),.UNSPECIFIED.,.F.,.F.,(4,2,2,2,4),(0.,0.0471306687033506,
0.0942613374067013,0.134868866942364,0.16033679845016),.UNSPECIFIED.);
#87=B_SPLINE_CURVE_WITH_KNOTS('',3,(#5606,#5607,#5608,#5609,#5610,#5611,
#5612,#5613),.UNSPECIFIED.,.F.,.F.,(4,2,2,4),(-0.0444699075689329,-0.0252629343962121,
0.,0.000628380141687175),.UNSPECIFIED.);
#88=B_SPLINE_CURVE_WITH_KNOTS('',3,(#5617,#5618,#5619,#5620,#5621,#5622,
#5623,#5624,#5625,#5626,#5627,#5628,#5629,#5630),.UNSPECIFIED.,.F.,.F.,
(4,2,2,2,2,2,4),(0.,0.0456914964467363,0.0920795338195833,0.13971810876203,
0.164950574333282,0.190197005254975,0.190824974895822),.UNSPECIFIED.);
#89=B_SPLINE_CURVE_WITH_KNOTS('',3,(#5652,#5653,#5654,#5655,#5656,#5657,
#5658,#5659),.UNSPECIFIED.,.F.,.F.,(4,2,2,4),(-0.461146328618992,-0.442362170945148,
-0.397552198608625,-0.378339325206927),.UNSPECIFIED.);
#90=B_SPLINE_CURVE_WITH_KNOTS('',3,(#5663,#5664,#5665,#5666,#5667,#5668,
#5669,#5670,#5671,#5672,#5673,#5674,#5675,#5676,#5677,#5678),
 .UNSPECIFIED.,.F.,.F.,(4,2,2,2,2,2,2,4),(-0.474436217489113,-0.443080770716792,
-0.411870119889328,-0.373118850040131,-0.335144204431554,-0.295482273773146,
-0.252064617624056,-0.242468498060616),.UNSPECIFIED.);
#91=B_SPLINE_CURVE_WITH_KNOTS('',3,(#5681,#5682,#5683,#5684,#5685,#5686,
#5687,#5688,#5689,#5690,#5691,#5692,#5693,#5694),.UNSPECIFIED.,.F.,.F.,
(4,2,2,2,2,2,4),(-0.241017237821996,-0.210967916190068,-0.1694221664159,
-0.130997248105852,-0.0905953525924252,-0.0463649936380928,-1.35598743233181E-6),
 .UNSPECIFIED.);
#92=B_SPLINE_CURVE_WITH_KNOTS('',3,(#5776,#5777,#5778,#5779),
 .UNSPECIFIED.,.F.,.F.,(4,4),(-0.258170131094541,-1.38777878078145E-17),
 .UNSPECIFIED.);
#93=B_SPLINE_CURVE_WITH_KNOTS('',3,(#5783,#5784,#5785,#5786),
 .UNSPECIFIED.,.F.,.F.,(4,4),(-1.45668466915163,-1.19851453805753),
 .UNSPECIFIED.);
#94=B_SPLINE_CURVE_WITH_KNOTS('',3,(#5832,#5833,#5834,#5835),
 .UNSPECIFIED.,.F.,.F.,(4,4),(-0.112240291662716,-0.0844925936081144),
 .UNSPECIFIED.);
#95=B_SPLINE_CURVE_WITH_KNOTS('',3,(#5838,#5839,#5840,#5841,#5842,#5843,
#5844,#5845,#5846,#5847),.UNSPECIFIED.,.F.,.F.,(4,2,2,2,4),(0.256356158367008,
0.281824089874226,0.32243161940989,0.369562288113241,0.416692956816592),
 .UNSPECIFIED.);
#96=B_SPLINE_CURVE_WITH_KNOTS('',3,(#5848,#5849,#5850,#5851,#5852,#5853,
#5854,#5855),.UNSPECIFIED.,.F.,.F.,(4,2,2,4),(-0.0844925936081144,-0.0751098568355893,
-0.0364523073400384,-0.0334569410854781),.UNSPECIFIED.);
#97=B_SPLINE_CURVE_WITH_KNOTS('',3,(#5896,#5897,#5898,#5899,#5900,#5901,
#5902,#5903,#5904,#5905,#5906,#5907),.UNSPECIFIED.,.F.,.F.,(4,2,2,2,2,4),
(0.807815979594024,0.895246086475378,0.982676193356732,1.04111227927376,
1.07033032223228,1.09954836519079),.UNSPECIFIED.);
#98=B_SPLINE_CURVE_WITH_KNOTS('',3,(#5918,#5919,#5920,#5921),
 .UNSPECIFIED.,.F.,.F.,(4,4),(0.,0.0285076574590848),.UNSPECIFIED.);
#99=B_SPLINE_CURVE_WITH_KNOTS('',3,(#5944,#5945,#5946,#5947,#5948,#5949,
#5950,#5951,#5952,#5953,#5954,#5955),.UNSPECIFIED.,.F.,.F.,(4,2,2,2,2,4),
(0.,0.036174856446073,0.0798799829902176,0.141687675113133,0.203428038163807,
0.264401879368447),.UNSPECIFIED.);
#100=B_SPLINE_CURVE_WITH_KNOTS('',3,(#5956,#5957,#5958,#5959),
 .UNSPECIFIED.,.F.,.F.,(4,4),(-0.634519487530056,0.),.UNSPECIFIED.);
#101=B_SPLINE_CURVE_WITH_KNOTS('',3,(#5983,#5984,#5985,#5986,#5987,#5988,
#5989,#5990,#5991,#5992,#5993,#5994),.UNSPECIFIED.,.F.,.F.,(4,2,2,2,2,4),
(0.,0.0909772032295598,0.18791624160918,0.24780764043106,0.275585080544459,
0.30248126068271),.UNSPECIFIED.);
#102=B_SPLINE_CURVE_WITH_KNOTS('',3,(#5997,#5998,#5999,#6000),
 .UNSPECIFIED.,.F.,.F.,(4,4),(-1.05931818701022,-0.424798699470312),
 .UNSPECIFIED.);
#103=B_SPLINE_CURVE_WITH_KNOTS('',3,(#6008,#6009,#6010,#6011,#6012,#6013,
#6014,#6015,#6016,#6017,#6018,#6019),.UNSPECIFIED.,.F.,.F.,(4,2,2,2,2,4),
(0.54977208747327,0.578990130431785,0.6082081733903,0.666644259307329,0.754074366188683,
0.841504473070037),.UNSPECIFIED.);
#104=B_SPLINE_CURVE_WITH_KNOTS('',3,(#6023,#6024,#6025,#6026,#6027,#6028,
#6029,#6030,#6031,#6032,#6033,#6034),.UNSPECIFIED.,.F.,.F.,(4,2,2,2,2,4),
(0.,0.0292180429585148,0.0584360859170297,0.116872171834059,0.204302278715413,
0.291732385596767),.UNSPECIFIED.);
#105=B_SPLINE_CURVE_WITH_KNOTS('',3,(#6037,#6038,#6039,#6040,#6041,#6042,
#6043,#6044,#6045,#6046,#6047,#6048),.UNSPECIFIED.,.F.,.F.,(4,2,2,2,2,4),
(0.,0.0907244972142936,0.187319311419671,0.247235361847484,0.275240222551838,
0.302422779943727),.UNSPECIFIED.);
#106=B_SPLINE_CURVE_WITH_KNOTS('',3,(#6087,#6088,#6089,#6090,#6091,#6092,
#6093,#6094,#6095,#6096,#6097,#6098),.UNSPECIFIED.,.F.,.F.,(4,2,2,2,2,4),
(0.,0.0415214720785633,0.0950131854419746,0.177503817511871,0.254594610532543,
0.33436483832857),.UNSPECIFIED.);
#107=B_SPLINE_CURVE_WITH_KNOTS('',3,(#6100,#6101,#6102,#6103),
 .UNSPECIFIED.,.F.,.F.,(4,4),(0.968153911633223,1.45668466915163),
 .UNSPECIFIED.);
#108=B_SPLINE_CURVE_WITH_KNOTS('',3,(#6162,#6163,#6164,#6165,#6166,#6167,
#6168,#6169,#6170,#6171),.UNSPECIFIED.,.F.,.F.,(4,1,1,1,1,1,1,4),(0.,0.190699614593063,
0.381399229186126,0.572098843779189,0.762798458372252,0.953498072965315,
1.14419768755838,1.33489730215144),.UNSPECIFIED.);
#109=B_SPLINE_CURVE_WITH_KNOTS('',3,(#6185,#6186,#6187,#6188),
 .UNSPECIFIED.,.F.,.F.,(4,4),(-0.194982645091269,-0.0511860049189863),
 .UNSPECIFIED.);
#110=B_SPLINE_CURVE_WITH_KNOTS('',3,(#6190,#6191,#6192,#6193),
 .UNSPECIFIED.,.F.,.F.,(4,4),(-1.56575529037378,-0.971988862133532),
 .UNSPECIFIED.);
#111=B_SPLINE_CURVE_WITH_KNOTS('',3,(#6195,#6196,#6197,#6198,#6199,#6200),
 .UNSPECIFIED.,.F.,.F.,(4,1,1,4),(0.,0.241611935420675,0.402686559034459,
0.563761182648242),.UNSPECIFIED.);
#112=B_SPLINE_CURVE_WITH_KNOTS('',3,(#6205,#6206,#6207,#6208,#6209,#6210,
#6211,#6212,#6213,#6214),.UNSPECIFIED.,.F.,.F.,(4,2,2,2,4),(0.,0.138898744658705,
0.250224408946347,0.306944603318114,0.358173459241452),.UNSPECIFIED.);
#113=B_SPLINE_CURVE_WITH_KNOTS('',3,(#6216,#6217,#6218,#6219),
 .UNSPECIFIED.,.F.,.F.,(4,4),(-0.547353163797137,-0.41075264170743),
 .UNSPECIFIED.);
#114=B_SPLINE_CURVE_WITH_KNOTS('',3,(#6241,#6242,#6243,#6244),
 .UNSPECIFIED.,.F.,.F.,(4,4),(0.634517031792946,0.768912199354797),
 .UNSPECIFIED.);
#115=B_SPLINE_CURVE_WITH_KNOTS('',3,(#6276,#6277,#6278,#6279,#6280,#6281,
#6282,#6283,#6284,#6285,#6286,#6287),.UNSPECIFIED.,.F.,.F.,(4,2,2,2,2,4),
(0.,0.207719441617159,0.367737560937664,0.466560046274395,0.521154057267068,
0.572756560318669),.UNSPECIFIED.);
#116=B_SPLINE_CURVE_WITH_KNOTS('',3,(#6290,#6291,#6292,#6293),
 .UNSPECIFIED.,.F.,.F.,(4,4),(-0.355497036917741,-0.0531618099923297),
 .UNSPECIFIED.);
#117=B_SPLINE_CURVE_WITH_KNOTS('',3,(#6294,#6295,#6296,#6297,#6298,#6299,
#6300,#6301,#6302,#6303,#6304,#6305,#6306,#6307),.UNSPECIFIED.,.F.,.F.,
(4,2,2,2,2,2,4),(0.,0.0232500821609541,0.0486727219138915,0.086892182826411,
0.150403553601172,0.225918213491869,0.301248580423396),.UNSPECIFIED.);
#118=B_SPLINE_CURVE_WITH_KNOTS('',3,(#6312,#6313,#6314,#6315,#6316,#6317,
#6318,#6319,#6320,#6321,#6322,#6323),.UNSPECIFIED.,.F.,.F.,(4,2,2,2,2,4),
(0.258043892120754,0.345473999002108,0.432904105883462,0.491340191800492,
0.520558234759007,0.549776277717521),.UNSPECIFIED.);
#119=B_SPLINE_CURVE_WITH_KNOTS('',3,(#6370,#6371,#6372,#6373,#6374,#6375,
#6376,#6377,#6378),.UNSPECIFIED.,.F.,.F.,(4,1,1,1,1,1,4),(0.,0.190743763113799,
0.381487526227599,0.572231289341398,0.762975052455198,1.1444625786828,1.3352063417966),
 .UNSPECIFIED.);
#120=B_SPLINE_CURVE_WITH_KNOTS('',3,(#6412,#6413,#6414,#6415),
 .UNSPECIFIED.,.F.,.F.,(4,4),(1.38777878078145E-17,0.488530757518403),
 .UNSPECIFIED.);
#121=B_SPLINE_CURVE_WITH_KNOTS('',3,(#6451,#6452,#6453,#6454,#6455,#6456,
#6457),.UNSPECIFIED.,.F.,.F.,(4,3,4),(-0.17190366480763,-0.0907827939118203,
-0.050087322409379),.UNSPECIFIED.);
#122=B_SPLINE_CURVE_WITH_KNOTS('',3,(#6459,#6460,#6461,#6462,#6463,#6464,
#6465),.UNSPECIFIED.,.F.,.F.,(4,3,4),(-0.26068770848919,-0.11519368986344,
-0.0730262359414389),.UNSPECIFIED.);
#123=B_SPLINE_CURVE_WITH_KNOTS('',3,(#6466,#6467,#6468,#6469,#6470,#6471,
#6472,#6473,#6474,#6475),.UNSPECIFIED.,.F.,.F.,(4,2,2,2,4),(-0.177762718915903,
-0.174764521464593,-0.115159068426808,-0.0569756194455591,0.),
 .UNSPECIFIED.);
#124=B_SPLINE_CURVE_WITH_KNOTS('',3,(#6478,#6479,#6480,#6481,#6482),
 .UNSPECIFIED.,.F.,.F.,(4,1,4),(-0.272476192109517,-0.0308642558804391,
0.291284992424998),.UNSPECIFIED.);
#125=B_SPLINE_CURVE_WITH_KNOTS('',3,(#6486,#6487,#6488,#6489),
 .UNSPECIFIED.,.F.,.F.,(4,4),(1.39404802945426E-14,0.134395167564056),
 .UNSPECIFIED.);
#126=B_SPLINE_CURVE_WITH_KNOTS('',3,(#6536,#6537,#6538,#6539,#6540,#6541,
#6542,#6543,#6544,#6545,#6546,#6547),.UNSPECIFIED.,.F.,.F.,(4,2,2,2,2,4),
(0.,0.0361499276685801,0.0797073412400253,0.141174956948032,0.203122789336815,
0.264429991583043),.UNSPECIFIED.);
#127=B_SPLINE_CURVE_WITH_KNOTS('',3,(#6570,#6571,#6572,#6573,#6574,#6575,
#6576,#6577,#6578,#6579),.UNSPECIFIED.,.F.,.F.,(4,3,3,4),(0.,0.0124874016504393,
0.0255830859628058,0.0330970825839787),.UNSPECIFIED.);
#128=B_SPLINE_CURVE_WITH_KNOTS('',3,(#6581,#6582,#6583,#6584),
 .UNSPECIFIED.,.F.,.F.,(4,4),(-0.217378113244528,-0.0404909670184679),
 .UNSPECIFIED.);
#129=B_SPLINE_CURVE_WITH_KNOTS('',3,(#6586,#6587,#6588,#6589,#6590,#6591,
#6592,#6593,#6594,#6595,#6596,#6597),.UNSPECIFIED.,.F.,.F.,(4,2,2,2,2,4),
(0.,0.0386176301691806,0.0790169896086846,0.116746222553014,0.141848747807144,
0.168665936635828),.UNSPECIFIED.);
#130=B_SPLINE_CURVE_WITH_KNOTS('',3,(#6599,#6600,#6601,#6602),
 .UNSPECIFIED.,.F.,.F.,(4,4),(0.131078461509291,0.142301335940681),
 .UNSPECIFIED.);
#131=B_SPLINE_CURVE_WITH_KNOTS('',3,(#6603,#6604,#6605,#6606,#6607,#6608,
#6609,#6610,#6611,#6612),.UNSPECIFIED.,.F.,.F.,(4,2,2,2,4),(0.,0.0774268141685509,
0.156381848523814,0.218347974936794,0.224038688848533),.UNSPECIFIED.);
#132=B_SPLINE_CURVE_WITH_KNOTS('',3,(#6621,#6622,#6623,#6624,#6625,#6626,
#6627,#6628,#6629,#6630,#6631,#6632,#6633),.UNSPECIFIED.,.F.,.F.,(4,3,3,
3,4),(0.139109001810204,0.151876310902032,0.154627093086875,0.167642050368226,
0.172292206715675),.UNSPECIFIED.);
#133=B_SPLINE_CURVE_WITH_KNOTS('',3,(#6655,#6656,#6657,#6658,#6659,#6660,
#6661,#6662,#6663,#6664),.UNSPECIFIED.,.F.,.F.,(4,2,2,2,4),(0.0342935276901243,
0.0465491761112902,0.0851830163373707,0.147420116910037,0.209829576868075),
 .UNSPECIFIED.);
#134=B_SPLINE_CURVE_WITH_KNOTS('',3,(#6666,#6667,#6668,#6669),
 .UNSPECIFIED.,.F.,.F.,(4,4),(0.188698490603396,0.19992136503478),
 .UNSPECIFIED.);
#135=B_SPLINE_CURVE_WITH_KNOTS('',3,(#6671,#6672,#6673,#6674,#6675,#6676,
#6677,#6678),.UNSPECIFIED.,.F.,.F.,(4,2,2,4),(0.,0.0351795846594996,0.0661550441635718,
0.0931075738522426),.UNSPECIFIED.);
#136=B_SPLINE_CURVE_WITH_KNOTS('',3,(#6679,#6680,#6681,#6682,#6683,#6684,
#6685,#6686),.UNSPECIFIED.,.F.,.F.,(4,2,2,4),(0.0931075738522426,0.100755248048077,
0.131373525806602,0.161945591472158),.UNSPECIFIED.);
#137=B_SPLINE_CURVE_WITH_KNOTS('',3,(#6712,#6713,#6714,#6715,#6716,#6717,
#6718,#6719,#6720,#6721,#6722,#6723,#6724),.UNSPECIFIED.,.F.,.F.,(4,3,3,
3,4),(0.139109367726169,0.151876512259934,0.154644901549721,0.167659123334444,
0.172292596889681),.UNSPECIFIED.);
#138=B_SPLINE_CURVE_WITH_KNOTS('',3,(#6726,#6727,#6728,#6729,#6730,#6731,
#6732,#6733,#6734,#6735),.UNSPECIFIED.,.F.,.F.,(4,2,2,2,4),(0.0342936657908522,
0.0466222527487437,0.0854843694089756,0.147763989396117,0.209947220005256),
 .UNSPECIFIED.);
#139=B_SPLINE_CURVE_WITH_KNOTS('',3,(#6737,#6738,#6739,#6740),
 .UNSPECIFIED.,.F.,.F.,(4,4),(0.188698490603396,0.199921365034786),
 .UNSPECIFIED.);
#140=B_SPLINE_CURVE_WITH_KNOTS('',3,(#6742,#6743,#6744,#6745,#6746,#6747,
#6748,#6749,#6750,#6751,#6752,#6753),.UNSPECIFIED.,.F.,.F.,(4,2,2,2,2,4),
(0.,0.0351875586793502,0.0661325480995109,0.10072514171363,0.131358829748176,
0.161944907396683),.UNSPECIFIED.);
#141=B_SPLINE_CURVE_WITH_KNOTS('',3,(#6754,#6755,#6756,#6757),
 .UNSPECIFIED.,.F.,.F.,(4,4),(-0.29052755032285,-0.113640404096774),
 .UNSPECIFIED.);
#142=B_SPLINE_CURVE_WITH_KNOTS('',3,(#6784,#6785,#6786,#6787,#6788,#6789,
#6790,#6791,#6792,#6793),.UNSPECIFIED.,.F.,.F.,(4,3,3,4),(0.,0.0124873172873968,
0.0255829136597477,0.0330970824936635),.UNSPECIFIED.);
#143=B_SPLINE_CURVE_WITH_KNOTS('',3,(#6795,#6796,#6797,#6798,#6799,#6800,
#6801,#6802,#6803,#6804,#6805,#6806),.UNSPECIFIED.,.F.,.F.,(4,2,2,2,2,4),
(0.,0.0386176297332246,0.0790169886471295,0.116746224356961,0.141848782466052,
0.168665936539037),.UNSPECIFIED.);
#144=B_SPLINE_CURVE_WITH_KNOTS('',3,(#6808,#6809,#6810,#6811),
 .UNSPECIFIED.,.F.,.F.,(4,4),(0.131097152306522,0.142320026737906),
 .UNSPECIFIED.);
#145=B_SPLINE_CURVE_WITH_KNOTS('',3,(#6812,#6813,#6814,#6815,#6816,#6817,
#6818,#6819,#6820,#6821),.UNSPECIFIED.,.F.,.F.,(4,2,2,2,4),(0.,0.0774214682085781,
0.156372063131316,0.218343157089195,0.224039662940295),.UNSPECIFIED.);
#146=B_SPLINE_CURVE_WITH_KNOTS('',3,(#6841,#6842,#6843,#6844),
 .UNSPECIFIED.,.F.,.F.,(4,4),(-0.112267772383964,0.),.UNSPECIFIED.);
#147=B_SPLINE_CURVE_WITH_KNOTS('',3,(#6851,#6852,#6853,#6854),
 .UNSPECIFIED.,.F.,.F.,(4,4),(-0.108043309230203,0.),.UNSPECIFIED.);
#148=B_SPLINE_CURVE_WITH_KNOTS('',3,(#6856,#6857,#6858,#6859),
 .UNSPECIFIED.,.F.,.F.,(4,4),(0.663433284929651,0.664771881579542),
 .UNSPECIFIED.);
#149=B_SPLINE_CURVE_WITH_KNOTS('',3,(#6862,#6863,#6864,#6865),
 .UNSPECIFIED.,.F.,.F.,(4,4),(0.936699436824234,0.942204786291677),
 .UNSPECIFIED.);
#150=B_SPLINE_CURVE_WITH_KNOTS('',3,(#6893,#6894,#6895,#6896),
 .UNSPECIFIED.,.F.,.F.,(4,4),(0.128343927811742,0.129682524461639),
 .UNSPECIFIED.);
#151=B_SPLINE_CURVE_WITH_KNOTS('',3,(#6902,#6903,#6904,#6905),
 .UNSPECIFIED.,.F.,.F.,(4,4),(-0.108043309230202,0.),.UNSPECIFIED.);
#152=B_SPLINE_CURVE_WITH_KNOTS('',3,(#6914,#6915,#6916,#6917,#6918,#6919),
 .UNSPECIFIED.,.F.,.F.,(4,2,4),(-0.0821080412124334,-0.0693065010980434,
0.),.UNSPECIFIED.);
#153=B_SPLINE_CURVE_WITH_KNOTS('',3,(#6922,#6923,#6924,#6925),
 .UNSPECIFIED.,.F.,.F.,(4,4),(0.131095052053605,0.13627342881734),
 .UNSPECIFIED.);
#154=B_SPLINE_CURVE_WITH_KNOTS('',3,(#6946,#6947,#6948,#6949,#6950,#6951,
#6952,#6953,#6954,#6955,#6956,#6957,#6958,#6959),.UNSPECIFIED.,.F.,.F.,
(4,2,2,2,2,2,4),(-0.190824974895766,-0.190197005254914,-0.164950574333283,
-0.139718108762031,-0.0920795338195836,-0.0456914964467364,0.),
 .UNSPECIFIED.);
#155=B_SPLINE_CURVE_WITH_KNOTS('',3,(#6962,#6963,#6964,#6965,#6966,#6967,
#6968,#6969,#6970,#6971,#6972,#6973,#6974,#6975),.UNSPECIFIED.,.F.,.F.,
(4,2,2,2,2,2,4),(-0.190321336152959,-0.14459997138744,-0.0981816103702436,
-0.0505118943128518,-0.0252629343961749,0.,0.000628380141683734),
 .UNSPECIFIED.);
#156=B_SPLINE_CURVE_WITH_KNOTS('',3,(#6978,#6979,#6980,#6981,#6982,#6983,
#6984,#6985,#6986,#6987,#6988,#6989,#6990,#6991),.UNSPECIFIED.,.F.,.F.,
(4,2,2,2,2,2,4),(-0.000628380141679893,0.,0.0252629343961477,0.0505118943127711,
0.0981816103700604,0.144599971387157,0.190321336152581),.UNSPECIFIED.);
#157=B_SPLINE_CURVE_WITH_KNOTS('',3,(#6995,#6996,#6997,#6998,#6999,#7000,
#7001,#7002,#7003,#7004,#7005,#7006,#7007,#7008),.UNSPECIFIED.,.F.,.F.,
(4,2,2,2,2,2,4),(-0.190824974895833,-0.190197005254984,-0.164950574333285,
-0.139718108762033,-0.0920795338195847,-0.0456914964467367,0.),
 .UNSPECIFIED.);
#158=B_SPLINE_CURVE_WITH_KNOTS('',3,(#7024,#7025,#7026,#7027,#7028,#7029,
#7030,#7031,#7032,#7033,#7034,#7035,#7036,#7037),.UNSPECIFIED.,.F.,.F.,
(4,2,2,2,2,2,4),(-0.190321336152918,-0.144599971387409,-0.0981816103702238,
-0.050511894312843,-0.025262934396172,0.,0.00062838014168436),
 .UNSPECIFIED.);
#159=B_SPLINE_CURVE_WITH_KNOTS('',3,(#7040,#7041,#7042,#7043,#7044,#7045,
#7046,#7047),.UNSPECIFIED.,.F.,.F.,(4,2,2,4),(-0.190824974895824,-0.190197005254976,
-0.164950574333283,-0.145756148467284),.UNSPECIFIED.);
#160=TOROIDAL_SURFACE('',#3601,7.5,1.5);
#161=TOROIDAL_SURFACE('',#3614,7.,1.5);
#162=TOROIDAL_SURFACE('',#3617,7.,1.5);
#163=TOROIDAL_SURFACE('',#3660,7.,1.5);
#164=TOROIDAL_SURFACE('',#3712,3.1,1.2);
#165=TOROIDAL_SURFACE('',#3714,3.1,1.2);
#166=TOROIDAL_SURFACE('',#3750,6.5,1.5);
#167=TOROIDAL_SURFACE('',#3758,6.5,1.5);
#168=TOROIDAL_SURFACE('',#3781,7.5,1.5);
#169=TOROIDAL_SURFACE('',#3839,3.1,1.2);
#170=TOROIDAL_SURFACE('',#3842,3.1,1.2);
#171=TOROIDAL_SURFACE('',#3848,3.1,1.2);
#172=TOROIDAL_SURFACE('',#3851,3.1,1.2);
#173=ELLIPSE('',#3589,1.73205080756934,1.5);
#174=ELLIPSE('',#3596,1.73205080756934,1.5);
#175=ELLIPSE('',#3636,1.83116188314219,1.5);
#176=ELLIPSE('',#3637,1.83116188314219,1.5);
#177=ELLIPSE('',#3686,4.34813178275499,4.12500000002226);
#178=ELLIPSE('',#3688,4.34813178275499,4.12500000002226);
#179=ELLIPSE('',#3873,3.68932393684228,3.49999999998024);
#180=ELLIPSE('',#3875,3.68932393684228,3.49999999998024);
#181=ELLIPSE('',#3879,3.68932393684228,3.49999999998024);
#182=ELLIPSE('',#3881,3.68932393684228,3.49999999998024);
#183=ELLIPSE('',#3883,4.34813178275499,4.12500000002226);
#184=ELLIPSE('',#3889,4.34813178275499,4.12500000002226);
#185=PLANE('',#3584);
#186=PLANE('',#3586);
#187=PLANE('',#3588);
#188=PLANE('',#3595);
#189=PLANE('',#3597);
#190=PLANE('',#3599);
#191=PLANE('',#3608);
#192=PLANE('',#3610);
#193=PLANE('',#3612);
#194=PLANE('',#3627);
#195=PLANE('',#3628);
#196=PLANE('',#3629);
#197=PLANE('',#3630);
#198=PLANE('',#3631);
#199=PLANE('',#3632);
#200=PLANE('',#3633);
#201=PLANE('',#3634);
#202=PLANE('',#3635);
#203=PLANE('',#3641);
#204=PLANE('',#3646);
#205=PLANE('',#3655);
#206=PLANE('',#3658);
#207=PLANE('',#3664);
#208=PLANE('',#3668);
#209=PLANE('',#3672);
#210=PLANE('',#3673);
#211=PLANE('',#3674);
#212=PLANE('',#3681);
#213=PLANE('',#3682);
#214=PLANE('',#3683);
#215=PLANE('',#3692);
#216=PLANE('',#3693);
#217=PLANE('',#3694);
#218=PLANE('',#3697);
#219=PLANE('',#3699);
#220=PLANE('',#3701);
#221=PLANE('',#3702);
#222=PLANE('',#3704);
#223=PLANE('',#3716);
#224=PLANE('',#3717);
#225=PLANE('',#3719);
#226=PLANE('',#3720);
#227=PLANE('',#3723);
#228=PLANE('',#3725);
#229=PLANE('',#3726);
#230=PLANE('',#3727);
#231=PLANE('',#3734);
#232=PLANE('',#3735);
#233=PLANE('',#3738);
#234=PLANE('',#3745);
#235=PLANE('',#3746);
#236=PLANE('',#3747);
#237=PLANE('',#3755);
#238=PLANE('',#3766);
#239=PLANE('',#3767);
#240=PLANE('',#3776);
#241=PLANE('',#3778);
#242=PLANE('',#3787);
#243=PLANE('',#3792);
#244=PLANE('',#3795);
#245=PLANE('',#3796);
#246=PLANE('',#3797);
#247=PLANE('',#3798);
#248=PLANE('',#3799);
#249=PLANE('',#3800);
#250=PLANE('',#3801);
#251=PLANE('',#3802);
#252=PLANE('',#3803);
#253=PLANE('',#3808);
#254=PLANE('',#3812);
#255=PLANE('',#3821);
#256=PLANE('',#3822);
#257=PLANE('',#3827);
#258=PLANE('',#3828);
#259=PLANE('',#3832);
#260=PLANE('',#3846);
#261=PLANE('',#3854);
#262=PLANE('',#3855);
#263=PLANE('',#3856);
#264=PLANE('',#3859);
#265=PLANE('',#3860);
#266=PLANE('',#3861);
#267=PLANE('',#3862);
#268=PLANE('',#3863);
#269=PLANE('',#3864);
#270=PLANE('',#3865);
#271=PLANE('',#3866);
#272=PLANE('',#3867);
#273=PLANE('',#3868);
#274=PLANE('',#3869);
#275=PLANE('',#3870);
#276=PLANE('',#3876);
#277=PLANE('',#3882);
#278=PLANE('',#3884);
#279=PLANE('',#3885);
#280=PLANE('',#3886);
#281=PLANE('',#3887);
#282=PLANE('',#3888);
#283=PLANE('',#3890);
#284=PLANE('',#3895);
#285=PLANE('',#3896);
#286=FACE_OUTER_BOUND('',#473,.T.);
#287=FACE_OUTER_BOUND('',#474,.T.);
#288=FACE_OUTER_BOUND('',#475,.T.);
#289=FACE_OUTER_BOUND('',#476,.T.);
#290=FACE_OUTER_BOUND('',#477,.T.);
#291=FACE_OUTER_BOUND('',#478,.T.);
#292=FACE_OUTER_BOUND('',#479,.T.);
#293=FACE_OUTER_BOUND('',#480,.T.);
#294=FACE_OUTER_BOUND('',#481,.T.);
#295=FACE_OUTER_BOUND('',#482,.T.);
#296=FACE_OUTER_BOUND('',#483,.T.);
#297=FACE_OUTER_BOUND('',#484,.T.);
#298=FACE_OUTER_BOUND('',#485,.T.);
#299=FACE_OUTER_BOUND('',#486,.T.);
#300=FACE_OUTER_BOUND('',#487,.T.);
#301=FACE_OUTER_BOUND('',#488,.T.);
#302=FACE_OUTER_BOUND('',#489,.T.);
#303=FACE_OUTER_BOUND('',#491,.T.);
#304=FACE_OUTER_BOUND('',#492,.T.);
#305=FACE_OUTER_BOUND('',#493,.T.);
#306=FACE_OUTER_BOUND('',#494,.T.);
#307=FACE_OUTER_BOUND('',#495,.T.);
#308=FACE_OUTER_BOUND('',#496,.T.);
#309=FACE_OUTER_BOUND('',#497,.T.);
#310=FACE_OUTER_BOUND('',#498,.T.);
#311=FACE_OUTER_BOUND('',#499,.T.);
#312=FACE_OUTER_BOUND('',#500,.T.);
#313=FACE_OUTER_BOUND('',#501,.T.);
#314=FACE_OUTER_BOUND('',#502,.T.);
#315=FACE_OUTER_BOUND('',#503,.T.);
#316=FACE_OUTER_BOUND('',#504,.T.);
#317=FACE_OUTER_BOUND('',#505,.T.);
#318=FACE_OUTER_BOUND('',#506,.T.);
#319=FACE_OUTER_BOUND('',#507,.T.);
#320=FACE_OUTER_BOUND('',#508,.T.);
#321=FACE_OUTER_BOUND('',#509,.T.);
#322=FACE_OUTER_BOUND('',#510,.T.);
#323=FACE_OUTER_BOUND('',#511,.T.);
#324=FACE_OUTER_BOUND('',#512,.T.);
#325=FACE_OUTER_BOUND('',#513,.T.);
#326=FACE_OUTER_BOUND('',#514,.T.);
#327=FACE_OUTER_BOUND('',#515,.T.);
#328=FACE_OUTER_BOUND('',#516,.T.);
#329=FACE_OUTER_BOUND('',#517,.T.);
#330=FACE_OUTER_BOUND('',#518,.T.);
#331=FACE_OUTER_BOUND('',#519,.T.);
#332=FACE_OUTER_BOUND('',#520,.T.);
#333=FACE_OUTER_BOUND('',#521,.T.);
#334=FACE_OUTER_BOUND('',#522,.T.);
#335=FACE_OUTER_BOUND('',#523,.T.);
#336=FACE_OUTER_BOUND('',#524,.T.);
#337=FACE_OUTER_BOUND('',#525,.T.);
#338=FACE_OUTER_BOUND('',#526,.T.);
#339=FACE_OUTER_BOUND('',#527,.T.);
#340=FACE_OUTER_BOUND('',#528,.T.);
#341=FACE_OUTER_BOUND('',#530,.T.);
#342=FACE_OUTER_BOUND('',#531,.T.);
#343=FACE_OUTER_BOUND('',#532,.T.);
#344=FACE_OUTER_BOUND('',#533,.T.);
#345=FACE_OUTER_BOUND('',#534,.T.);
#346=FACE_OUTER_BOUND('',#535,.T.);
#347=FACE_OUTER_BOUND('',#536,.T.);
#348=FACE_OUTER_BOUND('',#537,.T.);
#349=FACE_OUTER_BOUND('',#538,.T.);
#350=FACE_OUTER_BOUND('',#539,.T.);
#351=FACE_OUTER_BOUND('',#540,.T.);
#352=FACE_OUTER_BOUND('',#541,.T.);
#353=FACE_OUTER_BOUND('',#542,.T.);
#354=FACE_OUTER_BOUND('',#543,.T.);
#355=FACE_OUTER_BOUND('',#544,.T.);
#356=FACE_OUTER_BOUND('',#545,.T.);
#357=FACE_OUTER_BOUND('',#546,.T.);
#358=FACE_OUTER_BOUND('',#547,.T.);
#359=FACE_OUTER_BOUND('',#548,.T.);
#360=FACE_OUTER_BOUND('',#549,.T.);
#361=FACE_OUTER_BOUND('',#550,.T.);
#362=FACE_OUTER_BOUND('',#551,.T.);
#363=FACE_OUTER_BOUND('',#552,.T.);
#364=FACE_OUTER_BOUND('',#553,.T.);
#365=FACE_OUTER_BOUND('',#554,.T.);
#366=FACE_OUTER_BOUND('',#556,.T.);
#367=FACE_OUTER_BOUND('',#557,.T.);
#368=FACE_OUTER_BOUND('',#558,.T.);
#369=FACE_OUTER_BOUND('',#559,.T.);
#370=FACE_OUTER_BOUND('',#560,.T.);
#371=FACE_OUTER_BOUND('',#561,.T.);
#372=FACE_OUTER_BOUND('',#562,.T.);
#373=FACE_OUTER_BOUND('',#563,.T.);
#374=FACE_OUTER_BOUND('',#564,.T.);
#375=FACE_OUTER_BOUND('',#565,.T.);
#376=FACE_OUTER_BOUND('',#566,.T.);
#377=FACE_OUTER_BOUND('',#567,.T.);
#378=FACE_OUTER_BOUND('',#568,.T.);
#379=FACE_OUTER_BOUND('',#569,.T.);
#380=FACE_OUTER_BOUND('',#570,.T.);
#381=FACE_OUTER_BOUND('',#571,.T.);
#382=FACE_OUTER_BOUND('',#572,.T.);
#383=FACE_OUTER_BOUND('',#573,.T.);
#384=FACE_OUTER_BOUND('',#574,.T.);
#385=FACE_OUTER_BOUND('',#575,.T.);
#386=FACE_OUTER_BOUND('',#576,.T.);
#387=FACE_OUTER_BOUND('',#577,.T.);
#388=FACE_OUTER_BOUND('',#578,.T.);
#389=FACE_OUTER_BOUND('',#579,.T.);
#390=FACE_OUTER_BOUND('',#581,.T.);
#391=FACE_OUTER_BOUND('',#582,.T.);
#392=FACE_OUTER_BOUND('',#583,.T.);
#393=FACE_OUTER_BOUND('',#584,.T.);
#394=FACE_OUTER_BOUND('',#585,.T.);
#395=FACE_OUTER_BOUND('',#586,.T.);
#396=FACE_OUTER_BOUND('',#587,.T.);
#397=FACE_OUTER_BOUND('',#588,.T.);
#398=FACE_OUTER_BOUND('',#589,.T.);
#399=FACE_OUTER_BOUND('',#590,.T.);
#400=FACE_OUTER_BOUND('',#592,.T.);
#401=FACE_OUTER_BOUND('',#593,.T.);
#402=FACE_OUTER_BOUND('',#594,.T.);
#403=FACE_OUTER_BOUND('',#595,.T.);
#404=FACE_OUTER_BOUND('',#596,.T.);
#405=FACE_OUTER_BOUND('',#597,.T.);
#406=FACE_OUTER_BOUND('',#598,.T.);
#407=FACE_OUTER_BOUND('',#599,.T.);
#408=FACE_OUTER_BOUND('',#600,.T.);
#409=FACE_OUTER_BOUND('',#601,.T.);
#410=FACE_OUTER_BOUND('',#602,.T.);
#411=FACE_OUTER_BOUND('',#603,.T.);
#412=FACE_OUTER_BOUND('',#604,.T.);
#413=FACE_OUTER_BOUND('',#605,.T.);
#414=FACE_OUTER_BOUND('',#606,.T.);
#415=FACE_OUTER_BOUND('',#607,.T.);
#416=FACE_OUTER_BOUND('',#608,.T.);
#417=FACE_OUTER_BOUND('',#609,.T.);
#418=FACE_OUTER_BOUND('',#610,.T.);
#419=FACE_OUTER_BOUND('',#611,.T.);
#420=FACE_OUTER_BOUND('',#612,.T.);
#421=FACE_OUTER_BOUND('',#613,.T.);
#422=FACE_OUTER_BOUND('',#614,.T.);
#423=FACE_OUTER_BOUND('',#615,.T.);
#424=FACE_OUTER_BOUND('',#616,.T.);
#425=FACE_OUTER_BOUND('',#617,.T.);
#426=FACE_OUTER_BOUND('',#618,.T.);
#427=FACE_OUTER_BOUND('',#619,.T.);
#428=FACE_OUTER_BOUND('',#620,.T.);
#429=FACE_OUTER_BOUND('',#621,.T.);
#430=FACE_OUTER_BOUND('',#623,.T.);
#431=FACE_OUTER_BOUND('',#624,.T.);
#432=FACE_OUTER_BOUND('',#625,.T.);
#433=FACE_OUTER_BOUND('',#626,.T.);
#434=FACE_OUTER_BOUND('',#627,.T.);
#435=FACE_OUTER_BOUND('',#628,.T.);
#436=FACE_OUTER_BOUND('',#629,.T.);
#437=FACE_OUTER_BOUND('',#630,.T.);
#438=FACE_OUTER_BOUND('',#631,.T.);
#439=FACE_OUTER_BOUND('',#632,.T.);
#440=FACE_OUTER_BOUND('',#633,.T.);
#441=FACE_OUTER_BOUND('',#634,.T.);
#442=FACE_OUTER_BOUND('',#635,.T.);
#443=FACE_OUTER_BOUND('',#636,.T.);
#444=FACE_OUTER_BOUND('',#638,.T.);
#445=FACE_OUTER_BOUND('',#639,.T.);
#446=FACE_OUTER_BOUND('',#640,.T.);
#447=FACE_OUTER_BOUND('',#641,.T.);
#448=FACE_OUTER_BOUND('',#642,.T.);
#449=FACE_OUTER_BOUND('',#643,.T.);
#450=FACE_OUTER_BOUND('',#644,.T.);
#451=FACE_OUTER_BOUND('',#645,.T.);
#452=FACE_OUTER_BOUND('',#646,.T.);
#453=FACE_OUTER_BOUND('',#647,.T.);
#454=FACE_OUTER_BOUND('',#648,.T.);
#455=FACE_OUTER_BOUND('',#649,.T.);
#456=FACE_OUTER_BOUND('',#650,.T.);
#457=FACE_OUTER_BOUND('',#651,.T.);
#458=FACE_OUTER_BOUND('',#652,.T.);
#459=FACE_OUTER_BOUND('',#653,.T.);
#460=FACE_OUTER_BOUND('',#654,.T.);
#461=FACE_OUTER_BOUND('',#655,.T.);
#462=FACE_OUTER_BOUND('',#656,.T.);
#463=FACE_OUTER_BOUND('',#657,.T.);
#464=FACE_OUTER_BOUND('',#658,.T.);
#465=FACE_OUTER_BOUND('',#659,.T.);
#466=FACE_OUTER_BOUND('',#660,.T.);
#467=FACE_OUTER_BOUND('',#661,.T.);
#468=FACE_OUTER_BOUND('',#662,.T.);
#469=FACE_OUTER_BOUND('',#663,.T.);
#470=FACE_OUTER_BOUND('',#664,.T.);
#471=FACE_OUTER_BOUND('',#665,.T.);
#472=FACE_OUTER_BOUND('',#666,.T.);
#473=EDGE_LOOP('',(#2251,#2252,#2253,#2254));
#474=EDGE_LOOP('',(#2255,#2256,#2257,#2258,#2259));
#475=EDGE_LOOP('',(#2260,#2261,#2262,#2263,#2264));
#476=EDGE_LOOP('',(#2265,#2266,#2267,#2268,#2269));
#477=EDGE_LOOP('',(#2270,#2271,#2272,#2273,#2274));
#478=EDGE_LOOP('',(#2275,#2276,#2277,#2278));
#479=EDGE_LOOP('',(#2279,#2280,#2281,#2282,#2283));
#480=EDGE_LOOP('',(#2284,#2285,#2286,#2287,#2288));
#481=EDGE_LOOP('',(#2289,#2290,#2291,#2292,#2293));
#482=EDGE_LOOP('',(#2294,#2295,#2296,#2297));
#483=EDGE_LOOP('',(#2298,#2299,#2300,#2301));
#484=EDGE_LOOP('',(#2302,#2303,#2304,#2305,#2306));
#485=EDGE_LOOP('',(#2307,#2308,#2309,#2310,#2311));
#486=EDGE_LOOP('',(#2312,#2313,#2314,#2315));
#487=EDGE_LOOP('',(#2316,#2317,#2318,#2319));
#488=EDGE_LOOP('',(#2320,#2321,#2322,#2323));
#489=EDGE_LOOP('',(#2324,#2325,#2326,#2327,#2328,#2329,#2330,#2331,#2332,
#2333,#2334,#2335));
#490=EDGE_LOOP('',(#2336,#2337,#2338,#2339));
#491=EDGE_LOOP('',(#2340,#2341,#2342,#2343));
#492=EDGE_LOOP('',(#2344,#2345,#2346,#2347));
#493=EDGE_LOOP('',(#2348,#2349,#2350,#2351));
#494=EDGE_LOOP('',(#2352,#2353,#2354,#2355));
#495=EDGE_LOOP('',(#2356,#2357,#2358,#2359));
#496=EDGE_LOOP('',(#2360,#2361,#2362,#2363));
#497=EDGE_LOOP('',(#2364,#2365,#2366,#2367));
#498=EDGE_LOOP('',(#2368,#2369,#2370,#2371,#2372,#2373,#2374,#2375));
#499=EDGE_LOOP('',(#2376,#2377,#2378,#2379,#2380,#2381,#2382,#2383,#2384,
#2385,#2386,#2387,#2388,#2389,#2390,#2391,#2392,#2393,#2394,#2395,#2396,
#2397,#2398,#2399,#2400,#2401,#2402,#2403,#2404,#2405));
#500=EDGE_LOOP('',(#2406,#2407,#2408,#2409,#2410));
#501=EDGE_LOOP('',(#2411,#2412,#2413,#2414,#2415,#2416,#2417,#2418));
#502=EDGE_LOOP('',(#2419,#2420,#2421,#2422,#2423));
#503=EDGE_LOOP('',(#2424,#2425,#2426,#2427,#2428,#2429,#2430,#2431,#2432,
#2433,#2434,#2435,#2436,#2437,#2438,#2439,#2440,#2441,#2442));
#504=EDGE_LOOP('',(#2443,#2444,#2445,#2446));
#505=EDGE_LOOP('',(#2447,#2448,#2449,#2450));
#506=EDGE_LOOP('',(#2451,#2452,#2453,#2454));
#507=EDGE_LOOP('',(#2455,#2456,#2457,#2458));
#508=EDGE_LOOP('',(#2459,#2460,#2461,#2462));
#509=EDGE_LOOP('',(#2463,#2464,#2465,#2466));
#510=EDGE_LOOP('',(#2467,#2468,#2469,#2470));
#511=EDGE_LOOP('',(#2471,#2472,#2473,#2474));
#512=EDGE_LOOP('',(#2475,#2476,#2477,#2478,#2479,#2480,#2481,#2482,#2483,
#2484,#2485,#2486));
#513=EDGE_LOOP('',(#2487,#2488,#2489,#2490,#2491,#2492,#2493,#2494,#2495,
#2496,#2497,#2498,#2499,#2500,#2501,#2502));
#514=EDGE_LOOP('',(#2503,#2504,#2505,#2506,#2507,#2508,#2509));
#515=EDGE_LOOP('',(#2510,#2511,#2512,#2513,#2514,#2515));
#516=EDGE_LOOP('',(#2516,#2517,#2518,#2519,#2520,#2521,#2522,#2523));
#517=EDGE_LOOP('',(#2524,#2525,#2526,#2527,#2528,#2529,#2530,#2531,#2532,
#2533,#2534,#2535,#2536,#2537,#2538,#2539,#2540,#2541));
#518=EDGE_LOOP('',(#2542,#2543,#2544,#2545));
#519=EDGE_LOOP('',(#2546,#2547,#2548,#2549));
#520=EDGE_LOOP('',(#2550,#2551,#2552,#2553,#2554));
#521=EDGE_LOOP('',(#2555,#2556,#2557,#2558,#2559));
#522=EDGE_LOOP('',(#2560,#2561,#2562,#2563));
#523=EDGE_LOOP('',(#2564,#2565,#2566,#2567,#2568,#2569,#2570,#2571));
#524=EDGE_LOOP('',(#2572,#2573,#2574,#2575));
#525=EDGE_LOOP('',(#2576,#2577,#2578,#2579));
#526=EDGE_LOOP('',(#2580,#2581,#2582,#2583,#2584));
#527=EDGE_LOOP('',(#2585));
#528=EDGE_LOOP('',(#2586,#2587,#2588,#2589,#2590));
#529=EDGE_LOOP('',(#2591,#2592,#2593,#2594));
#530=EDGE_LOOP('',(#2595));
#531=EDGE_LOOP('',(#2596));
#532=EDGE_LOOP('',(#2597,#2598,#2599,#2600,#2601,#2602));
#533=EDGE_LOOP('',(#2603,#2604,#2605,#2606));
#534=EDGE_LOOP('',(#2607,#2608,#2609,#2610,#2611));
#535=EDGE_LOOP('',(#2612,#2613,#2614,#2615,#2616,#2617,#2618));
#536=EDGE_LOOP('',(#2619,#2620,#2621,#2622));
#537=EDGE_LOOP('',(#2623,#2624,#2625));
#538=EDGE_LOOP('',(#2626,#2627,#2628,#2629));
#539=EDGE_LOOP('',(#2630,#2631));
#540=EDGE_LOOP('',(#2632,#2633,#2634,#2635));
#541=EDGE_LOOP('',(#2636,#2637,#2638,#2639));
#542=EDGE_LOOP('',(#2640,#2641,#2642,#2643,#2644));
#543=EDGE_LOOP('',(#2645,#2646,#2647,#2648,#2649));
#544=EDGE_LOOP('',(#2650,#2651,#2652,#2653));
#545=EDGE_LOOP('',(#2654,#2655,#2656,#2657,#2658,#2659,#2660,#2661,#2662,
#2663,#2664,#2665,#2666,#2667));
#546=EDGE_LOOP('',(#2668,#2669,#2670,#2671));
#547=EDGE_LOOP('',(#2672,#2673,#2674,#2675));
#548=EDGE_LOOP('',(#2676,#2677,#2678,#2679));
#549=EDGE_LOOP('',(#2680,#2681,#2682,#2683));
#550=EDGE_LOOP('',(#2684,#2685,#2686,#2687,#2688,#2689,#2690,#2691,#2692,
#2693,#2694,#2695));
#551=EDGE_LOOP('',(#2696,#2697,#2698,#2699,#2700,#2701,#2702,#2703,#2704,
#2705,#2706,#2707,#2708,#2709,#2710,#2711,#2712,#2713,#2714,#2715,#2716));
#552=EDGE_LOOP('',(#2717,#2718,#2719,#2720,#2721,#2722,#2723,#2724));
#553=EDGE_LOOP('',(#2725,#2726,#2727,#2728));
#554=EDGE_LOOP('',(#2729,#2730,#2731,#2732,#2733,#2734,#2735,#2736,#2737,
#2738,#2739));
#555=EDGE_LOOP('',(#2740,#2741,#2742,#2743));
#556=EDGE_LOOP('',(#2744,#2745,#2746,#2747,#2748,#2749,#2750,#2751,#2752,
#2753,#2754,#2755,#2756,#2757,#2758,#2759,#2760,#2761,#2762,#2763));
#557=EDGE_LOOP('',(#2764,#2765,#2766,#2767,#2768,#2769));
#558=EDGE_LOOP('',(#2770,#2771,#2772,#2773));
#559=EDGE_LOOP('',(#2774,#2775,#2776,#2777));
#560=EDGE_LOOP('',(#2778,#2779));
#561=EDGE_LOOP('',(#2780,#2781,#2782,#2783));
#562=EDGE_LOOP('',(#2784,#2785,#2786,#2787));
#563=EDGE_LOOP('',(#2788,#2789,#2790,#2791));
#564=EDGE_LOOP('',(#2792,#2793,#2794,#2795,#2796,#2797,#2798,#2799));
#565=EDGE_LOOP('',(#2800,#2801,#2802,#2803));
#566=EDGE_LOOP('',(#2804,#2805,#2806,#2807));
#567=EDGE_LOOP('',(#2808,#2809,#2810,#2811));
#568=EDGE_LOOP('',(#2812,#2813,#2814,#2815,#2816,#2817,#2818,#2819));
#569=EDGE_LOOP('',(#2820,#2821,#2822,#2823));
#570=EDGE_LOOP('',(#2824,#2825,#2826,#2827,#2828,#2829,#2830,#2831,#2832));
#571=EDGE_LOOP('',(#2833,#2834,#2835,#2836,#2837));
#572=EDGE_LOOP('',(#2838,#2839,#2840,#2841,#2842,#2843,#2844,#2845,#2846,
#2847));
#573=EDGE_LOOP('',(#2848,#2849,#2850,#2851));
#574=EDGE_LOOP('',(#2852,#2853,#2854,#2855));
#575=EDGE_LOOP('',(#2856,#2857,#2858,#2859,#2860));
#576=EDGE_LOOP('',(#2861,#2862,#2863,#2864));
#577=EDGE_LOOP('',(#2865,#2866,#2867,#2868));
#578=EDGE_LOOP('',(#2869,#2870,#2871,#2872));
#579=EDGE_LOOP('',(#2873,#2874,#2875,#2876,#2877,#2878,#2879));
#580=EDGE_LOOP('',(#2880,#2881));
#581=EDGE_LOOP('',(#2882,#2883,#2884,#2885,#2886,#2887));
#582=EDGE_LOOP('',(#2888,#2889,#2890,#2891));
#583=EDGE_LOOP('',(#2892,#2893,#2894,#2895));
#584=EDGE_LOOP('',(#2896,#2897,#2898,#2899,#2900,#2901));
#585=EDGE_LOOP('',(#2902,#2903,#2904,#2905));
#586=EDGE_LOOP('',(#2906,#2907,#2908,#2909));
#587=EDGE_LOOP('',(#2910,#2911,#2912,#2913));
#588=EDGE_LOOP('',(#2914,#2915,#2916,#2917));
#589=EDGE_LOOP('',(#2918,#2919,#2920,#2921));
#590=EDGE_LOOP('',(#2922,#2923,#2924,#2925,#2926,#2927,#2928,#2929,#2930,
#2931,#2932,#2933,#2934,#2935,#2936));
#591=EDGE_LOOP('',(#2937,#2938,#2939,#2940));
#592=EDGE_LOOP('',(#2941,#2942,#2943,#2944,#2945,#2946,#2947,#2948,#2949,
#2950,#2951));
#593=EDGE_LOOP('',(#2952,#2953,#2954,#2955));
#594=EDGE_LOOP('',(#2956,#2957,#2958,#2959));
#595=EDGE_LOOP('',(#2960,#2961,#2962,#2963));
#596=EDGE_LOOP('',(#2964,#2965,#2966,#2967,#2968));
#597=EDGE_LOOP('',(#2969,#2970,#2971,#2972,#2973,#2974,#2975,#2976));
#598=EDGE_LOOP('',(#2977,#2978,#2979,#2980,#2981,#2982));
#599=EDGE_LOOP('',(#2983,#2984,#2985,#2986,#2987));
#600=EDGE_LOOP('',(#2988,#2989,#2990,#2991,#2992));
#601=EDGE_LOOP('',(#2993,#2994,#2995,#2996,#2997));
#602=EDGE_LOOP('',(#2998,#2999,#3000,#3001,#3002));
#603=EDGE_LOOP('',(#3003,#3004,#3005,#3006,#3007,#3008,#3009));
#604=EDGE_LOOP('',(#3010,#3011,#3012));
#605=EDGE_LOOP('',(#3013,#3014,#3015));
#606=EDGE_LOOP('',(#3016,#3017,#3018));
#607=EDGE_LOOP('',(#3019,#3020,#3021));
#608=EDGE_LOOP('',(#3022,#3023,#3024,#3025));
#609=EDGE_LOOP('',(#3026,#3027,#3028,#3029,#3030,#3031,#3032));
#610=EDGE_LOOP('',(#3033,#3034,#3035,#3036));
#611=EDGE_LOOP('',(#3037,#3038,#3039,#3040,#3041));
#612=EDGE_LOOP('',(#3042,#3043,#3044,#3045,#3046,#3047,#3048,#3049,#3050,
#3051));
#613=EDGE_LOOP('',(#3052,#3053,#3054,#3055,#3056,#3057));
#614=EDGE_LOOP('',(#3058,#3059,#3060,#3061));
#615=EDGE_LOOP('',(#3062,#3063,#3064,#3065));
#616=EDGE_LOOP('',(#3066,#3067,#3068,#3069,#3070,#3071));
#617=EDGE_LOOP('',(#3072,#3073,#3074,#3075,#3076));
#618=EDGE_LOOP('',(#3077,#3078,#3079,#3080,#3081));
#619=EDGE_LOOP('',(#3082,#3083,#3084,#3085,#3086));
#620=EDGE_LOOP('',(#3087,#3088,#3089,#3090,#3091,#3092,#3093,#3094,#3095,
#3096,#3097,#3098,#3099,#3100,#3101,#3102,#3103,#3104,#3105,#3106,#3107,
#3108,#3109));
#621=EDGE_LOOP('',(#3110,#3111,#3112,#3113,#3114,#3115,#3116,#3117,#3118,
#3119));
#622=EDGE_LOOP('',(#3120,#3121,#3122,#3123));
#623=EDGE_LOOP('',(#3124,#3125,#3126,#3127));
#624=EDGE_LOOP('',(#3128,#3129,#3130,#3131));
#625=EDGE_LOOP('',(#3132,#3133,#3134,#3135,#3136,#3137));
#626=EDGE_LOOP('',(#3138,#3139,#3140,#3141));
#627=EDGE_LOOP('',(#3142,#3143,#3144,#3145));
#628=EDGE_LOOP('',(#3146,#3147,#3148,#3149));
#629=EDGE_LOOP('',(#3150,#3151,#3152,#3153));
#630=EDGE_LOOP('',(#3154,#3155,#3156,#3157));
#631=EDGE_LOOP('',(#3158,#3159,#3160,#3161));
#632=EDGE_LOOP('',(#3162,#3163,#3164,#3165,#3166));
#633=EDGE_LOOP('',(#3167,#3168,#3169,#3170));
#634=EDGE_LOOP('',(#3171,#3172,#3173,#3174));
#635=EDGE_LOOP('',(#3175,#3176,#3177,#3178));
#636=EDGE_LOOP('',(#3179,#3180,#3181,#3182,#3183,#3184,#3185));
#637=EDGE_LOOP('',(#3186,#3187,#3188,#3189,#3190,#3191,#3192,#3193));
#638=EDGE_LOOP('',(#3194,#3195,#3196,#3197));
#639=EDGE_LOOP('',(#3198,#3199,#3200,#3201));
#640=EDGE_LOOP('',(#3202,#3203,#3204,#3205));
#641=EDGE_LOOP('',(#3206,#3207,#3208,#3209));
#642=EDGE_LOOP('',(#3210,#3211,#3212,#3213));
#643=EDGE_LOOP('',(#3214,#3215,#3216,#3217,#3218,#3219,#3220,#3221));
#644=EDGE_LOOP('',(#3222,#3223,#3224,#3225));
#645=EDGE_LOOP('',(#3226,#3227,#3228,#3229,#3230));
#646=EDGE_LOOP('',(#3231,#3232,#3233,#3234,#3235));
#647=EDGE_LOOP('',(#3236,#3237,#3238,#3239));
#648=EDGE_LOOP('',(#3240,#3241,#3242,#3243));
#649=EDGE_LOOP('',(#3244,#3245,#3246,#3247));
#650=EDGE_LOOP('',(#3248,#3249,#3250,#3251,#3252));
#651=EDGE_LOOP('',(#3253,#3254,#3255,#3256,#3257));
#652=EDGE_LOOP('',(#3258,#3259,#3260,#3261));
#653=EDGE_LOOP('',(#3262,#3263,#3264,#3265,#3266,#3267,#3268,#3269,#3270));
#654=EDGE_LOOP('',(#3271,#3272,#3273,#3274));
#655=EDGE_LOOP('',(#3275,#3276,#3277,#3278));
#656=EDGE_LOOP('',(#3279,#3280,#3281,#3282));
#657=EDGE_LOOP('',(#3283,#3284,#3285,#3286));
#658=EDGE_LOOP('',(#3287,#3288,#3289,#3290));
#659=EDGE_LOOP('',(#3291,#3292,#3293,#3294));
#660=EDGE_LOOP('',(#3295,#3296,#3297,#3298));
#661=EDGE_LOOP('',(#3299,#3300,#3301,#3302));
#662=EDGE_LOOP('',(#3303,#3304,#3305,#3306));
#663=EDGE_LOOP('',(#3307,#3308,#3309,#3310));
#664=EDGE_LOOP('',(#3311,#3312,#3313,#3314,#3315,#3316,#3317,#3318));
#665=EDGE_LOOP('',(#3319,#3320,#3321,#3322,#3323,#3324,#3325,#3326,#3327,
#3328));
#666=EDGE_LOOP('',(#3329,#3330,#3331,#3332));
#667=LINE('',#4816,#946);
#668=LINE('',#4819,#947);
#669=LINE('',#4822,#948);
#670=LINE('',#4826,#949);
#671=LINE('',#4827,#950);
#672=LINE('',#4831,#951);
#673=LINE('',#4832,#952);
#674=LINE('',#4836,#953);
#675=LINE('',#4838,#954);
#676=LINE('',#4842,#955);
#677=LINE('',#4844,#956);
#678=LINE('',#4847,#957);
#679=LINE('',#4853,#958);
#680=LINE('',#4856,#959);
#681=LINE('',#4859,#960);
#682=LINE('',#4863,#961);
#683=LINE('',#4864,#962);
#684=LINE('',#4867,#963);
#685=LINE('',#4869,#964);
#686=LINE('',#4871,#965);
#687=LINE('',#4875,#966);
#688=LINE('',#4886,#967);
#689=LINE('',#4890,#968);
#690=LINE('',#4894,#969);
#691=LINE('',#4898,#970);
#692=LINE('',#4899,#971);
#693=LINE('',#4904,#972);
#694=LINE('',#4906,#973);
#695=LINE('',#4907,#974);
#696=LINE('',#4937,#975);
#697=LINE('',#4941,#976);
#698=LINE('',#4945,#977);
#699=LINE('',#4948,#978);
#700=LINE('',#4951,#979);
#701=LINE('',#4955,#980);
#702=LINE('',#4960,#981);
#703=LINE('',#4962,#982);
#704=LINE('',#4964,#983);
#705=LINE('',#4965,#984);
#706=LINE('',#4968,#985);
#707=LINE('',#4970,#986);
#708=LINE('',#4971,#987);
#709=LINE('',#4975,#988);
#710=LINE('',#4977,#989);
#711=LINE('',#4979,#990);
#712=LINE('',#4980,#991);
#713=LINE('',#4983,#992);
#714=LINE('',#4985,#993);
#715=LINE('',#4986,#994);
#716=LINE('',#4989,#995);
#717=LINE('',#4991,#996);
#718=LINE('',#4992,#997);
#719=LINE('',#4995,#998);
#720=LINE('',#4997,#999);
#721=LINE('',#4998,#1000);
#722=LINE('',#5000,#1001);
#723=LINE('',#5001,#1002);
#724=LINE('',#5003,#1003);
#725=LINE('',#5006,#1004);
#726=LINE('',#5008,#1005);
#727=LINE('',#5010,#1006);
#728=LINE('',#5023,#1007);
#729=LINE('',#5025,#1008);
#730=LINE('',#5027,#1009);
#731=LINE('',#5029,#1010);
#732=LINE('',#5031,#1011);
#733=LINE('',#5035,#1012);
#734=LINE('',#5039,#1013);
#735=LINE('',#5041,#1014);
#736=LINE('',#5043,#1015);
#737=LINE('',#5045,#1016);
#738=LINE('',#5047,#1017);
#739=LINE('',#5058,#1018);
#740=LINE('',#5060,#1019);
#741=LINE('',#5062,#1020);
#742=LINE('',#5065,#1021);
#743=LINE('',#5082,#1022);
#744=LINE('',#5106,#1023);
#745=LINE('',#5110,#1024);
#746=LINE('',#5134,#1025);
#747=LINE('',#5136,#1026);
#748=LINE('',#5140,#1027);
#749=LINE('',#5142,#1028);
#750=LINE('',#5146,#1029);
#751=LINE('',#5148,#1030);
#752=LINE('',#5150,#1031);
#753=LINE('',#5153,#1032);
#754=LINE('',#5166,#1033);
#755=LINE('',#5168,#1034);
#756=LINE('',#5169,#1035);
#757=LINE('',#5171,#1036);
#758=LINE('',#5172,#1037);
#759=LINE('',#5204,#1038);
#760=LINE('',#5207,#1039);
#761=LINE('',#5251,#1040);
#762=LINE('',#5253,#1041);
#763=LINE('',#5257,#1042);
#764=LINE('',#5259,#1043);
#765=LINE('',#5275,#1044);
#766=LINE('',#5277,#1045);
#767=LINE('',#5281,#1046);
#768=LINE('',#5283,#1047);
#769=LINE('',#5287,#1048);
#770=LINE('',#5289,#1049);
#771=LINE('',#5291,#1050);
#772=LINE('',#5292,#1051);
#773=LINE('',#5295,#1052);
#774=LINE('',#5296,#1053);
#775=LINE('',#5299,#1054);
#776=LINE('',#5303,#1055);
#777=LINE('',#5304,#1056);
#778=LINE('',#5306,#1057);
#779=LINE('',#5319,#1058);
#780=LINE('',#5378,#1059);
#781=LINE('',#5381,#1060);
#782=LINE('',#5386,#1061);
#783=LINE('',#5389,#1062);
#784=LINE('',#5391,#1063);
#785=LINE('',#5403,#1064);
#786=LINE('',#5404,#1065);
#787=LINE('',#5407,#1066);
#788=LINE('',#5408,#1067);
#789=LINE('',#5411,#1068);
#790=LINE('',#5424,#1069);
#791=LINE('',#5427,#1070);
#792=LINE('',#5428,#1071);
#793=LINE('',#5435,#1072);
#794=LINE('',#5441,#1073);
#795=LINE('',#5574,#1074);
#796=LINE('',#5575,#1075);
#797=LINE('',#5586,#1076);
#798=LINE('',#5588,#1077);
#799=LINE('',#5590,#1078);
#800=LINE('',#5591,#1079);
#801=LINE('',#5615,#1080);
#802=LINE('',#5631,#1081);
#803=LINE('',#5642,#1082);
#804=LINE('',#5646,#1083);
#805=LINE('',#5649,#1084);
#806=LINE('',#5705,#1085);
#807=LINE('',#5707,#1086);
#808=LINE('',#5709,#1087);
#809=LINE('',#5739,#1088);
#810=LINE('',#5759,#1089);
#811=LINE('',#5762,#1090);
#812=LINE('',#5764,#1091);
#813=LINE('',#5766,#1092);
#814=LINE('',#5768,#1093);
#815=LINE('',#5770,#1094);
#816=LINE('',#5772,#1095);
#817=LINE('',#5774,#1096);
#818=LINE('',#5781,#1097);
#819=LINE('',#5787,#1098);
#820=LINE('',#5789,#1099);
#821=LINE('',#5790,#1100);
#822=LINE('',#5793,#1101);
#823=LINE('',#5799,#1102);
#824=LINE('',#5801,#1103);
#825=LINE('',#5802,#1104);
#826=LINE('',#5805,#1105);
#827=LINE('',#5806,#1106);
#828=LINE('',#5809,#1107);
#829=LINE('',#5811,#1108);
#830=LINE('',#5815,#1109);
#831=LINE('',#5820,#1110);
#832=LINE('',#5821,#1111);
#833=LINE('',#5823,#1112);
#834=LINE('',#5825,#1113);
#835=LINE('',#5827,#1114);
#836=LINE('',#5830,#1115);
#837=LINE('',#5857,#1116);
#838=LINE('',#5859,#1117);
#839=LINE('',#5861,#1118);
#840=LINE('',#5862,#1119);
#841=LINE('',#5865,#1120);
#842=LINE('',#5866,#1121);
#843=LINE('',#5868,#1122);
#844=LINE('',#5870,#1123);
#845=LINE('',#5872,#1124);
#846=LINE('',#5873,#1125);
#847=LINE('',#5877,#1126);
#848=LINE('',#5880,#1127);
#849=LINE('',#5882,#1128);
#850=LINE('',#5883,#1129);
#851=LINE('',#5888,#1130);
#852=LINE('',#5889,#1131);
#853=LINE('',#5892,#1132);
#854=LINE('',#5893,#1133);
#855=LINE('',#5910,#1134);
#856=LINE('',#6020,#1135);
#857=LINE('',#6052,#1136);
#858=LINE('',#6053,#1137);
#859=LINE('',#6054,#1138);
#860=LINE('',#6057,#1139);
#861=LINE('',#6060,#1140);
#862=LINE('',#6107,#1141);
#863=LINE('',#6109,#1142);
#864=LINE('',#6173,#1143);
#865=LINE('',#6175,#1144);
#866=LINE('',#6201,#1145);
#867=LINE('',#6202,#1146);
#868=LINE('',#6220,#1147);
#869=LINE('',#6324,#1148);
#870=LINE('',#6387,#1149);
#871=LINE('',#6418,#1150);
#872=LINE('',#6422,#1151);
#873=LINE('',#6424,#1152);
#874=LINE('',#6426,#1153);
#875=LINE('',#6430,#1154);
#876=LINE('',#6432,#1155);
#877=LINE('',#6433,#1156);
#878=LINE('',#6436,#1157);
#879=LINE('',#6440,#1158);
#880=LINE('',#6477,#1159);
#881=LINE('',#6615,#1160);
#882=LINE('',#6616,#1161);
#883=LINE('',#6618,#1162);
#884=LINE('',#6620,#1163);
#885=LINE('',#6688,#1164);
#886=LINE('',#6689,#1165);
#887=LINE('',#6760,#1166);
#888=LINE('',#6761,#1167);
#889=LINE('',#6762,#1168);
#890=LINE('',#6824,#1169);
#891=LINE('',#6825,#1170);
#892=LINE('',#6826,#1171);
#893=LINE('',#6828,#1172);
#894=LINE('',#6831,#1173);
#895=LINE('',#6836,#1174);
#896=LINE('',#6838,#1175);
#897=LINE('',#6840,#1176);
#898=LINE('',#6868,#1177);
#899=LINE('',#6870,#1178);
#900=LINE('',#6871,#1179);
#901=LINE('',#6876,#1180);
#902=LINE('',#6892,#1181);
#903=LINE('',#6899,#1182);
#904=LINE('',#6901,#1183);
#905=LINE('',#6909,#1184);
#906=LINE('',#6911,#1185);
#907=LINE('',#6913,#1186);
#908=LINE('',#6929,#1187);
#909=LINE('',#6931,#1188);
#910=LINE('',#6933,#1189);
#911=LINE('',#6935,#1190);
#912=LINE('',#6961,#1191);
#913=LINE('',#7009,#1192);
#914=LINE('',#7014,#1193);
#915=LINE('',#7017,#1194);
#916=LINE('',#7020,#1195);
#917=LINE('',#7021,#1196);
#918=LINE('',#7039,#1197);
#919=LINE('',#7054,#1198);
#920=LINE('',#7060,#1199);
#921=LINE('',#7062,#1200);
#922=LINE('',#7066,#1201);
#923=LINE('',#7068,#1202);
#924=LINE('',#7069,#1203);
#925=LINE('',#7071,#1204);
#926=LINE('',#7074,#1205);
#927=LINE('',#7075,#1206);
#928=LINE('',#7077,#1207);
#929=LINE('',#7081,#1208);
#930=LINE('',#7083,#1209);
#931=LINE('',#7084,#1210);
#932=LINE('',#7086,#1211);
#933=LINE('',#7089,#1212);
#934=LINE('',#7090,#1213);
#935=LINE('',#7092,#1214);
#936=LINE('',#7103,#1215);
#937=LINE('',#7115,#1216);
#938=LINE('',#7118,#1217);
#939=LINE('',#7121,#1218);
#940=LINE('',#7122,#1219);
#941=LINE('',#7124,#1220);
#942=LINE('',#7128,#1221);
#943=LINE('',#7129,#1222);
#944=LINE('',#7132,#1223);
#945=LINE('',#7134,#1224);
#946=VECTOR('',#3903,10.);
#947=VECTOR('',#3906,10.);
#948=VECTOR('',#3909,10.);
#949=VECTOR('',#3912,10.);
#950=VECTOR('',#3913,10.);
#951=VECTOR('',#3916,10.);
#952=VECTOR('',#3917,10.);
#953=VECTOR('',#3922,10.);
#954=VECTOR('',#3923,10.);
#955=VECTOR('',#3928,10.);
#956=VECTOR('',#3929,10.);
#957=VECTOR('',#3932,10.);
#958=VECTOR('',#3937,10.);
#959=VECTOR('',#3940,10.);
#960=VECTOR('',#3943,10.);
#961=VECTOR('',#3946,10.);
#962=VECTOR('',#3947,10.);
#963=VECTOR('',#3950,10.);
#964=VECTOR('',#3951,10.);
#965=VECTOR('',#3952,10.);
#966=VECTOR('',#3957,10.);
#967=VECTOR('',#3970,10.);
#968=VECTOR('',#3973,10.);
#969=VECTOR('',#3978,10.);
#970=VECTOR('',#3981,10.);
#971=VECTOR('',#3982,10.);
#972=VECTOR('',#3987,10.);
#973=VECTOR('',#3988,10.);
#974=VECTOR('',#3989,10.);
#975=VECTOR('',#4010,10.);
#976=VECTOR('',#4013,10.);
#977=VECTOR('',#4016,10.);
#978=VECTOR('',#4019,10.);
#979=VECTOR('',#4020,10.);
#980=VECTOR('',#4023,10.);
#981=VECTOR('',#4028,10.);
#982=VECTOR('',#4029,10.);
#983=VECTOR('',#4030,10.);
#984=VECTOR('',#4031,10.);
#985=VECTOR('',#4034,10.);
#986=VECTOR('',#4035,10.);
#987=VECTOR('',#4036,10.);
#988=VECTOR('',#4039,10.);
#989=VECTOR('',#4040,10.);
#990=VECTOR('',#4041,10.);
#991=VECTOR('',#4042,10.);
#992=VECTOR('',#4045,10.);
#993=VECTOR('',#4046,10.);
#994=VECTOR('',#4047,10.);
#995=VECTOR('',#4050,10.);
#996=VECTOR('',#4051,10.);
#997=VECTOR('',#4052,10.);
#998=VECTOR('',#4055,10.);
#999=VECTOR('',#4056,10.);
#1000=VECTOR('',#4057,10.);
#1001=VECTOR('',#4060,10.);
#1002=VECTOR('',#4061,10.);
#1003=VECTOR('',#4064,10.);
#1004=VECTOR('',#4067,10.);
#1005=VECTOR('',#4068,10.);
#1006=VECTOR('',#4069,10.);
#1007=VECTOR('',#4070,10.);
#1008=VECTOR('',#4071,10.);
#1009=VECTOR('',#4072,10.);
#1010=VECTOR('',#4073,10.);
#1011=VECTOR('',#4074,10.);
#1012=VECTOR('',#4077,10.);
#1013=VECTOR('',#4080,10.);
#1014=VECTOR('',#4081,10.);
#1015=VECTOR('',#4082,10.);
#1016=VECTOR('',#4083,10.);
#1017=VECTOR('',#4084,10.);
#1018=VECTOR('',#4085,10.);
#1019=VECTOR('',#4086,10.);
#1020=VECTOR('',#4087,10.);
#1021=VECTOR('',#4090,10.);
#1022=VECTOR('',#4097,10.);
#1023=VECTOR('',#4108,10.);
#1024=VECTOR('',#4111,10.);
#1025=VECTOR('',#4116,10.);
#1026=VECTOR('',#4117,10.);
#1027=VECTOR('',#4120,10.);
#1028=VECTOR('',#4121,10.);
#1029=VECTOR('',#4124,10.);
#1030=VECTOR('',#4125,10.);
#1031=VECTOR('',#4126,10.);
#1032=VECTOR('',#4129,10.);
#1033=VECTOR('',#4136,10.);
#1034=VECTOR('',#4137,10.);
#1035=VECTOR('',#4138,10.);
#1036=VECTOR('',#4141,10.);
#1037=VECTOR('',#4142,10.);
#1038=VECTOR('',#4147,10.);
#1039=VECTOR('',#4150,10.);
#1040=VECTOR('',#4163,10.);
#1041=VECTOR('',#4164,10.);
#1042=VECTOR('',#4167,10.);
#1043=VECTOR('',#4168,10.);
#1044=VECTOR('',#4175,10.);
#1045=VECTOR('',#4176,10.);
#1046=VECTOR('',#4179,10.);
#1047=VECTOR('',#4180,10.);
#1048=VECTOR('',#4185,10.);
#1049=VECTOR('',#4186,10.);
#1050=VECTOR('',#4187,10.);
#1051=VECTOR('',#4188,10.);
#1052=VECTOR('',#4191,10.);
#1053=VECTOR('',#4192,10.);
#1054=VECTOR('',#4195,10.);
#1055=VECTOR('',#4198,10.);
#1056=VECTOR('',#4199,10.);
#1057=VECTOR('',#4200,10.);
#1058=VECTOR('',#4203,10.);
#1059=VECTOR('',#4204,10.);
#1060=VECTOR('',#4207,10.);
#1061=VECTOR('',#4214,10.);
#1062=VECTOR('',#4217,10.);
#1063=VECTOR('',#4218,10.);
#1064=VECTOR('',#4221,10.);
#1065=VECTOR('',#4222,10.);
#1066=VECTOR('',#4225,10.);
#1067=VECTOR('',#4226,10.);
#1068=VECTOR('',#4229,10.);
#1069=VECTOR('',#4244,10.);
#1070=VECTOR('',#4247,10.);
#1071=VECTOR('',#4248,10.);
#1072=VECTOR('',#4251,10.);
#1073=VECTOR('',#4258,1.15);
#1074=VECTOR('',#4259,10.);
#1075=VECTOR('',#4260,10.);
#1076=VECTOR('',#4273,10.);
#1077=VECTOR('',#4274,10.);
#1078=VECTOR('',#4275,10.);
#1079=VECTOR('',#4276,10.);
#1080=VECTOR('',#4279,10.);
#1081=VECTOR('',#4280,10.);
#1082=VECTOR('',#4291,10.);
#1083=VECTOR('',#4296,10.);
#1084=VECTOR('',#4299,10.);
#1085=VECTOR('',#4312,10.);
#1086=VECTOR('',#4315,10.);
#1087=VECTOR('',#4318,10.);
#1088=VECTOR('',#4319,10.);
#1089=VECTOR('',#4320,10.);
#1090=VECTOR('',#4323,10.);
#1091=VECTOR('',#4324,10.);
#1092=VECTOR('',#4325,10.);
#1093=VECTOR('',#4326,10.);
#1094=VECTOR('',#4327,10.);
#1095=VECTOR('',#4328,10.);
#1096=VECTOR('',#4329,10.);
#1097=VECTOR('',#4330,10.);
#1098=VECTOR('',#4331,10.);
#1099=VECTOR('',#4332,10.);
#1100=VECTOR('',#4333,10.);
#1101=VECTOR('',#4336,10.);
#1102=VECTOR('',#4345,10.);
#1103=VECTOR('',#4346,10.);
#1104=VECTOR('',#4347,10.);
#1105=VECTOR('',#4350,10.);
#1106=VECTOR('',#4351,10.);
#1107=VECTOR('',#4354,10.);
#1108=VECTOR('',#4355,10.);
#1109=VECTOR('',#4360,10.);
#1110=VECTOR('',#4367,1.15);
#1111=VECTOR('',#4368,1.15);
#1112=VECTOR('',#4371,10.);
#1113=VECTOR('',#4374,10.);
#1114=VECTOR('',#4377,10.);
#1115=VECTOR('',#4380,1.15);
#1116=VECTOR('',#4385,10.);
#1117=VECTOR('',#4386,10.);
#1118=VECTOR('',#4387,10.);
#1119=VECTOR('',#4388,10.);
#1120=VECTOR('',#4391,10.);
#1121=VECTOR('',#4392,10.);
#1122=VECTOR('',#4393,10.);
#1123=VECTOR('',#4394,10.);
#1124=VECTOR('',#4395,10.);
#1125=VECTOR('',#4396,10.);
#1126=VECTOR('',#4401,10.);
#1127=VECTOR('',#4404,10.);
#1128=VECTOR('',#4407,10.);
#1129=VECTOR('',#4408,10.);
#1130=VECTOR('',#4415,10.);
#1131=VECTOR('',#4416,10.);
#1132=VECTOR('',#4419,10.);
#1133=VECTOR('',#4420,10.);
#1134=VECTOR('',#4425,10.);
#1135=VECTOR('',#4452,10.);
#1136=VECTOR('',#4461,10.);
#1137=VECTOR('',#4462,10.);
#1138=VECTOR('',#4463,10.);
#1139=VECTOR('',#4466,10.);
#1140=VECTOR('',#4469,10.);
#1141=VECTOR('',#4476,10.);
#1142=VECTOR('',#4479,10.);
#1143=VECTOR('',#4484,10.);
#1144=VECTOR('',#4487,10.);
#1145=VECTOR('',#4488,10.);
#1146=VECTOR('',#4489,10.);
#1147=VECTOR('',#4492,10.);
#1148=VECTOR('',#4501,10.);
#1149=VECTOR('',#4514,10.);
#1150=VECTOR('',#4517,10.);
#1151=VECTOR('',#4520,10.);
#1152=VECTOR('',#4521,10.);
#1153=VECTOR('',#4522,10.);
#1154=VECTOR('',#4525,10.);
#1155=VECTOR('',#4526,10.);
#1156=VECTOR('',#4527,10.);
#1157=VECTOR('',#4528,10.);
#1158=VECTOR('',#4531,10.);
#1159=VECTOR('',#4534,10.);
#1160=VECTOR('',#4543,10.);
#1161=VECTOR('',#4544,10.);
#1162=VECTOR('',#4545,10.);
#1163=VECTOR('',#4546,10.);
#1164=VECTOR('',#4549,10.);
#1165=VECTOR('',#4550,10.);
#1166=VECTOR('',#4553,10.);
#1167=VECTOR('',#4554,10.);
#1168=VECTOR('',#4555,10.);
#1169=VECTOR('',#4558,10.);
#1170=VECTOR('',#4559,10.);
#1171=VECTOR('',#4560,10.);
#1172=VECTOR('',#4563,10.);
#1173=VECTOR('',#4568,10.);
#1174=VECTOR('',#4573,10.);
#1175=VECTOR('',#4574,10.);
#1176=VECTOR('',#4575,10.);
#1177=VECTOR('',#4586,10.);
#1178=VECTOR('',#4587,10.);
#1179=VECTOR('',#4588,10.);
#1180=VECTOR('',#4593,10.);
#1181=VECTOR('',#4614,10.);
#1182=VECTOR('',#4617,10.);
#1183=VECTOR('',#4618,10.);
#1184=VECTOR('',#4621,10.);
#1185=VECTOR('',#4622,10.);
#1186=VECTOR('',#4623,10.);
#1187=VECTOR('',#4632,10.);
#1188=VECTOR('',#4635,10.);
#1189=VECTOR('',#4638,10.);
#1190=VECTOR('',#4641,1.5);
#1191=VECTOR('',#4660,10.);
#1192=VECTOR('',#4667,10.);
#1193=VECTOR('',#4674,10.);
#1194=VECTOR('',#4677,10.);
#1195=VECTOR('',#4680,10.);
#1196=VECTOR('',#4681,10.);
#1197=VECTOR('',#4684,10.);
#1198=VECTOR('',#4697,10.);
#1199=VECTOR('',#4706,10.);
#1200=VECTOR('',#4709,10.);
#1201=VECTOR('',#4714,10.);
#1202=VECTOR('',#4715,10.);
#1203=VECTOR('',#4716,10.);
#1204=VECTOR('',#4719,10.);
#1205=VECTOR('',#4722,10.);
#1206=VECTOR('',#4723,10.);
#1207=VECTOR('',#4726,10.);
#1208=VECTOR('',#4731,10.);
#1209=VECTOR('',#4732,10.);
#1210=VECTOR('',#4733,10.);
#1211=VECTOR('',#4736,10.);
#1212=VECTOR('',#4739,10.);
#1213=VECTOR('',#4740,10.);
#1214=VECTOR('',#4743,10.);
#1215=VECTOR('',#4760,10.);
#1216=VECTOR('',#4773,10.);
#1217=VECTOR('',#4776,10.);
#1218=VECTOR('',#4779,10.);
#1219=VECTOR('',#4780,10.);
#1220=VECTOR('',#4783,10.);
#1221=VECTOR('',#4788,10.);
#1222=VECTOR('',#4789,10.);
#1223=VECTOR('',#4792,10.);
#1224=VECTOR('',#4793,10.);
#1225=CIRCLE('',#3582,6.7);
#1226=CIRCLE('',#3583,6.7);
#1227=CIRCLE('',#3585,1.5);
#1228=CIRCLE('',#3587,9.);
#1229=CIRCLE('',#3591,1.5);
#1230=CIRCLE('',#3593,6.7);
#1231=CIRCLE('',#3594,6.7);
#1232=CIRCLE('',#3598,1.5);
#1233=CIRCLE('',#3600,9.);
#1234=CIRCLE('',#3602,9.);
#1235=CIRCLE('',#3603,1.5);
#1236=CIRCLE('',#3604,7.5);
#1237=CIRCLE('',#3606,6.125);
#1238=CIRCLE('',#3607,6.125);
#1239=CIRCLE('',#3609,1.5);
#1240=CIRCLE('',#3611,1.5);
#1241=CIRCLE('',#3613,8.5);
#1242=CIRCLE('',#3615,7.);
#1243=CIRCLE('',#3616,8.5);
#1244=CIRCLE('',#3618,8.5);
#1245=CIRCLE('',#3619,1.5);
#1246=CIRCLE('',#3620,7.);
#1247=CIRCLE('',#3622,8.5);
#1248=CIRCLE('',#3623,8.5);
#1249=CIRCLE('',#3624,8.5);
#1250=CIRCLE('',#3625,8.5);
#1251=CIRCLE('',#3626,8.5);
#1252=CIRCLE('',#3638,1.99999999999983);
#1253=CIRCLE('',#3640,9.5);
#1254=CIRCLE('',#3642,1.5);
#1255=CIRCLE('',#3643,1.5);
#1256=CIRCLE('',#3645,9.5);
#1257=CIRCLE('',#3647,0.999999999749441);
#1258=CIRCLE('',#3648,1.15);
#1259=CIRCLE('',#3649,1.15);
#1260=CIRCLE('',#3650,9.);
#1261=CIRCLE('',#3651,1.15);
#1262=CIRCLE('',#3652,1.15);
#1263=CIRCLE('',#3654,9.5);
#1264=CIRCLE('',#3657,1.5);
#1265=CIRCLE('',#3661,7.);
#1266=CIRCLE('',#3662,1.5);
#1267=CIRCLE('',#3663,1.5);
#1268=CIRCLE('',#3665,8.);
#1269=CIRCLE('',#3666,4.12500000002226);
#1270=CIRCLE('',#3667,8.);
#1271=CIRCLE('',#3669,8.);
#1272=CIRCLE('',#3670,4.12500000002226);
#1273=CIRCLE('',#3671,8.);
#1274=CIRCLE('',#3675,1.15);
#1275=CIRCLE('',#3676,0.999999999749441);
#1276=CIRCLE('',#3678,8.);
#1277=CIRCLE('',#3680,8.);
#1278=CIRCLE('',#3685,4.12500000002226);
#1279=CIRCLE('',#3687,4.12500000002226);
#1280=CIRCLE('',#3689,4.12500000002226);
#1281=CIRCLE('',#3691,8.);
#1282=CIRCLE('',#3695,1.15);
#1283=CIRCLE('',#3698,1.15);
#1284=CIRCLE('',#3700,1.15);
#1285=CIRCLE('',#3705,1.15);
#1286=CIRCLE('',#3706,1.9);
#1287=CIRCLE('',#3707,1.15);
#1288=CIRCLE('',#3708,1.15);
#1289=CIRCLE('',#3709,1.9);
#1290=CIRCLE('',#3711,1.9);
#1291=CIRCLE('',#3713,3.1);
#1292=CIRCLE('',#3715,3.1);
#1293=CIRCLE('',#3722,9.);
#1294=CIRCLE('',#3724,1.15);
#1295=CIRCLE('',#3728,1.15);
#1296=CIRCLE('',#3729,9.);
#1297=CIRCLE('',#3730,1.15);
#1298=CIRCLE('',#3731,1.15);
#1299=CIRCLE('',#3733,1.15);
#1300=CIRCLE('',#3737,1.15);
#1301=CIRCLE('',#3739,1.99999999999983);
#1302=CIRCLE('',#3742,1.99999999999963);
#1303=CIRCLE('',#3744,1.99999999999963);
#1304=CIRCLE('',#3749,1.5);
#1305=CIRCLE('',#3751,1.5);
#1306=CIRCLE('',#3752,6.5);
#1307=CIRCLE('',#3753,8.);
#1308=CIRCLE('',#3754,7.96969384566991);
#1309=CIRCLE('',#3756,9.5);
#1310=CIRCLE('',#3757,1.5);
#1311=CIRCLE('',#3759,1.5);
#1312=CIRCLE('',#3760,6.5);
#1313=CIRCLE('',#3761,7.96969384566991);
#1314=CIRCLE('',#3764,9.5);
#1315=CIRCLE('',#3765,9.5);
#1316=CIRCLE('',#3768,3.49999999998024);
#1317=CIRCLE('',#3770,1.5);
#1318=CIRCLE('',#3772,1.5);
#1319=CIRCLE('',#3773,1.5);
#1320=CIRCLE('',#3777,1.5);
#1321=CIRCLE('',#3780,1.5);
#1322=CIRCLE('',#3782,7.5);
#1323=CIRCLE('',#3783,1.5);
#1324=CIRCLE('',#3784,9.);
#1325=CIRCLE('',#3786,1.5);
#1326=CIRCLE('',#3788,1.5);
#1327=CIRCLE('',#3789,1.5);
#1328=CIRCLE('',#3790,3.1);
#1329=CIRCLE('',#3791,3.1);
#1330=CIRCLE('',#3793,9.5);
#1331=CIRCLE('',#3794,1.5);
#1332=CIRCLE('',#3805,1.5);
#1333=CIRCLE('',#3806,1.5);
#1334=CIRCLE('',#3807,2.);
#1335=CIRCLE('',#3810,9.25);
#1336=CIRCLE('',#3811,9.25);
#1337=CIRCLE('',#3813,8.25);
#1338=CIRCLE('',#3814,2.);
#1339=CIRCLE('',#3815,9.25);
#1340=CIRCLE('',#3816,2.49866560398947);
#1341=CIRCLE('',#3817,9.);
#1342=CIRCLE('',#3818,9.25);
#1343=CIRCLE('',#3820,8.25);
#1344=CIRCLE('',#3824,1.5);
#1345=CIRCLE('',#3826,9.25);
#1346=CIRCLE('',#3830,1.5);
#1347=CIRCLE('',#3831,1.5);
#1348=CIRCLE('',#3833,9.25);
#1349=CIRCLE('',#3834,2.49866560398947);
#1350=CIRCLE('',#3840,1.9);
#1351=CIRCLE('',#3843,1.9);
#1352=CIRCLE('',#3845,1.9);
#1353=CIRCLE('',#3849,3.1);
#1354=CIRCLE('',#3850,1.9);
#1355=CIRCLE('',#3852,3.1);
#1356=CIRCLE('',#3857,1.9);
#1357=CIRCLE('',#3874,3.49999999998024);
#1358=CIRCLE('',#3878,3.49999999998024);
#1359=CIRCLE('',#3880,3.49999999998024);
#1360=CIRCLE('',#3891,4.12500000002226);
#1361=CIRCLE('',#3893,4.12500000002226);
#1362=CIRCLE('',#3894,4.12500000002226);
#1363=VERTEX_POINT('',#4812);
#1364=VERTEX_POINT('',#4813);
#1365=VERTEX_POINT('',#4815);
#1366=VERTEX_POINT('',#4817);
#1367=VERTEX_POINT('',#4821);
#1368=VERTEX_POINT('',#4823);
#1369=VERTEX_POINT('',#4825);
#1370=VERTEX_POINT('',#4829);
#1371=VERTEX_POINT('',#4830);
#1372=VERTEX_POINT('',#4835);
#1373=VERTEX_POINT('',#4837);
#1374=VERTEX_POINT('',#4841);
#1375=VERTEX_POINT('',#4843);
#1376=VERTEX_POINT('',#4845);
#1377=VERTEX_POINT('',#4849);
#1378=VERTEX_POINT('',#4850);
#1379=VERTEX_POINT('',#4852);
#1380=VERTEX_POINT('',#4854);
#1381=VERTEX_POINT('',#4858);
#1382=VERTEX_POINT('',#4860);
#1383=VERTEX_POINT('',#4862);
#1384=VERTEX_POINT('',#4866);
#1385=VERTEX_POINT('',#4868);
#1386=VERTEX_POINT('',#4870);
#1387=VERTEX_POINT('',#4874);
#1388=VERTEX_POINT('',#4878);
#1389=VERTEX_POINT('',#4880);
#1390=VERTEX_POINT('',#4884);
#1391=VERTEX_POINT('',#4885);
#1392=VERTEX_POINT('',#4887);
#1393=VERTEX_POINT('',#4889);
#1394=VERTEX_POINT('',#4893);
#1395=VERTEX_POINT('',#4895);
#1396=VERTEX_POINT('',#4897);
#1397=VERTEX_POINT('',#4901);
#1398=VERTEX_POINT('',#4902);
#1399=VERTEX_POINT('',#4905);
#1400=VERTEX_POINT('',#4911);
#1401=VERTEX_POINT('',#4913);
#1402=VERTEX_POINT('',#4930);
#1403=VERTEX_POINT('',#4932);
#1404=VERTEX_POINT('',#4936);
#1405=VERTEX_POINT('',#4938);
#1406=VERTEX_POINT('',#4940);
#1407=VERTEX_POINT('',#4942);
#1408=VERTEX_POINT('',#4944);
#1409=VERTEX_POINT('',#4946);
#1410=VERTEX_POINT('',#4949);
#1411=VERTEX_POINT('',#4950);
#1412=VERTEX_POINT('',#4952);
#1413=VERTEX_POINT('',#4954);
#1414=VERTEX_POINT('',#4958);
#1415=VERTEX_POINT('',#4959);
#1416=VERTEX_POINT('',#4961);
#1417=VERTEX_POINT('',#4963);
#1418=VERTEX_POINT('',#4967);
#1419=VERTEX_POINT('',#4969);
#1420=VERTEX_POINT('',#4973);
#1421=VERTEX_POINT('',#4974);
#1422=VERTEX_POINT('',#4976);
#1423=VERTEX_POINT('',#4978);
#1424=VERTEX_POINT('',#4982);
#1425=VERTEX_POINT('',#4984);
#1426=VERTEX_POINT('',#4988);
#1427=VERTEX_POINT('',#4990);
#1428=VERTEX_POINT('',#4994);
#1429=VERTEX_POINT('',#4996);
#1430=VERTEX_POINT('',#5005);
#1431=VERTEX_POINT('',#5007);
#1432=VERTEX_POINT('',#5009);
#1433=VERTEX_POINT('',#5011);
#1434=VERTEX_POINT('',#5022);
#1435=VERTEX_POINT('',#5024);
#1436=VERTEX_POINT('',#5026);
#1437=VERTEX_POINT('',#5028);
#1438=VERTEX_POINT('',#5030);
#1439=VERTEX_POINT('',#5032);
#1440=VERTEX_POINT('',#5034);
#1441=VERTEX_POINT('',#5036);
#1442=VERTEX_POINT('',#5038);
#1443=VERTEX_POINT('',#5040);
#1444=VERTEX_POINT('',#5042);
#1445=VERTEX_POINT('',#5044);
#1446=VERTEX_POINT('',#5046);
#1447=VERTEX_POINT('',#5057);
#1448=VERTEX_POINT('',#5059);
#1449=VERTEX_POINT('',#5061);
#1450=VERTEX_POINT('',#5063);
#1451=VERTEX_POINT('',#5067);
#1452=VERTEX_POINT('',#5071);
#1453=VERTEX_POINT('',#5075);
#1454=VERTEX_POINT('',#5081);
#1455=VERTEX_POINT('',#5083);
#1456=VERTEX_POINT('',#5085);
#1457=VERTEX_POINT('',#5095);
#1458=VERTEX_POINT('',#5099);
#1459=VERTEX_POINT('',#5105);
#1460=VERTEX_POINT('',#5107);
#1461=VERTEX_POINT('',#5109);
#1462=VERTEX_POINT('',#5111);
#1463=VERTEX_POINT('',#5122);
#1464=VERTEX_POINT('',#5129);
#1465=VERTEX_POINT('',#5131);
#1466=VERTEX_POINT('',#5133);
#1467=VERTEX_POINT('',#5135);
#1468=VERTEX_POINT('',#5137);
#1469=VERTEX_POINT('',#5139);
#1470=VERTEX_POINT('',#5141);
#1471=VERTEX_POINT('',#5143);
#1472=VERTEX_POINT('',#5145);
#1473=VERTEX_POINT('',#5147);
#1474=VERTEX_POINT('',#5149);
#1475=VERTEX_POINT('',#5151);
#1476=VERTEX_POINT('',#5155);
#1477=VERTEX_POINT('',#5159);
#1478=VERTEX_POINT('',#5165);
#1479=VERTEX_POINT('',#5167);
#1480=VERTEX_POINT('',#5188);
#1481=VERTEX_POINT('',#5206);
#1482=VERTEX_POINT('',#5223);
#1483=VERTEX_POINT('',#5241);
#1484=VERTEX_POINT('',#5248);
#1485=VERTEX_POINT('',#5250);
#1486=VERTEX_POINT('',#5252);
#1487=VERTEX_POINT('',#5254);
#1488=VERTEX_POINT('',#5256);
#1489=VERTEX_POINT('',#5258);
#1490=VERTEX_POINT('',#5260);
#1491=VERTEX_POINT('',#5267);
#1492=VERTEX_POINT('',#5272);
#1493=VERTEX_POINT('',#5274);
#1494=VERTEX_POINT('',#5276);
#1495=VERTEX_POINT('',#5278);
#1496=VERTEX_POINT('',#5280);
#1497=VERTEX_POINT('',#5282);
#1498=VERTEX_POINT('',#5286);
#1499=VERTEX_POINT('',#5288);
#1500=VERTEX_POINT('',#5290);
#1501=VERTEX_POINT('',#5294);
#1502=VERTEX_POINT('',#5298);
#1503=VERTEX_POINT('',#5300);
#1504=VERTEX_POINT('',#5302);
#1505=VERTEX_POINT('',#5305);
#1506=VERTEX_POINT('',#5318);
#1507=VERTEX_POINT('',#5320);
#1508=VERTEX_POINT('',#5325);
#1509=VERTEX_POINT('',#5330);
#1510=VERTEX_POINT('',#5335);
#1511=VERTEX_POINT('',#5340);
#1512=VERTEX_POINT('',#5346);
#1513=VERTEX_POINT('',#5353);
#1514=VERTEX_POINT('',#5358);
#1515=VERTEX_POINT('',#5363);
#1516=VERTEX_POINT('',#5368);
#1517=VERTEX_POINT('',#5373);
#1518=VERTEX_POINT('',#5380);
#1519=VERTEX_POINT('',#5384);
#1520=VERTEX_POINT('',#5388);
#1521=VERTEX_POINT('',#5390);
#1522=VERTEX_POINT('',#5397);
#1523=VERTEX_POINT('',#5402);
#1524=VERTEX_POINT('',#5406);
#1525=VERTEX_POINT('',#5410);
#1526=VERTEX_POINT('',#5412);
#1527=VERTEX_POINT('',#5414);
#1528=VERTEX_POINT('',#5416);
#1529=VERTEX_POINT('',#5418);
#1530=VERTEX_POINT('',#5422);
#1531=VERTEX_POINT('',#5426);
#1532=VERTEX_POINT('',#5430);
#1533=VERTEX_POINT('',#5437);
#1534=VERTEX_POINT('',#5440);
#1535=VERTEX_POINT('',#5442);
#1536=VERTEX_POINT('',#5577);
#1537=VERTEX_POINT('',#5580);
#1538=VERTEX_POINT('',#5584);
#1539=VERTEX_POINT('',#5585);
#1540=VERTEX_POINT('',#5587);
#1541=VERTEX_POINT('',#5589);
#1542=VERTEX_POINT('',#5593);
#1543=VERTEX_POINT('',#5594);
#1544=VERTEX_POINT('',#5605);
#1545=VERTEX_POINT('',#5614);
#1546=VERTEX_POINT('',#5616);
#1547=VERTEX_POINT('',#5633);
#1548=VERTEX_POINT('',#5635);
#1549=VERTEX_POINT('',#5637);
#1550=VERTEX_POINT('',#5639);
#1551=VERTEX_POINT('',#5641);
#1552=VERTEX_POINT('',#5645);
#1553=VERTEX_POINT('',#5647);
#1554=VERTEX_POINT('',#5651);
#1555=VERTEX_POINT('',#5662);
#1556=VERTEX_POINT('',#5679);
#1557=VERTEX_POINT('',#5730);
#1558=VERTEX_POINT('',#5752);
#1559=VERTEX_POINT('',#5761);
#1560=VERTEX_POINT('',#5763);
#1561=VERTEX_POINT('',#5765);
#1562=VERTEX_POINT('',#5767);
#1563=VERTEX_POINT('',#5769);
#1564=VERTEX_POINT('',#5771);
#1565=VERTEX_POINT('',#5773);
#1566=VERTEX_POINT('',#5775);
#1567=VERTEX_POINT('',#5780);
#1568=VERTEX_POINT('',#5782);
#1569=VERTEX_POINT('',#5788);
#1570=VERTEX_POINT('',#5792);
#1571=VERTEX_POINT('',#5798);
#1572=VERTEX_POINT('',#5800);
#1573=VERTEX_POINT('',#5804);
#1574=VERTEX_POINT('',#5808);
#1575=VERTEX_POINT('',#5810);
#1576=VERTEX_POINT('',#5813);
#1577=VERTEX_POINT('',#5816);
#1578=VERTEX_POINT('',#5829);
#1579=VERTEX_POINT('',#5831);
#1580=VERTEX_POINT('',#5837);
#1581=VERTEX_POINT('',#5858);
#1582=VERTEX_POINT('',#5860);
#1583=VERTEX_POINT('',#5864);
#1584=VERTEX_POINT('',#5867);
#1585=VERTEX_POINT('',#5869);
#1586=VERTEX_POINT('',#5871);
#1587=VERTEX_POINT('',#5876);
#1588=VERTEX_POINT('',#5878);
#1589=VERTEX_POINT('',#5887);
#1590=VERTEX_POINT('',#5891);
#1591=VERTEX_POINT('',#5895);
#1592=VERTEX_POINT('',#5908);
#1593=VERTEX_POINT('',#5912);
#1594=VERTEX_POINT('',#5915);
#1595=VERTEX_POINT('',#5917);
#1596=VERTEX_POINT('',#5943);
#1597=VERTEX_POINT('',#5982);
#1598=VERTEX_POINT('',#5995);
#1599=VERTEX_POINT('',#6002);
#1600=VERTEX_POINT('',#6007);
#1601=VERTEX_POINT('',#6022);
#1602=VERTEX_POINT('',#6035);
#1603=VERTEX_POINT('',#6051);
#1604=VERTEX_POINT('',#6056);
#1605=VERTEX_POINT('',#6058);
#1606=VERTEX_POINT('',#6086);
#1607=VERTEX_POINT('',#6099);
#1608=VERTEX_POINT('',#6106);
#1609=VERTEX_POINT('',#6160);
#1610=VERTEX_POINT('',#6184);
#1611=VERTEX_POINT('',#6189);
#1612=VERTEX_POINT('',#6194);
#1613=VERTEX_POINT('',#6204);
#1614=VERTEX_POINT('',#6215);
#1615=VERTEX_POINT('',#6289);
#1616=VERTEX_POINT('',#6309);
#1617=VERTEX_POINT('',#6311);
#1618=VERTEX_POINT('',#6380);
#1619=VERTEX_POINT('',#6385);
#1620=VERTEX_POINT('',#6417);
#1621=VERTEX_POINT('',#6419);
#1622=VERTEX_POINT('',#6421);
#1623=VERTEX_POINT('',#6423);
#1624=VERTEX_POINT('',#6425);
#1625=VERTEX_POINT('',#6427);
#1626=VERTEX_POINT('',#6429);
#1627=VERTEX_POINT('',#6431);
#1628=VERTEX_POINT('',#6434);
#1629=VERTEX_POINT('',#6435);
#1630=VERTEX_POINT('',#6437);
#1631=VERTEX_POINT('',#6439);
#1632=VERTEX_POINT('',#6450);
#1633=VERTEX_POINT('',#6458);
#1634=VERTEX_POINT('',#6476);
#1635=VERTEX_POINT('',#6484);
#1636=VERTEX_POINT('',#6568);
#1637=VERTEX_POINT('',#6569);
#1638=VERTEX_POINT('',#6580);
#1639=VERTEX_POINT('',#6585);
#1640=VERTEX_POINT('',#6598);
#1641=VERTEX_POINT('',#6614);
#1642=VERTEX_POINT('',#6617);
#1643=VERTEX_POINT('',#6619);
#1644=VERTEX_POINT('',#6654);
#1645=VERTEX_POINT('',#6665);
#1646=VERTEX_POINT('',#6670);
#1647=VERTEX_POINT('',#6710);
#1648=VERTEX_POINT('',#6711);
#1649=VERTEX_POINT('',#6725);
#1650=VERTEX_POINT('',#6736);
#1651=VERTEX_POINT('',#6741);
#1652=VERTEX_POINT('',#6759);
#1653=VERTEX_POINT('',#6783);
#1654=VERTEX_POINT('',#6794);
#1655=VERTEX_POINT('',#6807);
#1656=VERTEX_POINT('',#6823);
#1657=VERTEX_POINT('',#6834);
#1658=VERTEX_POINT('',#6835);
#1659=VERTEX_POINT('',#6837);
#1660=VERTEX_POINT('',#6839);
#1661=VERTEX_POINT('',#6846);
#1662=VERTEX_POINT('',#6848);
#1663=VERTEX_POINT('',#6850);
#1664=VERTEX_POINT('',#6855);
#1665=VERTEX_POINT('',#6860);
#1666=VERTEX_POINT('',#6867);
#1667=VERTEX_POINT('',#6869);
#1668=VERTEX_POINT('',#6873);
#1669=VERTEX_POINT('',#6875);
#1670=VERTEX_POINT('',#6879);
#1671=VERTEX_POINT('',#6881);
#1672=VERTEX_POINT('',#6883);
#1673=VERTEX_POINT('',#6889);
#1674=VERTEX_POINT('',#6891);
#1675=VERTEX_POINT('',#6898);
#1676=VERTEX_POINT('',#6900);
#1677=VERTEX_POINT('',#6907);
#1678=VERTEX_POINT('',#6908);
#1679=VERTEX_POINT('',#6910);
#1680=VERTEX_POINT('',#6912);
#1681=VERTEX_POINT('',#6927);
#1682=VERTEX_POINT('',#6945);
#1683=VERTEX_POINT('',#6960);
#1684=VERTEX_POINT('',#6977);
#1685=VERTEX_POINT('',#6994);
#1686=VERTEX_POINT('',#7013);
#1687=VERTEX_POINT('',#7015);
#1688=VERTEX_POINT('',#7019);
#1689=VERTEX_POINT('',#7023);
#1690=VERTEX_POINT('',#7038);
#1691=VERTEX_POINT('',#7058);
#1692=VERTEX_POINT('',#7065);
#1693=VERTEX_POINT('',#7067);
#1694=VERTEX_POINT('',#7073);
#1695=VERTEX_POINT('',#7080);
#1696=VERTEX_POINT('',#7082);
#1697=VERTEX_POINT('',#7088);
#1698=VERTEX_POINT('',#7097);
#1699=VERTEX_POINT('',#7099);
#1700=VERTEX_POINT('',#7105);
#1701=VERTEX_POINT('',#7106);
#1702=VERTEX_POINT('',#7108);
#1703=VERTEX_POINT('',#7110);
#1704=VERTEX_POINT('',#7114);
#1705=VERTEX_POINT('',#7116);
#1706=VERTEX_POINT('',#7120);
#1707=VERTEX_POINT('',#7127);
#1708=VERTEX_POINT('',#7131);
#1709=VERTEX_POINT('',#7133);
#1710=EDGE_CURVE('',#1363,#1364,#1225,.T.);
#1711=EDGE_CURVE('',#1363,#1365,#667,.T.);
#1712=EDGE_CURVE('',#1366,#1365,#1226,.T.);
#1713=EDGE_CURVE('',#1364,#1366,#668,.T.);
#1714=EDGE_CURVE('',#1367,#1363,#669,.T.);
#1715=EDGE_CURVE('',#1368,#1367,#1227,.T.);
#1716=EDGE_CURVE('',#1368,#1369,#670,.T.);
#1717=EDGE_CURVE('',#1365,#1369,#671,.T.);
#1718=EDGE_CURVE('',#1370,#1371,#672,.T.);
#1719=EDGE_CURVE('',#1371,#1366,#673,.T.);
#1720=EDGE_CURVE('',#1369,#1370,#1228,.T.);
#1721=EDGE_CURVE('',#1364,#1372,#674,.T.);
#1722=EDGE_CURVE('',#1373,#1371,#675,.T.);
#1723=EDGE_CURVE('',#1372,#1373,#173,.T.);
#1724=EDGE_CURVE('',#1373,#1374,#676,.T.);
#1725=EDGE_CURVE('',#1374,#1375,#677,.T.);
#1726=EDGE_CURVE('',#1376,#1375,#1229,.T.);
#1727=EDGE_CURVE('',#1376,#1372,#678,.T.);
#1728=EDGE_CURVE('',#1377,#1378,#1230,.T.);
#1729=EDGE_CURVE('',#1377,#1379,#679,.T.);
#1730=EDGE_CURVE('',#1380,#1379,#1231,.T.);
#1731=EDGE_CURVE('',#1380,#1378,#680,.T.);
#1732=EDGE_CURVE('',#1381,#1377,#681,.T.);
#1733=EDGE_CURVE('',#1382,#1381,#174,.T.);
#1734=EDGE_CURVE('',#1382,#1383,#682,.T.);
#1735=EDGE_CURVE('',#1379,#1383,#683,.T.);
#1736=EDGE_CURVE('',#1378,#1384,#684,.T.);
#1737=EDGE_CURVE('',#1385,#1380,#685,.T.);
#1738=EDGE_CURVE('',#1386,#1385,#686,.T.);
#1739=EDGE_CURVE('',#1384,#1386,#1232,.T.);
#1740=EDGE_CURVE('',#1383,#1387,#687,.T.);
#1741=EDGE_CURVE('',#1387,#1385,#1233,.T.);
#1742=EDGE_CURVE('',#1386,#1388,#1234,.T.);
#1743=EDGE_CURVE('',#1388,#1389,#1235,.T.);
#1744=EDGE_CURVE('',#1389,#1384,#1236,.T.);
#1745=EDGE_CURVE('',#1390,#1391,#688,.T.);
#1746=EDGE_CURVE('',#1392,#1391,#1237,.T.);
#1747=EDGE_CURVE('',#1393,#1392,#689,.T.);
#1748=EDGE_CURVE('',#1393,#1390,#1238,.T.);
#1749=EDGE_CURVE('',#1394,#1392,#690,.T.);
#1750=EDGE_CURVE('',#1395,#1394,#1239,.T.);
#1751=EDGE_CURVE('',#1396,#1395,#691,.T.);
#1752=EDGE_CURVE('',#1393,#1396,#692,.T.);
#1753=EDGE_CURVE('',#1397,#1398,#1240,.T.);
#1754=EDGE_CURVE('',#1391,#1397,#693,.T.);
#1755=EDGE_CURVE('',#1390,#1399,#694,.T.);
#1756=EDGE_CURVE('',#1398,#1399,#695,.T.);
#1757=EDGE_CURVE('',#1399,#1396,#1241,.T.);
#1758=EDGE_CURVE('',#1394,#1400,#1242,.T.);
#1759=EDGE_CURVE('',#1400,#1401,#61,.T.);
#1760=EDGE_CURVE('',#1401,#1395,#1243,.T.);
#1761=EDGE_CURVE('',#1398,#1402,#1244,.T.);
#1762=EDGE_CURVE('',#1402,#1403,#1245,.T.);
#1763=EDGE_CURVE('',#1403,#1397,#1246,.T.);
#1764=EDGE_CURVE('',#1404,#1401,#696,.T.);
#1765=EDGE_CURVE('',#1405,#1404,#1247,.T.);
#1766=EDGE_CURVE('',#1405,#1406,#697,.T.);
#1767=EDGE_CURVE('',#1407,#1406,#1248,.T.);
#1768=EDGE_CURVE('',#1408,#1407,#698,.T.);
#1769=EDGE_CURVE('',#1409,#1408,#1249,.T.);
#1770=EDGE_CURVE('',#1409,#1402,#699,.T.);
#1771=EDGE_CURVE('',#1410,#1411,#700,.T.);
#1772=EDGE_CURVE('',#1412,#1410,#1250,.T.);
#1773=EDGE_CURVE('',#1413,#1412,#701,.T.);
#1774=EDGE_CURVE('',#1411,#1413,#1251,.T.);
#1775=EDGE_CURVE('',#1414,#1415,#702,.T.);
#1776=EDGE_CURVE('',#1414,#1416,#703,.T.);
#1777=EDGE_CURVE('',#1417,#1416,#704,.T.);
#1778=EDGE_CURVE('',#1415,#1417,#705,.T.);
#1779=EDGE_CURVE('',#1417,#1418,#706,.T.);
#1780=EDGE_CURVE('',#1416,#1419,#707,.T.);
#1781=EDGE_CURVE('',#1418,#1419,#708,.T.);
#1782=EDGE_CURVE('',#1420,#1421,#709,.T.);
#1783=EDGE_CURVE('',#1422,#1420,#710,.T.);
#1784=EDGE_CURVE('',#1422,#1423,#711,.T.);
#1785=EDGE_CURVE('',#1423,#1421,#712,.T.);
#1786=EDGE_CURVE('',#1424,#1422,#713,.T.);
#1787=EDGE_CURVE('',#1424,#1425,#714,.T.);
#1788=EDGE_CURVE('',#1425,#1423,#715,.T.);
#1789=EDGE_CURVE('',#1426,#1424,#716,.T.);
#1790=EDGE_CURVE('',#1426,#1427,#717,.T.);
#1791=EDGE_CURVE('',#1427,#1425,#718,.T.);
#1792=EDGE_CURVE('',#1428,#1426,#719,.T.);
#1793=EDGE_CURVE('',#1428,#1429,#720,.T.);
#1794=EDGE_CURVE('',#1429,#1427,#721,.T.);
#1795=EDGE_CURVE('',#1418,#1428,#722,.T.);
#1796=EDGE_CURVE('',#1419,#1429,#723,.T.);
#1797=EDGE_CURVE('',#1421,#1414,#724,.T.);
#1798=EDGE_CURVE('',#1420,#1430,#725,.T.);
#1799=EDGE_CURVE('',#1430,#1431,#726,.T.);
#1800=EDGE_CURVE('',#1431,#1432,#727,.T.);
#1801=EDGE_CURVE('',#1433,#1432,#62,.T.);
#1802=EDGE_CURVE('',#1434,#1433,#728,.T.);
#1803=EDGE_CURVE('',#1434,#1435,#729,.T.);
#1804=EDGE_CURVE('',#1436,#1435,#730,.T.);
#1805=EDGE_CURVE('',#1437,#1436,#731,.T.);
#1806=EDGE_CURVE('',#1437,#1438,#732,.T.);
#1807=EDGE_CURVE('',#1439,#1438,#175,.T.);
#1808=EDGE_CURVE('',#1439,#1440,#733,.T.);
#1809=EDGE_CURVE('',#1441,#1440,#176,.T.);
#1810=EDGE_CURVE('',#1441,#1442,#734,.T.);
#1811=EDGE_CURVE('',#1443,#1442,#735,.T.);
#1812=EDGE_CURVE('',#1444,#1443,#736,.T.);
#1813=EDGE_CURVE('',#1444,#1445,#737,.T.);
#1814=EDGE_CURVE('',#1446,#1445,#738,.T.);
#1815=EDGE_CURVE('',#1375,#1446,#63,.T.);
#1816=EDGE_CURVE('',#1375,#1447,#739,.T.);
#1817=EDGE_CURVE('',#1447,#1448,#740,.T.);
#1818=EDGE_CURVE('',#1448,#1449,#741,.T.);
#1819=EDGE_CURVE('',#1449,#1450,#1252,.T.);
#1820=EDGE_CURVE('',#1450,#1415,#742,.T.);
#1821=EDGE_CURVE('',#1406,#1451,#36,.T.);
#1822=EDGE_CURVE('',#1452,#1451,#37,.T.);
#1823=EDGE_CURVE('',#1452,#1453,#1253,.T.);
#1824=EDGE_CURVE('',#1453,#1407,#38,.F.);
#1825=EDGE_CURVE('',#1451,#1454,#743,.T.);
#1826=EDGE_CURVE('',#1405,#1455,#1254,.T.);
#1827=EDGE_CURVE('',#1456,#1455,#64,.T.);
#1828=EDGE_CURVE('',#1456,#1402,#1255,.T.);
#1829=EDGE_CURVE('',#1454,#1409,#39,.T.);
#1830=EDGE_CURVE('',#1408,#1457,#40,.F.);
#1831=EDGE_CURVE('',#1457,#1458,#1256,.T.);
#1832=EDGE_CURVE('',#1458,#1454,#41,.F.);
#1833=EDGE_CURVE('',#1459,#1457,#744,.T.);
#1834=EDGE_CURVE('',#1460,#1459,#1257,.T.);
#1835=EDGE_CURVE('',#1461,#1460,#745,.T.);
#1836=EDGE_CURVE('',#1462,#1461,#42,.T.);
#1837=EDGE_CURVE('',#1463,#1462,#43,.T.);
#1838=EDGE_CURVE('',#1463,#1464,#1258,.T.);
#1839=EDGE_CURVE('',#1464,#1465,#1259,.T.);
#1840=EDGE_CURVE('',#1466,#1465,#746,.T.);
#1841=EDGE_CURVE('',#1467,#1466,#747,.T.);
#1842=EDGE_CURVE('',#1468,#1467,#1260,.T.);
#1843=EDGE_CURVE('',#1469,#1468,#748,.T.);
#1844=EDGE_CURVE('',#1470,#1469,#749,.T.);
#1845=EDGE_CURVE('',#1470,#1471,#1261,.T.);
#1846=EDGE_CURVE('',#1472,#1471,#750,.T.);
#1847=EDGE_CURVE('',#1473,#1472,#751,.T.);
#1848=EDGE_CURVE('',#1474,#1473,#752,.T.);
#1849=EDGE_CURVE('',#1474,#1475,#1262,.T.);
#1850=EDGE_CURVE('',#1458,#1475,#753,.T.);
#1851=EDGE_CURVE('',#1413,#1476,#44,.F.);
#1852=EDGE_CURVE('',#1476,#1477,#1263,.T.);
#1853=EDGE_CURVE('',#1477,#1411,#45,.F.);
#1854=EDGE_CURVE('',#1478,#1476,#754,.T.);
#1855=EDGE_CURVE('',#1478,#1479,#755,.T.);
#1856=EDGE_CURVE('',#1477,#1479,#756,.T.);
#1857=EDGE_CURVE('',#1400,#1441,#757,.T.);
#1858=EDGE_CURVE('',#1440,#1401,#758,.T.);
#1859=EDGE_CURVE('',#1480,#1456,#65,.F.);
#1860=EDGE_CURVE('',#1480,#1403,#1264,.T.);
#1861=EDGE_CURVE('',#1404,#1439,#759,.T.);
#1862=EDGE_CURVE('',#1438,#1481,#760,.T.);
#1863=EDGE_CURVE('',#1481,#1404,#66,.T.);
#1864=EDGE_CURVE('',#1481,#1482,#1265,.T.);
#1865=EDGE_CURVE('',#1482,#1405,#1266,.T.);
#1866=EDGE_CURVE('',#1482,#1483,#1267,.T.);
#1867=EDGE_CURVE('',#1483,#1455,#67,.T.);
#1868=EDGE_CURVE('',#1484,#1437,#1268,.T.);
#1869=EDGE_CURVE('',#1485,#1484,#761,.T.);
#1870=EDGE_CURVE('',#1486,#1485,#762,.T.);
#1871=EDGE_CURVE('',#1487,#1486,#1269,.T.);
#1872=EDGE_CURVE('',#1488,#1487,#763,.T.);
#1873=EDGE_CURVE('',#1489,#1488,#764,.T.);
#1874=EDGE_CURVE('',#1490,#1489,#1270,.T.);
#1875=EDGE_CURVE('',#1483,#1490,#68,.T.);
#1876=EDGE_CURVE('',#1491,#1480,#69,.T.);
#1877=EDGE_CURVE('',#1492,#1491,#1271,.T.);
#1878=EDGE_CURVE('',#1493,#1492,#765,.T.);
#1879=EDGE_CURVE('',#1494,#1493,#766,.T.);
#1880=EDGE_CURVE('',#1495,#1494,#1272,.T.);
#1881=EDGE_CURVE('',#1496,#1495,#767,.T.);
#1882=EDGE_CURVE('',#1497,#1496,#768,.T.);
#1883=EDGE_CURVE('',#1442,#1497,#1273,.T.);
#1884=EDGE_CURVE('',#1412,#1498,#769,.T.);
#1885=EDGE_CURVE('',#1499,#1498,#770,.T.);
#1886=EDGE_CURVE('',#1499,#1500,#771,.T.);
#1887=EDGE_CURVE('',#1500,#1478,#772,.T.);
#1888=EDGE_CURVE('',#1501,#1453,#773,.T.);
#1889=EDGE_CURVE('',#1501,#1459,#774,.T.);
#1890=EDGE_CURVE('',#1452,#1502,#775,.T.);
#1891=EDGE_CURVE('',#1502,#1503,#1274,.T.);
#1892=EDGE_CURVE('',#1504,#1503,#776,.T.);
#1893=EDGE_CURVE('',#1479,#1504,#777,.T.);
#1894=EDGE_CURVE('',#1505,#1479,#778,.T.);
#1895=EDGE_CURVE('',#1505,#1501,#1275,.T.);
#1896=EDGE_CURVE('',#1506,#1490,#779,.T.);
#1897=EDGE_CURVE('',#1507,#1506,#70,.T.);
#1898=EDGE_CURVE('',#1507,#1508,#71,.T.);
#1899=EDGE_CURVE('',#1509,#1508,#72,.T.);
#1900=EDGE_CURVE('',#1510,#1509,#73,.T.);
#1901=EDGE_CURVE('',#1511,#1510,#74,.T.);
#1902=EDGE_CURVE('',#1511,#1512,#75,.T.);
#1903=EDGE_CURVE('',#1513,#1512,#76,.T.);
#1904=EDGE_CURVE('',#1514,#1513,#77,.T.);
#1905=EDGE_CURVE('',#1515,#1514,#78,.T.);
#1906=EDGE_CURVE('',#1515,#1516,#79,.T.);
#1907=EDGE_CURVE('',#1517,#1516,#80,.T.);
#1908=EDGE_CURVE('',#1491,#1517,#780,.T.);
#1909=EDGE_CURVE('',#1489,#1518,#781,.T.);
#1910=EDGE_CURVE('',#1506,#1518,#1276,.T.);
#1911=EDGE_CURVE('',#1519,#1517,#1277,.T.);
#1912=EDGE_CURVE('',#1519,#1492,#782,.T.);
#1913=EDGE_CURVE('',#1488,#1520,#783,.T.);
#1914=EDGE_CURVE('',#1520,#1521,#784,.T.);
#1915=EDGE_CURVE('',#1518,#1521,#81,.T.);
#1916=EDGE_CURVE('',#1522,#1519,#82,.T.);
#1917=EDGE_CURVE('',#1523,#1522,#785,.T.);
#1918=EDGE_CURVE('',#1523,#1493,#786,.T.);
#1919=EDGE_CURVE('',#1487,#1524,#787,.T.);
#1920=EDGE_CURVE('',#1520,#1524,#788,.T.);
#1921=EDGE_CURVE('',#1486,#1525,#789,.T.);
#1922=EDGE_CURVE('',#1526,#1525,#1278,.T.);
#1923=EDGE_CURVE('',#1526,#1527,#177,.T.);
#1924=EDGE_CURVE('',#1527,#1528,#1279,.T.);
#1925=EDGE_CURVE('',#1528,#1529,#178,.T.);
#1926=EDGE_CURVE('',#1524,#1529,#1280,.T.);
#1927=EDGE_CURVE('',#1530,#1436,#1281,.T.);
#1928=EDGE_CURVE('',#1484,#1530,#790,.T.);
#1929=EDGE_CURVE('',#1531,#1485,#791,.T.);
#1930=EDGE_CURVE('',#1525,#1531,#792,.T.);
#1931=EDGE_CURVE('',#1532,#1530,#83,.T.);
#1932=EDGE_CURVE('',#1532,#1531,#793,.T.);
#1933=EDGE_CURVE('',#1533,#1533,#1282,.T.);
#1934=EDGE_CURVE('',#1533,#1534,#794,.T.);
#1935=EDGE_CURVE('',#1535,#1534,#84,.T.);
#1936=EDGE_CURVE('',#1534,#1535,#85,.T.);
#1937=EDGE_CURVE('',#1475,#1502,#795,.T.);
#1938=EDGE_CURVE('',#1503,#1474,#796,.T.);
#1939=EDGE_CURVE('',#1536,#1536,#1283,.T.);
#1940=EDGE_CURVE('',#1537,#1537,#1284,.T.);
#1941=EDGE_CURVE('',#1538,#1539,#797,.T.);
#1942=EDGE_CURVE('',#1540,#1539,#798,.T.);
#1943=EDGE_CURVE('',#1541,#1540,#799,.T.);
#1944=EDGE_CURVE('',#1538,#1541,#800,.T.);
#1945=EDGE_CURVE('',#1542,#1543,#86,.T.);
#1946=EDGE_CURVE('',#1543,#1544,#87,.T.);
#1947=EDGE_CURVE('',#1544,#1545,#801,.T.);
#1948=EDGE_CURVE('',#1546,#1545,#88,.T.);
#1949=EDGE_CURVE('',#1546,#1542,#802,.T.);
#1950=EDGE_CURVE('',#1539,#1547,#1285,.T.);
#1951=EDGE_CURVE('',#1547,#1548,#1286,.T.);
#1952=EDGE_CURVE('',#1548,#1549,#1287,.T.);
#1953=EDGE_CURVE('',#1549,#1550,#1288,.T.);
#1954=EDGE_CURVE('',#1550,#1551,#803,.T.);
#1955=EDGE_CURVE('',#1551,#1540,#1289,.T.);
#1956=EDGE_CURVE('',#1547,#1552,#804,.T.);
#1957=EDGE_CURVE('',#1553,#1552,#1290,.T.);
#1958=EDGE_CURVE('',#1553,#1548,#805,.T.);
#1959=EDGE_CURVE('',#1543,#1554,#89,.T.);
#1960=EDGE_CURVE('',#1554,#1544,#1291,.T.);
#1961=EDGE_CURVE('',#1552,#1555,#90,.T.);
#1962=EDGE_CURVE('',#1555,#1556,#1292,.T.);
#1963=EDGE_CURVE('',#1556,#1553,#91,.T.);
#1964=EDGE_CURVE('',#1478,#1500,#46,.T.);
#1965=EDGE_CURVE('',#1504,#1473,#806,.T.);
#1966=EDGE_CURVE('',#1505,#1460,#807,.T.);
#1967=EDGE_CURVE('',#1478,#1461,#808,.T.);
#1968=EDGE_CURVE('',#1557,#1500,#47,.T.);
#1969=EDGE_CURVE('',#1557,#1462,#809,.T.);
#1970=EDGE_CURVE('',#1558,#1557,#48,.T.);
#1971=EDGE_CURVE('',#1558,#1463,#810,.T.);
#1972=EDGE_CURVE('',#1559,#1469,#811,.T.);
#1973=EDGE_CURVE('',#1560,#1468,#812,.T.);
#1974=EDGE_CURVE('',#1560,#1561,#813,.T.);
#1975=EDGE_CURVE('',#1561,#1562,#814,.T.);
#1976=EDGE_CURVE('',#1562,#1563,#815,.T.);
#1977=EDGE_CURVE('',#1564,#1563,#816,.T.);
#1978=EDGE_CURVE('',#1565,#1564,#817,.T.);
#1979=EDGE_CURVE('',#1566,#1565,#92,.T.);
#1980=EDGE_CURVE('',#1566,#1567,#818,.T.);
#1981=EDGE_CURVE('',#1568,#1567,#93,.T.);
#1982=EDGE_CURVE('',#1388,#1568,#819,.T.);
#1983=EDGE_CURVE('',#1569,#1388,#820,.T.);
#1984=EDGE_CURVE('',#1569,#1559,#821,.T.);
#1985=EDGE_CURVE('',#1570,#1467,#822,.T.);
#1986=EDGE_CURVE('',#1570,#1560,#1293,.T.);
#1987=EDGE_CURVE('',#1499,#1558,#1294,.T.);
#1988=EDGE_CURVE('',#1466,#1571,#823,.T.);
#1989=EDGE_CURVE('',#1572,#1465,#824,.T.);
#1990=EDGE_CURVE('',#1572,#1571,#825,.T.);
#1991=EDGE_CURVE('',#1559,#1573,#826,.T.);
#1992=EDGE_CURVE('',#1573,#1470,#827,.T.);
#1993=EDGE_CURVE('',#1574,#1410,#828,.T.);
#1994=EDGE_CURVE('',#1575,#1574,#829,.T.);
#1995=EDGE_CURVE('',#1575,#1573,#1295,.T.);
#1996=EDGE_CURVE('',#1576,#1569,#1296,.T.);
#1997=EDGE_CURVE('',#1571,#1576,#830,.T.);
#1998=EDGE_CURVE('',#1572,#1577,#1297,.T.);
#1999=EDGE_CURVE('',#1577,#1498,#1298,.T.);
#2000=EDGE_CURVE('',#1537,#1464,#831,.T.);
#2001=EDGE_CURVE('',#1577,#1549,#832,.T.);
#2002=EDGE_CURVE('',#1554,#1556,#1299,.T.);
#2003=EDGE_CURVE('',#1550,#1542,#833,.T.);
#2004=EDGE_CURVE('',#1574,#1472,#834,.T.);
#2005=EDGE_CURVE('',#1575,#1471,#835,.T.);
#2006=EDGE_CURVE('',#1536,#1578,#836,.T.);
#2007=EDGE_CURVE('',#1579,#1578,#94,.T.);
#2008=EDGE_CURVE('',#1555,#1579,#1300,.T.);
#2009=EDGE_CURVE('',#1580,#1538,#95,.T.);
#2010=EDGE_CURVE('',#1578,#1580,#96,.T.);
#2011=EDGE_CURVE('',#1576,#1387,#837,.T.);
#2012=EDGE_CURVE('',#1581,#1382,#838,.T.);
#2013=EDGE_CURVE('',#1581,#1582,#839,.T.);
#2014=EDGE_CURVE('',#1582,#1450,#840,.T.);
#2015=EDGE_CURVE('',#1450,#1449,#1301,.T.);
#2016=EDGE_CURVE('',#1449,#1583,#841,.T.);
#2017=EDGE_CURVE('',#1583,#1374,#842,.T.);
#2018=EDGE_CURVE('',#1370,#1584,#843,.T.);
#2019=EDGE_CURVE('',#1584,#1585,#844,.T.);
#2020=EDGE_CURVE('',#1585,#1586,#845,.T.);
#2021=EDGE_CURVE('',#1586,#1570,#846,.T.);
#2022=EDGE_CURVE('',#1450,#1587,#847,.T.);
#2023=EDGE_CURVE('',#1587,#1588,#1302,.T.);
#2024=EDGE_CURVE('',#1449,#1588,#848,.T.);
#2025=EDGE_CURVE('',#1450,#1587,#849,.T.);
#2026=EDGE_CURVE('',#1449,#1588,#850,.T.);
#2027=EDGE_CURVE('',#1588,#1587,#1303,.T.);
#2028=EDGE_CURVE('',#1582,#1589,#851,.T.);
#2029=EDGE_CURVE('',#1589,#1587,#852,.T.);
#2030=EDGE_CURVE('',#1448,#1590,#853,.T.);
#2031=EDGE_CURVE('',#1590,#1588,#854,.T.);
#2032=EDGE_CURVE('',#1591,#1444,#97,.T.);
#2033=EDGE_CURVE('',#1443,#1592,#1304,.T.);
#2034=EDGE_CURVE('',#1592,#1591,#855,.T.);
#2035=EDGE_CURVE('',#1517,#1593,#1305,.T.);
#2036=EDGE_CURVE('',#1593,#1592,#1306,.T.);
#2037=EDGE_CURVE('',#1443,#1594,#1307,.T.);
#2038=EDGE_CURVE('',#1594,#1595,#98,.T.);
#2039=EDGE_CURVE('',#1595,#1522,#1308,.T.);
#2040=EDGE_CURVE('',#1516,#1596,#99,.T.);
#2041=EDGE_CURVE('',#1596,#1593,#100,.T.);
#2042=EDGE_CURVE('',#1596,#1591,#1309,.T.);
#2043=EDGE_CURVE('',#1597,#1507,#101,.T.);
#2044=EDGE_CURVE('',#1506,#1598,#1310,.T.);
#2045=EDGE_CURVE('',#1598,#1597,#102,.T.);
#2046=EDGE_CURVE('',#1436,#1599,#1311,.T.);
#2047=EDGE_CURVE('',#1599,#1598,#1312,.T.);
#2048=EDGE_CURVE('',#1521,#1532,#1313,.T.);
#2049=EDGE_CURVE('',#1435,#1600,#103,.T.);
#2050=EDGE_CURVE('',#1600,#1599,#856,.T.);
#2051=EDGE_CURVE('',#1601,#1434,#104,.F.);
#2052=EDGE_CURVE('',#1601,#1602,#1314,.T.);
#2053=EDGE_CURVE('',#1509,#1602,#105,.F.);
#2054=EDGE_CURVE('',#1600,#1597,#1315,.T.);
#2055=EDGE_CURVE('',#1496,#1603,#857,.T.);
#2056=EDGE_CURVE('',#1595,#1603,#858,.T.);
#2057=EDGE_CURVE('',#1594,#1497,#859,.T.);
#2058=EDGE_CURVE('',#1529,#1604,#860,.T.);
#2059=EDGE_CURVE('',#1604,#1605,#1316,.T.);
#2060=EDGE_CURVE('',#1605,#1526,#861,.T.);
#2061=EDGE_CURVE('',#1567,#1606,#106,.T.);
#2062=EDGE_CURVE('',#1606,#1607,#107,.T.);
#2063=EDGE_CURVE('',#1607,#1568,#1317,.T.);
#2064=EDGE_CURVE('',#1381,#1608,#862,.T.);
#2065=EDGE_CURVE('',#1608,#1432,#1318,.T.);
#2066=EDGE_CURVE('',#1432,#1581,#863,.T.);
#2067=EDGE_CURVE('',#1609,#1433,#1319,.T.);
#2068=EDGE_CURVE('',#1608,#1609,#108,.T.);
#2069=EDGE_CURVE('',#1609,#1601,#864,.T.);
#2070=EDGE_CURVE('',#1607,#1389,#865,.T.);
#2071=EDGE_CURVE('',#1606,#1610,#109,.T.);
#2072=EDGE_CURVE('',#1610,#1611,#110,.T.);
#2073=EDGE_CURVE('',#1612,#1611,#111,.T.);
#2074=EDGE_CURVE('',#1609,#1612,#866,.T.);
#2075=EDGE_CURVE('',#1607,#1608,#867,.T.);
#2076=EDGE_CURVE('',#1613,#1566,#112,.T.);
#2077=EDGE_CURVE('',#1614,#1613,#113,.T.);
#2078=EDGE_CURVE('',#1610,#1614,#868,.T.);
#2079=EDGE_CURVE('',#1602,#1612,#114,.T.);
#2080=EDGE_CURVE('',#1612,#1510,#1320,.T.);
#2081=EDGE_CURVE('',#1611,#1511,#115,.T.);
#2082=EDGE_CURVE('',#1615,#1614,#116,.T.);
#2083=EDGE_CURVE('',#1512,#1615,#117,.T.);
#2084=EDGE_CURVE('',#1616,#1446,#1321,.T.);
#2085=EDGE_CURVE('',#1445,#1617,#118,.F.);
#2086=EDGE_CURVE('',#1617,#1616,#869,.T.);
#2087=EDGE_CURVE('',#1616,#1376,#119,.T.);
#2088=EDGE_CURVE('',#1367,#1618,#1322,.T.);
#2089=EDGE_CURVE('',#1618,#1564,#1323,.T.);
#2090=EDGE_CURVE('',#1564,#1368,#1324,.T.);
#2091=EDGE_CURVE('',#1619,#1565,#1325,.T.);
#2092=EDGE_CURVE('',#1618,#1619,#870,.T.);
#2093=EDGE_CURVE('',#1619,#1613,#120,.T.);
#2094=EDGE_CURVE('',#1620,#1376,#871,.T.);
#2095=EDGE_CURVE('',#1620,#1621,#1326,.T.);
#2096=EDGE_CURVE('',#1621,#1622,#872,.T.);
#2097=EDGE_CURVE('',#1622,#1623,#873,.T.);
#2098=EDGE_CURVE('',#1623,#1624,#874,.T.);
#2099=EDGE_CURVE('',#1624,#1625,#1327,.T.);
#2100=EDGE_CURVE('',#1625,#1626,#875,.T.);
#2101=EDGE_CURVE('',#1626,#1627,#876,.T.);
#2102=EDGE_CURVE('',#1619,#1627,#877,.T.);
#2103=EDGE_CURVE('',#1628,#1629,#878,.T.);
#2104=EDGE_CURVE('',#1630,#1628,#1328,.T.);
#2105=EDGE_CURVE('',#1631,#1630,#879,.T.);
#2106=EDGE_CURVE('',#1629,#1631,#1329,.T.);
#2107=EDGE_CURVE('',#1627,#1632,#121,.T.);
#2108=EDGE_CURVE('',#1632,#1633,#122,.T.);
#2109=EDGE_CURVE('',#1633,#1620,#123,.T.);
#2110=EDGE_CURVE('',#1634,#1616,#880,.T.);
#2111=EDGE_CURVE('',#1615,#1634,#124,.T.);
#2112=EDGE_CURVE('',#1617,#1635,#1330,.T.);
#2113=EDGE_CURVE('',#1634,#1635,#125,.T.);
#2114=EDGE_CURVE('',#1634,#1513,#1331,.T.);
#2115=EDGE_CURVE('',#1635,#1514,#126,.F.);
#2116=EDGE_CURVE('',#1636,#1637,#127,.T.);
#2117=EDGE_CURVE('',#1638,#1636,#128,.T.);
#2118=EDGE_CURVE('',#1638,#1639,#129,.T.);
#2119=EDGE_CURVE('',#1639,#1640,#130,.T.);
#2120=EDGE_CURVE('',#1640,#1637,#131,.T.);
#2121=EDGE_CURVE('',#1637,#1641,#881,.T.);
#2122=EDGE_CURVE('',#1641,#1632,#882,.T.);
#2123=EDGE_CURVE('',#1642,#1626,#883,.T.);
#2124=EDGE_CURVE('',#1642,#1643,#884,.T.);
#2125=EDGE_CURVE('',#1643,#1636,#132,.T.);
#2126=EDGE_CURVE('',#1644,#1643,#133,.F.);
#2127=EDGE_CURVE('',#1644,#1645,#134,.T.);
#2128=EDGE_CURVE('',#1645,#1646,#135,.T.);
#2129=EDGE_CURVE('',#1646,#1638,#136,.T.);
#2130=EDGE_CURVE('',#1644,#1642,#885,.T.);
#2131=EDGE_CURVE('',#1645,#1625,#886,.T.);
#2132=EDGE_CURVE('',#1647,#1648,#137,.T.);
#2133=EDGE_CURVE('',#1649,#1647,#138,.F.);
#2134=EDGE_CURVE('',#1649,#1650,#139,.T.);
#2135=EDGE_CURVE('',#1650,#1651,#140,.T.);
#2136=EDGE_CURVE('',#1648,#1651,#141,.T.);
#2137=EDGE_CURVE('',#1649,#1652,#887,.T.);
#2138=EDGE_CURVE('',#1652,#1622,#888,.T.);
#2139=EDGE_CURVE('',#1650,#1621,#889,.T.);
#2140=EDGE_CURVE('',#1648,#1653,#142,.T.);
#2141=EDGE_CURVE('',#1651,#1654,#143,.T.);
#2142=EDGE_CURVE('',#1654,#1655,#144,.T.);
#2143=EDGE_CURVE('',#1655,#1653,#145,.T.);
#2144=EDGE_CURVE('',#1653,#1656,#890,.T.);
#2145=EDGE_CURVE('',#1623,#1656,#891,.T.);
#2146=EDGE_CURVE('',#1652,#1647,#892,.T.);
#2147=EDGE_CURVE('',#1656,#1655,#893,.T.);
#2148=EDGE_CURVE('',#1641,#1640,#894,.T.);
#2149=EDGE_CURVE('',#1657,#1658,#895,.T.);
#2150=EDGE_CURVE('',#1658,#1659,#896,.F.);
#2151=EDGE_CURVE('',#1659,#1660,#897,.T.);
#2152=EDGE_CURVE('',#1660,#1657,#146,.T.);
#2153=EDGE_CURVE('',#1660,#1661,#1332,.T.);
#2154=EDGE_CURVE('',#1661,#1662,#1333,.T.);
#2155=EDGE_CURVE('',#1662,#1663,#147,.T.);
#2156=EDGE_CURVE('',#1663,#1664,#148,.T.);
#2157=EDGE_CURVE('',#1664,#1665,#1334,.T.);
#2158=EDGE_CURVE('',#1665,#1657,#149,.T.);
#2159=EDGE_CURVE('',#1662,#1666,#898,.T.);
#2160=EDGE_CURVE('',#1666,#1667,#899,.F.);
#2161=EDGE_CURVE('',#1667,#1663,#900,.T.);
#2162=EDGE_CURVE('',#1665,#1668,#1335,.T.);
#2163=EDGE_CURVE('',#1668,#1669,#901,.T.);
#2164=EDGE_CURVE('',#1669,#1658,#1336,.T.);
#2165=EDGE_CURVE('',#1670,#1664,#1337,.T.);
#2166=EDGE_CURVE('',#1671,#1670,#1338,.T.);
#2167=EDGE_CURVE('',#1672,#1671,#1339,.T.);
#2168=EDGE_CURVE('',#1585,#1672,#1340,.T.);
#2169=EDGE_CURVE('',#1563,#1584,#1341,.T.);
#2170=EDGE_CURVE('',#1668,#1562,#1342,.T.);
#2171=EDGE_CURVE('',#1667,#1673,#1343,.T.);
#2172=EDGE_CURVE('',#1674,#1673,#902,.T.);
#2173=EDGE_CURVE('',#1670,#1674,#150,.T.);
#2174=EDGE_CURVE('',#1673,#1675,#903,.F.);
#2175=EDGE_CURVE('',#1675,#1676,#904,.T.);
#2176=EDGE_CURVE('',#1676,#1674,#151,.T.);
#2177=EDGE_CURVE('',#1677,#1678,#905,.T.);
#2178=EDGE_CURVE('',#1678,#1679,#906,.F.);
#2179=EDGE_CURVE('',#1679,#1680,#907,.T.);
#2180=EDGE_CURVE('',#1680,#1677,#152,.T.);
#2181=EDGE_CURVE('',#1676,#1677,#1344,.T.);
#2182=EDGE_CURVE('',#1680,#1671,#153,.T.);
#2183=EDGE_CURVE('',#1679,#1681,#1345,.T.);
#2184=EDGE_CURVE('',#1672,#1681,#908,.T.);
#2185=EDGE_CURVE('',#1633,#1639,#909,.T.);
#2186=EDGE_CURVE('',#1624,#1654,#910,.T.);
#2187=EDGE_CURVE('',#1646,#1661,#911,.T.);
#2188=EDGE_CURVE('',#1659,#1678,#1346,.T.);
#2189=EDGE_CURVE('',#1675,#1666,#1347,.T.);
#2190=EDGE_CURVE('',#1561,#1669,#1348,.T.);
#2191=EDGE_CURVE('',#1681,#1586,#1349,.T.);
#2192=EDGE_CURVE('',#1629,#1682,#154,.T.);
#2193=EDGE_CURVE('',#1682,#1683,#912,.T.);
#2194=EDGE_CURVE('',#1683,#1628,#155,.T.);
#2195=EDGE_CURVE('',#1631,#1684,#156,.T.);
#2196=EDGE_CURVE('',#1684,#1682,#1350,.T.);
#2197=EDGE_CURVE('',#1630,#1685,#157,.T.);
#2198=EDGE_CURVE('',#1685,#1684,#913,.T.);
#2199=EDGE_CURVE('',#1683,#1685,#1351,.T.);
#2200=EDGE_CURVE('',#1683,#1686,#914,.T.);
#2201=EDGE_CURVE('',#1687,#1686,#1352,.T.);
#2202=EDGE_CURVE('',#1687,#1685,#915,.T.);
#2203=EDGE_CURVE('',#1688,#1682,#916,.T.);
#2204=EDGE_CURVE('',#1686,#1688,#917,.T.);
#2205=EDGE_CURVE('',#1541,#1689,#158,.T.);
#2206=EDGE_CURVE('',#1689,#1690,#918,.T.);
#2207=EDGE_CURVE('',#1690,#1580,#159,.T.);
#2208=EDGE_CURVE('',#1545,#1689,#1353,.T.);
#2209=EDGE_CURVE('',#1541,#1546,#1354,.T.);
#2210=EDGE_CURVE('',#1690,#1579,#1355,.T.);
#2211=EDGE_CURVE('',#1546,#1551,#919,.T.);
#2212=EDGE_CURVE('',#1688,#1691,#1356,.T.);
#2213=EDGE_CURVE('',#1691,#1687,#920,.T.);
#2214=EDGE_CURVE('',#1691,#1684,#921,.T.);
#2215=EDGE_CURVE('',#1430,#1692,#922,.T.);
#2216=EDGE_CURVE('',#1692,#1693,#923,.T.);
#2217=EDGE_CURVE('',#1431,#1693,#924,.T.);
#2218=EDGE_CURVE('',#1587,#1692,#925,.T.);
#2219=EDGE_CURVE('',#1581,#1694,#926,.T.);
#2220=EDGE_CURVE('',#1694,#1589,#927,.T.);
#2221=EDGE_CURVE('',#1693,#1694,#928,.T.);
#2222=EDGE_CURVE('',#1583,#1695,#929,.T.);
#2223=EDGE_CURVE('',#1695,#1696,#930,.T.);
#2224=EDGE_CURVE('',#1374,#1696,#931,.T.);
#2225=EDGE_CURVE('',#1588,#1695,#932,.T.);
#2226=EDGE_CURVE('',#1447,#1697,#933,.T.);
#2227=EDGE_CURVE('',#1697,#1590,#934,.T.);
#2228=EDGE_CURVE('',#1696,#1697,#935,.T.);
#2229=EDGE_CURVE('',#1604,#1698,#179,.T.);
#2230=EDGE_CURVE('',#1698,#1699,#1357,.T.);
#2231=EDGE_CURVE('',#1699,#1605,#180,.T.);
#2232=EDGE_CURVE('',#1698,#1528,#936,.T.);
#2233=EDGE_CURVE('',#1700,#1701,#1358,.T.);
#2234=EDGE_CURVE('',#1702,#1700,#181,.T.);
#2235=EDGE_CURVE('',#1703,#1702,#1359,.T.);
#2236=EDGE_CURVE('',#1701,#1703,#182,.T.);
#2237=EDGE_CURVE('',#1704,#1700,#937,.T.);
#2238=EDGE_CURVE('',#1705,#1704,#183,.T.);
#2239=EDGE_CURVE('',#1705,#1702,#938,.T.);
#2240=EDGE_CURVE('',#1706,#1523,#939,.T.);
#2241=EDGE_CURVE('',#1706,#1494,#940,.T.);
#2242=EDGE_CURVE('',#1527,#1699,#941,.T.);
#2243=EDGE_CURVE('',#1707,#1495,#942,.T.);
#2244=EDGE_CURVE('',#1603,#1707,#943,.T.);
#2245=EDGE_CURVE('',#1701,#1708,#944,.T.);
#2246=EDGE_CURVE('',#1703,#1709,#945,.T.);
#2247=EDGE_CURVE('',#1708,#1709,#184,.T.);
#2248=EDGE_CURVE('',#1709,#1705,#1360,.T.);
#2249=EDGE_CURVE('',#1708,#1706,#1361,.T.);
#2250=EDGE_CURVE('',#1707,#1704,#1362,.T.);
#2251=ORIENTED_EDGE('',*,*,#1710,.F.);
#2252=ORIENTED_EDGE('',*,*,#1711,.T.);
#2253=ORIENTED_EDGE('',*,*,#1712,.F.);
#2254=ORIENTED_EDGE('',*,*,#1713,.F.);
#2255=ORIENTED_EDGE('',*,*,#1714,.F.);
#2256=ORIENTED_EDGE('',*,*,#1715,.F.);
#2257=ORIENTED_EDGE('',*,*,#1716,.T.);
#2258=ORIENTED_EDGE('',*,*,#1717,.F.);
#2259=ORIENTED_EDGE('',*,*,#1711,.F.);
#2260=ORIENTED_EDGE('',*,*,#1718,.T.);
#2261=ORIENTED_EDGE('',*,*,#1719,.T.);
#2262=ORIENTED_EDGE('',*,*,#1712,.T.);
#2263=ORIENTED_EDGE('',*,*,#1717,.T.);
#2264=ORIENTED_EDGE('',*,*,#1720,.T.);
#2265=ORIENTED_EDGE('',*,*,#1721,.F.);
#2266=ORIENTED_EDGE('',*,*,#1713,.T.);
#2267=ORIENTED_EDGE('',*,*,#1719,.F.);
#2268=ORIENTED_EDGE('',*,*,#1722,.F.);
#2269=ORIENTED_EDGE('',*,*,#1723,.F.);
#2270=ORIENTED_EDGE('',*,*,#1723,.T.);
#2271=ORIENTED_EDGE('',*,*,#1724,.T.);
#2272=ORIENTED_EDGE('',*,*,#1725,.T.);
#2273=ORIENTED_EDGE('',*,*,#1726,.F.);
#2274=ORIENTED_EDGE('',*,*,#1727,.T.);
#2275=ORIENTED_EDGE('',*,*,#1728,.F.);
#2276=ORIENTED_EDGE('',*,*,#1729,.T.);
#2277=ORIENTED_EDGE('',*,*,#1730,.F.);
#2278=ORIENTED_EDGE('',*,*,#1731,.T.);
#2279=ORIENTED_EDGE('',*,*,#1732,.F.);
#2280=ORIENTED_EDGE('',*,*,#1733,.F.);
#2281=ORIENTED_EDGE('',*,*,#1734,.T.);
#2282=ORIENTED_EDGE('',*,*,#1735,.F.);
#2283=ORIENTED_EDGE('',*,*,#1729,.F.);
#2284=ORIENTED_EDGE('',*,*,#1736,.F.);
#2285=ORIENTED_EDGE('',*,*,#1731,.F.);
#2286=ORIENTED_EDGE('',*,*,#1737,.F.);
#2287=ORIENTED_EDGE('',*,*,#1738,.F.);
#2288=ORIENTED_EDGE('',*,*,#1739,.F.);
#2289=ORIENTED_EDGE('',*,*,#1730,.T.);
#2290=ORIENTED_EDGE('',*,*,#1735,.T.);
#2291=ORIENTED_EDGE('',*,*,#1740,.T.);
#2292=ORIENTED_EDGE('',*,*,#1741,.T.);
#2293=ORIENTED_EDGE('',*,*,#1737,.T.);
#2294=ORIENTED_EDGE('',*,*,#1739,.T.);
#2295=ORIENTED_EDGE('',*,*,#1742,.T.);
#2296=ORIENTED_EDGE('',*,*,#1743,.T.);
#2297=ORIENTED_EDGE('',*,*,#1744,.T.);
#2298=ORIENTED_EDGE('',*,*,#1745,.T.);
#2299=ORIENTED_EDGE('',*,*,#1746,.F.);
#2300=ORIENTED_EDGE('',*,*,#1747,.F.);
#2301=ORIENTED_EDGE('',*,*,#1748,.T.);
#2302=ORIENTED_EDGE('',*,*,#1747,.T.);
#2303=ORIENTED_EDGE('',*,*,#1749,.F.);
#2304=ORIENTED_EDGE('',*,*,#1750,.F.);
#2305=ORIENTED_EDGE('',*,*,#1751,.F.);
#2306=ORIENTED_EDGE('',*,*,#1752,.F.);
#2307=ORIENTED_EDGE('',*,*,#1753,.F.);
#2308=ORIENTED_EDGE('',*,*,#1754,.F.);
#2309=ORIENTED_EDGE('',*,*,#1745,.F.);
#2310=ORIENTED_EDGE('',*,*,#1755,.T.);
#2311=ORIENTED_EDGE('',*,*,#1756,.F.);
#2312=ORIENTED_EDGE('',*,*,#1757,.F.);
#2313=ORIENTED_EDGE('',*,*,#1755,.F.);
#2314=ORIENTED_EDGE('',*,*,#1748,.F.);
#2315=ORIENTED_EDGE('',*,*,#1752,.T.);
#2316=ORIENTED_EDGE('',*,*,#1750,.T.);
#2317=ORIENTED_EDGE('',*,*,#1758,.T.);
#2318=ORIENTED_EDGE('',*,*,#1759,.T.);
#2319=ORIENTED_EDGE('',*,*,#1760,.T.);
#2320=ORIENTED_EDGE('',*,*,#1753,.T.);
#2321=ORIENTED_EDGE('',*,*,#1761,.T.);
#2322=ORIENTED_EDGE('',*,*,#1762,.T.);
#2323=ORIENTED_EDGE('',*,*,#1763,.T.);
#2324=ORIENTED_EDGE('',*,*,#1756,.T.);
#2325=ORIENTED_EDGE('',*,*,#1757,.T.);
#2326=ORIENTED_EDGE('',*,*,#1751,.T.);
#2327=ORIENTED_EDGE('',*,*,#1760,.F.);
#2328=ORIENTED_EDGE('',*,*,#1764,.F.);
#2329=ORIENTED_EDGE('',*,*,#1765,.F.);
#2330=ORIENTED_EDGE('',*,*,#1766,.T.);
#2331=ORIENTED_EDGE('',*,*,#1767,.F.);
#2332=ORIENTED_EDGE('',*,*,#1768,.F.);
#2333=ORIENTED_EDGE('',*,*,#1769,.F.);
#2334=ORIENTED_EDGE('',*,*,#1770,.T.);
#2335=ORIENTED_EDGE('',*,*,#1761,.F.);
#2336=ORIENTED_EDGE('',*,*,#1771,.F.);
#2337=ORIENTED_EDGE('',*,*,#1772,.F.);
#2338=ORIENTED_EDGE('',*,*,#1773,.F.);
#2339=ORIENTED_EDGE('',*,*,#1774,.F.);
#2340=ORIENTED_EDGE('',*,*,#1775,.F.);
#2341=ORIENTED_EDGE('',*,*,#1776,.T.);
#2342=ORIENTED_EDGE('',*,*,#1777,.F.);
#2343=ORIENTED_EDGE('',*,*,#1778,.F.);
#2344=ORIENTED_EDGE('',*,*,#1779,.F.);
#2345=ORIENTED_EDGE('',*,*,#1777,.T.);
#2346=ORIENTED_EDGE('',*,*,#1780,.T.);
#2347=ORIENTED_EDGE('',*,*,#1781,.F.);
#2348=ORIENTED_EDGE('',*,*,#1782,.F.);
#2349=ORIENTED_EDGE('',*,*,#1783,.F.);
#2350=ORIENTED_EDGE('',*,*,#1784,.T.);
#2351=ORIENTED_EDGE('',*,*,#1785,.T.);
#2352=ORIENTED_EDGE('',*,*,#1786,.F.);
#2353=ORIENTED_EDGE('',*,*,#1787,.T.);
#2354=ORIENTED_EDGE('',*,*,#1788,.T.);
#2355=ORIENTED_EDGE('',*,*,#1784,.F.);
#2356=ORIENTED_EDGE('',*,*,#1789,.F.);
#2357=ORIENTED_EDGE('',*,*,#1790,.T.);
#2358=ORIENTED_EDGE('',*,*,#1791,.T.);
#2359=ORIENTED_EDGE('',*,*,#1787,.F.);
#2360=ORIENTED_EDGE('',*,*,#1792,.F.);
#2361=ORIENTED_EDGE('',*,*,#1793,.T.);
#2362=ORIENTED_EDGE('',*,*,#1794,.T.);
#2363=ORIENTED_EDGE('',*,*,#1790,.F.);
#2364=ORIENTED_EDGE('',*,*,#1795,.F.);
#2365=ORIENTED_EDGE('',*,*,#1781,.T.);
#2366=ORIENTED_EDGE('',*,*,#1796,.T.);
#2367=ORIENTED_EDGE('',*,*,#1793,.F.);
#2368=ORIENTED_EDGE('',*,*,#1797,.F.);
#2369=ORIENTED_EDGE('',*,*,#1785,.F.);
#2370=ORIENTED_EDGE('',*,*,#1788,.F.);
#2371=ORIENTED_EDGE('',*,*,#1791,.F.);
#2372=ORIENTED_EDGE('',*,*,#1794,.F.);
#2373=ORIENTED_EDGE('',*,*,#1796,.F.);
#2374=ORIENTED_EDGE('',*,*,#1780,.F.);
#2375=ORIENTED_EDGE('',*,*,#1776,.F.);
#2376=ORIENTED_EDGE('',*,*,#1778,.T.);
#2377=ORIENTED_EDGE('',*,*,#1779,.T.);
#2378=ORIENTED_EDGE('',*,*,#1795,.T.);
#2379=ORIENTED_EDGE('',*,*,#1792,.T.);
#2380=ORIENTED_EDGE('',*,*,#1789,.T.);
#2381=ORIENTED_EDGE('',*,*,#1786,.T.);
#2382=ORIENTED_EDGE('',*,*,#1783,.T.);
#2383=ORIENTED_EDGE('',*,*,#1798,.T.);
#2384=ORIENTED_EDGE('',*,*,#1799,.T.);
#2385=ORIENTED_EDGE('',*,*,#1800,.T.);
#2386=ORIENTED_EDGE('',*,*,#1801,.F.);
#2387=ORIENTED_EDGE('',*,*,#1802,.F.);
#2388=ORIENTED_EDGE('',*,*,#1803,.T.);
#2389=ORIENTED_EDGE('',*,*,#1804,.F.);
#2390=ORIENTED_EDGE('',*,*,#1805,.F.);
#2391=ORIENTED_EDGE('',*,*,#1806,.T.);
#2392=ORIENTED_EDGE('',*,*,#1807,.F.);
#2393=ORIENTED_EDGE('',*,*,#1808,.T.);
#2394=ORIENTED_EDGE('',*,*,#1809,.F.);
#2395=ORIENTED_EDGE('',*,*,#1810,.T.);
#2396=ORIENTED_EDGE('',*,*,#1811,.F.);
#2397=ORIENTED_EDGE('',*,*,#1812,.F.);
#2398=ORIENTED_EDGE('',*,*,#1813,.T.);
#2399=ORIENTED_EDGE('',*,*,#1814,.F.);
#2400=ORIENTED_EDGE('',*,*,#1815,.F.);
#2401=ORIENTED_EDGE('',*,*,#1816,.T.);
#2402=ORIENTED_EDGE('',*,*,#1817,.T.);
#2403=ORIENTED_EDGE('',*,*,#1818,.T.);
#2404=ORIENTED_EDGE('',*,*,#1819,.T.);
#2405=ORIENTED_EDGE('',*,*,#1820,.T.);
#2406=ORIENTED_EDGE('',*,*,#1821,.T.);
#2407=ORIENTED_EDGE('',*,*,#1822,.F.);
#2408=ORIENTED_EDGE('',*,*,#1823,.T.);
#2409=ORIENTED_EDGE('',*,*,#1824,.T.);
#2410=ORIENTED_EDGE('',*,*,#1767,.T.);
#2411=ORIENTED_EDGE('',*,*,#1825,.F.);
#2412=ORIENTED_EDGE('',*,*,#1821,.F.);
#2413=ORIENTED_EDGE('',*,*,#1766,.F.);
#2414=ORIENTED_EDGE('',*,*,#1826,.T.);
#2415=ORIENTED_EDGE('',*,*,#1827,.F.);
#2416=ORIENTED_EDGE('',*,*,#1828,.T.);
#2417=ORIENTED_EDGE('',*,*,#1770,.F.);
#2418=ORIENTED_EDGE('',*,*,#1829,.F.);
#2419=ORIENTED_EDGE('',*,*,#1829,.T.);
#2420=ORIENTED_EDGE('',*,*,#1769,.T.);
#2421=ORIENTED_EDGE('',*,*,#1830,.T.);
#2422=ORIENTED_EDGE('',*,*,#1831,.T.);
#2423=ORIENTED_EDGE('',*,*,#1832,.T.);
#2424=ORIENTED_EDGE('',*,*,#1831,.F.);
#2425=ORIENTED_EDGE('',*,*,#1833,.F.);
#2426=ORIENTED_EDGE('',*,*,#1834,.F.);
#2427=ORIENTED_EDGE('',*,*,#1835,.F.);
#2428=ORIENTED_EDGE('',*,*,#1836,.F.);
#2429=ORIENTED_EDGE('',*,*,#1837,.F.);
#2430=ORIENTED_EDGE('',*,*,#1838,.T.);
#2431=ORIENTED_EDGE('',*,*,#1839,.T.);
#2432=ORIENTED_EDGE('',*,*,#1840,.F.);
#2433=ORIENTED_EDGE('',*,*,#1841,.F.);
#2434=ORIENTED_EDGE('',*,*,#1842,.F.);
#2435=ORIENTED_EDGE('',*,*,#1843,.F.);
#2436=ORIENTED_EDGE('',*,*,#1844,.F.);
#2437=ORIENTED_EDGE('',*,*,#1845,.T.);
#2438=ORIENTED_EDGE('',*,*,#1846,.F.);
#2439=ORIENTED_EDGE('',*,*,#1847,.F.);
#2440=ORIENTED_EDGE('',*,*,#1848,.F.);
#2441=ORIENTED_EDGE('',*,*,#1849,.T.);
#2442=ORIENTED_EDGE('',*,*,#1850,.F.);
#2443=ORIENTED_EDGE('',*,*,#1851,.T.);
#2444=ORIENTED_EDGE('',*,*,#1852,.T.);
#2445=ORIENTED_EDGE('',*,*,#1853,.T.);
#2446=ORIENTED_EDGE('',*,*,#1774,.T.);
#2447=ORIENTED_EDGE('',*,*,#1852,.F.);
#2448=ORIENTED_EDGE('',*,*,#1854,.F.);
#2449=ORIENTED_EDGE('',*,*,#1855,.T.);
#2450=ORIENTED_EDGE('',*,*,#1856,.F.);
#2451=ORIENTED_EDGE('',*,*,#1857,.T.);
#2452=ORIENTED_EDGE('',*,*,#1809,.T.);
#2453=ORIENTED_EDGE('',*,*,#1858,.T.);
#2454=ORIENTED_EDGE('',*,*,#1759,.F.);
#2455=ORIENTED_EDGE('',*,*,#1828,.F.);
#2456=ORIENTED_EDGE('',*,*,#1859,.F.);
#2457=ORIENTED_EDGE('',*,*,#1860,.T.);
#2458=ORIENTED_EDGE('',*,*,#1762,.F.);
#2459=ORIENTED_EDGE('',*,*,#1858,.F.);
#2460=ORIENTED_EDGE('',*,*,#1808,.F.);
#2461=ORIENTED_EDGE('',*,*,#1861,.F.);
#2462=ORIENTED_EDGE('',*,*,#1764,.T.);
#2463=ORIENTED_EDGE('',*,*,#1861,.T.);
#2464=ORIENTED_EDGE('',*,*,#1807,.T.);
#2465=ORIENTED_EDGE('',*,*,#1862,.T.);
#2466=ORIENTED_EDGE('',*,*,#1863,.T.);
#2467=ORIENTED_EDGE('',*,*,#1864,.T.);
#2468=ORIENTED_EDGE('',*,*,#1865,.T.);
#2469=ORIENTED_EDGE('',*,*,#1765,.T.);
#2470=ORIENTED_EDGE('',*,*,#1863,.F.);
#2471=ORIENTED_EDGE('',*,*,#1826,.F.);
#2472=ORIENTED_EDGE('',*,*,#1865,.F.);
#2473=ORIENTED_EDGE('',*,*,#1866,.T.);
#2474=ORIENTED_EDGE('',*,*,#1867,.T.);
#2475=ORIENTED_EDGE('',*,*,#1866,.F.);
#2476=ORIENTED_EDGE('',*,*,#1864,.F.);
#2477=ORIENTED_EDGE('',*,*,#1862,.F.);
#2478=ORIENTED_EDGE('',*,*,#1806,.F.);
#2479=ORIENTED_EDGE('',*,*,#1868,.F.);
#2480=ORIENTED_EDGE('',*,*,#1869,.F.);
#2481=ORIENTED_EDGE('',*,*,#1870,.F.);
#2482=ORIENTED_EDGE('',*,*,#1871,.F.);
#2483=ORIENTED_EDGE('',*,*,#1872,.F.);
#2484=ORIENTED_EDGE('',*,*,#1873,.F.);
#2485=ORIENTED_EDGE('',*,*,#1874,.F.);
#2486=ORIENTED_EDGE('',*,*,#1875,.F.);
#2487=ORIENTED_EDGE('',*,*,#1754,.T.);
#2488=ORIENTED_EDGE('',*,*,#1763,.F.);
#2489=ORIENTED_EDGE('',*,*,#1860,.F.);
#2490=ORIENTED_EDGE('',*,*,#1876,.F.);
#2491=ORIENTED_EDGE('',*,*,#1877,.F.);
#2492=ORIENTED_EDGE('',*,*,#1878,.F.);
#2493=ORIENTED_EDGE('',*,*,#1879,.F.);
#2494=ORIENTED_EDGE('',*,*,#1880,.F.);
#2495=ORIENTED_EDGE('',*,*,#1881,.F.);
#2496=ORIENTED_EDGE('',*,*,#1882,.F.);
#2497=ORIENTED_EDGE('',*,*,#1883,.F.);
#2498=ORIENTED_EDGE('',*,*,#1810,.F.);
#2499=ORIENTED_EDGE('',*,*,#1857,.F.);
#2500=ORIENTED_EDGE('',*,*,#1758,.F.);
#2501=ORIENTED_EDGE('',*,*,#1749,.T.);
#2502=ORIENTED_EDGE('',*,*,#1746,.T.);
#2503=ORIENTED_EDGE('',*,*,#1773,.T.);
#2504=ORIENTED_EDGE('',*,*,#1884,.T.);
#2505=ORIENTED_EDGE('',*,*,#1885,.F.);
#2506=ORIENTED_EDGE('',*,*,#1886,.T.);
#2507=ORIENTED_EDGE('',*,*,#1887,.T.);
#2508=ORIENTED_EDGE('',*,*,#1854,.T.);
#2509=ORIENTED_EDGE('',*,*,#1851,.F.);
#2510=ORIENTED_EDGE('',*,*,#1768,.T.);
#2511=ORIENTED_EDGE('',*,*,#1824,.F.);
#2512=ORIENTED_EDGE('',*,*,#1888,.F.);
#2513=ORIENTED_EDGE('',*,*,#1889,.T.);
#2514=ORIENTED_EDGE('',*,*,#1833,.T.);
#2515=ORIENTED_EDGE('',*,*,#1830,.F.);
#2516=ORIENTED_EDGE('',*,*,#1823,.F.);
#2517=ORIENTED_EDGE('',*,*,#1890,.T.);
#2518=ORIENTED_EDGE('',*,*,#1891,.T.);
#2519=ORIENTED_EDGE('',*,*,#1892,.F.);
#2520=ORIENTED_EDGE('',*,*,#1893,.F.);
#2521=ORIENTED_EDGE('',*,*,#1894,.F.);
#2522=ORIENTED_EDGE('',*,*,#1895,.T.);
#2523=ORIENTED_EDGE('',*,*,#1888,.T.);
#2524=ORIENTED_EDGE('',*,*,#1876,.T.);
#2525=ORIENTED_EDGE('',*,*,#1859,.T.);
#2526=ORIENTED_EDGE('',*,*,#1827,.T.);
#2527=ORIENTED_EDGE('',*,*,#1867,.F.);
#2528=ORIENTED_EDGE('',*,*,#1875,.T.);
#2529=ORIENTED_EDGE('',*,*,#1896,.F.);
#2530=ORIENTED_EDGE('',*,*,#1897,.F.);
#2531=ORIENTED_EDGE('',*,*,#1898,.T.);
#2532=ORIENTED_EDGE('',*,*,#1899,.F.);
#2533=ORIENTED_EDGE('',*,*,#1900,.F.);
#2534=ORIENTED_EDGE('',*,*,#1901,.F.);
#2535=ORIENTED_EDGE('',*,*,#1902,.T.);
#2536=ORIENTED_EDGE('',*,*,#1903,.F.);
#2537=ORIENTED_EDGE('',*,*,#1904,.F.);
#2538=ORIENTED_EDGE('',*,*,#1905,.F.);
#2539=ORIENTED_EDGE('',*,*,#1906,.T.);
#2540=ORIENTED_EDGE('',*,*,#1907,.F.);
#2541=ORIENTED_EDGE('',*,*,#1908,.F.);
#2542=ORIENTED_EDGE('',*,*,#1874,.T.);
#2543=ORIENTED_EDGE('',*,*,#1909,.T.);
#2544=ORIENTED_EDGE('',*,*,#1910,.F.);
#2545=ORIENTED_EDGE('',*,*,#1896,.T.);
#2546=ORIENTED_EDGE('',*,*,#1877,.T.);
#2547=ORIENTED_EDGE('',*,*,#1908,.T.);
#2548=ORIENTED_EDGE('',*,*,#1911,.F.);
#2549=ORIENTED_EDGE('',*,*,#1912,.T.);
#2550=ORIENTED_EDGE('',*,*,#1873,.T.);
#2551=ORIENTED_EDGE('',*,*,#1913,.T.);
#2552=ORIENTED_EDGE('',*,*,#1914,.T.);
#2553=ORIENTED_EDGE('',*,*,#1915,.F.);
#2554=ORIENTED_EDGE('',*,*,#1909,.F.);
#2555=ORIENTED_EDGE('',*,*,#1878,.T.);
#2556=ORIENTED_EDGE('',*,*,#1912,.F.);
#2557=ORIENTED_EDGE('',*,*,#1916,.F.);
#2558=ORIENTED_EDGE('',*,*,#1917,.F.);
#2559=ORIENTED_EDGE('',*,*,#1918,.T.);
#2560=ORIENTED_EDGE('',*,*,#1872,.T.);
#2561=ORIENTED_EDGE('',*,*,#1919,.T.);
#2562=ORIENTED_EDGE('',*,*,#1920,.F.);
#2563=ORIENTED_EDGE('',*,*,#1913,.F.);
#2564=ORIENTED_EDGE('',*,*,#1871,.T.);
#2565=ORIENTED_EDGE('',*,*,#1921,.T.);
#2566=ORIENTED_EDGE('',*,*,#1922,.F.);
#2567=ORIENTED_EDGE('',*,*,#1923,.T.);
#2568=ORIENTED_EDGE('',*,*,#1924,.T.);
#2569=ORIENTED_EDGE('',*,*,#1925,.T.);
#2570=ORIENTED_EDGE('',*,*,#1926,.F.);
#2571=ORIENTED_EDGE('',*,*,#1919,.F.);
#2572=ORIENTED_EDGE('',*,*,#1868,.T.);
#2573=ORIENTED_EDGE('',*,*,#1805,.T.);
#2574=ORIENTED_EDGE('',*,*,#1927,.F.);
#2575=ORIENTED_EDGE('',*,*,#1928,.F.);
#2576=ORIENTED_EDGE('',*,*,#1870,.T.);
#2577=ORIENTED_EDGE('',*,*,#1929,.F.);
#2578=ORIENTED_EDGE('',*,*,#1930,.F.);
#2579=ORIENTED_EDGE('',*,*,#1921,.F.);
#2580=ORIENTED_EDGE('',*,*,#1869,.T.);
#2581=ORIENTED_EDGE('',*,*,#1928,.T.);
#2582=ORIENTED_EDGE('',*,*,#1931,.F.);
#2583=ORIENTED_EDGE('',*,*,#1932,.T.);
#2584=ORIENTED_EDGE('',*,*,#1929,.T.);
#2585=ORIENTED_EDGE('',*,*,#1933,.F.);
#2586=ORIENTED_EDGE('',*,*,#1933,.T.);
#2587=ORIENTED_EDGE('',*,*,#1934,.T.);
#2588=ORIENTED_EDGE('',*,*,#1935,.F.);
#2589=ORIENTED_EDGE('',*,*,#1936,.F.);
#2590=ORIENTED_EDGE('',*,*,#1934,.F.);
#2591=ORIENTED_EDGE('',*,*,#1891,.F.);
#2592=ORIENTED_EDGE('',*,*,#1937,.F.);
#2593=ORIENTED_EDGE('',*,*,#1849,.F.);
#2594=ORIENTED_EDGE('',*,*,#1938,.F.);
#2595=ORIENTED_EDGE('',*,*,#1939,.F.);
#2596=ORIENTED_EDGE('',*,*,#1940,.F.);
#2597=ORIENTED_EDGE('',*,*,#1825,.T.);
#2598=ORIENTED_EDGE('',*,*,#1832,.F.);
#2599=ORIENTED_EDGE('',*,*,#1850,.T.);
#2600=ORIENTED_EDGE('',*,*,#1937,.T.);
#2601=ORIENTED_EDGE('',*,*,#1890,.F.);
#2602=ORIENTED_EDGE('',*,*,#1822,.T.);
#2603=ORIENTED_EDGE('',*,*,#1941,.T.);
#2604=ORIENTED_EDGE('',*,*,#1942,.F.);
#2605=ORIENTED_EDGE('',*,*,#1943,.F.);
#2606=ORIENTED_EDGE('',*,*,#1944,.F.);
#2607=ORIENTED_EDGE('',*,*,#1945,.T.);
#2608=ORIENTED_EDGE('',*,*,#1946,.T.);
#2609=ORIENTED_EDGE('',*,*,#1947,.T.);
#2610=ORIENTED_EDGE('',*,*,#1948,.F.);
#2611=ORIENTED_EDGE('',*,*,#1949,.T.);
#2612=ORIENTED_EDGE('',*,*,#1950,.T.);
#2613=ORIENTED_EDGE('',*,*,#1951,.T.);
#2614=ORIENTED_EDGE('',*,*,#1952,.T.);
#2615=ORIENTED_EDGE('',*,*,#1953,.T.);
#2616=ORIENTED_EDGE('',*,*,#1954,.T.);
#2617=ORIENTED_EDGE('',*,*,#1955,.T.);
#2618=ORIENTED_EDGE('',*,*,#1942,.T.);
#2619=ORIENTED_EDGE('',*,*,#1956,.T.);
#2620=ORIENTED_EDGE('',*,*,#1957,.F.);
#2621=ORIENTED_EDGE('',*,*,#1958,.T.);
#2622=ORIENTED_EDGE('',*,*,#1951,.F.);
#2623=ORIENTED_EDGE('',*,*,#1959,.T.);
#2624=ORIENTED_EDGE('',*,*,#1960,.T.);
#2625=ORIENTED_EDGE('',*,*,#1946,.F.);
#2626=ORIENTED_EDGE('',*,*,#1961,.T.);
#2627=ORIENTED_EDGE('',*,*,#1962,.T.);
#2628=ORIENTED_EDGE('',*,*,#1963,.T.);
#2629=ORIENTED_EDGE('',*,*,#1957,.T.);
#2630=ORIENTED_EDGE('',*,*,#1887,.F.);
#2631=ORIENTED_EDGE('',*,*,#1964,.F.);
#2632=ORIENTED_EDGE('',*,*,#1938,.T.);
#2633=ORIENTED_EDGE('',*,*,#1848,.T.);
#2634=ORIENTED_EDGE('',*,*,#1965,.F.);
#2635=ORIENTED_EDGE('',*,*,#1892,.T.);
#2636=ORIENTED_EDGE('',*,*,#1895,.F.);
#2637=ORIENTED_EDGE('',*,*,#1966,.T.);
#2638=ORIENTED_EDGE('',*,*,#1834,.T.);
#2639=ORIENTED_EDGE('',*,*,#1889,.F.);
#2640=ORIENTED_EDGE('',*,*,#1894,.T.);
#2641=ORIENTED_EDGE('',*,*,#1855,.F.);
#2642=ORIENTED_EDGE('',*,*,#1967,.T.);
#2643=ORIENTED_EDGE('',*,*,#1835,.T.);
#2644=ORIENTED_EDGE('',*,*,#1966,.F.);
#2645=ORIENTED_EDGE('',*,*,#1964,.T.);
#2646=ORIENTED_EDGE('',*,*,#1968,.F.);
#2647=ORIENTED_EDGE('',*,*,#1969,.T.);
#2648=ORIENTED_EDGE('',*,*,#1836,.T.);
#2649=ORIENTED_EDGE('',*,*,#1967,.F.);
#2650=ORIENTED_EDGE('',*,*,#1970,.F.);
#2651=ORIENTED_EDGE('',*,*,#1971,.T.);
#2652=ORIENTED_EDGE('',*,*,#1837,.T.);
#2653=ORIENTED_EDGE('',*,*,#1969,.F.);
#2654=ORIENTED_EDGE('',*,*,#1972,.T.);
#2655=ORIENTED_EDGE('',*,*,#1843,.T.);
#2656=ORIENTED_EDGE('',*,*,#1973,.F.);
#2657=ORIENTED_EDGE('',*,*,#1974,.T.);
#2658=ORIENTED_EDGE('',*,*,#1975,.T.);
#2659=ORIENTED_EDGE('',*,*,#1976,.T.);
#2660=ORIENTED_EDGE('',*,*,#1977,.F.);
#2661=ORIENTED_EDGE('',*,*,#1978,.F.);
#2662=ORIENTED_EDGE('',*,*,#1979,.F.);
#2663=ORIENTED_EDGE('',*,*,#1980,.T.);
#2664=ORIENTED_EDGE('',*,*,#1981,.F.);
#2665=ORIENTED_EDGE('',*,*,#1982,.F.);
#2666=ORIENTED_EDGE('',*,*,#1983,.F.);
#2667=ORIENTED_EDGE('',*,*,#1984,.T.);
#2668=ORIENTED_EDGE('',*,*,#1842,.T.);
#2669=ORIENTED_EDGE('',*,*,#1985,.F.);
#2670=ORIENTED_EDGE('',*,*,#1986,.T.);
#2671=ORIENTED_EDGE('',*,*,#1973,.T.);
#2672=ORIENTED_EDGE('',*,*,#1968,.T.);
#2673=ORIENTED_EDGE('',*,*,#1886,.F.);
#2674=ORIENTED_EDGE('',*,*,#1987,.T.);
#2675=ORIENTED_EDGE('',*,*,#1970,.T.);
#2676=ORIENTED_EDGE('',*,*,#1988,.F.);
#2677=ORIENTED_EDGE('',*,*,#1840,.T.);
#2678=ORIENTED_EDGE('',*,*,#1989,.F.);
#2679=ORIENTED_EDGE('',*,*,#1990,.T.);
#2680=ORIENTED_EDGE('',*,*,#1972,.F.);
#2681=ORIENTED_EDGE('',*,*,#1991,.T.);
#2682=ORIENTED_EDGE('',*,*,#1992,.T.);
#2683=ORIENTED_EDGE('',*,*,#1844,.T.);
#2684=ORIENTED_EDGE('',*,*,#1772,.T.);
#2685=ORIENTED_EDGE('',*,*,#1993,.F.);
#2686=ORIENTED_EDGE('',*,*,#1994,.F.);
#2687=ORIENTED_EDGE('',*,*,#1995,.T.);
#2688=ORIENTED_EDGE('',*,*,#1991,.F.);
#2689=ORIENTED_EDGE('',*,*,#1984,.F.);
#2690=ORIENTED_EDGE('',*,*,#1996,.F.);
#2691=ORIENTED_EDGE('',*,*,#1997,.F.);
#2692=ORIENTED_EDGE('',*,*,#1990,.F.);
#2693=ORIENTED_EDGE('',*,*,#1998,.T.);
#2694=ORIENTED_EDGE('',*,*,#1999,.T.);
#2695=ORIENTED_EDGE('',*,*,#1884,.F.);
#2696=ORIENTED_EDGE('',*,*,#1940,.T.);
#2697=ORIENTED_EDGE('',*,*,#2000,.T.);
#2698=ORIENTED_EDGE('',*,*,#1838,.F.);
#2699=ORIENTED_EDGE('',*,*,#1971,.F.);
#2700=ORIENTED_EDGE('',*,*,#1987,.F.);
#2701=ORIENTED_EDGE('',*,*,#1885,.T.);
#2702=ORIENTED_EDGE('',*,*,#1999,.F.);
#2703=ORIENTED_EDGE('',*,*,#2001,.T.);
#2704=ORIENTED_EDGE('',*,*,#1952,.F.);
#2705=ORIENTED_EDGE('',*,*,#1958,.F.);
#2706=ORIENTED_EDGE('',*,*,#1963,.F.);
#2707=ORIENTED_EDGE('',*,*,#2002,.F.);
#2708=ORIENTED_EDGE('',*,*,#1959,.F.);
#2709=ORIENTED_EDGE('',*,*,#1945,.F.);
#2710=ORIENTED_EDGE('',*,*,#2003,.F.);
#2711=ORIENTED_EDGE('',*,*,#1953,.F.);
#2712=ORIENTED_EDGE('',*,*,#2001,.F.);
#2713=ORIENTED_EDGE('',*,*,#1998,.F.);
#2714=ORIENTED_EDGE('',*,*,#1989,.T.);
#2715=ORIENTED_EDGE('',*,*,#1839,.F.);
#2716=ORIENTED_EDGE('',*,*,#2000,.F.);
#2717=ORIENTED_EDGE('',*,*,#1771,.T.);
#2718=ORIENTED_EDGE('',*,*,#1853,.F.);
#2719=ORIENTED_EDGE('',*,*,#1856,.T.);
#2720=ORIENTED_EDGE('',*,*,#1893,.T.);
#2721=ORIENTED_EDGE('',*,*,#1965,.T.);
#2722=ORIENTED_EDGE('',*,*,#1847,.T.);
#2723=ORIENTED_EDGE('',*,*,#2004,.F.);
#2724=ORIENTED_EDGE('',*,*,#1993,.T.);
#2725=ORIENTED_EDGE('',*,*,#2005,.F.);
#2726=ORIENTED_EDGE('',*,*,#1994,.T.);
#2727=ORIENTED_EDGE('',*,*,#2004,.T.);
#2728=ORIENTED_EDGE('',*,*,#1846,.T.);
#2729=ORIENTED_EDGE('',*,*,#1939,.T.);
#2730=ORIENTED_EDGE('',*,*,#2006,.T.);
#2731=ORIENTED_EDGE('',*,*,#2007,.F.);
#2732=ORIENTED_EDGE('',*,*,#2008,.F.);
#2733=ORIENTED_EDGE('',*,*,#1961,.F.);
#2734=ORIENTED_EDGE('',*,*,#1956,.F.);
#2735=ORIENTED_EDGE('',*,*,#1950,.F.);
#2736=ORIENTED_EDGE('',*,*,#1941,.F.);
#2737=ORIENTED_EDGE('',*,*,#2009,.F.);
#2738=ORIENTED_EDGE('',*,*,#2010,.F.);
#2739=ORIENTED_EDGE('',*,*,#2006,.F.);
#2740=ORIENTED_EDGE('',*,*,#1992,.F.);
#2741=ORIENTED_EDGE('',*,*,#1995,.F.);
#2742=ORIENTED_EDGE('',*,*,#2005,.T.);
#2743=ORIENTED_EDGE('',*,*,#1845,.F.);
#2744=ORIENTED_EDGE('',*,*,#1988,.T.);
#2745=ORIENTED_EDGE('',*,*,#1997,.T.);
#2746=ORIENTED_EDGE('',*,*,#2011,.T.);
#2747=ORIENTED_EDGE('',*,*,#1740,.F.);
#2748=ORIENTED_EDGE('',*,*,#1734,.F.);
#2749=ORIENTED_EDGE('',*,*,#2012,.F.);
#2750=ORIENTED_EDGE('',*,*,#2013,.T.);
#2751=ORIENTED_EDGE('',*,*,#2014,.T.);
#2752=ORIENTED_EDGE('',*,*,#2015,.T.);
#2753=ORIENTED_EDGE('',*,*,#2016,.T.);
#2754=ORIENTED_EDGE('',*,*,#2017,.T.);
#2755=ORIENTED_EDGE('',*,*,#1724,.F.);
#2756=ORIENTED_EDGE('',*,*,#1722,.T.);
#2757=ORIENTED_EDGE('',*,*,#1718,.F.);
#2758=ORIENTED_EDGE('',*,*,#2018,.T.);
#2759=ORIENTED_EDGE('',*,*,#2019,.T.);
#2760=ORIENTED_EDGE('',*,*,#2020,.T.);
#2761=ORIENTED_EDGE('',*,*,#2021,.T.);
#2762=ORIENTED_EDGE('',*,*,#1985,.T.);
#2763=ORIENTED_EDGE('',*,*,#1841,.T.);
#2764=ORIENTED_EDGE('',*,*,#1996,.T.);
#2765=ORIENTED_EDGE('',*,*,#1983,.T.);
#2766=ORIENTED_EDGE('',*,*,#1742,.F.);
#2767=ORIENTED_EDGE('',*,*,#1738,.T.);
#2768=ORIENTED_EDGE('',*,*,#1741,.F.);
#2769=ORIENTED_EDGE('',*,*,#2011,.F.);
#2770=ORIENTED_EDGE('',*,*,#2022,.T.);
#2771=ORIENTED_EDGE('',*,*,#2023,.T.);
#2772=ORIENTED_EDGE('',*,*,#2024,.F.);
#2773=ORIENTED_EDGE('',*,*,#2015,.F.);
#2774=ORIENTED_EDGE('',*,*,#2025,.F.);
#2775=ORIENTED_EDGE('',*,*,#1819,.F.);
#2776=ORIENTED_EDGE('',*,*,#2026,.T.);
#2777=ORIENTED_EDGE('',*,*,#2027,.T.);
#2778=ORIENTED_EDGE('',*,*,#2027,.F.);
#2779=ORIENTED_EDGE('',*,*,#2023,.F.);
#2780=ORIENTED_EDGE('',*,*,#2022,.F.);
#2781=ORIENTED_EDGE('',*,*,#2014,.F.);
#2782=ORIENTED_EDGE('',*,*,#2028,.T.);
#2783=ORIENTED_EDGE('',*,*,#2029,.T.);
#2784=ORIENTED_EDGE('',*,*,#2026,.F.);
#2785=ORIENTED_EDGE('',*,*,#1818,.F.);
#2786=ORIENTED_EDGE('',*,*,#2030,.T.);
#2787=ORIENTED_EDGE('',*,*,#2031,.T.);
#2788=ORIENTED_EDGE('',*,*,#2032,.T.);
#2789=ORIENTED_EDGE('',*,*,#1812,.T.);
#2790=ORIENTED_EDGE('',*,*,#2033,.T.);
#2791=ORIENTED_EDGE('',*,*,#2034,.T.);
#2792=ORIENTED_EDGE('',*,*,#1916,.T.);
#2793=ORIENTED_EDGE('',*,*,#1911,.T.);
#2794=ORIENTED_EDGE('',*,*,#2035,.T.);
#2795=ORIENTED_EDGE('',*,*,#2036,.T.);
#2796=ORIENTED_EDGE('',*,*,#2033,.F.);
#2797=ORIENTED_EDGE('',*,*,#2037,.T.);
#2798=ORIENTED_EDGE('',*,*,#2038,.T.);
#2799=ORIENTED_EDGE('',*,*,#2039,.T.);
#2800=ORIENTED_EDGE('',*,*,#2040,.T.);
#2801=ORIENTED_EDGE('',*,*,#2041,.T.);
#2802=ORIENTED_EDGE('',*,*,#2035,.F.);
#2803=ORIENTED_EDGE('',*,*,#1907,.T.);
#2804=ORIENTED_EDGE('',*,*,#2034,.F.);
#2805=ORIENTED_EDGE('',*,*,#2036,.F.);
#2806=ORIENTED_EDGE('',*,*,#2041,.F.);
#2807=ORIENTED_EDGE('',*,*,#2042,.T.);
#2808=ORIENTED_EDGE('',*,*,#2043,.T.);
#2809=ORIENTED_EDGE('',*,*,#1897,.T.);
#2810=ORIENTED_EDGE('',*,*,#2044,.T.);
#2811=ORIENTED_EDGE('',*,*,#2045,.T.);
#2812=ORIENTED_EDGE('',*,*,#1931,.T.);
#2813=ORIENTED_EDGE('',*,*,#1927,.T.);
#2814=ORIENTED_EDGE('',*,*,#2046,.T.);
#2815=ORIENTED_EDGE('',*,*,#2047,.T.);
#2816=ORIENTED_EDGE('',*,*,#2044,.F.);
#2817=ORIENTED_EDGE('',*,*,#1910,.T.);
#2818=ORIENTED_EDGE('',*,*,#1915,.T.);
#2819=ORIENTED_EDGE('',*,*,#2048,.T.);
#2820=ORIENTED_EDGE('',*,*,#2049,.T.);
#2821=ORIENTED_EDGE('',*,*,#2050,.T.);
#2822=ORIENTED_EDGE('',*,*,#2046,.F.);
#2823=ORIENTED_EDGE('',*,*,#1804,.T.);
#2824=ORIENTED_EDGE('',*,*,#2049,.F.);
#2825=ORIENTED_EDGE('',*,*,#1803,.F.);
#2826=ORIENTED_EDGE('',*,*,#2051,.F.);
#2827=ORIENTED_EDGE('',*,*,#2052,.T.);
#2828=ORIENTED_EDGE('',*,*,#2053,.F.);
#2829=ORIENTED_EDGE('',*,*,#1899,.T.);
#2830=ORIENTED_EDGE('',*,*,#1898,.F.);
#2831=ORIENTED_EDGE('',*,*,#2043,.F.);
#2832=ORIENTED_EDGE('',*,*,#2054,.F.);
#2833=ORIENTED_EDGE('',*,*,#1882,.T.);
#2834=ORIENTED_EDGE('',*,*,#2055,.T.);
#2835=ORIENTED_EDGE('',*,*,#2056,.F.);
#2836=ORIENTED_EDGE('',*,*,#2038,.F.);
#2837=ORIENTED_EDGE('',*,*,#2057,.T.);
#2838=ORIENTED_EDGE('',*,*,#2048,.F.);
#2839=ORIENTED_EDGE('',*,*,#1914,.F.);
#2840=ORIENTED_EDGE('',*,*,#1920,.T.);
#2841=ORIENTED_EDGE('',*,*,#1926,.T.);
#2842=ORIENTED_EDGE('',*,*,#2058,.T.);
#2843=ORIENTED_EDGE('',*,*,#2059,.T.);
#2844=ORIENTED_EDGE('',*,*,#2060,.T.);
#2845=ORIENTED_EDGE('',*,*,#1922,.T.);
#2846=ORIENTED_EDGE('',*,*,#1930,.T.);
#2847=ORIENTED_EDGE('',*,*,#1932,.F.);
#2848=ORIENTED_EDGE('',*,*,#1883,.T.);
#2849=ORIENTED_EDGE('',*,*,#2057,.F.);
#2850=ORIENTED_EDGE('',*,*,#2037,.F.);
#2851=ORIENTED_EDGE('',*,*,#1811,.T.);
#2852=ORIENTED_EDGE('',*,*,#2061,.T.);
#2853=ORIENTED_EDGE('',*,*,#2062,.T.);
#2854=ORIENTED_EDGE('',*,*,#2063,.T.);
#2855=ORIENTED_EDGE('',*,*,#1981,.T.);
#2856=ORIENTED_EDGE('',*,*,#1733,.T.);
#2857=ORIENTED_EDGE('',*,*,#2064,.T.);
#2858=ORIENTED_EDGE('',*,*,#2065,.T.);
#2859=ORIENTED_EDGE('',*,*,#2066,.T.);
#2860=ORIENTED_EDGE('',*,*,#2012,.T.);
#2861=ORIENTED_EDGE('',*,*,#2067,.T.);
#2862=ORIENTED_EDGE('',*,*,#1801,.T.);
#2863=ORIENTED_EDGE('',*,*,#2065,.F.);
#2864=ORIENTED_EDGE('',*,*,#2068,.T.);
#2865=ORIENTED_EDGE('',*,*,#2051,.T.);
#2866=ORIENTED_EDGE('',*,*,#1802,.T.);
#2867=ORIENTED_EDGE('',*,*,#2067,.F.);
#2868=ORIENTED_EDGE('',*,*,#2069,.T.);
#2869=ORIENTED_EDGE('',*,*,#1743,.F.);
#2870=ORIENTED_EDGE('',*,*,#1982,.T.);
#2871=ORIENTED_EDGE('',*,*,#2063,.F.);
#2872=ORIENTED_EDGE('',*,*,#2070,.T.);
#2873=ORIENTED_EDGE('',*,*,#2062,.F.);
#2874=ORIENTED_EDGE('',*,*,#2071,.T.);
#2875=ORIENTED_EDGE('',*,*,#2072,.T.);
#2876=ORIENTED_EDGE('',*,*,#2073,.F.);
#2877=ORIENTED_EDGE('',*,*,#2074,.F.);
#2878=ORIENTED_EDGE('',*,*,#2068,.F.);
#2879=ORIENTED_EDGE('',*,*,#2075,.F.);
#2880=ORIENTED_EDGE('',*,*,#1935,.T.);
#2881=ORIENTED_EDGE('',*,*,#1936,.T.);
#2882=ORIENTED_EDGE('',*,*,#2061,.F.);
#2883=ORIENTED_EDGE('',*,*,#1980,.F.);
#2884=ORIENTED_EDGE('',*,*,#2076,.F.);
#2885=ORIENTED_EDGE('',*,*,#2077,.F.);
#2886=ORIENTED_EDGE('',*,*,#2078,.F.);
#2887=ORIENTED_EDGE('',*,*,#2071,.F.);
#2888=ORIENTED_EDGE('',*,*,#2053,.T.);
#2889=ORIENTED_EDGE('',*,*,#2079,.T.);
#2890=ORIENTED_EDGE('',*,*,#2080,.T.);
#2891=ORIENTED_EDGE('',*,*,#1900,.T.);
#2892=ORIENTED_EDGE('',*,*,#2081,.T.);
#2893=ORIENTED_EDGE('',*,*,#1901,.T.);
#2894=ORIENTED_EDGE('',*,*,#2080,.F.);
#2895=ORIENTED_EDGE('',*,*,#2073,.T.);
#2896=ORIENTED_EDGE('',*,*,#2081,.F.);
#2897=ORIENTED_EDGE('',*,*,#2072,.F.);
#2898=ORIENTED_EDGE('',*,*,#2078,.T.);
#2899=ORIENTED_EDGE('',*,*,#2082,.F.);
#2900=ORIENTED_EDGE('',*,*,#2083,.F.);
#2901=ORIENTED_EDGE('',*,*,#1902,.F.);
#2902=ORIENTED_EDGE('',*,*,#2084,.T.);
#2903=ORIENTED_EDGE('',*,*,#1814,.T.);
#2904=ORIENTED_EDGE('',*,*,#2085,.T.);
#2905=ORIENTED_EDGE('',*,*,#2086,.T.);
#2906=ORIENTED_EDGE('',*,*,#1726,.T.);
#2907=ORIENTED_EDGE('',*,*,#1815,.T.);
#2908=ORIENTED_EDGE('',*,*,#2084,.F.);
#2909=ORIENTED_EDGE('',*,*,#2087,.T.);
#2910=ORIENTED_EDGE('',*,*,#1715,.T.);
#2911=ORIENTED_EDGE('',*,*,#2088,.T.);
#2912=ORIENTED_EDGE('',*,*,#2089,.T.);
#2913=ORIENTED_EDGE('',*,*,#2090,.T.);
#2914=ORIENTED_EDGE('',*,*,#2091,.T.);
#2915=ORIENTED_EDGE('',*,*,#1978,.T.);
#2916=ORIENTED_EDGE('',*,*,#2089,.F.);
#2917=ORIENTED_EDGE('',*,*,#2092,.T.);
#2918=ORIENTED_EDGE('',*,*,#2076,.T.);
#2919=ORIENTED_EDGE('',*,*,#1979,.T.);
#2920=ORIENTED_EDGE('',*,*,#2091,.F.);
#2921=ORIENTED_EDGE('',*,*,#2093,.T.);
#2922=ORIENTED_EDGE('',*,*,#1721,.T.);
#2923=ORIENTED_EDGE('',*,*,#1727,.F.);
#2924=ORIENTED_EDGE('',*,*,#2094,.F.);
#2925=ORIENTED_EDGE('',*,*,#2095,.T.);
#2926=ORIENTED_EDGE('',*,*,#2096,.T.);
#2927=ORIENTED_EDGE('',*,*,#2097,.T.);
#2928=ORIENTED_EDGE('',*,*,#2098,.T.);
#2929=ORIENTED_EDGE('',*,*,#2099,.T.);
#2930=ORIENTED_EDGE('',*,*,#2100,.T.);
#2931=ORIENTED_EDGE('',*,*,#2101,.T.);
#2932=ORIENTED_EDGE('',*,*,#2102,.F.);
#2933=ORIENTED_EDGE('',*,*,#2092,.F.);
#2934=ORIENTED_EDGE('',*,*,#2088,.F.);
#2935=ORIENTED_EDGE('',*,*,#1714,.T.);
#2936=ORIENTED_EDGE('',*,*,#1710,.T.);
#2937=ORIENTED_EDGE('',*,*,#2103,.F.);
#2938=ORIENTED_EDGE('',*,*,#2104,.F.);
#2939=ORIENTED_EDGE('',*,*,#2105,.F.);
#2940=ORIENTED_EDGE('',*,*,#2106,.F.);
#2941=ORIENTED_EDGE('',*,*,#2093,.F.);
#2942=ORIENTED_EDGE('',*,*,#2102,.T.);
#2943=ORIENTED_EDGE('',*,*,#2107,.T.);
#2944=ORIENTED_EDGE('',*,*,#2108,.T.);
#2945=ORIENTED_EDGE('',*,*,#2109,.T.);
#2946=ORIENTED_EDGE('',*,*,#2094,.T.);
#2947=ORIENTED_EDGE('',*,*,#2087,.F.);
#2948=ORIENTED_EDGE('',*,*,#2110,.F.);
#2949=ORIENTED_EDGE('',*,*,#2111,.F.);
#2950=ORIENTED_EDGE('',*,*,#2082,.T.);
#2951=ORIENTED_EDGE('',*,*,#2077,.T.);
#2952=ORIENTED_EDGE('',*,*,#2086,.F.);
#2953=ORIENTED_EDGE('',*,*,#2112,.T.);
#2954=ORIENTED_EDGE('',*,*,#2113,.F.);
#2955=ORIENTED_EDGE('',*,*,#2110,.T.);
#2956=ORIENTED_EDGE('',*,*,#2083,.T.);
#2957=ORIENTED_EDGE('',*,*,#2111,.T.);
#2958=ORIENTED_EDGE('',*,*,#2114,.T.);
#2959=ORIENTED_EDGE('',*,*,#1903,.T.);
#2960=ORIENTED_EDGE('',*,*,#2115,.T.);
#2961=ORIENTED_EDGE('',*,*,#1904,.T.);
#2962=ORIENTED_EDGE('',*,*,#2114,.F.);
#2963=ORIENTED_EDGE('',*,*,#2113,.T.);
#2964=ORIENTED_EDGE('',*,*,#2116,.F.);
#2965=ORIENTED_EDGE('',*,*,#2117,.F.);
#2966=ORIENTED_EDGE('',*,*,#2118,.T.);
#2967=ORIENTED_EDGE('',*,*,#2119,.T.);
#2968=ORIENTED_EDGE('',*,*,#2120,.T.);
#2969=ORIENTED_EDGE('',*,*,#2116,.T.);
#2970=ORIENTED_EDGE('',*,*,#2121,.T.);
#2971=ORIENTED_EDGE('',*,*,#2122,.T.);
#2972=ORIENTED_EDGE('',*,*,#2107,.F.);
#2973=ORIENTED_EDGE('',*,*,#2101,.F.);
#2974=ORIENTED_EDGE('',*,*,#2123,.F.);
#2975=ORIENTED_EDGE('',*,*,#2124,.T.);
#2976=ORIENTED_EDGE('',*,*,#2125,.T.);
#2977=ORIENTED_EDGE('',*,*,#2125,.F.);
#2978=ORIENTED_EDGE('',*,*,#2126,.F.);
#2979=ORIENTED_EDGE('',*,*,#2127,.T.);
#2980=ORIENTED_EDGE('',*,*,#2128,.T.);
#2981=ORIENTED_EDGE('',*,*,#2129,.T.);
#2982=ORIENTED_EDGE('',*,*,#2117,.T.);
#2983=ORIENTED_EDGE('',*,*,#2127,.F.);
#2984=ORIENTED_EDGE('',*,*,#2130,.T.);
#2985=ORIENTED_EDGE('',*,*,#2123,.T.);
#2986=ORIENTED_EDGE('',*,*,#2100,.F.);
#2987=ORIENTED_EDGE('',*,*,#2131,.F.);
#2988=ORIENTED_EDGE('',*,*,#2132,.F.);
#2989=ORIENTED_EDGE('',*,*,#2133,.F.);
#2990=ORIENTED_EDGE('',*,*,#2134,.T.);
#2991=ORIENTED_EDGE('',*,*,#2135,.T.);
#2992=ORIENTED_EDGE('',*,*,#2136,.F.);
#2993=ORIENTED_EDGE('',*,*,#2134,.F.);
#2994=ORIENTED_EDGE('',*,*,#2137,.T.);
#2995=ORIENTED_EDGE('',*,*,#2138,.T.);
#2996=ORIENTED_EDGE('',*,*,#2096,.F.);
#2997=ORIENTED_EDGE('',*,*,#2139,.F.);
#2998=ORIENTED_EDGE('',*,*,#2140,.F.);
#2999=ORIENTED_EDGE('',*,*,#2136,.T.);
#3000=ORIENTED_EDGE('',*,*,#2141,.T.);
#3001=ORIENTED_EDGE('',*,*,#2142,.T.);
#3002=ORIENTED_EDGE('',*,*,#2143,.T.);
#3003=ORIENTED_EDGE('',*,*,#2132,.T.);
#3004=ORIENTED_EDGE('',*,*,#2140,.T.);
#3005=ORIENTED_EDGE('',*,*,#2144,.T.);
#3006=ORIENTED_EDGE('',*,*,#2145,.F.);
#3007=ORIENTED_EDGE('',*,*,#2097,.F.);
#3008=ORIENTED_EDGE('',*,*,#2138,.F.);
#3009=ORIENTED_EDGE('',*,*,#2146,.T.);
#3010=ORIENTED_EDGE('',*,*,#2147,.F.);
#3011=ORIENTED_EDGE('',*,*,#2144,.F.);
#3012=ORIENTED_EDGE('',*,*,#2143,.F.);
#3013=ORIENTED_EDGE('',*,*,#2146,.F.);
#3014=ORIENTED_EDGE('',*,*,#2137,.F.);
#3015=ORIENTED_EDGE('',*,*,#2133,.T.);
#3016=ORIENTED_EDGE('',*,*,#2148,.F.);
#3017=ORIENTED_EDGE('',*,*,#2121,.F.);
#3018=ORIENTED_EDGE('',*,*,#2120,.F.);
#3019=ORIENTED_EDGE('',*,*,#2124,.F.);
#3020=ORIENTED_EDGE('',*,*,#2130,.F.);
#3021=ORIENTED_EDGE('',*,*,#2126,.T.);
#3022=ORIENTED_EDGE('',*,*,#2149,.T.);
#3023=ORIENTED_EDGE('',*,*,#2150,.T.);
#3024=ORIENTED_EDGE('',*,*,#2151,.T.);
#3025=ORIENTED_EDGE('',*,*,#2152,.T.);
#3026=ORIENTED_EDGE('',*,*,#2153,.T.);
#3027=ORIENTED_EDGE('',*,*,#2154,.T.);
#3028=ORIENTED_EDGE('',*,*,#2155,.T.);
#3029=ORIENTED_EDGE('',*,*,#2156,.T.);
#3030=ORIENTED_EDGE('',*,*,#2157,.T.);
#3031=ORIENTED_EDGE('',*,*,#2158,.T.);
#3032=ORIENTED_EDGE('',*,*,#2152,.F.);
#3033=ORIENTED_EDGE('',*,*,#2159,.T.);
#3034=ORIENTED_EDGE('',*,*,#2160,.T.);
#3035=ORIENTED_EDGE('',*,*,#2161,.T.);
#3036=ORIENTED_EDGE('',*,*,#2155,.F.);
#3037=ORIENTED_EDGE('',*,*,#2149,.F.);
#3038=ORIENTED_EDGE('',*,*,#2158,.F.);
#3039=ORIENTED_EDGE('',*,*,#2162,.T.);
#3040=ORIENTED_EDGE('',*,*,#2163,.T.);
#3041=ORIENTED_EDGE('',*,*,#2164,.T.);
#3042=ORIENTED_EDGE('',*,*,#2157,.F.);
#3043=ORIENTED_EDGE('',*,*,#2165,.F.);
#3044=ORIENTED_EDGE('',*,*,#2166,.F.);
#3045=ORIENTED_EDGE('',*,*,#2167,.F.);
#3046=ORIENTED_EDGE('',*,*,#2168,.F.);
#3047=ORIENTED_EDGE('',*,*,#2019,.F.);
#3048=ORIENTED_EDGE('',*,*,#2169,.F.);
#3049=ORIENTED_EDGE('',*,*,#1976,.F.);
#3050=ORIENTED_EDGE('',*,*,#2170,.F.);
#3051=ORIENTED_EDGE('',*,*,#2162,.F.);
#3052=ORIENTED_EDGE('',*,*,#2161,.F.);
#3053=ORIENTED_EDGE('',*,*,#2171,.T.);
#3054=ORIENTED_EDGE('',*,*,#2172,.F.);
#3055=ORIENTED_EDGE('',*,*,#2173,.F.);
#3056=ORIENTED_EDGE('',*,*,#2165,.T.);
#3057=ORIENTED_EDGE('',*,*,#2156,.F.);
#3058=ORIENTED_EDGE('',*,*,#2172,.T.);
#3059=ORIENTED_EDGE('',*,*,#2174,.T.);
#3060=ORIENTED_EDGE('',*,*,#2175,.T.);
#3061=ORIENTED_EDGE('',*,*,#2176,.T.);
#3062=ORIENTED_EDGE('',*,*,#2177,.T.);
#3063=ORIENTED_EDGE('',*,*,#2178,.T.);
#3064=ORIENTED_EDGE('',*,*,#2179,.T.);
#3065=ORIENTED_EDGE('',*,*,#2180,.T.);
#3066=ORIENTED_EDGE('',*,*,#2181,.T.);
#3067=ORIENTED_EDGE('',*,*,#2180,.F.);
#3068=ORIENTED_EDGE('',*,*,#2182,.T.);
#3069=ORIENTED_EDGE('',*,*,#2166,.T.);
#3070=ORIENTED_EDGE('',*,*,#2173,.T.);
#3071=ORIENTED_EDGE('',*,*,#2176,.F.);
#3072=ORIENTED_EDGE('',*,*,#2179,.F.);
#3073=ORIENTED_EDGE('',*,*,#2183,.T.);
#3074=ORIENTED_EDGE('',*,*,#2184,.F.);
#3075=ORIENTED_EDGE('',*,*,#2167,.T.);
#3076=ORIENTED_EDGE('',*,*,#2182,.F.);
#3077=ORIENTED_EDGE('',*,*,#2119,.F.);
#3078=ORIENTED_EDGE('',*,*,#2185,.F.);
#3079=ORIENTED_EDGE('',*,*,#2108,.F.);
#3080=ORIENTED_EDGE('',*,*,#2122,.F.);
#3081=ORIENTED_EDGE('',*,*,#2148,.T.);
#3082=ORIENTED_EDGE('',*,*,#2142,.F.);
#3083=ORIENTED_EDGE('',*,*,#2186,.F.);
#3084=ORIENTED_EDGE('',*,*,#2098,.F.);
#3085=ORIENTED_EDGE('',*,*,#2145,.T.);
#3086=ORIENTED_EDGE('',*,*,#2147,.T.);
#3087=ORIENTED_EDGE('',*,*,#2139,.T.);
#3088=ORIENTED_EDGE('',*,*,#2095,.F.);
#3089=ORIENTED_EDGE('',*,*,#2109,.F.);
#3090=ORIENTED_EDGE('',*,*,#2185,.T.);
#3091=ORIENTED_EDGE('',*,*,#2118,.F.);
#3092=ORIENTED_EDGE('',*,*,#2129,.F.);
#3093=ORIENTED_EDGE('',*,*,#2187,.T.);
#3094=ORIENTED_EDGE('',*,*,#2153,.F.);
#3095=ORIENTED_EDGE('',*,*,#2151,.F.);
#3096=ORIENTED_EDGE('',*,*,#2188,.T.);
#3097=ORIENTED_EDGE('',*,*,#2177,.F.);
#3098=ORIENTED_EDGE('',*,*,#2181,.F.);
#3099=ORIENTED_EDGE('',*,*,#2175,.F.);
#3100=ORIENTED_EDGE('',*,*,#2189,.T.);
#3101=ORIENTED_EDGE('',*,*,#2159,.F.);
#3102=ORIENTED_EDGE('',*,*,#2154,.F.);
#3103=ORIENTED_EDGE('',*,*,#2187,.F.);
#3104=ORIENTED_EDGE('',*,*,#2128,.F.);
#3105=ORIENTED_EDGE('',*,*,#2131,.T.);
#3106=ORIENTED_EDGE('',*,*,#2099,.F.);
#3107=ORIENTED_EDGE('',*,*,#2186,.T.);
#3108=ORIENTED_EDGE('',*,*,#2141,.F.);
#3109=ORIENTED_EDGE('',*,*,#2135,.F.);
#3110=ORIENTED_EDGE('',*,*,#2164,.F.);
#3111=ORIENTED_EDGE('',*,*,#2190,.F.);
#3112=ORIENTED_EDGE('',*,*,#1974,.F.);
#3113=ORIENTED_EDGE('',*,*,#1986,.F.);
#3114=ORIENTED_EDGE('',*,*,#2021,.F.);
#3115=ORIENTED_EDGE('',*,*,#2191,.F.);
#3116=ORIENTED_EDGE('',*,*,#2183,.F.);
#3117=ORIENTED_EDGE('',*,*,#2178,.F.);
#3118=ORIENTED_EDGE('',*,*,#2188,.F.);
#3119=ORIENTED_EDGE('',*,*,#2150,.F.);
#3120=ORIENTED_EDGE('',*,*,#2189,.F.);
#3121=ORIENTED_EDGE('',*,*,#2174,.F.);
#3122=ORIENTED_EDGE('',*,*,#2171,.F.);
#3123=ORIENTED_EDGE('',*,*,#2160,.F.);
#3124=ORIENTED_EDGE('',*,*,#1975,.F.);
#3125=ORIENTED_EDGE('',*,*,#2190,.T.);
#3126=ORIENTED_EDGE('',*,*,#2163,.F.);
#3127=ORIENTED_EDGE('',*,*,#2170,.T.);
#3128=ORIENTED_EDGE('',*,*,#2020,.F.);
#3129=ORIENTED_EDGE('',*,*,#2168,.T.);
#3130=ORIENTED_EDGE('',*,*,#2184,.T.);
#3131=ORIENTED_EDGE('',*,*,#2191,.T.);
#3132=ORIENTED_EDGE('',*,*,#2090,.F.);
#3133=ORIENTED_EDGE('',*,*,#1977,.T.);
#3134=ORIENTED_EDGE('',*,*,#2169,.T.);
#3135=ORIENTED_EDGE('',*,*,#2018,.F.);
#3136=ORIENTED_EDGE('',*,*,#1720,.F.);
#3137=ORIENTED_EDGE('',*,*,#1716,.F.);
#3138=ORIENTED_EDGE('',*,*,#2103,.T.);
#3139=ORIENTED_EDGE('',*,*,#2192,.T.);
#3140=ORIENTED_EDGE('',*,*,#2193,.T.);
#3141=ORIENTED_EDGE('',*,*,#2194,.T.);
#3142=ORIENTED_EDGE('',*,*,#2106,.T.);
#3143=ORIENTED_EDGE('',*,*,#2195,.T.);
#3144=ORIENTED_EDGE('',*,*,#2196,.T.);
#3145=ORIENTED_EDGE('',*,*,#2192,.F.);
#3146=ORIENTED_EDGE('',*,*,#2105,.T.);
#3147=ORIENTED_EDGE('',*,*,#2197,.T.);
#3148=ORIENTED_EDGE('',*,*,#2198,.T.);
#3149=ORIENTED_EDGE('',*,*,#2195,.F.);
#3150=ORIENTED_EDGE('',*,*,#2199,.T.);
#3151=ORIENTED_EDGE('',*,*,#2197,.F.);
#3152=ORIENTED_EDGE('',*,*,#2104,.T.);
#3153=ORIENTED_EDGE('',*,*,#2194,.F.);
#3154=ORIENTED_EDGE('',*,*,#2199,.F.);
#3155=ORIENTED_EDGE('',*,*,#2200,.T.);
#3156=ORIENTED_EDGE('',*,*,#2201,.F.);
#3157=ORIENTED_EDGE('',*,*,#2202,.T.);
#3158=ORIENTED_EDGE('',*,*,#2193,.F.);
#3159=ORIENTED_EDGE('',*,*,#2203,.F.);
#3160=ORIENTED_EDGE('',*,*,#2204,.F.);
#3161=ORIENTED_EDGE('',*,*,#2200,.F.);
#3162=ORIENTED_EDGE('',*,*,#2009,.T.);
#3163=ORIENTED_EDGE('',*,*,#1944,.T.);
#3164=ORIENTED_EDGE('',*,*,#2205,.T.);
#3165=ORIENTED_EDGE('',*,*,#2206,.T.);
#3166=ORIENTED_EDGE('',*,*,#2207,.T.);
#3167=ORIENTED_EDGE('',*,*,#2208,.T.);
#3168=ORIENTED_EDGE('',*,*,#2205,.F.);
#3169=ORIENTED_EDGE('',*,*,#2209,.T.);
#3170=ORIENTED_EDGE('',*,*,#1948,.T.);
#3171=ORIENTED_EDGE('',*,*,#2007,.T.);
#3172=ORIENTED_EDGE('',*,*,#2010,.T.);
#3173=ORIENTED_EDGE('',*,*,#2207,.F.);
#3174=ORIENTED_EDGE('',*,*,#2210,.T.);
#3175=ORIENTED_EDGE('',*,*,#2209,.F.);
#3176=ORIENTED_EDGE('',*,*,#1943,.T.);
#3177=ORIENTED_EDGE('',*,*,#1955,.F.);
#3178=ORIENTED_EDGE('',*,*,#2211,.F.);
#3179=ORIENTED_EDGE('',*,*,#1736,.T.);
#3180=ORIENTED_EDGE('',*,*,#1744,.F.);
#3181=ORIENTED_EDGE('',*,*,#2070,.F.);
#3182=ORIENTED_EDGE('',*,*,#2075,.T.);
#3183=ORIENTED_EDGE('',*,*,#2064,.F.);
#3184=ORIENTED_EDGE('',*,*,#1732,.T.);
#3185=ORIENTED_EDGE('',*,*,#1728,.T.);
#3186=ORIENTED_EDGE('',*,*,#2008,.T.);
#3187=ORIENTED_EDGE('',*,*,#2210,.F.);
#3188=ORIENTED_EDGE('',*,*,#2206,.F.);
#3189=ORIENTED_EDGE('',*,*,#2208,.F.);
#3190=ORIENTED_EDGE('',*,*,#1947,.F.);
#3191=ORIENTED_EDGE('',*,*,#1960,.F.);
#3192=ORIENTED_EDGE('',*,*,#2002,.T.);
#3193=ORIENTED_EDGE('',*,*,#1962,.F.);
#3194=ORIENTED_EDGE('',*,*,#2003,.T.);
#3195=ORIENTED_EDGE('',*,*,#1949,.F.);
#3196=ORIENTED_EDGE('',*,*,#2211,.T.);
#3197=ORIENTED_EDGE('',*,*,#1954,.F.);
#3198=ORIENTED_EDGE('',*,*,#2201,.T.);
#3199=ORIENTED_EDGE('',*,*,#2204,.T.);
#3200=ORIENTED_EDGE('',*,*,#2212,.T.);
#3201=ORIENTED_EDGE('',*,*,#2213,.T.);
#3202=ORIENTED_EDGE('',*,*,#2196,.F.);
#3203=ORIENTED_EDGE('',*,*,#2214,.F.);
#3204=ORIENTED_EDGE('',*,*,#2212,.F.);
#3205=ORIENTED_EDGE('',*,*,#2203,.T.);
#3206=ORIENTED_EDGE('',*,*,#2198,.F.);
#3207=ORIENTED_EDGE('',*,*,#2202,.F.);
#3208=ORIENTED_EDGE('',*,*,#2213,.F.);
#3209=ORIENTED_EDGE('',*,*,#2214,.T.);
#3210=ORIENTED_EDGE('',*,*,#1799,.F.);
#3211=ORIENTED_EDGE('',*,*,#2215,.T.);
#3212=ORIENTED_EDGE('',*,*,#2216,.T.);
#3213=ORIENTED_EDGE('',*,*,#2217,.F.);
#3214=ORIENTED_EDGE('',*,*,#1775,.T.);
#3215=ORIENTED_EDGE('',*,*,#1820,.F.);
#3216=ORIENTED_EDGE('',*,*,#2025,.T.);
#3217=ORIENTED_EDGE('',*,*,#2218,.T.);
#3218=ORIENTED_EDGE('',*,*,#2215,.F.);
#3219=ORIENTED_EDGE('',*,*,#1798,.F.);
#3220=ORIENTED_EDGE('',*,*,#1782,.T.);
#3221=ORIENTED_EDGE('',*,*,#1797,.T.);
#3222=ORIENTED_EDGE('',*,*,#2013,.F.);
#3223=ORIENTED_EDGE('',*,*,#2219,.T.);
#3224=ORIENTED_EDGE('',*,*,#2220,.T.);
#3225=ORIENTED_EDGE('',*,*,#2028,.F.);
#3226=ORIENTED_EDGE('',*,*,#1800,.F.);
#3227=ORIENTED_EDGE('',*,*,#2217,.T.);
#3228=ORIENTED_EDGE('',*,*,#2221,.T.);
#3229=ORIENTED_EDGE('',*,*,#2219,.F.);
#3230=ORIENTED_EDGE('',*,*,#2066,.F.);
#3231=ORIENTED_EDGE('',*,*,#2221,.F.);
#3232=ORIENTED_EDGE('',*,*,#2216,.F.);
#3233=ORIENTED_EDGE('',*,*,#2218,.F.);
#3234=ORIENTED_EDGE('',*,*,#2029,.F.);
#3235=ORIENTED_EDGE('',*,*,#2220,.F.);
#3236=ORIENTED_EDGE('',*,*,#2017,.F.);
#3237=ORIENTED_EDGE('',*,*,#2222,.T.);
#3238=ORIENTED_EDGE('',*,*,#2223,.T.);
#3239=ORIENTED_EDGE('',*,*,#2224,.F.);
#3240=ORIENTED_EDGE('',*,*,#2024,.T.);
#3241=ORIENTED_EDGE('',*,*,#2225,.T.);
#3242=ORIENTED_EDGE('',*,*,#2222,.F.);
#3243=ORIENTED_EDGE('',*,*,#2016,.F.);
#3244=ORIENTED_EDGE('',*,*,#1817,.F.);
#3245=ORIENTED_EDGE('',*,*,#2226,.T.);
#3246=ORIENTED_EDGE('',*,*,#2227,.T.);
#3247=ORIENTED_EDGE('',*,*,#2030,.F.);
#3248=ORIENTED_EDGE('',*,*,#1725,.F.);
#3249=ORIENTED_EDGE('',*,*,#2224,.T.);
#3250=ORIENTED_EDGE('',*,*,#2228,.T.);
#3251=ORIENTED_EDGE('',*,*,#2226,.F.);
#3252=ORIENTED_EDGE('',*,*,#1816,.F.);
#3253=ORIENTED_EDGE('',*,*,#2228,.F.);
#3254=ORIENTED_EDGE('',*,*,#2223,.F.);
#3255=ORIENTED_EDGE('',*,*,#2225,.F.);
#3256=ORIENTED_EDGE('',*,*,#2031,.F.);
#3257=ORIENTED_EDGE('',*,*,#2227,.F.);
#3258=ORIENTED_EDGE('',*,*,#2069,.F.);
#3259=ORIENTED_EDGE('',*,*,#2074,.T.);
#3260=ORIENTED_EDGE('',*,*,#2079,.F.);
#3261=ORIENTED_EDGE('',*,*,#2052,.F.);
#3262=ORIENTED_EDGE('',*,*,#2032,.F.);
#3263=ORIENTED_EDGE('',*,*,#2042,.F.);
#3264=ORIENTED_EDGE('',*,*,#2040,.F.);
#3265=ORIENTED_EDGE('',*,*,#1906,.F.);
#3266=ORIENTED_EDGE('',*,*,#1905,.T.);
#3267=ORIENTED_EDGE('',*,*,#2115,.F.);
#3268=ORIENTED_EDGE('',*,*,#2112,.F.);
#3269=ORIENTED_EDGE('',*,*,#2085,.F.);
#3270=ORIENTED_EDGE('',*,*,#1813,.F.);
#3271=ORIENTED_EDGE('',*,*,#2059,.F.);
#3272=ORIENTED_EDGE('',*,*,#2229,.T.);
#3273=ORIENTED_EDGE('',*,*,#2230,.T.);
#3274=ORIENTED_EDGE('',*,*,#2231,.T.);
#3275=ORIENTED_EDGE('',*,*,#2058,.F.);
#3276=ORIENTED_EDGE('',*,*,#1925,.F.);
#3277=ORIENTED_EDGE('',*,*,#2232,.F.);
#3278=ORIENTED_EDGE('',*,*,#2229,.F.);
#3279=ORIENTED_EDGE('',*,*,#2233,.F.);
#3280=ORIENTED_EDGE('',*,*,#2234,.F.);
#3281=ORIENTED_EDGE('',*,*,#2235,.F.);
#3282=ORIENTED_EDGE('',*,*,#2236,.F.);
#3283=ORIENTED_EDGE('',*,*,#2237,.F.);
#3284=ORIENTED_EDGE('',*,*,#2238,.F.);
#3285=ORIENTED_EDGE('',*,*,#2239,.T.);
#3286=ORIENTED_EDGE('',*,*,#2234,.T.);
#3287=ORIENTED_EDGE('',*,*,#1879,.T.);
#3288=ORIENTED_EDGE('',*,*,#1918,.F.);
#3289=ORIENTED_EDGE('',*,*,#2240,.F.);
#3290=ORIENTED_EDGE('',*,*,#2241,.T.);
#3291=ORIENTED_EDGE('',*,*,#2232,.T.);
#3292=ORIENTED_EDGE('',*,*,#1924,.F.);
#3293=ORIENTED_EDGE('',*,*,#2242,.T.);
#3294=ORIENTED_EDGE('',*,*,#2230,.F.);
#3295=ORIENTED_EDGE('',*,*,#2060,.F.);
#3296=ORIENTED_EDGE('',*,*,#2231,.F.);
#3297=ORIENTED_EDGE('',*,*,#2242,.F.);
#3298=ORIENTED_EDGE('',*,*,#1923,.F.);
#3299=ORIENTED_EDGE('',*,*,#1881,.T.);
#3300=ORIENTED_EDGE('',*,*,#2243,.F.);
#3301=ORIENTED_EDGE('',*,*,#2244,.F.);
#3302=ORIENTED_EDGE('',*,*,#2055,.F.);
#3303=ORIENTED_EDGE('',*,*,#2245,.F.);
#3304=ORIENTED_EDGE('',*,*,#2236,.T.);
#3305=ORIENTED_EDGE('',*,*,#2246,.T.);
#3306=ORIENTED_EDGE('',*,*,#2247,.F.);
#3307=ORIENTED_EDGE('',*,*,#2246,.F.);
#3308=ORIENTED_EDGE('',*,*,#2235,.T.);
#3309=ORIENTED_EDGE('',*,*,#2239,.F.);
#3310=ORIENTED_EDGE('',*,*,#2248,.F.);
#3311=ORIENTED_EDGE('',*,*,#1880,.T.);
#3312=ORIENTED_EDGE('',*,*,#2241,.F.);
#3313=ORIENTED_EDGE('',*,*,#2249,.F.);
#3314=ORIENTED_EDGE('',*,*,#2247,.T.);
#3315=ORIENTED_EDGE('',*,*,#2248,.T.);
#3316=ORIENTED_EDGE('',*,*,#2238,.T.);
#3317=ORIENTED_EDGE('',*,*,#2250,.F.);
#3318=ORIENTED_EDGE('',*,*,#2243,.T.);
#3319=ORIENTED_EDGE('',*,*,#2039,.F.);
#3320=ORIENTED_EDGE('',*,*,#2056,.T.);
#3321=ORIENTED_EDGE('',*,*,#2244,.T.);
#3322=ORIENTED_EDGE('',*,*,#2250,.T.);
#3323=ORIENTED_EDGE('',*,*,#2237,.T.);
#3324=ORIENTED_EDGE('',*,*,#2233,.T.);
#3325=ORIENTED_EDGE('',*,*,#2245,.T.);
#3326=ORIENTED_EDGE('',*,*,#2249,.T.);
#3327=ORIENTED_EDGE('',*,*,#2240,.T.);
#3328=ORIENTED_EDGE('',*,*,#1917,.T.);
#3329=ORIENTED_EDGE('',*,*,#2050,.F.);
#3330=ORIENTED_EDGE('',*,*,#2054,.T.);
#3331=ORIENTED_EDGE('',*,*,#2045,.F.);
#3332=ORIENTED_EDGE('',*,*,#2047,.F.);
#3333=CYLINDRICAL_SURFACE('',#3581,6.7);
#3334=CYLINDRICAL_SURFACE('',#3590,1.5);
#3335=CYLINDRICAL_SURFACE('',#3592,6.7);
#3336=CYLINDRICAL_SURFACE('',#3605,6.125);
#3337=CYLINDRICAL_SURFACE('',#3621,8.5);
#3338=CYLINDRICAL_SURFACE('',#3656,1.5);
#3339=CYLINDRICAL_SURFACE('',#3659,1.5);
#3340=CYLINDRICAL_SURFACE('',#3677,8.);
#3341=CYLINDRICAL_SURFACE('',#3679,8.);
#3342=CYLINDRICAL_SURFACE('',#3684,4.12500000002226);
#3343=CYLINDRICAL_SURFACE('',#3690,8.);
#3344=CYLINDRICAL_SURFACE('',#3696,1.15);
#3345=CYLINDRICAL_SURFACE('',#3703,1.2);
#3346=CYLINDRICAL_SURFACE('',#3710,1.9);
#3347=CYLINDRICAL_SURFACE('',#3718,0.999999999749441);
#3348=CYLINDRICAL_SURFACE('',#3721,9.);
#3349=CYLINDRICAL_SURFACE('',#3732,1.15);
#3350=CYLINDRICAL_SURFACE('',#3736,1.15);
#3351=CYLINDRICAL_SURFACE('',#3740,9.);
#3352=CYLINDRICAL_SURFACE('',#3741,1.99999999999983);
#3353=CYLINDRICAL_SURFACE('',#3743,1.99999999999983);
#3354=CYLINDRICAL_SURFACE('',#3748,1.5);
#3355=CYLINDRICAL_SURFACE('',#3762,1.5);
#3356=CYLINDRICAL_SURFACE('',#3763,9.5);
#3357=CYLINDRICAL_SURFACE('',#3769,8.);
#3358=CYLINDRICAL_SURFACE('',#3771,1.5);
#3359=CYLINDRICAL_SURFACE('',#3774,1.5);
#3360=CYLINDRICAL_SURFACE('',#3775,1.5);
#3361=CYLINDRICAL_SURFACE('',#3779,1.5);
#3362=CYLINDRICAL_SURFACE('',#3785,1.5);
#3363=CYLINDRICAL_SURFACE('',#3809,9.25);
#3364=CYLINDRICAL_SURFACE('',#3819,8.25);
#3365=CYLINDRICAL_SURFACE('',#3825,9.25);
#3366=CYLINDRICAL_SURFACE('',#3829,1.5);
#3367=CYLINDRICAL_SURFACE('',#3835,9.25);
#3368=CYLINDRICAL_SURFACE('',#3836,2.49866560398947);
#3369=CYLINDRICAL_SURFACE('',#3837,9.);
#3370=CYLINDRICAL_SURFACE('',#3838,1.2);
#3371=CYLINDRICAL_SURFACE('',#3841,1.2);
#3372=CYLINDRICAL_SURFACE('',#3844,1.9);
#3373=CYLINDRICAL_SURFACE('',#3847,1.2);
#3374=CYLINDRICAL_SURFACE('',#3853,1.9);
#3375=CYLINDRICAL_SURFACE('',#3858,1.9);
#3376=CYLINDRICAL_SURFACE('',#3871,9.5);
#3377=CYLINDRICAL_SURFACE('',#3872,3.49999999998024);
#3378=CYLINDRICAL_SURFACE('',#3877,3.49999999998024);
#3379=CYLINDRICAL_SURFACE('',#3892,4.12500000002226);
#3380=ADVANCED_FACE('',(#286),#3333,.F.);
#3381=ADVANCED_FACE('',(#287),#185,.T.);
#3382=ADVANCED_FACE('',(#288),#186,.T.);
#3383=ADVANCED_FACE('',(#289),#187,.T.);
#3384=ADVANCED_FACE('',(#290),#3334,.T.);
#3385=ADVANCED_FACE('',(#291),#3335,.F.);
#3386=ADVANCED_FACE('',(#292),#188,.T.);
#3387=ADVANCED_FACE('',(#293),#189,.T.);
#3388=ADVANCED_FACE('',(#294),#190,.T.);
#3389=ADVANCED_FACE('',(#295),#160,.T.);
#3390=ADVANCED_FACE('',(#296),#3336,.F.);
#3391=ADVANCED_FACE('',(#297),#191,.T.);
#3392=ADVANCED_FACE('',(#298),#192,.T.);
#3393=ADVANCED_FACE('',(#299),#193,.T.);
#3394=ADVANCED_FACE('',(#300),#161,.F.);
#3395=ADVANCED_FACE('',(#301),#162,.F.);
#3396=ADVANCED_FACE('',(#302,#54),#3337,.F.);
#3397=ADVANCED_FACE('',(#303),#194,.F.);
#3398=ADVANCED_FACE('',(#304),#195,.F.);
#3399=ADVANCED_FACE('',(#305),#196,.F.);
#3400=ADVANCED_FACE('',(#306),#197,.F.);
#3401=ADVANCED_FACE('',(#307),#198,.F.);
#3402=ADVANCED_FACE('',(#308),#199,.F.);
#3403=ADVANCED_FACE('',(#309),#200,.F.);
#3404=ADVANCED_FACE('',(#310),#201,.F.);
#3405=ADVANCED_FACE('',(#311),#202,.T.);
#3406=ADVANCED_FACE('',(#312),#49,.F.);
#3407=ADVANCED_FACE('',(#313),#203,.F.);
#3408=ADVANCED_FACE('',(#314),#50,.F.);
#3409=ADVANCED_FACE('',(#315),#204,.T.);
#3410=ADVANCED_FACE('',(#316),#51,.F.);
#3411=ADVANCED_FACE('',(#317),#205,.T.);
#3412=ADVANCED_FACE('',(#318),#3338,.F.);
#3413=ADVANCED_FACE('',(#319),#29,.T.);
#3414=ADVANCED_FACE('',(#320),#206,.F.);
#3415=ADVANCED_FACE('',(#321),#3339,.F.);
#3416=ADVANCED_FACE('',(#322),#163,.F.);
#3417=ADVANCED_FACE('',(#323),#30,.T.);
#3418=ADVANCED_FACE('',(#324),#207,.F.);
#3419=ADVANCED_FACE('',(#325),#208,.T.);
#3420=ADVANCED_FACE('',(#326),#209,.F.);
#3421=ADVANCED_FACE('',(#327),#210,.F.);
#3422=ADVANCED_FACE('',(#328),#211,.F.);
#3423=ADVANCED_FACE('',(#329),#31,.T.);
#3424=ADVANCED_FACE('',(#330),#3340,.T.);
#3425=ADVANCED_FACE('',(#331),#3341,.T.);
#3426=ADVANCED_FACE('',(#332),#212,.T.);
#3427=ADVANCED_FACE('',(#333),#213,.T.);
#3428=ADVANCED_FACE('',(#334),#214,.F.);
#3429=ADVANCED_FACE('',(#335),#3342,.F.);
#3430=ADVANCED_FACE('',(#336),#3343,.T.);
#3431=ADVANCED_FACE('',(#337),#215,.F.);
#3432=ADVANCED_FACE('',(#338),#216,.T.);
#3433=ADVANCED_FACE('',(#339),#217,.T.);
#3434=ADVANCED_FACE('',(#340,#55),#3344,.F.);
#3435=ADVANCED_FACE('',(#341),#218,.T.);
#3436=ADVANCED_FACE('',(#342),#219,.T.);
#3437=ADVANCED_FACE('',(#343),#220,.F.);
#3438=ADVANCED_FACE('',(#344),#221,.T.);
#3439=ADVANCED_FACE('',(#345),#3345,.F.);
#3440=ADVANCED_FACE('',(#346),#222,.T.);
#3441=ADVANCED_FACE('',(#347),#3346,.T.);
#3442=ADVANCED_FACE('',(#348),#164,.F.);
#3443=ADVANCED_FACE('',(#349),#165,.F.);
#3444=ADVANCED_FACE('',(#350),#223,.F.);
#3445=ADVANCED_FACE('',(#351),#224,.F.);
#3446=ADVANCED_FACE('',(#352),#3347,.T.);
#3447=ADVANCED_FACE('',(#353),#225,.F.);
#3448=ADVANCED_FACE('',(#354),#32,.F.);
#3449=ADVANCED_FACE('',(#355),#33,.F.);
#3450=ADVANCED_FACE('',(#356),#226,.T.);
#3451=ADVANCED_FACE('',(#357),#3348,.T.);
#3452=ADVANCED_FACE('',(#358),#227,.T.);
#3453=ADVANCED_FACE('',(#359),#228,.F.);
#3454=ADVANCED_FACE('',(#360),#229,.F.);
#3455=ADVANCED_FACE('',(#361),#230,.F.);
#3456=ADVANCED_FACE('',(#362),#3349,.F.);
#3457=ADVANCED_FACE('',(#363),#231,.F.);
#3458=ADVANCED_FACE('',(#364),#232,.F.);
#3459=ADVANCED_FACE('',(#365,#56),#3350,.F.);
#3460=ADVANCED_FACE('',(#366),#233,.T.);
#3461=ADVANCED_FACE('',(#367),#3351,.T.);
#3462=ADVANCED_FACE('',(#368),#3352,.F.);
#3463=ADVANCED_FACE('',(#369),#3353,.F.);
#3464=ADVANCED_FACE('',(#370),#234,.F.);
#3465=ADVANCED_FACE('',(#371),#235,.F.);
#3466=ADVANCED_FACE('',(#372),#236,.F.);
#3467=ADVANCED_FACE('',(#373),#3354,.T.);
#3468=ADVANCED_FACE('',(#374),#166,.T.);
#3469=ADVANCED_FACE('',(#375),#15,.F.);
#3470=ADVANCED_FACE('',(#376),#237,.T.);
#3471=ADVANCED_FACE('',(#377),#16,.F.);
#3472=ADVANCED_FACE('',(#378),#167,.T.);
#3473=ADVANCED_FACE('',(#379),#3355,.T.);
#3474=ADVANCED_FACE('',(#380),#3356,.T.);
#3475=ADVANCED_FACE('',(#381),#238,.T.);
#3476=ADVANCED_FACE('',(#382),#239,.T.);
#3477=ADVANCED_FACE('',(#383),#3357,.T.);
#3478=ADVANCED_FACE('',(#384),#17,.F.);
#3479=ADVANCED_FACE('',(#385),#3358,.T.);
#3480=ADVANCED_FACE('',(#386),#18,.F.);
#3481=ADVANCED_FACE('',(#387),#3359,.T.);
#3482=ADVANCED_FACE('',(#388),#3360,.T.);
#3483=ADVANCED_FACE('',(#389,#57),#34,.F.);
#3484=ADVANCED_FACE('',(#390),#240,.F.);
#3485=ADVANCED_FACE('',(#391),#19,.F.);
#3486=ADVANCED_FACE('',(#392),#20,.F.);
#3487=ADVANCED_FACE('',(#393),#241,.F.);
#3488=ADVANCED_FACE('',(#394),#3361,.T.);
#3489=ADVANCED_FACE('',(#395),#21,.F.);
#3490=ADVANCED_FACE('',(#396),#168,.T.);
#3491=ADVANCED_FACE('',(#397),#3362,.T.);
#3492=ADVANCED_FACE('',(#398),#22,.F.);
#3493=ADVANCED_FACE('',(#399,#58),#242,.T.);
#3494=ADVANCED_FACE('',(#400),#35,.T.);
#3495=ADVANCED_FACE('',(#401),#243,.F.);
#3496=ADVANCED_FACE('',(#402),#23,.F.);
#3497=ADVANCED_FACE('',(#403),#24,.F.);
#3498=ADVANCED_FACE('',(#404),#25,.T.);
#3499=ADVANCED_FACE('',(#405),#244,.F.);
#3500=ADVANCED_FACE('',(#406),#26,.T.);
#3501=ADVANCED_FACE('',(#407),#245,.F.);
#3502=ADVANCED_FACE('',(#408),#27,.T.);
#3503=ADVANCED_FACE('',(#409),#246,.F.);
#3504=ADVANCED_FACE('',(#410),#28,.T.);
#3505=ADVANCED_FACE('',(#411),#247,.F.);
#3506=ADVANCED_FACE('',(#412),#248,.F.);
#3507=ADVANCED_FACE('',(#413),#249,.F.);
#3508=ADVANCED_FACE('',(#414),#250,.F.);
#3509=ADVANCED_FACE('',(#415),#251,.F.);
#3510=ADVANCED_FACE('',(#416),#252,.T.);
#3511=ADVANCED_FACE('',(#417),#52,.F.);
#3512=ADVANCED_FACE('',(#418),#253,.T.);
#3513=ADVANCED_FACE('',(#419),#3363,.F.);
#3514=ADVANCED_FACE('',(#420),#254,.T.);
#3515=ADVANCED_FACE('',(#421),#3364,.T.);
#3516=ADVANCED_FACE('',(#422),#255,.T.);
#3517=ADVANCED_FACE('',(#423),#256,.T.);
#3518=ADVANCED_FACE('',(#424),#53,.F.);
#3519=ADVANCED_FACE('',(#425),#3365,.F.);
#3520=ADVANCED_FACE('',(#426),#257,.F.);
#3521=ADVANCED_FACE('',(#427),#258,.F.);
#3522=ADVANCED_FACE('',(#428),#3366,.F.);
#3523=ADVANCED_FACE('',(#429,#59),#259,.F.);
#3524=ADVANCED_FACE('',(#430),#3367,.T.);
#3525=ADVANCED_FACE('',(#431),#3368,.T.);
#3526=ADVANCED_FACE('',(#432),#3369,.T.);
#3527=ADVANCED_FACE('',(#433),#3370,.F.);
#3528=ADVANCED_FACE('',(#434),#169,.F.);
#3529=ADVANCED_FACE('',(#435),#3371,.F.);
#3530=ADVANCED_FACE('',(#436),#170,.F.);
#3531=ADVANCED_FACE('',(#437),#3372,.T.);
#3532=ADVANCED_FACE('',(#438),#260,.T.);
#3533=ADVANCED_FACE('',(#439),#3373,.F.);
#3534=ADVANCED_FACE('',(#440),#171,.F.);
#3535=ADVANCED_FACE('',(#441),#172,.F.);
#3536=ADVANCED_FACE('',(#442),#3374,.T.);
#3537=ADVANCED_FACE('',(#443,#60),#261,.F.);
#3538=ADVANCED_FACE('',(#444),#262,.T.);
#3539=ADVANCED_FACE('',(#445),#263,.F.);
#3540=ADVANCED_FACE('',(#446),#3375,.T.);
#3541=ADVANCED_FACE('',(#447),#264,.T.);
#3542=ADVANCED_FACE('',(#448),#265,.F.);
#3543=ADVANCED_FACE('',(#449),#266,.F.);
#3544=ADVANCED_FACE('',(#450),#267,.F.);
#3545=ADVANCED_FACE('',(#451),#268,.F.);
#3546=ADVANCED_FACE('',(#452),#269,.F.);
#3547=ADVANCED_FACE('',(#453),#270,.F.);
#3548=ADVANCED_FACE('',(#454),#271,.F.);
#3549=ADVANCED_FACE('',(#455),#272,.F.);
#3550=ADVANCED_FACE('',(#456),#273,.F.);
#3551=ADVANCED_FACE('',(#457),#274,.F.);
#3552=ADVANCED_FACE('',(#458),#275,.T.);
#3553=ADVANCED_FACE('',(#459),#3376,.T.);
#3554=ADVANCED_FACE('',(#460),#3377,.F.);
#3555=ADVANCED_FACE('',(#461),#276,.F.);
#3556=ADVANCED_FACE('',(#462),#3378,.F.);
#3557=ADVANCED_FACE('',(#463),#277,.T.);
#3558=ADVANCED_FACE('',(#464),#278,.F.);
#3559=ADVANCED_FACE('',(#465),#279,.T.);
#3560=ADVANCED_FACE('',(#466),#280,.F.);
#3561=ADVANCED_FACE('',(#467),#281,.F.);
#3562=ADVANCED_FACE('',(#468),#282,.T.);
#3563=ADVANCED_FACE('',(#469),#283,.F.);
#3564=ADVANCED_FACE('',(#470),#3379,.F.);
#3565=ADVANCED_FACE('',(#471),#284,.F.);
#3566=ADVANCED_FACE('',(#472),#285,.F.);
#3567=CLOSED_SHELL('',(#3380,#3381,#3382,#3383,#3384,#3385,#3386,#3387,
#3388,#3389,#3390,#3391,#3392,#3393,#3394,#3395,#3396,#3397,#3398,#3399,
#3400,#3401,#3402,#3403,#3404,#3405,#3406,#3407,#3408,#3409,#3410,#3411,
#3412,#3413,#3414,#3415,#3416,#3417,#3418,#3419,#3420,#3421,#3422,#3423,
#3424,#3425,#3426,#3427,#3428,#3429,#3430,#3431,#3432,#3433,#3434,#3435,
#3436,#3437,#3438,#3439,#3440,#3441,#3442,#3443,#3444,#3445,#3446,#3447,
#3448,#3449,#3450,#3451,#3452,#3453,#3454,#3455,#3456,#3457,#3458,#3459,
#3460,#3461,#3462,#3463,#3464,#3465,#3466,#3467,#3468,#3469,#3470,#3471,
#3472,#3473,#3474,#3475,#3476,#3477,#3478,#3479,#3480,#3481,#3482,#3483,
#3484,#3485,#3486,#3487,#3488,#3489,#3490,#3491,#3492,#3493,#3494,#3495,
#3496,#3497,#3498,#3499,#3500,#3501,#3502,#3503,#3504,#3505,#3506,#3507,
#3508,#3509,#3510,#3511,#3512,#3513,#3514,#3515,#3516,#3517,#3518,#3519,
#3520,#3521,#3522,#3523,#3524,#3525,#3526,#3527,#3528,#3529,#3530,#3531,
#3532,#3533,#3534,#3535,#3536,#3537,#3538,#3539,#3540,#3541,#3542,#3543,
#3544,#3545,#3546,#3547,#3548,#3549,#3550,#3551,#3552,#3553,#3554,#3555,
#3556,#3557,#3558,#3559,#3560,#3561,#3562,#3563,#3564,#3565,#3566));
#3568=DERIVED_UNIT_ELEMENT(#3570,1.);
#3569=DERIVED_UNIT_ELEMENT(#7148,-3.);
#3570=(
MASS_UNIT()
NAMED_UNIT(*)
SI_UNIT(.KILO.,.GRAM.)
);
#3571=DERIVED_UNIT((#3568,#3569));
#3572=MEASURE_REPRESENTATION_ITEM('density measure',
POSITIVE_RATIO_MEASURE(7850.),#3571);
#3573=PROPERTY_DEFINITION_REPRESENTATION(#3578,#3575);
#3574=PROPERTY_DEFINITION_REPRESENTATION(#3579,#3576);
#3575=REPRESENTATION('material name',(#3577),#7145);
#3576=REPRESENTATION('density',(#3572),#7145);
#3577=DESCRIPTIVE_REPRESENTATION_ITEM('Steel','Steel');
#3578=PROPERTY_DEFINITION('material property','material name',#7155);
#3579=PROPERTY_DEFINITION('material property','density of part',#7155);
#3580=AXIS2_PLACEMENT_3D('',#4810,#3897,#3898);
#3581=AXIS2_PLACEMENT_3D('',#4811,#3899,#3900);
#3582=AXIS2_PLACEMENT_3D('',#4814,#3901,#3902);
#3583=AXIS2_PLACEMENT_3D('',#4818,#3904,#3905);
#3584=AXIS2_PLACEMENT_3D('',#4820,#3907,#3908);
#3585=AXIS2_PLACEMENT_3D('',#4824,#3910,#3911);
#3586=AXIS2_PLACEMENT_3D('',#4828,#3914,#3915);
#3587=AXIS2_PLACEMENT_3D('',#4833,#3918,#3919);
#3588=AXIS2_PLACEMENT_3D('',#4834,#3920,#3921);
#3589=AXIS2_PLACEMENT_3D('',#4839,#3924,#3925);
#3590=AXIS2_PLACEMENT_3D('',#4840,#3926,#3927);
#3591=AXIS2_PLACEMENT_3D('',#4846,#3930,#3931);
#3592=AXIS2_PLACEMENT_3D('',#4848,#3933,#3934);
#3593=AXIS2_PLACEMENT_3D('',#4851,#3935,#3936);
#3594=AXIS2_PLACEMENT_3D('',#4855,#3938,#3939);
#3595=AXIS2_PLACEMENT_3D('',#4857,#3941,#3942);
#3596=AXIS2_PLACEMENT_3D('',#4861,#3944,#3945);
#3597=AXIS2_PLACEMENT_3D('',#4865,#3948,#3949);
#3598=AXIS2_PLACEMENT_3D('',#4872,#3953,#3954);
#3599=AXIS2_PLACEMENT_3D('',#4873,#3955,#3956);
#3600=AXIS2_PLACEMENT_3D('',#4876,#3958,#3959);
#3601=AXIS2_PLACEMENT_3D('',#4877,#3960,#3961);
#3602=AXIS2_PLACEMENT_3D('',#4879,#3962,#3963);
#3603=AXIS2_PLACEMENT_3D('',#4881,#3964,#3965);
#3604=AXIS2_PLACEMENT_3D('',#4882,#3966,#3967);
#3605=AXIS2_PLACEMENT_3D('',#4883,#3968,#3969);
#3606=AXIS2_PLACEMENT_3D('',#4888,#3971,#3972);
#3607=AXIS2_PLACEMENT_3D('',#4891,#3974,#3975);
#3608=AXIS2_PLACEMENT_3D('',#4892,#3976,#3977);
#3609=AXIS2_PLACEMENT_3D('',#4896,#3979,#3980);
#3610=AXIS2_PLACEMENT_3D('',#4900,#3983,#3984);
#3611=AXIS2_PLACEMENT_3D('',#4903,#3985,#3986);
#3612=AXIS2_PLACEMENT_3D('',#4908,#3990,#3991);
#3613=AXIS2_PLACEMENT_3D('',#4909,#3992,#3993);
#3614=AXIS2_PLACEMENT_3D('',#4910,#3994,#3995);
#3615=AXIS2_PLACEMENT_3D('',#4912,#3996,#3997);
#3616=AXIS2_PLACEMENT_3D('',#4928,#3998,#3999);
#3617=AXIS2_PLACEMENT_3D('',#4929,#4000,#4001);
#3618=AXIS2_PLACEMENT_3D('',#4931,#4002,#4003);
#3619=AXIS2_PLACEMENT_3D('',#4933,#4004,#4005);
#3620=AXIS2_PLACEMENT_3D('',#4934,#4006,#4007);
#3621=AXIS2_PLACEMENT_3D('',#4935,#4008,#4009);
#3622=AXIS2_PLACEMENT_3D('',#4939,#4011,#4012);
#3623=AXIS2_PLACEMENT_3D('',#4943,#4014,#4015);
#3624=AXIS2_PLACEMENT_3D('',#4947,#4017,#4018);
#3625=AXIS2_PLACEMENT_3D('',#4953,#4021,#4022);
#3626=AXIS2_PLACEMENT_3D('',#4956,#4024,#4025);
#3627=AXIS2_PLACEMENT_3D('',#4957,#4026,#4027);
#3628=AXIS2_PLACEMENT_3D('',#4966,#4032,#4033);
#3629=AXIS2_PLACEMENT_3D('',#4972,#4037,#4038);
#3630=AXIS2_PLACEMENT_3D('',#4981,#4043,#4044);
#3631=AXIS2_PLACEMENT_3D('',#4987,#4048,#4049);
#3632=AXIS2_PLACEMENT_3D('',#4993,#4053,#4054);
#3633=AXIS2_PLACEMENT_3D('',#4999,#4058,#4059);
#3634=AXIS2_PLACEMENT_3D('',#5002,#4062,#4063);
#3635=AXIS2_PLACEMENT_3D('',#5004,#4065,#4066);
#3636=AXIS2_PLACEMENT_3D('',#5033,#4075,#4076);
#3637=AXIS2_PLACEMENT_3D('',#5037,#4078,#4079);
#3638=AXIS2_PLACEMENT_3D('',#5064,#4088,#4089);
#3639=AXIS2_PLACEMENT_3D('',#5066,#4091,#4092);
#3640=AXIS2_PLACEMENT_3D('',#5076,#4093,#4094);
#3641=AXIS2_PLACEMENT_3D('',#5080,#4095,#4096);
#3642=AXIS2_PLACEMENT_3D('',#5084,#4098,#4099);
#3643=AXIS2_PLACEMENT_3D('',#5090,#4100,#4101);
#3644=AXIS2_PLACEMENT_3D('',#5094,#4102,#4103);
#3645=AXIS2_PLACEMENT_3D('',#5100,#4104,#4105);
#3646=AXIS2_PLACEMENT_3D('',#5104,#4106,#4107);
#3647=AXIS2_PLACEMENT_3D('',#5108,#4109,#4110);
#3648=AXIS2_PLACEMENT_3D('',#5130,#4112,#4113);
#3649=AXIS2_PLACEMENT_3D('',#5132,#4114,#4115);
#3650=AXIS2_PLACEMENT_3D('',#5138,#4118,#4119);
#3651=AXIS2_PLACEMENT_3D('',#5144,#4122,#4123);
#3652=AXIS2_PLACEMENT_3D('',#5152,#4127,#4128);
#3653=AXIS2_PLACEMENT_3D('',#5154,#4130,#4131);
#3654=AXIS2_PLACEMENT_3D('',#5160,#4132,#4133);
#3655=AXIS2_PLACEMENT_3D('',#5164,#4134,#4135);
#3656=AXIS2_PLACEMENT_3D('',#5170,#4139,#4140);
#3657=AXIS2_PLACEMENT_3D('',#5202,#4143,#4144);
#3658=AXIS2_PLACEMENT_3D('',#5203,#4145,#4146);
#3659=AXIS2_PLACEMENT_3D('',#5205,#4148,#4149);
#3660=AXIS2_PLACEMENT_3D('',#5222,#4151,#4152);
#3661=AXIS2_PLACEMENT_3D('',#5224,#4153,#4154);
#3662=AXIS2_PLACEMENT_3D('',#5225,#4155,#4156);
#3663=AXIS2_PLACEMENT_3D('',#5242,#4157,#4158);
#3664=AXIS2_PLACEMENT_3D('',#5247,#4159,#4160);
#3665=AXIS2_PLACEMENT_3D('',#5249,#4161,#4162);
#3666=AXIS2_PLACEMENT_3D('',#5255,#4165,#4166);
#3667=AXIS2_PLACEMENT_3D('',#5261,#4169,#4170);
#3668=AXIS2_PLACEMENT_3D('',#5266,#4171,#4172);
#3669=AXIS2_PLACEMENT_3D('',#5273,#4173,#4174);
#3670=AXIS2_PLACEMENT_3D('',#5279,#4177,#4178);
#3671=AXIS2_PLACEMENT_3D('',#5284,#4181,#4182);
#3672=AXIS2_PLACEMENT_3D('',#5285,#4183,#4184);
#3673=AXIS2_PLACEMENT_3D('',#5293,#4189,#4190);
#3674=AXIS2_PLACEMENT_3D('',#5297,#4193,#4194);
#3675=AXIS2_PLACEMENT_3D('',#5301,#4196,#4197);
#3676=AXIS2_PLACEMENT_3D('',#5307,#4201,#4202);
#3677=AXIS2_PLACEMENT_3D('',#5379,#4205,#4206);
#3678=AXIS2_PLACEMENT_3D('',#5382,#4208,#4209);
#3679=AXIS2_PLACEMENT_3D('',#5383,#4210,#4211);
#3680=AXIS2_PLACEMENT_3D('',#5385,#4212,#4213);
#3681=AXIS2_PLACEMENT_3D('',#5387,#4215,#4216);
#3682=AXIS2_PLACEMENT_3D('',#5396,#4219,#4220);
#3683=AXIS2_PLACEMENT_3D('',#5405,#4223,#4224);
#3684=AXIS2_PLACEMENT_3D('',#5409,#4227,#4228);
#3685=AXIS2_PLACEMENT_3D('',#5413,#4230,#4231);
#3686=AXIS2_PLACEMENT_3D('',#5415,#4232,#4233);
#3687=AXIS2_PLACEMENT_3D('',#5417,#4234,#4235);
#3688=AXIS2_PLACEMENT_3D('',#5419,#4236,#4237);
#3689=AXIS2_PLACEMENT_3D('',#5420,#4238,#4239);
#3690=AXIS2_PLACEMENT_3D('',#5421,#4240,#4241);
#3691=AXIS2_PLACEMENT_3D('',#5423,#4242,#4243);
#3692=AXIS2_PLACEMENT_3D('',#5425,#4245,#4246);
#3693=AXIS2_PLACEMENT_3D('',#5429,#4249,#4250);
#3694=AXIS2_PLACEMENT_3D('',#5436,#4252,#4253);
#3695=AXIS2_PLACEMENT_3D('',#5438,#4254,#4255);
#3696=AXIS2_PLACEMENT_3D('',#5439,#4256,#4257);
#3697=AXIS2_PLACEMENT_3D('',#5576,#4261,#4262);
#3698=AXIS2_PLACEMENT_3D('',#5578,#4263,#4264);
#3699=AXIS2_PLACEMENT_3D('',#5579,#4265,#4266);
#3700=AXIS2_PLACEMENT_3D('',#5581,#4267,#4268);
#3701=AXIS2_PLACEMENT_3D('',#5582,#4269,#4270);
#3702=AXIS2_PLACEMENT_3D('',#5583,#4271,#4272);
#3703=AXIS2_PLACEMENT_3D('',#5592,#4277,#4278);
#3704=AXIS2_PLACEMENT_3D('',#5632,#4281,#4282);
#3705=AXIS2_PLACEMENT_3D('',#5634,#4283,#4284);
#3706=AXIS2_PLACEMENT_3D('',#5636,#4285,#4286);
#3707=AXIS2_PLACEMENT_3D('',#5638,#4287,#4288);
#3708=AXIS2_PLACEMENT_3D('',#5640,#4289,#4290);
#3709=AXIS2_PLACEMENT_3D('',#5643,#4292,#4293);
#3710=AXIS2_PLACEMENT_3D('',#5644,#4294,#4295);
#3711=AXIS2_PLACEMENT_3D('',#5648,#4297,#4298);
#3712=AXIS2_PLACEMENT_3D('',#5650,#4300,#4301);
#3713=AXIS2_PLACEMENT_3D('',#5660,#4302,#4303);
#3714=AXIS2_PLACEMENT_3D('',#5661,#4304,#4305);
#3715=AXIS2_PLACEMENT_3D('',#5680,#4306,#4307);
#3716=AXIS2_PLACEMENT_3D('',#5695,#4308,#4309);
#3717=AXIS2_PLACEMENT_3D('',#5704,#4310,#4311);
#3718=AXIS2_PLACEMENT_3D('',#5706,#4313,#4314);
#3719=AXIS2_PLACEMENT_3D('',#5708,#4316,#4317);
#3720=AXIS2_PLACEMENT_3D('',#5760,#4321,#4322);
#3721=AXIS2_PLACEMENT_3D('',#5791,#4334,#4335);
#3722=AXIS2_PLACEMENT_3D('',#5794,#4337,#4338);
#3723=AXIS2_PLACEMENT_3D('',#5795,#4339,#4340);
#3724=AXIS2_PLACEMENT_3D('',#5796,#4341,#4342);
#3725=AXIS2_PLACEMENT_3D('',#5797,#4343,#4344);
#3726=AXIS2_PLACEMENT_3D('',#5803,#4348,#4349);
#3727=AXIS2_PLACEMENT_3D('',#5807,#4352,#4353);
#3728=AXIS2_PLACEMENT_3D('',#5812,#4356,#4357);
#3729=AXIS2_PLACEMENT_3D('',#5814,#4358,#4359);
#3730=AXIS2_PLACEMENT_3D('',#5817,#4361,#4362);
#3731=AXIS2_PLACEMENT_3D('',#5818,#4363,#4364);
#3732=AXIS2_PLACEMENT_3D('',#5819,#4365,#4366);
#3733=AXIS2_PLACEMENT_3D('',#5822,#4369,#4370);
#3734=AXIS2_PLACEMENT_3D('',#5824,#4372,#4373);
#3735=AXIS2_PLACEMENT_3D('',#5826,#4375,#4376);
#3736=AXIS2_PLACEMENT_3D('',#5828,#4378,#4379);
#3737=AXIS2_PLACEMENT_3D('',#5836,#4381,#4382);
#3738=AXIS2_PLACEMENT_3D('',#5856,#4383,#4384);
#3739=AXIS2_PLACEMENT_3D('',#5863,#4389,#4390);
#3740=AXIS2_PLACEMENT_3D('',#5874,#4397,#4398);
#3741=AXIS2_PLACEMENT_3D('',#5875,#4399,#4400);
#3742=AXIS2_PLACEMENT_3D('',#5879,#4402,#4403);
#3743=AXIS2_PLACEMENT_3D('',#5881,#4405,#4406);
#3744=AXIS2_PLACEMENT_3D('',#5884,#4409,#4410);
#3745=AXIS2_PLACEMENT_3D('',#5885,#4411,#4412);
#3746=AXIS2_PLACEMENT_3D('',#5886,#4413,#4414);
#3747=AXIS2_PLACEMENT_3D('',#5890,#4417,#4418);
#3748=AXIS2_PLACEMENT_3D('',#5894,#4421,#4422);
#3749=AXIS2_PLACEMENT_3D('',#5909,#4423,#4424);
#3750=AXIS2_PLACEMENT_3D('',#5911,#4426,#4427);
#3751=AXIS2_PLACEMENT_3D('',#5913,#4428,#4429);
#3752=AXIS2_PLACEMENT_3D('',#5914,#4430,#4431);
#3753=AXIS2_PLACEMENT_3D('',#5916,#4432,#4433);
#3754=AXIS2_PLACEMENT_3D('',#5922,#4434,#4435);
#3755=AXIS2_PLACEMENT_3D('',#5960,#4436,#4437);
#3756=AXIS2_PLACEMENT_3D('',#5961,#4438,#4439);
#3757=AXIS2_PLACEMENT_3D('',#5996,#4440,#4441);
#3758=AXIS2_PLACEMENT_3D('',#6001,#4442,#4443);
#3759=AXIS2_PLACEMENT_3D('',#6003,#4444,#4445);
#3760=AXIS2_PLACEMENT_3D('',#6004,#4446,#4447);
#3761=AXIS2_PLACEMENT_3D('',#6005,#4448,#4449);
#3762=AXIS2_PLACEMENT_3D('',#6006,#4450,#4451);
#3763=AXIS2_PLACEMENT_3D('',#6021,#4453,#4454);
#3764=AXIS2_PLACEMENT_3D('',#6036,#4455,#4456);
#3765=AXIS2_PLACEMENT_3D('',#6049,#4457,#4458);
#3766=AXIS2_PLACEMENT_3D('',#6050,#4459,#4460);
#3767=AXIS2_PLACEMENT_3D('',#6055,#4464,#4465);
#3768=AXIS2_PLACEMENT_3D('',#6059,#4467,#4468);
#3769=AXIS2_PLACEMENT_3D('',#6061,#4470,#4471);
#3770=AXIS2_PLACEMENT_3D('',#6104,#4472,#4473);
#3771=AXIS2_PLACEMENT_3D('',#6105,#4474,#4475);
#3772=AXIS2_PLACEMENT_3D('',#6108,#4477,#4478);
#3773=AXIS2_PLACEMENT_3D('',#6161,#4480,#4481);
#3774=AXIS2_PLACEMENT_3D('',#6172,#4482,#4483);
#3775=AXIS2_PLACEMENT_3D('',#6174,#4485,#4486);
#3776=AXIS2_PLACEMENT_3D('',#6203,#4490,#4491);
#3777=AXIS2_PLACEMENT_3D('',#6245,#4493,#4494);
#3778=AXIS2_PLACEMENT_3D('',#6288,#4495,#4496);
#3779=AXIS2_PLACEMENT_3D('',#6308,#4497,#4498);
#3780=AXIS2_PLACEMENT_3D('',#6310,#4499,#4500);
#3781=AXIS2_PLACEMENT_3D('',#6379,#4502,#4503);
#3782=AXIS2_PLACEMENT_3D('',#6381,#4504,#4505);
#3783=AXIS2_PLACEMENT_3D('',#6382,#4506,#4507);
#3784=AXIS2_PLACEMENT_3D('',#6383,#4508,#4509);
#3785=AXIS2_PLACEMENT_3D('',#6384,#4510,#4511);
#3786=AXIS2_PLACEMENT_3D('',#6386,#4512,#4513);
#3787=AXIS2_PLACEMENT_3D('',#6416,#4515,#4516);
#3788=AXIS2_PLACEMENT_3D('',#6420,#4518,#4519);
#3789=AXIS2_PLACEMENT_3D('',#6428,#4523,#4524);
#3790=AXIS2_PLACEMENT_3D('',#6438,#4529,#4530);
#3791=AXIS2_PLACEMENT_3D('',#6441,#4532,#4533);
#3792=AXIS2_PLACEMENT_3D('',#6483,#4535,#4536);
#3793=AXIS2_PLACEMENT_3D('',#6485,#4537,#4538);
#3794=AXIS2_PLACEMENT_3D('',#6515,#4539,#4540);
#3795=AXIS2_PLACEMENT_3D('',#6613,#4541,#4542);
#3796=AXIS2_PLACEMENT_3D('',#6687,#4547,#4548);
#3797=AXIS2_PLACEMENT_3D('',#6758,#4551,#4552);
#3798=AXIS2_PLACEMENT_3D('',#6822,#4556,#4557);
#3799=AXIS2_PLACEMENT_3D('',#6827,#4561,#4562);
#3800=AXIS2_PLACEMENT_3D('',#6829,#4564,#4565);
#3801=AXIS2_PLACEMENT_3D('',#6830,#4566,#4567);
#3802=AXIS2_PLACEMENT_3D('',#6832,#4569,#4570);
#3803=AXIS2_PLACEMENT_3D('',#6833,#4571,#4572);
#3804=AXIS2_PLACEMENT_3D('',#6845,#4576,#4577);
#3805=AXIS2_PLACEMENT_3D('',#6847,#4578,#4579);
#3806=AXIS2_PLACEMENT_3D('',#6849,#4580,#4581);
#3807=AXIS2_PLACEMENT_3D('',#6861,#4582,#4583);
#3808=AXIS2_PLACEMENT_3D('',#6866,#4584,#4585);
#3809=AXIS2_PLACEMENT_3D('',#6872,#4589,#4590);
#3810=AXIS2_PLACEMENT_3D('',#6874,#4591,#4592);
#3811=AXIS2_PLACEMENT_3D('',#6877,#4594,#4595);
#3812=AXIS2_PLACEMENT_3D('',#6878,#4596,#4597);
#3813=AXIS2_PLACEMENT_3D('',#6880,#4598,#4599);
#3814=AXIS2_PLACEMENT_3D('',#6882,#4600,#4601);
#3815=AXIS2_PLACEMENT_3D('',#6884,#4602,#4603);
#3816=AXIS2_PLACEMENT_3D('',#6885,#4604,#4605);
#3817=AXIS2_PLACEMENT_3D('',#6886,#4606,#4607);
#3818=AXIS2_PLACEMENT_3D('',#6887,#4608,#4609);
#3819=AXIS2_PLACEMENT_3D('',#6888,#4610,#4611);
#3820=AXIS2_PLACEMENT_3D('',#6890,#4612,#4613);
#3821=AXIS2_PLACEMENT_3D('',#6897,#4615,#4616);
#3822=AXIS2_PLACEMENT_3D('',#6906,#4619,#4620);
#3823=AXIS2_PLACEMENT_3D('',#6920,#4624,#4625);
#3824=AXIS2_PLACEMENT_3D('',#6921,#4626,#4627);
#3825=AXIS2_PLACEMENT_3D('',#6926,#4628,#4629);
#3826=AXIS2_PLACEMENT_3D('',#6928,#4630,#4631);
#3827=AXIS2_PLACEMENT_3D('',#6930,#4633,#4634);
#3828=AXIS2_PLACEMENT_3D('',#6932,#4636,#4637);
#3829=AXIS2_PLACEMENT_3D('',#6934,#4639,#4640);
#3830=AXIS2_PLACEMENT_3D('',#6936,#4642,#4643);
#3831=AXIS2_PLACEMENT_3D('',#6937,#4644,#4645);
#3832=AXIS2_PLACEMENT_3D('',#6938,#4646,#4647);
#3833=AXIS2_PLACEMENT_3D('',#6939,#4648,#4649);
#3834=AXIS2_PLACEMENT_3D('',#6940,#4650,#4651);
#3835=AXIS2_PLACEMENT_3D('',#6941,#4652,#4653);
#3836=AXIS2_PLACEMENT_3D('',#6942,#4654,#4655);
#3837=AXIS2_PLACEMENT_3D('',#6943,#4656,#4657);
#3838=AXIS2_PLACEMENT_3D('',#6944,#4658,#4659);
#3839=AXIS2_PLACEMENT_3D('',#6976,#4661,#4662);
#3840=AXIS2_PLACEMENT_3D('',#6992,#4663,#4664);
#3841=AXIS2_PLACEMENT_3D('',#6993,#4665,#4666);
#3842=AXIS2_PLACEMENT_3D('',#7010,#4668,#4669);
#3843=AXIS2_PLACEMENT_3D('',#7011,#4670,#4671);
#3844=AXIS2_PLACEMENT_3D('',#7012,#4672,#4673);
#3845=AXIS2_PLACEMENT_3D('',#7016,#4675,#4676);
#3846=AXIS2_PLACEMENT_3D('',#7018,#4678,#4679);
#3847=AXIS2_PLACEMENT_3D('',#7022,#4682,#4683);
#3848=AXIS2_PLACEMENT_3D('',#7048,#4685,#4686);
#3849=AXIS2_PLACEMENT_3D('',#7049,#4687,#4688);
#3850=AXIS2_PLACEMENT_3D('',#7050,#4689,#4690);
#3851=AXIS2_PLACEMENT_3D('',#7051,#4691,#4692);
#3852=AXIS2_PLACEMENT_3D('',#7052,#4693,#4694);
#3853=AXIS2_PLACEMENT_3D('',#7053,#4695,#4696);
#3854=AXIS2_PLACEMENT_3D('',#7055,#4698,#4699);
#3855=AXIS2_PLACEMENT_3D('',#7056,#4700,#4701);
#3856=AXIS2_PLACEMENT_3D('',#7057,#4702,#4703);
#3857=AXIS2_PLACEMENT_3D('',#7059,#4704,#4705);
#3858=AXIS2_PLACEMENT_3D('',#7061,#4707,#4708);
#3859=AXIS2_PLACEMENT_3D('',#7063,#4710,#4711);
#3860=AXIS2_PLACEMENT_3D('',#7064,#4712,#4713);
#3861=AXIS2_PLACEMENT_3D('',#7070,#4717,#4718);
#3862=AXIS2_PLACEMENT_3D('',#7072,#4720,#4721);
#3863=AXIS2_PLACEMENT_3D('',#7076,#4724,#4725);
#3864=AXIS2_PLACEMENT_3D('',#7078,#4727,#4728);
#3865=AXIS2_PLACEMENT_3D('',#7079,#4729,#4730);
#3866=AXIS2_PLACEMENT_3D('',#7085,#4734,#4735);
#3867=AXIS2_PLACEMENT_3D('',#7087,#4737,#4738);
#3868=AXIS2_PLACEMENT_3D('',#7091,#4741,#4742);
#3869=AXIS2_PLACEMENT_3D('',#7093,#4744,#4745);
#3870=AXIS2_PLACEMENT_3D('',#7094,#4746,#4747);
#3871=AXIS2_PLACEMENT_3D('',#7095,#4748,#4749);
#3872=AXIS2_PLACEMENT_3D('',#7096,#4750,#4751);
#3873=AXIS2_PLACEMENT_3D('',#7098,#4752,#4753);
#3874=AXIS2_PLACEMENT_3D('',#7100,#4754,#4755);
#3875=AXIS2_PLACEMENT_3D('',#7101,#4756,#4757);
#3876=AXIS2_PLACEMENT_3D('',#7102,#4758,#4759);
#3877=AXIS2_PLACEMENT_3D('',#7104,#4761,#4762);
#3878=AXIS2_PLACEMENT_3D('',#7107,#4763,#4764);
#3879=AXIS2_PLACEMENT_3D('',#7109,#4765,#4766);
#3880=AXIS2_PLACEMENT_3D('',#7111,#4767,#4768);
#3881=AXIS2_PLACEMENT_3D('',#7112,#4769,#4770);
#3882=AXIS2_PLACEMENT_3D('',#7113,#4771,#4772);
#3883=AXIS2_PLACEMENT_3D('',#7117,#4774,#4775);
#3884=AXIS2_PLACEMENT_3D('',#7119,#4777,#4778);
#3885=AXIS2_PLACEMENT_3D('',#7123,#4781,#4782);
#3886=AXIS2_PLACEMENT_3D('',#7125,#4784,#4785);
#3887=AXIS2_PLACEMENT_3D('',#7126,#4786,#4787);
#3888=AXIS2_PLACEMENT_3D('',#7130,#4790,#4791);
#3889=AXIS2_PLACEMENT_3D('',#7135,#4794,#4795);
#3890=AXIS2_PLACEMENT_3D('',#7136,#4796,#4797);
#3891=AXIS2_PLACEMENT_3D('',#7137,#4798,#4799);
#3892=AXIS2_PLACEMENT_3D('',#7138,#4800,#4801);
#3893=AXIS2_PLACEMENT_3D('',#7139,#4802,#4803);
#3894=AXIS2_PLACEMENT_3D('',#7140,#4804,#4805);
#3895=AXIS2_PLACEMENT_3D('',#7141,#4806,#4807);
#3896=AXIS2_PLACEMENT_3D('',#7142,#4808,#4809);
#3897=DIRECTION('axis',(0.,0.,1.));
#3898=DIRECTION('refdir',(1.,0.,0.));
#3899=DIRECTION('center_axis',(0.,1.,0.));
#3900=DIRECTION('ref_axis',(1.,0.,0.));
#3901=DIRECTION('center_axis',(0.,-1.,0.));
#3902=DIRECTION('ref_axis',(1.,0.,0.));
#3903=DIRECTION('',(0.,-1.,0.));
#3904=DIRECTION('center_axis',(0.,1.,0.));
#3905=DIRECTION('ref_axis',(1.,0.,0.));
#3906=DIRECTION('',(0.,-1.,0.));
#3907=DIRECTION('center_axis',(-0.0871557427476901,0.,-0.996194698091743));
#3908=DIRECTION('ref_axis',(-0.996194698091743,0.,0.0871557427476901));
#3909=DIRECTION('',(-0.996194698091743,0.,0.0871557427476901));
#3910=DIRECTION('center_axis',(-0.0871557427476901,0.,-0.996194698091743));
#3911=DIRECTION('ref_axis',(0.996194698091743,0.,-0.0871557427476901));
#3912=DIRECTION('',(0.,-1.,0.));
#3913=DIRECTION('',(0.996194698091743,0.,-0.0871557427476901));
#3914=DIRECTION('center_axis',(0.,-1.,0.));
#3915=DIRECTION('ref_axis',(0.,0.,-1.));
#3916=DIRECTION('',(4.2732504141811E-16,0.,1.));
#3917=DIRECTION('',(-0.866025403784206,0.,-0.500000000000404));
#3918=DIRECTION('center_axis',(0.,-1.,0.));
#3919=DIRECTION('ref_axis',(1.,0.,0.));
#3920=DIRECTION('center_axis',(-0.500000000000404,0.,0.866025403784206));
#3921=DIRECTION('ref_axis',(0.866025403784206,0.,0.500000000000404));
#3922=DIRECTION('',(0.866025403784206,0.,0.500000000000404));
#3923=DIRECTION('',(0.,-1.,0.));
#3924=DIRECTION('center_axis',(-0.500000000000404,0.,0.866025403784206));
#3925=DIRECTION('ref_axis',(0.866025403784206,-8.01234452659603E-17,0.500000000000404));
#3926=DIRECTION('center_axis',(0.,0.,-1.));
#3927=DIRECTION('ref_axis',(0.707106781186547,-0.707106781186548,0.));
#3928=DIRECTION('',(0.,0.,1.));
#3929=DIRECTION('',(0.,0.,1.));
#3930=DIRECTION('center_axis',(7.40148683083438E-16,0.,1.));
#3931=DIRECTION('ref_axis',(0.,-1.,0.));
#3932=DIRECTION('',(0.,0.,-1.));
#3933=DIRECTION('center_axis',(0.,1.,0.));
#3934=DIRECTION('ref_axis',(1.,0.,0.));
#3935=DIRECTION('center_axis',(0.,1.,0.));
#3936=DIRECTION('ref_axis',(1.,0.,0.));
#3937=DIRECTION('',(0.,1.,0.));
#3938=DIRECTION('center_axis',(0.,-1.,0.));
#3939=DIRECTION('ref_axis',(1.,0.,0.));
#3940=DIRECTION('',(0.,-1.,0.));
#3941=DIRECTION('center_axis',(-0.500000000000404,0.,0.866025403784206));
#3942=DIRECTION('ref_axis',(0.866025403784206,0.,0.500000000000404));
#3943=DIRECTION('',(-0.866025403784206,0.,-0.500000000000404));
#3944=DIRECTION('center_axis',(-0.500000000000404,0.,0.866025403784206));
#3945=DIRECTION('ref_axis',(0.866025403784206,8.01234452659603E-17,0.500000000000404));
#3946=DIRECTION('',(0.,1.,0.));
#3947=DIRECTION('',(0.866025403784206,0.,0.500000000000404));
#3948=DIRECTION('center_axis',(-0.0871557427476901,0.,-0.996194698091743));
#3949=DIRECTION('ref_axis',(-0.996194698091743,0.,0.0871557427476901));
#3950=DIRECTION('',(0.996194698091743,0.,-0.0871557427476901));
#3951=DIRECTION('',(-0.996194698091743,0.,0.0871557427476901));
#3952=DIRECTION('',(0.,1.,0.));
#3953=DIRECTION('center_axis',(-0.0871557427476901,0.,-0.996194698091743));
#3954=DIRECTION('ref_axis',(0.996194698091743,0.,-0.0871557427476901));
#3955=DIRECTION('center_axis',(0.,1.,0.));
#3956=DIRECTION('ref_axis',(0.,0.,1.));
#3957=DIRECTION('',(-4.2732504141811E-16,0.,-1.));
#3958=DIRECTION('center_axis',(0.,1.,0.));
#3959=DIRECTION('ref_axis',(1.,0.,0.));
#3960=DIRECTION('center_axis',(0.,-1.,0.));
#3961=DIRECTION('ref_axis',(0.,0.,-1.));
#3962=DIRECTION('center_axis',(0.,1.,0.));
#3963=DIRECTION('ref_axis',(-0.20791169081776,0.,-0.978147600733805));
#3964=DIRECTION('center_axis',(-0.406736643075801,0.,-0.913545457642601));
#3965=DIRECTION('ref_axis',(-0.913545457642601,0.,0.406736643075801));
#3966=DIRECTION('center_axis',(0.,-1.,0.));
#3967=DIRECTION('ref_axis',(-0.20791169081776,0.,-0.978147600733806));
#3968=DIRECTION('center_axis',(0.,-1.,0.));
#3969=DIRECTION('ref_axis',(1.,0.,0.));
#3970=DIRECTION('',(0.,-1.,0.));
#3971=DIRECTION('center_axis',(0.,1.,0.));
#3972=DIRECTION('ref_axis',(1.,0.,0.));
#3973=DIRECTION('',(0.,-1.,0.));
#3974=DIRECTION('center_axis',(0.,1.,0.));
#3975=DIRECTION('ref_axis',(1.,0.,0.));
#3976=DIRECTION('center_axis',(0.707106781186569,0.,0.707106781186526));
#3977=DIRECTION('ref_axis',(-0.707106781186526,0.,0.707106781186569));
#3978=DIRECTION('',(-0.707106781186526,0.,0.707106781186569));
#3979=DIRECTION('center_axis',(-0.707106781186569,0.,-0.707106781186526));
#3980=DIRECTION('ref_axis',(0.707106781186526,0.,-0.707106781186569));
#3981=DIRECTION('',(0.,-1.,0.));
#3982=DIRECTION('',(0.707106781186526,0.,-0.707106781186569));
#3983=DIRECTION('center_axis',(-0.965925826289092,0.,-0.258819045102433));
#3984=DIRECTION('ref_axis',(0.258819045102433,0.,-0.965925826289092));
#3985=DIRECTION('center_axis',(0.965925826289092,0.,0.258819045102433));
#3986=DIRECTION('ref_axis',(0.258819045102433,0.,-0.965925826289092));
#3987=DIRECTION('',(0.258819045102433,0.,-0.965925826289092));
#3988=DIRECTION('',(0.258819045102433,0.,-0.965925826289092));
#3989=DIRECTION('',(0.,1.,0.));
#3990=DIRECTION('center_axis',(0.,1.,0.));
#3991=DIRECTION('ref_axis',(1.,0.,0.));
#3992=DIRECTION('center_axis',(0.,-1.,0.));
#3993=DIRECTION('ref_axis',(1.,0.,0.));
#3994=DIRECTION('center_axis',(0.,-1.,0.));
#3995=DIRECTION('ref_axis',(0.,0.,-1.));
#3996=DIRECTION('center_axis',(0.,-1.,0.));
#3997=DIRECTION('ref_axis',(0.16964082301429,0.,-0.985505956941425));
#3998=DIRECTION('center_axis',(0.,1.,0.));
#3999=DIRECTION('ref_axis',(0.16964082301429,0.,-0.985505956941425));
#4000=DIRECTION('center_axis',(0.,-1.,0.));
#4001=DIRECTION('ref_axis',(0.,0.,-1.));
#4002=DIRECTION('center_axis',(0.,1.,0.));
#4003=DIRECTION('ref_axis',(0.16964082301429,0.,-0.985505956941425));
#4004=DIRECTION('center_axis',(-0.816983393247185,0.,0.576661196161416));
#4005=DIRECTION('ref_axis',(-0.576661196161416,0.,-0.816983393247185));
#4006=DIRECTION('center_axis',(0.,-1.,0.));
#4007=DIRECTION('ref_axis',(0.16964082301429,0.,-0.985505956941425));
#4008=DIRECTION('center_axis',(0.,1.,0.));
#4009=DIRECTION('ref_axis',(1.,0.,0.));
#4010=DIRECTION('',(0.,-1.,0.));
#4011=DIRECTION('center_axis',(0.,-1.,0.));
#4012=DIRECTION('ref_axis',(0.16964082301429,0.,-0.985505956941425));
#4013=DIRECTION('',(0.,-1.,0.));
#4014=DIRECTION('center_axis',(0.,1.,0.));
#4015=DIRECTION('ref_axis',(-1.,0.,0.));
#4016=DIRECTION('',(0.,1.,0.));
#4017=DIRECTION('center_axis',(0.,-1.,0.));
#4018=DIRECTION('ref_axis',(-1.,0.,0.));
#4019=DIRECTION('',(0.,-1.,0.));
#4020=DIRECTION('',(0.,-1.,0.));
#4021=DIRECTION('center_axis',(0.,1.,0.));
#4022=DIRECTION('ref_axis',(1.,0.,0.));
#4023=DIRECTION('',(0.,1.,0.));
#4024=DIRECTION('center_axis',(0.,-1.,0.));
#4025=DIRECTION('ref_axis',(1.,0.,0.));
#4026=DIRECTION('center_axis',(-2.9531595763494E-13,0.0047751159941004,
-0.999988599068631));
#4027=DIRECTION('ref_axis',(-1.40984200139964E-15,-0.999988599068631,-0.0047751159941004));
#4028=DIRECTION('',(1.,-2.04918946082802E-28,-2.95319324550292E-13));
#4029=DIRECTION('',(-1.40984200139964E-15,-0.999988599068631,-0.0047751159941004));
#4030=DIRECTION('',(-1.,0.,2.95319324550292E-13));
#4031=DIRECTION('',(0.,-0.999988599068631,-0.0047751159941004));
#4032=DIRECTION('center_axis',(1.41018402945206E-15,0.99998859906864,0.00477511599215348));
#4033=DIRECTION('ref_axis',(-2.95244331159614E-13,0.00477511599215348,-0.99998859906864));
#4034=DIRECTION('',(0.,0.00477511599215348,-0.99998859906864));
#4035=DIRECTION('',(-2.95244331159614E-13,0.00477511599215348,-0.99998859906864));
#4036=DIRECTION('',(-1.,0.,2.95319324550292E-13));
#4037=DIRECTION('center_axis',(2.95315957634941E-13,-0.00477511599410089,
0.999988599068631));
#4038=DIRECTION('ref_axis',(1.40984200139978E-15,0.999988599068631,0.00477511599410089));
#4039=DIRECTION('',(-1.,2.04918946082802E-28,2.95319324550292E-13));
#4040=DIRECTION('',(0.,0.999988599068631,0.00477511599410089));
#4041=DIRECTION('',(-1.,0.,2.95319324550292E-13));
#4042=DIRECTION('',(1.40984200139978E-15,0.999988599068631,0.00477511599410089));
#4043=DIRECTION('center_axis',(-1.41018402945202E-15,-0.99998859906864,
-0.00477511599215334));
#4044=DIRECTION('ref_axis',(2.95244331159614E-13,-0.00477511599215334,0.99998859906864));
#4045=DIRECTION('',(0.,-0.00477511599215334,0.99998859906864));
#4046=DIRECTION('',(-1.,0.,2.95319324550292E-13));
#4047=DIRECTION('',(2.95244331159614E-13,-0.00477511599215334,0.99998859906864));
#4048=DIRECTION('center_axis',(-2.9531595763494E-13,0.00477511599410123,
-0.999988599068631));
#4049=DIRECTION('ref_axis',(-1.40984200139988E-15,-0.999988599068631,-0.00477511599410123));
#4050=DIRECTION('',(0.,-0.999988599068631,-0.00477511599410123));
#4051=DIRECTION('',(-1.,0.,2.95319324550292E-13));
#4052=DIRECTION('',(-1.40984200139988E-15,-0.999988599068631,-0.00477511599410123));
#4053=DIRECTION('center_axis',(-1.41018402945206E-15,-0.99998859906864,
-0.00477511599215348));
#4054=DIRECTION('ref_axis',(2.95244331159614E-13,-0.00477511599215348,0.99998859906864));
#4055=DIRECTION('',(0.,-0.00477511599215348,0.99998859906864));
#4056=DIRECTION('',(-1.,0.,2.95319324550292E-13));
#4057=DIRECTION('',(2.95244331159614E-13,-0.00477511599215348,0.99998859906864));
#4058=DIRECTION('center_axis',(-2.95315957634941E-13,0.00477511599410127,
-0.999988599068631));
#4059=DIRECTION('ref_axis',(-1.40984200139989E-15,-0.999988599068631,-0.00477511599410127));
#4060=DIRECTION('',(0.,-0.999988599068631,-0.00477511599410127));
#4061=DIRECTION('',(-1.40984200139989E-15,-0.999988599068631,-0.00477511599410127));
#4062=DIRECTION('center_axis',(-1.,0.,2.95319324550292E-13));
#4063=DIRECTION('ref_axis',(2.95319324550292E-13,0.,1.));
#4064=DIRECTION('',(-2.95319324550292E-13,-6.93889390390723E-16,-1.));
#4065=DIRECTION('center_axis',(1.,0.,0.));
#4066=DIRECTION('ref_axis',(0.,0.,-1.));
#4067=DIRECTION('',(0.,6.93889390390723E-16,1.));
#4068=DIRECTION('',(0.,1.,0.));
#4069=DIRECTION('',(0.,1.73472347597681E-16,-1.));
#4070=DIRECTION('',(0.,0.,-1.));
#4071=DIRECTION('',(0.,1.,0.));
#4072=DIRECTION('',(0.,0.,-1.));
#4073=DIRECTION('',(0.,1.,0.));
#4074=DIRECTION('',(0.,0.,-1.));
#4075=DIRECTION('center_axis',(1.,0.,0.));
#4076=DIRECTION('ref_axis',(-2.67946759844488E-17,7.57867883532002E-17,
-1.));
#4077=DIRECTION('',(0.,-1.,0.));
#4078=DIRECTION('center_axis',(1.,0.,0.));
#4079=DIRECTION('ref_axis',(-2.67946759844488E-17,-7.57867883532002E-17,
-1.));
#4080=DIRECTION('',(0.,0.,1.));
#4081=DIRECTION('',(0.,1.,0.));
#4082=DIRECTION('',(0.,0.,1.));
#4083=DIRECTION('',(0.,1.,0.));
#4084=DIRECTION('',(0.,0.,1.));
#4085=DIRECTION('',(0.,0.,1.));
#4086=DIRECTION('',(0.,1.,0.));
#4087=DIRECTION('',(0.,6.50521303491303E-16,-1.));
#4088=DIRECTION('center_axis',(-1.,0.,0.));
#4089=DIRECTION('ref_axis',(1.55545100125284E-13,0.,1.));
#4090=DIRECTION('',(0.,6.93889390390723E-16,1.));
#4091=DIRECTION('center_axis',(0.,-1.,0.));
#4092=DIRECTION('ref_axis',(-1.,0.,0.));
#4093=DIRECTION('center_axis',(0.,-1.,0.));
#4094=DIRECTION('ref_axis',(-1.,0.,0.));
#4095=DIRECTION('center_axis',(-0.224951054343567,0.,-0.974370064785304));
#4096=DIRECTION('ref_axis',(-0.974370064785304,0.,0.224951054343567));
#4097=DIRECTION('',(0.,-1.,0.));
#4098=DIRECTION('center_axis',(0.224951054343567,0.,0.974370064785304));
#4099=DIRECTION('ref_axis',(-0.974370064785304,0.,0.224951054343567));
#4100=DIRECTION('center_axis',(0.224951054343567,0.,0.974370064785304));
#4101=DIRECTION('ref_axis',(-0.974370064785304,0.,0.224951054343567));
#4102=DIRECTION('center_axis',(0.,1.,0.));
#4103=DIRECTION('ref_axis',(-1.,0.,0.));
#4104=DIRECTION('center_axis',(0.,1.,0.));
#4105=DIRECTION('ref_axis',(-1.,0.,0.));
#4106=DIRECTION('center_axis',(0.,1.,0.));
#4107=DIRECTION('ref_axis',(1.,0.,0.));
#4108=DIRECTION('',(-0.443998272415629,0.,0.896027641366011));
#4109=DIRECTION('center_axis',(0.,1.,0.));
#4110=DIRECTION('ref_axis',(0.961147429172034,0.,-0.276035540095817));
#4111=DIRECTION('',(-0.36204458794713,0.,0.932160778159108));
#4112=DIRECTION('center_axis',(0.,-1.,0.));
#4113=DIRECTION('ref_axis',(1.,0.,0.));
#4114=DIRECTION('center_axis',(0.,-1.,0.));
#4115=DIRECTION('ref_axis',(1.,0.,0.));
#4116=DIRECTION('',(-0.996194698091817,0.,0.0871557427468391));
#4117=DIRECTION('',(0.,0.,1.));
#4118=DIRECTION('center_axis',(0.,-1.,0.));
#4119=DIRECTION('ref_axis',(1.,0.,0.));
#4120=DIRECTION('',(-0.406736643075801,0.,-0.913545457642601));
#4121=DIRECTION('',(-0.876723651793467,0.,0.480994426564309));
#4122=DIRECTION('center_axis',(0.,-1.,0.));
#4123=DIRECTION('ref_axis',(1.,0.,0.));
#4124=DIRECTION('',(-1.,0.,1.64040565518851E-12));
#4125=DIRECTION('',(-0.27603554009458,0.,-0.961147429172389));
#4126=DIRECTION('',(-0.0584526557988332,0.,-0.998290181775852));
#4127=DIRECTION('center_axis',(0.,-1.,0.));
#4128=DIRECTION('ref_axis',(1.,0.,0.));
#4129=DIRECTION('',(0.443998272417342,0.,-0.896027641365162));
#4130=DIRECTION('center_axis',(0.,1.,0.));
#4131=DIRECTION('ref_axis',(1.,0.,0.));
#4132=DIRECTION('center_axis',(0.,1.,0.));
#4133=DIRECTION('ref_axis',(1.,0.,0.));
#4134=DIRECTION('center_axis',(0.,1.,0.));
#4135=DIRECTION('ref_axis',(1.,0.,0.));
#4136=DIRECTION('',(0.276035540095311,0.,0.96114742917218));
#4137=DIRECTION('',(-0.36204458794713,0.,0.932160778159108));
#4138=DIRECTION('',(-0.27603554009458,0.,-0.961147429172389));
#4139=DIRECTION('center_axis',(0.81915204428899,0.,0.573576436351049));
#4140=DIRECTION('ref_axis',(0.405579787672641,-0.707106781186547,-0.579227965339568));
#4141=DIRECTION('',(0.81915204428899,0.,0.573576436351049));
#4142=DIRECTION('',(-0.81915204428899,0.,-0.573576436351049));
#4143=DIRECTION('center_axis',(0.,1.,0.));
#4144=DIRECTION('ref_axis',(-0.576661196161416,0.,-0.816983393247185));
#4145=DIRECTION('center_axis',(0.573576436351049,0.,-0.81915204428899));
#4146=DIRECTION('ref_axis',(-0.81915204428899,0.,-0.573576436351049));
#4147=DIRECTION('',(0.81915204428899,0.,0.573576436351049));
#4148=DIRECTION('center_axis',(-0.81915204428899,0.,-0.573576436351049));
#4149=DIRECTION('ref_axis',(0.405579787672641,0.707106781186547,-0.579227965339568));
#4150=DIRECTION('',(-0.81915204428899,0.,-0.573576436351049));
#4151=DIRECTION('center_axis',(0.,1.,0.));
#4152=DIRECTION('ref_axis',(0.187130483829413,0.,-0.982335066065429));
#4153=DIRECTION('center_axis',(0.,1.,0.));
#4154=DIRECTION('ref_axis',(0.16964082301429,0.,-0.985505956941425));
#4155=DIRECTION('center_axis',(-0.816983393247185,0.,0.576661196161416));
#4156=DIRECTION('ref_axis',(0.,1.,0.));
#4157=DIRECTION('center_axis',(0.,-1.,0.));
#4158=DIRECTION('ref_axis',(-0.576661196161416,0.,-0.816983393247185));
#4159=DIRECTION('center_axis',(0.,1.,0.));
#4160=DIRECTION('ref_axis',(1.,0.,0.));
#4161=DIRECTION('center_axis',(0.,1.,0.));
#4162=DIRECTION('ref_axis',(1.,0.,0.));
#4163=DIRECTION('',(-0.212062943991581,0.,0.977256009337176));
#4164=DIRECTION('',(0.835972681848367,0.,0.548771059006622));
#4165=DIRECTION('center_axis',(0.,-1.,0.));
#4166=DIRECTION('ref_axis',(0.835972681848264,0.,0.548771059006778));
#4167=DIRECTION('',(0.988238535571279,0.,-0.152920230224566));
#4168=DIRECTION('',(0.21206294399504,0.,-0.977256009336426));
#4169=DIRECTION('center_axis',(0.,1.,0.));
#4170=DIRECTION('ref_axis',(1.,0.,0.));
#4171=DIRECTION('center_axis',(0.,1.,0.));
#4172=DIRECTION('ref_axis',(1.,0.,0.));
#4173=DIRECTION('center_axis',(0.,-1.,0.));
#4174=DIRECTION('ref_axis',(1.,0.,0.));
#4175=DIRECTION('',(-0.21206294399504,0.,0.977256009336426));
#4176=DIRECTION('',(-0.988238535571279,0.,0.152920230224566));
#4177=DIRECTION('center_axis',(0.,1.,0.));
#4178=DIRECTION('ref_axis',(0.835972681848264,0.,0.548771059006778));
#4179=DIRECTION('',(-0.835972681848367,0.,-0.548771059006622));
#4180=DIRECTION('',(0.212062943991581,0.,-0.977256009337176));
#4181=DIRECTION('center_axis',(0.,-1.,0.));
#4182=DIRECTION('ref_axis',(1.,0.,0.));
#4183=DIRECTION('center_axis',(0.96114742917218,0.,-0.276035540095311));
#4184=DIRECTION('ref_axis',(-0.276035540095311,0.,-0.96114742917218));
#4185=DIRECTION('',(-0.276035540095311,0.,-0.96114742917218));
#4186=DIRECTION('',(0.,1.,0.));
#4187=DIRECTION('',(0.276035540095311,0.,0.96114742917218));
#4188=DIRECTION('',(0.276035540095311,0.,0.96114742917218));
#4189=DIRECTION('center_axis',(0.896027641366011,0.,0.443998272415629));
#4190=DIRECTION('ref_axis',(-0.443998272415629,0.,0.896027641366011));
#4191=DIRECTION('',(-0.443998272415629,0.,0.896027641366011));
#4192=DIRECTION('',(0.,-1.,0.));
#4193=DIRECTION('center_axis',(0.,1.,0.));
#4194=DIRECTION('ref_axis',(1.,0.,0.));
#4195=DIRECTION('',(0.443998272417342,0.,-0.896027641365162));
#4196=DIRECTION('center_axis',(0.,1.,0.));
#4197=DIRECTION('ref_axis',(1.,0.,0.));
#4198=DIRECTION('',(0.0584526557988332,0.,0.998290181775852));
#4199=DIRECTION('',(-0.27603554009458,0.,-0.961147429172389));
#4200=DIRECTION('',(0.36204458794713,0.,-0.932160778159108));
#4201=DIRECTION('center_axis',(0.,1.,0.));
#4202=DIRECTION('ref_axis',(0.961147429172034,0.,-0.276035540095817));
#4203=DIRECTION('',(0.,-1.,0.));
#4204=DIRECTION('',(0.,-1.,0.));
#4205=DIRECTION('center_axis',(0.,1.,0.));
#4206=DIRECTION('ref_axis',(-0.981240647628105,0.,0.19278690682299));
#4207=DIRECTION('',(0.,1.,0.));
#4208=DIRECTION('center_axis',(0.,1.,0.));
#4209=DIRECTION('ref_axis',(-0.212062943994578,0.,0.977256009336526));
#4210=DIRECTION('center_axis',(0.,1.,0.));
#4211=DIRECTION('ref_axis',(-0.981240647628105,0.,0.192786906822991));
#4212=DIRECTION('center_axis',(0.,-1.,0.));
#4213=DIRECTION('ref_axis',(-0.212062943994579,0.,0.977256009336526));
#4214=DIRECTION('',(0.,1.,0.));
#4215=DIRECTION('center_axis',(0.977256009336426,0.,0.21206294399504));
#4216=DIRECTION('ref_axis',(0.21206294399504,0.,-0.977256009336426));
#4217=DIRECTION('',(0.,1.,0.));
#4218=DIRECTION('',(-0.21206294399504,0.,0.977256009336426));
#4219=DIRECTION('center_axis',(0.977256009336426,0.,0.21206294399504));
#4220=DIRECTION('ref_axis',(0.21206294399504,0.,-0.977256009336426));
#4221=DIRECTION('',(-0.21206294399504,0.,0.977256009336426));
#4222=DIRECTION('',(0.,1.,0.));
#4223=DIRECTION('center_axis',(-0.152920230224566,0.,-0.988238535571279));
#4224=DIRECTION('ref_axis',(0.988238535571279,0.,-0.152920230224566));
#4225=DIRECTION('',(0.,1.,0.));
#4226=DIRECTION('',(0.988238535571279,0.,-0.152920230224566));
#4227=DIRECTION('center_axis',(0.,1.,0.));
#4228=DIRECTION('ref_axis',(0.212062943991609,0.,-0.97725600933717));
#4229=DIRECTION('',(0.,1.,0.));
#4230=DIRECTION('center_axis',(0.,-1.,0.));
#4231=DIRECTION('ref_axis',(0.835972681848264,0.,0.548771059006778));
#4232=DIRECTION('center_axis',(0.173536646044359,0.948683298050514,-0.264357773632014));
#4233=DIRECTION('ref_axis',(0.520609938133223,-0.316227766016839,-0.793073320895944));
#4234=DIRECTION('center_axis',(0.,1.,0.));
#4235=DIRECTION('ref_axis',(0.835972681848264,0.,0.548771059006778));
#4236=DIRECTION('center_axis',(-0.0483576227826951,0.948683298050514,-0.312508464395457));
#4237=DIRECTION('ref_axis',(0.145072868348085,0.316227766016838,0.937525393186371));
#4238=DIRECTION('center_axis',(0.,-1.,0.));
#4239=DIRECTION('ref_axis',(0.835972681848264,0.,0.548771059006778));
#4240=DIRECTION('center_axis',(0.,1.,0.));
#4241=DIRECTION('ref_axis',(1.,0.,0.));
#4242=DIRECTION('center_axis',(0.,1.,0.));
#4243=DIRECTION('ref_axis',(-0.212062943994578,0.,0.977256009336526));
#4244=DIRECTION('',(0.,1.,0.));
#4245=DIRECTION('center_axis',(0.548771059006622,0.,-0.835972681848367));
#4246=DIRECTION('ref_axis',(0.835972681848367,0.,0.548771059006622));
#4247=DIRECTION('',(0.,-1.,0.));
#4248=DIRECTION('',(0.835972681848367,0.,0.548771059006622));
#4249=DIRECTION('center_axis',(-0.977256009337176,0.,-0.212062943991581));
#4250=DIRECTION('ref_axis',(-0.212062943991581,0.,0.977256009337176));
#4251=DIRECTION('',(0.212062943991581,0.,-0.977256009337176));
#4252=DIRECTION('center_axis',(0.,1.,0.));
#4253=DIRECTION('ref_axis',(1.,0.,0.));
#4254=DIRECTION('center_axis',(0.,-1.,0.));
#4255=DIRECTION('ref_axis',(1.,0.,0.));
#4256=DIRECTION('center_axis',(0.,1.,0.));
#4257=DIRECTION('ref_axis',(1.,0.,0.));
#4258=DIRECTION('',(0.,1.,0.));
#4259=DIRECTION('',(0.,1.,0.));
#4260=DIRECTION('',(0.,-1.,0.));
#4261=DIRECTION('center_axis',(0.,1.,0.));
#4262=DIRECTION('ref_axis',(1.,0.,0.));
#4263=DIRECTION('center_axis',(0.,-1.,0.));
#4264=DIRECTION('ref_axis',(1.,0.,0.));
#4265=DIRECTION('center_axis',(0.,1.,0.));
#4266=DIRECTION('ref_axis',(1.,0.,0.));
#4267=DIRECTION('center_axis',(0.,-1.,0.));
#4268=DIRECTION('ref_axis',(1.,0.,0.));
#4269=DIRECTION('center_axis',(-0.896027641365162,0.,-0.443998272417342));
#4270=DIRECTION('ref_axis',(0.443998272417342,0.,-0.896027641365162));
#4271=DIRECTION('center_axis',(-1.,0.,0.));
#4272=DIRECTION('ref_axis',(0.,0.,1.));
#4273=DIRECTION('',(0.,1.,0.));
#4274=DIRECTION('',(0.,0.,1.));
#4275=DIRECTION('',(0.,1.,0.));
#4276=DIRECTION('',(0.,0.,-1.));
#4277=DIRECTION('center_axis',(0.,0.,1.));
#4278=DIRECTION('ref_axis',(-0.707106781186547,-0.707106781186548,0.));
#4279=DIRECTION('',(0.,0.,-1.));
#4280=DIRECTION('',(0.,0.,1.));
#4281=DIRECTION('center_axis',(0.,1.,0.));
#4282=DIRECTION('ref_axis',(1.,0.,0.));
#4283=DIRECTION('center_axis',(0.,-1.,0.));
#4284=DIRECTION('ref_axis',(1.,0.,0.));
#4285=DIRECTION('center_axis',(0.,1.,0.));
#4286=DIRECTION('ref_axis',(1.,0.,0.));
#4287=DIRECTION('center_axis',(0.,-1.,0.));
#4288=DIRECTION('ref_axis',(1.,0.,0.));
#4289=DIRECTION('center_axis',(0.,-1.,0.));
#4290=DIRECTION('ref_axis',(1.,0.,0.));
#4291=DIRECTION('',(0.,0.,-1.));
#4292=DIRECTION('center_axis',(0.,1.,0.));
#4293=DIRECTION('ref_axis',(1.,0.,0.));
#4294=DIRECTION('center_axis',(0.,1.,0.));
#4295=DIRECTION('ref_axis',(1.,0.,0.));
#4296=DIRECTION('',(0.,-1.,0.));
#4297=DIRECTION('center_axis',(0.,-1.,0.));
#4298=DIRECTION('ref_axis',(-8.26946079742758E-16,0.,1.));
#4299=DIRECTION('',(0.,1.,0.));
#4300=DIRECTION('center_axis',(0.,-1.,0.));
#4301=DIRECTION('ref_axis',(0.,0.,-1.));
#4302=DIRECTION('center_axis',(0.,1.,0.));
#4303=DIRECTION('ref_axis',(-8.26946079742758E-16,0.,1.));
#4304=DIRECTION('center_axis',(0.,-1.,0.));
#4305=DIRECTION('ref_axis',(2.19012551830059E-12,0.,1.));
#4306=DIRECTION('center_axis',(0.,1.,0.));
#4307=DIRECTION('ref_axis',(-8.26946079742758E-16,0.,1.));
#4308=DIRECTION('center_axis',(0.,1.,0.));
#4309=DIRECTION('ref_axis',(1.,0.,0.));
#4310=DIRECTION('center_axis',(-0.998290181775852,0.,0.0584526557988332));
#4311=DIRECTION('ref_axis',(-0.0584526557988332,0.,-0.998290181775852));
#4312=DIRECTION('',(0.,-1.,0.));
#4313=DIRECTION('center_axis',(0.,-1.,0.));
#4314=DIRECTION('ref_axis',(0.961147429172034,0.,-0.276035540095817));
#4315=DIRECTION('',(0.,-1.,0.));
#4316=DIRECTION('center_axis',(0.932160778159108,0.,0.36204458794713));
#4317=DIRECTION('ref_axis',(-0.36204458794713,0.,0.932160778159108));
#4318=DIRECTION('',(0.,-1.,0.));
#4319=DIRECTION('',(0.,-1.,0.));
#4320=DIRECTION('',(0.,-1.,0.));
#4321=DIRECTION('center_axis',(-0.913545457642601,0.,0.406736643075801));
#4322=DIRECTION('ref_axis',(0.406736643075801,0.,0.913545457642601));
#4323=DIRECTION('',(0.,-1.,0.));
#4324=DIRECTION('',(0.,1.,0.));
#4325=DIRECTION('',(0.406736643075801,0.,0.913545457642601));
#4326=DIRECTION('',(0.,-1.,0.));
#4327=DIRECTION('',(-0.406736643075801,0.,-0.913545457642601));
#4328=DIRECTION('',(0.,1.,0.));
#4329=DIRECTION('',(-0.406736643075801,0.,-0.913545457642601));
#4330=DIRECTION('',(0.,1.,0.));
#4331=DIRECTION('',(0.406736643075801,0.,0.913545457642601));
#4332=DIRECTION('',(0.,1.,0.));
#4333=DIRECTION('',(0.406736643075801,0.,0.913545457642601));
#4334=DIRECTION('center_axis',(0.,1.,0.));
#4335=DIRECTION('ref_axis',(-0.207911690817759,0.,-0.978147600733806));
#4336=DIRECTION('',(0.,1.,0.));
#4337=DIRECTION('center_axis',(0.,1.,0.));
#4338=DIRECTION('ref_axis',(1.,0.,0.));
#4339=DIRECTION('center_axis',(0.,1.,0.));
#4340=DIRECTION('ref_axis',(1.,0.,0.));
#4341=DIRECTION('center_axis',(0.,-1.,0.));
#4342=DIRECTION('ref_axis',(1.,0.,0.));
#4343=DIRECTION('center_axis',(0.0871557427468391,0.,0.996194698091817));
#4344=DIRECTION('ref_axis',(0.996194698091817,0.,-0.0871557427468391));
#4345=DIRECTION('',(0.,1.,0.));
#4346=DIRECTION('',(0.,-1.,0.));
#4347=DIRECTION('',(0.996194698091817,0.,-0.0871557427468391));
#4348=DIRECTION('center_axis',(0.480994426564309,0.,0.876723651793467));
#4349=DIRECTION('ref_axis',(0.876723651793467,0.,-0.480994426564309));
#4350=DIRECTION('',(0.876723651793467,0.,-0.480994426564309));
#4351=DIRECTION('',(0.,-1.,0.));
#4352=DIRECTION('center_axis',(0.,1.,0.));
#4353=DIRECTION('ref_axis',(1.,0.,0.));
#4354=DIRECTION('',(0.27603554009458,0.,0.961147429172389));
#4355=DIRECTION('',(1.,0.,-1.64040565518851E-12));
#4356=DIRECTION('center_axis',(0.,1.,0.));
#4357=DIRECTION('ref_axis',(1.,0.,0.));
#4358=DIRECTION('center_axis',(0.,1.,0.));
#4359=DIRECTION('ref_axis',(1.,0.,0.));
#4360=DIRECTION('',(0.,0.,-1.));
#4361=DIRECTION('center_axis',(0.,1.,0.));
#4362=DIRECTION('ref_axis',(1.,0.,0.));
#4363=DIRECTION('center_axis',(0.,1.,0.));
#4364=DIRECTION('ref_axis',(1.,0.,0.));
#4365=DIRECTION('center_axis',(0.,1.,0.));
#4366=DIRECTION('ref_axis',(1.,0.,0.));
#4367=DIRECTION('',(0.,1.,0.));
#4368=DIRECTION('',(0.,1.,0.));
#4369=DIRECTION('center_axis',(0.,-1.,0.));
#4370=DIRECTION('ref_axis',(1.,0.,0.));
#4371=DIRECTION('',(0.,-1.,0.));
#4372=DIRECTION('center_axis',(-0.96114742917239,0.,0.27603554009458));
#4373=DIRECTION('ref_axis',(0.27603554009458,0.,0.961147429172389));
#4374=DIRECTION('',(0.,-1.,0.));
#4375=DIRECTION('center_axis',(1.64040565518851E-12,0.,1.));
#4376=DIRECTION('ref_axis',(1.,0.,-1.64040565518851E-12));
#4377=DIRECTION('',(0.,-1.,0.));
#4378=DIRECTION('center_axis',(0.,1.,0.));
#4379=DIRECTION('ref_axis',(1.,0.,0.));
#4380=DIRECTION('',(0.,1.,0.));
#4381=DIRECTION('center_axis',(0.,-1.,0.));
#4382=DIRECTION('ref_axis',(1.,0.,0.));
#4383=DIRECTION('center_axis',(1.,0.,0.));
#4384=DIRECTION('ref_axis',(0.,0.,-1.));
#4385=DIRECTION('',(0.,1.,0.));
#4386=DIRECTION('',(0.,0.,-1.));
#4387=DIRECTION('',(0.,-1.,0.));
#4388=DIRECTION('',(0.,6.93889390390723E-16,1.));
#4389=DIRECTION('center_axis',(-1.,0.,0.));
#4390=DIRECTION('ref_axis',(1.55545100125284E-13,0.,1.));
#4391=DIRECTION('',(0.,6.50521303491303E-16,-1.));
#4392=DIRECTION('',(0.,-1.,0.));
#4393=DIRECTION('',(0.,1.,0.));
#4394=DIRECTION('',(0.,0.,1.));
#4395=DIRECTION('',(0.,1.,0.));
#4396=DIRECTION('',(0.,0.,-1.));
#4397=DIRECTION('center_axis',(0.,1.,0.));
#4398=DIRECTION('ref_axis',(-0.207911690817759,0.,-0.978147600733806));
#4399=DIRECTION('center_axis',(-1.,0.,1.5543122344752E-13));
#4400=DIRECTION('ref_axis',(-1.55317346769757E-13,1.22464679914735E-16,
-1.));
#4401=DIRECTION('',(-1.,0.,1.5543122344752E-13));
#4402=DIRECTION('center_axis',(-1.,0.,1.5543122344752E-13));
#4403=DIRECTION('ref_axis',(1.5543122344752E-13,0.,1.));
#4404=DIRECTION('',(-1.,0.,1.5543122344752E-13));
#4405=DIRECTION('center_axis',(-1.,0.,1.5543122344752E-13));
#4406=DIRECTION('ref_axis',(1.55545100125284E-13,0.,1.));
#4407=DIRECTION('',(-1.,0.,1.5543122344752E-13));
#4408=DIRECTION('',(-1.,0.,1.5543122344752E-13));
#4409=DIRECTION('center_axis',(-1.,0.,1.5543122344752E-13));
#4410=DIRECTION('ref_axis',(1.5543122344752E-13,0.,1.));
#4411=DIRECTION('center_axis',(-1.,0.,1.5543122344752E-13));
#4412=DIRECTION('ref_axis',(1.5543122344752E-13,0.,1.));
#4413=DIRECTION('center_axis',(0.,-1.,6.93889390390723E-16));
#4414=DIRECTION('ref_axis',(0.,6.93889390390723E-16,1.));
#4415=DIRECTION('',(-1.,0.,0.));
#4416=DIRECTION('',(0.,6.93889390390723E-16,1.));
#4417=DIRECTION('center_axis',(0.,1.,6.50521303491303E-16));
#4418=DIRECTION('ref_axis',(0.,6.50521303491303E-16,-1.));
#4419=DIRECTION('',(-1.,0.,0.));
#4420=DIRECTION('',(0.,6.50521303491303E-16,-1.));
#4421=DIRECTION('center_axis',(0.,0.,1.));
#4422=DIRECTION('ref_axis',(0.707106781186547,-0.707106781186548,0.));
#4423=DIRECTION('center_axis',(0.,0.,-1.));
#4424=DIRECTION('ref_axis',(1.,0.,0.));
#4425=DIRECTION('',(0.,0.,-1.));
#4426=DIRECTION('center_axis',(0.,-1.,0.));
#4427=DIRECTION('ref_axis',(-0.212062943994579,0.,0.977256009336526));
#4428=DIRECTION('center_axis',(-0.414479572752597,0.,0.910058615568703));
#4429=DIRECTION('ref_axis',(-0.910058615568703,0.,-0.414479572752597));
#4430=DIRECTION('center_axis',(0.,1.,0.));
#4431=DIRECTION('ref_axis',(-0.212062943994579,0.,0.977256009336526));
#4432=DIRECTION('center_axis',(0.,-1.,0.));
#4433=DIRECTION('ref_axis',(-0.212062943994579,0.,0.977256009336526));
#4434=DIRECTION('center_axis',(0.,-1.,0.));
#4435=DIRECTION('ref_axis',(0.,0.,-1.));
#4436=DIRECTION('center_axis',(0.,-1.,0.));
#4437=DIRECTION('ref_axis',(0.,0.,-1.));
#4438=DIRECTION('center_axis',(0.,-1.,0.));
#4439=DIRECTION('ref_axis',(1.,0.,0.));
#4440=DIRECTION('center_axis',(0.414479572752597,0.,-0.910058615568703));
#4441=DIRECTION('ref_axis',(-0.910058615568703,0.,-0.414479572752597));
#4442=DIRECTION('center_axis',(0.,1.,0.));
#4443=DIRECTION('ref_axis',(0.,0.,1.));
#4444=DIRECTION('center_axis',(0.,0.,1.));
#4445=DIRECTION('ref_axis',(1.,0.,0.));
#4446=DIRECTION('center_axis',(0.,-1.,0.));
#4447=DIRECTION('ref_axis',(-0.212062943994578,0.,0.977256009336526));
#4448=DIRECTION('center_axis',(0.,1.,0.));
#4449=DIRECTION('ref_axis',(0.,0.,1.));
#4450=DIRECTION('center_axis',(0.,0.,-1.));
#4451=DIRECTION('ref_axis',(0.707106781186547,0.707106781186548,0.));
#4452=DIRECTION('',(0.,0.,1.));
#4453=DIRECTION('center_axis',(0.,1.,0.));
#4454=DIRECTION('ref_axis',(1.,0.,0.));
#4455=DIRECTION('center_axis',(0.,1.,0.));
#4456=DIRECTION('ref_axis',(1.,0.,0.));
#4457=DIRECTION('center_axis',(0.,1.,0.));
#4458=DIRECTION('ref_axis',(1.,0.,0.));
#4459=DIRECTION('center_axis',(-0.977256009337176,0.,-0.212062943991581));
#4460=DIRECTION('ref_axis',(-0.212062943991581,0.,0.977256009337176));
#4461=DIRECTION('',(0.,-1.,0.));
#4462=DIRECTION('',(0.212062943991581,0.,-0.977256009337176));
#4463=DIRECTION('',(0.,1.,0.));
#4464=DIRECTION('center_axis',(0.,-1.,0.));
#4465=DIRECTION('ref_axis',(0.,0.,-1.));
#4466=DIRECTION('',(0.988238535571279,0.,-0.152920230224566));
#4467=DIRECTION('center_axis',(0.,-1.,0.));
#4468=DIRECTION('ref_axis',(0.835972681848246,0.,0.548771059006805));
#4469=DIRECTION('',(0.835972681848367,0.,0.548771059006622));
#4470=DIRECTION('center_axis',(0.,1.,0.));
#4471=DIRECTION('ref_axis',(1.,0.,0.));
#4472=DIRECTION('center_axis',(0.4067366430758,0.,0.913545457642601));
#4473=DIRECTION('ref_axis',(0.,1.,0.));
#4474=DIRECTION('center_axis',(0.,0.,1.));
#4475=DIRECTION('ref_axis',(0.707106781186547,0.707106781186548,0.));
#4476=DIRECTION('',(0.,0.,1.));
#4477=DIRECTION('center_axis',(0.,7.40148683083438E-16,-1.));
#4478=DIRECTION('ref_axis',(0.,1.,7.40148683083438E-16));
#4479=DIRECTION('',(0.,1.73472347597681E-16,-1.));
#4480=DIRECTION('center_axis',(0.,0.,-1.));
#4481=DIRECTION('ref_axis',(0.,1.,0.));
#4482=DIRECTION('center_axis',(0.,0.,1.));
#4483=DIRECTION('ref_axis',(0.707106781186547,0.707106781186548,0.));
#4484=DIRECTION('',(0.,0.,1.));
#4485=DIRECTION('center_axis',(-0.406736643075801,0.,-0.913545457642601));
#4486=DIRECTION('ref_axis',(-0.645974188021251,0.707106781186547,0.287606238475951));
#4487=DIRECTION('',(-0.406736643075801,0.,-0.913545457642601));
#4488=DIRECTION('',(-1.,0.,0.));
#4489=DIRECTION('',(1.,0.,0.));
#4490=DIRECTION('center_axis',(0.402121608021612,0.,-0.915586267023547));
#4491=DIRECTION('ref_axis',(-0.915586267023546,0.,-0.402121608021612));
#4492=DIRECTION('',(0.,-1.,0.));
#4493=DIRECTION('center_axis',(-0.176199891745258,-1.74856468287901E-13,
0.984354406780891));
#4494=DIRECTION('ref_axis',(0.,1.,1.77635683940025E-13));
#4495=DIRECTION('center_axis',(0.896027641365213,0.,0.44399827241724));
#4496=DIRECTION('ref_axis',(0.44399827241724,0.,-0.896027641365213));
#4497=DIRECTION('center_axis',(0.,0.,-1.));
#4498=DIRECTION('ref_axis',(0.707106781186547,-0.707106781186548,0.));
#4499=DIRECTION('center_axis',(0.,0.,1.));
#4500=DIRECTION('ref_axis',(0.,-1.,0.));
#4501=DIRECTION('',(0.,0.,-1.));
#4502=DIRECTION('center_axis',(0.,1.,0.));
#4503=DIRECTION('ref_axis',(-0.250380004054457,0.,-0.968147640378104));
#4504=DIRECTION('center_axis',(0.,1.,0.));
#4505=DIRECTION('ref_axis',(-0.207911690817759,0.,-0.978147600733806));
#4506=DIRECTION('center_axis',(-0.406736643075801,0.,-0.913545457642601));
#4507=DIRECTION('ref_axis',(0.,-1.,0.));
#4508=DIRECTION('center_axis',(0.,-1.,0.));
#4509=DIRECTION('ref_axis',(-0.207911690817759,0.,-0.978147600733806));
#4510=DIRECTION('center_axis',(0.406736643075801,0.,0.913545457642601));
#4511=DIRECTION('ref_axis',(-0.645974188021251,-0.707106781186547,0.287606238475951));
#4512=DIRECTION('center_axis',(-0.4067366430758,1.50522795367166E-16,-0.913545457642601));
#4513=DIRECTION('ref_axis',(-3.70074341541719E-16,-1.,0.));
#4514=DIRECTION('',(0.406736643075801,0.,0.913545457642601));
#4515=DIRECTION('center_axis',(0.,-1.,0.));
#4516=DIRECTION('ref_axis',(0.,0.,-1.));
#4517=DIRECTION('',(1.,0.,0.));
#4518=DIRECTION('center_axis',(0.,1.,0.));
#4519=DIRECTION('ref_axis',(1.,0.,0.));
#4520=DIRECTION('',(0.906307787036654,0.,-0.42261826174069));
#4521=DIRECTION('',(-0.422618261740701,0.,-0.906307787036649));
#4522=DIRECTION('',(-0.906307787036654,0.,0.422618261740691));
#4523=DIRECTION('center_axis',(0.,1.,0.));
#4524=DIRECTION('ref_axis',(1.,0.,0.));
#4525=DIRECTION('',(-0.906307787036654,0.,0.422618261740691));
#4526=DIRECTION('',(0.422618261740697,0.,0.906307787036651));
#4527=DIRECTION('',(1.,0.,0.));
#4528=DIRECTION('',(0.,0.,-1.));
#4529=DIRECTION('center_axis',(0.,-1.,0.));
#4530=DIRECTION('ref_axis',(-8.26946079742758E-16,0.,1.));
#4531=DIRECTION('',(0.,0.,1.));
#4532=DIRECTION('center_axis',(0.,-1.,0.));
#4533=DIRECTION('ref_axis',(-1.60812264967664E-16,0.,-1.));
#4534=DIRECTION('',(1.,0.,0.));
#4535=DIRECTION('center_axis',(0.,1.,0.));
#4536=DIRECTION('ref_axis',(1.,0.,0.));
#4537=DIRECTION('center_axis',(0.,1.,0.));
#4538=DIRECTION('ref_axis',(1.,0.,0.));
#4539=DIRECTION('center_axis',(0.176199891745258,-1.66113644873506E-13,
-0.984354406780891));
#4540=DIRECTION('ref_axis',(0.,-1.,1.68753899743024E-13));
#4541=DIRECTION('center_axis',(-0.906307787036651,0.,0.422618261740697));
#4542=DIRECTION('ref_axis',(0.422618261740697,0.,0.906307787036651));
#4543=DIRECTION('',(0.422618261740697,0.,0.906307787036651));
#4544=DIRECTION('',(0.,-1.,0.));
#4545=DIRECTION('',(0.,-1.,0.));
#4546=DIRECTION('',(0.422618261740697,0.,0.906307787036651));
#4547=DIRECTION('center_axis',(-0.422618261740691,0.,-0.906307787036654));
#4548=DIRECTION('ref_axis',(-0.906307787036654,0.,0.422618261740691));
#4549=DIRECTION('',(-0.906307787036654,0.,0.422618261740691));
#4550=DIRECTION('',(0.,-1.,0.));
#4551=DIRECTION('center_axis',(0.42261826174069,0.,0.906307787036655));
#4552=DIRECTION('ref_axis',(0.906307787036654,0.,-0.42261826174069));
#4553=DIRECTION('',(0.906307787036654,0.,-0.42261826174069));
#4554=DIRECTION('',(0.,-1.,0.));
#4555=DIRECTION('',(0.,-1.,0.));
#4556=DIRECTION('center_axis',(0.906307787036649,0.,-0.422618261740701));
#4557=DIRECTION('ref_axis',(-0.422618261740701,0.,-0.906307787036649));
#4558=DIRECTION('',(-0.422618261740701,0.,-0.906307787036649));
#4559=DIRECTION('',(0.,1.,0.));
#4560=DIRECTION('',(-0.422618261740701,0.,-0.906307787036649));
#4561=DIRECTION('center_axis',(0.,1.,0.));
#4562=DIRECTION('ref_axis',(0.,0.,1.));
#4563=DIRECTION('',(-0.906307787036654,0.,0.422618261740691));
#4564=DIRECTION('center_axis',(0.,1.,0.));
#4565=DIRECTION('ref_axis',(0.,0.,1.));
#4566=DIRECTION('center_axis',(0.,1.,0.));
#4567=DIRECTION('ref_axis',(0.,0.,1.));
#4568=DIRECTION('',(0.906307787036654,0.,-0.42261826174069));
#4569=DIRECTION('center_axis',(0.,1.,0.));
#4570=DIRECTION('ref_axis',(0.,0.,1.));
#4571=DIRECTION('center_axis',(0.225546187016264,0.,-0.9742324761177));
#4572=DIRECTION('ref_axis',(-0.9742324761177,0.,-0.225546187016264));
#4573=DIRECTION('',(0.,1.,0.));
#4574=DIRECTION('',(-0.9742324761177,0.,-0.225546187016264));
#4575=DIRECTION('',(0.,-1.,0.));
#4576=DIRECTION('center_axis',(0.,1.,0.));
#4577=DIRECTION('ref_axis',(-1.,0.,0.));
#4578=DIRECTION('center_axis',(0.,-1.,0.));
#4579=DIRECTION('ref_axis',(-1.,0.,0.));
#4580=DIRECTION('center_axis',(0.,-1.,0.));
#4581=DIRECTION('ref_axis',(-1.,0.,0.));
#4582=DIRECTION('center_axis',(0.,1.,0.));
#4583=DIRECTION('ref_axis',(-1.,0.,0.));
#4584=DIRECTION('center_axis',(0.736962280747519,0.,0.675933870105216));
#4585=DIRECTION('ref_axis',(0.675933870105216,0.,-0.736962280747519));
#4586=DIRECTION('',(0.,1.,0.));
#4587=DIRECTION('',(0.675933870105216,0.,-0.736962280747519));
#4588=DIRECTION('',(0.,-1.,0.));
#4589=DIRECTION('center_axis',(0.,1.,0.));
#4590=DIRECTION('ref_axis',(0.,0.,1.));
#4591=DIRECTION('center_axis',(0.,-1.,0.));
#4592=DIRECTION('ref_axis',(0.,0.,1.));
#4593=DIRECTION('',(0.,1.,0.));
#4594=DIRECTION('center_axis',(0.,1.,0.));
#4595=DIRECTION('ref_axis',(0.,0.,1.));
#4596=DIRECTION('center_axis',(0.,1.,0.));
#4597=DIRECTION('ref_axis',(1.,0.,0.));
#4598=DIRECTION('center_axis',(0.,1.,0.));
#4599=DIRECTION('ref_axis',(1.,0.,0.));
#4600=DIRECTION('center_axis',(0.,1.,0.));
#4601=DIRECTION('ref_axis',(1.,0.,0.));
#4602=DIRECTION('center_axis',(0.,-1.,0.));
#4603=DIRECTION('ref_axis',(0.,0.,1.));
#4604=DIRECTION('center_axis',(0.,1.,0.));
#4605=DIRECTION('ref_axis',(0.,0.,-1.));
#4606=DIRECTION('center_axis',(0.,-1.,0.));
#4607=DIRECTION('ref_axis',(1.,0.,0.));
#4608=DIRECTION('center_axis',(0.,1.,0.));
#4609=DIRECTION('ref_axis',(-7.50150692314295E-18,0.,-1.));
#4610=DIRECTION('center_axis',(0.,1.,0.));
#4611=DIRECTION('ref_axis',(-0.422618261740783,0.,-0.906307787036611));
#4612=DIRECTION('center_axis',(0.,-1.,0.));
#4613=DIRECTION('ref_axis',(1.,0.,0.));
#4614=DIRECTION('',(0.,1.,0.));
#4615=DIRECTION('center_axis',(0.0440851622393447,0.,0.999027776626021));
#4616=DIRECTION('ref_axis',(0.999027776626021,0.,-0.0440851622393447));
#4617=DIRECTION('',(0.999027776626021,0.,-0.0440851622393447));
#4618=DIRECTION('',(0.,-1.,0.));
#4619=DIRECTION('center_axis',(-0.891283669062185,0.,-0.453446161372051));
#4620=DIRECTION('ref_axis',(-0.453446161372051,0.,0.891283669062185));
#4621=DIRECTION('',(0.,1.,0.));
#4622=DIRECTION('',(-0.453446161372051,0.,0.891283669062185));
#4623=DIRECTION('',(0.,-1.,0.));
#4624=DIRECTION('center_axis',(0.,1.,0.));
#4625=DIRECTION('ref_axis',(1.,0.,0.));
#4626=DIRECTION('center_axis',(0.,-1.,0.));
#4627=DIRECTION('ref_axis',(1.,0.,0.));
#4628=DIRECTION('center_axis',(0.,1.,0.));
#4629=DIRECTION('ref_axis',(0.,0.,1.));
#4630=DIRECTION('center_axis',(0.,1.,0.));
#4631=DIRECTION('ref_axis',(0.,0.,1.));
#4632=DIRECTION('',(0.,1.,0.));
#4633=DIRECTION('center_axis',(0.42261826174069,0.,0.906307787036655));
#4634=DIRECTION('ref_axis',(0.906307787036654,0.,-0.42261826174069));
#4635=DIRECTION('',(0.,1.,0.));
#4636=DIRECTION('center_axis',(-0.422618261740691,0.,-0.906307787036654));
#4637=DIRECTION('ref_axis',(-0.906307787036654,0.,0.422618261740691));
#4638=DIRECTION('',(0.,1.,0.));
#4639=DIRECTION('center_axis',(0.,1.,0.));
#4640=DIRECTION('ref_axis',(1.,0.,0.));
#4641=DIRECTION('',(0.,1.,0.));
#4642=DIRECTION('center_axis',(0.,1.,0.));
#4643=DIRECTION('ref_axis',(1.,0.,0.));
#4644=DIRECTION('center_axis',(0.,1.,0.));
#4645=DIRECTION('ref_axis',(1.,0.,0.));
#4646=DIRECTION('center_axis',(0.,1.,0.));
#4647=DIRECTION('ref_axis',(1.,0.,0.));
#4648=DIRECTION('center_axis',(0.,-1.,0.));
#4649=DIRECTION('ref_axis',(-7.50150692314295E-18,0.,-1.));
#4650=DIRECTION('center_axis',(0.,-1.,0.));
#4651=DIRECTION('ref_axis',(0.,0.,-1.));
#4652=DIRECTION('center_axis',(0.,1.,0.));
#4653=DIRECTION('ref_axis',(-7.50150692314295E-18,0.,-1.));
#4654=DIRECTION('center_axis',(0.,1.,0.));
#4655=DIRECTION('ref_axis',(0.,0.,-1.));
#4656=DIRECTION('center_axis',(0.,1.,0.));
#4657=DIRECTION('ref_axis',(-0.207911690817759,0.,-0.978147600733806));
#4658=DIRECTION('center_axis',(0.,0.,1.));
#4659=DIRECTION('ref_axis',(0.707106781186547,0.707106781186548,0.));
#4660=DIRECTION('',(0.,0.,1.));
#4661=DIRECTION('center_axis',(0.,1.,0.));
#4662=DIRECTION('ref_axis',(-1.01064309961486E-15,0.,-1.));
#4663=DIRECTION('center_axis',(0.,1.,0.));
#4664=DIRECTION('ref_axis',(-1.60812264967664E-16,0.,-1.));
#4665=DIRECTION('center_axis',(0.,0.,-1.));
#4666=DIRECTION('ref_axis',(-0.707106781186547,0.707106781186548,0.));
#4667=DIRECTION('',(0.,0.,-1.));
#4668=DIRECTION('center_axis',(0.,1.,0.));
#4669=DIRECTION('ref_axis',(0.,0.,1.));
#4670=DIRECTION('center_axis',(0.,1.,0.));
#4671=DIRECTION('ref_axis',(-8.26946079742758E-16,0.,1.));
#4672=DIRECTION('center_axis',(0.,1.,0.));
#4673=DIRECTION('ref_axis',(1.,0.,0.));
#4674=DIRECTION('',(0.,-1.,0.));
#4675=DIRECTION('center_axis',(0.,-1.,0.));
#4676=DIRECTION('ref_axis',(1.,0.,0.));
#4677=DIRECTION('',(0.,1.,0.));
#4678=DIRECTION('center_axis',(-1.,0.,0.));
#4679=DIRECTION('ref_axis',(0.,0.,1.));
#4680=DIRECTION('',(0.,1.,0.));
#4681=DIRECTION('',(0.,0.,-1.));
#4682=DIRECTION('center_axis',(0.,0.,-1.));
#4683=DIRECTION('ref_axis',(0.707106781186547,-0.707106781186548,0.));
#4684=DIRECTION('',(0.,0.,1.));
#4685=DIRECTION('center_axis',(0.,-1.,0.));
#4686=DIRECTION('ref_axis',(0.,0.,-1.));
#4687=DIRECTION('center_axis',(0.,1.,0.));
#4688=DIRECTION('ref_axis',(-1.60812264967664E-16,0.,-1.));
#4689=DIRECTION('center_axis',(0.,-1.,0.));
#4690=DIRECTION('ref_axis',(-1.60812264967664E-16,0.,-1.));
#4691=DIRECTION('center_axis',(0.,-1.,0.));
#4692=DIRECTION('ref_axis',(0.,0.,-1.));
#4693=DIRECTION('center_axis',(0.,1.,0.));
#4694=DIRECTION('ref_axis',(-8.26946079742758E-16,0.,1.));
#4695=DIRECTION('center_axis',(0.,1.,0.));
#4696=DIRECTION('ref_axis',(1.,0.,0.));
#4697=DIRECTION('',(0.,1.,0.));
#4698=DIRECTION('center_axis',(0.,-1.,0.));
#4699=DIRECTION('ref_axis',(0.,0.,-1.));
#4700=DIRECTION('center_axis',(1.,0.,0.));
#4701=DIRECTION('ref_axis',(0.,0.,-1.));
#4702=DIRECTION('center_axis',(0.,1.,0.));
#4703=DIRECTION('ref_axis',(1.,0.,0.));
#4704=DIRECTION('center_axis',(0.,-1.,0.));
#4705=DIRECTION('ref_axis',(1.,0.,0.));
#4706=DIRECTION('',(0.,0.,1.));
#4707=DIRECTION('center_axis',(0.,1.,0.));
#4708=DIRECTION('ref_axis',(1.,0.,0.));
#4709=DIRECTION('',(0.,1.,0.));
#4710=DIRECTION('center_axis',(1.,0.,0.));
#4711=DIRECTION('ref_axis',(0.,0.,-1.));
#4712=DIRECTION('center_axis',(0.,0.,1.));
#4713=DIRECTION('ref_axis',(0.,1.,0.));
#4714=DIRECTION('',(-1.,0.,0.));
#4715=DIRECTION('',(0.,1.,0.));
#4716=DIRECTION('',(-1.,0.,0.));
#4717=DIRECTION('center_axis',(0.,-1.,6.93889390390723E-16));
#4718=DIRECTION('ref_axis',(0.,6.93889390390723E-16,1.));
#4719=DIRECTION('',(0.,6.93889390390723E-16,1.));
#4720=DIRECTION('center_axis',(0.,0.,-1.));
#4721=DIRECTION('ref_axis',(0.,-1.,0.));
#4722=DIRECTION('',(-1.,0.,0.));
#4723=DIRECTION('',(0.,-1.,0.));
#4724=DIRECTION('center_axis',(0.,1.,1.73472347597681E-16));
#4725=DIRECTION('ref_axis',(0.,1.73472347597681E-16,-1.));
#4726=DIRECTION('',(0.,1.73472347597681E-16,-1.));
#4727=DIRECTION('center_axis',(-1.,0.,0.));
#4728=DIRECTION('ref_axis',(0.,0.,1.));
#4729=DIRECTION('center_axis',(0.,0.,-1.));
#4730=DIRECTION('ref_axis',(0.,-1.,0.));
#4731=DIRECTION('',(-1.,0.,0.));
#4732=DIRECTION('',(0.,-1.,0.));
#4733=DIRECTION('',(-1.,0.,0.));
#4734=DIRECTION('center_axis',(0.,1.,6.50521303491303E-16));
#4735=DIRECTION('ref_axis',(0.,6.50521303491303E-16,-1.));
#4736=DIRECTION('',(0.,6.50521303491303E-16,-1.));
#4737=DIRECTION('center_axis',(0.,0.,1.));
#4738=DIRECTION('ref_axis',(0.,1.,0.));
#4739=DIRECTION('',(-1.,0.,0.));
#4740=DIRECTION('',(0.,1.,0.));
#4741=DIRECTION('center_axis',(0.,-1.,0.));
#4742=DIRECTION('ref_axis',(0.,0.,1.));
#4743=DIRECTION('',(0.,0.,1.));
#4744=DIRECTION('center_axis',(-1.,0.,0.));
#4745=DIRECTION('ref_axis',(0.,0.,1.));
#4746=DIRECTION('center_axis',(0.,1.,0.));
#4747=DIRECTION('ref_axis',(1.,0.,0.));
#4748=DIRECTION('center_axis',(0.,1.,0.));
#4749=DIRECTION('ref_axis',(1.,0.,0.));
#4750=DIRECTION('center_axis',(0.,1.,0.));
#4751=DIRECTION('ref_axis',(0.212062943991626,0.,-0.977256009337167));
#4752=DIRECTION('center_axis',(0.0483576227826951,-0.948683298050514,0.312508464395457));
#4753=DIRECTION('ref_axis',(0.145072868348086,0.316227766016838,0.937525393186371));
#4754=DIRECTION('center_axis',(0.,-1.,0.));
#4755=DIRECTION('ref_axis',(0.835972681848246,0.,0.548771059006805));
#4756=DIRECTION('center_axis',(-0.173536646044359,-0.948683298050514,0.264357773632014));
#4757=DIRECTION('ref_axis',(0.520609938133249,-0.316227766016838,-0.793073320895927));
#4758=DIRECTION('center_axis',(-0.0483576227826951,0.948683298050514,-0.312508464395457));
#4759=DIRECTION('ref_axis',(0.,0.312874500713595,0.949794476085863));
#4760=DIRECTION('',(-0.988238535571279,0.,0.152920230224566));
#4761=DIRECTION('center_axis',(0.,1.,0.));
#4762=DIRECTION('ref_axis',(0.212062943991626,0.,-0.977256009337167));
#4763=DIRECTION('center_axis',(0.,1.,0.));
#4764=DIRECTION('ref_axis',(0.835972681848246,0.,0.548771059006805));
#4765=DIRECTION('center_axis',(0.173536646044359,-0.948683298050514,-0.264357773632014));
#4766=DIRECTION('ref_axis',(0.520609938133249,0.316227766016838,-0.793073320895927));
#4767=DIRECTION('center_axis',(0.,-1.,0.));
#4768=DIRECTION('ref_axis',(0.835972681848246,0.,0.548771059006805));
#4769=DIRECTION('center_axis',(-0.0483576227826951,-0.948683298050514,-0.312508464395457));
#4770=DIRECTION('ref_axis',(0.145072868348086,-0.316227766016838,0.937525393186371));
#4771=DIRECTION('center_axis',(-0.173536646044359,0.948683298050514,0.264357773632014));
#4772=DIRECTION('ref_axis',(0.,-0.268430559778631,0.963299036943841));
#4773=DIRECTION('',(-0.835972681848367,0.,-0.548771059006622));
#4774=DIRECTION('center_axis',(0.173536646044359,-0.948683298050514,-0.264357773632014));
#4775=DIRECTION('ref_axis',(0.520609938133223,0.316227766016839,-0.793073320895944));
#4776=DIRECTION('',(-0.835972681848367,0.,-0.548771059006622));
#4777=DIRECTION('center_axis',(-0.152920230224566,0.,-0.988238535571279));
#4778=DIRECTION('ref_axis',(0.988238535571279,0.,-0.152920230224566));
#4779=DIRECTION('',(-0.988238535571279,0.,0.152920230224566));
#4780=DIRECTION('',(0.,1.,0.));
#4781=DIRECTION('center_axis',(0.,-1.,0.));
#4782=DIRECTION('ref_axis',(0.,0.,-1.));
#4783=DIRECTION('',(-0.835972681848367,0.,-0.548771059006622));
#4784=DIRECTION('center_axis',(0.173536646044359,0.948683298050514,-0.264357773632014));
#4785=DIRECTION('ref_axis',(0.,0.268430559778631,0.963299036943841));
#4786=DIRECTION('center_axis',(0.548771059006622,0.,-0.835972681848367));
#4787=DIRECTION('ref_axis',(0.835972681848367,0.,0.548771059006622));
#4788=DIRECTION('',(0.,1.,0.));
#4789=DIRECTION('',(-0.835972681848367,0.,-0.548771059006622));
#4790=DIRECTION('center_axis',(0.0483576227826951,0.948683298050514,0.312508464395457));
#4791=DIRECTION('ref_axis',(0.,-0.312874500713595,0.949794476085863));
#4792=DIRECTION('',(-0.988238535571279,0.,0.152920230224566));
#4793=DIRECTION('',(-0.988238535571279,0.,0.152920230224566));
#4794=DIRECTION('center_axis',(-0.0483576227826951,-0.948683298050514,-0.312508464395457));
#4795=DIRECTION('ref_axis',(0.145072868348085,-0.316227766016838,0.937525393186371));
#4796=DIRECTION('center_axis',(0.,-1.,0.));
#4797=DIRECTION('ref_axis',(0.,0.,-1.));
#4798=DIRECTION('center_axis',(0.,-1.,0.));
#4799=DIRECTION('ref_axis',(0.835972681848264,0.,0.548771059006778));
#4800=DIRECTION('center_axis',(0.,1.,0.));
#4801=DIRECTION('ref_axis',(0.212062943991609,0.,-0.97725600933717));
#4802=DIRECTION('center_axis',(0.,1.,0.));
#4803=DIRECTION('ref_axis',(0.835972681848264,0.,0.548771059006778));
#4804=DIRECTION('center_axis',(0.,1.,0.));
#4805=DIRECTION('ref_axis',(0.835972681848264,0.,0.548771059006778));
#4806=DIRECTION('center_axis',(0.,-1.,0.));
#4807=DIRECTION('ref_axis',(0.,0.,-1.));
#4808=DIRECTION('center_axis',(0.,-1.,0.));
#4809=DIRECTION('ref_axis',(0.,0.,-1.));
#4810=CARTESIAN_POINT('',(0.,0.,0.));
#4811=CARTESIAN_POINT('Origin',(0.,-4.85,0.));
#4812=CARTESIAN_POINT('',(6.67450447721468,-4.85,-0.583943476409524));
#4813=CARTESIAN_POINT('',(5.80237020535418,-4.85,3.3500000000027));
#4814=CARTESIAN_POINT('Origin',(0.,-4.85,0.));
#4815=CARTESIAN_POINT('',(6.67450447721468,-7.25,-0.583943476409524));
#4816=CARTESIAN_POINT('',(6.67450447721468,-4.85,-0.583943476409524));
#4817=CARTESIAN_POINT('',(5.80237020535418,-7.25,3.3500000000027));
#4818=CARTESIAN_POINT('Origin',(0.,-7.25,0.));
#4819=CARTESIAN_POINT('',(5.80237020535418,-4.85,3.3500000000027));
#4820=CARTESIAN_POINT('Origin',(8.96575228282568,-4.85,-0.784401684729211));
#4821=CARTESIAN_POINT('',(7.47146023568807,-4.85,-0.653668070607676));
#4822=CARTESIAN_POINT('',(4.09216774166211,-4.85,-0.358018286642049));
#4823=CARTESIAN_POINT('',(8.96575228282568,-3.35,-0.784401684729211));
#4824=CARTESIAN_POINT('Origin',(7.47146023568807,-3.35,-0.653668070607676));
#4825=CARTESIAN_POINT('',(8.96575228282568,-7.25,-0.784401684729211));
#4826=CARTESIAN_POINT('',(8.96575228282568,-4.85,-0.784401684729211));
#4827=CARTESIAN_POINT('',(6.91397307242883,-7.25,-0.604894263761249));
#4828=CARTESIAN_POINT('Origin',(7.40118510267709,-7.25,2.20587536899151));
#4829=CARTESIAN_POINT('',(9.,-7.25,0.));
#4830=CARTESIAN_POINT('',(9.,-7.25,5.19615242271223));
#4831=CARTESIAN_POINT('',(9.,-7.25,1.10293768449575));
#4832=CARTESIAN_POINT('',(7.75303044028493,-7.25,4.47621421173868));
#4833=CARTESIAN_POINT('Origin',(0.,-7.25,0.));
#4834=CARTESIAN_POINT('Origin',(5.80237020535418,-4.85,3.35000000000271));
#4835=CARTESIAN_POINT('',(7.5,-4.85,4.33012701892685));
#4836=CARTESIAN_POINT('',(4.84974226119312,-4.85,2.80000000000317));
#4837=CARTESIAN_POINT('',(9.,-3.35,5.19615242271223));
#4838=CARTESIAN_POINT('',(9.,-4.85,5.19615242271223));
#4839=CARTESIAN_POINT('Origin',(7.5,-3.35,4.33012701892685));
#4840=CARTESIAN_POINT('Origin',(7.5,-3.35,20.5));
#4841=CARTESIAN_POINT('',(9.,-3.35,6.40000000005387));
#4842=CARTESIAN_POINT('',(9.,-3.35,20.5));
#4843=CARTESIAN_POINT('',(9.,-3.35,9.));
#4844=CARTESIAN_POINT('',(9.,-3.35,19.2000000000269));
#4845=CARTESIAN_POINT('',(7.5,-4.85,9.));
#4846=CARTESIAN_POINT('Origin',(7.5,-3.35,9.));
#4847=CARTESIAN_POINT('',(7.5,-4.85,20.5));
#4848=CARTESIAN_POINT('Origin',(0.,4.85,0.));
#4849=CARTESIAN_POINT('',(5.80237020535418,4.85,3.3500000000027));
#4850=CARTESIAN_POINT('',(6.67450447721468,4.85,-0.583943476409524));
#4851=CARTESIAN_POINT('Origin',(0.,4.85,0.));
#4852=CARTESIAN_POINT('',(5.80237020535418,7.25,3.3500000000027));
#4853=CARTESIAN_POINT('',(5.80237020535418,4.85,3.3500000000027));
#4854=CARTESIAN_POINT('',(6.67450447721468,7.25,-0.583943476409524));
#4855=CARTESIAN_POINT('Origin',(0.,7.25,0.));
#4856=CARTESIAN_POINT('',(6.67450447721468,4.85,-0.583943476409524));
#4857=CARTESIAN_POINT('Origin',(5.80237020535418,4.85,3.3500000000027));
#4858=CARTESIAN_POINT('',(7.5,4.85,4.33012701892685));
#4859=CARTESIAN_POINT('',(4.84974226119312,4.85,2.80000000000317));
#4860=CARTESIAN_POINT('',(9.,3.35,5.19615242271223));
#4861=CARTESIAN_POINT('Origin',(7.5,3.35,4.33012701892685));
#4862=CARTESIAN_POINT('',(9.,7.25,5.19615242271223));
#4863=CARTESIAN_POINT('',(9.,4.85,5.19615242271223));
#4864=CARTESIAN_POINT('',(6.15421554296202,7.25,3.55313800038392));
#4865=CARTESIAN_POINT('Origin',(8.96575228282568,4.85,-0.784401684729211));
#4866=CARTESIAN_POINT('',(7.47146023568807,4.85,-0.653668070607676));
#4867=CARTESIAN_POINT('',(4.09216774166211,4.85,-0.358018286642049));
#4868=CARTESIAN_POINT('',(8.96575228282568,7.25,-0.784401684729211));
#4869=CARTESIAN_POINT('',(8.05959697523434,7.25,-0.705123367921092));
#4870=CARTESIAN_POINT('',(8.96575228282568,3.35,-0.784401684729211));
#4871=CARTESIAN_POINT('',(8.96575228282568,4.85,-0.784401684729211));
#4872=CARTESIAN_POINT('Origin',(7.47146023568807,3.35,-0.653668070607676));
#4873=CARTESIAN_POINT('Origin',(7.40118510267709,7.25,2.20587536899151));
#4874=CARTESIAN_POINT('',(9.,7.25,0.));
#4875=CARTESIAN_POINT('',(9.,7.25,3.70101389585187));
#4876=CARTESIAN_POINT('Origin',(0.,7.25,0.));
#4877=CARTESIAN_POINT('Origin',(0.,3.35,0.));
#4878=CARTESIAN_POINT('',(-8.2219091187834,3.35,3.6606297876822));
#4879=CARTESIAN_POINT('Origin',(0.,3.35,0.));
#4880=CARTESIAN_POINT('',(-6.85159093231951,4.85,3.0505248230685));
#4881=CARTESIAN_POINT('Origin',(-6.85159093231951,3.35,3.0505248230685));
#4882=CARTESIAN_POINT('Origin',(0.,4.85,0.));
#4883=CARTESIAN_POINT('Origin',(1.,-1.45,32.));
#4884=CARTESIAN_POINT('',(2.5852666512524,-1.45,26.0837043139793));
#4885=CARTESIAN_POINT('',(2.5852666512524,-4.65,26.0837043139793));
#4886=CARTESIAN_POINT('',(2.5852666512524,-1.45,26.0837043139793));
#4887=CARTESIAN_POINT('',(5.33102903476747,-4.65,27.6689709652323));
#4888=CARTESIAN_POINT('Origin',(1.,-4.65,32.));
#4889=CARTESIAN_POINT('',(5.33102903476747,-1.45,27.6689709652323));
#4890=CARTESIAN_POINT('',(5.33102903476747,-1.45,27.6689709652323));
#4891=CARTESIAN_POINT('Origin',(1.,-1.45,32.));
#4892=CARTESIAN_POINT('Origin',(7.01040764008547,-1.45,25.9895923599142));
#4893=CARTESIAN_POINT('',(5.94974746830568,-4.65,27.050252531694));
#4894=CARTESIAN_POINT('',(3.06770382004271,-4.65,29.9322961799572));
#4895=CARTESIAN_POINT('',(7.01040764008547,-3.15,25.9895923599142));
#4896=CARTESIAN_POINT('Origin',(5.94974746830568,-3.15,27.050252531694));
#4897=CARTESIAN_POINT('',(7.01040764008547,-1.45,25.9895923599142));
#4898=CARTESIAN_POINT('',(7.01040764008547,0.,25.9895923599142));
#4899=CARTESIAN_POINT('',(1.,-1.45,32.));
#4900=CARTESIAN_POINT('Origin',(2.5852666512524,-1.45,26.0837043139793));
#4901=CARTESIAN_POINT('',(2.81173331571703,-4.65,25.2385192159764));
#4902=CARTESIAN_POINT('',(3.19996188337068,-3.15,23.7896304765427));
#4903=CARTESIAN_POINT('Origin',(2.81173331571703,-3.15,25.2385192159764));
#4904=CARTESIAN_POINT('',(1.32388332562634,-4.65,30.7912509730377));
#4905=CARTESIAN_POINT('',(3.19996188337068,-1.45,23.7896304765427));
#4906=CARTESIAN_POINT('',(1.,-1.45,32.));
#4907=CARTESIAN_POINT('',(3.19996188337068,0.,23.7896304765427));
#4908=CARTESIAN_POINT('Origin',(4.79783714566894,-1.45,25.7293007208875));
#4909=CARTESIAN_POINT('Origin',(0.999999999999999,-1.45,32.));
#4910=CARTESIAN_POINT('Origin',(0.999999999999999,-3.15,32.));
#4911=CARTESIAN_POINT('',(6.85646627603048,-4.65,28.165707006798));
#4912=CARTESIAN_POINT('Origin',(0.999999999999999,-4.65,32.));
#4913=CARTESIAN_POINT('',(7.94144660853728,-3.15,27.0942565312864));
#4914=CARTESIAN_POINT('Ctrl Pts',(6.85646627603048,-4.65,28.165707006798));
#4915=CARTESIAN_POINT('Ctrl Pts',(6.85794319814321,-4.65,28.1642754395004));
#4916=CARTESIAN_POINT('Ctrl Pts',(6.85942005933005,-4.64999592041201,28.1628438119568));
#4917=CARTESIAN_POINT('Ctrl Pts',(6.93570904469151,-4.64957441970967,28.0888852680898));
#4918=CARTESIAN_POINT('Ctrl Pts',(7.01016530811766,-4.63869221466427,28.0163949610252));
#4919=CARTESIAN_POINT('Ctrl Pts',(7.15593740561156,-4.59627776317331,27.8739262934511));
#4920=CARTESIAN_POINT('Ctrl Pts',(7.22691583794461,-4.56488418944307,27.8042794585494));
#4921=CARTESIAN_POINT('Ctrl Pts',(7.42398466000748,-4.44561222319796,27.6102672724682));
#4922=CARTESIAN_POINT('Ctrl Pts',(7.54068671691279,-4.33340901837713,27.4945457453914));
#4923=CARTESIAN_POINT('Ctrl Pts',(7.73500250657225,-4.05434236398375,27.3011240822661));
#4924=CARTESIAN_POINT('Ctrl Pts',(7.81132914265641,-3.89100876537718,27.224737416979));
#4925=CARTESIAN_POINT('Ctrl Pts',(7.91489684164625,-3.53321454685052,27.1209509958109));
#4926=CARTESIAN_POINT('Ctrl Pts',(7.94144660853728,-3.3426034893166,27.0942565312864));
#4927=CARTESIAN_POINT('Ctrl Pts',(7.94144660853728,-3.15,27.0942565312864));
#4928=CARTESIAN_POINT('Origin',(0.999999999999999,-3.15,32.));
#4929=CARTESIAN_POINT('Origin',(0.999999999999999,-3.15,32.));
#4930=CARTESIAN_POINT('',(-3.90162016737204,-3.15,25.0556411573989));
#4931=CARTESIAN_POINT('Origin',(0.999999999999999,-3.15,32.));
#4932=CARTESIAN_POINT('',(-3.03662837312992,-4.65,26.2811162472697));
#4933=CARTESIAN_POINT('Origin',(-3.03662837312992,-3.15,26.2811162472697));
#4934=CARTESIAN_POINT('Origin',(0.999999999999999,-4.65,32.));
#4935=CARTESIAN_POINT('Origin',(0.999999999999999,0.,32.));
#4936=CARTESIAN_POINT('',(7.94144660853728,3.15,27.0942565312864));
#4937=CARTESIAN_POINT('',(7.94144660853728,0.,27.0942565312864));
#4938=CARTESIAN_POINT('',(-3.90162016737204,3.15,25.0556411573989));
#4939=CARTESIAN_POINT('Origin',(0.999999999999999,3.15,32.));
#4940=CARTESIAN_POINT('',(-3.90162016737204,2.15,25.0556411573989));
#4941=CARTESIAN_POINT('',(-3.90162016737204,0.,25.0556411573989));
#4942=CARTESIAN_POINT('',(-0.861089716556315,2.15,23.7062466236975));
#4943=CARTESIAN_POINT('Origin',(0.999999999999999,2.15,32.));
#4944=CARTESIAN_POINT('',(-0.861089716556315,0.55,23.7062466236975));
#4945=CARTESIAN_POINT('',(-0.861089716556315,0.,23.7062466236975));
#4946=CARTESIAN_POINT('',(-3.90162016737204,0.55,25.0556411573989));
#4947=CARTESIAN_POINT('Origin',(0.999999999999999,0.55,32.));
#4948=CARTESIAN_POINT('',(-3.90162016737204,0.,25.0556411573989));
#4949=CARTESIAN_POINT('',(5.40222922060976,2.85,24.7287980437063));
#4950=CARTESIAN_POINT('',(5.40222922060977,1.55,24.7287980437063));
#4951=CARTESIAN_POINT('',(5.40222922060977,0.,24.7287980437063));
#4952=CARTESIAN_POINT('',(7.89632770692409,2.85,27.0310298694084));
#4953=CARTESIAN_POINT('Origin',(0.999999999999999,2.85,32.));
#4954=CARTESIAN_POINT('',(7.89632770692409,1.55,27.0310298694084));
#4955=CARTESIAN_POINT('',(7.89632770692409,0.,27.0310298694084));
#4956=CARTESIAN_POINT('Origin',(0.999999999999999,1.55,32.));
#4957=CARTESIAN_POINT('Origin',(9.00000000000543,2.12319437760248,18.3982957914997));
#4958=CARTESIAN_POINT('',(8.00000000000543,2.,18.3977075173503));
#4959=CARTESIAN_POINT('',(9.,2.,18.39770751735));
#4960=CARTESIAN_POINT('',(9.00000000000449,2.,18.39770751735));
#4961=CARTESIAN_POINT('',(8.00000000000543,0.4654990293853,18.3903800136822));
#4962=CARTESIAN_POINT('',(8.00000000000543,2.12319437760248,18.3982957915));
#4963=CARTESIAN_POINT('',(9.00000000000543,0.4654990293853,18.3903800136819));
#4964=CARTESIAN_POINT('',(9.00000000000543,0.4654990293853,18.3903800136819));
#4965=CARTESIAN_POINT('',(9.,1.09409588246953,18.3933816707906));
#4966=CARTESIAN_POINT('Origin',(9.00000000000543,0.4654990293853,18.3903800136819));
#4967=CARTESIAN_POINT('',(9.00000000000412,0.486602336845838,13.9709969247989));
#4968=CARTESIAN_POINT('',(9.,0.433000335730265,25.1961462386408));
#4969=CARTESIAN_POINT('',(8.00000000000412,0.486602336845838,13.9709969247992));
#4970=CARTESIAN_POINT('',(8.00000000000543,0.4654990293853,18.3903800136822));
#4971=CARTESIAN_POINT('',(9.00000000000412,0.486602336845838,13.9709969247989));
#4972=CARTESIAN_POINT('Origin',(9.0000000000056,-1.85126311877133,18.9706322956508));
#4973=CARTESIAN_POINT('',(9.,2.,18.9890227334349));
#4974=CARTESIAN_POINT('',(8.00000000000561,2.,18.9890227334352));
#4975=CARTESIAN_POINT('',(9.00000000000466,2.,18.9890227334349));
#4976=CARTESIAN_POINT('',(9.0000000000056,-1.85126311877133,18.9706322956508));
#4977=CARTESIAN_POINT('',(9.,-0.894544648994488,18.9752007894028));
#4978=CARTESIAN_POINT('',(8.0000000000056,-1.85126311877133,18.9706322956511));
#4979=CARTESIAN_POINT('',(9.0000000000056,-1.85126311877133,18.9706322956508));
#4980=CARTESIAN_POINT('',(8.0000000000056,-1.85126311877133,18.9706322956511));
#4981=CARTESIAN_POINT('Origin',(9.00000000000543,-1.84843955221826,18.3793305625775));
#4982=CARTESIAN_POINT('',(9.00000000000543,-1.84843955221826,18.3793305625775));
#4983=CARTESIAN_POINT('',(9.,-1.8809382458733,25.1850967875387));
#4984=CARTESIAN_POINT('',(8.00000000000543,-1.84843955221826,18.3793305625778));
#4985=CARTESIAN_POINT('',(9.00000000000543,-1.84843955221826,18.3793305625775));
#4986=CARTESIAN_POINT('',(8.00000000000543,-1.84843955221826,18.3793305625778));
#4987=CARTESIAN_POINT('Origin',(9.00000000000543,-0.197579437723382,18.3872137009893));
#4988=CARTESIAN_POINT('',(9.00000000000543,-0.197579437723382,18.3872137009893));
#4989=CARTESIAN_POINT('',(9.,-0.0662910251933979,18.3878406255354));
#4990=CARTESIAN_POINT('',(8.00000000000543,-0.197579437723382,18.3872137009896));
#4991=CARTESIAN_POINT('',(9.00000000000543,-0.197579437723382,18.3872137009893));
#4992=CARTESIAN_POINT('',(8.00000000000543,-0.197579437723382,18.3872137009896));
#4993=CARTESIAN_POINT('Origin',(9.00000000000412,-0.176476130262845,13.9678306121063));
#4994=CARTESIAN_POINT('',(9.00000000000412,-0.176476130262845,13.9678306121063));
#4995=CARTESIAN_POINT('',(9.,-0.219526477648152,22.9832883815074));
#4996=CARTESIAN_POINT('',(8.00000000000412,-0.176476130262844,13.9678306121066));
#4997=CARTESIAN_POINT('',(9.00000000000412,-0.176476130262845,13.9678306121063));
#4998=CARTESIAN_POINT('',(8.00000000000412,-0.176476130262845,13.9678306121066));
#4999=CARTESIAN_POINT('Origin',(9.00000000000412,0.486602336845838,13.9709969247989));
#5000=CARTESIAN_POINT('',(9.,0.286351515825785,13.9700406929986));
#5001=CARTESIAN_POINT('',(8.00000000000412,0.486602336845838,13.9709969247992));
#5002=CARTESIAN_POINT('Origin',(8.00000000000487,0.135965629415576,16.47871406834));
#5003=CARTESIAN_POINT('',(8.00000000000338,2.,11.4393570341971));
#5004=CARTESIAN_POINT('Origin',(9.,0.,32.));
#5005=CARTESIAN_POINT('',(9.,2.,19.2000000000539));
#5006=CARTESIAN_POINT('',(9.,2.,19.2000000000269));
#5007=CARTESIAN_POINT('',(9.,3.35,19.2000000000539));
#5008=CARTESIAN_POINT('',(9.,1.,19.2000000000539));
#5009=CARTESIAN_POINT('',(9.,3.35,9.));
#5010=CARTESIAN_POINT('',(9.,3.35,25.6000000000269));
#5011=CARTESIAN_POINT('',(9.,6.,22.));
#5012=CARTESIAN_POINT('Ctrl Pts',(9.,6.,22.));
#5013=CARTESIAN_POINT('Ctrl Pts',(9.,6.,21.3643346180231));
#5014=CARTESIAN_POINT('Ctrl Pts',(9.,5.95506324867097,20.0893458829374));
#5015=CARTESIAN_POINT('Ctrl Pts',(9.,5.6935155115679,18.1876099693895));
#5016=CARTESIAN_POINT('Ctrl Pts',(9.,5.13210759956006,16.3517954222927));
#5017=CARTESIAN_POINT('Ctrl Pts',(9.,4.36305680654421,14.6043421852381));
#5018=CARTESIAN_POINT('Ctrl Pts',(9.,3.74144830465777,12.7996305111466));
#5019=CARTESIAN_POINT('Ctrl Pts',(9.,3.40730034576599,10.9063088939028));
#5020=CARTESIAN_POINT('Ctrl Pts',(9.,3.35,9.63566538197688));
#5021=CARTESIAN_POINT('Ctrl Pts',(9.,3.35,9.));
#5022=CARTESIAN_POINT('',(9.,6.,26.8765246170202));
#5023=CARTESIAN_POINT('',(9.,6.,26.219131154255));
#5024=CARTESIAN_POINT('',(9.,8.,26.8765246170202));
#5025=CARTESIAN_POINT('',(9.,9.5,26.8765246170202));
#5026=CARTESIAN_POINT('',(9.,8.,32.));
#5027=CARTESIAN_POINT('',(9.,8.,32.9687499999944));
#5028=CARTESIAN_POINT('',(9.,4.65,32.));
#5029=CARTESIAN_POINT('',(9.,0.,32.));
#5030=CARTESIAN_POINT('',(9.,4.65,29.6666254787282));
#5031=CARTESIAN_POINT('',(9.,4.65,33.875));
#5032=CARTESIAN_POINT('',(9.,3.15,27.835463595586));
#5033=CARTESIAN_POINT('Origin',(9.,3.15,29.6666254787282));
#5034=CARTESIAN_POINT('',(9.,-3.15,27.835463595586));
#5035=CARTESIAN_POINT('',(9.,0.,27.835463595586));
#5036=CARTESIAN_POINT('',(9.,-4.65,29.6666254787282));
#5037=CARTESIAN_POINT('Origin',(9.,-3.15,29.6666254787282));
#5038=CARTESIAN_POINT('',(9.,-4.65,32.));
#5039=CARTESIAN_POINT('',(9.,-4.65,33.875));
#5040=CARTESIAN_POINT('',(9.,-8.,32.));
#5041=CARTESIAN_POINT('',(9.,0.,32.));
#5042=CARTESIAN_POINT('',(9.,-8.,26.8765246170202));
#5043=CARTESIAN_POINT('',(9.,-8.,32.9687499999944));
#5044=CARTESIAN_POINT('',(9.,-6.,26.8765246170202));
#5045=CARTESIAN_POINT('',(9.,-9.5,26.8765246170202));
#5046=CARTESIAN_POINT('',(9.,-6.,22.));
#5047=CARTESIAN_POINT('',(9.,-6.,26.219131154255));
#5048=CARTESIAN_POINT('Ctrl Pts',(9.,-3.35,9.));
#5049=CARTESIAN_POINT('Ctrl Pts',(9.,-3.35,9.63581254371267));
#5050=CARTESIAN_POINT('Ctrl Pts',(9.,-3.41592533447463,11.5557955486701));
#5051=CARTESIAN_POINT('Ctrl Pts',(9.,-4.09600452985242,14.0355318878573));
#5052=CARTESIAN_POINT('Ctrl Pts',(9.,-5.13627681084786,16.3575474833075));
#5053=CARTESIAN_POINT('Ctrl Pts',(9.,-5.69242379181142,18.1887703596259));
#5054=CARTESIAN_POINT('Ctrl Pts',(9.,-5.95669671926119,20.094278070812));
#5055=CARTESIAN_POINT('Ctrl Pts',(9.,-6.,21.3641874562873));
#5056=CARTESIAN_POINT('Ctrl Pts',(9.,-6.,22.));
#5057=CARTESIAN_POINT('',(9.,-3.35,19.2000000000539));
#5058=CARTESIAN_POINT('',(9.,-3.35,19.2000000000269));
#5059=CARTESIAN_POINT('',(9.,-2.,19.2000000000539));
#5060=CARTESIAN_POINT('',(9.,-1.675,19.2000000000539));
#5061=CARTESIAN_POINT('',(8.99999999999969,-1.99999999999999,8.63324958071099));
#5062=CARTESIAN_POINT('',(9.,-2.,25.6000000000269));
#5063=CARTESIAN_POINT('',(8.99999999999969,1.99999999999999,8.63324958071099));
#5064=CARTESIAN_POINT('Origin',(8.99999999999637,0.,8.63324958071099));
#5065=CARTESIAN_POINT('',(9.,2.,19.2000000000269));
#5066=CARTESIAN_POINT('Origin',(0.999999999999999,2.,32.));
#5067=CARTESIAN_POINT('',(-4.56288619518165,2.06626645806774,25.2083064490919));
#5068=CARTESIAN_POINT('Ctrl Pts',(-3.90162016737204,2.15,25.0556411573989));
#5069=CARTESIAN_POINT('Ctrl Pts',(-4.22691242193611,2.112131520057,25.1307407917972));
#5070=CARTESIAN_POINT('Ctrl Pts',(-4.56288619518165,2.06626645806774,25.2083064490919));
#5071=CARTESIAN_POINT('',(-3.89340691217325,1.85,23.8572382576981));
#5072=CARTESIAN_POINT('Ctrl Pts',(-3.89340691217325,1.85,23.8572382576981));
#5073=CARTESIAN_POINT('Ctrl Pts',(-4.24134795306883,1.97679049032957,24.5594139407484));
#5074=CARTESIAN_POINT('Ctrl Pts',(-4.56288619518165,2.06626645806774,25.2083064490919));
#5075=CARTESIAN_POINT('',(-0.308220045009209,1.85,22.5905069045226));
#5076=CARTESIAN_POINT('Origin',(0.999999999999999,1.85,32.));
#5077=CARTESIAN_POINT('Ctrl Pts',(-0.861089716556314,2.15,23.7062466236975));
#5078=CARTESIAN_POINT('Ctrl Pts',(-0.600012371659173,2.01292116662223,23.1793695340874));
#5079=CARTESIAN_POINT('Ctrl Pts',(-0.308220045009208,1.85,22.5905069045226));
#5080=CARTESIAN_POINT('Origin',(-3.90162016737204,0.,25.0556411573989));
#5081=CARTESIAN_POINT('',(-4.56288619518165,0.633733541932257,25.2083064490919));
#5082=CARTESIAN_POINT('',(-4.56288619518165,0.925,25.2083064490919));
#5083=CARTESIAN_POINT('',(-4.95915101200606,4.5915491410959,25.2997913905587));
#5084=CARTESIAN_POINT('Origin',(-5.36317526455,3.15,25.3930677389143));
#5085=CARTESIAN_POINT('',(-4.95915101200601,-4.59154914109569,25.2997913905587));
#5086=CARTESIAN_POINT('Ctrl Pts',(-4.95915101200601,-4.59154914109569,25.2997913905587));
#5087=CARTESIAN_POINT('Ctrl Pts',(-4.95915101200601,-1.53051638036517,25.2997913905587));
#5088=CARTESIAN_POINT('Ctrl Pts',(-4.95915101200601,1.53051638036536,25.2997913905587));
#5089=CARTESIAN_POINT('Ctrl Pts',(-4.95915101200601,4.59154914109589,25.2997913905587));
#5090=CARTESIAN_POINT('Origin',(-5.36317526455,-3.15,25.3930677389143));
#5091=CARTESIAN_POINT('Ctrl Pts',(-4.56288619518165,0.633733541932257,25.2083064490919));
#5092=CARTESIAN_POINT('Ctrl Pts',(-4.22691242193611,0.587868479942994,25.1307407917972));
#5093=CARTESIAN_POINT('Ctrl Pts',(-3.90162016737204,0.549999999999999,25.0556411573989));
#5094=CARTESIAN_POINT('Origin',(0.999999999999999,0.7,32.));
#5095=CARTESIAN_POINT('',(-0.308220045009209,0.85,22.5905069045226));
#5096=CARTESIAN_POINT('Ctrl Pts',(-0.308220045009208,0.849999999999999,
22.5905069045226));
#5097=CARTESIAN_POINT('Ctrl Pts',(-0.600012371659171,0.687078833377769,
23.1793695340874));
#5098=CARTESIAN_POINT('Ctrl Pts',(-0.861089716556314,0.55,23.7062466236975));
#5099=CARTESIAN_POINT('',(-3.89340691217325,0.85,23.8572382576981));
#5100=CARTESIAN_POINT('Origin',(0.999999999999999,0.85,32.));
#5101=CARTESIAN_POINT('Ctrl Pts',(-4.56288619518165,0.633733541932258,25.2083064490919));
#5102=CARTESIAN_POINT('Ctrl Pts',(-4.24134795306883,0.723209509670432,24.5594139407485));
#5103=CARTESIAN_POINT('Ctrl Pts',(-3.89340691217325,0.85,23.8572382576981));
#5104=CARTESIAN_POINT('Origin',(0.906335505890141,0.85,9.72400691033749));
#5105=CARTESIAN_POINT('',(1.77296823029839,0.85,18.3904855589062));
#5106=CARTESIAN_POINT('',(1.7729682302984,0.85,18.3904855589062));
#5107=CARTESIAN_POINT('',(2.49592414775859,0.85,17.8495746080022));
#5108=CARTESIAN_POINT('Origin',(2.6689958714399,0.85,18.8344838312106));
#5109=CARTESIAN_POINT('',(4.08467956522316,0.85,13.7589859469599));
#5110=CARTESIAN_POINT('',(-3.00000000004758,0.85,32.));
#5111=CARTESIAN_POINT('',(0.705808311998498,0.85,2.64999999999657));
#5112=CARTESIAN_POINT('Ctrl Pts',(0.705808311998543,0.85,2.64999999999702));
#5113=CARTESIAN_POINT('Ctrl Pts',(0.744304462580048,0.85,3.04434867535084));
#5114=CARTESIAN_POINT('Ctrl Pts',(0.88537444181367,0.85,4.0490674471809));
#5115=CARTESIAN_POINT('Ctrl Pts',(1.2788361697375,0.85,5.62215879358934));
#5116=CARTESIAN_POINT('Ctrl Pts',(2.11170608984673,0.85,7.68685724568184));
#5117=CARTESIAN_POINT('Ctrl Pts',(3.32981760406828,0.85,10.0945347559529));
#5118=CARTESIAN_POINT('Ctrl Pts',(4.09444732331753,0.85,11.8576810023444));
#5119=CARTESIAN_POINT('Ctrl Pts',(4.27664138201253,0.85,12.9234362980277));
#5120=CARTESIAN_POINT('Ctrl Pts',(4.18433165768966,0.85,13.5024104445184));
#5121=CARTESIAN_POINT('Ctrl Pts',(4.08467956522316,0.85,13.7589859469599));
#5122=CARTESIAN_POINT('',(0.682440120234077,0.85,2.37812574552357));
#5123=CARTESIAN_POINT('Ctrl Pts',(0.682440120234087,0.85,2.3781257455237));
#5124=CARTESIAN_POINT('Ctrl Pts',(0.686491831296763,0.85,2.43266360627444));
#5125=CARTESIAN_POINT('Ctrl Pts',(0.690856120098019,0.85,2.48711998604429));
#5126=CARTESIAN_POINT('Ctrl Pts',(0.695531476841388,0.85,2.54149486478641));
#5127=CARTESIAN_POINT('Ctrl Pts',(0.700516180529327,0.85,2.59578821510009));
#5128=CARTESIAN_POINT('Ctrl Pts',(0.705808311998498,0.85,2.64999999999657));
#5129=CARTESIAN_POINT('',(0.275000000000032,0.85,1.49999999999394));
#5130=CARTESIAN_POINT('Origin',(1.42500000000003,0.85,1.49999999999394));
#5131=CARTESIAN_POINT('',(2.36702485092995,0.85,0.84038709818677));
#5132=CARTESIAN_POINT('Origin',(1.42500000000003,0.85,1.49999999999394));
#5133=CARTESIAN_POINT('',(9.,0.85,0.26007696719946));
#5134=CARTESIAN_POINT('',(10.8126710117803,0.85,0.101488802968121));
#5135=CARTESIAN_POINT('',(9.,0.85,0.));
#5136=CARTESIAN_POINT('',(9.,0.85,20.8620034551687));
#5137=CARTESIAN_POINT('',(-8.2219091187834,0.85,3.6606297876822));
#5138=CARTESIAN_POINT('Origin',(0.,0.85,0.));
#5139=CARTESIAN_POINT('',(-7.89539816107873,0.85,4.39398540576959));
#5140=CARTESIAN_POINT('',(-6.34035309438515,0.85,7.88667381064171));
#5141=CARTESIAN_POINT('',(-2.57472649301046,0.85,1.47492030163534));
#5142=CARTESIAN_POINT('',(-9.,0.85,5.));
#5143=CARTESIAN_POINT('',(-1.42499575679054,0.85,2.65000000000006));
#5144=CARTESIAN_POINT('Origin',(-1.42500000000006,0.85,1.49999999999891));
#5145=CARTESIAN_POINT('',(-0.938663713871212,0.85,2.6499999999995));
#5146=CARTESIAN_POINT('',(1.42499999999639,0.85,2.64999999999539));
#5147=CARTESIAN_POINT('',(-0.741477324549831,0.85,3.33659706318598));
#5148=CARTESIAN_POINT('',(3.63014330037111,0.85,18.5584482911839));
#5149=CARTESIAN_POINT('',(-0.0672205541686581,0.85,14.8519662909578));
#5150=CARTESIAN_POINT('',(-0.850983145531262,0.85,1.4663897229192));
#5151=CARTESIAN_POINT('',(-0.510598013279943,0.85,17.0304317875699));
#5152=CARTESIAN_POINT('Origin',(0.,0.85,16.));
#5153=CARTESIAN_POINT('',(-6.16822113097567,0.85,28.448013820675));
#5154=CARTESIAN_POINT('Origin',(0.999999999999999,1.7,32.));
#5155=CARTESIAN_POINT('',(7.27491813880792,1.85,24.8673004864035));
#5156=CARTESIAN_POINT('Ctrl Pts',(7.27491813880792,1.85,24.8673004864035));
#5157=CARTESIAN_POINT('Ctrl Pts',(7.60288429975814,1.65776771088145,26.0092687718784));
#5158=CARTESIAN_POINT('Ctrl Pts',(7.8963277069241,1.55,27.0310298694084));
#5159=CARTESIAN_POINT('',(5.01820268963187,1.85,23.3916292398018));
#5160=CARTESIAN_POINT('Origin',(0.999999999999999,1.85,32.));
#5161=CARTESIAN_POINT('Ctrl Pts',(5.40222922060977,1.55,24.7287980437063));
#5162=CARTESIAN_POINT('Ctrl Pts',(5.22088335875909,1.68387086011142,24.0973572196403));
#5163=CARTESIAN_POINT('Ctrl Pts',(5.01820268963187,1.85,23.3916292398018));
#5164=CARTESIAN_POINT('Origin',(0.906335505890141,1.85,10.3958578396167));
#5165=CARTESIAN_POINT('',(4.08467956522316,1.85,13.7589859469599));
#5166=CARTESIAN_POINT('',(0.850000000001865,1.85,2.4959292143459));
#5167=CARTESIAN_POINT('',(3.03094364319048,1.85,16.4720531485048));
#5168=CARTESIAN_POINT('',(4.44387736910954,1.85,12.8341548197158));
#5169=CARTESIAN_POINT('',(3.63014330037111,1.85,18.5584482911839));
#5170=CARTESIAN_POINT('Origin',(7.56490292286438,-3.15,28.6617596872551));
#5171=CARTESIAN_POINT('',(7.56490292286438,-4.65,28.6617596872551));
#5172=CARTESIAN_POINT('',(8.42526757739095,-3.15,27.4330316208217));
#5173=CARTESIAN_POINT('Ctrl Pts',(-3.90162016737204,-3.15,25.0556411573989));
#5174=CARTESIAN_POINT('Ctrl Pts',(-3.90162016737204,-3.15,25.0556411573989));
#5175=CARTESIAN_POINT('Ctrl Pts',(-3.90162016737204,-3.15,25.0556411573989));
#5176=CARTESIAN_POINT('Ctrl Pts',(-3.90162016737204,-3.15,25.0556411573989));
#5177=CARTESIAN_POINT('Ctrl Pts',(-3.90162016737204,-3.15,25.0556411573989));
#5178=CARTESIAN_POINT('Ctrl Pts',(-3.90162016737204,-4.65,25.0556411573989));
#5179=CARTESIAN_POINT('Ctrl Pts',(-3.90162016737204,-4.65,25.0556411573989));
#5180=CARTESIAN_POINT('Ctrl Pts',(-3.90162016737204,-4.65,25.0556411573989));
#5181=CARTESIAN_POINT('Ctrl Pts',(-3.90162016737204,-4.65,25.0556411573989));
#5182=CARTESIAN_POINT('Ctrl Pts',(-3.90162016737204,-4.65,25.0556411573989));
#5183=CARTESIAN_POINT('Ctrl Pts',(-5.36317526455,-4.65,25.3930677389143));
#5184=CARTESIAN_POINT('Ctrl Pts',(-5.18335414432076,-4.65,26.1719585828751));
#5185=CARTESIAN_POINT('Ctrl Pts',(-4.43653089067127,-4.65,26.4570228035252));
#5186=CARTESIAN_POINT('Ctrl Pts',(-3.68970763702178,-4.65,26.7420870241753));
#5187=CARTESIAN_POINT('Ctrl Pts',(-3.03662837312992,-4.65,26.2811162472697));
#5188=CARTESIAN_POINT('',(-5.15426603835356,-4.65,25.8807947026415));
#5189=CARTESIAN_POINT('Ctrl Pts',(-4.95915101200601,-4.59154914109569,25.2997913905587));
#5190=CARTESIAN_POINT('Ctrl Pts',(-4.98116021030502,-4.60210872854242,25.367653334491));
#5191=CARTESIAN_POINT('Ctrl Pts',(-5.00373341939004,-4.61286492398525,25.4364212513327));
#5192=CARTESIAN_POINT('Ctrl Pts',(-5.0273867746905,-4.62230400224465,25.5075465124255));
#5193=CARTESIAN_POINT('Ctrl Pts',(-5.02921081271737,-4.6230319005688,25.5130313655999));
#5194=CARTESIAN_POINT('Ctrl Pts',(-5.03104129979445,-4.62375196627973,25.5185302404373));
#5195=CARTESIAN_POINT('Ctrl Pts',(-5.03287848568502,-4.62446350520011,25.5240438040705));
#5196=CARTESIAN_POINT('Ctrl Pts',(-5.05618443553119,-4.63348985929799,25.593987100592));
#5197=CARTESIAN_POINT('Ctrl Pts',(-5.07928082056569,-4.64062720066161,25.6624425840628));
#5198=CARTESIAN_POINT('Ctrl Pts',(-5.1026597675775,-4.6450354811416,25.730924917427));
#5199=CARTESIAN_POINT('Ctrl Pts',(-5.11964308734475,-4.64823781685748,25.7806729820146));
#5200=CARTESIAN_POINT('Ctrl Pts',(-5.13677660170597,-4.65,25.8304353441139));
#5201=CARTESIAN_POINT('Ctrl Pts',(-5.15426603849609,-4.65,25.8807946713319));
#5202=CARTESIAN_POINT('Origin',(-3.90162016737204,-4.65,25.0556411573989));
#5203=CARTESIAN_POINT('Origin',(9.5,0.,28.1855673646909));
#5204=CARTESIAN_POINT('',(8.42526757739095,3.15,27.4330316208217));
#5205=CARTESIAN_POINT('Origin',(7.56490292286438,3.15,28.6617596872551));
#5206=CARTESIAN_POINT('',(6.85646627603048,4.65,28.165707006798));
#5207=CARTESIAN_POINT('',(7.56490292286438,4.65,28.6617596872551));
#5208=CARTESIAN_POINT('Ctrl Pts',(6.85646627603048,4.65,28.165707006798));
#5209=CARTESIAN_POINT('Ctrl Pts',(6.85794319814326,4.65,28.1642754395003));
#5210=CARTESIAN_POINT('Ctrl Pts',(6.85942005933001,4.64999592041201,28.1628438119568));
#5211=CARTESIAN_POINT('Ctrl Pts',(6.93570904469231,4.64957441970966,28.0888852680886));
#5212=CARTESIAN_POINT('Ctrl Pts',(7.01016530811785,4.63869221466422,28.016394961025));
#5213=CARTESIAN_POINT('Ctrl Pts',(7.15593740561155,4.59627776317331,27.8739262934512));
#5214=CARTESIAN_POINT('Ctrl Pts',(7.22691583794458,4.56488418944308,27.8042794585494));
#5215=CARTESIAN_POINT('Ctrl Pts',(7.42398466000747,4.44561222319796,27.6102672724682));
#5216=CARTESIAN_POINT('Ctrl Pts',(7.54068671691279,4.33340901837713,27.4945457453914));
#5217=CARTESIAN_POINT('Ctrl Pts',(7.73500250657225,4.05434236398375,27.3011240822661));
#5218=CARTESIAN_POINT('Ctrl Pts',(7.81132914265641,3.89100876537718,27.224737416979));
#5219=CARTESIAN_POINT('Ctrl Pts',(7.91489684164625,3.53321454685052,27.1209509958109));
#5220=CARTESIAN_POINT('Ctrl Pts',(7.94144660853728,3.3426034893166,27.0942565312864));
#5221=CARTESIAN_POINT('Ctrl Pts',(7.94144660853728,3.15,27.0942565312864));
#5222=CARTESIAN_POINT('Origin',(0.999999999999999,3.15,32.));
#5223=CARTESIAN_POINT('',(-3.03662837312992,4.65,26.2811162472697));
#5224=CARTESIAN_POINT('Origin',(0.999999999999999,4.65,32.));
#5225=CARTESIAN_POINT('Origin',(-3.03662837312992,3.15,26.2811162472697));
#5226=CARTESIAN_POINT('Ctrl Pts',(-3.90162016737204,3.15,25.0556411573989));
#5227=CARTESIAN_POINT('Ctrl Pts',(-3.90162016737204,3.15,25.0556411573989));
#5228=CARTESIAN_POINT('Ctrl Pts',(-3.90162016737204,3.15,25.0556411573989));
#5229=CARTESIAN_POINT('Ctrl Pts',(-3.90162016737204,3.15,25.0556411573989));
#5230=CARTESIAN_POINT('Ctrl Pts',(-3.90162016737204,3.15,25.0556411573989));
#5231=CARTESIAN_POINT('Ctrl Pts',(-3.90162016737204,4.65,25.0556411573989));
#5232=CARTESIAN_POINT('Ctrl Pts',(-3.90162016737204,4.65,25.0556411573989));
#5233=CARTESIAN_POINT('Ctrl Pts',(-3.90162016737204,4.65,25.0556411573989));
#5234=CARTESIAN_POINT('Ctrl Pts',(-3.90162016737204,4.65,25.0556411573989));
#5235=CARTESIAN_POINT('Ctrl Pts',(-3.90162016737204,4.65,25.0556411573989));
#5236=CARTESIAN_POINT('Ctrl Pts',(-3.03662837312992,4.65,26.2811162472697));
#5237=CARTESIAN_POINT('Ctrl Pts',(-3.68970763702178,4.65,26.7420870241753));
#5238=CARTESIAN_POINT('Ctrl Pts',(-4.43653089067127,4.65,26.4570228035252));
#5239=CARTESIAN_POINT('Ctrl Pts',(-5.18335414432076,4.65,26.1719585828751));
#5240=CARTESIAN_POINT('Ctrl Pts',(-5.36317526455,4.65,25.3930677389143));
#5241=CARTESIAN_POINT('',(-5.15426603835356,4.65,25.8807947026415));
#5242=CARTESIAN_POINT('Origin',(-3.90162016737204,4.65,25.0556411573989));
#5243=CARTESIAN_POINT('Ctrl Pts',(-5.15426603849609,4.65,25.8807946713319));
#5244=CARTESIAN_POINT('Ctrl Pts',(-5.08259131005717,4.65,25.6744134627185));
#5245=CARTESIAN_POINT('Ctrl Pts',(-5.01852046179785,4.62003345425531,25.4828478662343));
#5246=CARTESIAN_POINT('Ctrl Pts',(-4.95915101200603,4.5915491410957,25.2997913905588));
#5247=CARTESIAN_POINT('Origin',(0.999999999999892,4.65,35.75));
#5248=CARTESIAN_POINT('',(3.5775924217003,4.65,39.5733755556946));
#5249=CARTESIAN_POINT('Origin',(0.999999999999999,4.65,32.));
#5250=CARTESIAN_POINT('',(4.69470069213787,4.65,34.4253720911727));
#5251=CARTESIAN_POINT('',(4.4743662658878,4.65,35.4407458196695));
#5252=CARTESIAN_POINT('',(4.4483873126427,4.65,34.2636806184152));
#5253=CARTESIAN_POINT('',(3.32312271932317,4.65,33.5250049942629));
#5254=CARTESIAN_POINT('',(-3.07648395925351,4.65,32.6307959496798));
#5255=CARTESIAN_POINT('Origin',(1.,4.65,32.));
#5256=CARTESIAN_POINT('',(-3.36766138493222,4.65,32.675852803231));
#5257=CARTESIAN_POINT('',(-1.32159510033246,4.65,32.3592440938623));
#5258=CARTESIAN_POINT('',(-4.48476965538703,4.65,37.8238562677444));
#5259=CARTESIAN_POINT('',(-4.14654994641173,4.65,36.2652282639765));
#5260=CARTESIAN_POINT('',(-6.28046892454963,4.65,28.6841634179792));
#5261=CARTESIAN_POINT('Origin',(0.999999999999999,4.65,32.));
#5262=CARTESIAN_POINT('Ctrl Pts',(-5.15426604818404,4.65,25.8807946992275));
#5263=CARTESIAN_POINT('Ctrl Pts',(-5.47661049018148,4.65,26.8089577598738));
#5264=CARTESIAN_POINT('Ctrl Pts',(-5.85201144897002,4.65,27.7434139994577));
#5265=CARTESIAN_POINT('Ctrl Pts',(-6.28046892454964,4.65,28.6841634179792));
#5266=CARTESIAN_POINT('Origin',(0.999999999999892,-4.65,35.75));
#5267=CARTESIAN_POINT('',(-6.28046892454963,-4.65,28.6841634179792));
#5268=CARTESIAN_POINT('Ctrl Pts',(-6.28046892454964,-4.65,28.6841634179792));
#5269=CARTESIAN_POINT('Ctrl Pts',(-5.85201144897001,-4.65,27.7434139994577));
#5270=CARTESIAN_POINT('Ctrl Pts',(-5.47661049018148,-4.65,26.8089577598738));
#5271=CARTESIAN_POINT('Ctrl Pts',(-5.15426604818404,-4.65,25.8807946992275));
#5272=CARTESIAN_POINT('',(-4.48476965538703,-4.65,37.8238562677444));
#5273=CARTESIAN_POINT('Origin',(0.999999999999999,-4.65,32.));
#5274=CARTESIAN_POINT('',(-3.36766138493222,-4.65,32.675852803231));
#5275=CARTESIAN_POINT('',(-4.14654994641173,-4.65,36.2652282639765));
#5276=CARTESIAN_POINT('',(-3.07648395925351,-4.65,32.6307959496798));
#5277=CARTESIAN_POINT('',(-1.32159510033246,-4.65,32.3592440938623));
#5278=CARTESIAN_POINT('',(4.4483873126427,-4.65,34.2636806184152));
#5279=CARTESIAN_POINT('Origin',(1.,-4.65,32.));
#5280=CARTESIAN_POINT('',(4.69470069213787,-4.65,34.4253720911727));
#5281=CARTESIAN_POINT('',(3.32312271932317,-4.65,33.5250049942629));
#5282=CARTESIAN_POINT('',(3.5775924217003,-4.65,39.5733755556946));
#5283=CARTESIAN_POINT('',(4.4743662658878,-4.65,35.4407458196695));
#5284=CARTESIAN_POINT('Origin',(0.999999999999999,-4.65,32.));
#5285=CARTESIAN_POINT('Origin',(8.68917943332869,1.85,29.7917156792334));
#5286=CARTESIAN_POINT('',(0.850000000000477,2.85,2.4959292143463));
#5287=CARTESIAN_POINT('',(0.850000000001865,2.85,2.4959292143459));
#5288=CARTESIAN_POINT('',(0.850000000000477,1.85,2.4959292143463));
#5289=CARTESIAN_POINT('',(0.850000000000477,1.85,2.4959292143463));
#5290=CARTESIAN_POINT('',(2.62419033370484,1.85,8.67360647109317));
#5291=CARTESIAN_POINT('',(0.850000000001865,1.85,2.4959292143459));
#5292=CARTESIAN_POINT('',(0.850000000001865,1.85,2.4959292143459));
#5293=CARTESIAN_POINT('Origin',(1.7729682302984,1.85,18.3904855589062));
#5294=CARTESIAN_POINT('',(1.77296823029839,1.85,18.3904855589062));
#5295=CARTESIAN_POINT('',(1.7729682302984,1.85,18.3904855589062));
#5296=CARTESIAN_POINT('',(1.77296823029839,1.85,18.3904855589062));
#5297=CARTESIAN_POINT('Origin',(0.906335505890141,1.85,9.72400691033749));
#5298=CARTESIAN_POINT('',(-0.510598013279943,1.85,17.0304317875699));
#5299=CARTESIAN_POINT('',(-6.16822113097567,1.85,28.448013820675));
#5300=CARTESIAN_POINT('',(-0.0672205541686581,1.85,14.8519662909578));
#5301=CARTESIAN_POINT('Origin',(0.,1.85,16.));
#5302=CARTESIAN_POINT('',(-0.741477324549831,1.85,3.33659706318598));
#5303=CARTESIAN_POINT('',(-0.850983145531262,1.85,1.4663897229192));
#5304=CARTESIAN_POINT('',(3.63014330037111,1.85,18.5584482911839));
#5305=CARTESIAN_POINT('',(2.49592414775859,1.85,17.8495746080022));
#5306=CARTESIAN_POINT('',(-3.00000000004758,1.85,32.));
#5307=CARTESIAN_POINT('Origin',(2.6689958714399,1.85,18.8344838312106));
#5308=CARTESIAN_POINT('Ctrl Pts',(-7.59574441337345,-8.25000004105078,4.82749073605595));
#5309=CARTESIAN_POINT('Ctrl Pts',(-7.59574441337345,8.,4.82749073605595));
#5310=CARTESIAN_POINT('Ctrl Pts',(-0.5,-8.25000004105078,15.9921855917195));
#5311=CARTESIAN_POINT('Ctrl Pts',(-0.5,8.,15.9921855917195));
#5312=CARTESIAN_POINT('Ctrl Pts',(-6.28046892454964,-8.25000004105078,28.6841634179792));
#5313=CARTESIAN_POINT('Ctrl Pts',(-6.28046892454964,8.,28.6841634179792));
#5314=CARTESIAN_POINT('Ctrl Pts',(-9.10648586643557,-8.25000004105078,34.889152118934));
#5315=CARTESIAN_POINT('Ctrl Pts',(-9.10648586643557,8.,34.889152118934));
#5316=CARTESIAN_POINT('Ctrl Pts',(-11.9325028083215,-8.25000004105078,41.0941408198888));
#5317=CARTESIAN_POINT('Ctrl Pts',(-11.9325028083215,8.,41.0941408198888));
#5318=CARTESIAN_POINT('',(-6.28046892454964,8.,28.6841634179792));
#5319=CARTESIAN_POINT('',(-6.28046892454963,0.,28.6841634179792));
#5320=CARTESIAN_POINT('',(-4.6789335348078,8.,24.3842456770695));
#5321=CARTESIAN_POINT('Ctrl Pts',(-4.67901223826842,8.,24.3842230256777));
#5322=CARTESIAN_POINT('Ctrl Pts',(-5.10010727557674,8.,25.8473361373575));
#5323=CARTESIAN_POINT('Ctrl Pts',(-5.64273471395628,8.,27.2839122332488));
#5324=CARTESIAN_POINT('Ctrl Pts',(-6.28046892454964,8.,28.6841634179792));
#5325=CARTESIAN_POINT('',(-4.6789335348078,7.5,24.3842456770694));
#5326=CARTESIAN_POINT('Ctrl Pts',(-4.6789335348078,8.,24.3842456770695));
#5327=CARTESIAN_POINT('Ctrl Pts',(-4.6789335348078,7.83333333333333,24.3842456770695));
#5328=CARTESIAN_POINT('Ctrl Pts',(-4.6789335348078,7.66666666666667,24.3842456770695));
#5329=CARTESIAN_POINT('Ctrl Pts',(-4.6789335348078,7.5,24.3842456770695));
#5330=CARTESIAN_POINT('',(-4.67893353478148,6.,24.384245676978));
#5331=CARTESIAN_POINT('Ctrl Pts',(-4.67893353478148,6.,24.384245676978));
#5332=CARTESIAN_POINT('Ctrl Pts',(-4.67893353478148,6.5,24.384245676978));
#5333=CARTESIAN_POINT('Ctrl Pts',(-4.67893353480227,7.,24.3842456770502));
#5334=CARTESIAN_POINT('Ctrl Pts',(-4.6789335348078,7.5,24.3842456770694));
#5335=CARTESIAN_POINT('',(-4.05990477221695,6.,21.7357001623816));
#5336=CARTESIAN_POINT('Ctrl Pts',(-4.05990477221695,6.,21.7357001623816));
#5337=CARTESIAN_POINT('Ctrl Pts',(-4.21925414350171,6.,22.6259178253339));
#5338=CARTESIAN_POINT('Ctrl Pts',(-4.42736595759846,6.,23.5099170873024));
#5339=CARTESIAN_POINT('Ctrl Pts',(-4.6789335348078,6.,24.3842456770695));
#5340=CARTESIAN_POINT('',(-3.73064916874362,5.81090288193541,19.0242567569547));
#5341=CARTESIAN_POINT('Ctrl Pts',(-3.73066429027261,5.81054238841752,19.0243090622873));
#5342=CARTESIAN_POINT('Ctrl Pts',(-3.74034432217805,5.83465163341941,19.1779339265009));
#5343=CARTESIAN_POINT('Ctrl Pts',(-3.80625821600043,5.9598316169661,20.0803439584912));
#5344=CARTESIAN_POINT('Ctrl Pts',(-3.92601959963711,5.99999999999998,20.9877402270706));
#5345=CARTESIAN_POINT('Ctrl Pts',(-4.05990477221694,6.,21.7357001623816));
#5346=CARTESIAN_POINT('',(-3.73064916772176,-5.81090288092911,19.0242567505839));
#5347=CARTESIAN_POINT('Ctrl Pts',(-3.73064916874441,5.81090288193541,19.0242567569547));
#5348=CARTESIAN_POINT('Ctrl Pts',(-3.7306491687438,3.87393525462361,19.0242567569523));
#5349=CARTESIAN_POINT('Ctrl Pts',(-3.73064916874231,1.93696762731181,19.0242567569466));
#5350=CARTESIAN_POINT('Ctrl Pts',(-3.73064916874231,-1.93696762697637,19.0242567569466));
#5351=CARTESIAN_POINT('Ctrl Pts',(-3.73064916758161,-3.87393525395274,19.024256752464));
#5352=CARTESIAN_POINT('Ctrl Pts',(-3.73064916710486,-5.81090288092911,19.0242567506228));
#5353=CARTESIAN_POINT('',(-4.05990477221695,-6.,21.7357001623816));
#5354=CARTESIAN_POINT('Ctrl Pts',(-4.05990477221695,-6.,21.7357001623816));
#5355=CARTESIAN_POINT('Ctrl Pts',(-3.8984888894914,-5.99999999999998,20.8339377724533));
#5356=CARTESIAN_POINT('Ctrl Pts',(-3.78755587982195,-5.95457446572145,19.9246081158229));
#5357=CARTESIAN_POINT('Ctrl Pts',(-3.73069555225976,-5.81036958693757,19.0243327229507));
#5358=CARTESIAN_POINT('',(-4.67893353480774,-6.,24.3842456770692));
#5359=CARTESIAN_POINT('Ctrl Pts',(-4.6789335348078,-6.,24.3842456770695));
#5360=CARTESIAN_POINT('Ctrl Pts',(-4.42736595759847,-6.,23.5099170873024));
#5361=CARTESIAN_POINT('Ctrl Pts',(-4.21925414350173,-6.,22.625917825334));
#5362=CARTESIAN_POINT('Ctrl Pts',(-4.05990477221697,-6.,21.7357001623817));
#5363=CARTESIAN_POINT('',(-4.6789335348078,-7.5,24.3842456770694));
#5364=CARTESIAN_POINT('Ctrl Pts',(-4.6789335348078,-7.5,24.3842456770694));
#5365=CARTESIAN_POINT('Ctrl Pts',(-4.6789335348078,-7.,24.3842456770694));
#5366=CARTESIAN_POINT('Ctrl Pts',(-4.67893353480774,-6.5,24.3842456770692));
#5367=CARTESIAN_POINT('Ctrl Pts',(-4.67893353480774,-6.,24.3842456770692));
#5368=CARTESIAN_POINT('',(-4.6789335348078,-8.,24.3842456770695));
#5369=CARTESIAN_POINT('Ctrl Pts',(-4.6789335348078,-7.5,24.3842456770695));
#5370=CARTESIAN_POINT('Ctrl Pts',(-4.6789335348078,-7.66666666666667,24.3842456770695));
#5371=CARTESIAN_POINT('Ctrl Pts',(-4.6789335348078,-7.83333333333333,24.3842456770695));
#5372=CARTESIAN_POINT('Ctrl Pts',(-4.6789335348078,-8.,24.3842456770695));
#5373=CARTESIAN_POINT('',(-6.28046892454963,-8.,28.6841634179792));
#5374=CARTESIAN_POINT('Ctrl Pts',(-6.28046892454963,-8.,28.6841634179792));
#5375=CARTESIAN_POINT('Ctrl Pts',(-5.64273471395628,-8.,27.2839122332488));
#5376=CARTESIAN_POINT('Ctrl Pts',(-5.10010727557672,-8.,25.8473361373575));
#5377=CARTESIAN_POINT('Ctrl Pts',(-4.6790122382684,-8.,24.3842230256777));
#5378=CARTESIAN_POINT('',(-6.28046892454963,0.,28.6841634179792));
#5379=CARTESIAN_POINT('Origin',(0.999999999999999,9.5,32.));
#5380=CARTESIAN_POINT('',(-4.48476965538703,8.,37.8238562677444));
#5381=CARTESIAN_POINT('',(-4.48476965538703,0.,37.8238562677444));
#5382=CARTESIAN_POINT('Origin',(0.999999999999999,8.,32.));
#5383=CARTESIAN_POINT('Origin',(0.999999999999999,9.5,32.));
#5384=CARTESIAN_POINT('',(-4.48476965538703,-8.,37.8238562677444));
#5385=CARTESIAN_POINT('Origin',(0.999999999999999,-8.,32.));
#5386=CARTESIAN_POINT('',(-4.48476965538703,0.,37.8238562677444));
#5387=CARTESIAN_POINT('Origin',(-4.48476965538703,0.,37.8238562677444));
#5388=CARTESIAN_POINT('',(-3.36766138493222,8.3,32.675852803231));
#5389=CARTESIAN_POINT('',(-3.36766138493222,0.,32.675852803231));
#5390=CARTESIAN_POINT('',(-4.47726366105019,8.3,37.7892661694767));
#5391=CARTESIAN_POINT('',(-3.97402633567063,8.3,35.4701825470167));
#5392=CARTESIAN_POINT('Ctrl Pts',(-4.48476965538703,8.,37.8238562677444));
#5393=CARTESIAN_POINT('Ctrl Pts',(-4.48476965538703,8.09502552486362,37.8238562677444));
#5394=CARTESIAN_POINT('Ctrl Pts',(-4.48235217239906,8.19941846373803,37.8127157085644));
#5395=CARTESIAN_POINT('Ctrl Pts',(-4.47726366105019,8.3,37.7892661694767));
#5396=CARTESIAN_POINT('Origin',(-4.48476965538703,0.,37.8238562677444));
#5397=CARTESIAN_POINT('',(-4.47726366105019,-8.3,37.7892661694767));
#5398=CARTESIAN_POINT('Ctrl Pts',(-4.47726366105019,-8.3,37.7892661694767));
#5399=CARTESIAN_POINT('Ctrl Pts',(-4.48235217239906,-8.19941846373803,37.8127157085644));
#5400=CARTESIAN_POINT('Ctrl Pts',(-4.48476965538703,-8.09502552486362,37.8238562677444));
#5401=CARTESIAN_POINT('Ctrl Pts',(-4.48476965538703,-8.,37.8238562677444));
#5402=CARTESIAN_POINT('',(-3.36766138493222,-8.3,32.675852803231));
#5403=CARTESIAN_POINT('',(-3.97402633567063,-8.3,35.4701825470167));
#5404=CARTESIAN_POINT('',(-3.36766138493222,0.,32.675852803231));
#5405=CARTESIAN_POINT('Origin',(-3.07648395925351,9.5,32.6307959496798));
#5406=CARTESIAN_POINT('',(-3.07648395925351,8.3,32.6307959496798));
#5407=CARTESIAN_POINT('',(-3.07648395925351,0.,32.6307959496798));
#5408=CARTESIAN_POINT('',(-1.51663408954474,8.3,32.3894244663731));
#5409=CARTESIAN_POINT('Origin',(1.,0.,32.));
#5410=CARTESIAN_POINT('',(4.4483873126427,8.3,34.2636806184152));
#5411=CARTESIAN_POINT('',(4.4483873126427,0.,34.2636806184152));
#5412=CARTESIAN_POINT('',(4.74097612587603,8.3,33.7380226194757));
#5413=CARTESIAN_POINT('Origin',(1.,8.3,32.));
#5414=CARTESIAN_POINT('',(5.03547068075002,8.,32.8547522360255));
#5415=CARTESIAN_POINT('Origin',(1.,8.49999999999974,32.));
#5416=CARTESIAN_POINT('',(-3.02679220249407,8.,31.1052544729832));
#5417=CARTESIAN_POINT('Origin',(1.,8.,32.));
#5418=CARTESIAN_POINT('',(-3.12488242674476,8.3,32.0311442726015));
#5419=CARTESIAN_POINT('Origin',(1.,8.49999999999998,32.));
#5420=CARTESIAN_POINT('Origin',(1.,8.3,32.));
#5421=CARTESIAN_POINT('Origin',(0.999999999999999,9.5,32.));
#5422=CARTESIAN_POINT('',(3.5775924217003,8.,39.5733755556946));
#5423=CARTESIAN_POINT('Origin',(0.999999999999999,8.,32.));
#5424=CARTESIAN_POINT('',(3.5775924217003,0.,39.5733755556946));
#5425=CARTESIAN_POINT('Origin',(3.92590438645234,9.5,33.920698706513));
#5426=CARTESIAN_POINT('',(4.69470069213787,8.3,34.4253720911727));
#5427=CARTESIAN_POINT('',(4.69470069213787,0.,34.4253720911727));
#5428=CARTESIAN_POINT('',(2.66980476538188,8.3,33.0961369304648));
#5429=CARTESIAN_POINT('Origin',(4.69470069213787,0.,34.4253720911727));
#5430=CARTESIAN_POINT('',(3.58509841603702,8.3,39.5387854574269));
#5431=CARTESIAN_POINT('Ctrl Pts',(3.58509841603702,8.3,39.5387854574269));
#5432=CARTESIAN_POINT('Ctrl Pts',(3.58000990468823,8.19941846373804,39.5622349965146));
#5433=CARTESIAN_POINT('Ctrl Pts',(3.5775924217003,8.09502552486362,39.5733755556947));
#5434=CARTESIAN_POINT('Ctrl Pts',(3.5775924217003,8.,39.5733755556947));
#5435=CARTESIAN_POINT('',(4.81513382585577,8.3,33.8703764779184));
#5436=CARTESIAN_POINT('Origin',(0.,-1.3,16.));
#5437=CARTESIAN_POINT('',(-1.15,-1.3,16.));
#5438=CARTESIAN_POINT('Origin',(0.,-1.3,16.));
#5439=CARTESIAN_POINT('Origin',(0.,1.85,16.));
#5440=CARTESIAN_POINT('',(-1.15,6.55993879363428,16.0000000000003));
#5441=CARTESIAN_POINT('',(-1.15,1.85,16.));
#5442=CARTESIAN_POINT('',(-0.292649759990511,6.12407686558305,14.8878596680376));
#5443=CARTESIAN_POINT('Ctrl Pts',(-0.292649759990521,6.12407686558303,14.8878596680375));
#5444=CARTESIAN_POINT('Ctrl Pts',(-0.257011742281928,6.12023895899618,14.8784818431091));
#5445=CARTESIAN_POINT('Ctrl Pts',(-0.220886071114988,6.1170970972921,14.8708072930998));
#5446=CARTESIAN_POINT('Ctrl Pts',(-0.184393810969915,6.11467004152413,14.8648793357198));
#5447=CARTESIAN_POINT('Ctrl Pts',(-0.0979022711760616,6.10891759457505,
14.8508292834732));
#5448=CARTESIAN_POINT('Ctrl Pts',(-0.0100873747883183,6.10723073374537,
14.8467114981788));
#5449=CARTESIAN_POINT('Ctrl Pts',(0.0773441756646065,6.10964378190297,14.8526041365068));
#5450=CARTESIAN_POINT('Ctrl Pts',(0.0908364857562853,6.11001615999577,14.8535134799093));
#5451=CARTESIAN_POINT('Ctrl Pts',(0.1043196667655,6.11048619291084,14.8546613115771));
#5452=CARTESIAN_POINT('Ctrl Pts',(0.117787446602936,6.11105402728055,14.8560480266101));
#5453=CARTESIAN_POINT('Ctrl Pts',(0.200575353999765,6.11454456690802,14.8645723147346));
#5454=CARTESIAN_POINT('Ctrl Pts',(0.281764310607478,6.12168714849037,14.882013434179));
#5455=CARTESIAN_POINT('Ctrl Pts',(0.360025636279588,6.13223981318812,14.9078098643924));
#5456=CARTESIAN_POINT('Ctrl Pts',(0.384905446239248,6.13559457737072,14.9160107257481));
#5457=CARTESIAN_POINT('Ctrl Pts',(0.409489375902722,6.13929398324556,14.9250563846898));
#5458=CARTESIAN_POINT('Ctrl Pts',(0.433734735872907,6.1433301828981,14.9349299652618));
#5459=CARTESIAN_POINT('Ctrl Pts',(0.504319670716406,6.1550806741195,14.9636746835173));
#5460=CARTESIAN_POINT('Ctrl Pts',(0.571243602937511,6.16955320651496,14.9991066183602));
#5461=CARTESIAN_POINT('Ctrl Pts',(0.633765491954463,6.18636752125596,15.0403991552265));
#5462=CARTESIAN_POINT('Ctrl Pts',(0.68422813759603,6.19993868520864,15.073727173434));
#5463=CARTESIAN_POINT('Ctrl Pts',(0.731823106786529,6.21503529802501,15.1108737936124));
#5464=CARTESIAN_POINT('Ctrl Pts',(0.776160766495806,6.23144907563321,15.1514279850522));
#5465=CARTESIAN_POINT('Ctrl Pts',(0.839256687236266,6.25480715131445,15.2091397376695));
#5466=CARTESIAN_POINT('Ctrl Pts',(0.895140330042903,6.28059660006031,15.2731657344308));
#5467=CARTESIAN_POINT('Ctrl Pts',(0.943205954027349,6.3080719081657,15.3420746557092));
#5468=CARTESIAN_POINT('Ctrl Pts',(0.983875385780232,6.33131939930912,15.4003800814746));
#5469=CARTESIAN_POINT('Ctrl Pts',(1.01894770870791,6.35577281059929,15.4621838248098));
#5470=CARTESIAN_POINT('Ctrl Pts',(1.04805598923794,6.38096644210045,15.5266305423905));
#5471=CARTESIAN_POINT('Ctrl Pts',(1.07848639097136,6.40730438833927,15.5940044810318));
#5472=CARTESIAN_POINT('Ctrl Pts',(1.10225047676639,6.43430962593713,15.663910371473));
#5473=CARTESIAN_POINT('Ctrl Pts',(1.11915066424459,6.4614774804794,15.7353935114302));
#5474=CARTESIAN_POINT('Ctrl Pts',(1.13356635134247,6.48465138258595,15.7963678988283));
#5475=CARTESIAN_POINT('Ctrl Pts',(1.14298792399354,6.50794319426042,15.8584903799889));
#5476=CARTESIAN_POINT('Ctrl Pts',(1.14729275701066,6.53104756191002,15.9211284171914));
#5477=CARTESIAN_POINT('Ctrl Pts',(1.14878653605649,6.53906478815892,15.9428638450401));
#5478=CARTESIAN_POINT('Ctrl Pts',(1.14966421195912,6.54705954644492,15.9646609272214));
#5479=CARTESIAN_POINT('Ctrl Pts',(1.14992066118197,6.55501946081209,15.9864917442213));
#5480=CARTESIAN_POINT('Ctrl Pts',(1.15062003279936,6.57672722082615,16.0460273264503));
#5481=CARTESIAN_POINT('Ctrl Pts',(1.14669661812893,6.59808288602926,16.1055652847748));
#5482=CARTESIAN_POINT('Ctrl Pts',(1.13815821477545,6.61888712134696,16.1645977778296));
#5483=CARTESIAN_POINT('Ctrl Pts',(1.12983673421331,6.63916281372635,16.2221305182207));
#5484=CARTESIAN_POINT('Ctrl Pts',(1.11713177886796,6.65891463934843,16.2791832758511));
#5485=CARTESIAN_POINT('Ctrl Pts',(1.10005056700782,6.67797301154024,16.3352383570862));
#5486=CARTESIAN_POINT('Ctrl Pts',(1.09143300839693,6.68758805763508,16.3635184318219));
#5487=CARTESIAN_POINT('Ctrl Pts',(1.08170158133466,6.69702685171143,16.391543796038));
#5488=CARTESIAN_POINT('Ctrl Pts',(1.07085721271426,6.70626919422665,16.4192431633048));
#5489=CARTESIAN_POINT('Ctrl Pts',(1.04766145698245,6.72603826763951,16.4784912190965));
#5490=CARTESIAN_POINT('Ctrl Pts',(1.01954181270324,6.74476418214228,16.5358214851572));
#5491=CARTESIAN_POINT('Ctrl Pts',(0.986731468615094,6.76232768509013,16.5906337411337));
#5492=CARTESIAN_POINT('Ctrl Pts',(0.951132020158062,6.7813842062969,16.6501054149512));
#5493=CARTESIAN_POINT('Ctrl Pts',(0.910010492778376,6.79907233524539,16.7066125085435));
#5494=CARTESIAN_POINT('Ctrl Pts',(0.863664741566385,6.81526150112742,16.7593293369429));
#5495=CARTESIAN_POINT('Ctrl Pts',(0.849692234237054,6.82014227731568,16.7752226227765));
#5496=CARTESIAN_POINT('Ctrl Pts',(0.835244883277771,6.82488694263209,16.790771047508));
#5497=CARTESIAN_POINT('Ctrl Pts',(0.820330850720413,6.82949223092353,16.8059511743017));
#5498=CARTESIAN_POINT('Ctrl Pts',(0.760209832386247,6.84805693639393,16.8671448640547));
#5499=CARTESIAN_POINT('Ctrl Pts',(0.693256220341331,6.86412938556804,16.9216018680613));
#5500=CARTESIAN_POINT('Ctrl Pts',(0.620645323013331,6.87764499838993,16.9681490038763));
#5501=CARTESIAN_POINT('Ctrl Pts',(0.575383157270062,6.88606998596312,16.9971642654094));
#5502=CARTESIAN_POINT('Ctrl Pts',(0.527922751389573,6.89350159547043,17.023106006967));
#5503=CARTESIAN_POINT('Ctrl Pts',(0.478548782404797,6.89992145384643,17.0457012302082));
#5504=CARTESIAN_POINT('Ctrl Pts',(0.42051973888822,6.90746668970109,17.0722573126883));
#5505=CARTESIAN_POINT('Ctrl Pts',(0.360376145872223,6.91354757064314,17.0939502019182));
#5506=CARTESIAN_POINT('Ctrl Pts',(0.298757652067604,6.91817115736069,17.1105275699844));
#5507=CARTESIAN_POINT('Ctrl Pts',(0.240475664435568,6.92254438700734,17.1262073099609));
#5508=CARTESIAN_POINT('Ctrl Pts',(0.180874176908181,6.92561393357969,17.1373103979458));
#5509=CARTESIAN_POINT('Ctrl Pts',(0.120494456245559,6.92737078790551,17.1436701588159));
#5510=CARTESIAN_POINT('Ctrl Pts',(0.117037859810283,6.92747136366726,17.1440342401087));
#5511=CARTESIAN_POINT('Ctrl Pts',(0.113578712877668,6.92756763293748,17.1443827897651));
#5512=CARTESIAN_POINT('Ctrl Pts',(0.110117116998691,6.92765959239031,17.1447157815562));
#5513=CARTESIAN_POINT('Ctrl Pts',(0.0512260657258965,6.92922406988597,17.1503808670628));
#5514=CARTESIAN_POINT('Ctrl Pts',(-0.0079043296746635,6.92953015089189,
17.151494191816));
#5515=CARTESIAN_POINT('Ctrl Pts',(-0.0667398007956841,6.92858677533884,
17.1480748191823));
#5516=CARTESIAN_POINT('Ctrl Pts',(-0.126163670651178,6.92763396532438,17.1446212502638));
#5517=CARTESIAN_POINT('Ctrl Pts',(-0.185286687803346,6.92540656586884,17.1365439071941));
#5518=CARTESIAN_POINT('Ctrl Pts',(-0.243558393754476,6.92189729449869,17.1239130566615));
#5519=CARTESIAN_POINT('Ctrl Pts',(-0.250273173745892,6.92149291325061,17.1224575752912));
#5520=CARTESIAN_POINT('Ctrl Pts',(-0.256976649625157,6.9210714931689,17.1209416843399));
#5521=CARTESIAN_POINT('Ctrl Pts',(-0.26366797913116,6.92063300956903,17.1193655331397));
#5522=CARTESIAN_POINT('Ctrl Pts',(-0.328549994879837,6.9163812835396,17.1040824915702));
#5523=CARTESIAN_POINT('Ctrl Pts',(-0.391697837969743,6.91056509907785,17.0832664902609));
#5524=CARTESIAN_POINT('Ctrl Pts',(-0.452458632755338,6.90320097536632,17.0572627052646));
#5525=CARTESIAN_POINT('Ctrl Pts',(-0.512254139860658,6.89595384317737,17.0316720342407));
#5526=CARTESIAN_POINT('Ctrl Pts',(-0.569737840776917,6.88720712618439,17.0010583251105));
#5527=CARTESIAN_POINT('Ctrl Pts',(-0.624287484236291,6.87696203299336,16.9657976687826));
#5528=CARTESIAN_POINT('Ctrl Pts',(-0.709399847830176,6.86097688549413,16.9107814008179));
#5529=CARTESIAN_POINT('Ctrl Pts',(-0.786121591202406,6.84157112560167,16.8452502160211));
#5530=CARTESIAN_POINT('Ctrl Pts',(-0.852972553840914,6.81893855852679,16.7713216106138));
#5531=CARTESIAN_POINT('Ctrl Pts',(-0.882166026213064,6.80905503261282,16.7390373679599));
#5532=CARTESIAN_POINT('Ctrl Pts',(-0.909477116924392,6.79855629512868,16.7051516622544));
#5533=CARTESIAN_POINT('Ctrl Pts',(-0.934782560037906,6.78746043697333,16.6698369693059));
#5534=CARTESIAN_POINT('Ctrl Pts',(-0.971719420891786,6.77126446811003,16.6182901975825));
#5535=CARTESIAN_POINT('Ctrl Pts',(-1.00406372012404,6.75393318871677,16.5641409509688));
#5536=CARTESIAN_POINT('Ctrl Pts',(-1.03168951876679,6.73559553685617,16.5080379490595));
#5537=CARTESIAN_POINT('Ctrl Pts',(-1.0585000725533,6.71779903410579,16.4535905620455));
#5538=CARTESIAN_POINT('Ctrl Pts',(-1.08086650509469,6.69905465240064,16.3973032103327));
#5539=CARTESIAN_POINT('Ctrl Pts',(-1.09867370111533,6.67949670052538,16.3397220846415));
#5540=CARTESIAN_POINT('Ctrl Pts',(-1.1079724904157,6.66928367914773,16.3096536361974));
#5541=CARTESIAN_POINT('Ctrl Pts',(-1.11602804291155,6.65884908874,16.2792315905148));
#5542=CARTESIAN_POINT('Ctrl Pts',(-1.12282396684386,6.64821389138083,16.2485283474142));
#5543=CARTESIAN_POINT('Ctrl Pts',(-1.13554006574016,6.62831398921185,16.1910783995348));
#5544=CARTESIAN_POINT('Ctrl Pts',(-1.1437733651235,6.60782480771429,16.1329764642301));
#5545=CARTESIAN_POINT('Ctrl Pts',(-1.14756645653128,6.58694642563815,16.0747681482896));
#5546=CARTESIAN_POINT('Ctrl Pts',(-1.14919007999709,6.57800948544275,16.0498522215412));
#5547=CARTESIAN_POINT('Ctrl Pts',(-1.15000014768443,6.56900143397554,16.0249161581283));
#5548=CARTESIAN_POINT('Ctrl Pts',(-1.15,6.55993879364919,16.0000000000417));
#5549=CARTESIAN_POINT('Ctrl Pts',(-1.15,6.55993879364919,16.0000000000417));
#5550=CARTESIAN_POINT('Ctrl Pts',(-1.1500001552007,6.53711291924189,15.937244216438));
#5551=CARTESIAN_POINT('Ctrl Pts',(-1.1448658317647,6.51393983639627,15.8746185779843));
#5552=CARTESIAN_POINT('Ctrl Pts',(-1.13464911941253,6.49069502487008,15.8127239627682));
#5553=CARTESIAN_POINT('Ctrl Pts',(-1.13228897856597,6.48532529072642,15.7984258202231));
#5554=CARTESIAN_POINT('Ctrl Pts',(-1.1296576179107,6.47995178572753,15.7841664730282));
#5555=CARTESIAN_POINT('Ctrl Pts',(-1.12675567959051,6.47457799859464,15.7699529645691));
#5556=CARTESIAN_POINT('Ctrl Pts',(-1.11229541584855,6.44780059306052,15.6991275167684));
#5557=CARTESIAN_POINT('Ctrl Pts',(-1.09118138245044,6.42113997013237,15.6297742498741));
#5558=CARTESIAN_POINT('Ctrl Pts',(-1.06367824895741,6.39509430197977,15.5628504177974));
#5559=CARTESIAN_POINT('Ctrl Pts',(-1.03419261828053,6.3671711945246,15.4911025423565));
#5560=CARTESIAN_POINT('Ctrl Pts',(-0.997363604575631,6.33995608684172,15.4221440698144));
#5561=CARTESIAN_POINT('Ctrl Pts',(-0.953517336326538,6.31406343804188,15.3571122265654));
#5562=CARTESIAN_POINT('Ctrl Pts',(-0.910046339794856,6.288392399408,15.2926369782667));
#5563=CARTESIAN_POINT('Ctrl Pts',(-0.859956061637722,6.26419823055246,15.2324592795142));
#5564=CARTESIAN_POINT('Ctrl Pts',(-0.803879477709625,6.24204960934589,15.1776414722819));
#5565=CARTESIAN_POINT('Ctrl Pts',(-0.750866902976069,6.22111118273873,15.12581889503));
#5566=CARTESIAN_POINT('Ctrl Pts',(-0.692504330574637,6.20200072981395,15.0787858544281));
#5567=CARTESIAN_POINT('Ctrl Pts',(-0.629326545469858,6.18517805437167,15.0374782604122));
#5568=CARTESIAN_POINT('Ctrl Pts',(-0.565051997134837,6.16806333811427,14.9954535686035));
#5569=CARTESIAN_POINT('Ctrl Pts',(-0.496459164109354,6.15349780783801,14.95979982553));
#5570=CARTESIAN_POINT('Ctrl Pts',(-0.424496591952352,6.14181206935511,14.9312164623388));
#5571=CARTESIAN_POINT('Ctrl Pts',(-0.381674253078092,6.13485830660996,14.9142075307783));
#5572=CARTESIAN_POINT('Ctrl Pts',(-0.3376586854966,6.12892393797297,14.8997033633593));
#5573=CARTESIAN_POINT('Ctrl Pts',(-0.292649759990521,6.12407686558303,14.8878596680375));
#5574=CARTESIAN_POINT('',(-0.510598013279943,1.85,17.0304317875699));
#5575=CARTESIAN_POINT('',(-0.0672205541686581,1.85,14.8519662909578));
#5576=CARTESIAN_POINT('Origin',(-1.42500000000006,-1.3,1.49999999999891));
#5577=CARTESIAN_POINT('',(-2.57500000000006,-1.3,1.49999999999891));
#5578=CARTESIAN_POINT('Origin',(-1.42500000000006,-1.3,1.49999999999891));
#5579=CARTESIAN_POINT('Origin',(1.42500000000003,-1.3,1.49999999999394));
#5580=CARTESIAN_POINT('',(0.275000000000032,-1.3,1.49999999999394));
#5581=CARTESIAN_POINT('Origin',(1.42500000000003,-1.3,1.49999999999394));
#5582=CARTESIAN_POINT('Origin',(-6.16822113097567,1.85,28.448013820675));
#5583=CARTESIAN_POINT('Origin',(-1.7,0.,-0.848528137423855));
#5584=CARTESIAN_POINT('',(-1.7,6.05,0.383364428292532));
#5585=CARTESIAN_POINT('',(-1.7,8.,0.383364428292532));
#5586=CARTESIAN_POINT('',(-1.7,1.85,0.383364428292532));
#5587=CARTESIAN_POINT('',(-1.7,8.,-0.848528137423855));
#5588=CARTESIAN_POINT('',(-1.7,8.,0.848528137423855));
#5589=CARTESIAN_POINT('',(-1.7,6.05,-0.848528137423855));
#5590=CARTESIAN_POINT('',(-1.7,0.,-0.848528137423855));
#5591=CARTESIAN_POINT('',(-1.7,6.05,4.07573593128807));
#5592=CARTESIAN_POINT('Origin',(2.9,6.05,4.92426406871193));
#5593=CARTESIAN_POINT('',(1.7,6.05,0.383364428287563));
#5594=CARTESIAN_POINT('',(2.46693139362647,4.93087016741859,1.01329786215634));
#5595=CARTESIAN_POINT('Ctrl Pts',(1.7,6.05,0.383364428287563));
#5596=CARTESIAN_POINT('Ctrl Pts',(1.7,5.89289777098883,0.383364428287563));
#5597=CARTESIAN_POINT('Ctrl Pts',(1.7330344279823,5.72628165066255,0.389935671427171));
#5598=CARTESIAN_POINT('Ctrl Pts',(1.86176960108777,5.4265590544937,0.433997473351398));
#5599=CARTESIAN_POINT('Ctrl Pts',(1.95750014768408,5.29376471058688,0.473500643129661));
#5600=CARTESIAN_POINT('Ctrl Pts',(2.14619285948217,5.10831612292026,0.598148627310667));
#5601=CARTESIAN_POINT('Ctrl Pts',(2.25483280530977,5.03424700014001,0.693514609196126));
#5602=CARTESIAN_POINT('Ctrl Pts',(2.38310243453014,4.96558234454047,0.858871214020084));
#5603=CARTESIAN_POINT('Ctrl Pts',(2.42935834623536,4.9454097738138,0.932861524225025));
#5604=CARTESIAN_POINT('Ctrl Pts',(2.46693139362646,4.9308701674186,1.01329786215634));
#5605=CARTESIAN_POINT('',(2.9,4.85,1.09544511501033));
#5606=CARTESIAN_POINT('Ctrl Pts',(2.46693139362648,4.93087016741859,1.01329786215633));
#5607=CARTESIAN_POINT('Ctrl Pts',(2.52560309405747,4.90816603533357,1.02487820839453));
#5608=CARTESIAN_POINT('Ctrl Pts',(2.58598224266077,4.89010603022401,1.03659572038243));
#5609=CARTESIAN_POINT('Ctrl Pts',(2.72844013901173,4.85944546505446,1.06377367662444));
#5610=CARTESIAN_POINT('Ctrl Pts',(2.81098191025335,4.85044263805199,1.07917652238818));
#5611=CARTESIAN_POINT('Ctrl Pts',(2.89587895797258,4.85000530727959,1.09469252532149));
#5612=CARTESIAN_POINT('Ctrl Pts',(2.89793946034194,4.85,1.09506891365988));
#5613=CARTESIAN_POINT('Ctrl Pts',(2.9,4.85,1.09544511501033));
#5614=CARTESIAN_POINT('',(2.9,4.85,-1.09544511501033));
#5615=CARTESIAN_POINT('',(2.9,4.85,4.92426406871193));
#5616=CARTESIAN_POINT('',(1.7,6.05,-0.848528137423855));
#5617=CARTESIAN_POINT('Ctrl Pts',(1.7,6.05,-0.848528137423857));
#5618=CARTESIAN_POINT('Ctrl Pts',(1.7,5.89769501184421,-0.848528137423857));
#5619=CARTESIAN_POINT('Ctrl Pts',(1.72897839252584,5.74711327285096,-0.855428858581448));
#5620=CARTESIAN_POINT('Ctrl Pts',(1.84210964581587,5.46296716923077,-0.881485206475096));
#5621=CARTESIAN_POINT('Ctrl Pts',(1.925914017844,5.33267303803497,-0.900493407255652));
#5622=CARTESIAN_POINT('Ctrl Pts',(2.13987755631195,5.10824946449496,-0.94683808417849));
#5623=CARTESIAN_POINT('Ctrl Pts',(2.26927127174243,5.01722847410516,-0.973920132991329));
#5624=CARTESIAN_POINT('Ctrl Pts',(2.48772990446408,4.92000500617983,-1.0175066292731));
#5625=CARTESIAN_POINT('Ctrl Pts',(2.56662693547915,4.89427178496573,-1.03290313678329));
#5626=CARTESIAN_POINT('Ctrl Pts',(2.72844013901192,4.85944546505441,-1.06377367662447));
#5627=CARTESIAN_POINT('Ctrl Pts',(2.81098191025356,4.85044263805199,-1.07917652238825));
#5628=CARTESIAN_POINT('Ctrl Pts',(2.89587895797256,4.85000530727959,-1.09469252532148));
#5629=CARTESIAN_POINT('Ctrl Pts',(2.89793946034196,4.85,-1.09506891365989));
#5630=CARTESIAN_POINT('Ctrl Pts',(2.9,4.85,-1.09544511501033));
#5631=CARTESIAN_POINT('',(1.7,6.05,4.92426406871193));
#5632=CARTESIAN_POINT('Origin',(0.,8.,0.));
#5633=CARTESIAN_POINT('',(-0.336156378047335,8.,1.87002644085534));
#5634=CARTESIAN_POINT('Origin',(-1.42500000000006,8.,1.49999999999891));
#5635=CARTESIAN_POINT('',(0.336156378048905,8.,1.87002644085506));
#5636=CARTESIAN_POINT('Origin',(0.,8.,0.));
#5637=CARTESIAN_POINT('',(0.275000000000032,8.,1.49999999999394));
#5638=CARTESIAN_POINT('Origin',(1.42500000000003,8.,1.49999999999394));
#5639=CARTESIAN_POINT('',(1.7,8.,0.383364428287563));
#5640=CARTESIAN_POINT('Origin',(1.42500000000003,8.,1.49999999999394));
#5641=CARTESIAN_POINT('',(1.7,8.,-0.848528137423855));
#5642=CARTESIAN_POINT('',(1.7,8.,-0.848528137423855));
#5643=CARTESIAN_POINT('Origin',(0.,8.,0.));
#5644=CARTESIAN_POINT('Origin',(0.,0.,0.));
#5645=CARTESIAN_POINT('',(-0.336156378047335,6.05,1.87002644085534));
#5646=CARTESIAN_POINT('',(-0.336156378047335,1.85,1.87002644085534));
#5647=CARTESIAN_POINT('',(0.336156378048905,6.05,1.87002644085506));
#5648=CARTESIAN_POINT('Origin',(0.,6.05,0.));
#5649=CARTESIAN_POINT('',(0.336156378048905,1.85,1.87002644085506));
#5650=CARTESIAN_POINT('Origin',(0.,6.05,0.));
#5651=CARTESIAN_POINT('',(2.54169301857908,4.85,1.77476663235096));
#5652=CARTESIAN_POINT('Ctrl Pts',(2.46693139362646,4.93087016741859,1.01329786215634));
#5653=CARTESIAN_POINT('Ctrl Pts',(2.49109788961058,4.91461317975304,1.06503346979447));
#5654=CARTESIAN_POINT('Ctrl Pts',(2.5117406316328,4.90162934410806,1.11928800402195));
#5655=CARTESIAN_POINT('Ctrl Pts',(2.56780664477127,4.86632274434381,1.30997940818104));
#5656=CARTESIAN_POINT('Ctrl Pts',(2.58282227787654,4.85638067205488,1.45211180605598));
#5657=CARTESIAN_POINT('Ctrl Pts',(2.56611626013743,4.85058987359562,1.65522240440986));
#5658=CARTESIAN_POINT('Ctrl Pts',(2.55625684816918,4.85,1.71557703320812));
#5659=CARTESIAN_POINT('Ctrl Pts',(2.54169301857908,4.85,1.77476663235096));
#5660=CARTESIAN_POINT('Origin',(0.,4.85,0.));
#5661=CARTESIAN_POINT('Origin',(0.,6.05,0.));
#5662=CARTESIAN_POINT('',(-1.64217688943693,4.85,2.62930695503572));
#5663=CARTESIAN_POINT('Ctrl Pts',(-0.336156378047335,6.05,1.87002644085534));
#5664=CARTESIAN_POINT('Ctrl Pts',(-0.336156378047335,5.94484541164309,1.87002644085534));
#5665=CARTESIAN_POINT('Ctrl Pts',(-0.340419338574,5.84008883658563,1.88334110387241));
#5666=CARTESIAN_POINT('Ctrl Pts',(-0.360065079626194,5.63790805617251,1.93493927590118));
#5667=CARTESIAN_POINT('Ctrl Pts',(-0.375347890942049,5.54144374447147,1.97285576736936));
#5668=CARTESIAN_POINT('Ctrl Pts',(-0.429632422830659,5.34067175687287,2.07978925943261));
#5669=CARTESIAN_POINT('Ctrl Pts',(-0.472654496282246,5.24345287626537,2.1523365333581));
#5670=CARTESIAN_POINT('Ctrl Pts',(-0.598309351461369,5.08159158722636,2.30541323510401));
#5671=CARTESIAN_POINT('Ctrl Pts',(-0.677041362941569,5.02052404423581,2.38145079058947));
#5672=CARTESIAN_POINT('Ctrl Pts',(-0.875754792300105,4.92650079040366,2.51783581788765));
#5673=CARTESIAN_POINT('Ctrl Pts',(-0.991929074595676,4.89728752618212,2.57338607559633));
#5674=CARTESIAN_POINT('Ctrl Pts',(-1.25676174698024,4.85887393309748,2.64665481914474));
#5675=CARTESIAN_POINT('Ctrl Pts',(-1.40234292133405,4.85242230702793,2.6589396096223));
#5676=CARTESIAN_POINT('Ctrl Pts',(-1.57893283618544,4.85016555252435,2.64010440671309));
#5677=CARTESIAN_POINT('Ctrl Pts',(-1.6106960487128,4.85,2.63536103186119));
#5678=CARTESIAN_POINT('Ctrl Pts',(-1.64217688943693,4.85,2.62930695503573));
#5679=CARTESIAN_POINT('',(1.64217688944845,4.85,2.62930695502853));
#5680=CARTESIAN_POINT('Origin',(0.,4.85,0.));
#5681=CARTESIAN_POINT('Ctrl Pts',(1.64217688944845,4.85,2.62930695502853));
#5682=CARTESIAN_POINT('Ctrl Pts',(1.54853219862451,4.85,2.64731575465191));
#5683=CARTESIAN_POINT('Ctrl Pts',(1.45291827096551,4.85140416957392,2.65361977143504));
#5684=CARTESIAN_POINT('Ctrl Pts',(1.22580050713034,4.86342600216065,2.64028462048867));
#5685=CARTESIAN_POINT('Ctrl Pts',(1.09755881241855,4.87709897285722,2.60990382345765));
#5686=CARTESIAN_POINT('Ctrl Pts',(0.868955093280812,4.93093721833972,2.51366534516105));
#5687=CARTESIAN_POINT('Ctrl Pts',(0.771195303543637,4.96823311871671,2.45231556354091));
#5688=CARTESIAN_POINT('Ctrl Pts',(0.599718269729428,5.08007381507522,2.30902902283216));
#5689=CARTESIAN_POINT('Ctrl Pts',(0.53230929785628,5.15341433538808,2.23050360381104));
#5690=CARTESIAN_POINT('Ctrl Pts',(0.425063078213301,5.34554452302572,2.07641368552058));
#5691=CARTESIAN_POINT('Ctrl Pts',(0.390117378310034,5.46477807494554,2.00464736741401));
#5692=CARTESIAN_POINT('Ctrl Pts',(0.344821890034302,5.74249881810198,1.89897060019077));
#5693=CARTESIAN_POINT('Ctrl Pts',(0.336156378048905,5.89545463414509,1.87002644085506));
#5694=CARTESIAN_POINT('Ctrl Pts',(0.336156378048905,6.05,1.87002644085506));
#5695=CARTESIAN_POINT('Origin',(0.906335505890141,1.85,9.72400691033749));
#5696=CARTESIAN_POINT('Ctrl Pts',(4.08467956522316,1.85,13.7589859469599));
#5697=CARTESIAN_POINT('Ctrl Pts',(4.18433165768966,1.85,13.5024104445184));
#5698=CARTESIAN_POINT('Ctrl Pts',(4.27664138201253,1.85,12.9234362980277));
#5699=CARTESIAN_POINT('Ctrl Pts',(4.12290801055327,1.85,12.0241635339787));
#5700=CARTESIAN_POINT('Ctrl Pts',(3.6905923080642,1.85,10.9421935400448));
#5701=CARTESIAN_POINT('Ctrl Pts',(3.11787255903296,1.85,9.72527388987894));
#5702=CARTESIAN_POINT('Ctrl Pts',(2.75210380905394,1.85,8.94796947265158));
#5703=CARTESIAN_POINT('Ctrl Pts',(2.62419033370484,1.85,8.67360647109317));
#5704=CARTESIAN_POINT('Origin',(1.38777878078145E-16,1.85,16.));
#5705=CARTESIAN_POINT('',(-0.741477324549831,1.85,3.33659706318598));
#5706=CARTESIAN_POINT('Origin',(2.6689958714399,1.85,18.8344838312106));
#5707=CARTESIAN_POINT('',(2.49592414775859,1.85,17.8495746080022));
#5708=CARTESIAN_POINT('Origin',(4.08467956522316,1.85,13.7589859469599));
#5709=CARTESIAN_POINT('',(4.08467956522316,1.85,13.7589859469599));
#5710=CARTESIAN_POINT('Ctrl Pts',(0.705808311998543,1.85,2.64999999999702));
#5711=CARTESIAN_POINT('Ctrl Pts',(0.705808311998543,0.85,2.64999999999702));
#5712=CARTESIAN_POINT('Ctrl Pts',(0.744304462580048,1.85,3.04434867535084));
#5713=CARTESIAN_POINT('Ctrl Pts',(0.744304462580048,0.85,3.04434867535084));
#5714=CARTESIAN_POINT('Ctrl Pts',(0.88537444181367,1.85,4.0490674471809));
#5715=CARTESIAN_POINT('Ctrl Pts',(0.88537444181367,0.85,4.0490674471809));
#5716=CARTESIAN_POINT('Ctrl Pts',(1.2788361697375,1.85,5.62215879358934));
#5717=CARTESIAN_POINT('Ctrl Pts',(1.2788361697375,0.85,5.62215879358934));
#5718=CARTESIAN_POINT('Ctrl Pts',(2.11170608984673,1.85,7.68685724568184));
#5719=CARTESIAN_POINT('Ctrl Pts',(2.11170608984673,0.85,7.68685724568184));
#5720=CARTESIAN_POINT('Ctrl Pts',(3.32981760406828,1.85,10.0945347559529));
#5721=CARTESIAN_POINT('Ctrl Pts',(3.32981760406828,0.85,10.0945347559529));
#5722=CARTESIAN_POINT('Ctrl Pts',(4.09444732331753,1.85,11.8576810023444));
#5723=CARTESIAN_POINT('Ctrl Pts',(4.09444732331753,0.85,11.8576810023444));
#5724=CARTESIAN_POINT('Ctrl Pts',(4.27664138201253,1.85,12.9234362980277));
#5725=CARTESIAN_POINT('Ctrl Pts',(4.27664138201253,0.85,12.9234362980277));
#5726=CARTESIAN_POINT('Ctrl Pts',(4.18433165768966,1.85,13.5024104445184));
#5727=CARTESIAN_POINT('Ctrl Pts',(4.18433165768966,0.85,13.5024104445184));
#5728=CARTESIAN_POINT('Ctrl Pts',(4.08467956522316,1.85,13.7589859469599));
#5729=CARTESIAN_POINT('Ctrl Pts',(4.08467956522316,0.85,13.7589859469599));
#5730=CARTESIAN_POINT('',(0.705808311998498,1.85,2.64999999999657));
#5731=CARTESIAN_POINT('Ctrl Pts',(0.705808311998543,1.85,2.64999999999702));
#5732=CARTESIAN_POINT('Ctrl Pts',(0.744304462580048,1.85,3.04434867535084));
#5733=CARTESIAN_POINT('Ctrl Pts',(0.88537444181367,1.85,4.0490674471809));
#5734=CARTESIAN_POINT('Ctrl Pts',(1.19947731284006,1.85,5.30487575895988));
#5735=CARTESIAN_POINT('Ctrl Pts',(1.64757284612075,1.85,6.51194874717844));
#5736=CARTESIAN_POINT('Ctrl Pts',(2.15541476268832,1.85,7.6620036041461));
#5737=CARTESIAN_POINT('Ctrl Pts',(2.51137873405549,1.85,8.43163564662818));
#5738=CARTESIAN_POINT('Ctrl Pts',(2.62419033370484,1.85,8.67360647109317));
#5739=CARTESIAN_POINT('',(0.705808311998498,1.85,2.64999999999657));
#5740=CARTESIAN_POINT('Ctrl Pts',(0.682440120234087,1.85,2.3781257455237));
#5741=CARTESIAN_POINT('Ctrl Pts',(0.682440120234087,0.849999999999999,2.3781257455237));
#5742=CARTESIAN_POINT('Ctrl Pts',(0.686491831296762,1.85,2.43266360627444));
#5743=CARTESIAN_POINT('Ctrl Pts',(0.686491831296762,0.849999999999999,2.43266360627444));
#5744=CARTESIAN_POINT('Ctrl Pts',(0.690856120098019,1.85,2.48711998604429));
#5745=CARTESIAN_POINT('Ctrl Pts',(0.690856120098019,0.849999999999999,2.48711998604429));
#5746=CARTESIAN_POINT('Ctrl Pts',(0.695531476841388,1.85,2.54149486478641));
#5747=CARTESIAN_POINT('Ctrl Pts',(0.695531476841388,0.849999999999999,2.54149486478641));
#5748=CARTESIAN_POINT('Ctrl Pts',(0.700516180529327,1.85,2.59578821510009));
#5749=CARTESIAN_POINT('Ctrl Pts',(0.700516180529327,0.85,2.59578821510009));
#5750=CARTESIAN_POINT('Ctrl Pts',(0.705808311998498,1.85,2.64999999999657));
#5751=CARTESIAN_POINT('Ctrl Pts',(0.705808311998498,0.85,2.64999999999657));
#5752=CARTESIAN_POINT('',(0.682440120234077,1.85,2.37812574552357));
#5753=CARTESIAN_POINT('Ctrl Pts',(0.682440120234087,1.85,2.3781257455237));
#5754=CARTESIAN_POINT('Ctrl Pts',(0.686491831296763,1.85,2.43266360627444));
#5755=CARTESIAN_POINT('Ctrl Pts',(0.690856120098019,1.85,2.48711998604429));
#5756=CARTESIAN_POINT('Ctrl Pts',(0.695531476841388,1.85,2.54149486478641));
#5757=CARTESIAN_POINT('Ctrl Pts',(0.700516180529327,1.85,2.59578821510009));
#5758=CARTESIAN_POINT('Ctrl Pts',(0.705808311998498,1.85,2.64999999999657));
#5759=CARTESIAN_POINT('',(0.682440120234077,1.85,2.37812574552357));
#5760=CARTESIAN_POINT('Origin',(-8.22190911878341,0.,3.6606297876822));
#5761=CARTESIAN_POINT('',(-7.89539816107873,2.85,4.39398540576959));
#5762=CARTESIAN_POINT('',(-7.89539816107873,0.925,4.39398540576959));
#5763=CARTESIAN_POINT('',(-8.2219091187834,-1.5,3.6606297876822));
#5764=CARTESIAN_POINT('',(-8.2219091187834,0.,3.6606297876822));
#5765=CARTESIAN_POINT('',(-5.06196820970108,-1.5,10.7579732728454));
#5766=CARTESIAN_POINT('',(-7.53784439391001,-1.5,5.19706431547852));
#5767=CARTESIAN_POINT('',(-5.06196820970108,-2.5,10.7579732728454));
#5768=CARTESIAN_POINT('',(-5.06196820970108,-2.,10.7579732728454));
#5769=CARTESIAN_POINT('',(-8.2219091187834,-2.5,3.6606297876822));
#5770=CARTESIAN_POINT('',(-7.53784439391001,-2.5,5.19706431547852));
#5771=CARTESIAN_POINT('',(-8.2219091187834,-3.35,3.6606297876822));
#5772=CARTESIAN_POINT('',(-8.2219091187834,0.,3.6606297876822));
#5773=CARTESIAN_POINT('',(-5.57303210748242,-3.35,9.6101049646137));
#5774=CARTESIAN_POINT('',(-6.54983326145927,-3.35,7.41617365198963));
#5775=CARTESIAN_POINT('',(-4.52423766634194,-3.50561167302766,11.9657358476815));
#5776=CARTESIAN_POINT('Ctrl Pts',(-4.52447838366916,-3.51014297592575,11.9651951877125));
#5777=CARTESIAN_POINT('Ctrl Pts',(-4.87187601706633,-3.39859003644023,11.1849273279352));
#5778=CARTESIAN_POINT('Ctrl Pts',(-5.22300793260298,-3.35,10.3962721331484));
#5779=CARTESIAN_POINT('Ctrl Pts',(-5.57303210748242,-3.35,9.6101049646137));
#5780=CARTESIAN_POINT('',(-4.52423766634371,3.50561167302653,11.9657358476776));
#5781=CARTESIAN_POINT('',(-4.52423766634192,0.925,11.9657358476816));
#5782=CARTESIAN_POINT('',(-5.57303210748242,3.35,9.6101049646137));
#5783=CARTESIAN_POINT('Ctrl Pts',(-5.57303210748242,3.35,9.6101049646137));
#5784=CARTESIAN_POINT('Ctrl Pts',(-5.22300793260358,3.35,10.3962721331471));
#5785=CARTESIAN_POINT('Ctrl Pts',(-4.87187601706754,3.39859003644006,11.1849273279324));
#5786=CARTESIAN_POINT('Ctrl Pts',(-4.52447838367096,3.51014297592518,11.9651951877085));
#5787=CARTESIAN_POINT('',(-6.54983326145927,3.35,7.41617365198963));
#5788=CARTESIAN_POINT('',(-8.2219091187834,2.85,3.6606297876822));
#5789=CARTESIAN_POINT('',(-8.2219091187834,0.,3.6606297876822));
#5790=CARTESIAN_POINT('',(-6.21553245898864,2.85,8.16702554788436));
#5791=CARTESIAN_POINT('Origin',(0.,0.,0.));
#5792=CARTESIAN_POINT('',(9.,-1.5,3.33066907387547E-15));
#5793=CARTESIAN_POINT('',(9.,0.,0.));
#5794=CARTESIAN_POINT('Origin',(0.,-1.5,0.));
#5795=CARTESIAN_POINT('Origin',(0.906335505890141,1.85,10.3958578396167));
#5796=CARTESIAN_POINT('Origin',(1.42500000000003,1.85,1.49999999999394));
#5797=CARTESIAN_POINT('Origin',(2.36702485092995,1.85,0.84038709818677));
#5798=CARTESIAN_POINT('',(9.,2.85,0.26007696719946));
#5799=CARTESIAN_POINT('',(9.,0.925,0.260076967199458));
#5800=CARTESIAN_POINT('',(2.36702485092995,2.85,0.84038709818677));
#5801=CARTESIAN_POINT('',(2.36702485092995,1.85,0.84038709818677));
#5802=CARTESIAN_POINT('',(10.8126710117803,2.85,0.101488802968121));
#5803=CARTESIAN_POINT('Origin',(-9.,1.85,5.));
#5804=CARTESIAN_POINT('',(-2.57472649301046,2.85,1.47492030163534));
#5805=CARTESIAN_POINT('',(-9.,2.85,5.));
#5806=CARTESIAN_POINT('',(-2.57472649301046,1.85,1.47492030163534));
#5807=CARTESIAN_POINT('Origin',(0.906335505890141,2.85,10.3958578396167));
#5808=CARTESIAN_POINT('',(-0.938663713871212,2.85,2.6499999999995));
#5809=CARTESIAN_POINT('',(3.63014330037111,2.85,18.5584482911839));
#5810=CARTESIAN_POINT('',(-1.42499575679054,2.85,2.65000000000006));
#5811=CARTESIAN_POINT('',(1.42499999999639,2.85,2.64999999999539));
#5812=CARTESIAN_POINT('Origin',(-1.42500000000006,2.85,1.49999999999891));
#5813=CARTESIAN_POINT('',(9.,2.85,0.));
#5814=CARTESIAN_POINT('Origin',(0.,2.85,0.));
#5815=CARTESIAN_POINT('',(9.,2.85,21.1979289198084));
#5816=CARTESIAN_POINT('',(0.275000000000032,2.85,1.49999999999394));
#5817=CARTESIAN_POINT('Origin',(1.42500000000003,2.85,1.49999999999394));
#5818=CARTESIAN_POINT('Origin',(1.42500000000003,2.85,1.49999999999394));
#5819=CARTESIAN_POINT('Origin',(1.42500000000003,1.85,1.49999999999394));
#5820=CARTESIAN_POINT('',(0.275000000000032,1.85,1.49999999999394));
#5821=CARTESIAN_POINT('',(0.275000000000032,1.85,1.49999999999394));
#5822=CARTESIAN_POINT('Origin',(1.42500000000003,4.85,1.49999999999394));
#5823=CARTESIAN_POINT('',(1.7,1.85,0.383364428287563));
#5824=CARTESIAN_POINT('Origin',(-0.938663713871212,1.85,2.6499999999995));
#5825=CARTESIAN_POINT('',(-0.938663713871212,1.85,2.6499999999995));
#5826=CARTESIAN_POINT('Origin',(-1.42499575679054,1.85,2.65000000000006));
#5827=CARTESIAN_POINT('',(-1.42499575679054,1.85,2.65000000000006));
#5828=CARTESIAN_POINT('Origin',(-1.42500000000006,1.85,1.49999999999891));
#5829=CARTESIAN_POINT('',(-2.57500000000006,4.8560112819126,1.49999999999891));
#5830=CARTESIAN_POINT('',(-2.57500000000006,1.85,1.49999999999891));
#5831=CARTESIAN_POINT('',(-2.541693018581,4.85,1.7747666323482));
#5832=CARTESIAN_POINT('Ctrl Pts',(-2.541693018581,4.85,1.7747666323482));
#5833=CARTESIAN_POINT('Ctrl Pts',(-2.5638624501638,4.85,1.68466672005992));
#5834=CARTESIAN_POINT('Ctrl Pts',(-2.57500000000006,4.8513394511407,1.59237899544547));
#5835=CARTESIAN_POINT('Ctrl Pts',(-2.57500000000006,4.8560112819126,1.49999999999891));
#5836=CARTESIAN_POINT('Origin',(-1.42500000000006,4.85,1.49999999999891));
#5837=CARTESIAN_POINT('',(-2.46693139362394,4.93087016741957,1.01329786215583));
#5838=CARTESIAN_POINT('Ctrl Pts',(-2.46693139362393,4.93087016741958,1.01329786215584));
#5839=CARTESIAN_POINT('Ctrl Pts',(-2.4293583462333,4.9454097738147,0.932861524226628));
#5840=CARTESIAN_POINT('Ctrl Pts',(-2.38310243452903,4.96558234454106,0.858871214023606));
#5841=CARTESIAN_POINT('Ctrl Pts',(-2.25483280530978,5.03424700014,0.693514609201091));
#5842=CARTESIAN_POINT('Ctrl Pts',(-2.14619285948219,5.10831612292025,0.598148627315633));
#5843=CARTESIAN_POINT('Ctrl Pts',(-1.95750014768409,5.29376471058687,0.473500643134627));
#5844=CARTESIAN_POINT('Ctrl Pts',(-1.86176960108778,5.42655905449369,0.433997473356366));
#5845=CARTESIAN_POINT('Ctrl Pts',(-1.7330344279823,5.72628165066254,0.38993567143214));
#5846=CARTESIAN_POINT('Ctrl Pts',(-1.7,5.89289777098883,0.383364428292532));
#5847=CARTESIAN_POINT('Ctrl Pts',(-1.7,6.05,0.383364428292532));
#5848=CARTESIAN_POINT('Ctrl Pts',(-2.57500000000006,4.8560112819126,1.49999999999891));
#5849=CARTESIAN_POINT('Ctrl Pts',(-2.57500000000006,4.85759103668332,1.46876253316905));
#5850=CARTESIAN_POINT('Ctrl Pts',(-2.57372713281532,4.85955764411582,1.43751492260946));
#5851=CARTESIAN_POINT('Ctrl Pts',(-2.56068356900823,4.87210751780669,1.27789339841647));
#5852=CARTESIAN_POINT('Ctrl Pts',(-2.52872325432972,4.889972012745,1.15382606075839));
#5853=CARTESIAN_POINT('Ctrl Pts',(-2.47494518467425,4.92550500168265,1.03073630246527));
#5854=CARTESIAN_POINT('Ctrl Pts',(-2.47098352518712,4.92814426736004,1.02197266088487));
#5855=CARTESIAN_POINT('Ctrl Pts',(-2.46693139362393,4.93087016741957,1.01329786215584));
#5856=CARTESIAN_POINT('Origin',(9.,0.,32.));
#5857=CARTESIAN_POINT('',(9.,4.85,0.));
#5858=CARTESIAN_POINT('',(9.,3.35,6.40000000005387));
#5859=CARTESIAN_POINT('',(9.,3.35,20.5));
#5860=CARTESIAN_POINT('',(9.,1.99999999999999,6.40000000005387));
#5861=CARTESIAN_POINT('',(9.,1.675,6.40000000005387));
#5862=CARTESIAN_POINT('',(9.,2.,19.2000000000269));
#5863=CARTESIAN_POINT('Origin',(8.99999999999637,0.,8.63324958071099));
#5864=CARTESIAN_POINT('',(9.,-1.99999999999999,6.40000000005387));
#5865=CARTESIAN_POINT('',(9.,-2.,25.6000000000269));
#5866=CARTESIAN_POINT('',(9.,-0.999999999999996,6.40000000005387));
#5867=CARTESIAN_POINT('',(9.,-2.5,0.));
#5868=CARTESIAN_POINT('',(9.,0.,0.));
#5869=CARTESIAN_POINT('',(9.,-2.5,5.05323107660443));
#5870=CARTESIAN_POINT('',(9.,-2.5,17.8409997659176));
#5871=CARTESIAN_POINT('',(9.,-1.5,5.05323107660443));
#5872=CARTESIAN_POINT('',(9.,-2.,5.05323107660443));
#5873=CARTESIAN_POINT('',(9.,-1.5,17.8409997659176));
#5874=CARTESIAN_POINT('Origin',(0.,0.,0.));
#5875=CARTESIAN_POINT('Origin',(7.99999999999969,0.,8.63324958071114));
#5876=CARTESIAN_POINT('',(6.99999999999969,1.99999999999999,8.6332495807113));
#5877=CARTESIAN_POINT('',(7.99999999999969,1.99999999999999,8.63324958071114));
#5878=CARTESIAN_POINT('',(6.99999999999969,-1.99999999999999,8.6332495807113));
#5879=CARTESIAN_POINT('Origin',(6.99999999999969,0.,8.6332495807113));
#5880=CARTESIAN_POINT('',(7.99999999999969,-1.99999999999999,8.63324958071114));
#5881=CARTESIAN_POINT('Origin',(7.99999999999969,0.,8.63324958071114));
#5882=CARTESIAN_POINT('',(7.99999999999969,1.99999999999999,8.63324958071114));
#5883=CARTESIAN_POINT('',(7.99999999999969,-1.99999999999999,8.63324958071114));
#5884=CARTESIAN_POINT('Origin',(6.99999999999969,0.,8.6332495807113));
#5885=CARTESIAN_POINT('Origin',(6.99999999999893,0.,8.63324958071107));
#5886=CARTESIAN_POINT('Origin',(9.,1.99999999999999,6.40000000005388));
#5887=CARTESIAN_POINT('',(7.,1.99999999999999,6.40000000005387));
#5888=CARTESIAN_POINT('',(9.,1.99999999999999,6.40000000005387));
#5889=CARTESIAN_POINT('',(7.,2.,19.2000000000539));
#5890=CARTESIAN_POINT('Origin',(9.,-2.,19.2000000000539));
#5891=CARTESIAN_POINT('',(7.,-2.,19.2000000000539));
#5892=CARTESIAN_POINT('',(9.,-2.,19.2000000000539));
#5893=CARTESIAN_POINT('',(7.,-2.,19.2000000000539));
#5894=CARTESIAN_POINT('Origin',(7.5,-8.,32.9687499999944));
#5895=CARTESIAN_POINT('',(7.5,-9.5,25.0717967697245));
#5896=CARTESIAN_POINT('Ctrl Pts',(7.5,-9.5,25.0717967697245));
#5897=CARTESIAN_POINT('Ctrl Pts',(7.71253808733991,-9.5,25.2711987678749));
#5898=CARTESIAN_POINT('Ctrl Pts',(7.93127702121513,-9.45312580185114,25.4963747407279));
#5899=CARTESIAN_POINT('Ctrl Pts',(8.32726590144953,-9.27012036987312,25.9459999374794));
#5900=CARTESIAN_POINT('Ctrl Pts',(8.50492138624219,-9.13501156415772,26.1705074719072));
#5901=CARTESIAN_POINT('Ctrl Pts',(8.7409406924786,-8.85531387109994,26.4906240146409));
#5902=CARTESIAN_POINT('Ctrl Pts',(8.83155732098846,-8.7129917427375,26.6213133530489));
#5903=CARTESIAN_POINT('Ctrl Pts',(8.9286728012719,-8.46555830829688,26.7664985332587));
#5904=CARTESIAN_POINT('Ctrl Pts',(8.95477916889877,-8.37739693350637,26.8064910363246));
#5905=CARTESIAN_POINT('Ctrl Pts',(8.99043511332198,-8.19331567773829,26.861512921393));
#5906=CARTESIAN_POINT('Ctrl Pts',(9.,-8.09739347652838,26.8765246170202));
#5907=CARTESIAN_POINT('Ctrl Pts',(9.,-8.,26.8765246170202));
#5908=CARTESIAN_POINT('',(7.5,-9.5,32.));
#5909=CARTESIAN_POINT('Origin',(7.5,-8.,32.));
#5910=CARTESIAN_POINT('',(7.5,-9.5,32.9687499999944));
#5911=CARTESIAN_POINT('Origin',(0.999999999999999,-8.,32.));
#5912=CARTESIAN_POINT('',(-4.91538100119658,-9.5,29.3058827771081));
#5913=CARTESIAN_POINT('Origin',(-4.91538100119658,-8.,29.3058827771081));
#5914=CARTESIAN_POINT('Origin',(0.999999999999999,-9.5,32.));
#5915=CARTESIAN_POINT('',(3.5775924217003,-8.,39.5733755556946));
#5916=CARTESIAN_POINT('Origin',(0.999999999999999,-8.,32.));
#5917=CARTESIAN_POINT('',(3.58509841603702,-8.3,39.5387854574269));
#5918=CARTESIAN_POINT('Ctrl Pts',(3.5775924217003,-8.,39.5733755556947));
#5919=CARTESIAN_POINT('Ctrl Pts',(3.5775924217003,-8.09502552486362,39.5733755556947));
#5920=CARTESIAN_POINT('Ctrl Pts',(3.58000990468823,-8.19941846373804,39.5622349965146));
#5921=CARTESIAN_POINT('Ctrl Pts',(3.58509841603702,-8.3,39.5387854574269));
#5922=CARTESIAN_POINT('Origin',(0.999999999999999,-8.3,32.));
#5923=CARTESIAN_POINT('Ctrl Pts',(-6.28046892454963,-8.,28.6841634179792));
#5924=CARTESIAN_POINT('Ctrl Pts',(-5.43975366001104,-8.,26.8382336785415));
#5925=CARTESIAN_POINT('Ctrl Pts',(-4.7643220391964,-8.,24.929175798648));
#5926=CARTESIAN_POINT('Ctrl Pts',(-4.31471553531997,-8.,22.979413979013));
#5927=CARTESIAN_POINT('Ctrl Pts',(-6.28046892454963,-8.44879895051283,28.6841634179792));
#5928=CARTESIAN_POINT('Ctrl Pts',(-5.43987052107203,-8.44879895051283,26.8384902663744));
#5929=CARTESIAN_POINT('Ctrl Pts',(-4.76423864831135,-8.44879895051283,24.9288141660595));
#5930=CARTESIAN_POINT('Ctrl Pts',(-4.31471553531997,-8.44879895051283,22.979413979013));
#5931=CARTESIAN_POINT('Ctrl Pts',(-5.93800470551694,-9.22603185253357,28.8401362539696));
#5932=CARTESIAN_POINT('Ctrl Pts',(-5.08823672395278,-9.22603185253357,26.9743297735173));
#5933=CARTESIAN_POINT('Ctrl Pts',(-4.404094806491,-9.22603185253357,25.0417463462857));
#5934=CARTESIAN_POINT('Ctrl Pts',(-3.94802837423076,-9.22603185253357,23.0639704262946));
#5935=CARTESIAN_POINT('Ctrl Pts',(-5.22170601487587,-9.5,29.1663692791629));
#5936=CARTESIAN_POINT('Ctrl Pts',(-4.35309874120718,-9.5,27.2591980096642));
#5937=CARTESIAN_POINT('Ctrl Pts',(-3.65057490328833,-9.5,25.2769039046658));
#5938=CARTESIAN_POINT('Ctrl Pts',(-3.18106494048875,-9.5,23.2408288223167));
#5939=CARTESIAN_POINT('Ctrl Pts',(-4.91538100119658,-9.5,29.3058827771081));
#5940=CARTESIAN_POINT('Ctrl Pts',(-4.03872978088107,-9.5,27.3810496891982));
#5941=CARTESIAN_POINT('Ctrl Pts',(-3.32832320073144,-9.5,25.3774297760787));
#5942=CARTESIAN_POINT('Ctrl Pts',(-2.85307315800724,-9.5,23.3164622854078));
#5943=CARTESIAN_POINT('',(-2.85307315796873,-9.5,23.3164622854167));
#5944=CARTESIAN_POINT('Ctrl Pts',(-4.6789335348078,-8.,24.3842456770695));
#5945=CARTESIAN_POINT('Ctrl Pts',(-4.6789335348078,-8.12058285482024,24.3842456770695));
#5946=CARTESIAN_POINT('Ctrl Pts',(-4.6597151924878,-8.23774588312333,24.3698256794084));
#5947=CARTESIAN_POINT('Ctrl Pts',(-4.58140832005294,-8.48567338929841,24.3123015545679));
#5948=CARTESIAN_POINT('Ctrl Pts',(-4.51621579327778,-8.60977999612935,24.2649878072339));
#5949=CARTESIAN_POINT('Ctrl Pts',(-4.32789916602865,-8.8766476208194,24.1335147192247));
#5950=CARTESIAN_POINT('Ctrl Pts',(-4.18404259257886,-9.01725770910041,24.0366398358839));
#5951=CARTESIAN_POINT('Ctrl Pts',(-3.84706023363155,-9.25257252343323,23.8271593678707));
#5952=CARTESIAN_POINT('Ctrl Pts',(-3.65905762057653,-9.34382009574375,23.7179184075205));
#5953=CARTESIAN_POINT('Ctrl Pts',(-3.2679041069967,-9.46669141680191,23.5098020224836));
#5954=CARTESIAN_POINT('Ctrl Pts',(-3.06189823385171,-9.5,23.409122480108));
#5955=CARTESIAN_POINT('Ctrl Pts',(-2.8530731580324,-9.5,23.3164622855169));
#5956=CARTESIAN_POINT('Ctrl Pts',(-2.85307315800724,-9.5,23.3164622854078));
#5957=CARTESIAN_POINT('Ctrl Pts',(-3.32832320073144,-9.5,25.3774297760787));
#5958=CARTESIAN_POINT('Ctrl Pts',(-4.03872978088107,-9.5,27.3810496891982));
#5959=CARTESIAN_POINT('Ctrl Pts',(-4.91538100119658,-9.5,29.3058827771081));
#5960=CARTESIAN_POINT('Origin',(0.320115172317616,-9.5,33.9374999999889));
#5961=CARTESIAN_POINT('Origin',(0.999999999999999,-9.5,32.));
#5962=CARTESIAN_POINT('Ctrl Pts',(-4.31471553529903,8.,22.9794139789222));
#5963=CARTESIAN_POINT('Ctrl Pts',(-4.76432203917543,8.,24.9291757985886));
#5964=CARTESIAN_POINT('Ctrl Pts',(-5.43975365999799,8.,26.8382336785128));
#5965=CARTESIAN_POINT('Ctrl Pts',(-6.28046892454964,8.,28.6841634179792));
#5966=CARTESIAN_POINT('Ctrl Pts',(-4.31471553529903,8.44879895051283,22.9794139789222));
#5967=CARTESIAN_POINT('Ctrl Pts',(-4.76423864829038,8.44879895051283,24.9288141660002));
#5968=CARTESIAN_POINT('Ctrl Pts',(-5.43987052105898,8.44879895051283,26.8384902663458));
#5969=CARTESIAN_POINT('Ctrl Pts',(-6.28046892454964,8.44879895051283,28.6841634179792));
#5970=CARTESIAN_POINT('Ctrl Pts',(-3.94802837420952,9.22603185253357,23.0639704262025));
#5971=CARTESIAN_POINT('Ctrl Pts',(-4.40409480646976,9.22603185253357,25.0417463462256));
#5972=CARTESIAN_POINT('Ctrl Pts',(-5.0882367239396,9.22603185253357,26.9743297734884));
#5973=CARTESIAN_POINT('Ctrl Pts',(-5.93800470551694,9.22603185253357,28.8401362539696));
#5974=CARTESIAN_POINT('Ctrl Pts',(-3.18106494046689,9.5,23.2408288222219));
#5975=CARTESIAN_POINT('Ctrl Pts',(-3.65057490326652,9.5,25.2769039046041));
#5976=CARTESIAN_POINT('Ctrl Pts',(-4.3530987411937,9.5,27.2591980096346));
#5977=CARTESIAN_POINT('Ctrl Pts',(-5.22170601487587,9.5,29.1663692791629));
#5978=CARTESIAN_POINT('Ctrl Pts',(-2.85307315798511,9.5,23.3164622853118));
#5979=CARTESIAN_POINT('Ctrl Pts',(-3.32832320070938,9.5,25.3774297760164));
#5980=CARTESIAN_POINT('Ctrl Pts',(-4.03872978086746,9.5,27.3810496891684));
#5981=CARTESIAN_POINT('Ctrl Pts',(-4.91538100119658,9.5,29.3058827771081));
#5982=CARTESIAN_POINT('',(-2.85307315791273,9.5,23.3164622853285));
#5983=CARTESIAN_POINT('Ctrl Pts',(-2.85307315803241,9.5,23.3164622855169));
#5984=CARTESIAN_POINT('Ctrl Pts',(-3.13026753536647,9.5,23.4394594152561));
#5985=CARTESIAN_POINT('Ctrl Pts',(-3.40323569632894,9.44130997693629,23.5772790527524));
#5986=CARTESIAN_POINT('Ctrl Pts',(-3.91491759091864,9.22409018145673,23.8645699054787));
#5987=CARTESIAN_POINT('Ctrl Pts',(-4.14364707699595,9.06225010307111,24.0101993224156));
#5988=CARTESIAN_POINT('Ctrl Pts',(-4.42492697381185,8.75221546585402,24.2001942220669));
#5989=CARTESIAN_POINT('Ctrl Pts',(-4.5189182072241,8.61403853891718,24.2670787487578));
#5990=CARTESIAN_POINT('Ctrl Pts',(-4.61460606350021,8.38660851355214,24.3366062841881));
#5991=CARTESIAN_POINT('Ctrl Pts',(-4.63868322463486,8.3110330907491,24.3543697072552));
#5992=CARTESIAN_POINT('Ctrl Pts',(-4.67074983097909,8.15623815820548,24.3781247867985));
#5993=CARTESIAN_POINT('Ctrl Pts',(-4.6789335348078,8.07863870184037,24.3842456770695));
#5994=CARTESIAN_POINT('Ctrl Pts',(-4.6789335348078,8.,24.3842456770695));
#5995=CARTESIAN_POINT('',(-4.91538100119658,9.5,29.3058827771081));
#5996=CARTESIAN_POINT('Origin',(-4.91538100119658,8.,29.3058827771081));
#5997=CARTESIAN_POINT('Ctrl Pts',(-4.91538100119658,9.5,29.3058827771081));
#5998=CARTESIAN_POINT('Ctrl Pts',(-4.03872978086746,9.5,27.3810496891684));
#5999=CARTESIAN_POINT('Ctrl Pts',(-3.32832320070938,9.5,25.3774297760164));
#6000=CARTESIAN_POINT('Ctrl Pts',(-2.85307315798511,9.5,23.3164622853118));
#6001=CARTESIAN_POINT('Origin',(0.999999999999999,8.,32.));
#6002=CARTESIAN_POINT('',(7.5,9.5,32.));
#6003=CARTESIAN_POINT('Origin',(7.5,8.,32.));
#6004=CARTESIAN_POINT('Origin',(0.999999999999999,9.5,32.));
#6005=CARTESIAN_POINT('Origin',(0.999999999999999,8.3,32.));
#6006=CARTESIAN_POINT('Origin',(7.5,8.,32.9687499999944));
#6007=CARTESIAN_POINT('',(7.5,9.5,25.0717967697245));
#6008=CARTESIAN_POINT('Ctrl Pts',(9.,8.,26.8765246170202));
#6009=CARTESIAN_POINT('Ctrl Pts',(9.,8.09739347652838,26.8765246170202));
#6010=CARTESIAN_POINT('Ctrl Pts',(8.99043511332198,8.19331567773828,26.861512921393));
#6011=CARTESIAN_POINT('Ctrl Pts',(8.95477916889877,8.37739693350637,26.8064910363246));
#6012=CARTESIAN_POINT('Ctrl Pts',(8.9286728012719,8.46555830829688,26.7664985332587));
#6013=CARTESIAN_POINT('Ctrl Pts',(8.83155732098846,8.7129917427375,26.6213133530489));
#6014=CARTESIAN_POINT('Ctrl Pts',(8.7409406924786,8.85531387109994,26.4906240146409));
#6015=CARTESIAN_POINT('Ctrl Pts',(8.50492138624219,9.13501156415772,26.1705074719072));
#6016=CARTESIAN_POINT('Ctrl Pts',(8.32726590144953,9.27012036987312,25.9459999374794));
#6017=CARTESIAN_POINT('Ctrl Pts',(7.93127702121513,9.45312580185114,25.4963747407279));
#6018=CARTESIAN_POINT('Ctrl Pts',(7.71253808733991,9.5,25.271198767875));
#6019=CARTESIAN_POINT('Ctrl Pts',(7.5,9.5,25.0717967697245));
#6020=CARTESIAN_POINT('',(7.5,9.5,32.9687499999944));
#6021=CARTESIAN_POINT('Origin',(0.999999999999999,9.5,32.));
#6022=CARTESIAN_POINT('',(7.5,7.5,25.0717967697245));
#6023=CARTESIAN_POINT('Ctrl Pts',(9.,6.,26.8765246170202));
#6024=CARTESIAN_POINT('Ctrl Pts',(9.,6.09739347652838,26.8765246170202));
#6025=CARTESIAN_POINT('Ctrl Pts',(8.99043511332198,6.19331567773829,26.861512921393));
#6026=CARTESIAN_POINT('Ctrl Pts',(8.95477916889877,6.37739693350637,26.8064910363246));
#6027=CARTESIAN_POINT('Ctrl Pts',(8.9286728012719,6.46555830829688,26.7664985332587));
#6028=CARTESIAN_POINT('Ctrl Pts',(8.83155732098846,6.7129917427375,26.6213133530489));
#6029=CARTESIAN_POINT('Ctrl Pts',(8.7409406924786,6.85531387109994,26.4906240146409));
#6030=CARTESIAN_POINT('Ctrl Pts',(8.50492138624219,7.13501156415772,26.1705074719072));
#6031=CARTESIAN_POINT('Ctrl Pts',(8.32726590144953,7.27012036987312,25.9459999374793));
#6032=CARTESIAN_POINT('Ctrl Pts',(7.93127702121513,7.45312580185114,25.4963747407279));
#6033=CARTESIAN_POINT('Ctrl Pts',(7.71253808733991,7.5,25.2711987678749));
#6034=CARTESIAN_POINT('Ctrl Pts',(7.5,7.5,25.0717967697245));
#6035=CARTESIAN_POINT('',(-2.85307315801837,7.5,23.3164622854948));
#6036=CARTESIAN_POINT('Origin',(0.999999999999999,7.5,32.));
#6037=CARTESIAN_POINT('Ctrl Pts',(-2.85307315803241,7.5,23.3164622855169));
#6038=CARTESIAN_POINT('Ctrl Pts',(-3.1294975766948,7.5,23.4391177679704));
#6039=CARTESIAN_POINT('Ctrl Pts',(-3.40170911761675,7.44163609992716,23.5765041955279));
#6040=CARTESIAN_POINT('Ctrl Pts',(-3.91202757179725,7.22565703258215,23.8628603946387));
#6041=CARTESIAN_POINT('Ctrl Pts',(-4.14025371863238,7.06481819074005,24.0080166210611));
#6042=CARTESIAN_POINT('Ctrl Pts',(-4.42199899801693,6.75615157518063,24.198150320787));
#6043=CARTESIAN_POINT('Ctrl Pts',(-4.51650840657937,6.6181750651698,24.2653518563659));
#6044=CARTESIAN_POINT('Ctrl Pts',(-4.61330884497109,6.39040361862594,24.3356529356657));
#6045=CARTESIAN_POINT('Ctrl Pts',(-4.63782767434291,6.31425373275533,24.3537377476849));
#6046=CARTESIAN_POINT('Ctrl Pts',(-4.67056233565844,6.15799729188474,24.3779841650587));
#6047=CARTESIAN_POINT('Ctrl Pts',(-4.6789335348078,6.07953535362393,24.3842456770694));
#6048=CARTESIAN_POINT('Ctrl Pts',(-4.6789335348078,6.,24.3842456770694));
#6049=CARTESIAN_POINT('Origin',(0.999999999999999,9.5,32.));
#6050=CARTESIAN_POINT('Origin',(4.69470069213787,0.,34.4253720911727));
#6051=CARTESIAN_POINT('',(4.69470069213787,-8.3,34.4253720911727));
#6052=CARTESIAN_POINT('',(4.69470069213787,0.,34.4253720911727));
#6053=CARTESIAN_POINT('',(4.81513382585577,-8.3,33.8703764779184));
#6054=CARTESIAN_POINT('',(3.5775924217003,0.,39.5733755556946));
#6055=CARTESIAN_POINT('Origin',(0.320115172317616,8.3,33.9374999999889));
#6056=CARTESIAN_POINT('',(-2.49938432834703,8.3,31.9343545707541));
#6057=CARTESIAN_POINT('',(-0.554104527505546,8.3,31.6333415822008));
#6058=CARTESIAN_POINT('',(4.21185354667372,8.3,33.3906821328331));
#6059=CARTESIAN_POINT('Origin',(0.999999999999999,8.3,32.));
#6060=CARTESIAN_POINT('',(2.16085449939186,8.3,32.0443116788251));
#6061=CARTESIAN_POINT('Origin',(0.999999999999999,9.5,32.));
#6062=CARTESIAN_POINT('Ctrl Pts',(-2.23658911415724,5.40165850015623,12.9704613962455));
#6063=CARTESIAN_POINT('Ctrl Pts',(-2.87405832944251,5.00407999080293,11.6923020548848));
#6064=CARTESIAN_POINT('Ctrl Pts',(-3.54036938651081,4.85,10.3807338351439));
#6065=CARTESIAN_POINT('Ctrl Pts',(-4.20271392101852,4.85,9.));
#6066=CARTESIAN_POINT('Ctrl Pts',(-2.45902221838933,5.42974584130528,13.0607582725078));
#6067=CARTESIAN_POINT('Ctrl Pts',(-3.08982832810724,5.02255889581386,11.7859627035768));
#6068=CARTESIAN_POINT('Ctrl Pts',(-3.74915788284788,4.85652393404585,10.4736746511968));
#6069=CARTESIAN_POINT('Ctrl Pts',(-4.4077130423364,4.85,9.09127148927377));
#6070=CARTESIAN_POINT('Ctrl Pts',(-2.90299720008061,5.37182470799607,13.276445357739));
#6071=CARTESIAN_POINT('Ctrl Pts',(-3.52055743917939,4.9474593238,11.9942700935817));
#6072=CARTESIAN_POINT('Ctrl Pts',(-4.16605759024815,4.7630188755983,10.6666132669837));
#6073=CARTESIAN_POINT('Ctrl Pts',(-4.81707661256668,4.74735610248047,9.2735318934606));
#6074=CARTESIAN_POINT('Ctrl Pts',(-3.50451081001972,4.89658567798642,13.6920821916645));
#6075=CARTESIAN_POINT('Ctrl Pts',(-4.11273451834299,4.45469646363645,12.3552742245634));
#6076=CARTESIAN_POINT('Ctrl Pts',(-4.74795166979295,4.26200514642495,10.9614615782589));
#6077=CARTESIAN_POINT('Ctrl Pts',(-5.39347413923218,4.24561992255304,9.53016060647298));
#6078=CARTESIAN_POINT('Ctrl Pts',(-3.64721490317852,4.31809383183838,13.9355612252977));
#6079=CARTESIAN_POINT('Ctrl Pts',(-4.26934561638728,3.87387888119142,12.5376863580539));
#6080=CARTESIAN_POINT('Ctrl Pts',(-4.91972576635064,3.69285002895509,11.0777579898294));
#6081=CARTESIAN_POINT('Ctrl Pts',(-5.57303210748242,3.68659921288462,9.6101049646137));
#6082=CARTESIAN_POINT('Ctrl Pts',(-3.60690730062114,3.96935074886386,14.0260935829094));
#6083=CARTESIAN_POINT('Ctrl Pts',(-4.24437651590641,3.5239879045752,12.5943142831469));
#6084=CARTESIAN_POINT('Ctrl Pts',(-4.91068757297471,3.35,11.0977551461125));
#6085=CARTESIAN_POINT('Ctrl Pts',(-5.57303210748242,3.35,9.6101049646137));
#6086=CARTESIAN_POINT('',(-2.23658911415724,5.40165850015623,12.9704613962455));
#6087=CARTESIAN_POINT('Ctrl Pts',(-4.52423766634192,3.50561167302768,11.9657358476816));
#6088=CARTESIAN_POINT('Ctrl Pts',(-4.52423766634192,3.64401657995622,11.9657358476816));
#6089=CARTESIAN_POINT('Ctrl Pts',(-4.49865761284689,3.77955466111715,11.9769704987625));
#6090=CARTESIAN_POINT('Ctrl Pts',(-4.39468983646233,4.07573737009834,12.0226327055124));
#6091=CARTESIAN_POINT('Ctrl Pts',(-4.30467734377282,4.22850592112628,12.0621658108093));
#6092=CARTESIAN_POINT('Ctrl Pts',(-4.03383460862549,4.57447497957395,12.1811187921952));
#6093=CARTESIAN_POINT('Ctrl Pts',(-3.82600312778112,4.75055800039525,12.2723974977466));
#6094=CARTESIAN_POINT('Ctrl Pts',(-3.40416140184295,5.0253981915756,12.457668595921));
#6095=CARTESIAN_POINT('Ctrl Pts',(-3.18253249485751,5.13431100924685,12.5550070725572));
#6096=CARTESIAN_POINT('Ctrl Pts',(-2.72523485923408,5.30498364387816,12.7558502559954));
#6097=CARTESIAN_POINT('Ctrl Pts',(-2.48023655276371,5.36837278492459,12.8634524738407));
#6098=CARTESIAN_POINT('Ctrl Pts',(-2.23658911415724,5.40165850015623,12.9704613962455));
#6099=CARTESIAN_POINT('',(-4.20271392101852,4.85,9.));
#6100=CARTESIAN_POINT('Ctrl Pts',(-2.23658911415724,5.40165850015623,12.9704613962455));
#6101=CARTESIAN_POINT('Ctrl Pts',(-2.87405832944251,5.00407999080293,11.6923020548848));
#6102=CARTESIAN_POINT('Ctrl Pts',(-3.54036938651081,4.85,10.3807338351439));
#6103=CARTESIAN_POINT('Ctrl Pts',(-4.20271392101852,4.85,9.));
#6104=CARTESIAN_POINT('Origin',(-4.20271392101852,3.35,9.));
#6105=CARTESIAN_POINT('Origin',(7.5,3.35,20.5));
#6106=CARTESIAN_POINT('',(7.5,4.85,9.));
#6107=CARTESIAN_POINT('',(7.5,4.85,20.5));
#6108=CARTESIAN_POINT('Origin',(7.5,3.35,9.));
#6109=CARTESIAN_POINT('',(9.,3.35,25.6000000000269));
#6110=CARTESIAN_POINT('Ctrl Pts',(7.5,4.85,9.));
#6111=CARTESIAN_POINT('Ctrl Pts',(7.5,4.85,9.5899805691153));
#6112=CARTESIAN_POINT('Ctrl Pts',(7.5,4.90302171254934,10.7514689253868));
#6113=CARTESIAN_POINT('Ctrl Pts',(7.5,5.20263352125241,12.4248877532884));
#6114=CARTESIAN_POINT('Ctrl Pts',(7.5,5.74482305963345,14.0190632740888));
#6115=CARTESIAN_POINT('Ctrl Pts',(7.5,6.52441755203418,15.7863673510612));
#6116=CARTESIAN_POINT('Ctrl Pts',(7.5,7.16924455302944,17.8778923415867));
#6117=CARTESIAN_POINT('Ctrl Pts',(7.5,7.45042152466621,19.9702264638361));
#6118=CARTESIAN_POINT('Ctrl Pts',(7.5,7.5,21.3295826811055));
#6119=CARTESIAN_POINT('Ctrl Pts',(7.5,7.5,22.));
#6120=CARTESIAN_POINT('Ctrl Pts',(7.94879895051283,4.85,9.));
#6121=CARTESIAN_POINT('Ctrl Pts',(7.94879895051283,4.85,9.58983200549463));
#6122=CARTESIAN_POINT('Ctrl Pts',(7.94879895051283,4.90307624261643,10.7514955243276));
#6123=CARTESIAN_POINT('Ctrl Pts',(7.94879895051283,5.20261273788315,12.424367586582));
#6124=CARTESIAN_POINT('Ctrl Pts',(7.94879895051283,5.74462227581506,14.0182534882645));
#6125=CARTESIAN_POINT('Ctrl Pts',(7.94879895051283,6.52421229475969,15.7854398796351));
#6126=CARTESIAN_POINT('Ctrl Pts',(7.94879895051283,7.16926751919607,17.877622434275));
#6127=CARTESIAN_POINT('Ctrl Pts',(7.94879895051283,7.45047529278528,19.9703520513774));
#6128=CARTESIAN_POINT('Ctrl Pts',(7.94879895051283,7.5,21.329469670386));
#6129=CARTESIAN_POINT('Ctrl Pts',(7.94879895051283,7.5,22.));
#6130=CARTESIAN_POINT('Ctrl Pts',(8.72607682258451,4.4737439182226,9.));
#6131=CARTESIAN_POINT('Ctrl Pts',(8.72607682258451,4.4737439182226,9.60148914525472));
#6132=CARTESIAN_POINT('Ctrl Pts',(8.72607682258451,4.52782084361998,10.7902997846773));
#6133=CARTESIAN_POINT('Ctrl Pts',(8.72607682258451,4.83612050959984,12.5190592214946));
#6134=CARTESIAN_POINT('Ctrl Pts',(8.72607682258451,5.39829080376328,14.1661408327875));
#6135=CARTESIAN_POINT('Ctrl Pts',(8.7260768225845,6.17524202113333,15.9285044852804));
#6136=CARTESIAN_POINT('Ctrl Pts',(8.72607682258451,6.79906894218659,17.9556703370959));
#6137=CARTESIAN_POINT('Ctrl Pts',(8.72607682258451,7.07531198439137,20.0000645469323));
#6138=CARTESIAN_POINT('Ctrl Pts',(8.72607682258451,7.1237439182226,21.3383371289615));
#6139=CARTESIAN_POINT('Ctrl Pts',(8.72607682258451,7.1237439182226,22.));
#6140=CARTESIAN_POINT('Ctrl Pts',(9.,3.68659921288462,9.));
#6141=CARTESIAN_POINT('Ctrl Pts',(9.,3.68659921288462,9.62543923968335));
#6142=CARTESIAN_POINT('Ctrl Pts',(9.,3.74293007375622,10.8715583196525));
#6143=CARTESIAN_POINT('Ctrl Pts',(9.,4.06934106865007,12.7156277363286));
#6144=CARTESIAN_POINT('Ctrl Pts',(9.,4.67315889968639,14.473144930567));
#6145=CARTESIAN_POINT('Ctrl Pts',(9.,5.44457646132458,16.2250728902139));
#6146=CARTESIAN_POINT('Ctrl Pts',(9.,6.02466439120888,18.1181558345331));
#6147=CARTESIAN_POINT('Ctrl Pts',(9.,6.29061163009185,20.0625939866439));
#6148=CARTESIAN_POINT('Ctrl Pts',(9.,6.33659921288462,21.3565557035517));
#6149=CARTESIAN_POINT('Ctrl Pts',(9.,6.33659921288462,22.));
#6150=CARTESIAN_POINT('Ctrl Pts',(9.,3.35,9.));
#6151=CARTESIAN_POINT('Ctrl Pts',(9.,3.35,9.63566538197688));
#6152=CARTESIAN_POINT('Ctrl Pts',(9.,3.40730034576599,10.9063088939028));
#6153=CARTESIAN_POINT('Ctrl Pts',(9.,3.74144830465777,12.7996305111466));
#6154=CARTESIAN_POINT('Ctrl Pts',(9.,4.36305680654421,14.6043421852381));
#6155=CARTESIAN_POINT('Ctrl Pts',(9.,5.13210759956006,16.3517954222927));
#6156=CARTESIAN_POINT('Ctrl Pts',(9.,5.6935155115679,18.1876099693895));
#6157=CARTESIAN_POINT('Ctrl Pts',(9.,5.95506324867097,20.0893458829374));
#6158=CARTESIAN_POINT('Ctrl Pts',(9.,6.,21.3643346180231));
#6159=CARTESIAN_POINT('Ctrl Pts',(9.,6.,22.));
#6160=CARTESIAN_POINT('',(7.5,7.5,22.));
#6161=CARTESIAN_POINT('Origin',(7.5,6.,22.));
#6162=CARTESIAN_POINT('Ctrl Pts',(7.5,4.85,9.));
#6163=CARTESIAN_POINT('Ctrl Pts',(7.5,4.85,9.5899805691153));
#6164=CARTESIAN_POINT('Ctrl Pts',(7.5,4.90302171254934,10.7514689253868));
#6165=CARTESIAN_POINT('Ctrl Pts',(7.5,5.20263352125241,12.4248877532884));
#6166=CARTESIAN_POINT('Ctrl Pts',(7.5,5.74482305963345,14.0190632740888));
#6167=CARTESIAN_POINT('Ctrl Pts',(7.5,6.52441755203418,15.7863673510612));
#6168=CARTESIAN_POINT('Ctrl Pts',(7.5,7.16924455302944,17.8778923415867));
#6169=CARTESIAN_POINT('Ctrl Pts',(7.5,7.45042152466621,19.9702264638361));
#6170=CARTESIAN_POINT('Ctrl Pts',(7.5,7.5,21.3295826811055));
#6171=CARTESIAN_POINT('Ctrl Pts',(7.5,7.5,22.));
#6172=CARTESIAN_POINT('Origin',(7.5,6.,26.219131154255));
#6173=CARTESIAN_POINT('',(7.5,7.5,26.219131154255));
#6174=CARTESIAN_POINT('Origin',(-5.17951507499537,3.35,6.80606868737593));
#6175=CARTESIAN_POINT('',(-5.17951507499537,4.85,6.80606868737593));
#6176=CARTESIAN_POINT('Ctrl Pts',(-23.,7.5,22.));
#6177=CARTESIAN_POINT('Ctrl Pts',(23.,7.5,22.));
#6178=CARTESIAN_POINT('Ctrl Pts',(-23.,7.5,14.85));
#6179=CARTESIAN_POINT('Ctrl Pts',(23.,7.5,14.85));
#6180=CARTESIAN_POINT('Ctrl Pts',(-23.,4.85,14.85));
#6181=CARTESIAN_POINT('Ctrl Pts',(23.,4.85,14.85));
#6182=CARTESIAN_POINT('Ctrl Pts',(-23.,4.85,9.));
#6183=CARTESIAN_POINT('Ctrl Pts',(23.,4.85,9.));
#6184=CARTESIAN_POINT('',(-1.,5.58356443375146,13.5135660942479));
#6185=CARTESIAN_POINT('Ctrl Pts',(-2.23658911415724,5.40165850015623,12.9704613962455));
#6186=CARTESIAN_POINT('Ctrl Pts',(-1.83372220200839,5.45669586640449,13.1473988366231));
#6187=CARTESIAN_POINT('Ctrl Pts',(-1.42361472068964,5.51706490617018,13.3275163042929));
#6188=CARTESIAN_POINT('Ctrl Pts',(-1.,5.58356443375146,13.5135660942479));
#6189=CARTESIAN_POINT('',(-2.21190853241345,6.54508218502523,15.9593043128604));
#6190=CARTESIAN_POINT('Ctrl Pts',(-1.,5.58356443375146,13.5135660942479));
#6191=CARTESIAN_POINT('Ctrl Pts',(-1.41254774057206,5.88114441766371,14.3461237907516));
#6192=CARTESIAN_POINT('Ctrl Pts',(-1.78370680958245,6.22846011387973,15.0951555006411));
#6193=CARTESIAN_POINT('Ctrl Pts',(-2.21190853241345,6.54508218502523,15.9593043128604));
#6194=CARTESIAN_POINT('',(-2.58337316204561,7.5,21.9999999999997));
#6195=CARTESIAN_POINT('Ctrl Pts',(-2.58337316204561,7.5,21.9999999999994));
#6196=CARTESIAN_POINT('Ctrl Pts',(-2.44146650582732,7.49999999999998,21.1638864075013));
#6197=CARTESIAN_POINT('Ctrl Pts',(-2.26543908798269,7.4422102798232,19.7414446528083));
#6198=CARTESIAN_POINT('Ctrl Pts',(-2.17190383627836,7.105746911132,17.6809922908277));
#6199=CARTESIAN_POINT('Ctrl Pts',(-2.18800540112074,6.74650180515346,16.5090339159224));
#6200=CARTESIAN_POINT('Ctrl Pts',(-2.21190853241345,6.54508218502523,15.9593043128604));
#6201=CARTESIAN_POINT('',(1.08026661629805,7.5,22.));
#6202=CARTESIAN_POINT('',(0.,4.85,9.));
#6203=CARTESIAN_POINT('Origin',(-1.,1.85,13.5135660942479));
#6204=CARTESIAN_POINT('',(-2.23658911415725,-5.40165850015622,12.9704613962455));
#6205=CARTESIAN_POINT('Ctrl Pts',(-2.23658911415724,-5.40165850015622,12.9704613962455));
#6206=CARTESIAN_POINT('Ctrl Pts',(-2.65722396515033,-5.34419378003958,12.785720352432));
#6207=CARTESIAN_POINT('Ctrl Pts',(-3.09250980307993,-5.19545669531862,12.59454465725));
#6208=CARTESIAN_POINT('Ctrl Pts',(-3.76819397747665,-4.80508692278706,12.2977870315525));
#6209=CARTESIAN_POINT('Ctrl Pts',(-4.02693702724801,-4.58967744820367,12.1841481811599));
#6210=CARTESIAN_POINT('Ctrl Pts',(-4.3088220245413,-4.21954111475741,12.060345485039));
#6211=CARTESIAN_POINT('Ctrl Pts',(-4.38984748741331,-4.08087088319407,12.0247594446898));
#6212=CARTESIAN_POINT('Ctrl Pts',(-4.49570303490487,-3.79469455486513,11.9782681368705));
#6213=CARTESIAN_POINT('Ctrl Pts',(-4.52423766634192,-3.65181692555347,11.9657358476816));
#6214=CARTESIAN_POINT('Ctrl Pts',(-4.52423766634192,-3.50561167302768,11.9657358476816));
#6215=CARTESIAN_POINT('',(-1.,-5.58356443375146,13.5135660942479));
#6216=CARTESIAN_POINT('Ctrl Pts',(-1.,-5.58356443375146,13.5135660942479));
#6217=CARTESIAN_POINT('Ctrl Pts',(-1.42361654512306,-5.51706461976851,13.3275155030095));
#6218=CARTESIAN_POINT('Ctrl Pts',(-1.83372371064355,-5.4566956603034,13.1473981740369));
#6219=CARTESIAN_POINT('Ctrl Pts',(-2.23658911415725,-5.40165850015622,12.9704613962455));
#6220=CARTESIAN_POINT('',(-1.,1.85,13.5135660942479));
#6221=CARTESIAN_POINT('Ctrl Pts',(-3.23741634533513,7.5,24.7990084917658));
#6222=CARTESIAN_POINT('Ctrl Pts',(-2.9723707152928,7.5,23.8778366360381));
#6223=CARTESIAN_POINT('Ctrl Pts',(-2.75226965755577,7.5,22.9435534153763));
#6224=CARTESIAN_POINT('Ctrl Pts',(-2.58337316204561,7.5,21.9999999999995));
#6225=CARTESIAN_POINT('Ctrl Pts',(-3.66871727985616,7.5,24.6749117478008));
#6226=CARTESIAN_POINT('Ctrl Pts',(-3.40772227420753,7.5,23.7678179253122));
#6227=CARTESIAN_POINT('Ctrl Pts',(-3.19117763884123,7.5,22.8484458372888));
#6228=CARTESIAN_POINT('Ctrl Pts',(-3.02515038674155,7.5,21.9209216735037));
#6229=CARTESIAN_POINT('Ctrl Pts',(-4.41570447585615,7.12376172361696,24.4599836746445));
#6230=CARTESIAN_POINT('Ctrl Pts',(-4.1616666448895,7.12376172361696,23.5770696641807));
#6231=CARTESIAN_POINT('Ctrl Pts',(-3.95138105078157,7.12376172361696,22.6839558079669));
#6232=CARTESIAN_POINT('Ctrl Pts',(-3.79028188523635,7.12376172361696,21.7839627832128));
#6233=CARTESIAN_POINT('Ctrl Pts',(-4.6789335348078,6.33659921288462,24.3842456770695));
#6234=CARTESIAN_POINT('Ctrl Pts',(-4.42737630980982,6.33659921288462,23.5099530666383));
#6235=CARTESIAN_POINT('Ctrl Pts',(-4.21924681055465,6.33659921288462,22.6258768592546));
#6236=CARTESIAN_POINT('Ctrl Pts',(-4.05990477221695,6.33659921288462,21.7357001623816));
#6237=CARTESIAN_POINT('Ctrl Pts',(-4.6789335348078,6.,24.3842456770695));
#6238=CARTESIAN_POINT('Ctrl Pts',(-4.42736595759846,6.,23.5099170873024));
#6239=CARTESIAN_POINT('Ctrl Pts',(-4.21925414350171,6.,22.6259178253339));
#6240=CARTESIAN_POINT('Ctrl Pts',(-4.05990477221695,6.,21.7357001623816));
#6241=CARTESIAN_POINT('Ctrl Pts',(-2.85309076600674,7.5,23.3164582251145));
#6242=CARTESIAN_POINT('Ctrl Pts',(-2.75242675062532,7.5,22.8799250291823));
#6243=CARTESIAN_POINT('Ctrl Pts',(-2.66230787529722,7.5,22.4409749181313));
#6244=CARTESIAN_POINT('Ctrl Pts',(-2.58337316204561,7.5,21.9999999999995));
#6245=CARTESIAN_POINT('Origin',(-2.58337316204561,6.,21.9999999999995));
#6246=CARTESIAN_POINT('Ctrl Pts',(-2.58337316204561,7.5,21.9999999999994));
#6247=CARTESIAN_POINT('Ctrl Pts',(-2.44146650582732,7.49999999999998,21.1638864075013));
#6248=CARTESIAN_POINT('Ctrl Pts',(-2.26543908798269,7.4422102798232,19.7414446528083));
#6249=CARTESIAN_POINT('Ctrl Pts',(-2.17190383627836,7.105746911132,17.6809922908277));
#6250=CARTESIAN_POINT('Ctrl Pts',(-2.18800540112074,6.74650180515346,16.5090339159224));
#6251=CARTESIAN_POINT('Ctrl Pts',(-2.21190853241345,6.54508218502523,15.9593043128604));
#6252=CARTESIAN_POINT('Ctrl Pts',(-3.02515038674155,7.5,21.9209216735037));
#6253=CARTESIAN_POINT('Ctrl Pts',(-2.8841907145272,7.49764404743389,21.0983969115624));
#6254=CARTESIAN_POINT('Ctrl Pts',(-2.70934987427172,7.43689633076691,19.7003689995035));
#6255=CARTESIAN_POINT('Ctrl Pts',(-2.61889817149868,7.10263126938526,17.6739080219478));
#6256=CARTESIAN_POINT('Ctrl Pts',(-2.63883802941311,6.74966659059165,16.5198360652196));
#6257=CARTESIAN_POINT('Ctrl Pts',(-2.66490528491556,6.55200367947758,15.9781949770145));
#6258=CARTESIAN_POINT('Ctrl Pts',(-3.79031267041652,7.12379926805118,21.7839572726514));
#6259=CARTESIAN_POINT('Ctrl Pts',(-3.65116426116722,7.12016510298951,20.9960401778716));
#6260=CARTESIAN_POINT('Ctrl Pts',(-3.47878693950152,7.05827096317426,19.6607502352073));
#6261=CARTESIAN_POINT('Ctrl Pts',(-3.39350149992195,6.73322452983552,17.7448042846985));
#6262=CARTESIAN_POINT('Ctrl Pts',(-3.41971249814713,6.39437762098203,16.6574572597713));
#6263=CARTESIAN_POINT('Ctrl Pts',(-3.44915750011008,6.20295541309772,16.1431804528026));
#6264=CARTESIAN_POINT('Ctrl Pts',(-4.05990477221694,6.33659921288462,21.7357001623816));
#6265=CARTESIAN_POINT('Ctrl Pts',(-3.92432405877899,6.33551992344282,20.9783777484298));
#6266=CARTESIAN_POINT('Ctrl Pts',(-3.75652521541168,6.27809073993794,19.7039021363766));
#6267=CARTESIAN_POINT('Ctrl Pts',(-3.67038141075213,5.96695180026044,17.9154720156818));
#6268=CARTESIAN_POINT('Ctrl Pts',(-3.6903425930106,5.64305770175539,16.9130960326018));
#6269=CARTESIAN_POINT('Ctrl Pts',(-3.71575580880179,5.45601060475281,16.4294693183172));
#6270=CARTESIAN_POINT('Ctrl Pts',(-4.05990477221694,6.,21.7357001623816));
#6271=CARTESIAN_POINT('Ctrl Pts',(-3.92601959963711,5.99999999999998,20.9877402270706));
#6272=CARTESIAN_POINT('Ctrl Pts',(-3.76045972105433,5.94447064307362,19.7333424279585));
#6273=CARTESIAN_POINT('Ctrl Pts',(-3.67274474024923,5.63928117953123,17.9905261750292));
#6274=CARTESIAN_POINT('Ctrl Pts',(-3.68785005312464,5.32180545125262,17.0194447492836));
#6275=CARTESIAN_POINT('Ctrl Pts',(-3.71023338510237,5.13664527577395,16.5462228060111));
#6276=CARTESIAN_POINT('Ctrl Pts',(-2.21190853241345,6.54508218502523,15.9593043128604));
#6277=CARTESIAN_POINT('Ctrl Pts',(-2.50399398602903,6.76105679779375,16.5487584984711));
#6278=CARTESIAN_POINT('Ctrl Pts',(-2.77958743558862,6.82364465441416,17.1049303665286));
#6279=CARTESIAN_POINT('Ctrl Pts',(-3.19410393642733,6.75365716273865,17.9414611947486));
#6280=CARTESIAN_POINT('Ctrl Pts',(-3.35108440634933,6.66239495215514,18.258261617054));
#6281=CARTESIAN_POINT('Ctrl Pts',(-3.54552875058307,6.45024627025025,18.6506674392479));
#6282=CARTESIAN_POINT('Ctrl Pts',(-3.60683081162195,6.3529562644113,18.7743804007071));
#6283=CARTESIAN_POINT('Ctrl Pts',(-3.67576266524629,6.18077843695072,18.913490955984));
#6284=CARTESIAN_POINT('Ctrl Pts',(-3.69640605282357,6.11212335238238,18.9551511313315));
#6285=CARTESIAN_POINT('Ctrl Pts',(-3.72382082492518,5.96405669895313,19.0104765573766));
#6286=CARTESIAN_POINT('Ctrl Pts',(-3.73064916874231,5.8888869302989,19.0242567569466));
#6287=CARTESIAN_POINT('Ctrl Pts',(-3.73064916874231,5.81090288193413,19.0242567569466));
#6288=CARTESIAN_POINT('Origin',(-9.00000000000001,1.85,29.6582710992833));
#6289=CARTESIAN_POINT('',(-2.21190853241345,-6.54508218502523,15.9593043128604));
#6290=CARTESIAN_POINT('Ctrl Pts',(-2.21190853241345,-6.54508218502523,15.9593043128604));
#6291=CARTESIAN_POINT('Ctrl Pts',(-1.78370519232131,-6.22845891804015,15.0951522368656));
#6292=CARTESIAN_POINT('Ctrl Pts',(-1.41254556557677,-5.88114284879058,14.3461194014194));
#6293=CARTESIAN_POINT('Ctrl Pts',(-1.,-5.58356443375146,13.5135660942479));
#6294=CARTESIAN_POINT('Ctrl Pts',(-3.73064916874231,-5.81090288193413,19.0242567569466));
#6295=CARTESIAN_POINT('Ctrl Pts',(-3.73064916874231,-5.88840315580398,19.0242567569466));
#6296=CARTESIAN_POINT('Ctrl Pts',(-3.7239053270458,-5.96313906931227,19.0106470900974));
#6297=CARTESIAN_POINT('Ctrl Pts',(-3.69634189198945,-6.11296555196796,18.9550216491087));
#6298=CARTESIAN_POINT('Ctrl Pts',(-3.67502184417888,-6.18334935779409,18.9119959137798));
#6299=CARTESIAN_POINT('Ctrl Pts',(-3.61153759597571,-6.34005857343626,18.7838791063165));
#6300=CARTESIAN_POINT('Ctrl Pts',(-3.56389919459379,-6.41764450953762,18.6877406139637));
#6301=CARTESIAN_POINT('Ctrl Pts',(-3.43242682456596,-6.58462271120712,18.4224177851622));
#6302=CARTESIAN_POINT('Ctrl Pts',(-3.33028943577958,-6.66732904785331,18.2162955338743));
#6303=CARTESIAN_POINT('Ctrl Pts',(-3.0747233991165,-6.78669338960534,17.7005407499704));
#6304=CARTESIAN_POINT('Ctrl Pts',(-2.91245790002705,-6.81284574681158,17.3730746730586));
#6305=CARTESIAN_POINT('Ctrl Pts',(-2.55740574941385,-6.75304118107725,16.656548143927));
#6306=CARTESIAN_POINT('Ctrl Pts',(-2.38133984163821,-6.6703635400113,16.3012316261168));
#6307=CARTESIAN_POINT('Ctrl Pts',(-2.21190853241345,-6.54508218502523,15.9593043128604));
#6308=CARTESIAN_POINT('Origin',(7.5,-6.,26.219131154255));
#6309=CARTESIAN_POINT('',(7.5,-7.5,22.));
#6310=CARTESIAN_POINT('Origin',(7.5,-6.,22.));
#6311=CARTESIAN_POINT('',(7.5,-7.5,25.0717967697245));
#6312=CARTESIAN_POINT('Ctrl Pts',(7.5,-7.5,25.0717967697245));
#6313=CARTESIAN_POINT('Ctrl Pts',(7.71253808733991,-7.5,25.271198767875));
#6314=CARTESIAN_POINT('Ctrl Pts',(7.93127702121513,-7.45312580185114,25.4963747407279));
#6315=CARTESIAN_POINT('Ctrl Pts',(8.32726590144953,-7.27012036987312,25.9459999374794));
#6316=CARTESIAN_POINT('Ctrl Pts',(8.50492138624219,-7.13501156415772,26.1705074719072));
#6317=CARTESIAN_POINT('Ctrl Pts',(8.7409406924786,-6.85531387109994,26.4906240146409));
#6318=CARTESIAN_POINT('Ctrl Pts',(8.83155732098846,-6.7129917427375,26.6213133530489));
#6319=CARTESIAN_POINT('Ctrl Pts',(8.9286728012719,-6.46555830829688,26.7664985332587));
#6320=CARTESIAN_POINT('Ctrl Pts',(8.95477916889877,-6.37739693350637,26.8064910363246));
#6321=CARTESIAN_POINT('Ctrl Pts',(8.99043511332198,-6.19331567773829,26.861512921393));
#6322=CARTESIAN_POINT('Ctrl Pts',(9.,-6.09739347652838,26.8765246170202));
#6323=CARTESIAN_POINT('Ctrl Pts',(9.,-6.,26.8765246170202));
#6324=CARTESIAN_POINT('',(7.5,-7.5,26.219131154255));
#6325=CARTESIAN_POINT('Ctrl Pts',(7.5,-7.5,22.));
#6326=CARTESIAN_POINT('Ctrl Pts',(7.5,-7.5,21.3294274740121));
#6327=CARTESIAN_POINT('Ctrl Pts',(7.5,-7.45278020425713,19.975734790359));
#6328=CARTESIAN_POINT('Ctrl Pts',(7.5,-7.17134410777268,17.8829175591171));
#6329=CARTESIAN_POINT('Ctrl Pts',(7.5,-6.52653918632043,15.7910219196403));
#6330=CARTESIAN_POINT('Ctrl Pts',(7.5,-5.48125047640696,13.4499163038896));
#6331=CARTESIAN_POINT('Ctrl Pts',(7.5,-4.92610582064593,11.3634285982033));
#6332=CARTESIAN_POINT('Ctrl Pts',(7.5,-4.85,9.5901171544432));
#6333=CARTESIAN_POINT('Ctrl Pts',(7.5,-4.85,9.));
#6334=CARTESIAN_POINT('Ctrl Pts',(7.94879895051283,-7.5,22.));
#6335=CARTESIAN_POINT('Ctrl Pts',(7.94879895051283,-7.5,21.3293144371296));
#6336=CARTESIAN_POINT('Ctrl Pts',(7.94879895051283,-7.45282658856985,19.9758108319102));
#6337=CARTESIAN_POINT('Ctrl Pts',(7.94879895051283,-7.17137142292546,17.8825639038667));
#6338=CARTESIAN_POINT('Ctrl Pts',(7.94879895051283,-6.52635096188302,15.7901968633463));
#6339=CARTESIAN_POINT('Ctrl Pts',(7.94879895051283,-5.48102198590666,13.4488837547923));
#6340=CARTESIAN_POINT('Ctrl Pts',(7.94879895051282,-4.92621196455776,11.3633657952012));
#6341=CARTESIAN_POINT('Ctrl Pts',(7.94879895051283,-4.85,9.58996855642884));
#6342=CARTESIAN_POINT('Ctrl Pts',(7.94879895051283,-4.85,9.));
#6343=CARTESIAN_POINT('Ctrl Pts',(8.72607682258451,-7.1237439182226,22.));
#6344=CARTESIAN_POINT('Ctrl Pts',(8.72607682258451,-7.1237439182226,21.3381839485944));
#6345=CARTESIAN_POINT('Ctrl Pts',(8.7260768225845,-7.0774911956309,20.0054447368742));
#6346=CARTESIAN_POINT('Ctrl Pts',(8.7260768225845,-6.80036656814043,17.9597537995739));
#6347=CARTESIAN_POINT('Ctrl Pts',(8.72607682258451,-6.17787163301416,15.933400486254));
#6348=CARTESIAN_POINT('Ctrl Pts',(8.7260768225845,-5.13385454349778,13.5971519610812));
#6349=CARTESIAN_POINT('Ctrl Pts',(8.7260768225845,-4.54726099978714,11.4117021850362));
#6350=CARTESIAN_POINT('Ctrl Pts',(8.72607682258451,-4.4737439182226,9.60162839491213));
#6351=CARTESIAN_POINT('Ctrl Pts',(8.72607682258451,-4.4737439182226,9.));
#6352=CARTESIAN_POINT('Ctrl Pts',(9.,-6.33659921288462,22.));
#6353=CARTESIAN_POINT('Ctrl Pts',(9.,-6.33659921288462,21.3564067409335));
#6354=CARTESIAN_POINT('Ctrl Pts',(9.,-6.29240910486992,20.067663965897));
#6355=CARTESIAN_POINT('Ctrl Pts',(9.,-6.02428804513171,18.1201978680226));
#6356=CARTESIAN_POINT('Ctrl Pts',(9.,-5.44828327317153,16.2305610916396));
#6357=CARTESIAN_POINT('Ctrl Pts',(9.,-4.40689222112834,13.904297328487));
#6358=CARTESIAN_POINT('Ctrl Pts',(9.,-3.7547908200861,11.5126392880907));
#6359=CARTESIAN_POINT('Ctrl Pts',(9.,-3.68659921288462,9.62558403398354));
#6360=CARTESIAN_POINT('Ctrl Pts',(9.,-3.68659921288462,9.));
#6361=CARTESIAN_POINT('Ctrl Pts',(9.,-6.,22.));
#6362=CARTESIAN_POINT('Ctrl Pts',(9.,-6.,21.3641874562873));
#6363=CARTESIAN_POINT('Ctrl Pts',(9.,-5.95669671926119,20.094278070812));
#6364=CARTESIAN_POINT('Ctrl Pts',(9.,-5.69242379181142,18.1887703596259));
#6365=CARTESIAN_POINT('Ctrl Pts',(9.,-5.13627681084786,16.3575474833075));
#6366=CARTESIAN_POINT('Ctrl Pts',(9.,-4.09600452985242,14.0355318878573));
#6367=CARTESIAN_POINT('Ctrl Pts',(9.,-3.41592533447463,11.5557955486701));
#6368=CARTESIAN_POINT('Ctrl Pts',(9.,-3.35,9.63581254371267));
#6369=CARTESIAN_POINT('Ctrl Pts',(9.,-3.35,9.));
#6370=CARTESIAN_POINT('Ctrl Pts',(7.5,-7.5,22.));
#6371=CARTESIAN_POINT('Ctrl Pts',(7.5,-7.5,21.3294274740121));
#6372=CARTESIAN_POINT('Ctrl Pts',(7.5,-7.45278020425713,19.975734790359));
#6373=CARTESIAN_POINT('Ctrl Pts',(7.5,-7.17134410777268,17.8829175591171));
#6374=CARTESIAN_POINT('Ctrl Pts',(7.5,-6.52653918632043,15.7910219196403));
#6375=CARTESIAN_POINT('Ctrl Pts',(7.5,-5.48125047640696,13.4499163038896));
#6376=CARTESIAN_POINT('Ctrl Pts',(7.5,-4.92610582064593,11.3634285982033));
#6377=CARTESIAN_POINT('Ctrl Pts',(7.5,-4.85,9.5901171544432));
#6378=CARTESIAN_POINT('Ctrl Pts',(7.5,-4.85,9.));
#6379=CARTESIAN_POINT('Origin',(0.,-3.35,0.));
#6380=CARTESIAN_POINT('',(-6.85159093231951,-4.85,3.0505248230685));
#6381=CARTESIAN_POINT('Origin',(0.,-4.85,0.));
#6382=CARTESIAN_POINT('Origin',(-6.85159093231951,-3.35,3.0505248230685));
#6383=CARTESIAN_POINT('Origin',(0.,-3.35,0.));
#6384=CARTESIAN_POINT('Origin',(-5.17951507499537,-3.35,6.80606868737593));
#6385=CARTESIAN_POINT('',(-4.20271392101852,-4.85,9.));
#6386=CARTESIAN_POINT('Origin',(-4.20271392101852,-3.35,9.));
#6387=CARTESIAN_POINT('',(-5.17951507499537,-4.85,6.80606868737593));
#6388=CARTESIAN_POINT('Ctrl Pts',(-4.20271392101852,-4.85,9.));
#6389=CARTESIAN_POINT('Ctrl Pts',(-3.54036938651081,-4.85,10.3807338351439));
#6390=CARTESIAN_POINT('Ctrl Pts',(-2.87405832944251,-5.00407999080292,11.6923020548848));
#6391=CARTESIAN_POINT('Ctrl Pts',(-2.23658911415724,-5.40165850015623,12.9704613962455));
#6392=CARTESIAN_POINT('Ctrl Pts',(-4.4077130423364,-4.85,9.09127148927377));
#6393=CARTESIAN_POINT('Ctrl Pts',(-3.74915788284788,-4.85652393404585,10.4736746511968));
#6394=CARTESIAN_POINT('Ctrl Pts',(-3.08982832810724,-5.02255889581386,11.7859627035769));
#6395=CARTESIAN_POINT('Ctrl Pts',(-2.45902221838933,-5.42974584130528,13.0607582725078));
#6396=CARTESIAN_POINT('Ctrl Pts',(-4.81707661256668,-4.74735610248047,9.2735318934606));
#6397=CARTESIAN_POINT('Ctrl Pts',(-4.16605759024815,-4.7630188755983,10.6666132669837));
#6398=CARTESIAN_POINT('Ctrl Pts',(-3.52055743917939,-4.9474593238,11.9942700935817));
#6399=CARTESIAN_POINT('Ctrl Pts',(-2.90299720008061,-5.37182470799607,13.276445357739));
#6400=CARTESIAN_POINT('Ctrl Pts',(-5.39347413923218,-4.24561992255305,9.53016060647298));
#6401=CARTESIAN_POINT('Ctrl Pts',(-4.74795166979296,-4.26200514642495,10.9614615782589));
#6402=CARTESIAN_POINT('Ctrl Pts',(-4.11273451834299,-4.45469646363645,12.3552742245634));
#6403=CARTESIAN_POINT('Ctrl Pts',(-3.50451081001973,-4.89658567798642,13.6920821916645));
#6404=CARTESIAN_POINT('Ctrl Pts',(-5.57303210748242,-3.68659921288462,9.6101049646137));
#6405=CARTESIAN_POINT('Ctrl Pts',(-4.91972576635064,-3.69285002895509,11.0777579898294));
#6406=CARTESIAN_POINT('Ctrl Pts',(-4.26934561638728,-3.87387888119142,12.5376863580539));
#6407=CARTESIAN_POINT('Ctrl Pts',(-3.64721490317852,-4.31809383183838,13.9355612252977));
#6408=CARTESIAN_POINT('Ctrl Pts',(-5.57303210748242,-3.35,9.6101049646137));
#6409=CARTESIAN_POINT('Ctrl Pts',(-4.91068757297471,-3.35,11.0977551461125));
#6410=CARTESIAN_POINT('Ctrl Pts',(-4.24437651590641,-3.5239879045752,12.5943142831469));
#6411=CARTESIAN_POINT('Ctrl Pts',(-3.60690730062114,-3.96935074886386,14.0260935829095));
#6412=CARTESIAN_POINT('Ctrl Pts',(-4.20271392101852,-4.85,9.));
#6413=CARTESIAN_POINT('Ctrl Pts',(-3.54036938651081,-4.85,10.3807338351439));
#6414=CARTESIAN_POINT('Ctrl Pts',(-2.87405832944251,-5.00407999080292,11.6923020548848));
#6415=CARTESIAN_POINT('Ctrl Pts',(-2.23658911415724,-5.40165850015623,12.9704613962455));
#6416=CARTESIAN_POINT('Origin',(0.,-4.85,9.));
#6417=CARTESIAN_POINT('',(4.74934370397004,-4.85,9.));
#6418=CARTESIAN_POINT('',(0.,-4.85,9.));
#6419=CARTESIAN_POINT('',(5.13381096214821,-4.85,8.36399934271454));
#6420=CARTESIAN_POINT('Origin',(3.69790979023185,-4.85,7.93019313657035));
#6421=CARTESIAN_POINT('',(6.83945141308264,-4.85,7.5686461383849));
#6422=CARTESIAN_POINT('',(1.0374663743995,-4.85,10.2741561944235));
#6423=CARTESIAN_POINT('',(5.99421488960124,-4.85,5.7560305643116));
#6424=CARTESIAN_POINT('',(6.50278738411442,-4.85,6.84666779837591));
#6425=CARTESIAN_POINT('',(4.28857443866688,-4.85,6.55138376864122));
#6426=CARTESIAN_POINT('',(2.91115321202813,-4.85,7.1936858351281));
#6427=CARTESIAN_POINT('',(2.26200861831547,-4.85,7.49638693042622));
#6428=CARTESIAN_POINT('Origin',(3.69790979023185,-4.85,7.93019313657035));
#6429=CARTESIAN_POINT('',(0.556368167381212,-4.85,8.29174013475579));
#6430=CARTESIAN_POINT('',(2.91115321202813,-4.85,7.1936858351281));
#6431=CARTESIAN_POINT('',(0.88663516650841,-4.85,9.));
#6432=CARTESIAN_POINT('',(0.642322400153701,-4.85,8.47606958178349));
#6433=CARTESIAN_POINT('',(0.,-4.85,9.));
#6434=CARTESIAN_POINT('',(-2.9,-4.85,1.09544511501033));
#6435=CARTESIAN_POINT('',(-2.9,-4.85,-1.09544511501033));
#6436=CARTESIAN_POINT('',(-2.9,-4.85,4.07573593128807));
#6437=CARTESIAN_POINT('',(2.9,-4.85,1.09544511501033));
#6438=CARTESIAN_POINT('Origin',(0.,-4.85,0.));
#6439=CARTESIAN_POINT('',(2.9,-4.85,-1.09544511501033));
#6440=CARTESIAN_POINT('',(2.9,-4.85,4.92426406871193));
#6441=CARTESIAN_POINT('Origin',(0.,-4.85,0.));
#6442=CARTESIAN_POINT('Ctrl Pts',(-23.,-7.5,22.));
#6443=CARTESIAN_POINT('Ctrl Pts',(23.,-7.5,22.));
#6444=CARTESIAN_POINT('Ctrl Pts',(-23.,-7.5,14.85));
#6445=CARTESIAN_POINT('Ctrl Pts',(23.,-7.5,14.85));
#6446=CARTESIAN_POINT('Ctrl Pts',(-23.,-4.85,14.85));
#6447=CARTESIAN_POINT('Ctrl Pts',(23.,-4.85,14.85));
#6448=CARTESIAN_POINT('Ctrl Pts',(-23.,-4.85,9.));
#6449=CARTESIAN_POINT('Ctrl Pts',(23.,-4.85,9.));
#6450=CARTESIAN_POINT('',(1.4016046908626,-4.88431226406005,10.1043557088291));
#6451=CARTESIAN_POINT('Ctrl Pts',(0.886635166508412,-4.85,9.));
#6452=CARTESIAN_POINT('Ctrl Pts',(1.00069960392793,-4.85,9.24461197543018));
#6453=CARTESIAN_POINT('Ctrl Pts',(1.11512255512985,-4.8546309995105,9.49001068389292));
#6454=CARTESIAN_POINT('Ctrl Pts',(1.22951556351337,-4.86477364398676,9.73532553986767));
#6455=CARTESIAN_POINT('Ctrl Pts',(1.28690248948375,-4.86986184995256,9.85839132577705));
#6456=CARTESIAN_POINT('Ctrl Pts',(1.3442818798229,-4.8763376153773,9.98143592298148));
#6457=CARTESIAN_POINT('Ctrl Pts',(1.40160469086261,-4.88431226405749,10.1043557087897));
#6458=CARTESIAN_POINT('',(3.10724514322868,-4.85252357052892,9.3090025046048));
#6459=CARTESIAN_POINT('Ctrl Pts',(1.40160469086261,-4.88431226405994,10.1043557088274));
#6460=CARTESIAN_POINT('Ctrl Pts',(1.84203240256653,-4.87098876269478,9.89898967959732));
#6461=CARTESIAN_POINT('Ctrl Pts',(2.28323526846866,-4.86184895338513,9.69325700169821));
#6462=CARTESIAN_POINT('Ctrl Pts',(2.72407193209811,-4.85637363763058,9.48768530240839));
#6463=CARTESIAN_POINT('Ctrl Pts',(2.85183635757968,-4.8547867674144,9.42810597922145));
#6464=CARTESIAN_POINT('Ctrl Pts',(2.9795700231191,-4.85350764327988,9.36854054562183));
#6465=CARTESIAN_POINT('Ctrl Pts',(3.10724514322868,-4.8525235705184,9.30900250460308));
#6466=CARTESIAN_POINT('Ctrl Pts',(3.10724514352474,-4.85252357052892,9.30900250523969));
#6467=CARTESIAN_POINT('Ctrl Pts',(3.11642307248069,-4.85258855567725,9.31293421493608));
#6468=CARTESIAN_POINT('Ctrl Pts',(3.12564429232669,-4.85265333905196,9.31677601488714));
#6469=CARTESIAN_POINT('Ctrl Pts',(3.31906533524932,-4.8539979928697,9.39509998753288));
#6470=CARTESIAN_POINT('Ctrl Pts',(3.51622173158583,-4.85498762614817,9.43234815697407));
#6471=CARTESIAN_POINT('Ctrl Pts',(3.90884902078754,-4.85488382433664,9.42789925283111));
#6472=CARTESIAN_POINT('Ctrl Pts',(4.10053027840167,-4.8538478435986,9.38810633531859));
#6473=CARTESIAN_POINT('Ctrl Pts',(4.45438391707057,-4.85135622940952,9.23932093543928));
#6474=CARTESIAN_POINT('Ctrl Pts',(4.6138927956789,-4.85,9.13312466342511));
#6475=CARTESIAN_POINT('Ctrl Pts',(4.74934370397004,-4.85,9.));
#6476=CARTESIAN_POINT('',(-2.58337316204561,-7.5,21.9999999999997));
#6477=CARTESIAN_POINT('',(1.08026661629805,-7.5,22.));
#6478=CARTESIAN_POINT('Ctrl Pts',(-2.21190853241345,-6.54508218502523,15.9593043128604));
#6479=CARTESIAN_POINT('Ctrl Pts',(-2.17605383632388,-6.84721160805934,16.7838986979166));
#6480=CARTESIAN_POINT('Ctrl Pts',(-2.1765700092763,-7.40245409943082,18.8773598505619));
#6481=CARTESIAN_POINT('Ctrl Pts',(-2.39416428645483,-7.49999999999998,20.8851818729386));
#6482=CARTESIAN_POINT('Ctrl Pts',(-2.58337316204561,-7.5,21.9999999999994));
#6483=CARTESIAN_POINT('Origin',(2.1605332325961,-7.5,20.4382623085101));
#6484=CARTESIAN_POINT('',(-2.8530731580309,-7.5,23.3164622855145));
#6485=CARTESIAN_POINT('Origin',(0.999999999999999,-7.5,32.));
#6486=CARTESIAN_POINT('Ctrl Pts',(-2.58337316204563,-7.5,21.9999999999996));
#6487=CARTESIAN_POINT('Ctrl Pts',(-2.66230787529854,-7.5,22.4409749181387));
#6488=CARTESIAN_POINT('Ctrl Pts',(-2.75242675062829,-7.5,22.8799250291967));
#6489=CARTESIAN_POINT('Ctrl Pts',(-2.85309076601169,-7.5,23.316458225136));
#6490=CARTESIAN_POINT('Ctrl Pts',(-2.21190853241345,-6.54508218502523,15.9593043128604));
#6491=CARTESIAN_POINT('Ctrl Pts',(-2.17605383632388,-6.84721160805934,16.7838986979166));
#6492=CARTESIAN_POINT('Ctrl Pts',(-2.1765700092763,-7.40245409943082,18.8773598505619));
#6493=CARTESIAN_POINT('Ctrl Pts',(-2.39416428645483,-7.49999999999998,20.8851818729386));
#6494=CARTESIAN_POINT('Ctrl Pts',(-2.58337316204561,-7.5,21.9999999999994));
#6495=CARTESIAN_POINT('Ctrl Pts',(-2.66490528491556,-6.55200367947758,15.9781949770145));
#6496=CARTESIAN_POINT('Ctrl Pts',(-2.62580440258829,-6.84849803912396,16.7906565900728));
#6497=CARTESIAN_POINT('Ctrl Pts',(-2.6207848677584,-7.39515395029172,18.8513670207008));
#6498=CARTESIAN_POINT('Ctrl Pts',(-2.83720415649357,-7.49685872990134,20.8242219872459));
#6499=CARTESIAN_POINT('Ctrl Pts',(-3.02515038674155,-7.5,21.9209216735037));
#6500=CARTESIAN_POINT('Ctrl Pts',(-3.44915750011008,-6.20295541309772,16.1431804528026));
#6501=CARTESIAN_POINT('Ctrl Pts',(-3.40498999821209,-6.49008871812125,16.9145956449788));
#6502=CARTESIAN_POINT('Ctrl Pts',(-3.3908985096201,-7.01492167764982,18.8520027621028));
#6503=CARTESIAN_POINT('Ctrl Pts',(-3.60478145746336,-7.1189537146194,20.7334011427632));
#6504=CARTESIAN_POINT('Ctrl Pts',(-3.79031267041652,-7.12379926805119,21.7839572726514));
#6505=CARTESIAN_POINT('Ctrl Pts',(-3.71575580880179,-5.45601060475281,16.4294693183172));
#6506=CARTESIAN_POINT('Ctrl Pts',(-3.67763598601817,-5.73658124360923,17.1549093725566));
#6507=CARTESIAN_POINT('Ctrl Pts',(-3.67155421317488,-6.23590435652905,18.9344667119494));
#6508=CARTESIAN_POINT('Ctrl Pts',(-3.87913048702815,-6.33516016029074,20.7259369404007));
#6509=CARTESIAN_POINT('Ctrl Pts',(-4.05990477221695,-6.33659921288462,21.7357001623816));
#6510=CARTESIAN_POINT('Ctrl Pts',(-3.71023338510237,-5.13664527577395,16.5462228060111));
#6511=CARTESIAN_POINT('Ctrl Pts',(-3.67665838793126,-5.41438553241156,17.256055704102));
#6512=CARTESIAN_POINT('Ctrl Pts',(-3.67704427524682,-5.9027727497404,18.9769836731754));
#6513=CARTESIAN_POINT('Ctrl Pts',(-3.88139120817988,-5.99999999999998,20.7384202452968));
#6514=CARTESIAN_POINT('Ctrl Pts',(-4.05990477221695,-6.,21.7357001623816));
#6515=CARTESIAN_POINT('Origin',(-2.58337316204561,-6.,21.9999999999995));
#6516=CARTESIAN_POINT('Ctrl Pts',(-2.58337316204563,-7.5,21.9999999999996));
#6517=CARTESIAN_POINT('Ctrl Pts',(-2.75226965755578,-7.5,22.9435534153764));
#6518=CARTESIAN_POINT('Ctrl Pts',(-2.9723707152928,-7.5,23.8778366360381));
#6519=CARTESIAN_POINT('Ctrl Pts',(-3.23741634533513,-7.5,24.7990084917658));
#6520=CARTESIAN_POINT('Ctrl Pts',(-3.02515038674158,-7.5,21.9209216735038));
#6521=CARTESIAN_POINT('Ctrl Pts',(-3.19117763884124,-7.5,22.8484458372888));
#6522=CARTESIAN_POINT('Ctrl Pts',(-3.40772227420754,-7.5,23.7678179253123));
#6523=CARTESIAN_POINT('Ctrl Pts',(-3.66871727985616,-7.5,24.6749117478008));
#6524=CARTESIAN_POINT('Ctrl Pts',(-3.79028188523638,-7.12376172361696,21.7839627832129));
#6525=CARTESIAN_POINT('Ctrl Pts',(-3.95138105078159,-7.12376172361696,22.683955807967));
#6526=CARTESIAN_POINT('Ctrl Pts',(-4.1616666448895,-7.12376172361696,23.5770696641807));
#6527=CARTESIAN_POINT('Ctrl Pts',(-4.41570447585615,-7.12376172361696,24.4599836746445));
#6528=CARTESIAN_POINT('Ctrl Pts',(-4.05990477221697,-6.33659921288462,21.7357001623817));
#6529=CARTESIAN_POINT('Ctrl Pts',(-4.21924681055467,-6.33659921288462,22.6258768592546));
#6530=CARTESIAN_POINT('Ctrl Pts',(-4.42737630980983,-6.33659921288462,23.5099530666383));
#6531=CARTESIAN_POINT('Ctrl Pts',(-4.6789335348078,-6.33659921288462,24.3842456770695));
#6532=CARTESIAN_POINT('Ctrl Pts',(-4.05990477221697,-6.,21.7357001623817));
#6533=CARTESIAN_POINT('Ctrl Pts',(-4.21925414350173,-6.,22.625917825334));
#6534=CARTESIAN_POINT('Ctrl Pts',(-4.42736595759847,-6.,23.5099170873024));
#6535=CARTESIAN_POINT('Ctrl Pts',(-4.6789335348078,-6.,24.3842456770695));
#6536=CARTESIAN_POINT('Ctrl Pts',(-4.6789335348078,-6.,24.3842456770695));
#6537=CARTESIAN_POINT('Ctrl Pts',(-4.6789335348078,-6.12049975889527,24.3842456770695));
#6538=CARTESIAN_POINT('Ctrl Pts',(-4.6597416196283,-6.23758605917139,24.369845604188));
#6539=CARTESIAN_POINT('Ctrl Pts',(-4.58165000580309,-6.48499977531451,24.3124784815045));
#6540=CARTESIAN_POINT('Ctrl Pts',(-4.51677309610807,-6.60873841373533,24.2653907017125));
#6541=CARTESIAN_POINT('Ctrl Pts',(-4.32958085674957,-6.87461622253899,24.134669493504));
#6542=CARTESIAN_POINT('Ctrl Pts',(-4.18680789624759,-7.01467698718667,24.0384767368709));
#6543=CARTESIAN_POINT('Ctrl Pts',(-3.85090370870055,-7.25052782787997,23.8294326327793));
#6544=CARTESIAN_POINT('Ctrl Pts',(-3.66249550830535,-7.34241292560708,23.719837775474));
#6545=CARTESIAN_POINT('Ctrl Pts',(-3.26999493351164,-7.46635363524383,23.5108265236444));
#6546=CARTESIAN_POINT('Ctrl Pts',(-3.06295532031685,-7.5,23.4095915321947));
#6547=CARTESIAN_POINT('Ctrl Pts',(-2.8530731580324,-7.5,23.3164622855169));
#6548=CARTESIAN_POINT('Ctrl Pts',(2.35890209159274,-3.8357947049995,8.5545826807743));
#6549=CARTESIAN_POINT('Ctrl Pts',(1.89044417613395,-4.15884852992476,8.77302819427604));
#6550=CARTESIAN_POINT('Ctrl Pts',(1.42198626067517,-4.48190235485002,8.99147370777779));
#6551=CARTESIAN_POINT('Ctrl Pts',(0.953528345216383,-4.80495617977528,9.20991922127954));
#6552=CARTESIAN_POINT('Ctrl Pts',(2.48534917981726,-3.8357947049995,8.82574933655006));
#6553=CARTESIAN_POINT('Ctrl Pts',(2.01689126435847,-4.15884852992476,9.04419485005181));
#6554=CARTESIAN_POINT('Ctrl Pts',(1.54843334889968,-4.48190235485002,9.26264036355356));
#6555=CARTESIAN_POINT('Ctrl Pts',(1.0799754334409,-4.80495617977528,9.48108587705531));
#6556=CARTESIAN_POINT('Ctrl Pts',(2.82489748131094,-4.04862999652571,9.23915601660052));
#6557=CARTESIAN_POINT('Ctrl Pts',(2.35643956585215,-4.37168382145097,9.45760153010227));
#6558=CARTESIAN_POINT('Ctrl Pts',(1.88798165039337,-4.69473764637623,9.67604704360402));
#6559=CARTESIAN_POINT('Ctrl Pts',(1.41952373493459,-5.01779147130149,9.89449255710577));
#6560=CARTESIAN_POINT('Ctrl Pts',(3.15407398968545,-4.49350263456752,9.2871658541065));
#6561=CARTESIAN_POINT('Ctrl Pts',(2.68561607422667,-4.81655645949277,9.50561136760825));
#6562=CARTESIAN_POINT('Ctrl Pts',(2.21715815876788,-5.13961028441804,9.72405688111));
#6563=CARTESIAN_POINT('Ctrl Pts',(1.7487002433091,-5.4626641093433,9.94250239461175));
#6564=CARTESIAN_POINT('Ctrl Pts',(3.26186251977947,-4.68379300900459,9.23690323706239));
#6565=CARTESIAN_POINT('Ctrl Pts',(2.79340460432069,-5.00684683392984,9.45534875056414));
#6566=CARTESIAN_POINT('Ctrl Pts',(2.32494668886191,-5.32990065885511,9.67379426406589));
#6567=CARTESIAN_POINT('Ctrl Pts',(1.85648877340313,-5.65295448378037,9.89223977756764));
#6568=CARTESIAN_POINT('',(0.978986429121913,-4.78739999999999,9.19804792179245));
#6569=CARTESIAN_POINT('',(1.11474546575237,-4.8499,9.48918411536818));
#6570=CARTESIAN_POINT('Ctrl Pts',(0.978986429121909,-4.7874,9.19804792179244));
#6571=CARTESIAN_POINT('Ctrl Pts',(0.996577775043292,-4.7874,9.23577268486193));
#6572=CARTESIAN_POINT('Ctrl Pts',(1.01411792536944,-4.79061041182715,9.27316874378074));
#6573=CARTESIAN_POINT('Ctrl Pts',(1.03146211277534,-4.79681189442638,9.31008813822702));
#6574=CARTESIAN_POINT('Ctrl Pts',(1.04965116517235,-4.80331546183468,9.3488059394323));
#6575=CARTESIAN_POINT('Ctrl Pts',(1.06762506951709,-4.81310866165705,9.38700020829164));
#6576=CARTESIAN_POINT('Ctrl Pts',(1.08524863869515,-4.82598680601885,9.42449703105309));
#6577=CARTESIAN_POINT('Ctrl Pts',(1.09536062949291,-4.83337598331677,9.44601182881499));
#6578=CARTESIAN_POINT('Ctrl Pts',(1.10535782984069,-4.84178165683456,9.46729689626629));
#6579=CARTESIAN_POINT('Ctrl Pts',(1.11521830509399,-4.85117164808085,9.48831751279474));
#6580=CARTESIAN_POINT('',(2.33844810967689,-3.8499,8.56412052918143));
#6581=CARTESIAN_POINT('Ctrl Pts',(2.33844810967689,-3.8499,8.56412052918143));
#6582=CARTESIAN_POINT('Ctrl Pts',(1.88529421615856,-4.1624,8.77542966005177));
#6583=CARTESIAN_POINT('Ctrl Pts',(1.43214032264024,-4.4749,8.98673879092211));
#6584=CARTESIAN_POINT('Ctrl Pts',(0.978986429121913,-4.78739999999999,9.19804792179245));
#6585=CARTESIAN_POINT('',(3.10724514179689,-4.79041888447574,9.30900250449951));
#6586=CARTESIAN_POINT('Ctrl Pts',(2.33844810967689,-3.8499,8.56412052918142));
#6587=CARTESIAN_POINT('Ctrl Pts',(2.39284982879237,-3.8499,8.68078539231219));
#6588=CARTESIAN_POINT('Ctrl Pts',(2.46195613041142,-3.86861769469518,8.78899201306896));
#6589=CARTESIAN_POINT('Ctrl Pts',(2.62190723070777,-3.94551754144254,8.98317108253456));
#6590=CARTESIAN_POINT('Ctrl Pts',(2.7092975062224,-4.00355841160744,9.06289412115635));
#6591=CARTESIAN_POINT('Ctrl Pts',(2.86606598793684,-4.14696121425452,9.1820224870523));
#6592=CARTESIAN_POINT('Ctrl Pts',(2.93705172251396,-4.2310860665341,9.22442073111941));
#6593=CARTESIAN_POINT('Ctrl Pts',(3.02918238008463,-4.39686090200433,9.27352606932673));
#6594=CARTESIAN_POINT('Ctrl Pts',(3.05777667317301,-4.4677272330667,9.28691074319237));
#6595=CARTESIAN_POINT('Ctrl Pts',(3.09785477595633,-4.62380422817817,9.30512988451519));
#6596=CARTESIAN_POINT('Ctrl Pts',(3.10724514179689,-4.70664357059542,9.30900250449951));
#6597=CARTESIAN_POINT('Ctrl Pts',(3.10724514179689,-4.79041888447574,9.30900250449951));
#6598=CARTESIAN_POINT('',(3.02099202470688,-4.8499,9.34922299353832));
#6599=CARTESIAN_POINT('Ctrl Pts',(3.1072451417969,-4.79041888447574,9.30900250449951));
#6600=CARTESIAN_POINT('Ctrl Pts',(3.07849410276689,-4.81024592298383,9.32240933417911));
#6601=CARTESIAN_POINT('Ctrl Pts',(3.04974306373689,-4.83007296149191,9.33581616385871));
#6602=CARTESIAN_POINT('Ctrl Pts',(3.02099202470688,-4.8499,9.34922299353832));
#6603=CARTESIAN_POINT('Ctrl Pts',(3.02099202470688,-4.8499,9.34922299353832));
#6604=CARTESIAN_POINT('Ctrl Pts',(2.78708360935222,-4.8499,9.4582962789251));
#6605=CARTESIAN_POINT('Ctrl Pts',(2.53619777061609,-4.8499,9.54431879010445));
#6606=CARTESIAN_POINT('Ctrl Pts',(2.02716530797981,-4.8499,9.64906796366166));
#6607=CARTESIAN_POINT('Ctrl Pts',(1.78391912488753,-4.8499,9.66322501690467));
#6608=CARTESIAN_POINT('Ctrl Pts',(1.40559265339403,-4.8499,9.61782558333534));
#6609=CARTESIAN_POINT('Ctrl Pts',(1.26176456676607,-4.84990000000545,9.57394548704641));
#6610=CARTESIAN_POINT('Ctrl Pts',(1.13552534730322,-4.84990000000544,9.50200996107528));
#6611=CARTESIAN_POINT('Ctrl Pts',(1.12505239966597,-4.8499,9.49572000582157));
#6612=CARTESIAN_POINT('Ctrl Pts',(1.11474546575237,-4.8499,9.48918411536818));
#6613=CARTESIAN_POINT('Origin',(0.556368167381211,-4.85,8.29174013475579));
#6614=CARTESIAN_POINT('',(1.4016046908626,-4.8499,10.1043557088291));
#6615=CARTESIAN_POINT('',(1.19029555999226,-4.8499,9.65120181531078));
#6616=CARTESIAN_POINT('',(1.4016046908626,-4.85,10.1043557088291));
#6617=CARTESIAN_POINT('',(0.556368167381212,-4.8499,8.29174013475579));
#6618=CARTESIAN_POINT('',(0.556368167381212,-4.85,8.29174013475579));
#6619=CARTESIAN_POINT('',(0.843227392491451,-4.8499,8.90691172821672));
#6620=CARTESIAN_POINT('',(0.767677298251564,-4.8499,8.74489402827413));
#6621=CARTESIAN_POINT('Ctrl Pts',(0.844189463054885,-4.8511667350749,8.90710155111072));
#6622=CARTESIAN_POINT('Ctrl Pts',(0.860660163561395,-4.83533001208311,8.94263254694275));
#6623=CARTESIAN_POINT('Ctrl Pts',(0.877517301911142,-4.8222318237598,8.97908089210808));
#6624=CARTESIAN_POINT('Ctrl Pts',(0.894710935683028,-4.81210090394174,9.01626563308077));
#6625=CARTESIAN_POINT('Ctrl Pts',(0.898415392208068,-4.80991814533919,9.02427727612003));
#6626=CARTESIAN_POINT('Ctrl Pts',(0.902135543271716,-4.8078732889453,9.03232302726793));
#6627=CARTESIAN_POINT('Ctrl Pts',(0.905871009840826,-4.80596889146998,9.04040093723082));
#6628=CARTESIAN_POINT('Ctrl Pts',(0.923544900219182,-4.79695847427228,9.07862055251289));
#6629=CARTESIAN_POINT('Ctrl Pts',(0.94144276441892,-4.79114871413885,9.11730918994009));
#6630=CARTESIAN_POINT('Ctrl Pts',(0.959528703466783,-4.78871104738209,9.15623889604752));
#6631=CARTESIAN_POINT('Ctrl Pts',(0.965990687355392,-4.78784008551131,9.17014821714988));
#6632=CARTESIAN_POINT('Ctrl Pts',(0.972476901868238,-4.78739999999999,9.1840881955477));
#6633=CARTESIAN_POINT('Ctrl Pts',(0.978986429121913,-4.78739999999999,9.19804792179245));
#6634=CARTESIAN_POINT('Ctrl Pts',(0.953528345216385,-4.80495617977528,9.20991922127955));
#6635=CARTESIAN_POINT('Ctrl Pts',(1.42208427946024,-4.48183475999809,8.99142800086768));
#6636=CARTESIAN_POINT('Ctrl Pts',(1.89064021370409,-4.1587133402209,8.77293678045581));
#6637=CARTESIAN_POINT('Ctrl Pts',(2.35919614794795,-3.83559192044371,8.55444556004394));
#6638=CARTESIAN_POINT('Ctrl Pts',(0.827081256991865,-4.80495617977528,8.93875256550378));
#6639=CARTESIAN_POINT('Ctrl Pts',(1.29563719123572,-4.48183475999809,8.72026134509191));
#6640=CARTESIAN_POINT('Ctrl Pts',(1.76419312547957,-4.15871334022089,8.50177012468004));
#6641=CARTESIAN_POINT('Ctrl Pts',(2.23274905972343,-3.8355919204437,8.28327890426817));
#6642=CARTESIAN_POINT('Ctrl Pts',(0.728616824535017,-5.01776228629532,8.41288106733086));
#6643=CARTESIAN_POINT('Ctrl Pts',(1.19717275877887,-4.69464086651812,8.19438984691899));
#6644=CARTESIAN_POINT('Ctrl Pts',(1.66572869302272,-4.37151944674093,7.97589862650712));
#6645=CARTESIAN_POINT('Ctrl Pts',(2.13428462726657,-4.04839802696374,7.75740740609525));
#6646=CARTESIAN_POINT('Ctrl Pts',(0.903463719827721,-5.4626641093433,8.12988682053845));
#6647=CARTESIAN_POINT('Ctrl Pts',(1.37201965407157,-5.13954268956611,7.91139560012658));
#6648=CARTESIAN_POINT('Ctrl Pts',(1.84057558831543,-4.81642126978891,7.6929043797147));
#6649=CARTESIAN_POINT('Ctrl Pts',(2.30913152255928,-4.49329985001172,7.47441315930283));
#6650=CARTESIAN_POINT('Ctrl Pts',(1.01125224992174,-5.65295448378037,8.07962420349434));
#6651=CARTESIAN_POINT('Ctrl Pts',(1.4798081841656,-5.32983306400318,7.86113298308247));
#6652=CARTESIAN_POINT('Ctrl Pts',(1.94836411840945,-5.00671164422598,7.64264176267059));
#6653=CARTESIAN_POINT('Ctrl Pts',(2.4169200526533,-4.68359022444879,7.42415054225872));
#6654=CARTESIAN_POINT('',(2.1757555012255,-4.8499,7.53660741946502));
#6655=CARTESIAN_POINT('Ctrl Pts',(0.84322739249145,-4.8499,8.90691172821672));
#6656=CARTESIAN_POINT('Ctrl Pts',(0.848643672727674,-4.8499,8.8664273187838));
#6657=CARTESIAN_POINT('Ctrl Pts',(0.857363537982434,-4.8498999999999,8.82630894434394));
#6658=CARTESIAN_POINT('Ctrl Pts',(0.904395880480904,-4.8498999999999,8.66293790353905));
#6659=CARTESIAN_POINT('Ctrl Pts',(0.966547221704681,-4.84989999997192,8.54421837640844));
#6660=CARTESIAN_POINT('Ctrl Pts',(1.15658924218627,-4.84989999997192,8.26440294354351));
#6661=CARTESIAN_POINT('Ctrl Pts',(1.32039613861141,-4.8499,8.09382417011109));
#6662=CARTESIAN_POINT('Ctrl Pts',(1.71980694442023,-4.8499,7.77950181226059));
#6663=CARTESIAN_POINT('Ctrl Pts',(1.94445005815903,-4.8499,7.64446691893984));
#6664=CARTESIAN_POINT('Ctrl Pts',(2.1757555012255,-4.8499,7.53660741946502));
#6665=CARTESIAN_POINT('',(2.26200861831547,-4.79041888447578,7.49638693042623));
#6666=CARTESIAN_POINT('Ctrl Pts',(2.1757555012255,-4.8499,7.53660741946501));
#6667=CARTESIAN_POINT('Ctrl Pts',(2.20450654025549,-4.83007296149192,7.52320058978542));
#6668=CARTESIAN_POINT('Ctrl Pts',(2.23325757928548,-4.81024592298385,7.50979376010582));
#6669=CARTESIAN_POINT('Ctrl Pts',(2.26200861831547,-4.79041888447578,7.49638693042623));
#6670=CARTESIAN_POINT('',(2.19790979023185,-4.02928983261533,7.93019313658024));
#6671=CARTESIAN_POINT('Ctrl Pts',(2.26200861831547,-4.79041888447578,7.49638693042623));
#6672=CARTESIAN_POINT('Ctrl Pts',(2.26200861831547,-4.67315360227744,7.49638693042623));
#6673=CARTESIAN_POINT('Ctrl Pts',(2.25573315132755,-4.55919016764546,7.51527951956244));
#6674=CARTESIAN_POINT('Ctrl Pts',(2.23477745809132,-4.35597339032105,7.59730415410408));
#6675=CARTESIAN_POINT('Ctrl Pts',(2.22209062433659,-4.27102231773113,7.65279757254987));
#6676=CARTESIAN_POINT('Ctrl Pts',(2.20382119308376,-4.1314939837938,7.78364052430608));
#6677=CARTESIAN_POINT('Ctrl Pts',(2.19790979023085,-4.07595782009689,7.85392531403696));
#6678=CARTESIAN_POINT('Ctrl Pts',(2.19790979023185,-4.02928983261533,7.93019313659013));
#6679=CARTESIAN_POINT('Ctrl Pts',(2.19790979023185,-4.02928983261533,7.93019313659013));
#6680=CARTESIAN_POINT('Ctrl Pts',(2.19790979023214,-4.0160479748841,7.95183383099803));
#6681=CARTESIAN_POINT('Ctrl Pts',(2.19837871096507,-4.00352383282779,7.97395851312785));
#6682=CARTESIAN_POINT('Ctrl Pts',(2.20336774136362,-3.9444358392209,8.08671983187916));
#6683=CARTESIAN_POINT('Ctrl Pts',(2.21590903611716,-3.90912920697723,8.18227330937279));
#6684=CARTESIAN_POINT('Ctrl Pts',(2.26206707460491,-3.86171211388503,8.37538587201207));
#6685=CARTESIAN_POINT('Ctrl Pts',(2.29532494278303,-3.8499,8.47164259934326));
#6686=CARTESIAN_POINT('Ctrl Pts',(2.33844810967689,-3.8499,8.56412052918143));
#6687=CARTESIAN_POINT('Origin',(5.99421488960124,-4.85,5.7560305643116));
#6688=CARTESIAN_POINT('',(1.91582984793622,-4.8499,7.65781274214474));
#6689=CARTESIAN_POINT('',(2.26200861831547,-4.85,7.49638693042622));
#6690=CARTESIAN_POINT('Ctrl Pts',(6.44229123524744,-4.80495617977534,6.65046705186117));
#6691=CARTESIAN_POINT('Ctrl Pts',(5.97329582688054,-4.48153169372107,6.86916320242218));
#6692=CARTESIAN_POINT('Ctrl Pts',(5.50430041851364,-4.1581072076668,7.08785935298319));
#6693=CARTESIAN_POINT('Ctrl Pts',(5.03530501014675,-3.83468272161253,7.30655550354421));
#6694=CARTESIAN_POINT('Ctrl Pts',(6.56873832347196,-4.80495617977534,6.92163370763694));
#6695=CARTESIAN_POINT('Ctrl Pts',(6.09974291510506,-4.48153169372107,7.14032985819795));
#6696=CARTESIAN_POINT('Ctrl Pts',(5.63074750673816,-4.1581072076668,7.35902600875896));
#6697=CARTESIAN_POINT('Ctrl Pts',(5.16175209837126,-3.83468272161254,7.57772215931998));
#6698=CARTESIAN_POINT('Ctrl Pts',(6.66714031789732,-5.01781590796053,7.44745060681234));
#6699=CARTESIAN_POINT('Ctrl Pts',(6.19814490953042,-4.69439142190626,7.66614675737335));
#6700=CARTESIAN_POINT('Ctrl Pts',(5.72914950116353,-4.37096693585199,7.88484290793436));
#6701=CARTESIAN_POINT('Ctrl Pts',(5.26015409279663,-4.04754244979773,8.10353905849537));
#6702=CARTESIAN_POINT('Ctrl Pts',(6.4923558606361,-5.46266410934336,7.73049945260226));
#6703=CARTESIAN_POINT('Ctrl Pts',(6.0233604522692,-5.13923962328909,7.94919560316327));
#6704=CARTESIAN_POINT('Ctrl Pts',(5.5543650439023,-4.81581513723482,8.16789175372428));
#6705=CARTESIAN_POINT('Ctrl Pts',(5.0853696355354,-4.49239065118055,8.38658790428529));
#6706=CARTESIAN_POINT('Ctrl Pts',(6.38456733054207,-5.65295448378043,7.78076206964637));
#6707=CARTESIAN_POINT('Ctrl Pts',(5.91557192217517,-5.32952999772616,7.99945822020738));
#6708=CARTESIAN_POINT('Ctrl Pts',(5.44657651380828,-5.00610551167189,8.21815437076839));
#6709=CARTESIAN_POINT('Ctrl Pts',(4.97758110544138,-4.68268102561762,8.4368505213294));
#6710=CARTESIAN_POINT('',(6.55259218797231,-4.8499,6.95347454492379));
#6711=CARTESIAN_POINT('',(6.41683315134195,-4.78740000000008,6.66233835134825));
#6712=CARTESIAN_POINT('Ctrl Pts',(6.55161960658637,-4.8511757617497,6.95327553083078));
#6713=CARTESIAN_POINT('Ctrl Pts',(6.5351512186365,-4.83533726678852,6.91774670435412));
#6714=CARTESIAN_POINT('Ctrl Pts',(6.51829637943654,-4.82223750230247,6.8813006877285));
#6715=CARTESIAN_POINT('Ctrl Pts',(6.50110483336765,-4.81210524895107,6.84411826193821));
#6716=CARTESIAN_POINT('Ctrl Pts',(6.4973770701324,-4.80990820155451,6.83605573636297));
#6717=CARTESIAN_POINT('Ctrl Pts',(6.49363340041205,-4.80785084228488,6.82795866289998));
#6718=CARTESIAN_POINT('Ctrl Pts',(6.48987420827704,-4.80593577819129,6.81982902674328));
#6719=CARTESIAN_POINT('Ctrl Pts',(6.47220218363914,-4.79693303009288,6.78161147220007));
#6720=CARTESIAN_POINT('Ctrl Pts',(6.45430590718633,-4.79113121149368,6.74292499981823));
#6721=CARTESIAN_POINT('Ctrl Pts',(6.43622101589473,-4.78870191712177,6.7039973486988));
#6722=CARTESIAN_POINT('Ctrl Pts',(6.42978222401496,-4.78783701168092,6.69013787672936));
#6723=CARTESIAN_POINT('Ctrl Pts',(6.42331930360447,-4.78740000000008,6.67624794976271));
#6724=CARTESIAN_POINT('Ctrl Pts',(6.41683315134194,-4.78740000000008,6.66233835134825));
#6725=CARTESIAN_POINT('',(5.22006407923823,-4.8499,8.32377885367573));
#6726=CARTESIAN_POINT('Ctrl Pts',(6.55259218797231,-4.8499,6.95347454492379));
#6727=CARTESIAN_POINT('Ctrl Pts',(6.54714364499723,-4.8499,6.99420010471691));
#6728=CARTESIAN_POINT('Ctrl Pts',(6.53835201990887,-4.84989999999997,7.03455537978605));
#6729=CARTESIAN_POINT('Ctrl Pts',(6.49091071549651,-4.84989999999997,7.19885799671473));
#6730=CARTESIAN_POINT('Ctrl Pts',(6.42816967766326,-4.84989999999042,7.31822102520124));
#6731=CARTESIAN_POINT('Ctrl Pts',(6.23707889465363,-4.84989999999042,7.59844926141848));
#6732=CARTESIAN_POINT('Ctrl Pts',(6.07296686933826,-4.8499,7.76886051607462));
#6733=CARTESIAN_POINT('Ctrl Pts',(5.67404610765222,-4.8499,8.08206257336216));
#6734=CARTESIAN_POINT('Ctrl Pts',(5.45037015574911,-4.8499,8.21638536647908));
#6735=CARTESIAN_POINT('Ctrl Pts',(5.22006407923823,-4.8499,8.32377885367573));
#6736=CARTESIAN_POINT('',(5.13381096214821,-4.79041888447574,8.36399934271455));
#6737=CARTESIAN_POINT('Ctrl Pts',(5.22006407923823,-4.8499,8.32377885367573));
#6738=CARTESIAN_POINT('Ctrl Pts',(5.19131304020822,-4.83007296149191,8.33718568335534));
#6739=CARTESIAN_POINT('Ctrl Pts',(5.16256200117822,-4.81024592298383,8.35059251303494));
#6740=CARTESIAN_POINT('Ctrl Pts',(5.13381096214821,-4.79041888447574,8.36399934271455));
#6741=CARTESIAN_POINT('',(5.05737147078685,-3.8499,7.29626574395935));
#6742=CARTESIAN_POINT('Ctrl Pts',(5.13381096214821,-4.79041888447574,8.36399934271455));
#6743=CARTESIAN_POINT('Ctrl Pts',(5.13381096214821,-4.67312702221124,8.36399934271455));
#6744=CARTESIAN_POINT('Ctrl Pts',(5.14008950800778,-4.55913978940441,8.34509825858542));
#6745=CARTESIAN_POINT('Ctrl Pts',(5.16104118412406,-4.35600054831279,8.26308266182363));
#6746=CARTESIAN_POINT('Ctrl Pts',(5.17371293334285,-4.27112647993972,8.20765181627993));
#6747=CARTESIAN_POINT('Ctrl Pts',(5.19439214872959,-4.11323252692237,8.05965959214352));
#6748=CARTESIAN_POINT('Ctrl Pts',(5.20094705847534,-4.04529346110789,7.96607713874039));
#6749=CARTESIAN_POINT('Ctrl Pts',(5.19247763593983,-3.94452606539255,7.77389357363105));
#6750=CARTESIAN_POINT('Ctrl Pts',(5.17994473618783,-3.9091849841538,7.67829516078016));
#6751=CARTESIAN_POINT('Ctrl Pts',(5.13378315236468,-3.86172300422523,7.48508958477845));
#6752=CARTESIAN_POINT('Ctrl Pts',(5.1005146661346,-3.8499,7.3887866249555));
#6753=CARTESIAN_POINT('Ctrl Pts',(5.05737147078685,-3.8499,7.29626574395935));
#6754=CARTESIAN_POINT('Ctrl Pts',(6.41683315134194,-4.78740000000008,6.66233835134825));
#6755=CARTESIAN_POINT('Ctrl Pts',(5.96367925782358,-4.47490000000005,6.87364748221862));
#6756=CARTESIAN_POINT('Ctrl Pts',(5.51052536430522,-4.16240000000002,7.08495661308898));
#6757=CARTESIAN_POINT('Ctrl Pts',(5.05737147078686,-3.8499,7.29626574395935));
#6758=CARTESIAN_POINT('Origin',(1.4016046908626,-4.85,10.1043557088291));
#6759=CARTESIAN_POINT('',(6.83945141308264,-4.8499,7.5686461383849));
#6760=CARTESIAN_POINT('',(5.47998973252763,-4.8499,8.20257353099595));
#6761=CARTESIAN_POINT('',(6.83945141308264,-4.85,7.5686461383849));
#6762=CARTESIAN_POINT('',(5.13381096214821,-4.85,8.36399934271454));
#6763=CARTESIAN_POINT('Ctrl Pts',(5.0369174886244,-3.83579470482943,7.30580359248147));
#6764=CARTESIAN_POINT('Ctrl Pts',(5.50537540416541,-4.1588485298114,7.08735807894137));
#6765=CARTESIAN_POINT('Ctrl Pts',(5.97383331970642,-4.48190235479337,6.86891256540127));
#6766=CARTESIAN_POINT('Ctrl Pts',(6.44229123524743,-4.80495617977534,6.65046705186117));
#6767=CARTESIAN_POINT('Ctrl Pts',(4.91047040039988,-3.83579470482943,7.0346369367057));
#6768=CARTESIAN_POINT('Ctrl Pts',(5.37892831594089,-4.1588485298114,6.8161914231656));
#6769=CARTESIAN_POINT('Ctrl Pts',(5.8473862314819,-4.48190235479337,6.5977459096255));
#6770=CARTESIAN_POINT('Ctrl Pts',(6.31584414702291,-4.80495617977533,6.3793003960854));
#6771=CARTESIAN_POINT('Ctrl Pts',(4.57092226755263,-4.04863534456483,6.62123852765687));
#6772=CARTESIAN_POINT('Ctrl Pts',(5.03938018309364,-4.37168916954681,6.40279301411677));
#6773=CARTESIAN_POINT('Ctrl Pts',(5.50783809863466,-4.69474299452878,6.18434750057667));
#6774=CARTESIAN_POINT('Ctrl Pts',(5.97629601417567,-5.01779681951075,5.96590198703658));
#6775=CARTESIAN_POINT('Ctrl Pts',(4.24174559053167,-4.49350263439745,6.57322041914924));
#6776=CARTESIAN_POINT('Ctrl Pts',(4.71020350607268,-4.81655645937941,6.35477490560915));
#6777=CARTESIAN_POINT('Ctrl Pts',(5.1786614216137,-5.13961028436139,6.13632939206905));
#6778=CARTESIAN_POINT('Ctrl Pts',(5.64711933715471,-5.46266410934335,5.91788387852895));
#6779=CARTESIAN_POINT('Ctrl Pts',(4.13395706043764,-4.68379300883452,6.62348303619336));
#6780=CARTESIAN_POINT('Ctrl Pts',(4.60241497597866,-5.00684683381649,6.40503752265326));
#6781=CARTESIAN_POINT('Ctrl Pts',(5.07087289151967,-5.32990065879846,6.18659200911316));
#6782=CARTESIAN_POINT('Ctrl Pts',(5.53933080706069,-5.65295448378042,5.96814649557307));
#6783=CARTESIAN_POINT('',(6.28107411471157,-4.8499,6.3712021577727));
#6784=CARTESIAN_POINT('Ctrl Pts',(6.41683315134194,-4.78740000000008,6.66233835134826));
#6785=CARTESIAN_POINT('Ctrl Pts',(6.39924192426507,-4.78740000000008,6.62461384314165));
#6786=CARTESIAN_POINT('Ctrl Pts',(6.3817018939005,-4.79061042748367,6.58721812582552));
#6787=CARTESIAN_POINT('Ctrl Pts',(6.36435782414755,-4.79681192689629,6.55029912762753));
#6788=CARTESIAN_POINT('Ctrl Pts',(6.34616889439499,-4.80331551220145,6.51158174039814));
#6789=CARTESIAN_POINT('Ctrl Pts',(6.32819511018904,-4.81310873149701,6.47338794574419));
#6790=CARTESIAN_POINT('Ctrl Pts',(6.31057165556448,-4.82598688069907,6.43589162305285));
#6791=CARTESIAN_POINT('Ctrl Pts',(6.30045943083484,-4.83337627974751,6.41437647465162));
#6792=CARTESIAN_POINT('Ctrl Pts',(6.29046200154462,-4.84178223043046,6.39309107872379));
#6793=CARTESIAN_POINT('Ctrl Pts',(6.2806013037599,-4.85117254839875,6.37207015268712));
#6794=CARTESIAN_POINT('',(4.28857443866688,-4.79041888447578,6.55138376864122));
#6795=CARTESIAN_POINT('Ctrl Pts',(5.05737147078685,-3.8499,7.29626574395935));
#6796=CARTESIAN_POINT('Ctrl Pts',(5.00296975228552,-3.8499,7.17960088214562));
#6797=CARTESIAN_POINT('Ctrl Pts',(4.9338634516142,-3.86861769427723,7.07139426249893));
#6798=CARTESIAN_POINT('Ctrl Pts',(4.77391235362144,-3.94551753923583,6.87721519474327));
#6799=CARTESIAN_POINT('Ctrl Pts',(4.68652207937132,-4.00355840799315,6.79749215651509));
#6800=CARTESIAN_POINT('Ctrl Pts',(4.52975359262528,-4.14696121315755,6.67836378557253));
#6801=CARTESIAN_POINT('Ctrl Pts',(4.4587678527054,-4.23108607187461,6.63596553880872));
#6802=CARTESIAN_POINT('Ctrl Pts',(4.36663714544005,-4.39686100358395,6.58686017480931));
#6803=CARTESIAN_POINT('Ctrl Pts',(4.33804282803598,-4.46772743242615,6.57347549257057));
#6804=CARTESIAN_POINT('Ctrl Pts',(4.29796478011477,-4.62380443992025,6.5552563789783));
#6805=CARTESIAN_POINT('Ctrl Pts',(4.28857443866688,-4.70664367873437,6.55138376864122));
#6806=CARTESIAN_POINT('Ctrl Pts',(4.28857443866688,-4.79041888447578,6.55138376864122));
#6807=CARTESIAN_POINT('',(4.37482755575685,-4.8499,6.51116327960243));
#6808=CARTESIAN_POINT('Ctrl Pts',(4.28857443866688,-4.79041888447578,6.55138376864122));
#6809=CARTESIAN_POINT('Ctrl Pts',(4.31732547769687,-4.81024592298385,6.53797693896162));
#6810=CARTESIAN_POINT('Ctrl Pts',(4.34607651672686,-4.83007296149192,6.52457010928202));
#6811=CARTESIAN_POINT('Ctrl Pts',(4.37482755575685,-4.8499,6.51116327960243));
#6812=CARTESIAN_POINT('Ctrl Pts',(4.37482755575685,-4.8499,6.51116327960243));
#6813=CARTESIAN_POINT('Ctrl Pts',(4.60871982082766,-4.8499,6.40209752521669));
#6814=CARTESIAN_POINT('Ctrl Pts',(4.85958674139755,-4.8499,6.31607955955142));
#6815=CARTESIAN_POINT('Ctrl Pts',(5.36858585106046,-4.8499,6.2113274342524));
#6816=CARTESIAN_POINT('Ctrl Pts',(5.61182062173586,-4.8499,6.19716319388933));
#6817=CARTESIAN_POINT('Ctrl Pts',(5.99016150749027,-4.8499,6.2425438028064));
#6818=CARTESIAN_POINT('Ctrl Pts',(6.13400754750432,-4.84990000000546,6.28642099905848));
#6819=CARTESIAN_POINT('Ctrl Pts',(6.26027255337231,-4.84990000000546,6.35836329186043));
#6820=CARTESIAN_POINT('Ctrl Pts',(6.2707565117697,-4.8499,6.36465950181556));
#6821=CARTESIAN_POINT('Ctrl Pts',(6.28107411471157,-4.8499,6.3712021577727));
#6822=CARTESIAN_POINT('Origin',(6.83945141308264,-4.85,7.5686461383849));
#6823=CARTESIAN_POINT('',(5.99421488960124,-4.8499,5.7560305643116));
#6824=CARTESIAN_POINT('',(6.20552402047158,-4.8499,6.20918445782991));
#6825=CARTESIAN_POINT('',(5.99421488960124,-4.85,5.7560305643116));
#6826=CARTESIAN_POINT('',(6.62814228221229,-4.8499,7.11549224486656));
#6827=CARTESIAN_POINT('Origin',(3.69790979023193,-4.8499,7.93019313657034));
#6828=CARTESIAN_POINT('',(4.63475320904624,-4.8499,6.38995795692265));
#6829=CARTESIAN_POINT('Origin',(3.69790979023193,-4.8499,7.93019313657034));
#6830=CARTESIAN_POINT('Origin',(3.69790979023193,-4.8499,7.93019313657034));
#6831=CARTESIAN_POINT('',(2.76106637141761,-4.8499,9.47042831621804));
#6832=CARTESIAN_POINT('Origin',(3.69790979023193,-4.8499,7.93019313657034));
#6833=CARTESIAN_POINT('Origin',(2.4951510578228,-2.,9.11708109210796));
#6834=CARTESIAN_POINT('',(2.0629572882908,-2.53677070855863,9.01702319098093));
#6835=CARTESIAN_POINT('',(2.06295728829081,-1.5,9.01702319098092));
#6836=CARTESIAN_POINT('',(2.06295728829081,-2.,9.01702319098093));
#6837=CARTESIAN_POINT('',(2.9273448273548,-1.5,9.21713899323499));
#6838=CARTESIAN_POINT('',(0.713903798695016,-1.5,8.70470156537485));
#6839=CARTESIAN_POINT('',(2.9273448273548,-3.,9.21713899323499));
#6840=CARTESIAN_POINT('',(2.9273448273548,-2.,9.21713899323499));
#6841=CARTESIAN_POINT('Ctrl Pts',(2.9273448273548,-3.,9.21713899323499));
#6842=CARTESIAN_POINT('Ctrl Pts',(2.64912062188858,-2.91233675026032,9.1527268429353));
#6843=CARTESIAN_POINT('Ctrl Pts',(2.36353377631008,-2.74856414422903,9.08661015553136));
#6844=CARTESIAN_POINT('Ctrl Pts',(2.0629572882908,-2.53677070855863,9.01702319098093));
#6845=CARTESIAN_POINT('Origin',(3.69790979023185,-2.75,7.93019313657035));
#6846=CARTESIAN_POINT('',(2.19790979023185,-3.,7.93019313657035));
#6847=CARTESIAN_POINT('Origin',(3.69790979023185,-3.,7.93019313657035));
#6848=CARTESIAN_POINT('',(2.27429081864835,-3.,7.45763729463467));
#6849=CARTESIAN_POINT('Origin',(3.69790979023185,-3.,7.93019313657035));
#6850=CARTESIAN_POINT('',(1.71232294694776,-2.50947310006773,8.07034386661164));
#6851=CARTESIAN_POINT('Ctrl Pts',(2.27429081864835,-3.,7.45763729463467));
#6852=CARTESIAN_POINT('Ctrl Pts',(2.09566608550968,-2.89182519240575,7.65238961664999));
#6853=CARTESIAN_POINT('Ctrl Pts',(1.90930223431217,-2.72108482043571,7.85557980270477));
#6854=CARTESIAN_POINT('Ctrl Pts',(1.71232294694776,-2.50947310006773,8.07034386661164));
#6855=CARTESIAN_POINT('',(1.70296643665848,-2.5,8.07232341495401));
#6856=CARTESIAN_POINT('Ctrl Pts',(1.71232294694776,-2.50947310006773,8.07034386661164));
#6857=CARTESIAN_POINT('Ctrl Pts',(1.70920497049601,-2.5063162823699,8.071005422391));
#6858=CARTESIAN_POINT('Ctrl Pts',(1.70608602271527,-2.50315846806154,8.07166529583788));
#6859=CARTESIAN_POINT('Ctrl Pts',(1.70296643665848,-2.5,8.07232341495401));
#6860=CARTESIAN_POINT('',(2.0246337113661,-2.5,9.02570542034249));
#6861=CARTESIAN_POINT('Origin',(3.69790979023185,-2.5,7.93019313657035));
#6862=CARTESIAN_POINT('Ctrl Pts',(2.0246337113661,-2.5,9.02570542034249));
#6863=CARTESIAN_POINT('Ctrl Pts',(2.03741945582178,-2.51226804885517,9.02283733989401));
#6864=CARTESIAN_POINT('Ctrl Pts',(2.05019376937984,-2.52452486549346,9.01994328931093));
#6865=CARTESIAN_POINT('Ctrl Pts',(2.0629572882908,-2.53677070855863,9.01702319098092));
#6866=CARTESIAN_POINT('Origin',(1.99330688279806,-2.,7.76399058062315));
#6867=CARTESIAN_POINT('',(2.27429081864835,-1.5,7.45763729463467));
#6868=CARTESIAN_POINT('',(2.27429081864835,-2.,7.45763729463467));
#6869=CARTESIAN_POINT('',(1.71232294694776,-1.5,8.07034386661164));
#6870=CARTESIAN_POINT('',(2.55464623586718,-1.5,7.15196927468273));
#6871=CARTESIAN_POINT('',(1.71232294694776,-2.,8.07034386661164));
#6872=CARTESIAN_POINT('Origin',(0.,-2.,0.));
#6873=CARTESIAN_POINT('',(0.,-2.5,9.25));
#6874=CARTESIAN_POINT('Origin',(0.,-2.5,0.));
#6875=CARTESIAN_POINT('',(0.,-1.5,9.25));
#6876=CARTESIAN_POINT('',(7.70371977754894E-33,-2.,9.25));
#6877=CARTESIAN_POINT('Origin',(0.,-1.5,0.));
#6878=CARTESIAN_POINT('Origin',(3.33066907387547E-15,-2.5,3.68199953183529));
#6879=CARTESIAN_POINT('',(5.08911276988982,-2.5,6.49333744813438));
#6880=CARTESIAN_POINT('Origin',(-1.38777878078145E-16,-2.5,5.55111512312578E-16));
#6881=CARTESIAN_POINT('',(5.61268201866376,-2.5,7.35257101681911));
#6882=CARTESIAN_POINT('Origin',(3.69790979023185,-2.5,7.93019313657035));
#6883=CARTESIAN_POINT('',(7.08591109885117,-2.5,5.94578538959974));
#6884=CARTESIAN_POINT('Origin',(0.,-2.5,0.));
#6885=CARTESIAN_POINT('Origin',(9.,-2.5,7.5518966805939));
#6886=CARTESIAN_POINT('Origin',(0.,-2.5,0.));
#6887=CARTESIAN_POINT('Origin',(6.93889390390723E-17,-2.5,18.5));
#6888=CARTESIAN_POINT('Origin',(-1.38777878078145E-16,-2.,5.55111512312578E-16));
#6889=CARTESIAN_POINT('',(5.08158209899841,-1.5,6.49923252170123));
#6890=CARTESIAN_POINT('Origin',(-1.38777878078145E-16,-1.5,5.55111512312578E-16));
#6891=CARTESIAN_POINT('',(5.08158209899841,-2.50947310006774,6.49923252170123));
#6892=CARTESIAN_POINT('',(5.08158209899841,-2.,6.49923252170123));
#6893=CARTESIAN_POINT('Ctrl Pts',(5.08911276989302,-2.49999999999597,6.49333744813187));
#6894=CARTESIAN_POINT('Ctrl Pts',(5.08660338926887,-2.50315846914962,6.49530415956199));
#6895=CARTESIAN_POINT('Ctrl Pts',(5.08409307773652,-2.50631628113905,6.49726925225919));
#6896=CARTESIAN_POINT('Ctrl Pts',(5.08158209900158,-2.50947310006375,6.49923252169875));
#6897=CARTESIAN_POINT('Origin',(4.66628887415016,-2.,6.51755860794497));
#6898=CARTESIAN_POINT('',(4.25099564930192,-1.5,6.5358846941887));
#6899=CARTESIAN_POINT('',(2.40012118089489,-1.5,6.61756020225111));
#6900=CARTESIAN_POINT('',(4.25099564930192,-3.,6.5358846941887));
#6901=CARTESIAN_POINT('',(4.25099564930192,-2.,6.5358846941887));
#6902=CARTESIAN_POINT('Ctrl Pts',(4.25099564930192,-3.,6.5358846941887));
#6903=CARTESIAN_POINT('Ctrl Pts',(4.51500234861138,-2.89182519240575,6.5242345895133));
#6904=CARTESIAN_POINT('Ctrl Pts',(4.79044743597818,-2.72108482043572,6.51207973091106));
#6905=CARTESIAN_POINT('Ctrl Pts',(5.08158209899841,-2.50947310006774,6.49923252170123));
#6906=CARTESIAN_POINT('Origin',(5.38023712381108,-2.,7.77174336510102));
#6907=CARTESIAN_POINT('',(5.17907712292078,-3.,8.16713897969738));
#6908=CARTESIAN_POINT('',(5.17907712292078,-1.5,8.16713897969738));
#6909=CARTESIAN_POINT('',(5.17907712292078,-2.,8.16713897969738));
#6910=CARTESIAN_POINT('',(5.58139712470139,-1.5,7.37634775050465));
#6911=CARTESIAN_POINT('',(5.65354590689845,-1.5,7.2345337121624));
#6912=CARTESIAN_POINT('',(5.58139712470139,-2.53677070855862,7.37634775050465));
#6913=CARTESIAN_POINT('',(5.58139712470139,-2.,7.37634775050465));
#6914=CARTESIAN_POINT('Ctrl Pts',(5.58139712470139,-2.53677070855862,7.37634775050465));
#6915=CARTESIAN_POINT('Ctrl Pts',(5.55873643136508,-2.57107650894112,7.42088910429883));
#6916=CARTESIAN_POINT('Ctrl Pts',(5.53577615215684,-2.60482688580971,7.46601931740612));
#6917=CARTESIAN_POINT('Ctrl Pts',(5.38741413298988,-2.81495223570721,7.75763639580963));
#6918=CARTESIAN_POINT('Ctrl Pts',(5.27922112533034,-2.93220705930098,7.97029816042109));
#6919=CARTESIAN_POINT('Ctrl Pts',(5.17907712292078,-3.,8.16713897969738));
#6920=CARTESIAN_POINT('Origin',(3.69790979023185,-2.75,7.93019313657035));
#6921=CARTESIAN_POINT('Origin',(3.69790979023185,-3.,7.93019313657035));
#6922=CARTESIAN_POINT('Ctrl Pts',(5.58139712470139,-2.53677070855862,7.37634775050465));
#6923=CARTESIAN_POINT('Ctrl Pts',(5.59183883035245,-2.52452422190727,7.36844691558349));
#6924=CARTESIAN_POINT('Ctrl Pts',(5.60226610161721,-2.51226842793547,7.36052214441535));
#6925=CARTESIAN_POINT('Ctrl Pts',(5.61268201866376,-2.5,7.35257101681911));
#6926=CARTESIAN_POINT('Origin',(0.,-2.,0.));
#6927=CARTESIAN_POINT('',(7.08591109885117,-1.5,5.94578538959974));
#6928=CARTESIAN_POINT('Origin',(0.,-1.5,0.));
#6929=CARTESIAN_POINT('',(7.08591109885117,-2.,5.94578538959974));
#6930=CARTESIAN_POINT('Origin',(1.4016046908626,-4.85,10.1043557088291));
#6931=CARTESIAN_POINT('',(3.10724514179689,-4.85,9.3090025044995));
#6932=CARTESIAN_POINT('Origin',(5.99421488960124,-4.85,5.7560305643116));
#6933=CARTESIAN_POINT('',(4.28857443866688,-4.85,6.55138376864122));
#6934=CARTESIAN_POINT('Origin',(3.69790979023185,-4.85,7.93019313657035));
#6935=CARTESIAN_POINT('',(2.19790979023185,-4.85,7.93019313657035));
#6936=CARTESIAN_POINT('Origin',(3.69790979023185,-1.5,7.93019313657035));
#6937=CARTESIAN_POINT('Origin',(3.69790979023185,-1.5,7.93019313657035));
#6938=CARTESIAN_POINT('Origin',(3.33066907387547E-15,-1.5,3.68199953183529));
#6939=CARTESIAN_POINT('Origin',(6.93889390390723E-17,-1.5,18.5));
#6940=CARTESIAN_POINT('Origin',(9.,-1.5,7.5518966805939));
#6941=CARTESIAN_POINT('Origin',(6.93889390390723E-17,-2.,18.5));
#6942=CARTESIAN_POINT('Origin',(9.,-2.,7.5518966805939));
#6943=CARTESIAN_POINT('Origin',(0.,0.,0.));
#6944=CARTESIAN_POINT('Origin',(-2.9,-6.05,4.07573593128807));
#6945=CARTESIAN_POINT('',(-1.7,-6.05,-0.848528137423855));
#6946=CARTESIAN_POINT('Ctrl Pts',(-2.9,-4.85,-1.09544511501033));
#6947=CARTESIAN_POINT('Ctrl Pts',(-2.89793946034194,-4.85,-1.09506891365988));
#6948=CARTESIAN_POINT('Ctrl Pts',(-2.89587895797258,-4.85000530727959,-1.09469252532148));
#6949=CARTESIAN_POINT('Ctrl Pts',(-2.81098191025335,-4.85044263805199,-1.07917652238817));
#6950=CARTESIAN_POINT('Ctrl Pts',(-2.72844013901173,-4.85944546505445,-1.06377367662444));
#6951=CARTESIAN_POINT('Ctrl Pts',(-2.56662693547915,-4.89427178496573,-1.03290313678329));
#6952=CARTESIAN_POINT('Ctrl Pts',(-2.48772990446408,-4.92000500617983,-1.0175066292731));
#6953=CARTESIAN_POINT('Ctrl Pts',(-2.26927127174243,-5.01722847410516,-0.973920132991327));
#6954=CARTESIAN_POINT('Ctrl Pts',(-2.13987755631195,-5.10824946449496,-0.946838084178486));
#6955=CARTESIAN_POINT('Ctrl Pts',(-1.925914017844,-5.33267303803497,-0.900493407255649));
#6956=CARTESIAN_POINT('Ctrl Pts',(-1.84210964581587,-5.46296716923078,-0.881485206475092));
#6957=CARTESIAN_POINT('Ctrl Pts',(-1.72897839252584,-5.74711327285095,-0.855428858581445));
#6958=CARTESIAN_POINT('Ctrl Pts',(-1.7,-5.89769501184421,-0.848528137423854));
#6959=CARTESIAN_POINT('Ctrl Pts',(-1.7,-6.05,-0.848528137423854));
#6960=CARTESIAN_POINT('',(-1.7,-6.05,0.848528137423855));
#6961=CARTESIAN_POINT('',(-1.7,-6.05,4.07573593128807));
#6962=CARTESIAN_POINT('Ctrl Pts',(-1.7,-6.05,0.848528137423854));
#6963=CARTESIAN_POINT('Ctrl Pts',(-1.7,-5.89769501184421,0.848528137423854));
#6964=CARTESIAN_POINT('Ctrl Pts',(-1.72897839252584,-5.74711327285095,0.855428858581445));
#6965=CARTESIAN_POINT('Ctrl Pts',(-1.84210964581587,-5.46296716923077,0.881485206475093));
#6966=CARTESIAN_POINT('Ctrl Pts',(-1.925914017844,-5.33267303803497,0.900493407255649));
#6967=CARTESIAN_POINT('Ctrl Pts',(-2.13987755631195,-5.10824946449496,0.946838084178486));
#6968=CARTESIAN_POINT('Ctrl Pts',(-2.26927127174243,-5.01722847410516,0.973920132991325));
#6969=CARTESIAN_POINT('Ctrl Pts',(-2.48772990446408,-4.92000500617983,1.0175066292731));
#6970=CARTESIAN_POINT('Ctrl Pts',(-2.56662693547915,-4.89427178496573,1.03290313678329));
#6971=CARTESIAN_POINT('Ctrl Pts',(-2.72844013901184,-4.85944546505443,1.06377367662446));
#6972=CARTESIAN_POINT('Ctrl Pts',(-2.81098191025347,-4.85044263805199,1.07917652238822));
#6973=CARTESIAN_POINT('Ctrl Pts',(-2.89587895797257,-4.85000530727959,1.09469252532148));
#6974=CARTESIAN_POINT('Ctrl Pts',(-2.89793946034195,-4.85,1.09506891365988));
#6975=CARTESIAN_POINT('Ctrl Pts',(-2.9,-4.85,1.09544511501033));
#6976=CARTESIAN_POINT('Origin',(0.,-6.05,0.));
#6977=CARTESIAN_POINT('',(1.7,-6.05,-0.848528137423855));
#6978=CARTESIAN_POINT('Ctrl Pts',(2.9,-4.85,-1.09544511501033));
#6979=CARTESIAN_POINT('Ctrl Pts',(2.89793946034196,-4.85,-1.09506891365989));
#6980=CARTESIAN_POINT('Ctrl Pts',(2.89587895797255,-4.85000530727959,-1.09469252532148));
#6981=CARTESIAN_POINT('Ctrl Pts',(2.81098191025356,-4.85044263805199,-1.07917652238825));
#6982=CARTESIAN_POINT('Ctrl Pts',(2.72844013901192,-4.85944546505441,-1.06377367662447));
#6983=CARTESIAN_POINT('Ctrl Pts',(2.56662693547915,-4.89427178496573,-1.03290313678329));
#6984=CARTESIAN_POINT('Ctrl Pts',(2.48772990446408,-4.92000500617983,-1.0175066292731));
#6985=CARTESIAN_POINT('Ctrl Pts',(2.26927127174243,-5.01722847410516,-0.973920132991329));
#6986=CARTESIAN_POINT('Ctrl Pts',(2.13987755631195,-5.10824946449496,-0.946838084178492));
#6987=CARTESIAN_POINT('Ctrl Pts',(1.925914017844,-5.33267303803497,-0.900493407255653));
#6988=CARTESIAN_POINT('Ctrl Pts',(1.84210964581587,-5.46296716923078,-0.881485206475096));
#6989=CARTESIAN_POINT('Ctrl Pts',(1.72897839252584,-5.74711327285096,-0.855428858581448));
#6990=CARTESIAN_POINT('Ctrl Pts',(1.7,-5.89769501184421,-0.848528137423857));
#6991=CARTESIAN_POINT('Ctrl Pts',(1.7,-6.05,-0.848528137423857));
#6992=CARTESIAN_POINT('Origin',(0.,-6.05,0.));
#6993=CARTESIAN_POINT('Origin',(2.9,-6.05,4.92426406871193));
#6994=CARTESIAN_POINT('',(1.7,-6.05,0.848528137423857));
#6995=CARTESIAN_POINT('Ctrl Pts',(2.9,-4.85,1.09544511501033));
#6996=CARTESIAN_POINT('Ctrl Pts',(2.89793946034196,-4.85,1.09506891365988));
#6997=CARTESIAN_POINT('Ctrl Pts',(2.89587895797256,-4.85000530727959,1.09469252532148));
#6998=CARTESIAN_POINT('Ctrl Pts',(2.81098191025358,-4.85044263805199,1.07917652238827));
#6999=CARTESIAN_POINT('Ctrl Pts',(2.72844013901195,-4.85944546505441,1.06377367662448));
#7000=CARTESIAN_POINT('Ctrl Pts',(2.56662693547915,-4.89427178496573,1.03290313678329));
#7001=CARTESIAN_POINT('Ctrl Pts',(2.48772990446408,-4.92000500617983,1.0175066292731));
#7002=CARTESIAN_POINT('Ctrl Pts',(2.26927127174243,-5.01722847410516,0.973920132991329));
#7003=CARTESIAN_POINT('Ctrl Pts',(2.13987755631195,-5.10824946449496,0.94683808417849));
#7004=CARTESIAN_POINT('Ctrl Pts',(1.925914017844,-5.33267303803497,0.900493407255652));
#7005=CARTESIAN_POINT('Ctrl Pts',(1.84210964581587,-5.46296716923077,0.881485206475096));
#7006=CARTESIAN_POINT('Ctrl Pts',(1.72897839252584,-5.74711327285095,0.855428858581448));
#7007=CARTESIAN_POINT('Ctrl Pts',(1.7,-5.89769501184421,0.848528137423857));
#7008=CARTESIAN_POINT('Ctrl Pts',(1.7,-6.05,0.848528137423857));
#7009=CARTESIAN_POINT('',(1.7,-6.05,4.92426406871193));
#7010=CARTESIAN_POINT('Origin',(0.,-6.05,0.));
#7011=CARTESIAN_POINT('Origin',(0.,-6.05,0.));
#7012=CARTESIAN_POINT('Origin',(0.,0.,0.));
#7013=CARTESIAN_POINT('',(-1.7,-8.,0.848528137423855));
#7014=CARTESIAN_POINT('',(-1.7,0.,0.848528137423855));
#7015=CARTESIAN_POINT('',(1.7,-8.,0.848528137423857));
#7016=CARTESIAN_POINT('Origin',(0.,-8.,0.));
#7017=CARTESIAN_POINT('',(1.7,0.,0.848528137423857));
#7018=CARTESIAN_POINT('Origin',(-1.7,0.,-0.848528137423855));
#7019=CARTESIAN_POINT('',(-1.7,-8.,-0.848528137423855));
#7020=CARTESIAN_POINT('',(-1.7,0.,-0.848528137423855));
#7021=CARTESIAN_POINT('',(-1.7,-8.,0.848528137423855));
#7022=CARTESIAN_POINT('Origin',(-2.9,6.05,4.07573593128807));
#7023=CARTESIAN_POINT('',(-2.9,4.85,-1.09544511501033));
#7024=CARTESIAN_POINT('Ctrl Pts',(-1.7,6.05,-0.848528137423854));
#7025=CARTESIAN_POINT('Ctrl Pts',(-1.7,5.89769501184421,-0.848528137423854));
#7026=CARTESIAN_POINT('Ctrl Pts',(-1.72897839252584,5.74711327285095,-0.855428858581445));
#7027=CARTESIAN_POINT('Ctrl Pts',(-1.84210964581587,5.46296716923077,-0.881485206475093));
#7028=CARTESIAN_POINT('Ctrl Pts',(-1.925914017844,5.33267303803497,-0.900493407255649));
#7029=CARTESIAN_POINT('Ctrl Pts',(-2.13987755631195,5.10824946449496,-0.946838084178486));
#7030=CARTESIAN_POINT('Ctrl Pts',(-2.26927127174243,5.01722847410516,-0.973920132991325));
#7031=CARTESIAN_POINT('Ctrl Pts',(-2.48772990446408,4.92000500617983,-1.0175066292731));
#7032=CARTESIAN_POINT('Ctrl Pts',(-2.56662693547915,4.89427178496573,-1.03290313678329));
#7033=CARTESIAN_POINT('Ctrl Pts',(-2.72844013901185,4.85944546505443,-1.06377367662446));
#7034=CARTESIAN_POINT('Ctrl Pts',(-2.81098191025348,4.85044263805199,-1.07917652238822));
#7035=CARTESIAN_POINT('Ctrl Pts',(-2.89587895797257,4.85000530727959,-1.09469252532148));
#7036=CARTESIAN_POINT('Ctrl Pts',(-2.89793946034195,4.85,-1.09506891365988));
#7037=CARTESIAN_POINT('Ctrl Pts',(-2.9,4.85,-1.09544511501033));
#7038=CARTESIAN_POINT('',(-2.9,4.85,1.09544511501033));
#7039=CARTESIAN_POINT('',(-2.9,4.85,4.07573593128807));
#7040=CARTESIAN_POINT('Ctrl Pts',(-2.9,4.85,1.09544511501033));
#7041=CARTESIAN_POINT('Ctrl Pts',(-2.89793946034196,4.85,1.09506891365988));
#7042=CARTESIAN_POINT('Ctrl Pts',(-2.89587895797256,4.85000530727959,1.09469252532148));
#7043=CARTESIAN_POINT('Ctrl Pts',(-2.81098191025356,4.85044263805199,1.07917652238825));
#7044=CARTESIAN_POINT('Ctrl Pts',(-2.72844013901193,4.85944546505441,1.06377367662447));
#7045=CARTESIAN_POINT('Ctrl Pts',(-2.58598224265988,4.8901060302242,1.03659572038225));
#7046=CARTESIAN_POINT('Ctrl Pts',(-2.52560309405573,4.90816603533409,1.02487820839419));
#7047=CARTESIAN_POINT('Ctrl Pts',(-2.46693139362394,4.93087016741957,1.01329786215582));
#7048=CARTESIAN_POINT('Origin',(0.,6.05,0.));
#7049=CARTESIAN_POINT('Origin',(0.,4.85,0.));
#7050=CARTESIAN_POINT('Origin',(0.,6.05,0.));
#7051=CARTESIAN_POINT('Origin',(0.,6.05,0.));
#7052=CARTESIAN_POINT('Origin',(0.,4.85,0.));
#7053=CARTESIAN_POINT('Origin',(0.,0.,0.));
#7054=CARTESIAN_POINT('',(1.7,0.,-0.848528137423855));
#7055=CARTESIAN_POINT('Origin',(0.,4.85,9.));
#7056=CARTESIAN_POINT('Origin',(1.7,0.,0.848528137423857));
#7057=CARTESIAN_POINT('Origin',(0.,-8.,0.));
#7058=CARTESIAN_POINT('',(1.7,-8.,-0.848528137423855));
#7059=CARTESIAN_POINT('Origin',(0.,-8.,0.));
#7060=CARTESIAN_POINT('',(1.7,-8.,-0.848528137423855));
#7061=CARTESIAN_POINT('Origin',(0.,0.,0.));
#7062=CARTESIAN_POINT('',(1.7,0.,-0.848528137423855));
#7063=CARTESIAN_POINT('Origin',(1.7,0.,0.848528137423857));
#7064=CARTESIAN_POINT('Origin',(9.,2.,19.2000000000539));
#7065=CARTESIAN_POINT('',(7.,2.,19.2000000000539));
#7066=CARTESIAN_POINT('',(9.,2.,19.2000000000539));
#7067=CARTESIAN_POINT('',(7.,3.35,19.2000000000539));
#7068=CARTESIAN_POINT('',(7.,3.35,19.2000000000539));
#7069=CARTESIAN_POINT('',(9.,3.35,19.2000000000539));
#7070=CARTESIAN_POINT('Origin',(9.,1.99999999999999,6.40000000005388));
#7071=CARTESIAN_POINT('',(7.,2.,19.2000000000539));
#7072=CARTESIAN_POINT('Origin',(9.,3.35,6.40000000005387));
#7073=CARTESIAN_POINT('',(7.,3.35,6.40000000005387));
#7074=CARTESIAN_POINT('',(9.,3.35,6.40000000005387));
#7075=CARTESIAN_POINT('',(7.,3.35,6.40000000005387));
#7076=CARTESIAN_POINT('Origin',(9.,3.35,19.2000000000539));
#7077=CARTESIAN_POINT('',(7.,3.35,6.40000000005387));
#7078=CARTESIAN_POINT('Origin',(7.,2.675,12.8000000000539));
#7079=CARTESIAN_POINT('Origin',(9.,-1.99999999999999,6.40000000005387));
#7080=CARTESIAN_POINT('',(7.,-1.99999999999999,6.40000000005387));
#7081=CARTESIAN_POINT('',(9.,-1.99999999999999,6.40000000005387));
#7082=CARTESIAN_POINT('',(7.,-3.35,6.40000000005387));
#7083=CARTESIAN_POINT('',(7.,-3.35,6.40000000005387));
#7084=CARTESIAN_POINT('',(9.,-3.35,6.40000000005387));
#7085=CARTESIAN_POINT('Origin',(9.,-2.,19.2000000000539));
#7086=CARTESIAN_POINT('',(7.,-2.,19.2000000000539));
#7087=CARTESIAN_POINT('Origin',(9.,-3.35,19.2000000000539));
#7088=CARTESIAN_POINT('',(7.,-3.35,19.2000000000539));
#7089=CARTESIAN_POINT('',(9.,-3.35,19.2000000000539));
#7090=CARTESIAN_POINT('',(7.,-3.35,19.2000000000539));
#7091=CARTESIAN_POINT('Origin',(9.,-3.35,6.40000000005387));
#7092=CARTESIAN_POINT('',(7.,-3.35,6.40000000005387));
#7093=CARTESIAN_POINT('Origin',(7.,-2.675,12.8000000000539));
#7094=CARTESIAN_POINT('Origin',(2.1605332325961,7.5,20.4382623085101));
#7095=CARTESIAN_POINT('Origin',(0.999999999999999,-9.5,32.));
#7096=CARTESIAN_POINT('Origin',(0.999999999999999,9.5,32.));
#7097=CARTESIAN_POINT('',(-2.35446498926982,8.,31.0012184244667));
#7098=CARTESIAN_POINT('Origin',(0.999999999999999,8.49999999999998,32.));
#7099=CARTESIAN_POINT('',(4.46673432481167,8.,32.4814074376599));
#7100=CARTESIAN_POINT('Origin',(0.999999999999999,8.,32.));
#7101=CARTESIAN_POINT('Origin',(0.999999999999999,8.49999999999974,32.));
#7102=CARTESIAN_POINT('Origin',(-1.08261073157407,8.25,31.5633375223422));
#7103=CARTESIAN_POINT('',(-1.1973009042425,8.,30.8221586206637));
#7104=CARTESIAN_POINT('Origin',(0.999999999999999,-9.5,32.));
#7105=CARTESIAN_POINT('',(4.21185354667372,-8.3,33.3906821328331));
#7106=CARTESIAN_POINT('',(-2.49938432834703,-8.3,31.9343545707541));
#7107=CARTESIAN_POINT('Origin',(0.999999999999999,-8.3,32.));
#7108=CARTESIAN_POINT('',(4.46673432481167,-8.,32.4814074376599));
#7109=CARTESIAN_POINT('Origin',(0.999999999999999,-8.49999999999974,32.));
#7110=CARTESIAN_POINT('',(-2.35446498926982,-8.,31.0012184244667));
#7111=CARTESIAN_POINT('Origin',(0.999999999999999,-8.,32.));
#7112=CARTESIAN_POINT('Origin',(0.999999999999999,-8.49999999999998,32.));
#7113=CARTESIAN_POINT('Origin',(2.66105687791933,-8.25,32.1932359100654));
#7114=CARTESIAN_POINT('',(4.74097612587603,-8.3,33.7380226194757));
#7115=CARTESIAN_POINT('',(2.16085449939186,-8.3,32.0443116788251));
#7116=CARTESIAN_POINT('',(5.03547068075002,-8.,32.8547522360255));
#7117=CARTESIAN_POINT('Origin',(1.,-8.49999999999974,32.));
#7118=CARTESIAN_POINT('',(3.07263517217429,-8.,31.5662563986791));
#7119=CARTESIAN_POINT('Origin',(-3.07648395925351,9.5,32.6307959496798));
#7120=CARTESIAN_POINT('',(-3.07648395925351,-8.3,32.6307959496798));
#7121=CARTESIAN_POINT('',(-1.51663408954474,-8.3,32.3894244663731));
#7122=CARTESIAN_POINT('',(-3.07648395925351,0.,32.6307959496798));
#7123=CARTESIAN_POINT('Origin',(1.,8.,31.0693403091965));
#7124=CARTESIAN_POINT('',(3.07263517217429,8.,31.5662563986791));
#7125=CARTESIAN_POINT('Origin',(2.66105687791933,8.25,32.1932359100654));
#7126=CARTESIAN_POINT('Origin',(3.92590438645234,9.5,33.920698706513));
#7127=CARTESIAN_POINT('',(4.4483873126427,-8.3,34.2636806184152));
#7128=CARTESIAN_POINT('',(4.4483873126427,0.,34.2636806184152));
#7129=CARTESIAN_POINT('',(2.66980476538188,-8.3,33.0961369304648));
#7130=CARTESIAN_POINT('Origin',(-1.08261073157407,-8.25,31.5633375223422));
#7131=CARTESIAN_POINT('',(-3.12488242674476,-8.3,32.0311442726015));
#7132=CARTESIAN_POINT('',(-0.554104527505546,-8.3,31.6333415822008));
#7133=CARTESIAN_POINT('',(-3.02679220249407,-8.,31.1052544729832));
#7134=CARTESIAN_POINT('',(-1.1973009042425,-8.,30.8221586206637));
#7135=CARTESIAN_POINT('Origin',(1.,-8.49999999999998,32.));
#7136=CARTESIAN_POINT('Origin',(1.,-8.,31.0693403091965));
#7137=CARTESIAN_POINT('Origin',(1.,-8.,32.));
#7138=CARTESIAN_POINT('Origin',(1.,0.,32.));
#7139=CARTESIAN_POINT('Origin',(1.,-8.3,32.));
#7140=CARTESIAN_POINT('Origin',(1.,-8.3,32.));
#7141=CARTESIAN_POINT('Origin',(0.320115172317616,-8.3,33.9374999999889));
#7142=CARTESIAN_POINT('Origin',(0.320115172317616,9.5,33.9374999999889));
#7143=UNCERTAINTY_MEASURE_WITH_UNIT(LENGTH_MEASURE(0.01),#7147,
'DISTANCE_ACCURACY_VALUE',
'Maximum model space distance between geometric entities at asserted c
onnectivities');
#7144=UNCERTAINTY_MEASURE_WITH_UNIT(LENGTH_MEASURE(0.01),#7147,
'DISTANCE_ACCURACY_VALUE',
'Maximum model space distance between geometric entities at asserted c
onnectivities');
#7145=(
GEOMETRIC_REPRESENTATION_CONTEXT(3)
GLOBAL_UNCERTAINTY_ASSIGNED_CONTEXT((#7143))
GLOBAL_UNIT_ASSIGNED_CONTEXT((#7147,#7149,#7150))
REPRESENTATION_CONTEXT('','3D')
);
#7146=(
GEOMETRIC_REPRESENTATION_CONTEXT(3)
GLOBAL_UNCERTAINTY_ASSIGNED_CONTEXT((#7144))
GLOBAL_UNIT_ASSIGNED_CONTEXT((#7147,#7149,#7150))
REPRESENTATION_CONTEXT('','3D')
);
#7147=(
LENGTH_UNIT()
NAMED_UNIT(*)
SI_UNIT(.MILLI.,.METRE.)
);
#7148=(
LENGTH_UNIT()
NAMED_UNIT(*)
SI_UNIT($,.METRE.)
);
#7149=(
NAMED_UNIT(*)
PLANE_ANGLE_UNIT()
SI_UNIT($,.RADIAN.)
);
#7150=(
NAMED_UNIT(*)
SI_UNIT($,.STERADIAN.)
SOLID_ANGLE_UNIT()
);
#7151=SHAPE_DEFINITION_REPRESENTATION(#7152,#7153);
#7152=PRODUCT_DEFINITION_SHAPE('',$,#7155);
#7153=SHAPE_REPRESENTATION('',(#3580),#7145);
#7154=PRODUCT_DEFINITION_CONTEXT('part definition',#7159,'design');
#7155=PRODUCT_DEFINITION('2026-08-17-10-19-04-280','(Unsaved)',#7156,#7154);
#7156=PRODUCT_DEFINITION_FORMATION('',$,#7161);
#7157=PRODUCT_RELATED_PRODUCT_CATEGORY('(Unsaved)','(Unsaved)',(#7161));
#7158=APPLICATION_PROTOCOL_DEFINITION('international standard',
'automotive_design',2009,#7159);
#7159=APPLICATION_CONTEXT(
'Core Data for Automotive Mechanical Design Process');
#7160=PRODUCT_CONTEXT('part definition',#7159,'mechanical');
#7161=PRODUCT('2026-08-17-10-19-04-280','(Unsaved)',$,(#7160));
#7162=PRESENTATION_STYLE_ASSIGNMENT((#7163));
#7163=SURFACE_STYLE_USAGE(.BOTH.,#7164);
#7164=SURFACE_SIDE_STYLE('',(#7165));
#7165=SURFACE_STYLE_FILL_AREA(#7166);
#7166=FILL_AREA_STYLE('Steel - Satin',(#7167));
#7167=FILL_AREA_STYLE_COLOUR('Steel - Satin',#7168);
#7168=COLOUR_RGB('Steel - Satin',0.627450980392157,0.627450980392157,0.627450980392157);
ENDSEC;
END-ISO-10303-21;
